# Dongfeng sandbox; metres; X right, Y far, Z up
mtllib scene.mtl
usemtl white
v 2.129452 1.208500 0.098756
v 2.166785 1.208500 0.014756
v 2.167882 1.208500 0.015244
v 2.130548 1.208500 0.099244
v 2.157452 1.208500 0.119756
v 2.204118 1.208500 0.014756
v 2.205215 1.208500 0.015244
v 2.158548 1.208500 0.120244
v 2.194785 1.208500 0.119756
v 2.241452 1.208500 0.014756
v 2.242548 1.208500 0.015244
v 2.195882 1.208500 0.120244
v 2.232118 1.208500 0.119756
v 2.278785 1.208500 0.014756
v 2.279882 1.208500 0.015244
v 2.233215 1.208500 0.120244
v 2.269452 1.208500 0.119756
v 2.299452 1.208500 0.052256
v 2.300548 1.208500 0.052744
v 2.270548 1.208500 0.120244
v 2.279882 1.208500 0.014756
v 2.300548 1.208500 0.061256
v 2.299452 1.208500 0.061744
v 2.278785 1.208500 0.015244
v 2.242548 1.208500 0.014756
v 2.289215 1.208500 0.119756
v 2.288118 1.208500 0.120244
v 2.241452 1.208500 0.015244
v 2.205215 1.208500 0.014756
v 2.251882 1.208500 0.119756
v 2.250785 1.208500 0.120244
v 2.204118 1.208500 0.015244
v 2.167882 1.208500 0.014756
v 2.214548 1.208500 0.119756
v 2.213452 1.208500 0.120244
v 2.166785 1.208500 0.015244
v 2.130548 1.208500 0.014756
v 2.177215 1.208500 0.119756
v 2.176118 1.208500 0.120244
v 2.129452 1.208500 0.015244
v 2.130548 1.208500 0.098756
v 2.139882 1.208500 0.119756
v 2.138785 1.208500 0.120244
v 2.129452 1.208500 0.099244
v 2.301500 1.209452 0.098756
v 2.301500 1.246785 0.014756
v 2.301500 1.247882 0.015244
v 2.301500 1.210548 0.099244
v 2.301500 1.237452 0.119756
v 2.301500 1.284118 0.014756
v 2.301500 1.285215 0.015244
v 2.301500 1.238548 0.120244
v 2.301500 1.274785 0.119756
v 2.301500 1.321452 0.014756
v 2.301500 1.322548 0.015244
v 2.301500 1.275882 0.120244
v 2.301500 1.312118 0.119756
v 2.301500 1.358785 0.014756
v 2.301500 1.359882 0.015244
v 2.301500 1.313215 0.120244
v 2.301500 1.349452 0.119756
v 2.301500 1.396118 0.014756
v 2.301500 1.397215 0.015244
v 2.301500 1.350548 0.120244
v 2.301500 1.386785 0.119756
v 2.301500 1.433452 0.014756
v 2.301500 1.434548 0.015244
v 2.301500 1.387882 0.120244
v 2.301500 1.424118 0.119756
v 2.301500 1.470785 0.014756
v 2.301500 1.471882 0.015244
v 2.301500 1.425215 0.120244
v 2.301500 1.461452 0.119756
v 2.301500 1.508118 0.014756
v 2.301500 1.509215 0.015244
v 2.301500 1.462548 0.120244
v 2.301500 1.498785 0.119756
v 2.301500 1.545452 0.014756
v 2.301500 1.546548 0.015244
v 2.301500 1.499882 0.120244
v 2.301500 1.536118 0.119756
v 2.301500 1.582785 0.014756
v 2.301500 1.583882 0.015244
v 2.301500 1.537215 0.120244
v 2.301500 1.573452 0.119756
v 2.301500 1.620118 0.014756
v 2.301500 1.621215 0.015244
v 2.301500 1.574548 0.120244
v 2.301500 1.610785 0.119756
v 2.301500 1.657452 0.014756
v 2.301500 1.658548 0.015244
v 2.301500 1.611882 0.120244
v 2.301500 1.648118 0.119756
v 2.301500 1.694785 0.014756
v 2.301500 1.695882 0.015244
v 2.301500 1.649215 0.120244
v 2.301500 1.685452 0.119756
v 2.301500 1.724452 0.032006
v 2.301500 1.725548 0.032494
v 2.301500 1.686548 0.120244
v 2.301500 1.722785 0.119756
v 2.301500 1.724452 0.116006
v 2.301500 1.725548 0.116494
v 2.301500 1.723882 0.120244
v 2.301500 1.695882 0.014756
v 2.301500 1.725548 0.081506
v 2.301500 1.724452 0.081994
v 2.301500 1.694785 0.015244
v 2.301500 1.658548 0.014756
v 2.301500 1.705215 0.119756
v 2.301500 1.704118 0.120244
v 2.301500 1.657452 0.015244
v 2.301500 1.621215 0.014756
v 2.301500 1.667882 0.119756
v 2.301500 1.666785 0.120244
v 2.301500 1.620118 0.015244
v 2.301500 1.583882 0.014756
v 2.301500 1.630548 0.119756
v 2.301500 1.629452 0.120244
v 2.301500 1.582785 0.015244
v 2.301500 1.546548 0.014756
v 2.301500 1.593215 0.119756
v 2.301500 1.592118 0.120244
v 2.301500 1.545452 0.015244
v 2.301500 1.509215 0.014756
v 2.301500 1.555882 0.119756
v 2.301500 1.554785 0.120244
v 2.301500 1.508118 0.015244
v 2.301500 1.471882 0.014756
v 2.301500 1.518548 0.119756
v 2.301500 1.517452 0.120244
v 2.301500 1.470785 0.015244
v 2.301500 1.434548 0.014756
v 2.301500 1.481215 0.119756
v 2.301500 1.480118 0.120244
v 2.301500 1.433452 0.015244
v 2.301500 1.397215 0.014756
v 2.301500 1.443882 0.119756
v 2.301500 1.442785 0.120244
v 2.301500 1.396118 0.015244
v 2.301500 1.359882 0.014756
v 2.301500 1.406548 0.119756
v 2.301500 1.405452 0.120244
v 2.301500 1.358785 0.015244
v 2.301500 1.322548 0.014756
v 2.301500 1.369215 0.119756
v 2.301500 1.368118 0.120244
v 2.301500 1.321452 0.015244
v 2.301500 1.285215 0.014756
v 2.301500 1.331882 0.119756
v 2.301500 1.330785 0.120244
v 2.301500 1.284118 0.015244
v 2.301500 1.247882 0.014756
v 2.301500 1.294548 0.119756
v 2.301500 1.293452 0.120244
v 2.301500 1.246785 0.015244
v 2.301500 1.210548 0.014756
v 2.301500 1.257215 0.119756
v 2.301500 1.256118 0.120244
v 2.301500 1.209452 0.015244
v 2.301500 1.210548 0.098756
v 2.301500 1.219882 0.119756
v 2.301500 1.218785 0.120244
v 2.301500 1.209452 0.099244
v 2.300548 1.726500 0.098756
v 2.263215 1.726500 0.014756
v 2.262118 1.726500 0.015244
v 2.299452 1.726500 0.099244
v 2.272548 1.726500 0.119756
v 2.225882 1.726500 0.014756
v 2.224785 1.726500 0.015244
v 2.271452 1.726500 0.120244
v 2.235215 1.726500 0.119756
v 2.188548 1.726500 0.014756
v 2.187452 1.726500 0.015244
v 2.234118 1.726500 0.120244
v 2.197882 1.726500 0.119756
v 2.151215 1.726500 0.014756
v 2.150118 1.726500 0.015244
v 2.196785 1.726500 0.120244
v 2.160548 1.726500 0.119756
v 2.130548 1.726500 0.052256
v 2.129452 1.726500 0.052744
v 2.159452 1.726500 0.120244
v 2.150118 1.726500 0.014756
v 2.129452 1.726500 0.061256
v 2.130548 1.726500 0.061744
v 2.151215 1.726500 0.015244
v 2.187452 1.726500 0.014756
v 2.140785 1.726500 0.119756
v 2.141882 1.726500 0.120244
v 2.188548 1.726500 0.015244
v 2.224785 1.726500 0.014756
v 2.178118 1.726500 0.119756
v 2.179215 1.726500 0.120244
v 2.225882 1.726500 0.015244
v 2.262118 1.726500 0.014756
v 2.215452 1.726500 0.119756
v 2.216548 1.726500 0.120244
v 2.263215 1.726500 0.015244
v 2.299452 1.726500 0.014756
v 2.252785 1.726500 0.119756
v 2.253882 1.726500 0.120244
v 2.300548 1.726500 0.015244
v 2.299452 1.726500 0.098756
v 2.290118 1.726500 0.119756
v 2.291215 1.726500 0.120244
v 2.300548 1.726500 0.099244
v 2.128500 1.725548 0.098756
v 2.128500 1.688215 0.014756
v 2.128500 1.687118 0.015244
v 2.128500 1.724452 0.099244
v 2.128500 1.697548 0.119756
v 2.128500 1.650882 0.014756
v 2.128500 1.649785 0.015244
v 2.128500 1.696452 0.120244
v 2.128500 1.660215 0.119756
v 2.128500 1.613548 0.014756
v 2.128500 1.612452 0.015244
v 2.128500 1.659118 0.120244
v 2.128500 1.622882 0.119756
v 2.128500 1.576215 0.014756
v 2.128500 1.575118 0.015244
v 2.128500 1.621785 0.120244
v 2.128500 1.585548 0.119756
v 2.128500 1.538882 0.014756
v 2.128500 1.537785 0.015244
v 2.128500 1.584452 0.120244
v 2.128500 1.548215 0.119756
v 2.128500 1.501548 0.014756
v 2.128500 1.500452 0.015244
v 2.128500 1.547118 0.120244
v 2.128500 1.510882 0.119756
v 2.128500 1.464215 0.014756
v 2.128500 1.463118 0.015244
v 2.128500 1.509785 0.120244
v 2.128500 1.473548 0.119756
v 2.128500 1.426882 0.014756
v 2.128500 1.425785 0.015244
v 2.128500 1.472452 0.120244
v 2.128500 1.436215 0.119756
v 2.128500 1.389548 0.014756
v 2.128500 1.388452 0.015244
v 2.128500 1.435118 0.120244
v 2.128500 1.398882 0.119756
v 2.128500 1.352215 0.014756
v 2.128500 1.351118 0.015244
v 2.128500 1.397785 0.120244
v 2.128500 1.361548 0.119756
v 2.128500 1.314882 0.014756
v 2.128500 1.313785 0.015244
v 2.128500 1.360452 0.120244
v 2.128500 1.324215 0.119756
v 2.128500 1.277548 0.014756
v 2.128500 1.276452 0.015244
v 2.128500 1.323118 0.120244
v 2.128500 1.286882 0.119756
v 2.128500 1.240215 0.014756
v 2.128500 1.239118 0.015244
v 2.128500 1.285785 0.120244
v 2.128500 1.249548 0.119756
v 2.128500 1.210548 0.032006
v 2.128500 1.209452 0.032494
v 2.128500 1.248452 0.120244
v 2.128500 1.212215 0.119756
v 2.128500 1.210548 0.116006
v 2.128500 1.209452 0.116494
v 2.128500 1.211118 0.120244
v 2.128500 1.239118 0.014756
v 2.128500 1.209452 0.081506
v 2.128500 1.210548 0.081994
v 2.128500 1.240215 0.015244
v 2.128500 1.276452 0.014756
v 2.128500 1.229785 0.119756
v 2.128500 1.230882 0.120244
v 2.128500 1.277548 0.015244
v 2.128500 1.313785 0.014756
v 2.128500 1.267118 0.119756
v 2.128500 1.268215 0.120244
v 2.128500 1.314882 0.015244
v 2.128500 1.351118 0.014756
v 2.128500 1.304452 0.119756
v 2.128500 1.305548 0.120244
v 2.128500 1.352215 0.015244
v 2.128500 1.388452 0.014756
v 2.128500 1.341785 0.119756
v 2.128500 1.342882 0.120244
v 2.128500 1.389548 0.015244
v 2.128500 1.425785 0.014756
v 2.128500 1.379118 0.119756
v 2.128500 1.380215 0.120244
v 2.128500 1.426882 0.015244
v 2.128500 1.463118 0.014756
v 2.128500 1.416452 0.119756
v 2.128500 1.417548 0.120244
v 2.128500 1.464215 0.015244
v 2.128500 1.500452 0.014756
v 2.128500 1.453785 0.119756
v 2.128500 1.454882 0.120244
v 2.128500 1.501548 0.015244
v 2.128500 1.537785 0.014756
v 2.128500 1.491118 0.119756
v 2.128500 1.492215 0.120244
v 2.128500 1.538882 0.015244
v 2.128500 1.575118 0.014756
v 2.128500 1.528452 0.119756
v 2.128500 1.529548 0.120244
v 2.128500 1.576215 0.015244
v 2.128500 1.612452 0.014756
v 2.128500 1.565785 0.119756
v 2.128500 1.566882 0.120244
v 2.128500 1.613548 0.015244
v 2.128500 1.649785 0.014756
v 2.128500 1.603118 0.119756
v 2.128500 1.604215 0.120244
v 2.128500 1.650882 0.015244
v 2.128500 1.687118 0.014756
v 2.128500 1.640452 0.119756
v 2.128500 1.641548 0.120244
v 2.128500 1.688215 0.015244
v 2.128500 1.724452 0.014756
v 2.128500 1.677785 0.119756
v 2.128500 1.678882 0.120244
v 2.128500 1.725548 0.015244
v 2.128500 1.724452 0.098756
v 2.128500 1.715118 0.119756
v 2.128500 1.716215 0.120244
v 2.128500 1.725548 0.099244
v 2.129452 1.463500 0.203756
v 2.166785 1.463500 0.119756
v 2.167882 1.463500 0.120244
v 2.130548 1.463500 0.204244
v 2.129452 1.463500 0.287756
v 2.204118 1.463500 0.119756
v 2.205215 1.463500 0.120244
v 2.130548 1.463500 0.288244
v 2.129452 1.463500 0.371756
v 2.241452 1.463500 0.119756
v 2.242548 1.463500 0.120244
v 2.130548 1.463500 0.372244
v 2.129452 1.463500 0.455756
v 2.278785 1.463500 0.119756
v 2.279882 1.463500 0.120244
v 2.130548 1.463500 0.456244
v 2.129452 1.463500 0.539756
v 2.299452 1.463500 0.157256
v 2.300548 1.463500 0.157744
v 2.130548 1.463500 0.540244
v 2.162341 1.463500 0.549756
v 2.299452 1.463500 0.241256
v 2.300548 1.463500 0.241744
v 2.163437 1.463500 0.550244
v 2.199674 1.463500 0.549756
v 2.299452 1.463500 0.325256
v 2.300548 1.463500 0.325744
v 2.200771 1.463500 0.550244
v 2.237007 1.463500 0.549756
v 2.299452 1.463500 0.409256
v 2.300548 1.463500 0.409744
v 2.238104 1.463500 0.550244
v 2.274341 1.463500 0.549756
v 2.299452 1.463500 0.493256
v 2.300548 1.463500 0.493744
v 2.275437 1.463500 0.550244
v 2.279882 1.463500 0.119756
v 2.300548 1.463500 0.166256
v 2.299452 1.463500 0.166744
v 2.278785 1.463500 0.120244
v 2.242548 1.463500 0.119756
v 2.300548 1.463500 0.250256
v 2.299452 1.463500 0.250744
v 2.241452 1.463500 0.120244
v 2.205215 1.463500 0.119756
v 2.300548 1.463500 0.334256
v 2.299452 1.463500 0.334744
v 2.204118 1.463500 0.120244
v 2.167882 1.463500 0.119756
v 2.300548 1.463500 0.418256
v 2.299452 1.463500 0.418744
v 2.166785 1.463500 0.120244
v 2.130548 1.463500 0.119756
v 2.300548 1.463500 0.502256
v 2.299452 1.463500 0.502744
v 2.129452 1.463500 0.120244
v 2.130548 1.463500 0.203756
v 2.284326 1.463500 0.549756
v 2.283230 1.463500 0.550244
v 2.129452 1.463500 0.204244
v 2.130548 1.463500 0.287756
v 2.246993 1.463500 0.549756
v 2.245896 1.463500 0.550244
v 2.129452 1.463500 0.288244
v 2.130548 1.463500 0.371756
v 2.209659 1.463500 0.549756
v 2.208563 1.463500 0.550244
v 2.129452 1.463500 0.372244
v 2.130548 1.463500 0.455756
v 2.172326 1.463500 0.549756
v 2.171230 1.463500 0.550244
v 2.129452 1.463500 0.456244
v 2.130548 1.463500 0.539756
v 2.134993 1.463500 0.549756
v 2.133896 1.463500 0.550244
v 2.129452 1.463500 0.540244
v 2.301500 1.464452 0.203756
v 2.301500 1.501785 0.119756
v 2.301500 1.502882 0.120244
v 2.301500 1.465548 0.204244
v 2.301500 1.464452 0.287756
v 2.301500 1.539118 0.119756
v 2.301500 1.540215 0.120244
v 2.301500 1.465548 0.288244
v 2.301500 1.464452 0.371756
v 2.301500 1.576452 0.119756
v 2.301500 1.577548 0.120244
v 2.301500 1.465548 0.372244
v 2.301500 1.464452 0.455756
v 2.301500 1.613785 0.119756
v 2.301500 1.614882 0.120244
v 2.301500 1.465548 0.456244
v 2.301500 1.464452 0.539756
v 2.301500 1.651118 0.119756
v 2.301500 1.652215 0.120244
v 2.301500 1.465548 0.540244
v 2.301500 1.497341 0.549756
v 2.301500 1.688452 0.119756
v 2.301500 1.689548 0.120244
v 2.301500 1.498437 0.550244
v 2.301500 1.534674 0.549756
v 2.301500 1.724452 0.122756
v 2.301500 1.725548 0.123244
v 2.301500 1.535771 0.550244
v 2.301500 1.572007 0.549756
v 2.301500 1.724452 0.206756
v 2.301500 1.725548 0.207244
v 2.301500 1.573104 0.550244
v 2.301500 1.609341 0.549756
v 2.301500 1.724452 0.290756
v 2.301500 1.725548 0.291244
v 2.301500 1.610437 0.550244
v 2.301500 1.646674 0.549756
v 2.301500 1.724452 0.374756
v 2.301500 1.725548 0.375244
v 2.301500 1.647771 0.550244
v 2.301500 1.684007 0.549756
v 2.301500 1.724452 0.458756
v 2.301500 1.725548 0.459244
v 2.301500 1.685104 0.550244
v 2.301500 1.721341 0.549756
v 2.301500 1.724452 0.542756
v 2.301500 1.725548 0.543244
v 2.301500 1.722437 0.550244
v 2.301500 1.689548 0.119756
v 2.301500 1.725548 0.200756
v 2.301500 1.724452 0.201244
v 2.301500 1.688452 0.120244
v 2.301500 1.652215 0.119756
v 2.301500 1.725548 0.284756
v 2.301500 1.724452 0.285244
v 2.301500 1.651118 0.120244
v 2.301500 1.614882 0.119756
v 2.301500 1.725548 0.368756
v 2.301500 1.724452 0.369244
v 2.301500 1.613785 0.120244
v 2.301500 1.577548 0.119756
v 2.301500 1.725548 0.452756
v 2.301500 1.724452 0.453244
v 2.301500 1.576452 0.120244
v 2.301500 1.540215 0.119756
v 2.301500 1.725548 0.536756
v 2.301500 1.724452 0.537244
v 2.301500 1.539118 0.120244
v 2.301500 1.502882 0.119756
v 2.301500 1.693993 0.549756
v 2.301500 1.692896 0.550244
v 2.301500 1.501785 0.120244
v 2.301500 1.465548 0.119756
v 2.301500 1.656659 0.549756
v 2.301500 1.655563 0.550244
v 2.301500 1.464452 0.120244
v 2.301500 1.465548 0.203756
v 2.301500 1.619326 0.549756
v 2.301500 1.618230 0.550244
v 2.301500 1.464452 0.204244
v 2.301500 1.465548 0.287756
v 2.301500 1.581993 0.549756
v 2.301500 1.580896 0.550244
v 2.301500 1.464452 0.288244
v 2.301500 1.465548 0.371756
v 2.301500 1.544659 0.549756
v 2.301500 1.543563 0.550244
v 2.301500 1.464452 0.372244
v 2.301500 1.465548 0.455756
v 2.301500 1.507326 0.549756
v 2.301500 1.506230 0.550244
v 2.301500 1.464452 0.456244
v 2.301500 1.465548 0.539756
v 2.301500 1.469993 0.549756
v 2.301500 1.468896 0.550244
v 2.301500 1.464452 0.540244
v 2.300548 1.726500 0.203756
v 2.263215 1.726500 0.119756
v 2.262118 1.726500 0.120244
v 2.299452 1.726500 0.204244
v 2.300548 1.726500 0.287756
v 2.225882 1.726500 0.119756
v 2.224785 1.726500 0.120244
v 2.299452 1.726500 0.288244
v 2.300548 1.726500 0.371756
v 2.188548 1.726500 0.119756
v 2.187452 1.726500 0.120244
v 2.299452 1.726500 0.372244
v 2.300548 1.726500 0.455756
v 2.151215 1.726500 0.119756
v 2.150118 1.726500 0.120244
v 2.299452 1.726500 0.456244
v 2.300548 1.726500 0.539756
v 2.130548 1.726500 0.157256
v 2.129452 1.726500 0.157744
v 2.299452 1.726500 0.540244
v 2.267659 1.726500 0.549756
v 2.130548 1.726500 0.241256
v 2.129452 1.726500 0.241744
v 2.266563 1.726500 0.550244
v 2.230326 1.726500 0.549756
v 2.130548 1.726500 0.325256
v 2.129452 1.726500 0.325744
v 2.229229 1.726500 0.550244
v 2.192993 1.726500 0.549756
v 2.130548 1.726500 0.409256
v 2.129452 1.726500 0.409744
v 2.191896 1.726500 0.550244
v 2.155659 1.726500 0.549756
v 2.130548 1.726500 0.493256
v 2.129452 1.726500 0.493744
v 2.154563 1.726500 0.550244
v 2.150118 1.726500 0.119756
v 2.129452 1.726500 0.166256
v 2.130548 1.726500 0.166744
v 2.151215 1.726500 0.120244
v 2.187452 1.726500 0.119756
v 2.129452 1.726500 0.250256
v 2.130548 1.726500 0.250744
v 2.188548 1.726500 0.120244
v 2.224785 1.726500 0.119756
v 2.129452 1.726500 0.334256
v 2.130548 1.726500 0.334744
v 2.225882 1.726500 0.120244
v 2.262118 1.726500 0.119756
v 2.129452 1.726500 0.418256
v 2.130548 1.726500 0.418744
v 2.263215 1.726500 0.120244
v 2.299452 1.726500 0.119756
v 2.129452 1.726500 0.502256
v 2.130548 1.726500 0.502744
v 2.300548 1.726500 0.120244
v 2.299452 1.726500 0.203756
v 2.145674 1.726500 0.549756
v 2.146770 1.726500 0.550244
v 2.300548 1.726500 0.204244
v 2.299452 1.726500 0.287756
v 2.183007 1.726500 0.549756
v 2.184104 1.726500 0.550244
v 2.300548 1.726500 0.288244
v 2.299452 1.726500 0.371756
v 2.220340 1.726500 0.549756
v 2.221437 1.726500 0.550244
v 2.300548 1.726500 0.372244
v 2.299452 1.726500 0.455756
v 2.257674 1.726500 0.549756
v 2.258770 1.726500 0.550244
v 2.300548 1.726500 0.456244
v 2.299452 1.726500 0.539756
v 2.295007 1.726500 0.549756
v 2.296104 1.726500 0.550244
v 2.300548 1.726500 0.540244
v 2.128500 1.725548 0.203756
v 2.128500 1.688215 0.119756
v 2.128500 1.687118 0.120244
v 2.128500 1.724452 0.204244
v 2.128500 1.725548 0.287756
v 2.128500 1.650882 0.119756
v 2.128500 1.649785 0.120244
v 2.128500 1.724452 0.288244
v 2.128500 1.725548 0.371756
v 2.128500 1.613548 0.119756
v 2.128500 1.612452 0.120244
v 2.128500 1.724452 0.372244
v 2.128500 1.725548 0.455756
v 2.128500 1.576215 0.119756
v 2.128500 1.575118 0.120244
v 2.128500 1.724452 0.456244
v 2.128500 1.725548 0.539756
v 2.128500 1.538882 0.119756
v 2.128500 1.537785 0.120244
v 2.128500 1.724452 0.540244
v 2.128500 1.692659 0.549756
v 2.128500 1.501548 0.119756
v 2.128500 1.500452 0.120244
v 2.128500 1.691563 0.550244
v 2.128500 1.655326 0.549756
v 2.128500 1.465548 0.122756
v 2.128500 1.464452 0.123244
v 2.128500 1.654230 0.550244
v 2.128500 1.617993 0.549756
v 2.128500 1.465548 0.206756
v 2.128500 1.464452 0.207244
v 2.128500 1.616896 0.550244
v 2.128500 1.580659 0.549756
v 2.128500 1.465548 0.290756
v 2.128500 1.464452 0.291244
v 2.128500 1.579563 0.550244
v 2.128500 1.543326 0.549756
v 2.128500 1.465548 0.374756
v 2.128500 1.464452 0.375244
v 2.128500 1.542230 0.550244
v 2.128500 1.505993 0.549756
v 2.128500 1.465548 0.458756
v 2.128500 1.464452 0.459244
v 2.128500 1.504896 0.550244
v 2.128500 1.468659 0.549756
v 2.128500 1.465548 0.542756
v 2.128500 1.464452 0.543244
v 2.128500 1.467563 0.550244
v 2.128500 1.500452 0.119756
v 2.128500 1.464452 0.200756
v 2.128500 1.465548 0.201244
v 2.128500 1.501548 0.120244
v 2.128500 1.537785 0.119756
v 2.128500 1.464452 0.284756
v 2.128500 1.465548 0.285244
v 2.128500 1.538882 0.120244
v 2.128500 1.575118 0.119756
v 2.128500 1.464452 0.368756
v 2.128500 1.465548 0.369244
v 2.128500 1.576215 0.120244
v 2.128500 1.612452 0.119756
v 2.128500 1.464452 0.452756
v 2.128500 1.465548 0.453244
v 2.128500 1.613548 0.120244
v 2.128500 1.649785 0.119756
v 2.128500 1.464452 0.536756
v 2.128500 1.465548 0.537244
v 2.128500 1.650882 0.120244
v 2.128500 1.687118 0.119756
v 2.128500 1.496007 0.549756
v 2.128500 1.497104 0.550244
v 2.128500 1.688215 0.120244
v 2.128500 1.724452 0.119756
v 2.128500 1.533341 0.549756
v 2.128500 1.534437 0.550244
v 2.128500 1.725548 0.120244
v 2.128500 1.724452 0.203756
v 2.128500 1.570674 0.549756
v 2.128500 1.571771 0.550244
v 2.128500 1.725548 0.204244
v 2.128500 1.724452 0.287756
v 2.128500 1.608007 0.549756
v 2.128500 1.609104 0.550244
v 2.128500 1.725548 0.288244
v 2.128500 1.724452 0.371756
v 2.128500 1.645341 0.549756
v 2.128500 1.646437 0.550244
v 2.128500 1.725548 0.372244
v 2.128500 1.724452 0.455756
v 2.128500 1.682674 0.549756
v 2.128500 1.683771 0.550244
v 2.128500 1.725548 0.456244
v 2.128500 1.724452 0.539756
v 2.128500 1.720007 0.549756
v 2.128500 1.721104 0.550244
v 2.128500 1.725548 0.540244
v 2.659452 1.328500 0.193756
v 2.696785 1.328500 0.109756
v 2.697882 1.328500 0.110244
v 2.660548 1.328500 0.194244
v 2.659452 1.328500 0.277756
v 2.734118 1.328500 0.109756
v 2.735215 1.328500 0.110244
v 2.660548 1.328500 0.278244
v 2.659452 1.328500 0.361756
v 2.771452 1.328500 0.109756
v 2.772548 1.328500 0.110244
v 2.660548 1.328500 0.362244
v 2.659452 1.328500 0.445756
v 2.808785 1.328500 0.109756
v 2.809882 1.328500 0.110244
v 2.660548 1.328500 0.446244
v 2.692785 1.328500 0.454756
v 2.846118 1.328500 0.109756
v 2.847215 1.328500 0.110244
v 2.693882 1.328500 0.455244
v 2.730118 1.328500 0.454756
v 2.879452 1.328500 0.118756
v 2.880548 1.328500 0.119244
v 2.731215 1.328500 0.455244
v 2.767452 1.328500 0.454756
v 2.879452 1.328500 0.202756
v 2.880548 1.328500 0.203244
v 2.768548 1.328500 0.455244
v 2.804785 1.328500 0.454756
v 2.879452 1.328500 0.286756
v 2.880548 1.328500 0.287244
v 2.805882 1.328500 0.455244
v 2.842118 1.328500 0.454756
v 2.879452 1.328500 0.370756
v 2.880548 1.328500 0.371244
v 2.843215 1.328500 0.455244
v 2.847215 1.328500 0.109756
v 2.880548 1.328500 0.184756
v 2.879452 1.328500 0.185244
v 2.846118 1.328500 0.110244
v 2.809882 1.328500 0.109756
v 2.880548 1.328500 0.268756
v 2.879452 1.328500 0.269244
v 2.808785 1.328500 0.110244
v 2.772548 1.328500 0.109756
v 2.880548 1.328500 0.352756
v 2.879452 1.328500 0.353244
v 2.771452 1.328500 0.110244
v 2.735215 1.328500 0.109756
v 2.880548 1.328500 0.436756
v 2.879452 1.328500 0.437244
v 2.734118 1.328500 0.110244
v 2.697882 1.328500 0.109756
v 2.851215 1.328500 0.454756
v 2.850118 1.328500 0.455244
v 2.696785 1.328500 0.110244
v 2.660548 1.328500 0.109756
v 2.813882 1.328500 0.454756
v 2.812785 1.328500 0.455244
v 2.659452 1.328500 0.110244
v 2.660548 1.328500 0.193756
v 2.776548 1.328500 0.454756
v 2.775452 1.328500 0.455244
v 2.659452 1.328500 0.194244
v 2.660548 1.328500 0.277756
v 2.739215 1.328500 0.454756
v 2.738118 1.328500 0.455244
v 2.659452 1.328500 0.278244
v 2.660548 1.328500 0.361756
v 2.701882 1.328500 0.454756
v 2.700785 1.328500 0.455244
v 2.659452 1.328500 0.362244
v 2.660548 1.328500 0.445756
v 2.664548 1.328500 0.454756
v 2.663452 1.328500 0.455244
v 2.659452 1.328500 0.446244
v 2.881500 1.329452 0.193756
v 2.881500 1.366785 0.109756
v 2.881500 1.367882 0.110244
v 2.881500 1.330548 0.194244
v 2.881500 1.329452 0.277756
v 2.881500 1.404118 0.109756
v 2.881500 1.405215 0.110244
v 2.881500 1.330548 0.278244
v 2.881500 1.329452 0.361756
v 2.881500 1.441452 0.109756
v 2.881500 1.442548 0.110244
v 2.881500 1.330548 0.362244
v 2.881500 1.329452 0.445756
v 2.881500 1.478785 0.109756
v 2.881500 1.479882 0.110244
v 2.881500 1.330548 0.446244
v 2.881500 1.362785 0.454756
v 2.881500 1.489452 0.169756
v 2.881500 1.490548 0.170244
v 2.881500 1.363882 0.455244
v 2.881500 1.400118 0.454756
v 2.881500 1.489452 0.253756
v 2.881500 1.490548 0.254244
v 2.881500 1.401215 0.455244
v 2.881500 1.437452 0.454756
v 2.881500 1.489452 0.337756
v 2.881500 1.490548 0.338244
v 2.881500 1.438548 0.455244
v 2.881500 1.474785 0.454756
v 2.881500 1.489452 0.421756
v 2.881500 1.490548 0.422244
v 2.881500 1.475882 0.455244
v 2.881500 1.479882 0.109756
v 2.881500 1.490548 0.133756
v 2.881500 1.489452 0.134244
v 2.881500 1.478785 0.110244
v 2.881500 1.442548 0.109756
v 2.881500 1.490548 0.217756
v 2.881500 1.489452 0.218244
v 2.881500 1.441452 0.110244
v 2.881500 1.405215 0.109756
v 2.881500 1.490548 0.301756
v 2.881500 1.489452 0.302244
v 2.881500 1.404118 0.110244
v 2.881500 1.367882 0.109756
v 2.881500 1.490548 0.385756
v 2.881500 1.489452 0.386244
v 2.881500 1.366785 0.110244
v 2.881500 1.330548 0.109756
v 2.881500 1.483882 0.454756
v 2.881500 1.482785 0.455244
v 2.881500 1.329452 0.110244
v 2.881500 1.330548 0.193756
v 2.881500 1.446548 0.454756
v 2.881500 1.445452 0.455244
v 2.881500 1.329452 0.194244
v 2.881500 1.330548 0.277756
v 2.881500 1.409215 0.454756
v 2.881500 1.408118 0.455244
v 2.881500 1.329452 0.278244
v 2.881500 1.330548 0.361756
v 2.881500 1.371882 0.454756
v 2.881500 1.370785 0.455244
v 2.881500 1.329452 0.362244
v 2.881500 1.330548 0.445756
v 2.881500 1.334548 0.454756
v 2.881500 1.333452 0.455244
v 2.881500 1.329452 0.446244
v 2.880548 1.491500 0.193756
v 2.843215 1.491500 0.109756
v 2.842118 1.491500 0.110244
v 2.879452 1.491500 0.194244
v 2.880548 1.491500 0.277756
v 2.805882 1.491500 0.109756
v 2.804785 1.491500 0.110244
v 2.879452 1.491500 0.278244
v 2.880548 1.491500 0.361756
v 2.768548 1.491500 0.109756
v 2.767452 1.491500 0.110244
v 2.879452 1.491500 0.362244
v 2.880548 1.491500 0.445756
v 2.731215 1.491500 0.109756
v 2.730118 1.491500 0.110244
v 2.879452 1.491500 0.446244
v 2.847215 1.491500 0.454756
v 2.693882 1.491500 0.109756
v 2.692785 1.491500 0.110244
v 2.846118 1.491500 0.455244
v 2.809882 1.491500 0.454756
v 2.660548 1.491500 0.118756
v 2.659452 1.491500 0.119244
v 2.808785 1.491500 0.455244
v 2.772548 1.491500 0.454756
v 2.660548 1.491500 0.202756
v 2.659452 1.491500 0.203244
v 2.771452 1.491500 0.455244
v 2.735215 1.491500 0.454756
v 2.660548 1.491500 0.286756
v 2.659452 1.491500 0.287244
v 2.734118 1.491500 0.455244
v 2.697882 1.491500 0.454756
v 2.660548 1.491500 0.370756
v 2.659452 1.491500 0.371244
v 2.696785 1.491500 0.455244
v 2.692785 1.491500 0.109756
v 2.659452 1.491500 0.184756
v 2.660548 1.491500 0.185244
v 2.693882 1.491500 0.110244
v 2.730118 1.491500 0.109756
v 2.659452 1.491500 0.268756
v 2.660548 1.491500 0.269244
v 2.731215 1.491500 0.110244
v 2.767452 1.491500 0.109756
v 2.659452 1.491500 0.352756
v 2.660548 1.491500 0.353244
v 2.768548 1.491500 0.110244
v 2.804785 1.491500 0.109756
v 2.659452 1.491500 0.436756
v 2.660548 1.491500 0.437244
v 2.805882 1.491500 0.110244
v 2.842118 1.491500 0.109756
v 2.688785 1.491500 0.454756
v 2.689882 1.491500 0.455244
v 2.843215 1.491500 0.110244
v 2.879452 1.491500 0.109756
v 2.726118 1.491500 0.454756
v 2.727215 1.491500 0.455244
v 2.880548 1.491500 0.110244
v 2.879452 1.491500 0.193756
v 2.763452 1.491500 0.454756
v 2.764548 1.491500 0.455244
v 2.880548 1.491500 0.194244
v 2.879452 1.491500 0.277756
v 2.800785 1.491500 0.454756
v 2.801882 1.491500 0.455244
v 2.880548 1.491500 0.278244
v 2.879452 1.491500 0.361756
v 2.838118 1.491500 0.454756
v 2.839215 1.491500 0.455244
v 2.880548 1.491500 0.362244
v 2.879452 1.491500 0.445756
v 2.875452 1.491500 0.454756
v 2.876548 1.491500 0.455244
v 2.880548 1.491500 0.446244
v 2.658500 1.490548 0.193756
v 2.658500 1.453215 0.109756
v 2.658500 1.452118 0.110244
v 2.658500 1.489452 0.194244
v 2.658500 1.490548 0.277756
v 2.658500 1.415882 0.109756
v 2.658500 1.414785 0.110244
v 2.658500 1.489452 0.278244
v 2.658500 1.490548 0.361756
v 2.658500 1.378548 0.109756
v 2.658500 1.377452 0.110244
v 2.658500 1.489452 0.362244
v 2.658500 1.490548 0.445756
v 2.658500 1.341215 0.109756
v 2.658500 1.340118 0.110244
v 2.658500 1.489452 0.446244
v 2.658500 1.457215 0.454756
v 2.658500 1.330548 0.169756
v 2.658500 1.329452 0.170244
v 2.658500 1.456118 0.455244
v 2.658500 1.419882 0.454756
v 2.658500 1.330548 0.253756
v 2.658500 1.329452 0.254244
v 2.658500 1.418785 0.455244
v 2.658500 1.382548 0.454756
v 2.658500 1.330548 0.337756
v 2.658500 1.329452 0.338244
v 2.658500 1.381452 0.455244
v 2.658500 1.345215 0.454756
v 2.658500 1.330548 0.421756
v 2.658500 1.329452 0.422244
v 2.658500 1.344118 0.455244
v 2.658500 1.340118 0.109756
v 2.658500 1.329452 0.133756
v 2.658500 1.330548 0.134244
v 2.658500 1.341215 0.110244
v 2.658500 1.377452 0.109756
v 2.658500 1.329452 0.217756
v 2.658500 1.330548 0.218244
v 2.658500 1.378548 0.110244
v 2.658500 1.414785 0.109756
v 2.658500 1.329452 0.301756
v 2.658500 1.330548 0.302244
v 2.658500 1.415882 0.110244
v 2.658500 1.452118 0.109756
v 2.658500 1.329452 0.385756
v 2.658500 1.330548 0.386244
v 2.658500 1.453215 0.110244
v 2.658500 1.489452 0.109756
v 2.658500 1.336118 0.454756
v 2.658500 1.337215 0.455244
v 2.658500 1.490548 0.110244
v 2.658500 1.489452 0.193756
v 2.658500 1.373452 0.454756
v 2.658500 1.374548 0.455244
v 2.658500 1.490548 0.194244
v 2.658500 1.489452 0.277756
v 2.658500 1.410785 0.454756
v 2.658500 1.411882 0.455244
v 2.658500 1.490548 0.278244
v 2.658500 1.489452 0.361756
v 2.658500 1.448118 0.454756
v 2.658500 1.449215 0.455244
v 2.658500 1.490548 0.362244
v 2.658500 1.489452 0.445756
v 2.658500 1.485452 0.454756
v 2.658500 1.486548 0.455244
v 2.658500 1.490548 0.446244
v 2.659452 1.728500 0.193756
v 2.696785 1.728500 0.109756
v 2.697882 1.728500 0.110244
v 2.660548 1.728500 0.194244
v 2.659452 1.728500 0.277756
v 2.734118 1.728500 0.109756
v 2.735215 1.728500 0.110244
v 2.660548 1.728500 0.278244
v 2.659452 1.728500 0.361756
v 2.771452 1.728500 0.109756
v 2.772548 1.728500 0.110244
v 2.660548 1.728500 0.362244
v 2.659452 1.728500 0.445756
v 2.808785 1.728500 0.109756
v 2.809882 1.728500 0.110244
v 2.660548 1.728500 0.446244
v 2.659452 1.728500 0.529756
v 2.846118 1.728500 0.109756
v 2.847215 1.728500 0.110244
v 2.660548 1.728500 0.530244
v 2.659452 1.728500 0.613756
v 2.879452 1.728500 0.118756
v 2.880548 1.728500 0.119244
v 2.660548 1.728500 0.614244
v 2.683007 1.728500 0.644756
v 2.879452 1.728500 0.202756
v 2.880548 1.728500 0.203244
v 2.684104 1.728500 0.645244
v 2.720340 1.728500 0.644756
v 2.879452 1.728500 0.286756
v 2.880548 1.728500 0.287244
v 2.721437 1.728500 0.645244
v 2.757674 1.728500 0.644756
v 2.879452 1.728500 0.370756
v 2.880548 1.728500 0.371244
v 2.758770 1.728500 0.645244
v 2.795007 1.728500 0.644756
v 2.879452 1.728500 0.454756
v 2.880548 1.728500 0.455244
v 2.796104 1.728500 0.645244
v 2.832341 1.728500 0.644756
v 2.879452 1.728500 0.538756
v 2.880548 1.728500 0.539244
v 2.833437 1.728500 0.645244
v 2.869674 1.728500 0.644756
v 2.879452 1.728500 0.622756
v 2.880548 1.728500 0.623244
v 2.870770 1.728500 0.645244
v 2.847215 1.728500 0.109756
v 2.880548 1.728500 0.184756
v 2.879452 1.728500 0.185244
v 2.846118 1.728500 0.110244
v 2.809882 1.728500 0.109756
v 2.880548 1.728500 0.268756
v 2.879452 1.728500 0.269244
v 2.808785 1.728500 0.110244
v 2.772548 1.728500 0.109756
v 2.880548 1.728500 0.352756
v 2.879452 1.728500 0.353244
v 2.771452 1.728500 0.110244
v 2.735215 1.728500 0.109756
v 2.880548 1.728500 0.436756
v 2.879452 1.728500 0.437244
v 2.734118 1.728500 0.110244
v 2.697882 1.728500 0.109756
v 2.880548 1.728500 0.520756
v 2.879452 1.728500 0.521244
v 2.696785 1.728500 0.110244
v 2.660548 1.728500 0.109756
v 2.880548 1.728500 0.604756
v 2.879452 1.728500 0.605244
v 2.659452 1.728500 0.110244
v 2.660548 1.728500 0.193756
v 2.860993 1.728500 0.644756
v 2.859896 1.728500 0.645244
v 2.659452 1.728500 0.194244
v 2.660548 1.728500 0.277756
v 2.823659 1.728500 0.644756
v 2.822563 1.728500 0.645244
v 2.659452 1.728500 0.278244
v 2.660548 1.728500 0.361756
v 2.786326 1.728500 0.644756
v 2.785229 1.728500 0.645244
v 2.659452 1.728500 0.362244
v 2.660548 1.728500 0.445756
v 2.748993 1.728500 0.644756
v 2.747896 1.728500 0.645244
v 2.659452 1.728500 0.446244
v 2.660548 1.728500 0.529756
v 2.711659 1.728500 0.644756
v 2.710563 1.728500 0.645244
v 2.659452 1.728500 0.530244
v 2.660548 1.728500 0.613756
v 2.674326 1.728500 0.644756
v 2.673229 1.728500 0.645244
v 2.659452 1.728500 0.614244
v 2.881500 1.729452 0.193756
v 2.881500 1.766785 0.109756
v 2.881500 1.767882 0.110244
v 2.881500 1.730548 0.194244
v 2.881500 1.729452 0.277756
v 2.881500 1.804118 0.109756
v 2.881500 1.805215 0.110244
v 2.881500 1.730548 0.278244
v 2.881500 1.729452 0.361756
v 2.881500 1.841452 0.109756
v 2.881500 1.842548 0.110244
v 2.881500 1.730548 0.362244
v 2.881500 1.729452 0.445756
v 2.881500 1.878785 0.109756
v 2.881500 1.879882 0.110244
v 2.881500 1.730548 0.446244
v 2.881500 1.729452 0.529756
v 2.881500 1.916118 0.109756
v 2.881500 1.917215 0.110244
v 2.881500 1.730548 0.530244
v 2.881500 1.729452 0.613756
v 2.881500 1.953452 0.109756
v 2.881500 1.954548 0.110244
v 2.881500 1.730548 0.614244
v 2.881500 1.753007 0.644756
v 2.881500 1.959452 0.180256
v 2.881500 1.960548 0.180744
v 2.881500 1.754104 0.645244
v 2.881500 1.790341 0.644756
v 2.881500 1.959452 0.264256
v 2.881500 1.960548 0.264744
v 2.881500 1.791437 0.645244
v 2.881500 1.827674 0.644756
v 2.881500 1.959452 0.348256
v 2.881500 1.960548 0.348744
v 2.881500 1.828771 0.645244
v 2.881500 1.865007 0.644756
v 2.881500 1.959452 0.432256
v 2.881500 1.960548 0.432744
v 2.881500 1.866104 0.645244
v 2.881500 1.902341 0.644756
v 2.881500 1.959452 0.516256
v 2.881500 1.960548 0.516744
v 2.881500 1.903437 0.645244
v 2.881500 1.939674 0.644756
v 2.881500 1.959452 0.600256
v 2.881500 1.960548 0.600744
v 2.881500 1.940771 0.645244
v 2.881500 1.954548 0.109756
v 2.881500 1.960548 0.123256
v 2.881500 1.959452 0.123744
v 2.881500 1.953452 0.110244
v 2.881500 1.917215 0.109756
v 2.881500 1.960548 0.207256
v 2.881500 1.959452 0.207744
v 2.881500 1.916118 0.110244
v 2.881500 1.879882 0.109756
v 2.881500 1.960548 0.291256
v 2.881500 1.959452 0.291744
v 2.881500 1.878785 0.110244
v 2.881500 1.842548 0.109756
v 2.881500 1.960548 0.375256
v 2.881500 1.959452 0.375744
v 2.881500 1.841452 0.110244
v 2.881500 1.805215 0.109756
v 2.881500 1.960548 0.459256
v 2.881500 1.959452 0.459744
v 2.881500 1.804118 0.110244
v 2.881500 1.767882 0.109756
v 2.881500 1.960548 0.543256
v 2.881500 1.959452 0.543744
v 2.881500 1.766785 0.110244
v 2.881500 1.730548 0.109756
v 2.881500 1.960548 0.627256
v 2.881500 1.959452 0.627744
v 2.881500 1.729452 0.110244
v 2.881500 1.730548 0.193756
v 2.881500 1.930993 0.644756
v 2.881500 1.929896 0.645244
v 2.881500 1.729452 0.194244
v 2.881500 1.730548 0.277756
v 2.881500 1.893659 0.644756
v 2.881500 1.892563 0.645244
v 2.881500 1.729452 0.278244
v 2.881500 1.730548 0.361756
v 2.881500 1.856326 0.644756
v 2.881500 1.855229 0.645244
v 2.881500 1.729452 0.362244
v 2.881500 1.730548 0.445756
v 2.881500 1.818993 0.644756
v 2.881500 1.817896 0.645244
v 2.881500 1.729452 0.446244
v 2.881500 1.730548 0.529756
v 2.881500 1.781659 0.644756
v 2.881500 1.780563 0.645244
v 2.881500 1.729452 0.530244
v 2.881500 1.730548 0.613756
v 2.881500 1.744326 0.644756
v 2.881500 1.743230 0.645244
v 2.881500 1.729452 0.614244
v 2.880548 1.961500 0.193756
v 2.843215 1.961500 0.109756
v 2.842118 1.961500 0.110244
v 2.879452 1.961500 0.194244
v 2.880548 1.961500 0.277756
v 2.805882 1.961500 0.109756
v 2.804785 1.961500 0.110244
v 2.879452 1.961500 0.278244
v 2.880548 1.961500 0.361756
v 2.768548 1.961500 0.109756
v 2.767452 1.961500 0.110244
v 2.879452 1.961500 0.362244
v 2.880548 1.961500 0.445756
v 2.731215 1.961500 0.109756
v 2.730118 1.961500 0.110244
v 2.879452 1.961500 0.446244
v 2.880548 1.961500 0.529756
v 2.693882 1.961500 0.109756
v 2.692785 1.961500 0.110244
v 2.879452 1.961500 0.530244
v 2.880548 1.961500 0.613756
v 2.660548 1.961500 0.118756
v 2.659452 1.961500 0.119244
v 2.879452 1.961500 0.614244
v 2.856993 1.961500 0.644756
v 2.660548 1.961500 0.202756
v 2.659452 1.961500 0.203244
v 2.855896 1.961500 0.645244
v 2.819659 1.961500 0.644756
v 2.660548 1.961500 0.286756
v 2.659452 1.961500 0.287244
v 2.818563 1.961500 0.645244
v 2.782326 1.961500 0.644756
v 2.660548 1.961500 0.370756
v 2.659452 1.961500 0.371244
v 2.781229 1.961500 0.645244
v 2.744993 1.961500 0.644756
v 2.660548 1.961500 0.454756
v 2.659452 1.961500 0.455244
v 2.743896 1.961500 0.645244
v 2.707659 1.961500 0.644756
v 2.660548 1.961500 0.538756
v 2.659452 1.961500 0.539244
v 2.706563 1.961500 0.645244
v 2.670326 1.961500 0.644756
v 2.660548 1.961500 0.622756
v 2.659452 1.961500 0.623244
v 2.669230 1.961500 0.645244
v 2.692785 1.961500 0.109756
v 2.659452 1.961500 0.184756
v 2.660548 1.961500 0.185244
v 2.693882 1.961500 0.110244
v 2.730118 1.961500 0.109756
v 2.659452 1.961500 0.268756
v 2.660548 1.961500 0.269244
v 2.731215 1.961500 0.110244
v 2.767452 1.961500 0.109756
v 2.659452 1.961500 0.352756
v 2.660548 1.961500 0.353244
v 2.768548 1.961500 0.110244
v 2.804785 1.961500 0.109756
v 2.659452 1.961500 0.436756
v 2.660548 1.961500 0.437244
v 2.805882 1.961500 0.110244
v 2.842118 1.961500 0.109756
v 2.659452 1.961500 0.520756
v 2.660548 1.961500 0.521244
v 2.843215 1.961500 0.110244
v 2.879452 1.961500 0.109756
v 2.659452 1.961500 0.604756
v 2.660548 1.961500 0.605244
v 2.880548 1.961500 0.110244
v 2.879452 1.961500 0.193756
v 2.679007 1.961500 0.644756
v 2.680104 1.961500 0.645244
v 2.880548 1.961500 0.194244
v 2.879452 1.961500 0.277756
v 2.716341 1.961500 0.644756
v 2.717437 1.961500 0.645244
v 2.880548 1.961500 0.278244
v 2.879452 1.961500 0.361756
v 2.753674 1.961500 0.644756
v 2.754771 1.961500 0.645244
v 2.880548 1.961500 0.362244
v 2.879452 1.961500 0.445756
v 2.791007 1.961500 0.644756
v 2.792104 1.961500 0.645244
v 2.880548 1.961500 0.446244
v 2.879452 1.961500 0.529756
v 2.828341 1.961500 0.644756
v 2.829437 1.961500 0.645244
v 2.880548 1.961500 0.530244
v 2.879452 1.961500 0.613756
v 2.865674 1.961500 0.644756
v 2.866771 1.961500 0.645244
v 2.880548 1.961500 0.614244
v 2.658500 1.960548 0.193756
v 2.658500 1.923215 0.109756
v 2.658500 1.922118 0.110244
v 2.658500 1.959452 0.194244
v 2.658500 1.960548 0.277756
v 2.658500 1.885882 0.109756
v 2.658500 1.884785 0.110244
v 2.658500 1.959452 0.278244
v 2.658500 1.960548 0.361756
v 2.658500 1.848548 0.109756
v 2.658500 1.847452 0.110244
v 2.658500 1.959452 0.362244
v 2.658500 1.960548 0.445756
v 2.658500 1.811215 0.109756
v 2.658500 1.810118 0.110244
v 2.658500 1.959452 0.446244
v 2.658500 1.960548 0.529756
v 2.658500 1.773882 0.109756
v 2.658500 1.772785 0.110244
v 2.658500 1.959452 0.530244
v 2.658500 1.960548 0.613756
v 2.658500 1.736548 0.109756
v 2.658500 1.735452 0.110244
v 2.658500 1.959452 0.614244
v 2.658500 1.936993 0.644756
v 2.658500 1.730548 0.180256
v 2.658500 1.729452 0.180744
v 2.658500 1.935896 0.645244
v 2.658500 1.899659 0.644756
v 2.658500 1.730548 0.264256
v 2.658500 1.729452 0.264744
v 2.658500 1.898563 0.645244
v 2.658500 1.862326 0.644756
v 2.658500 1.730548 0.348256
v 2.658500 1.729452 0.348744
v 2.658500 1.861230 0.645244
v 2.658500 1.824993 0.644756
v 2.658500 1.730548 0.432256
v 2.658500 1.729452 0.432744
v 2.658500 1.823896 0.645244
v 2.658500 1.787659 0.644756
v 2.658500 1.730548 0.516256
v 2.658500 1.729452 0.516744
v 2.658500 1.786563 0.645244
v 2.658500 1.750326 0.644756
v 2.658500 1.730548 0.600256
v 2.658500 1.729452 0.600744
v 2.658500 1.749230 0.645244
v 2.658500 1.735452 0.109756
v 2.658500 1.729452 0.123256
v 2.658500 1.730548 0.123744
v 2.658500 1.736548 0.110244
v 2.658500 1.772785 0.109756
v 2.658500 1.729452 0.207256
v 2.658500 1.730548 0.207744
v 2.658500 1.773882 0.110244
v 2.658500 1.810118 0.109756
v 2.658500 1.729452 0.291256
v 2.658500 1.730548 0.291744
v 2.658500 1.811215 0.110244
v 2.658500 1.847452 0.109756
v 2.658500 1.729452 0.375256
v 2.658500 1.730548 0.375744
v 2.658500 1.848548 0.110244
v 2.658500 1.884785 0.109756
v 2.658500 1.729452 0.459256
v 2.658500 1.730548 0.459744
v 2.658500 1.885882 0.110244
v 2.658500 1.922118 0.109756
v 2.658500 1.729452 0.543256
v 2.658500 1.730548 0.543744
v 2.658500 1.923215 0.110244
v 2.658500 1.959452 0.109756
v 2.658500 1.729452 0.627256
v 2.658500 1.730548 0.627744
v 2.658500 1.960548 0.110244
v 2.658500 1.959452 0.193756
v 2.658500 1.759007 0.644756
v 2.658500 1.760104 0.645244
v 2.658500 1.960548 0.194244
v 2.658500 1.959452 0.277756
v 2.658500 1.796341 0.644756
v 2.658500 1.797437 0.645244
v 2.658500 1.960548 0.278244
v 2.658500 1.959452 0.361756
v 2.658500 1.833674 0.644756
v 2.658500 1.834771 0.645244
v 2.658500 1.960548 0.362244
v 2.658500 1.959452 0.445756
v 2.658500 1.871007 0.644756
v 2.658500 1.872104 0.645244
v 2.658500 1.960548 0.446244
v 2.658500 1.959452 0.529756
v 2.658500 1.908341 0.644756
v 2.658500 1.909437 0.645244
v 2.658500 1.960548 0.530244
v 2.658500 1.959452 0.613756
v 2.658500 1.945674 0.644756
v 2.658500 1.946771 0.645244
v 2.658500 1.960548 0.614244
v 2.672341 1.488500 0.454756
v 2.696785 1.488500 0.399756
v 2.697882 1.488500 0.400244
v 2.673437 1.488500 0.455244
v 2.709674 1.488500 0.454756
v 2.734118 1.488500 0.399756
v 2.735215 1.488500 0.400244
v 2.710771 1.488500 0.455244
v 2.747007 1.488500 0.454756
v 2.771452 1.488500 0.399756
v 2.772548 1.488500 0.400244
v 2.748104 1.488500 0.455244
v 2.784341 1.488500 0.454756
v 2.808785 1.488500 0.399756
v 2.809882 1.488500 0.400244
v 2.785437 1.488500 0.455244
v 2.821674 1.488500 0.454756
v 2.846118 1.488500 0.399756
v 2.847215 1.488500 0.400244
v 2.822771 1.488500 0.455244
v 2.859007 1.488500 0.454756
v 2.879452 1.488500 0.408756
v 2.880548 1.488500 0.409244
v 2.860104 1.488500 0.455244
v 2.847215 1.488500 0.399756
v 2.871659 1.488500 0.454756
v 2.870563 1.488500 0.455244
v 2.846118 1.488500 0.400244
v 2.809882 1.488500 0.399756
v 2.834326 1.488500 0.454756
v 2.833230 1.488500 0.455244
v 2.808785 1.488500 0.400244
v 2.772548 1.488500 0.399756
v 2.796993 1.488500 0.454756
v 2.795896 1.488500 0.455244
v 2.771452 1.488500 0.400244
v 2.735215 1.488500 0.399756
v 2.759659 1.488500 0.454756
v 2.758563 1.488500 0.455244
v 2.734118 1.488500 0.400244
v 2.697882 1.488500 0.399756
v 2.722326 1.488500 0.454756
v 2.721230 1.488500 0.455244
v 2.696785 1.488500 0.400244
v 2.660548 1.488500 0.399756
v 2.684993 1.488500 0.454756
v 2.683896 1.488500 0.455244
v 2.659452 1.488500 0.400244
v 2.881500 1.502341 0.454756
v 2.881500 1.526785 0.399756
v 2.881500 1.527882 0.400244
v 2.881500 1.503437 0.455244
v 2.881500 1.539674 0.454756
v 2.881500 1.564118 0.399756
v 2.881500 1.565215 0.400244
v 2.881500 1.540771 0.455244
v 2.881500 1.577007 0.454756
v 2.881500 1.601452 0.399756
v 2.881500 1.602548 0.400244
v 2.881500 1.578104 0.455244
v 2.881500 1.614341 0.454756
v 2.881500 1.638785 0.399756
v 2.881500 1.639882 0.400244
v 2.881500 1.615437 0.455244
v 2.881500 1.651674 0.454756
v 2.881500 1.676118 0.399756
v 2.881500 1.677215 0.400244
v 2.881500 1.652771 0.455244
v 2.881500 1.689007 0.454756
v 2.881500 1.713452 0.399756
v 2.881500 1.714548 0.400244
v 2.881500 1.690104 0.455244
v 2.881500 1.726341 0.454756
v 2.881500 1.729452 0.447756
v 2.881500 1.730548 0.448244
v 2.881500 1.727437 0.455244
v 2.881500 1.714548 0.399756
v 2.881500 1.730548 0.435756
v 2.881500 1.729452 0.436244
v 2.881500 1.713452 0.400244
v 2.881500 1.677215 0.399756
v 2.881500 1.701659 0.454756
v 2.881500 1.700563 0.455244
v 2.881500 1.676118 0.400244
v 2.881500 1.639882 0.399756
v 2.881500 1.664326 0.454756
v 2.881500 1.663229 0.455244
v 2.881500 1.638785 0.400244
v 2.881500 1.602548 0.399756
v 2.881500 1.626993 0.454756
v 2.881500 1.625896 0.455244
v 2.881500 1.601452 0.400244
v 2.881500 1.565215 0.399756
v 2.881500 1.589659 0.454756
v 2.881500 1.588563 0.455244
v 2.881500 1.564118 0.400244
v 2.881500 1.527882 0.399756
v 2.881500 1.552326 0.454756
v 2.881500 1.551229 0.455244
v 2.881500 1.526785 0.400244
v 2.881500 1.490548 0.399756
v 2.881500 1.514993 0.454756
v 2.881500 1.513896 0.455244
v 2.881500 1.489452 0.400244
v 2.867659 1.731500 0.454756
v 2.843215 1.731500 0.399756
v 2.842118 1.731500 0.400244
v 2.866563 1.731500 0.455244
v 2.830326 1.731500 0.454756
v 2.805882 1.731500 0.399756
v 2.804785 1.731500 0.400244
v 2.829230 1.731500 0.455244
v 2.792993 1.731500 0.454756
v 2.768548 1.731500 0.399756
v 2.767452 1.731500 0.400244
v 2.791896 1.731500 0.455244
v 2.755659 1.731500 0.454756
v 2.731215 1.731500 0.399756
v 2.730118 1.731500 0.400244
v 2.754563 1.731500 0.455244
v 2.718326 1.731500 0.454756
v 2.693882 1.731500 0.399756
v 2.692785 1.731500 0.400244
v 2.717230 1.731500 0.455244
v 2.680993 1.731500 0.454756
v 2.660548 1.731500 0.408756
v 2.659452 1.731500 0.409244
v 2.679896 1.731500 0.455244
v 2.692785 1.731500 0.399756
v 2.668341 1.731500 0.454756
v 2.669437 1.731500 0.455244
v 2.693882 1.731500 0.400244
v 2.730118 1.731500 0.399756
v 2.705674 1.731500 0.454756
v 2.706770 1.731500 0.455244
v 2.731215 1.731500 0.400244
v 2.767452 1.731500 0.399756
v 2.743007 1.731500 0.454756
v 2.744104 1.731500 0.455244
v 2.768548 1.731500 0.400244
v 2.804785 1.731500 0.399756
v 2.780341 1.731500 0.454756
v 2.781437 1.731500 0.455244
v 2.805882 1.731500 0.400244
v 2.842118 1.731500 0.399756
v 2.817674 1.731500 0.454756
v 2.818770 1.731500 0.455244
v 2.843215 1.731500 0.400244
v 2.879452 1.731500 0.399756
v 2.855007 1.731500 0.454756
v 2.856104 1.731500 0.455244
v 2.880548 1.731500 0.400244
v 2.658500 1.717659 0.454756
v 2.658500 1.693215 0.399756
v 2.658500 1.692118 0.400244
v 2.658500 1.716563 0.455244
v 2.658500 1.680326 0.454756
v 2.658500 1.655882 0.399756
v 2.658500 1.654785 0.400244
v 2.658500 1.679229 0.455244
v 2.658500 1.642993 0.454756
v 2.658500 1.618548 0.399756
v 2.658500 1.617452 0.400244
v 2.658500 1.641896 0.455244
v 2.658500 1.605659 0.454756
v 2.658500 1.581215 0.399756
v 2.658500 1.580118 0.400244
v 2.658500 1.604563 0.455244
v 2.658500 1.568326 0.454756
v 2.658500 1.543882 0.399756
v 2.658500 1.542785 0.400244
v 2.658500 1.567230 0.455244
v 2.658500 1.530993 0.454756
v 2.658500 1.506548 0.399756
v 2.658500 1.505452 0.400244
v 2.658500 1.529896 0.455244
v 2.658500 1.493659 0.454756
v 2.658500 1.490548 0.447756
v 2.658500 1.489452 0.448244
v 2.658500 1.492563 0.455244
v 2.658500 1.505452 0.399756
v 2.658500 1.489452 0.435756
v 2.658500 1.490548 0.436244
v 2.658500 1.506548 0.400244
v 2.658500 1.542785 0.399756
v 2.658500 1.518341 0.454756
v 2.658500 1.519437 0.455244
v 2.658500 1.543882 0.400244
v 2.658500 1.580118 0.399756
v 2.658500 1.555674 0.454756
v 2.658500 1.556771 0.455244
v 2.658500 1.581215 0.400244
v 2.658500 1.617452 0.399756
v 2.658500 1.593007 0.454756
v 2.658500 1.594104 0.455244
v 2.658500 1.618548 0.400244
v 2.658500 1.654785 0.399756
v 2.658500 1.630341 0.454756
v 2.658500 1.631437 0.455244
v 2.658500 1.655882 0.400244
v 2.658500 1.692118 0.399756
v 2.658500 1.667674 0.454756
v 2.658500 1.668771 0.455244
v 2.658500 1.693215 0.400244
v 2.658500 1.729452 0.399756
v 2.658500 1.705007 0.454756
v 2.658500 1.706104 0.455244
v 2.658500 1.730548 0.400244
v 2.847452 1.488500 0.193756
v 2.879452 1.488500 0.121756
v 2.880548 1.488500 0.122244
v 2.848548 1.488500 0.194244
v 2.847452 1.488500 0.277756
v 2.879452 1.488500 0.205756
v 2.880548 1.488500 0.206244
v 2.848548 1.488500 0.278244
v 2.847452 1.488500 0.361756
v 2.879452 1.488500 0.289756
v 2.880548 1.488500 0.290244
v 2.848548 1.488500 0.362244
v 2.867896 1.488500 0.399756
v 2.879452 1.488500 0.373756
v 2.880548 1.488500 0.374244
v 2.868993 1.488500 0.400244
v 2.848548 1.488500 0.109756
v 2.880548 1.488500 0.181756
v 2.879452 1.488500 0.182244
v 2.847452 1.488500 0.110244
v 2.848548 1.488500 0.193756
v 2.880548 1.488500 0.265756
v 2.879452 1.488500 0.266244
v 2.847452 1.488500 0.194244
v 2.848548 1.488500 0.277756
v 2.880548 1.488500 0.349756
v 2.879452 1.488500 0.350244
v 2.847452 1.488500 0.278244
v 2.848548 1.488500 0.361756
v 2.865437 1.488500 0.399756
v 2.864341 1.488500 0.400244
v 2.847452 1.488500 0.362244
v 2.881500 1.489452 0.193756
v 2.881500 1.526785 0.109756
v 2.881500 1.527882 0.110244
v 2.881500 1.490548 0.194244
v 2.881500 1.489452 0.277756
v 2.881500 1.564118 0.109756
v 2.881500 1.565215 0.110244
v 2.881500 1.490548 0.278244
v 2.881500 1.489452 0.361756
v 2.881500 1.601452 0.109756
v 2.881500 1.602548 0.110244
v 2.881500 1.490548 0.362244
v 2.881500 1.509896 0.399756
v 2.881500 1.638785 0.109756
v 2.881500 1.639882 0.110244
v 2.881500 1.510993 0.400244
v 2.881500 1.547230 0.399756
v 2.881500 1.676118 0.109756
v 2.881500 1.677215 0.110244
v 2.881500 1.548326 0.400244
v 2.881500 1.584563 0.399756
v 2.881500 1.713452 0.109756
v 2.881500 1.714548 0.110244
v 2.881500 1.585659 0.400244
v 2.881500 1.621896 0.399756
v 2.881500 1.729452 0.157756
v 2.881500 1.730548 0.158244
v 2.881500 1.622993 0.400244
v 2.881500 1.659230 0.399756
v 2.881500 1.729452 0.241756
v 2.881500 1.730548 0.242244
v 2.881500 1.660326 0.400244
v 2.881500 1.696563 0.399756
v 2.881500 1.729452 0.325756
v 2.881500 1.730548 0.326244
v 2.881500 1.697659 0.400244
v 2.881500 1.714548 0.109756
v 2.881500 1.730548 0.145756
v 2.881500 1.729452 0.146244
v 2.881500 1.713452 0.110244
v 2.881500 1.677215 0.109756
v 2.881500 1.730548 0.229756
v 2.881500 1.729452 0.230244
v 2.881500 1.676118 0.110244
v 2.881500 1.639882 0.109756
v 2.881500 1.730548 0.313756
v 2.881500 1.729452 0.314244
v 2.881500 1.638785 0.110244
v 2.881500 1.602548 0.109756
v 2.881500 1.730548 0.397756
v 2.881500 1.729452 0.398244
v 2.881500 1.601452 0.110244
v 2.881500 1.565215 0.109756
v 2.881500 1.694104 0.399756
v 2.881500 1.693007 0.400244
v 2.881500 1.564118 0.110244
v 2.881500 1.527882 0.109756
v 2.881500 1.656770 0.399756
v 2.881500 1.655674 0.400244
v 2.881500 1.526785 0.110244
v 2.881500 1.490548 0.109756
v 2.881500 1.619437 0.399756
v 2.881500 1.618341 0.400244
v 2.881500 1.489452 0.110244
v 2.881500 1.490548 0.193756
v 2.881500 1.582104 0.399756
v 2.881500 1.581007 0.400244
v 2.881500 1.489452 0.194244
v 2.881500 1.490548 0.277756
v 2.881500 1.544770 0.399756
v 2.881500 1.543674 0.400244
v 2.881500 1.489452 0.278244
v 2.881500 1.490548 0.361756
v 2.881500 1.507437 0.399756
v 2.881500 1.506341 0.400244
v 2.881500 1.489452 0.362244
v 2.880548 1.731500 0.193756
v 2.848548 1.731500 0.121756
v 2.847452 1.731500 0.122244
v 2.879452 1.731500 0.194244
v 2.880548 1.731500 0.277756
v 2.848548 1.731500 0.205756
v 2.847452 1.731500 0.206244
v 2.879452 1.731500 0.278244
v 2.880548 1.731500 0.361756
v 2.848548 1.731500 0.289756
v 2.847452 1.731500 0.290244
v 2.879452 1.731500 0.362244
v 2.860104 1.731500 0.399756
v 2.848548 1.731500 0.373756
v 2.847452 1.731500 0.374244
v 2.859007 1.731500 0.400244
v 2.879452 1.731500 0.109756
v 2.847452 1.731500 0.181756
v 2.848548 1.731500 0.182244
v 2.880548 1.731500 0.110244
v 2.879452 1.731500 0.193756
v 2.847452 1.731500 0.265756
v 2.848548 1.731500 0.266244
v 2.880548 1.731500 0.194244
v 2.879452 1.731500 0.277756
v 2.847452 1.731500 0.349756
v 2.848548 1.731500 0.350244
v 2.880548 1.731500 0.278244
v 2.879452 1.731500 0.361756
v 2.862563 1.731500 0.399756
v 2.863659 1.731500 0.400244
v 2.880548 1.731500 0.362244
v 2.846500 1.730548 0.193756
v 2.846500 1.693215 0.109756
v 2.846500 1.692118 0.110244
v 2.846500 1.729452 0.194244
v 2.846500 1.730548 0.277756
v 2.846500 1.655882 0.109756
v 2.846500 1.654785 0.110244
v 2.846500 1.729452 0.278244
v 2.846500 1.730548 0.361756
v 2.846500 1.618548 0.109756
v 2.846500 1.617452 0.110244
v 2.846500 1.729452 0.362244
v 2.846500 1.710104 0.399756
v 2.846500 1.581215 0.109756
v 2.846500 1.580118 0.110244
v 2.846500 1.709007 0.400244
v 2.846500 1.672771 0.399756
v 2.846500 1.543882 0.109756
v 2.846500 1.542785 0.110244
v 2.846500 1.671674 0.400244
v 2.846500 1.635437 0.399756
v 2.846500 1.506548 0.109756
v 2.846500 1.505452 0.110244
v 2.846500 1.634341 0.400244
v 2.846500 1.598104 0.399756
v 2.846500 1.490548 0.157756
v 2.846500 1.489452 0.158244
v 2.846500 1.597007 0.400244
v 2.846500 1.560771 0.399756
v 2.846500 1.490548 0.241756
v 2.846500 1.489452 0.242244
v 2.846500 1.559674 0.400244
v 2.846500 1.523437 0.399756
v 2.846500 1.490548 0.325756
v 2.846500 1.489452 0.326244
v 2.846500 1.522341 0.400244
v 2.846500 1.505452 0.109756
v 2.846500 1.489452 0.145756
v 2.846500 1.490548 0.146244
v 2.846500 1.506548 0.110244
v 2.846500 1.542785 0.109756
v 2.846500 1.489452 0.229756
v 2.846500 1.490548 0.230244
v 2.846500 1.543882 0.110244
v 2.846500 1.580118 0.109756
v 2.846500 1.489452 0.313756
v 2.846500 1.490548 0.314244
v 2.846500 1.581215 0.110244
v 2.846500 1.617452 0.109756
v 2.846500 1.489452 0.397756
v 2.846500 1.490548 0.398244
v 2.846500 1.618548 0.110244
v 2.846500 1.654785 0.109756
v 2.846500 1.525896 0.399756
v 2.846500 1.526993 0.400244
v 2.846500 1.655882 0.110244
v 2.846500 1.692118 0.109756
v 2.846500 1.563229 0.399756
v 2.846500 1.564326 0.400244
v 2.846500 1.693215 0.110244
v 2.846500 1.729452 0.109756
v 2.846500 1.600563 0.399756
v 2.846500 1.601659 0.400244
v 2.846500 1.730548 0.110244
v 2.846500 1.729452 0.193756
v 2.846500 1.637896 0.399756
v 2.846500 1.638993 0.400244
v 2.846500 1.730548 0.194244
v 2.846500 1.729452 0.277756
v 2.846500 1.675230 0.399756
v 2.846500 1.676326 0.400244
v 2.846500 1.730548 0.278244
v 2.846500 1.729452 0.361756
v 2.846500 1.712563 0.399756
v 2.846500 1.713659 0.400244
v 2.846500 1.730548 0.362244
v 0.743939 2.945939 0.205000
v 0.802061 2.945939 0.205000
v 0.799939 2.948061 0.205000
v 0.746061 2.948061 0.205000
v 0.802061 2.945939 0.205000
v 0.802061 3.004061 0.205000
v 0.799939 3.001939 0.205000
v 0.799939 2.948061 0.205000
v 0.802061 3.004061 0.205000
v 0.743939 3.004061 0.205000
v 0.746061 3.001939 0.205000
v 0.799939 3.001939 0.205000
v 0.743939 3.004061 0.205000
v 0.743939 2.945939 0.205000
v 0.746061 2.948061 0.205000
v 0.746061 3.001939 0.205000
v 0.633939 2.951939 0.205000
v 0.680061 2.951939 0.205000
v 0.677939 2.954061 0.205000
v 0.636061 2.954061 0.205000
v 0.680061 2.951939 0.205000
v 0.680061 2.998061 0.205000
v 0.677939 2.995939 0.205000
v 0.677939 2.954061 0.205000
v 0.680061 2.998061 0.205000
v 0.633939 2.998061 0.205000
v 0.636061 2.995939 0.205000
v 0.677939 2.995939 0.205000
v 0.633939 2.998061 0.205000
v 0.633939 2.951939 0.205000
v 0.636061 2.954061 0.205000
v 0.636061 2.995939 0.205000
v 0.743939 3.130939 0.205000
v 0.802061 3.130939 0.205000
v 0.799939 3.133061 0.205000
v 0.746061 3.133061 0.205000
v 0.802061 3.130939 0.205000
v 0.802061 3.189061 0.205000
v 0.799939 3.186939 0.205000
v 0.799939 3.133061 0.205000
v 0.802061 3.189061 0.205000
v 0.743939 3.189061 0.205000
v 0.746061 3.186939 0.205000
v 0.799939 3.186939 0.205000
v 0.743939 3.189061 0.205000
v 0.743939 3.130939 0.205000
v 0.746061 3.133061 0.205000
v 0.746061 3.186939 0.205000
v 0.633939 3.136939 0.205000
v 0.680061 3.136939 0.205000
v 0.677939 3.139061 0.205000
v 0.636061 3.139061 0.205000
v 0.680061 3.136939 0.205000
v 0.680061 3.183061 0.205000
v 0.677939 3.180939 0.205000
v 0.677939 3.139061 0.205000
v 0.680061 3.183061 0.205000
v 0.633939 3.183061 0.205000
v 0.636061 3.180939 0.205000
v 0.677939 3.180939 0.205000
v 0.633939 3.183061 0.205000
v 0.633939 3.136939 0.205000
v 0.636061 3.139061 0.205000
v 0.636061 3.180939 0.205000
v 0.743939 3.315939 0.205000
v 0.802061 3.315939 0.205000
v 0.799939 3.318061 0.205000
v 0.746061 3.318061 0.205000
v 0.802061 3.315939 0.205000
v 0.802061 3.374061 0.205000
v 0.799939 3.371939 0.205000
v 0.799939 3.318061 0.205000
v 0.802061 3.374061 0.205000
v 0.743939 3.374061 0.205000
v 0.746061 3.371939 0.205000
v 0.799939 3.371939 0.205000
v 0.743939 3.374061 0.205000
v 0.743939 3.315939 0.205000
v 0.746061 3.318061 0.205000
v 0.746061 3.371939 0.205000
v 0.633939 3.321939 0.205000
v 0.680061 3.321939 0.205000
v 0.677939 3.324061 0.205000
v 0.636061 3.324061 0.205000
v 0.680061 3.321939 0.205000
v 0.680061 3.368061 0.205000
v 0.677939 3.365939 0.205000
v 0.677939 3.324061 0.205000
v 0.680061 3.368061 0.205000
v 0.633939 3.368061 0.205000
v 0.636061 3.365939 0.205000
v 0.677939 3.365939 0.205000
v 0.633939 3.368061 0.205000
v 0.633939 3.321939 0.205000
v 0.636061 3.324061 0.205000
v 0.636061 3.365939 0.205000
v 1.115000 3.080000 0.015000
v 1.115000 3.160000 0.015000
v 1.185000 3.160000 0.015000
v 1.185000 3.080000 0.015000
v 1.115000 3.080000 0.125000
v 1.185000 3.080000 0.125000
v 1.185000 3.160000 0.125000
v 1.115000 3.160000 0.125000
v 1.115000 3.080000 0.015000
v 1.185000 3.080000 0.015000
v 1.185000 3.080000 0.125000
v 1.115000 3.080000 0.125000
v 1.185000 3.080000 0.015000
v 1.185000 3.160000 0.015000
v 1.185000 3.160000 0.125000
v 1.185000 3.080000 0.125000
v 1.185000 3.160000 0.015000
v 1.115000 3.160000 0.015000
v 1.115000 3.160000 0.125000
v 1.185000 3.160000 0.125000
v 1.115000 3.160000 0.015000
v 1.115000 3.080000 0.015000
v 1.115000 3.080000 0.125000
v 1.115000 3.160000 0.125000
v 2.061000 2.961000 0.147000
v 2.179000 2.961000 0.147000
v 2.179000 3.101000 0.147000
v 2.281000 3.101000 0.147000
v 2.281000 2.961000 0.147000
v 2.399000 2.961000 0.147000
v 2.399000 3.299000 0.147000
v 2.061000 3.299000 0.147000
v 2.061000 2.961000 0.143000
v 2.179000 2.961000 0.143000
v 2.179000 3.101000 0.143000
v 2.281000 3.101000 0.143000
v 2.281000 2.961000 0.143000
v 2.399000 2.961000 0.143000
v 2.399000 3.299000 0.143000
v 2.061000 3.299000 0.143000
v 2.061000 2.961000 0.143000
v 2.179000 2.961000 0.143000
v 2.179000 2.961000 0.147000
v 2.061000 2.961000 0.147000
v 2.179000 2.961000 0.143000
v 2.179000 3.101000 0.143000
v 2.179000 3.101000 0.147000
v 2.179000 2.961000 0.147000
v 2.179000 3.101000 0.143000
v 2.281000 3.101000 0.143000
v 2.281000 3.101000 0.147000
v 2.179000 3.101000 0.147000
v 2.281000 3.101000 0.143000
v 2.281000 2.961000 0.143000
v 2.281000 2.961000 0.147000
v 2.281000 3.101000 0.147000
v 2.281000 2.961000 0.143000
v 2.399000 2.961000 0.143000
v 2.399000 2.961000 0.147000
v 2.281000 2.961000 0.147000
v 2.399000 2.961000 0.143000
v 2.399000 3.299000 0.143000
v 2.399000 3.299000 0.147000
v 2.399000 2.961000 0.147000
v 2.399000 3.299000 0.143000
v 2.061000 3.299000 0.143000
v 2.061000 3.299000 0.147000
v 2.399000 3.299000 0.147000
v 2.061000 3.299000 0.143000
v 2.061000 2.961000 0.143000
v 2.061000 2.961000 0.147000
v 2.061000 3.299000 0.147000
v 2.065000 2.964000 0.024000
v 2.175000 2.964000 0.024000
v 2.175000 2.964000 0.030000
v 2.065000 2.964000 0.030000
v 2.065000 2.964000 0.059333
v 2.175000 2.964000 0.059333
v 2.175000 2.964000 0.065333
v 2.065000 2.964000 0.065333
v 2.065000 2.964000 0.094667
v 2.175000 2.964000 0.094667
v 2.175000 2.964000 0.100667
v 2.065000 2.964000 0.100667
v 2.065000 2.964000 0.130000
v 2.175000 2.964000 0.130000
v 2.175000 2.964000 0.136000
v 2.065000 2.964000 0.136000
v 2.066500 2.964000 0.015000
v 2.066500 2.964000 0.143000
v 2.063500 2.964000 0.143000
v 2.063500 2.964000 0.015000
v 2.121500 2.964000 0.015000
v 2.121500 2.964000 0.143000
v 2.118500 2.964000 0.143000
v 2.118500 2.964000 0.015000
v 2.176500 2.964000 0.015000
v 2.176500 2.964000 0.143000
v 2.173500 2.964000 0.143000
v 2.173500 2.964000 0.015000
v 2.176000 2.965000 0.024000
v 2.176000 3.105000 0.024000
v 2.176000 3.105000 0.030000
v 2.176000 2.965000 0.030000
v 2.176000 2.965000 0.059333
v 2.176000 3.105000 0.059333
v 2.176000 3.105000 0.065333
v 2.176000 2.965000 0.065333
v 2.176000 2.965000 0.094667
v 2.176000 3.105000 0.094667
v 2.176000 3.105000 0.100667
v 2.176000 2.965000 0.100667
v 2.176000 2.965000 0.130000
v 2.176000 3.105000 0.130000
v 2.176000 3.105000 0.136000
v 2.176000 2.965000 0.136000
v 2.176000 2.966500 0.015000
v 2.176000 2.966500 0.143000
v 2.176000 2.963500 0.143000
v 2.176000 2.963500 0.015000
v 2.176000 3.013167 0.015000
v 2.176000 3.013167 0.143000
v 2.176000 3.010167 0.143000
v 2.176000 3.010167 0.015000
v 2.176000 3.059833 0.015000
v 2.176000 3.059833 0.143000
v 2.176000 3.056833 0.143000
v 2.176000 3.056833 0.015000
v 2.176000 3.106500 0.015000
v 2.176000 3.106500 0.143000
v 2.176000 3.103500 0.143000
v 2.176000 3.103500 0.015000
v 2.175000 3.104000 0.024000
v 2.285000 3.104000 0.024000
v 2.285000 3.104000 0.030000
v 2.175000 3.104000 0.030000
v 2.175000 3.104000 0.059333
v 2.285000 3.104000 0.059333
v 2.285000 3.104000 0.065333
v 2.175000 3.104000 0.065333
v 2.175000 3.104000 0.094667
v 2.285000 3.104000 0.094667
v 2.285000 3.104000 0.100667
v 2.175000 3.104000 0.100667
v 2.175000 3.104000 0.130000
v 2.285000 3.104000 0.130000
v 2.285000 3.104000 0.136000
v 2.175000 3.104000 0.136000
v 2.176500 3.104000 0.015000
v 2.176500 3.104000 0.143000
v 2.173500 3.104000 0.143000
v 2.173500 3.104000 0.015000
v 2.231500 3.104000 0.015000
v 2.231500 3.104000 0.143000
v 2.228500 3.104000 0.143000
v 2.228500 3.104000 0.015000
v 2.286500 3.104000 0.015000
v 2.286500 3.104000 0.143000
v 2.283500 3.104000 0.143000
v 2.283500 3.104000 0.015000
v 2.284000 3.105000 0.024000
v 2.284000 2.965000 0.024000
v 2.284000 2.965000 0.030000
v 2.284000 3.105000 0.030000
v 2.284000 3.105000 0.059333
v 2.284000 2.965000 0.059333
v 2.284000 2.965000 0.065333
v 2.284000 3.105000 0.065333
v 2.284000 3.105000 0.094667
v 2.284000 2.965000 0.094667
v 2.284000 2.965000 0.100667
v 2.284000 3.105000 0.100667
v 2.284000 3.105000 0.130000
v 2.284000 2.965000 0.130000
v 2.284000 2.965000 0.136000
v 2.284000 3.105000 0.136000
v 2.284000 3.103500 0.015000
v 2.284000 3.103500 0.143000
v 2.284000 3.106500 0.143000
v 2.284000 3.106500 0.015000
v 2.284000 3.056833 0.015000
v 2.284000 3.056833 0.143000
v 2.284000 3.059833 0.143000
v 2.284000 3.059833 0.015000
v 2.284000 3.010167 0.015000
v 2.284000 3.010167 0.143000
v 2.284000 3.013167 0.143000
v 2.284000 3.013167 0.015000
v 2.284000 2.963500 0.015000
v 2.284000 2.963500 0.143000
v 2.284000 2.966500 0.143000
v 2.284000 2.966500 0.015000
v 2.285000 2.964000 0.024000
v 2.395000 2.964000 0.024000
v 2.395000 2.964000 0.030000
v 2.285000 2.964000 0.030000
v 2.285000 2.964000 0.059333
v 2.395000 2.964000 0.059333
v 2.395000 2.964000 0.065333
v 2.285000 2.964000 0.065333
v 2.285000 2.964000 0.094667
v 2.395000 2.964000 0.094667
v 2.395000 2.964000 0.100667
v 2.285000 2.964000 0.100667
v 2.285000 2.964000 0.130000
v 2.395000 2.964000 0.130000
v 2.395000 2.964000 0.136000
v 2.285000 2.964000 0.136000
v 2.286500 2.964000 0.015000
v 2.286500 2.964000 0.143000
v 2.283500 2.964000 0.143000
v 2.283500 2.964000 0.015000
v 2.341500 2.964000 0.015000
v 2.341500 2.964000 0.143000
v 2.338500 2.964000 0.143000
v 2.338500 2.964000 0.015000
v 2.396500 2.964000 0.015000
v 2.396500 2.964000 0.143000
v 2.393500 2.964000 0.143000
v 2.393500 2.964000 0.015000
v 2.396000 2.965000 0.024000
v 2.396000 3.295000 0.024000
v 2.396000 3.295000 0.030000
v 2.396000 2.965000 0.030000
v 2.396000 2.965000 0.059333
v 2.396000 3.295000 0.059333
v 2.396000 3.295000 0.065333
v 2.396000 2.965000 0.065333
v 2.396000 2.965000 0.094667
v 2.396000 3.295000 0.094667
v 2.396000 3.295000 0.100667
v 2.396000 2.965000 0.100667
v 2.396000 2.965000 0.130000
v 2.396000 3.295000 0.130000
v 2.396000 3.295000 0.136000
v 2.396000 2.965000 0.136000
v 2.396000 2.966500 0.015000
v 2.396000 2.966500 0.143000
v 2.396000 2.963500 0.143000
v 2.396000 2.963500 0.015000
v 2.396000 3.021500 0.015000
v 2.396000 3.021500 0.143000
v 2.396000 3.018500 0.143000
v 2.396000 3.018500 0.015000
v 2.396000 3.076500 0.015000
v 2.396000 3.076500 0.143000
v 2.396000 3.073500 0.143000
v 2.396000 3.073500 0.015000
v 2.396000 3.131500 0.015000
v 2.396000 3.131500 0.143000
v 2.396000 3.128500 0.143000
v 2.396000 3.128500 0.015000
v 2.396000 3.186500 0.015000
v 2.396000 3.186500 0.143000
v 2.396000 3.183500 0.143000
v 2.396000 3.183500 0.015000
v 2.396000 3.241500 0.015000
v 2.396000 3.241500 0.143000
v 2.396000 3.238500 0.143000
v 2.396000 3.238500 0.015000
v 2.396000 3.296500 0.015000
v 2.396000 3.296500 0.143000
v 2.396000 3.293500 0.143000
v 2.396000 3.293500 0.015000
v 2.395000 3.296000 0.024000
v 2.065000 3.296000 0.024000
v 2.065000 3.296000 0.030000
v 2.395000 3.296000 0.030000
v 2.395000 3.296000 0.059333
v 2.065000 3.296000 0.059333
v 2.065000 3.296000 0.065333
v 2.395000 3.296000 0.065333
v 2.395000 3.296000 0.094667
v 2.065000 3.296000 0.094667
v 2.065000 3.296000 0.100667
v 2.395000 3.296000 0.100667
v 2.395000 3.296000 0.130000
v 2.065000 3.296000 0.130000
v 2.065000 3.296000 0.136000
v 2.395000 3.296000 0.136000
v 2.393500 3.296000 0.015000
v 2.393500 3.296000 0.143000
v 2.396500 3.296000 0.143000
v 2.396500 3.296000 0.015000
v 2.338500 3.296000 0.015000
v 2.338500 3.296000 0.143000
v 2.341500 3.296000 0.143000
v 2.341500 3.296000 0.015000
v 2.283500 3.296000 0.015000
v 2.283500 3.296000 0.143000
v 2.286500 3.296000 0.143000
v 2.286500 3.296000 0.015000
v 2.228500 3.296000 0.015000
v 2.228500 3.296000 0.143000
v 2.231500 3.296000 0.143000
v 2.231500 3.296000 0.015000
v 2.173500 3.296000 0.015000
v 2.173500 3.296000 0.143000
v 2.176500 3.296000 0.143000
v 2.176500 3.296000 0.015000
v 2.118500 3.296000 0.015000
v 2.118500 3.296000 0.143000
v 2.121500 3.296000 0.143000
v 2.121500 3.296000 0.015000
v 2.063500 3.296000 0.015000
v 2.063500 3.296000 0.143000
v 2.066500 3.296000 0.143000
v 2.066500 3.296000 0.015000
v 2.064000 3.295000 0.024000
v 2.064000 2.965000 0.024000
v 2.064000 2.965000 0.030000
v 2.064000 3.295000 0.030000
v 2.064000 3.295000 0.059333
v 2.064000 2.965000 0.059333
v 2.064000 2.965000 0.065333
v 2.064000 3.295000 0.065333
v 2.064000 3.295000 0.094667
v 2.064000 2.965000 0.094667
v 2.064000 2.965000 0.100667
v 2.064000 3.295000 0.100667
v 2.064000 3.295000 0.130000
v 2.064000 2.965000 0.130000
v 2.064000 2.965000 0.136000
v 2.064000 3.295000 0.136000
v 2.064000 3.293500 0.015000
v 2.064000 3.293500 0.143000
v 2.064000 3.296500 0.143000
v 2.064000 3.296500 0.015000
v 2.064000 3.238500 0.015000
v 2.064000 3.238500 0.143000
v 2.064000 3.241500 0.143000
v 2.064000 3.241500 0.015000
v 2.064000 3.183500 0.015000
v 2.064000 3.183500 0.143000
v 2.064000 3.186500 0.143000
v 2.064000 3.186500 0.015000
v 2.064000 3.128500 0.015000
v 2.064000 3.128500 0.143000
v 2.064000 3.131500 0.143000
v 2.064000 3.131500 0.015000
v 2.064000 3.073500 0.015000
v 2.064000 3.073500 0.143000
v 2.064000 3.076500 0.143000
v 2.064000 3.076500 0.015000
v 2.064000 3.018500 0.015000
v 2.064000 3.018500 0.143000
v 2.064000 3.021500 0.143000
v 2.064000 3.021500 0.015000
v 2.064000 2.963500 0.015000
v 2.064000 2.963500 0.143000
v 2.064000 2.966500 0.143000
v 2.064000 2.966500 0.015000
v 2.051000 2.952800 0.015000
v 2.049200 2.951000 0.015000
v 2.051000 2.949200 0.015000
v 2.052800 2.951000 0.015000
v 2.051000 2.952800 0.198000
v 2.049200 2.951000 0.198000
v 2.051000 2.949200 0.198000
v 2.052800 2.951000 0.198000
v 2.409000 2.952800 0.015000
v 2.407200 2.951000 0.015000
v 2.409000 2.949200 0.015000
v 2.410800 2.951000 0.015000
v 2.409000 2.952800 0.198000
v 2.407200 2.951000 0.198000
v 2.409000 2.949200 0.198000
v 2.410800 2.951000 0.198000
v 2.051000 3.310800 0.015000
v 2.049200 3.309000 0.015000
v 2.051000 3.307200 0.015000
v 2.052800 3.309000 0.015000
v 2.051000 3.310800 0.198000
v 2.049200 3.309000 0.198000
v 2.051000 3.307200 0.198000
v 2.052800 3.309000 0.198000
v 2.409000 3.310800 0.015000
v 2.407200 3.309000 0.015000
v 2.409000 3.307200 0.015000
v 2.410800 3.309000 0.015000
v 2.409000 3.310800 0.198000
v 2.407200 3.309000 0.198000
v 2.409000 3.307200 0.198000
v 2.410800 3.309000 0.198000
v 2.488000 2.955000 0.042250
v 2.488000 3.470000 0.042250
v 2.488000 3.470000 0.037750
v 2.488000 2.955000 0.037750
v 2.627000 2.955000 0.037750
v 2.627000 3.470000 0.037750
v 2.627000 3.470000 0.042250
v 2.627000 2.955000 0.042250
v 2.490000 2.954000 0.038250
v 2.625000 2.954000 0.038250
v 2.625000 2.954000 0.041750
v 2.490000 2.954000 0.041750
v 2.490000 3.471000 0.041750
v 2.625000 3.471000 0.041750
v 2.625000 3.471000 0.038250
v 2.490000 3.471000 0.038250
v 2.488000 2.955000 0.070250
v 2.488000 3.470000 0.070250
v 2.488000 3.470000 0.065750
v 2.488000 2.955000 0.065750
v 2.627000 2.955000 0.065750
v 2.627000 3.470000 0.065750
v 2.627000 3.470000 0.070250
v 2.627000 2.955000 0.070250
v 2.490000 2.954000 0.066250
v 2.625000 2.954000 0.066250
v 2.625000 2.954000 0.069750
v 2.490000 2.954000 0.069750
v 2.490000 3.471000 0.069750
v 2.625000 3.471000 0.069750
v 2.625000 3.471000 0.066250
v 2.490000 3.471000 0.066250
v 2.488000 2.996114 0.098250
v 2.488000 3.470000 0.098250
v 2.488000 3.470000 0.093750
v 2.488000 2.996114 0.093750
v 2.627000 2.996114 0.093750
v 2.627000 3.470000 0.093750
v 2.627000 3.470000 0.098250
v 2.627000 2.996114 0.098250
v 2.490000 3.471000 0.097750
v 2.625000 3.471000 0.097750
v 2.625000 3.471000 0.094250
v 2.490000 3.471000 0.094250
v 2.488000 3.056702 0.126250
v 2.488000 3.470000 0.126250
v 2.488000 3.470000 0.121750
v 2.488000 3.056702 0.121750
v 2.627000 3.056702 0.121750
v 2.627000 3.470000 0.121750
v 2.627000 3.470000 0.126250
v 2.627000 3.056702 0.126250
v 2.490000 3.471000 0.125750
v 2.625000 3.471000 0.125750
v 2.625000 3.471000 0.122250
v 2.490000 3.471000 0.122250
v 2.488000 3.117290 0.154250
v 2.488000 3.470000 0.154250
v 2.488000 3.470000 0.149750
v 2.488000 3.117290 0.149750
v 2.627000 3.117290 0.149750
v 2.627000 3.470000 0.149750
v 2.627000 3.470000 0.154250
v 2.627000 3.117290 0.154250
v 2.490000 3.471000 0.153750
v 2.625000 3.471000 0.153750
v 2.625000 3.471000 0.150250
v 2.490000 3.471000 0.150250
v 2.488000 3.177878 0.182250
v 2.488000 3.470000 0.182250
v 2.488000 3.470000 0.177750
v 2.488000 3.177878 0.177750
v 2.627000 3.177878 0.177750
v 2.627000 3.470000 0.177750
v 2.627000 3.470000 0.182250
v 2.627000 3.177878 0.182250
v 2.490000 3.471000 0.181750
v 2.625000 3.471000 0.181750
v 2.625000 3.471000 0.178250
v 2.490000 3.471000 0.178250
v 2.488000 3.238467 0.210250
v 2.488000 3.470000 0.210250
v 2.488000 3.470000 0.205750
v 2.488000 3.238467 0.205750
v 2.627000 3.238467 0.205750
v 2.627000 3.470000 0.205750
v 2.627000 3.470000 0.210250
v 2.627000 3.238467 0.210250
v 2.490000 3.471000 0.209750
v 2.625000 3.471000 0.209750
v 2.625000 3.471000 0.206250
v 2.490000 3.471000 0.206250
v 2.488000 3.299055 0.238250
v 2.488000 3.470000 0.238250
v 2.488000 3.470000 0.233750
v 2.488000 3.299055 0.233750
v 2.627000 3.299055 0.233750
v 2.627000 3.470000 0.233750
v 2.627000 3.470000 0.238250
v 2.627000 3.299055 0.238250
v 2.490000 3.471000 0.237750
v 2.625000 3.471000 0.237750
v 2.625000 3.471000 0.234250
v 2.490000 3.471000 0.234250
v 2.488000 3.359643 0.266250
v 2.488000 3.470000 0.266250
v 2.488000 3.470000 0.261750
v 2.488000 3.359643 0.261750
v 2.627000 3.359643 0.261750
v 2.627000 3.470000 0.261750
v 2.627000 3.470000 0.266250
v 2.627000 3.359643 0.266250
v 2.490000 3.471000 0.265750
v 2.625000 3.471000 0.265750
v 2.625000 3.471000 0.262250
v 2.490000 3.471000 0.262250
v 2.488000 3.420231 0.294250
v 2.488000 3.470000 0.294250
v 2.488000 3.470000 0.289750
v 2.488000 3.420231 0.289750
v 2.627000 3.420231 0.289750
v 2.627000 3.470000 0.289750
v 2.627000 3.470000 0.294250
v 2.627000 3.420231 0.294250
v 2.490000 3.471000 0.293750
v 2.625000 3.471000 0.293750
v 2.625000 3.471000 0.290250
v 2.490000 3.471000 0.290250
v 2.524031 3.002211 0.103318
v 2.541250 3.001750 0.103105
v 2.541250 3.004250 0.104260
v 2.525969 3.003789 0.104047
v 2.541250 3.001750 0.103105
v 2.557500 3.001750 0.103105
v 2.557500 3.004250 0.104260
v 2.541250 3.004250 0.104260
v 2.557500 3.001750 0.103105
v 2.573750 3.001750 0.103105
v 2.573750 3.004250 0.104260
v 2.557500 3.004250 0.104260
v 2.573750 3.001750 0.103105
v 2.590969 3.002211 0.103318
v 2.589031 3.003789 0.104047
v 2.573750 3.004250 0.104260
v 2.590969 3.002211 0.103318
v 2.591250 3.022952 0.112903
v 2.588750 3.022952 0.112903
v 2.589031 3.003789 0.104047
v 2.591250 3.022952 0.112903
v 2.591250 3.042905 0.122124
v 2.588750 3.042905 0.122124
v 2.588750 3.022952 0.112903
v 2.591250 3.042905 0.122124
v 2.591250 3.062857 0.131345
v 2.588750 3.062857 0.131345
v 2.588750 3.042905 0.122124
v 2.591250 3.062857 0.131345
v 2.591250 3.082809 0.140565
v 2.588750 3.082809 0.140565
v 2.588750 3.062857 0.131345
v 2.591250 3.082809 0.140565
v 2.591250 3.102762 0.149786
v 2.588750 3.102762 0.149786
v 2.588750 3.082809 0.140565
v 2.591250 3.102762 0.149786
v 2.591250 3.122714 0.159007
v 2.588750 3.122714 0.159007
v 2.588750 3.102762 0.149786
v 2.591250 3.122714 0.159007
v 2.591250 3.142667 0.168228
v 2.588750 3.142667 0.168228
v 2.588750 3.122714 0.159007
v 2.591250 3.142667 0.168228
v 2.591250 3.162619 0.177448
v 2.588750 3.162619 0.177448
v 2.588750 3.142667 0.168228
v 2.591250 3.162619 0.177448
v 2.591250 3.182571 0.186669
v 2.588750 3.182571 0.186669
v 2.588750 3.162619 0.177448
v 2.591250 3.182571 0.186669
v 2.591250 3.202524 0.195890
v 2.588750 3.202524 0.195890
v 2.588750 3.182571 0.186669
v 2.591250 3.202524 0.195890
v 2.591250 3.222476 0.205110
v 2.588750 3.222476 0.205110
v 2.588750 3.202524 0.195890
v 2.591250 3.222476 0.205110
v 2.591250 3.242429 0.214331
v 2.588750 3.242429 0.214331
v 2.588750 3.222476 0.205110
v 2.591250 3.242429 0.214331
v 2.591250 3.262381 0.223552
v 2.588750 3.262381 0.223552
v 2.588750 3.242429 0.214331
v 2.591250 3.262381 0.223552
v 2.591250 3.282333 0.232772
v 2.588750 3.282333 0.232772
v 2.588750 3.262381 0.223552
v 2.591250 3.282333 0.232772
v 2.591250 3.302286 0.241993
v 2.588750 3.302286 0.241993
v 2.588750 3.282333 0.232772
v 2.591250 3.302286 0.241993
v 2.591250 3.322238 0.251214
v 2.588750 3.322238 0.251214
v 2.588750 3.302286 0.241993
v 2.591250 3.322238 0.251214
v 2.591250 3.342191 0.260435
v 2.588750 3.342191 0.260435
v 2.588750 3.322238 0.251214
v 2.591250 3.342191 0.260435
v 2.591250 3.362143 0.269655
v 2.588750 3.362143 0.269655
v 2.588750 3.342191 0.260435
v 2.591250 3.362143 0.269655
v 2.591250 3.382095 0.278876
v 2.588750 3.382095 0.278876
v 2.588750 3.362143 0.269655
v 2.591250 3.382095 0.278876
v 2.591250 3.402048 0.288097
v 2.588750 3.402048 0.288097
v 2.588750 3.382095 0.278876
v 2.591250 3.402048 0.288097
v 2.590969 3.422789 0.297682
v 2.589031 3.421211 0.296953
v 2.588750 3.402048 0.288097
v 2.590969 3.422789 0.297682
v 2.573750 3.423250 0.297895
v 2.573750 3.420750 0.296740
v 2.589031 3.421211 0.296953
v 2.573750 3.423250 0.297895
v 2.557500 3.423250 0.297895
v 2.557500 3.420750 0.296740
v 2.573750 3.420750 0.296740
v 2.557500 3.423250 0.297895
v 2.541250 3.423250 0.297895
v 2.541250 3.420750 0.296740
v 2.557500 3.420750 0.296740
v 2.541250 3.423250 0.297895
v 2.524031 3.422789 0.297682
v 2.525969 3.421211 0.296953
v 2.541250 3.420750 0.296740
v 2.524031 3.422789 0.297682
v 2.523750 3.402048 0.288097
v 2.526250 3.402048 0.288097
v 2.525969 3.421211 0.296953
v 2.523750 3.402048 0.288097
v 2.523750 3.382095 0.278876
v 2.526250 3.382095 0.278876
v 2.526250 3.402048 0.288097
v 2.523750 3.382095 0.278876
v 2.523750 3.362143 0.269655
v 2.526250 3.362143 0.269655
v 2.526250 3.382095 0.278876
v 2.523750 3.362143 0.269655
v 2.523750 3.342191 0.260435
v 2.526250 3.342191 0.260435
v 2.526250 3.362143 0.269655
v 2.523750 3.342191 0.260435
v 2.523750 3.322238 0.251214
v 2.526250 3.322238 0.251214
v 2.526250 3.342191 0.260435
v 2.523750 3.322238 0.251214
v 2.523750 3.302286 0.241993
v 2.526250 3.302286 0.241993
v 2.526250 3.322238 0.251214
v 2.523750 3.302286 0.241993
v 2.523750 3.282333 0.232772
v 2.526250 3.282333 0.232772
v 2.526250 3.302286 0.241993
v 2.523750 3.282333 0.232772
v 2.523750 3.262381 0.223552
v 2.526250 3.262381 0.223552
v 2.526250 3.282333 0.232772
v 2.523750 3.262381 0.223552
v 2.523750 3.242429 0.214331
v 2.526250 3.242429 0.214331
v 2.526250 3.262381 0.223552
v 2.523750 3.242429 0.214331
v 2.523750 3.222476 0.205110
v 2.526250 3.222476 0.205110
v 2.526250 3.242429 0.214331
v 2.523750 3.222476 0.205110
v 2.523750 3.202524 0.195890
v 2.526250 3.202524 0.195890
v 2.526250 3.222476 0.205110
v 2.523750 3.202524 0.195890
v 2.523750 3.182571 0.186669
v 2.526250 3.182571 0.186669
v 2.526250 3.202524 0.195890
v 2.523750 3.182571 0.186669
v 2.523750 3.162619 0.177448
v 2.526250 3.162619 0.177448
v 2.526250 3.182571 0.186669
v 2.523750 3.162619 0.177448
v 2.523750 3.142667 0.168228
v 2.526250 3.142667 0.168228
v 2.526250 3.162619 0.177448
v 2.523750 3.142667 0.168228
v 2.523750 3.122714 0.159007
v 2.526250 3.122714 0.159007
v 2.526250 3.142667 0.168228
v 2.523750 3.122714 0.159007
v 2.523750 3.102762 0.149786
v 2.526250 3.102762 0.149786
v 2.526250 3.122714 0.159007
v 2.523750 3.102762 0.149786
v 2.523750 3.082809 0.140565
v 2.526250 3.082809 0.140565
v 2.526250 3.102762 0.149786
v 2.523750 3.082809 0.140565
v 2.523750 3.062857 0.131345
v 2.526250 3.062857 0.131345
v 2.526250 3.082809 0.140565
v 2.523750 3.062857 0.131345
v 2.523750 3.042905 0.122124
v 2.526250 3.042905 0.122124
v 2.526250 3.062857 0.131345
v 2.523750 3.042905 0.122124
v 2.523750 3.022952 0.112903
v 2.526250 3.022952 0.112903
v 2.526250 3.042905 0.122124
v 2.523750 3.022952 0.112903
v 2.524031 3.002211 0.103318
v 2.525969 3.003789 0.104047
v 2.526250 3.022952 0.112903
v 2.499000 2.827500 0.015000
v 2.499000 2.912500 0.015000
v 2.581000 2.912500 0.015000
v 2.581000 2.827500 0.015000
v 2.499000 2.827500 0.083000
v 2.581000 2.827500 0.083000
v 2.581000 2.912500 0.083000
v 2.499000 2.912500 0.083000
v 2.499000 2.827500 0.015000
v 2.581000 2.827500 0.015000
v 2.581000 2.827500 0.083000
v 2.499000 2.827500 0.083000
v 2.581000 2.827500 0.015000
v 2.581000 2.912500 0.015000
v 2.581000 2.912500 0.083000
v 2.581000 2.827500 0.083000
v 2.581000 2.912500 0.015000
v 2.499000 2.912500 0.015000
v 2.499000 2.912500 0.083000
v 2.581000 2.912500 0.083000
v 2.499000 2.912500 0.015000
v 2.499000 2.827500 0.015000
v 2.499000 2.827500 0.083000
v 2.499000 2.912500 0.083000
vn 0.000000 -1.000000 0.000000
vn 0.000000 -1.000000 0.000000
vn 0.000000 -1.000000 0.000000
vn 0.000000 -1.000000 0.000000
vn 0.000000 -1.000000 0.000000
vn 0.000000 -1.000000 0.000000
vn 0.000000 -1.000000 0.000000
vn 0.000000 -1.000000 0.000000
vn 0.000000 -1.000000 0.000000
vn 0.000000 -1.000000 0.000000
vn 0.000000 -1.000000 0.000000
vn 0.000000 -1.000000 0.000000
vn 0.000000 -1.000000 0.000000
vn 0.000000 -1.000000 0.000000
vn 0.000000 -1.000000 0.000000
vn 0.000000 -1.000000 0.000000
vn 0.000000 -1.000000 0.000000
vn 0.000000 -1.000000 0.000000
vn 0.000000 -1.000000 0.000000
vn 0.000000 -1.000000 0.000000
vn 0.000000 -1.000000 0.000000
vn 0.000000 -1.000000 0.000000
vn 0.000000 -1.000000 0.000000
vn 0.000000 -1.000000 0.000000
vn 0.000000 -1.000000 0.000000
vn 0.000000 -1.000000 0.000000
vn 0.000000 -1.000000 0.000000
vn 0.000000 -1.000000 0.000000
vn 0.000000 -1.000000 0.000000
vn 0.000000 -1.000000 0.000000
vn 0.000000 -1.000000 0.000000
vn 0.000000 -1.000000 0.000000
vn 0.000000 -1.000000 0.000000
vn 0.000000 -1.000000 0.000000
vn 0.000000 -1.000000 0.000000
vn 0.000000 -1.000000 0.000000
vn 0.000000 -1.000000 0.000000
vn 0.000000 -1.000000 0.000000
vn 0.000000 -1.000000 0.000000
vn 0.000000 -1.000000 0.000000
vn 0.000000 -1.000000 0.000000
vn 0.000000 -1.000000 0.000000
vn 0.000000 -1.000000 0.000000
vn 0.000000 -1.000000 0.000000
vn 1.000000 0.000000 0.000000
vn 1.000000 0.000000 0.000000
vn 1.000000 0.000000 0.000000
vn 1.000000 0.000000 0.000000
vn 1.000000 0.000000 0.000000
vn 1.000000 0.000000 0.000000
vn 1.000000 0.000000 0.000000
vn 1.000000 0.000000 0.000000
vn 1.000000 0.000000 0.000000
vn 1.000000 0.000000 0.000000
vn 1.000000 0.000000 0.000000
vn 1.000000 0.000000 0.000000
vn 1.000000 0.000000 0.000000
vn 1.000000 0.000000 0.000000
vn 1.000000 0.000000 0.000000
vn 1.000000 0.000000 0.000000
vn 1.000000 0.000000 0.000000
vn 1.000000 0.000000 0.000000
vn 1.000000 0.000000 0.000000
vn 1.000000 0.000000 0.000000
vn 1.000000 0.000000 0.000000
vn 1.000000 0.000000 0.000000
vn 1.000000 0.000000 0.000000
vn 1.000000 0.000000 0.000000
vn 1.000000 0.000000 0.000000
vn 1.000000 0.000000 0.000000
vn 1.000000 0.000000 0.000000
vn 1.000000 0.000000 0.000000
vn 1.000000 0.000000 0.000000
vn 1.000000 0.000000 0.000000
vn 1.000000 0.000000 0.000000
vn 1.000000 0.000000 0.000000
vn 1.000000 0.000000 0.000000
vn 1.000000 0.000000 0.000000
vn 1.000000 0.000000 0.000000
vn 1.000000 0.000000 0.000000
vn 1.000000 0.000000 0.000000
vn 1.000000 0.000000 0.000000
vn 1.000000 0.000000 0.000000
vn 1.000000 0.000000 0.000000
vn 1.000000 0.000000 0.000000
vn 1.000000 0.000000 0.000000
vn 1.000000 0.000000 0.000000
vn 1.000000 0.000000 0.000000
vn 1.000000 0.000000 0.000000
vn 1.000000 0.000000 0.000000
vn 1.000000 0.000000 0.000000
vn 1.000000 0.000000 0.000000
vn 1.000000 0.000000 0.000000
vn 1.000000 0.000000 0.000000
vn 1.000000 0.000000 0.000000
vn 1.000000 0.000000 0.000000
vn 1.000000 0.000000 0.000000
vn 1.000000 0.000000 0.000000
vn 1.000000 0.000000 0.000000
vn 1.000000 0.000000 0.000000
vn 1.000000 0.000000 0.000000
vn 1.000000 0.000000 0.000000
vn 1.000000 0.000000 0.000000
vn 1.000000 0.000000 0.000000
vn 1.000000 0.000000 0.000000
vn 1.000000 0.000000 0.000000
vn 1.000000 0.000000 0.000000
vn 1.000000 0.000000 0.000000
vn 1.000000 0.000000 0.000000
vn 1.000000 0.000000 0.000000
vn 1.000000 0.000000 0.000000
vn 1.000000 0.000000 0.000000
vn 1.000000 0.000000 0.000000
vn 1.000000 0.000000 0.000000
vn 1.000000 0.000000 0.000000
vn 1.000000 0.000000 0.000000
vn 1.000000 0.000000 0.000000
vn 1.000000 0.000000 0.000000
vn 1.000000 0.000000 0.000000
vn 1.000000 0.000000 0.000000
vn 1.000000 0.000000 0.000000
vn 1.000000 0.000000 0.000000
vn 1.000000 0.000000 0.000000
vn 1.000000 0.000000 0.000000
vn 1.000000 0.000000 0.000000
vn 1.000000 0.000000 0.000000
vn 1.000000 0.000000 0.000000
vn 1.000000 0.000000 0.000000
vn 1.000000 0.000000 0.000000
vn 1.000000 0.000000 0.000000
vn 1.000000 0.000000 0.000000
vn 1.000000 0.000000 0.000000
vn 1.000000 0.000000 0.000000
vn 1.000000 0.000000 0.000000
vn 1.000000 0.000000 0.000000
vn 1.000000 0.000000 0.000000
vn 1.000000 0.000000 0.000000
vn 1.000000 0.000000 0.000000
vn 1.000000 0.000000 0.000000
vn 1.000000 0.000000 0.000000
vn 1.000000 0.000000 0.000000
vn 1.000000 0.000000 0.000000
vn 1.000000 0.000000 0.000000
vn 1.000000 0.000000 0.000000
vn 1.000000 0.000000 0.000000
vn 1.000000 0.000000 0.000000
vn 1.000000 0.000000 0.000000
vn 1.000000 0.000000 0.000000
vn 1.000000 0.000000 0.000000
vn 1.000000 0.000000 0.000000
vn 1.000000 0.000000 0.000000
vn 1.000000 0.000000 0.000000
vn 1.000000 0.000000 0.000000
vn 1.000000 0.000000 0.000000
vn 1.000000 0.000000 0.000000
vn 1.000000 0.000000 0.000000
vn 1.000000 0.000000 0.000000
vn 1.000000 0.000000 0.000000
vn 1.000000 0.000000 0.000000
vn 1.000000 0.000000 0.000000
vn 1.000000 0.000000 0.000000
vn 1.000000 0.000000 0.000000
vn 1.000000 0.000000 0.000000
vn 1.000000 0.000000 0.000000
vn 0.000000 1.000000 0.000000
vn 0.000000 1.000000 0.000000
vn 0.000000 1.000000 0.000000
vn 0.000000 1.000000 0.000000
vn 0.000000 1.000000 0.000000
vn 0.000000 1.000000 0.000000
vn 0.000000 1.000000 0.000000
vn 0.000000 1.000000 0.000000
vn 0.000000 1.000000 0.000000
vn 0.000000 1.000000 0.000000
vn 0.000000 1.000000 0.000000
vn 0.000000 1.000000 0.000000
vn 0.000000 1.000000 0.000000
vn 0.000000 1.000000 0.000000
vn 0.000000 1.000000 0.000000
vn 0.000000 1.000000 0.000000
vn 0.000000 1.000000 0.000000
vn 0.000000 1.000000 0.000000
vn 0.000000 1.000000 0.000000
vn 0.000000 1.000000 0.000000
vn 0.000000 1.000000 0.000000
vn 0.000000 1.000000 0.000000
vn 0.000000 1.000000 0.000000
vn 0.000000 1.000000 0.000000
vn 0.000000 1.000000 0.000000
vn 0.000000 1.000000 0.000000
vn 0.000000 1.000000 0.000000
vn 0.000000 1.000000 0.000000
vn 0.000000 1.000000 0.000000
vn 0.000000 1.000000 0.000000
vn 0.000000 1.000000 0.000000
vn 0.000000 1.000000 0.000000
vn 0.000000 1.000000 0.000000
vn 0.000000 1.000000 0.000000
vn 0.000000 1.000000 0.000000
vn 0.000000 1.000000 0.000000
vn 0.000000 1.000000 0.000000
vn 0.000000 1.000000 0.000000
vn 0.000000 1.000000 0.000000
vn 0.000000 1.000000 0.000000
vn 0.000000 1.000000 0.000000
vn 0.000000 1.000000 0.000000
vn 0.000000 1.000000 0.000000
vn 0.000000 1.000000 0.000000
vn -1.000000 0.000000 0.000000
vn -1.000000 0.000000 0.000000
vn -1.000000 0.000000 0.000000
vn -1.000000 0.000000 0.000000
vn -1.000000 0.000000 0.000000
vn -1.000000 0.000000 0.000000
vn -1.000000 0.000000 0.000000
vn -1.000000 0.000000 0.000000
vn -1.000000 0.000000 0.000000
vn -1.000000 0.000000 0.000000
vn -1.000000 0.000000 0.000000
vn -1.000000 0.000000 0.000000
vn -1.000000 0.000000 0.000000
vn -1.000000 0.000000 0.000000
vn -1.000000 0.000000 0.000000
vn -1.000000 0.000000 0.000000
vn -1.000000 0.000000 0.000000
vn -1.000000 0.000000 0.000000
vn -1.000000 0.000000 0.000000
vn -1.000000 0.000000 0.000000
vn -1.000000 0.000000 0.000000
vn -1.000000 0.000000 0.000000
vn -1.000000 0.000000 0.000000
vn -1.000000 0.000000 0.000000
vn -1.000000 0.000000 0.000000
vn -1.000000 0.000000 0.000000
vn -1.000000 0.000000 0.000000
vn -1.000000 0.000000 0.000000
vn -1.000000 0.000000 0.000000
vn -1.000000 0.000000 0.000000
vn -1.000000 0.000000 0.000000
vn -1.000000 0.000000 0.000000
vn -1.000000 0.000000 0.000000
vn -1.000000 0.000000 0.000000
vn -1.000000 0.000000 0.000000
vn -1.000000 0.000000 0.000000
vn -1.000000 0.000000 0.000000
vn -1.000000 0.000000 0.000000
vn -1.000000 0.000000 0.000000
vn -1.000000 0.000000 0.000000
vn -1.000000 0.000000 0.000000
vn -1.000000 0.000000 0.000000
vn -1.000000 0.000000 0.000000
vn -1.000000 0.000000 0.000000
vn -1.000000 0.000000 0.000000
vn -1.000000 0.000000 0.000000
vn -1.000000 0.000000 0.000000
vn -1.000000 0.000000 0.000000
vn -1.000000 0.000000 0.000000
vn -1.000000 0.000000 0.000000
vn -1.000000 0.000000 0.000000
vn -1.000000 0.000000 0.000000
vn -1.000000 0.000000 0.000000
vn -1.000000 0.000000 0.000000
vn -1.000000 0.000000 0.000000
vn -1.000000 0.000000 0.000000
vn -1.000000 0.000000 0.000000
vn -1.000000 0.000000 0.000000
vn -1.000000 0.000000 0.000000
vn -1.000000 0.000000 0.000000
vn -1.000000 0.000000 0.000000
vn -1.000000 0.000000 0.000000
vn -1.000000 0.000000 0.000000
vn -1.000000 0.000000 0.000000
vn -1.000000 0.000000 0.000000
vn -1.000000 0.000000 0.000000
vn -1.000000 0.000000 0.000000
vn -1.000000 0.000000 0.000000
vn -1.000000 0.000000 0.000000
vn -1.000000 0.000000 0.000000
vn -1.000000 0.000000 0.000000
vn -1.000000 0.000000 0.000000
vn -1.000000 0.000000 0.000000
vn -1.000000 0.000000 0.000000
vn -1.000000 0.000000 0.000000
vn -1.000000 0.000000 0.000000
vn -1.000000 0.000000 0.000000
vn -1.000000 0.000000 0.000000
vn -1.000000 0.000000 0.000000
vn -1.000000 0.000000 0.000000
vn -1.000000 0.000000 0.000000
vn -1.000000 0.000000 0.000000
vn -1.000000 0.000000 0.000000
vn -1.000000 0.000000 0.000000
vn -1.000000 0.000000 0.000000
vn -1.000000 0.000000 0.000000
vn -1.000000 0.000000 0.000000
vn -1.000000 0.000000 0.000000
vn -1.000000 0.000000 0.000000
vn -1.000000 0.000000 0.000000
vn -1.000000 0.000000 0.000000
vn -1.000000 0.000000 0.000000
vn -1.000000 0.000000 0.000000
vn -1.000000 0.000000 0.000000
vn -1.000000 0.000000 0.000000
vn -1.000000 0.000000 0.000000
vn -1.000000 0.000000 0.000000
vn -1.000000 0.000000 0.000000
vn -1.000000 0.000000 0.000000
vn -1.000000 0.000000 0.000000
vn -1.000000 0.000000 0.000000
vn -1.000000 0.000000 0.000000
vn -1.000000 0.000000 0.000000
vn -1.000000 0.000000 0.000000
vn -1.000000 0.000000 0.000000
vn -1.000000 0.000000 0.000000
vn -1.000000 0.000000 0.000000
vn -1.000000 0.000000 0.000000
vn -1.000000 0.000000 0.000000
vn -1.000000 0.000000 0.000000
vn -1.000000 0.000000 0.000000
vn -1.000000 0.000000 0.000000
vn -1.000000 0.000000 0.000000
vn -1.000000 0.000000 0.000000
vn -1.000000 0.000000 0.000000
vn -1.000000 0.000000 0.000000
vn -1.000000 0.000000 0.000000
vn -1.000000 0.000000 0.000000
vn -1.000000 0.000000 0.000000
vn -1.000000 0.000000 0.000000
vn 0.000000 -1.000000 0.000000
vn 0.000000 -1.000000 0.000000
vn 0.000000 -1.000000 0.000000
vn 0.000000 -1.000000 0.000000
vn 0.000000 -1.000000 0.000000
vn 0.000000 -1.000000 0.000000
vn 0.000000 -1.000000 0.000000
vn 0.000000 -1.000000 0.000000
vn 0.000000 -1.000000 0.000000
vn 0.000000 -1.000000 0.000000
vn 0.000000 -1.000000 0.000000
vn 0.000000 -1.000000 0.000000
vn 0.000000 -1.000000 0.000000
vn 0.000000 -1.000000 0.000000
vn 0.000000 -1.000000 0.000000
vn 0.000000 -1.000000 0.000000
vn 0.000000 -1.000000 0.000000
vn 0.000000 -1.000000 0.000000
vn 0.000000 -1.000000 0.000000
vn 0.000000 -1.000000 0.000000
vn 0.000000 -1.000000 0.000000
vn 0.000000 -1.000000 0.000000
vn 0.000000 -1.000000 0.000000
vn 0.000000 -1.000000 0.000000
vn 0.000000 -1.000000 0.000000
vn 0.000000 -1.000000 0.000000
vn 0.000000 -1.000000 0.000000
vn 0.000000 -1.000000 0.000000
vn 0.000000 -1.000000 0.000000
vn 0.000000 -1.000000 0.000000
vn 0.000000 -1.000000 0.000000
vn 0.000000 -1.000000 0.000000
vn 0.000000 -1.000000 0.000000
vn 0.000000 -1.000000 0.000000
vn 0.000000 -1.000000 0.000000
vn 0.000000 -1.000000 0.000000
vn 0.000000 -1.000000 0.000000
vn 0.000000 -1.000000 0.000000
vn 0.000000 -1.000000 0.000000
vn 0.000000 -1.000000 0.000000
vn 0.000000 -1.000000 0.000000
vn 0.000000 -1.000000 0.000000
vn 0.000000 -1.000000 0.000000
vn 0.000000 -1.000000 0.000000
vn 0.000000 -1.000000 0.000000
vn 0.000000 -1.000000 0.000000
vn 0.000000 -1.000000 0.000000
vn 0.000000 -1.000000 0.000000
vn 0.000000 -1.000000 0.000000
vn 0.000000 -1.000000 0.000000
vn 0.000000 -1.000000 0.000000
vn 0.000000 -1.000000 0.000000
vn 0.000000 -1.000000 0.000000
vn 0.000000 -1.000000 0.000000
vn 0.000000 -1.000000 0.000000
vn 0.000000 -1.000000 0.000000
vn 0.000000 -1.000000 0.000000
vn 0.000000 -1.000000 0.000000
vn 0.000000 -1.000000 0.000000
vn 0.000000 -1.000000 0.000000
vn 0.000000 -1.000000 0.000000
vn 0.000000 -1.000000 0.000000
vn 0.000000 -1.000000 0.000000
vn 0.000000 -1.000000 0.000000
vn 0.000000 -1.000000 0.000000
vn 0.000000 -1.000000 0.000000
vn 0.000000 -1.000000 0.000000
vn 0.000000 -1.000000 0.000000
vn 0.000000 -1.000000 0.000000
vn 0.000000 -1.000000 0.000000
vn 0.000000 -1.000000 0.000000
vn 0.000000 -1.000000 0.000000
vn 0.000000 -1.000000 0.000000
vn 0.000000 -1.000000 0.000000
vn 0.000000 -1.000000 0.000000
vn 0.000000 -1.000000 0.000000
vn 1.000000 0.000000 0.000000
vn 1.000000 0.000000 0.000000
vn 1.000000 0.000000 0.000000
vn 1.000000 0.000000 0.000000
vn 1.000000 0.000000 0.000000
vn 1.000000 0.000000 0.000000
vn 1.000000 0.000000 0.000000
vn 1.000000 0.000000 0.000000
vn 1.000000 0.000000 0.000000
vn 1.000000 0.000000 0.000000
vn 1.000000 0.000000 0.000000
vn 1.000000 0.000000 0.000000
vn 1.000000 0.000000 0.000000
vn 1.000000 0.000000 0.000000
vn 1.000000 0.000000 0.000000
vn 1.000000 0.000000 0.000000
vn 1.000000 0.000000 0.000000
vn 1.000000 0.000000 0.000000
vn 1.000000 0.000000 0.000000
vn 1.000000 0.000000 0.000000
vn 1.000000 0.000000 0.000000
vn 1.000000 0.000000 0.000000
vn 1.000000 0.000000 0.000000
vn 1.000000 0.000000 0.000000
vn 1.000000 0.000000 0.000000
vn 1.000000 0.000000 0.000000
vn 1.000000 0.000000 0.000000
vn 1.000000 0.000000 0.000000
vn 1.000000 0.000000 0.000000
vn 1.000000 0.000000 0.000000
vn 1.000000 0.000000 0.000000
vn 1.000000 0.000000 0.000000
vn 1.000000 0.000000 0.000000
vn 1.000000 0.000000 0.000000
vn 1.000000 0.000000 0.000000
vn 1.000000 0.000000 0.000000
vn 1.000000 0.000000 0.000000
vn 1.000000 0.000000 0.000000
vn 1.000000 0.000000 0.000000
vn 1.000000 0.000000 0.000000
vn 1.000000 0.000000 0.000000
vn 1.000000 0.000000 0.000000
vn 1.000000 0.000000 0.000000
vn 1.000000 0.000000 0.000000
vn 1.000000 0.000000 0.000000
vn 1.000000 0.000000 0.000000
vn 1.000000 0.000000 0.000000
vn 1.000000 0.000000 0.000000
vn 1.000000 0.000000 0.000000
vn 1.000000 0.000000 0.000000
vn 1.000000 0.000000 0.000000
vn 1.000000 0.000000 0.000000
vn 1.000000 0.000000 0.000000
vn 1.000000 0.000000 0.000000
vn 1.000000 0.000000 0.000000
vn 1.000000 0.000000 0.000000
vn 1.000000 0.000000 0.000000
vn 1.000000 0.000000 0.000000
vn 1.000000 0.000000 0.000000
vn 1.000000 0.000000 0.000000
vn 1.000000 0.000000 0.000000
vn 1.000000 0.000000 0.000000
vn 1.000000 0.000000 0.000000
vn 1.000000 0.000000 0.000000
vn 1.000000 0.000000 0.000000
vn 1.000000 0.000000 0.000000
vn 1.000000 0.000000 0.000000
vn 1.000000 0.000000 0.000000
vn 1.000000 0.000000 0.000000
vn 1.000000 0.000000 0.000000
vn 1.000000 0.000000 0.000000
vn 1.000000 0.000000 0.000000
vn 1.000000 0.000000 0.000000
vn 1.000000 0.000000 0.000000
vn 1.000000 0.000000 0.000000
vn 1.000000 0.000000 0.000000
vn 1.000000 0.000000 0.000000
vn 1.000000 0.000000 0.000000
vn 1.000000 0.000000 0.000000
vn 1.000000 0.000000 0.000000
vn 1.000000 0.000000 0.000000
vn 1.000000 0.000000 0.000000
vn 1.000000 0.000000 0.000000
vn 1.000000 0.000000 0.000000
vn 1.000000 0.000000 0.000000
vn 1.000000 0.000000 0.000000
vn 1.000000 0.000000 0.000000
vn 1.000000 0.000000 0.000000
vn 1.000000 0.000000 0.000000
vn 1.000000 0.000000 0.000000
vn 1.000000 0.000000 0.000000
vn 1.000000 0.000000 0.000000
vn 1.000000 0.000000 0.000000
vn 1.000000 0.000000 0.000000
vn 1.000000 0.000000 0.000000
vn 1.000000 0.000000 0.000000
vn 0.000000 1.000000 0.000000
vn 0.000000 1.000000 0.000000
vn 0.000000 1.000000 0.000000
vn 0.000000 1.000000 0.000000
vn 0.000000 1.000000 0.000000
vn 0.000000 1.000000 0.000000
vn 0.000000 1.000000 0.000000
vn 0.000000 1.000000 0.000000
vn 0.000000 1.000000 0.000000
vn 0.000000 1.000000 0.000000
vn 0.000000 1.000000 0.000000
vn 0.000000 1.000000 0.000000
vn 0.000000 1.000000 0.000000
vn 0.000000 1.000000 0.000000
vn 0.000000 1.000000 0.000000
vn 0.000000 1.000000 0.000000
vn 0.000000 1.000000 0.000000
vn 0.000000 1.000000 0.000000
vn 0.000000 1.000000 0.000000
vn 0.000000 1.000000 0.000000
vn 0.000000 1.000000 0.000000
vn 0.000000 1.000000 0.000000
vn 0.000000 1.000000 0.000000
vn 0.000000 1.000000 0.000000
vn 0.000000 1.000000 0.000000
vn 0.000000 1.000000 0.000000
vn 0.000000 1.000000 0.000000
vn 0.000000 1.000000 0.000000
vn 0.000000 1.000000 0.000000
vn 0.000000 1.000000 0.000000
vn 0.000000 1.000000 0.000000
vn 0.000000 1.000000 0.000000
vn 0.000000 1.000000 0.000000
vn 0.000000 1.000000 0.000000
vn 0.000000 1.000000 0.000000
vn 0.000000 1.000000 0.000000
vn 0.000000 1.000000 0.000000
vn 0.000000 1.000000 0.000000
vn 0.000000 1.000000 0.000000
vn 0.000000 1.000000 0.000000
vn 0.000000 1.000000 0.000000
vn 0.000000 1.000000 0.000000
vn 0.000000 1.000000 0.000000
vn 0.000000 1.000000 0.000000
vn 0.000000 1.000000 0.000000
vn 0.000000 1.000000 0.000000
vn 0.000000 1.000000 0.000000
vn 0.000000 1.000000 0.000000
vn 0.000000 1.000000 0.000000
vn 0.000000 1.000000 0.000000
vn 0.000000 1.000000 0.000000
vn 0.000000 1.000000 0.000000
vn 0.000000 1.000000 0.000000
vn 0.000000 1.000000 0.000000
vn 0.000000 1.000000 0.000000
vn 0.000000 1.000000 0.000000
vn 0.000000 1.000000 0.000000
vn 0.000000 1.000000 0.000000
vn 0.000000 1.000000 0.000000
vn 0.000000 1.000000 0.000000
vn 0.000000 1.000000 0.000000
vn 0.000000 1.000000 0.000000
vn 0.000000 1.000000 0.000000
vn 0.000000 1.000000 0.000000
vn 0.000000 1.000000 0.000000
vn 0.000000 1.000000 0.000000
vn 0.000000 1.000000 0.000000
vn 0.000000 1.000000 0.000000
vn 0.000000 1.000000 0.000000
vn 0.000000 1.000000 0.000000
vn 0.000000 1.000000 0.000000
vn 0.000000 1.000000 0.000000
vn 0.000000 1.000000 0.000000
vn 0.000000 1.000000 0.000000
vn 0.000000 1.000000 0.000000
vn 0.000000 1.000000 0.000000
vn -1.000000 0.000000 0.000000
vn -1.000000 0.000000 0.000000
vn -1.000000 0.000000 0.000000
vn -1.000000 0.000000 0.000000
vn -1.000000 0.000000 0.000000
vn -1.000000 0.000000 0.000000
vn -1.000000 0.000000 0.000000
vn -1.000000 0.000000 0.000000
vn -1.000000 0.000000 0.000000
vn -1.000000 0.000000 0.000000
vn -1.000000 0.000000 0.000000
vn -1.000000 0.000000 0.000000
vn -1.000000 0.000000 0.000000
vn -1.000000 0.000000 0.000000
vn -1.000000 0.000000 0.000000
vn -1.000000 0.000000 0.000000
vn -1.000000 0.000000 0.000000
vn -1.000000 0.000000 0.000000
vn -1.000000 0.000000 0.000000
vn -1.000000 0.000000 0.000000
vn -1.000000 0.000000 0.000000
vn -1.000000 0.000000 0.000000
vn -1.000000 0.000000 0.000000
vn -1.000000 0.000000 0.000000
vn -1.000000 0.000000 0.000000
vn -1.000000 0.000000 0.000000
vn -1.000000 0.000000 0.000000
vn -1.000000 0.000000 0.000000
vn -1.000000 0.000000 0.000000
vn -1.000000 0.000000 0.000000
vn -1.000000 0.000000 0.000000
vn -1.000000 0.000000 0.000000
vn -1.000000 0.000000 0.000000
vn -1.000000 0.000000 0.000000
vn -1.000000 0.000000 0.000000
vn -1.000000 0.000000 0.000000
vn -1.000000 0.000000 0.000000
vn -1.000000 0.000000 0.000000
vn -1.000000 0.000000 0.000000
vn -1.000000 0.000000 0.000000
vn -1.000000 0.000000 0.000000
vn -1.000000 0.000000 0.000000
vn -1.000000 0.000000 0.000000
vn -1.000000 0.000000 0.000000
vn -1.000000 0.000000 0.000000
vn -1.000000 0.000000 0.000000
vn -1.000000 0.000000 0.000000
vn -1.000000 0.000000 0.000000
vn -1.000000 0.000000 0.000000
vn -1.000000 0.000000 0.000000
vn -1.000000 0.000000 0.000000
vn -1.000000 0.000000 0.000000
vn -1.000000 0.000000 0.000000
vn -1.000000 0.000000 0.000000
vn -1.000000 0.000000 0.000000
vn -1.000000 0.000000 0.000000
vn -1.000000 0.000000 0.000000
vn -1.000000 0.000000 0.000000
vn -1.000000 0.000000 0.000000
vn -1.000000 0.000000 0.000000
vn -1.000000 0.000000 0.000000
vn -1.000000 0.000000 0.000000
vn -1.000000 0.000000 0.000000
vn -1.000000 0.000000 0.000000
vn -1.000000 0.000000 0.000000
vn -1.000000 0.000000 0.000000
vn -1.000000 0.000000 0.000000
vn -1.000000 0.000000 0.000000
vn -1.000000 0.000000 0.000000
vn -1.000000 0.000000 0.000000
vn -1.000000 0.000000 0.000000
vn -1.000000 0.000000 0.000000
vn -1.000000 0.000000 0.000000
vn -1.000000 0.000000 0.000000
vn -1.000000 0.000000 0.000000
vn -1.000000 0.000000 0.000000
vn -1.000000 0.000000 0.000000
vn -1.000000 0.000000 0.000000
vn -1.000000 0.000000 0.000000
vn -1.000000 0.000000 0.000000
vn -1.000000 0.000000 0.000000
vn -1.000000 0.000000 0.000000
vn -1.000000 0.000000 0.000000
vn -1.000000 0.000000 0.000000
vn -1.000000 0.000000 0.000000
vn -1.000000 0.000000 0.000000
vn -1.000000 0.000000 0.000000
vn -1.000000 0.000000 0.000000
vn -1.000000 0.000000 0.000000
vn -1.000000 0.000000 0.000000
vn -1.000000 0.000000 0.000000
vn -1.000000 0.000000 0.000000
vn -1.000000 0.000000 0.000000
vn -1.000000 0.000000 0.000000
vn -1.000000 0.000000 0.000000
vn -1.000000 0.000000 0.000000
vn 0.000000 -1.000000 0.000000
vn 0.000000 -1.000000 0.000000
vn 0.000000 -1.000000 0.000000
vn 0.000000 -1.000000 0.000000
vn 0.000000 -1.000000 0.000000
vn 0.000000 -1.000000 0.000000
vn 0.000000 -1.000000 0.000000
vn 0.000000 -1.000000 0.000000
vn 0.000000 -1.000000 0.000000
vn 0.000000 -1.000000 0.000000
vn 0.000000 -1.000000 0.000000
vn 0.000000 -1.000000 0.000000
vn 0.000000 -1.000000 0.000000
vn 0.000000 -1.000000 0.000000
vn 0.000000 -1.000000 0.000000
vn 0.000000 -1.000000 0.000000
vn 0.000000 -1.000000 0.000000
vn 0.000000 -1.000000 0.000000
vn 0.000000 -1.000000 0.000000
vn 0.000000 -1.000000 0.000000
vn 0.000000 -1.000000 0.000000
vn 0.000000 -1.000000 0.000000
vn 0.000000 -1.000000 0.000000
vn 0.000000 -1.000000 0.000000
vn 0.000000 -1.000000 0.000000
vn 0.000000 -1.000000 0.000000
vn 0.000000 -1.000000 0.000000
vn 0.000000 -1.000000 0.000000
vn 0.000000 -1.000000 0.000000
vn 0.000000 -1.000000 0.000000
vn 0.000000 -1.000000 0.000000
vn 0.000000 -1.000000 0.000000
vn 0.000000 -1.000000 0.000000
vn 0.000000 -1.000000 0.000000
vn 0.000000 -1.000000 0.000000
vn 0.000000 -1.000000 0.000000
vn 0.000000 -1.000000 0.000000
vn 0.000000 -1.000000 0.000000
vn 0.000000 -1.000000 0.000000
vn 0.000000 -1.000000 0.000000
vn 0.000000 -1.000000 0.000000
vn 0.000000 -1.000000 0.000000
vn 0.000000 -1.000000 0.000000
vn 0.000000 -1.000000 0.000000
vn 0.000000 -1.000000 0.000000
vn 0.000000 -1.000000 0.000000
vn 0.000000 -1.000000 0.000000
vn 0.000000 -1.000000 0.000000
vn 0.000000 -1.000000 0.000000
vn 0.000000 -1.000000 0.000000
vn 0.000000 -1.000000 0.000000
vn 0.000000 -1.000000 0.000000
vn 0.000000 -1.000000 0.000000
vn 0.000000 -1.000000 0.000000
vn 0.000000 -1.000000 0.000000
vn 0.000000 -1.000000 0.000000
vn 0.000000 -1.000000 0.000000
vn 0.000000 -1.000000 0.000000
vn 0.000000 -1.000000 0.000000
vn 0.000000 -1.000000 0.000000
vn 0.000000 -1.000000 0.000000
vn 0.000000 -1.000000 0.000000
vn 0.000000 -1.000000 0.000000
vn 0.000000 -1.000000 0.000000
vn 0.000000 -1.000000 0.000000
vn 0.000000 -1.000000 0.000000
vn 0.000000 -1.000000 0.000000
vn 0.000000 -1.000000 0.000000
vn 0.000000 -1.000000 0.000000
vn 0.000000 -1.000000 0.000000
vn 0.000000 -1.000000 0.000000
vn 0.000000 -1.000000 0.000000
vn 0.000000 -1.000000 0.000000
vn 0.000000 -1.000000 0.000000
vn 0.000000 -1.000000 0.000000
vn 0.000000 -1.000000 0.000000
vn 1.000000 0.000000 0.000000
vn 1.000000 0.000000 0.000000
vn 1.000000 0.000000 0.000000
vn 1.000000 0.000000 0.000000
vn 1.000000 0.000000 0.000000
vn 1.000000 0.000000 0.000000
vn 1.000000 0.000000 0.000000
vn 1.000000 0.000000 0.000000
vn 1.000000 0.000000 0.000000
vn 1.000000 0.000000 0.000000
vn 1.000000 0.000000 0.000000
vn 1.000000 0.000000 0.000000
vn 1.000000 0.000000 0.000000
vn 1.000000 0.000000 0.000000
vn 1.000000 0.000000 0.000000
vn 1.000000 0.000000 0.000000
vn 1.000000 0.000000 0.000000
vn 1.000000 0.000000 0.000000
vn 1.000000 0.000000 0.000000
vn 1.000000 0.000000 0.000000
vn 1.000000 0.000000 0.000000
vn 1.000000 0.000000 0.000000
vn 1.000000 0.000000 0.000000
vn 1.000000 0.000000 0.000000
vn 1.000000 0.000000 0.000000
vn 1.000000 0.000000 0.000000
vn 1.000000 0.000000 0.000000
vn 1.000000 0.000000 0.000000
vn 1.000000 0.000000 0.000000
vn 1.000000 0.000000 0.000000
vn 1.000000 0.000000 0.000000
vn 1.000000 0.000000 0.000000
vn 1.000000 0.000000 0.000000
vn 1.000000 0.000000 0.000000
vn 1.000000 0.000000 0.000000
vn 1.000000 0.000000 0.000000
vn 1.000000 0.000000 0.000000
vn 1.000000 0.000000 0.000000
vn 1.000000 0.000000 0.000000
vn 1.000000 0.000000 0.000000
vn 1.000000 0.000000 0.000000
vn 1.000000 0.000000 0.000000
vn 1.000000 0.000000 0.000000
vn 1.000000 0.000000 0.000000
vn 1.000000 0.000000 0.000000
vn 1.000000 0.000000 0.000000
vn 1.000000 0.000000 0.000000
vn 1.000000 0.000000 0.000000
vn 1.000000 0.000000 0.000000
vn 1.000000 0.000000 0.000000
vn 1.000000 0.000000 0.000000
vn 1.000000 0.000000 0.000000
vn 1.000000 0.000000 0.000000
vn 1.000000 0.000000 0.000000
vn 1.000000 0.000000 0.000000
vn 1.000000 0.000000 0.000000
vn 1.000000 0.000000 0.000000
vn 1.000000 0.000000 0.000000
vn 1.000000 0.000000 0.000000
vn 1.000000 0.000000 0.000000
vn 1.000000 0.000000 0.000000
vn 1.000000 0.000000 0.000000
vn 1.000000 0.000000 0.000000
vn 1.000000 0.000000 0.000000
vn 1.000000 0.000000 0.000000
vn 1.000000 0.000000 0.000000
vn 1.000000 0.000000 0.000000
vn 1.000000 0.000000 0.000000
vn 0.000000 1.000000 0.000000
vn 0.000000 1.000000 0.000000
vn 0.000000 1.000000 0.000000
vn 0.000000 1.000000 0.000000
vn 0.000000 1.000000 0.000000
vn 0.000000 1.000000 0.000000
vn 0.000000 1.000000 0.000000
vn 0.000000 1.000000 0.000000
vn 0.000000 1.000000 0.000000
vn 0.000000 1.000000 0.000000
vn 0.000000 1.000000 0.000000
vn 0.000000 1.000000 0.000000
vn 0.000000 1.000000 0.000000
vn 0.000000 1.000000 0.000000
vn 0.000000 1.000000 0.000000
vn 0.000000 1.000000 0.000000
vn 0.000000 1.000000 0.000000
vn 0.000000 1.000000 0.000000
vn 0.000000 1.000000 0.000000
vn 0.000000 1.000000 0.000000
vn 0.000000 1.000000 0.000000
vn 0.000000 1.000000 0.000000
vn 0.000000 1.000000 0.000000
vn 0.000000 1.000000 0.000000
vn 0.000000 1.000000 0.000000
vn 0.000000 1.000000 0.000000
vn 0.000000 1.000000 0.000000
vn 0.000000 1.000000 0.000000
vn 0.000000 1.000000 0.000000
vn 0.000000 1.000000 0.000000
vn 0.000000 1.000000 0.000000
vn 0.000000 1.000000 0.000000
vn 0.000000 1.000000 0.000000
vn 0.000000 1.000000 0.000000
vn 0.000000 1.000000 0.000000
vn 0.000000 1.000000 0.000000
vn 0.000000 1.000000 0.000000
vn 0.000000 1.000000 0.000000
vn 0.000000 1.000000 0.000000
vn 0.000000 1.000000 0.000000
vn 0.000000 1.000000 0.000000
vn 0.000000 1.000000 0.000000
vn 0.000000 1.000000 0.000000
vn 0.000000 1.000000 0.000000
vn 0.000000 1.000000 0.000000
vn 0.000000 1.000000 0.000000
vn 0.000000 1.000000 0.000000
vn 0.000000 1.000000 0.000000
vn 0.000000 1.000000 0.000000
vn 0.000000 1.000000 0.000000
vn 0.000000 1.000000 0.000000
vn 0.000000 1.000000 0.000000
vn 0.000000 1.000000 0.000000
vn 0.000000 1.000000 0.000000
vn 0.000000 1.000000 0.000000
vn 0.000000 1.000000 0.000000
vn 0.000000 1.000000 0.000000
vn 0.000000 1.000000 0.000000
vn 0.000000 1.000000 0.000000
vn 0.000000 1.000000 0.000000
vn 0.000000 1.000000 0.000000
vn 0.000000 1.000000 0.000000
vn 0.000000 1.000000 0.000000
vn 0.000000 1.000000 0.000000
vn 0.000000 1.000000 0.000000
vn 0.000000 1.000000 0.000000
vn 0.000000 1.000000 0.000000
vn 0.000000 1.000000 0.000000
vn 0.000000 1.000000 0.000000
vn 0.000000 1.000000 0.000000
vn 0.000000 1.000000 0.000000
vn 0.000000 1.000000 0.000000
vn 0.000000 1.000000 0.000000
vn 0.000000 1.000000 0.000000
vn 0.000000 1.000000 0.000000
vn 0.000000 1.000000 0.000000
vn -1.000000 0.000000 0.000000
vn -1.000000 0.000000 0.000000
vn -1.000000 0.000000 0.000000
vn -1.000000 0.000000 0.000000
vn -1.000000 0.000000 0.000000
vn -1.000000 0.000000 0.000000
vn -1.000000 0.000000 0.000000
vn -1.000000 0.000000 0.000000
vn -1.000000 0.000000 0.000000
vn -1.000000 0.000000 0.000000
vn -1.000000 0.000000 0.000000
vn -1.000000 0.000000 0.000000
vn -1.000000 0.000000 0.000000
vn -1.000000 0.000000 0.000000
vn -1.000000 0.000000 0.000000
vn -1.000000 0.000000 0.000000
vn -1.000000 0.000000 0.000000
vn -1.000000 0.000000 0.000000
vn -1.000000 0.000000 0.000000
vn -1.000000 0.000000 0.000000
vn -1.000000 0.000000 0.000000
vn -1.000000 0.000000 0.000000
vn -1.000000 0.000000 0.000000
vn -1.000000 0.000000 0.000000
vn -1.000000 0.000000 0.000000
vn -1.000000 0.000000 0.000000
vn -1.000000 0.000000 0.000000
vn -1.000000 0.000000 0.000000
vn -1.000000 0.000000 0.000000
vn -1.000000 0.000000 0.000000
vn -1.000000 0.000000 0.000000
vn -1.000000 0.000000 0.000000
vn -1.000000 0.000000 0.000000
vn -1.000000 0.000000 0.000000
vn -1.000000 0.000000 0.000000
vn -1.000000 0.000000 0.000000
vn -1.000000 0.000000 0.000000
vn -1.000000 0.000000 0.000000
vn -1.000000 0.000000 0.000000
vn -1.000000 0.000000 0.000000
vn -1.000000 0.000000 0.000000
vn -1.000000 0.000000 0.000000
vn -1.000000 0.000000 0.000000
vn -1.000000 0.000000 0.000000
vn -1.000000 0.000000 0.000000
vn -1.000000 0.000000 0.000000
vn -1.000000 0.000000 0.000000
vn -1.000000 0.000000 0.000000
vn -1.000000 0.000000 0.000000
vn -1.000000 0.000000 0.000000
vn -1.000000 0.000000 0.000000
vn -1.000000 0.000000 0.000000
vn -1.000000 0.000000 0.000000
vn -1.000000 0.000000 0.000000
vn -1.000000 0.000000 0.000000
vn -1.000000 0.000000 0.000000
vn -1.000000 0.000000 0.000000
vn -1.000000 0.000000 0.000000
vn -1.000000 0.000000 0.000000
vn -1.000000 0.000000 0.000000
vn -1.000000 0.000000 0.000000
vn -1.000000 0.000000 0.000000
vn -1.000000 0.000000 0.000000
vn -1.000000 0.000000 0.000000
vn -1.000000 0.000000 0.000000
vn -1.000000 0.000000 0.000000
vn -1.000000 0.000000 0.000000
vn -1.000000 0.000000 0.000000
vn 0.000000 -1.000000 0.000000
vn 0.000000 -1.000000 0.000000
vn 0.000000 -1.000000 0.000000
vn 0.000000 -1.000000 0.000000
vn 0.000000 -1.000000 0.000000
vn 0.000000 -1.000000 0.000000
vn 0.000000 -1.000000 0.000000
vn 0.000000 -1.000000 0.000000
vn 0.000000 -1.000000 0.000000
vn 0.000000 -1.000000 0.000000
vn 0.000000 -1.000000 0.000000
vn 0.000000 -1.000000 0.000000
vn 0.000000 -1.000000 0.000000
vn 0.000000 -1.000000 0.000000
vn 0.000000 -1.000000 0.000000
vn 0.000000 -1.000000 0.000000
vn 0.000000 -1.000000 0.000000
vn 0.000000 -1.000000 0.000000
vn 0.000000 -1.000000 0.000000
vn 0.000000 -1.000000 0.000000
vn 0.000000 -1.000000 0.000000
vn 0.000000 -1.000000 0.000000
vn 0.000000 -1.000000 0.000000
vn 0.000000 -1.000000 0.000000
vn 0.000000 -1.000000 0.000000
vn 0.000000 -1.000000 0.000000
vn 0.000000 -1.000000 0.000000
vn 0.000000 -1.000000 0.000000
vn 0.000000 -1.000000 0.000000
vn 0.000000 -1.000000 0.000000
vn 0.000000 -1.000000 0.000000
vn 0.000000 -1.000000 0.000000
vn 0.000000 -1.000000 0.000000
vn 0.000000 -1.000000 0.000000
vn 0.000000 -1.000000 0.000000
vn 0.000000 -1.000000 0.000000
vn 0.000000 -1.000000 0.000000
vn 0.000000 -1.000000 0.000000
vn 0.000000 -1.000000 0.000000
vn 0.000000 -1.000000 0.000000
vn 0.000000 -1.000000 0.000000
vn 0.000000 -1.000000 0.000000
vn 0.000000 -1.000000 0.000000
vn 0.000000 -1.000000 0.000000
vn 0.000000 -1.000000 0.000000
vn 0.000000 -1.000000 0.000000
vn 0.000000 -1.000000 0.000000
vn 0.000000 -1.000000 0.000000
vn 0.000000 -1.000000 0.000000
vn 0.000000 -1.000000 0.000000
vn 0.000000 -1.000000 0.000000
vn 0.000000 -1.000000 0.000000
vn 0.000000 -1.000000 0.000000
vn 0.000000 -1.000000 0.000000
vn 0.000000 -1.000000 0.000000
vn 0.000000 -1.000000 0.000000
vn 0.000000 -1.000000 0.000000
vn 0.000000 -1.000000 0.000000
vn 0.000000 -1.000000 0.000000
vn 0.000000 -1.000000 0.000000
vn 0.000000 -1.000000 0.000000
vn 0.000000 -1.000000 0.000000
vn 0.000000 -1.000000 0.000000
vn 0.000000 -1.000000 0.000000
vn 0.000000 -1.000000 0.000000
vn 0.000000 -1.000000 0.000000
vn 0.000000 -1.000000 0.000000
vn 0.000000 -1.000000 0.000000
vn 0.000000 -1.000000 0.000000
vn 0.000000 -1.000000 0.000000
vn 0.000000 -1.000000 0.000000
vn 0.000000 -1.000000 0.000000
vn 0.000000 -1.000000 0.000000
vn 0.000000 -1.000000 0.000000
vn 0.000000 -1.000000 0.000000
vn 0.000000 -1.000000 0.000000
vn 0.000000 -1.000000 0.000000
vn 0.000000 -1.000000 0.000000
vn 0.000000 -1.000000 0.000000
vn 0.000000 -1.000000 0.000000
vn 0.000000 -1.000000 0.000000
vn 0.000000 -1.000000 0.000000
vn 0.000000 -1.000000 0.000000
vn 0.000000 -1.000000 0.000000
vn 0.000000 -1.000000 0.000000
vn 0.000000 -1.000000 0.000000
vn 0.000000 -1.000000 0.000000
vn 0.000000 -1.000000 0.000000
vn 0.000000 -1.000000 0.000000
vn 0.000000 -1.000000 0.000000
vn 0.000000 -1.000000 0.000000
vn 0.000000 -1.000000 0.000000
vn 0.000000 -1.000000 0.000000
vn 0.000000 -1.000000 0.000000
vn 0.000000 -1.000000 0.000000
vn 0.000000 -1.000000 0.000000
vn 1.000000 0.000000 0.000000
vn 1.000000 0.000000 0.000000
vn 1.000000 0.000000 0.000000
vn 1.000000 0.000000 0.000000
vn 1.000000 0.000000 0.000000
vn 1.000000 0.000000 0.000000
vn 1.000000 0.000000 0.000000
vn 1.000000 0.000000 0.000000
vn 1.000000 0.000000 0.000000
vn 1.000000 0.000000 0.000000
vn 1.000000 0.000000 0.000000
vn 1.000000 0.000000 0.000000
vn 1.000000 0.000000 0.000000
vn 1.000000 0.000000 0.000000
vn 1.000000 0.000000 0.000000
vn 1.000000 0.000000 0.000000
vn 1.000000 0.000000 0.000000
vn 1.000000 0.000000 0.000000
vn 1.000000 0.000000 0.000000
vn 1.000000 0.000000 0.000000
vn 1.000000 0.000000 0.000000
vn 1.000000 0.000000 0.000000
vn 1.000000 0.000000 0.000000
vn 1.000000 0.000000 0.000000
vn 1.000000 0.000000 0.000000
vn 1.000000 0.000000 0.000000
vn 1.000000 0.000000 0.000000
vn 1.000000 0.000000 0.000000
vn 1.000000 0.000000 0.000000
vn 1.000000 0.000000 0.000000
vn 1.000000 0.000000 0.000000
vn 1.000000 0.000000 0.000000
vn 1.000000 0.000000 0.000000
vn 1.000000 0.000000 0.000000
vn 1.000000 0.000000 0.000000
vn 1.000000 0.000000 0.000000
vn 1.000000 0.000000 0.000000
vn 1.000000 0.000000 0.000000
vn 1.000000 0.000000 0.000000
vn 1.000000 0.000000 0.000000
vn 1.000000 0.000000 0.000000
vn 1.000000 0.000000 0.000000
vn 1.000000 0.000000 0.000000
vn 1.000000 0.000000 0.000000
vn 1.000000 0.000000 0.000000
vn 1.000000 0.000000 0.000000
vn 1.000000 0.000000 0.000000
vn 1.000000 0.000000 0.000000
vn 1.000000 0.000000 0.000000
vn 1.000000 0.000000 0.000000
vn 1.000000 0.000000 0.000000
vn 1.000000 0.000000 0.000000
vn 1.000000 0.000000 0.000000
vn 1.000000 0.000000 0.000000
vn 1.000000 0.000000 0.000000
vn 1.000000 0.000000 0.000000
vn 1.000000 0.000000 0.000000
vn 1.000000 0.000000 0.000000
vn 1.000000 0.000000 0.000000
vn 1.000000 0.000000 0.000000
vn 1.000000 0.000000 0.000000
vn 1.000000 0.000000 0.000000
vn 1.000000 0.000000 0.000000
vn 1.000000 0.000000 0.000000
vn 1.000000 0.000000 0.000000
vn 1.000000 0.000000 0.000000
vn 1.000000 0.000000 0.000000
vn 1.000000 0.000000 0.000000
vn 1.000000 0.000000 0.000000
vn 1.000000 0.000000 0.000000
vn 1.000000 0.000000 0.000000
vn 1.000000 0.000000 0.000000
vn 1.000000 0.000000 0.000000
vn 1.000000 0.000000 0.000000
vn 1.000000 0.000000 0.000000
vn 1.000000 0.000000 0.000000
vn 1.000000 0.000000 0.000000
vn 1.000000 0.000000 0.000000
vn 1.000000 0.000000 0.000000
vn 1.000000 0.000000 0.000000
vn 1.000000 0.000000 0.000000
vn 1.000000 0.000000 0.000000
vn 1.000000 0.000000 0.000000
vn 1.000000 0.000000 0.000000
vn 1.000000 0.000000 0.000000
vn 1.000000 0.000000 0.000000
vn 1.000000 0.000000 0.000000
vn 1.000000 0.000000 0.000000
vn 1.000000 0.000000 0.000000
vn 1.000000 0.000000 0.000000
vn 1.000000 0.000000 0.000000
vn 1.000000 0.000000 0.000000
vn 1.000000 0.000000 0.000000
vn 1.000000 0.000000 0.000000
vn 1.000000 0.000000 0.000000
vn 1.000000 0.000000 0.000000
vn 1.000000 0.000000 0.000000
vn 1.000000 0.000000 0.000000
vn 1.000000 0.000000 0.000000
vn 1.000000 0.000000 0.000000
vn 0.000000 1.000000 0.000000
vn 0.000000 1.000000 0.000000
vn 0.000000 1.000000 0.000000
vn 0.000000 1.000000 0.000000
vn 0.000000 1.000000 0.000000
vn 0.000000 1.000000 0.000000
vn 0.000000 1.000000 0.000000
vn 0.000000 1.000000 0.000000
vn 0.000000 1.000000 0.000000
vn 0.000000 1.000000 0.000000
vn 0.000000 1.000000 0.000000
vn 0.000000 1.000000 0.000000
vn 0.000000 1.000000 0.000000
vn 0.000000 1.000000 0.000000
vn 0.000000 1.000000 0.000000
vn 0.000000 1.000000 0.000000
vn 0.000000 1.000000 0.000000
vn 0.000000 1.000000 0.000000
vn 0.000000 1.000000 0.000000
vn 0.000000 1.000000 0.000000
vn 0.000000 1.000000 0.000000
vn 0.000000 1.000000 0.000000
vn 0.000000 1.000000 0.000000
vn 0.000000 1.000000 0.000000
vn 0.000000 1.000000 0.000000
vn 0.000000 1.000000 0.000000
vn 0.000000 1.000000 0.000000
vn 0.000000 1.000000 0.000000
vn 0.000000 1.000000 0.000000
vn 0.000000 1.000000 0.000000
vn 0.000000 1.000000 0.000000
vn 0.000000 1.000000 0.000000
vn 0.000000 1.000000 0.000000
vn 0.000000 1.000000 0.000000
vn 0.000000 1.000000 0.000000
vn 0.000000 1.000000 0.000000
vn 0.000000 1.000000 0.000000
vn 0.000000 1.000000 0.000000
vn 0.000000 1.000000 0.000000
vn 0.000000 1.000000 0.000000
vn 0.000000 1.000000 0.000000
vn 0.000000 1.000000 0.000000
vn 0.000000 1.000000 0.000000
vn 0.000000 1.000000 0.000000
vn 0.000000 1.000000 0.000000
vn 0.000000 1.000000 0.000000
vn 0.000000 1.000000 0.000000
vn 0.000000 1.000000 0.000000
vn 0.000000 1.000000 0.000000
vn 0.000000 1.000000 0.000000
vn 0.000000 1.000000 0.000000
vn 0.000000 1.000000 0.000000
vn 0.000000 1.000000 0.000000
vn 0.000000 1.000000 0.000000
vn 0.000000 1.000000 0.000000
vn 0.000000 1.000000 0.000000
vn 0.000000 1.000000 0.000000
vn 0.000000 1.000000 0.000000
vn 0.000000 1.000000 0.000000
vn 0.000000 1.000000 0.000000
vn 0.000000 1.000000 0.000000
vn 0.000000 1.000000 0.000000
vn 0.000000 1.000000 0.000000
vn 0.000000 1.000000 0.000000
vn 0.000000 1.000000 0.000000
vn 0.000000 1.000000 0.000000
vn 0.000000 1.000000 0.000000
vn 0.000000 1.000000 0.000000
vn 0.000000 1.000000 0.000000
vn 0.000000 1.000000 0.000000
vn 0.000000 1.000000 0.000000
vn 0.000000 1.000000 0.000000
vn 0.000000 1.000000 0.000000
vn 0.000000 1.000000 0.000000
vn 0.000000 1.000000 0.000000
vn 0.000000 1.000000 0.000000
vn 0.000000 1.000000 0.000000
vn 0.000000 1.000000 0.000000
vn 0.000000 1.000000 0.000000
vn 0.000000 1.000000 0.000000
vn 0.000000 1.000000 0.000000
vn 0.000000 1.000000 0.000000
vn 0.000000 1.000000 0.000000
vn 0.000000 1.000000 0.000000
vn 0.000000 1.000000 0.000000
vn 0.000000 1.000000 0.000000
vn 0.000000 1.000000 0.000000
vn 0.000000 1.000000 0.000000
vn 0.000000 1.000000 0.000000
vn 0.000000 1.000000 0.000000
vn 0.000000 1.000000 0.000000
vn 0.000000 1.000000 0.000000
vn 0.000000 1.000000 0.000000
vn 0.000000 1.000000 0.000000
vn 0.000000 1.000000 0.000000
vn 0.000000 1.000000 0.000000
vn -1.000000 0.000000 0.000000
vn -1.000000 0.000000 0.000000
vn -1.000000 0.000000 0.000000
vn -1.000000 0.000000 0.000000
vn -1.000000 0.000000 0.000000
vn -1.000000 0.000000 0.000000
vn -1.000000 0.000000 0.000000
vn -1.000000 0.000000 0.000000
vn -1.000000 0.000000 0.000000
vn -1.000000 0.000000 0.000000
vn -1.000000 0.000000 0.000000
vn -1.000000 0.000000 0.000000
vn -1.000000 0.000000 0.000000
vn -1.000000 0.000000 0.000000
vn -1.000000 0.000000 0.000000
vn -1.000000 0.000000 0.000000
vn -1.000000 0.000000 0.000000
vn -1.000000 0.000000 0.000000
vn -1.000000 0.000000 0.000000
vn -1.000000 0.000000 0.000000
vn -1.000000 0.000000 0.000000
vn -1.000000 0.000000 0.000000
vn -1.000000 0.000000 0.000000
vn -1.000000 0.000000 0.000000
vn -1.000000 0.000000 0.000000
vn -1.000000 0.000000 0.000000
vn -1.000000 0.000000 0.000000
vn -1.000000 0.000000 0.000000
vn -1.000000 0.000000 0.000000
vn -1.000000 0.000000 0.000000
vn -1.000000 0.000000 0.000000
vn -1.000000 0.000000 0.000000
vn -1.000000 0.000000 0.000000
vn -1.000000 0.000000 0.000000
vn -1.000000 0.000000 0.000000
vn -1.000000 0.000000 0.000000
vn -1.000000 0.000000 0.000000
vn -1.000000 0.000000 0.000000
vn -1.000000 0.000000 0.000000
vn -1.000000 0.000000 0.000000
vn -1.000000 0.000000 0.000000
vn -1.000000 0.000000 0.000000
vn -1.000000 0.000000 0.000000
vn -1.000000 0.000000 0.000000
vn -1.000000 0.000000 0.000000
vn -1.000000 0.000000 0.000000
vn -1.000000 0.000000 0.000000
vn -1.000000 0.000000 0.000000
vn -1.000000 0.000000 0.000000
vn -1.000000 0.000000 0.000000
vn -1.000000 0.000000 0.000000
vn -1.000000 0.000000 0.000000
vn -1.000000 0.000000 0.000000
vn -1.000000 0.000000 0.000000
vn -1.000000 0.000000 0.000000
vn -1.000000 0.000000 0.000000
vn -1.000000 0.000000 0.000000
vn -1.000000 0.000000 0.000000
vn -1.000000 0.000000 0.000000
vn -1.000000 0.000000 0.000000
vn -1.000000 0.000000 0.000000
vn -1.000000 0.000000 0.000000
vn -1.000000 0.000000 0.000000
vn -1.000000 0.000000 0.000000
vn -1.000000 0.000000 0.000000
vn -1.000000 0.000000 0.000000
vn -1.000000 0.000000 0.000000
vn -1.000000 0.000000 0.000000
vn -1.000000 0.000000 0.000000
vn -1.000000 0.000000 0.000000
vn -1.000000 0.000000 0.000000
vn -1.000000 0.000000 0.000000
vn -1.000000 0.000000 0.000000
vn -1.000000 0.000000 0.000000
vn -1.000000 0.000000 0.000000
vn -1.000000 0.000000 0.000000
vn -1.000000 0.000000 0.000000
vn -1.000000 0.000000 0.000000
vn -1.000000 0.000000 0.000000
vn -1.000000 0.000000 0.000000
vn -1.000000 0.000000 0.000000
vn -1.000000 0.000000 0.000000
vn -1.000000 0.000000 0.000000
vn -1.000000 0.000000 0.000000
vn -1.000000 0.000000 0.000000
vn -1.000000 0.000000 0.000000
vn -1.000000 0.000000 0.000000
vn -1.000000 0.000000 0.000000
vn -1.000000 0.000000 0.000000
vn -1.000000 0.000000 0.000000
vn -1.000000 0.000000 0.000000
vn -1.000000 0.000000 0.000000
vn -1.000000 0.000000 0.000000
vn -1.000000 0.000000 0.000000
vn -1.000000 0.000000 0.000000
vn -1.000000 0.000000 0.000000
vn -1.000000 0.000000 0.000000
vn -1.000000 0.000000 0.000000
vn -1.000000 0.000000 0.000000
vn -1.000000 0.000000 0.000000
vn 0.000000 -1.000000 0.000000
vn 0.000000 -1.000000 0.000000
vn 0.000000 -1.000000 0.000000
vn 0.000000 -1.000000 0.000000
vn 0.000000 -1.000000 0.000000
vn 0.000000 -1.000000 0.000000
vn 0.000000 -1.000000 0.000000
vn 0.000000 -1.000000 0.000000
vn 0.000000 -1.000000 0.000000
vn 0.000000 -1.000000 0.000000
vn 0.000000 -1.000000 0.000000
vn 0.000000 -1.000000 0.000000
vn 0.000000 -1.000000 0.000000
vn 0.000000 -1.000000 0.000000
vn 0.000000 -1.000000 0.000000
vn 0.000000 -1.000000 0.000000
vn 0.000000 -1.000000 0.000000
vn 0.000000 -1.000000 0.000000
vn 0.000000 -1.000000 0.000000
vn 0.000000 -1.000000 0.000000
vn 0.000000 -1.000000 0.000000
vn 0.000000 -1.000000 0.000000
vn 0.000000 -1.000000 0.000000
vn 0.000000 -1.000000 0.000000
vn 0.000000 -1.000000 0.000000
vn 0.000000 -1.000000 0.000000
vn 0.000000 -1.000000 0.000000
vn 0.000000 -1.000000 0.000000
vn 0.000000 -1.000000 0.000000
vn 0.000000 -1.000000 0.000000
vn 0.000000 -1.000000 0.000000
vn 0.000000 -1.000000 0.000000
vn 0.000000 -1.000000 0.000000
vn 0.000000 -1.000000 0.000000
vn 0.000000 -1.000000 0.000000
vn 0.000000 -1.000000 0.000000
vn 0.000000 -1.000000 0.000000
vn 0.000000 -1.000000 0.000000
vn 0.000000 -1.000000 0.000000
vn 0.000000 -1.000000 0.000000
vn 0.000000 -1.000000 0.000000
vn 0.000000 -1.000000 0.000000
vn 0.000000 -1.000000 0.000000
vn 0.000000 -1.000000 0.000000
vn 0.000000 -1.000000 0.000000
vn 0.000000 -1.000000 0.000000
vn 0.000000 -1.000000 0.000000
vn 0.000000 -1.000000 0.000000
vn 1.000000 0.000000 0.000000
vn 1.000000 0.000000 0.000000
vn 1.000000 0.000000 0.000000
vn 1.000000 0.000000 0.000000
vn 1.000000 0.000000 0.000000
vn 1.000000 0.000000 0.000000
vn 1.000000 0.000000 0.000000
vn 1.000000 0.000000 0.000000
vn 1.000000 0.000000 0.000000
vn 1.000000 0.000000 0.000000
vn 1.000000 0.000000 0.000000
vn 1.000000 0.000000 0.000000
vn 1.000000 0.000000 0.000000
vn 1.000000 0.000000 0.000000
vn 1.000000 0.000000 0.000000
vn 1.000000 0.000000 0.000000
vn 1.000000 0.000000 0.000000
vn 1.000000 0.000000 0.000000
vn 1.000000 0.000000 0.000000
vn 1.000000 0.000000 0.000000
vn 1.000000 0.000000 0.000000
vn 1.000000 0.000000 0.000000
vn 1.000000 0.000000 0.000000
vn 1.000000 0.000000 0.000000
vn 1.000000 0.000000 0.000000
vn 1.000000 0.000000 0.000000
vn 1.000000 0.000000 0.000000
vn 1.000000 0.000000 0.000000
vn 1.000000 0.000000 0.000000
vn 1.000000 0.000000 0.000000
vn 1.000000 0.000000 0.000000
vn 1.000000 0.000000 0.000000
vn 1.000000 0.000000 0.000000
vn 1.000000 0.000000 0.000000
vn 1.000000 0.000000 0.000000
vn 1.000000 0.000000 0.000000
vn 1.000000 0.000000 0.000000
vn 1.000000 0.000000 0.000000
vn 1.000000 0.000000 0.000000
vn 1.000000 0.000000 0.000000
vn 1.000000 0.000000 0.000000
vn 1.000000 0.000000 0.000000
vn 1.000000 0.000000 0.000000
vn 1.000000 0.000000 0.000000
vn 1.000000 0.000000 0.000000
vn 1.000000 0.000000 0.000000
vn 1.000000 0.000000 0.000000
vn 1.000000 0.000000 0.000000
vn 1.000000 0.000000 0.000000
vn 1.000000 0.000000 0.000000
vn 1.000000 0.000000 0.000000
vn 1.000000 0.000000 0.000000
vn 1.000000 0.000000 0.000000
vn 1.000000 0.000000 0.000000
vn 1.000000 0.000000 0.000000
vn 1.000000 0.000000 0.000000
vn 0.000000 1.000000 0.000000
vn 0.000000 1.000000 0.000000
vn 0.000000 1.000000 0.000000
vn 0.000000 1.000000 0.000000
vn 0.000000 1.000000 0.000000
vn 0.000000 1.000000 0.000000
vn 0.000000 1.000000 0.000000
vn 0.000000 1.000000 0.000000
vn 0.000000 1.000000 0.000000
vn 0.000000 1.000000 0.000000
vn 0.000000 1.000000 0.000000
vn 0.000000 1.000000 0.000000
vn 0.000000 1.000000 0.000000
vn 0.000000 1.000000 0.000000
vn 0.000000 1.000000 0.000000
vn 0.000000 1.000000 0.000000
vn 0.000000 1.000000 0.000000
vn 0.000000 1.000000 0.000000
vn 0.000000 1.000000 0.000000
vn 0.000000 1.000000 0.000000
vn 0.000000 1.000000 0.000000
vn 0.000000 1.000000 0.000000
vn 0.000000 1.000000 0.000000
vn 0.000000 1.000000 0.000000
vn 0.000000 1.000000 0.000000
vn 0.000000 1.000000 0.000000
vn 0.000000 1.000000 0.000000
vn 0.000000 1.000000 0.000000
vn 0.000000 1.000000 0.000000
vn 0.000000 1.000000 0.000000
vn 0.000000 1.000000 0.000000
vn 0.000000 1.000000 0.000000
vn 0.000000 1.000000 0.000000
vn 0.000000 1.000000 0.000000
vn 0.000000 1.000000 0.000000
vn 0.000000 1.000000 0.000000
vn 0.000000 1.000000 0.000000
vn 0.000000 1.000000 0.000000
vn 0.000000 1.000000 0.000000
vn 0.000000 1.000000 0.000000
vn 0.000000 1.000000 0.000000
vn 0.000000 1.000000 0.000000
vn 0.000000 1.000000 0.000000
vn 0.000000 1.000000 0.000000
vn 0.000000 1.000000 0.000000
vn 0.000000 1.000000 0.000000
vn 0.000000 1.000000 0.000000
vn 0.000000 1.000000 0.000000
vn -1.000000 0.000000 0.000000
vn -1.000000 0.000000 0.000000
vn -1.000000 0.000000 0.000000
vn -1.000000 0.000000 0.000000
vn -1.000000 0.000000 0.000000
vn -1.000000 0.000000 0.000000
vn -1.000000 0.000000 0.000000
vn -1.000000 0.000000 0.000000
vn -1.000000 0.000000 0.000000
vn -1.000000 0.000000 0.000000
vn -1.000000 0.000000 0.000000
vn -1.000000 0.000000 0.000000
vn -1.000000 0.000000 0.000000
vn -1.000000 0.000000 0.000000
vn -1.000000 0.000000 0.000000
vn -1.000000 0.000000 0.000000
vn -1.000000 0.000000 0.000000
vn -1.000000 0.000000 0.000000
vn -1.000000 0.000000 0.000000
vn -1.000000 0.000000 0.000000
vn -1.000000 0.000000 0.000000
vn -1.000000 0.000000 0.000000
vn -1.000000 0.000000 0.000000
vn -1.000000 0.000000 0.000000
vn -1.000000 0.000000 0.000000
vn -1.000000 0.000000 0.000000
vn -1.000000 0.000000 0.000000
vn -1.000000 0.000000 0.000000
vn -1.000000 0.000000 0.000000
vn -1.000000 0.000000 0.000000
vn -1.000000 0.000000 0.000000
vn -1.000000 0.000000 0.000000
vn -1.000000 0.000000 0.000000
vn -1.000000 0.000000 0.000000
vn -1.000000 0.000000 0.000000
vn -1.000000 0.000000 0.000000
vn -1.000000 0.000000 0.000000
vn -1.000000 0.000000 0.000000
vn -1.000000 0.000000 0.000000
vn -1.000000 0.000000 0.000000
vn -1.000000 0.000000 0.000000
vn -1.000000 0.000000 0.000000
vn -1.000000 0.000000 0.000000
vn -1.000000 0.000000 0.000000
vn -1.000000 0.000000 0.000000
vn -1.000000 0.000000 0.000000
vn -1.000000 0.000000 0.000000
vn -1.000000 0.000000 0.000000
vn -1.000000 0.000000 0.000000
vn -1.000000 0.000000 0.000000
vn -1.000000 0.000000 0.000000
vn -1.000000 0.000000 0.000000
vn -1.000000 0.000000 0.000000
vn -1.000000 0.000000 0.000000
vn -1.000000 0.000000 0.000000
vn -1.000000 0.000000 0.000000
vn 0.000000 -1.000000 0.000000
vn 0.000000 -1.000000 0.000000
vn 0.000000 -1.000000 0.000000
vn 0.000000 -1.000000 0.000000
vn 0.000000 -1.000000 0.000000
vn 0.000000 -1.000000 0.000000
vn 0.000000 -1.000000 0.000000
vn 0.000000 -1.000000 0.000000
vn 0.000000 -1.000000 0.000000
vn 0.000000 -1.000000 0.000000
vn 0.000000 -1.000000 0.000000
vn 0.000000 -1.000000 0.000000
vn 0.000000 -1.000000 0.000000
vn 0.000000 -1.000000 0.000000
vn 0.000000 -1.000000 0.000000
vn 0.000000 -1.000000 0.000000
vn 0.000000 -1.000000 0.000000
vn 0.000000 -1.000000 0.000000
vn 0.000000 -1.000000 0.000000
vn 0.000000 -1.000000 0.000000
vn 0.000000 -1.000000 0.000000
vn 0.000000 -1.000000 0.000000
vn 0.000000 -1.000000 0.000000
vn 0.000000 -1.000000 0.000000
vn 0.000000 -1.000000 0.000000
vn 0.000000 -1.000000 0.000000
vn 0.000000 -1.000000 0.000000
vn 0.000000 -1.000000 0.000000
vn 0.000000 -1.000000 0.000000
vn 0.000000 -1.000000 0.000000
vn 0.000000 -1.000000 0.000000
vn 0.000000 -1.000000 0.000000
vn 1.000000 0.000000 0.000000
vn 1.000000 0.000000 0.000000
vn 1.000000 0.000000 0.000000
vn 1.000000 0.000000 0.000000
vn 1.000000 0.000000 0.000000
vn 1.000000 0.000000 0.000000
vn 1.000000 0.000000 0.000000
vn 1.000000 0.000000 0.000000
vn 1.000000 0.000000 0.000000
vn 1.000000 0.000000 0.000000
vn 1.000000 0.000000 0.000000
vn 1.000000 0.000000 0.000000
vn 1.000000 0.000000 0.000000
vn 1.000000 0.000000 0.000000
vn 1.000000 0.000000 0.000000
vn 1.000000 0.000000 0.000000
vn 1.000000 0.000000 0.000000
vn 1.000000 0.000000 0.000000
vn 1.000000 0.000000 0.000000
vn 1.000000 0.000000 0.000000
vn 1.000000 0.000000 0.000000
vn 1.000000 0.000000 0.000000
vn 1.000000 0.000000 0.000000
vn 1.000000 0.000000 0.000000
vn 1.000000 0.000000 0.000000
vn 1.000000 0.000000 0.000000
vn 1.000000 0.000000 0.000000
vn 1.000000 0.000000 0.000000
vn 1.000000 0.000000 0.000000
vn 1.000000 0.000000 0.000000
vn 1.000000 0.000000 0.000000
vn 1.000000 0.000000 0.000000
vn 1.000000 0.000000 0.000000
vn 1.000000 0.000000 0.000000
vn 1.000000 0.000000 0.000000
vn 1.000000 0.000000 0.000000
vn 1.000000 0.000000 0.000000
vn 1.000000 0.000000 0.000000
vn 1.000000 0.000000 0.000000
vn 1.000000 0.000000 0.000000
vn 1.000000 0.000000 0.000000
vn 1.000000 0.000000 0.000000
vn 1.000000 0.000000 0.000000
vn 1.000000 0.000000 0.000000
vn 1.000000 0.000000 0.000000
vn 1.000000 0.000000 0.000000
vn 1.000000 0.000000 0.000000
vn 1.000000 0.000000 0.000000
vn 1.000000 0.000000 0.000000
vn 1.000000 0.000000 0.000000
vn 1.000000 0.000000 0.000000
vn 1.000000 0.000000 0.000000
vn 1.000000 0.000000 0.000000
vn 1.000000 0.000000 0.000000
vn 1.000000 0.000000 0.000000
vn 1.000000 0.000000 0.000000
vn 1.000000 0.000000 0.000000
vn 1.000000 0.000000 0.000000
vn 1.000000 0.000000 0.000000
vn 1.000000 0.000000 0.000000
vn 1.000000 0.000000 0.000000
vn 1.000000 0.000000 0.000000
vn 1.000000 0.000000 0.000000
vn 1.000000 0.000000 0.000000
vn 1.000000 0.000000 0.000000
vn 1.000000 0.000000 0.000000
vn 1.000000 0.000000 0.000000
vn 1.000000 0.000000 0.000000
vn 1.000000 0.000000 0.000000
vn 1.000000 0.000000 0.000000
vn 1.000000 0.000000 0.000000
vn 1.000000 0.000000 0.000000
vn 1.000000 0.000000 0.000000
vn 1.000000 0.000000 0.000000
vn 1.000000 0.000000 0.000000
vn 1.000000 0.000000 0.000000
vn 0.000000 1.000000 0.000000
vn 0.000000 1.000000 0.000000
vn 0.000000 1.000000 0.000000
vn 0.000000 1.000000 0.000000
vn 0.000000 1.000000 0.000000
vn 0.000000 1.000000 0.000000
vn 0.000000 1.000000 0.000000
vn 0.000000 1.000000 0.000000
vn 0.000000 1.000000 0.000000
vn 0.000000 1.000000 0.000000
vn 0.000000 1.000000 0.000000
vn 0.000000 1.000000 0.000000
vn 0.000000 1.000000 0.000000
vn 0.000000 1.000000 0.000000
vn 0.000000 1.000000 0.000000
vn 0.000000 1.000000 0.000000
vn 0.000000 1.000000 0.000000
vn 0.000000 1.000000 0.000000
vn 0.000000 1.000000 0.000000
vn 0.000000 1.000000 0.000000
vn 0.000000 1.000000 0.000000
vn 0.000000 1.000000 0.000000
vn 0.000000 1.000000 0.000000
vn 0.000000 1.000000 0.000000
vn 0.000000 1.000000 0.000000
vn 0.000000 1.000000 0.000000
vn 0.000000 1.000000 0.000000
vn 0.000000 1.000000 0.000000
vn 0.000000 1.000000 0.000000
vn 0.000000 1.000000 0.000000
vn 0.000000 1.000000 0.000000
vn 0.000000 1.000000 0.000000
vn -1.000000 0.000000 0.000000
vn -1.000000 0.000000 0.000000
vn -1.000000 0.000000 0.000000
vn -1.000000 0.000000 0.000000
vn -1.000000 0.000000 0.000000
vn -1.000000 0.000000 0.000000
vn -1.000000 0.000000 0.000000
vn -1.000000 0.000000 0.000000
vn -1.000000 0.000000 0.000000
vn -1.000000 0.000000 0.000000
vn -1.000000 0.000000 0.000000
vn -1.000000 0.000000 0.000000
vn -1.000000 0.000000 0.000000
vn -1.000000 0.000000 0.000000
vn -1.000000 0.000000 0.000000
vn -1.000000 0.000000 0.000000
vn -1.000000 0.000000 0.000000
vn -1.000000 0.000000 0.000000
vn -1.000000 0.000000 0.000000
vn -1.000000 0.000000 0.000000
vn -1.000000 0.000000 0.000000
vn -1.000000 0.000000 0.000000
vn -1.000000 0.000000 0.000000
vn -1.000000 0.000000 0.000000
vn -1.000000 0.000000 0.000000
vn -1.000000 0.000000 0.000000
vn -1.000000 0.000000 0.000000
vn -1.000000 0.000000 0.000000
vn -1.000000 0.000000 0.000000
vn -1.000000 0.000000 0.000000
vn -1.000000 0.000000 0.000000
vn -1.000000 0.000000 0.000000
vn -1.000000 0.000000 0.000000
vn -1.000000 0.000000 0.000000
vn -1.000000 0.000000 0.000000
vn -1.000000 0.000000 0.000000
vn -1.000000 0.000000 0.000000
vn -1.000000 0.000000 0.000000
vn -1.000000 0.000000 0.000000
vn -1.000000 0.000000 0.000000
vn -1.000000 0.000000 0.000000
vn -1.000000 0.000000 0.000000
vn -1.000000 0.000000 0.000000
vn -1.000000 0.000000 0.000000
vn -1.000000 0.000000 0.000000
vn -1.000000 0.000000 0.000000
vn -1.000000 0.000000 0.000000
vn -1.000000 0.000000 0.000000
vn -1.000000 0.000000 0.000000
vn -1.000000 0.000000 0.000000
vn -1.000000 0.000000 0.000000
vn -1.000000 0.000000 0.000000
vn -1.000000 0.000000 0.000000
vn -1.000000 0.000000 0.000000
vn -1.000000 0.000000 0.000000
vn -1.000000 0.000000 0.000000
vn -1.000000 0.000000 0.000000
vn -1.000000 0.000000 0.000000
vn -1.000000 0.000000 0.000000
vn -1.000000 0.000000 0.000000
vn -1.000000 0.000000 0.000000
vn -1.000000 0.000000 0.000000
vn -1.000000 0.000000 0.000000
vn -1.000000 0.000000 0.000000
vn -1.000000 0.000000 0.000000
vn -1.000000 0.000000 0.000000
vn -1.000000 0.000000 0.000000
vn -1.000000 0.000000 0.000000
vn -1.000000 0.000000 0.000000
vn -1.000000 0.000000 0.000000
vn -1.000000 0.000000 0.000000
vn -1.000000 0.000000 0.000000
vn -1.000000 0.000000 0.000000
vn -1.000000 0.000000 0.000000
vn -1.000000 0.000000 0.000000
vn -1.000000 0.000000 0.000000
vn 0.000000 0.000000 1.000000
vn 0.000000 0.000000 1.000000
vn 0.000000 0.000000 1.000000
vn 0.000000 0.000000 1.000000
vn 0.000000 0.000000 1.000000
vn 0.000000 0.000000 1.000000
vn 0.000000 0.000000 1.000000
vn 0.000000 0.000000 1.000000
vn 0.000000 0.000000 1.000000
vn 0.000000 0.000000 1.000000
vn 0.000000 0.000000 1.000000
vn 0.000000 0.000000 1.000000
vn 0.000000 0.000000 1.000000
vn 0.000000 0.000000 1.000000
vn 0.000000 0.000000 1.000000
vn 0.000000 0.000000 1.000000
vn 0.000000 0.000000 1.000000
vn 0.000000 0.000000 1.000000
vn 0.000000 0.000000 1.000000
vn 0.000000 0.000000 1.000000
vn 0.000000 0.000000 1.000000
vn 0.000000 0.000000 1.000000
vn 0.000000 0.000000 1.000000
vn 0.000000 0.000000 1.000000
vn 0.000000 0.000000 1.000000
vn 0.000000 0.000000 1.000000
vn 0.000000 0.000000 1.000000
vn 0.000000 0.000000 1.000000
vn 0.000000 0.000000 1.000000
vn 0.000000 0.000000 1.000000
vn 0.000000 0.000000 1.000000
vn 0.000000 0.000000 1.000000
vn 0.000000 0.000000 1.000000
vn 0.000000 0.000000 1.000000
vn 0.000000 0.000000 1.000000
vn 0.000000 0.000000 1.000000
vn 0.000000 0.000000 1.000000
vn 0.000000 0.000000 1.000000
vn 0.000000 0.000000 1.000000
vn 0.000000 0.000000 1.000000
vn 0.000000 0.000000 1.000000
vn 0.000000 0.000000 1.000000
vn 0.000000 0.000000 1.000000
vn 0.000000 0.000000 1.000000
vn 0.000000 0.000000 1.000000
vn 0.000000 0.000000 1.000000
vn 0.000000 0.000000 1.000000
vn 0.000000 0.000000 1.000000
vn 0.000000 0.000000 1.000000
vn 0.000000 0.000000 1.000000
vn 0.000000 0.000000 1.000000
vn 0.000000 0.000000 1.000000
vn 0.000000 0.000000 1.000000
vn 0.000000 0.000000 1.000000
vn 0.000000 0.000000 1.000000
vn 0.000000 0.000000 1.000000
vn 0.000000 0.000000 1.000000
vn 0.000000 0.000000 1.000000
vn 0.000000 0.000000 1.000000
vn 0.000000 0.000000 1.000000
vn 0.000000 0.000000 1.000000
vn 0.000000 0.000000 1.000000
vn 0.000000 0.000000 1.000000
vn 0.000000 0.000000 1.000000
vn 0.000000 0.000000 1.000000
vn 0.000000 0.000000 1.000000
vn 0.000000 0.000000 1.000000
vn 0.000000 0.000000 1.000000
vn 0.000000 0.000000 1.000000
vn 0.000000 0.000000 1.000000
vn 0.000000 0.000000 1.000000
vn 0.000000 0.000000 1.000000
vn 0.000000 0.000000 1.000000
vn 0.000000 0.000000 1.000000
vn 0.000000 0.000000 1.000000
vn 0.000000 0.000000 1.000000
vn 0.000000 0.000000 1.000000
vn 0.000000 0.000000 1.000000
vn 0.000000 0.000000 1.000000
vn 0.000000 0.000000 1.000000
vn 0.000000 0.000000 1.000000
vn 0.000000 0.000000 1.000000
vn 0.000000 0.000000 1.000000
vn 0.000000 0.000000 1.000000
vn 0.000000 0.000000 1.000000
vn 0.000000 0.000000 1.000000
vn 0.000000 0.000000 1.000000
vn 0.000000 0.000000 1.000000
vn 0.000000 0.000000 1.000000
vn 0.000000 0.000000 1.000000
vn 0.000000 0.000000 1.000000
vn 0.000000 0.000000 1.000000
vn 0.000000 0.000000 1.000000
vn 0.000000 0.000000 1.000000
vn 0.000000 0.000000 1.000000
vn 0.000000 0.000000 1.000000
vn 0.000000 0.000000 -1.000000
vn 0.000000 0.000000 -1.000000
vn 0.000000 0.000000 -1.000000
vn 0.000000 0.000000 -1.000000
vn 0.000000 0.000000 1.000000
vn 0.000000 0.000000 1.000000
vn 0.000000 0.000000 1.000000
vn 0.000000 0.000000 1.000000
vn 0.000000 -1.000000 0.000000
vn 0.000000 -1.000000 0.000000
vn 0.000000 -1.000000 0.000000
vn 0.000000 -1.000000 0.000000
vn 1.000000 0.000000 0.000000
vn 1.000000 0.000000 0.000000
vn 1.000000 0.000000 0.000000
vn 1.000000 0.000000 0.000000
vn 0.000000 1.000000 0.000000
vn 0.000000 1.000000 0.000000
vn 0.000000 1.000000 0.000000
vn 0.000000 1.000000 0.000000
vn -1.000000 0.000000 0.000000
vn -1.000000 0.000000 0.000000
vn -1.000000 0.000000 0.000000
vn -1.000000 0.000000 0.000000
vn 0.000000 0.000000 1.000000
vn 0.000000 0.000000 1.000000
vn 0.000000 0.000000 1.000000
vn 0.000000 0.000000 1.000000
vn 0.000000 0.000000 1.000000
vn 0.000000 0.000000 1.000000
vn 0.000000 0.000000 1.000000
vn 0.000000 0.000000 1.000000
vn 0.000000 0.000000 -1.000000
vn 0.000000 0.000000 -1.000000
vn 0.000000 0.000000 -1.000000
vn 0.000000 0.000000 -1.000000
vn 0.000000 0.000000 -1.000000
vn 0.000000 0.000000 -1.000000
vn 0.000000 0.000000 -1.000000
vn 0.000000 0.000000 -1.000000
vn 0.000000 -1.000000 0.000000
vn 0.000000 -1.000000 0.000000
vn 0.000000 -1.000000 0.000000
vn 0.000000 -1.000000 0.000000
vn 1.000000 0.000000 0.000000
vn 1.000000 0.000000 0.000000
vn 1.000000 0.000000 0.000000
vn 1.000000 0.000000 0.000000
vn 0.000000 -1.000000 0.000000
vn 0.000000 -1.000000 0.000000
vn 0.000000 -1.000000 0.000000
vn 0.000000 -1.000000 0.000000
vn -1.000000 0.000000 0.000000
vn -1.000000 0.000000 0.000000
vn -1.000000 0.000000 0.000000
vn -1.000000 0.000000 0.000000
vn 0.000000 -1.000000 0.000000
vn 0.000000 -1.000000 0.000000
vn 0.000000 -1.000000 0.000000
vn 0.000000 -1.000000 0.000000
vn 1.000000 0.000000 0.000000
vn 1.000000 0.000000 0.000000
vn 1.000000 0.000000 0.000000
vn 1.000000 0.000000 0.000000
vn 0.000000 1.000000 0.000000
vn 0.000000 1.000000 0.000000
vn 0.000000 1.000000 0.000000
vn 0.000000 1.000000 0.000000
vn -1.000000 0.000000 0.000000
vn -1.000000 0.000000 0.000000
vn -1.000000 0.000000 0.000000
vn -1.000000 0.000000 0.000000
vn 0.000000 -1.000000 0.000000
vn 0.000000 -1.000000 0.000000
vn 0.000000 -1.000000 0.000000
vn 0.000000 -1.000000 0.000000
vn 0.000000 -1.000000 0.000000
vn 0.000000 -1.000000 0.000000
vn 0.000000 -1.000000 0.000000
vn 0.000000 -1.000000 0.000000
vn 0.000000 -1.000000 0.000000
vn 0.000000 -1.000000 0.000000
vn 0.000000 -1.000000 0.000000
vn 0.000000 -1.000000 0.000000
vn 0.000000 -1.000000 0.000000
vn 0.000000 -1.000000 0.000000
vn 0.000000 -1.000000 0.000000
vn 0.000000 -1.000000 0.000000
vn 0.000000 -1.000000 0.000000
vn 0.000000 -1.000000 0.000000
vn 0.000000 -1.000000 0.000000
vn 0.000000 -1.000000 0.000000
vn 0.000000 -1.000000 0.000000
vn 0.000000 -1.000000 0.000000
vn 0.000000 -1.000000 0.000000
vn 0.000000 -1.000000 0.000000
vn 0.000000 -1.000000 0.000000
vn 0.000000 -1.000000 0.000000
vn 0.000000 -1.000000 0.000000
vn 0.000000 -1.000000 0.000000
vn 1.000000 0.000000 0.000000
vn 1.000000 0.000000 0.000000
vn 1.000000 0.000000 0.000000
vn 1.000000 0.000000 0.000000
vn 1.000000 0.000000 0.000000
vn 1.000000 0.000000 0.000000
vn 1.000000 0.000000 0.000000
vn 1.000000 0.000000 0.000000
vn 1.000000 0.000000 0.000000
vn 1.000000 0.000000 0.000000
vn 1.000000 0.000000 0.000000
vn 1.000000 0.000000 0.000000
vn 1.000000 0.000000 0.000000
vn 1.000000 0.000000 0.000000
vn 1.000000 0.000000 0.000000
vn 1.000000 0.000000 0.000000
vn 1.000000 0.000000 0.000000
vn 1.000000 0.000000 0.000000
vn 1.000000 0.000000 0.000000
vn 1.000000 0.000000 0.000000
vn 1.000000 0.000000 0.000000
vn 1.000000 0.000000 0.000000
vn 1.000000 0.000000 0.000000
vn 1.000000 0.000000 0.000000
vn 1.000000 0.000000 0.000000
vn 1.000000 0.000000 0.000000
vn 1.000000 0.000000 0.000000
vn 1.000000 0.000000 0.000000
vn 1.000000 0.000000 0.000000
vn 1.000000 0.000000 0.000000
vn 1.000000 0.000000 0.000000
vn 1.000000 0.000000 0.000000
vn 0.000000 -1.000000 0.000000
vn 0.000000 -1.000000 0.000000
vn 0.000000 -1.000000 0.000000
vn 0.000000 -1.000000 0.000000
vn 0.000000 -1.000000 0.000000
vn 0.000000 -1.000000 0.000000
vn 0.000000 -1.000000 0.000000
vn 0.000000 -1.000000 0.000000
vn 0.000000 -1.000000 0.000000
vn 0.000000 -1.000000 0.000000
vn 0.000000 -1.000000 0.000000
vn 0.000000 -1.000000 0.000000
vn 0.000000 -1.000000 0.000000
vn 0.000000 -1.000000 0.000000
vn 0.000000 -1.000000 0.000000
vn 0.000000 -1.000000 0.000000
vn 0.000000 -1.000000 0.000000
vn 0.000000 -1.000000 0.000000
vn 0.000000 -1.000000 0.000000
vn 0.000000 -1.000000 0.000000
vn 0.000000 -1.000000 0.000000
vn 0.000000 -1.000000 0.000000
vn 0.000000 -1.000000 0.000000
vn 0.000000 -1.000000 0.000000
vn 0.000000 -1.000000 0.000000
vn 0.000000 -1.000000 0.000000
vn 0.000000 -1.000000 0.000000
vn 0.000000 -1.000000 0.000000
vn -1.000000 0.000000 0.000000
vn -1.000000 0.000000 0.000000
vn -1.000000 0.000000 0.000000
vn -1.000000 0.000000 0.000000
vn -1.000000 0.000000 0.000000
vn -1.000000 0.000000 0.000000
vn -1.000000 0.000000 0.000000
vn -1.000000 0.000000 0.000000
vn -1.000000 0.000000 0.000000
vn -1.000000 0.000000 0.000000
vn -1.000000 0.000000 0.000000
vn -1.000000 0.000000 0.000000
vn -1.000000 0.000000 0.000000
vn -1.000000 0.000000 0.000000
vn -1.000000 0.000000 0.000000
vn -1.000000 0.000000 0.000000
vn -1.000000 0.000000 0.000000
vn -1.000000 0.000000 0.000000
vn -1.000000 0.000000 0.000000
vn -1.000000 0.000000 0.000000
vn -1.000000 0.000000 0.000000
vn -1.000000 0.000000 0.000000
vn -1.000000 0.000000 0.000000
vn -1.000000 0.000000 0.000000
vn -1.000000 0.000000 0.000000
vn -1.000000 0.000000 0.000000
vn -1.000000 0.000000 0.000000
vn -1.000000 0.000000 0.000000
vn -1.000000 0.000000 0.000000
vn -1.000000 0.000000 0.000000
vn -1.000000 0.000000 0.000000
vn -1.000000 0.000000 0.000000
vn 0.000000 -1.000000 0.000000
vn 0.000000 -1.000000 0.000000
vn 0.000000 -1.000000 0.000000
vn 0.000000 -1.000000 0.000000
vn 0.000000 -1.000000 0.000000
vn 0.000000 -1.000000 0.000000
vn 0.000000 -1.000000 0.000000
vn 0.000000 -1.000000 0.000000
vn 0.000000 -1.000000 0.000000
vn 0.000000 -1.000000 0.000000
vn 0.000000 -1.000000 0.000000
vn 0.000000 -1.000000 0.000000
vn 0.000000 -1.000000 0.000000
vn 0.000000 -1.000000 0.000000
vn 0.000000 -1.000000 0.000000
vn 0.000000 -1.000000 0.000000
vn 0.000000 -1.000000 0.000000
vn 0.000000 -1.000000 0.000000
vn 0.000000 -1.000000 0.000000
vn 0.000000 -1.000000 0.000000
vn 0.000000 -1.000000 0.000000
vn 0.000000 -1.000000 0.000000
vn 0.000000 -1.000000 0.000000
vn 0.000000 -1.000000 0.000000
vn 0.000000 -1.000000 0.000000
vn 0.000000 -1.000000 0.000000
vn 0.000000 -1.000000 0.000000
vn 0.000000 -1.000000 0.000000
vn 1.000000 0.000000 0.000000
vn 1.000000 0.000000 0.000000
vn 1.000000 0.000000 0.000000
vn 1.000000 0.000000 0.000000
vn 1.000000 0.000000 0.000000
vn 1.000000 0.000000 0.000000
vn 1.000000 0.000000 0.000000
vn 1.000000 0.000000 0.000000
vn 1.000000 0.000000 0.000000
vn 1.000000 0.000000 0.000000
vn 1.000000 0.000000 0.000000
vn 1.000000 0.000000 0.000000
vn 1.000000 0.000000 0.000000
vn 1.000000 0.000000 0.000000
vn 1.000000 0.000000 0.000000
vn 1.000000 0.000000 0.000000
vn 1.000000 0.000000 0.000000
vn 1.000000 0.000000 0.000000
vn 1.000000 0.000000 0.000000
vn 1.000000 0.000000 0.000000
vn 1.000000 0.000000 0.000000
vn 1.000000 0.000000 0.000000
vn 1.000000 0.000000 0.000000
vn 1.000000 0.000000 0.000000
vn 1.000000 0.000000 0.000000
vn 1.000000 0.000000 0.000000
vn 1.000000 0.000000 0.000000
vn 1.000000 0.000000 0.000000
vn 1.000000 0.000000 0.000000
vn 1.000000 0.000000 0.000000
vn 1.000000 0.000000 0.000000
vn 1.000000 0.000000 0.000000
vn 1.000000 0.000000 0.000000
vn 1.000000 0.000000 0.000000
vn 1.000000 0.000000 0.000000
vn 1.000000 0.000000 0.000000
vn 1.000000 0.000000 0.000000
vn 1.000000 0.000000 0.000000
vn 1.000000 0.000000 0.000000
vn 1.000000 0.000000 0.000000
vn 1.000000 0.000000 0.000000
vn 1.000000 0.000000 0.000000
vn 1.000000 0.000000 0.000000
vn 1.000000 0.000000 0.000000
vn 0.000000 1.000000 0.000000
vn 0.000000 1.000000 0.000000
vn 0.000000 1.000000 0.000000
vn 0.000000 1.000000 0.000000
vn 0.000000 1.000000 0.000000
vn 0.000000 1.000000 0.000000
vn 0.000000 1.000000 0.000000
vn 0.000000 1.000000 0.000000
vn 0.000000 1.000000 0.000000
vn 0.000000 1.000000 0.000000
vn 0.000000 1.000000 0.000000
vn 0.000000 1.000000 0.000000
vn 0.000000 1.000000 0.000000
vn 0.000000 1.000000 0.000000
vn 0.000000 1.000000 0.000000
vn 0.000000 1.000000 0.000000
vn 0.000000 1.000000 0.000000
vn 0.000000 1.000000 0.000000
vn 0.000000 1.000000 0.000000
vn 0.000000 1.000000 0.000000
vn 0.000000 1.000000 0.000000
vn 0.000000 1.000000 0.000000
vn 0.000000 1.000000 0.000000
vn 0.000000 1.000000 0.000000
vn 0.000000 1.000000 0.000000
vn 0.000000 1.000000 0.000000
vn 0.000000 1.000000 0.000000
vn 0.000000 1.000000 0.000000
vn 0.000000 1.000000 0.000000
vn 0.000000 1.000000 0.000000
vn 0.000000 1.000000 0.000000
vn 0.000000 1.000000 0.000000
vn 0.000000 1.000000 0.000000
vn 0.000000 1.000000 0.000000
vn 0.000000 1.000000 0.000000
vn 0.000000 1.000000 0.000000
vn 0.000000 1.000000 0.000000
vn 0.000000 1.000000 0.000000
vn 0.000000 1.000000 0.000000
vn 0.000000 1.000000 0.000000
vn 0.000000 1.000000 0.000000
vn 0.000000 1.000000 0.000000
vn 0.000000 1.000000 0.000000
vn 0.000000 1.000000 0.000000
vn -1.000000 0.000000 0.000000
vn -1.000000 0.000000 0.000000
vn -1.000000 0.000000 0.000000
vn -1.000000 0.000000 0.000000
vn -1.000000 0.000000 0.000000
vn -1.000000 0.000000 0.000000
vn -1.000000 0.000000 0.000000
vn -1.000000 0.000000 0.000000
vn -1.000000 0.000000 0.000000
vn -1.000000 0.000000 0.000000
vn -1.000000 0.000000 0.000000
vn -1.000000 0.000000 0.000000
vn -1.000000 0.000000 0.000000
vn -1.000000 0.000000 0.000000
vn -1.000000 0.000000 0.000000
vn -1.000000 0.000000 0.000000
vn -1.000000 0.000000 0.000000
vn -1.000000 0.000000 0.000000
vn -1.000000 0.000000 0.000000
vn -1.000000 0.000000 0.000000
vn -1.000000 0.000000 0.000000
vn -1.000000 0.000000 0.000000
vn -1.000000 0.000000 0.000000
vn -1.000000 0.000000 0.000000
vn -1.000000 0.000000 0.000000
vn -1.000000 0.000000 0.000000
vn -1.000000 0.000000 0.000000
vn -1.000000 0.000000 0.000000
vn -1.000000 0.000000 0.000000
vn -1.000000 0.000000 0.000000
vn -1.000000 0.000000 0.000000
vn -1.000000 0.000000 0.000000
vn -1.000000 0.000000 0.000000
vn -1.000000 0.000000 0.000000
vn -1.000000 0.000000 0.000000
vn -1.000000 0.000000 0.000000
vn -1.000000 0.000000 0.000000
vn -1.000000 0.000000 0.000000
vn -1.000000 0.000000 0.000000
vn -1.000000 0.000000 0.000000
vn -1.000000 0.000000 0.000000
vn -1.000000 0.000000 0.000000
vn -1.000000 0.000000 0.000000
vn -1.000000 0.000000 0.000000
vn -0.316216 0.948606 -0.012441
vn -0.948665 -0.316222 -0.006221
vn 0.316228 -0.948601 -0.012441
vn 0.948677 0.316184 -0.006220
vn 0.316228 0.948601 0.012441
vn -0.948665 0.316222 0.006221
vn -0.316216 -0.948606 0.012441
vn 0.948677 -0.316184 0.006220
vn -0.316228 0.948601 -0.012441
vn -0.948677 -0.316184 -0.006220
vn 0.316216 -0.948606 -0.012441
vn 0.948665 0.316222 -0.006221
vn 0.316216 0.948606 0.012441
vn -0.948677 0.316184 0.006220
vn -0.316228 -0.948601 0.012441
vn 0.948665 -0.316222 0.006221
vn -0.316216 0.948606 -0.012441
vn -0.948665 -0.316222 -0.006221
vn 0.316228 -0.948601 -0.012441
vn 0.948677 0.316184 -0.006220
vn 0.316228 0.948601 0.012441
vn -0.948665 0.316222 0.006221
vn -0.316216 -0.948606 0.012441
vn 0.948677 -0.316184 0.006220
vn -0.316228 0.948601 -0.012441
vn -0.948677 -0.316184 -0.006220
vn 0.316216 -0.948606 -0.012441
vn 0.948665 0.316222 -0.006221
vn 0.316216 0.948606 0.012441
vn -0.948677 0.316184 0.006220
vn -0.316228 -0.948601 0.012441
vn 0.948665 -0.316222 0.006221
vn -1.000000 0.000000 0.000000
vn -1.000000 0.000000 0.000000
vn -1.000000 0.000000 0.000000
vn -1.000000 0.000000 0.000000
vn 1.000000 0.000000 0.000000
vn 1.000000 0.000000 0.000000
vn 1.000000 0.000000 0.000000
vn 1.000000 0.000000 0.000000
vn 0.000000 -1.000000 0.000000
vn 0.000000 -1.000000 0.000000
vn 0.000000 -1.000000 0.000000
vn 0.000000 -1.000000 0.000000
vn 0.000000 1.000000 0.000000
vn 0.000000 1.000000 0.000000
vn 0.000000 1.000000 0.000000
vn 0.000000 1.000000 0.000000
vn -1.000000 0.000000 0.000000
vn -1.000000 0.000000 0.000000
vn -1.000000 0.000000 0.000000
vn -1.000000 0.000000 0.000000
vn 1.000000 0.000000 0.000000
vn 1.000000 0.000000 0.000000
vn 1.000000 0.000000 0.000000
vn 1.000000 0.000000 0.000000
vn 0.000000 -1.000000 0.000000
vn 0.000000 -1.000000 0.000000
vn 0.000000 -1.000000 0.000000
vn 0.000000 -1.000000 0.000000
vn 0.000000 1.000000 0.000000
vn 0.000000 1.000000 0.000000
vn 0.000000 1.000000 0.000000
vn 0.000000 1.000000 0.000000
vn -1.000000 0.000000 0.000000
vn -1.000000 0.000000 0.000000
vn -1.000000 0.000000 0.000000
vn -1.000000 0.000000 0.000000
vn 1.000000 0.000000 0.000000
vn 1.000000 0.000000 0.000000
vn 1.000000 0.000000 0.000000
vn 1.000000 0.000000 0.000000
vn 0.000000 1.000000 0.000000
vn 0.000000 1.000000 0.000000
vn 0.000000 1.000000 0.000000
vn 0.000000 1.000000 0.000000
vn -1.000000 0.000000 0.000000
vn -1.000000 0.000000 0.000000
vn -1.000000 0.000000 0.000000
vn -1.000000 0.000000 0.000000
vn 1.000000 0.000000 0.000000
vn 1.000000 0.000000 0.000000
vn 1.000000 0.000000 0.000000
vn 1.000000 0.000000 0.000000
vn 0.000000 1.000000 0.000000
vn 0.000000 1.000000 0.000000
vn 0.000000 1.000000 0.000000
vn 0.000000 1.000000 0.000000
vn -1.000000 0.000000 0.000000
vn -1.000000 0.000000 0.000000
vn -1.000000 0.000000 0.000000
vn -1.000000 0.000000 0.000000
vn 1.000000 0.000000 0.000000
vn 1.000000 0.000000 0.000000
vn 1.000000 0.000000 0.000000
vn 1.000000 0.000000 0.000000
vn 0.000000 1.000000 0.000000
vn 0.000000 1.000000 0.000000
vn 0.000000 1.000000 0.000000
vn 0.000000 1.000000 0.000000
vn -1.000000 0.000000 0.000000
vn -1.000000 0.000000 0.000000
vn -1.000000 0.000000 0.000000
vn -1.000000 0.000000 0.000000
vn 1.000000 0.000000 0.000000
vn 1.000000 0.000000 0.000000
vn 1.000000 0.000000 0.000000
vn 1.000000 0.000000 0.000000
vn 0.000000 1.000000 0.000000
vn 0.000000 1.000000 0.000000
vn 0.000000 1.000000 0.000000
vn 0.000000 1.000000 0.000000
vn -1.000000 0.000000 0.000000
vn -1.000000 0.000000 0.000000
vn -1.000000 0.000000 0.000000
vn -1.000000 0.000000 0.000000
vn 1.000000 0.000000 0.000000
vn 1.000000 0.000000 0.000000
vn 1.000000 0.000000 0.000000
vn 1.000000 0.000000 0.000000
vn 0.000000 1.000000 0.000000
vn 0.000000 1.000000 0.000000
vn 0.000000 1.000000 0.000000
vn 0.000000 1.000000 0.000000
vn -1.000000 0.000000 0.000000
vn -1.000000 0.000000 0.000000
vn -1.000000 0.000000 0.000000
vn -1.000000 0.000000 0.000000
vn 1.000000 0.000000 0.000000
vn 1.000000 0.000000 0.000000
vn 1.000000 0.000000 0.000000
vn 1.000000 0.000000 0.000000
vn 0.000000 1.000000 0.000000
vn 0.000000 1.000000 0.000000
vn 0.000000 1.000000 0.000000
vn 0.000000 1.000000 0.000000
vn -1.000000 0.000000 0.000000
vn -1.000000 0.000000 0.000000
vn -1.000000 0.000000 0.000000
vn -1.000000 0.000000 0.000000
vn 1.000000 0.000000 0.000000
vn 1.000000 0.000000 0.000000
vn 1.000000 0.000000 0.000000
vn 1.000000 0.000000 0.000000
vn 0.000000 1.000000 0.000000
vn 0.000000 1.000000 0.000000
vn 0.000000 1.000000 0.000000
vn 0.000000 1.000000 0.000000
vn -1.000000 0.000000 0.000000
vn -1.000000 0.000000 0.000000
vn -1.000000 0.000000 0.000000
vn -1.000000 0.000000 0.000000
vn 1.000000 0.000000 0.000000
vn 1.000000 0.000000 0.000000
vn 1.000000 0.000000 0.000000
vn 1.000000 0.000000 0.000000
vn 0.000000 1.000000 0.000000
vn 0.000000 1.000000 0.000000
vn 0.000000 1.000000 0.000000
vn 0.000000 1.000000 0.000000
vn 0.000000 -0.419494 0.907758
vn 0.000001 -0.419497 0.907757
vn 0.000000 -0.419494 0.907758
vn -0.000001 -0.419489 0.907760
vn 0.000000 -0.419497 0.907757
vn 0.000000 -0.419497 0.907757
vn 0.000000 -0.419497 0.907757
vn 0.000000 -0.419497 0.907757
vn 0.000000 -0.419497 0.907757
vn 0.000000 -0.419497 0.907757
vn 0.000000 -0.419497 0.907757
vn 0.000000 -0.419497 0.907757
vn -0.000000 -0.419494 0.907758
vn -0.000001 -0.419490 0.907760
vn -0.000000 -0.419494 0.907758
vn 0.000000 -0.419497 0.907757
vn -0.000007 -0.419507 0.907752
vn 0.000000 -0.419506 0.907753
vn -0.000007 -0.419507 0.907752
vn -0.000018 -0.419508 0.907752
vn 0.000000 -0.419503 0.907754
vn 0.000000 -0.419503 0.907754
vn 0.000000 -0.419503 0.907754
vn 0.000000 -0.419503 0.907754
vn 0.000000 -0.419507 0.907752
vn 0.000000 -0.419507 0.907752
vn 0.000000 -0.419507 0.907752
vn 0.000000 -0.419507 0.907752
vn 0.000000 -0.419506 0.907752
vn 0.000000 -0.419506 0.907752
vn 0.000000 -0.419506 0.907752
vn 0.000000 -0.419506 0.907752
vn 0.000000 -0.419503 0.907754
vn 0.000000 -0.419503 0.907754
vn 0.000000 -0.419503 0.907754
vn 0.000000 -0.419503 0.907754
vn 0.000000 -0.419506 0.907752
vn 0.000000 -0.419506 0.907752
vn 0.000000 -0.419506 0.907752
vn 0.000000 -0.419506 0.907752
vn 0.000000 -0.419507 0.907752
vn 0.000000 -0.419507 0.907752
vn 0.000000 -0.419507 0.907752
vn 0.000000 -0.419507 0.907752
vn 0.000000 -0.419502 0.907754
vn 0.000000 -0.419502 0.907754
vn 0.000000 -0.419502 0.907754
vn 0.000000 -0.419502 0.907754
vn 0.000000 -0.419507 0.907752
vn 0.000000 -0.419507 0.907752
vn 0.000000 -0.419507 0.907752
vn 0.000000 -0.419507 0.907752
vn 0.000000 -0.419506 0.907752
vn 0.000000 -0.419506 0.907752
vn 0.000000 -0.419506 0.907752
vn 0.000000 -0.419506 0.907752
vn 0.000000 -0.419503 0.907754
vn 0.000000 -0.419503 0.907754
vn 0.000000 -0.419503 0.907754
vn 0.000000 -0.419503 0.907754
vn 0.000000 -0.419506 0.907752
vn 0.000000 -0.419506 0.907752
vn 0.000000 -0.419506 0.907752
vn 0.000000 -0.419506 0.907752
vn 0.000000 -0.419507 0.907752
vn 0.000000 -0.419507 0.907752
vn 0.000000 -0.419507 0.907752
vn 0.000000 -0.419507 0.907752
vn 0.000000 -0.419503 0.907754
vn 0.000000 -0.419503 0.907754
vn 0.000000 -0.419503 0.907754
vn 0.000000 -0.419503 0.907754
vn 0.000000 -0.419506 0.907752
vn 0.000000 -0.419506 0.907752
vn 0.000000 -0.419506 0.907752
vn 0.000000 -0.419506 0.907752
vn 0.000000 -0.419502 0.907754
vn 0.000000 -0.419502 0.907754
vn 0.000000 -0.419502 0.907754
vn 0.000000 -0.419502 0.907754
vn 0.000000 -0.419507 0.907752
vn 0.000000 -0.419507 0.907752
vn 0.000000 -0.419507 0.907752
vn 0.000000 -0.419507 0.907752
vn 0.000000 -0.419507 0.907752
vn 0.000000 -0.419507 0.907752
vn 0.000000 -0.419507 0.907752
vn 0.000000 -0.419507 0.907752
vn 0.000000 -0.419503 0.907754
vn 0.000000 -0.419503 0.907754
vn 0.000000 -0.419503 0.907754
vn 0.000000 -0.419503 0.907754
vn 0.000000 -0.419506 0.907753
vn 0.000000 -0.419506 0.907753
vn 0.000000 -0.419506 0.907753
vn 0.000000 -0.419506 0.907753
vn 0.000001 -0.419507 0.907752
vn 0.000003 -0.419507 0.907752
vn 0.000001 -0.419507 0.907752
vn 0.000000 -0.419507 0.907752
vn -0.000000 -0.419496 0.907757
vn -0.000001 -0.419490 0.907760
vn -0.000000 -0.419496 0.907757
vn 0.000001 -0.419505 0.907753
vn 0.000000 -0.419490 0.907760
vn 0.000000 -0.419490 0.907760
vn 0.000000 -0.419490 0.907760
vn 0.000000 -0.419490 0.907760
vn 0.000000 -0.419490 0.907760
vn 0.000000 -0.419490 0.907760
vn 0.000000 -0.419490 0.907760
vn 0.000000 -0.419490 0.907760
vn -0.000000 -0.419496 0.907757
vn 0.000001 -0.419502 0.907754
vn -0.000000 -0.419496 0.907757
vn -0.000001 -0.419490 0.907760
vn -0.000001 -0.419507 0.907752
vn 0.000000 -0.419507 0.907752
vn -0.000001 -0.419507 0.907752
vn -0.000003 -0.419507 0.907752
vn 0.000000 -0.419506 0.907753
vn 0.000000 -0.419506 0.907753
vn 0.000000 -0.419506 0.907753
vn 0.000000 -0.419506 0.907753
vn 0.000000 -0.419503 0.907754
vn 0.000000 -0.419503 0.907754
vn 0.000000 -0.419503 0.907754
vn 0.000000 -0.419503 0.907754
vn 0.000000 -0.419507 0.907752
vn 0.000000 -0.419507 0.907752
vn 0.000000 -0.419507 0.907752
vn 0.000000 -0.419507 0.907752
vn 0.000000 -0.419507 0.907752
vn 0.000000 -0.419507 0.907752
vn 0.000000 -0.419507 0.907752
vn 0.000000 -0.419507 0.907752
vn 0.000000 -0.419502 0.907754
vn 0.000000 -0.419502 0.907754
vn 0.000000 -0.419502 0.907754
vn 0.000000 -0.419502 0.907754
vn 0.000000 -0.419506 0.907752
vn 0.000000 -0.419506 0.907752
vn 0.000000 -0.419506 0.907752
vn 0.000000 -0.419506 0.907752
vn 0.000000 -0.419503 0.907754
vn 0.000000 -0.419503 0.907754
vn 0.000000 -0.419503 0.907754
vn 0.000000 -0.419503 0.907754
vn 0.000000 -0.419507 0.907752
vn 0.000000 -0.419507 0.907752
vn 0.000000 -0.419507 0.907752
vn 0.000000 -0.419507 0.907752
vn 0.000000 -0.419506 0.907752
vn 0.000000 -0.419506 0.907752
vn 0.000000 -0.419506 0.907752
vn 0.000000 -0.419506 0.907752
vn 0.000000 -0.419503 0.907754
vn 0.000000 -0.419503 0.907754
vn 0.000000 -0.419503 0.907754
vn 0.000000 -0.419503 0.907754
vn 0.000000 -0.419506 0.907752
vn 0.000000 -0.419506 0.907752
vn 0.000000 -0.419506 0.907752
vn 0.000000 -0.419506 0.907752
vn 0.000000 -0.419507 0.907752
vn 0.000000 -0.419507 0.907752
vn 0.000000 -0.419507 0.907752
vn 0.000000 -0.419507 0.907752
vn 0.000000 -0.419502 0.907754
vn 0.000000 -0.419502 0.907754
vn 0.000000 -0.419502 0.907754
vn 0.000000 -0.419502 0.907754
vn 0.000000 -0.419507 0.907752
vn 0.000000 -0.419507 0.907752
vn 0.000000 -0.419507 0.907752
vn 0.000000 -0.419507 0.907752
vn 0.000000 -0.419506 0.907752
vn 0.000000 -0.419506 0.907752
vn 0.000000 -0.419506 0.907752
vn 0.000000 -0.419506 0.907752
vn 0.000000 -0.419503 0.907754
vn 0.000000 -0.419503 0.907754
vn 0.000000 -0.419503 0.907754
vn 0.000000 -0.419503 0.907754
vn 0.000000 -0.419506 0.907752
vn 0.000000 -0.419506 0.907752
vn 0.000000 -0.419506 0.907752
vn 0.000000 -0.419506 0.907752
vn 0.000000 -0.419507 0.907752
vn 0.000000 -0.419507 0.907752
vn 0.000000 -0.419507 0.907752
vn 0.000000 -0.419507 0.907752
vn 0.000000 -0.419503 0.907754
vn 0.000000 -0.419503 0.907754
vn 0.000000 -0.419503 0.907754
vn 0.000000 -0.419503 0.907754
vn 0.000007 -0.419507 0.907752
vn 0.000016 -0.419506 0.907753
vn 0.000007 -0.419507 0.907752
vn 0.000000 -0.419507 0.907752
vn 0.000000 0.000000 -1.000000
vn 0.000000 0.000000 -1.000000
vn 0.000000 0.000000 -1.000000
vn 0.000000 0.000000 -1.000000
vn 0.000000 0.000000 1.000000
vn 0.000000 0.000000 1.000000
vn 0.000000 0.000000 1.000000
vn 0.000000 0.000000 1.000000
vn 0.000000 -1.000000 0.000000
vn 0.000000 -1.000000 0.000000
vn 0.000000 -1.000000 0.000000
vn 0.000000 -1.000000 0.000000
vn 1.000000 0.000000 0.000000
vn 1.000000 0.000000 0.000000
vn 1.000000 0.000000 0.000000
vn 1.000000 0.000000 0.000000
vn 0.000000 1.000000 0.000000
vn 0.000000 1.000000 0.000000
vn 0.000000 1.000000 0.000000
vn 0.000000 1.000000 0.000000
vn -1.000000 0.000000 0.000000
vn -1.000000 0.000000 0.000000
vn -1.000000 0.000000 0.000000
vn -1.000000 0.000000 0.000000
f 1//1 2//2 3//3
f 1//1 3//3 4//4
f 5//5 6//6 7//7
f 5//5 7//7 8//8
f 9//9 10//10 11//11
f 9//9 11//11 12//12
f 13//13 14//14 15//15
f 13//13 15//15 16//16
f 17//17 18//18 19//19
f 17//17 19//19 20//20
f 21//21 22//22 23//23
f 21//21 23//23 24//24
f 25//25 26//26 27//27
f 25//25 27//27 28//28
f 29//29 30//30 31//31
f 29//29 31//31 32//32
f 33//33 34//34 35//35
f 33//33 35//35 36//36
f 37//37 38//38 39//39
f 37//37 39//39 40//40
f 41//41 42//42 43//43
f 41//41 43//43 44//44
f 45//45 46//46 47//47
f 45//45 47//47 48//48
f 49//49 50//50 51//51
f 49//49 51//51 52//52
f 53//53 54//54 55//55
f 53//53 55//55 56//56
f 57//57 58//58 59//59
f 57//57 59//59 60//60
f 61//61 62//62 63//63
f 61//61 63//63 64//64
f 65//65 66//66 67//67
f 65//65 67//67 68//68
f 69//69 70//70 71//71
f 69//69 71//71 72//72
f 73//73 74//74 75//75
f 73//73 75//75 76//76
f 77//77 78//78 79//79
f 77//77 79//79 80//80
f 81//81 82//82 83//83
f 81//81 83//83 84//84
f 85//85 86//86 87//87
f 85//85 87//87 88//88
f 89//89 90//90 91//91
f 89//89 91//91 92//92
f 93//93 94//94 95//95
f 93//93 95//95 96//96
f 97//97 98//98 99//99
f 97//97 99//99 100//100
f 101//101 102//102 103//103
f 101//101 103//103 104//104
f 105//105 106//106 107//107
f 105//105 107//107 108//108
f 109//109 110//110 111//111
f 109//109 111//111 112//112
f 113//113 114//114 115//115
f 113//113 115//115 116//116
f 117//117 118//118 119//119
f 117//117 119//119 120//120
f 121//121 122//122 123//123
f 121//121 123//123 124//124
f 125//125 126//126 127//127
f 125//125 127//127 128//128
f 129//129 130//130 131//131
f 129//129 131//131 132//132
f 133//133 134//134 135//135
f 133//133 135//135 136//136
f 137//137 138//138 139//139
f 137//137 139//139 140//140
f 141//141 142//142 143//143
f 141//141 143//143 144//144
f 145//145 146//146 147//147
f 145//145 147//147 148//148
f 149//149 150//150 151//151
f 149//149 151//151 152//152
f 153//153 154//154 155//155
f 153//153 155//155 156//156
f 157//157 158//158 159//159
f 157//157 159//159 160//160
f 161//161 162//162 163//163
f 161//161 163//163 164//164
f 165//165 166//166 167//167
f 165//165 167//167 168//168
f 169//169 170//170 171//171
f 169//169 171//171 172//172
f 173//173 174//174 175//175
f 173//173 175//175 176//176
f 177//177 178//178 179//179
f 177//177 179//179 180//180
f 181//181 182//182 183//183
f 181//181 183//183 184//184
f 185//185 186//186 187//187
f 185//185 187//187 188//188
f 189//189 190//190 191//191
f 189//189 191//191 192//192
f 193//193 194//194 195//195
f 193//193 195//195 196//196
f 197//197 198//198 199//199
f 197//197 199//199 200//200
f 201//201 202//202 203//203
f 201//201 203//203 204//204
f 205//205 206//206 207//207
f 205//205 207//207 208//208
f 209//209 210//210 211//211
f 209//209 211//211 212//212
f 213//213 214//214 215//215
f 213//213 215//215 216//216
f 217//217 218//218 219//219
f 217//217 219//219 220//220
f 221//221 222//222 223//223
f 221//221 223//223 224//224
f 225//225 226//226 227//227
f 225//225 227//227 228//228
f 229//229 230//230 231//231
f 229//229 231//231 232//232
f 233//233 234//234 235//235
f 233//233 235//235 236//236
f 237//237 238//238 239//239
f 237//237 239//239 240//240
f 241//241 242//242 243//243
f 241//241 243//243 244//244
f 245//245 246//246 247//247
f 245//245 247//247 248//248
f 249//249 250//250 251//251
f 249//249 251//251 252//252
f 253//253 254//254 255//255
f 253//253 255//255 256//256
f 257//257 258//258 259//259
f 257//257 259//259 260//260
f 261//261 262//262 263//263
f 261//261 263//263 264//264
f 265//265 266//266 267//267
f 265//265 267//267 268//268
f 269//269 270//270 271//271
f 269//269 271//271 272//272
f 273//273 274//274 275//275
f 273//273 275//275 276//276
f 277//277 278//278 279//279
f 277//277 279//279 280//280
f 281//281 282//282 283//283
f 281//281 283//283 284//284
f 285//285 286//286 287//287
f 285//285 287//287 288//288
f 289//289 290//290 291//291
f 289//289 291//291 292//292
f 293//293 294//294 295//295
f 293//293 295//295 296//296
f 297//297 298//298 299//299
f 297//297 299//299 300//300
f 301//301 302//302 303//303
f 301//301 303//303 304//304
f 305//305 306//306 307//307
f 305//305 307//307 308//308
f 309//309 310//310 311//311
f 309//309 311//311 312//312
f 313//313 314//314 315//315
f 313//313 315//315 316//316
f 317//317 318//318 319//319
f 317//317 319//319 320//320
f 321//321 322//322 323//323
f 321//321 323//323 324//324
f 325//325 326//326 327//327
f 325//325 327//327 328//328
f 329//329 330//330 331//331
f 329//329 331//331 332//332
f 333//333 334//334 335//335
f 333//333 335//335 336//336
f 337//337 338//338 339//339
f 337//337 339//339 340//340
f 341//341 342//342 343//343
f 341//341 343//343 344//344
f 345//345 346//346 347//347
f 345//345 347//347 348//348
f 349//349 350//350 351//351
f 349//349 351//351 352//352
f 353//353 354//354 355//355
f 353//353 355//355 356//356
f 357//357 358//358 359//359
f 357//357 359//359 360//360
f 361//361 362//362 363//363
f 361//361 363//363 364//364
f 365//365 366//366 367//367
f 365//365 367//367 368//368
f 369//369 370//370 371//371
f 369//369 371//371 372//372
f 373//373 374//374 375//375
f 373//373 375//375 376//376
f 377//377 378//378 379//379
f 377//377 379//379 380//380
f 381//381 382//382 383//383
f 381//381 383//383 384//384
f 385//385 386//386 387//387
f 385//385 387//387 388//388
f 389//389 390//390 391//391
f 389//389 391//391 392//392
f 393//393 394//394 395//395
f 393//393 395//395 396//396
f 397//397 398//398 399//399
f 397//397 399//399 400//400
f 401//401 402//402 403//403
f 401//401 403//403 404//404
f 405//405 406//406 407//407
f 405//405 407//407 408//408
f 409//409 410//410 411//411
f 409//409 411//411 412//412
f 413//413 414//414 415//415
f 413//413 415//415 416//416
f 417//417 418//418 419//419
f 417//417 419//419 420//420
f 421//421 422//422 423//423
f 421//421 423//423 424//424
f 425//425 426//426 427//427
f 425//425 427//427 428//428
f 429//429 430//430 431//431
f 429//429 431//431 432//432
f 433//433 434//434 435//435
f 433//433 435//435 436//436
f 437//437 438//438 439//439
f 437//437 439//439 440//440
f 441//441 442//442 443//443
f 441//441 443//443 444//444
f 445//445 446//446 447//447
f 445//445 447//447 448//448
f 449//449 450//450 451//451
f 449//449 451//451 452//452
f 453//453 454//454 455//455
f 453//453 455//455 456//456
f 457//457 458//458 459//459
f 457//457 459//459 460//460
f 461//461 462//462 463//463
f 461//461 463//463 464//464
f 465//465 466//466 467//467
f 465//465 467//467 468//468
f 469//469 470//470 471//471
f 469//469 471//471 472//472
f 473//473 474//474 475//475
f 473//473 475//475 476//476
f 477//477 478//478 479//479
f 477//477 479//479 480//480
f 481//481 482//482 483//483
f 481//481 483//483 484//484
f 485//485 486//486 487//487
f 485//485 487//487 488//488
f 489//489 490//490 491//491
f 489//489 491//491 492//492
f 493//493 494//494 495//495
f 493//493 495//495 496//496
f 497//497 498//498 499//499
f 497//497 499//499 500//500
f 501//501 502//502 503//503
f 501//501 503//503 504//504
f 505//505 506//506 507//507
f 505//505 507//507 508//508
f 509//509 510//510 511//511
f 509//509 511//511 512//512
f 513//513 514//514 515//515
f 513//513 515//515 516//516
f 517//517 518//518 519//519
f 517//517 519//519 520//520
f 521//521 522//522 523//523
f 521//521 523//523 524//524
f 525//525 526//526 527//527
f 525//525 527//527 528//528
f 529//529 530//530 531//531
f 529//529 531//531 532//532
f 533//533 534//534 535//535
f 533//533 535//535 536//536
f 537//537 538//538 539//539
f 537//537 539//539 540//540
f 541//541 542//542 543//543
f 541//541 543//543 544//544
f 545//545 546//546 547//547
f 545//545 547//547 548//548
f 549//549 550//550 551//551
f 549//549 551//551 552//552
f 553//553 554//554 555//555
f 553//553 555//555 556//556
f 557//557 558//558 559//559
f 557//557 559//559 560//560
f 561//561 562//562 563//563
f 561//561 563//563 564//564
f 565//565 566//566 567//567
f 565//565 567//567 568//568
f 569//569 570//570 571//571
f 569//569 571//571 572//572
f 573//573 574//574 575//575
f 573//573 575//575 576//576
f 577//577 578//578 579//579
f 577//577 579//579 580//580
f 581//581 582//582 583//583
f 581//581 583//583 584//584
f 585//585 586//586 587//587
f 585//585 587//587 588//588
f 589//589 590//590 591//591
f 589//589 591//591 592//592
f 593//593 594//594 595//595
f 593//593 595//595 596//596
f 597//597 598//598 599//599
f 597//597 599//599 600//600
f 601//601 602//602 603//603
f 601//601 603//603 604//604
f 605//605 606//606 607//607
f 605//605 607//607 608//608
f 609//609 610//610 611//611
f 609//609 611//611 612//612
f 613//613 614//614 615//615
f 613//613 615//615 616//616
f 617//617 618//618 619//619
f 617//617 619//619 620//620
f 621//621 622//622 623//623
f 621//621 623//623 624//624
f 625//625 626//626 627//627
f 625//625 627//627 628//628
f 629//629 630//630 631//631
f 629//629 631//631 632//632
f 633//633 634//634 635//635
f 633//633 635//635 636//636
f 637//637 638//638 639//639
f 637//637 639//639 640//640
f 641//641 642//642 643//643
f 641//641 643//643 644//644
f 645//645 646//646 647//647
f 645//645 647//647 648//648
f 649//649 650//650 651//651
f 649//649 651//651 652//652
f 653//653 654//654 655//655
f 653//653 655//655 656//656
f 657//657 658//658 659//659
f 657//657 659//659 660//660
f 661//661 662//662 663//663
f 661//661 663//663 664//664
f 665//665 666//666 667//667
f 665//665 667//667 668//668
f 669//669 670//670 671//671
f 669//669 671//671 672//672
f 673//673 674//674 675//675
f 673//673 675//675 676//676
f 677//677 678//678 679//679
f 677//677 679//679 680//680
f 681//681 682//682 683//683
f 681//681 683//683 684//684
f 685//685 686//686 687//687
f 685//685 687//687 688//688
f 689//689 690//690 691//691
f 689//689 691//691 692//692
f 693//693 694//694 695//695
f 693//693 695//695 696//696
f 697//697 698//698 699//699
f 697//697 699//699 700//700
f 701//701 702//702 703//703
f 701//701 703//703 704//704
f 705//705 706//706 707//707
f 705//705 707//707 708//708
f 709//709 710//710 711//711
f 709//709 711//711 712//712
f 713//713 714//714 715//715
f 713//713 715//715 716//716
f 717//717 718//718 719//719
f 717//717 719//719 720//720
f 721//721 722//722 723//723
f 721//721 723//723 724//724
f 725//725 726//726 727//727
f 725//725 727//727 728//728
f 729//729 730//730 731//731
f 729//729 731//731 732//732
f 733//733 734//734 735//735
f 733//733 735//735 736//736
f 737//737 738//738 739//739
f 737//737 739//739 740//740
f 741//741 742//742 743//743
f 741//741 743//743 744//744
f 745//745 746//746 747//747
f 745//745 747//747 748//748
f 749//749 750//750 751//751
f 749//749 751//751 752//752
f 753//753 754//754 755//755
f 753//753 755//755 756//756
f 757//757 758//758 759//759
f 757//757 759//759 760//760
f 761//761 762//762 763//763
f 761//761 763//763 764//764
f 765//765 766//766 767//767
f 765//765 767//767 768//768
f 769//769 770//770 771//771
f 769//769 771//771 772//772
f 773//773 774//774 775//775
f 773//773 775//775 776//776
f 777//777 778//778 779//779
f 777//777 779//779 780//780
f 781//781 782//782 783//783
f 781//781 783//783 784//784
f 785//785 786//786 787//787
f 785//785 787//787 788//788
f 789//789 790//790 791//791
f 789//789 791//791 792//792
f 793//793 794//794 795//795
f 793//793 795//795 796//796
f 797//797 798//798 799//799
f 797//797 799//799 800//800
f 801//801 802//802 803//803
f 801//801 803//803 804//804
f 805//805 806//806 807//807
f 805//805 807//807 808//808
f 809//809 810//810 811//811
f 809//809 811//811 812//812
f 813//813 814//814 815//815
f 813//813 815//815 816//816
f 817//817 818//818 819//819
f 817//817 819//819 820//820
f 821//821 822//822 823//823
f 821//821 823//823 824//824
f 825//825 826//826 827//827
f 825//825 827//827 828//828
f 829//829 830//830 831//831
f 829//829 831//831 832//832
f 833//833 834//834 835//835
f 833//833 835//835 836//836
f 837//837 838//838 839//839
f 837//837 839//839 840//840
f 841//841 842//842 843//843
f 841//841 843//843 844//844
f 845//845 846//846 847//847
f 845//845 847//847 848//848
f 849//849 850//850 851//851
f 849//849 851//851 852//852
f 853//853 854//854 855//855
f 853//853 855//855 856//856
f 857//857 858//858 859//859
f 857//857 859//859 860//860
f 861//861 862//862 863//863
f 861//861 863//863 864//864
f 865//865 866//866 867//867
f 865//865 867//867 868//868
f 869//869 870//870 871//871
f 869//869 871//871 872//872
f 873//873 874//874 875//875
f 873//873 875//875 876//876
f 877//877 878//878 879//879
f 877//877 879//879 880//880
f 881//881 882//882 883//883
f 881//881 883//883 884//884
f 885//885 886//886 887//887
f 885//885 887//887 888//888
f 889//889 890//890 891//891
f 889//889 891//891 892//892
f 893//893 894//894 895//895
f 893//893 895//895 896//896
f 897//897 898//898 899//899
f 897//897 899//899 900//900
f 901//901 902//902 903//903
f 901//901 903//903 904//904
f 905//905 906//906 907//907
f 905//905 907//907 908//908
f 909//909 910//910 911//911
f 909//909 911//911 912//912
f 913//913 914//914 915//915
f 913//913 915//915 916//916
f 917//917 918//918 919//919
f 917//917 919//919 920//920
f 921//921 922//922 923//923
f 921//921 923//923 924//924
f 925//925 926//926 927//927
f 925//925 927//927 928//928
f 929//929 930//930 931//931
f 929//929 931//931 932//932
f 933//933 934//934 935//935
f 933//933 935//935 936//936
f 937//937 938//938 939//939
f 937//937 939//939 940//940
f 941//941 942//942 943//943
f 941//941 943//943 944//944
f 945//945 946//946 947//947
f 945//945 947//947 948//948
f 949//949 950//950 951//951
f 949//949 951//951 952//952
f 953//953 954//954 955//955
f 953//953 955//955 956//956
f 957//957 958//958 959//959
f 957//957 959//959 960//960
f 961//961 962//962 963//963
f 961//961 963//963 964//964
f 965//965 966//966 967//967
f 965//965 967//967 968//968
f 969//969 970//970 971//971
f 969//969 971//971 972//972
f 973//973 974//974 975//975
f 973//973 975//975 976//976
f 977//977 978//978 979//979
f 977//977 979//979 980//980
f 981//981 982//982 983//983
f 981//981 983//983 984//984
f 985//985 986//986 987//987
f 985//985 987//987 988//988
f 989//989 990//990 991//991
f 989//989 991//991 992//992
f 993//993 994//994 995//995
f 993//993 995//995 996//996
f 997//997 998//998 999//999
f 997//997 999//999 1000//1000
f 1001//1001 1002//1002 1003//1003
f 1001//1001 1003//1003 1004//1004
f 1005//1005 1006//1006 1007//1007
f 1005//1005 1007//1007 1008//1008
f 1009//1009 1010//1010 1011//1011
f 1009//1009 1011//1011 1012//1012
f 1013//1013 1014//1014 1015//1015
f 1013//1013 1015//1015 1016//1016
f 1017//1017 1018//1018 1019//1019
f 1017//1017 1019//1019 1020//1020
f 1021//1021 1022//1022 1023//1023
f 1021//1021 1023//1023 1024//1024
f 1025//1025 1026//1026 1027//1027
f 1025//1025 1027//1027 1028//1028
f 1029//1029 1030//1030 1031//1031
f 1029//1029 1031//1031 1032//1032
f 1033//1033 1034//1034 1035//1035
f 1033//1033 1035//1035 1036//1036
f 1037//1037 1038//1038 1039//1039
f 1037//1037 1039//1039 1040//1040
f 1041//1041 1042//1042 1043//1043
f 1041//1041 1043//1043 1044//1044
f 1045//1045 1046//1046 1047//1047
f 1045//1045 1047//1047 1048//1048
f 1049//1049 1050//1050 1051//1051
f 1049//1049 1051//1051 1052//1052
f 1053//1053 1054//1054 1055//1055
f 1053//1053 1055//1055 1056//1056
f 1057//1057 1058//1058 1059//1059
f 1057//1057 1059//1059 1060//1060
f 1061//1061 1062//1062 1063//1063
f 1061//1061 1063//1063 1064//1064
f 1065//1065 1066//1066 1067//1067
f 1065//1065 1067//1067 1068//1068
f 1069//1069 1070//1070 1071//1071
f 1069//1069 1071//1071 1072//1072
f 1073//1073 1074//1074 1075//1075
f 1073//1073 1075//1075 1076//1076
f 1077//1077 1078//1078 1079//1079
f 1077//1077 1079//1079 1080//1080
f 1081//1081 1082//1082 1083//1083
f 1081//1081 1083//1083 1084//1084
f 1085//1085 1086//1086 1087//1087
f 1085//1085 1087//1087 1088//1088
f 1089//1089 1090//1090 1091//1091
f 1089//1089 1091//1091 1092//1092
f 1093//1093 1094//1094 1095//1095
f 1093//1093 1095//1095 1096//1096
f 1097//1097 1098//1098 1099//1099
f 1097//1097 1099//1099 1100//1100
f 1101//1101 1102//1102 1103//1103
f 1101//1101 1103//1103 1104//1104
f 1105//1105 1106//1106 1107//1107
f 1105//1105 1107//1107 1108//1108
f 1109//1109 1110//1110 1111//1111
f 1109//1109 1111//1111 1112//1112
f 1113//1113 1114//1114 1115//1115
f 1113//1113 1115//1115 1116//1116
f 1117//1117 1118//1118 1119//1119
f 1117//1117 1119//1119 1120//1120
f 1121//1121 1122//1122 1123//1123
f 1121//1121 1123//1123 1124//1124
f 1125//1125 1126//1126 1127//1127
f 1125//1125 1127//1127 1128//1128
f 1129//1129 1130//1130 1131//1131
f 1129//1129 1131//1131 1132//1132
f 1133//1133 1134//1134 1135//1135
f 1133//1133 1135//1135 1136//1136
f 1137//1137 1138//1138 1139//1139
f 1137//1137 1139//1139 1140//1140
f 1141//1141 1142//1142 1143//1143
f 1141//1141 1143//1143 1144//1144
f 1145//1145 1146//1146 1147//1147
f 1145//1145 1147//1147 1148//1148
f 1149//1149 1150//1150 1151//1151
f 1149//1149 1151//1151 1152//1152
f 1153//1153 1154//1154 1155//1155
f 1153//1153 1155//1155 1156//1156
f 1157//1157 1158//1158 1159//1159
f 1157//1157 1159//1159 1160//1160
f 1161//1161 1162//1162 1163//1163
f 1161//1161 1163//1163 1164//1164
f 1165//1165 1166//1166 1167//1167
f 1165//1165 1167//1167 1168//1168
f 1169//1169 1170//1170 1171//1171
f 1169//1169 1171//1171 1172//1172
f 1173//1173 1174//1174 1175//1175
f 1173//1173 1175//1175 1176//1176
f 1177//1177 1178//1178 1179//1179
f 1177//1177 1179//1179 1180//1180
f 1181//1181 1182//1182 1183//1183
f 1181//1181 1183//1183 1184//1184
f 1185//1185 1186//1186 1187//1187
f 1185//1185 1187//1187 1188//1188
f 1189//1189 1190//1190 1191//1191
f 1189//1189 1191//1191 1192//1192
f 1193//1193 1194//1194 1195//1195
f 1193//1193 1195//1195 1196//1196
f 1197//1197 1198//1198 1199//1199
f 1197//1197 1199//1199 1200//1200
f 1201//1201 1202//1202 1203//1203
f 1201//1201 1203//1203 1204//1204
f 1205//1205 1206//1206 1207//1207
f 1205//1205 1207//1207 1208//1208
f 1209//1209 1210//1210 1211//1211
f 1209//1209 1211//1211 1212//1212
f 1213//1213 1214//1214 1215//1215
f 1213//1213 1215//1215 1216//1216
f 1217//1217 1218//1218 1219//1219
f 1217//1217 1219//1219 1220//1220
f 1221//1221 1222//1222 1223//1223
f 1221//1221 1223//1223 1224//1224
f 1225//1225 1226//1226 1227//1227
f 1225//1225 1227//1227 1228//1228
f 1229//1229 1230//1230 1231//1231
f 1229//1229 1231//1231 1232//1232
f 1233//1233 1234//1234 1235//1235
f 1233//1233 1235//1235 1236//1236
f 1237//1237 1238//1238 1239//1239
f 1237//1237 1239//1239 1240//1240
f 1241//1241 1242//1242 1243//1243
f 1241//1241 1243//1243 1244//1244
f 1245//1245 1246//1246 1247//1247
f 1245//1245 1247//1247 1248//1248
f 1249//1249 1250//1250 1251//1251
f 1249//1249 1251//1251 1252//1252
f 1253//1253 1254//1254 1255//1255
f 1253//1253 1255//1255 1256//1256
f 1257//1257 1258//1258 1259//1259
f 1257//1257 1259//1259 1260//1260
f 1261//1261 1262//1262 1263//1263
f 1261//1261 1263//1263 1264//1264
f 1265//1265 1266//1266 1267//1267
f 1265//1265 1267//1267 1268//1268
f 1269//1269 1270//1270 1271//1271
f 1269//1269 1271//1271 1272//1272
f 1273//1273 1274//1274 1275//1275
f 1273//1273 1275//1275 1276//1276
f 1277//1277 1278//1278 1279//1279
f 1277//1277 1279//1279 1280//1280
f 1281//1281 1282//1282 1283//1283
f 1281//1281 1283//1283 1284//1284
f 1285//1285 1286//1286 1287//1287
f 1285//1285 1287//1287 1288//1288
f 1289//1289 1290//1290 1291//1291
f 1289//1289 1291//1291 1292//1292
f 1293//1293 1294//1294 1295//1295
f 1293//1293 1295//1295 1296//1296
f 1297//1297 1298//1298 1299//1299
f 1297//1297 1299//1299 1300//1300
f 1301//1301 1302//1302 1303//1303
f 1301//1301 1303//1303 1304//1304
f 1305//1305 1306//1306 1307//1307
f 1305//1305 1307//1307 1308//1308
f 1309//1309 1310//1310 1311//1311
f 1309//1309 1311//1311 1312//1312
f 1313//1313 1314//1314 1315//1315
f 1313//1313 1315//1315 1316//1316
f 1317//1317 1318//1318 1319//1319
f 1317//1317 1319//1319 1320//1320
f 1321//1321 1322//1322 1323//1323
f 1321//1321 1323//1323 1324//1324
f 1325//1325 1326//1326 1327//1327
f 1325//1325 1327//1327 1328//1328
f 1329//1329 1330//1330 1331//1331
f 1329//1329 1331//1331 1332//1332
f 1333//1333 1334//1334 1335//1335
f 1333//1333 1335//1335 1336//1336
f 1337//1337 1338//1338 1339//1339
f 1337//1337 1339//1339 1340//1340
f 1341//1341 1342//1342 1343//1343
f 1341//1341 1343//1343 1344//1344
f 1345//1345 1346//1346 1347//1347
f 1345//1345 1347//1347 1348//1348
f 1349//1349 1350//1350 1351//1351
f 1349//1349 1351//1351 1352//1352
f 1353//1353 1354//1354 1355//1355
f 1353//1353 1355//1355 1356//1356
f 1357//1357 1358//1358 1359//1359
f 1357//1357 1359//1359 1360//1360
f 1361//1361 1362//1362 1363//1363
f 1361//1361 1363//1363 1364//1364
f 1365//1365 1366//1366 1367//1367
f 1365//1365 1367//1367 1368//1368
f 1369//1369 1370//1370 1371//1371
f 1369//1369 1371//1371 1372//1372
f 1373//1373 1374//1374 1375//1375
f 1373//1373 1375//1375 1376//1376
f 1377//1377 1378//1378 1379//1379
f 1377//1377 1379//1379 1380//1380
f 1381//1381 1382//1382 1383//1383
f 1381//1381 1383//1383 1384//1384
f 1385//1385 1386//1386 1387//1387
f 1385//1385 1387//1387 1388//1388
f 1389//1389 1390//1390 1391//1391
f 1389//1389 1391//1391 1392//1392
f 1393//1393 1394//1394 1395//1395
f 1393//1393 1395//1395 1396//1396
f 1397//1397 1398//1398 1399//1399
f 1397//1397 1399//1399 1400//1400
f 1401//1401 1402//1402 1403//1403
f 1401//1401 1403//1403 1404//1404
f 1405//1405 1406//1406 1407//1407
f 1405//1405 1407//1407 1408//1408
f 1409//1409 1410//1410 1411//1411
f 1409//1409 1411//1411 1412//1412
f 1413//1413 1414//1414 1415//1415
f 1413//1413 1415//1415 1416//1416
f 1417//1417 1418//1418 1419//1419
f 1417//1417 1419//1419 1420//1420
f 1421//1421 1422//1422 1423//1423
f 1421//1421 1423//1423 1424//1424
f 1425//1425 1426//1426 1427//1427
f 1425//1425 1427//1427 1428//1428
f 1429//1429 1430//1430 1431//1431
f 1429//1429 1431//1431 1432//1432
f 1433//1433 1434//1434 1435//1435
f 1433//1433 1435//1435 1436//1436
f 1437//1437 1438//1438 1439//1439
f 1437//1437 1439//1439 1440//1440
f 1441//1441 1442//1442 1443//1443
f 1441//1441 1443//1443 1444//1444
f 1445//1445 1446//1446 1447//1447
f 1445//1445 1447//1447 1448//1448
f 1449//1449 1450//1450 1451//1451
f 1449//1449 1451//1451 1452//1452
f 1453//1453 1454//1454 1455//1455
f 1453//1453 1455//1455 1456//1456
f 1457//1457 1458//1458 1459//1459
f 1457//1457 1459//1459 1460//1460
f 1461//1461 1462//1462 1463//1463
f 1461//1461 1463//1463 1464//1464
f 1465//1465 1466//1466 1467//1467
f 1465//1465 1467//1467 1468//1468
f 1469//1469 1470//1470 1471//1471
f 1469//1469 1471//1471 1472//1472
f 1473//1473 1474//1474 1475//1475
f 1473//1473 1475//1475 1476//1476
f 1477//1477 1478//1478 1479//1479
f 1477//1477 1479//1479 1480//1480
f 1481//1481 1482//1482 1483//1483
f 1481//1481 1483//1483 1484//1484
f 1485//1485 1486//1486 1487//1487
f 1485//1485 1487//1487 1488//1488
f 1489//1489 1490//1490 1491//1491
f 1489//1489 1491//1491 1492//1492
f 1493//1493 1494//1494 1495//1495
f 1493//1493 1495//1495 1496//1496
f 1497//1497 1498//1498 1499//1499
f 1497//1497 1499//1499 1500//1500
f 1501//1501 1502//1502 1503//1503
f 1501//1501 1503//1503 1504//1504
f 1505//1505 1506//1506 1507//1507
f 1505//1505 1507//1507 1508//1508
f 1509//1509 1510//1510 1511//1511
f 1509//1509 1511//1511 1512//1512
f 1513//1513 1514//1514 1515//1515
f 1513//1513 1515//1515 1516//1516
f 1517//1517 1518//1518 1519//1519
f 1517//1517 1519//1519 1520//1520
f 1521//1521 1522//1522 1523//1523
f 1521//1521 1523//1523 1524//1524
f 1525//1525 1526//1526 1527//1527
f 1525//1525 1527//1527 1528//1528
f 1529//1529 1530//1530 1531//1531
f 1529//1529 1531//1531 1532//1532
f 1533//1533 1534//1534 1535//1535
f 1533//1533 1535//1535 1536//1536
f 1537//1537 1538//1538 1539//1539
f 1537//1537 1539//1539 1540//1540
f 1541//1541 1542//1542 1543//1543
f 1541//1541 1543//1543 1544//1544
f 1545//1545 1546//1546 1547//1547
f 1545//1545 1547//1547 1548//1548
f 1549//1549 1550//1550 1551//1551
f 1549//1549 1551//1551 1552//1552
f 1553//1553 1554//1554 1555//1555
f 1553//1553 1555//1555 1556//1556
f 1557//1557 1558//1558 1559//1559
f 1557//1557 1559//1559 1560//1560
f 1561//1561 1562//1562 1563//1563
f 1561//1561 1563//1563 1564//1564
f 1565//1565 1566//1566 1567//1567
f 1565//1565 1567//1567 1568//1568
f 1569//1569 1570//1570 1571//1571
f 1569//1569 1571//1571 1572//1572
f 1573//1573 1574//1574 1575//1575
f 1573//1573 1575//1575 1576//1576
f 1577//1577 1578//1578 1579//1579
f 1577//1577 1579//1579 1580//1580
f 1581//1581 1582//1582 1583//1583
f 1581//1581 1583//1583 1584//1584
f 1585//1585 1586//1586 1587//1587
f 1585//1585 1587//1587 1588//1588
f 1589//1589 1590//1590 1591//1591
f 1589//1589 1591//1591 1592//1592
f 1593//1593 1594//1594 1595//1595
f 1593//1593 1595//1595 1596//1596
f 1597//1597 1598//1598 1599//1599
f 1597//1597 1599//1599 1600//1600
f 1601//1601 1602//1602 1603//1603
f 1601//1601 1603//1603 1604//1604
f 1605//1605 1606//1606 1607//1607
f 1605//1605 1607//1607 1608//1608
f 1609//1609 1610//1610 1611//1611
f 1609//1609 1611//1611 1612//1612
f 1613//1613 1614//1614 1615//1615
f 1613//1613 1615//1615 1616//1616
f 1617//1617 1618//1618 1619//1619
f 1617//1617 1619//1619 1620//1620
f 1621//1621 1622//1622 1623//1623
f 1621//1621 1623//1623 1624//1624
f 1625//1625 1626//1626 1627//1627
f 1625//1625 1627//1627 1628//1628
f 1629//1629 1630//1630 1631//1631
f 1629//1629 1631//1631 1632//1632
f 1633//1633 1634//1634 1635//1635
f 1633//1633 1635//1635 1636//1636
f 1637//1637 1638//1638 1639//1639
f 1637//1637 1639//1639 1640//1640
f 1641//1641 1642//1642 1643//1643
f 1641//1641 1643//1643 1644//1644
f 1645//1645 1646//1646 1647//1647
f 1645//1645 1647//1647 1648//1648
f 1649//1649 1650//1650 1651//1651
f 1649//1649 1651//1651 1652//1652
f 1653//1653 1654//1654 1655//1655
f 1653//1653 1655//1655 1656//1656
f 1657//1657 1658//1658 1659//1659
f 1657//1657 1659//1659 1660//1660
f 1661//1661 1662//1662 1663//1663
f 1661//1661 1663//1663 1664//1664
f 1665//1665 1666//1666 1667//1667
f 1665//1665 1667//1667 1668//1668
f 1669//1669 1670//1670 1671//1671
f 1669//1669 1671//1671 1672//1672
f 1673//1673 1674//1674 1675//1675
f 1673//1673 1675//1675 1676//1676
f 1677//1677 1678//1678 1679//1679
f 1677//1677 1679//1679 1680//1680
f 1681//1681 1682//1682 1683//1683
f 1681//1681 1683//1683 1684//1684
f 1685//1685 1686//1686 1687//1687
f 1685//1685 1687//1687 1688//1688
f 1689//1689 1690//1690 1691//1691
f 1689//1689 1691//1691 1692//1692
f 1693//1693 1694//1694 1695//1695
f 1693//1693 1695//1695 1696//1696
f 1697//1697 1698//1698 1699//1699
f 1697//1697 1699//1699 1700//1700
f 1701//1701 1702//1702 1703//1703
f 1701//1701 1703//1703 1704//1704
f 1705//1705 1706//1706 1707//1707
f 1705//1705 1707//1707 1708//1708
f 1709//1709 1710//1710 1711//1711
f 1709//1709 1711//1711 1712//1712
f 1713//1713 1714//1714 1715//1715
f 1713//1713 1715//1715 1716//1716
f 1717//1717 1718//1718 1719//1719
f 1717//1717 1719//1719 1720//1720
f 1721//1721 1722//1722 1723//1723
f 1721//1721 1723//1723 1724//1724
f 1725//1725 1726//1726 1727//1727
f 1725//1725 1727//1727 1728//1728
f 1729//1729 1730//1730 1731//1731
f 1729//1729 1731//1731 1732//1732
f 1733//1733 1734//1734 1735//1735
f 1733//1733 1735//1735 1736//1736
f 1737//1737 1738//1738 1739//1739
f 1737//1737 1739//1739 1740//1740
f 1741//1741 1742//1742 1743//1743
f 1741//1741 1743//1743 1744//1744
f 1745//1745 1746//1746 1747//1747
f 1745//1745 1747//1747 1748//1748
f 1749//1749 1750//1750 1751//1751
f 1749//1749 1751//1751 1752//1752
f 1753//1753 1754//1754 1755//1755
f 1753//1753 1755//1755 1756//1756
f 1757//1757 1758//1758 1759//1759
f 1757//1757 1759//1759 1760//1760
f 1761//1761 1762//1762 1763//1763
f 1761//1761 1763//1763 1764//1764
f 1765//1765 1766//1766 1767//1767
f 1765//1765 1767//1767 1768//1768
f 1769//1769 1770//1770 1771//1771
f 1769//1769 1771//1771 1772//1772
f 1773//1773 1774//1774 1775//1775
f 1773//1773 1775//1775 1776//1776
f 1777//1777 1778//1778 1779//1779
f 1777//1777 1779//1779 1780//1780
f 1781//1781 1782//1782 1783//1783
f 1781//1781 1783//1783 1784//1784
f 1785//1785 1786//1786 1787//1787
f 1785//1785 1787//1787 1788//1788
f 1789//1789 1790//1790 1791//1791
f 1789//1789 1791//1791 1792//1792
f 1793//1793 1794//1794 1795//1795
f 1793//1793 1795//1795 1796//1796
f 1797//1797 1798//1798 1799//1799
f 1797//1797 1799//1799 1800//1800
f 1801//1801 1802//1802 1803//1803
f 1801//1801 1803//1803 1804//1804
f 1805//1805 1806//1806 1807//1807
f 1805//1805 1807//1807 1808//1808
f 1809//1809 1810//1810 1811//1811
f 1809//1809 1811//1811 1812//1812
f 1813//1813 1814//1814 1815//1815
f 1813//1813 1815//1815 1816//1816
f 1817//1817 1818//1818 1819//1819
f 1817//1817 1819//1819 1820//1820
f 1821//1821 1822//1822 1823//1823
f 1821//1821 1823//1823 1824//1824
f 1825//1825 1826//1826 1827//1827
f 1825//1825 1827//1827 1828//1828
f 1829//1829 1830//1830 1831//1831
f 1829//1829 1831//1831 1832//1832
f 1833//1833 1834//1834 1835//1835
f 1833//1833 1835//1835 1836//1836
f 1837//1837 1838//1838 1839//1839
f 1837//1837 1839//1839 1840//1840
f 1841//1841 1842//1842 1843//1843
f 1841//1841 1843//1843 1844//1844
f 1845//1845 1846//1846 1847//1847
f 1845//1845 1847//1847 1848//1848
f 1849//1849 1850//1850 1851//1851
f 1849//1849 1851//1851 1852//1852
f 1853//1853 1854//1854 1855//1855
f 1853//1853 1855//1855 1856//1856
f 1857//1857 1858//1858 1859//1859
f 1857//1857 1859//1859 1860//1860
f 1861//1861 1862//1862 1863//1863
f 1861//1861 1863//1863 1864//1864
f 1865//1865 1866//1866 1867//1867
f 1865//1865 1867//1867 1868//1868
f 1869//1869 1870//1870 1871//1871
f 1869//1869 1871//1871 1872//1872
f 1873//1873 1874//1874 1875//1875
f 1873//1873 1875//1875 1876//1876
f 1877//1877 1878//1878 1879//1879
f 1877//1877 1879//1879 1880//1880
f 1881//1881 1882//1882 1883//1883
f 1881//1881 1883//1883 1884//1884
f 1885//1885 1886//1886 1887//1887
f 1885//1885 1887//1887 1888//1888
f 1889//1889 1890//1890 1891//1891
f 1889//1889 1891//1891 1892//1892
f 1893//1893 1894//1894 1895//1895
f 1893//1893 1895//1895 1896//1896
f 1904//1904 1897//1897 1898//1898
f 1904//1904 1898//1898 1899//1899
f 1904//1904 1899//1899 1900//1900
f 1900//1900 1901//1901 1902//1902
f 1900//1900 1902//1902 1903//1903
f 1900//1900 1903//1903 1904//1904
f 1906//1906 1905//1905 1912//1912
f 1907//1907 1906//1906 1912//1912
f 1908//1908 1907//1907 1912//1912
f 1910//1910 1909//1909 1908//1908
f 1911//1911 1910//1910 1908//1908
f 1912//1912 1911//1911 1908//1908
f 1913//1913 1914//1914 1915//1915
f 1913//1913 1915//1915 1916//1916
f 1917//1917 1918//1918 1919//1919
f 1917//1917 1919//1919 1920//1920
f 1921//1921 1922//1922 1923//1923
f 1921//1921 1923//1923 1924//1924
f 1925//1925 1926//1926 1927//1927
f 1925//1925 1927//1927 1928//1928
f 1929//1929 1930//1930 1931//1931
f 1929//1929 1931//1931 1932//1932
f 1933//1933 1934//1934 1935//1935
f 1933//1933 1935//1935 1936//1936
f 1937//1937 1938//1938 1939//1939
f 1937//1937 1939//1939 1940//1940
f 1941//1941 1942//1942 1943//1943
f 1941//1941 1943//1943 1944//1944
f 1945//1945 1946//1946 1947//1947
f 1945//1945 1947//1947 1948//1948
f 1949//1949 1950//1950 1951//1951
f 1949//1949 1951//1951 1952//1952
f 1953//1953 1954//1954 1955//1955
f 1953//1953 1955//1955 1956//1956
f 1957//1957 1958//1958 1959//1959
f 1957//1957 1959//1959 1960//1960
f 1961//1961 1962//1962 1963//1963
f 1961//1961 1963//1963 1964//1964
f 1965//1965 1966//1966 1967//1967
f 1965//1965 1967//1967 1968//1968
f 1969//1969 1970//1970 1971//1971
f 1969//1969 1971//1971 1972//1972
f 1973//1973 1974//1974 1975//1975
f 1973//1973 1975//1975 1976//1976
f 1977//1977 1978//1978 1979//1979
f 1977//1977 1979//1979 1980//1980
f 1981//1981 1982//1982 1983//1983
f 1981//1981 1983//1983 1984//1984
f 1985//1985 1986//1986 1987//1987
f 1985//1985 1987//1987 1988//1988
f 1989//1989 1990//1990 1991//1991
f 1989//1989 1991//1991 1992//1992
f 1993//1993 1994//1994 1995//1995
f 1993//1993 1995//1995 1996//1996
f 1997//1997 1998//1998 1999//1999
f 1997//1997 1999//1999 2000//2000
f 2001//2001 2002//2002 2003//2003
f 2001//2001 2003//2003 2004//2004
f 2005//2005 2006//2006 2007//2007
f 2005//2005 2007//2007 2008//2008
f 2009//2009 2010//2010 2011//2011
f 2009//2009 2011//2011 2012//2012
f 2013//2013 2014//2014 2015//2015
f 2013//2013 2015//2015 2016//2016
f 2017//2017 2018//2018 2019//2019
f 2017//2017 2019//2019 2020//2020
f 2021//2021 2022//2022 2023//2023
f 2021//2021 2023//2023 2024//2024
f 2025//2025 2026//2026 2027//2027
f 2025//2025 2027//2027 2028//2028
f 2029//2029 2030//2030 2031//2031
f 2029//2029 2031//2031 2032//2032
f 2033//2033 2034//2034 2035//2035
f 2033//2033 2035//2035 2036//2036
f 2037//2037 2038//2038 2039//2039
f 2037//2037 2039//2039 2040//2040
f 2041//2041 2042//2042 2043//2043
f 2041//2041 2043//2043 2044//2044
f 2045//2045 2046//2046 2047//2047
f 2045//2045 2047//2047 2048//2048
f 2049//2049 2050//2050 2051//2051
f 2049//2049 2051//2051 2052//2052
f 2053//2053 2054//2054 2055//2055
f 2053//2053 2055//2055 2056//2056
f 2057//2057 2058//2058 2059//2059
f 2057//2057 2059//2059 2060//2060
f 2061//2061 2062//2062 2063//2063
f 2061//2061 2063//2063 2064//2064
f 2065//2065 2066//2066 2067//2067
f 2065//2065 2067//2067 2068//2068
f 2069//2069 2070//2070 2071//2071
f 2069//2069 2071//2071 2072//2072
f 2073//2073 2074//2074 2075//2075
f 2073//2073 2075//2075 2076//2076
f 2077//2077 2078//2078 2079//2079
f 2077//2077 2079//2079 2080//2080
f 2081//2081 2082//2082 2083//2083
f 2081//2081 2083//2083 2084//2084
f 2085//2085 2086//2086 2087//2087
f 2085//2085 2087//2087 2088//2088
f 2089//2089 2090//2090 2091//2091
f 2089//2089 2091//2091 2092//2092
f 2093//2093 2094//2094 2095//2095
f 2093//2093 2095//2095 2096//2096
f 2097//2097 2098//2098 2099//2099
f 2097//2097 2099//2099 2100//2100
f 2101//2101 2102//2102 2103//2103
f 2101//2101 2103//2103 2104//2104
f 2105//2105 2106//2106 2107//2107
f 2105//2105 2107//2107 2108//2108
f 2109//2109 2110//2110 2111//2111
f 2109//2109 2111//2111 2112//2112
f 2113//2113 2114//2114 2115//2115
f 2113//2113 2115//2115 2116//2116
f 2117//2117 2118//2118 2119//2119
f 2117//2117 2119//2119 2120//2120
f 2121//2121 2122//2122 2123//2123
f 2121//2121 2123//2123 2124//2124
f 2125//2125 2126//2126 2127//2127
f 2125//2125 2127//2127 2128//2128
f 2129//2129 2130//2130 2131//2131
f 2129//2129 2131//2131 2132//2132
f 2133//2133 2134//2134 2135//2135
f 2133//2133 2135//2135 2136//2136
f 2137//2137 2138//2138 2139//2139
f 2137//2137 2139//2139 2140//2140
f 2141//2141 2142//2142 2143//2143
f 2141//2141 2143//2143 2144//2144
f 2145//2145 2146//2146 2147//2147
f 2145//2145 2147//2147 2148//2148
f 2149//2149 2150//2150 2151//2151
f 2149//2149 2151//2151 2152//2152
f 2153//2153 2154//2154 2155//2155
f 2153//2153 2155//2155 2156//2156
f 2157//2157 2158//2158 2159//2159
f 2157//2157 2159//2159 2160//2160
f 2161//2161 2162//2162 2163//2163
f 2161//2161 2163//2163 2164//2164
f 2165//2165 2166//2166 2167//2167
f 2165//2165 2167//2167 2168//2168
f 2169//2169 2170//2170 2171//2171
f 2169//2169 2171//2171 2172//2172
f 2173//2173 2174//2174 2175//2175
f 2173//2173 2175//2175 2176//2176
f 2177//2177 2178//2178 2179//2179
f 2177//2177 2179//2179 2180//2180
f 2181//2181 2182//2182 2183//2183
f 2181//2181 2183//2183 2184//2184
f 2185//2185 2186//2186 2187//2187
f 2185//2185 2187//2187 2188//2188
f 2189//2189 2190//2190 2191//2191
f 2189//2189 2191//2191 2192//2192
f 2193//2193 2194//2194 2195//2195
f 2193//2193 2195//2195 2196//2196
f 2197//2197 2198//2198 2199//2199
f 2197//2197 2199//2199 2200//2200
f 2201//2201 2202//2202 2203//2203
f 2201//2201 2203//2203 2204//2204
f 2205//2205 2206//2206 2207//2207
f 2205//2205 2207//2207 2208//2208
f 2209//2209 2210//2210 2211//2211
f 2209//2209 2211//2211 2212//2212
f 2213//2213 2214//2214 2215//2215
f 2213//2213 2215//2215 2216//2216
f 2217//2217 2218//2218 2219//2219
f 2217//2217 2219//2219 2220//2220
f 2221//2221 2222//2222 2223//2223
f 2221//2221 2223//2223 2224//2224
f 2225//2225 2226//2226 2230//2230
f 2225//2225 2230//2230 2229//2229
f 2226//2226 2227//2227 2231//2231
f 2226//2226 2231//2231 2230//2230
f 2227//2227 2228//2228 2232//2232
f 2227//2227 2232//2232 2231//2231
f 2228//2228 2225//2225 2229//2229
f 2228//2228 2229//2229 2232//2232
f 2225//2225 2227//2227 2226//2226
f 2225//2225 2228//2228 2227//2227
f 2229//2229 2230//2230 2231//2231
f 2229//2229 2231//2231 2232//2232
f 2233//2233 2234//2234 2238//2238
f 2233//2233 2238//2238 2237//2237
f 2234//2234 2235//2235 2239//2239
f 2234//2234 2239//2239 2238//2238
f 2235//2235 2236//2236 2240//2240
f 2235//2235 2240//2240 2239//2239
f 2236//2236 2233//2233 2237//2237
f 2236//2236 2237//2237 2240//2240
f 2233//2233 2235//2235 2234//2234
f 2233//2233 2236//2236 2235//2235
f 2237//2237 2238//2238 2239//2239
f 2237//2237 2239//2239 2240//2240
f 2241//2241 2242//2242 2246//2246
f 2241//2241 2246//2246 2245//2245
f 2242//2242 2243//2243 2247//2247
f 2242//2242 2247//2247 2246//2246
f 2243//2243 2244//2244 2248//2248
f 2243//2243 2248//2248 2247//2247
f 2244//2244 2241//2241 2245//2245
f 2244//2244 2245//2245 2248//2248
f 2241//2241 2243//2243 2242//2242
f 2241//2241 2244//2244 2243//2243
f 2245//2245 2246//2246 2247//2247
f 2245//2245 2247//2247 2248//2248
f 2249//2249 2250//2250 2254//2254
f 2249//2249 2254//2254 2253//2253
f 2250//2250 2251//2251 2255//2255
f 2250//2250 2255//2255 2254//2254
f 2251//2251 2252//2252 2256//2256
f 2251//2251 2256//2256 2255//2255
f 2252//2252 2249//2249 2253//2253
f 2252//2252 2253//2253 2256//2256
f 2249//2249 2251//2251 2250//2250
f 2249//2249 2252//2252 2251//2251
f 2253//2253 2254//2254 2255//2255
f 2253//2253 2255//2255 2256//2256
f 2257//2257 2258//2258 2259//2259
f 2257//2257 2259//2259 2260//2260
f 2261//2261 2262//2262 2263//2263
f 2261//2261 2263//2263 2264//2264
f 2265//2265 2266//2266 2267//2267
f 2265//2265 2267//2267 2268//2268
f 2269//2269 2270//2270 2271//2271
f 2269//2269 2271//2271 2272//2272
f 2273//2273 2274//2274 2275//2275
f 2273//2273 2275//2275 2276//2276
f 2277//2277 2278//2278 2279//2279
f 2277//2277 2279//2279 2280//2280
f 2281//2281 2282//2282 2283//2283
f 2281//2281 2283//2283 2284//2284
f 2285//2285 2286//2286 2287//2287
f 2285//2285 2287//2287 2288//2288
f 2289//2289 2290//2290 2291//2291
f 2289//2289 2291//2291 2292//2292
f 2293//2293 2294//2294 2295//2295
f 2293//2293 2295//2295 2296//2296
f 2297//2297 2298//2298 2299//2299
f 2297//2297 2299//2299 2300//2300
f 2301//2301 2302//2302 2303//2303
f 2301//2301 2303//2303 2304//2304
f 2305//2305 2306//2306 2307//2307
f 2305//2305 2307//2307 2308//2308
f 2309//2309 2310//2310 2311//2311
f 2309//2309 2311//2311 2312//2312
f 2313//2313 2314//2314 2315//2315
f 2313//2313 2315//2315 2316//2316
f 2317//2317 2318//2318 2319//2319
f 2317//2317 2319//2319 2320//2320
f 2321//2321 2322//2322 2323//2323
f 2321//2321 2323//2323 2324//2324
f 2325//2325 2326//2326 2327//2327
f 2325//2325 2327//2327 2328//2328
f 2329//2329 2330//2330 2331//2331
f 2329//2329 2331//2331 2332//2332
f 2333//2333 2334//2334 2335//2335
f 2333//2333 2335//2335 2336//2336
f 2337//2337 2338//2338 2339//2339
f 2337//2337 2339//2339 2340//2340
f 2341//2341 2342//2342 2343//2343
f 2341//2341 2343//2343 2344//2344
f 2345//2345 2346//2346 2347//2347
f 2345//2345 2347//2347 2348//2348
f 2349//2349 2350//2350 2351//2351
f 2349//2349 2351//2351 2352//2352
f 2353//2353 2354//2354 2355//2355
f 2353//2353 2355//2355 2356//2356
f 2357//2357 2358//2358 2359//2359
f 2357//2357 2359//2359 2360//2360
f 2361//2361 2362//2362 2363//2363
f 2361//2361 2363//2363 2364//2364
f 2365//2365 2366//2366 2367//2367
f 2365//2365 2367//2367 2368//2368
f 2369//2369 2370//2370 2371//2371
f 2369//2369 2371//2371 2372//2372
f 2373//2373 2374//2374 2375//2375
f 2373//2373 2375//2375 2376//2376
f 2377//2377 2378//2378 2379//2379
f 2377//2377 2379//2379 2380//2380
f 2381//2381 2382//2382 2383//2383
f 2381//2381 2383//2383 2384//2384
f 2385//2385 2386//2386 2387//2387
f 2385//2385 2387//2387 2388//2388
f 2389//2389 2390//2390 2391//2391
f 2389//2389 2391//2391 2392//2392
f 2393//2393 2394//2394 2395//2395
f 2393//2393 2395//2395 2396//2396
f 2397//2397 2398//2398 2399//2399
f 2397//2397 2399//2399 2400//2400
f 2401//2401 2402//2402 2403//2403
f 2401//2401 2403//2403 2404//2404
f 2405//2405 2406//2406 2407//2407
f 2405//2405 2407//2407 2408//2408
f 2409//2409 2410//2410 2411//2411
f 2409//2409 2411//2411 2412//2412
f 2413//2413 2414//2414 2415//2415
f 2413//2413 2415//2415 2416//2416
f 2417//2417 2418//2418 2419//2419
f 2417//2417 2419//2419 2420//2420
f 2421//2421 2422//2422 2423//2423
f 2421//2421 2423//2423 2424//2424
f 2425//2425 2426//2426 2427//2427
f 2425//2425 2427//2427 2428//2428
f 2429//2429 2430//2430 2431//2431
f 2429//2429 2431//2431 2432//2432
f 2433//2433 2434//2434 2435//2435
f 2433//2433 2435//2435 2436//2436
f 2437//2437 2438//2438 2439//2439
f 2437//2437 2439//2439 2440//2440
f 2441//2441 2442//2442 2443//2443
f 2441//2441 2443//2443 2444//2444
f 2445//2445 2446//2446 2447//2447
f 2445//2445 2447//2447 2448//2448
f 2449//2449 2450//2450 2451//2451
f 2449//2449 2451//2451 2452//2452
f 2453//2453 2454//2454 2455//2455
f 2453//2453 2455//2455 2456//2456
f 2457//2457 2458//2458 2459//2459
f 2457//2457 2459//2459 2460//2460
f 2461//2461 2462//2462 2463//2463
f 2461//2461 2463//2463 2464//2464
f 2465//2465 2466//2466 2467//2467
f 2465//2465 2467//2467 2468//2468
f 2469//2469 2470//2470 2471//2471
f 2469//2469 2471//2471 2472//2472
f 2473//2473 2474//2474 2475//2475
f 2473//2473 2475//2475 2476//2476
f 2477//2477 2478//2478 2479//2479
f 2477//2477 2479//2479 2480//2480
f 2481//2481 2482//2482 2483//2483
f 2481//2481 2483//2483 2484//2484
f 2485//2485 2486//2486 2487//2487
f 2485//2485 2487//2487 2488//2488
f 2489//2489 2490//2490 2491//2491
f 2489//2489 2491//2491 2492//2492
f 2493//2493 2494//2494 2495//2495
f 2493//2493 2495//2495 2496//2496
f 2497//2497 2498//2498 2499//2499
f 2497//2497 2499//2499 2500//2500
f 2501//2501 2502//2502 2503//2503
f 2501//2501 2503//2503 2504//2504
f 2505//2505 2506//2506 2507//2507
f 2505//2505 2507//2507 2508//2508
f 2509//2509 2510//2510 2511//2511
f 2509//2509 2511//2511 2512//2512
f 2513//2513 2514//2514 2515//2515
f 2513//2513 2515//2515 2516//2516
f 2517//2517 2518//2518 2519//2519
f 2517//2517 2519//2519 2520//2520
f 2521//2521 2522//2522 2523//2523
f 2521//2521 2523//2523 2524//2524
f 2525//2525 2526//2526 2527//2527
f 2525//2525 2527//2527 2528//2528
f 2529//2529 2530//2530 2531//2531
f 2529//2529 2531//2531 2532//2532
f 2533//2533 2534//2534 2535//2535
f 2533//2533 2535//2535 2536//2536
f 2537//2537 2538//2538 2539//2539
f 2537//2537 2539//2539 2540//2540
f 2541//2541 2542//2542 2543//2543
f 2541//2541 2543//2543 2544//2544
f 2545//2545 2546//2546 2547//2547
f 2545//2545 2547//2547 2548//2548
f 2549//2549 2550//2550 2551//2551
f 2549//2549 2551//2551 2552//2552
f 2553//2553 2554//2554 2555//2555
f 2553//2553 2555//2555 2556//2556
f 2557//2557 2558//2558 2559//2559
f 2557//2557 2559//2559 2560//2560
f 2561//2561 2562//2562 2563//2563
f 2561//2561 2563//2563 2564//2564
f 2565//2565 2566//2566 2567//2567
f 2565//2565 2567//2567 2568//2568
f 2569//2569 2570//2570 2571//2571
f 2569//2569 2571//2571 2572//2572
f 2573//2573 2574//2574 2575//2575
f 2573//2573 2575//2575 2576//2576
f 2577//2577 2578//2578 2579//2579
f 2577//2577 2579//2579 2580//2580
f 2581//2581 2582//2582 2583//2583
f 2581//2581 2583//2583 2584//2584
f 2585//2585 2586//2586 2587//2587
f 2585//2585 2587//2587 2588//2588
f 2589//2589 2590//2590 2591//2591
f 2589//2589 2591//2591 2592//2592
f 2593//2593 2594//2594 2595//2595
f 2593//2593 2595//2595 2596//2596
f 2597//2597 2598//2598 2599//2599
f 2597//2597 2599//2599 2600//2600
f 2601//2601 2602//2602 2603//2603
f 2601//2601 2603//2603 2604//2604
f 2605//2605 2606//2606 2607//2607
f 2605//2605 2607//2607 2608//2608
