# Dongfeng sandbox; metres; X right, Y far, Z up
v 0.840000 0.040000 0.000000
v 0.840000 0.340000 0.000000
v 0.863143 0.040000 0.000000
v 0.863143 0.340000 0.000000
v 0.886286 0.040000 0.000000
v 0.886286 0.340000 0.000000
v 0.909429 0.040000 0.000000
v 0.909429 0.340000 0.000000
v 0.932571 0.040000 0.000000
v 0.932571 0.340000 0.000000
v 0.955714 0.040000 0.000000
v 0.955714 0.340000 0.000000
v 0.978857 0.040000 0.000000
v 0.978857 0.340000 0.000000
v 1.002000 0.040000 0.000000
v 1.002000 0.340000 0.000000
v 1.025143 0.040000 0.000000
v 1.025143 0.340000 0.000000
v 1.048286 0.040000 0.000000
v 1.048286 0.340000 0.000000
v 1.071429 0.040000 0.000000
v 1.071429 0.340000 0.000000
v 1.094571 0.040000 0.000000
v 1.094571 0.340000 0.000000
v 1.117714 0.040000 0.000000
v 1.117714 0.340000 0.000000
v 1.140857 0.040000 0.000000
v 1.140857 0.340000 0.000000
v 1.164000 0.040000 0.000000
v 1.164000 0.340000 0.000000
v 1.187143 0.040000 0.000000
v 1.187143 0.340000 0.000000
v 1.210286 0.040000 0.000000
v 1.210286 0.340000 0.000000
v 1.233429 0.040000 0.000000
v 1.233429 0.340000 0.000000
v 1.256571 0.040000 0.000000
v 1.256571 0.340000 0.000000
v 1.279714 0.040000 0.000000
v 1.279714 0.340000 0.000000
v 1.302857 0.040000 0.000000
v 1.302857 0.340000 0.000000
v 1.326000 0.040000 0.000000
v 1.326000 0.340000 0.000000
v 1.349143 0.040000 0.000000
v 1.349143 0.340000 0.000000
v 1.372286 0.040000 0.000000
v 1.372286 0.340000 0.000000
v 1.395429 0.040000 0.000000
v 1.395429 0.340000 0.000000
v 1.418571 0.040000 0.000000
v 1.418571 0.340000 0.000000
v 1.441714 0.040000 0.000000
v 1.441714 0.340000 0.000000
v 1.464857 0.040000 0.000000
v 1.464857 0.340000 0.000000
v 1.488000 0.040000 0.000000
v 1.488000 0.340000 0.000000
v 1.511143 0.040000 0.000000
v 1.511143 0.340000 0.000000
v 1.534286 0.040000 0.000000
v 1.534286 0.340000 0.000000
v 1.557429 0.040000 0.000000
v 1.557429 0.340000 0.000000
v 1.580571 0.040000 0.000000
v 1.580571 0.340000 0.000000
v 1.603714 0.040000 0.000000
v 1.603714 0.340000 0.000000
v 1.626857 0.040000 0.000000
v 1.626857 0.340000 0.000000
v 1.650000 0.040000 0.000000
v 1.650000 0.340000 0.000000
v 1.673143 0.040000 0.000000
v 1.673143 0.340000 0.000000
v 1.696286 0.040000 0.000000
v 1.696286 0.340000 0.000000
v 1.719429 0.040000 0.000000
v 1.719429 0.340000 0.000000
v 1.742571 0.040000 0.000000
v 1.742571 0.340000 0.000000
v 1.765714 0.040000 0.000000
v 1.765714 0.340000 0.000000
v 1.788857 0.040000 0.000000
v 1.788857 0.340000 0.000000
v 1.812000 0.040000 0.000000
v 1.812000 0.340000 0.000000
v 1.835143 0.040000 0.000000
v 1.835143 0.340000 0.000000
v 1.858286 0.040000 0.000000
v 1.858286 0.340000 0.000000
v 1.881429 0.040000 0.000000
v 1.881429 0.340000 0.000000
v 1.904571 0.040000 0.000000
v 1.904571 0.340000 0.000000
v 1.927714 0.040000 0.000000
v 1.927714 0.340000 0.000000
v 1.950857 0.040000 0.000000
v 1.950857 0.340000 0.000000
v 1.974000 0.040000 0.000000
v 1.974000 0.340000 0.000000
v 1.997143 0.040000 0.000000
v 1.997143 0.340000 0.000000
v 2.020286 0.040000 0.000000
v 2.020286 0.340000 0.000000
v 2.043429 0.040000 0.000000
v 2.043429 0.340000 0.000000
v 2.066571 0.040000 0.000000
v 2.066571 0.340000 0.000000
v 2.089714 0.040000 0.000000
v 2.089714 0.340000 0.000000
v 2.112857 0.040000 0.000000
v 2.112857 0.340000 0.000000
v 2.136000 0.040000 0.000000
v 2.136000 0.340000 0.000000
v 2.159143 0.040000 0.000000
v 2.159143 0.340000 0.000000
v 2.182286 0.040000 0.000000
v 2.182286 0.340000 0.000000
v 2.205429 0.040000 0.000000
v 2.205429 0.340000 0.000000
v 2.228571 0.040000 0.000000
v 2.228571 0.340000 0.000000
v 2.251714 0.040000 0.000000
v 2.251714 0.340000 0.000000
v 2.274857 0.040000 0.000000
v 2.274857 0.340000 0.000000
v 2.298000 0.040000 0.000000
v 2.298000 0.340000 0.000000
v 2.321143 0.040000 0.000000
v 2.321143 0.340000 0.000000
v 2.344286 0.040000 0.000000
v 2.344286 0.340000 0.000000
v 2.367429 0.040000 0.000000
v 2.367429 0.340000 0.000000
v 2.390571 0.040000 0.000000
v 2.390571 0.340000 0.000000
v 2.413714 0.040000 0.000000
v 2.413714 0.340000 0.000000
v 2.436857 0.040000 0.000000
v 2.436857 0.340000 0.000000
v 2.460000 0.040000 0.000000
v 2.460000 0.340000 0.000000
v 2.479331 0.040234 0.000117
v 2.472082 0.340146 0.000117
v 2.498651 0.040934 0.000466
v 2.484157 0.340584 0.000466
v 2.517948 0.042101 0.001044
v 2.496217 0.341313 0.001044
v 2.537211 0.043735 0.001846
v 2.508257 0.342334 0.001846
v 2.556429 0.045833 0.002864
v 2.520268 0.343646 0.002864
v 2.575591 0.048395 0.004088
v 2.532244 0.345247 0.004088
v 2.594686 0.051419 0.005508
v 2.544178 0.347137 0.005508
v 2.613701 0.054904 0.007110
v 2.556063 0.349315 0.007110
v 2.632627 0.058847 0.008879
v 2.567892 0.351779 0.008879
v 2.651453 0.063247 0.010798
v 2.579658 0.354529 0.010798
v 2.670166 0.068100 0.012850
v 2.591354 0.357562 0.012850
v 2.688756 0.073403 0.015016
v 2.602973 0.360877 0.015016
v 2.707214 0.079155 0.017275
v 2.614508 0.364472 0.017275
v 2.725526 0.085351 0.019605
v 2.625954 0.368344 0.019605
v 2.743684 0.091987 0.021987
v 2.637302 0.372492 0.021987
v 2.761676 0.099060 0.024396
v 2.648547 0.376913 0.024396
v 2.779492 0.106566 0.026811
v 2.659682 0.381604 0.026811
v 2.797121 0.114501 0.029209
v 2.670701 0.386563 0.029209
v 2.814553 0.122858 0.031568
v 2.681596 0.391787 0.031568
v 2.831779 0.131635 0.033865
v 2.692362 0.397272 0.033865
v 2.848787 0.140826 0.036080
v 2.702992 0.403016 0.036080
v 2.865568 0.150424 0.038191
v 2.713480 0.409015 0.038191
v 2.882112 0.160426 0.040179
v 2.723820 0.415266 0.040179
v 2.898410 0.170824 0.042025
v 2.734006 0.421765 0.042025
v 2.914452 0.181613 0.043713
v 2.744032 0.428508 0.043713
v 2.930228 0.192786 0.045225
v 2.753893 0.435492 0.045225
v 2.945730 0.204338 0.046549
v 2.763581 0.442711 0.046549
v 2.960948 0.216261 0.047672
v 2.773093 0.450163 0.047672
v 2.975874 0.228547 0.048583
v 2.782421 0.457842 0.048583
v 2.990498 0.241191 0.049274
v 2.791561 0.465745 0.049274
v 3.004813 0.254185 0.049738
v 2.800508 0.473866 0.049738
v 3.018809 0.267521 0.049971
v 2.809256 0.482201 0.049971
v 3.025685 0.274315 0.050000
v 2.813553 0.486447 0.050000
v 3.032479 0.281191 0.049971
v 2.817800 0.490744 0.049971
v 3.045815 0.295187 0.049738
v 2.826134 0.499492 0.049738
v 3.058809 0.309502 0.049274
v 2.834255 0.508439 0.049274
v 3.071453 0.324126 0.048583
v 2.842158 0.517579 0.048583
v 3.083740 0.339052 0.047672
v 2.849837 0.526907 0.047672
v 3.095662 0.354270 0.046549
v 2.857289 0.536419 0.046549
v 3.107213 0.369772 0.045225
v 2.864508 0.546107 0.045225
v 3.118387 0.385548 0.043713
v 2.871492 0.555968 0.043713
v 3.129176 0.401590 0.042025
v 2.878235 0.565994 0.042025
v 3.139574 0.417888 0.040179
v 2.884734 0.576180 0.040179
v 3.149576 0.434432 0.038191
v 2.890985 0.586520 0.038191
v 3.159174 0.451213 0.036080
v 2.896984 0.597008 0.036080
v 3.168365 0.468221 0.033865
v 2.902728 0.607638 0.033865
v 3.177142 0.485447 0.031568
v 2.908213 0.618404 0.031568
v 3.185499 0.502879 0.029209
v 2.913437 0.629299 0.029209
v 3.193434 0.520508 0.026811
v 2.918396 0.640318 0.026811
v 3.200940 0.538324 0.024396
v 2.923087 0.651453 0.024396
v 3.208013 0.556316 0.021987
v 2.927508 0.662698 0.021987
v 3.214649 0.574474 0.019605
v 2.931656 0.674046 0.019605
v 3.220845 0.592786 0.017275
v 2.935528 0.685492 0.017275
v 3.226597 0.611243 0.015016
v 2.939123 0.697027 0.015016
v 3.231900 0.629834 0.012850
v 2.942438 0.708646 0.012850
v 3.236753 0.648547 0.010798
v 2.945471 0.720342 0.010798
v 3.241153 0.667373 0.008879
v 2.948220 0.732108 0.008879
v 3.245096 0.686299 0.007110
v 2.950685 0.743937 0.007110
v 3.248581 0.705314 0.005508
v 2.952863 0.755821 0.005508
v 3.251605 0.724409 0.004088
v 2.954753 0.767755 0.004088
v 3.254167 0.743571 0.002864
v 2.956354 0.779732 0.002864
v 3.256265 0.762789 0.001846
v 2.957666 0.791743 0.001846
v 3.257899 0.782052 0.001044
v 2.958687 0.803783 0.001044
v 3.259066 0.801349 0.000466
v 2.959416 0.815843 0.000466
v 3.259766 0.820669 0.000117
v 2.959854 0.827918 0.000117
v 3.260000 0.840000 0.000000
v 2.960000 0.840000 0.000000
v 3.260000 0.860667 0.000000
v 2.960000 0.860667 0.000000
v 3.260000 0.881333 0.000000
v 2.960000 0.881333 0.000000
v 3.260000 0.902000 0.000000
v 2.960000 0.902000 0.000000
v 3.260000 0.922667 0.000000
v 2.960000 0.922667 0.000000
v 3.260000 0.943333 0.000000
v 2.960000 0.943333 0.000000
v 3.260000 0.964000 0.000000
v 2.960000 0.964000 0.000000
v 3.260000 0.984667 0.000000
v 2.960000 0.984667 0.000000
v 3.260000 1.005333 0.000000
v 2.960000 1.005333 0.000000
v 3.260000 1.026000 0.000000
v 2.960000 1.026000 0.000000
v 3.260000 1.046667 0.000000
v 2.960000 1.046667 0.000000
v 3.260000 1.067333 0.000000
v 2.960000 1.067333 0.000000
v 3.260000 1.088000 0.000000
v 2.960000 1.088000 0.000000
v 3.260000 1.108667 0.000000
v 2.960000 1.108667 0.000000
v 3.260000 1.129333 0.000000
v 2.960000 1.129333 0.000000
v 3.260000 1.150000 0.000000
v 2.960000 1.150000 0.000000
v 3.260000 1.170667 0.000000
v 2.960000 1.170667 0.000000
v 3.260000 1.191333 0.000000
v 2.960000 1.191333 0.000000
v 3.260000 1.212000 0.000000
v 2.960000 1.212000 0.000000
v 3.260000 1.232667 0.000000
v 2.960000 1.232667 0.000000
v 3.260000 1.253333 0.000000
v 2.960000 1.253333 0.000000
v 3.260000 1.274000 0.000000
v 2.960000 1.274000 0.000000
v 3.260000 1.294667 0.000000
v 2.960000 1.294667 0.000000
v 3.260000 1.315333 0.000000
v 2.960000 1.315333 0.000000
v 3.260000 1.336000 0.000000
v 2.960000 1.336000 0.000000
v 3.260000 1.356667 0.000000
v 2.960000 1.356667 0.000000
v 3.260000 1.377333 0.000000
v 2.960000 1.377333 0.000000
v 3.260000 1.398000 0.000000
v 2.960000 1.398000 0.000000
v 3.260000 1.418667 0.000000
v 2.960000 1.418667 0.000000
v 3.260000 1.439333 0.000000
v 2.960000 1.439333 0.000000
v 3.260000 1.460000 0.000000
v 2.960000 1.460000 0.000000
v 3.260000 1.480667 0.000000
v 2.960000 1.480667 0.000000
v 3.260000 1.501333 0.000000
v 2.960000 1.501333 0.000000
v 3.260000 1.522000 0.000000
v 2.960000 1.522000 0.000000
v 3.260000 1.542667 0.000000
v 2.960000 1.542667 0.000000
v 3.260000 1.563333 0.000000
v 2.960000 1.563333 0.000000
v 3.260000 1.584000 0.000000
v 2.960000 1.584000 0.000000
v 3.260000 1.604667 0.000000
v 2.960000 1.604667 0.000000
v 3.260000 1.625333 0.000000
v 2.960000 1.625333 0.000000
v 3.260000 1.646000 0.000000
v 2.960000 1.646000 0.000000
v 3.260000 1.666667 0.000000
v 2.960000 1.666667 0.000000
v 3.260000 1.687333 0.000000
v 2.960000 1.687333 0.000000
v 3.260000 1.708000 0.000000
v 2.960000 1.708000 0.000000
v 3.260000 1.728667 0.000000
v 2.960000 1.728667 0.000000
v 3.260000 1.749333 0.000000
v 2.960000 1.749333 0.000000
v 3.260000 1.770000 0.000000
v 2.960000 1.770000 0.000000
v 3.260000 1.790667 0.000000
v 2.960000 1.790667 0.000000
v 3.260000 1.811333 0.000000
v 2.960000 1.811333 0.000000
v 3.260000 1.832000 0.000000
v 2.960000 1.832000 0.000000
v 3.260000 1.852667 0.000000
v 2.960000 1.852667 0.000000
v 3.260000 1.873333 0.000000
v 2.960000 1.873333 0.000000
v 3.260000 1.894000 0.000000
v 2.960000 1.894000 0.000000
v 3.260000 1.914667 0.000000
v 2.960000 1.914667 0.000000
v 3.260000 1.935333 0.000000
v 2.960000 1.935333 0.000000
v 3.260000 1.956000 0.000000
v 2.960000 1.956000 0.000000
v 3.260000 1.976667 0.000000
v 2.960000 1.976667 0.000000
v 3.260000 1.997333 0.000000
v 2.960000 1.997333 0.000000
v 3.260000 2.018000 0.000000
v 2.960000 2.018000 0.000000
v 3.260000 2.038667 0.000000
v 2.960000 2.038667 0.000000
v 3.260000 2.059333 0.000000
v 2.960000 2.059333 0.000000
v 3.260000 2.080000 0.000000
v 2.960000 2.080000 0.000000
v 3.260000 2.100667 0.000000
v 2.960000 2.100667 0.000000
v 3.260000 2.121333 0.000000
v 2.960000 2.121333 0.000000
v 3.260000 2.142000 0.000000
v 2.960000 2.142000 0.000000
v 3.260000 2.162667 0.000000
v 2.960000 2.162667 0.000000
v 3.260000 2.183333 0.000000
v 2.960000 2.183333 0.000000
v 3.260000 2.204000 0.000000
v 2.960000 2.204000 0.000000
v 3.260000 2.224667 0.000000
v 2.960000 2.224667 0.000000
v 3.260000 2.245333 0.000000
v 2.960000 2.245333 0.000000
v 3.260000 2.266000 0.000000
v 2.960000 2.266000 0.000000
v 3.260000 2.286667 0.000000
v 2.960000 2.286667 0.000000
v 3.260000 2.307333 0.000000
v 2.960000 2.307333 0.000000
v 3.260000 2.328000 0.000000
v 2.960000 2.328000 0.000000
v 3.260000 2.348667 0.000000
v 2.960000 2.348667 0.000000
v 3.260000 2.369333 0.000000
v 2.960000 2.369333 0.000000
v 3.260000 2.390000 0.000000
v 2.960000 2.390000 0.000000
v 3.260000 2.410667 0.000000
v 2.960000 2.410667 0.000000
v 3.260000 2.431333 0.000000
v 2.960000 2.431333 0.000000
v 3.260000 2.452000 0.000000
v 2.960000 2.452000 0.000000
v 3.260000 2.472667 0.000000
v 2.960000 2.472667 0.000000
v 3.260000 2.493333 0.000000
v 2.960000 2.493333 0.000000
v 3.260000 2.514000 0.000000
v 2.960000 2.514000 0.000000
v 3.260000 2.534667 0.000000
v 2.960000 2.534667 0.000000
v 3.260000 2.555333 0.000000
v 2.960000 2.555333 0.000000
v 3.260000 2.576000 0.000000
v 2.960000 2.576000 0.000000
v 3.260000 2.596667 0.000000
v 2.960000 2.596667 0.000000
v 3.260000 2.617333 0.000000
v 2.960000 2.617333 0.000000
v 3.260000 2.638000 0.000000
v 2.960000 2.638000 0.000000
v 3.260000 2.658667 0.000000
v 2.960000 2.658667 0.000000
v 3.260000 2.679333 0.000000
v 2.960000 2.679333 0.000000
v 3.260000 2.700000 0.000000
v 2.960000 2.700000 0.000000
v 3.260000 2.720667 0.000000
v 2.960000 2.720667 0.000000
v 3.260000 2.741333 0.000000
v 2.960000 2.741333 0.000000
v 3.260000 2.762000 0.000000
v 2.960000 2.762000 0.000000
v 3.260000 2.782667 0.000000
v 2.960000 2.782667 0.000000
v 3.260000 2.803333 0.000000
v 2.960000 2.803333 0.000000
v 3.260000 2.824000 0.000000
v 2.960000 2.824000 0.000000
v 3.260000 2.844667 0.000000
v 2.960000 2.844667 0.000000
v 3.260000 2.865333 0.000000
v 2.960000 2.865333 0.000000
v 3.260000 2.886000 0.000000
v 2.960000 2.886000 0.000000
v 3.260000 2.906667 0.000000
v 2.960000 2.906667 0.000000
v 3.260000 2.927333 0.000000
v 2.960000 2.927333 0.000000
v 3.260000 2.948000 0.000000
v 2.960000 2.948000 0.000000
v 3.260000 2.968667 0.000000
v 2.960000 2.968667 0.000000
v 3.260000 2.989333 0.000000
v 2.960000 2.989333 0.000000
v 3.260000 3.010000 0.000000
v 2.960000 3.010000 0.000000
v 3.260000 3.030667 0.000000
v 2.960000 3.030667 0.000000
v 3.260000 3.051333 0.000000
v 2.960000 3.051333 0.000000
v 3.260000 3.072000 0.000000
v 2.960000 3.072000 0.000000
v 3.260000 3.092667 0.000000
v 2.960000 3.092667 0.000000
v 3.260000 3.113333 0.000000
v 2.960000 3.113333 0.000000
v 3.260000 3.134000 0.000000
v 2.960000 3.134000 0.000000
v 3.260000 3.154667 0.000000
v 2.960000 3.154667 0.000000
v 3.260000 3.175333 0.000000
v 2.960000 3.175333 0.000000
v 3.260000 3.196000 0.000000
v 2.960000 3.196000 0.000000
v 3.260000 3.216667 0.000000
v 2.960000 3.216667 0.000000
v 3.260000 3.237333 0.000000
v 2.960000 3.237333 0.000000
v 3.260000 3.258000 0.000000
v 2.960000 3.258000 0.000000
v 3.260000 3.278667 0.000000
v 2.960000 3.278667 0.000000
v 3.260000 3.299333 0.000000
v 2.960000 3.299333 0.000000
v 3.260000 3.320000 0.000000
v 2.960000 3.320000 0.000000
v 3.260000 3.340667 0.000000
v 2.960000 3.340667 0.000000
v 3.260000 3.361333 0.000000
v 2.960000 3.361333 0.000000
v 3.260000 3.382000 0.000000
v 2.960000 3.382000 0.000000
v 3.260000 3.402667 0.000000
v 2.960000 3.402667 0.000000
v 3.260000 3.423333 0.000000
v 2.960000 3.423333 0.000000
v 3.260000 3.444000 0.000000
v 2.960000 3.444000 0.000000
v 3.260000 3.464667 0.000000
v 2.960000 3.464667 0.000000
v 3.260000 3.485333 0.000000
v 2.960000 3.485333 0.000000
v 3.260000 3.506000 0.000000
v 2.960000 3.506000 0.000000
v 3.260000 3.526667 0.000000
v 2.960000 3.526667 0.000000
v 3.260000 3.547333 0.000000
v 2.960000 3.547333 0.000000
v 3.260000 3.568000 0.000000
v 2.960000 3.568000 0.000000
v 3.260000 3.588667 0.000000
v 2.960000 3.588667 0.000000
v 3.260000 3.609333 0.000000
v 2.960000 3.609333 0.000000
v 3.260000 3.630000 0.000000
v 2.960000 3.630000 0.000000
v 3.260000 3.650667 0.000000
v 2.960000 3.650667 0.000000
v 3.260000 3.671333 0.000000
v 2.960000 3.671333 0.000000
v 3.260000 3.672377 0.000000
v 2.960000 3.672377 0.000000
v 3.260000 3.692000 0.001437
v 2.960000 3.692000 0.001437
v 3.260000 3.712667 0.002950
v 2.960000 3.712667 0.002950
v 3.260000 3.733333 0.004464
v 2.960000 3.733333 0.004464
v 3.260000 3.754000 0.005977
v 2.960000 3.754000 0.005977
v 3.260000 3.774667 0.007491
v 2.960000 3.774667 0.007491
v 3.260000 3.795333 0.009004
v 2.960000 3.795333 0.009004
v 3.260000 3.816000 0.010517
v 2.960000 3.816000 0.010517
v 3.260000 3.836667 0.012031
v 2.960000 3.836667 0.012031
v 3.260000 3.857333 0.013544
v 2.960000 3.857333 0.013544
v 3.260000 3.878000 0.015058
v 2.960000 3.878000 0.015058
v 3.260000 3.898667 0.016571
v 2.960000 3.898667 0.016571
v 3.260000 3.919333 0.018084
v 2.960000 3.919333 0.018084
v 3.260000 3.940000 0.019598
v 2.960000 3.940000 0.019598
v 3.260000 3.960667 0.021111
v 2.960000 3.960667 0.021111
v 3.260000 3.981333 0.022625
v 2.960000 3.981333 0.022625
v 3.260000 4.002000 0.024138
v 2.960000 4.002000 0.024138
v 3.260000 4.022666 0.025651
v 2.960000 4.022666 0.025651
v 3.260000 4.043334 0.027165
v 2.960000 4.043334 0.027165
v 3.260000 4.064000 0.028678
v 2.960000 4.064000 0.028678
v 3.260000 4.084667 0.030192
v 2.960000 4.084667 0.030192
v 3.260000 4.105333 0.031705
v 2.960000 4.105333 0.031705
v 3.260000 4.126000 0.033218
v 2.960000 4.126000 0.033218
v 3.260000 4.146667 0.034732
v 2.960000 4.146667 0.034732
v 3.260000 4.167333 0.036245
v 2.960000 4.167333 0.036245
v 3.260000 4.188000 0.037759
v 2.960000 4.188000 0.037759
v 3.260000 4.208667 0.039272
v 2.960000 4.208667 0.039272
v 3.260000 4.229333 0.040786
v 2.960000 4.229333 0.040786
v 3.260000 4.250000 0.042299
v 2.960000 4.250000 0.042299
v 3.260000 4.270667 0.043812
v 2.960000 4.270667 0.043812
v 3.260000 4.291333 0.045326
v 2.960000 4.291333 0.045326
v 3.260000 4.312000 0.046839
v 2.960000 4.312000 0.046839
v 3.260000 4.332667 0.048353
v 2.960000 4.332667 0.048353
v 3.260000 4.353333 0.049866
v 2.960000 4.353333 0.049866
v 3.260000 4.374000 0.051379
v 2.960000 4.374000 0.051379
v 3.260000 4.394667 0.052893
v 2.960000 4.394667 0.052893
v 3.260000 4.415333 0.054406
v 2.960000 4.415333 0.054406
v 3.260000 4.436000 0.055920
v 2.960000 4.436000 0.055920
v 3.260000 4.456666 0.057433
v 2.960000 4.456666 0.057433
v 3.260000 4.477334 0.058946
v 2.960000 4.477334 0.058946
v 3.260000 4.498000 0.060460
v 2.960000 4.498000 0.060460
v 3.260000 4.518667 0.061973
v 2.960000 4.518667 0.061973
v 3.260000 4.539333 0.063487
v 2.960000 4.539333 0.063487
v 3.260000 4.560000 0.065000
v 2.960000 4.560000 0.065000
v 3.259766 4.579331 0.066000
v 2.959854 4.572082 0.066000
v 3.259066 4.598651 0.067000
v 2.959416 4.584157 0.067000
v 3.257899 4.617948 0.068000
v 2.958687 4.596218 0.068000
v 3.256265 4.637211 0.069000
v 2.957666 4.608257 0.069000
v 3.254167 4.656429 0.070000
v 2.956354 4.620268 0.070000
v 3.251605 4.675591 0.071000
v 2.954753 4.632245 0.071000
v 3.248581 4.694685 0.072000
v 2.952863 4.644178 0.072000
v 3.245096 4.713701 0.073000
v 2.950685 4.656064 0.073000
v 3.241153 4.732627 0.074000
v 2.948220 4.667892 0.074000
v 3.236753 4.751452 0.075000
v 2.945471 4.679658 0.075000
v 3.231900 4.770166 0.076000
v 2.942438 4.691354 0.076000
v 3.226597 4.788756 0.077000
v 2.939123 4.702973 0.077000
v 3.220845 4.807214 0.078000
v 2.935528 4.714509 0.078000
v 3.214649 4.825526 0.079000
v 2.931656 4.725954 0.079000
v 3.208013 4.843684 0.080000
v 2.927508 4.737302 0.080000
v 3.200940 4.861676 0.081000
v 2.923087 4.748548 0.081000
v 3.193434 4.879492 0.082000
v 2.918396 4.759682 0.082000
v 3.185499 4.897121 0.083000
v 2.913437 4.770700 0.083000
v 3.177142 4.914553 0.084000
v 2.908213 4.781596 0.084000
v 3.168365 4.931778 0.085000
v 2.902728 4.792362 0.085000
v 3.159174 4.948787 0.086000
v 2.896984 4.802992 0.086000
v 3.149576 4.965568 0.087000
v 2.890985 4.813480 0.087000
v 3.139574 4.982112 0.088000
v 2.884734 4.823820 0.088000
v 3.129176 4.998410 0.089000
v 2.878235 4.834006 0.089000
v 3.118387 5.014452 0.090000
v 2.871492 4.844032 0.090000
v 3.107213 5.030228 0.091000
v 2.864508 4.853893 0.091000
v 3.095662 5.045730 0.092000
v 2.857289 4.863581 0.092000
v 3.083740 5.060948 0.093000
v 2.849837 4.873093 0.093000
v 3.071453 5.075874 0.094000
v 2.842158 4.882421 0.094000
v 3.058809 5.090498 0.095000
v 2.834255 4.891562 0.095000
v 3.045815 5.104813 0.096000
v 2.826134 4.900508 0.096000
v 3.032479 5.118809 0.097000
v 2.817800 4.909256 0.097000
v 3.018809 5.132479 0.098000
v 2.809256 4.917799 0.098000
v 3.004813 5.145815 0.099000
v 2.800508 4.926134 0.099000
v 2.990498 5.158809 0.100000
v 2.791561 4.934256 0.100000
v 2.975874 5.171453 0.101000
v 2.782421 4.942158 0.101000
v 2.960948 5.183740 0.102000
v 2.773093 4.949837 0.102000
v 2.945730 5.195662 0.103000
v 2.763581 4.957289 0.103000
v 2.930228 5.207213 0.104000
v 2.753893 4.964509 0.104000
v 2.914452 5.218387 0.105000
v 2.744032 4.971492 0.105000
v 2.898410 5.229176 0.106000
v 2.734006 4.978235 0.106000
v 2.882112 5.239574 0.107000
v 2.723820 4.984734 0.107000
v 2.865568 5.249576 0.108000
v 2.713480 4.990985 0.108000
v 2.848787 5.259174 0.109000
v 2.702992 4.996984 0.109000
v 2.831779 5.268365 0.110000
v 2.692362 5.002728 0.110000
v 2.814553 5.277142 0.111000
v 2.681596 5.008214 0.111000
v 2.797121 5.285500 0.112000
v 2.670701 5.013437 0.112000
v 2.779492 5.293434 0.113000
v 2.659682 5.018396 0.113000
v 2.761676 5.300940 0.114000
v 2.648547 5.023088 0.114000
v 2.743684 5.308013 0.115000
v 2.637302 5.027508 0.115000
v 2.725526 5.314650 0.116000
v 2.625954 5.031656 0.116000
v 2.707214 5.320845 0.117000
v 2.614508 5.035528 0.117000
v 2.688756 5.326597 0.118000
v 2.602973 5.039123 0.118000
v 2.670166 5.331901 0.119000
v 2.591354 5.042438 0.119000
v 2.651453 5.336753 0.120000
v 2.579658 5.045471 0.120000
v 2.632627 5.341153 0.121000
v 2.567892 5.048221 0.121000
v 2.613701 5.345096 0.122000
v 2.556063 5.050685 0.122000
v 2.594686 5.348581 0.123000
v 2.544178 5.052863 0.123000
v 2.575591 5.351605 0.124000
v 2.532244 5.054753 0.124000
v 2.556429 5.354167 0.125000
v 2.520268 5.056355 0.125000
v 2.537211 5.356266 0.126000
v 2.508257 5.057666 0.126000
v 2.517948 5.357899 0.127000
v 2.496217 5.058687 0.127000
v 2.498651 5.359066 0.128000
v 2.484157 5.059416 0.128000
v 2.479331 5.359766 0.129000
v 2.472082 5.059854 0.129000
v 2.460000 5.360000 0.130000
v 2.460000 5.060000 0.130000
v 2.436857 5.360000 0.130000
v 2.436857 5.060000 0.130000
v 2.413714 5.360000 0.130000
v 2.413714 5.060000 0.130000
v 2.390571 5.360000 0.130000
v 2.390571 5.060000 0.130000
v 2.367429 5.360000 0.130000
v 2.367429 5.060000 0.130000
v 2.344286 5.360000 0.130000
v 2.344286 5.060000 0.130000
v 2.321143 5.360000 0.130000
v 2.321143 5.060000 0.130000
v 2.298000 5.360000 0.130000
v 2.298000 5.060000 0.130000
v 2.274857 5.360000 0.130000
v 2.274857 5.060000 0.130000
v 2.251714 5.360000 0.130000
v 2.251714 5.060000 0.130000
v 2.228571 5.360000 0.130000
v 2.228571 5.060000 0.130000
v 2.205429 5.360000 0.130000
v 2.205429 5.060000 0.130000
v 2.182286 5.360000 0.130000
v 2.182286 5.060000 0.130000
v 2.159143 5.360000 0.130000
v 2.159143 5.060000 0.130000
v 2.136000 5.360000 0.130000
v 2.136000 5.060000 0.130000
v 2.112857 5.360000 0.130000
v 2.112857 5.060000 0.130000
v 2.089714 5.360000 0.130000
v 2.089714 5.060000 0.130000
v 2.066571 5.360000 0.130000
v 2.066571 5.060000 0.130000
v 2.043429 5.360000 0.130000
v 2.043429 5.060000 0.130000
v 2.020286 5.360000 0.130000
v 2.020286 5.060000 0.130000
v 1.997143 5.360000 0.130000
v 1.997143 5.060000 0.130000
v 1.974000 5.360000 0.130000
v 1.974000 5.060000 0.130000
v 1.950857 5.360000 0.130000
v 1.950857 5.060000 0.130000
v 1.927714 5.360000 0.130000
v 1.927714 5.060000 0.130000
v 1.904571 5.360000 0.130000
v 1.904571 5.060000 0.130000
v 1.881429 5.360000 0.130000
v 1.881429 5.060000 0.130000
v 1.858286 5.360000 0.130000
v 1.858286 5.060000 0.130000
v 1.835143 5.360000 0.130000
v 1.835143 5.060000 0.130000
v 1.812000 5.360000 0.130000
v 1.812000 5.060000 0.130000
v 1.788857 5.360000 0.130000
v 1.788857 5.060000 0.130000
v 1.765714 5.360000 0.130000
v 1.765714 5.060000 0.130000
v 1.742571 5.360000 0.130000
v 1.742571 5.060000 0.130000
v 1.719429 5.360000 0.130000
v 1.719429 5.060000 0.130000
v 1.696286 5.360000 0.130000
v 1.696286 5.060000 0.130000
v 1.673143 5.360000 0.130000
v 1.673143 5.060000 0.130000
v 1.650000 5.360000 0.130000
v 1.650000 5.060000 0.130000
v 1.626857 5.360000 0.130000
v 1.626857 5.060000 0.130000
v 1.603714 5.360000 0.130000
v 1.603714 5.060000 0.130000
v 1.580571 5.360000 0.130000
v 1.580571 5.060000 0.130000
v 1.557429 5.360000 0.130000
v 1.557429 5.060000 0.130000
v 1.534286 5.360000 0.130000
v 1.534286 5.060000 0.130000
v 1.511143 5.360000 0.130000
v 1.511143 5.060000 0.130000
v 1.488000 5.360000 0.130000
v 1.488000 5.060000 0.130000
v 1.464857 5.360000 0.130000
v 1.464857 5.060000 0.130000
v 1.441714 5.360000 0.130000
v 1.441714 5.060000 0.130000
v 1.418571 5.360000 0.130000
v 1.418571 5.060000 0.130000
v 1.395429 5.360000 0.130000
v 1.395429 5.060000 0.130000
v 1.372286 5.360000 0.130000
v 1.372286 5.060000 0.130000
v 1.349143 5.360000 0.130000
v 1.349143 5.060000 0.130000
v 1.326000 5.360000 0.130000
v 1.326000 5.060000 0.130000
v 1.302857 5.360000 0.130000
v 1.302857 5.060000 0.130000
v 1.279714 5.360000 0.130000
v 1.279714 5.060000 0.130000
v 1.256571 5.360000 0.130000
v 1.256571 5.060000 0.130000
v 1.233429 5.360000 0.130000
v 1.233429 5.060000 0.130000
v 1.210286 5.360000 0.130000
v 1.210286 5.060000 0.130000
v 1.187143 5.360000 0.130000
v 1.187143 5.060000 0.130000
v 1.164000 5.360000 0.130000
v 1.164000 5.060000 0.130000
v 1.140857 5.360000 0.130000
v 1.140857 5.060000 0.130000
v 1.117714 5.360000 0.130000
v 1.117714 5.060000 0.130000
v 1.094571 5.360000 0.130000
v 1.094571 5.060000 0.130000
v 1.071429 5.360000 0.130000
v 1.071429 5.060000 0.130000
v 1.048286 5.360000 0.130000
v 1.048286 5.060000 0.130000
v 1.025143 5.360000 0.130000
v 1.025143 5.060000 0.130000
v 1.002000 5.360000 0.130000
v 1.002000 5.060000 0.130000
v 0.978857 5.360000 0.130000
v 0.978857 5.060000 0.130000
v 0.955714 5.360000 0.130000
v 0.955714 5.060000 0.130000
v 0.932571 5.360000 0.130000
v 0.932571 5.060000 0.130000
v 0.909429 5.360000 0.130000
v 0.909429 5.060000 0.130000
v 0.886286 5.360000 0.130000
v 0.886286 5.060000 0.130000
v 0.863143 5.360000 0.130000
v 0.863143 5.060000 0.130000
v 0.840000 5.360000 0.130000
v 0.840000 5.060000 0.130000
v 0.820669 5.359766 0.129000
v 0.827918 5.059854 0.129000
v 0.801349 5.359066 0.128000
v 0.815843 5.059416 0.128000
v 0.782052 5.357899 0.127000
v 0.803783 5.058687 0.127000
v 0.762789 5.356266 0.126000
v 0.791743 5.057666 0.126000
v 0.743571 5.354167 0.125000
v 0.779732 5.056355 0.125000
v 0.724409 5.351605 0.124000
v 0.767755 5.054753 0.124000
v 0.705314 5.348581 0.123000
v 0.755821 5.052863 0.123000
v 0.686299 5.345096 0.122000
v 0.743937 5.050685 0.122000
v 0.667373 5.341153 0.121000
v 0.732108 5.048221 0.121000
v 0.648547 5.336753 0.120000
v 0.720342 5.045471 0.120000
v 0.629834 5.331901 0.119000
v 0.708646 5.042438 0.119000
v 0.611243 5.326597 0.118000
v 0.697027 5.039123 0.118000
v 0.592786 5.320845 0.117000
v 0.685492 5.035528 0.117000
v 0.574474 5.314650 0.116000
v 0.674046 5.031656 0.116000
v 0.556316 5.308013 0.115000
v 0.662698 5.027508 0.115000
v 0.538324 5.300940 0.114000
v 0.651453 5.023088 0.114000
v 0.520508 5.293434 0.113000
v 0.640318 5.018396 0.113000
v 0.502879 5.285500 0.112000
v 0.629299 5.013437 0.112000
v 0.485447 5.277142 0.111000
v 0.618404 5.008214 0.111000
v 0.468221 5.268365 0.110000
v 0.607638 5.002728 0.110000
v 0.451213 5.259174 0.109000
v 0.597008 4.996984 0.109000
v 0.434432 5.249576 0.108000
v 0.586520 4.990985 0.108000
v 0.417888 5.239574 0.107000
v 0.576180 4.984734 0.107000
v 0.401590 5.229176 0.106000
v 0.565994 4.978235 0.106000
v 0.385548 5.218387 0.105000
v 0.555968 4.971492 0.105000
v 0.369772 5.207213 0.104000
v 0.546107 4.964509 0.104000
v 0.354270 5.195662 0.103000
v 0.536419 4.957289 0.103000
v 0.339052 5.183740 0.102000
v 0.526907 4.949837 0.102000
v 0.324126 5.171453 0.101000
v 0.517579 4.942158 0.101000
v 0.309502 5.158809 0.100000
v 0.508439 4.934256 0.100000
v 0.295187 5.145815 0.099000
v 0.499492 4.926134 0.099000
v 0.281191 5.132479 0.098000
v 0.490744 4.917799 0.098000
v 0.267521 5.118809 0.097000
v 0.482201 4.909256 0.097000
v 0.254185 5.104813 0.096000
v 0.473866 4.900508 0.096000
v 0.241191 5.090498 0.095000
v 0.465745 4.891562 0.095000
v 0.228547 5.075874 0.094000
v 0.457842 4.882421 0.094000
v 0.216261 5.060948 0.093000
v 0.450163 4.873093 0.093000
v 0.204338 5.045730 0.092000
v 0.442711 4.863581 0.092000
v 0.192786 5.030228 0.091000
v 0.435492 4.853893 0.091000
v 0.181613 5.014452 0.090000
v 0.428508 4.844032 0.090000
v 0.170824 4.998410 0.089000
v 0.421765 4.834006 0.089000
v 0.160426 4.982112 0.088000
v 0.415266 4.823820 0.088000
v 0.150424 4.965568 0.087000
v 0.409015 4.813480 0.087000
v 0.140826 4.948787 0.086000
v 0.403016 4.802992 0.086000
v 0.131635 4.931778 0.085000
v 0.397272 4.792362 0.085000
v 0.122858 4.914553 0.084000
v 0.391787 4.781596 0.084000
v 0.114501 4.897121 0.083000
v 0.386563 4.770700 0.083000
v 0.106566 4.879492 0.082000
v 0.381604 4.759682 0.082000
v 0.099060 4.861676 0.081000
v 0.376913 4.748548 0.081000
v 0.091987 4.843684 0.080000
v 0.372492 4.737302 0.080000
v 0.085351 4.825526 0.079000
v 0.368344 4.725954 0.079000
v 0.079155 4.807214 0.078000
v 0.364472 4.714509 0.078000
v 0.073403 4.788756 0.077000
v 0.360877 4.702973 0.077000
v 0.068100 4.770166 0.076000
v 0.357562 4.691354 0.076000
v 0.063247 4.751452 0.075000
v 0.354529 4.679658 0.075000
v 0.058847 4.732627 0.074000
v 0.351779 4.667892 0.074000
v 0.054904 4.713701 0.073000
v 0.349315 4.656064 0.073000
v 0.051419 4.694685 0.072000
v 0.347137 4.644178 0.072000
v 0.048395 4.675591 0.071000
v 0.345247 4.632245 0.071000
v 0.045833 4.656429 0.070000
v 0.343646 4.620268 0.070000
v 0.043735 4.637211 0.069000
v 0.342334 4.608257 0.069000
v 0.042101 4.617948 0.068000
v 0.341313 4.596218 0.068000
v 0.040934 4.598651 0.067000
v 0.340584 4.584157 0.067000
v 0.040234 4.579331 0.066000
v 0.340146 4.572082 0.066000
v 0.040000 4.560000 0.065000
v 0.340000 4.560000 0.065000
v 0.040000 4.539333 0.063487
v 0.340000 4.539333 0.063487
v 0.040000 4.518667 0.061973
v 0.340000 4.518667 0.061973
v 0.040000 4.498000 0.060460
v 0.340000 4.498000 0.060460
v 0.040000 4.477334 0.058946
v 0.340000 4.477334 0.058946
v 0.040000 4.456666 0.057433
v 0.340000 4.456666 0.057433
v 0.040000 4.436000 0.055920
v 0.340000 4.436000 0.055920
v 0.040000 4.415333 0.054406
v 0.340000 4.415333 0.054406
v 0.040000 4.394667 0.052893
v 0.340000 4.394667 0.052893
v 0.040000 4.374000 0.051379
v 0.340000 4.374000 0.051379
v 0.040000 4.353333 0.049866
v 0.340000 4.353333 0.049866
v 0.040000 4.332667 0.048353
v 0.340000 4.332667 0.048353
v 0.040000 4.312000 0.046839
v 0.340000 4.312000 0.046839
v 0.040000 4.291333 0.045326
v 0.340000 4.291333 0.045326
v 0.040000 4.270667 0.043812
v 0.340000 4.270667 0.043812
v 0.040000 4.250000 0.042299
v 0.340000 4.250000 0.042299
v 0.040000 4.229333 0.040786
v 0.340000 4.229333 0.040786
v 0.040000 4.208667 0.039272
v 0.340000 4.208667 0.039272
v 0.040000 4.188000 0.037759
v 0.340000 4.188000 0.037759
v 0.040000 4.167333 0.036245
v 0.340000 4.167333 0.036245
v 0.040000 4.146667 0.034732
v 0.340000 4.146667 0.034732
v 0.040000 4.126000 0.033218
v 0.340000 4.126000 0.033218
v 0.040000 4.105333 0.031705
v 0.340000 4.105333 0.031705
v 0.040000 4.084667 0.030192
v 0.340000 4.084667 0.030192
v 0.040000 4.064000 0.028678
v 0.340000 4.064000 0.028678
v 0.040000 4.043334 0.027165
v 0.340000 4.043334 0.027165
v 0.040000 4.022666 0.025651
v 0.340000 4.022666 0.025651
v 0.040000 4.002000 0.024138
v 0.340000 4.002000 0.024138
v 0.040000 3.981333 0.022625
v 0.340000 3.981333 0.022625
v 0.040000 3.960667 0.021111
v 0.340000 3.960667 0.021111
v 0.040000 3.940000 0.019598
v 0.340000 3.940000 0.019598
v 0.040000 3.919333 0.018084
v 0.340000 3.919333 0.018084
v 0.040000 3.898667 0.016571
v 0.340000 3.898667 0.016571
v 0.040000 3.878000 0.015058
v 0.340000 3.878000 0.015058
v 0.040000 3.857333 0.013544
v 0.340000 3.857333 0.013544
v 0.040000 3.836667 0.012031
v 0.340000 3.836667 0.012031
v 0.040000 3.816000 0.010517
v 0.340000 3.816000 0.010517
v 0.040000 3.795333 0.009004
v 0.340000 3.795333 0.009004
v 0.040000 3.774667 0.007491
v 0.340000 3.774667 0.007491
v 0.040000 3.754000 0.005977
v 0.340000 3.754000 0.005977
v 0.040000 3.733333 0.004464
v 0.340000 3.733333 0.004464
v 0.040000 3.712667 0.002950
v 0.340000 3.712667 0.002950
v 0.040000 3.692000 0.001437
v 0.340000 3.692000 0.001437
v 0.040000 3.672377 0.000000
v 0.340000 3.672377 0.000000
v 0.040000 3.671333 0.000000
v 0.340000 3.671333 0.000000
v 0.040000 3.650667 0.000000
v 0.340000 3.650667 0.000000
v 0.040000 3.630000 0.000000
v 0.340000 3.630000 0.000000
v 0.040000 3.609333 0.000000
v 0.340000 3.609333 0.000000
v 0.040000 3.588667 0.000000
v 0.340000 3.588667 0.000000
v 0.040000 3.568000 0.000000
v 0.340000 3.568000 0.000000
v 0.040000 3.547333 0.000000
v 0.340000 3.547333 0.000000
v 0.040000 3.526667 0.000000
v 0.340000 3.526667 0.000000
v 0.040000 3.506000 0.000000
v 0.340000 3.506000 0.000000
v 0.040000 3.485333 0.000000
v 0.340000 3.485333 0.000000
v 0.040000 3.464667 0.000000
v 0.340000 3.464667 0.000000
v 0.040000 3.444000 0.000000
v 0.340000 3.444000 0.000000
v 0.040000 3.423333 0.000000
v 0.340000 3.423333 0.000000
v 0.040000 3.402667 0.000000
v 0.340000 3.402667 0.000000
v 0.040000 3.382000 0.000000
v 0.340000 3.382000 0.000000
v 0.040000 3.361333 0.000000
v 0.340000 3.361333 0.000000
v 0.040000 3.340667 0.000000
v 0.340000 3.340667 0.000000
v 0.040000 3.320000 0.000000
v 0.340000 3.320000 0.000000
v 0.040000 3.299333 0.000000
v 0.340000 3.299333 0.000000
v 0.040000 3.278667 0.000000
v 0.340000 3.278667 0.000000
v 0.040000 3.258000 0.000000
v 0.340000 3.258000 0.000000
v 0.040000 3.237333 0.000000
v 0.340000 3.237333 0.000000
v 0.040000 3.216667 0.000000
v 0.340000 3.216667 0.000000
v 0.040000 3.196000 0.000000
v 0.340000 3.196000 0.000000
v 0.040000 3.175333 0.000000
v 0.340000 3.175333 0.000000
v 0.040000 3.154667 0.000000
v 0.340000 3.154667 0.000000
v 0.040000 3.134000 0.000000
v 0.340000 3.134000 0.000000
v 0.040000 3.113333 0.000000
v 0.340000 3.113333 0.000000
v 0.040000 3.092667 0.000000
v 0.340000 3.092667 0.000000
v 0.040000 3.072000 0.000000
v 0.340000 3.072000 0.000000
v 0.040000 3.051333 0.000000
v 0.340000 3.051333 0.000000
v 0.040000 3.030667 0.000000
v 0.340000 3.030667 0.000000
v 0.040000 3.010000 0.000000
v 0.340000 3.010000 0.000000
v 0.040000 2.989333 0.000000
v 0.340000 2.989333 0.000000
v 0.040000 2.968667 0.000000
v 0.340000 2.968667 0.000000
v 0.040000 2.948000 0.000000
v 0.340000 2.948000 0.000000
v 0.040000 2.927333 0.000000
v 0.340000 2.927333 0.000000
v 0.040000 2.906667 0.000000
v 0.340000 2.906667 0.000000
v 0.040000 2.886000 0.000000
v 0.340000 2.886000 0.000000
v 0.040000 2.865333 0.000000
v 0.340000 2.865333 0.000000
v 0.040000 2.844667 0.000000
v 0.340000 2.844667 0.000000
v 0.040000 2.824000 0.000000
v 0.340000 2.824000 0.000000
v 0.040000 2.803333 0.000000
v 0.340000 2.803333 0.000000
v 0.040000 2.782667 0.000000
v 0.340000 2.782667 0.000000
v 0.040000 2.762000 0.000000
v 0.340000 2.762000 0.000000
v 0.040000 2.741333 0.000000
v 0.340000 2.741333 0.000000
v 0.040000 2.720667 0.000000
v 0.340000 2.720667 0.000000
v 0.040000 2.700000 0.000000
v 0.340000 2.700000 0.000000
v 0.040000 2.679333 0.000000
v 0.340000 2.679333 0.000000
v 0.040000 2.658667 0.000000
v 0.340000 2.658667 0.000000
v 0.040000 2.638000 0.000000
v 0.340000 2.638000 0.000000
v 0.040000 2.617333 0.000000
v 0.340000 2.617333 0.000000
v 0.040000 2.596667 0.000000
v 0.340000 2.596667 0.000000
v 0.040000 2.576000 0.000000
v 0.340000 2.576000 0.000000
v 0.040000 2.555333 0.000000
v 0.340000 2.555333 0.000000
v 0.040000 2.534667 0.000000
v 0.340000 2.534667 0.000000
v 0.040000 2.514000 0.000000
v 0.340000 2.514000 0.000000
v 0.040000 2.493333 0.000000
v 0.340000 2.493333 0.000000
v 0.040000 2.472667 0.000000
v 0.340000 2.472667 0.000000
v 0.040000 2.452000 0.000000
v 0.340000 2.452000 0.000000
v 0.040000 2.431333 0.000000
v 0.340000 2.431333 0.000000
v 0.040000 2.410667 0.000000
v 0.340000 2.410667 0.000000
v 0.040000 2.390000 0.000000
v 0.340000 2.390000 0.000000
v 0.040000 2.369333 0.000000
v 0.340000 2.369333 0.000000
v 0.040000 2.348667 0.000000
v 0.340000 2.348667 0.000000
v 0.040000 2.328000 0.000000
v 0.340000 2.328000 0.000000
v 0.040000 2.307333 0.000000
v 0.340000 2.307333 0.000000
v 0.040000 2.286667 0.000000
v 0.340000 2.286667 0.000000
v 0.040000 2.266000 0.000000
v 0.340000 2.266000 0.000000
v 0.040000 2.245333 0.000000
v 0.340000 2.245333 0.000000
v 0.040000 2.224667 0.000000
v 0.340000 2.224667 0.000000
v 0.040000 2.204000 0.000000
v 0.340000 2.204000 0.000000
v 0.040000 2.183333 0.000000
v 0.340000 2.183333 0.000000
v 0.040000 2.162667 0.000000
v 0.340000 2.162667 0.000000
v 0.040000 2.142000 0.000000
v 0.340000 2.142000 0.000000
v 0.040000 2.121333 0.000000
v 0.340000 2.121333 0.000000
v 0.040000 2.100667 0.000000
v 0.340000 2.100667 0.000000
v 0.040000 2.080000 0.000000
v 0.340000 2.080000 0.000000
v 0.040000 2.059333 0.000000
v 0.340000 2.059333 0.000000
v 0.040000 2.038667 0.000000
v 0.340000 2.038667 0.000000
v 0.040000 2.018000 0.000000
v 0.340000 2.018000 0.000000
v 0.040000 1.997333 0.000000
v 0.340000 1.997333 0.000000
v 0.040000 1.976667 0.000000
v 0.340000 1.976667 0.000000
v 0.040000 1.956000 0.000000
v 0.340000 1.956000 0.000000
v 0.040000 1.935333 0.000000
v 0.340000 1.935333 0.000000
v 0.040000 1.914667 0.000000
v 0.340000 1.914667 0.000000
v 0.040000 1.894000 0.000000
v 0.340000 1.894000 0.000000
v 0.040000 1.873333 0.000000
v 0.340000 1.873333 0.000000
v 0.040000 1.852667 0.000000
v 0.340000 1.852667 0.000000
v 0.040000 1.832000 0.000000
v 0.340000 1.832000 0.000000
v 0.040000 1.811333 0.000000
v 0.340000 1.811333 0.000000
v 0.040000 1.790667 0.000000
v 0.340000 1.790667 0.000000
v 0.040000 1.770000 0.000000
v 0.340000 1.770000 0.000000
v 0.040000 1.749333 0.000000
v 0.340000 1.749333 0.000000
v 0.040000 1.728667 0.000000
v 0.340000 1.728667 0.000000
v 0.040000 1.708000 0.000000
v 0.340000 1.708000 0.000000
v 0.040000 1.687333 0.000000
v 0.340000 1.687333 0.000000
v 0.040000 1.666667 0.000000
v 0.340000 1.666667 0.000000
v 0.040000 1.646000 0.000000
v 0.340000 1.646000 0.000000
v 0.040000 1.625333 0.000000
v 0.340000 1.625333 0.000000
v 0.040000 1.604667 0.000000
v 0.340000 1.604667 0.000000
v 0.040000 1.584000 0.000000
v 0.340000 1.584000 0.000000
v 0.040000 1.563333 0.000000
v 0.340000 1.563333 0.000000
v 0.040000 1.542667 0.000000
v 0.340000 1.542667 0.000000
v 0.040000 1.522000 0.000000
v 0.340000 1.522000 0.000000
v 0.040000 1.501333 0.000000
v 0.340000 1.501333 0.000000
v 0.040000 1.480667 0.000000
v 0.340000 1.480667 0.000000
v 0.040000 1.460000 0.000000
v 0.340000 1.460000 0.000000
v 0.040000 1.439333 0.000000
v 0.340000 1.439333 0.000000
v 0.040000 1.418667 0.000000
v 0.340000 1.418667 0.000000
v 0.040000 1.398000 0.000000
v 0.340000 1.398000 0.000000
v 0.040000 1.377333 0.000000
v 0.340000 1.377333 0.000000
v 0.040000 1.356667 0.000000
v 0.340000 1.356667 0.000000
v 0.040000 1.336000 0.000000
v 0.340000 1.336000 0.000000
v 0.040000 1.315333 0.000000
v 0.340000 1.315333 0.000000
v 0.040000 1.294667 0.000000
v 0.340000 1.294667 0.000000
v 0.040000 1.274000 0.000000
v 0.340000 1.274000 0.000000
v 0.040000 1.253333 0.000000
v 0.340000 1.253333 0.000000
v 0.040000 1.232667 0.000000
v 0.340000 1.232667 0.000000
v 0.040000 1.212000 0.000000
v 0.340000 1.212000 0.000000
v 0.040000 1.191333 0.000000
v 0.340000 1.191333 0.000000
v 0.040000 1.170667 0.000000
v 0.340000 1.170667 0.000000
v 0.040000 1.150000 0.000000
v 0.340000 1.150000 0.000000
v 0.040000 1.129333 0.000000
v 0.340000 1.129333 0.000000
v 0.040000 1.108667 0.000000
v 0.340000 1.108667 0.000000
v 0.040000 1.088000 0.000000
v 0.340000 1.088000 0.000000
v 0.040000 1.067333 0.000000
v 0.340000 1.067333 0.000000
v 0.040000 1.046667 0.000000
v 0.340000 1.046667 0.000000
v 0.040000 1.026000 0.000000
v 0.340000 1.026000 0.000000
v 0.040000 1.005333 0.000000
v 0.340000 1.005333 0.000000
v 0.040000 0.984667 0.000000
v 0.340000 0.984667 0.000000
v 0.040000 0.964000 0.000000
v 0.340000 0.964000 0.000000
v 0.040000 0.943333 0.000000
v 0.340000 0.943333 0.000000
v 0.040000 0.922667 0.000000
v 0.340000 0.922667 0.000000
v 0.040000 0.902000 0.000000
v 0.340000 0.902000 0.000000
v 0.040000 0.881333 0.000000
v 0.340000 0.881333 0.000000
v 0.040000 0.860667 0.000000
v 0.340000 0.860667 0.000000
v 0.040000 0.840000 0.000000
v 0.340000 0.840000 0.000000
v 0.040234 0.820669 0.000117
v 0.340146 0.827918 0.000117
v 0.040934 0.801349 0.000466
v 0.340584 0.815843 0.000466
v 0.042101 0.782052 0.001044
v 0.341313 0.803783 0.001044
v 0.043735 0.762789 0.001846
v 0.342334 0.791743 0.001846
v 0.045833 0.743571 0.002864
v 0.343646 0.779732 0.002864
v 0.048395 0.724409 0.004088
v 0.345247 0.767755 0.004088
v 0.051419 0.705314 0.005508
v 0.347137 0.755821 0.005508
v 0.054904 0.686299 0.007110
v 0.349315 0.743937 0.007110
v 0.058847 0.667373 0.008879
v 0.351779 0.732108 0.008879
v 0.063247 0.648547 0.010798
v 0.354529 0.720342 0.010798
v 0.068100 0.629834 0.012850
v 0.357562 0.708646 0.012850
v 0.073403 0.611243 0.015016
v 0.360877 0.697027 0.015016
v 0.079155 0.592786 0.017275
v 0.364472 0.685492 0.017275
v 0.085351 0.574474 0.019605
v 0.368344 0.674046 0.019605
v 0.091987 0.556316 0.021987
v 0.372492 0.662698 0.021987
v 0.099060 0.538324 0.024396
v 0.376913 0.651453 0.024396
v 0.106566 0.520508 0.026811
v 0.381604 0.640318 0.026811
v 0.114501 0.502879 0.029209
v 0.386563 0.629299 0.029209
v 0.122858 0.485447 0.031568
v 0.391787 0.618404 0.031568
v 0.131635 0.468221 0.033865
v 0.397272 0.607638 0.033865
v 0.140826 0.451213 0.036080
v 0.403016 0.597008 0.036080
v 0.150424 0.434432 0.038191
v 0.409015 0.586520 0.038191
v 0.160426 0.417888 0.040179
v 0.415266 0.576180 0.040179
v 0.170824 0.401590 0.042025
v 0.421765 0.565994 0.042025
v 0.181613 0.385548 0.043713
v 0.428508 0.555968 0.043713
v 0.192786 0.369772 0.045225
v 0.435492 0.546107 0.045225
v 0.204338 0.354270 0.046549
v 0.442711 0.536419 0.046549
v 0.216261 0.339052 0.047672
v 0.450163 0.526907 0.047672
v 0.228547 0.324126 0.048583
v 0.457842 0.517579 0.048583
v 0.241191 0.309502 0.049274
v 0.465745 0.508439 0.049274
v 0.254185 0.295187 0.049738
v 0.473866 0.499492 0.049738
v 0.267521 0.281191 0.049971
v 0.482201 0.490744 0.049971
v 0.274315 0.274315 0.050000
v 0.486447 0.486447 0.050000
v 0.281191 0.267521 0.049971
v 0.490744 0.482201 0.049971
v 0.295187 0.254185 0.049738
v 0.499492 0.473866 0.049738
v 0.309502 0.241191 0.049274
v 0.508439 0.465745 0.049274
v 0.324126 0.228547 0.048583
v 0.517579 0.457842 0.048583
v 0.339052 0.216261 0.047672
v 0.526907 0.450163 0.047672
v 0.354270 0.204338 0.046549
v 0.536419 0.442711 0.046549
v 0.369772 0.192786 0.045225
v 0.546107 0.435492 0.045225
v 0.385548 0.181613 0.043713
v 0.555968 0.428508 0.043713
v 0.401590 0.170824 0.042025
v 0.565994 0.421765 0.042025
v 0.417888 0.160426 0.040179
v 0.576180 0.415266 0.040179
v 0.434432 0.150424 0.038191
v 0.586520 0.409015 0.038191
v 0.451213 0.140826 0.036080
v 0.597008 0.403016 0.036080
v 0.468221 0.131635 0.033865
v 0.607638 0.397272 0.033865
v 0.485447 0.122858 0.031568
v 0.618404 0.391787 0.031568
v 0.502879 0.114501 0.029209
v 0.629299 0.386563 0.029209
v 0.520508 0.106566 0.026811
v 0.640318 0.381604 0.026811
v 0.538324 0.099060 0.024396
v 0.651453 0.376913 0.024396
v 0.556316 0.091987 0.021987
v 0.662698 0.372492 0.021987
v 0.574474 0.085351 0.019605
v 0.674046 0.368344 0.019605
v 0.592786 0.079155 0.017275
v 0.685492 0.364472 0.017275
v 0.611243 0.073403 0.015016
v 0.697027 0.360877 0.015016
v 0.629834 0.068100 0.012850
v 0.708646 0.357562 0.012850
v 0.648547 0.063247 0.010798
v 0.720342 0.354529 0.010798
v 0.667373 0.058847 0.008879
v 0.732108 0.351779 0.008879
v 0.686299 0.054904 0.007110
v 0.743937 0.349315 0.007110
v 0.705314 0.051419 0.005508
v 0.755821 0.347137 0.005508
v 0.724409 0.048395 0.004088
v 0.767755 0.345247 0.004088
v 0.743571 0.045833 0.002864
v 0.779732 0.343646 0.002864
v 0.762789 0.043735 0.001846
v 0.791743 0.342334 0.001846
v 0.782052 0.042101 0.001044
v 0.803783 0.341313 0.001044
v 0.801349 0.040934 0.000466
v 0.815843 0.340584 0.000466
v 0.820669 0.040234 0.000117
v 0.827918 0.340146 0.000117
v 0.840000 0.040000 -0.014000
v 0.840000 0.340000 -0.014000
v 0.863143 0.040000 -0.014000
v 0.863143 0.340000 -0.014000
v 0.886286 0.040000 -0.014000
v 0.886286 0.340000 -0.014000
v 0.909429 0.040000 -0.014000
v 0.909429 0.340000 -0.014000
v 0.932571 0.040000 -0.014000
v 0.932571 0.340000 -0.014000
v 0.955714 0.040000 -0.014000
v 0.955714 0.340000 -0.014000
v 0.978857 0.040000 -0.014000
v 0.978857 0.340000 -0.014000
v 1.002000 0.040000 -0.014000
v 1.002000 0.340000 -0.014000
v 1.025143 0.040000 -0.014000
v 1.025143 0.340000 -0.014000
v 1.048286 0.040000 -0.014000
v 1.048286 0.340000 -0.014000
v 1.071429 0.040000 -0.014000
v 1.071429 0.340000 -0.014000
v 1.094571 0.040000 -0.014000
v 1.094571 0.340000 -0.014000
v 1.117714 0.040000 -0.014000
v 1.117714 0.340000 -0.014000
v 1.140857 0.040000 -0.014000
v 1.140857 0.340000 -0.014000
v 1.164000 0.040000 -0.014000
v 1.164000 0.340000 -0.014000
v 1.187143 0.040000 -0.014000
v 1.187143 0.340000 -0.014000
v 1.210286 0.040000 -0.014000
v 1.210286 0.340000 -0.014000
v 1.233429 0.040000 -0.014000
v 1.233429 0.340000 -0.014000
v 1.256571 0.040000 -0.014000
v 1.256571 0.340000 -0.014000
v 1.279714 0.040000 -0.014000
v 1.279714 0.340000 -0.014000
v 1.302857 0.040000 -0.014000
v 1.302857 0.340000 -0.014000
v 1.326000 0.040000 -0.014000
v 1.326000 0.340000 -0.014000
v 1.349143 0.040000 -0.014000
v 1.349143 0.340000 -0.014000
v 1.372286 0.040000 -0.014000
v 1.372286 0.340000 -0.014000
v 1.395429 0.040000 -0.014000
v 1.395429 0.340000 -0.014000
v 1.418571 0.040000 -0.014000
v 1.418571 0.340000 -0.014000
v 1.441714 0.040000 -0.014000
v 1.441714 0.340000 -0.014000
v 1.464857 0.040000 -0.014000
v 1.464857 0.340000 -0.014000
v 1.488000 0.040000 -0.014000
v 1.488000 0.340000 -0.014000
v 1.511143 0.040000 -0.014000
v 1.511143 0.340000 -0.014000
v 1.534286 0.040000 -0.014000
v 1.534286 0.340000 -0.014000
v 1.557429 0.040000 -0.014000
v 1.557429 0.340000 -0.014000
v 1.580571 0.040000 -0.014000
v 1.580571 0.340000 -0.014000
v 1.603714 0.040000 -0.014000
v 1.603714 0.340000 -0.014000
v 1.626857 0.040000 -0.014000
v 1.626857 0.340000 -0.014000
v 1.650000 0.040000 -0.014000
v 1.650000 0.340000 -0.014000
v 1.673143 0.040000 -0.014000
v 1.673143 0.340000 -0.014000
v 1.696286 0.040000 -0.014000
v 1.696286 0.340000 -0.014000
v 1.719429 0.040000 -0.014000
v 1.719429 0.340000 -0.014000
v 1.742571 0.040000 -0.014000
v 1.742571 0.340000 -0.014000
v 1.765714 0.040000 -0.014000
v 1.765714 0.340000 -0.014000
v 1.788857 0.040000 -0.014000
v 1.788857 0.340000 -0.014000
v 1.812000 0.040000 -0.014000
v 1.812000 0.340000 -0.014000
v 1.835143 0.040000 -0.014000
v 1.835143 0.340000 -0.014000
v 1.858286 0.040000 -0.014000
v 1.858286 0.340000 -0.014000
v 1.881429 0.040000 -0.014000
v 1.881429 0.340000 -0.014000
v 1.904571 0.040000 -0.014000
v 1.904571 0.340000 -0.014000
v 1.927714 0.040000 -0.014000
v 1.927714 0.340000 -0.014000
v 1.950857 0.040000 -0.014000
v 1.950857 0.340000 -0.014000
v 1.974000 0.040000 -0.014000
v 1.974000 0.340000 -0.014000
v 1.997143 0.040000 -0.014000
v 1.997143 0.340000 -0.014000
v 2.020286 0.040000 -0.014000
v 2.020286 0.340000 -0.014000
v 2.043429 0.040000 -0.014000
v 2.043429 0.340000 -0.014000
v 2.066571 0.040000 -0.014000
v 2.066571 0.340000 -0.014000
v 2.089714 0.040000 -0.014000
v 2.089714 0.340000 -0.014000
v 2.112857 0.040000 -0.014000
v 2.112857 0.340000 -0.014000
v 2.136000 0.040000 -0.014000
v 2.136000 0.340000 -0.014000
v 2.159143 0.040000 -0.014000
v 2.159143 0.340000 -0.014000
v 2.182286 0.040000 -0.014000
v 2.182286 0.340000 -0.014000
v 2.205429 0.040000 -0.014000
v 2.205429 0.340000 -0.014000
v 2.228571 0.040000 -0.014000
v 2.228571 0.340000 -0.014000
v 2.251714 0.040000 -0.014000
v 2.251714 0.340000 -0.014000
v 2.274857 0.040000 -0.014000
v 2.274857 0.340000 -0.014000
v 2.298000 0.040000 -0.014000
v 2.298000 0.340000 -0.014000
v 2.321143 0.040000 -0.014000
v 2.321143 0.340000 -0.014000
v 2.344286 0.040000 -0.014000
v 2.344286 0.340000 -0.014000
v 2.367429 0.040000 -0.014000
v 2.367429 0.340000 -0.014000
v 2.390571 0.040000 -0.014000
v 2.390571 0.340000 -0.014000
v 2.413714 0.040000 -0.014000
v 2.413714 0.340000 -0.014000
v 2.436857 0.040000 -0.014000
v 2.436857 0.340000 -0.014000
v 2.460000 0.040000 -0.014000
v 2.460000 0.340000 -0.014000
v 2.479331 0.040234 -0.014000
v 2.472082 0.340146 -0.014000
v 2.498651 0.040934 -0.014000
v 2.484157 0.340584 -0.014000
v 2.517948 0.042101 -0.014000
v 2.496217 0.341313 -0.014000
v 2.537211 0.043735 -0.014000
v 2.508257 0.342334 -0.014000
v 2.556429 0.045833 -0.014000
v 2.520268 0.343646 -0.014000
v 2.575591 0.048395 -0.014000
v 2.532244 0.345247 -0.014000
v 2.594686 0.051419 -0.014000
v 2.544178 0.347137 -0.014000
v 2.613701 0.054904 -0.014000
v 2.556063 0.349315 -0.014000
v 2.632627 0.058847 -0.014000
v 2.567892 0.351779 -0.014000
v 2.651453 0.063247 -0.014000
v 2.579658 0.354529 -0.014000
v 2.670166 0.068100 -0.014000
v 2.591354 0.357562 -0.014000
v 2.688756 0.073403 -0.014000
v 2.602973 0.360877 -0.014000
v 2.707214 0.079155 -0.014000
v 2.614508 0.364472 -0.014000
v 2.725526 0.085351 -0.014000
v 2.625954 0.368344 -0.014000
v 2.743684 0.091987 -0.014000
v 2.637302 0.372492 -0.014000
v 2.761676 0.099060 -0.014000
v 2.648547 0.376913 -0.014000
v 2.779492 0.106566 -0.014000
v 2.659682 0.381604 -0.014000
v 2.797121 0.114501 -0.014000
v 2.670701 0.386563 -0.014000
v 2.814553 0.122858 -0.014000
v 2.681596 0.391787 -0.014000
v 2.831779 0.131635 -0.014000
v 2.692362 0.397272 -0.014000
v 2.848787 0.140826 -0.014000
v 2.702992 0.403016 -0.014000
v 2.865568 0.150424 -0.014000
v 2.713480 0.409015 -0.014000
v 2.882112 0.160426 -0.014000
v 2.723820 0.415266 -0.014000
v 2.898410 0.170824 -0.014000
v 2.734006 0.421765 -0.014000
v 2.914452 0.181613 -0.014000
v 2.744032 0.428508 -0.014000
v 2.930228 0.192786 -0.014000
v 2.753893 0.435492 -0.014000
v 2.945730 0.204338 -0.014000
v 2.763581 0.442711 -0.014000
v 2.960948 0.216261 -0.014000
v 2.773093 0.450163 -0.014000
v 2.975874 0.228547 -0.014000
v 2.782421 0.457842 -0.014000
v 2.990498 0.241191 -0.014000
v 2.791561 0.465745 -0.014000
v 3.004813 0.254185 -0.014000
v 2.800508 0.473866 -0.014000
v 3.018809 0.267521 -0.014000
v 2.809256 0.482201 -0.014000
v 3.025685 0.274315 -0.014000
v 2.813553 0.486447 -0.014000
v 3.032479 0.281191 -0.014000
v 2.817800 0.490744 -0.014000
v 3.045815 0.295187 -0.014000
v 2.826134 0.499492 -0.014000
v 3.058809 0.309502 -0.014000
v 2.834255 0.508439 -0.014000
v 3.071453 0.324126 -0.014000
v 2.842158 0.517579 -0.014000
v 3.083740 0.339052 -0.014000
v 2.849837 0.526907 -0.014000
v 3.095662 0.354270 -0.014000
v 2.857289 0.536419 -0.014000
v 3.107213 0.369772 -0.014000
v 2.864508 0.546107 -0.014000
v 3.118387 0.385548 -0.014000
v 2.871492 0.555968 -0.014000
v 3.129176 0.401590 -0.014000
v 2.878235 0.565994 -0.014000
v 3.139574 0.417888 -0.014000
v 2.884734 0.576180 -0.014000
v 3.149576 0.434432 -0.014000
v 2.890985 0.586520 -0.014000
v 3.159174 0.451213 -0.014000
v 2.896984 0.597008 -0.014000
v 3.168365 0.468221 -0.014000
v 2.902728 0.607638 -0.014000
v 3.177142 0.485447 -0.014000
v 2.908213 0.618404 -0.014000
v 3.185499 0.502879 -0.014000
v 2.913437 0.629299 -0.014000
v 3.193434 0.520508 -0.014000
v 2.918396 0.640318 -0.014000
v 3.200940 0.538324 -0.014000
v 2.923087 0.651453 -0.014000
v 3.208013 0.556316 -0.014000
v 2.927508 0.662698 -0.014000
v 3.214649 0.574474 -0.014000
v 2.931656 0.674046 -0.014000
v 3.220845 0.592786 -0.014000
v 2.935528 0.685492 -0.014000
v 3.226597 0.611243 -0.014000
v 2.939123 0.697027 -0.014000
v 3.231900 0.629834 -0.014000
v 2.942438 0.708646 -0.014000
v 3.236753 0.648547 -0.014000
v 2.945471 0.720342 -0.014000
v 3.241153 0.667373 -0.014000
v 2.948220 0.732108 -0.014000
v 3.245096 0.686299 -0.014000
v 2.950685 0.743937 -0.014000
v 3.248581 0.705314 -0.014000
v 2.952863 0.755821 -0.014000
v 3.251605 0.724409 -0.014000
v 2.954753 0.767755 -0.014000
v 3.254167 0.743571 -0.014000
v 2.956354 0.779732 -0.014000
v 3.256265 0.762789 -0.014000
v 2.957666 0.791743 -0.014000
v 3.257899 0.782052 -0.014000
v 2.958687 0.803783 -0.014000
v 3.259066 0.801349 -0.014000
v 2.959416 0.815843 -0.014000
v 3.259766 0.820669 -0.014000
v 2.959854 0.827918 -0.014000
v 3.260000 0.840000 -0.014000
v 2.960000 0.840000 -0.014000
v 3.260000 0.860667 -0.014000
v 2.960000 0.860667 -0.014000
v 3.260000 0.881333 -0.014000
v 2.960000 0.881333 -0.014000
v 3.260000 0.902000 -0.014000
v 2.960000 0.902000 -0.014000
v 3.260000 0.922667 -0.014000
v 2.960000 0.922667 -0.014000
v 3.260000 0.943333 -0.014000
v 2.960000 0.943333 -0.014000
v 3.260000 0.964000 -0.014000
v 2.960000 0.964000 -0.014000
v 3.260000 0.984667 -0.014000
v 2.960000 0.984667 -0.014000
v 3.260000 1.005333 -0.014000
v 2.960000 1.005333 -0.014000
v 3.260000 1.026000 -0.014000
v 2.960000 1.026000 -0.014000
v 3.260000 1.046667 -0.014000
v 2.960000 1.046667 -0.014000
v 3.260000 1.067333 -0.014000
v 2.960000 1.067333 -0.014000
v 3.260000 1.088000 -0.014000
v 2.960000 1.088000 -0.014000
v 3.260000 1.108667 -0.014000
v 2.960000 1.108667 -0.014000
v 3.260000 1.129333 -0.014000
v 2.960000 1.129333 -0.014000
v 3.260000 1.150000 -0.014000
v 2.960000 1.150000 -0.014000
v 3.260000 1.170667 -0.014000
v 2.960000 1.170667 -0.014000
v 3.260000 1.191333 -0.014000
v 2.960000 1.191333 -0.014000
v 3.260000 1.212000 -0.014000
v 2.960000 1.212000 -0.014000
v 3.260000 1.232667 -0.014000
v 2.960000 1.232667 -0.014000
v 3.260000 1.253333 -0.014000
v 2.960000 1.253333 -0.014000
v 3.260000 1.274000 -0.014000
v 2.960000 1.274000 -0.014000
v 3.260000 1.294667 -0.014000
v 2.960000 1.294667 -0.014000
v 3.260000 1.315333 -0.014000
v 2.960000 1.315333 -0.014000
v 3.260000 1.336000 -0.014000
v 2.960000 1.336000 -0.014000
v 3.260000 1.356667 -0.014000
v 2.960000 1.356667 -0.014000
v 3.260000 1.377333 -0.014000
v 2.960000 1.377333 -0.014000
v 3.260000 1.398000 -0.014000
v 2.960000 1.398000 -0.014000
v 3.260000 1.418667 -0.014000
v 2.960000 1.418667 -0.014000
v 3.260000 1.439333 -0.014000
v 2.960000 1.439333 -0.014000
v 3.260000 1.460000 -0.014000
v 2.960000 1.460000 -0.014000
v 3.260000 1.480667 -0.014000
v 2.960000 1.480667 -0.014000
v 3.260000 1.501333 -0.014000
v 2.960000 1.501333 -0.014000
v 3.260000 1.522000 -0.014000
v 2.960000 1.522000 -0.014000
v 3.260000 1.542667 -0.014000
v 2.960000 1.542667 -0.014000
v 3.260000 1.563333 -0.014000
v 2.960000 1.563333 -0.014000
v 3.260000 1.584000 -0.014000
v 2.960000 1.584000 -0.014000
v 3.260000 1.604667 -0.014000
v 2.960000 1.604667 -0.014000
v 3.260000 1.625333 -0.014000
v 2.960000 1.625333 -0.014000
v 3.260000 1.646000 -0.014000
v 2.960000 1.646000 -0.014000
v 3.260000 1.666667 -0.014000
v 2.960000 1.666667 -0.014000
v 3.260000 1.687333 -0.014000
v 2.960000 1.687333 -0.014000
v 3.260000 1.708000 -0.014000
v 2.960000 1.708000 -0.014000
v 3.260000 1.728667 -0.014000
v 2.960000 1.728667 -0.014000
v 3.260000 1.749333 -0.014000
v 2.960000 1.749333 -0.014000
v 3.260000 1.770000 -0.014000
v 2.960000 1.770000 -0.014000
v 3.260000 1.790667 -0.014000
v 2.960000 1.790667 -0.014000
v 3.260000 1.811333 -0.014000
v 2.960000 1.811333 -0.014000
v 3.260000 1.832000 -0.014000
v 2.960000 1.832000 -0.014000
v 3.260000 1.852667 -0.014000
v 2.960000 1.852667 -0.014000
v 3.260000 1.873333 -0.014000
v 2.960000 1.873333 -0.014000
v 3.260000 1.894000 -0.014000
v 2.960000 1.894000 -0.014000
v 3.260000 1.914667 -0.014000
v 2.960000 1.914667 -0.014000
v 3.260000 1.935333 -0.014000
v 2.960000 1.935333 -0.014000
v 3.260000 1.956000 -0.014000
v 2.960000 1.956000 -0.014000
v 3.260000 1.976667 -0.014000
v 2.960000 1.976667 -0.014000
v 3.260000 1.997333 -0.014000
v 2.960000 1.997333 -0.014000
v 3.260000 2.018000 -0.014000
v 2.960000 2.018000 -0.014000
v 3.260000 2.038667 -0.014000
v 2.960000 2.038667 -0.014000
v 3.260000 2.059333 -0.014000
v 2.960000 2.059333 -0.014000
v 3.260000 2.080000 -0.014000
v 2.960000 2.080000 -0.014000
v 3.260000 2.100667 -0.014000
v 2.960000 2.100667 -0.014000
v 3.260000 2.121333 -0.014000
v 2.960000 2.121333 -0.014000
v 3.260000 2.142000 -0.014000
v 2.960000 2.142000 -0.014000
v 3.260000 2.162667 -0.014000
v 2.960000 2.162667 -0.014000
v 3.260000 2.183333 -0.014000
v 2.960000 2.183333 -0.014000
v 3.260000 2.204000 -0.014000
v 2.960000 2.204000 -0.014000
v 3.260000 2.224667 -0.014000
v 2.960000 2.224667 -0.014000
v 3.260000 2.245333 -0.014000
v 2.960000 2.245333 -0.014000
v 3.260000 2.266000 -0.014000
v 2.960000 2.266000 -0.014000
v 3.260000 2.286667 -0.014000
v 2.960000 2.286667 -0.014000
v 3.260000 2.307333 -0.014000
v 2.960000 2.307333 -0.014000
v 3.260000 2.328000 -0.014000
v 2.960000 2.328000 -0.014000
v 3.260000 2.348667 -0.014000
v 2.960000 2.348667 -0.014000
v 3.260000 2.369333 -0.014000
v 2.960000 2.369333 -0.014000
v 3.260000 2.390000 -0.014000
v 2.960000 2.390000 -0.014000
v 3.260000 2.410667 -0.014000
v 2.960000 2.410667 -0.014000
v 3.260000 2.431333 -0.014000
v 2.960000 2.431333 -0.014000
v 3.260000 2.452000 -0.014000
v 2.960000 2.452000 -0.014000
v 3.260000 2.472667 -0.014000
v 2.960000 2.472667 -0.014000
v 3.260000 2.493333 -0.014000
v 2.960000 2.493333 -0.014000
v 3.260000 2.514000 -0.014000
v 2.960000 2.514000 -0.014000
v 3.260000 2.534667 -0.014000
v 2.960000 2.534667 -0.014000
v 3.260000 2.555333 -0.014000
v 2.960000 2.555333 -0.014000
v 3.260000 2.576000 -0.014000
v 2.960000 2.576000 -0.014000
v 3.260000 2.596667 -0.014000
v 2.960000 2.596667 -0.014000
v 3.260000 2.617333 -0.014000
v 2.960000 2.617333 -0.014000
v 3.260000 2.638000 -0.014000
v 2.960000 2.638000 -0.014000
v 3.260000 2.658667 -0.014000
v 2.960000 2.658667 -0.014000
v 3.260000 2.679333 -0.014000
v 2.960000 2.679333 -0.014000
v 3.260000 2.700000 -0.014000
v 2.960000 2.700000 -0.014000
v 3.260000 2.720667 -0.014000
v 2.960000 2.720667 -0.014000
v 3.260000 2.741333 -0.014000
v 2.960000 2.741333 -0.014000
v 3.260000 2.762000 -0.014000
v 2.960000 2.762000 -0.014000
v 3.260000 2.782667 -0.014000
v 2.960000 2.782667 -0.014000
v 3.260000 2.803333 -0.014000
v 2.960000 2.803333 -0.014000
v 3.260000 2.824000 -0.014000
v 2.960000 2.824000 -0.014000
v 3.260000 2.844667 -0.014000
v 2.960000 2.844667 -0.014000
v 3.260000 2.865333 -0.014000
v 2.960000 2.865333 -0.014000
v 3.260000 2.886000 -0.014000
v 2.960000 2.886000 -0.014000
v 3.260000 2.906667 -0.014000
v 2.960000 2.906667 -0.014000
v 3.260000 2.927333 -0.014000
v 2.960000 2.927333 -0.014000
v 3.260000 2.948000 -0.014000
v 2.960000 2.948000 -0.014000
v 3.260000 2.968667 -0.014000
v 2.960000 2.968667 -0.014000
v 3.260000 2.989333 -0.014000
v 2.960000 2.989333 -0.014000
v 3.260000 3.010000 -0.014000
v 2.960000 3.010000 -0.014000
v 3.260000 3.030667 -0.014000
v 2.960000 3.030667 -0.014000
v 3.260000 3.051333 -0.014000
v 2.960000 3.051333 -0.014000
v 3.260000 3.072000 -0.014000
v 2.960000 3.072000 -0.014000
v 3.260000 3.092667 -0.014000
v 2.960000 3.092667 -0.014000
v 3.260000 3.113333 -0.014000
v 2.960000 3.113333 -0.014000
v 3.260000 3.134000 -0.014000
v 2.960000 3.134000 -0.014000
v 3.260000 3.154667 -0.014000
v 2.960000 3.154667 -0.014000
v 3.260000 3.175333 -0.014000
v 2.960000 3.175333 -0.014000
v 3.260000 3.196000 -0.014000
v 2.960000 3.196000 -0.014000
v 3.260000 3.216667 -0.014000
v 2.960000 3.216667 -0.014000
v 3.260000 3.237333 -0.014000
v 2.960000 3.237333 -0.014000
v 3.260000 3.258000 -0.014000
v 2.960000 3.258000 -0.014000
v 3.260000 3.278667 -0.014000
v 2.960000 3.278667 -0.014000
v 3.260000 3.299333 -0.014000
v 2.960000 3.299333 -0.014000
v 3.260000 3.320000 -0.014000
v 2.960000 3.320000 -0.014000
v 3.260000 3.340667 -0.014000
v 2.960000 3.340667 -0.014000
v 3.260000 3.361333 -0.014000
v 2.960000 3.361333 -0.014000
v 3.260000 3.382000 -0.014000
v 2.960000 3.382000 -0.014000
v 3.260000 3.402667 -0.014000
v 2.960000 3.402667 -0.014000
v 3.260000 3.423333 -0.014000
v 2.960000 3.423333 -0.014000
v 3.260000 3.444000 -0.014000
v 2.960000 3.444000 -0.014000
v 3.260000 3.464667 -0.014000
v 2.960000 3.464667 -0.014000
v 3.260000 3.485333 -0.014000
v 2.960000 3.485333 -0.014000
v 3.260000 3.506000 -0.014000
v 2.960000 3.506000 -0.014000
v 3.260000 3.526667 -0.014000
v 2.960000 3.526667 -0.014000
v 3.260000 3.547333 -0.014000
v 2.960000 3.547333 -0.014000
v 3.260000 3.568000 -0.014000
v 2.960000 3.568000 -0.014000
v 3.260000 3.588667 -0.014000
v 2.960000 3.588667 -0.014000
v 3.260000 3.609333 -0.014000
v 2.960000 3.609333 -0.014000
v 3.260000 3.630000 -0.014000
v 2.960000 3.630000 -0.014000
v 3.260000 3.650667 -0.014000
v 2.960000 3.650667 -0.014000
v 3.260000 3.671333 -0.014000
v 2.960000 3.671333 -0.014000
v 3.260000 3.672377 -0.014000
v 2.960000 3.672377 -0.014000
v 3.260000 3.692000 -0.014000
v 2.960000 3.692000 -0.014000
v 3.260000 3.712667 -0.014000
v 2.960000 3.712667 -0.014000
v 3.260000 3.733333 -0.014000
v 2.960000 3.733333 -0.014000
v 3.260000 3.754000 -0.014000
v 2.960000 3.754000 -0.014000
v 3.260000 3.774667 -0.014000
v 2.960000 3.774667 -0.014000
v 3.260000 3.795333 -0.014000
v 2.960000 3.795333 -0.014000
v 3.260000 3.816000 -0.014000
v 2.960000 3.816000 -0.014000
v 3.260000 3.836667 -0.014000
v 2.960000 3.836667 -0.014000
v 3.260000 3.857333 -0.014000
v 2.960000 3.857333 -0.014000
v 3.260000 3.878000 -0.014000
v 2.960000 3.878000 -0.014000
v 3.260000 3.898667 -0.014000
v 2.960000 3.898667 -0.014000
v 3.260000 3.919333 -0.014000
v 2.960000 3.919333 -0.014000
v 3.260000 3.940000 -0.014000
v 2.960000 3.940000 -0.014000
v 3.260000 3.960667 -0.014000
v 2.960000 3.960667 -0.014000
v 3.260000 3.981333 -0.014000
v 2.960000 3.981333 -0.014000
v 3.260000 4.002000 -0.014000
v 2.960000 4.002000 -0.014000
v 3.260000 4.022666 -0.014000
v 2.960000 4.022666 -0.014000
v 3.260000 4.043334 -0.014000
v 2.960000 4.043334 -0.014000
v 3.260000 4.064000 -0.014000
v 2.960000 4.064000 -0.014000
v 3.260000 4.084667 -0.014000
v 2.960000 4.084667 -0.014000
v 3.260000 4.105333 -0.014000
v 2.960000 4.105333 -0.014000
v 3.260000 4.126000 -0.014000
v 2.960000 4.126000 -0.014000
v 3.260000 4.146667 -0.014000
v 2.960000 4.146667 -0.014000
v 3.260000 4.167333 -0.014000
v 2.960000 4.167333 -0.014000
v 3.260000 4.188000 -0.014000
v 2.960000 4.188000 -0.014000
v 3.260000 4.208667 -0.014000
v 2.960000 4.208667 -0.014000
v 3.260000 4.229333 -0.014000
v 2.960000 4.229333 -0.014000
v 3.260000 4.250000 -0.014000
v 2.960000 4.250000 -0.014000
v 3.260000 4.270667 -0.014000
v 2.960000 4.270667 -0.014000
v 3.260000 4.291333 -0.014000
v 2.960000 4.291333 -0.014000
v 3.260000 4.312000 -0.014000
v 2.960000 4.312000 -0.014000
v 3.260000 4.332667 -0.014000
v 2.960000 4.332667 -0.014000
v 3.260000 4.353333 -0.014000
v 2.960000 4.353333 -0.014000
v 3.260000 4.374000 -0.014000
v 2.960000 4.374000 -0.014000
v 3.260000 4.394667 -0.014000
v 2.960000 4.394667 -0.014000
v 3.260000 4.415333 -0.014000
v 2.960000 4.415333 -0.014000
v 3.260000 4.436000 -0.014000
v 2.960000 4.436000 -0.014000
v 3.260000 4.456666 -0.014000
v 2.960000 4.456666 -0.014000
v 3.260000 4.477334 -0.014000
v 2.960000 4.477334 -0.014000
v 3.260000 4.498000 -0.014000
v 2.960000 4.498000 -0.014000
v 3.260000 4.518667 -0.014000
v 2.960000 4.518667 -0.014000
v 3.260000 4.539333 -0.014000
v 2.960000 4.539333 -0.014000
v 3.260000 4.560000 -0.014000
v 2.960000 4.560000 -0.014000
v 3.259766 4.579331 -0.014000
v 2.959854 4.572082 -0.014000
v 3.259066 4.598651 -0.014000
v 2.959416 4.584157 -0.014000
v 3.257899 4.617948 -0.014000
v 2.958687 4.596218 -0.014000
v 3.256265 4.637211 -0.014000
v 2.957666 4.608257 -0.014000
v 3.254167 4.656429 -0.014000
v 2.956354 4.620268 -0.014000
v 3.251605 4.675591 -0.014000
v 2.954753 4.632245 -0.014000
v 3.248581 4.694685 -0.014000
v 2.952863 4.644178 -0.014000
v 3.245096 4.713701 -0.014000
v 2.950685 4.656064 -0.014000
v 3.241153 4.732627 -0.014000
v 2.948220 4.667892 -0.014000
v 3.236753 4.751452 -0.014000
v 2.945471 4.679658 -0.014000
v 3.231900 4.770166 -0.014000
v 2.942438 4.691354 -0.014000
v 3.226597 4.788756 -0.014000
v 2.939123 4.702973 -0.014000
v 3.220845 4.807214 -0.014000
v 2.935528 4.714509 -0.014000
v 3.214649 4.825526 -0.014000
v 2.931656 4.725954 -0.014000
v 3.208013 4.843684 -0.014000
v 2.927508 4.737302 -0.014000
v 3.200940 4.861676 -0.014000
v 2.923087 4.748548 -0.014000
v 3.193434 4.879492 -0.014000
v 2.918396 4.759682 -0.014000
v 3.185499 4.897121 -0.014000
v 2.913437 4.770700 -0.014000
v 3.177142 4.914553 -0.014000
v 2.908213 4.781596 -0.014000
v 3.168365 4.931778 -0.014000
v 2.902728 4.792362 -0.014000
v 3.159174 4.948787 -0.014000
v 2.896984 4.802992 -0.014000
v 3.149576 4.965568 -0.014000
v 2.890985 4.813480 -0.014000
v 3.139574 4.982112 -0.014000
v 2.884734 4.823820 -0.014000
v 3.129176 4.998410 -0.014000
v 2.878235 4.834006 -0.014000
v 3.118387 5.014452 -0.014000
v 2.871492 4.844032 -0.014000
v 3.107213 5.030228 -0.014000
v 2.864508 4.853893 -0.014000
v 3.095662 5.045730 -0.014000
v 2.857289 4.863581 -0.014000
v 3.083740 5.060948 -0.014000
v 2.849837 4.873093 -0.014000
v 3.071453 5.075874 -0.014000
v 2.842158 4.882421 -0.014000
v 3.058809 5.090498 -0.014000
v 2.834255 4.891562 -0.014000
v 3.045815 5.104813 -0.014000
v 2.826134 4.900508 -0.014000
v 3.032479 5.118809 -0.014000
v 2.817800 4.909256 -0.014000
v 3.018809 5.132479 -0.014000
v 2.809256 4.917799 -0.014000
v 3.004813 5.145815 -0.014000
v 2.800508 4.926134 -0.014000
v 2.990498 5.158809 -0.014000
v 2.791561 4.934256 -0.014000
v 2.975874 5.171453 -0.014000
v 2.782421 4.942158 -0.014000
v 2.960948 5.183740 -0.014000
v 2.773093 4.949837 -0.014000
v 2.945730 5.195662 -0.014000
v 2.763581 4.957289 -0.014000
v 2.930228 5.207213 -0.014000
v 2.753893 4.964509 -0.014000
v 2.914452 5.218387 -0.014000
v 2.744032 4.971492 -0.014000
v 2.898410 5.229176 -0.014000
v 2.734006 4.978235 -0.014000
v 2.882112 5.239574 -0.014000
v 2.723820 4.984734 -0.014000
v 2.865568 5.249576 -0.014000
v 2.713480 4.990985 -0.014000
v 2.848787 5.259174 -0.014000
v 2.702992 4.996984 -0.014000
v 2.831779 5.268365 -0.014000
v 2.692362 5.002728 -0.014000
v 2.814553 5.277142 -0.014000
v 2.681596 5.008214 -0.014000
v 2.797121 5.285500 -0.014000
v 2.670701 5.013437 -0.014000
v 2.779492 5.293434 -0.014000
v 2.659682 5.018396 -0.014000
v 2.761676 5.300940 -0.014000
v 2.648547 5.023088 -0.014000
v 2.743684 5.308013 -0.014000
v 2.637302 5.027508 -0.014000
v 2.725526 5.314650 -0.014000
v 2.625954 5.031656 -0.014000
v 2.707214 5.320845 -0.014000
v 2.614508 5.035528 -0.014000
v 2.688756 5.326597 -0.014000
v 2.602973 5.039123 -0.014000
v 2.670166 5.331901 -0.014000
v 2.591354 5.042438 -0.014000
v 2.651453 5.336753 -0.014000
v 2.579658 5.045471 -0.014000
v 2.632627 5.341153 -0.014000
v 2.567892 5.048221 -0.014000
v 2.613701 5.345096 -0.014000
v 2.556063 5.050685 -0.014000
v 2.594686 5.348581 -0.014000
v 2.544178 5.052863 -0.014000
v 2.575591 5.351605 -0.014000
v 2.532244 5.054753 -0.014000
v 2.556429 5.354167 -0.014000
v 2.520268 5.056355 -0.014000
v 2.537211 5.356266 -0.014000
v 2.508257 5.057666 -0.014000
v 2.517948 5.357899 -0.014000
v 2.496217 5.058687 -0.014000
v 2.498651 5.359066 -0.014000
v 2.484157 5.059416 -0.014000
v 2.479331 5.359766 -0.014000
v 2.472082 5.059854 -0.014000
v 2.460000 5.360000 -0.014000
v 2.460000 5.060000 -0.014000
v 2.436857 5.360000 -0.014000
v 2.436857 5.060000 -0.014000
v 2.413714 5.360000 -0.014000
v 2.413714 5.060000 -0.014000
v 2.390571 5.360000 -0.014000
v 2.390571 5.060000 -0.014000
v 2.367429 5.360000 -0.014000
v 2.367429 5.060000 -0.014000
v 2.344286 5.360000 -0.014000
v 2.344286 5.060000 -0.014000
v 2.321143 5.360000 -0.014000
v 2.321143 5.060000 -0.014000
v 2.298000 5.360000 -0.014000
v 2.298000 5.060000 -0.014000
v 2.274857 5.360000 -0.014000
v 2.274857 5.060000 -0.014000
v 2.251714 5.360000 -0.014000
v 2.251714 5.060000 -0.014000
v 2.228571 5.360000 -0.014000
v 2.228571 5.060000 -0.014000
v 2.205429 5.360000 -0.014000
v 2.205429 5.060000 -0.014000
v 2.182286 5.360000 -0.014000
v 2.182286 5.060000 -0.014000
v 2.159143 5.360000 -0.014000
v 2.159143 5.060000 -0.014000
v 2.136000 5.360000 -0.014000
v 2.136000 5.060000 -0.014000
v 2.112857 5.360000 -0.014000
v 2.112857 5.060000 -0.014000
v 2.089714 5.360000 -0.014000
v 2.089714 5.060000 -0.014000
v 2.066571 5.360000 -0.014000
v 2.066571 5.060000 -0.014000
v 2.043429 5.360000 -0.014000
v 2.043429 5.060000 -0.014000
v 2.020286 5.360000 -0.014000
v 2.020286 5.060000 -0.014000
v 1.997143 5.360000 -0.014000
v 1.997143 5.060000 -0.014000
v 1.974000 5.360000 -0.014000
v 1.974000 5.060000 -0.014000
v 1.950857 5.360000 -0.014000
v 1.950857 5.060000 -0.014000
v 1.927714 5.360000 -0.014000
v 1.927714 5.060000 -0.014000
v 1.904571 5.360000 -0.014000
v 1.904571 5.060000 -0.014000
v 1.881429 5.360000 -0.014000
v 1.881429 5.060000 -0.014000
v 1.858286 5.360000 -0.014000
v 1.858286 5.060000 -0.014000
v 1.835143 5.360000 -0.014000
v 1.835143 5.060000 -0.014000
v 1.812000 5.360000 -0.014000
v 1.812000 5.060000 -0.014000
v 1.788857 5.360000 -0.014000
v 1.788857 5.060000 -0.014000
v 1.765714 5.360000 -0.014000
v 1.765714 5.060000 -0.014000
v 1.742571 5.360000 -0.014000
v 1.742571 5.060000 -0.014000
v 1.719429 5.360000 -0.014000
v 1.719429 5.060000 -0.014000
v 1.696286 5.360000 -0.014000
v 1.696286 5.060000 -0.014000
v 1.673143 5.360000 -0.014000
v 1.673143 5.060000 -0.014000
v 1.650000 5.360000 -0.014000
v 1.650000 5.060000 -0.014000
v 1.626857 5.360000 -0.014000
v 1.626857 5.060000 -0.014000
v 1.603714 5.360000 -0.014000
v 1.603714 5.060000 -0.014000
v 1.580571 5.360000 -0.014000
v 1.580571 5.060000 -0.014000
v 1.557429 5.360000 -0.014000
v 1.557429 5.060000 -0.014000
v 1.534286 5.360000 -0.014000
v 1.534286 5.060000 -0.014000
v 1.511143 5.360000 -0.014000
v 1.511143 5.060000 -0.014000
v 1.488000 5.360000 -0.014000
v 1.488000 5.060000 -0.014000
v 1.464857 5.360000 -0.014000
v 1.464857 5.060000 -0.014000
v 1.441714 5.360000 -0.014000
v 1.441714 5.060000 -0.014000
v 1.418571 5.360000 -0.014000
v 1.418571 5.060000 -0.014000
v 1.395429 5.360000 -0.014000
v 1.395429 5.060000 -0.014000
v 1.372286 5.360000 -0.014000
v 1.372286 5.060000 -0.014000
v 1.349143 5.360000 -0.014000
v 1.349143 5.060000 -0.014000
v 1.326000 5.360000 -0.014000
v 1.326000 5.060000 -0.014000
v 1.302857 5.360000 -0.014000
v 1.302857 5.060000 -0.014000
v 1.279714 5.360000 -0.014000
v 1.279714 5.060000 -0.014000
v 1.256571 5.360000 -0.014000
v 1.256571 5.060000 -0.014000
v 1.233429 5.360000 -0.014000
v 1.233429 5.060000 -0.014000
v 1.210286 5.360000 -0.014000
v 1.210286 5.060000 -0.014000
v 1.187143 5.360000 -0.014000
v 1.187143 5.060000 -0.014000
v 1.164000 5.360000 -0.014000
v 1.164000 5.060000 -0.014000
v 1.140857 5.360000 -0.014000
v 1.140857 5.060000 -0.014000
v 1.117714 5.360000 -0.014000
v 1.117714 5.060000 -0.014000
v 1.094571 5.360000 -0.014000
v 1.094571 5.060000 -0.014000
v 1.071429 5.360000 -0.014000
v 1.071429 5.060000 -0.014000
v 1.048286 5.360000 -0.014000
v 1.048286 5.060000 -0.014000
v 1.025143 5.360000 -0.014000
v 1.025143 5.060000 -0.014000
v 1.002000 5.360000 -0.014000
v 1.002000 5.060000 -0.014000
v 0.978857 5.360000 -0.014000
v 0.978857 5.060000 -0.014000
v 0.955714 5.360000 -0.014000
v 0.955714 5.060000 -0.014000
v 0.932571 5.360000 -0.014000
v 0.932571 5.060000 -0.014000
v 0.909429 5.360000 -0.014000
v 0.909429 5.060000 -0.014000
v 0.886286 5.360000 -0.014000
v 0.886286 5.060000 -0.014000
v 0.863143 5.360000 -0.014000
v 0.863143 5.060000 -0.014000
v 0.840000 5.360000 -0.014000
v 0.840000 5.060000 -0.014000
v 0.820669 5.359766 -0.014000
v 0.827918 5.059854 -0.014000
v 0.801349 5.359066 -0.014000
v 0.815843 5.059416 -0.014000
v 0.782052 5.357899 -0.014000
v 0.803783 5.058687 -0.014000
v 0.762789 5.356266 -0.014000
v 0.791743 5.057666 -0.014000
v 0.743571 5.354167 -0.014000
v 0.779732 5.056355 -0.014000
v 0.724409 5.351605 -0.014000
v 0.767755 5.054753 -0.014000
v 0.705314 5.348581 -0.014000
v 0.755821 5.052863 -0.014000
v 0.686299 5.345096 -0.014000
v 0.743937 5.050685 -0.014000
v 0.667373 5.341153 -0.014000
v 0.732108 5.048221 -0.014000
v 0.648547 5.336753 -0.014000
v 0.720342 5.045471 -0.014000
v 0.629834 5.331901 -0.014000
v 0.708646 5.042438 -0.014000
v 0.611243 5.326597 -0.014000
v 0.697027 5.039123 -0.014000
v 0.592786 5.320845 -0.014000
v 0.685492 5.035528 -0.014000
v 0.574474 5.314650 -0.014000
v 0.674046 5.031656 -0.014000
v 0.556316 5.308013 -0.014000
v 0.662698 5.027508 -0.014000
v 0.538324 5.300940 -0.014000
v 0.651453 5.023088 -0.014000
v 0.520508 5.293434 -0.014000
v 0.640318 5.018396 -0.014000
v 0.502879 5.285500 -0.014000
v 0.629299 5.013437 -0.014000
v 0.485447 5.277142 -0.014000
v 0.618404 5.008214 -0.014000
v 0.468221 5.268365 -0.014000
v 0.607638 5.002728 -0.014000
v 0.451213 5.259174 -0.014000
v 0.597008 4.996984 -0.014000
v 0.434432 5.249576 -0.014000
v 0.586520 4.990985 -0.014000
v 0.417888 5.239574 -0.014000
v 0.576180 4.984734 -0.014000
v 0.401590 5.229176 -0.014000
v 0.565994 4.978235 -0.014000
v 0.385548 5.218387 -0.014000
v 0.555968 4.971492 -0.014000
v 0.369772 5.207213 -0.014000
v 0.546107 4.964509 -0.014000
v 0.354270 5.195662 -0.014000
v 0.536419 4.957289 -0.014000
v 0.339052 5.183740 -0.014000
v 0.526907 4.949837 -0.014000
v 0.324126 5.171453 -0.014000
v 0.517579 4.942158 -0.014000
v 0.309502 5.158809 -0.014000
v 0.508439 4.934256 -0.014000
v 0.295187 5.145815 -0.014000
v 0.499492 4.926134 -0.014000
v 0.281191 5.132479 -0.014000
v 0.490744 4.917799 -0.014000
v 0.267521 5.118809 -0.014000
v 0.482201 4.909256 -0.014000
v 0.254185 5.104813 -0.014000
v 0.473866 4.900508 -0.014000
v 0.241191 5.090498 -0.014000
v 0.465745 4.891562 -0.014000
v 0.228547 5.075874 -0.014000
v 0.457842 4.882421 -0.014000
v 0.216261 5.060948 -0.014000
v 0.450163 4.873093 -0.014000
v 0.204338 5.045730 -0.014000
v 0.442711 4.863581 -0.014000
v 0.192786 5.030228 -0.014000
v 0.435492 4.853893 -0.014000
v 0.181613 5.014452 -0.014000
v 0.428508 4.844032 -0.014000
v 0.170824 4.998410 -0.014000
v 0.421765 4.834006 -0.014000
v 0.160426 4.982112 -0.014000
v 0.415266 4.823820 -0.014000
v 0.150424 4.965568 -0.014000
v 0.409015 4.813480 -0.014000
v 0.140826 4.948787 -0.014000
v 0.403016 4.802992 -0.014000
v 0.131635 4.931778 -0.014000
v 0.397272 4.792362 -0.014000
v 0.122858 4.914553 -0.014000
v 0.391787 4.781596 -0.014000
v 0.114501 4.897121 -0.014000
v 0.386563 4.770700 -0.014000
v 0.106566 4.879492 -0.014000
v 0.381604 4.759682 -0.014000
v 0.099060 4.861676 -0.014000
v 0.376913 4.748548 -0.014000
v 0.091987 4.843684 -0.014000
v 0.372492 4.737302 -0.014000
v 0.085351 4.825526 -0.014000
v 0.368344 4.725954 -0.014000
v 0.079155 4.807214 -0.014000
v 0.364472 4.714509 -0.014000
v 0.073403 4.788756 -0.014000
v 0.360877 4.702973 -0.014000
v 0.068100 4.770166 -0.014000
v 0.357562 4.691354 -0.014000
v 0.063247 4.751452 -0.014000
v 0.354529 4.679658 -0.014000
v 0.058847 4.732627 -0.014000
v 0.351779 4.667892 -0.014000
v 0.054904 4.713701 -0.014000
v 0.349315 4.656064 -0.014000
v 0.051419 4.694685 -0.014000
v 0.347137 4.644178 -0.014000
v 0.048395 4.675591 -0.014000
v 0.345247 4.632245 -0.014000
v 0.045833 4.656429 -0.014000
v 0.343646 4.620268 -0.014000
v 0.043735 4.637211 -0.014000
v 0.342334 4.608257 -0.014000
v 0.042101 4.617948 -0.014000
v 0.341313 4.596218 -0.014000
v 0.040934 4.598651 -0.014000
v 0.340584 4.584157 -0.014000
v 0.040234 4.579331 -0.014000
v 0.340146 4.572082 -0.014000
v 0.040000 4.560000 -0.014000
v 0.340000 4.560000 -0.014000
v 0.040000 4.539333 -0.014000
v 0.340000 4.539333 -0.014000
v 0.040000 4.518667 -0.014000
v 0.340000 4.518667 -0.014000
v 0.040000 4.498000 -0.014000
v 0.340000 4.498000 -0.014000
v 0.040000 4.477334 -0.014000
v 0.340000 4.477334 -0.014000
v 0.040000 4.456666 -0.014000
v 0.340000 4.456666 -0.014000
v 0.040000 4.436000 -0.014000
v 0.340000 4.436000 -0.014000
v 0.040000 4.415333 -0.014000
v 0.340000 4.415333 -0.014000
v 0.040000 4.394667 -0.014000
v 0.340000 4.394667 -0.014000
v 0.040000 4.374000 -0.014000
v 0.340000 4.374000 -0.014000
v 0.040000 4.353333 -0.014000
v 0.340000 4.353333 -0.014000
v 0.040000 4.332667 -0.014000
v 0.340000 4.332667 -0.014000
v 0.040000 4.312000 -0.014000
v 0.340000 4.312000 -0.014000
v 0.040000 4.291333 -0.014000
v 0.340000 4.291333 -0.014000
v 0.040000 4.270667 -0.014000
v 0.340000 4.270667 -0.014000
v 0.040000 4.250000 -0.014000
v 0.340000 4.250000 -0.014000
v 0.040000 4.229333 -0.014000
v 0.340000 4.229333 -0.014000
v 0.040000 4.208667 -0.014000
v 0.340000 4.208667 -0.014000
v 0.040000 4.188000 -0.014000
v 0.340000 4.188000 -0.014000
v 0.040000 4.167333 -0.014000
v 0.340000 4.167333 -0.014000
v 0.040000 4.146667 -0.014000
v 0.340000 4.146667 -0.014000
v 0.040000 4.126000 -0.014000
v 0.340000 4.126000 -0.014000
v 0.040000 4.105333 -0.014000
v 0.340000 4.105333 -0.014000
v 0.040000 4.084667 -0.014000
v 0.340000 4.084667 -0.014000
v 0.040000 4.064000 -0.014000
v 0.340000 4.064000 -0.014000
v 0.040000 4.043334 -0.014000
v 0.340000 4.043334 -0.014000
v 0.040000 4.022666 -0.014000
v 0.340000 4.022666 -0.014000
v 0.040000 4.002000 -0.014000
v 0.340000 4.002000 -0.014000
v 0.040000 3.981333 -0.014000
v 0.340000 3.981333 -0.014000
v 0.040000 3.960667 -0.014000
v 0.340000 3.960667 -0.014000
v 0.040000 3.940000 -0.014000
v 0.340000 3.940000 -0.014000
v 0.040000 3.919333 -0.014000
v 0.340000 3.919333 -0.014000
v 0.040000 3.898667 -0.014000
v 0.340000 3.898667 -0.014000
v 0.040000 3.878000 -0.014000
v 0.340000 3.878000 -0.014000
v 0.040000 3.857333 -0.014000
v 0.340000 3.857333 -0.014000
v 0.040000 3.836667 -0.014000
v 0.340000 3.836667 -0.014000
v 0.040000 3.816000 -0.014000
v 0.340000 3.816000 -0.014000
v 0.040000 3.795333 -0.014000
v 0.340000 3.795333 -0.014000
v 0.040000 3.774667 -0.014000
v 0.340000 3.774667 -0.014000
v 0.040000 3.754000 -0.014000
v 0.340000 3.754000 -0.014000
v 0.040000 3.733333 -0.014000
v 0.340000 3.733333 -0.014000
v 0.040000 3.712667 -0.014000
v 0.340000 3.712667 -0.014000
v 0.040000 3.692000 -0.014000
v 0.340000 3.692000 -0.014000
v 0.040000 3.672377 -0.014000
v 0.340000 3.672377 -0.014000
v 0.040000 3.671333 -0.014000
v 0.340000 3.671333 -0.014000
v 0.040000 3.650667 -0.014000
v 0.340000 3.650667 -0.014000
v 0.040000 3.630000 -0.014000
v 0.340000 3.630000 -0.014000
v 0.040000 3.609333 -0.014000
v 0.340000 3.609333 -0.014000
v 0.040000 3.588667 -0.014000
v 0.340000 3.588667 -0.014000
v 0.040000 3.568000 -0.014000
v 0.340000 3.568000 -0.014000
v 0.040000 3.547333 -0.014000
v 0.340000 3.547333 -0.014000
v 0.040000 3.526667 -0.014000
v 0.340000 3.526667 -0.014000
v 0.040000 3.506000 -0.014000
v 0.340000 3.506000 -0.014000
v 0.040000 3.485333 -0.014000
v 0.340000 3.485333 -0.014000
v 0.040000 3.464667 -0.014000
v 0.340000 3.464667 -0.014000
v 0.040000 3.444000 -0.014000
v 0.340000 3.444000 -0.014000
v 0.040000 3.423333 -0.014000
v 0.340000 3.423333 -0.014000
v 0.040000 3.402667 -0.014000
v 0.340000 3.402667 -0.014000
v 0.040000 3.382000 -0.014000
v 0.340000 3.382000 -0.014000
v 0.040000 3.361333 -0.014000
v 0.340000 3.361333 -0.014000
v 0.040000 3.340667 -0.014000
v 0.340000 3.340667 -0.014000
v 0.040000 3.320000 -0.014000
v 0.340000 3.320000 -0.014000
v 0.040000 3.299333 -0.014000
v 0.340000 3.299333 -0.014000
v 0.040000 3.278667 -0.014000
v 0.340000 3.278667 -0.014000
v 0.040000 3.258000 -0.014000
v 0.340000 3.258000 -0.014000
v 0.040000 3.237333 -0.014000
v 0.340000 3.237333 -0.014000
v 0.040000 3.216667 -0.014000
v 0.340000 3.216667 -0.014000
v 0.040000 3.196000 -0.014000
v 0.340000 3.196000 -0.014000
v 0.040000 3.175333 -0.014000
v 0.340000 3.175333 -0.014000
v 0.040000 3.154667 -0.014000
v 0.340000 3.154667 -0.014000
v 0.040000 3.134000 -0.014000
v 0.340000 3.134000 -0.014000
v 0.040000 3.113333 -0.014000
v 0.340000 3.113333 -0.014000
v 0.040000 3.092667 -0.014000
v 0.340000 3.092667 -0.014000
v 0.040000 3.072000 -0.014000
v 0.340000 3.072000 -0.014000
v 0.040000 3.051333 -0.014000
v 0.340000 3.051333 -0.014000
v 0.040000 3.030667 -0.014000
v 0.340000 3.030667 -0.014000
v 0.040000 3.010000 -0.014000
v 0.340000 3.010000 -0.014000
v 0.040000 2.989333 -0.014000
v 0.340000 2.989333 -0.014000
v 0.040000 2.968667 -0.014000
v 0.340000 2.968667 -0.014000
v 0.040000 2.948000 -0.014000
v 0.340000 2.948000 -0.014000
v 0.040000 2.927333 -0.014000
v 0.340000 2.927333 -0.014000
v 0.040000 2.906667 -0.014000
v 0.340000 2.906667 -0.014000
v 0.040000 2.886000 -0.014000
v 0.340000 2.886000 -0.014000
v 0.040000 2.865333 -0.014000
v 0.340000 2.865333 -0.014000
v 0.040000 2.844667 -0.014000
v 0.340000 2.844667 -0.014000
v 0.040000 2.824000 -0.014000
v 0.340000 2.824000 -0.014000
v 0.040000 2.803333 -0.014000
v 0.340000 2.803333 -0.014000
v 0.040000 2.782667 -0.014000
v 0.340000 2.782667 -0.014000
v 0.040000 2.762000 -0.014000
v 0.340000 2.762000 -0.014000
v 0.040000 2.741333 -0.014000
v 0.340000 2.741333 -0.014000
v 0.040000 2.720667 -0.014000
v 0.340000 2.720667 -0.014000
v 0.040000 2.700000 -0.014000
v 0.340000 2.700000 -0.014000
v 0.040000 2.679333 -0.014000
v 0.340000 2.679333 -0.014000
v 0.040000 2.658667 -0.014000
v 0.340000 2.658667 -0.014000
v 0.040000 2.638000 -0.014000
v 0.340000 2.638000 -0.014000
v 0.040000 2.617333 -0.014000
v 0.340000 2.617333 -0.014000
v 0.040000 2.596667 -0.014000
v 0.340000 2.596667 -0.014000
v 0.040000 2.576000 -0.014000
v 0.340000 2.576000 -0.014000
v 0.040000 2.555333 -0.014000
v 0.340000 2.555333 -0.014000
v 0.040000 2.534667 -0.014000
v 0.340000 2.534667 -0.014000
v 0.040000 2.514000 -0.014000
v 0.340000 2.514000 -0.014000
v 0.040000 2.493333 -0.014000
v 0.340000 2.493333 -0.014000
v 0.040000 2.472667 -0.014000
v 0.340000 2.472667 -0.014000
v 0.040000 2.452000 -0.014000
v 0.340000 2.452000 -0.014000
v 0.040000 2.431333 -0.014000
v 0.340000 2.431333 -0.014000
v 0.040000 2.410667 -0.014000
v 0.340000 2.410667 -0.014000
v 0.040000 2.390000 -0.014000
v 0.340000 2.390000 -0.014000
v 0.040000 2.369333 -0.014000
v 0.340000 2.369333 -0.014000
v 0.040000 2.348667 -0.014000
v 0.340000 2.348667 -0.014000
v 0.040000 2.328000 -0.014000
v 0.340000 2.328000 -0.014000
v 0.040000 2.307333 -0.014000
v 0.340000 2.307333 -0.014000
v 0.040000 2.286667 -0.014000
v 0.340000 2.286667 -0.014000
v 0.040000 2.266000 -0.014000
v 0.340000 2.266000 -0.014000
v 0.040000 2.245333 -0.014000
v 0.340000 2.245333 -0.014000
v 0.040000 2.224667 -0.014000
v 0.340000 2.224667 -0.014000
v 0.040000 2.204000 -0.014000
v 0.340000 2.204000 -0.014000
v 0.040000 2.183333 -0.014000
v 0.340000 2.183333 -0.014000
v 0.040000 2.162667 -0.014000
v 0.340000 2.162667 -0.014000
v 0.040000 2.142000 -0.014000
v 0.340000 2.142000 -0.014000
v 0.040000 2.121333 -0.014000
v 0.340000 2.121333 -0.014000
v 0.040000 2.100667 -0.014000
v 0.340000 2.100667 -0.014000
v 0.040000 2.080000 -0.014000
v 0.340000 2.080000 -0.014000
v 0.040000 2.059333 -0.014000
v 0.340000 2.059333 -0.014000
v 0.040000 2.038667 -0.014000
v 0.340000 2.038667 -0.014000
v 0.040000 2.018000 -0.014000
v 0.340000 2.018000 -0.014000
v 0.040000 1.997333 -0.014000
v 0.340000 1.997333 -0.014000
v 0.040000 1.976667 -0.014000
v 0.340000 1.976667 -0.014000
v 0.040000 1.956000 -0.014000
v 0.340000 1.956000 -0.014000
v 0.040000 1.935333 -0.014000
v 0.340000 1.935333 -0.014000
v 0.040000 1.914667 -0.014000
v 0.340000 1.914667 -0.014000
v 0.040000 1.894000 -0.014000
v 0.340000 1.894000 -0.014000
v 0.040000 1.873333 -0.014000
v 0.340000 1.873333 -0.014000
v 0.040000 1.852667 -0.014000
v 0.340000 1.852667 -0.014000
v 0.040000 1.832000 -0.014000
v 0.340000 1.832000 -0.014000
v 0.040000 1.811333 -0.014000
v 0.340000 1.811333 -0.014000
v 0.040000 1.790667 -0.014000
v 0.340000 1.790667 -0.014000
v 0.040000 1.770000 -0.014000
v 0.340000 1.770000 -0.014000
v 0.040000 1.749333 -0.014000
v 0.340000 1.749333 -0.014000
v 0.040000 1.728667 -0.014000
v 0.340000 1.728667 -0.014000
v 0.040000 1.708000 -0.014000
v 0.340000 1.708000 -0.014000
v 0.040000 1.687333 -0.014000
v 0.340000 1.687333 -0.014000
v 0.040000 1.666667 -0.014000
v 0.340000 1.666667 -0.014000
v 0.040000 1.646000 -0.014000
v 0.340000 1.646000 -0.014000
v 0.040000 1.625333 -0.014000
v 0.340000 1.625333 -0.014000
v 0.040000 1.604667 -0.014000
v 0.340000 1.604667 -0.014000
v 0.040000 1.584000 -0.014000
v 0.340000 1.584000 -0.014000
v 0.040000 1.563333 -0.014000
v 0.340000 1.563333 -0.014000
v 0.040000 1.542667 -0.014000
v 0.340000 1.542667 -0.014000
v 0.040000 1.522000 -0.014000
v 0.340000 1.522000 -0.014000
v 0.040000 1.501333 -0.014000
v 0.340000 1.501333 -0.014000
v 0.040000 1.480667 -0.014000
v 0.340000 1.480667 -0.014000
v 0.040000 1.460000 -0.014000
v 0.340000 1.460000 -0.014000
v 0.040000 1.439333 -0.014000
v 0.340000 1.439333 -0.014000
v 0.040000 1.418667 -0.014000
v 0.340000 1.418667 -0.014000
v 0.040000 1.398000 -0.014000
v 0.340000 1.398000 -0.014000
v 0.040000 1.377333 -0.014000
v 0.340000 1.377333 -0.014000
v 0.040000 1.356667 -0.014000
v 0.340000 1.356667 -0.014000
v 0.040000 1.336000 -0.014000
v 0.340000 1.336000 -0.014000
v 0.040000 1.315333 -0.014000
v 0.340000 1.315333 -0.014000
v 0.040000 1.294667 -0.014000
v 0.340000 1.294667 -0.014000
v 0.040000 1.274000 -0.014000
v 0.340000 1.274000 -0.014000
v 0.040000 1.253333 -0.014000
v 0.340000 1.253333 -0.014000
v 0.040000 1.232667 -0.014000
v 0.340000 1.232667 -0.014000
v 0.040000 1.212000 -0.014000
v 0.340000 1.212000 -0.014000
v 0.040000 1.191333 -0.014000
v 0.340000 1.191333 -0.014000
v 0.040000 1.170667 -0.014000
v 0.340000 1.170667 -0.014000
v 0.040000 1.150000 -0.014000
v 0.340000 1.150000 -0.014000
v 0.040000 1.129333 -0.014000
v 0.340000 1.129333 -0.014000
v 0.040000 1.108667 -0.014000
v 0.340000 1.108667 -0.014000
v 0.040000 1.088000 -0.014000
v 0.340000 1.088000 -0.014000
v 0.040000 1.067333 -0.014000
v 0.340000 1.067333 -0.014000
v 0.040000 1.046667 -0.014000
v 0.340000 1.046667 -0.014000
v 0.040000 1.026000 -0.014000
v 0.340000 1.026000 -0.014000
v 0.040000 1.005333 -0.014000
v 0.340000 1.005333 -0.014000
v 0.040000 0.984667 -0.014000
v 0.340000 0.984667 -0.014000
v 0.040000 0.964000 -0.014000
v 0.340000 0.964000 -0.014000
v 0.040000 0.943333 -0.014000
v 0.340000 0.943333 -0.014000
v 0.040000 0.922667 -0.014000
v 0.340000 0.922667 -0.014000
v 0.040000 0.902000 -0.014000
v 0.340000 0.902000 -0.014000
v 0.040000 0.881333 -0.014000
v 0.340000 0.881333 -0.014000
v 0.040000 0.860667 -0.014000
v 0.340000 0.860667 -0.014000
v 0.040000 0.840000 -0.014000
v 0.340000 0.840000 -0.014000
v 0.040234 0.820669 -0.014000
v 0.340146 0.827918 -0.014000
v 0.040934 0.801349 -0.014000
v 0.340584 0.815843 -0.014000
v 0.042101 0.782052 -0.014000
v 0.341313 0.803783 -0.014000
v 0.043735 0.762789 -0.014000
v 0.342334 0.791743 -0.014000
v 0.045833 0.743571 -0.014000
v 0.343646 0.779732 -0.014000
v 0.048395 0.724409 -0.014000
v 0.345247 0.767755 -0.014000
v 0.051419 0.705314 -0.014000
v 0.347137 0.755821 -0.014000
v 0.054904 0.686299 -0.014000
v 0.349315 0.743937 -0.014000
v 0.058847 0.667373 -0.014000
v 0.351779 0.732108 -0.014000
v 0.063247 0.648547 -0.014000
v 0.354529 0.720342 -0.014000
v 0.068100 0.629834 -0.014000
v 0.357562 0.708646 -0.014000
v 0.073403 0.611243 -0.014000
v 0.360877 0.697027 -0.014000
v 0.079155 0.592786 -0.014000
v 0.364472 0.685492 -0.014000
v 0.085351 0.574474 -0.014000
v 0.368344 0.674046 -0.014000
v 0.091987 0.556316 -0.014000
v 0.372492 0.662698 -0.014000
v 0.099060 0.538324 -0.014000
v 0.376913 0.651453 -0.014000
v 0.106566 0.520508 -0.014000
v 0.381604 0.640318 -0.014000
v 0.114501 0.502879 -0.014000
v 0.386563 0.629299 -0.014000
v 0.122858 0.485447 -0.014000
v 0.391787 0.618404 -0.014000
v 0.131635 0.468221 -0.014000
v 0.397272 0.607638 -0.014000
v 0.140826 0.451213 -0.014000
v 0.403016 0.597008 -0.014000
v 0.150424 0.434432 -0.014000
v 0.409015 0.586520 -0.014000
v 0.160426 0.417888 -0.014000
v 0.415266 0.576180 -0.014000
v 0.170824 0.401590 -0.014000
v 0.421765 0.565994 -0.014000
v 0.181613 0.385548 -0.014000
v 0.428508 0.555968 -0.014000
v 0.192786 0.369772 -0.014000
v 0.435492 0.546107 -0.014000
v 0.204338 0.354270 -0.014000
v 0.442711 0.536419 -0.014000
v 0.216261 0.339052 -0.014000
v 0.450163 0.526907 -0.014000
v 0.228547 0.324126 -0.014000
v 0.457842 0.517579 -0.014000
v 0.241191 0.309502 -0.014000
v 0.465745 0.508439 -0.014000
v 0.254185 0.295187 -0.014000
v 0.473866 0.499492 -0.014000
v 0.267521 0.281191 -0.014000
v 0.482201 0.490744 -0.014000
v 0.274315 0.274315 -0.014000
v 0.486447 0.486447 -0.014000
v 0.281191 0.267521 -0.014000
v 0.490744 0.482201 -0.014000
v 0.295187 0.254185 -0.014000
v 0.499492 0.473866 -0.014000
v 0.309502 0.241191 -0.014000
v 0.508439 0.465745 -0.014000
v 0.324126 0.228547 -0.014000
v 0.517579 0.457842 -0.014000
v 0.339052 0.216261 -0.014000
v 0.526907 0.450163 -0.014000
v 0.354270 0.204338 -0.014000
v 0.536419 0.442711 -0.014000
v 0.369772 0.192786 -0.014000
v 0.546107 0.435492 -0.014000
v 0.385548 0.181613 -0.014000
v 0.555968 0.428508 -0.014000
v 0.401590 0.170824 -0.014000
v 0.565994 0.421765 -0.014000
v 0.417888 0.160426 -0.014000
v 0.576180 0.415266 -0.014000
v 0.434432 0.150424 -0.014000
v 0.586520 0.409015 -0.014000
v 0.451213 0.140826 -0.014000
v 0.597008 0.403016 -0.014000
v 0.468221 0.131635 -0.014000
v 0.607638 0.397272 -0.014000
v 0.485447 0.122858 -0.014000
v 0.618404 0.391787 -0.014000
v 0.502879 0.114501 -0.014000
v 0.629299 0.386563 -0.014000
v 0.520508 0.106566 -0.014000
v 0.640318 0.381604 -0.014000
v 0.538324 0.099060 -0.014000
v 0.651453 0.376913 -0.014000
v 0.556316 0.091987 -0.014000
v 0.662698 0.372492 -0.014000
v 0.574474 0.085351 -0.014000
v 0.674046 0.368344 -0.014000
v 0.592786 0.079155 -0.014000
v 0.685492 0.364472 -0.014000
v 0.611243 0.073403 -0.014000
v 0.697027 0.360877 -0.014000
v 0.629834 0.068100 -0.014000
v 0.708646 0.357562 -0.014000
v 0.648547 0.063247 -0.014000
v 0.720342 0.354529 -0.014000
v 0.667373 0.058847 -0.014000
v 0.732108 0.351779 -0.014000
v 0.686299 0.054904 -0.014000
v 0.743937 0.349315 -0.014000
v 0.705314 0.051419 -0.014000
v 0.755821 0.347137 -0.014000
v 0.724409 0.048395 -0.014000
v 0.767755 0.345247 -0.014000
v 0.743571 0.045833 -0.014000
v 0.779732 0.343646 -0.014000
v 0.762789 0.043735 -0.014000
v 0.791743 0.342334 -0.014000
v 0.782052 0.042101 -0.014000
v 0.803783 0.341313 -0.014000
v 0.801349 0.040934 -0.014000
v 0.815843 0.340584 -0.014000
v 0.820669 0.040234 -0.014000
v 0.827918 0.340146 -0.014000
v 0.840000 0.040000 -0.014000
v 0.863143 0.040000 -0.014000
v 0.863143 0.040000 0.000000
v 0.840000 0.040000 0.000000
v 0.840000 0.340000 0.000000
v 0.863143 0.340000 0.000000
v 0.863143 0.340000 -0.014000
v 0.840000 0.340000 -0.014000
v 0.863143 0.040000 -0.014000
v 0.886286 0.040000 -0.014000
v 0.886286 0.040000 0.000000
v 0.863143 0.040000 0.000000
v 0.863143 0.340000 0.000000
v 0.886286 0.340000 0.000000
v 0.886286 0.340000 -0.014000
v 0.863143 0.340000 -0.014000
v 0.886286 0.040000 -0.014000
v 0.909429 0.040000 -0.014000
v 0.909429 0.040000 0.000000
v 0.886286 0.040000 0.000000
v 0.886286 0.340000 0.000000
v 0.909429 0.340000 0.000000
v 0.909429 0.340000 -0.014000
v 0.886286 0.340000 -0.014000
v 0.909429 0.040000 -0.014000
v 0.932571 0.040000 -0.014000
v 0.932571 0.040000 0.000000
v 0.909429 0.040000 0.000000
v 0.909429 0.340000 0.000000
v 0.932571 0.340000 0.000000
v 0.932571 0.340000 -0.014000
v 0.909429 0.340000 -0.014000
v 0.932571 0.040000 -0.014000
v 0.955714 0.040000 -0.014000
v 0.955714 0.040000 0.000000
v 0.932571 0.040000 0.000000
v 0.932571 0.340000 0.000000
v 0.955714 0.340000 0.000000
v 0.955714 0.340000 -0.014000
v 0.932571 0.340000 -0.014000
v 0.955714 0.040000 -0.014000
v 0.978857 0.040000 -0.014000
v 0.978857 0.040000 0.000000
v 0.955714 0.040000 0.000000
v 0.955714 0.340000 0.000000
v 0.978857 0.340000 0.000000
v 0.978857 0.340000 -0.014000
v 0.955714 0.340000 -0.014000
v 0.978857 0.040000 -0.014000
v 1.002000 0.040000 -0.014000
v 1.002000 0.040000 0.000000
v 0.978857 0.040000 0.000000
v 0.978857 0.340000 0.000000
v 1.002000 0.340000 0.000000
v 1.002000 0.340000 -0.014000
v 0.978857 0.340000 -0.014000
v 1.002000 0.040000 -0.014000
v 1.025143 0.040000 -0.014000
v 1.025143 0.040000 0.000000
v 1.002000 0.040000 0.000000
v 1.002000 0.340000 0.000000
v 1.025143 0.340000 0.000000
v 1.025143 0.340000 -0.014000
v 1.002000 0.340000 -0.014000
v 1.025143 0.040000 -0.014000
v 1.048286 0.040000 -0.014000
v 1.048286 0.040000 0.000000
v 1.025143 0.040000 0.000000
v 1.025143 0.340000 0.000000
v 1.048286 0.340000 0.000000
v 1.048286 0.340000 -0.014000
v 1.025143 0.340000 -0.014000
v 1.048286 0.040000 -0.014000
v 1.071429 0.040000 -0.014000
v 1.071429 0.040000 0.000000
v 1.048286 0.040000 0.000000
v 1.048286 0.340000 0.000000
v 1.071429 0.340000 0.000000
v 1.071429 0.340000 -0.014000
v 1.048286 0.340000 -0.014000
v 1.071429 0.040000 -0.014000
v 1.094571 0.040000 -0.014000
v 1.094571 0.040000 0.000000
v 1.071429 0.040000 0.000000
v 1.071429 0.340000 0.000000
v 1.094571 0.340000 0.000000
v 1.094571 0.340000 -0.014000
v 1.071429 0.340000 -0.014000
v 1.094571 0.040000 -0.014000
v 1.117714 0.040000 -0.014000
v 1.117714 0.040000 0.000000
v 1.094571 0.040000 0.000000
v 1.094571 0.340000 0.000000
v 1.117714 0.340000 0.000000
v 1.117714 0.340000 -0.014000
v 1.094571 0.340000 -0.014000
v 1.117714 0.040000 -0.014000
v 1.140857 0.040000 -0.014000
v 1.140857 0.040000 0.000000
v 1.117714 0.040000 0.000000
v 1.117714 0.340000 0.000000
v 1.140857 0.340000 0.000000
v 1.140857 0.340000 -0.014000
v 1.117714 0.340000 -0.014000
v 1.140857 0.040000 -0.014000
v 1.164000 0.040000 -0.014000
v 1.164000 0.040000 0.000000
v 1.140857 0.040000 0.000000
v 1.140857 0.340000 0.000000
v 1.164000 0.340000 0.000000
v 1.164000 0.340000 -0.014000
v 1.140857 0.340000 -0.014000
v 1.164000 0.040000 -0.014000
v 1.187143 0.040000 -0.014000
v 1.187143 0.040000 0.000000
v 1.164000 0.040000 0.000000
v 1.164000 0.340000 0.000000
v 1.187143 0.340000 0.000000
v 1.187143 0.340000 -0.014000
v 1.164000 0.340000 -0.014000
v 1.187143 0.040000 -0.014000
v 1.210286 0.040000 -0.014000
v 1.210286 0.040000 0.000000
v 1.187143 0.040000 0.000000
v 1.187143 0.340000 0.000000
v 1.210286 0.340000 0.000000
v 1.210286 0.340000 -0.014000
v 1.187143 0.340000 -0.014000
v 1.210286 0.040000 -0.014000
v 1.233429 0.040000 -0.014000
v 1.233429 0.040000 0.000000
v 1.210286 0.040000 0.000000
v 1.210286 0.340000 0.000000
v 1.233429 0.340000 0.000000
v 1.233429 0.340000 -0.014000
v 1.210286 0.340000 -0.014000
v 1.233429 0.040000 -0.014000
v 1.256571 0.040000 -0.014000
v 1.256571 0.040000 0.000000
v 1.233429 0.040000 0.000000
v 1.233429 0.340000 0.000000
v 1.256571 0.340000 0.000000
v 1.256571 0.340000 -0.014000
v 1.233429 0.340000 -0.014000
v 1.256571 0.040000 -0.014000
v 1.279714 0.040000 -0.014000
v 1.279714 0.040000 0.000000
v 1.256571 0.040000 0.000000
v 1.256571 0.340000 0.000000
v 1.279714 0.340000 0.000000
v 1.279714 0.340000 -0.014000
v 1.256571 0.340000 -0.014000
v 1.279714 0.040000 -0.014000
v 1.302857 0.040000 -0.014000
v 1.302857 0.040000 0.000000
v 1.279714 0.040000 0.000000
v 1.279714 0.340000 0.000000
v 1.302857 0.340000 0.000000
v 1.302857 0.340000 -0.014000
v 1.279714 0.340000 -0.014000
v 1.302857 0.040000 -0.014000
v 1.326000 0.040000 -0.014000
v 1.326000 0.040000 0.000000
v 1.302857 0.040000 0.000000
v 1.302857 0.340000 0.000000
v 1.326000 0.340000 0.000000
v 1.326000 0.340000 -0.014000
v 1.302857 0.340000 -0.014000
v 1.326000 0.040000 -0.014000
v 1.349143 0.040000 -0.014000
v 1.349143 0.040000 0.000000
v 1.326000 0.040000 0.000000
v 1.326000 0.340000 0.000000
v 1.349143 0.340000 0.000000
v 1.349143 0.340000 -0.014000
v 1.326000 0.340000 -0.014000
v 1.349143 0.040000 -0.014000
v 1.372286 0.040000 -0.014000
v 1.372286 0.040000 0.000000
v 1.349143 0.040000 0.000000
v 1.349143 0.340000 0.000000
v 1.372286 0.340000 0.000000
v 1.372286 0.340000 -0.014000
v 1.349143 0.340000 -0.014000
v 1.372286 0.040000 -0.014000
v 1.395429 0.040000 -0.014000
v 1.395429 0.040000 0.000000
v 1.372286 0.040000 0.000000
v 1.372286 0.340000 0.000000
v 1.395429 0.340000 0.000000
v 1.395429 0.340000 -0.014000
v 1.372286 0.340000 -0.014000
v 1.395429 0.040000 -0.014000
v 1.418571 0.040000 -0.014000
v 1.418571 0.040000 0.000000
v 1.395429 0.040000 0.000000
v 1.395429 0.340000 0.000000
v 1.418571 0.340000 0.000000
v 1.418571 0.340000 -0.014000
v 1.395429 0.340000 -0.014000
v 1.418571 0.040000 -0.014000
v 1.441714 0.040000 -0.014000
v 1.441714 0.040000 0.000000
v 1.418571 0.040000 0.000000
v 1.418571 0.340000 0.000000
v 1.441714 0.340000 0.000000
v 1.441714 0.340000 -0.014000
v 1.418571 0.340000 -0.014000
v 1.441714 0.040000 -0.014000
v 1.464857 0.040000 -0.014000
v 1.464857 0.040000 0.000000
v 1.441714 0.040000 0.000000
v 1.441714 0.340000 0.000000
v 1.464857 0.340000 0.000000
v 1.464857 0.340000 -0.014000
v 1.441714 0.340000 -0.014000
v 1.464857 0.040000 -0.014000
v 1.488000 0.040000 -0.014000
v 1.488000 0.040000 0.000000
v 1.464857 0.040000 0.000000
v 1.464857 0.340000 0.000000
v 1.488000 0.340000 0.000000
v 1.488000 0.340000 -0.014000
v 1.464857 0.340000 -0.014000
v 1.488000 0.040000 -0.014000
v 1.511143 0.040000 -0.014000
v 1.511143 0.040000 0.000000
v 1.488000 0.040000 0.000000
v 1.488000 0.340000 0.000000
v 1.511143 0.340000 0.000000
v 1.511143 0.340000 -0.014000
v 1.488000 0.340000 -0.014000
v 1.511143 0.040000 -0.014000
v 1.534286 0.040000 -0.014000
v 1.534286 0.040000 0.000000
v 1.511143 0.040000 0.000000
v 1.511143 0.340000 0.000000
v 1.534286 0.340000 0.000000
v 1.534286 0.340000 -0.014000
v 1.511143 0.340000 -0.014000
v 1.534286 0.040000 -0.014000
v 1.557429 0.040000 -0.014000
v 1.557429 0.040000 0.000000
v 1.534286 0.040000 0.000000
v 1.534286 0.340000 0.000000
v 1.557429 0.340000 0.000000
v 1.557429 0.340000 -0.014000
v 1.534286 0.340000 -0.014000
v 1.557429 0.040000 -0.014000
v 1.580571 0.040000 -0.014000
v 1.580571 0.040000 0.000000
v 1.557429 0.040000 0.000000
v 1.557429 0.340000 0.000000
v 1.580571 0.340000 0.000000
v 1.580571 0.340000 -0.014000
v 1.557429 0.340000 -0.014000
v 1.580571 0.040000 -0.014000
v 1.603714 0.040000 -0.014000
v 1.603714 0.040000 0.000000
v 1.580571 0.040000 0.000000
v 1.580571 0.340000 0.000000
v 1.603714 0.340000 0.000000
v 1.603714 0.340000 -0.014000
v 1.580571 0.340000 -0.014000
v 1.603714 0.040000 -0.014000
v 1.626857 0.040000 -0.014000
v 1.626857 0.040000 0.000000
v 1.603714 0.040000 0.000000
v 1.603714 0.340000 0.000000
v 1.626857 0.340000 0.000000
v 1.626857 0.340000 -0.014000
v 1.603714 0.340000 -0.014000
v 1.626857 0.040000 -0.014000
v 1.650000 0.040000 -0.014000
v 1.650000 0.040000 0.000000
v 1.626857 0.040000 0.000000
v 1.626857 0.340000 0.000000
v 1.650000 0.340000 0.000000
v 1.650000 0.340000 -0.014000
v 1.626857 0.340000 -0.014000
v 1.650000 0.040000 -0.014000
v 1.673143 0.040000 -0.014000
v 1.673143 0.040000 0.000000
v 1.650000 0.040000 0.000000
v 1.650000 0.340000 0.000000
v 1.673143 0.340000 0.000000
v 1.673143 0.340000 -0.014000
v 1.650000 0.340000 -0.014000
v 1.673143 0.040000 -0.014000
v 1.696286 0.040000 -0.014000
v 1.696286 0.040000 0.000000
v 1.673143 0.040000 0.000000
v 1.673143 0.340000 0.000000
v 1.696286 0.340000 0.000000
v 1.696286 0.340000 -0.014000
v 1.673143 0.340000 -0.014000
v 1.696286 0.040000 -0.014000
v 1.719429 0.040000 -0.014000
v 1.719429 0.040000 0.000000
v 1.696286 0.040000 0.000000
v 1.696286 0.340000 0.000000
v 1.719429 0.340000 0.000000
v 1.719429 0.340000 -0.014000
v 1.696286 0.340000 -0.014000
v 1.719429 0.040000 -0.014000
v 1.742571 0.040000 -0.014000
v 1.742571 0.040000 0.000000
v 1.719429 0.040000 0.000000
v 1.719429 0.340000 0.000000
v 1.742571 0.340000 0.000000
v 1.742571 0.340000 -0.014000
v 1.719429 0.340000 -0.014000
v 1.742571 0.040000 -0.014000
v 1.765714 0.040000 -0.014000
v 1.765714 0.040000 0.000000
v 1.742571 0.040000 0.000000
v 1.742571 0.340000 0.000000
v 1.765714 0.340000 0.000000
v 1.765714 0.340000 -0.014000
v 1.742571 0.340000 -0.014000
v 1.765714 0.040000 -0.014000
v 1.788857 0.040000 -0.014000
v 1.788857 0.040000 0.000000
v 1.765714 0.040000 0.000000
v 1.765714 0.340000 0.000000
v 1.788857 0.340000 0.000000
v 1.788857 0.340000 -0.014000
v 1.765714 0.340000 -0.014000
v 1.788857 0.040000 -0.014000
v 1.812000 0.040000 -0.014000
v 1.812000 0.040000 0.000000
v 1.788857 0.040000 0.000000
v 1.788857 0.340000 0.000000
v 1.812000 0.340000 0.000000
v 1.812000 0.340000 -0.014000
v 1.788857 0.340000 -0.014000
v 1.812000 0.040000 -0.014000
v 1.835143 0.040000 -0.014000
v 1.835143 0.040000 0.000000
v 1.812000 0.040000 0.000000
v 1.812000 0.340000 0.000000
v 1.835143 0.340000 0.000000
v 1.835143 0.340000 -0.014000
v 1.812000 0.340000 -0.014000
v 1.835143 0.040000 -0.014000
v 1.858286 0.040000 -0.014000
v 1.858286 0.040000 0.000000
v 1.835143 0.040000 0.000000
v 1.835143 0.340000 0.000000
v 1.858286 0.340000 0.000000
v 1.858286 0.340000 -0.014000
v 1.835143 0.340000 -0.014000
v 1.858286 0.040000 -0.014000
v 1.881429 0.040000 -0.014000
v 1.881429 0.040000 0.000000
v 1.858286 0.040000 0.000000
v 1.858286 0.340000 0.000000
v 1.881429 0.340000 0.000000
v 1.881429 0.340000 -0.014000
v 1.858286 0.340000 -0.014000
v 1.881429 0.040000 -0.014000
v 1.904571 0.040000 -0.014000
v 1.904571 0.040000 0.000000
v 1.881429 0.040000 0.000000
v 1.881429 0.340000 0.000000
v 1.904571 0.340000 0.000000
v 1.904571 0.340000 -0.014000
v 1.881429 0.340000 -0.014000
v 1.904571 0.040000 -0.014000
v 1.927714 0.040000 -0.014000
v 1.927714 0.040000 0.000000
v 1.904571 0.040000 0.000000
v 1.904571 0.340000 0.000000
v 1.927714 0.340000 0.000000
v 1.927714 0.340000 -0.014000
v 1.904571 0.340000 -0.014000
v 1.927714 0.040000 -0.014000
v 1.950857 0.040000 -0.014000
v 1.950857 0.040000 0.000000
v 1.927714 0.040000 0.000000
v 1.927714 0.340000 0.000000
v 1.950857 0.340000 0.000000
v 1.950857 0.340000 -0.014000
v 1.927714 0.340000 -0.014000
v 1.950857 0.040000 -0.014000
v 1.974000 0.040000 -0.014000
v 1.974000 0.040000 0.000000
v 1.950857 0.040000 0.000000
v 1.950857 0.340000 0.000000
v 1.974000 0.340000 0.000000
v 1.974000 0.340000 -0.014000
v 1.950857 0.340000 -0.014000
v 1.974000 0.040000 -0.014000
v 1.997143 0.040000 -0.014000
v 1.997143 0.040000 0.000000
v 1.974000 0.040000 0.000000
v 1.974000 0.340000 0.000000
v 1.997143 0.340000 0.000000
v 1.997143 0.340000 -0.014000
v 1.974000 0.340000 -0.014000
v 1.997143 0.040000 -0.014000
v 2.020286 0.040000 -0.014000
v 2.020286 0.040000 0.000000
v 1.997143 0.040000 0.000000
v 1.997143 0.340000 0.000000
v 2.020286 0.340000 0.000000
v 2.020286 0.340000 -0.014000
v 1.997143 0.340000 -0.014000
v 2.020286 0.040000 -0.014000
v 2.043429 0.040000 -0.014000
v 2.043429 0.040000 0.000000
v 2.020286 0.040000 0.000000
v 2.020286 0.340000 0.000000
v 2.043429 0.340000 0.000000
v 2.043429 0.340000 -0.014000
v 2.020286 0.340000 -0.014000
v 2.043429 0.040000 -0.014000
v 2.066571 0.040000 -0.014000
v 2.066571 0.040000 0.000000
v 2.043429 0.040000 0.000000
v 2.043429 0.340000 0.000000
v 2.066571 0.340000 0.000000
v 2.066571 0.340000 -0.014000
v 2.043429 0.340000 -0.014000
v 2.066571 0.040000 -0.014000
v 2.089714 0.040000 -0.014000
v 2.089714 0.040000 0.000000
v 2.066571 0.040000 0.000000
v 2.066571 0.340000 0.000000
v 2.089714 0.340000 0.000000
v 2.089714 0.340000 -0.014000
v 2.066571 0.340000 -0.014000
v 2.089714 0.040000 -0.014000
v 2.112857 0.040000 -0.014000
v 2.112857 0.040000 0.000000
v 2.089714 0.040000 0.000000
v 2.089714 0.340000 0.000000
v 2.112857 0.340000 0.000000
v 2.112857 0.340000 -0.014000
v 2.089714 0.340000 -0.014000
v 2.112857 0.040000 -0.014000
v 2.136000 0.040000 -0.014000
v 2.136000 0.040000 0.000000
v 2.112857 0.040000 0.000000
v 2.112857 0.340000 0.000000
v 2.136000 0.340000 0.000000
v 2.136000 0.340000 -0.014000
v 2.112857 0.340000 -0.014000
v 2.136000 0.040000 -0.014000
v 2.159143 0.040000 -0.014000
v 2.159143 0.040000 0.000000
v 2.136000 0.040000 0.000000
v 2.136000 0.340000 0.000000
v 2.159143 0.340000 0.000000
v 2.159143 0.340000 -0.014000
v 2.136000 0.340000 -0.014000
v 2.159143 0.040000 -0.014000
v 2.182286 0.040000 -0.014000
v 2.182286 0.040000 0.000000
v 2.159143 0.040000 0.000000
v 2.159143 0.340000 0.000000
v 2.182286 0.340000 0.000000
v 2.182286 0.340000 -0.014000
v 2.159143 0.340000 -0.014000
v 2.182286 0.040000 -0.014000
v 2.205429 0.040000 -0.014000
v 2.205429 0.040000 0.000000
v 2.182286 0.040000 0.000000
v 2.182286 0.340000 0.000000
v 2.205429 0.340000 0.000000
v 2.205429 0.340000 -0.014000
v 2.182286 0.340000 -0.014000
v 2.205429 0.040000 -0.014000
v 2.228571 0.040000 -0.014000
v 2.228571 0.040000 0.000000
v 2.205429 0.040000 0.000000
v 2.205429 0.340000 0.000000
v 2.228571 0.340000 0.000000
v 2.228571 0.340000 -0.014000
v 2.205429 0.340000 -0.014000
v 2.228571 0.040000 -0.014000
v 2.251714 0.040000 -0.014000
v 2.251714 0.040000 0.000000
v 2.228571 0.040000 0.000000
v 2.228571 0.340000 0.000000
v 2.251714 0.340000 0.000000
v 2.251714 0.340000 -0.014000
v 2.228571 0.340000 -0.014000
v 2.251714 0.040000 -0.014000
v 2.274857 0.040000 -0.014000
v 2.274857 0.040000 0.000000
v 2.251714 0.040000 0.000000
v 2.251714 0.340000 0.000000
v 2.274857 0.340000 0.000000
v 2.274857 0.340000 -0.014000
v 2.251714 0.340000 -0.014000
v 2.274857 0.040000 -0.014000
v 2.298000 0.040000 -0.014000
v 2.298000 0.040000 0.000000
v 2.274857 0.040000 0.000000
v 2.274857 0.340000 0.000000
v 2.298000 0.340000 0.000000
v 2.298000 0.340000 -0.014000
v 2.274857 0.340000 -0.014000
v 2.298000 0.040000 -0.014000
v 2.321143 0.040000 -0.014000
v 2.321143 0.040000 0.000000
v 2.298000 0.040000 0.000000
v 2.298000 0.340000 0.000000
v 2.321143 0.340000 0.000000
v 2.321143 0.340000 -0.014000
v 2.298000 0.340000 -0.014000
v 2.321143 0.040000 -0.014000
v 2.344286 0.040000 -0.014000
v 2.344286 0.040000 0.000000
v 2.321143 0.040000 0.000000
v 2.321143 0.340000 0.000000
v 2.344286 0.340000 0.000000
v 2.344286 0.340000 -0.014000
v 2.321143 0.340000 -0.014000
v 2.344286 0.040000 -0.014000
v 2.367429 0.040000 -0.014000
v 2.367429 0.040000 0.000000
v 2.344286 0.040000 0.000000
v 2.344286 0.340000 0.000000
v 2.367429 0.340000 0.000000
v 2.367429 0.340000 -0.014000
v 2.344286 0.340000 -0.014000
v 2.367429 0.040000 -0.014000
v 2.390571 0.040000 -0.014000
v 2.390571 0.040000 0.000000
v 2.367429 0.040000 0.000000
v 2.367429 0.340000 0.000000
v 2.390571 0.340000 0.000000
v 2.390571 0.340000 -0.014000
v 2.367429 0.340000 -0.014000
v 2.390571 0.040000 -0.014000
v 2.413714 0.040000 -0.014000
v 2.413714 0.040000 0.000000
v 2.390571 0.040000 0.000000
v 2.390571 0.340000 0.000000
v 2.413714 0.340000 0.000000
v 2.413714 0.340000 -0.014000
v 2.390571 0.340000 -0.014000
v 2.413714 0.040000 -0.014000
v 2.436857 0.040000 -0.014000
v 2.436857 0.040000 0.000000
v 2.413714 0.040000 0.000000
v 2.413714 0.340000 0.000000
v 2.436857 0.340000 0.000000
v 2.436857 0.340000 -0.014000
v 2.413714 0.340000 -0.014000
v 2.436857 0.040000 -0.014000
v 2.460000 0.040000 -0.014000
v 2.460000 0.040000 0.000000
v 2.436857 0.040000 0.000000
v 2.436857 0.340000 0.000000
v 2.460000 0.340000 0.000000
v 2.460000 0.340000 -0.014000
v 2.436857 0.340000 -0.014000
v 2.460000 0.040000 -0.014000
v 2.479331 0.040234 -0.014000
v 2.479331 0.040234 0.000117
v 2.460000 0.040000 0.000000
v 2.460000 0.340000 0.000000
v 2.472082 0.340146 0.000117
v 2.472082 0.340146 -0.014000
v 2.460000 0.340000 -0.014000
v 2.479331 0.040234 -0.014000
v 2.498651 0.040934 -0.014000
v 2.498651 0.040934 0.000466
v 2.479331 0.040234 0.000117
v 2.472082 0.340146 0.000117
v 2.484157 0.340584 0.000466
v 2.484157 0.340584 -0.014000
v 2.472082 0.340146 -0.014000
v 2.498651 0.040934 -0.014000
v 2.517948 0.042101 -0.014000
v 2.517948 0.042101 0.001044
v 2.498651 0.040934 0.000466
v 2.484157 0.340584 0.000466
v 2.496217 0.341313 0.001044
v 2.496217 0.341313 -0.014000
v 2.484157 0.340584 -0.014000
v 2.517948 0.042101 -0.014000
v 2.537211 0.043735 -0.014000
v 2.537211 0.043735 0.001846
v 2.517948 0.042101 0.001044
v 2.496217 0.341313 0.001044
v 2.508257 0.342334 0.001846
v 2.508257 0.342334 -0.014000
v 2.496217 0.341313 -0.014000
v 2.537211 0.043735 -0.014000
v 2.556429 0.045833 -0.014000
v 2.556429 0.045833 0.002864
v 2.537211 0.043735 0.001846
v 2.508257 0.342334 0.001846
v 2.520268 0.343646 0.002864
v 2.520268 0.343646 -0.014000
v 2.508257 0.342334 -0.014000
v 2.556429 0.045833 -0.014000
v 2.575591 0.048395 -0.014000
v 2.575591 0.048395 0.004088
v 2.556429 0.045833 0.002864
v 2.520268 0.343646 0.002864
v 2.532244 0.345247 0.004088
v 2.532244 0.345247 -0.014000
v 2.520268 0.343646 -0.014000
v 2.575591 0.048395 -0.014000
v 2.594686 0.051419 -0.014000
v 2.594686 0.051419 0.005508
v 2.575591 0.048395 0.004088
v 2.532244 0.345247 0.004088
v 2.544178 0.347137 0.005508
v 2.544178 0.347137 -0.014000
v 2.532244 0.345247 -0.014000
v 2.594686 0.051419 -0.014000
v 2.613701 0.054904 -0.014000
v 2.613701 0.054904 0.007110
v 2.594686 0.051419 0.005508
v 2.544178 0.347137 0.005508
v 2.556063 0.349315 0.007110
v 2.556063 0.349315 -0.014000
v 2.544178 0.347137 -0.014000
v 2.613701 0.054904 -0.014000
v 2.632627 0.058847 -0.014000
v 2.632627 0.058847 0.008879
v 2.613701 0.054904 0.007110
v 2.556063 0.349315 0.007110
v 2.567892 0.351779 0.008879
v 2.567892 0.351779 -0.014000
v 2.556063 0.349315 -0.014000
v 2.632627 0.058847 -0.014000
v 2.651453 0.063247 -0.014000
v 2.651453 0.063247 0.010798
v 2.632627 0.058847 0.008879
v 2.567892 0.351779 0.008879
v 2.579658 0.354529 0.010798
v 2.579658 0.354529 -0.014000
v 2.567892 0.351779 -0.014000
v 2.651453 0.063247 -0.014000
v 2.670166 0.068100 -0.014000
v 2.670166 0.068100 0.012850
v 2.651453 0.063247 0.010798
v 2.579658 0.354529 0.010798
v 2.591354 0.357562 0.012850
v 2.591354 0.357562 -0.014000
v 2.579658 0.354529 -0.014000
v 2.670166 0.068100 -0.014000
v 2.688756 0.073403 -0.014000
v 2.688756 0.073403 0.015016
v 2.670166 0.068100 0.012850
v 2.591354 0.357562 0.012850
v 2.602973 0.360877 0.015016
v 2.602973 0.360877 -0.014000
v 2.591354 0.357562 -0.014000
v 2.688756 0.073403 -0.014000
v 2.707214 0.079155 -0.014000
v 2.707214 0.079155 0.017275
v 2.688756 0.073403 0.015016
v 2.602973 0.360877 0.015016
v 2.614508 0.364472 0.017275
v 2.614508 0.364472 -0.014000
v 2.602973 0.360877 -0.014000
v 2.707214 0.079155 -0.014000
v 2.725526 0.085351 -0.014000
v 2.725526 0.085351 0.019605
v 2.707214 0.079155 0.017275
v 2.614508 0.364472 0.017275
v 2.625954 0.368344 0.019605
v 2.625954 0.368344 -0.014000
v 2.614508 0.364472 -0.014000
v 2.725526 0.085351 -0.014000
v 2.743684 0.091987 -0.014000
v 2.743684 0.091987 0.021987
v 2.725526 0.085351 0.019605
v 2.625954 0.368344 0.019605
v 2.637302 0.372492 0.021987
v 2.637302 0.372492 -0.014000
v 2.625954 0.368344 -0.014000
v 2.743684 0.091987 -0.014000
v 2.761676 0.099060 -0.014000
v 2.761676 0.099060 0.024396
v 2.743684 0.091987 0.021987
v 2.637302 0.372492 0.021987
v 2.648547 0.376913 0.024396
v 2.648547 0.376913 -0.014000
v 2.637302 0.372492 -0.014000
v 2.761676 0.099060 -0.014000
v 2.779492 0.106566 -0.014000
v 2.779492 0.106566 0.026811
v 2.761676 0.099060 0.024396
v 2.648547 0.376913 0.024396
v 2.659682 0.381604 0.026811
v 2.659682 0.381604 -0.014000
v 2.648547 0.376913 -0.014000
v 2.779492 0.106566 -0.014000
v 2.797121 0.114501 -0.014000
v 2.797121 0.114501 0.029209
v 2.779492 0.106566 0.026811
v 2.659682 0.381604 0.026811
v 2.670701 0.386563 0.029209
v 2.670701 0.386563 -0.014000
v 2.659682 0.381604 -0.014000
v 2.797121 0.114501 -0.014000
v 2.814553 0.122858 -0.014000
v 2.814553 0.122858 0.031568
v 2.797121 0.114501 0.029209
v 2.670701 0.386563 0.029209
v 2.681596 0.391787 0.031568
v 2.681596 0.391787 -0.014000
v 2.670701 0.386563 -0.014000
v 2.814553 0.122858 -0.014000
v 2.831779 0.131635 -0.014000
v 2.831779 0.131635 0.033865
v 2.814553 0.122858 0.031568
v 2.681596 0.391787 0.031568
v 2.692362 0.397272 0.033865
v 2.692362 0.397272 -0.014000
v 2.681596 0.391787 -0.014000
v 2.831779 0.131635 -0.014000
v 2.848787 0.140826 -0.014000
v 2.848787 0.140826 0.036080
v 2.831779 0.131635 0.033865
v 2.692362 0.397272 0.033865
v 2.702992 0.403016 0.036080
v 2.702992 0.403016 -0.014000
v 2.692362 0.397272 -0.014000
v 2.848787 0.140826 -0.014000
v 2.865568 0.150424 -0.014000
v 2.865568 0.150424 0.038191
v 2.848787 0.140826 0.036080
v 2.702992 0.403016 0.036080
v 2.713480 0.409015 0.038191
v 2.713480 0.409015 -0.014000
v 2.702992 0.403016 -0.014000
v 2.865568 0.150424 -0.014000
v 2.882112 0.160426 -0.014000
v 2.882112 0.160426 0.040179
v 2.865568 0.150424 0.038191
v 2.713480 0.409015 0.038191
v 2.723820 0.415266 0.040179
v 2.723820 0.415266 -0.014000
v 2.713480 0.409015 -0.014000
v 2.882112 0.160426 -0.014000
v 2.898410 0.170824 -0.014000
v 2.898410 0.170824 0.042025
v 2.882112 0.160426 0.040179
v 2.723820 0.415266 0.040179
v 2.734006 0.421765 0.042025
v 2.734006 0.421765 -0.014000
v 2.723820 0.415266 -0.014000
v 2.898410 0.170824 -0.014000
v 2.914452 0.181613 -0.014000
v 2.914452 0.181613 0.043713
v 2.898410 0.170824 0.042025
v 2.734006 0.421765 0.042025
v 2.744032 0.428508 0.043713
v 2.744032 0.428508 -0.014000
v 2.734006 0.421765 -0.014000
v 2.914452 0.181613 -0.014000
v 2.930228 0.192786 -0.014000
v 2.930228 0.192786 0.045225
v 2.914452 0.181613 0.043713
v 2.744032 0.428508 0.043713
v 2.753893 0.435492 0.045225
v 2.753893 0.435492 -0.014000
v 2.744032 0.428508 -0.014000
v 2.930228 0.192786 -0.014000
v 2.945730 0.204338 -0.014000
v 2.945730 0.204338 0.046549
v 2.930228 0.192786 0.045225
v 2.753893 0.435492 0.045225
v 2.763581 0.442711 0.046549
v 2.763581 0.442711 -0.014000
v 2.753893 0.435492 -0.014000
v 2.945730 0.204338 -0.014000
v 2.960948 0.216261 -0.014000
v 2.960948 0.216261 0.047672
v 2.945730 0.204338 0.046549
v 2.763581 0.442711 0.046549
v 2.773093 0.450163 0.047672
v 2.773093 0.450163 -0.014000
v 2.763581 0.442711 -0.014000
v 2.960948 0.216261 -0.014000
v 2.975874 0.228547 -0.014000
v 2.975874 0.228547 0.048583
v 2.960948 0.216261 0.047672
v 2.773093 0.450163 0.047672
v 2.782421 0.457842 0.048583
v 2.782421 0.457842 -0.014000
v 2.773093 0.450163 -0.014000
v 2.975874 0.228547 -0.014000
v 2.990498 0.241191 -0.014000
v 2.990498 0.241191 0.049274
v 2.975874 0.228547 0.048583
v 2.782421 0.457842 0.048583
v 2.791561 0.465745 0.049274
v 2.791561 0.465745 -0.014000
v 2.782421 0.457842 -0.014000
v 2.990498 0.241191 -0.014000
v 3.004813 0.254185 -0.014000
v 3.004813 0.254185 0.049738
v 2.990498 0.241191 0.049274
v 2.791561 0.465745 0.049274
v 2.800508 0.473866 0.049738
v 2.800508 0.473866 -0.014000
v 2.791561 0.465745 -0.014000
v 3.004813 0.254185 -0.014000
v 3.018809 0.267521 -0.014000
v 3.018809 0.267521 0.049971
v 3.004813 0.254185 0.049738
v 2.800508 0.473866 0.049738
v 2.809256 0.482201 0.049971
v 2.809256 0.482201 -0.014000
v 2.800508 0.473866 -0.014000
v 3.018809 0.267521 -0.014000
v 3.025685 0.274315 -0.014000
v 3.025685 0.274315 0.050000
v 3.018809 0.267521 0.049971
v 2.809256 0.482201 0.049971
v 2.813553 0.486447 0.050000
v 2.813553 0.486447 -0.014000
v 2.809256 0.482201 -0.014000
v 3.025685 0.274315 -0.014000
v 3.032479 0.281191 -0.014000
v 3.032479 0.281191 0.049971
v 3.025685 0.274315 0.050000
v 2.813553 0.486447 0.050000
v 2.817800 0.490744 0.049971
v 2.817800 0.490744 -0.014000
v 2.813553 0.486447 -0.014000
v 3.032479 0.281191 -0.014000
v 3.045815 0.295187 -0.014000
v 3.045815 0.295187 0.049738
v 3.032479 0.281191 0.049971
v 2.817800 0.490744 0.049971
v 2.826134 0.499492 0.049738
v 2.826134 0.499492 -0.014000
v 2.817800 0.490744 -0.014000
v 3.045815 0.295187 -0.014000
v 3.058809 0.309502 -0.014000
v 3.058809 0.309502 0.049274
v 3.045815 0.295187 0.049738
v 2.826134 0.499492 0.049738
v 2.834255 0.508439 0.049274
v 2.834255 0.508439 -0.014000
v 2.826134 0.499492 -0.014000
v 3.058809 0.309502 -0.014000
v 3.071453 0.324126 -0.014000
v 3.071453 0.324126 0.048583
v 3.058809 0.309502 0.049274
v 2.834255 0.508439 0.049274
v 2.842158 0.517579 0.048583
v 2.842158 0.517579 -0.014000
v 2.834255 0.508439 -0.014000
v 3.071453 0.324126 -0.014000
v 3.083740 0.339052 -0.014000
v 3.083740 0.339052 0.047672
v 3.071453 0.324126 0.048583
v 2.842158 0.517579 0.048583
v 2.849837 0.526907 0.047672
v 2.849837 0.526907 -0.014000
v 2.842158 0.517579 -0.014000
v 3.083740 0.339052 -0.014000
v 3.095662 0.354270 -0.014000
v 3.095662 0.354270 0.046549
v 3.083740 0.339052 0.047672
v 2.849837 0.526907 0.047672
v 2.857289 0.536419 0.046549
v 2.857289 0.536419 -0.014000
v 2.849837 0.526907 -0.014000
v 3.095662 0.354270 -0.014000
v 3.107213 0.369772 -0.014000
v 3.107213 0.369772 0.045225
v 3.095662 0.354270 0.046549
v 2.857289 0.536419 0.046549
v 2.864508 0.546107 0.045225
v 2.864508 0.546107 -0.014000
v 2.857289 0.536419 -0.014000
v 3.107213 0.369772 -0.014000
v 3.118387 0.385548 -0.014000
v 3.118387 0.385548 0.043713
v 3.107213 0.369772 0.045225
v 2.864508 0.546107 0.045225
v 2.871492 0.555968 0.043713
v 2.871492 0.555968 -0.014000
v 2.864508 0.546107 -0.014000
v 3.118387 0.385548 -0.014000
v 3.129176 0.401590 -0.014000
v 3.129176 0.401590 0.042025
v 3.118387 0.385548 0.043713
v 2.871492 0.555968 0.043713
v 2.878235 0.565994 0.042025
v 2.878235 0.565994 -0.014000
v 2.871492 0.555968 -0.014000
v 3.129176 0.401590 -0.014000
v 3.139574 0.417888 -0.014000
v 3.139574 0.417888 0.040179
v 3.129176 0.401590 0.042025
v 2.878235 0.565994 0.042025
v 2.884734 0.576180 0.040179
v 2.884734 0.576180 -0.014000
v 2.878235 0.565994 -0.014000
v 3.139574 0.417888 -0.014000
v 3.149576 0.434432 -0.014000
v 3.149576 0.434432 0.038191
v 3.139574 0.417888 0.040179
v 2.884734 0.576180 0.040179
v 2.890985 0.586520 0.038191
v 2.890985 0.586520 -0.014000
v 2.884734 0.576180 -0.014000
v 3.149576 0.434432 -0.014000
v 3.159174 0.451213 -0.014000
v 3.159174 0.451213 0.036080
v 3.149576 0.434432 0.038191
v 2.890985 0.586520 0.038191
v 2.896984 0.597008 0.036080
v 2.896984 0.597008 -0.014000
v 2.890985 0.586520 -0.014000
v 3.159174 0.451213 -0.014000
v 3.168365 0.468221 -0.014000
v 3.168365 0.468221 0.033865
v 3.159174 0.451213 0.036080
v 2.896984 0.597008 0.036080
v 2.902728 0.607638 0.033865
v 2.902728 0.607638 -0.014000
v 2.896984 0.597008 -0.014000
v 3.168365 0.468221 -0.014000
v 3.177142 0.485447 -0.014000
v 3.177142 0.485447 0.031568
v 3.168365 0.468221 0.033865
v 2.902728 0.607638 0.033865
v 2.908213 0.618404 0.031568
v 2.908213 0.618404 -0.014000
v 2.902728 0.607638 -0.014000
v 3.177142 0.485447 -0.014000
v 3.185499 0.502879 -0.014000
v 3.185499 0.502879 0.029209
v 3.177142 0.485447 0.031568
v 2.908213 0.618404 0.031568
v 2.913437 0.629299 0.029209
v 2.913437 0.629299 -0.014000
v 2.908213 0.618404 -0.014000
v 3.185499 0.502879 -0.014000
v 3.193434 0.520508 -0.014000
v 3.193434 0.520508 0.026811
v 3.185499 0.502879 0.029209
v 2.913437 0.629299 0.029209
v 2.918396 0.640318 0.026811
v 2.918396 0.640318 -0.014000
v 2.913437 0.629299 -0.014000
v 3.193434 0.520508 -0.014000
v 3.200940 0.538324 -0.014000
v 3.200940 0.538324 0.024396
v 3.193434 0.520508 0.026811
v 2.918396 0.640318 0.026811
v 2.923087 0.651453 0.024396
v 2.923087 0.651453 -0.014000
v 2.918396 0.640318 -0.014000
v 3.200940 0.538324 -0.014000
v 3.208013 0.556316 -0.014000
v 3.208013 0.556316 0.021987
v 3.200940 0.538324 0.024396
v 2.923087 0.651453 0.024396
v 2.927508 0.662698 0.021987
v 2.927508 0.662698 -0.014000
v 2.923087 0.651453 -0.014000
v 3.208013 0.556316 -0.014000
v 3.214649 0.574474 -0.014000
v 3.214649 0.574474 0.019605
v 3.208013 0.556316 0.021987
v 2.927508 0.662698 0.021987
v 2.931656 0.674046 0.019605
v 2.931656 0.674046 -0.014000
v 2.927508 0.662698 -0.014000
v 3.214649 0.574474 -0.014000
v 3.220845 0.592786 -0.014000
v 3.220845 0.592786 0.017275
v 3.214649 0.574474 0.019605
v 2.931656 0.674046 0.019605
v 2.935528 0.685492 0.017275
v 2.935528 0.685492 -0.014000
v 2.931656 0.674046 -0.014000
v 3.220845 0.592786 -0.014000
v 3.226597 0.611243 -0.014000
v 3.226597 0.611243 0.015016
v 3.220845 0.592786 0.017275
v 2.935528 0.685492 0.017275
v 2.939123 0.697027 0.015016
v 2.939123 0.697027 -0.014000
v 2.935528 0.685492 -0.014000
v 3.226597 0.611243 -0.014000
v 3.231900 0.629834 -0.014000
v 3.231900 0.629834 0.012850
v 3.226597 0.611243 0.015016
v 2.939123 0.697027 0.015016
v 2.942438 0.708646 0.012850
v 2.942438 0.708646 -0.014000
v 2.939123 0.697027 -0.014000
v 3.231900 0.629834 -0.014000
v 3.236753 0.648547 -0.014000
v 3.236753 0.648547 0.010798
v 3.231900 0.629834 0.012850
v 2.942438 0.708646 0.012850
v 2.945471 0.720342 0.010798
v 2.945471 0.720342 -0.014000
v 2.942438 0.708646 -0.014000
v 3.236753 0.648547 -0.014000
v 3.241153 0.667373 -0.014000
v 3.241153 0.667373 0.008879
v 3.236753 0.648547 0.010798
v 2.945471 0.720342 0.010798
v 2.948220 0.732108 0.008879
v 2.948220 0.732108 -0.014000
v 2.945471 0.720342 -0.014000
v 3.241153 0.667373 -0.014000
v 3.245096 0.686299 -0.014000
v 3.245096 0.686299 0.007110
v 3.241153 0.667373 0.008879
v 2.948220 0.732108 0.008879
v 2.950685 0.743937 0.007110
v 2.950685 0.743937 -0.014000
v 2.948220 0.732108 -0.014000
v 3.245096 0.686299 -0.014000
v 3.248581 0.705314 -0.014000
v 3.248581 0.705314 0.005508
v 3.245096 0.686299 0.007110
v 2.950685 0.743937 0.007110
v 2.952863 0.755821 0.005508
v 2.952863 0.755821 -0.014000
v 2.950685 0.743937 -0.014000
v 3.248581 0.705314 -0.014000
v 3.251605 0.724409 -0.014000
v 3.251605 0.724409 0.004088
v 3.248581 0.705314 0.005508
v 2.952863 0.755821 0.005508
v 2.954753 0.767755 0.004088
v 2.954753 0.767755 -0.014000
v 2.952863 0.755821 -0.014000
v 3.251605 0.724409 -0.014000
v 3.254167 0.743571 -0.014000
v 3.254167 0.743571 0.002864
v 3.251605 0.724409 0.004088
v 2.954753 0.767755 0.004088
v 2.956354 0.779732 0.002864
v 2.956354 0.779732 -0.014000
v 2.954753 0.767755 -0.014000
v 3.254167 0.743571 -0.014000
v 3.256265 0.762789 -0.014000
v 3.256265 0.762789 0.001846
v 3.254167 0.743571 0.002864
v 2.956354 0.779732 0.002864
v 2.957666 0.791743 0.001846
v 2.957666 0.791743 -0.014000
v 2.956354 0.779732 -0.014000
v 3.256265 0.762789 -0.014000
v 3.257899 0.782052 -0.014000
v 3.257899 0.782052 0.001044
v 3.256265 0.762789 0.001846
v 2.957666 0.791743 0.001846
v 2.958687 0.803783 0.001044
v 2.958687 0.803783 -0.014000
v 2.957666 0.791743 -0.014000
v 3.257899 0.782052 -0.014000
v 3.259066 0.801349 -0.014000
v 3.259066 0.801349 0.000466
v 3.257899 0.782052 0.001044
v 2.958687 0.803783 0.001044
v 2.959416 0.815843 0.000466
v 2.959416 0.815843 -0.014000
v 2.958687 0.803783 -0.014000
v 3.259066 0.801349 -0.014000
v 3.259766 0.820669 -0.014000
v 3.259766 0.820669 0.000117
v 3.259066 0.801349 0.000466
v 2.959416 0.815843 0.000466
v 2.959854 0.827918 0.000117
v 2.959854 0.827918 -0.014000
v 2.959416 0.815843 -0.014000
v 3.259766 0.820669 -0.014000
v 3.260000 0.840000 -0.014000
v 3.260000 0.840000 0.000000
v 3.259766 0.820669 0.000117
v 2.959854 0.827918 0.000117
v 2.960000 0.840000 0.000000
v 2.960000 0.840000 -0.014000
v 2.959854 0.827918 -0.014000
v 3.260000 0.840000 -0.014000
v 3.260000 0.860667 -0.014000
v 3.260000 0.860667 0.000000
v 3.260000 0.840000 0.000000
v 2.960000 0.840000 0.000000
v 2.960000 0.860667 0.000000
v 2.960000 0.860667 -0.014000
v 2.960000 0.840000 -0.014000
v 3.260000 0.860667 -0.014000
v 3.260000 0.881333 -0.014000
v 3.260000 0.881333 0.000000
v 3.260000 0.860667 0.000000
v 2.960000 0.860667 0.000000
v 2.960000 0.881333 0.000000
v 2.960000 0.881333 -0.014000
v 2.960000 0.860667 -0.014000
v 3.260000 0.881333 -0.014000
v 3.260000 0.902000 -0.014000
v 3.260000 0.902000 0.000000
v 3.260000 0.881333 0.000000
v 2.960000 0.881333 0.000000
v 2.960000 0.902000 0.000000
v 2.960000 0.902000 -0.014000
v 2.960000 0.881333 -0.014000
v 3.260000 0.902000 -0.014000
v 3.260000 0.922667 -0.014000
v 3.260000 0.922667 0.000000
v 3.260000 0.902000 0.000000
v 2.960000 0.902000 0.000000
v 2.960000 0.922667 0.000000
v 2.960000 0.922667 -0.014000
v 2.960000 0.902000 -0.014000
v 3.260000 0.922667 -0.014000
v 3.260000 0.943333 -0.014000
v 3.260000 0.943333 0.000000
v 3.260000 0.922667 0.000000
v 2.960000 0.922667 0.000000
v 2.960000 0.943333 0.000000
v 2.960000 0.943333 -0.014000
v 2.960000 0.922667 -0.014000
v 3.260000 0.943333 -0.014000
v 3.260000 0.964000 -0.014000
v 3.260000 0.964000 0.000000
v 3.260000 0.943333 0.000000
v 2.960000 0.943333 0.000000
v 2.960000 0.964000 0.000000
v 2.960000 0.964000 -0.014000
v 2.960000 0.943333 -0.014000
v 3.260000 0.964000 -0.014000
v 3.260000 0.984667 -0.014000
v 3.260000 0.984667 0.000000
v 3.260000 0.964000 0.000000
v 2.960000 0.964000 0.000000
v 2.960000 0.984667 0.000000
v 2.960000 0.984667 -0.014000
v 2.960000 0.964000 -0.014000
v 3.260000 0.984667 -0.014000
v 3.260000 1.005333 -0.014000
v 3.260000 1.005333 0.000000
v 3.260000 0.984667 0.000000
v 2.960000 0.984667 0.000000
v 2.960000 1.005333 0.000000
v 2.960000 1.005333 -0.014000
v 2.960000 0.984667 -0.014000
v 3.260000 1.005333 -0.014000
v 3.260000 1.026000 -0.014000
v 3.260000 1.026000 0.000000
v 3.260000 1.005333 0.000000
v 2.960000 1.005333 0.000000
v 2.960000 1.026000 0.000000
v 2.960000 1.026000 -0.014000
v 2.960000 1.005333 -0.014000
v 3.260000 1.026000 -0.014000
v 3.260000 1.046667 -0.014000
v 3.260000 1.046667 0.000000
v 3.260000 1.026000 0.000000
v 2.960000 1.026000 0.000000
v 2.960000 1.046667 0.000000
v 2.960000 1.046667 -0.014000
v 2.960000 1.026000 -0.014000
v 3.260000 1.046667 -0.014000
v 3.260000 1.067333 -0.014000
v 3.260000 1.067333 0.000000
v 3.260000 1.046667 0.000000
v 2.960000 1.046667 0.000000
v 2.960000 1.067333 0.000000
v 2.960000 1.067333 -0.014000
v 2.960000 1.046667 -0.014000
v 3.260000 1.067333 -0.014000
v 3.260000 1.088000 -0.014000
v 3.260000 1.088000 0.000000
v 3.260000 1.067333 0.000000
v 2.960000 1.067333 0.000000
v 2.960000 1.088000 0.000000
v 2.960000 1.088000 -0.014000
v 2.960000 1.067333 -0.014000
v 3.260000 1.088000 -0.014000
v 3.260000 1.108667 -0.014000
v 3.260000 1.108667 0.000000
v 3.260000 1.088000 0.000000
v 2.960000 1.088000 0.000000
v 2.960000 1.108667 0.000000
v 2.960000 1.108667 -0.014000
v 2.960000 1.088000 -0.014000
v 3.260000 1.108667 -0.014000
v 3.260000 1.129333 -0.014000
v 3.260000 1.129333 0.000000
v 3.260000 1.108667 0.000000
v 2.960000 1.108667 0.000000
v 2.960000 1.129333 0.000000
v 2.960000 1.129333 -0.014000
v 2.960000 1.108667 -0.014000
v 3.260000 1.129333 -0.014000
v 3.260000 1.150000 -0.014000
v 3.260000 1.150000 0.000000
v 3.260000 1.129333 0.000000
v 2.960000 1.129333 0.000000
v 2.960000 1.150000 0.000000
v 2.960000 1.150000 -0.014000
v 2.960000 1.129333 -0.014000
v 3.260000 1.150000 -0.014000
v 3.260000 1.170667 -0.014000
v 3.260000 1.170667 0.000000
v 3.260000 1.150000 0.000000
v 2.960000 1.150000 0.000000
v 2.960000 1.170667 0.000000
v 2.960000 1.170667 -0.014000
v 2.960000 1.150000 -0.014000
v 3.260000 1.170667 -0.014000
v 3.260000 1.191333 -0.014000
v 3.260000 1.191333 0.000000
v 3.260000 1.170667 0.000000
v 2.960000 1.170667 0.000000
v 2.960000 1.191333 0.000000
v 2.960000 1.191333 -0.014000
v 2.960000 1.170667 -0.014000
v 3.260000 1.191333 -0.014000
v 3.260000 1.212000 -0.014000
v 3.260000 1.212000 0.000000
v 3.260000 1.191333 0.000000
v 2.960000 1.191333 0.000000
v 2.960000 1.212000 0.000000
v 2.960000 1.212000 -0.014000
v 2.960000 1.191333 -0.014000
v 3.260000 1.212000 -0.014000
v 3.260000 1.232667 -0.014000
v 3.260000 1.232667 0.000000
v 3.260000 1.212000 0.000000
v 2.960000 1.212000 0.000000
v 2.960000 1.232667 0.000000
v 2.960000 1.232667 -0.014000
v 2.960000 1.212000 -0.014000
v 3.260000 1.232667 -0.014000
v 3.260000 1.253333 -0.014000
v 3.260000 1.253333 0.000000
v 3.260000 1.232667 0.000000
v 2.960000 1.232667 0.000000
v 2.960000 1.253333 0.000000
v 2.960000 1.253333 -0.014000
v 2.960000 1.232667 -0.014000
v 3.260000 1.253333 -0.014000
v 3.260000 1.274000 -0.014000
v 3.260000 1.274000 0.000000
v 3.260000 1.253333 0.000000
v 2.960000 1.253333 0.000000
v 2.960000 1.274000 0.000000
v 2.960000 1.274000 -0.014000
v 2.960000 1.253333 -0.014000
v 3.260000 1.274000 -0.014000
v 3.260000 1.294667 -0.014000
v 3.260000 1.294667 0.000000
v 3.260000 1.274000 0.000000
v 2.960000 1.274000 0.000000
v 2.960000 1.294667 0.000000
v 2.960000 1.294667 -0.014000
v 2.960000 1.274000 -0.014000
v 3.260000 1.294667 -0.014000
v 3.260000 1.315333 -0.014000
v 3.260000 1.315333 0.000000
v 3.260000 1.294667 0.000000
v 2.960000 1.294667 0.000000
v 2.960000 1.315333 0.000000
v 2.960000 1.315333 -0.014000
v 2.960000 1.294667 -0.014000
v 3.260000 1.315333 -0.014000
v 3.260000 1.336000 -0.014000
v 3.260000 1.336000 0.000000
v 3.260000 1.315333 0.000000
v 2.960000 1.315333 0.000000
v 2.960000 1.336000 0.000000
v 2.960000 1.336000 -0.014000
v 2.960000 1.315333 -0.014000
v 3.260000 1.336000 -0.014000
v 3.260000 1.356667 -0.014000
v 3.260000 1.356667 0.000000
v 3.260000 1.336000 0.000000
v 2.960000 1.336000 0.000000
v 2.960000 1.356667 0.000000
v 2.960000 1.356667 -0.014000
v 2.960000 1.336000 -0.014000
v 3.260000 1.356667 -0.014000
v 3.260000 1.377333 -0.014000
v 3.260000 1.377333 0.000000
v 3.260000 1.356667 0.000000
v 2.960000 1.356667 0.000000
v 2.960000 1.377333 0.000000
v 2.960000 1.377333 -0.014000
v 2.960000 1.356667 -0.014000
v 3.260000 1.377333 -0.014000
v 3.260000 1.398000 -0.014000
v 3.260000 1.398000 0.000000
v 3.260000 1.377333 0.000000
v 2.960000 1.377333 0.000000
v 2.960000 1.398000 0.000000
v 2.960000 1.398000 -0.014000
v 2.960000 1.377333 -0.014000
v 3.260000 1.398000 -0.014000
v 3.260000 1.418667 -0.014000
v 3.260000 1.418667 0.000000
v 3.260000 1.398000 0.000000
v 2.960000 1.398000 0.000000
v 2.960000 1.418667 0.000000
v 2.960000 1.418667 -0.014000
v 2.960000 1.398000 -0.014000
v 3.260000 1.418667 -0.014000
v 3.260000 1.439333 -0.014000
v 3.260000 1.439333 0.000000
v 3.260000 1.418667 0.000000
v 2.960000 1.418667 0.000000
v 2.960000 1.439333 0.000000
v 2.960000 1.439333 -0.014000
v 2.960000 1.418667 -0.014000
v 3.260000 1.439333 -0.014000
v 3.260000 1.460000 -0.014000
v 3.260000 1.460000 0.000000
v 3.260000 1.439333 0.000000
v 2.960000 1.439333 0.000000
v 2.960000 1.460000 0.000000
v 2.960000 1.460000 -0.014000
v 2.960000 1.439333 -0.014000
v 3.260000 1.460000 -0.014000
v 3.260000 1.480667 -0.014000
v 3.260000 1.480667 0.000000
v 3.260000 1.460000 0.000000
v 2.960000 1.460000 0.000000
v 2.960000 1.480667 0.000000
v 2.960000 1.480667 -0.014000
v 2.960000 1.460000 -0.014000
v 3.260000 1.480667 -0.014000
v 3.260000 1.501333 -0.014000
v 3.260000 1.501333 0.000000
v 3.260000 1.480667 0.000000
v 2.960000 1.480667 0.000000
v 2.960000 1.501333 0.000000
v 2.960000 1.501333 -0.014000
v 2.960000 1.480667 -0.014000
v 3.260000 1.501333 -0.014000
v 3.260000 1.522000 -0.014000
v 3.260000 1.522000 0.000000
v 3.260000 1.501333 0.000000
v 2.960000 1.501333 0.000000
v 2.960000 1.522000 0.000000
v 2.960000 1.522000 -0.014000
v 2.960000 1.501333 -0.014000
v 3.260000 1.522000 -0.014000
v 3.260000 1.542667 -0.014000
v 3.260000 1.542667 0.000000
v 3.260000 1.522000 0.000000
v 2.960000 1.522000 0.000000
v 2.960000 1.542667 0.000000
v 2.960000 1.542667 -0.014000
v 2.960000 1.522000 -0.014000
v 3.260000 1.542667 -0.014000
v 3.260000 1.563333 -0.014000
v 3.260000 1.563333 0.000000
v 3.260000 1.542667 0.000000
v 2.960000 1.542667 0.000000
v 2.960000 1.563333 0.000000
v 2.960000 1.563333 -0.014000
v 2.960000 1.542667 -0.014000
v 3.260000 1.563333 -0.014000
v 3.260000 1.584000 -0.014000
v 3.260000 1.584000 0.000000
v 3.260000 1.563333 0.000000
v 2.960000 1.563333 0.000000
v 2.960000 1.584000 0.000000
v 2.960000 1.584000 -0.014000
v 2.960000 1.563333 -0.014000
v 3.260000 1.584000 -0.014000
v 3.260000 1.604667 -0.014000
v 3.260000 1.604667 0.000000
v 3.260000 1.584000 0.000000
v 2.960000 1.584000 0.000000
v 2.960000 1.604667 0.000000
v 2.960000 1.604667 -0.014000
v 2.960000 1.584000 -0.014000
v 3.260000 1.604667 -0.014000
v 3.260000 1.625333 -0.014000
v 3.260000 1.625333 0.000000
v 3.260000 1.604667 0.000000
v 2.960000 1.604667 0.000000
v 2.960000 1.625333 0.000000
v 2.960000 1.625333 -0.014000
v 2.960000 1.604667 -0.014000
v 3.260000 1.625333 -0.014000
v 3.260000 1.646000 -0.014000
v 3.260000 1.646000 0.000000
v 3.260000 1.625333 0.000000
v 2.960000 1.625333 0.000000
v 2.960000 1.646000 0.000000
v 2.960000 1.646000 -0.014000
v 2.960000 1.625333 -0.014000
v 3.260000 1.646000 -0.014000
v 3.260000 1.666667 -0.014000
v 3.260000 1.666667 0.000000
v 3.260000 1.646000 0.000000
v 2.960000 1.646000 0.000000
v 2.960000 1.666667 0.000000
v 2.960000 1.666667 -0.014000
v 2.960000 1.646000 -0.014000
v 3.260000 1.666667 -0.014000
v 3.260000 1.687333 -0.014000
v 3.260000 1.687333 0.000000
v 3.260000 1.666667 0.000000
v 2.960000 1.666667 0.000000
v 2.960000 1.687333 0.000000
v 2.960000 1.687333 -0.014000
v 2.960000 1.666667 -0.014000
v 3.260000 1.687333 -0.014000
v 3.260000 1.708000 -0.014000
v 3.260000 1.708000 0.000000
v 3.260000 1.687333 0.000000
v 2.960000 1.687333 0.000000
v 2.960000 1.708000 0.000000
v 2.960000 1.708000 -0.014000
v 2.960000 1.687333 -0.014000
v 3.260000 1.708000 -0.014000
v 3.260000 1.728667 -0.014000
v 3.260000 1.728667 0.000000
v 3.260000 1.708000 0.000000
v 2.960000 1.708000 0.000000
v 2.960000 1.728667 0.000000
v 2.960000 1.728667 -0.014000
v 2.960000 1.708000 -0.014000
v 3.260000 1.728667 -0.014000
v 3.260000 1.749333 -0.014000
v 3.260000 1.749333 0.000000
v 3.260000 1.728667 0.000000
v 2.960000 1.728667 0.000000
v 2.960000 1.749333 0.000000
v 2.960000 1.749333 -0.014000
v 2.960000 1.728667 -0.014000
v 3.260000 1.749333 -0.014000
v 3.260000 1.770000 -0.014000
v 3.260000 1.770000 0.000000
v 3.260000 1.749333 0.000000
v 2.960000 1.749333 0.000000
v 2.960000 1.770000 0.000000
v 2.960000 1.770000 -0.014000
v 2.960000 1.749333 -0.014000
v 3.260000 1.770000 -0.014000
v 3.260000 1.790667 -0.014000
v 3.260000 1.790667 0.000000
v 3.260000 1.770000 0.000000
v 2.960000 1.770000 0.000000
v 2.960000 1.790667 0.000000
v 2.960000 1.790667 -0.014000
v 2.960000 1.770000 -0.014000
v 3.260000 1.790667 -0.014000
v 3.260000 1.811333 -0.014000
v 3.260000 1.811333 0.000000
v 3.260000 1.790667 0.000000
v 2.960000 1.790667 0.000000
v 2.960000 1.811333 0.000000
v 2.960000 1.811333 -0.014000
v 2.960000 1.790667 -0.014000
v 3.260000 1.811333 -0.014000
v 3.260000 1.832000 -0.014000
v 3.260000 1.832000 0.000000
v 3.260000 1.811333 0.000000
v 2.960000 1.811333 0.000000
v 2.960000 1.832000 0.000000
v 2.960000 1.832000 -0.014000
v 2.960000 1.811333 -0.014000
v 3.260000 1.832000 -0.014000
v 3.260000 1.852667 -0.014000
v 3.260000 1.852667 0.000000
v 3.260000 1.832000 0.000000
v 2.960000 1.832000 0.000000
v 2.960000 1.852667 0.000000
v 2.960000 1.852667 -0.014000
v 2.960000 1.832000 -0.014000
v 3.260000 1.852667 -0.014000
v 3.260000 1.873333 -0.014000
v 3.260000 1.873333 0.000000
v 3.260000 1.852667 0.000000
v 2.960000 1.852667 0.000000
v 2.960000 1.873333 0.000000
v 2.960000 1.873333 -0.014000
v 2.960000 1.852667 -0.014000
v 3.260000 1.873333 -0.014000
v 3.260000 1.894000 -0.014000
v 3.260000 1.894000 0.000000
v 3.260000 1.873333 0.000000
v 2.960000 1.873333 0.000000
v 2.960000 1.894000 0.000000
v 2.960000 1.894000 -0.014000
v 2.960000 1.873333 -0.014000
v 3.260000 1.894000 -0.014000
v 3.260000 1.914667 -0.014000
v 3.260000 1.914667 0.000000
v 3.260000 1.894000 0.000000
v 2.960000 1.894000 0.000000
v 2.960000 1.914667 0.000000
v 2.960000 1.914667 -0.014000
v 2.960000 1.894000 -0.014000
v 3.260000 1.914667 -0.014000
v 3.260000 1.935333 -0.014000
v 3.260000 1.935333 0.000000
v 3.260000 1.914667 0.000000
v 2.960000 1.914667 0.000000
v 2.960000 1.935333 0.000000
v 2.960000 1.935333 -0.014000
v 2.960000 1.914667 -0.014000
v 3.260000 1.935333 -0.014000
v 3.260000 1.956000 -0.014000
v 3.260000 1.956000 0.000000
v 3.260000 1.935333 0.000000
v 2.960000 1.935333 0.000000
v 2.960000 1.956000 0.000000
v 2.960000 1.956000 -0.014000
v 2.960000 1.935333 -0.014000
v 3.260000 1.956000 -0.014000
v 3.260000 1.976667 -0.014000
v 3.260000 1.976667 0.000000
v 3.260000 1.956000 0.000000
v 2.960000 1.956000 0.000000
v 2.960000 1.976667 0.000000
v 2.960000 1.976667 -0.014000
v 2.960000 1.956000 -0.014000
v 3.260000 1.976667 -0.014000
v 3.260000 1.997333 -0.014000
v 3.260000 1.997333 0.000000
v 3.260000 1.976667 0.000000
v 2.960000 1.976667 0.000000
v 2.960000 1.997333 0.000000
v 2.960000 1.997333 -0.014000
v 2.960000 1.976667 -0.014000
v 3.260000 1.997333 -0.014000
v 3.260000 2.018000 -0.014000
v 3.260000 2.018000 0.000000
v 3.260000 1.997333 0.000000
v 2.960000 1.997333 0.000000
v 2.960000 2.018000 0.000000
v 2.960000 2.018000 -0.014000
v 2.960000 1.997333 -0.014000
v 3.260000 2.018000 -0.014000
v 3.260000 2.038667 -0.014000
v 3.260000 2.038667 0.000000
v 3.260000 2.018000 0.000000
v 2.960000 2.018000 0.000000
v 2.960000 2.038667 0.000000
v 2.960000 2.038667 -0.014000
v 2.960000 2.018000 -0.014000
v 3.260000 2.038667 -0.014000
v 3.260000 2.059333 -0.014000
v 3.260000 2.059333 0.000000
v 3.260000 2.038667 0.000000
v 2.960000 2.038667 0.000000
v 2.960000 2.059333 0.000000
v 2.960000 2.059333 -0.014000
v 2.960000 2.038667 -0.014000
v 3.260000 2.059333 -0.014000
v 3.260000 2.080000 -0.014000
v 3.260000 2.080000 0.000000
v 3.260000 2.059333 0.000000
v 2.960000 2.059333 0.000000
v 2.960000 2.080000 0.000000
v 2.960000 2.080000 -0.014000
v 2.960000 2.059333 -0.014000
v 3.260000 2.080000 -0.014000
v 3.260000 2.100667 -0.014000
v 3.260000 2.100667 0.000000
v 3.260000 2.080000 0.000000
v 2.960000 2.080000 0.000000
v 2.960000 2.100667 0.000000
v 2.960000 2.100667 -0.014000
v 2.960000 2.080000 -0.014000
v 3.260000 2.100667 -0.014000
v 3.260000 2.121333 -0.014000
v 3.260000 2.121333 0.000000
v 3.260000 2.100667 0.000000
v 2.960000 2.100667 0.000000
v 2.960000 2.121333 0.000000
v 2.960000 2.121333 -0.014000
v 2.960000 2.100667 -0.014000
v 3.260000 2.121333 -0.014000
v 3.260000 2.142000 -0.014000
v 3.260000 2.142000 0.000000
v 3.260000 2.121333 0.000000
v 2.960000 2.121333 0.000000
v 2.960000 2.142000 0.000000
v 2.960000 2.142000 -0.014000
v 2.960000 2.121333 -0.014000
v 3.260000 2.142000 -0.014000
v 3.260000 2.162667 -0.014000
v 3.260000 2.162667 0.000000
v 3.260000 2.142000 0.000000
v 2.960000 2.142000 0.000000
v 2.960000 2.162667 0.000000
v 2.960000 2.162667 -0.014000
v 2.960000 2.142000 -0.014000
v 3.260000 2.162667 -0.014000
v 3.260000 2.183333 -0.014000
v 3.260000 2.183333 0.000000
v 3.260000 2.162667 0.000000
v 2.960000 2.162667 0.000000
v 2.960000 2.183333 0.000000
v 2.960000 2.183333 -0.014000
v 2.960000 2.162667 -0.014000
v 3.260000 2.183333 -0.014000
v 3.260000 2.204000 -0.014000
v 3.260000 2.204000 0.000000
v 3.260000 2.183333 0.000000
v 2.960000 2.183333 0.000000
v 2.960000 2.204000 0.000000
v 2.960000 2.204000 -0.014000
v 2.960000 2.183333 -0.014000
v 3.260000 2.204000 -0.014000
v 3.260000 2.224667 -0.014000
v 3.260000 2.224667 0.000000
v 3.260000 2.204000 0.000000
v 2.960000 2.204000 0.000000
v 2.960000 2.224667 0.000000
v 2.960000 2.224667 -0.014000
v 2.960000 2.204000 -0.014000
v 3.260000 2.224667 -0.014000
v 3.260000 2.245333 -0.014000
v 3.260000 2.245333 0.000000
v 3.260000 2.224667 0.000000
v 2.960000 2.224667 0.000000
v 2.960000 2.245333 0.000000
v 2.960000 2.245333 -0.014000
v 2.960000 2.224667 -0.014000
v 3.260000 2.245333 -0.014000
v 3.260000 2.266000 -0.014000
v 3.260000 2.266000 0.000000
v 3.260000 2.245333 0.000000
v 2.960000 2.245333 0.000000
v 2.960000 2.266000 0.000000
v 2.960000 2.266000 -0.014000
v 2.960000 2.245333 -0.014000
v 3.260000 2.266000 -0.014000
v 3.260000 2.286667 -0.014000
v 3.260000 2.286667 0.000000
v 3.260000 2.266000 0.000000
v 2.960000 2.266000 0.000000
v 2.960000 2.286667 0.000000
v 2.960000 2.286667 -0.014000
v 2.960000 2.266000 -0.014000
v 3.260000 2.286667 -0.014000
v 3.260000 2.307333 -0.014000
v 3.260000 2.307333 0.000000
v 3.260000 2.286667 0.000000
v 2.960000 2.286667 0.000000
v 2.960000 2.307333 0.000000
v 2.960000 2.307333 -0.014000
v 2.960000 2.286667 -0.014000
v 3.260000 2.307333 -0.014000
v 3.260000 2.328000 -0.014000
v 3.260000 2.328000 0.000000
v 3.260000 2.307333 0.000000
v 2.960000 2.307333 0.000000
v 2.960000 2.328000 0.000000
v 2.960000 2.328000 -0.014000
v 2.960000 2.307333 -0.014000
v 3.260000 2.328000 -0.014000
v 3.260000 2.348667 -0.014000
v 3.260000 2.348667 0.000000
v 3.260000 2.328000 0.000000
v 2.960000 2.328000 0.000000
v 2.960000 2.348667 0.000000
v 2.960000 2.348667 -0.014000
v 2.960000 2.328000 -0.014000
v 3.260000 2.348667 -0.014000
v 3.260000 2.369333 -0.014000
v 3.260000 2.369333 0.000000
v 3.260000 2.348667 0.000000
v 2.960000 2.348667 0.000000
v 2.960000 2.369333 0.000000
v 2.960000 2.369333 -0.014000
v 2.960000 2.348667 -0.014000
v 3.260000 2.369333 -0.014000
v 3.260000 2.390000 -0.014000
v 3.260000 2.390000 0.000000
v 3.260000 2.369333 0.000000
v 2.960000 2.369333 0.000000
v 2.960000 2.390000 0.000000
v 2.960000 2.390000 -0.014000
v 2.960000 2.369333 -0.014000
v 3.260000 2.390000 -0.014000
v 3.260000 2.410667 -0.014000
v 3.260000 2.410667 0.000000
v 3.260000 2.390000 0.000000
v 2.960000 2.390000 0.000000
v 2.960000 2.410667 0.000000
v 2.960000 2.410667 -0.014000
v 2.960000 2.390000 -0.014000
v 3.260000 2.410667 -0.014000
v 3.260000 2.431333 -0.014000
v 3.260000 2.431333 0.000000
v 3.260000 2.410667 0.000000
v 2.960000 2.410667 0.000000
v 2.960000 2.431333 0.000000
v 2.960000 2.431333 -0.014000
v 2.960000 2.410667 -0.014000
v 3.260000 2.431333 -0.014000
v 3.260000 2.452000 -0.014000
v 3.260000 2.452000 0.000000
v 3.260000 2.431333 0.000000
v 2.960000 2.431333 0.000000
v 2.960000 2.452000 0.000000
v 2.960000 2.452000 -0.014000
v 2.960000 2.431333 -0.014000
v 3.260000 2.452000 -0.014000
v 3.260000 2.472667 -0.014000
v 3.260000 2.472667 0.000000
v 3.260000 2.452000 0.000000
v 2.960000 2.452000 0.000000
v 2.960000 2.472667 0.000000
v 2.960000 2.472667 -0.014000
v 2.960000 2.452000 -0.014000
v 3.260000 2.472667 -0.014000
v 3.260000 2.493333 -0.014000
v 3.260000 2.493333 0.000000
v 3.260000 2.472667 0.000000
v 2.960000 2.472667 0.000000
v 2.960000 2.493333 0.000000
v 2.960000 2.493333 -0.014000
v 2.960000 2.472667 -0.014000
v 3.260000 2.493333 -0.014000
v 3.260000 2.514000 -0.014000
v 3.260000 2.514000 0.000000
v 3.260000 2.493333 0.000000
v 2.960000 2.493333 0.000000
v 2.960000 2.514000 0.000000
v 2.960000 2.514000 -0.014000
v 2.960000 2.493333 -0.014000
v 3.260000 2.514000 -0.014000
v 3.260000 2.534667 -0.014000
v 3.260000 2.534667 0.000000
v 3.260000 2.514000 0.000000
v 2.960000 2.514000 0.000000
v 2.960000 2.534667 0.000000
v 2.960000 2.534667 -0.014000
v 2.960000 2.514000 -0.014000
v 3.260000 2.534667 -0.014000
v 3.260000 2.555333 -0.014000
v 3.260000 2.555333 0.000000
v 3.260000 2.534667 0.000000
v 2.960000 2.534667 0.000000
v 2.960000 2.555333 0.000000
v 2.960000 2.555333 -0.014000
v 2.960000 2.534667 -0.014000
v 3.260000 2.555333 -0.014000
v 3.260000 2.576000 -0.014000
v 3.260000 2.576000 0.000000
v 3.260000 2.555333 0.000000
v 2.960000 2.555333 0.000000
v 2.960000 2.576000 0.000000
v 2.960000 2.576000 -0.014000
v 2.960000 2.555333 -0.014000
v 3.260000 2.576000 -0.014000
v 3.260000 2.596667 -0.014000
v 3.260000 2.596667 0.000000
v 3.260000 2.576000 0.000000
v 2.960000 2.576000 0.000000
v 2.960000 2.596667 0.000000
v 2.960000 2.596667 -0.014000
v 2.960000 2.576000 -0.014000
v 3.260000 2.596667 -0.014000
v 3.260000 2.617333 -0.014000
v 3.260000 2.617333 0.000000
v 3.260000 2.596667 0.000000
v 2.960000 2.596667 0.000000
v 2.960000 2.617333 0.000000
v 2.960000 2.617333 -0.014000
v 2.960000 2.596667 -0.014000
v 3.260000 2.617333 -0.014000
v 3.260000 2.638000 -0.014000
v 3.260000 2.638000 0.000000
v 3.260000 2.617333 0.000000
v 2.960000 2.617333 0.000000
v 2.960000 2.638000 0.000000
v 2.960000 2.638000 -0.014000
v 2.960000 2.617333 -0.014000
v 3.260000 2.638000 -0.014000
v 3.260000 2.658667 -0.014000
v 3.260000 2.658667 0.000000
v 3.260000 2.638000 0.000000
v 2.960000 2.638000 0.000000
v 2.960000 2.658667 0.000000
v 2.960000 2.658667 -0.014000
v 2.960000 2.638000 -0.014000
v 3.260000 2.658667 -0.014000
v 3.260000 2.679333 -0.014000
v 3.260000 2.679333 0.000000
v 3.260000 2.658667 0.000000
v 2.960000 2.658667 0.000000
v 2.960000 2.679333 0.000000
v 2.960000 2.679333 -0.014000
v 2.960000 2.658667 -0.014000
v 3.260000 2.679333 -0.014000
v 3.260000 2.700000 -0.014000
v 3.260000 2.700000 0.000000
v 3.260000 2.679333 0.000000
v 2.960000 2.679333 0.000000
v 2.960000 2.700000 0.000000
v 2.960000 2.700000 -0.014000
v 2.960000 2.679333 -0.014000
v 3.260000 2.700000 -0.014000
v 3.260000 2.720667 -0.014000
v 3.260000 2.720667 0.000000
v 3.260000 2.700000 0.000000
v 2.960000 2.700000 0.000000
v 2.960000 2.720667 0.000000
v 2.960000 2.720667 -0.014000
v 2.960000 2.700000 -0.014000
v 3.260000 2.720667 -0.014000
v 3.260000 2.741333 -0.014000
v 3.260000 2.741333 0.000000
v 3.260000 2.720667 0.000000
v 2.960000 2.720667 0.000000
v 2.960000 2.741333 0.000000
v 2.960000 2.741333 -0.014000
v 2.960000 2.720667 -0.014000
v 3.260000 2.741333 -0.014000
v 3.260000 2.762000 -0.014000
v 3.260000 2.762000 0.000000
v 3.260000 2.741333 0.000000
v 2.960000 2.741333 0.000000
v 2.960000 2.762000 0.000000
v 2.960000 2.762000 -0.014000
v 2.960000 2.741333 -0.014000
v 3.260000 2.762000 -0.014000
v 3.260000 2.782667 -0.014000
v 3.260000 2.782667 0.000000
v 3.260000 2.762000 0.000000
v 2.960000 2.762000 0.000000
v 2.960000 2.782667 0.000000
v 2.960000 2.782667 -0.014000
v 2.960000 2.762000 -0.014000
v 3.260000 2.782667 -0.014000
v 3.260000 2.803333 -0.014000
v 3.260000 2.803333 0.000000
v 3.260000 2.782667 0.000000
v 2.960000 2.782667 0.000000
v 2.960000 2.803333 0.000000
v 2.960000 2.803333 -0.014000
v 2.960000 2.782667 -0.014000
v 3.260000 2.803333 -0.014000
v 3.260000 2.824000 -0.014000
v 3.260000 2.824000 0.000000
v 3.260000 2.803333 0.000000
v 2.960000 2.803333 0.000000
v 2.960000 2.824000 0.000000
v 2.960000 2.824000 -0.014000
v 2.960000 2.803333 -0.014000
v 3.260000 2.824000 -0.014000
v 3.260000 2.844667 -0.014000
v 3.260000 2.844667 0.000000
v 3.260000 2.824000 0.000000
v 2.960000 2.824000 0.000000
v 2.960000 2.844667 0.000000
v 2.960000 2.844667 -0.014000
v 2.960000 2.824000 -0.014000
v 3.260000 2.844667 -0.014000
v 3.260000 2.865333 -0.014000
v 3.260000 2.865333 0.000000
v 3.260000 2.844667 0.000000
v 2.960000 2.844667 0.000000
v 2.960000 2.865333 0.000000
v 2.960000 2.865333 -0.014000
v 2.960000 2.844667 -0.014000
v 3.260000 2.865333 -0.014000
v 3.260000 2.886000 -0.014000
v 3.260000 2.886000 0.000000
v 3.260000 2.865333 0.000000
v 2.960000 2.865333 0.000000
v 2.960000 2.886000 0.000000
v 2.960000 2.886000 -0.014000
v 2.960000 2.865333 -0.014000
v 3.260000 2.886000 -0.014000
v 3.260000 2.906667 -0.014000
v 3.260000 2.906667 0.000000
v 3.260000 2.886000 0.000000
v 2.960000 2.886000 0.000000
v 2.960000 2.906667 0.000000
v 2.960000 2.906667 -0.014000
v 2.960000 2.886000 -0.014000
v 3.260000 2.906667 -0.014000
v 3.260000 2.927333 -0.014000
v 3.260000 2.927333 0.000000
v 3.260000 2.906667 0.000000
v 2.960000 2.906667 0.000000
v 2.960000 2.927333 0.000000
v 2.960000 2.927333 -0.014000
v 2.960000 2.906667 -0.014000
v 3.260000 2.927333 -0.014000
v 3.260000 2.948000 -0.014000
v 3.260000 2.948000 0.000000
v 3.260000 2.927333 0.000000
v 2.960000 2.927333 0.000000
v 2.960000 2.948000 0.000000
v 2.960000 2.948000 -0.014000
v 2.960000 2.927333 -0.014000
v 3.260000 2.948000 -0.014000
v 3.260000 2.968667 -0.014000
v 3.260000 2.968667 0.000000
v 3.260000 2.948000 0.000000
v 2.960000 2.948000 0.000000
v 2.960000 2.968667 0.000000
v 2.960000 2.968667 -0.014000
v 2.960000 2.948000 -0.014000
v 3.260000 2.968667 -0.014000
v 3.260000 2.989333 -0.014000
v 3.260000 2.989333 0.000000
v 3.260000 2.968667 0.000000
v 2.960000 2.968667 0.000000
v 2.960000 2.989333 0.000000
v 2.960000 2.989333 -0.014000
v 2.960000 2.968667 -0.014000
v 3.260000 2.989333 -0.014000
v 3.260000 3.010000 -0.014000
v 3.260000 3.010000 0.000000
v 3.260000 2.989333 0.000000
v 2.960000 2.989333 0.000000
v 2.960000 3.010000 0.000000
v 2.960000 3.010000 -0.014000
v 2.960000 2.989333 -0.014000
v 3.260000 3.010000 -0.014000
v 3.260000 3.030667 -0.014000
v 3.260000 3.030667 0.000000
v 3.260000 3.010000 0.000000
v 2.960000 3.010000 0.000000
v 2.960000 3.030667 0.000000
v 2.960000 3.030667 -0.014000
v 2.960000 3.010000 -0.014000
v 3.260000 3.030667 -0.014000
v 3.260000 3.051333 -0.014000
v 3.260000 3.051333 0.000000
v 3.260000 3.030667 0.000000
v 2.960000 3.030667 0.000000
v 2.960000 3.051333 0.000000
v 2.960000 3.051333 -0.014000
v 2.960000 3.030667 -0.014000
v 3.260000 3.051333 -0.014000
v 3.260000 3.072000 -0.014000
v 3.260000 3.072000 0.000000
v 3.260000 3.051333 0.000000
v 2.960000 3.051333 0.000000
v 2.960000 3.072000 0.000000
v 2.960000 3.072000 -0.014000
v 2.960000 3.051333 -0.014000
v 3.260000 3.072000 -0.014000
v 3.260000 3.092667 -0.014000
v 3.260000 3.092667 0.000000
v 3.260000 3.072000 0.000000
v 2.960000 3.072000 0.000000
v 2.960000 3.092667 0.000000
v 2.960000 3.092667 -0.014000
v 2.960000 3.072000 -0.014000
v 3.260000 3.092667 -0.014000
v 3.260000 3.113333 -0.014000
v 3.260000 3.113333 0.000000
v 3.260000 3.092667 0.000000
v 2.960000 3.092667 0.000000
v 2.960000 3.113333 0.000000
v 2.960000 3.113333 -0.014000
v 2.960000 3.092667 -0.014000
v 3.260000 3.113333 -0.014000
v 3.260000 3.134000 -0.014000
v 3.260000 3.134000 0.000000
v 3.260000 3.113333 0.000000
v 2.960000 3.113333 0.000000
v 2.960000 3.134000 0.000000
v 2.960000 3.134000 -0.014000
v 2.960000 3.113333 -0.014000
v 3.260000 3.134000 -0.014000
v 3.260000 3.154667 -0.014000
v 3.260000 3.154667 0.000000
v 3.260000 3.134000 0.000000
v 2.960000 3.134000 0.000000
v 2.960000 3.154667 0.000000
v 2.960000 3.154667 -0.014000
v 2.960000 3.134000 -0.014000
v 3.260000 3.154667 -0.014000
v 3.260000 3.175333 -0.014000
v 3.260000 3.175333 0.000000
v 3.260000 3.154667 0.000000
v 2.960000 3.154667 0.000000
v 2.960000 3.175333 0.000000
v 2.960000 3.175333 -0.014000
v 2.960000 3.154667 -0.014000
v 3.260000 3.175333 -0.014000
v 3.260000 3.196000 -0.014000
v 3.260000 3.196000 0.000000
v 3.260000 3.175333 0.000000
v 2.960000 3.175333 0.000000
v 2.960000 3.196000 0.000000
v 2.960000 3.196000 -0.014000
v 2.960000 3.175333 -0.014000
v 3.260000 3.196000 -0.014000
v 3.260000 3.216667 -0.014000
v 3.260000 3.216667 0.000000
v 3.260000 3.196000 0.000000
v 2.960000 3.196000 0.000000
v 2.960000 3.216667 0.000000
v 2.960000 3.216667 -0.014000
v 2.960000 3.196000 -0.014000
v 3.260000 3.216667 -0.014000
v 3.260000 3.237333 -0.014000
v 3.260000 3.237333 0.000000
v 3.260000 3.216667 0.000000
v 2.960000 3.216667 0.000000
v 2.960000 3.237333 0.000000
v 2.960000 3.237333 -0.014000
v 2.960000 3.216667 -0.014000
v 3.260000 3.237333 -0.014000
v 3.260000 3.258000 -0.014000
v 3.260000 3.258000 0.000000
v 3.260000 3.237333 0.000000
v 2.960000 3.237333 0.000000
v 2.960000 3.258000 0.000000
v 2.960000 3.258000 -0.014000
v 2.960000 3.237333 -0.014000
v 3.260000 3.258000 -0.014000
v 3.260000 3.278667 -0.014000
v 3.260000 3.278667 0.000000
v 3.260000 3.258000 0.000000
v 2.960000 3.258000 0.000000
v 2.960000 3.278667 0.000000
v 2.960000 3.278667 -0.014000
v 2.960000 3.258000 -0.014000
v 3.260000 3.278667 -0.014000
v 3.260000 3.299333 -0.014000
v 3.260000 3.299333 0.000000
v 3.260000 3.278667 0.000000
v 2.960000 3.278667 0.000000
v 2.960000 3.299333 0.000000
v 2.960000 3.299333 -0.014000
v 2.960000 3.278667 -0.014000
v 3.260000 3.299333 -0.014000
v 3.260000 3.320000 -0.014000
v 3.260000 3.320000 0.000000
v 3.260000 3.299333 0.000000
v 2.960000 3.299333 0.000000
v 2.960000 3.320000 0.000000
v 2.960000 3.320000 -0.014000
v 2.960000 3.299333 -0.014000
v 3.260000 3.320000 -0.014000
v 3.260000 3.340667 -0.014000
v 3.260000 3.340667 0.000000
v 3.260000 3.320000 0.000000
v 2.960000 3.320000 0.000000
v 2.960000 3.340667 0.000000
v 2.960000 3.340667 -0.014000
v 2.960000 3.320000 -0.014000
v 3.260000 3.340667 -0.014000
v 3.260000 3.361333 -0.014000
v 3.260000 3.361333 0.000000
v 3.260000 3.340667 0.000000
v 2.960000 3.340667 0.000000
v 2.960000 3.361333 0.000000
v 2.960000 3.361333 -0.014000
v 2.960000 3.340667 -0.014000
v 3.260000 3.361333 -0.014000
v 3.260000 3.382000 -0.014000
v 3.260000 3.382000 0.000000
v 3.260000 3.361333 0.000000
v 2.960000 3.361333 0.000000
v 2.960000 3.382000 0.000000
v 2.960000 3.382000 -0.014000
v 2.960000 3.361333 -0.014000
v 3.260000 3.382000 -0.014000
v 3.260000 3.402667 -0.014000
v 3.260000 3.402667 0.000000
v 3.260000 3.382000 0.000000
v 2.960000 3.382000 0.000000
v 2.960000 3.402667 0.000000
v 2.960000 3.402667 -0.014000
v 2.960000 3.382000 -0.014000
v 3.260000 3.402667 -0.014000
v 3.260000 3.423333 -0.014000
v 3.260000 3.423333 0.000000
v 3.260000 3.402667 0.000000
v 2.960000 3.402667 0.000000
v 2.960000 3.423333 0.000000
v 2.960000 3.423333 -0.014000
v 2.960000 3.402667 -0.014000
v 3.260000 3.423333 -0.014000
v 3.260000 3.444000 -0.014000
v 3.260000 3.444000 0.000000
v 3.260000 3.423333 0.000000
v 2.960000 3.423333 0.000000
v 2.960000 3.444000 0.000000
v 2.960000 3.444000 -0.014000
v 2.960000 3.423333 -0.014000
v 3.260000 3.444000 -0.014000
v 3.260000 3.464667 -0.014000
v 3.260000 3.464667 0.000000
v 3.260000 3.444000 0.000000
v 2.960000 3.444000 0.000000
v 2.960000 3.464667 0.000000
v 2.960000 3.464667 -0.014000
v 2.960000 3.444000 -0.014000
v 3.260000 3.464667 -0.014000
v 3.260000 3.485333 -0.014000
v 3.260000 3.485333 0.000000
v 3.260000 3.464667 0.000000
v 2.960000 3.464667 0.000000
v 2.960000 3.485333 0.000000
v 2.960000 3.485333 -0.014000
v 2.960000 3.464667 -0.014000
v 3.260000 3.485333 -0.014000
v 3.260000 3.506000 -0.014000
v 3.260000 3.506000 0.000000
v 3.260000 3.485333 0.000000
v 2.960000 3.485333 0.000000
v 2.960000 3.506000 0.000000
v 2.960000 3.506000 -0.014000
v 2.960000 3.485333 -0.014000
v 3.260000 3.506000 -0.014000
v 3.260000 3.526667 -0.014000
v 3.260000 3.526667 0.000000
v 3.260000 3.506000 0.000000
v 2.960000 3.506000 0.000000
v 2.960000 3.526667 0.000000
v 2.960000 3.526667 -0.014000
v 2.960000 3.506000 -0.014000
v 3.260000 3.526667 -0.014000
v 3.260000 3.547333 -0.014000
v 3.260000 3.547333 0.000000
v 3.260000 3.526667 0.000000
v 2.960000 3.526667 0.000000
v 2.960000 3.547333 0.000000
v 2.960000 3.547333 -0.014000
v 2.960000 3.526667 -0.014000
v 3.260000 3.547333 -0.014000
v 3.260000 3.568000 -0.014000
v 3.260000 3.568000 0.000000
v 3.260000 3.547333 0.000000
v 2.960000 3.547333 0.000000
v 2.960000 3.568000 0.000000
v 2.960000 3.568000 -0.014000
v 2.960000 3.547333 -0.014000
v 3.260000 3.568000 -0.014000
v 3.260000 3.588667 -0.014000
v 3.260000 3.588667 0.000000
v 3.260000 3.568000 0.000000
v 2.960000 3.568000 0.000000
v 2.960000 3.588667 0.000000
v 2.960000 3.588667 -0.014000
v 2.960000 3.568000 -0.014000
v 3.260000 3.588667 -0.014000
v 3.260000 3.609333 -0.014000
v 3.260000 3.609333 0.000000
v 3.260000 3.588667 0.000000
v 2.960000 3.588667 0.000000
v 2.960000 3.609333 0.000000
v 2.960000 3.609333 -0.014000
v 2.960000 3.588667 -0.014000
v 3.260000 3.609333 -0.014000
v 3.260000 3.630000 -0.014000
v 3.260000 3.630000 0.000000
v 3.260000 3.609333 0.000000
v 2.960000 3.609333 0.000000
v 2.960000 3.630000 0.000000
v 2.960000 3.630000 -0.014000
v 2.960000 3.609333 -0.014000
v 3.260000 3.630000 -0.014000
v 3.260000 3.650667 -0.014000
v 3.260000 3.650667 0.000000
v 3.260000 3.630000 0.000000
v 2.960000 3.630000 0.000000
v 2.960000 3.650667 0.000000
v 2.960000 3.650667 -0.014000
v 2.960000 3.630000 -0.014000
v 3.260000 3.650667 -0.014000
v 3.260000 3.671333 -0.014000
v 3.260000 3.671333 0.000000
v 3.260000 3.650667 0.000000
v 2.960000 3.650667 0.000000
v 2.960000 3.671333 0.000000
v 2.960000 3.671333 -0.014000
v 2.960000 3.650667 -0.014000
v 3.260000 3.671333 -0.014000
v 3.260000 3.672377 -0.014000
v 3.260000 3.672377 0.000000
v 3.260000 3.671333 0.000000
v 2.960000 3.671333 0.000000
v 2.960000 3.672377 0.000000
v 2.960000 3.672377 -0.014000
v 2.960000 3.671333 -0.014000
v 3.260000 3.672377 -0.014000
v 3.260000 3.692000 -0.014000
v 3.260000 3.692000 0.001437
v 3.260000 3.672377 0.000000
v 2.960000 3.672377 0.000000
v 2.960000 3.692000 0.001437
v 2.960000 3.692000 -0.014000
v 2.960000 3.672377 -0.014000
v 3.260000 3.692000 -0.014000
v 3.260000 3.712667 -0.014000
v 3.260000 3.712667 0.002950
v 3.260000 3.692000 0.001437
v 2.960000 3.692000 0.001437
v 2.960000 3.712667 0.002950
v 2.960000 3.712667 -0.014000
v 2.960000 3.692000 -0.014000
v 3.260000 3.712667 -0.014000
v 3.260000 3.733333 -0.014000
v 3.260000 3.733333 0.004464
v 3.260000 3.712667 0.002950
v 2.960000 3.712667 0.002950
v 2.960000 3.733333 0.004464
v 2.960000 3.733333 -0.014000
v 2.960000 3.712667 -0.014000
v 3.260000 3.733333 -0.014000
v 3.260000 3.754000 -0.014000
v 3.260000 3.754000 0.005977
v 3.260000 3.733333 0.004464
v 2.960000 3.733333 0.004464
v 2.960000 3.754000 0.005977
v 2.960000 3.754000 -0.014000
v 2.960000 3.733333 -0.014000
v 3.260000 3.754000 -0.014000
v 3.260000 3.774667 -0.014000
v 3.260000 3.774667 0.007491
v 3.260000 3.754000 0.005977
v 2.960000 3.754000 0.005977
v 2.960000 3.774667 0.007491
v 2.960000 3.774667 -0.014000
v 2.960000 3.754000 -0.014000
v 3.260000 3.774667 -0.014000
v 3.260000 3.795333 -0.014000
v 3.260000 3.795333 0.009004
v 3.260000 3.774667 0.007491
v 2.960000 3.774667 0.007491
v 2.960000 3.795333 0.009004
v 2.960000 3.795333 -0.014000
v 2.960000 3.774667 -0.014000
v 3.260000 3.795333 -0.014000
v 3.260000 3.816000 -0.014000
v 3.260000 3.816000 0.010517
v 3.260000 3.795333 0.009004
v 2.960000 3.795333 0.009004
v 2.960000 3.816000 0.010517
v 2.960000 3.816000 -0.014000
v 2.960000 3.795333 -0.014000
v 3.260000 3.816000 -0.014000
v 3.260000 3.836667 -0.014000
v 3.260000 3.836667 0.012031
v 3.260000 3.816000 0.010517
v 2.960000 3.816000 0.010517
v 2.960000 3.836667 0.012031
v 2.960000 3.836667 -0.014000
v 2.960000 3.816000 -0.014000
v 3.260000 3.836667 -0.014000
v 3.260000 3.857333 -0.014000
v 3.260000 3.857333 0.013544
v 3.260000 3.836667 0.012031
v 2.960000 3.836667 0.012031
v 2.960000 3.857333 0.013544
v 2.960000 3.857333 -0.014000
v 2.960000 3.836667 -0.014000
v 3.260000 3.857333 -0.014000
v 3.260000 3.878000 -0.014000
v 3.260000 3.878000 0.015058
v 3.260000 3.857333 0.013544
v 2.960000 3.857333 0.013544
v 2.960000 3.878000 0.015058
v 2.960000 3.878000 -0.014000
v 2.960000 3.857333 -0.014000
v 3.260000 3.878000 -0.014000
v 3.260000 3.898667 -0.014000
v 3.260000 3.898667 0.016571
v 3.260000 3.878000 0.015058
v 2.960000 3.878000 0.015058
v 2.960000 3.898667 0.016571
v 2.960000 3.898667 -0.014000
v 2.960000 3.878000 -0.014000
v 3.260000 3.898667 -0.014000
v 3.260000 3.919333 -0.014000
v 3.260000 3.919333 0.018084
v 3.260000 3.898667 0.016571
v 2.960000 3.898667 0.016571
v 2.960000 3.919333 0.018084
v 2.960000 3.919333 -0.014000
v 2.960000 3.898667 -0.014000
v 3.260000 3.919333 -0.014000
v 3.260000 3.940000 -0.014000
v 3.260000 3.940000 0.019598
v 3.260000 3.919333 0.018084
v 2.960000 3.919333 0.018084
v 2.960000 3.940000 0.019598
v 2.960000 3.940000 -0.014000
v 2.960000 3.919333 -0.014000
v 3.260000 3.940000 -0.014000
v 3.260000 3.960667 -0.014000
v 3.260000 3.960667 0.021111
v 3.260000 3.940000 0.019598
v 2.960000 3.940000 0.019598
v 2.960000 3.960667 0.021111
v 2.960000 3.960667 -0.014000
v 2.960000 3.940000 -0.014000
v 3.260000 3.960667 -0.014000
v 3.260000 3.981333 -0.014000
v 3.260000 3.981333 0.022625
v 3.260000 3.960667 0.021111
v 2.960000 3.960667 0.021111
v 2.960000 3.981333 0.022625
v 2.960000 3.981333 -0.014000
v 2.960000 3.960667 -0.014000
v 3.260000 3.981333 -0.014000
v 3.260000 4.002000 -0.014000
v 3.260000 4.002000 0.024138
v 3.260000 3.981333 0.022625
v 2.960000 3.981333 0.022625
v 2.960000 4.002000 0.024138
v 2.960000 4.002000 -0.014000
v 2.960000 3.981333 -0.014000
v 3.260000 4.002000 -0.014000
v 3.260000 4.022666 -0.014000
v 3.260000 4.022666 0.025651
v 3.260000 4.002000 0.024138
v 2.960000 4.002000 0.024138
v 2.960000 4.022666 0.025651
v 2.960000 4.022666 -0.014000
v 2.960000 4.002000 -0.014000
v 3.260000 4.022666 -0.014000
v 3.260000 4.043334 -0.014000
v 3.260000 4.043334 0.027165
v 3.260000 4.022666 0.025651
v 2.960000 4.022666 0.025651
v 2.960000 4.043334 0.027165
v 2.960000 4.043334 -0.014000
v 2.960000 4.022666 -0.014000
v 3.260000 4.043334 -0.014000
v 3.260000 4.064000 -0.014000
v 3.260000 4.064000 0.028678
v 3.260000 4.043334 0.027165
v 2.960000 4.043334 0.027165
v 2.960000 4.064000 0.028678
v 2.960000 4.064000 -0.014000
v 2.960000 4.043334 -0.014000
v 3.260000 4.064000 -0.014000
v 3.260000 4.084667 -0.014000
v 3.260000 4.084667 0.030192
v 3.260000 4.064000 0.028678
v 2.960000 4.064000 0.028678
v 2.960000 4.084667 0.030192
v 2.960000 4.084667 -0.014000
v 2.960000 4.064000 -0.014000
v 3.260000 4.084667 -0.014000
v 3.260000 4.105333 -0.014000
v 3.260000 4.105333 0.031705
v 3.260000 4.084667 0.030192
v 2.960000 4.084667 0.030192
v 2.960000 4.105333 0.031705
v 2.960000 4.105333 -0.014000
v 2.960000 4.084667 -0.014000
v 3.260000 4.105333 -0.014000
v 3.260000 4.126000 -0.014000
v 3.260000 4.126000 0.033218
v 3.260000 4.105333 0.031705
v 2.960000 4.105333 0.031705
v 2.960000 4.126000 0.033218
v 2.960000 4.126000 -0.014000
v 2.960000 4.105333 -0.014000
v 3.260000 4.126000 -0.014000
v 3.260000 4.146667 -0.014000
v 3.260000 4.146667 0.034732
v 3.260000 4.126000 0.033218
v 2.960000 4.126000 0.033218
v 2.960000 4.146667 0.034732
v 2.960000 4.146667 -0.014000
v 2.960000 4.126000 -0.014000
v 3.260000 4.146667 -0.014000
v 3.260000 4.167333 -0.014000
v 3.260000 4.167333 0.036245
v 3.260000 4.146667 0.034732
v 2.960000 4.146667 0.034732
v 2.960000 4.167333 0.036245
v 2.960000 4.167333 -0.014000
v 2.960000 4.146667 -0.014000
v 3.260000 4.167333 -0.014000
v 3.260000 4.188000 -0.014000
v 3.260000 4.188000 0.037759
v 3.260000 4.167333 0.036245
v 2.960000 4.167333 0.036245
v 2.960000 4.188000 0.037759
v 2.960000 4.188000 -0.014000
v 2.960000 4.167333 -0.014000
v 3.260000 4.188000 -0.014000
v 3.260000 4.208667 -0.014000
v 3.260000 4.208667 0.039272
v 3.260000 4.188000 0.037759
v 2.960000 4.188000 0.037759
v 2.960000 4.208667 0.039272
v 2.960000 4.208667 -0.014000
v 2.960000 4.188000 -0.014000
v 3.260000 4.208667 -0.014000
v 3.260000 4.229333 -0.014000
v 3.260000 4.229333 0.040786
v 3.260000 4.208667 0.039272
v 2.960000 4.208667 0.039272
v 2.960000 4.229333 0.040786
v 2.960000 4.229333 -0.014000
v 2.960000 4.208667 -0.014000
v 3.260000 4.229333 -0.014000
v 3.260000 4.250000 -0.014000
v 3.260000 4.250000 0.042299
v 3.260000 4.229333 0.040786
v 2.960000 4.229333 0.040786
v 2.960000 4.250000 0.042299
v 2.960000 4.250000 -0.014000
v 2.960000 4.229333 -0.014000
v 3.260000 4.250000 -0.014000
v 3.260000 4.270667 -0.014000
v 3.260000 4.270667 0.043812
v 3.260000 4.250000 0.042299
v 2.960000 4.250000 0.042299
v 2.960000 4.270667 0.043812
v 2.960000 4.270667 -0.014000
v 2.960000 4.250000 -0.014000
v 3.260000 4.270667 -0.014000
v 3.260000 4.291333 -0.014000
v 3.260000 4.291333 0.045326
v 3.260000 4.270667 0.043812
v 2.960000 4.270667 0.043812
v 2.960000 4.291333 0.045326
v 2.960000 4.291333 -0.014000
v 2.960000 4.270667 -0.014000
v 3.260000 4.291333 -0.014000
v 3.260000 4.312000 -0.014000
v 3.260000 4.312000 0.046839
v 3.260000 4.291333 0.045326
v 2.960000 4.291333 0.045326
v 2.960000 4.312000 0.046839
v 2.960000 4.312000 -0.014000
v 2.960000 4.291333 -0.014000
v 3.260000 4.312000 -0.014000
v 3.260000 4.332667 -0.014000
v 3.260000 4.332667 0.048353
v 3.260000 4.312000 0.046839
v 2.960000 4.312000 0.046839
v 2.960000 4.332667 0.048353
v 2.960000 4.332667 -0.014000
v 2.960000 4.312000 -0.014000
v 3.260000 4.332667 -0.014000
v 3.260000 4.353333 -0.014000
v 3.260000 4.353333 0.049866
v 3.260000 4.332667 0.048353
v 2.960000 4.332667 0.048353
v 2.960000 4.353333 0.049866
v 2.960000 4.353333 -0.014000
v 2.960000 4.332667 -0.014000
v 3.260000 4.353333 -0.014000
v 3.260000 4.374000 -0.014000
v 3.260000 4.374000 0.051379
v 3.260000 4.353333 0.049866
v 2.960000 4.353333 0.049866
v 2.960000 4.374000 0.051379
v 2.960000 4.374000 -0.014000
v 2.960000 4.353333 -0.014000
v 3.260000 4.374000 -0.014000
v 3.260000 4.394667 -0.014000
v 3.260000 4.394667 0.052893
v 3.260000 4.374000 0.051379
v 2.960000 4.374000 0.051379
v 2.960000 4.394667 0.052893
v 2.960000 4.394667 -0.014000
v 2.960000 4.374000 -0.014000
v 3.260000 4.394667 -0.014000
v 3.260000 4.415333 -0.014000
v 3.260000 4.415333 0.054406
v 3.260000 4.394667 0.052893
v 2.960000 4.394667 0.052893
v 2.960000 4.415333 0.054406
v 2.960000 4.415333 -0.014000
v 2.960000 4.394667 -0.014000
v 3.260000 4.415333 -0.014000
v 3.260000 4.436000 -0.014000
v 3.260000 4.436000 0.055920
v 3.260000 4.415333 0.054406
v 2.960000 4.415333 0.054406
v 2.960000 4.436000 0.055920
v 2.960000 4.436000 -0.014000
v 2.960000 4.415333 -0.014000
v 3.260000 4.436000 -0.014000
v 3.260000 4.456666 -0.014000
v 3.260000 4.456666 0.057433
v 3.260000 4.436000 0.055920
v 2.960000 4.436000 0.055920
v 2.960000 4.456666 0.057433
v 2.960000 4.456666 -0.014000
v 2.960000 4.436000 -0.014000
v 3.260000 4.456666 -0.014000
v 3.260000 4.477334 -0.014000
v 3.260000 4.477334 0.058946
v 3.260000 4.456666 0.057433
v 2.960000 4.456666 0.057433
v 2.960000 4.477334 0.058946
v 2.960000 4.477334 -0.014000
v 2.960000 4.456666 -0.014000
v 3.260000 4.477334 -0.014000
v 3.260000 4.498000 -0.014000
v 3.260000 4.498000 0.060460
v 3.260000 4.477334 0.058946
v 2.960000 4.477334 0.058946
v 2.960000 4.498000 0.060460
v 2.960000 4.498000 -0.014000
v 2.960000 4.477334 -0.014000
v 3.260000 4.498000 -0.014000
v 3.260000 4.518667 -0.014000
v 3.260000 4.518667 0.061973
v 3.260000 4.498000 0.060460
v 2.960000 4.498000 0.060460
v 2.960000 4.518667 0.061973
v 2.960000 4.518667 -0.014000
v 2.960000 4.498000 -0.014000
v 3.260000 4.518667 -0.014000
v 3.260000 4.539333 -0.014000
v 3.260000 4.539333 0.063487
v 3.260000 4.518667 0.061973
v 2.960000 4.518667 0.061973
v 2.960000 4.539333 0.063487
v 2.960000 4.539333 -0.014000
v 2.960000 4.518667 -0.014000
v 3.260000 4.539333 -0.014000
v 3.260000 4.560000 -0.014000
v 3.260000 4.560000 0.065000
v 3.260000 4.539333 0.063487
v 2.960000 4.539333 0.063487
v 2.960000 4.560000 0.065000
v 2.960000 4.560000 -0.014000
v 2.960000 4.539333 -0.014000
v 3.260000 4.560000 -0.014000
v 3.259766 4.579331 -0.014000
v 3.259766 4.579331 0.066000
v 3.260000 4.560000 0.065000
v 2.960000 4.560000 0.065000
v 2.959854 4.572082 0.066000
v 2.959854 4.572082 -0.014000
v 2.960000 4.560000 -0.014000
v 3.259766 4.579331 -0.014000
v 3.259066 4.598651 -0.014000
v 3.259066 4.598651 0.067000
v 3.259766 4.579331 0.066000
v 2.959854 4.572082 0.066000
v 2.959416 4.584157 0.067000
v 2.959416 4.584157 -0.014000
v 2.959854 4.572082 -0.014000
v 3.259066 4.598651 -0.014000
v 3.257899 4.617948 -0.014000
v 3.257899 4.617948 0.068000
v 3.259066 4.598651 0.067000
v 2.959416 4.584157 0.067000
v 2.958687 4.596218 0.068000
v 2.958687 4.596218 -0.014000
v 2.959416 4.584157 -0.014000
v 3.257899 4.617948 -0.014000
v 3.256265 4.637211 -0.014000
v 3.256265 4.637211 0.069000
v 3.257899 4.617948 0.068000
v 2.958687 4.596218 0.068000
v 2.957666 4.608257 0.069000
v 2.957666 4.608257 -0.014000
v 2.958687 4.596218 -0.014000
v 3.256265 4.637211 -0.014000
v 3.254167 4.656429 -0.014000
v 3.254167 4.656429 0.070000
v 3.256265 4.637211 0.069000
v 2.957666 4.608257 0.069000
v 2.956354 4.620268 0.070000
v 2.956354 4.620268 -0.014000
v 2.957666 4.608257 -0.014000
v 3.254167 4.656429 -0.014000
v 3.251605 4.675591 -0.014000
v 3.251605 4.675591 0.071000
v 3.254167 4.656429 0.070000
v 2.956354 4.620268 0.070000
v 2.954753 4.632245 0.071000
v 2.954753 4.632245 -0.014000
v 2.956354 4.620268 -0.014000
v 3.251605 4.675591 -0.014000
v 3.248581 4.694685 -0.014000
v 3.248581 4.694685 0.072000
v 3.251605 4.675591 0.071000
v 2.954753 4.632245 0.071000
v 2.952863 4.644178 0.072000
v 2.952863 4.644178 -0.014000
v 2.954753 4.632245 -0.014000
v 3.248581 4.694685 -0.014000
v 3.245096 4.713701 -0.014000
v 3.245096 4.713701 0.073000
v 3.248581 4.694685 0.072000
v 2.952863 4.644178 0.072000
v 2.950685 4.656064 0.073000
v 2.950685 4.656064 -0.014000
v 2.952863 4.644178 -0.014000
v 3.245096 4.713701 -0.014000
v 3.241153 4.732627 -0.014000
v 3.241153 4.732627 0.074000
v 3.245096 4.713701 0.073000
v 2.950685 4.656064 0.073000
v 2.948220 4.667892 0.074000
v 2.948220 4.667892 -0.014000
v 2.950685 4.656064 -0.014000
v 3.241153 4.732627 -0.014000
v 3.236753 4.751452 -0.014000
v 3.236753 4.751452 0.075000
v 3.241153 4.732627 0.074000
v 2.948220 4.667892 0.074000
v 2.945471 4.679658 0.075000
v 2.945471 4.679658 -0.014000
v 2.948220 4.667892 -0.014000
v 3.236753 4.751452 -0.014000
v 3.231900 4.770166 -0.014000
v 3.231900 4.770166 0.076000
v 3.236753 4.751452 0.075000
v 2.945471 4.679658 0.075000
v 2.942438 4.691354 0.076000
v 2.942438 4.691354 -0.014000
v 2.945471 4.679658 -0.014000
v 3.231900 4.770166 -0.014000
v 3.226597 4.788756 -0.014000
v 3.226597 4.788756 0.077000
v 3.231900 4.770166 0.076000
v 2.942438 4.691354 0.076000
v 2.939123 4.702973 0.077000
v 2.939123 4.702973 -0.014000
v 2.942438 4.691354 -0.014000
v 3.226597 4.788756 -0.014000
v 3.220845 4.807214 -0.014000
v 3.220845 4.807214 0.078000
v 3.226597 4.788756 0.077000
v 2.939123 4.702973 0.077000
v 2.935528 4.714509 0.078000
v 2.935528 4.714509 -0.014000
v 2.939123 4.702973 -0.014000
v 3.220845 4.807214 -0.014000
v 3.214649 4.825526 -0.014000
v 3.214649 4.825526 0.079000
v 3.220845 4.807214 0.078000
v 2.935528 4.714509 0.078000
v 2.931656 4.725954 0.079000
v 2.931656 4.725954 -0.014000
v 2.935528 4.714509 -0.014000
v 3.214649 4.825526 -0.014000
v 3.208013 4.843684 -0.014000
v 3.208013 4.843684 0.080000
v 3.214649 4.825526 0.079000
v 2.931656 4.725954 0.079000
v 2.927508 4.737302 0.080000
v 2.927508 4.737302 -0.014000
v 2.931656 4.725954 -0.014000
v 3.208013 4.843684 -0.014000
v 3.200940 4.861676 -0.014000
v 3.200940 4.861676 0.081000
v 3.208013 4.843684 0.080000
v 2.927508 4.737302 0.080000
v 2.923087 4.748548 0.081000
v 2.923087 4.748548 -0.014000
v 2.927508 4.737302 -0.014000
v 3.200940 4.861676 -0.014000
v 3.193434 4.879492 -0.014000
v 3.193434 4.879492 0.082000
v 3.200940 4.861676 0.081000
v 2.923087 4.748548 0.081000
v 2.918396 4.759682 0.082000
v 2.918396 4.759682 -0.014000
v 2.923087 4.748548 -0.014000
v 3.193434 4.879492 -0.014000
v 3.185499 4.897121 -0.014000
v 3.185499 4.897121 0.083000
v 3.193434 4.879492 0.082000
v 2.918396 4.759682 0.082000
v 2.913437 4.770700 0.083000
v 2.913437 4.770700 -0.014000
v 2.918396 4.759682 -0.014000
v 3.185499 4.897121 -0.014000
v 3.177142 4.914553 -0.014000
v 3.177142 4.914553 0.084000
v 3.185499 4.897121 0.083000
v 2.913437 4.770700 0.083000
v 2.908213 4.781596 0.084000
v 2.908213 4.781596 -0.014000
v 2.913437 4.770700 -0.014000
v 3.177142 4.914553 -0.014000
v 3.168365 4.931778 -0.014000
v 3.168365 4.931778 0.085000
v 3.177142 4.914553 0.084000
v 2.908213 4.781596 0.084000
v 2.902728 4.792362 0.085000
v 2.902728 4.792362 -0.014000
v 2.908213 4.781596 -0.014000
v 3.168365 4.931778 -0.014000
v 3.159174 4.948787 -0.014000
v 3.159174 4.948787 0.086000
v 3.168365 4.931778 0.085000
v 2.902728 4.792362 0.085000
v 2.896984 4.802992 0.086000
v 2.896984 4.802992 -0.014000
v 2.902728 4.792362 -0.014000
v 3.159174 4.948787 -0.014000
v 3.149576 4.965568 -0.014000
v 3.149576 4.965568 0.087000
v 3.159174 4.948787 0.086000
v 2.896984 4.802992 0.086000
v 2.890985 4.813480 0.087000
v 2.890985 4.813480 -0.014000
v 2.896984 4.802992 -0.014000
v 3.149576 4.965568 -0.014000
v 3.139574 4.982112 -0.014000
v 3.139574 4.982112 0.088000
v 3.149576 4.965568 0.087000
v 2.890985 4.813480 0.087000
v 2.884734 4.823820 0.088000
v 2.884734 4.823820 -0.014000
v 2.890985 4.813480 -0.014000
v 3.139574 4.982112 -0.014000
v 3.129176 4.998410 -0.014000
v 3.129176 4.998410 0.089000
v 3.139574 4.982112 0.088000
v 2.884734 4.823820 0.088000
v 2.878235 4.834006 0.089000
v 2.878235 4.834006 -0.014000
v 2.884734 4.823820 -0.014000
v 3.129176 4.998410 -0.014000
v 3.118387 5.014452 -0.014000
v 3.118387 5.014452 0.090000
v 3.129176 4.998410 0.089000
v 2.878235 4.834006 0.089000
v 2.871492 4.844032 0.090000
v 2.871492 4.844032 -0.014000
v 2.878235 4.834006 -0.014000
v 3.118387 5.014452 -0.014000
v 3.107213 5.030228 -0.014000
v 3.107213 5.030228 0.091000
v 3.118387 5.014452 0.090000
v 2.871492 4.844032 0.090000
v 2.864508 4.853893 0.091000
v 2.864508 4.853893 -0.014000
v 2.871492 4.844032 -0.014000
v 3.107213 5.030228 -0.014000
v 3.095662 5.045730 -0.014000
v 3.095662 5.045730 0.092000
v 3.107213 5.030228 0.091000
v 2.864508 4.853893 0.091000
v 2.857289 4.863581 0.092000
v 2.857289 4.863581 -0.014000
v 2.864508 4.853893 -0.014000
v 3.095662 5.045730 -0.014000
v 3.083740 5.060948 -0.014000
v 3.083740 5.060948 0.093000
v 3.095662 5.045730 0.092000
v 2.857289 4.863581 0.092000
v 2.849837 4.873093 0.093000
v 2.849837 4.873093 -0.014000
v 2.857289 4.863581 -0.014000
v 3.083740 5.060948 -0.014000
v 3.071453 5.075874 -0.014000
v 3.071453 5.075874 0.094000
v 3.083740 5.060948 0.093000
v 2.849837 4.873093 0.093000
v 2.842158 4.882421 0.094000
v 2.842158 4.882421 -0.014000
v 2.849837 4.873093 -0.014000
v 3.071453 5.075874 -0.014000
v 3.058809 5.090498 -0.014000
v 3.058809 5.090498 0.095000
v 3.071453 5.075874 0.094000
v 2.842158 4.882421 0.094000
v 2.834255 4.891562 0.095000
v 2.834255 4.891562 -0.014000
v 2.842158 4.882421 -0.014000
v 3.058809 5.090498 -0.014000
v 3.045815 5.104813 -0.014000
v 3.045815 5.104813 0.096000
v 3.058809 5.090498 0.095000
v 2.834255 4.891562 0.095000
v 2.826134 4.900508 0.096000
v 2.826134 4.900508 -0.014000
v 2.834255 4.891562 -0.014000
v 3.045815 5.104813 -0.014000
v 3.032479 5.118809 -0.014000
v 3.032479 5.118809 0.097000
v 3.045815 5.104813 0.096000
v 2.826134 4.900508 0.096000
v 2.817800 4.909256 0.097000
v 2.817800 4.909256 -0.014000
v 2.826134 4.900508 -0.014000
v 3.032479 5.118809 -0.014000
v 3.018809 5.132479 -0.014000
v 3.018809 5.132479 0.098000
v 3.032479 5.118809 0.097000
v 2.817800 4.909256 0.097000
v 2.809256 4.917799 0.098000
v 2.809256 4.917799 -0.014000
v 2.817800 4.909256 -0.014000
v 3.018809 5.132479 -0.014000
v 3.004813 5.145815 -0.014000
v 3.004813 5.145815 0.099000
v 3.018809 5.132479 0.098000
v 2.809256 4.917799 0.098000
v 2.800508 4.926134 0.099000
v 2.800508 4.926134 -0.014000
v 2.809256 4.917799 -0.014000
v 3.004813 5.145815 -0.014000
v 2.990498 5.158809 -0.014000
v 2.990498 5.158809 0.100000
v 3.004813 5.145815 0.099000
v 2.800508 4.926134 0.099000
v 2.791561 4.934256 0.100000
v 2.791561 4.934256 -0.014000
v 2.800508 4.926134 -0.014000
v 2.990498 5.158809 -0.014000
v 2.975874 5.171453 -0.014000
v 2.975874 5.171453 0.101000
v 2.990498 5.158809 0.100000
v 2.791561 4.934256 0.100000
v 2.782421 4.942158 0.101000
v 2.782421 4.942158 -0.014000
v 2.791561 4.934256 -0.014000
v 2.975874 5.171453 -0.014000
v 2.960948 5.183740 -0.014000
v 2.960948 5.183740 0.102000
v 2.975874 5.171453 0.101000
v 2.782421 4.942158 0.101000
v 2.773093 4.949837 0.102000
v 2.773093 4.949837 -0.014000
v 2.782421 4.942158 -0.014000
v 2.960948 5.183740 -0.014000
v 2.945730 5.195662 -0.014000
v 2.945730 5.195662 0.103000
v 2.960948 5.183740 0.102000
v 2.773093 4.949837 0.102000
v 2.763581 4.957289 0.103000
v 2.763581 4.957289 -0.014000
v 2.773093 4.949837 -0.014000
v 2.945730 5.195662 -0.014000
v 2.930228 5.207213 -0.014000
v 2.930228 5.207213 0.104000
v 2.945730 5.195662 0.103000
v 2.763581 4.957289 0.103000
v 2.753893 4.964509 0.104000
v 2.753893 4.964509 -0.014000
v 2.763581 4.957289 -0.014000
v 2.930228 5.207213 -0.014000
v 2.914452 5.218387 -0.014000
v 2.914452 5.218387 0.105000
v 2.930228 5.207213 0.104000
v 2.753893 4.964509 0.104000
v 2.744032 4.971492 0.105000
v 2.744032 4.971492 -0.014000
v 2.753893 4.964509 -0.014000
v 2.914452 5.218387 -0.014000
v 2.898410 5.229176 -0.014000
v 2.898410 5.229176 0.106000
v 2.914452 5.218387 0.105000
v 2.744032 4.971492 0.105000
v 2.734006 4.978235 0.106000
v 2.734006 4.978235 -0.014000
v 2.744032 4.971492 -0.014000
v 2.898410 5.229176 -0.014000
v 2.882112 5.239574 -0.014000
v 2.882112 5.239574 0.107000
v 2.898410 5.229176 0.106000
v 2.734006 4.978235 0.106000
v 2.723820 4.984734 0.107000
v 2.723820 4.984734 -0.014000
v 2.734006 4.978235 -0.014000
v 2.882112 5.239574 -0.014000
v 2.865568 5.249576 -0.014000
v 2.865568 5.249576 0.108000
v 2.882112 5.239574 0.107000
v 2.723820 4.984734 0.107000
v 2.713480 4.990985 0.108000
v 2.713480 4.990985 -0.014000
v 2.723820 4.984734 -0.014000
v 2.865568 5.249576 -0.014000
v 2.848787 5.259174 -0.014000
v 2.848787 5.259174 0.109000
v 2.865568 5.249576 0.108000
v 2.713480 4.990985 0.108000
v 2.702992 4.996984 0.109000
v 2.702992 4.996984 -0.014000
v 2.713480 4.990985 -0.014000
v 2.848787 5.259174 -0.014000
v 2.831779 5.268365 -0.014000
v 2.831779 5.268365 0.110000
v 2.848787 5.259174 0.109000
v 2.702992 4.996984 0.109000
v 2.692362 5.002728 0.110000
v 2.692362 5.002728 -0.014000
v 2.702992 4.996984 -0.014000
v 2.831779 5.268365 -0.014000
v 2.814553 5.277142 -0.014000
v 2.814553 5.277142 0.111000
v 2.831779 5.268365 0.110000
v 2.692362 5.002728 0.110000
v 2.681596 5.008214 0.111000
v 2.681596 5.008214 -0.014000
v 2.692362 5.002728 -0.014000
v 2.814553 5.277142 -0.014000
v 2.797121 5.285500 -0.014000
v 2.797121 5.285500 0.112000
v 2.814553 5.277142 0.111000
v 2.681596 5.008214 0.111000
v 2.670701 5.013437 0.112000
v 2.670701 5.013437 -0.014000
v 2.681596 5.008214 -0.014000
v 2.797121 5.285500 -0.014000
v 2.779492 5.293434 -0.014000
v 2.779492 5.293434 0.113000
v 2.797121 5.285500 0.112000
v 2.670701 5.013437 0.112000
v 2.659682 5.018396 0.113000
v 2.659682 5.018396 -0.014000
v 2.670701 5.013437 -0.014000
v 2.779492 5.293434 -0.014000
v 2.761676 5.300940 -0.014000
v 2.761676 5.300940 0.114000
v 2.779492 5.293434 0.113000
v 2.659682 5.018396 0.113000
v 2.648547 5.023088 0.114000
v 2.648547 5.023088 -0.014000
v 2.659682 5.018396 -0.014000
v 2.761676 5.300940 -0.014000
v 2.743684 5.308013 -0.014000
v 2.743684 5.308013 0.115000
v 2.761676 5.300940 0.114000
v 2.648547 5.023088 0.114000
v 2.637302 5.027508 0.115000
v 2.637302 5.027508 -0.014000
v 2.648547 5.023088 -0.014000
v 2.743684 5.308013 -0.014000
v 2.725526 5.314650 -0.014000
v 2.725526 5.314650 0.116000
v 2.743684 5.308013 0.115000
v 2.637302 5.027508 0.115000
v 2.625954 5.031656 0.116000
v 2.625954 5.031656 -0.014000
v 2.637302 5.027508 -0.014000
v 2.725526 5.314650 -0.014000
v 2.707214 5.320845 -0.014000
v 2.707214 5.320845 0.117000
v 2.725526 5.314650 0.116000
v 2.625954 5.031656 0.116000
v 2.614508 5.035528 0.117000
v 2.614508 5.035528 -0.014000
v 2.625954 5.031656 -0.014000
v 2.707214 5.320845 -0.014000
v 2.688756 5.326597 -0.014000
v 2.688756 5.326597 0.118000
v 2.707214 5.320845 0.117000
v 2.614508 5.035528 0.117000
v 2.602973 5.039123 0.118000
v 2.602973 5.039123 -0.014000
v 2.614508 5.035528 -0.014000
v 2.688756 5.326597 -0.014000
v 2.670166 5.331901 -0.014000
v 2.670166 5.331901 0.119000
v 2.688756 5.326597 0.118000
v 2.602973 5.039123 0.118000
v 2.591354 5.042438 0.119000
v 2.591354 5.042438 -0.014000
v 2.602973 5.039123 -0.014000
v 2.670166 5.331901 -0.014000
v 2.651453 5.336753 -0.014000
v 2.651453 5.336753 0.120000
v 2.670166 5.331901 0.119000
v 2.591354 5.042438 0.119000
v 2.579658 5.045471 0.120000
v 2.579658 5.045471 -0.014000
v 2.591354 5.042438 -0.014000
v 2.651453 5.336753 -0.014000
v 2.632627 5.341153 -0.014000
v 2.632627 5.341153 0.121000
v 2.651453 5.336753 0.120000
v 2.579658 5.045471 0.120000
v 2.567892 5.048221 0.121000
v 2.567892 5.048221 -0.014000
v 2.579658 5.045471 -0.014000
v 2.632627 5.341153 -0.014000
v 2.613701 5.345096 -0.014000
v 2.613701 5.345096 0.122000
v 2.632627 5.341153 0.121000
v 2.567892 5.048221 0.121000
v 2.556063 5.050685 0.122000
v 2.556063 5.050685 -0.014000
v 2.567892 5.048221 -0.014000
v 2.613701 5.345096 -0.014000
v 2.594686 5.348581 -0.014000
v 2.594686 5.348581 0.123000
v 2.613701 5.345096 0.122000
v 2.556063 5.050685 0.122000
v 2.544178 5.052863 0.123000
v 2.544178 5.052863 -0.014000
v 2.556063 5.050685 -0.014000
v 2.594686 5.348581 -0.014000
v 2.575591 5.351605 -0.014000
v 2.575591 5.351605 0.124000
v 2.594686 5.348581 0.123000
v 2.544178 5.052863 0.123000
v 2.532244 5.054753 0.124000
v 2.532244 5.054753 -0.014000
v 2.544178 5.052863 -0.014000
v 2.575591 5.351605 -0.014000
v 2.556429 5.354167 -0.014000
v 2.556429 5.354167 0.125000
v 2.575591 5.351605 0.124000
v 2.532244 5.054753 0.124000
v 2.520268 5.056355 0.125000
v 2.520268 5.056355 -0.014000
v 2.532244 5.054753 -0.014000
v 2.556429 5.354167 -0.014000
v 2.537211 5.356266 -0.014000
v 2.537211 5.356266 0.126000
v 2.556429 5.354167 0.125000
v 2.520268 5.056355 0.125000
v 2.508257 5.057666 0.126000
v 2.508257 5.057666 -0.014000
v 2.520268 5.056355 -0.014000
v 2.537211 5.356266 -0.014000
v 2.517948 5.357899 -0.014000
v 2.517948 5.357899 0.127000
v 2.537211 5.356266 0.126000
v 2.508257 5.057666 0.126000
v 2.496217 5.058687 0.127000
v 2.496217 5.058687 -0.014000
v 2.508257 5.057666 -0.014000
v 2.517948 5.357899 -0.014000
v 2.498651 5.359066 -0.014000
v 2.498651 5.359066 0.128000
v 2.517948 5.357899 0.127000
v 2.496217 5.058687 0.127000
v 2.484157 5.059416 0.128000
v 2.484157 5.059416 -0.014000
v 2.496217 5.058687 -0.014000
v 2.498651 5.359066 -0.014000
v 2.479331 5.359766 -0.014000
v 2.479331 5.359766 0.129000
v 2.498651 5.359066 0.128000
v 2.484157 5.059416 0.128000
v 2.472082 5.059854 0.129000
v 2.472082 5.059854 -0.014000
v 2.484157 5.059416 -0.014000
v 2.479331 5.359766 -0.014000
v 2.460000 5.360000 -0.014000
v 2.460000 5.360000 0.130000
v 2.479331 5.359766 0.129000
v 2.472082 5.059854 0.129000
v 2.460000 5.060000 0.130000
v 2.460000 5.060000 -0.014000
v 2.472082 5.059854 -0.014000
v 2.460000 5.360000 -0.014000
v 2.436857 5.360000 -0.014000
v 2.436857 5.360000 0.130000
v 2.460000 5.360000 0.130000
v 2.460000 5.060000 0.130000
v 2.436857 5.060000 0.130000
v 2.436857 5.060000 -0.014000
v 2.460000 5.060000 -0.014000
v 2.436857 5.360000 -0.014000
v 2.413714 5.360000 -0.014000
v 2.413714 5.360000 0.130000
v 2.436857 5.360000 0.130000
v 2.436857 5.060000 0.130000
v 2.413714 5.060000 0.130000
v 2.413714 5.060000 -0.014000
v 2.436857 5.060000 -0.014000
v 2.413714 5.360000 -0.014000
v 2.390571 5.360000 -0.014000
v 2.390571 5.360000 0.130000
v 2.413714 5.360000 0.130000
v 2.413714 5.060000 0.130000
v 2.390571 5.060000 0.130000
v 2.390571 5.060000 -0.014000
v 2.413714 5.060000 -0.014000
v 2.390571 5.360000 -0.014000
v 2.367429 5.360000 -0.014000
v 2.367429 5.360000 0.130000
v 2.390571 5.360000 0.130000
v 2.390571 5.060000 0.130000
v 2.367429 5.060000 0.130000
v 2.367429 5.060000 -0.014000
v 2.390571 5.060000 -0.014000
v 2.367429 5.360000 -0.014000
v 2.344286 5.360000 -0.014000
v 2.344286 5.360000 0.130000
v 2.367429 5.360000 0.130000
v 2.367429 5.060000 0.130000
v 2.344286 5.060000 0.130000
v 2.344286 5.060000 -0.014000
v 2.367429 5.060000 -0.014000
v 2.344286 5.360000 -0.014000
v 2.321143 5.360000 -0.014000
v 2.321143 5.360000 0.130000
v 2.344286 5.360000 0.130000
v 2.344286 5.060000 0.130000
v 2.321143 5.060000 0.130000
v 2.321143 5.060000 -0.014000
v 2.344286 5.060000 -0.014000
v 2.321143 5.360000 -0.014000
v 2.298000 5.360000 -0.014000
v 2.298000 5.360000 0.130000
v 2.321143 5.360000 0.130000
v 2.321143 5.060000 0.130000
v 2.298000 5.060000 0.130000
v 2.298000 5.060000 -0.014000
v 2.321143 5.060000 -0.014000
v 2.298000 5.360000 -0.014000
v 2.274857 5.360000 -0.014000
v 2.274857 5.360000 0.130000
v 2.298000 5.360000 0.130000
v 2.298000 5.060000 0.130000
v 2.274857 5.060000 0.130000
v 2.274857 5.060000 -0.014000
v 2.298000 5.060000 -0.014000
v 2.274857 5.360000 -0.014000
v 2.251714 5.360000 -0.014000
v 2.251714 5.360000 0.130000
v 2.274857 5.360000 0.130000
v 2.274857 5.060000 0.130000
v 2.251714 5.060000 0.130000
v 2.251714 5.060000 -0.014000
v 2.274857 5.060000 -0.014000
v 2.251714 5.360000 -0.014000
v 2.228571 5.360000 -0.014000
v 2.228571 5.360000 0.130000
v 2.251714 5.360000 0.130000
v 2.251714 5.060000 0.130000
v 2.228571 5.060000 0.130000
v 2.228571 5.060000 -0.014000
v 2.251714 5.060000 -0.014000
v 2.228571 5.360000 -0.014000
v 2.205429 5.360000 -0.014000
v 2.205429 5.360000 0.130000
v 2.228571 5.360000 0.130000
v 2.228571 5.060000 0.130000
v 2.205429 5.060000 0.130000
v 2.205429 5.060000 -0.014000
v 2.228571 5.060000 -0.014000
v 2.205429 5.360000 -0.014000
v 2.182286 5.360000 -0.014000
v 2.182286 5.360000 0.130000
v 2.205429 5.360000 0.130000
v 2.205429 5.060000 0.130000
v 2.182286 5.060000 0.130000
v 2.182286 5.060000 -0.014000
v 2.205429 5.060000 -0.014000
v 2.182286 5.360000 -0.014000
v 2.159143 5.360000 -0.014000
v 2.159143 5.360000 0.130000
v 2.182286 5.360000 0.130000
v 2.182286 5.060000 0.130000
v 2.159143 5.060000 0.130000
v 2.159143 5.060000 -0.014000
v 2.182286 5.060000 -0.014000
v 2.159143 5.360000 -0.014000
v 2.136000 5.360000 -0.014000
v 2.136000 5.360000 0.130000
v 2.159143 5.360000 0.130000
v 2.159143 5.060000 0.130000
v 2.136000 5.060000 0.130000
v 2.136000 5.060000 -0.014000
v 2.159143 5.060000 -0.014000
v 2.136000 5.360000 -0.014000
v 2.112857 5.360000 -0.014000
v 2.112857 5.360000 0.130000
v 2.136000 5.360000 0.130000
v 2.136000 5.060000 0.130000
v 2.112857 5.060000 0.130000
v 2.112857 5.060000 -0.014000
v 2.136000 5.060000 -0.014000
v 2.112857 5.360000 -0.014000
v 2.089714 5.360000 -0.014000
v 2.089714 5.360000 0.130000
v 2.112857 5.360000 0.130000
v 2.112857 5.060000 0.130000
v 2.089714 5.060000 0.130000
v 2.089714 5.060000 -0.014000
v 2.112857 5.060000 -0.014000
v 2.089714 5.360000 -0.014000
v 2.066571 5.360000 -0.014000
v 2.066571 5.360000 0.130000
v 2.089714 5.360000 0.130000
v 2.089714 5.060000 0.130000
v 2.066571 5.060000 0.130000
v 2.066571 5.060000 -0.014000
v 2.089714 5.060000 -0.014000
v 2.066571 5.360000 -0.014000
v 2.043429 5.360000 -0.014000
v 2.043429 5.360000 0.130000
v 2.066571 5.360000 0.130000
v 2.066571 5.060000 0.130000
v 2.043429 5.060000 0.130000
v 2.043429 5.060000 -0.014000
v 2.066571 5.060000 -0.014000
v 2.043429 5.360000 -0.014000
v 2.020286 5.360000 -0.014000
v 2.020286 5.360000 0.130000
v 2.043429 5.360000 0.130000
v 2.043429 5.060000 0.130000
v 2.020286 5.060000 0.130000
v 2.020286 5.060000 -0.014000
v 2.043429 5.060000 -0.014000
v 2.020286 5.360000 -0.014000
v 1.997143 5.360000 -0.014000
v 1.997143 5.360000 0.130000
v 2.020286 5.360000 0.130000
v 2.020286 5.060000 0.130000
v 1.997143 5.060000 0.130000
v 1.997143 5.060000 -0.014000
v 2.020286 5.060000 -0.014000
v 1.997143 5.360000 -0.014000
v 1.974000 5.360000 -0.014000
v 1.974000 5.360000 0.130000
v 1.997143 5.360000 0.130000
v 1.997143 5.060000 0.130000
v 1.974000 5.060000 0.130000
v 1.974000 5.060000 -0.014000
v 1.997143 5.060000 -0.014000
v 1.974000 5.360000 -0.014000
v 1.950857 5.360000 -0.014000
v 1.950857 5.360000 0.130000
v 1.974000 5.360000 0.130000
v 1.974000 5.060000 0.130000
v 1.950857 5.060000 0.130000
v 1.950857 5.060000 -0.014000
v 1.974000 5.060000 -0.014000
v 1.950857 5.360000 -0.014000
v 1.927714 5.360000 -0.014000
v 1.927714 5.360000 0.130000
v 1.950857 5.360000 0.130000
v 1.950857 5.060000 0.130000
v 1.927714 5.060000 0.130000
v 1.927714 5.060000 -0.014000
v 1.950857 5.060000 -0.014000
v 1.927714 5.360000 -0.014000
v 1.904571 5.360000 -0.014000
v 1.904571 5.360000 0.130000
v 1.927714 5.360000 0.130000
v 1.927714 5.060000 0.130000
v 1.904571 5.060000 0.130000
v 1.904571 5.060000 -0.014000
v 1.927714 5.060000 -0.014000
v 1.904571 5.360000 -0.014000
v 1.881429 5.360000 -0.014000
v 1.881429 5.360000 0.130000
v 1.904571 5.360000 0.130000
v 1.904571 5.060000 0.130000
v 1.881429 5.060000 0.130000
v 1.881429 5.060000 -0.014000
v 1.904571 5.060000 -0.014000
v 1.881429 5.360000 -0.014000
v 1.858286 5.360000 -0.014000
v 1.858286 5.360000 0.130000
v 1.881429 5.360000 0.130000
v 1.881429 5.060000 0.130000
v 1.858286 5.060000 0.130000
v 1.858286 5.060000 -0.014000
v 1.881429 5.060000 -0.014000
v 1.858286 5.360000 -0.014000
v 1.835143 5.360000 -0.014000
v 1.835143 5.360000 0.130000
v 1.858286 5.360000 0.130000
v 1.858286 5.060000 0.130000
v 1.835143 5.060000 0.130000
v 1.835143 5.060000 -0.014000
v 1.858286 5.060000 -0.014000
v 1.835143 5.360000 -0.014000
v 1.812000 5.360000 -0.014000
v 1.812000 5.360000 0.130000
v 1.835143 5.360000 0.130000
v 1.835143 5.060000 0.130000
v 1.812000 5.060000 0.130000
v 1.812000 5.060000 -0.014000
v 1.835143 5.060000 -0.014000
v 1.812000 5.360000 -0.014000
v 1.788857 5.360000 -0.014000
v 1.788857 5.360000 0.130000
v 1.812000 5.360000 0.130000
v 1.812000 5.060000 0.130000
v 1.788857 5.060000 0.130000
v 1.788857 5.060000 -0.014000
v 1.812000 5.060000 -0.014000
v 1.788857 5.360000 -0.014000
v 1.765714 5.360000 -0.014000
v 1.765714 5.360000 0.130000
v 1.788857 5.360000 0.130000
v 1.788857 5.060000 0.130000
v 1.765714 5.060000 0.130000
v 1.765714 5.060000 -0.014000
v 1.788857 5.060000 -0.014000
v 1.765714 5.360000 -0.014000
v 1.742571 5.360000 -0.014000
v 1.742571 5.360000 0.130000
v 1.765714 5.360000 0.130000
v 1.765714 5.060000 0.130000
v 1.742571 5.060000 0.130000
v 1.742571 5.060000 -0.014000
v 1.765714 5.060000 -0.014000
v 1.742571 5.360000 -0.014000
v 1.719429 5.360000 -0.014000
v 1.719429 5.360000 0.130000
v 1.742571 5.360000 0.130000
v 1.742571 5.060000 0.130000
v 1.719429 5.060000 0.130000
v 1.719429 5.060000 -0.014000
v 1.742571 5.060000 -0.014000
v 1.719429 5.360000 -0.014000
v 1.696286 5.360000 -0.014000
v 1.696286 5.360000 0.130000
v 1.719429 5.360000 0.130000
v 1.719429 5.060000 0.130000
v 1.696286 5.060000 0.130000
v 1.696286 5.060000 -0.014000
v 1.719429 5.060000 -0.014000
v 1.696286 5.360000 -0.014000
v 1.673143 5.360000 -0.014000
v 1.673143 5.360000 0.130000
v 1.696286 5.360000 0.130000
v 1.696286 5.060000 0.130000
v 1.673143 5.060000 0.130000
v 1.673143 5.060000 -0.014000
v 1.696286 5.060000 -0.014000
v 1.673143 5.360000 -0.014000
v 1.650000 5.360000 -0.014000
v 1.650000 5.360000 0.130000
v 1.673143 5.360000 0.130000
v 1.673143 5.060000 0.130000
v 1.650000 5.060000 0.130000
v 1.650000 5.060000 -0.014000
v 1.673143 5.060000 -0.014000
v 1.650000 5.360000 -0.014000
v 1.626857 5.360000 -0.014000
v 1.626857 5.360000 0.130000
v 1.650000 5.360000 0.130000
v 1.650000 5.060000 0.130000
v 1.626857 5.060000 0.130000
v 1.626857 5.060000 -0.014000
v 1.650000 5.060000 -0.014000
v 1.626857 5.360000 -0.014000
v 1.603714 5.360000 -0.014000
v 1.603714 5.360000 0.130000
v 1.626857 5.360000 0.130000
v 1.626857 5.060000 0.130000
v 1.603714 5.060000 0.130000
v 1.603714 5.060000 -0.014000
v 1.626857 5.060000 -0.014000
v 1.603714 5.360000 -0.014000
v 1.580571 5.360000 -0.014000
v 1.580571 5.360000 0.130000
v 1.603714 5.360000 0.130000
v 1.603714 5.060000 0.130000
v 1.580571 5.060000 0.130000
v 1.580571 5.060000 -0.014000
v 1.603714 5.060000 -0.014000
v 1.580571 5.360000 -0.014000
v 1.557429 5.360000 -0.014000
v 1.557429 5.360000 0.130000
v 1.580571 5.360000 0.130000
v 1.580571 5.060000 0.130000
v 1.557429 5.060000 0.130000
v 1.557429 5.060000 -0.014000
v 1.580571 5.060000 -0.014000
v 1.557429 5.360000 -0.014000
v 1.534286 5.360000 -0.014000
v 1.534286 5.360000 0.130000
v 1.557429 5.360000 0.130000
v 1.557429 5.060000 0.130000
v 1.534286 5.060000 0.130000
v 1.534286 5.060000 -0.014000
v 1.557429 5.060000 -0.014000
v 1.534286 5.360000 -0.014000
v 1.511143 5.360000 -0.014000
v 1.511143 5.360000 0.130000
v 1.534286 5.360000 0.130000
v 1.534286 5.060000 0.130000
v 1.511143 5.060000 0.130000
v 1.511143 5.060000 -0.014000
v 1.534286 5.060000 -0.014000
v 1.511143 5.360000 -0.014000
v 1.488000 5.360000 -0.014000
v 1.488000 5.360000 0.130000
v 1.511143 5.360000 0.130000
v 1.511143 5.060000 0.130000
v 1.488000 5.060000 0.130000
v 1.488000 5.060000 -0.014000
v 1.511143 5.060000 -0.014000
v 1.488000 5.360000 -0.014000
v 1.464857 5.360000 -0.014000
v 1.464857 5.360000 0.130000
v 1.488000 5.360000 0.130000
v 1.488000 5.060000 0.130000
v 1.464857 5.060000 0.130000
v 1.464857 5.060000 -0.014000
v 1.488000 5.060000 -0.014000
v 1.464857 5.360000 -0.014000
v 1.441714 5.360000 -0.014000
v 1.441714 5.360000 0.130000
v 1.464857 5.360000 0.130000
v 1.464857 5.060000 0.130000
v 1.441714 5.060000 0.130000
v 1.441714 5.060000 -0.014000
v 1.464857 5.060000 -0.014000
v 1.441714 5.360000 -0.014000
v 1.418571 5.360000 -0.014000
v 1.418571 5.360000 0.130000
v 1.441714 5.360000 0.130000
v 1.441714 5.060000 0.130000
v 1.418571 5.060000 0.130000
v 1.418571 5.060000 -0.014000
v 1.441714 5.060000 -0.014000
v 1.418571 5.360000 -0.014000
v 1.395429 5.360000 -0.014000
v 1.395429 5.360000 0.130000
v 1.418571 5.360000 0.130000
v 1.418571 5.060000 0.130000
v 1.395429 5.060000 0.130000
v 1.395429 5.060000 -0.014000
v 1.418571 5.060000 -0.014000
v 1.395429 5.360000 -0.014000
v 1.372286 5.360000 -0.014000
v 1.372286 5.360000 0.130000
v 1.395429 5.360000 0.130000
v 1.395429 5.060000 0.130000
v 1.372286 5.060000 0.130000
v 1.372286 5.060000 -0.014000
v 1.395429 5.060000 -0.014000
v 1.372286 5.360000 -0.014000
v 1.349143 5.360000 -0.014000
v 1.349143 5.360000 0.130000
v 1.372286 5.360000 0.130000
v 1.372286 5.060000 0.130000
v 1.349143 5.060000 0.130000
v 1.349143 5.060000 -0.014000
v 1.372286 5.060000 -0.014000
v 1.349143 5.360000 -0.014000
v 1.326000 5.360000 -0.014000
v 1.326000 5.360000 0.130000
v 1.349143 5.360000 0.130000
v 1.349143 5.060000 0.130000
v 1.326000 5.060000 0.130000
v 1.326000 5.060000 -0.014000
v 1.349143 5.060000 -0.014000
v 1.326000 5.360000 -0.014000
v 1.302857 5.360000 -0.014000
v 1.302857 5.360000 0.130000
v 1.326000 5.360000 0.130000
v 1.326000 5.060000 0.130000
v 1.302857 5.060000 0.130000
v 1.302857 5.060000 -0.014000
v 1.326000 5.060000 -0.014000
v 1.302857 5.360000 -0.014000
v 1.279714 5.360000 -0.014000
v 1.279714 5.360000 0.130000
v 1.302857 5.360000 0.130000
v 1.302857 5.060000 0.130000
v 1.279714 5.060000 0.130000
v 1.279714 5.060000 -0.014000
v 1.302857 5.060000 -0.014000
v 1.279714 5.360000 -0.014000
v 1.256571 5.360000 -0.014000
v 1.256571 5.360000 0.130000
v 1.279714 5.360000 0.130000
v 1.279714 5.060000 0.130000
v 1.256571 5.060000 0.130000
v 1.256571 5.060000 -0.014000
v 1.279714 5.060000 -0.014000
v 1.256571 5.360000 -0.014000
v 1.233429 5.360000 -0.014000
v 1.233429 5.360000 0.130000
v 1.256571 5.360000 0.130000
v 1.256571 5.060000 0.130000
v 1.233429 5.060000 0.130000
v 1.233429 5.060000 -0.014000
v 1.256571 5.060000 -0.014000
v 1.233429 5.360000 -0.014000
v 1.210286 5.360000 -0.014000
v 1.210286 5.360000 0.130000
v 1.233429 5.360000 0.130000
v 1.233429 5.060000 0.130000
v 1.210286 5.060000 0.130000
v 1.210286 5.060000 -0.014000
v 1.233429 5.060000 -0.014000
v 1.210286 5.360000 -0.014000
v 1.187143 5.360000 -0.014000
v 1.187143 5.360000 0.130000
v 1.210286 5.360000 0.130000
v 1.210286 5.060000 0.130000
v 1.187143 5.060000 0.130000
v 1.187143 5.060000 -0.014000
v 1.210286 5.060000 -0.014000
v 1.187143 5.360000 -0.014000
v 1.164000 5.360000 -0.014000
v 1.164000 5.360000 0.130000
v 1.187143 5.360000 0.130000
v 1.187143 5.060000 0.130000
v 1.164000 5.060000 0.130000
v 1.164000 5.060000 -0.014000
v 1.187143 5.060000 -0.014000
v 1.164000 5.360000 -0.014000
v 1.140857 5.360000 -0.014000
v 1.140857 5.360000 0.130000
v 1.164000 5.360000 0.130000
v 1.164000 5.060000 0.130000
v 1.140857 5.060000 0.130000
v 1.140857 5.060000 -0.014000
v 1.164000 5.060000 -0.014000
v 1.140857 5.360000 -0.014000
v 1.117714 5.360000 -0.014000
v 1.117714 5.360000 0.130000
v 1.140857 5.360000 0.130000
v 1.140857 5.060000 0.130000
v 1.117714 5.060000 0.130000
v 1.117714 5.060000 -0.014000
v 1.140857 5.060000 -0.014000
v 1.117714 5.360000 -0.014000
v 1.094571 5.360000 -0.014000
v 1.094571 5.360000 0.130000
v 1.117714 5.360000 0.130000
v 1.117714 5.060000 0.130000
v 1.094571 5.060000 0.130000
v 1.094571 5.060000 -0.014000
v 1.117714 5.060000 -0.014000
v 1.094571 5.360000 -0.014000
v 1.071429 5.360000 -0.014000
v 1.071429 5.360000 0.130000
v 1.094571 5.360000 0.130000
v 1.094571 5.060000 0.130000
v 1.071429 5.060000 0.130000
v 1.071429 5.060000 -0.014000
v 1.094571 5.060000 -0.014000
v 1.071429 5.360000 -0.014000
v 1.048286 5.360000 -0.014000
v 1.048286 5.360000 0.130000
v 1.071429 5.360000 0.130000
v 1.071429 5.060000 0.130000
v 1.048286 5.060000 0.130000
v 1.048286 5.060000 -0.014000
v 1.071429 5.060000 -0.014000
v 1.048286 5.360000 -0.014000
v 1.025143 5.360000 -0.014000
v 1.025143 5.360000 0.130000
v 1.048286 5.360000 0.130000
v 1.048286 5.060000 0.130000
v 1.025143 5.060000 0.130000
v 1.025143 5.060000 -0.014000
v 1.048286 5.060000 -0.014000
v 1.025143 5.360000 -0.014000
v 1.002000 5.360000 -0.014000
v 1.002000 5.360000 0.130000
v 1.025143 5.360000 0.130000
v 1.025143 5.060000 0.130000
v 1.002000 5.060000 0.130000
v 1.002000 5.060000 -0.014000
v 1.025143 5.060000 -0.014000
v 1.002000 5.360000 -0.014000
v 0.978857 5.360000 -0.014000
v 0.978857 5.360000 0.130000
v 1.002000 5.360000 0.130000
v 1.002000 5.060000 0.130000
v 0.978857 5.060000 0.130000
v 0.978857 5.060000 -0.014000
v 1.002000 5.060000 -0.014000
v 0.978857 5.360000 -0.014000
v 0.955714 5.360000 -0.014000
v 0.955714 5.360000 0.130000
v 0.978857 5.360000 0.130000
v 0.978857 5.060000 0.130000
v 0.955714 5.060000 0.130000
v 0.955714 5.060000 -0.014000
v 0.978857 5.060000 -0.014000
v 0.955714 5.360000 -0.014000
v 0.932571 5.360000 -0.014000
v 0.932571 5.360000 0.130000
v 0.955714 5.360000 0.130000
v 0.955714 5.060000 0.130000
v 0.932571 5.060000 0.130000
v 0.932571 5.060000 -0.014000
v 0.955714 5.060000 -0.014000
v 0.932571 5.360000 -0.014000
v 0.909429 5.360000 -0.014000
v 0.909429 5.360000 0.130000
v 0.932571 5.360000 0.130000
v 0.932571 5.060000 0.130000
v 0.909429 5.060000 0.130000
v 0.909429 5.060000 -0.014000
v 0.932571 5.060000 -0.014000
v 0.909429 5.360000 -0.014000
v 0.886286 5.360000 -0.014000
v 0.886286 5.360000 0.130000
v 0.909429 5.360000 0.130000
v 0.909429 5.060000 0.130000
v 0.886286 5.060000 0.130000
v 0.886286 5.060000 -0.014000
v 0.909429 5.060000 -0.014000
v 0.886286 5.360000 -0.014000
v 0.863143 5.360000 -0.014000
v 0.863143 5.360000 0.130000
v 0.886286 5.360000 0.130000
v 0.886286 5.060000 0.130000
v 0.863143 5.060000 0.130000
v 0.863143 5.060000 -0.014000
v 0.886286 5.060000 -0.014000
v 0.863143 5.360000 -0.014000
v 0.840000 5.360000 -0.014000
v 0.840000 5.360000 0.130000
v 0.863143 5.360000 0.130000
v 0.863143 5.060000 0.130000
v 0.840000 5.060000 0.130000
v 0.840000 5.060000 -0.014000
v 0.863143 5.060000 -0.014000
v 0.840000 5.360000 -0.014000
v 0.820669 5.359766 -0.014000
v 0.820669 5.359766 0.129000
v 0.840000 5.360000 0.130000
v 0.840000 5.060000 0.130000
v 0.827918 5.059854 0.129000
v 0.827918 5.059854 -0.014000
v 0.840000 5.060000 -0.014000
v 0.820669 5.359766 -0.014000
v 0.801349 5.359066 -0.014000
v 0.801349 5.359066 0.128000
v 0.820669 5.359766 0.129000
v 0.827918 5.059854 0.129000
v 0.815843 5.059416 0.128000
v 0.815843 5.059416 -0.014000
v 0.827918 5.059854 -0.014000
v 0.801349 5.359066 -0.014000
v 0.782052 5.357899 -0.014000
v 0.782052 5.357899 0.127000
v 0.801349 5.359066 0.128000
v 0.815843 5.059416 0.128000
v 0.803783 5.058687 0.127000
v 0.803783 5.058687 -0.014000
v 0.815843 5.059416 -0.014000
v 0.782052 5.357899 -0.014000
v 0.762789 5.356266 -0.014000
v 0.762789 5.356266 0.126000
v 0.782052 5.357899 0.127000
v 0.803783 5.058687 0.127000
v 0.791743 5.057666 0.126000
v 0.791743 5.057666 -0.014000
v 0.803783 5.058687 -0.014000
v 0.762789 5.356266 -0.014000
v 0.743571 5.354167 -0.014000
v 0.743571 5.354167 0.125000
v 0.762789 5.356266 0.126000
v 0.791743 5.057666 0.126000
v 0.779732 5.056355 0.125000
v 0.779732 5.056355 -0.014000
v 0.791743 5.057666 -0.014000
v 0.743571 5.354167 -0.014000
v 0.724409 5.351605 -0.014000
v 0.724409 5.351605 0.124000
v 0.743571 5.354167 0.125000
v 0.779732 5.056355 0.125000
v 0.767755 5.054753 0.124000
v 0.767755 5.054753 -0.014000
v 0.779732 5.056355 -0.014000
v 0.724409 5.351605 -0.014000
v 0.705314 5.348581 -0.014000
v 0.705314 5.348581 0.123000
v 0.724409 5.351605 0.124000
v 0.767755 5.054753 0.124000
v 0.755821 5.052863 0.123000
v 0.755821 5.052863 -0.014000
v 0.767755 5.054753 -0.014000
v 0.705314 5.348581 -0.014000
v 0.686299 5.345096 -0.014000
v 0.686299 5.345096 0.122000
v 0.705314 5.348581 0.123000
v 0.755821 5.052863 0.123000
v 0.743937 5.050685 0.122000
v 0.743937 5.050685 -0.014000
v 0.755821 5.052863 -0.014000
v 0.686299 5.345096 -0.014000
v 0.667373 5.341153 -0.014000
v 0.667373 5.341153 0.121000
v 0.686299 5.345096 0.122000
v 0.743937 5.050685 0.122000
v 0.732108 5.048221 0.121000
v 0.732108 5.048221 -0.014000
v 0.743937 5.050685 -0.014000
v 0.667373 5.341153 -0.014000
v 0.648547 5.336753 -0.014000
v 0.648547 5.336753 0.120000
v 0.667373 5.341153 0.121000
v 0.732108 5.048221 0.121000
v 0.720342 5.045471 0.120000
v 0.720342 5.045471 -0.014000
v 0.732108 5.048221 -0.014000
v 0.648547 5.336753 -0.014000
v 0.629834 5.331901 -0.014000
v 0.629834 5.331901 0.119000
v 0.648547 5.336753 0.120000
v 0.720342 5.045471 0.120000
v 0.708646 5.042438 0.119000
v 0.708646 5.042438 -0.014000
v 0.720342 5.045471 -0.014000
v 0.629834 5.331901 -0.014000
v 0.611243 5.326597 -0.014000
v 0.611243 5.326597 0.118000
v 0.629834 5.331901 0.119000
v 0.708646 5.042438 0.119000
v 0.697027 5.039123 0.118000
v 0.697027 5.039123 -0.014000
v 0.708646 5.042438 -0.014000
v 0.611243 5.326597 -0.014000
v 0.592786 5.320845 -0.014000
v 0.592786 5.320845 0.117000
v 0.611243 5.326597 0.118000
v 0.697027 5.039123 0.118000
v 0.685492 5.035528 0.117000
v 0.685492 5.035528 -0.014000
v 0.697027 5.039123 -0.014000
v 0.592786 5.320845 -0.014000
v 0.574474 5.314650 -0.014000
v 0.574474 5.314650 0.116000
v 0.592786 5.320845 0.117000
v 0.685492 5.035528 0.117000
v 0.674046 5.031656 0.116000
v 0.674046 5.031656 -0.014000
v 0.685492 5.035528 -0.014000
v 0.574474 5.314650 -0.014000
v 0.556316 5.308013 -0.014000
v 0.556316 5.308013 0.115000
v 0.574474 5.314650 0.116000
v 0.674046 5.031656 0.116000
v 0.662698 5.027508 0.115000
v 0.662698 5.027508 -0.014000
v 0.674046 5.031656 -0.014000
v 0.556316 5.308013 -0.014000
v 0.538324 5.300940 -0.014000
v 0.538324 5.300940 0.114000
v 0.556316 5.308013 0.115000
v 0.662698 5.027508 0.115000
v 0.651453 5.023088 0.114000
v 0.651453 5.023088 -0.014000
v 0.662698 5.027508 -0.014000
v 0.538324 5.300940 -0.014000
v 0.520508 5.293434 -0.014000
v 0.520508 5.293434 0.113000
v 0.538324 5.300940 0.114000
v 0.651453 5.023088 0.114000
v 0.640318 5.018396 0.113000
v 0.640318 5.018396 -0.014000
v 0.651453 5.023088 -0.014000
v 0.520508 5.293434 -0.014000
v 0.502879 5.285500 -0.014000
v 0.502879 5.285500 0.112000
v 0.520508 5.293434 0.113000
v 0.640318 5.018396 0.113000
v 0.629299 5.013437 0.112000
v 0.629299 5.013437 -0.014000
v 0.640318 5.018396 -0.014000
v 0.502879 5.285500 -0.014000
v 0.485447 5.277142 -0.014000
v 0.485447 5.277142 0.111000
v 0.502879 5.285500 0.112000
v 0.629299 5.013437 0.112000
v 0.618404 5.008214 0.111000
v 0.618404 5.008214 -0.014000
v 0.629299 5.013437 -0.014000
v 0.485447 5.277142 -0.014000
v 0.468221 5.268365 -0.014000
v 0.468221 5.268365 0.110000
v 0.485447 5.277142 0.111000
v 0.618404 5.008214 0.111000
v 0.607638 5.002728 0.110000
v 0.607638 5.002728 -0.014000
v 0.618404 5.008214 -0.014000
v 0.468221 5.268365 -0.014000
v 0.451213 5.259174 -0.014000
v 0.451213 5.259174 0.109000
v 0.468221 5.268365 0.110000
v 0.607638 5.002728 0.110000
v 0.597008 4.996984 0.109000
v 0.597008 4.996984 -0.014000
v 0.607638 5.002728 -0.014000
v 0.451213 5.259174 -0.014000
v 0.434432 5.249576 -0.014000
v 0.434432 5.249576 0.108000
v 0.451213 5.259174 0.109000
v 0.597008 4.996984 0.109000
v 0.586520 4.990985 0.108000
v 0.586520 4.990985 -0.014000
v 0.597008 4.996984 -0.014000
v 0.434432 5.249576 -0.014000
v 0.417888 5.239574 -0.014000
v 0.417888 5.239574 0.107000
v 0.434432 5.249576 0.108000
v 0.586520 4.990985 0.108000
v 0.576180 4.984734 0.107000
v 0.576180 4.984734 -0.014000
v 0.586520 4.990985 -0.014000
v 0.417888 5.239574 -0.014000
v 0.401590 5.229176 -0.014000
v 0.401590 5.229176 0.106000
v 0.417888 5.239574 0.107000
v 0.576180 4.984734 0.107000
v 0.565994 4.978235 0.106000
v 0.565994 4.978235 -0.014000
v 0.576180 4.984734 -0.014000
v 0.401590 5.229176 -0.014000
v 0.385548 5.218387 -0.014000
v 0.385548 5.218387 0.105000
v 0.401590 5.229176 0.106000
v 0.565994 4.978235 0.106000
v 0.555968 4.971492 0.105000
v 0.555968 4.971492 -0.014000
v 0.565994 4.978235 -0.014000
v 0.385548 5.218387 -0.014000
v 0.369772 5.207213 -0.014000
v 0.369772 5.207213 0.104000
v 0.385548 5.218387 0.105000
v 0.555968 4.971492 0.105000
v 0.546107 4.964509 0.104000
v 0.546107 4.964509 -0.014000
v 0.555968 4.971492 -0.014000
v 0.369772 5.207213 -0.014000
v 0.354270 5.195662 -0.014000
v 0.354270 5.195662 0.103000
v 0.369772 5.207213 0.104000
v 0.546107 4.964509 0.104000
v 0.536419 4.957289 0.103000
v 0.536419 4.957289 -0.014000
v 0.546107 4.964509 -0.014000
v 0.354270 5.195662 -0.014000
v 0.339052 5.183740 -0.014000
v 0.339052 5.183740 0.102000
v 0.354270 5.195662 0.103000
v 0.536419 4.957289 0.103000
v 0.526907 4.949837 0.102000
v 0.526907 4.949837 -0.014000
v 0.536419 4.957289 -0.014000
v 0.339052 5.183740 -0.014000
v 0.324126 5.171453 -0.014000
v 0.324126 5.171453 0.101000
v 0.339052 5.183740 0.102000
v 0.526907 4.949837 0.102000
v 0.517579 4.942158 0.101000
v 0.517579 4.942158 -0.014000
v 0.526907 4.949837 -0.014000
v 0.324126 5.171453 -0.014000
v 0.309502 5.158809 -0.014000
v 0.309502 5.158809 0.100000
v 0.324126 5.171453 0.101000
v 0.517579 4.942158 0.101000
v 0.508439 4.934256 0.100000
v 0.508439 4.934256 -0.014000
v 0.517579 4.942158 -0.014000
v 0.309502 5.158809 -0.014000
v 0.295187 5.145815 -0.014000
v 0.295187 5.145815 0.099000
v 0.309502 5.158809 0.100000
v 0.508439 4.934256 0.100000
v 0.499492 4.926134 0.099000
v 0.499492 4.926134 -0.014000
v 0.508439 4.934256 -0.014000
v 0.295187 5.145815 -0.014000
v 0.281191 5.132479 -0.014000
v 0.281191 5.132479 0.098000
v 0.295187 5.145815 0.099000
v 0.499492 4.926134 0.099000
v 0.490744 4.917799 0.098000
v 0.490744 4.917799 -0.014000
v 0.499492 4.926134 -0.014000
v 0.281191 5.132479 -0.014000
v 0.267521 5.118809 -0.014000
v 0.267521 5.118809 0.097000
v 0.281191 5.132479 0.098000
v 0.490744 4.917799 0.098000
v 0.482201 4.909256 0.097000
v 0.482201 4.909256 -0.014000
v 0.490744 4.917799 -0.014000
v 0.267521 5.118809 -0.014000
v 0.254185 5.104813 -0.014000
v 0.254185 5.104813 0.096000
v 0.267521 5.118809 0.097000
v 0.482201 4.909256 0.097000
v 0.473866 4.900508 0.096000
v 0.473866 4.900508 -0.014000
v 0.482201 4.909256 -0.014000
v 0.254185 5.104813 -0.014000
v 0.241191 5.090498 -0.014000
v 0.241191 5.090498 0.095000
v 0.254185 5.104813 0.096000
v 0.473866 4.900508 0.096000
v 0.465745 4.891562 0.095000
v 0.465745 4.891562 -0.014000
v 0.473866 4.900508 -0.014000
v 0.241191 5.090498 -0.014000
v 0.228547 5.075874 -0.014000
v 0.228547 5.075874 0.094000
v 0.241191 5.090498 0.095000
v 0.465745 4.891562 0.095000
v 0.457842 4.882421 0.094000
v 0.457842 4.882421 -0.014000
v 0.465745 4.891562 -0.014000
v 0.228547 5.075874 -0.014000
v 0.216261 5.060948 -0.014000
v 0.216261 5.060948 0.093000
v 0.228547 5.075874 0.094000
v 0.457842 4.882421 0.094000
v 0.450163 4.873093 0.093000
v 0.450163 4.873093 -0.014000
v 0.457842 4.882421 -0.014000
v 0.216261 5.060948 -0.014000
v 0.204338 5.045730 -0.014000
v 0.204338 5.045730 0.092000
v 0.216261 5.060948 0.093000
v 0.450163 4.873093 0.093000
v 0.442711 4.863581 0.092000
v 0.442711 4.863581 -0.014000
v 0.450163 4.873093 -0.014000
v 0.204338 5.045730 -0.014000
v 0.192786 5.030228 -0.014000
v 0.192786 5.030228 0.091000
v 0.204338 5.045730 0.092000
v 0.442711 4.863581 0.092000
v 0.435492 4.853893 0.091000
v 0.435492 4.853893 -0.014000
v 0.442711 4.863581 -0.014000
v 0.192786 5.030228 -0.014000
v 0.181613 5.014452 -0.014000
v 0.181613 5.014452 0.090000
v 0.192786 5.030228 0.091000
v 0.435492 4.853893 0.091000
v 0.428508 4.844032 0.090000
v 0.428508 4.844032 -0.014000
v 0.435492 4.853893 -0.014000
v 0.181613 5.014452 -0.014000
v 0.170824 4.998410 -0.014000
v 0.170824 4.998410 0.089000
v 0.181613 5.014452 0.090000
v 0.428508 4.844032 0.090000
v 0.421765 4.834006 0.089000
v 0.421765 4.834006 -0.014000
v 0.428508 4.844032 -0.014000
v 0.170824 4.998410 -0.014000
v 0.160426 4.982112 -0.014000
v 0.160426 4.982112 0.088000
v 0.170824 4.998410 0.089000
v 0.421765 4.834006 0.089000
v 0.415266 4.823820 0.088000
v 0.415266 4.823820 -0.014000
v 0.421765 4.834006 -0.014000
v 0.160426 4.982112 -0.014000
v 0.150424 4.965568 -0.014000
v 0.150424 4.965568 0.087000
v 0.160426 4.982112 0.088000
v 0.415266 4.823820 0.088000
v 0.409015 4.813480 0.087000
v 0.409015 4.813480 -0.014000
v 0.415266 4.823820 -0.014000
v 0.150424 4.965568 -0.014000
v 0.140826 4.948787 -0.014000
v 0.140826 4.948787 0.086000
v 0.150424 4.965568 0.087000
v 0.409015 4.813480 0.087000
v 0.403016 4.802992 0.086000
v 0.403016 4.802992 -0.014000
v 0.409015 4.813480 -0.014000
v 0.140826 4.948787 -0.014000
v 0.131635 4.931778 -0.014000
v 0.131635 4.931778 0.085000
v 0.140826 4.948787 0.086000
v 0.403016 4.802992 0.086000
v 0.397272 4.792362 0.085000
v 0.397272 4.792362 -0.014000
v 0.403016 4.802992 -0.014000
v 0.131635 4.931778 -0.014000
v 0.122858 4.914553 -0.014000
v 0.122858 4.914553 0.084000
v 0.131635 4.931778 0.085000
v 0.397272 4.792362 0.085000
v 0.391787 4.781596 0.084000
v 0.391787 4.781596 -0.014000
v 0.397272 4.792362 -0.014000
v 0.122858 4.914553 -0.014000
v 0.114501 4.897121 -0.014000
v 0.114501 4.897121 0.083000
v 0.122858 4.914553 0.084000
v 0.391787 4.781596 0.084000
v 0.386563 4.770700 0.083000
v 0.386563 4.770700 -0.014000
v 0.391787 4.781596 -0.014000
v 0.114501 4.897121 -0.014000
v 0.106566 4.879492 -0.014000
v 0.106566 4.879492 0.082000
v 0.114501 4.897121 0.083000
v 0.386563 4.770700 0.083000
v 0.381604 4.759682 0.082000
v 0.381604 4.759682 -0.014000
v 0.386563 4.770700 -0.014000
v 0.106566 4.879492 -0.014000
v 0.099060 4.861676 -0.014000
v 0.099060 4.861676 0.081000
v 0.106566 4.879492 0.082000
v 0.381604 4.759682 0.082000
v 0.376913 4.748548 0.081000
v 0.376913 4.748548 -0.014000
v 0.381604 4.759682 -0.014000
v 0.099060 4.861676 -0.014000
v 0.091987 4.843684 -0.014000
v 0.091987 4.843684 0.080000
v 0.099060 4.861676 0.081000
v 0.376913 4.748548 0.081000
v 0.372492 4.737302 0.080000
v 0.372492 4.737302 -0.014000
v 0.376913 4.748548 -0.014000
v 0.091987 4.843684 -0.014000
v 0.085351 4.825526 -0.014000
v 0.085351 4.825526 0.079000
v 0.091987 4.843684 0.080000
v 0.372492 4.737302 0.080000
v 0.368344 4.725954 0.079000
v 0.368344 4.725954 -0.014000
v 0.372492 4.737302 -0.014000
v 0.085351 4.825526 -0.014000
v 0.079155 4.807214 -0.014000
v 0.079155 4.807214 0.078000
v 0.085351 4.825526 0.079000
v 0.368344 4.725954 0.079000
v 0.364472 4.714509 0.078000
v 0.364472 4.714509 -0.014000
v 0.368344 4.725954 -0.014000
v 0.079155 4.807214 -0.014000
v 0.073403 4.788756 -0.014000
v 0.073403 4.788756 0.077000
v 0.079155 4.807214 0.078000
v 0.364472 4.714509 0.078000
v 0.360877 4.702973 0.077000
v 0.360877 4.702973 -0.014000
v 0.364472 4.714509 -0.014000
v 0.073403 4.788756 -0.014000
v 0.068100 4.770166 -0.014000
v 0.068100 4.770166 0.076000
v 0.073403 4.788756 0.077000
v 0.360877 4.702973 0.077000
v 0.357562 4.691354 0.076000
v 0.357562 4.691354 -0.014000
v 0.360877 4.702973 -0.014000
v 0.068100 4.770166 -0.014000
v 0.063247 4.751452 -0.014000
v 0.063247 4.751452 0.075000
v 0.068100 4.770166 0.076000
v 0.357562 4.691354 0.076000
v 0.354529 4.679658 0.075000
v 0.354529 4.679658 -0.014000
v 0.357562 4.691354 -0.014000
v 0.063247 4.751452 -0.014000
v 0.058847 4.732627 -0.014000
v 0.058847 4.732627 0.074000
v 0.063247 4.751452 0.075000
v 0.354529 4.679658 0.075000
v 0.351779 4.667892 0.074000
v 0.351779 4.667892 -0.014000
v 0.354529 4.679658 -0.014000
v 0.058847 4.732627 -0.014000
v 0.054904 4.713701 -0.014000
v 0.054904 4.713701 0.073000
v 0.058847 4.732627 0.074000
v 0.351779 4.667892 0.074000
v 0.349315 4.656064 0.073000
v 0.349315 4.656064 -0.014000
v 0.351779 4.667892 -0.014000
v 0.054904 4.713701 -0.014000
v 0.051419 4.694685 -0.014000
v 0.051419 4.694685 0.072000
v 0.054904 4.713701 0.073000
v 0.349315 4.656064 0.073000
v 0.347137 4.644178 0.072000
v 0.347137 4.644178 -0.014000
v 0.349315 4.656064 -0.014000
v 0.051419 4.694685 -0.014000
v 0.048395 4.675591 -0.014000
v 0.048395 4.675591 0.071000
v 0.051419 4.694685 0.072000
v 0.347137 4.644178 0.072000
v 0.345247 4.632245 0.071000
v 0.345247 4.632245 -0.014000
v 0.347137 4.644178 -0.014000
v 0.048395 4.675591 -0.014000
v 0.045833 4.656429 -0.014000
v 0.045833 4.656429 0.070000
v 0.048395 4.675591 0.071000
v 0.345247 4.632245 0.071000
v 0.343646 4.620268 0.070000
v 0.343646 4.620268 -0.014000
v 0.345247 4.632245 -0.014000
v 0.045833 4.656429 -0.014000
v 0.043735 4.637211 -0.014000
v 0.043735 4.637211 0.069000
v 0.045833 4.656429 0.070000
v 0.343646 4.620268 0.070000
v 0.342334 4.608257 0.069000
v 0.342334 4.608257 -0.014000
v 0.343646 4.620268 -0.014000
v 0.043735 4.637211 -0.014000
v 0.042101 4.617948 -0.014000
v 0.042101 4.617948 0.068000
v 0.043735 4.637211 0.069000
v 0.342334 4.608257 0.069000
v 0.341313 4.596218 0.068000
v 0.341313 4.596218 -0.014000
v 0.342334 4.608257 -0.014000
v 0.042101 4.617948 -0.014000
v 0.040934 4.598651 -0.014000
v 0.040934 4.598651 0.067000
v 0.042101 4.617948 0.068000
v 0.341313 4.596218 0.068000
v 0.340584 4.584157 0.067000
v 0.340584 4.584157 -0.014000
v 0.341313 4.596218 -0.014000
v 0.040934 4.598651 -0.014000
v 0.040234 4.579331 -0.014000
v 0.040234 4.579331 0.066000
v 0.040934 4.598651 0.067000
v 0.340584 4.584157 0.067000
v 0.340146 4.572082 0.066000
v 0.340146 4.572082 -0.014000
v 0.340584 4.584157 -0.014000
v 0.040234 4.579331 -0.014000
v 0.040000 4.560000 -0.014000
v 0.040000 4.560000 0.065000
v 0.040234 4.579331 0.066000
v 0.340146 4.572082 0.066000
v 0.340000 4.560000 0.065000
v 0.340000 4.560000 -0.014000
v 0.340146 4.572082 -0.014000
v 0.040000 4.560000 -0.014000
v 0.040000 4.539333 -0.014000
v 0.040000 4.539333 0.063487
v 0.040000 4.560000 0.065000
v 0.340000 4.560000 0.065000
v 0.340000 4.539333 0.063487
v 0.340000 4.539333 -0.014000
v 0.340000 4.560000 -0.014000
v 0.040000 4.539333 -0.014000
v 0.040000 4.518667 -0.014000
v 0.040000 4.518667 0.061973
v 0.040000 4.539333 0.063487
v 0.340000 4.539333 0.063487
v 0.340000 4.518667 0.061973
v 0.340000 4.518667 -0.014000
v 0.340000 4.539333 -0.014000
v 0.040000 4.518667 -0.014000
v 0.040000 4.498000 -0.014000
v 0.040000 4.498000 0.060460
v 0.040000 4.518667 0.061973
v 0.340000 4.518667 0.061973
v 0.340000 4.498000 0.060460
v 0.340000 4.498000 -0.014000
v 0.340000 4.518667 -0.014000
v 0.040000 4.498000 -0.014000
v 0.040000 4.477334 -0.014000
v 0.040000 4.477334 0.058946
v 0.040000 4.498000 0.060460
v 0.340000 4.498000 0.060460
v 0.340000 4.477334 0.058946
v 0.340000 4.477334 -0.014000
v 0.340000 4.498000 -0.014000
v 0.040000 4.477334 -0.014000
v 0.040000 4.456666 -0.014000
v 0.040000 4.456666 0.057433
v 0.040000 4.477334 0.058946
v 0.340000 4.477334 0.058946
v 0.340000 4.456666 0.057433
v 0.340000 4.456666 -0.014000
v 0.340000 4.477334 -0.014000
v 0.040000 4.456666 -0.014000
v 0.040000 4.436000 -0.014000
v 0.040000 4.436000 0.055920
v 0.040000 4.456666 0.057433
v 0.340000 4.456666 0.057433
v 0.340000 4.436000 0.055920
v 0.340000 4.436000 -0.014000
v 0.340000 4.456666 -0.014000
v 0.040000 4.436000 -0.014000
v 0.040000 4.415333 -0.014000
v 0.040000 4.415333 0.054406
v 0.040000 4.436000 0.055920
v 0.340000 4.436000 0.055920
v 0.340000 4.415333 0.054406
v 0.340000 4.415333 -0.014000
v 0.340000 4.436000 -0.014000
v 0.040000 4.415333 -0.014000
v 0.040000 4.394667 -0.014000
v 0.040000 4.394667 0.052893
v 0.040000 4.415333 0.054406
v 0.340000 4.415333 0.054406
v 0.340000 4.394667 0.052893
v 0.340000 4.394667 -0.014000
v 0.340000 4.415333 -0.014000
v 0.040000 4.394667 -0.014000
v 0.040000 4.374000 -0.014000
v 0.040000 4.374000 0.051379
v 0.040000 4.394667 0.052893
v 0.340000 4.394667 0.052893
v 0.340000 4.374000 0.051379
v 0.340000 4.374000 -0.014000
v 0.340000 4.394667 -0.014000
v 0.040000 4.374000 -0.014000
v 0.040000 4.353333 -0.014000
v 0.040000 4.353333 0.049866
v 0.040000 4.374000 0.051379
v 0.340000 4.374000 0.051379
v 0.340000 4.353333 0.049866
v 0.340000 4.353333 -0.014000
v 0.340000 4.374000 -0.014000
v 0.040000 4.353333 -0.014000
v 0.040000 4.332667 -0.014000
v 0.040000 4.332667 0.048353
v 0.040000 4.353333 0.049866
v 0.340000 4.353333 0.049866
v 0.340000 4.332667 0.048353
v 0.340000 4.332667 -0.014000
v 0.340000 4.353333 -0.014000
v 0.040000 4.332667 -0.014000
v 0.040000 4.312000 -0.014000
v 0.040000 4.312000 0.046839
v 0.040000 4.332667 0.048353
v 0.340000 4.332667 0.048353
v 0.340000 4.312000 0.046839
v 0.340000 4.312000 -0.014000
v 0.340000 4.332667 -0.014000
v 0.040000 4.312000 -0.014000
v 0.040000 4.291333 -0.014000
v 0.040000 4.291333 0.045326
v 0.040000 4.312000 0.046839
v 0.340000 4.312000 0.046839
v 0.340000 4.291333 0.045326
v 0.340000 4.291333 -0.014000
v 0.340000 4.312000 -0.014000
v 0.040000 4.291333 -0.014000
v 0.040000 4.270667 -0.014000
v 0.040000 4.270667 0.043812
v 0.040000 4.291333 0.045326
v 0.340000 4.291333 0.045326
v 0.340000 4.270667 0.043812
v 0.340000 4.270667 -0.014000
v 0.340000 4.291333 -0.014000
v 0.040000 4.270667 -0.014000
v 0.040000 4.250000 -0.014000
v 0.040000 4.250000 0.042299
v 0.040000 4.270667 0.043812
v 0.340000 4.270667 0.043812
v 0.340000 4.250000 0.042299
v 0.340000 4.250000 -0.014000
v 0.340000 4.270667 -0.014000
v 0.040000 4.250000 -0.014000
v 0.040000 4.229333 -0.014000
v 0.040000 4.229333 0.040786
v 0.040000 4.250000 0.042299
v 0.340000 4.250000 0.042299
v 0.340000 4.229333 0.040786
v 0.340000 4.229333 -0.014000
v 0.340000 4.250000 -0.014000
v 0.040000 4.229333 -0.014000
v 0.040000 4.208667 -0.014000
v 0.040000 4.208667 0.039272
v 0.040000 4.229333 0.040786
v 0.340000 4.229333 0.040786
v 0.340000 4.208667 0.039272
v 0.340000 4.208667 -0.014000
v 0.340000 4.229333 -0.014000
v 0.040000 4.208667 -0.014000
v 0.040000 4.188000 -0.014000
v 0.040000 4.188000 0.037759
v 0.040000 4.208667 0.039272
v 0.340000 4.208667 0.039272
v 0.340000 4.188000 0.037759
v 0.340000 4.188000 -0.014000
v 0.340000 4.208667 -0.014000
v 0.040000 4.188000 -0.014000
v 0.040000 4.167333 -0.014000
v 0.040000 4.167333 0.036245
v 0.040000 4.188000 0.037759
v 0.340000 4.188000 0.037759
v 0.340000 4.167333 0.036245
v 0.340000 4.167333 -0.014000
v 0.340000 4.188000 -0.014000
v 0.040000 4.167333 -0.014000
v 0.040000 4.146667 -0.014000
v 0.040000 4.146667 0.034732
v 0.040000 4.167333 0.036245
v 0.340000 4.167333 0.036245
v 0.340000 4.146667 0.034732
v 0.340000 4.146667 -0.014000
v 0.340000 4.167333 -0.014000
v 0.040000 4.146667 -0.014000
v 0.040000 4.126000 -0.014000
v 0.040000 4.126000 0.033218
v 0.040000 4.146667 0.034732
v 0.340000 4.146667 0.034732
v 0.340000 4.126000 0.033218
v 0.340000 4.126000 -0.014000
v 0.340000 4.146667 -0.014000
v 0.040000 4.126000 -0.014000
v 0.040000 4.105333 -0.014000
v 0.040000 4.105333 0.031705
v 0.040000 4.126000 0.033218
v 0.340000 4.126000 0.033218
v 0.340000 4.105333 0.031705
v 0.340000 4.105333 -0.014000
v 0.340000 4.126000 -0.014000
v 0.040000 4.105333 -0.014000
v 0.040000 4.084667 -0.014000
v 0.040000 4.084667 0.030192
v 0.040000 4.105333 0.031705
v 0.340000 4.105333 0.031705
v 0.340000 4.084667 0.030192
v 0.340000 4.084667 -0.014000
v 0.340000 4.105333 -0.014000
v 0.040000 4.084667 -0.014000
v 0.040000 4.064000 -0.014000
v 0.040000 4.064000 0.028678
v 0.040000 4.084667 0.030192
v 0.340000 4.084667 0.030192
v 0.340000 4.064000 0.028678
v 0.340000 4.064000 -0.014000
v 0.340000 4.084667 -0.014000
v 0.040000 4.064000 -0.014000
v 0.040000 4.043334 -0.014000
v 0.040000 4.043334 0.027165
v 0.040000 4.064000 0.028678
v 0.340000 4.064000 0.028678
v 0.340000 4.043334 0.027165
v 0.340000 4.043334 -0.014000
v 0.340000 4.064000 -0.014000
v 0.040000 4.043334 -0.014000
v 0.040000 4.022666 -0.014000
v 0.040000 4.022666 0.025651
v 0.040000 4.043334 0.027165
v 0.340000 4.043334 0.027165
v 0.340000 4.022666 0.025651
v 0.340000 4.022666 -0.014000
v 0.340000 4.043334 -0.014000
v 0.040000 4.022666 -0.014000
v 0.040000 4.002000 -0.014000
v 0.040000 4.002000 0.024138
v 0.040000 4.022666 0.025651
v 0.340000 4.022666 0.025651
v 0.340000 4.002000 0.024138
v 0.340000 4.002000 -0.014000
v 0.340000 4.022666 -0.014000
v 0.040000 4.002000 -0.014000
v 0.040000 3.981333 -0.014000
v 0.040000 3.981333 0.022625
v 0.040000 4.002000 0.024138
v 0.340000 4.002000 0.024138
v 0.340000 3.981333 0.022625
v 0.340000 3.981333 -0.014000
v 0.340000 4.002000 -0.014000
v 0.040000 3.981333 -0.014000
v 0.040000 3.960667 -0.014000
v 0.040000 3.960667 0.021111
v 0.040000 3.981333 0.022625
v 0.340000 3.981333 0.022625
v 0.340000 3.960667 0.021111
v 0.340000 3.960667 -0.014000
v 0.340000 3.981333 -0.014000
v 0.040000 3.960667 -0.014000
v 0.040000 3.940000 -0.014000
v 0.040000 3.940000 0.019598
v 0.040000 3.960667 0.021111
v 0.340000 3.960667 0.021111
v 0.340000 3.940000 0.019598
v 0.340000 3.940000 -0.014000
v 0.340000 3.960667 -0.014000
v 0.040000 3.940000 -0.014000
v 0.040000 3.919333 -0.014000
v 0.040000 3.919333 0.018084
v 0.040000 3.940000 0.019598
v 0.340000 3.940000 0.019598
v 0.340000 3.919333 0.018084
v 0.340000 3.919333 -0.014000
v 0.340000 3.940000 -0.014000
v 0.040000 3.919333 -0.014000
v 0.040000 3.898667 -0.014000
v 0.040000 3.898667 0.016571
v 0.040000 3.919333 0.018084
v 0.340000 3.919333 0.018084
v 0.340000 3.898667 0.016571
v 0.340000 3.898667 -0.014000
v 0.340000 3.919333 -0.014000
v 0.040000 3.898667 -0.014000
v 0.040000 3.878000 -0.014000
v 0.040000 3.878000 0.015058
v 0.040000 3.898667 0.016571
v 0.340000 3.898667 0.016571
v 0.340000 3.878000 0.015058
v 0.340000 3.878000 -0.014000
v 0.340000 3.898667 -0.014000
v 0.040000 3.878000 -0.014000
v 0.040000 3.857333 -0.014000
v 0.040000 3.857333 0.013544
v 0.040000 3.878000 0.015058
v 0.340000 3.878000 0.015058
v 0.340000 3.857333 0.013544
v 0.340000 3.857333 -0.014000
v 0.340000 3.878000 -0.014000
v 0.040000 3.857333 -0.014000
v 0.040000 3.836667 -0.014000
v 0.040000 3.836667 0.012031
v 0.040000 3.857333 0.013544
v 0.340000 3.857333 0.013544
v 0.340000 3.836667 0.012031
v 0.340000 3.836667 -0.014000
v 0.340000 3.857333 -0.014000
v 0.040000 3.836667 -0.014000
v 0.040000 3.816000 -0.014000
v 0.040000 3.816000 0.010517
v 0.040000 3.836667 0.012031
v 0.340000 3.836667 0.012031
v 0.340000 3.816000 0.010517
v 0.340000 3.816000 -0.014000
v 0.340000 3.836667 -0.014000
v 0.040000 3.816000 -0.014000
v 0.040000 3.795333 -0.014000
v 0.040000 3.795333 0.009004
v 0.040000 3.816000 0.010517
v 0.340000 3.816000 0.010517
v 0.340000 3.795333 0.009004
v 0.340000 3.795333 -0.014000
v 0.340000 3.816000 -0.014000
v 0.040000 3.795333 -0.014000
v 0.040000 3.774667 -0.014000
v 0.040000 3.774667 0.007491
v 0.040000 3.795333 0.009004
v 0.340000 3.795333 0.009004
v 0.340000 3.774667 0.007491
v 0.340000 3.774667 -0.014000
v 0.340000 3.795333 -0.014000
v 0.040000 3.774667 -0.014000
v 0.040000 3.754000 -0.014000
v 0.040000 3.754000 0.005977
v 0.040000 3.774667 0.007491
v 0.340000 3.774667 0.007491
v 0.340000 3.754000 0.005977
v 0.340000 3.754000 -0.014000
v 0.340000 3.774667 -0.014000
v 0.040000 3.754000 -0.014000
v 0.040000 3.733333 -0.014000
v 0.040000 3.733333 0.004464
v 0.040000 3.754000 0.005977
v 0.340000 3.754000 0.005977
v 0.340000 3.733333 0.004464
v 0.340000 3.733333 -0.014000
v 0.340000 3.754000 -0.014000
v 0.040000 3.733333 -0.014000
v 0.040000 3.712667 -0.014000
v 0.040000 3.712667 0.002950
v 0.040000 3.733333 0.004464
v 0.340000 3.733333 0.004464
v 0.340000 3.712667 0.002950
v 0.340000 3.712667 -0.014000
v 0.340000 3.733333 -0.014000
v 0.040000 3.712667 -0.014000
v 0.040000 3.692000 -0.014000
v 0.040000 3.692000 0.001437
v 0.040000 3.712667 0.002950
v 0.340000 3.712667 0.002950
v 0.340000 3.692000 0.001437
v 0.340000 3.692000 -0.014000
v 0.340000 3.712667 -0.014000
v 0.040000 3.692000 -0.014000
v 0.040000 3.672377 -0.014000
v 0.040000 3.672377 0.000000
v 0.040000 3.692000 0.001437
v 0.340000 3.692000 0.001437
v 0.340000 3.672377 0.000000
v 0.340000 3.672377 -0.014000
v 0.340000 3.692000 -0.014000
v 0.040000 3.672377 -0.014000
v 0.040000 3.671333 -0.014000
v 0.040000 3.671333 0.000000
v 0.040000 3.672377 0.000000
v 0.340000 3.672377 0.000000
v 0.340000 3.671333 0.000000
v 0.340000 3.671333 -0.014000
v 0.340000 3.672377 -0.014000
v 0.040000 3.671333 -0.014000
v 0.040000 3.650667 -0.014000
v 0.040000 3.650667 0.000000
v 0.040000 3.671333 0.000000
v 0.340000 3.671333 0.000000
v 0.340000 3.650667 0.000000
v 0.340000 3.650667 -0.014000
v 0.340000 3.671333 -0.014000
v 0.040000 3.650667 -0.014000
v 0.040000 3.630000 -0.014000
v 0.040000 3.630000 0.000000
v 0.040000 3.650667 0.000000
v 0.340000 3.650667 0.000000
v 0.340000 3.630000 0.000000
v 0.340000 3.630000 -0.014000
v 0.340000 3.650667 -0.014000
v 0.040000 3.630000 -0.014000
v 0.040000 3.609333 -0.014000
v 0.040000 3.609333 0.000000
v 0.040000 3.630000 0.000000
v 0.340000 3.630000 0.000000
v 0.340000 3.609333 0.000000
v 0.340000 3.609333 -0.014000
v 0.340000 3.630000 -0.014000
v 0.040000 3.609333 -0.014000
v 0.040000 3.588667 -0.014000
v 0.040000 3.588667 0.000000
v 0.040000 3.609333 0.000000
v 0.340000 3.609333 0.000000
v 0.340000 3.588667 0.000000
v 0.340000 3.588667 -0.014000
v 0.340000 3.609333 -0.014000
v 0.040000 3.588667 -0.014000
v 0.040000 3.568000 -0.014000
v 0.040000 3.568000 0.000000
v 0.040000 3.588667 0.000000
v 0.340000 3.588667 0.000000
v 0.340000 3.568000 0.000000
v 0.340000 3.568000 -0.014000
v 0.340000 3.588667 -0.014000
v 0.040000 3.568000 -0.014000
v 0.040000 3.547333 -0.014000
v 0.040000 3.547333 0.000000
v 0.040000 3.568000 0.000000
v 0.340000 3.568000 0.000000
v 0.340000 3.547333 0.000000
v 0.340000 3.547333 -0.014000
v 0.340000 3.568000 -0.014000
v 0.040000 3.547333 -0.014000
v 0.040000 3.526667 -0.014000
v 0.040000 3.526667 0.000000
v 0.040000 3.547333 0.000000
v 0.340000 3.547333 0.000000
v 0.340000 3.526667 0.000000
v 0.340000 3.526667 -0.014000
v 0.340000 3.547333 -0.014000
v 0.040000 3.526667 -0.014000
v 0.040000 3.506000 -0.014000
v 0.040000 3.506000 0.000000
v 0.040000 3.526667 0.000000
v 0.340000 3.526667 0.000000
v 0.340000 3.506000 0.000000
v 0.340000 3.506000 -0.014000
v 0.340000 3.526667 -0.014000
v 0.040000 3.506000 -0.014000
v 0.040000 3.485333 -0.014000
v 0.040000 3.485333 0.000000
v 0.040000 3.506000 0.000000
v 0.340000 3.506000 0.000000
v 0.340000 3.485333 0.000000
v 0.340000 3.485333 -0.014000
v 0.340000 3.506000 -0.014000
v 0.040000 3.485333 -0.014000
v 0.040000 3.464667 -0.014000
v 0.040000 3.464667 0.000000
v 0.040000 3.485333 0.000000
v 0.340000 3.485333 0.000000
v 0.340000 3.464667 0.000000
v 0.340000 3.464667 -0.014000
v 0.340000 3.485333 -0.014000
v 0.040000 3.464667 -0.014000
v 0.040000 3.444000 -0.014000
v 0.040000 3.444000 0.000000
v 0.040000 3.464667 0.000000
v 0.340000 3.464667 0.000000
v 0.340000 3.444000 0.000000
v 0.340000 3.444000 -0.014000
v 0.340000 3.464667 -0.014000
v 0.040000 3.444000 -0.014000
v 0.040000 3.423333 -0.014000
v 0.040000 3.423333 0.000000
v 0.040000 3.444000 0.000000
v 0.340000 3.444000 0.000000
v 0.340000 3.423333 0.000000
v 0.340000 3.423333 -0.014000
v 0.340000 3.444000 -0.014000
v 0.040000 3.423333 -0.014000
v 0.040000 3.402667 -0.014000
v 0.040000 3.402667 0.000000
v 0.040000 3.423333 0.000000
v 0.340000 3.423333 0.000000
v 0.340000 3.402667 0.000000
v 0.340000 3.402667 -0.014000
v 0.340000 3.423333 -0.014000
v 0.040000 3.402667 -0.014000
v 0.040000 3.382000 -0.014000
v 0.040000 3.382000 0.000000
v 0.040000 3.402667 0.000000
v 0.340000 3.402667 0.000000
v 0.340000 3.382000 0.000000
v 0.340000 3.382000 -0.014000
v 0.340000 3.402667 -0.014000
v 0.040000 3.382000 -0.014000
v 0.040000 3.361333 -0.014000
v 0.040000 3.361333 0.000000
v 0.040000 3.382000 0.000000
v 0.340000 3.382000 0.000000
v 0.340000 3.361333 0.000000
v 0.340000 3.361333 -0.014000
v 0.340000 3.382000 -0.014000
v 0.040000 3.361333 -0.014000
v 0.040000 3.340667 -0.014000
v 0.040000 3.340667 0.000000
v 0.040000 3.361333 0.000000
v 0.340000 3.361333 0.000000
v 0.340000 3.340667 0.000000
v 0.340000 3.340667 -0.014000
v 0.340000 3.361333 -0.014000
v 0.040000 3.340667 -0.014000
v 0.040000 3.320000 -0.014000
v 0.040000 3.320000 0.000000
v 0.040000 3.340667 0.000000
v 0.340000 3.340667 0.000000
v 0.340000 3.320000 0.000000
v 0.340000 3.320000 -0.014000
v 0.340000 3.340667 -0.014000
v 0.040000 3.320000 -0.014000
v 0.040000 3.299333 -0.014000
v 0.040000 3.299333 0.000000
v 0.040000 3.320000 0.000000
v 0.340000 3.320000 0.000000
v 0.340000 3.299333 0.000000
v 0.340000 3.299333 -0.014000
v 0.340000 3.320000 -0.014000
v 0.040000 3.299333 -0.014000
v 0.040000 3.278667 -0.014000
v 0.040000 3.278667 0.000000
v 0.040000 3.299333 0.000000
v 0.340000 3.299333 0.000000
v 0.340000 3.278667 0.000000
v 0.340000 3.278667 -0.014000
v 0.340000 3.299333 -0.014000
v 0.040000 3.278667 -0.014000
v 0.040000 3.258000 -0.014000
v 0.040000 3.258000 0.000000
v 0.040000 3.278667 0.000000
v 0.340000 3.278667 0.000000
v 0.340000 3.258000 0.000000
v 0.340000 3.258000 -0.014000
v 0.340000 3.278667 -0.014000
v 0.040000 3.258000 -0.014000
v 0.040000 3.237333 -0.014000
v 0.040000 3.237333 0.000000
v 0.040000 3.258000 0.000000
v 0.340000 3.258000 0.000000
v 0.340000 3.237333 0.000000
v 0.340000 3.237333 -0.014000
v 0.340000 3.258000 -0.014000
v 0.040000 3.237333 -0.014000
v 0.040000 3.216667 -0.014000
v 0.040000 3.216667 0.000000
v 0.040000 3.237333 0.000000
v 0.340000 3.237333 0.000000
v 0.340000 3.216667 0.000000
v 0.340000 3.216667 -0.014000
v 0.340000 3.237333 -0.014000
v 0.040000 3.216667 -0.014000
v 0.040000 3.196000 -0.014000
v 0.040000 3.196000 0.000000
v 0.040000 3.216667 0.000000
v 0.340000 3.216667 0.000000
v 0.340000 3.196000 0.000000
v 0.340000 3.196000 -0.014000
v 0.340000 3.216667 -0.014000
v 0.040000 3.196000 -0.014000
v 0.040000 3.175333 -0.014000
v 0.040000 3.175333 0.000000
v 0.040000 3.196000 0.000000
v 0.340000 3.196000 0.000000
v 0.340000 3.175333 0.000000
v 0.340000 3.175333 -0.014000
v 0.340000 3.196000 -0.014000
v 0.040000 3.175333 -0.014000
v 0.040000 3.154667 -0.014000
v 0.040000 3.154667 0.000000
v 0.040000 3.175333 0.000000
v 0.340000 3.175333 0.000000
v 0.340000 3.154667 0.000000
v 0.340000 3.154667 -0.014000
v 0.340000 3.175333 -0.014000
v 0.040000 3.154667 -0.014000
v 0.040000 3.134000 -0.014000
v 0.040000 3.134000 0.000000
v 0.040000 3.154667 0.000000
v 0.340000 3.154667 0.000000
v 0.340000 3.134000 0.000000
v 0.340000 3.134000 -0.014000
v 0.340000 3.154667 -0.014000
v 0.040000 3.134000 -0.014000
v 0.040000 3.113333 -0.014000
v 0.040000 3.113333 0.000000
v 0.040000 3.134000 0.000000
v 0.340000 3.134000 0.000000
v 0.340000 3.113333 0.000000
v 0.340000 3.113333 -0.014000
v 0.340000 3.134000 -0.014000
v 0.040000 3.113333 -0.014000
v 0.040000 3.092667 -0.014000
v 0.040000 3.092667 0.000000
v 0.040000 3.113333 0.000000
v 0.340000 3.113333 0.000000
v 0.340000 3.092667 0.000000
v 0.340000 3.092667 -0.014000
v 0.340000 3.113333 -0.014000
v 0.040000 3.092667 -0.014000
v 0.040000 3.072000 -0.014000
v 0.040000 3.072000 0.000000
v 0.040000 3.092667 0.000000
v 0.340000 3.092667 0.000000
v 0.340000 3.072000 0.000000
v 0.340000 3.072000 -0.014000
v 0.340000 3.092667 -0.014000
v 0.040000 3.072000 -0.014000
v 0.040000 3.051333 -0.014000
v 0.040000 3.051333 0.000000
v 0.040000 3.072000 0.000000
v 0.340000 3.072000 0.000000
v 0.340000 3.051333 0.000000
v 0.340000 3.051333 -0.014000
v 0.340000 3.072000 -0.014000
v 0.040000 3.051333 -0.014000
v 0.040000 3.030667 -0.014000
v 0.040000 3.030667 0.000000
v 0.040000 3.051333 0.000000
v 0.340000 3.051333 0.000000
v 0.340000 3.030667 0.000000
v 0.340000 3.030667 -0.014000
v 0.340000 3.051333 -0.014000
v 0.040000 3.030667 -0.014000
v 0.040000 3.010000 -0.014000
v 0.040000 3.010000 0.000000
v 0.040000 3.030667 0.000000
v 0.340000 3.030667 0.000000
v 0.340000 3.010000 0.000000
v 0.340000 3.010000 -0.014000
v 0.340000 3.030667 -0.014000
v 0.040000 3.010000 -0.014000
v 0.040000 2.989333 -0.014000
v 0.040000 2.989333 0.000000
v 0.040000 3.010000 0.000000
v 0.340000 3.010000 0.000000
v 0.340000 2.989333 0.000000
v 0.340000 2.989333 -0.014000
v 0.340000 3.010000 -0.014000
v 0.040000 2.989333 -0.014000
v 0.040000 2.968667 -0.014000
v 0.040000 2.968667 0.000000
v 0.040000 2.989333 0.000000
v 0.340000 2.989333 0.000000
v 0.340000 2.968667 0.000000
v 0.340000 2.968667 -0.014000
v 0.340000 2.989333 -0.014000
v 0.040000 2.968667 -0.014000
v 0.040000 2.948000 -0.014000
v 0.040000 2.948000 0.000000
v 0.040000 2.968667 0.000000
v 0.340000 2.968667 0.000000
v 0.340000 2.948000 0.000000
v 0.340000 2.948000 -0.014000
v 0.340000 2.968667 -0.014000
v 0.040000 2.948000 -0.014000
v 0.040000 2.927333 -0.014000
v 0.040000 2.927333 0.000000
v 0.040000 2.948000 0.000000
v 0.340000 2.948000 0.000000
v 0.340000 2.927333 0.000000
v 0.340000 2.927333 -0.014000
v 0.340000 2.948000 -0.014000
v 0.040000 2.927333 -0.014000
v 0.040000 2.906667 -0.014000
v 0.040000 2.906667 0.000000
v 0.040000 2.927333 0.000000
v 0.340000 2.927333 0.000000
v 0.340000 2.906667 0.000000
v 0.340000 2.906667 -0.014000
v 0.340000 2.927333 -0.014000
v 0.040000 2.906667 -0.014000
v 0.040000 2.886000 -0.014000
v 0.040000 2.886000 0.000000
v 0.040000 2.906667 0.000000
v 0.340000 2.906667 0.000000
v 0.340000 2.886000 0.000000
v 0.340000 2.886000 -0.014000
v 0.340000 2.906667 -0.014000
v 0.040000 2.886000 -0.014000
v 0.040000 2.865333 -0.014000
v 0.040000 2.865333 0.000000
v 0.040000 2.886000 0.000000
v 0.340000 2.886000 0.000000
v 0.340000 2.865333 0.000000
v 0.340000 2.865333 -0.014000
v 0.340000 2.886000 -0.014000
v 0.040000 2.865333 -0.014000
v 0.040000 2.844667 -0.014000
v 0.040000 2.844667 0.000000
v 0.040000 2.865333 0.000000
v 0.340000 2.865333 0.000000
v 0.340000 2.844667 0.000000
v 0.340000 2.844667 -0.014000
v 0.340000 2.865333 -0.014000
v 0.040000 2.844667 -0.014000
v 0.040000 2.824000 -0.014000
v 0.040000 2.824000 0.000000
v 0.040000 2.844667 0.000000
v 0.340000 2.844667 0.000000
v 0.340000 2.824000 0.000000
v 0.340000 2.824000 -0.014000
v 0.340000 2.844667 -0.014000
v 0.040000 2.824000 -0.014000
v 0.040000 2.803333 -0.014000
v 0.040000 2.803333 0.000000
v 0.040000 2.824000 0.000000
v 0.340000 2.824000 0.000000
v 0.340000 2.803333 0.000000
v 0.340000 2.803333 -0.014000
v 0.340000 2.824000 -0.014000
v 0.040000 2.803333 -0.014000
v 0.040000 2.782667 -0.014000
v 0.040000 2.782667 0.000000
v 0.040000 2.803333 0.000000
v 0.340000 2.803333 0.000000
v 0.340000 2.782667 0.000000
v 0.340000 2.782667 -0.014000
v 0.340000 2.803333 -0.014000
v 0.040000 2.782667 -0.014000
v 0.040000 2.762000 -0.014000
v 0.040000 2.762000 0.000000
v 0.040000 2.782667 0.000000
v 0.340000 2.782667 0.000000
v 0.340000 2.762000 0.000000
v 0.340000 2.762000 -0.014000
v 0.340000 2.782667 -0.014000
v 0.040000 2.762000 -0.014000
v 0.040000 2.741333 -0.014000
v 0.040000 2.741333 0.000000
v 0.040000 2.762000 0.000000
v 0.340000 2.762000 0.000000
v 0.340000 2.741333 0.000000
v 0.340000 2.741333 -0.014000
v 0.340000 2.762000 -0.014000
v 0.040000 2.741333 -0.014000
v 0.040000 2.720667 -0.014000
v 0.040000 2.720667 0.000000
v 0.040000 2.741333 0.000000
v 0.340000 2.741333 0.000000
v 0.340000 2.720667 0.000000
v 0.340000 2.720667 -0.014000
v 0.340000 2.741333 -0.014000
v 0.040000 2.720667 -0.014000
v 0.040000 2.700000 -0.014000
v 0.040000 2.700000 0.000000
v 0.040000 2.720667 0.000000
v 0.340000 2.720667 0.000000
v 0.340000 2.700000 0.000000
v 0.340000 2.700000 -0.014000
v 0.340000 2.720667 -0.014000
v 0.040000 2.700000 -0.014000
v 0.040000 2.679333 -0.014000
v 0.040000 2.679333 0.000000
v 0.040000 2.700000 0.000000
v 0.340000 2.700000 0.000000
v 0.340000 2.679333 0.000000
v 0.340000 2.679333 -0.014000
v 0.340000 2.700000 -0.014000
v 0.040000 2.679333 -0.014000
v 0.040000 2.658667 -0.014000
v 0.040000 2.658667 0.000000
v 0.040000 2.679333 0.000000
v 0.340000 2.679333 0.000000
v 0.340000 2.658667 0.000000
v 0.340000 2.658667 -0.014000
v 0.340000 2.679333 -0.014000
v 0.040000 2.658667 -0.014000
v 0.040000 2.638000 -0.014000
v 0.040000 2.638000 0.000000
v 0.040000 2.658667 0.000000
v 0.340000 2.658667 0.000000
v 0.340000 2.638000 0.000000
v 0.340000 2.638000 -0.014000
v 0.340000 2.658667 -0.014000
v 0.040000 2.638000 -0.014000
v 0.040000 2.617333 -0.014000
v 0.040000 2.617333 0.000000
v 0.040000 2.638000 0.000000
v 0.340000 2.638000 0.000000
v 0.340000 2.617333 0.000000
v 0.340000 2.617333 -0.014000
v 0.340000 2.638000 -0.014000
v 0.040000 2.617333 -0.014000
v 0.040000 2.596667 -0.014000
v 0.040000 2.596667 0.000000
v 0.040000 2.617333 0.000000
v 0.340000 2.617333 0.000000
v 0.340000 2.596667 0.000000
v 0.340000 2.596667 -0.014000
v 0.340000 2.617333 -0.014000
v 0.040000 2.596667 -0.014000
v 0.040000 2.576000 -0.014000
v 0.040000 2.576000 0.000000
v 0.040000 2.596667 0.000000
v 0.340000 2.596667 0.000000
v 0.340000 2.576000 0.000000
v 0.340000 2.576000 -0.014000
v 0.340000 2.596667 -0.014000
v 0.040000 2.576000 -0.014000
v 0.040000 2.555333 -0.014000
v 0.040000 2.555333 0.000000
v 0.040000 2.576000 0.000000
v 0.340000 2.576000 0.000000
v 0.340000 2.555333 0.000000
v 0.340000 2.555333 -0.014000
v 0.340000 2.576000 -0.014000
v 0.040000 2.555333 -0.014000
v 0.040000 2.534667 -0.014000
v 0.040000 2.534667 0.000000
v 0.040000 2.555333 0.000000
v 0.340000 2.555333 0.000000
v 0.340000 2.534667 0.000000
v 0.340000 2.534667 -0.014000
v 0.340000 2.555333 -0.014000
v 0.040000 2.534667 -0.014000
v 0.040000 2.514000 -0.014000
v 0.040000 2.514000 0.000000
v 0.040000 2.534667 0.000000
v 0.340000 2.534667 0.000000
v 0.340000 2.514000 0.000000
v 0.340000 2.514000 -0.014000
v 0.340000 2.534667 -0.014000
v 0.040000 2.514000 -0.014000
v 0.040000 2.493333 -0.014000
v 0.040000 2.493333 0.000000
v 0.040000 2.514000 0.000000
v 0.340000 2.514000 0.000000
v 0.340000 2.493333 0.000000
v 0.340000 2.493333 -0.014000
v 0.340000 2.514000 -0.014000
v 0.040000 2.493333 -0.014000
v 0.040000 2.472667 -0.014000
v 0.040000 2.472667 0.000000
v 0.040000 2.493333 0.000000
v 0.340000 2.493333 0.000000
v 0.340000 2.472667 0.000000
v 0.340000 2.472667 -0.014000
v 0.340000 2.493333 -0.014000
v 0.040000 2.472667 -0.014000
v 0.040000 2.452000 -0.014000
v 0.040000 2.452000 0.000000
v 0.040000 2.472667 0.000000
v 0.340000 2.472667 0.000000
v 0.340000 2.452000 0.000000
v 0.340000 2.452000 -0.014000
v 0.340000 2.472667 -0.014000
v 0.040000 2.452000 -0.014000
v 0.040000 2.431333 -0.014000
v 0.040000 2.431333 0.000000
v 0.040000 2.452000 0.000000
v 0.340000 2.452000 0.000000
v 0.340000 2.431333 0.000000
v 0.340000 2.431333 -0.014000
v 0.340000 2.452000 -0.014000
v 0.040000 2.431333 -0.014000
v 0.040000 2.410667 -0.014000
v 0.040000 2.410667 0.000000
v 0.040000 2.431333 0.000000
v 0.340000 2.431333 0.000000
v 0.340000 2.410667 0.000000
v 0.340000 2.410667 -0.014000
v 0.340000 2.431333 -0.014000
v 0.040000 2.410667 -0.014000
v 0.040000 2.390000 -0.014000
v 0.040000 2.390000 0.000000
v 0.040000 2.410667 0.000000
v 0.340000 2.410667 0.000000
v 0.340000 2.390000 0.000000
v 0.340000 2.390000 -0.014000
v 0.340000 2.410667 -0.014000
v 0.040000 2.390000 -0.014000
v 0.040000 2.369333 -0.014000
v 0.040000 2.369333 0.000000
v 0.040000 2.390000 0.000000
v 0.340000 2.390000 0.000000
v 0.340000 2.369333 0.000000
v 0.340000 2.369333 -0.014000
v 0.340000 2.390000 -0.014000
v 0.040000 2.369333 -0.014000
v 0.040000 2.348667 -0.014000
v 0.040000 2.348667 0.000000
v 0.040000 2.369333 0.000000
v 0.340000 2.369333 0.000000
v 0.340000 2.348667 0.000000
v 0.340000 2.348667 -0.014000
v 0.340000 2.369333 -0.014000
v 0.040000 2.348667 -0.014000
v 0.040000 2.328000 -0.014000
v 0.040000 2.328000 0.000000
v 0.040000 2.348667 0.000000
v 0.340000 2.348667 0.000000
v 0.340000 2.328000 0.000000
v 0.340000 2.328000 -0.014000
v 0.340000 2.348667 -0.014000
v 0.040000 2.328000 -0.014000
v 0.040000 2.307333 -0.014000
v 0.040000 2.307333 0.000000
v 0.040000 2.328000 0.000000
v 0.340000 2.328000 0.000000
v 0.340000 2.307333 0.000000
v 0.340000 2.307333 -0.014000
v 0.340000 2.328000 -0.014000
v 0.040000 2.307333 -0.014000
v 0.040000 2.286667 -0.014000
v 0.040000 2.286667 0.000000
v 0.040000 2.307333 0.000000
v 0.340000 2.307333 0.000000
v 0.340000 2.286667 0.000000
v 0.340000 2.286667 -0.014000
v 0.340000 2.307333 -0.014000
v 0.040000 2.286667 -0.014000
v 0.040000 2.266000 -0.014000
v 0.040000 2.266000 0.000000
v 0.040000 2.286667 0.000000
v 0.340000 2.286667 0.000000
v 0.340000 2.266000 0.000000
v 0.340000 2.266000 -0.014000
v 0.340000 2.286667 -0.014000
v 0.040000 2.266000 -0.014000
v 0.040000 2.245333 -0.014000
v 0.040000 2.245333 0.000000
v 0.040000 2.266000 0.000000
v 0.340000 2.266000 0.000000
v 0.340000 2.245333 0.000000
v 0.340000 2.245333 -0.014000
v 0.340000 2.266000 -0.014000
v 0.040000 2.245333 -0.014000
v 0.040000 2.224667 -0.014000
v 0.040000 2.224667 0.000000
v 0.040000 2.245333 0.000000
v 0.340000 2.245333 0.000000
v 0.340000 2.224667 0.000000
v 0.340000 2.224667 -0.014000
v 0.340000 2.245333 -0.014000
v 0.040000 2.224667 -0.014000
v 0.040000 2.204000 -0.014000
v 0.040000 2.204000 0.000000
v 0.040000 2.224667 0.000000
v 0.340000 2.224667 0.000000
v 0.340000 2.204000 0.000000
v 0.340000 2.204000 -0.014000
v 0.340000 2.224667 -0.014000
v 0.040000 2.204000 -0.014000
v 0.040000 2.183333 -0.014000
v 0.040000 2.183333 0.000000
v 0.040000 2.204000 0.000000
v 0.340000 2.204000 0.000000
v 0.340000 2.183333 0.000000
v 0.340000 2.183333 -0.014000
v 0.340000 2.204000 -0.014000
v 0.040000 2.183333 -0.014000
v 0.040000 2.162667 -0.014000
v 0.040000 2.162667 0.000000
v 0.040000 2.183333 0.000000
v 0.340000 2.183333 0.000000
v 0.340000 2.162667 0.000000
v 0.340000 2.162667 -0.014000
v 0.340000 2.183333 -0.014000
v 0.040000 2.162667 -0.014000
v 0.040000 2.142000 -0.014000
v 0.040000 2.142000 0.000000
v 0.040000 2.162667 0.000000
v 0.340000 2.162667 0.000000
v 0.340000 2.142000 0.000000
v 0.340000 2.142000 -0.014000
v 0.340000 2.162667 -0.014000
v 0.040000 2.142000 -0.014000
v 0.040000 2.121333 -0.014000
v 0.040000 2.121333 0.000000
v 0.040000 2.142000 0.000000
v 0.340000 2.142000 0.000000
v 0.340000 2.121333 0.000000
v 0.340000 2.121333 -0.014000
v 0.340000 2.142000 -0.014000
v 0.040000 2.121333 -0.014000
v 0.040000 2.100667 -0.014000
v 0.040000 2.100667 0.000000
v 0.040000 2.121333 0.000000
v 0.340000 2.121333 0.000000
v 0.340000 2.100667 0.000000
v 0.340000 2.100667 -0.014000
v 0.340000 2.121333 -0.014000
v 0.040000 2.100667 -0.014000
v 0.040000 2.080000 -0.014000
v 0.040000 2.080000 0.000000
v 0.040000 2.100667 0.000000
v 0.340000 2.100667 0.000000
v 0.340000 2.080000 0.000000
v 0.340000 2.080000 -0.014000
v 0.340000 2.100667 -0.014000
v 0.040000 2.080000 -0.014000
v 0.040000 2.059333 -0.014000
v 0.040000 2.059333 0.000000
v 0.040000 2.080000 0.000000
v 0.340000 2.080000 0.000000
v 0.340000 2.059333 0.000000
v 0.340000 2.059333 -0.014000
v 0.340000 2.080000 -0.014000
v 0.040000 2.059333 -0.014000
v 0.040000 2.038667 -0.014000
v 0.040000 2.038667 0.000000
v 0.040000 2.059333 0.000000
v 0.340000 2.059333 0.000000
v 0.340000 2.038667 0.000000
v 0.340000 2.038667 -0.014000
v 0.340000 2.059333 -0.014000
v 0.040000 2.038667 -0.014000
v 0.040000 2.018000 -0.014000
v 0.040000 2.018000 0.000000
v 0.040000 2.038667 0.000000
v 0.340000 2.038667 0.000000
v 0.340000 2.018000 0.000000
v 0.340000 2.018000 -0.014000
v 0.340000 2.038667 -0.014000
v 0.040000 2.018000 -0.014000
v 0.040000 1.997333 -0.014000
v 0.040000 1.997333 0.000000
v 0.040000 2.018000 0.000000
v 0.340000 2.018000 0.000000
v 0.340000 1.997333 0.000000
v 0.340000 1.997333 -0.014000
v 0.340000 2.018000 -0.014000
v 0.040000 1.997333 -0.014000
v 0.040000 1.976667 -0.014000
v 0.040000 1.976667 0.000000
v 0.040000 1.997333 0.000000
v 0.340000 1.997333 0.000000
v 0.340000 1.976667 0.000000
v 0.340000 1.976667 -0.014000
v 0.340000 1.997333 -0.014000
v 0.040000 1.976667 -0.014000
v 0.040000 1.956000 -0.014000
v 0.040000 1.956000 0.000000
v 0.040000 1.976667 0.000000
v 0.340000 1.976667 0.000000
v 0.340000 1.956000 0.000000
v 0.340000 1.956000 -0.014000
v 0.340000 1.976667 -0.014000
v 0.040000 1.956000 -0.014000
v 0.040000 1.935333 -0.014000
v 0.040000 1.935333 0.000000
v 0.040000 1.956000 0.000000
v 0.340000 1.956000 0.000000
v 0.340000 1.935333 0.000000
v 0.340000 1.935333 -0.014000
v 0.340000 1.956000 -0.014000
v 0.040000 1.935333 -0.014000
v 0.040000 1.914667 -0.014000
v 0.040000 1.914667 0.000000
v 0.040000 1.935333 0.000000
v 0.340000 1.935333 0.000000
v 0.340000 1.914667 0.000000
v 0.340000 1.914667 -0.014000
v 0.340000 1.935333 -0.014000
v 0.040000 1.914667 -0.014000
v 0.040000 1.894000 -0.014000
v 0.040000 1.894000 0.000000
v 0.040000 1.914667 0.000000
v 0.340000 1.914667 0.000000
v 0.340000 1.894000 0.000000
v 0.340000 1.894000 -0.014000
v 0.340000 1.914667 -0.014000
v 0.040000 1.894000 -0.014000
v 0.040000 1.873333 -0.014000
v 0.040000 1.873333 0.000000
v 0.040000 1.894000 0.000000
v 0.340000 1.894000 0.000000
v 0.340000 1.873333 0.000000
v 0.340000 1.873333 -0.014000
v 0.340000 1.894000 -0.014000
v 0.040000 1.873333 -0.014000
v 0.040000 1.852667 -0.014000
v 0.040000 1.852667 0.000000
v 0.040000 1.873333 0.000000
v 0.340000 1.873333 0.000000
v 0.340000 1.852667 0.000000
v 0.340000 1.852667 -0.014000
v 0.340000 1.873333 -0.014000
v 0.040000 1.852667 -0.014000
v 0.040000 1.832000 -0.014000
v 0.040000 1.832000 0.000000
v 0.040000 1.852667 0.000000
v 0.340000 1.852667 0.000000
v 0.340000 1.832000 0.000000
v 0.340000 1.832000 -0.014000
v 0.340000 1.852667 -0.014000
v 0.040000 1.832000 -0.014000
v 0.040000 1.811333 -0.014000
v 0.040000 1.811333 0.000000
v 0.040000 1.832000 0.000000
v 0.340000 1.832000 0.000000
v 0.340000 1.811333 0.000000
v 0.340000 1.811333 -0.014000
v 0.340000 1.832000 -0.014000
v 0.040000 1.811333 -0.014000
v 0.040000 1.790667 -0.014000
v 0.040000 1.790667 0.000000
v 0.040000 1.811333 0.000000
v 0.340000 1.811333 0.000000
v 0.340000 1.790667 0.000000
v 0.340000 1.790667 -0.014000
v 0.340000 1.811333 -0.014000
v 0.040000 1.790667 -0.014000
v 0.040000 1.770000 -0.014000
v 0.040000 1.770000 0.000000
v 0.040000 1.790667 0.000000
v 0.340000 1.790667 0.000000
v 0.340000 1.770000 0.000000
v 0.340000 1.770000 -0.014000
v 0.340000 1.790667 -0.014000
v 0.040000 1.770000 -0.014000
v 0.040000 1.749333 -0.014000
v 0.040000 1.749333 0.000000
v 0.040000 1.770000 0.000000
v 0.340000 1.770000 0.000000
v 0.340000 1.749333 0.000000
v 0.340000 1.749333 -0.014000
v 0.340000 1.770000 -0.014000
v 0.040000 1.749333 -0.014000
v 0.040000 1.728667 -0.014000
v 0.040000 1.728667 0.000000
v 0.040000 1.749333 0.000000
v 0.340000 1.749333 0.000000
v 0.340000 1.728667 0.000000
v 0.340000 1.728667 -0.014000
v 0.340000 1.749333 -0.014000
v 0.040000 1.728667 -0.014000
v 0.040000 1.708000 -0.014000
v 0.040000 1.708000 0.000000
v 0.040000 1.728667 0.000000
v 0.340000 1.728667 0.000000
v 0.340000 1.708000 0.000000
v 0.340000 1.708000 -0.014000
v 0.340000 1.728667 -0.014000
v 0.040000 1.708000 -0.014000
v 0.040000 1.687333 -0.014000
v 0.040000 1.687333 0.000000
v 0.040000 1.708000 0.000000
v 0.340000 1.708000 0.000000
v 0.340000 1.687333 0.000000
v 0.340000 1.687333 -0.014000
v 0.340000 1.708000 -0.014000
v 0.040000 1.687333 -0.014000
v 0.040000 1.666667 -0.014000
v 0.040000 1.666667 0.000000
v 0.040000 1.687333 0.000000
v 0.340000 1.687333 0.000000
v 0.340000 1.666667 0.000000
v 0.340000 1.666667 -0.014000
v 0.340000 1.687333 -0.014000
v 0.040000 1.666667 -0.014000
v 0.040000 1.646000 -0.014000
v 0.040000 1.646000 0.000000
v 0.040000 1.666667 0.000000
v 0.340000 1.666667 0.000000
v 0.340000 1.646000 0.000000
v 0.340000 1.646000 -0.014000
v 0.340000 1.666667 -0.014000
v 0.040000 1.646000 -0.014000
v 0.040000 1.625333 -0.014000
v 0.040000 1.625333 0.000000
v 0.040000 1.646000 0.000000
v 0.340000 1.646000 0.000000
v 0.340000 1.625333 0.000000
v 0.340000 1.625333 -0.014000
v 0.340000 1.646000 -0.014000
v 0.040000 1.625333 -0.014000
v 0.040000 1.604667 -0.014000
v 0.040000 1.604667 0.000000
v 0.040000 1.625333 0.000000
v 0.340000 1.625333 0.000000
v 0.340000 1.604667 0.000000
v 0.340000 1.604667 -0.014000
v 0.340000 1.625333 -0.014000
v 0.040000 1.604667 -0.014000
v 0.040000 1.584000 -0.014000
v 0.040000 1.584000 0.000000
v 0.040000 1.604667 0.000000
v 0.340000 1.604667 0.000000
v 0.340000 1.584000 0.000000
v 0.340000 1.584000 -0.014000
v 0.340000 1.604667 -0.014000
v 0.040000 1.584000 -0.014000
v 0.040000 1.563333 -0.014000
v 0.040000 1.563333 0.000000
v 0.040000 1.584000 0.000000
v 0.340000 1.584000 0.000000
v 0.340000 1.563333 0.000000
v 0.340000 1.563333 -0.014000
v 0.340000 1.584000 -0.014000
v 0.040000 1.563333 -0.014000
v 0.040000 1.542667 -0.014000
v 0.040000 1.542667 0.000000
v 0.040000 1.563333 0.000000
v 0.340000 1.563333 0.000000
v 0.340000 1.542667 0.000000
v 0.340000 1.542667 -0.014000
v 0.340000 1.563333 -0.014000
v 0.040000 1.542667 -0.014000
v 0.040000 1.522000 -0.014000
v 0.040000 1.522000 0.000000
v 0.040000 1.542667 0.000000
v 0.340000 1.542667 0.000000
v 0.340000 1.522000 0.000000
v 0.340000 1.522000 -0.014000
v 0.340000 1.542667 -0.014000
v 0.040000 1.522000 -0.014000
v 0.040000 1.501333 -0.014000
v 0.040000 1.501333 0.000000
v 0.040000 1.522000 0.000000
v 0.340000 1.522000 0.000000
v 0.340000 1.501333 0.000000
v 0.340000 1.501333 -0.014000
v 0.340000 1.522000 -0.014000
v 0.040000 1.501333 -0.014000
v 0.040000 1.480667 -0.014000
v 0.040000 1.480667 0.000000
v 0.040000 1.501333 0.000000
v 0.340000 1.501333 0.000000
v 0.340000 1.480667 0.000000
v 0.340000 1.480667 -0.014000
v 0.340000 1.501333 -0.014000
v 0.040000 1.480667 -0.014000
v 0.040000 1.460000 -0.014000
v 0.040000 1.460000 0.000000
v 0.040000 1.480667 0.000000
v 0.340000 1.480667 0.000000
v 0.340000 1.460000 0.000000
v 0.340000 1.460000 -0.014000
v 0.340000 1.480667 -0.014000
v 0.040000 1.460000 -0.014000
v 0.040000 1.439333 -0.014000
v 0.040000 1.439333 0.000000
v 0.040000 1.460000 0.000000
v 0.340000 1.460000 0.000000
v 0.340000 1.439333 0.000000
v 0.340000 1.439333 -0.014000
v 0.340000 1.460000 -0.014000
v 0.040000 1.439333 -0.014000
v 0.040000 1.418667 -0.014000
v 0.040000 1.418667 0.000000
v 0.040000 1.439333 0.000000
v 0.340000 1.439333 0.000000
v 0.340000 1.418667 0.000000
v 0.340000 1.418667 -0.014000
v 0.340000 1.439333 -0.014000
v 0.040000 1.418667 -0.014000
v 0.040000 1.398000 -0.014000
v 0.040000 1.398000 0.000000
v 0.040000 1.418667 0.000000
v 0.340000 1.418667 0.000000
v 0.340000 1.398000 0.000000
v 0.340000 1.398000 -0.014000
v 0.340000 1.418667 -0.014000
v 0.040000 1.398000 -0.014000
v 0.040000 1.377333 -0.014000
v 0.040000 1.377333 0.000000
v 0.040000 1.398000 0.000000
v 0.340000 1.398000 0.000000
v 0.340000 1.377333 0.000000
v 0.340000 1.377333 -0.014000
v 0.340000 1.398000 -0.014000
v 0.040000 1.377333 -0.014000
v 0.040000 1.356667 -0.014000
v 0.040000 1.356667 0.000000
v 0.040000 1.377333 0.000000
v 0.340000 1.377333 0.000000
v 0.340000 1.356667 0.000000
v 0.340000 1.356667 -0.014000
v 0.340000 1.377333 -0.014000
v 0.040000 1.356667 -0.014000
v 0.040000 1.336000 -0.014000
v 0.040000 1.336000 0.000000
v 0.040000 1.356667 0.000000
v 0.340000 1.356667 0.000000
v 0.340000 1.336000 0.000000
v 0.340000 1.336000 -0.014000
v 0.340000 1.356667 -0.014000
v 0.040000 1.336000 -0.014000
v 0.040000 1.315333 -0.014000
v 0.040000 1.315333 0.000000
v 0.040000 1.336000 0.000000
v 0.340000 1.336000 0.000000
v 0.340000 1.315333 0.000000
v 0.340000 1.315333 -0.014000
v 0.340000 1.336000 -0.014000
v 0.040000 1.315333 -0.014000
v 0.040000 1.294667 -0.014000
v 0.040000 1.294667 0.000000
v 0.040000 1.315333 0.000000
v 0.340000 1.315333 0.000000
v 0.340000 1.294667 0.000000
v 0.340000 1.294667 -0.014000
v 0.340000 1.315333 -0.014000
v 0.040000 1.294667 -0.014000
v 0.040000 1.274000 -0.014000
v 0.040000 1.274000 0.000000
v 0.040000 1.294667 0.000000
v 0.340000 1.294667 0.000000
v 0.340000 1.274000 0.000000
v 0.340000 1.274000 -0.014000
v 0.340000 1.294667 -0.014000
v 0.040000 1.274000 -0.014000
v 0.040000 1.253333 -0.014000
v 0.040000 1.253333 0.000000
v 0.040000 1.274000 0.000000
v 0.340000 1.274000 0.000000
v 0.340000 1.253333 0.000000
v 0.340000 1.253333 -0.014000
v 0.340000 1.274000 -0.014000
v 0.040000 1.253333 -0.014000
v 0.040000 1.232667 -0.014000
v 0.040000 1.232667 0.000000
v 0.040000 1.253333 0.000000
v 0.340000 1.253333 0.000000
v 0.340000 1.232667 0.000000
v 0.340000 1.232667 -0.014000
v 0.340000 1.253333 -0.014000
v 0.040000 1.232667 -0.014000
v 0.040000 1.212000 -0.014000
v 0.040000 1.212000 0.000000
v 0.040000 1.232667 0.000000
v 0.340000 1.232667 0.000000
v 0.340000 1.212000 0.000000
v 0.340000 1.212000 -0.014000
v 0.340000 1.232667 -0.014000
v 0.040000 1.212000 -0.014000
v 0.040000 1.191333 -0.014000
v 0.040000 1.191333 0.000000
v 0.040000 1.212000 0.000000
v 0.340000 1.212000 0.000000
v 0.340000 1.191333 0.000000
v 0.340000 1.191333 -0.014000
v 0.340000 1.212000 -0.014000
v 0.040000 1.191333 -0.014000
v 0.040000 1.170667 -0.014000
v 0.040000 1.170667 0.000000
v 0.040000 1.191333 0.000000
v 0.340000 1.191333 0.000000
v 0.340000 1.170667 0.000000
v 0.340000 1.170667 -0.014000
v 0.340000 1.191333 -0.014000
v 0.040000 1.170667 -0.014000
v 0.040000 1.150000 -0.014000
v 0.040000 1.150000 0.000000
v 0.040000 1.170667 0.000000
v 0.340000 1.170667 0.000000
v 0.340000 1.150000 0.000000
v 0.340000 1.150000 -0.014000
v 0.340000 1.170667 -0.014000
v 0.040000 1.150000 -0.014000
v 0.040000 1.129333 -0.014000
v 0.040000 1.129333 0.000000
v 0.040000 1.150000 0.000000
v 0.340000 1.150000 0.000000
v 0.340000 1.129333 0.000000
v 0.340000 1.129333 -0.014000
v 0.340000 1.150000 -0.014000
v 0.040000 1.129333 -0.014000
v 0.040000 1.108667 -0.014000
v 0.040000 1.108667 0.000000
v 0.040000 1.129333 0.000000
v 0.340000 1.129333 0.000000
v 0.340000 1.108667 0.000000
v 0.340000 1.108667 -0.014000
v 0.340000 1.129333 -0.014000
v 0.040000 1.108667 -0.014000
v 0.040000 1.088000 -0.014000
v 0.040000 1.088000 0.000000
v 0.040000 1.108667 0.000000
v 0.340000 1.108667 0.000000
v 0.340000 1.088000 0.000000
v 0.340000 1.088000 -0.014000
v 0.340000 1.108667 -0.014000
v 0.040000 1.088000 -0.014000
v 0.040000 1.067333 -0.014000
v 0.040000 1.067333 0.000000
v 0.040000 1.088000 0.000000
v 0.340000 1.088000 0.000000
v 0.340000 1.067333 0.000000
v 0.340000 1.067333 -0.014000
v 0.340000 1.088000 -0.014000
v 0.040000 1.067333 -0.014000
v 0.040000 1.046667 -0.014000
v 0.040000 1.046667 0.000000
v 0.040000 1.067333 0.000000
v 0.340000 1.067333 0.000000
v 0.340000 1.046667 0.000000
v 0.340000 1.046667 -0.014000
v 0.340000 1.067333 -0.014000
v 0.040000 1.046667 -0.014000
v 0.040000 1.026000 -0.014000
v 0.040000 1.026000 0.000000
v 0.040000 1.046667 0.000000
v 0.340000 1.046667 0.000000
v 0.340000 1.026000 0.000000
v 0.340000 1.026000 -0.014000
v 0.340000 1.046667 -0.014000
v 0.040000 1.026000 -0.014000
v 0.040000 1.005333 -0.014000
v 0.040000 1.005333 0.000000
v 0.040000 1.026000 0.000000
v 0.340000 1.026000 0.000000
v 0.340000 1.005333 0.000000
v 0.340000 1.005333 -0.014000
v 0.340000 1.026000 -0.014000
v 0.040000 1.005333 -0.014000
v 0.040000 0.984667 -0.014000
v 0.040000 0.984667 0.000000
v 0.040000 1.005333 0.000000
v 0.340000 1.005333 0.000000
v 0.340000 0.984667 0.000000
v 0.340000 0.984667 -0.014000
v 0.340000 1.005333 -0.014000
v 0.040000 0.984667 -0.014000
v 0.040000 0.964000 -0.014000
v 0.040000 0.964000 0.000000
v 0.040000 0.984667 0.000000
v 0.340000 0.984667 0.000000
v 0.340000 0.964000 0.000000
v 0.340000 0.964000 -0.014000
v 0.340000 0.984667 -0.014000
v 0.040000 0.964000 -0.014000
v 0.040000 0.943333 -0.014000
v 0.040000 0.943333 0.000000
v 0.040000 0.964000 0.000000
v 0.340000 0.964000 0.000000
v 0.340000 0.943333 0.000000
v 0.340000 0.943333 -0.014000
v 0.340000 0.964000 -0.014000
v 0.040000 0.943333 -0.014000
v 0.040000 0.922667 -0.014000
v 0.040000 0.922667 0.000000
v 0.040000 0.943333 0.000000
v 0.340000 0.943333 0.000000
v 0.340000 0.922667 0.000000
v 0.340000 0.922667 -0.014000
v 0.340000 0.943333 -0.014000
v 0.040000 0.922667 -0.014000
v 0.040000 0.902000 -0.014000
v 0.040000 0.902000 0.000000
v 0.040000 0.922667 0.000000
v 0.340000 0.922667 0.000000
v 0.340000 0.902000 0.000000
v 0.340000 0.902000 -0.014000
v 0.340000 0.922667 -0.014000
v 0.040000 0.902000 -0.014000
v 0.040000 0.881333 -0.014000
v 0.040000 0.881333 0.000000
v 0.040000 0.902000 0.000000
v 0.340000 0.902000 0.000000
v 0.340000 0.881333 0.000000
v 0.340000 0.881333 -0.014000
v 0.340000 0.902000 -0.014000
v 0.040000 0.881333 -0.014000
v 0.040000 0.860667 -0.014000
v 0.040000 0.860667 0.000000
v 0.040000 0.881333 0.000000
v 0.340000 0.881333 0.000000
v 0.340000 0.860667 0.000000
v 0.340000 0.860667 -0.014000
v 0.340000 0.881333 -0.014000
v 0.040000 0.860667 -0.014000
v 0.040000 0.840000 -0.014000
v 0.040000 0.840000 0.000000
v 0.040000 0.860667 0.000000
v 0.340000 0.860667 0.000000
v 0.340000 0.840000 0.000000
v 0.340000 0.840000 -0.014000
v 0.340000 0.860667 -0.014000
v 0.040000 0.840000 -0.014000
v 0.040234 0.820669 -0.014000
v 0.040234 0.820669 0.000117
v 0.040000 0.840000 0.000000
v 0.340000 0.840000 0.000000
v 0.340146 0.827918 0.000117
v 0.340146 0.827918 -0.014000
v 0.340000 0.840000 -0.014000
v 0.040234 0.820669 -0.014000
v 0.040934 0.801349 -0.014000
v 0.040934 0.801349 0.000466
v 0.040234 0.820669 0.000117
v 0.340146 0.827918 0.000117
v 0.340584 0.815843 0.000466
v 0.340584 0.815843 -0.014000
v 0.340146 0.827918 -0.014000
v 0.040934 0.801349 -0.014000
v 0.042101 0.782052 -0.014000
v 0.042101 0.782052 0.001044
v 0.040934 0.801349 0.000466
v 0.340584 0.815843 0.000466
v 0.341313 0.803783 0.001044
v 0.341313 0.803783 -0.014000
v 0.340584 0.815843 -0.014000
v 0.042101 0.782052 -0.014000
v 0.043735 0.762789 -0.014000
v 0.043735 0.762789 0.001846
v 0.042101 0.782052 0.001044
v 0.341313 0.803783 0.001044
v 0.342334 0.791743 0.001846
v 0.342334 0.791743 -0.014000
v 0.341313 0.803783 -0.014000
v 0.043735 0.762789 -0.014000
v 0.045833 0.743571 -0.014000
v 0.045833 0.743571 0.002864
v 0.043735 0.762789 0.001846
v 0.342334 0.791743 0.001846
v 0.343646 0.779732 0.002864
v 0.343646 0.779732 -0.014000
v 0.342334 0.791743 -0.014000
v 0.045833 0.743571 -0.014000
v 0.048395 0.724409 -0.014000
v 0.048395 0.724409 0.004088
v 0.045833 0.743571 0.002864
v 0.343646 0.779732 0.002864
v 0.345247 0.767755 0.004088
v 0.345247 0.767755 -0.014000
v 0.343646 0.779732 -0.014000
v 0.048395 0.724409 -0.014000
v 0.051419 0.705314 -0.014000
v 0.051419 0.705314 0.005508
v 0.048395 0.724409 0.004088
v 0.345247 0.767755 0.004088
v 0.347137 0.755821 0.005508
v 0.347137 0.755821 -0.014000
v 0.345247 0.767755 -0.014000
v 0.051419 0.705314 -0.014000
v 0.054904 0.686299 -0.014000
v 0.054904 0.686299 0.007110
v 0.051419 0.705314 0.005508
v 0.347137 0.755821 0.005508
v 0.349315 0.743937 0.007110
v 0.349315 0.743937 -0.014000
v 0.347137 0.755821 -0.014000
v 0.054904 0.686299 -0.014000
v 0.058847 0.667373 -0.014000
v 0.058847 0.667373 0.008879
v 0.054904 0.686299 0.007110
v 0.349315 0.743937 0.007110
v 0.351779 0.732108 0.008879
v 0.351779 0.732108 -0.014000
v 0.349315 0.743937 -0.014000
v 0.058847 0.667373 -0.014000
v 0.063247 0.648547 -0.014000
v 0.063247 0.648547 0.010798
v 0.058847 0.667373 0.008879
v 0.351779 0.732108 0.008879
v 0.354529 0.720342 0.010798
v 0.354529 0.720342 -0.014000
v 0.351779 0.732108 -0.014000
v 0.063247 0.648547 -0.014000
v 0.068100 0.629834 -0.014000
v 0.068100 0.629834 0.012850
v 0.063247 0.648547 0.010798
v 0.354529 0.720342 0.010798
v 0.357562 0.708646 0.012850
v 0.357562 0.708646 -0.014000
v 0.354529 0.720342 -0.014000
v 0.068100 0.629834 -0.014000
v 0.073403 0.611243 -0.014000
v 0.073403 0.611243 0.015016
v 0.068100 0.629834 0.012850
v 0.357562 0.708646 0.012850
v 0.360877 0.697027 0.015016
v 0.360877 0.697027 -0.014000
v 0.357562 0.708646 -0.014000
v 0.073403 0.611243 -0.014000
v 0.079155 0.592786 -0.014000
v 0.079155 0.592786 0.017275
v 0.073403 0.611243 0.015016
v 0.360877 0.697027 0.015016
v 0.364472 0.685492 0.017275
v 0.364472 0.685492 -0.014000
v 0.360877 0.697027 -0.014000
v 0.079155 0.592786 -0.014000
v 0.085351 0.574474 -0.014000
v 0.085351 0.574474 0.019605
v 0.079155 0.592786 0.017275
v 0.364472 0.685492 0.017275
v 0.368344 0.674046 0.019605
v 0.368344 0.674046 -0.014000
v 0.364472 0.685492 -0.014000
v 0.085351 0.574474 -0.014000
v 0.091987 0.556316 -0.014000
v 0.091987 0.556316 0.021987
v 0.085351 0.574474 0.019605
v 0.368344 0.674046 0.019605
v 0.372492 0.662698 0.021987
v 0.372492 0.662698 -0.014000
v 0.368344 0.674046 -0.014000
v 0.091987 0.556316 -0.014000
v 0.099060 0.538324 -0.014000
v 0.099060 0.538324 0.024396
v 0.091987 0.556316 0.021987
v 0.372492 0.662698 0.021987
v 0.376913 0.651453 0.024396
v 0.376913 0.651453 -0.014000
v 0.372492 0.662698 -0.014000
v 0.099060 0.538324 -0.014000
v 0.106566 0.520508 -0.014000
v 0.106566 0.520508 0.026811
v 0.099060 0.538324 0.024396
v 0.376913 0.651453 0.024396
v 0.381604 0.640318 0.026811
v 0.381604 0.640318 -0.014000
v 0.376913 0.651453 -0.014000
v 0.106566 0.520508 -0.014000
v 0.114501 0.502879 -0.014000
v 0.114501 0.502879 0.029209
v 0.106566 0.520508 0.026811
v 0.381604 0.640318 0.026811
v 0.386563 0.629299 0.029209
v 0.386563 0.629299 -0.014000
v 0.381604 0.640318 -0.014000
v 0.114501 0.502879 -0.014000
v 0.122858 0.485447 -0.014000
v 0.122858 0.485447 0.031568
v 0.114501 0.502879 0.029209
v 0.386563 0.629299 0.029209
v 0.391787 0.618404 0.031568
v 0.391787 0.618404 -0.014000
v 0.386563 0.629299 -0.014000
v 0.122858 0.485447 -0.014000
v 0.131635 0.468221 -0.014000
v 0.131635 0.468221 0.033865
v 0.122858 0.485447 0.031568
v 0.391787 0.618404 0.031568
v 0.397272 0.607638 0.033865
v 0.397272 0.607638 -0.014000
v 0.391787 0.618404 -0.014000
v 0.131635 0.468221 -0.014000
v 0.140826 0.451213 -0.014000
v 0.140826 0.451213 0.036080
v 0.131635 0.468221 0.033865
v 0.397272 0.607638 0.033865
v 0.403016 0.597008 0.036080
v 0.403016 0.597008 -0.014000
v 0.397272 0.607638 -0.014000
v 0.140826 0.451213 -0.014000
v 0.150424 0.434432 -0.014000
v 0.150424 0.434432 0.038191
v 0.140826 0.451213 0.036080
v 0.403016 0.597008 0.036080
v 0.409015 0.586520 0.038191
v 0.409015 0.586520 -0.014000
v 0.403016 0.597008 -0.014000
v 0.150424 0.434432 -0.014000
v 0.160426 0.417888 -0.014000
v 0.160426 0.417888 0.040179
v 0.150424 0.434432 0.038191
v 0.409015 0.586520 0.038191
v 0.415266 0.576180 0.040179
v 0.415266 0.576180 -0.014000
v 0.409015 0.586520 -0.014000
v 0.160426 0.417888 -0.014000
v 0.170824 0.401590 -0.014000
v 0.170824 0.401590 0.042025
v 0.160426 0.417888 0.040179
v 0.415266 0.576180 0.040179
v 0.421765 0.565994 0.042025
v 0.421765 0.565994 -0.014000
v 0.415266 0.576180 -0.014000
v 0.170824 0.401590 -0.014000
v 0.181613 0.385548 -0.014000
v 0.181613 0.385548 0.043713
v 0.170824 0.401590 0.042025
v 0.421765 0.565994 0.042025
v 0.428508 0.555968 0.043713
v 0.428508 0.555968 -0.014000
v 0.421765 0.565994 -0.014000
v 0.181613 0.385548 -0.014000
v 0.192786 0.369772 -0.014000
v 0.192786 0.369772 0.045225
v 0.181613 0.385548 0.043713
v 0.428508 0.555968 0.043713
v 0.435492 0.546107 0.045225
v 0.435492 0.546107 -0.014000
v 0.428508 0.555968 -0.014000
v 0.192786 0.369772 -0.014000
v 0.204338 0.354270 -0.014000
v 0.204338 0.354270 0.046549
v 0.192786 0.369772 0.045225
v 0.435492 0.546107 0.045225
v 0.442711 0.536419 0.046549
v 0.442711 0.536419 -0.014000
v 0.435492 0.546107 -0.014000
v 0.204338 0.354270 -0.014000
v 0.216261 0.339052 -0.014000
v 0.216261 0.339052 0.047672
v 0.204338 0.354270 0.046549
v 0.442711 0.536419 0.046549
v 0.450163 0.526907 0.047672
v 0.450163 0.526907 -0.014000
v 0.442711 0.536419 -0.014000
v 0.216261 0.339052 -0.014000
v 0.228547 0.324126 -0.014000
v 0.228547 0.324126 0.048583
v 0.216261 0.339052 0.047672
v 0.450163 0.526907 0.047672
v 0.457842 0.517579 0.048583
v 0.457842 0.517579 -0.014000
v 0.450163 0.526907 -0.014000
v 0.228547 0.324126 -0.014000
v 0.241191 0.309502 -0.014000
v 0.241191 0.309502 0.049274
v 0.228547 0.324126 0.048583
v 0.457842 0.517579 0.048583
v 0.465745 0.508439 0.049274
v 0.465745 0.508439 -0.014000
v 0.457842 0.517579 -0.014000
v 0.241191 0.309502 -0.014000
v 0.254185 0.295187 -0.014000
v 0.254185 0.295187 0.049738
v 0.241191 0.309502 0.049274
v 0.465745 0.508439 0.049274
v 0.473866 0.499492 0.049738
v 0.473866 0.499492 -0.014000
v 0.465745 0.508439 -0.014000
v 0.254185 0.295187 -0.014000
v 0.267521 0.281191 -0.014000
v 0.267521 0.281191 0.049971
v 0.254185 0.295187 0.049738
v 0.473866 0.499492 0.049738
v 0.482201 0.490744 0.049971
v 0.482201 0.490744 -0.014000
v 0.473866 0.499492 -0.014000
v 0.267521 0.281191 -0.014000
v 0.274315 0.274315 -0.014000
v 0.274315 0.274315 0.050000
v 0.267521 0.281191 0.049971
v 0.482201 0.490744 0.049971
v 0.486447 0.486447 0.050000
v 0.486447 0.486447 -0.014000
v 0.482201 0.490744 -0.014000
v 0.274315 0.274315 -0.014000
v 0.281191 0.267521 -0.014000
v 0.281191 0.267521 0.049971
v 0.274315 0.274315 0.050000
v 0.486447 0.486447 0.050000
v 0.490744 0.482201 0.049971
v 0.490744 0.482201 -0.014000
v 0.486447 0.486447 -0.014000
v 0.281191 0.267521 -0.014000
v 0.295187 0.254185 -0.014000
v 0.295187 0.254185 0.049738
v 0.281191 0.267521 0.049971
v 0.490744 0.482201 0.049971
v 0.499492 0.473866 0.049738
v 0.499492 0.473866 -0.014000
v 0.490744 0.482201 -0.014000
v 0.295187 0.254185 -0.014000
v 0.309502 0.241191 -0.014000
v 0.309502 0.241191 0.049274
v 0.295187 0.254185 0.049738
v 0.499492 0.473866 0.049738
v 0.508439 0.465745 0.049274
v 0.508439 0.465745 -0.014000
v 0.499492 0.473866 -0.014000
v 0.309502 0.241191 -0.014000
v 0.324126 0.228547 -0.014000
v 0.324126 0.228547 0.048583
v 0.309502 0.241191 0.049274
v 0.508439 0.465745 0.049274
v 0.517579 0.457842 0.048583
v 0.517579 0.457842 -0.014000
v 0.508439 0.465745 -0.014000
v 0.324126 0.228547 -0.014000
v 0.339052 0.216261 -0.014000
v 0.339052 0.216261 0.047672
v 0.324126 0.228547 0.048583
v 0.517579 0.457842 0.048583
v 0.526907 0.450163 0.047672
v 0.526907 0.450163 -0.014000
v 0.517579 0.457842 -0.014000
v 0.339052 0.216261 -0.014000
v 0.354270 0.204338 -0.014000
v 0.354270 0.204338 0.046549
v 0.339052 0.216261 0.047672
v 0.526907 0.450163 0.047672
v 0.536419 0.442711 0.046549
v 0.536419 0.442711 -0.014000
v 0.526907 0.450163 -0.014000
v 0.354270 0.204338 -0.014000
v 0.369772 0.192786 -0.014000
v 0.369772 0.192786 0.045225
v 0.354270 0.204338 0.046549
v 0.536419 0.442711 0.046549
v 0.546107 0.435492 0.045225
v 0.546107 0.435492 -0.014000
v 0.536419 0.442711 -0.014000
v 0.369772 0.192786 -0.014000
v 0.385548 0.181613 -0.014000
v 0.385548 0.181613 0.043713
v 0.369772 0.192786 0.045225
v 0.546107 0.435492 0.045225
v 0.555968 0.428508 0.043713
v 0.555968 0.428508 -0.014000
v 0.546107 0.435492 -0.014000
v 0.385548 0.181613 -0.014000
v 0.401590 0.170824 -0.014000
v 0.401590 0.170824 0.042025
v 0.385548 0.181613 0.043713
v 0.555968 0.428508 0.043713
v 0.565994 0.421765 0.042025
v 0.565994 0.421765 -0.014000
v 0.555968 0.428508 -0.014000
v 0.401590 0.170824 -0.014000
v 0.417888 0.160426 -0.014000
v 0.417888 0.160426 0.040179
v 0.401590 0.170824 0.042025
v 0.565994 0.421765 0.042025
v 0.576180 0.415266 0.040179
v 0.576180 0.415266 -0.014000
v 0.565994 0.421765 -0.014000
v 0.417888 0.160426 -0.014000
v 0.434432 0.150424 -0.014000
v 0.434432 0.150424 0.038191
v 0.417888 0.160426 0.040179
v 0.576180 0.415266 0.040179
v 0.586520 0.409015 0.038191
v 0.586520 0.409015 -0.014000
v 0.576180 0.415266 -0.014000
v 0.434432 0.150424 -0.014000
v 0.451213 0.140826 -0.014000
v 0.451213 0.140826 0.036080
v 0.434432 0.150424 0.038191
v 0.586520 0.409015 0.038191
v 0.597008 0.403016 0.036080
v 0.597008 0.403016 -0.014000
v 0.586520 0.409015 -0.014000
v 0.451213 0.140826 -0.014000
v 0.468221 0.131635 -0.014000
v 0.468221 0.131635 0.033865
v 0.451213 0.140826 0.036080
v 0.597008 0.403016 0.036080
v 0.607638 0.397272 0.033865
v 0.607638 0.397272 -0.014000
v 0.597008 0.403016 -0.014000
v 0.468221 0.131635 -0.014000
v 0.485447 0.122858 -0.014000
v 0.485447 0.122858 0.031568
v 0.468221 0.131635 0.033865
v 0.607638 0.397272 0.033865
v 0.618404 0.391787 0.031568
v 0.618404 0.391787 -0.014000
v 0.607638 0.397272 -0.014000
v 0.485447 0.122858 -0.014000
v 0.502879 0.114501 -0.014000
v 0.502879 0.114501 0.029209
v 0.485447 0.122858 0.031568
v 0.618404 0.391787 0.031568
v 0.629299 0.386563 0.029209
v 0.629299 0.386563 -0.014000
v 0.618404 0.391787 -0.014000
v 0.502879 0.114501 -0.014000
v 0.520508 0.106566 -0.014000
v 0.520508 0.106566 0.026811
v 0.502879 0.114501 0.029209
v 0.629299 0.386563 0.029209
v 0.640318 0.381604 0.026811
v 0.640318 0.381604 -0.014000
v 0.629299 0.386563 -0.014000
v 0.520508 0.106566 -0.014000
v 0.538324 0.099060 -0.014000
v 0.538324 0.099060 0.024396
v 0.520508 0.106566 0.026811
v 0.640318 0.381604 0.026811
v 0.651453 0.376913 0.024396
v 0.651453 0.376913 -0.014000
v 0.640318 0.381604 -0.014000
v 0.538324 0.099060 -0.014000
v 0.556316 0.091987 -0.014000
v 0.556316 0.091987 0.021987
v 0.538324 0.099060 0.024396
v 0.651453 0.376913 0.024396
v 0.662698 0.372492 0.021987
v 0.662698 0.372492 -0.014000
v 0.651453 0.376913 -0.014000
v 0.556316 0.091987 -0.014000
v 0.574474 0.085351 -0.014000
v 0.574474 0.085351 0.019605
v 0.556316 0.091987 0.021987
v 0.662698 0.372492 0.021987
v 0.674046 0.368344 0.019605
v 0.674046 0.368344 -0.014000
v 0.662698 0.372492 -0.014000
v 0.574474 0.085351 -0.014000
v 0.592786 0.079155 -0.014000
v 0.592786 0.079155 0.017275
v 0.574474 0.085351 0.019605
v 0.674046 0.368344 0.019605
v 0.685492 0.364472 0.017275
v 0.685492 0.364472 -0.014000
v 0.674046 0.368344 -0.014000
v 0.592786 0.079155 -0.014000
v 0.611243 0.073403 -0.014000
v 0.611243 0.073403 0.015016
v 0.592786 0.079155 0.017275
v 0.685492 0.364472 0.017275
v 0.697027 0.360877 0.015016
v 0.697027 0.360877 -0.014000
v 0.685492 0.364472 -0.014000
v 0.611243 0.073403 -0.014000
v 0.629834 0.068100 -0.014000
v 0.629834 0.068100 0.012850
v 0.611243 0.073403 0.015016
v 0.697027 0.360877 0.015016
v 0.708646 0.357562 0.012850
v 0.708646 0.357562 -0.014000
v 0.697027 0.360877 -0.014000
v 0.629834 0.068100 -0.014000
v 0.648547 0.063247 -0.014000
v 0.648547 0.063247 0.010798
v 0.629834 0.068100 0.012850
v 0.708646 0.357562 0.012850
v 0.720342 0.354529 0.010798
v 0.720342 0.354529 -0.014000
v 0.708646 0.357562 -0.014000
v 0.648547 0.063247 -0.014000
v 0.667373 0.058847 -0.014000
v 0.667373 0.058847 0.008879
v 0.648547 0.063247 0.010798
v 0.720342 0.354529 0.010798
v 0.732108 0.351779 0.008879
v 0.732108 0.351779 -0.014000
v 0.720342 0.354529 -0.014000
v 0.667373 0.058847 -0.014000
v 0.686299 0.054904 -0.014000
v 0.686299 0.054904 0.007110
v 0.667373 0.058847 0.008879
v 0.732108 0.351779 0.008879
v 0.743937 0.349315 0.007110
v 0.743937 0.349315 -0.014000
v 0.732108 0.351779 -0.014000
v 0.686299 0.054904 -0.014000
v 0.705314 0.051419 -0.014000
v 0.705314 0.051419 0.005508
v 0.686299 0.054904 0.007110
v 0.743937 0.349315 0.007110
v 0.755821 0.347137 0.005508
v 0.755821 0.347137 -0.014000
v 0.743937 0.349315 -0.014000
v 0.705314 0.051419 -0.014000
v 0.724409 0.048395 -0.014000
v 0.724409 0.048395 0.004088
v 0.705314 0.051419 0.005508
v 0.755821 0.347137 0.005508
v 0.767755 0.345247 0.004088
v 0.767755 0.345247 -0.014000
v 0.755821 0.347137 -0.014000
v 0.724409 0.048395 -0.014000
v 0.743571 0.045833 -0.014000
v 0.743571 0.045833 0.002864
v 0.724409 0.048395 0.004088
v 0.767755 0.345247 0.004088
v 0.779732 0.343646 0.002864
v 0.779732 0.343646 -0.014000
v 0.767755 0.345247 -0.014000
v 0.743571 0.045833 -0.014000
v 0.762789 0.043735 -0.014000
v 0.762789 0.043735 0.001846
v 0.743571 0.045833 0.002864
v 0.779732 0.343646 0.002864
v 0.791743 0.342334 0.001846
v 0.791743 0.342334 -0.014000
v 0.779732 0.343646 -0.014000
v 0.762789 0.043735 -0.014000
v 0.782052 0.042101 -0.014000
v 0.782052 0.042101 0.001044
v 0.762789 0.043735 0.001846
v 0.791743 0.342334 0.001846
v 0.803783 0.341313 0.001044
v 0.803783 0.341313 -0.014000
v 0.791743 0.342334 -0.014000
v 0.782052 0.042101 -0.014000
v 0.801349 0.040934 -0.014000
v 0.801349 0.040934 0.000466
v 0.782052 0.042101 0.001044
v 0.803783 0.341313 0.001044
v 0.815843 0.340584 0.000466
v 0.815843 0.340584 -0.014000
v 0.803783 0.341313 -0.014000
v 0.801349 0.040934 -0.014000
v 0.820669 0.040234 -0.014000
v 0.820669 0.040234 0.000117
v 0.801349 0.040934 0.000466
v 0.815843 0.340584 0.000466
v 0.827918 0.340146 0.000117
v 0.827918 0.340146 -0.014000
v 0.815843 0.340584 -0.014000
v 0.820669 0.040234 -0.014000
v 0.840000 0.040000 -0.014000
v 0.840000 0.040000 0.000000
v 0.820669 0.040234 0.000117
v 0.827918 0.340146 0.000117
v 0.840000 0.340000 0.000000
v 0.840000 0.340000 -0.014000
v 0.827918 0.340146 -0.014000
vn 0.001779 0.000000 0.999999
vn 0.004278 -0.000052 0.999991
vn 0.000000 0.000000 1.000000
vn 0.000000 0.000000 1.000000
vn 0.000000 0.000000 1.000000
vn 0.000000 0.000000 1.000000
vn 0.000000 0.000000 1.000000
vn 0.000000 0.000000 1.000000
vn 0.000000 0.000000 1.000000
vn 0.000000 0.000000 1.000000
vn 0.000000 0.000000 1.000000
vn 0.000000 0.000000 1.000000
vn 0.000000 0.000000 1.000000
vn 0.000000 0.000000 1.000000
vn 0.000000 0.000000 1.000000
vn 0.000000 0.000000 1.000000
vn 0.000000 0.000000 1.000000
vn 0.000000 0.000000 1.000000
vn 0.000000 0.000000 1.000000
vn 0.000000 0.000000 1.000000
vn 0.000000 0.000000 1.000000
vn 0.000000 0.000000 1.000000
vn 0.000000 0.000000 1.000000
vn 0.000000 0.000000 1.000000
vn 0.000000 0.000000 1.000000
vn 0.000000 0.000000 1.000000
vn 0.000000 0.000000 1.000000
vn 0.000000 0.000000 1.000000
vn 0.000000 0.000000 1.000000
vn 0.000000 0.000000 1.000000
vn 0.000000 0.000000 1.000000
vn 0.000000 0.000000 1.000000
vn 0.000000 0.000000 1.000000
vn 0.000000 0.000000 1.000000
vn 0.000000 0.000000 1.000000
vn 0.000000 0.000000 1.000000
vn 0.000000 0.000000 1.000000
vn 0.000000 0.000000 1.000000
vn 0.000000 0.000000 1.000000
vn 0.000000 0.000000 1.000000
vn 0.000000 0.000000 1.000000
vn 0.000000 0.000000 1.000000
vn 0.000000 0.000000 1.000000
vn 0.000000 0.000000 1.000000
vn 0.000000 0.000000 1.000000
vn 0.000000 0.000000 1.000000
vn 0.000000 0.000000 1.000000
vn 0.000000 0.000000 1.000000
vn 0.000000 0.000000 1.000000
vn 0.000000 0.000000 1.000000
vn 0.000000 0.000000 1.000000
vn 0.000000 0.000000 1.000000
vn 0.000000 0.000000 1.000000
vn 0.000000 0.000000 1.000000
vn 0.000000 0.000000 1.000000
vn 0.000000 0.000000 1.000000
vn 0.000000 0.000000 1.000000
vn 0.000000 0.000000 1.000000
vn 0.000000 0.000000 1.000000
vn 0.000000 0.000000 1.000000
vn 0.000000 0.000000 1.000000
vn 0.000000 0.000000 1.000000
vn 0.000000 0.000000 1.000000
vn 0.000000 0.000000 1.000000
vn 0.000000 0.000000 1.000000
vn 0.000000 0.000000 1.000000
vn 0.000000 0.000000 1.000000
vn 0.000000 0.000000 1.000000
vn 0.000000 0.000000 1.000000
vn 0.000000 0.000000 1.000000
vn 0.000000 0.000000 1.000000
vn 0.000000 0.000000 1.000000
vn 0.000000 0.000000 1.000000
vn 0.000000 0.000000 1.000000
vn 0.000000 0.000000 1.000000
vn 0.000000 0.000000 1.000000
vn 0.000000 0.000000 1.000000
vn 0.000000 0.000000 1.000000
vn 0.000000 0.000000 1.000000
vn 0.000000 0.000000 1.000000
vn 0.000000 0.000000 1.000000
vn 0.000000 0.000000 1.000000
vn 0.000000 0.000000 1.000000
vn 0.000000 0.000000 1.000000
vn 0.000000 0.000000 1.000000
vn 0.000000 0.000000 1.000000
vn 0.000000 0.000000 1.000000
vn 0.000000 0.000000 1.000000
vn 0.000000 0.000000 1.000000
vn 0.000000 0.000000 1.000000
vn 0.000000 0.000000 1.000000
vn 0.000000 0.000000 1.000000
vn 0.000000 0.000000 1.000000
vn 0.000000 0.000000 1.000000
vn 0.000000 0.000000 1.000000
vn 0.000000 0.000000 1.000000
vn 0.000000 0.000000 1.000000
vn 0.000000 0.000000 1.000000
vn 0.000000 0.000000 1.000000
vn 0.000000 0.000000 1.000000
vn 0.000000 0.000000 1.000000
vn 0.000000 0.000000 1.000000
vn 0.000000 0.000000 1.000000
vn 0.000000 0.000000 1.000000
vn 0.000000 0.000000 1.000000
vn 0.000000 0.000000 1.000000
vn 0.000000 0.000000 1.000000
vn 0.000000 0.000000 1.000000
vn 0.000000 0.000000 1.000000
vn 0.000000 0.000000 1.000000
vn 0.000000 0.000000 1.000000
vn 0.000000 0.000000 1.000000
vn 0.000000 0.000000 1.000000
vn 0.000000 0.000000 1.000000
vn 0.000000 0.000000 1.000000
vn 0.000000 0.000000 1.000000
vn 0.000000 0.000000 1.000000
vn 0.000000 0.000000 1.000000
vn 0.000000 0.000000 1.000000
vn 0.000000 0.000000 1.000000
vn 0.000000 0.000000 1.000000
vn 0.000000 0.000000 1.000000
vn 0.000000 0.000000 1.000000
vn 0.000000 0.000000 1.000000
vn 0.000000 0.000000 1.000000
vn 0.000000 0.000000 1.000000
vn 0.000000 0.000000 1.000000
vn 0.000000 0.000000 1.000000
vn 0.000000 0.000000 1.000000
vn 0.000000 0.000000 1.000000
vn 0.000000 0.000000 1.000000
vn 0.000000 0.000000 1.000000
vn 0.000000 0.000000 1.000000
vn 0.000000 0.000000 1.000000
vn 0.000000 0.000000 1.000000
vn 0.000000 0.000000 1.000000
vn 0.000000 0.000000 1.000000
vn 0.000000 0.000000 1.000000
vn 0.000000 0.000000 1.000000
vn 0.000000 0.000000 1.000000
vn -0.004278 -0.000052 0.999991
vn -0.002000 0.000000 0.999998
vn -0.016044 -0.000554 0.999871
vn -0.013387 -0.000259 0.999910
vn -0.029599 -0.001707 0.999560
vn -0.029301 -0.001223 0.999570
vn -0.042809 -0.003491 0.999077
vn -0.044872 -0.002937 0.998988
vn -0.055522 -0.005870 0.998440
vn -0.059920 -0.005364 0.998189
vn -0.067596 -0.008794 0.997674
vn -0.074271 -0.008450 0.997202
vn -0.078898 -0.012202 0.996808
vn -0.087768 -0.012131 0.996067
vn -0.089310 -0.016024 0.995875
vn -0.100264 -0.016329 0.994827
vn -0.098724 -0.020182 0.994910
vn -0.111632 -0.020954 0.993529
vn -0.107049 -0.024587 0.993950
vn -0.121760 -0.025909 0.992221
vn -0.114207 -0.029149 0.993029
vn -0.130554 -0.031090 0.990954
vn -0.120141 -0.033771 0.992182
vn -0.137942 -0.036388 0.989772
vn -0.124801 -0.038354 0.991440
vn -0.143867 -0.041690 0.988718
vn -0.128160 -0.042798 0.990830
vn -0.148289 -0.046879 0.987832
vn -0.130206 -0.047004 0.990372
vn -0.151190 -0.051842 0.987144
vn -0.130935 -0.050872 0.990085
vn -0.152566 -0.056465 0.986679
vn -0.130364 -0.054307 0.989978
vn -0.152428 -0.060636 0.986453
vn -0.128523 -0.057219 0.990054
vn -0.150806 -0.064249 0.986473
vn -0.125454 -0.059522 0.990312
vn -0.147742 -0.067202 0.986740
vn -0.121212 -0.061136 0.990742
vn -0.143293 -0.069401 0.987244
vn -0.115864 -0.061991 0.991329
vn -0.137532 -0.070758 0.987967
vn -0.109490 -0.062025 0.992051
vn -0.130540 -0.071197 0.988883
vn -0.102181 -0.061187 0.992882
vn -0.122419 -0.070653 0.989960
vn -0.094037 -0.059439 0.993793
vn -0.113276 -0.069072 0.991160
vn -0.085167 -0.056753 0.994749
vn -0.103232 -0.066415 0.992438
vn -0.075690 -0.053117 0.995716
vn -0.092418 -0.062660 0.993747
vn -0.065731 -0.048533 0.996656
vn -0.080977 -0.057800 0.995039
vn -0.055420 -0.043019 0.997536
vn -0.069057 -0.051847 0.996265
vn -0.044891 -0.036609 0.998321
vn -0.056812 -0.044830 0.997378
vn -0.034279 -0.029351 0.998981
vn -0.044401 -0.036800 0.998336
vn -0.023720 -0.021310 0.999492
vn -0.031984 -0.027823 0.999101
vn -0.013348 -0.012565 0.999832
vn -0.019719 -0.017987 0.999644
vn -0.005947 -0.005819 0.999965
vn -0.009570 -0.009131 0.999913
vn 0.000804 0.000823 0.999999
vn -0.000961 -0.000938 0.999999
vn 0.008325 0.008725 0.999927
vn 0.007337 0.007498 0.999945
vn 0.015419 0.016904 0.999738
vn 0.014658 0.015571 0.999771
vn 0.023854 0.027421 0.999339
vn 0.024857 0.027669 0.999308
vn 0.031556 0.038075 0.998776
vn 0.034230 0.039978 0.998614
vn 0.038452 0.048730 0.998072
vn 0.042684 0.052341 0.997717
vn 0.044484 0.059250 0.997252
vn 0.050144 0.064599 0.996651
vn 0.049608 0.069500 0.996348
vn 0.056554 0.076594 0.995457
vn 0.053797 0.079347 0.995394
vn 0.061874 0.088169 0.994182
vn 0.057041 0.088662 0.994427
vn 0.066087 0.099174 0.992873
vn 0.059343 0.097321 0.993482
vn 0.069191 0.109465 0.991580
vn 0.060720 0.105210 0.992595
vn 0.071203 0.118907 0.990349
vn 0.061206 0.112222 0.991796
vn 0.072156 0.127375 0.989226
vn 0.060843 0.118260 0.991117
vn 0.072098 0.134756 0.988252
vn 0.059687 0.123238 0.990581
vn 0.071089 0.140945 0.987462
vn 0.057804 0.127081 0.990207
vn 0.069202 0.145856 0.986883
vn 0.055268 0.129725 0.990008
vn 0.066518 0.149411 0.986535
vn 0.052160 0.131122 0.989993
vn 0.063132 0.151547 0.986432
vn 0.048569 0.131232 0.990161
vn 0.059140 0.152216 0.986576
vn 0.044587 0.130033 0.990507
vn 0.054649 0.151383 0.986963
vn 0.040311 0.127515 0.991017
vn 0.049768 0.149031 0.987579
vn 0.035840 0.123683 0.991674
vn 0.044609 0.145155 0.988403
vn 0.031274 0.118557 0.992455
vn 0.039289 0.139771 0.989404
vn 0.026713 0.112172 0.993330
vn 0.033922 0.132910 0.990548
vn 0.022254 0.104581 0.994267
vn 0.028623 0.124619 0.991792
vn 0.017991 0.095849 0.995233
vn 0.023502 0.114967 0.993091
vn 0.014015 0.086059 0.996192
vn 0.018667 0.104040 0.994398
vn 0.010409 0.075308 0.997106
vn 0.014219 0.091942 0.995663
vn 0.007248 0.063708 0.997942
vn 0.010251 0.078795 0.996838
vn 0.004599 0.051385 0.998668
vn 0.006844 0.064739 0.997879
vn 0.002518 0.038473 0.999256
vn 0.004072 0.049927 0.998745
vn 0.001049 0.025118 0.999684
vn 0.001991 0.034527 0.999402
vn 0.000222 0.011475 0.999934
vn 0.000646 0.018717 0.999825
vn 0.000000 0.001924 0.999998
vn 0.000054 0.004481 0.999990
vn 0.000000 0.000000 1.000000
vn 0.000000 0.000000 1.000000
vn 0.000000 0.000000 1.000000
vn 0.000000 0.000000 1.000000
vn 0.000000 0.000000 1.000000
vn 0.000000 0.000000 1.000000
vn 0.000000 0.000000 1.000000
vn 0.000000 0.000000 1.000000
vn 0.000000 0.000000 1.000000
vn 0.000000 0.000000 1.000000
vn 0.000000 0.000000 1.000000
vn 0.000000 0.000000 1.000000
vn 0.000000 0.000000 1.000000
vn 0.000000 0.000000 1.000000
vn 0.000000 0.000000 1.000000
vn 0.000000 0.000000 1.000000
vn 0.000000 0.000000 1.000000
vn 0.000000 0.000000 1.000000
vn 0.000000 0.000000 1.000000
vn 0.000000 0.000000 1.000000
vn 0.000000 0.000000 1.000000
vn 0.000000 0.000000 1.000000
vn 0.000000 0.000000 1.000000
vn 0.000000 0.000000 1.000000
vn 0.000000 0.000000 1.000000
vn 0.000000 0.000000 1.000000
vn 0.000000 0.000000 1.000000
vn 0.000000 0.000000 1.000000
vn 0.000000 0.000000 1.000000
vn 0.000000 0.000000 1.000000
vn 0.000000 0.000000 1.000000
vn 0.000000 0.000000 1.000000
vn 0.000000 0.000000 1.000000
vn 0.000000 0.000000 1.000000
vn 0.000000 0.000000 1.000000
vn 0.000000 0.000000 1.000000
vn 0.000000 0.000000 1.000000
vn 0.000000 0.000000 1.000000
vn 0.000000 0.000000 1.000000
vn 0.000000 0.000000 1.000000
vn 0.000000 0.000000 1.000000
vn 0.000000 0.000000 1.000000
vn 0.000000 0.000000 1.000000
vn 0.000000 0.000000 1.000000
vn 0.000000 0.000000 1.000000
vn 0.000000 0.000000 1.000000
vn 0.000000 0.000000 1.000000
vn 0.000000 0.000000 1.000000
vn 0.000000 0.000000 1.000000
vn 0.000000 0.000000 1.000000
vn 0.000000 0.000000 1.000000
vn 0.000000 0.000000 1.000000
vn 0.000000 0.000000 1.000000
vn 0.000000 0.000000 1.000000
vn 0.000000 0.000000 1.000000
vn 0.000000 0.000000 1.000000
vn 0.000000 0.000000 1.000000
vn 0.000000 0.000000 1.000000
vn 0.000000 0.000000 1.000000
vn 0.000000 0.000000 1.000000
vn 0.000000 0.000000 1.000000
vn 0.000000 0.000000 1.000000
vn 0.000000 0.000000 1.000000
vn 0.000000 0.000000 1.000000
vn 0.000000 0.000000 1.000000
vn 0.000000 0.000000 1.000000
vn 0.000000 0.000000 1.000000
vn 0.000000 0.000000 1.000000
vn 0.000000 0.000000 1.000000
vn 0.000000 0.000000 1.000000
vn 0.000000 0.000000 1.000000
vn 0.000000 0.000000 1.000000
vn 0.000000 0.000000 1.000000
vn 0.000000 0.000000 1.000000
vn 0.000000 0.000000 1.000000
vn 0.000000 0.000000 1.000000
vn 0.000000 0.000000 1.000000
vn 0.000000 0.000000 1.000000
vn 0.000000 0.000000 1.000000
vn 0.000000 0.000000 1.000000
vn 0.000000 0.000000 1.000000
vn 0.000000 0.000000 1.000000
vn 0.000000 0.000000 1.000000
vn 0.000000 0.000000 1.000000
vn 0.000000 0.000000 1.000000
vn 0.000000 0.000000 1.000000
vn 0.000000 0.000000 1.000000
vn 0.000000 0.000000 1.000000
vn 0.000000 0.000000 1.000000
vn 0.000000 0.000000 1.000000
vn 0.000000 0.000000 1.000000
vn 0.000000 0.000000 1.000000
vn 0.000000 0.000000 1.000000
vn 0.000000 0.000000 1.000000
vn 0.000000 0.000000 1.000000
vn 0.000000 0.000000 1.000000
vn 0.000000 0.000000 1.000000
vn 0.000000 0.000000 1.000000
vn 0.000000 0.000000 1.000000
vn 0.000000 0.000000 1.000000
vn 0.000000 0.000000 1.000000
vn 0.000000 0.000000 1.000000
vn 0.000000 0.000000 1.000000
vn 0.000000 0.000000 1.000000
vn 0.000000 0.000000 1.000000
vn 0.000000 0.000000 1.000000
vn 0.000000 0.000000 1.000000
vn 0.000000 0.000000 1.000000
vn 0.000000 0.000000 1.000000
vn 0.000000 0.000000 1.000000
vn 0.000000 0.000000 1.000000
vn 0.000000 0.000000 1.000000
vn 0.000000 0.000000 1.000000
vn 0.000000 0.000000 1.000000
vn 0.000000 0.000000 1.000000
vn 0.000000 0.000000 1.000000
vn 0.000000 0.000000 1.000000
vn 0.000000 0.000000 1.000000
vn 0.000000 0.000000 1.000000
vn 0.000000 0.000000 1.000000
vn 0.000000 0.000000 1.000000
vn 0.000000 0.000000 1.000000
vn 0.000000 0.000000 1.000000
vn 0.000000 0.000000 1.000000
vn 0.000000 0.000000 1.000000
vn 0.000000 0.000000 1.000000
vn 0.000000 0.000000 1.000000
vn 0.000000 0.000000 1.000000
vn 0.000000 0.000000 1.000000
vn 0.000000 0.000000 1.000000
vn 0.000000 0.000000 1.000000
vn 0.000000 0.000000 1.000000
vn 0.000000 0.000000 1.000000
vn 0.000000 0.000000 1.000000
vn 0.000000 0.000000 1.000000
vn 0.000000 0.000000 1.000000
vn 0.000000 0.000000 1.000000
vn 0.000000 0.000000 1.000000
vn 0.000000 0.000000 1.000000
vn 0.000000 0.000000 1.000000
vn 0.000000 0.000000 1.000000
vn 0.000000 0.000000 1.000000
vn 0.000000 0.000000 1.000000
vn 0.000000 0.000000 1.000000
vn 0.000000 0.000000 1.000000
vn 0.000000 0.000000 1.000000
vn 0.000000 0.000000 1.000000
vn 0.000000 0.000000 1.000000
vn 0.000000 0.000000 1.000000
vn 0.000000 0.000000 1.000000
vn 0.000000 0.000000 1.000000
vn 0.000000 0.000000 1.000000
vn 0.000000 0.000000 1.000000
vn 0.000000 0.000000 1.000000
vn 0.000000 0.000000 1.000000
vn 0.000000 0.000000 1.000000
vn 0.000000 0.000000 1.000000
vn 0.000000 0.000000 1.000000
vn 0.000000 0.000000 1.000000
vn 0.000000 0.000000 1.000000
vn 0.000000 0.000000 1.000000
vn 0.000000 0.000000 1.000000
vn 0.000000 0.000000 1.000000
vn 0.000000 0.000000 1.000000
vn 0.000000 0.000000 1.000000
vn 0.000000 0.000000 1.000000
vn 0.000000 0.000000 1.000000
vn 0.000000 0.000000 1.000000
vn 0.000000 0.000000 1.000000
vn 0.000000 0.000000 1.000000
vn 0.000000 0.000000 1.000000
vn 0.000000 0.000000 1.000000
vn 0.000000 0.000000 1.000000
vn 0.000000 0.000000 1.000000
vn 0.000000 0.000000 1.000000
vn 0.000000 0.000000 1.000000
vn 0.000000 0.000000 1.000000
vn 0.000000 0.000000 1.000000
vn 0.000000 0.000000 1.000000
vn 0.000000 0.000000 1.000000
vn 0.000000 0.000000 1.000000
vn 0.000000 0.000000 1.000000
vn 0.000000 0.000000 1.000000
vn 0.000000 0.000000 1.000000
vn 0.000000 0.000000 1.000000
vn 0.000000 0.000000 1.000000
vn 0.000000 0.000000 1.000000
vn 0.000000 0.000000 1.000000
vn 0.000000 0.000000 1.000000
vn 0.000000 0.000000 1.000000
vn 0.000000 0.000000 1.000000
vn 0.000000 0.000000 1.000000
vn 0.000000 0.000000 1.000000
vn 0.000000 0.000000 1.000000
vn 0.000000 0.000000 1.000000
vn 0.000000 0.000000 1.000000
vn 0.000000 0.000000 1.000000
vn 0.000000 0.000000 1.000000
vn 0.000000 0.000000 1.000000
vn 0.000000 0.000000 1.000000
vn 0.000000 0.000000 1.000000
vn 0.000000 0.000000 1.000000
vn 0.000000 0.000000 1.000000
vn 0.000000 0.000000 1.000000
vn 0.000000 0.000000 1.000000
vn 0.000000 0.000000 1.000000
vn 0.000000 0.000000 1.000000
vn 0.000000 0.000000 1.000000
vn 0.000000 0.000000 1.000000
vn 0.000000 0.000000 1.000000
vn 0.000000 0.000000 1.000000
vn 0.000000 0.000000 1.000000
vn 0.000000 0.000000 1.000000
vn 0.000000 0.000000 1.000000
vn 0.000000 0.000000 1.000000
vn 0.000000 0.000000 1.000000
vn 0.000000 0.000000 1.000000
vn 0.000000 0.000000 1.000000
vn 0.000000 0.000000 1.000000
vn 0.000000 0.000000 1.000000
vn 0.000000 0.000000 1.000000
vn 0.000000 0.000000 1.000000
vn 0.000000 0.000000 1.000000
vn 0.000000 0.000000 1.000000
vn 0.000000 0.000000 1.000000
vn 0.000000 0.000000 1.000000
vn 0.000000 0.000000 1.000000
vn 0.000000 0.000000 1.000000
vn 0.000000 0.000000 1.000000
vn 0.000000 0.000000 1.000000
vn 0.000000 0.000000 1.000000
vn 0.000000 0.000000 1.000000
vn 0.000000 0.000000 1.000000
vn 0.000000 0.000000 1.000000
vn 0.000000 0.000000 1.000000
vn 0.000000 0.000000 1.000000
vn 0.000000 0.000000 1.000000
vn 0.000000 0.000000 1.000000
vn 0.000000 0.000000 1.000000
vn 0.000000 0.000000 1.000000
vn 0.000000 0.000000 1.000000
vn 0.000000 0.000000 1.000000
vn 0.000000 0.000000 1.000000
vn 0.000000 0.000000 1.000000
vn 0.000000 0.000000 1.000000
vn 0.000000 0.000000 1.000000
vn 0.000000 0.000000 1.000000
vn 0.000000 0.000000 1.000000
vn 0.000000 0.000000 1.000000
vn 0.000000 0.000000 1.000000
vn 0.000000 0.000000 1.000000
vn 0.000000 0.000000 1.000000
vn 0.000000 0.000000 1.000000
vn 0.000000 0.000000 1.000000
vn 0.000000 0.000000 1.000000
vn 0.000000 0.000000 1.000000
vn 0.000000 0.000000 1.000000
vn 0.000000 0.000000 1.000000
vn 0.000000 0.000000 1.000000
vn 0.000000 0.000000 1.000000
vn 0.000000 0.000000 1.000000
vn 0.000000 0.000000 1.000000
vn 0.000000 0.000000 1.000000
vn 0.000000 0.000000 1.000000
vn 0.000000 0.000000 1.000000
vn 0.000000 0.000000 1.000000
vn 0.000000 0.000000 1.000000
vn 0.000000 0.000000 1.000000
vn 0.000000 0.000000 1.000000
vn 0.000000 0.000000 1.000000
vn 0.000000 0.000000 1.000000
vn 0.000000 0.000000 1.000000
vn 0.000000 0.000000 1.000000
vn 0.000000 0.000000 1.000000
vn 0.000000 -0.071152 0.997465
vn 0.000000 -0.066045 0.997817
vn 0.000000 -0.073034 0.997329
vn 0.000000 -0.073034 0.997329
vn 0.000000 -0.073034 0.997329
vn 0.000000 -0.073033 0.997329
vn 0.000000 -0.073034 0.997329
vn 0.000000 -0.073034 0.997329
vn 0.000000 -0.073034 0.997329
vn 0.000000 -0.073034 0.997329
vn 0.000000 -0.073033 0.997329
vn 0.000000 -0.073034 0.997329
vn 0.000000 -0.073034 0.997329
vn 0.000000 -0.073033 0.997329
vn 0.000000 -0.073034 0.997329
vn 0.000000 -0.073034 0.997329
vn 0.000000 -0.073033 0.997329
vn 0.000000 -0.073034 0.997329
vn 0.000000 -0.073034 0.997329
vn 0.000000 -0.073033 0.997329
vn 0.000000 -0.073034 0.997329
vn 0.000000 -0.073034 0.997329
vn 0.000000 -0.073034 0.997329
vn 0.000000 -0.073034 0.997329
vn 0.000000 -0.073033 0.997329
vn 0.000000 -0.073034 0.997329
vn 0.000000 -0.073034 0.997329
vn 0.000000 -0.073033 0.997329
vn 0.000000 -0.073034 0.997329
vn 0.000000 -0.073034 0.997329
vn 0.000000 -0.073034 0.997329
vn 0.000000 -0.073034 0.997329
vn 0.000000 -0.073034 0.997329
vn 0.000000 -0.073034 0.997329
vn 0.000000 -0.073033 0.997330
vn 0.000000 -0.073033 0.997329
vn 0.000000 -0.073033 0.997329
vn 0.000000 -0.073033 0.997330
vn 0.000000 -0.073034 0.997329
vn 0.000000 -0.073034 0.997329
vn 0.000000 -0.073034 0.997329
vn 0.000000 -0.073034 0.997329
vn 0.000000 -0.073034 0.997329
vn 0.000000 -0.073034 0.997329
vn 0.000000 -0.073034 0.997329
vn 0.000000 -0.073034 0.997329
vn 0.000000 -0.073034 0.997329
vn 0.000000 -0.073034 0.997329
vn 0.000000 -0.073033 0.997330
vn 0.000000 -0.073033 0.997329
vn 0.000000 -0.073033 0.997329
vn 0.000000 -0.073033 0.997330
vn 0.000000 -0.073034 0.997329
vn 0.000000 -0.073034 0.997329
vn 0.000000 -0.073034 0.997329
vn 0.000000 -0.073034 0.997329
vn 0.000000 -0.073034 0.997329
vn 0.000000 -0.073034 0.997329
vn 0.000000 -0.073034 0.997329
vn 0.000000 -0.073034 0.997329
vn 0.000000 -0.073034 0.997329
vn 0.000000 -0.073034 0.997329
vn 0.000000 -0.073033 0.997330
vn 0.000000 -0.073033 0.997329
vn 0.000000 -0.073033 0.997329
vn 0.000000 -0.073033 0.997330
vn 0.000000 -0.073034 0.997329
vn 0.000000 -0.073034 0.997329
vn 0.000000 -0.073034 0.997329
vn 0.000000 -0.073034 0.997329
vn 0.000000 -0.073034 0.997329
vn 0.000000 -0.073034 0.997329
vn 0.000000 -0.073034 0.997329
vn 0.000000 -0.073034 0.997329
vn 0.000000 -0.073034 0.997329
vn 0.000000 -0.073034 0.997329
vn 0.000000 -0.073033 0.997330
vn 0.000000 -0.073033 0.997329
vn 0.000000 -0.073033 0.997329
vn 0.000000 -0.073033 0.997330
vn 0.000000 -0.073034 0.997329
vn 0.000000 -0.073034 0.997329
vn 0.000000 -0.073034 0.997329
vn 0.000000 -0.073034 0.997329
vn 0.000000 -0.073034 0.997329
vn 0.000000 -0.073034 0.997329
vn 0.000463 -0.067304 0.997732
vn 0.000000 -0.075173 0.997170
vn 0.001901 -0.058983 0.998257
vn 0.001108 -0.068797 0.997630
vn 0.003326 -0.058919 0.998257
vn 0.002771 -0.068750 0.997630
vn 0.004749 -0.058823 0.998257
vn 0.004431 -0.068663 0.997630
vn 0.006169 -0.058690 0.998257
vn 0.006089 -0.068536 0.997630
vn 0.007585 -0.058524 0.998257
vn 0.007743 -0.068369 0.997630
vn 0.008997 -0.058324 0.998257
vn 0.009393 -0.068161 0.997630
vn 0.010404 -0.058089 0.998257
vn 0.011037 -0.067915 0.997630
vn 0.011804 -0.057821 0.998257
vn 0.012675 -0.067628 0.997630
vn 0.013198 -0.057519 0.998257
vn 0.014306 -0.067302 0.997630
vn 0.014584 -0.057183 0.998257
vn 0.015928 -0.066937 0.997630
vn 0.015961 -0.056814 0.998257
vn 0.017540 -0.066532 0.997630
vn 0.017330 -0.056412 0.998257
vn 0.019143 -0.066090 0.997630
vn 0.018688 -0.055976 0.998257
vn 0.020734 -0.065607 0.997630
vn 0.020035 -0.055509 0.998257
vn 0.022314 -0.065088 0.997630
vn 0.021370 -0.055008 0.998257
vn 0.023880 -0.064529 0.997630
vn 0.022693 -0.054476 0.998257
vn 0.025432 -0.063933 0.997630
vn 0.024003 -0.053911 0.998257
vn 0.026970 -0.063300 0.997630
vn 0.025299 -0.053316 0.998257
vn 0.028491 -0.062630 0.997630
vn 0.026580 -0.052689 0.998257
vn 0.029996 -0.061923 0.997630
vn 0.027845 -0.052031 0.998257
vn 0.031484 -0.061180 0.997630
vn 0.029094 -0.051343 0.998257
vn 0.032953 -0.060402 0.997630
vn 0.030326 -0.050625 0.998257
vn 0.034403 -0.059587 0.997630
vn 0.031541 -0.049878 0.998257
vn 0.035833 -0.058739 0.997630
vn 0.032737 -0.049101 0.998257
vn 0.037242 -0.057856 0.997630
vn 0.033914 -0.048295 0.998257
vn 0.038629 -0.056939 0.997630
vn 0.035071 -0.047462 0.998257
vn 0.039993 -0.055989 0.997630
vn 0.036207 -0.046601 0.998257
vn 0.041335 -0.055006 0.997630
vn 0.037323 -0.045712 0.998257
vn 0.042652 -0.053991 0.997630
vn 0.038417 -0.044797 0.998257
vn 0.043944 -0.052945 0.997630
vn 0.039488 -0.043856 0.998257
vn 0.045211 -0.051868 0.997630
vn 0.040536 -0.042889 0.998257
vn 0.046451 -0.050761 0.997630
vn 0.041560 -0.041896 0.998257
vn 0.047663 -0.049623 0.997630
vn 0.042561 -0.040880 0.998257
vn 0.048849 -0.048457 0.997630
vn 0.043536 -0.039840 0.998257
vn 0.050005 -0.047262 0.997630
vn 0.044486 -0.038776 0.998257
vn 0.051133 -0.046040 0.997630
vn 0.045410 -0.037690 0.998257
vn 0.052230 -0.044791 0.997630
vn 0.046308 -0.036582 0.998257
vn 0.053297 -0.043516 0.997630
vn 0.047178 -0.035452 0.998257
vn 0.054334 -0.042216 0.997630
vn 0.048021 -0.034302 0.998257
vn 0.055338 -0.040890 0.997630
vn 0.048835 -0.033131 0.998257
vn 0.056309 -0.039541 0.997630
vn 0.049622 -0.031942 0.998257
vn 0.057249 -0.038169 0.997630
vn 0.050379 -0.030733 0.998257
vn 0.058154 -0.036775 0.997630
vn 0.051107 -0.029507 0.998257
vn 0.059026 -0.035358 0.997630
vn 0.051805 -0.028263 0.998257
vn 0.059863 -0.033922 0.997630
vn 0.052473 -0.027003 0.998257
vn 0.060665 -0.032465 0.997630
vn 0.053110 -0.025727 0.998257
vn 0.061432 -0.030990 0.997630
vn 0.053716 -0.024436 0.998257
vn 0.062163 -0.029497 0.997630
vn 0.054291 -0.023131 0.998257
vn 0.062857 -0.027986 0.997630
vn 0.054834 -0.021813 0.998257
vn 0.063515 -0.026459 0.997630
vn 0.055345 -0.020481 0.998257
vn 0.064136 -0.024916 0.997630
vn 0.055824 -0.019138 0.998257
vn 0.064719 -0.023359 0.997630
vn 0.056270 -0.017784 0.998257
vn 0.065265 -0.021789 0.997630
vn 0.056684 -0.016419 0.998257
vn 0.065772 -0.020205 0.997630
vn 0.057064 -0.015044 0.998257
vn 0.066242 -0.018610 0.997630
vn 0.057410 -0.013661 0.998257
vn 0.066671 -0.017004 0.997630
vn 0.057724 -0.012270 0.998257
vn 0.067063 -0.015388 0.997630
vn 0.058004 -0.010871 0.998257
vn 0.067416 -0.013763 0.997630
vn 0.058249 -0.009466 0.998257
vn 0.067728 -0.012130 0.997630
vn 0.058461 -0.008056 0.998257
vn 0.068002 -0.010490 0.997630
vn 0.058639 -0.006641 0.998257
vn 0.068235 -0.008844 0.997630
vn 0.058782 -0.005222 0.998257
vn 0.068429 -0.007192 0.997630
vn 0.058891 -0.003800 0.998257
vn 0.068583 -0.005537 0.997630
vn 0.058965 -0.002376 0.998257
vn 0.068696 -0.003878 0.997630
vn 0.059006 -0.000951 0.998257
vn 0.068770 -0.002217 0.997630
vn 0.015238 0.000000 0.999884
vn 0.036630 -0.000443 0.999329
vn 0.000000 0.000000 1.000000
vn 0.000000 0.000000 1.000000
vn 0.000000 0.000000 1.000000
vn 0.000000 0.000000 1.000000
vn 0.000000 0.000000 1.000000
vn 0.000000 0.000000 1.000000
vn 0.000000 0.000000 1.000000
vn 0.000000 0.000000 1.000000
vn 0.000000 0.000000 1.000000
vn 0.000000 0.000000 1.000000
vn 0.000000 0.000000 1.000000
vn 0.000000 0.000000 1.000000
vn 0.000000 0.000000 1.000000
vn 0.000000 0.000000 1.000000
vn 0.000000 0.000000 1.000000
vn 0.000000 0.000000 1.000000
vn 0.000000 0.000000 1.000000
vn 0.000000 0.000000 1.000000
vn 0.000000 0.000000 1.000000
vn 0.000000 0.000000 1.000000
vn 0.000000 0.000000 1.000000
vn 0.000000 0.000000 1.000000
vn 0.000000 0.000000 1.000000
vn 0.000000 0.000000 1.000000
vn 0.000000 0.000000 1.000000
vn 0.000000 0.000000 1.000000
vn 0.000000 0.000000 1.000000
vn 0.000000 0.000000 1.000000
vn 0.000000 0.000000 1.000000
vn 0.000000 0.000000 1.000000
vn 0.000000 0.000000 1.000000
vn 0.000000 0.000000 1.000000
vn 0.000000 0.000000 1.000000
vn 0.000000 0.000000 1.000000
vn 0.000000 0.000000 1.000000
vn 0.000000 0.000000 1.000000
vn 0.000000 0.000000 1.000000
vn 0.000000 0.000000 1.000000
vn 0.000000 0.000000 1.000000
vn 0.000000 0.000000 1.000000
vn 0.000000 0.000000 1.000000
vn 0.000000 0.000000 1.000000
vn 0.000000 0.000000 1.000000
vn 0.000000 0.000000 1.000000
vn 0.000000 0.000000 1.000000
vn 0.000000 0.000000 1.000000
vn 0.000000 0.000000 1.000000
vn 0.000000 0.000000 1.000000
vn 0.000000 0.000000 1.000000
vn 0.000000 0.000000 1.000000
vn 0.000000 0.000000 1.000000
vn 0.000000 0.000000 1.000000
vn 0.000000 0.000000 1.000000
vn 0.000000 0.000000 1.000000
vn 0.000000 0.000000 1.000000
vn 0.000000 0.000000 1.000000
vn 0.000000 0.000000 1.000000
vn 0.000000 0.000000 1.000000
vn 0.000000 0.000000 1.000000
vn 0.000000 0.000000 1.000000
vn 0.000000 0.000000 1.000000
vn 0.000000 0.000000 1.000000
vn 0.000000 0.000000 1.000000
vn 0.000000 0.000000 1.000000
vn 0.000000 0.000000 1.000000
vn 0.000000 0.000000 1.000000
vn 0.000000 0.000000 1.000000
vn 0.000000 0.000000 1.000000
vn 0.000000 0.000000 1.000000
vn 0.000000 0.000000 1.000000
vn 0.000000 0.000000 1.000000
vn 0.000000 0.000000 1.000000
vn 0.000000 0.000000 1.000000
vn 0.000000 0.000000 1.000000
vn 0.000000 0.000000 1.000000
vn 0.000000 0.000000 1.000000
vn 0.000000 0.000000 1.000000
vn 0.000000 0.000000 1.000000
vn 0.000000 0.000000 1.000000
vn 0.000000 0.000000 1.000000
vn 0.000000 0.000000 1.000000
vn 0.000000 0.000000 1.000000
vn 0.000000 0.000000 1.000000
vn 0.000000 0.000000 1.000000
vn 0.000000 0.000000 1.000000
vn 0.000000 0.000000 1.000000
vn 0.000000 0.000000 1.000000
vn 0.000000 0.000000 1.000000
vn 0.000000 0.000000 1.000000
vn 0.000000 0.000000 1.000000
vn 0.000000 0.000000 1.000000
vn 0.000000 0.000000 1.000000
vn 0.000000 0.000000 1.000000
vn 0.000000 0.000000 1.000000
vn 0.000000 0.000000 1.000000
vn 0.000000 0.000000 1.000000
vn 0.000000 0.000000 1.000000
vn 0.000000 0.000000 1.000000
vn 0.000000 0.000000 1.000000
vn 0.000000 0.000000 1.000000
vn 0.000000 0.000000 1.000000
vn 0.000000 0.000000 1.000000
vn 0.000000 0.000000 1.000000
vn 0.000000 0.000000 1.000000
vn 0.000000 0.000000 1.000000
vn 0.000000 0.000000 1.000000
vn 0.000000 0.000000 1.000000
vn 0.000000 0.000000 1.000000
vn 0.000000 0.000000 1.000000
vn 0.000000 0.000000 1.000000
vn 0.000000 0.000000 1.000000
vn 0.000000 0.000000 1.000000
vn 0.000000 0.000000 1.000000
vn 0.000000 0.000000 1.000000
vn 0.000000 0.000000 1.000000
vn 0.000000 0.000000 1.000000
vn 0.000000 0.000000 1.000000
vn 0.000000 0.000000 1.000000
vn 0.000000 0.000000 1.000000
vn 0.000000 0.000000 1.000000
vn 0.000000 0.000000 1.000000
vn 0.000000 0.000000 1.000000
vn 0.000000 0.000000 1.000000
vn 0.000000 0.000000 1.000000
vn 0.000000 0.000000 1.000000
vn 0.000000 0.000000 1.000000
vn 0.000000 0.000000 1.000000
vn 0.000000 0.000000 1.000000
vn 0.000000 0.000000 1.000000
vn 0.000000 0.000000 1.000000
vn 0.000000 0.000000 1.000000
vn 0.000000 0.000000 1.000000
vn 0.000000 0.000000 1.000000
vn 0.000000 0.000000 1.000000
vn 0.000000 0.000000 1.000000
vn 0.000000 0.000000 1.000000
vn 0.000000 0.000000 1.000000
vn 0.000000 0.000000 1.000000
vn -0.036630 -0.000443 0.999329
vn -0.017130 0.000000 0.999853
vn -0.058982 -0.001901 0.998257
vn -0.068797 -0.001108 0.997630
vn -0.058920 -0.003326 0.998257
vn -0.068750 -0.002771 0.997630
vn -0.058822 -0.004749 0.998257
vn -0.068663 -0.004431 0.997630
vn -0.058690 -0.006169 0.998257
vn -0.068536 -0.006089 0.997630
vn -0.058524 -0.007585 0.998257
vn -0.068369 -0.007743 0.997630
vn -0.058324 -0.008997 0.998257
vn -0.068162 -0.009393 0.997630
vn -0.058089 -0.010404 0.998257
vn -0.067915 -0.011037 0.997630
vn -0.057821 -0.011804 0.998257
vn -0.067629 -0.012675 0.997630
vn -0.057519 -0.013198 0.998257
vn -0.067302 -0.014306 0.997630
vn -0.057183 -0.014584 0.998257
vn -0.066937 -0.015928 0.997630
vn -0.056814 -0.015961 0.998257
vn -0.066533 -0.017540 0.997630
vn -0.056412 -0.017330 0.998257
vn -0.066090 -0.019143 0.997630
vn -0.055977 -0.018688 0.998257
vn -0.065607 -0.020734 0.997630
vn -0.055509 -0.020035 0.998257
vn -0.065087 -0.022314 0.997630
vn -0.055008 -0.021370 0.998257
vn -0.064529 -0.023880 0.997630
vn -0.054476 -0.022693 0.998257
vn -0.063933 -0.025432 0.997630
vn -0.053912 -0.024003 0.998257
vn -0.063300 -0.026970 0.997630
vn -0.053316 -0.025299 0.998257
vn -0.062630 -0.028491 0.997630
vn -0.052689 -0.026580 0.998257
vn -0.061923 -0.029996 0.997630
vn -0.052031 -0.027845 0.998257
vn -0.061180 -0.031484 0.997630
vn -0.051343 -0.029094 0.998257
vn -0.060402 -0.032953 0.997630
vn -0.050625 -0.030326 0.998257
vn -0.059588 -0.034403 0.997630
vn -0.049878 -0.031541 0.998257
vn -0.058739 -0.035833 0.997630
vn -0.049101 -0.032737 0.998257
vn -0.057856 -0.037242 0.997630
vn -0.048295 -0.033914 0.998257
vn -0.056939 -0.038629 0.997630
vn -0.047462 -0.035071 0.998257
vn -0.055989 -0.039993 0.997630
vn -0.046601 -0.036208 0.998257
vn -0.055007 -0.041335 0.997630
vn -0.045712 -0.037323 0.998257
vn -0.053992 -0.042652 0.997630
vn -0.044797 -0.038417 0.998257
vn -0.052945 -0.043944 0.997630
vn -0.043856 -0.039488 0.998257
vn -0.051868 -0.045211 0.997630
vn -0.042889 -0.040536 0.998257
vn -0.050760 -0.046450 0.997630
vn -0.041897 -0.041560 0.998257
vn -0.049623 -0.047664 0.997630
vn -0.040880 -0.042561 0.998257
vn -0.048457 -0.048849 0.997630
vn -0.039840 -0.043536 0.998257
vn -0.047262 -0.050006 0.997630
vn -0.038776 -0.044486 0.998257
vn -0.046040 -0.051133 0.997630
vn -0.037690 -0.045410 0.998257
vn -0.044791 -0.052230 0.997630
vn -0.036582 -0.046307 0.998257
vn -0.043516 -0.053297 0.997630
vn -0.035452 -0.047178 0.998257
vn -0.042216 -0.054333 0.997630
vn -0.034301 -0.048021 0.998257
vn -0.040890 -0.055337 0.997630
vn -0.033131 -0.048836 0.998257
vn -0.039541 -0.056309 0.997630
vn -0.031942 -0.049622 0.998257
vn -0.038169 -0.057249 0.997630
vn -0.030733 -0.050379 0.998257
vn -0.036774 -0.058154 0.997630
vn -0.029507 -0.051107 0.998257
vn -0.035359 -0.059026 0.997630
vn -0.028263 -0.051805 0.998257
vn -0.033922 -0.059863 0.997630
vn -0.027003 -0.052473 0.998257
vn -0.032465 -0.060665 0.997630
vn -0.025727 -0.053111 0.998257
vn -0.030990 -0.061432 0.997630
vn -0.024437 -0.053716 0.998257
vn -0.029497 -0.062163 0.997630
vn -0.023131 -0.054291 0.998257
vn -0.027986 -0.062858 0.997630
vn -0.021813 -0.054834 0.998257
vn -0.026459 -0.063515 0.997630
vn -0.020481 -0.055346 0.998257
vn -0.024916 -0.064136 0.997630
vn -0.019138 -0.055824 0.998257
vn -0.023359 -0.064720 0.997630
vn -0.017784 -0.056270 0.998257
vn -0.021789 -0.065265 0.997630
vn -0.016419 -0.056684 0.998257
vn -0.020205 -0.065772 0.997630
vn -0.015044 -0.057064 0.998257
vn -0.018610 -0.066242 0.997630
vn -0.013661 -0.057410 0.998257
vn -0.017004 -0.066671 0.997630
vn -0.012270 -0.057724 0.998257
vn -0.015388 -0.067064 0.997630
vn -0.010871 -0.058003 0.998257
vn -0.013763 -0.067415 0.997630
vn -0.009467 -0.058250 0.998257
vn -0.012130 -0.067728 0.997630
vn -0.008056 -0.058461 0.998257
vn -0.010490 -0.068002 0.997630
vn -0.006641 -0.058639 0.998257
vn -0.008843 -0.068235 0.997630
vn -0.005222 -0.058783 0.998257
vn -0.007192 -0.068430 0.997630
vn -0.003800 -0.058891 0.998257
vn -0.005537 -0.068583 0.997630
vn -0.002376 -0.058966 0.998257
vn -0.003878 -0.068697 0.997630
vn -0.000951 -0.059005 0.998257
vn -0.002217 -0.068770 0.997630
vn 0.000000 -0.066233 0.997804
vn -0.000463 -0.067304 0.997732
vn 0.000000 -0.073034 0.997329
vn 0.000000 -0.073034 0.997329
vn 0.000000 -0.073034 0.997329
vn 0.000000 -0.073034 0.997329
vn 0.000000 -0.073034 0.997329
vn 0.000000 -0.073034 0.997329
vn 0.000000 -0.073033 0.997330
vn 0.000000 -0.073033 0.997329
vn 0.000000 -0.073033 0.997329
vn 0.000000 -0.073033 0.997330
vn 0.000000 -0.073034 0.997329
vn 0.000000 -0.073034 0.997329
vn 0.000000 -0.073034 0.997329
vn 0.000000 -0.073034 0.997329
vn 0.000000 -0.073034 0.997329
vn 0.000000 -0.073034 0.997329
vn 0.000000 -0.073034 0.997329
vn 0.000000 -0.073034 0.997329
vn 0.000000 -0.073034 0.997329
vn 0.000000 -0.073034 0.997329
vn 0.000000 -0.073033 0.997330
vn 0.000000 -0.073033 0.997329
vn 0.000000 -0.073033 0.997329
vn 0.000000 -0.073033 0.997330
vn 0.000000 -0.073034 0.997329
vn 0.000000 -0.073034 0.997329
vn 0.000000 -0.073034 0.997329
vn 0.000000 -0.073034 0.997329
vn 0.000000 -0.073034 0.997329
vn 0.000000 -0.073034 0.997329
vn 0.000000 -0.073034 0.997329
vn 0.000000 -0.073034 0.997329
vn 0.000000 -0.073034 0.997329
vn 0.000000 -0.073034 0.997329
vn 0.000000 -0.073033 0.997330
vn 0.000000 -0.073033 0.997329
vn 0.000000 -0.073033 0.997329
vn 0.000000 -0.073033 0.997330
vn 0.000000 -0.073034 0.997329
vn 0.000000 -0.073034 0.997329
vn 0.000000 -0.073034 0.997329
vn 0.000000 -0.073034 0.997329
vn 0.000000 -0.073034 0.997329
vn 0.000000 -0.073034 0.997329
vn 0.000000 -0.073034 0.997329
vn 0.000000 -0.073034 0.997329
vn 0.000000 -0.073034 0.997329
vn 0.000000 -0.073034 0.997329
vn 0.000000 -0.073033 0.997330
vn 0.000000 -0.073033 0.997329
vn 0.000000 -0.073033 0.997329
vn 0.000000 -0.073033 0.997330
vn 0.000000 -0.073034 0.997329
vn 0.000000 -0.073034 0.997329
vn 0.000000 -0.073034 0.997329
vn 0.000000 -0.073034 0.997329
vn 0.000000 -0.073034 0.997329
vn 0.000000 -0.073034 0.997329
vn 0.000000 -0.073033 0.997329
vn 0.000000 -0.073034 0.997329
vn 0.000000 -0.073034 0.997329
vn 0.000000 -0.073033 0.997329
vn 0.000000 -0.073034 0.997329
vn 0.000000 -0.073034 0.997329
vn 0.000000 -0.073034 0.997329
vn 0.000000 -0.073034 0.997329
vn 0.000000 -0.073033 0.997329
vn 0.000000 -0.073034 0.997329
vn 0.000000 -0.073034 0.997329
vn 0.000000 -0.073033 0.997329
vn 0.000000 -0.073034 0.997329
vn 0.000000 -0.073034 0.997329
vn 0.000000 -0.073033 0.997329
vn 0.000000 -0.073034 0.997329
vn 0.000000 -0.073034 0.997329
vn 0.000000 -0.073033 0.997329
vn 0.000000 -0.073034 0.997329
vn 0.000000 -0.073034 0.997329
vn 0.000000 -0.073034 0.997329
vn 0.000000 -0.073034 0.997329
vn 0.000000 -0.073033 0.997329
vn 0.000000 -0.073034 0.997329
vn 0.000000 -0.073034 0.997329
vn 0.000000 -0.073034 0.997330
vn 0.000000 -0.066045 0.997817
vn 0.000000 -0.071152 0.997465
vn 0.000000 0.000000 1.000000
vn 0.000000 0.000000 1.000000
vn 0.000000 0.000000 1.000000
vn 0.000000 0.000000 1.000000
vn 0.000000 0.000000 1.000000
vn 0.000000 0.000000 1.000000
vn 0.000000 0.000000 1.000000
vn 0.000000 0.000000 1.000000
vn 0.000000 0.000000 1.000000
vn 0.000000 0.000000 1.000000
vn 0.000000 0.000000 1.000000
vn 0.000000 0.000000 1.000000
vn 0.000000 0.000000 1.000000
vn 0.000000 0.000000 1.000000
vn 0.000000 0.000000 1.000000
vn 0.000000 0.000000 1.000000
vn 0.000000 0.000000 1.000000
vn 0.000000 0.000000 1.000000
vn 0.000000 0.000000 1.000000
vn 0.000000 0.000000 1.000000
vn 0.000000 0.000000 1.000000
vn 0.000000 0.000000 1.000000
vn 0.000000 0.000000 1.000000
vn 0.000000 0.000000 1.000000
vn 0.000000 0.000000 1.000000
vn 0.000000 0.000000 1.000000
vn 0.000000 0.000000 1.000000
vn 0.000000 0.000000 1.000000
vn 0.000000 0.000000 1.000000
vn 0.000000 0.000000 1.000000
vn 0.000000 0.000000 1.000000
vn 0.000000 0.000000 1.000000
vn 0.000000 0.000000 1.000000
vn 0.000000 0.000000 1.000000
vn 0.000000 0.000000 1.000000
vn 0.000000 0.000000 1.000000
vn 0.000000 0.000000 1.000000
vn 0.000000 0.000000 1.000000
vn 0.000000 0.000000 1.000000
vn 0.000000 0.000000 1.000000
vn 0.000000 0.000000 1.000000
vn 0.000000 0.000000 1.000000
vn 0.000000 0.000000 1.000000
vn 0.000000 0.000000 1.000000
vn 0.000000 0.000000 1.000000
vn 0.000000 0.000000 1.000000
vn 0.000000 0.000000 1.000000
vn 0.000000 0.000000 1.000000
vn 0.000000 0.000000 1.000000
vn 0.000000 0.000000 1.000000
vn 0.000000 0.000000 1.000000
vn 0.000000 0.000000 1.000000
vn 0.000000 0.000000 1.000000
vn 0.000000 0.000000 1.000000
vn 0.000000 0.000000 1.000000
vn 0.000000 0.000000 1.000000
vn 0.000000 0.000000 1.000000
vn 0.000000 0.000000 1.000000
vn 0.000000 0.000000 1.000000
vn 0.000000 0.000000 1.000000
vn 0.000000 0.000000 1.000000
vn 0.000000 0.000000 1.000000
vn 0.000000 0.000000 1.000000
vn 0.000000 0.000000 1.000000
vn 0.000000 0.000000 1.000000
vn 0.000000 0.000000 1.000000
vn 0.000000 0.000000 1.000000
vn 0.000000 0.000000 1.000000
vn 0.000000 0.000000 1.000000
vn 0.000000 0.000000 1.000000
vn 0.000000 0.000000 1.000000
vn 0.000000 0.000000 1.000000
vn 0.000000 0.000000 1.000000
vn 0.000000 0.000000 1.000000
vn 0.000000 0.000000 1.000000
vn 0.000000 0.000000 1.000000
vn 0.000000 0.000000 1.000000
vn 0.000000 0.000000 1.000000
vn 0.000000 0.000000 1.000000
vn 0.000000 0.000000 1.000000
vn 0.000000 0.000000 1.000000
vn 0.000000 0.000000 1.000000
vn 0.000000 0.000000 1.000000
vn 0.000000 0.000000 1.000000
vn 0.000000 0.000000 1.000000
vn 0.000000 0.000000 1.000000
vn 0.000000 0.000000 1.000000
vn 0.000000 0.000000 1.000000
vn 0.000000 0.000000 1.000000
vn 0.000000 0.000000 1.000000
vn 0.000000 0.000000 1.000000
vn 0.000000 0.000000 1.000000
vn 0.000000 0.000000 1.000000
vn 0.000000 0.000000 1.000000
vn 0.000000 0.000000 1.000000
vn 0.000000 0.000000 1.000000
vn 0.000000 0.000000 1.000000
vn 0.000000 0.000000 1.000000
vn 0.000000 0.000000 1.000000
vn 0.000000 0.000000 1.000000
vn 0.000000 0.000000 1.000000
vn 0.000000 0.000000 1.000000
vn 0.000000 0.000000 1.000000
vn 0.000000 0.000000 1.000000
vn 0.000000 0.000000 1.000000
vn 0.000000 0.000000 1.000000
vn 0.000000 0.000000 1.000000
vn 0.000000 0.000000 1.000000
vn 0.000000 0.000000 1.000000
vn 0.000000 0.000000 1.000000
vn 0.000000 0.000000 1.000000
vn 0.000000 0.000000 1.000000
vn 0.000000 0.000000 1.000000
vn 0.000000 0.000000 1.000000
vn 0.000000 0.000000 1.000000
vn 0.000000 0.000000 1.000000
vn 0.000000 0.000000 1.000000
vn 0.000000 0.000000 1.000000
vn 0.000000 0.000000 1.000000
vn 0.000000 0.000000 1.000000
vn 0.000000 0.000000 1.000000
vn 0.000000 0.000000 1.000000
vn 0.000000 0.000000 1.000000
vn 0.000000 0.000000 1.000000
vn 0.000000 0.000000 1.000000
vn 0.000000 0.000000 1.000000
vn 0.000000 0.000000 1.000000
vn 0.000000 0.000000 1.000000
vn 0.000000 0.000000 1.000000
vn 0.000000 0.000000 1.000000
vn 0.000000 0.000000 1.000000
vn 0.000000 0.000000 1.000000
vn 0.000000 0.000000 1.000000
vn 0.000000 0.000000 1.000000
vn 0.000000 0.000000 1.000000
vn 0.000000 0.000000 1.000000
vn 0.000000 0.000000 1.000000
vn 0.000000 0.000000 1.000000
vn 0.000000 0.000000 1.000000
vn 0.000000 0.000000 1.000000
vn 0.000000 0.000000 1.000000
vn 0.000000 0.000000 1.000000
vn 0.000000 0.000000 1.000000
vn 0.000000 0.000000 1.000000
vn 0.000000 0.000000 1.000000
vn 0.000000 0.000000 1.000000
vn 0.000000 0.000000 1.000000
vn 0.000000 0.000000 1.000000
vn 0.000000 0.000000 1.000000
vn 0.000000 0.000000 1.000000
vn 0.000000 0.000000 1.000000
vn 0.000000 0.000000 1.000000
vn 0.000000 0.000000 1.000000
vn 0.000000 0.000000 1.000000
vn 0.000000 0.000000 1.000000
vn 0.000000 0.000000 1.000000
vn 0.000000 0.000000 1.000000
vn 0.000000 0.000000 1.000000
vn 0.000000 0.000000 1.000000
vn 0.000000 0.000000 1.000000
vn 0.000000 0.000000 1.000000
vn 0.000000 0.000000 1.000000
vn 0.000000 0.000000 1.000000
vn 0.000000 0.000000 1.000000
vn 0.000000 0.000000 1.000000
vn 0.000000 0.000000 1.000000
vn 0.000000 0.000000 1.000000
vn 0.000000 0.000000 1.000000
vn 0.000000 0.000000 1.000000
vn 0.000000 0.000000 1.000000
vn 0.000000 0.000000 1.000000
vn 0.000000 0.000000 1.000000
vn 0.000000 0.000000 1.000000
vn 0.000000 0.000000 1.000000
vn 0.000000 0.000000 1.000000
vn 0.000000 0.000000 1.000000
vn 0.000000 0.000000 1.000000
vn 0.000000 0.000000 1.000000
vn 0.000000 0.000000 1.000000
vn 0.000000 0.000000 1.000000
vn 0.000000 0.000000 1.000000
vn 0.000000 0.000000 1.000000
vn 0.000000 0.000000 1.000000
vn 0.000000 0.000000 1.000000
vn 0.000000 0.000000 1.000000
vn 0.000000 0.000000 1.000000
vn 0.000000 0.000000 1.000000
vn 0.000000 0.000000 1.000000
vn 0.000000 0.000000 1.000000
vn 0.000000 0.000000 1.000000
vn 0.000000 0.000000 1.000000
vn 0.000000 0.000000 1.000000
vn 0.000000 0.000000 1.000000
vn 0.000000 0.000000 1.000000
vn 0.000000 0.000000 1.000000
vn 0.000000 0.000000 1.000000
vn 0.000000 0.000000 1.000000
vn 0.000000 0.000000 1.000000
vn 0.000000 0.000000 1.000000
vn 0.000000 0.000000 1.000000
vn 0.000000 0.000000 1.000000
vn 0.000000 0.000000 1.000000
vn 0.000000 0.000000 1.000000
vn 0.000000 0.000000 1.000000
vn 0.000000 0.000000 1.000000
vn 0.000000 0.000000 1.000000
vn 0.000000 0.000000 1.000000
vn 0.000000 0.000000 1.000000
vn 0.000000 0.000000 1.000000
vn 0.000000 0.000000 1.000000
vn 0.000000 0.000000 1.000000
vn 0.000000 0.000000 1.000000
vn 0.000000 0.000000 1.000000
vn 0.000000 0.000000 1.000000
vn 0.000000 0.000000 1.000000
vn 0.000000 0.000000 1.000000
vn 0.000000 0.000000 1.000000
vn 0.000000 0.000000 1.000000
vn 0.000000 0.000000 1.000000
vn 0.000000 0.000000 1.000000
vn 0.000000 0.000000 1.000000
vn 0.000000 0.000000 1.000000
vn 0.000000 0.000000 1.000000
vn 0.000000 0.000000 1.000000
vn 0.000000 0.000000 1.000000
vn 0.000000 0.000000 1.000000
vn 0.000000 0.000000 1.000000
vn 0.000000 0.000000 1.000000
vn 0.000000 0.000000 1.000000
vn 0.000000 0.000000 1.000000
vn 0.000000 0.000000 1.000000
vn 0.000000 0.000000 1.000000
vn 0.000000 0.000000 1.000000
vn 0.000000 0.000000 1.000000
vn 0.000000 0.000000 1.000000
vn 0.000000 0.000000 1.000000
vn 0.000000 0.000000 1.000000
vn 0.000000 0.000000 1.000000
vn 0.000000 0.000000 1.000000
vn 0.000000 0.000000 1.000000
vn 0.000000 0.000000 1.000000
vn 0.000000 0.000000 1.000000
vn 0.000000 0.000000 1.000000
vn 0.000000 0.000000 1.000000
vn 0.000000 0.000000 1.000000
vn 0.000000 0.000000 1.000000
vn 0.000000 0.000000 1.000000
vn 0.000000 0.000000 1.000000
vn 0.000000 0.000000 1.000000
vn 0.000000 0.000000 1.000000
vn 0.000000 0.000000 1.000000
vn 0.000000 0.000000 1.000000
vn 0.000000 0.000000 1.000000
vn 0.000000 0.000000 1.000000
vn 0.000000 0.000000 1.000000
vn 0.000000 0.000000 1.000000
vn 0.000000 0.000000 1.000000
vn 0.000000 0.000000 1.000000
vn 0.000000 0.000000 1.000000
vn 0.000000 0.000000 1.000000
vn 0.000000 0.000000 1.000000
vn 0.000000 0.000000 1.000000
vn 0.000000 0.000000 1.000000
vn 0.000000 0.000000 1.000000
vn 0.000000 0.000000 1.000000
vn 0.000000 0.000000 1.000000
vn 0.000000 0.000000 1.000000
vn 0.000000 0.000000 1.000000
vn 0.000000 0.000000 1.000000
vn 0.000000 0.000000 1.000000
vn 0.000000 0.000000 1.000000
vn 0.000000 0.000000 1.000000
vn 0.000000 0.000000 1.000000
vn 0.000000 0.000000 1.000000
vn -0.000054 0.004481 0.999990
vn 0.000000 0.002185 0.999998
vn -0.000554 0.016044 0.999871
vn -0.000259 0.013387 0.999910
vn -0.001707 0.029599 0.999560
vn -0.001223 0.029301 0.999570
vn -0.003491 0.042809 0.999077
vn -0.002937 0.044873 0.998988
vn -0.005870 0.055522 0.998440
vn -0.005363 0.059920 0.998189
vn -0.008794 0.067596 0.997674
vn -0.008450 0.074271 0.997202
vn -0.012202 0.078898 0.996808
vn -0.012131 0.087768 0.996067
vn -0.016024 0.089310 0.995875
vn -0.016329 0.100264 0.994827
vn -0.020181 0.098724 0.994910
vn -0.020954 0.111632 0.993529
vn -0.024587 0.107049 0.993950
vn -0.025909 0.121760 0.992221
vn -0.029149 0.114208 0.993029
vn -0.031091 0.130555 0.990954
vn -0.033771 0.120140 0.992182
vn -0.036388 0.137942 0.989772
vn -0.038354 0.124801 0.991440
vn -0.041689 0.143867 0.988719
vn -0.042798 0.128161 0.990830
vn -0.046879 0.148290 0.987832
vn -0.047004 0.130205 0.990372
vn -0.051842 0.151190 0.987144
vn -0.050872 0.130935 0.990085
vn -0.056465 0.152566 0.986679
vn -0.054307 0.130364 0.989978
vn -0.060636 0.152428 0.986453
vn -0.057219 0.128523 0.990054
vn -0.064249 0.150806 0.986473
vn -0.059522 0.125454 0.990312
vn -0.067202 0.147742 0.986740
vn -0.061136 0.121212 0.990742
vn -0.069401 0.143293 0.987244
vn -0.061991 0.115864 0.991329
vn -0.070758 0.137532 0.987967
vn -0.062025 0.109490 0.992051
vn -0.071197 0.130541 0.988883
vn -0.061187 0.102181 0.992882
vn -0.070653 0.122419 0.989961
vn -0.059439 0.094037 0.993793
vn -0.069071 0.113276 0.991160
vn -0.056753 0.085167 0.994749
vn -0.066415 0.103231 0.992438
vn -0.053117 0.075690 0.995716
vn -0.062660 0.092418 0.993747
vn -0.048533 0.065731 0.996656
vn -0.057800 0.080977 0.995039
vn -0.043019 0.055420 0.997536
vn -0.051846 0.069057 0.996265
vn -0.036609 0.044891 0.998321
vn -0.044830 0.056812 0.997378
vn -0.029351 0.034279 0.998981
vn -0.036799 0.044401 0.998336
vn -0.021310 0.023720 0.999492
vn -0.027823 0.031984 0.999101
vn -0.012565 0.013348 0.999832
vn -0.017987 0.019719 0.999644
vn -0.005819 0.005947 0.999965
vn -0.009131 0.009570 0.999913
vn 0.000823 -0.000804 0.999999
vn -0.000938 0.000961 0.999999
vn 0.008725 -0.008325 0.999927
vn 0.007498 -0.007337 0.999945
vn 0.016903 -0.015419 0.999738
vn 0.015571 -0.014658 0.999771
vn 0.027421 -0.023854 0.999339
vn 0.027669 -0.024857 0.999308
vn 0.038075 -0.031556 0.998777
vn 0.039978 -0.034230 0.998614
vn 0.048730 -0.038452 0.998072
vn 0.052341 -0.042684 0.997717
vn 0.059250 -0.044484 0.997252
vn 0.064599 -0.050144 0.996651
vn 0.069500 -0.049608 0.996348
vn 0.076594 -0.056554 0.995457
vn 0.079347 -0.053798 0.995394
vn 0.088169 -0.061874 0.994182
vn 0.088661 -0.057041 0.994427
vn 0.099174 -0.066087 0.992873
vn 0.097321 -0.059343 0.993482
vn 0.109465 -0.069191 0.991580
vn 0.105210 -0.060721 0.992595
vn 0.118907 -0.071203 0.990349
vn 0.112222 -0.061206 0.991796
vn 0.127375 -0.072156 0.989226
vn 0.118260 -0.060843 0.991117
vn 0.134755 -0.072098 0.988252
vn 0.123238 -0.059687 0.990581
vn 0.140945 -0.071089 0.987462
vn 0.127081 -0.057804 0.990207
vn 0.145856 -0.069201 0.986883
vn 0.129726 -0.055268 0.990008
vn 0.149411 -0.066519 0.986535
vn 0.131122 -0.052160 0.989993
vn 0.151547 -0.063132 0.986432
vn 0.131232 -0.048569 0.990161
vn 0.152216 -0.059140 0.986576
vn 0.130033 -0.044587 0.990507
vn 0.151383 -0.054649 0.986963
vn 0.127515 -0.040311 0.991017
vn 0.149031 -0.049768 0.987579
vn 0.123683 -0.035840 0.991674
vn 0.145155 -0.044609 0.988403
vn 0.118557 -0.031274 0.992455
vn 0.139771 -0.039289 0.989404
vn 0.112172 -0.026713 0.993330
vn 0.132909 -0.033922 0.990548
vn 0.104581 -0.022254 0.994267
vn 0.124619 -0.028623 0.991792
vn 0.095849 -0.017991 0.995233
vn 0.114967 -0.023502 0.993091
vn 0.086059 -0.014015 0.996192
vn 0.104040 -0.018667 0.994398
vn 0.075308 -0.010409 0.997106
vn 0.091942 -0.014219 0.995663
vn 0.063708 -0.007248 0.997942
vn 0.078795 -0.010251 0.996838
vn 0.051385 -0.004599 0.998668
vn 0.064739 -0.006844 0.997879
vn 0.038473 -0.002518 0.999256
vn 0.049927 -0.004072 0.998745
vn 0.025118 -0.001049 0.999684
vn 0.034527 -0.001991 0.999402
vn 0.011475 -0.000222 0.999934
vn 0.018717 -0.000646 0.999825
vn 0.000000 0.000000 -1.000000
vn 0.000000 0.000000 -1.000000
vn 0.000000 0.000000 -1.000000
vn 0.000000 0.000000 -1.000000
vn 0.000000 0.000000 -1.000000
vn 0.000000 0.000000 -1.000000
vn 0.000000 0.000000 -1.000000
vn 0.000000 0.000000 -1.000000
vn 0.000000 0.000000 -1.000000
vn 0.000000 0.000000 -1.000000
vn 0.000000 0.000000 -1.000000
vn 0.000000 0.000000 -1.000000
vn 0.000000 0.000000 -1.000000
vn 0.000000 0.000000 -1.000000
vn 0.000000 0.000000 -1.000000
vn 0.000000 0.000000 -1.000000
vn 0.000000 0.000000 -1.000000
vn 0.000000 0.000000 -1.000000
vn 0.000000 0.000000 -1.000000
vn 0.000000 0.000000 -1.000000
vn 0.000000 0.000000 -1.000000
vn 0.000000 0.000000 -1.000000
vn 0.000000 0.000000 -1.000000
vn 0.000000 0.000000 -1.000000
vn 0.000000 0.000000 -1.000000
vn 0.000000 0.000000 -1.000000
vn 0.000000 0.000000 -1.000000
vn 0.000000 0.000000 -1.000000
vn 0.000000 0.000000 -1.000000
vn 0.000000 0.000000 -1.000000
vn 0.000000 0.000000 -1.000000
vn 0.000000 0.000000 -1.000000
vn 0.000000 0.000000 -1.000000
vn 0.000000 0.000000 -1.000000
vn 0.000000 0.000000 -1.000000
vn 0.000000 0.000000 -1.000000
vn 0.000000 0.000000 -1.000000
vn 0.000000 0.000000 -1.000000
vn 0.000000 0.000000 -1.000000
vn 0.000000 0.000000 -1.000000
vn 0.000000 0.000000 -1.000000
vn 0.000000 0.000000 -1.000000
vn 0.000000 0.000000 -1.000000
vn 0.000000 0.000000 -1.000000
vn 0.000000 0.000000 -1.000000
vn 0.000000 0.000000 -1.000000
vn 0.000000 0.000000 -1.000000
vn 0.000000 0.000000 -1.000000
vn 0.000000 0.000000 -1.000000
vn 0.000000 0.000000 -1.000000
vn 0.000000 0.000000 -1.000000
vn 0.000000 0.000000 -1.000000
vn 0.000000 0.000000 -1.000000
vn 0.000000 0.000000 -1.000000
vn 0.000000 0.000000 -1.000000
vn 0.000000 0.000000 -1.000000
vn 0.000000 0.000000 -1.000000
vn 0.000000 0.000000 -1.000000
vn 0.000000 0.000000 -1.000000
vn 0.000000 0.000000 -1.000000
vn 0.000000 0.000000 -1.000000
vn 0.000000 0.000000 -1.000000
vn 0.000000 0.000000 -1.000000
vn 0.000000 0.000000 -1.000000
vn 0.000000 0.000000 -1.000000
vn 0.000000 0.000000 -1.000000
vn 0.000000 0.000000 -1.000000
vn 0.000000 0.000000 -1.000000
vn 0.000000 0.000000 -1.000000
vn 0.000000 0.000000 -1.000000
vn 0.000000 0.000000 -1.000000
vn 0.000000 0.000000 -1.000000
vn 0.000000 0.000000 -1.000000
vn 0.000000 0.000000 -1.000000
vn 0.000000 0.000000 -1.000000
vn 0.000000 0.000000 -1.000000
vn 0.000000 0.000000 -1.000000
vn 0.000000 0.000000 -1.000000
vn 0.000000 0.000000 -1.000000
vn 0.000000 0.000000 -1.000000
vn 0.000000 0.000000 -1.000000
vn 0.000000 0.000000 -1.000000
vn 0.000000 0.000000 -1.000000
vn 0.000000 0.000000 -1.000000
vn 0.000000 0.000000 -1.000000
vn 0.000000 0.000000 -1.000000
vn 0.000000 0.000000 -1.000000
vn 0.000000 0.000000 -1.000000
vn 0.000000 0.000000 -1.000000
vn 0.000000 0.000000 -1.000000
vn 0.000000 0.000000 -1.000000
vn 0.000000 0.000000 -1.000000
vn 0.000000 0.000000 -1.000000
vn 0.000000 0.000000 -1.000000
vn 0.000000 0.000000 -1.000000
vn 0.000000 0.000000 -1.000000
vn 0.000000 0.000000 -1.000000
vn 0.000000 0.000000 -1.000000
vn 0.000000 0.000000 -1.000000
vn 0.000000 0.000000 -1.000000
vn 0.000000 0.000000 -1.000000
vn 0.000000 0.000000 -1.000000
vn 0.000000 0.000000 -1.000000
vn 0.000000 0.000000 -1.000000
vn 0.000000 0.000000 -1.000000
vn 0.000000 0.000000 -1.000000
vn 0.000000 0.000000 -1.000000
vn 0.000000 0.000000 -1.000000
vn 0.000000 0.000000 -1.000000
vn 0.000000 0.000000 -1.000000
vn 0.000000 0.000000 -1.000000
vn 0.000000 0.000000 -1.000000
vn 0.000000 0.000000 -1.000000
vn 0.000000 0.000000 -1.000000
vn 0.000000 0.000000 -1.000000
vn 0.000000 0.000000 -1.000000
vn 0.000000 0.000000 -1.000000
vn 0.000000 0.000000 -1.000000
vn 0.000000 0.000000 -1.000000
vn 0.000000 0.000000 -1.000000
vn 0.000000 0.000000 -1.000000
vn 0.000000 0.000000 -1.000000
vn 0.000000 0.000000 -1.000000
vn 0.000000 0.000000 -1.000000
vn 0.000000 0.000000 -1.000000
vn 0.000000 0.000000 -1.000000
vn 0.000000 0.000000 -1.000000
vn 0.000000 0.000000 -1.000000
vn 0.000000 0.000000 -1.000000
vn 0.000000 0.000000 -1.000000
vn 0.000000 0.000000 -1.000000
vn 0.000000 0.000000 -1.000000
vn 0.000000 0.000000 -1.000000
vn 0.000000 0.000000 -1.000000
vn 0.000000 0.000000 -1.000000
vn 0.000000 0.000000 -1.000000
vn 0.000000 0.000000 -1.000000
vn 0.000000 0.000000 -1.000000
vn 0.000000 0.000000 -1.000000
vn 0.000000 0.000000 -1.000000
vn 0.000000 0.000000 -1.000000
vn 0.000000 0.000000 -1.000000
vn 0.000000 0.000000 -1.000000
vn 0.000000 0.000000 -1.000000
vn 0.000000 0.000000 -1.000000
vn 0.000000 0.000000 -1.000000
vn 0.000000 0.000000 -1.000000
vn 0.000000 0.000000 -1.000000
vn 0.000000 0.000000 -1.000000
vn 0.000000 0.000000 -1.000000
vn 0.000000 0.000000 -1.000000
vn 0.000000 0.000000 -1.000000
vn 0.000000 0.000000 -1.000000
vn 0.000000 0.000000 -1.000000
vn 0.000000 0.000000 -1.000000
vn 0.000000 0.000000 -1.000000
vn 0.000000 0.000000 -1.000000
vn 0.000000 0.000000 -1.000000
vn 0.000000 0.000000 -1.000000
vn 0.000000 0.000000 -1.000000
vn 0.000000 0.000000 -1.000000
vn 0.000000 0.000000 -1.000000
vn 0.000000 0.000000 -1.000000
vn 0.000000 0.000000 -1.000000
vn 0.000000 0.000000 -1.000000
vn 0.000000 0.000000 -1.000000
vn 0.000000 0.000000 -1.000000
vn 0.000000 0.000000 -1.000000
vn 0.000000 0.000000 -1.000000
vn 0.000000 0.000000 -1.000000
vn 0.000000 0.000000 -1.000000
vn 0.000000 0.000000 -1.000000
vn 0.000000 0.000000 -1.000000
vn 0.000000 0.000000 -1.000000
vn 0.000000 0.000000 -1.000000
vn 0.000000 0.000000 -1.000000
vn 0.000000 0.000000 -1.000000
vn 0.000000 0.000000 -1.000000
vn 0.000000 0.000000 -1.000000
vn 0.000000 0.000000 -1.000000
vn 0.000000 0.000000 -1.000000
vn 0.000000 0.000000 -1.000000
vn 0.000000 0.000000 -1.000000
vn 0.000000 0.000000 -1.000000
vn 0.000000 0.000000 -1.000000
vn 0.000000 0.000000 -1.000000
vn 0.000000 0.000000 -1.000000
vn 0.000000 0.000000 -1.000000
vn 0.000000 0.000000 -1.000000
vn 0.000000 0.000000 -1.000000
vn 0.000000 0.000000 -1.000000
vn 0.000000 0.000000 -1.000000
vn 0.000000 0.000000 -1.000000
vn 0.000000 0.000000 -1.000000
vn 0.000000 0.000000 -1.000000
vn 0.000000 0.000000 -1.000000
vn 0.000000 0.000000 -1.000000
vn 0.000000 0.000000 -1.000000
vn 0.000000 0.000000 -1.000000
vn 0.000000 0.000000 -1.000000
vn 0.000000 0.000000 -1.000000
vn 0.000000 0.000000 -1.000000
vn 0.000000 0.000000 -1.000000
vn 0.000000 0.000000 -1.000000
vn 0.000000 0.000000 -1.000000
vn 0.000000 0.000000 -1.000000
vn 0.000000 0.000000 -1.000000
vn 0.000000 0.000000 -1.000000
vn 0.000000 0.000000 -1.000000
vn 0.000000 0.000000 -1.000000
vn 0.000000 0.000000 -1.000000
vn 0.000000 0.000000 -1.000000
vn 0.000000 0.000000 -1.000000
vn 0.000000 0.000000 -1.000000
vn 0.000000 0.000000 -1.000000
vn 0.000000 0.000000 -1.000000
vn 0.000000 0.000000 -1.000000
vn 0.000000 0.000000 -1.000000
vn 0.000000 0.000000 -1.000000
vn 0.000000 0.000000 -1.000000
vn 0.000000 0.000000 -1.000000
vn 0.000000 0.000000 -1.000000
vn 0.000000 0.000000 -1.000000
vn 0.000000 0.000000 -1.000000
vn 0.000000 0.000000 -1.000000
vn 0.000000 0.000000 -1.000000
vn 0.000000 0.000000 -1.000000
vn 0.000000 0.000000 -1.000000
vn 0.000000 0.000000 -1.000000
vn 0.000000 0.000000 -1.000000
vn 0.000000 0.000000 -1.000000
vn 0.000000 0.000000 -1.000000
vn 0.000000 0.000000 -1.000000
vn 0.000000 0.000000 -1.000000
vn 0.000000 0.000000 -1.000000
vn 0.000000 0.000000 -1.000000
vn 0.000000 0.000000 -1.000000
vn 0.000000 0.000000 -1.000000
vn 0.000000 0.000000 -1.000000
vn 0.000000 0.000000 -1.000000
vn 0.000000 0.000000 -1.000000
vn 0.000000 0.000000 -1.000000
vn 0.000000 0.000000 -1.000000
vn 0.000000 0.000000 -1.000000
vn 0.000000 0.000000 -1.000000
vn 0.000000 0.000000 -1.000000
vn 0.000000 0.000000 -1.000000
vn 0.000000 0.000000 -1.000000
vn 0.000000 0.000000 -1.000000
vn 0.000000 0.000000 -1.000000
vn 0.000000 0.000000 -1.000000
vn 0.000000 0.000000 -1.000000
vn 0.000000 0.000000 -1.000000
vn 0.000000 0.000000 -1.000000
vn 0.000000 0.000000 -1.000000
vn 0.000000 0.000000 -1.000000
vn 0.000000 0.000000 -1.000000
vn 0.000000 0.000000 -1.000000
vn 0.000000 0.000000 -1.000000
vn 0.000000 0.000000 -1.000000
vn 0.000000 0.000000 -1.000000
vn 0.000000 0.000000 -1.000000
vn 0.000000 0.000000 -1.000000
vn 0.000000 0.000000 -1.000000
vn 0.000000 0.000000 -1.000000
vn 0.000000 0.000000 -1.000000
vn 0.000000 0.000000 -1.000000
vn 0.000000 0.000000 -1.000000
vn 0.000000 0.000000 -1.000000
vn 0.000000 0.000000 -1.000000
vn 0.000000 0.000000 -1.000000
vn 0.000000 0.000000 -1.000000
vn 0.000000 0.000000 -1.000000
vn 0.000000 0.000000 -1.000000
vn 0.000000 0.000000 -1.000000
vn 0.000000 0.000000 -1.000000
vn 0.000000 0.000000 -1.000000
vn 0.000000 0.000000 -1.000000
vn 0.000000 0.000000 -1.000000
vn 0.000000 0.000000 -1.000000
vn 0.000000 0.000000 -1.000000
vn 0.000000 0.000000 -1.000000
vn 0.000000 0.000000 -1.000000
vn 0.000000 0.000000 -1.000000
vn 0.000000 0.000000 -1.000000
vn 0.000000 0.000000 -1.000000
vn 0.000000 0.000000 -1.000000
vn 0.000000 0.000000 -1.000000
vn 0.000000 0.000000 -1.000000
vn 0.000000 0.000000 -1.000000
vn 0.000000 0.000000 -1.000000
vn 0.000000 0.000000 -1.000000
vn 0.000000 0.000000 -1.000000
vn 0.000000 0.000000 -1.000000
vn 0.000000 0.000000 -1.000000
vn 0.000000 0.000000 -1.000000
vn 0.000000 0.000000 -1.000000
vn 0.000000 0.000000 -1.000000
vn 0.000000 0.000000 -1.000000
vn 0.000000 0.000000 -1.000000
vn 0.000000 0.000000 -1.000000
vn 0.000000 0.000000 -1.000000
vn 0.000000 0.000000 -1.000000
vn 0.000000 0.000000 -1.000000
vn 0.000000 0.000000 -1.000000
vn 0.000000 0.000000 -1.000000
vn 0.000000 0.000000 -1.000000
vn 0.000000 0.000000 -1.000000
vn 0.000000 0.000000 -1.000000
vn 0.000000 0.000000 -1.000000
vn 0.000000 0.000000 -1.000000
vn 0.000000 0.000000 -1.000000
vn 0.000000 0.000000 -1.000000
vn 0.000000 0.000000 -1.000000
vn 0.000000 0.000000 -1.000000
vn 0.000000 0.000000 -1.000000
vn 0.000000 0.000000 -1.000000
vn 0.000000 0.000000 -1.000000
vn 0.000000 0.000000 -1.000000
vn 0.000000 0.000000 -1.000000
vn 0.000000 0.000000 -1.000000
vn 0.000000 0.000000 -1.000000
vn 0.000000 0.000000 -1.000000
vn 0.000000 0.000000 -1.000000
vn 0.000000 0.000000 -1.000000
vn 0.000000 0.000000 -1.000000
vn 0.000000 0.000000 -1.000000
vn 0.000000 0.000000 -1.000000
vn 0.000000 0.000000 -1.000000
vn 0.000000 0.000000 -1.000000
vn 0.000000 0.000000 -1.000000
vn 0.000000 0.000000 -1.000000
vn 0.000000 0.000000 -1.000000
vn 0.000000 0.000000 -1.000000
vn 0.000000 0.000000 -1.000000
vn 0.000000 0.000000 -1.000000
vn 0.000000 0.000000 -1.000000
vn 0.000000 0.000000 -1.000000
vn 0.000000 0.000000 -1.000000
vn 0.000000 0.000000 -1.000000
vn 0.000000 0.000000 -1.000000
vn 0.000000 0.000000 -1.000000
vn 0.000000 0.000000 -1.000000
vn 0.000000 0.000000 -1.000000
vn 0.000000 0.000000 -1.000000
vn 0.000000 0.000000 -1.000000
vn 0.000000 0.000000 -1.000000
vn 0.000000 0.000000 -1.000000
vn 0.000000 0.000000 -1.000000
vn 0.000000 0.000000 -1.000000
vn 0.000000 0.000000 -1.000000
vn 0.000000 0.000000 -1.000000
vn 0.000000 0.000000 -1.000000
vn 0.000000 0.000000 -1.000000
vn 0.000000 0.000000 -1.000000
vn 0.000000 0.000000 -1.000000
vn 0.000000 0.000000 -1.000000
vn 0.000000 0.000000 -1.000000
vn 0.000000 0.000000 -1.000000
vn 0.000000 0.000000 -1.000000
vn 0.000000 0.000000 -1.000000
vn 0.000000 0.000000 -1.000000
vn 0.000000 0.000000 -1.000000
vn 0.000000 0.000000 -1.000000
vn 0.000000 0.000000 -1.000000
vn 0.000000 0.000000 -1.000000
vn 0.000000 0.000000 -1.000000
vn 0.000000 0.000000 -1.000000
vn 0.000000 0.000000 -1.000000
vn 0.000000 0.000000 -1.000000
vn 0.000000 0.000000 -1.000000
vn 0.000000 0.000000 -1.000000
vn 0.000000 0.000000 -1.000000
vn 0.000000 0.000000 -1.000000
vn 0.000000 0.000000 -1.000000
vn 0.000000 0.000000 -1.000000
vn 0.000000 0.000000 -1.000000
vn 0.000000 0.000000 -1.000000
vn 0.000000 0.000000 -1.000000
vn 0.000000 0.000000 -1.000000
vn 0.000000 0.000000 -1.000000
vn 0.000000 0.000000 -1.000000
vn 0.000000 0.000000 -1.000000
vn 0.000000 0.000000 -1.000000
vn 0.000000 0.000000 -1.000000
vn 0.000000 0.000000 -1.000000
vn 0.000000 0.000000 -1.000000
vn 0.000000 0.000000 -1.000000
vn 0.000000 0.000000 -1.000000
vn 0.000000 0.000000 -1.000000
vn 0.000000 0.000000 -1.000000
vn 0.000000 0.000000 -1.000000
vn 0.000000 0.000000 -1.000000
vn 0.000000 0.000000 -1.000000
vn 0.000000 0.000000 -1.000000
vn 0.000000 0.000000 -1.000000
vn 0.000000 0.000000 -1.000000
vn 0.000000 0.000000 -1.000000
vn 0.000000 0.000000 -1.000000
vn 0.000000 0.000000 -1.000000
vn 0.000000 0.000000 -1.000000
vn 0.000000 0.000000 -1.000000
vn 0.000000 0.000000 -1.000000
vn 0.000000 0.000000 -1.000000
vn 0.000000 0.000000 -1.000000
vn 0.000000 0.000000 -1.000000
vn 0.000000 0.000000 -1.000000
vn 0.000000 0.000000 -1.000000
vn 0.000000 0.000000 -1.000000
vn 0.000000 0.000000 -1.000000
vn 0.000000 0.000000 -1.000000
vn 0.000000 0.000000 -1.000000
vn 0.000000 0.000000 -1.000000
vn 0.000000 0.000000 -1.000000
vn 0.000000 0.000000 -1.000000
vn 0.000000 0.000000 -1.000000
vn 0.000000 0.000000 -1.000000
vn 0.000000 0.000000 -1.000000
vn 0.000000 0.000000 -1.000000
vn 0.000000 0.000000 -1.000000
vn 0.000000 0.000000 -1.000000
vn 0.000000 0.000000 -1.000000
vn 0.000000 0.000000 -1.000000
vn 0.000000 0.000000 -1.000000
vn 0.000000 0.000000 -1.000000
vn 0.000000 0.000000 -1.000000
vn 0.000000 0.000000 -1.000000
vn 0.000000 0.000000 -1.000000
vn 0.000000 0.000000 -1.000000
vn 0.000000 0.000000 -1.000000
vn 0.000000 0.000000 -1.000000
vn 0.000000 0.000000 -1.000000
vn 0.000000 0.000000 -1.000000
vn 0.000000 0.000000 -1.000000
vn 0.000000 0.000000 -1.000000
vn 0.000000 0.000000 -1.000000
vn 0.000000 0.000000 -1.000000
vn 0.000000 0.000000 -1.000000
vn 0.000000 0.000000 -1.000000
vn 0.000000 0.000000 -1.000000
vn 0.000000 0.000000 -1.000000
vn 0.000000 0.000000 -1.000000
vn 0.000000 0.000000 -1.000000
vn 0.000000 0.000000 -1.000000
vn 0.000000 0.000000 -1.000000
vn 0.000000 0.000000 -1.000000
vn 0.000000 0.000000 -1.000000
vn 0.000000 0.000000 -1.000000
vn 0.000000 0.000000 -1.000000
vn 0.000000 0.000000 -1.000000
vn 0.000000 0.000000 -1.000000
vn 0.000000 0.000000 -1.000000
vn 0.000000 0.000000 -1.000000
vn 0.000000 0.000000 -1.000000
vn 0.000000 0.000000 -1.000000
vn 0.000000 0.000000 -1.000000
vn 0.000000 0.000000 -1.000000
vn 0.000000 0.000000 -1.000000
vn 0.000000 0.000000 -1.000000
vn 0.000000 0.000000 -1.000000
vn 0.000000 0.000000 -1.000000
vn 0.000000 0.000000 -1.000000
vn 0.000000 0.000000 -1.000000
vn 0.000000 0.000000 -1.000000
vn 0.000000 0.000000 -1.000000
vn 0.000000 0.000000 -1.000000
vn 0.000000 0.000000 -1.000000
vn 0.000000 0.000000 -1.000000
vn 0.000000 0.000000 -1.000000
vn 0.000000 0.000000 -1.000000
vn 0.000000 0.000000 -1.000000
vn 0.000000 0.000000 -1.000000
vn 0.000000 0.000000 -1.000000
vn 0.000000 0.000000 -1.000000
vn 0.000000 0.000000 -1.000000
vn 0.000000 0.000000 -1.000000
vn 0.000000 0.000000 -1.000000
vn 0.000000 0.000000 -1.000000
vn 0.000000 0.000000 -1.000000
vn 0.000000 0.000000 -1.000000
vn 0.000000 0.000000 -1.000000
vn 0.000000 0.000000 -1.000000
vn 0.000000 0.000000 -1.000000
vn 0.000000 0.000000 -1.000000
vn 0.000000 0.000000 -1.000000
vn 0.000000 0.000000 -1.000000
vn 0.000000 0.000000 -1.000000
vn 0.000000 0.000000 -1.000000
vn 0.000000 0.000000 -1.000000
vn 0.000000 0.000000 -1.000000
vn 0.000000 0.000000 -1.000000
vn 0.000000 0.000000 -1.000000
vn 0.000000 0.000000 -1.000000
vn 0.000000 0.000000 -1.000000
vn 0.000000 0.000000 -1.000000
vn 0.000000 0.000000 -1.000000
vn 0.000000 0.000000 -1.000000
vn 0.000000 0.000000 -1.000000
vn 0.000000 0.000000 -1.000000
vn 0.000000 0.000000 -1.000000
vn 0.000000 0.000000 -1.000000
vn 0.000000 0.000000 -1.000000
vn 0.000000 0.000000 -1.000000
vn 0.000000 0.000000 -1.000000
vn 0.000000 0.000000 -1.000000
vn 0.000000 0.000000 -1.000000
vn 0.000000 0.000000 -1.000000
vn 0.000000 0.000000 -1.000000
vn 0.000000 0.000000 -1.000000
vn 0.000000 0.000000 -1.000000
vn 0.000000 0.000000 -1.000000
vn 0.000000 0.000000 -1.000000
vn 0.000000 0.000000 -1.000000
vn 0.000000 0.000000 -1.000000
vn 0.000000 0.000000 -1.000000
vn 0.000000 0.000000 -1.000000
vn 0.000000 0.000000 -1.000000
vn 0.000000 0.000000 -1.000000
vn 0.000000 0.000000 -1.000000
vn 0.000000 0.000000 -1.000000
vn 0.000000 0.000000 -1.000000
vn 0.000000 0.000000 -1.000000
vn 0.000000 0.000000 -1.000000
vn 0.000000 0.000000 -1.000000
vn 0.000000 0.000000 -1.000000
vn 0.000000 0.000000 -1.000000
vn 0.000000 0.000000 -1.000000
vn 0.000000 0.000000 -1.000000
vn 0.000000 0.000000 -1.000000
vn 0.000000 0.000000 -1.000000
vn 0.000000 0.000000 -1.000000
vn 0.000000 0.000000 -1.000000
vn 0.000000 0.000000 -1.000000
vn 0.000000 0.000000 -1.000000
vn 0.000000 0.000000 -1.000000
vn 0.000000 0.000000 -1.000000
vn 0.000000 0.000000 -1.000000
vn 0.000000 0.000000 -1.000000
vn 0.000000 0.000000 -1.000000
vn 0.000000 0.000000 -1.000000
vn 0.000000 0.000000 -1.000000
vn 0.000000 0.000000 -1.000000
vn 0.000000 0.000000 -1.000000
vn 0.000000 0.000000 -1.000000
vn 0.000000 0.000000 -1.000000
vn 0.000000 0.000000 -1.000000
vn 0.000000 0.000000 -1.000000
vn 0.000000 0.000000 -1.000000
vn 0.000000 0.000000 -1.000000
vn 0.000000 0.000000 -1.000000
vn 0.000000 0.000000 -1.000000
vn 0.000000 0.000000 -1.000000
vn 0.000000 0.000000 -1.000000
vn 0.000000 0.000000 -1.000000
vn 0.000000 0.000000 -1.000000
vn 0.000000 0.000000 -1.000000
vn 0.000000 0.000000 -1.000000
vn 0.000000 0.000000 -1.000000
vn 0.000000 0.000000 -1.000000
vn 0.000000 0.000000 -1.000000
vn 0.000000 0.000000 -1.000000
vn 0.000000 0.000000 -1.000000
vn 0.000000 0.000000 -1.000000
vn 0.000000 0.000000 -1.000000
vn 0.000000 0.000000 -1.000000
vn 0.000000 0.000000 -1.000000
vn 0.000000 0.000000 -1.000000
vn 0.000000 0.000000 -1.000000
vn 0.000000 0.000000 -1.000000
vn 0.000000 0.000000 -1.000000
vn 0.000000 0.000000 -1.000000
vn 0.000000 0.000000 -1.000000
vn 0.000000 0.000000 -1.000000
vn 0.000000 0.000000 -1.000000
vn 0.000000 0.000000 -1.000000
vn 0.000000 0.000000 -1.000000
vn 0.000000 0.000000 -1.000000
vn 0.000000 0.000000 -1.000000
vn 0.000000 0.000000 -1.000000
vn 0.000000 0.000000 -1.000000
vn 0.000000 0.000000 -1.000000
vn 0.000000 0.000000 -1.000000
vn 0.000000 0.000000 -1.000000
vn 0.000000 0.000000 -1.000000
vn 0.000000 0.000000 -1.000000
vn 0.000000 0.000000 -1.000000
vn 0.000000 0.000000 -1.000000
vn 0.000000 0.000000 -1.000000
vn 0.000000 0.000000 -1.000000
vn 0.000000 0.000000 -1.000000
vn 0.000000 0.000000 -1.000000
vn 0.000000 0.000000 -1.000000
vn 0.000000 0.000000 -1.000000
vn 0.000000 0.000000 -1.000000
vn 0.000000 0.000000 -1.000000
vn 0.000000 0.000000 -1.000000
vn 0.000000 0.000000 -1.000000
vn 0.000000 0.000000 -1.000000
vn 0.000000 0.000000 -1.000000
vn 0.000000 0.000000 -1.000000
vn 0.000000 0.000000 -1.000000
vn 0.000000 0.000000 -1.000000
vn 0.000000 0.000000 -1.000000
vn 0.000000 0.000000 -1.000000
vn 0.000000 0.000000 -1.000000
vn 0.000000 0.000000 -1.000000
vn 0.000000 0.000000 -1.000000
vn 0.000000 0.000000 -1.000000
vn 0.000000 0.000000 -1.000000
vn 0.000000 0.000000 -1.000000
vn 0.000000 0.000000 -1.000000
vn 0.000000 0.000000 -1.000000
vn 0.000000 0.000000 -1.000000
vn 0.000000 0.000000 -1.000000
vn 0.000000 0.000000 -1.000000
vn 0.000000 0.000000 -1.000000
vn 0.000000 0.000000 -1.000000
vn 0.000000 0.000000 -1.000000
vn 0.000000 0.000000 -1.000000
vn 0.000000 0.000000 -1.000000
vn 0.000000 0.000000 -1.000000
vn 0.000000 0.000000 -1.000000
vn 0.000000 0.000000 -1.000000
vn 0.000000 0.000000 -1.000000
vn 0.000000 0.000000 -1.000000
vn 0.000000 0.000000 -1.000000
vn 0.000000 0.000000 -1.000000
vn 0.000000 0.000000 -1.000000
vn 0.000000 0.000000 -1.000000
vn 0.000000 0.000000 -1.000000
vn 0.000000 0.000000 -1.000000
vn 0.000000 0.000000 -1.000000
vn 0.000000 0.000000 -1.000000
vn 0.000000 0.000000 -1.000000
vn 0.000000 0.000000 -1.000000
vn 0.000000 0.000000 -1.000000
vn 0.000000 0.000000 -1.000000
vn 0.000000 0.000000 -1.000000
vn 0.000000 0.000000 -1.000000
vn 0.000000 0.000000 -1.000000
vn 0.000000 0.000000 -1.000000
vn 0.000000 0.000000 -1.000000
vn 0.000000 0.000000 -1.000000
vn 0.000000 0.000000 -1.000000
vn 0.000000 0.000000 -1.000000
vn 0.000000 0.000000 -1.000000
vn 0.000000 0.000000 -1.000000
vn 0.000000 0.000000 -1.000000
vn 0.000000 0.000000 -1.000000
vn 0.000000 0.000000 -1.000000
vn 0.000000 0.000000 -1.000000
vn 0.000000 0.000000 -1.000000
vn 0.000000 0.000000 -1.000000
vn 0.000000 0.000000 -1.000000
vn 0.000000 0.000000 -1.000000
vn 0.000000 0.000000 -1.000000
vn 0.000000 0.000000 -1.000000
vn 0.000000 0.000000 -1.000000
vn 0.000000 0.000000 -1.000000
vn 0.000000 0.000000 -1.000000
vn 0.000000 0.000000 -1.000000
vn 0.000000 0.000000 -1.000000
vn 0.000000 0.000000 -1.000000
vn 0.000000 0.000000 -1.000000
vn 0.000000 0.000000 -1.000000
vn 0.000000 0.000000 -1.000000
vn 0.000000 0.000000 -1.000000
vn 0.000000 0.000000 -1.000000
vn 0.000000 0.000000 -1.000000
vn 0.000000 0.000000 -1.000000
vn 0.000000 0.000000 -1.000000
vn 0.000000 0.000000 -1.000000
vn 0.000000 0.000000 -1.000000
vn 0.000000 0.000000 -1.000000
vn 0.000000 0.000000 -1.000000
vn 0.000000 0.000000 -1.000000
vn 0.000000 0.000000 -1.000000
vn 0.000000 0.000000 -1.000000
vn 0.000000 0.000000 -1.000000
vn 0.000000 0.000000 -1.000000
vn 0.000000 0.000000 -1.000000
vn 0.000000 0.000000 -1.000000
vn 0.000000 0.000000 -1.000000
vn 0.000000 0.000000 -1.000000
vn 0.000000 0.000000 -1.000000
vn 0.000000 0.000000 -1.000000
vn 0.000000 0.000000 -1.000000
vn 0.000000 0.000000 -1.000000
vn 0.000000 0.000000 -1.000000
vn 0.000000 0.000000 -1.000000
vn 0.000000 0.000000 -1.000000
vn 0.000000 0.000000 -1.000000
vn 0.000000 0.000000 -1.000000
vn 0.000000 0.000000 -1.000000
vn 0.000000 0.000000 -1.000000
vn 0.000000 0.000000 -1.000000
vn 0.000000 0.000000 -1.000000
vn 0.000000 0.000000 -1.000000
vn 0.000000 0.000000 -1.000000
vn 0.000000 0.000000 -1.000000
vn 0.000000 0.000000 -1.000000
vn 0.000000 0.000000 -1.000000
vn 0.000000 0.000000 -1.000000
vn 0.000000 0.000000 -1.000000
vn 0.000000 0.000000 -1.000000
vn 0.000000 0.000000 -1.000000
vn 0.000000 0.000000 -1.000000
vn 0.000000 0.000000 -1.000000
vn 0.000000 0.000000 -1.000000
vn 0.000000 0.000000 -1.000000
vn 0.000000 0.000000 -1.000000
vn 0.000000 0.000000 -1.000000
vn 0.000000 0.000000 -1.000000
vn 0.000000 0.000000 -1.000000
vn 0.000000 0.000000 -1.000000
vn 0.000000 0.000000 -1.000000
vn 0.000000 0.000000 -1.000000
vn 0.000000 0.000000 -1.000000
vn 0.000000 0.000000 -1.000000
vn 0.000000 0.000000 -1.000000
vn 0.000000 0.000000 -1.000000
vn 0.000000 0.000000 -1.000000
vn 0.000000 0.000000 -1.000000
vn 0.000000 0.000000 -1.000000
vn 0.000000 0.000000 -1.000000
vn 0.000000 0.000000 -1.000000
vn 0.000000 0.000000 -1.000000
vn 0.000000 0.000000 -1.000000
vn 0.000000 0.000000 -1.000000
vn 0.000000 0.000000 -1.000000
vn 0.000000 0.000000 -1.000000
vn 0.000000 0.000000 -1.000000
vn 0.000000 0.000000 -1.000000
vn 0.000000 0.000000 -1.000000
vn 0.000000 0.000000 -1.000000
vn 0.000000 0.000000 -1.000000
vn 0.000000 0.000000 -1.000000
vn 0.000000 0.000000 -1.000000
vn 0.000000 0.000000 -1.000000
vn 0.000000 0.000000 -1.000000
vn 0.000000 0.000000 -1.000000
vn 0.000000 0.000000 -1.000000
vn 0.000000 0.000000 -1.000000
vn 0.000000 0.000000 -1.000000
vn 0.000000 0.000000 -1.000000
vn 0.000000 0.000000 -1.000000
vn 0.000000 0.000000 -1.000000
vn 0.000000 0.000000 -1.000000
vn 0.000000 0.000000 -1.000000
vn 0.000000 0.000000 -1.000000
vn 0.000000 0.000000 -1.000000
vn 0.000000 0.000000 -1.000000
vn 0.000000 0.000000 -1.000000
vn 0.000000 0.000000 -1.000000
vn 0.000000 0.000000 -1.000000
vn 0.000000 0.000000 -1.000000
vn 0.000000 0.000000 -1.000000
vn 0.000000 0.000000 -1.000000
vn 0.000000 0.000000 -1.000000
vn 0.000000 0.000000 -1.000000
vn 0.000000 0.000000 -1.000000
vn 0.000000 0.000000 -1.000000
vn 0.000000 0.000000 -1.000000
vn 0.000000 0.000000 -1.000000
vn 0.000000 0.000000 -1.000000
vn 0.000000 0.000000 -1.000000
vn 0.000000 0.000000 -1.000000
vn 0.000000 0.000000 -1.000000
vn 0.000000 0.000000 -1.000000
vn 0.000000 0.000000 -1.000000
vn 0.000000 0.000000 -1.000000
vn 0.000000 0.000000 -1.000000
vn 0.000000 0.000000 -1.000000
vn 0.000000 0.000000 -1.000000
vn 0.000000 0.000000 -1.000000
vn 0.000000 0.000000 -1.000000
vn 0.000000 0.000000 -1.000000
vn 0.000000 0.000000 -1.000000
vn 0.000000 0.000000 -1.000000
vn 0.000000 0.000000 -1.000000
vn 0.000000 0.000000 -1.000000
vn 0.000000 0.000000 -1.000000
vn 0.000000 0.000000 -1.000000
vn 0.000000 0.000000 -1.000000
vn 0.000000 0.000000 -1.000000
vn 0.000000 0.000000 -1.000000
vn 0.000000 0.000000 -1.000000
vn 0.000000 0.000000 -1.000000
vn 0.000000 0.000000 -1.000000
vn 0.000000 0.000000 -1.000000
vn 0.000000 0.000000 -1.000000
vn 0.000000 0.000000 -1.000000
vn 0.000000 0.000000 -1.000000
vn 0.000000 0.000000 -1.000000
vn 0.000000 0.000000 -1.000000
vn 0.000000 0.000000 -1.000000
vn 0.000000 0.000000 -1.000000
vn 0.000000 0.000000 -1.000000
vn 0.000000 0.000000 -1.000000
vn 0.000000 0.000000 -1.000000
vn 0.000000 0.000000 -1.000000
vn 0.000000 0.000000 -1.000000
vn 0.000000 0.000000 -1.000000
vn 0.000000 0.000000 -1.000000
vn 0.000000 0.000000 -1.000000
vn 0.000000 0.000000 -1.000000
vn 0.000000 0.000000 -1.000000
vn 0.000000 0.000000 -1.000000
vn 0.000000 0.000000 -1.000000
vn 0.000000 0.000000 -1.000000
vn 0.000000 0.000000 -1.000000
vn 0.000000 0.000000 -1.000000
vn 0.000000 0.000000 -1.000000
vn 0.000000 0.000000 -1.000000
vn 0.000000 0.000000 -1.000000
vn 0.000000 0.000000 -1.000000
vn 0.000000 0.000000 -1.000000
vn 0.000000 0.000000 -1.000000
vn 0.000000 0.000000 -1.000000
vn 0.000000 0.000000 -1.000000
vn 0.000000 0.000000 -1.000000
vn 0.000000 0.000000 -1.000000
vn 0.000000 0.000000 -1.000000
vn 0.000000 0.000000 -1.000000
vn 0.000000 0.000000 -1.000000
vn 0.000000 0.000000 -1.000000
vn 0.000000 0.000000 -1.000000
vn 0.000000 0.000000 -1.000000
vn 0.000000 0.000000 -1.000000
vn 0.000000 0.000000 -1.000000
vn 0.000000 0.000000 -1.000000
vn 0.000000 0.000000 -1.000000
vn 0.000000 0.000000 -1.000000
vn 0.000000 0.000000 -1.000000
vn 0.000000 0.000000 -1.000000
vn 0.000000 0.000000 -1.000000
vn 0.000000 0.000000 -1.000000
vn 0.000000 0.000000 -1.000000
vn 0.000000 0.000000 -1.000000
vn 0.000000 0.000000 -1.000000
vn 0.000000 0.000000 -1.000000
vn 0.000000 0.000000 -1.000000
vn 0.000000 0.000000 -1.000000
vn 0.000000 0.000000 -1.000000
vn 0.000000 0.000000 -1.000000
vn 0.000000 0.000000 -1.000000
vn 0.000000 0.000000 -1.000000
vn 0.000000 0.000000 -1.000000
vn 0.000000 0.000000 -1.000000
vn 0.000000 0.000000 -1.000000
vn 0.000000 0.000000 -1.000000
vn 0.000000 0.000000 -1.000000
vn 0.000000 0.000000 -1.000000
vn 0.000000 0.000000 -1.000000
vn 0.000000 0.000000 -1.000000
vn 0.000000 0.000000 -1.000000
vn 0.000000 0.000000 -1.000000
vn 0.000000 0.000000 -1.000000
vn 0.000000 0.000000 -1.000000
vn 0.000000 0.000000 -1.000000
vn 0.000000 0.000000 -1.000000
vn 0.000000 0.000000 -1.000000
vn 0.000000 0.000000 -1.000000
vn 0.000000 0.000000 -1.000000
vn 0.000000 0.000000 -1.000000
vn 0.000000 0.000000 -1.000000
vn 0.000000 0.000000 -1.000000
vn 0.000000 0.000000 -1.000000
vn 0.000000 0.000000 -1.000000
vn 0.000000 0.000000 -1.000000
vn 0.000000 0.000000 -1.000000
vn 0.000000 0.000000 -1.000000
vn 0.000000 0.000000 -1.000000
vn 0.000000 0.000000 -1.000000
vn 0.000000 0.000000 -1.000000
vn 0.000000 0.000000 -1.000000
vn 0.000000 0.000000 -1.000000
vn 0.000000 0.000000 -1.000000
vn 0.000000 0.000000 -1.000000
vn 0.000000 0.000000 -1.000000
vn 0.000000 0.000000 -1.000000
vn 0.000000 0.000000 -1.000000
vn 0.000000 0.000000 -1.000000
vn 0.000000 0.000000 -1.000000
vn 0.000000 0.000000 -1.000000
vn 0.000000 0.000000 -1.000000
vn 0.000000 0.000000 -1.000000
vn 0.000000 0.000000 -1.000000
vn 0.000000 0.000000 -1.000000
vn 0.000000 0.000000 -1.000000
vn 0.000000 0.000000 -1.000000
vn 0.000000 0.000000 -1.000000
vn 0.000000 0.000000 -1.000000
vn 0.000000 0.000000 -1.000000
vn 0.000000 0.000000 -1.000000
vn 0.000000 0.000000 -1.000000
vn 0.000000 0.000000 -1.000000
vn 0.000000 0.000000 -1.000000
vn 0.000000 0.000000 -1.000000
vn 0.000000 0.000000 -1.000000
vn 0.000000 0.000000 -1.000000
vn 0.000000 0.000000 -1.000000
vn 0.000000 0.000000 -1.000000
vn 0.000000 0.000000 -1.000000
vn 0.000000 0.000000 -1.000000
vn 0.000000 0.000000 -1.000000
vn 0.000000 0.000000 -1.000000
vn 0.000000 0.000000 -1.000000
vn 0.000000 0.000000 -1.000000
vn 0.000000 0.000000 -1.000000
vn 0.000000 0.000000 -1.000000
vn 0.000000 0.000000 -1.000000
vn 0.000000 0.000000 -1.000000
vn 0.000000 0.000000 -1.000000
vn 0.000000 0.000000 -1.000000
vn 0.000000 0.000000 -1.000000
vn 0.000000 0.000000 -1.000000
vn 0.000000 0.000000 -1.000000
vn 0.000000 0.000000 -1.000000
vn 0.000000 0.000000 -1.000000
vn 0.000000 0.000000 -1.000000
vn 0.000000 0.000000 -1.000000
vn 0.000000 0.000000 -1.000000
vn 0.000000 0.000000 -1.000000
vn 0.000000 0.000000 -1.000000
vn 0.000000 0.000000 -1.000000
vn 0.000000 0.000000 -1.000000
vn 0.000000 0.000000 -1.000000
vn 0.000000 0.000000 -1.000000
vn 0.000000 0.000000 -1.000000
vn 0.000000 0.000000 -1.000000
vn 0.000000 0.000000 -1.000000
vn 0.000000 0.000000 -1.000000
vn 0.000000 0.000000 -1.000000
vn 0.000000 0.000000 -1.000000
vn 0.000000 0.000000 -1.000000
vn 0.000000 0.000000 -1.000000
vn 0.000000 0.000000 -1.000000
vn 0.000000 0.000000 -1.000000
vn 0.000000 0.000000 -1.000000
vn 0.000000 0.000000 -1.000000
vn 0.000000 0.000000 -1.000000
vn 0.000000 0.000000 -1.000000
vn 0.000000 0.000000 -1.000000
vn 0.000000 0.000000 -1.000000
vn 0.000000 0.000000 -1.000000
vn 0.000000 0.000000 -1.000000
vn 0.000000 0.000000 -1.000000
vn 0.000000 0.000000 -1.000000
vn 0.000000 0.000000 -1.000000
vn 0.000000 0.000000 -1.000000
vn 0.000000 0.000000 -1.000000
vn 0.000000 0.000000 -1.000000
vn 0.000000 0.000000 -1.000000
vn 0.000000 0.000000 -1.000000
vn 0.000000 0.000000 -1.000000
vn 0.000000 0.000000 -1.000000
vn 0.000000 0.000000 -1.000000
vn 0.000000 0.000000 -1.000000
vn 0.000000 0.000000 -1.000000
vn 0.000000 0.000000 -1.000000
vn 0.000000 0.000000 -1.000000
vn 0.000000 0.000000 -1.000000
vn 0.000000 0.000000 -1.000000
vn 0.000000 0.000000 -1.000000
vn 0.000000 0.000000 -1.000000
vn 0.000000 0.000000 -1.000000
vn 0.000000 0.000000 -1.000000
vn 0.000000 0.000000 -1.000000
vn 0.000000 0.000000 -1.000000
vn 0.000000 0.000000 -1.000000
vn 0.000000 0.000000 -1.000000
vn 0.000000 0.000000 -1.000000
vn 0.000000 0.000000 -1.000000
vn 0.000000 0.000000 -1.000000
vn 0.000000 0.000000 -1.000000
vn 0.000000 0.000000 -1.000000
vn 0.000000 0.000000 -1.000000
vn 0.000000 0.000000 -1.000000
vn 0.000000 0.000000 -1.000000
vn 0.000000 0.000000 -1.000000
vn 0.000000 0.000000 -1.000000
vn 0.000000 0.000000 -1.000000
vn 0.000000 0.000000 -1.000000
vn 0.000000 0.000000 -1.000000
vn 0.000000 0.000000 -1.000000
vn 0.000000 0.000000 -1.000000
vn 0.000000 0.000000 -1.000000
vn 0.000000 0.000000 -1.000000
vn 0.000000 0.000000 -1.000000
vn 0.000000 0.000000 -1.000000
vn 0.000000 0.000000 -1.000000
vn 0.000000 0.000000 -1.000000
vn 0.000000 0.000000 -1.000000
vn 0.000000 0.000000 -1.000000
vn 0.000000 0.000000 -1.000000
vn 0.000000 0.000000 -1.000000
vn 0.000000 0.000000 -1.000000
vn 0.000000 0.000000 -1.000000
vn 0.000000 0.000000 -1.000000
vn 0.000000 0.000000 -1.000000
vn 0.000000 0.000000 -1.000000
vn 0.000000 0.000000 -1.000000
vn 0.000000 0.000000 -1.000000
vn 0.000000 0.000000 -1.000000
vn 0.000000 0.000000 -1.000000
vn 0.000000 0.000000 -1.000000
vn 0.000000 0.000000 -1.000000
vn 0.000000 0.000000 -1.000000
vn 0.000000 0.000000 -1.000000
vn 0.000000 0.000000 -1.000000
vn 0.000000 0.000000 -1.000000
vn 0.000000 0.000000 -1.000000
vn 0.000000 0.000000 -1.000000
vn 0.000000 0.000000 -1.000000
vn 0.000000 0.000000 -1.000000
vn 0.000000 0.000000 -1.000000
vn 0.000000 0.000000 -1.000000
vn 0.000000 0.000000 -1.000000
vn 0.000000 0.000000 -1.000000
vn 0.000000 0.000000 -1.000000
vn 0.000000 0.000000 -1.000000
vn 0.000000 0.000000 -1.000000
vn 0.000000 0.000000 -1.000000
vn 0.000000 0.000000 -1.000000
vn 0.000000 0.000000 -1.000000
vn 0.000000 0.000000 -1.000000
vn 0.000000 0.000000 -1.000000
vn 0.000000 0.000000 -1.000000
vn 0.000000 0.000000 -1.000000
vn 0.000000 0.000000 -1.000000
vn 0.000000 0.000000 -1.000000
vn 0.000000 0.000000 -1.000000
vn 0.000000 0.000000 -1.000000
vn 0.000000 0.000000 -1.000000
vn 0.000000 0.000000 -1.000000
vn 0.000000 0.000000 -1.000000
vn 0.000000 0.000000 -1.000000
vn 0.000000 0.000000 -1.000000
vn 0.000000 0.000000 -1.000000
vn 0.000000 0.000000 -1.000000
vn 0.000000 0.000000 -1.000000
vn 0.000000 0.000000 -1.000000
vn 0.000000 0.000000 -1.000000
vn 0.000000 0.000000 -1.000000
vn 0.000000 0.000000 -1.000000
vn 0.000000 0.000000 -1.000000
vn 0.000000 0.000000 -1.000000
vn 0.000000 0.000000 -1.000000
vn 0.000000 0.000000 -1.000000
vn 0.000000 0.000000 -1.000000
vn 0.000000 0.000000 -1.000000
vn 0.000000 0.000000 -1.000000
vn 0.000000 0.000000 -1.000000
vn 0.000000 0.000000 -1.000000
vn 0.000000 0.000000 -1.000000
vn 0.000000 0.000000 -1.000000
vn 0.000000 0.000000 -1.000000
vn 0.000000 0.000000 -1.000000
vn 0.000000 0.000000 -1.000000
vn 0.000000 0.000000 -1.000000
vn 0.000000 0.000000 -1.000000
vn 0.000000 0.000000 -1.000000
vn 0.000000 0.000000 -1.000000
vn 0.000000 0.000000 -1.000000
vn 0.000000 0.000000 -1.000000
vn 0.000000 0.000000 -1.000000
vn 0.000000 0.000000 -1.000000
vn 0.000000 0.000000 -1.000000
vn 0.000000 0.000000 -1.000000
vn 0.000000 0.000000 -1.000000
vn 0.000000 0.000000 -1.000000
vn 0.000000 0.000000 -1.000000
vn 0.000000 0.000000 -1.000000
vn 0.000000 0.000000 -1.000000
vn 0.000000 0.000000 -1.000000
vn 0.000000 0.000000 -1.000000
vn 0.000000 0.000000 -1.000000
vn 0.000000 0.000000 -1.000000
vn 0.000000 0.000000 -1.000000
vn 0.000000 0.000000 -1.000000
vn 0.000000 0.000000 -1.000000
vn 0.000000 0.000000 -1.000000
vn 0.000000 0.000000 -1.000000
vn 0.000000 0.000000 -1.000000
vn 0.000000 0.000000 -1.000000
vn 0.000000 0.000000 -1.000000
vn 0.000000 0.000000 -1.000000
vn 0.000000 0.000000 -1.000000
vn 0.000000 0.000000 -1.000000
vn 0.000000 0.000000 -1.000000
vn 0.000000 0.000000 -1.000000
vn 0.000000 0.000000 -1.000000
vn 0.000000 0.000000 -1.000000
vn 0.000000 0.000000 -1.000000
vn 0.000000 0.000000 -1.000000
vn 0.000000 0.000000 -1.000000
vn 0.000000 0.000000 -1.000000
vn 0.000000 0.000000 -1.000000
vn 0.000000 0.000000 -1.000000
vn 0.000000 0.000000 -1.000000
vn 0.000000 0.000000 -1.000000
vn 0.000000 0.000000 -1.000000
vn 0.000000 0.000000 -1.000000
vn 0.000000 0.000000 -1.000000
vn 0.000000 0.000000 -1.000000
vn 0.000000 0.000000 -1.000000
vn 0.000000 0.000000 -1.000000
vn 0.000000 0.000000 -1.000000
vn 0.000000 0.000000 -1.000000
vn 0.000000 0.000000 -1.000000
vn 0.000000 0.000000 -1.000000
vn 0.000000 0.000000 -1.000000
vn 0.000000 0.000000 -1.000000
vn 0.000000 0.000000 -1.000000
vn 0.000000 0.000000 -1.000000
vn 0.000000 0.000000 -1.000000
vn 0.000000 0.000000 -1.000000
vn 0.000000 0.000000 -1.000000
vn 0.000000 0.000000 -1.000000
vn 0.000000 0.000000 -1.000000
vn 0.000000 0.000000 -1.000000
vn 0.000000 0.000000 -1.000000
vn 0.000000 0.000000 -1.000000
vn 0.000000 0.000000 -1.000000
vn 0.000000 0.000000 -1.000000
vn 0.000000 0.000000 -1.000000
vn 0.000000 0.000000 -1.000000
vn 0.000000 0.000000 -1.000000
vn 0.000000 0.000000 -1.000000
vn 0.000000 0.000000 -1.000000
vn 0.000000 0.000000 -1.000000
vn 0.000000 0.000000 -1.000000
vn 0.000000 0.000000 -1.000000
vn 0.000000 0.000000 -1.000000
vn 0.000000 0.000000 -1.000000
vn 0.000000 0.000000 -1.000000
vn 0.000000 0.000000 -1.000000
vn 0.000000 0.000000 -1.000000
vn 0.000000 0.000000 -1.000000
vn 0.000000 0.000000 -1.000000
vn 0.000000 0.000000 -1.000000
vn 0.000000 0.000000 -1.000000
vn 0.000000 0.000000 -1.000000
vn 0.000000 0.000000 -1.000000
vn 0.000000 0.000000 -1.000000
vn 0.000000 0.000000 -1.000000
vn 0.000000 0.000000 -1.000000
vn 0.000000 0.000000 -1.000000
vn 0.000000 0.000000 -1.000000
vn 0.000000 0.000000 -1.000000
vn 0.000000 0.000000 -1.000000
vn 0.000000 0.000000 -1.000000
vn 0.000000 0.000000 -1.000000
vn 0.000000 0.000000 -1.000000
vn 0.000000 0.000000 -1.000000
vn 0.000000 0.000000 -1.000000
vn 0.000000 0.000000 -1.000000
vn 0.000000 0.000000 -1.000000
vn 0.000000 0.000000 -1.000000
vn 0.000000 0.000000 -1.000000
vn 0.000000 0.000000 -1.000000
vn 0.000000 0.000000 -1.000000
vn 0.000000 0.000000 -1.000000
vn 0.000000 0.000000 -1.000000
vn 0.000000 0.000000 -1.000000
vn 0.000000 0.000000 -1.000000
vn 0.000000 0.000000 -1.000000
vn 0.000000 0.000000 -1.000000
vn 0.000000 0.000000 -1.000000
vn 0.000000 0.000000 -1.000000
vn 0.000000 0.000000 -1.000000
vn 0.000000 0.000000 -1.000000
vn 0.000000 0.000000 -1.000000
vn 0.000000 0.000000 -1.000000
vn 0.000000 0.000000 -1.000000
vn 0.000000 0.000000 -1.000000
vn 0.000000 0.000000 -1.000000
vn 0.000000 0.000000 -1.000000
vn 0.000000 0.000000 -1.000000
vn 0.000000 0.000000 -1.000000
vn 0.000000 0.000000 -1.000000
vn 0.000000 0.000000 -1.000000
vn 0.000000 0.000000 -1.000000
vn 0.000000 0.000000 -1.000000
vn 0.000000 0.000000 -1.000000
vn 0.000000 0.000000 -1.000000
vn 0.000000 0.000000 -1.000000
vn 0.000000 0.000000 -1.000000
vn 0.000000 0.000000 -1.000000
vn 0.000000 0.000000 -1.000000
vn 0.000000 0.000000 -1.000000
vn 0.000000 0.000000 -1.000000
vn 0.000000 0.000000 -1.000000
vn 0.000000 0.000000 -1.000000
vn 0.000000 0.000000 -1.000000
vn 0.000000 0.000000 -1.000000
vn 0.000000 0.000000 -1.000000
vn 0.000000 0.000000 -1.000000
vn 0.000000 0.000000 -1.000000
vn 0.000000 0.000000 -1.000000
vn 0.000000 0.000000 -1.000000
vn 0.000000 0.000000 -1.000000
vn 0.000000 0.000000 -1.000000
vn 0.000000 0.000000 -1.000000
vn 0.000000 0.000000 -1.000000
vn 0.000000 0.000000 -1.000000
vn 0.000000 0.000000 -1.000000
vn 0.000000 0.000000 -1.000000
vn 0.000000 0.000000 -1.000000
vn 0.000000 0.000000 -1.000000
vn 0.000000 0.000000 -1.000000
vn 0.000000 0.000000 -1.000000
vn 0.000000 0.000000 -1.000000
vn 0.000000 0.000000 -1.000000
vn 0.000000 0.000000 -1.000000
vn 0.000000 0.000000 -1.000000
vn 0.000000 0.000000 -1.000000
vn 0.000000 0.000000 -1.000000
vn 0.000000 0.000000 -1.000000
vn 0.000000 0.000000 -1.000000
vn 0.000000 0.000000 -1.000000
vn 0.000000 0.000000 -1.000000
vn 0.000000 0.000000 -1.000000
vn 0.000000 0.000000 -1.000000
vn 0.000000 0.000000 -1.000000
vn 0.000000 0.000000 -1.000000
vn 0.000000 0.000000 -1.000000
vn 0.000000 0.000000 -1.000000
vn 0.000000 0.000000 -1.000000
vn 0.000000 0.000000 -1.000000
vn 0.000000 0.000000 -1.000000
vn 0.000000 0.000000 -1.000000
vn 0.000000 0.000000 -1.000000
vn 0.000000 0.000000 -1.000000
vn 0.000000 0.000000 -1.000000
vn 0.000000 0.000000 -1.000000
vn 0.000000 0.000000 -1.000000
vn 0.000000 0.000000 -1.000000
vn 0.000000 0.000000 -1.000000
vn 0.000000 0.000000 -1.000000
vn 0.000000 0.000000 -1.000000
vn 0.000000 0.000000 -1.000000
vn 0.000000 0.000000 -1.000000
vn 0.000000 0.000000 -1.000000
vn 0.000000 0.000000 -1.000000
vn 0.000000 0.000000 -1.000000
vn 0.000000 0.000000 -1.000000
vn 0.000000 0.000000 -1.000000
vn 0.000000 0.000000 -1.000000
vn 0.000000 0.000000 -1.000000
vn 0.000000 0.000000 -1.000000
vn 0.000000 0.000000 -1.000000
vn 0.000000 0.000000 -1.000000
vn 0.000000 0.000000 -1.000000
vn 0.000000 0.000000 -1.000000
vn 0.000000 0.000000 -1.000000
vn 0.000000 0.000000 -1.000000
vn 0.000000 0.000000 -1.000000
vn 0.000000 0.000000 -1.000000
vn 0.000000 0.000000 -1.000000
vn 0.000000 0.000000 -1.000000
vn 0.000000 0.000000 -1.000000
vn 0.000000 0.000000 -1.000000
vn 0.000000 0.000000 -1.000000
vn 0.000000 0.000000 -1.000000
vn 0.000000 0.000000 -1.000000
vn 0.000000 0.000000 -1.000000
vn 0.000000 0.000000 -1.000000
vn 0.000000 0.000000 -1.000000
vn 0.000000 0.000000 -1.000000
vn 0.000000 0.000000 -1.000000
vn 0.000000 0.000000 -1.000000
vn 0.000000 0.000000 -1.000000
vn 0.000000 0.000000 -1.000000
vn 0.000000 0.000000 -1.000000
vn 0.000000 0.000000 -1.000000
vn 0.000000 0.000000 -1.000000
vn 0.000000 0.000000 -1.000000
vn 0.000000 0.000000 -1.000000
vn 0.000000 0.000000 -1.000000
vn 0.000000 0.000000 -1.000000
vn 0.000000 0.000000 -1.000000
vn 0.000000 0.000000 -1.000000
vn 0.000000 0.000000 -1.000000
vn 0.000000 0.000000 -1.000000
vn 0.000000 0.000000 -1.000000
vn 0.000000 0.000000 -1.000000
vn 0.000000 0.000000 -1.000000
vn 0.000000 0.000000 -1.000000
vn 0.000000 0.000000 -1.000000
vn 0.000000 0.000000 -1.000000
vn 0.000000 0.000000 -1.000000
vn 0.000000 0.000000 -1.000000
vn 0.000000 0.000000 -1.000000
vn 0.000000 0.000000 -1.000000
vn 0.000000 0.000000 -1.000000
vn 0.000000 0.000000 -1.000000
vn 0.000000 0.000000 -1.000000
vn 0.000000 0.000000 -1.000000
vn 0.000000 0.000000 -1.000000
vn 0.000000 0.000000 -1.000000
vn 0.000000 0.000000 -1.000000
vn 0.000000 0.000000 -1.000000
vn 0.000000 0.000000 -1.000000
vn 0.000000 0.000000 -1.000000
vn 0.000000 0.000000 -1.000000
vn 0.000000 0.000000 -1.000000
vn 0.000000 0.000000 -1.000000
vn 0.000000 0.000000 -1.000000
vn 0.000000 0.000000 -1.000000
vn 0.000000 0.000000 -1.000000
vn 0.000000 0.000000 -1.000000
vn 0.000000 0.000000 -1.000000
vn 0.000000 0.000000 -1.000000
vn 0.000000 0.000000 -1.000000
vn 0.000000 0.000000 -1.000000
vn 0.000000 0.000000 -1.000000
vn 0.000000 0.000000 -1.000000
vn 0.000000 0.000000 -1.000000
vn 0.000000 0.000000 -1.000000
vn 0.000000 0.000000 -1.000000
vn 0.000000 0.000000 -1.000000
vn 0.000000 0.000000 -1.000000
vn 0.000000 0.000000 -1.000000
vn 0.000000 0.000000 -1.000000
vn 0.000000 0.000000 -1.000000
vn 0.000000 0.000000 -1.000000
vn 0.000000 0.000000 -1.000000
vn 0.000000 0.000000 -1.000000
vn 0.000000 0.000000 -1.000000
vn 0.000000 0.000000 -1.000000
vn 0.000000 0.000000 -1.000000
vn 0.000000 0.000000 -1.000000
vn 0.000000 0.000000 -1.000000
vn 0.000000 0.000000 -1.000000
vn 0.000000 0.000000 -1.000000
vn 0.000000 0.000000 -1.000000
vn 0.000000 0.000000 -1.000000
vn 0.000000 0.000000 -1.000000
vn 0.000000 0.000000 -1.000000
vn 0.000000 0.000000 -1.000000
vn 0.000000 0.000000 -1.000000
vn 0.000000 0.000000 -1.000000
vn 0.000000 0.000000 -1.000000
vn 0.000000 0.000000 -1.000000
vn 0.000000 0.000000 -1.000000
vn 0.000000 0.000000 -1.000000
vn 0.000000 0.000000 -1.000000
vn 0.000000 0.000000 -1.000000
vn 0.000000 0.000000 -1.000000
vn 0.000000 0.000000 -1.000000
vn 0.000000 0.000000 -1.000000
vn 0.000000 0.000000 -1.000000
vn 0.000000 0.000000 -1.000000
vn 0.000000 0.000000 -1.000000
vn 0.000000 0.000000 -1.000000
vn 0.000000 0.000000 -1.000000
vn 0.000000 0.000000 -1.000000
vn 0.000000 0.000000 -1.000000
vn 0.000000 0.000000 -1.000000
vn 0.000000 0.000000 -1.000000
vn 0.000000 0.000000 -1.000000
vn 0.000000 0.000000 -1.000000
vn 0.000000 0.000000 -1.000000
vn 0.000000 0.000000 -1.000000
vn 0.000000 0.000000 -1.000000
vn 0.000000 0.000000 -1.000000
vn 0.000000 0.000000 -1.000000
vn 0.000000 0.000000 -1.000000
vn 0.000000 0.000000 -1.000000
vn 0.000000 0.000000 -1.000000
vn 0.000000 0.000000 -1.000000
vn 0.000000 0.000000 -1.000000
vn 0.000000 0.000000 -1.000000
vn 0.000000 0.000000 -1.000000
vn 0.000000 0.000000 -1.000000
vn 0.000000 0.000000 -1.000000
vn 0.000000 0.000000 -1.000000
vn 0.000000 0.000000 -1.000000
vn 0.000000 0.000000 -1.000000
vn 0.000000 0.000000 -1.000000
vn 0.000000 0.000000 -1.000000
vn 0.000000 0.000000 -1.000000
vn 0.000000 0.000000 -1.000000
vn 0.000000 0.000000 -1.000000
vn 0.000000 0.000000 -1.000000
vn 0.000000 0.000000 -1.000000
vn 0.000000 0.000000 -1.000000
vn 0.000000 0.000000 -1.000000
vn 0.000000 0.000000 -1.000000
vn 0.000000 0.000000 -1.000000
vn 0.000000 0.000000 -1.000000
vn 0.000000 0.000000 -1.000000
vn 0.000000 0.000000 -1.000000
vn 0.000000 0.000000 -1.000000
vn 0.000000 0.000000 -1.000000
vn 0.000000 0.000000 -1.000000
vn 0.000000 0.000000 -1.000000
vn 0.000000 0.000000 -1.000000
vn 0.000000 0.000000 -1.000000
vn 0.000000 0.000000 -1.000000
vn 0.000000 0.000000 -1.000000
vn 0.000000 0.000000 -1.000000
vn 0.000000 0.000000 -1.000000
vn 0.000000 0.000000 -1.000000
vn 0.000000 0.000000 -1.000000
vn 0.000000 0.000000 -1.000000
vn 0.000000 0.000000 -1.000000
vn 0.000000 0.000000 -1.000000
vn 0.000000 0.000000 -1.000000
vn 0.000000 0.000000 -1.000000
vn 0.000000 0.000000 -1.000000
vn 0.000000 0.000000 -1.000000
vn 0.000000 0.000000 -1.000000
vn 0.000000 0.000000 -1.000000
vn 0.000000 0.000000 -1.000000
vn 0.000000 0.000000 -1.000000
vn 0.000000 0.000000 -1.000000
vn 0.000000 0.000000 -1.000000
vn 0.000000 0.000000 -1.000000
vn 0.000000 0.000000 -1.000000
vn 0.000000 0.000000 -1.000000
vn 0.000000 0.000000 -1.000000
vn 0.000000 0.000000 -1.000000
vn 0.000000 0.000000 -1.000000
vn 0.000000 0.000000 -1.000000
vn 0.000000 0.000000 -1.000000
vn 0.000000 0.000000 -1.000000
vn 0.000000 0.000000 -1.000000
vn 0.000000 0.000000 -1.000000
vn 0.000000 0.000000 -1.000000
vn 0.000000 0.000000 -1.000000
vn 0.000000 0.000000 -1.000000
vn 0.000000 0.000000 -1.000000
vn 0.000000 0.000000 -1.000000
vn 0.000000 0.000000 -1.000000
vn 0.000000 0.000000 -1.000000
vn 0.000000 0.000000 -1.000000
vn 0.000000 0.000000 -1.000000
vn 0.000000 0.000000 -1.000000
vn 0.000000 0.000000 -1.000000
vn 0.000000 0.000000 -1.000000
vn 0.000000 0.000000 -1.000000
vn 0.000000 0.000000 -1.000000
vn 0.000000 0.000000 -1.000000
vn 0.000000 0.000000 -1.000000
vn 0.000000 0.000000 -1.000000
vn 0.000000 0.000000 -1.000000
vn 0.000000 0.000000 -1.000000
vn 0.000000 0.000000 -1.000000
vn 0.000000 0.000000 -1.000000
vn 0.000000 0.000000 -1.000000
vn 0.000000 0.000000 -1.000000
vn 0.000000 0.000000 -1.000000
vn 0.000000 0.000000 -1.000000
vn 0.000000 0.000000 -1.000000
vn 0.000000 0.000000 -1.000000
vn 0.000000 0.000000 -1.000000
vn 0.000000 0.000000 -1.000000
vn 0.000000 0.000000 -1.000000
vn 0.000000 0.000000 -1.000000
vn 0.000000 0.000000 -1.000000
vn 0.000000 0.000000 -1.000000
vn 0.000000 0.000000 -1.000000
vn 0.000000 0.000000 -1.000000
vn 0.000000 0.000000 -1.000000
vn 0.000000 0.000000 -1.000000
vn 0.000000 0.000000 -1.000000
vn 0.000000 0.000000 -1.000000
vn 0.000000 0.000000 -1.000000
vn 0.000000 0.000000 -1.000000
vn 0.000000 0.000000 -1.000000
vn 0.000000 0.000000 -1.000000
vn 0.000000 0.000000 -1.000000
vn 0.000000 0.000000 -1.000000
vn 0.000000 0.000000 -1.000000
vn 0.000000 0.000000 -1.000000
vn 0.000000 0.000000 -1.000000
vn 0.000000 0.000000 -1.000000
vn 0.000000 0.000000 -1.000000
vn 0.000000 0.000000 -1.000000
vn 0.000000 0.000000 -1.000000
vn 0.000000 0.000000 -1.000000
vn 0.000000 0.000000 -1.000000
vn 0.000000 0.000000 -1.000000
vn 0.000000 0.000000 -1.000000
vn 0.000000 0.000000 -1.000000
vn 0.000000 0.000000 -1.000000
vn 0.000000 0.000000 -1.000000
vn 0.000000 0.000000 -1.000000
vn 0.000000 0.000000 -1.000000
vn 0.000000 0.000000 -1.000000
vn 0.000000 0.000000 -1.000000
vn 0.000000 0.000000 -1.000000
vn 0.000000 0.000000 -1.000000
vn 0.000000 0.000000 -1.000000
vn 0.000000 0.000000 -1.000000
vn 0.000000 0.000000 -1.000000
vn 0.000000 0.000000 -1.000000
vn 0.000000 0.000000 -1.000000
vn 0.000000 0.000000 -1.000000
vn 0.000000 0.000000 -1.000000
vn 0.000000 0.000000 -1.000000
vn 0.000000 0.000000 -1.000000
vn 0.000000 0.000000 -1.000000
vn 0.000000 0.000000 -1.000000
vn 0.000000 0.000000 -1.000000
vn 0.000000 0.000000 -1.000000
vn 0.000000 0.000000 -1.000000
vn 0.000000 0.000000 -1.000000
vn 0.000000 0.000000 -1.000000
vn 0.000000 0.000000 -1.000000
vn 0.000000 0.000000 -1.000000
vn 0.000000 0.000000 -1.000000
vn 0.000000 0.000000 -1.000000
vn 0.000000 0.000000 -1.000000
vn 0.000000 0.000000 -1.000000
vn 0.000000 0.000000 -1.000000
vn 0.000000 0.000000 -1.000000
vn 0.000000 0.000000 -1.000000
vn 0.000000 0.000000 -1.000000
vn 0.000000 0.000000 -1.000000
vn 0.000000 0.000000 -1.000000
vn 0.000000 0.000000 -1.000000
vn 0.000000 0.000000 -1.000000
vn 0.000000 0.000000 -1.000000
vn 0.000000 0.000000 -1.000000
vn 0.000000 -1.000000 0.000000
vn 0.000000 -1.000000 0.000000
vn 0.000000 -1.000000 0.000000
vn 0.000000 -1.000000 0.000000
vn 0.000000 1.000000 0.000000
vn 0.000000 1.000000 0.000000
vn 0.000000 1.000000 0.000000
vn 0.000000 1.000000 0.000000
vn 0.000000 -1.000000 0.000000
vn 0.000000 -1.000000 0.000000
vn 0.000000 -1.000000 0.000000
vn 0.000000 -1.000000 0.000000
vn 0.000000 1.000000 0.000000
vn 0.000000 1.000000 0.000000
vn 0.000000 1.000000 0.000000
vn 0.000000 1.000000 0.000000
vn 0.000000 -1.000000 0.000000
vn 0.000000 -1.000000 0.000000
vn 0.000000 -1.000000 0.000000
vn 0.000000 -1.000000 0.000000
vn 0.000000 1.000000 0.000000
vn 0.000000 1.000000 0.000000
vn 0.000000 1.000000 0.000000
vn 0.000000 1.000000 0.000000
vn 0.000000 -1.000000 0.000000
vn 0.000000 -1.000000 0.000000
vn 0.000000 -1.000000 0.000000
vn 0.000000 -1.000000 0.000000
vn 0.000000 1.000000 0.000000
vn 0.000000 1.000000 0.000000
vn 0.000000 1.000000 0.000000
vn 0.000000 1.000000 0.000000
vn 0.000000 -1.000000 0.000000
vn 0.000000 -1.000000 0.000000
vn 0.000000 -1.000000 0.000000
vn 0.000000 -1.000000 0.000000
vn 0.000000 1.000000 0.000000
vn 0.000000 1.000000 0.000000
vn 0.000000 1.000000 0.000000
vn 0.000000 1.000000 0.000000
vn 0.000000 -1.000000 0.000000
vn 0.000000 -1.000000 0.000000
vn 0.000000 -1.000000 0.000000
vn 0.000000 -1.000000 0.000000
vn 0.000000 1.000000 0.000000
vn 0.000000 1.000000 0.000000
vn 0.000000 1.000000 0.000000
vn 0.000000 1.000000 0.000000
vn 0.000000 -1.000000 0.000000
vn 0.000000 -1.000000 0.000000
vn 0.000000 -1.000000 0.000000
vn 0.000000 -1.000000 0.000000
vn 0.000000 1.000000 0.000000
vn 0.000000 1.000000 0.000000
vn 0.000000 1.000000 0.000000
vn 0.000000 1.000000 0.000000
vn 0.000000 -1.000000 0.000000
vn 0.000000 -1.000000 0.000000
vn 0.000000 -1.000000 0.000000
vn 0.000000 -1.000000 0.000000
vn 0.000000 1.000000 0.000000
vn 0.000000 1.000000 0.000000
vn 0.000000 1.000000 0.000000
vn 0.000000 1.000000 0.000000
vn 0.000000 -1.000000 0.000000
vn 0.000000 -1.000000 0.000000
vn 0.000000 -1.000000 0.000000
vn 0.000000 -1.000000 0.000000
vn 0.000000 1.000000 0.000000
vn 0.000000 1.000000 0.000000
vn 0.000000 1.000000 0.000000
vn 0.000000 1.000000 0.000000
vn 0.000000 -1.000000 0.000000
vn 0.000000 -1.000000 0.000000
vn 0.000000 -1.000000 0.000000
vn 0.000000 -1.000000 0.000000
vn 0.000000 1.000000 0.000000
vn 0.000000 1.000000 0.000000
vn 0.000000 1.000000 0.000000
vn 0.000000 1.000000 0.000000
vn 0.000000 -1.000000 0.000000
vn 0.000000 -1.000000 0.000000
vn 0.000000 -1.000000 0.000000
vn 0.000000 -1.000000 0.000000
vn 0.000000 1.000000 0.000000
vn 0.000000 1.000000 0.000000
vn 0.000000 1.000000 0.000000
vn 0.000000 1.000000 0.000000
vn 0.000000 -1.000000 0.000000
vn 0.000000 -1.000000 0.000000
vn 0.000000 -1.000000 0.000000
vn 0.000000 -1.000000 0.000000
vn 0.000000 1.000000 0.000000
vn 0.000000 1.000000 0.000000
vn 0.000000 1.000000 0.000000
vn 0.000000 1.000000 0.000000
vn 0.000000 -1.000000 0.000000
vn 0.000000 -1.000000 0.000000
vn 0.000000 -1.000000 0.000000
vn 0.000000 -1.000000 0.000000
vn 0.000000 1.000000 0.000000
vn 0.000000 1.000000 0.000000
vn 0.000000 1.000000 0.000000
vn 0.000000 1.000000 0.000000
vn 0.000000 -1.000000 0.000000
vn 0.000000 -1.000000 0.000000
vn 0.000000 -1.000000 0.000000
vn 0.000000 -1.000000 0.000000
vn 0.000000 1.000000 0.000000
vn 0.000000 1.000000 0.000000
vn 0.000000 1.000000 0.000000
vn 0.000000 1.000000 0.000000
vn 0.000000 -1.000000 0.000000
vn 0.000000 -1.000000 0.000000
vn 0.000000 -1.000000 0.000000
vn 0.000000 -1.000000 0.000000
vn 0.000000 1.000000 0.000000
vn 0.000000 1.000000 0.000000
vn 0.000000 1.000000 0.000000
vn 0.000000 1.000000 0.000000
vn 0.000000 -1.000000 0.000000
vn 0.000000 -1.000000 0.000000
vn 0.000000 -1.000000 0.000000
vn 0.000000 -1.000000 0.000000
vn 0.000000 1.000000 0.000000
vn 0.000000 1.000000 0.000000
vn 0.000000 1.000000 0.000000
vn 0.000000 1.000000 0.000000
vn 0.000000 -1.000000 0.000000
vn 0.000000 -1.000000 0.000000
vn 0.000000 -1.000000 0.000000
vn 0.000000 -1.000000 0.000000
vn 0.000000 1.000000 0.000000
vn 0.000000 1.000000 0.000000
vn 0.000000 1.000000 0.000000
vn 0.000000 1.000000 0.000000
vn 0.000000 -1.000000 0.000000
vn 0.000000 -1.000000 0.000000
vn 0.000000 -1.000000 0.000000
vn 0.000000 -1.000000 0.000000
vn 0.000000 1.000000 0.000000
vn 0.000000 1.000000 0.000000
vn 0.000000 1.000000 0.000000
vn 0.000000 1.000000 0.000000
vn 0.000000 -1.000000 0.000000
vn 0.000000 -1.000000 0.000000
vn 0.000000 -1.000000 0.000000
vn 0.000000 -1.000000 0.000000
vn 0.000000 1.000000 0.000000
vn 0.000000 1.000000 0.000000
vn 0.000000 1.000000 0.000000
vn 0.000000 1.000000 0.000000
vn 0.000000 -1.000000 0.000000
vn 0.000000 -1.000000 0.000000
vn 0.000000 -1.000000 0.000000
vn 0.000000 -1.000000 0.000000
vn 0.000000 1.000000 0.000000
vn 0.000000 1.000000 0.000000
vn 0.000000 1.000000 0.000000
vn 0.000000 1.000000 0.000000
vn 0.000000 -1.000000 0.000000
vn 0.000000 -1.000000 0.000000
vn 0.000000 -1.000000 0.000000
vn 0.000000 -1.000000 0.000000
vn 0.000000 1.000000 0.000000
vn 0.000000 1.000000 0.000000
vn 0.000000 1.000000 0.000000
vn 0.000000 1.000000 0.000000
vn 0.000000 -1.000000 0.000000
vn 0.000000 -1.000000 0.000000
vn 0.000000 -1.000000 0.000000
vn 0.000000 -1.000000 0.000000
vn 0.000000 1.000000 0.000000
vn 0.000000 1.000000 0.000000
vn 0.000000 1.000000 0.000000
vn 0.000000 1.000000 0.000000
vn 0.000000 -1.000000 0.000000
vn 0.000000 -1.000000 0.000000
vn 0.000000 -1.000000 0.000000
vn 0.000000 -1.000000 0.000000
vn 0.000000 1.000000 0.000000
vn 0.000000 1.000000 0.000000
vn 0.000000 1.000000 0.000000
vn 0.000000 1.000000 0.000000
vn 0.000000 -1.000000 0.000000
vn 0.000000 -1.000000 0.000000
vn 0.000000 -1.000000 0.000000
vn 0.000000 -1.000000 0.000000
vn 0.000000 1.000000 0.000000
vn 0.000000 1.000000 0.000000
vn 0.000000 1.000000 0.000000
vn 0.000000 1.000000 0.000000
vn 0.000000 -1.000000 0.000000
vn 0.000000 -1.000000 0.000000
vn 0.000000 -1.000000 0.000000
vn 0.000000 -1.000000 0.000000
vn 0.000000 1.000000 0.000000
vn 0.000000 1.000000 0.000000
vn 0.000000 1.000000 0.000000
vn 0.000000 1.000000 0.000000
vn 0.000000 -1.000000 0.000000
vn 0.000000 -1.000000 0.000000
vn 0.000000 -1.000000 0.000000
vn 0.000000 -1.000000 0.000000
vn 0.000000 1.000000 0.000000
vn 0.000000 1.000000 0.000000
vn 0.000000 1.000000 0.000000
vn 0.000000 1.000000 0.000000
vn 0.000000 -1.000000 0.000000
vn 0.000000 -1.000000 0.000000
vn 0.000000 -1.000000 0.000000
vn 0.000000 -1.000000 0.000000
vn 0.000000 1.000000 0.000000
vn 0.000000 1.000000 0.000000
vn 0.000000 1.000000 0.000000
vn 0.000000 1.000000 0.000000
vn 0.000000 -1.000000 0.000000
vn 0.000000 -1.000000 0.000000
vn 0.000000 -1.000000 0.000000
vn 0.000000 -1.000000 0.000000
vn 0.000000 1.000000 0.000000
vn 0.000000 1.000000 0.000000
vn 0.000000 1.000000 0.000000
vn 0.000000 1.000000 0.000000
vn 0.000000 -1.000000 0.000000
vn 0.000000 -1.000000 0.000000
vn 0.000000 -1.000000 0.000000
vn 0.000000 -1.000000 0.000000
vn 0.000000 1.000000 0.000000
vn 0.000000 1.000000 0.000000
vn 0.000000 1.000000 0.000000
vn 0.000000 1.000000 0.000000
vn 0.000000 -1.000000 0.000000
vn 0.000000 -1.000000 0.000000
vn 0.000000 -1.000000 0.000000
vn 0.000000 -1.000000 0.000000
vn 0.000000 1.000000 0.000000
vn 0.000000 1.000000 0.000000
vn 0.000000 1.000000 0.000000
vn 0.000000 1.000000 0.000000
vn 0.000000 -1.000000 0.000000
vn 0.000000 -1.000000 0.000000
vn 0.000000 -1.000000 0.000000
vn 0.000000 -1.000000 0.000000
vn 0.000000 1.000000 0.000000
vn 0.000000 1.000000 0.000000
vn 0.000000 1.000000 0.000000
vn 0.000000 1.000000 0.000000
vn 0.000000 -1.000000 0.000000
vn 0.000000 -1.000000 0.000000
vn 0.000000 -1.000000 0.000000
vn 0.000000 -1.000000 0.000000
vn 0.000000 1.000000 0.000000
vn 0.000000 1.000000 0.000000
vn 0.000000 1.000000 0.000000
vn 0.000000 1.000000 0.000000
vn 0.000000 -1.000000 0.000000
vn 0.000000 -1.000000 0.000000
vn 0.000000 -1.000000 0.000000
vn 0.000000 -1.000000 0.000000
vn 0.000000 1.000000 0.000000
vn 0.000000 1.000000 0.000000
vn 0.000000 1.000000 0.000000
vn 0.000000 1.000000 0.000000
vn 0.000000 -1.000000 0.000000
vn 0.000000 -1.000000 0.000000
vn 0.000000 -1.000000 0.000000
vn 0.000000 -1.000000 0.000000
vn 0.000000 1.000000 0.000000
vn 0.000000 1.000000 0.000000
vn 0.000000 1.000000 0.000000
vn 0.000000 1.000000 0.000000
vn 0.000000 -1.000000 0.000000
vn 0.000000 -1.000000 0.000000
vn 0.000000 -1.000000 0.000000
vn 0.000000 -1.000000 0.000000
vn 0.000000 1.000000 0.000000
vn 0.000000 1.000000 0.000000
vn 0.000000 1.000000 0.000000
vn 0.000000 1.000000 0.000000
vn 0.000000 -1.000000 0.000000
vn 0.000000 -1.000000 0.000000
vn 0.000000 -1.000000 0.000000
vn 0.000000 -1.000000 0.000000
vn 0.000000 1.000000 0.000000
vn 0.000000 1.000000 0.000000
vn 0.000000 1.000000 0.000000
vn 0.000000 1.000000 0.000000
vn 0.000000 -1.000000 0.000000
vn 0.000000 -1.000000 0.000000
vn 0.000000 -1.000000 0.000000
vn 0.000000 -1.000000 0.000000
vn 0.000000 1.000000 0.000000
vn 0.000000 1.000000 0.000000
vn 0.000000 1.000000 0.000000
vn 0.000000 1.000000 0.000000
vn 0.000000 -1.000000 0.000000
vn 0.000000 -1.000000 0.000000
vn 0.000000 -1.000000 0.000000
vn 0.000000 -1.000000 0.000000
vn 0.000000 1.000000 0.000000
vn 0.000000 1.000000 0.000000
vn 0.000000 1.000000 0.000000
vn 0.000000 1.000000 0.000000
vn 0.000000 -1.000000 0.000000
vn 0.000000 -1.000000 0.000000
vn 0.000000 -1.000000 0.000000
vn 0.000000 -1.000000 0.000000
vn 0.000000 1.000000 0.000000
vn 0.000000 1.000000 0.000000
vn 0.000000 1.000000 0.000000
vn 0.000000 1.000000 0.000000
vn 0.000000 -1.000000 0.000000
vn 0.000000 -1.000000 0.000000
vn 0.000000 -1.000000 0.000000
vn 0.000000 -1.000000 0.000000
vn 0.000000 1.000000 0.000000
vn 0.000000 1.000000 0.000000
vn 0.000000 1.000000 0.000000
vn 0.000000 1.000000 0.000000
vn 0.000000 -1.000000 0.000000
vn 0.000000 -1.000000 0.000000
vn 0.000000 -1.000000 0.000000
vn 0.000000 -1.000000 0.000000
vn 0.000000 1.000000 0.000000
vn 0.000000 1.000000 0.000000
vn 0.000000 1.000000 0.000000
vn 0.000000 1.000000 0.000000
vn 0.000000 -1.000000 0.000000
vn 0.000000 -1.000000 0.000000
vn 0.000000 -1.000000 0.000000
vn 0.000000 -1.000000 0.000000
vn 0.000000 1.000000 0.000000
vn 0.000000 1.000000 0.000000
vn 0.000000 1.000000 0.000000
vn 0.000000 1.000000 0.000000
vn 0.000000 -1.000000 0.000000
vn 0.000000 -1.000000 0.000000
vn 0.000000 -1.000000 0.000000
vn 0.000000 -1.000000 0.000000
vn 0.000000 1.000000 0.000000
vn 0.000000 1.000000 0.000000
vn 0.000000 1.000000 0.000000
vn 0.000000 1.000000 0.000000
vn 0.000000 -1.000000 0.000000
vn 0.000000 -1.000000 0.000000
vn 0.000000 -1.000000 0.000000
vn 0.000000 -1.000000 0.000000
vn 0.000000 1.000000 0.000000
vn 0.000000 1.000000 0.000000
vn 0.000000 1.000000 0.000000
vn 0.000000 1.000000 0.000000
vn 0.000000 -1.000000 0.000000
vn 0.000000 -1.000000 0.000000
vn 0.000000 -1.000000 0.000000
vn 0.000000 -1.000000 0.000000
vn 0.000000 1.000000 0.000000
vn 0.000000 1.000000 0.000000
vn 0.000000 1.000000 0.000000
vn 0.000000 1.000000 0.000000
vn 0.000000 -1.000000 0.000000
vn 0.000000 -1.000000 0.000000
vn 0.000000 -1.000000 0.000000
vn 0.000000 -1.000000 0.000000
vn 0.000000 1.000000 0.000000
vn 0.000000 1.000000 0.000000
vn 0.000000 1.000000 0.000000
vn 0.000000 1.000000 0.000000
vn 0.000000 -1.000000 0.000000
vn 0.000000 -1.000000 0.000000
vn 0.000000 -1.000000 0.000000
vn 0.000000 -1.000000 0.000000
vn 0.000000 1.000000 0.000000
vn 0.000000 1.000000 0.000000
vn 0.000000 1.000000 0.000000
vn 0.000000 1.000000 0.000000
vn 0.000000 -1.000000 0.000000
vn 0.000000 -1.000000 0.000000
vn 0.000000 -1.000000 0.000000
vn 0.000000 -1.000000 0.000000
vn 0.000000 1.000000 0.000000
vn 0.000000 1.000000 0.000000
vn 0.000000 1.000000 0.000000
vn 0.000000 1.000000 0.000000
vn 0.000000 -1.000000 0.000000
vn 0.000000 -1.000000 0.000000
vn 0.000000 -1.000000 0.000000
vn 0.000000 -1.000000 0.000000
vn 0.000000 1.000000 0.000000
vn 0.000000 1.000000 0.000000
vn 0.000000 1.000000 0.000000
vn 0.000000 1.000000 0.000000
vn 0.000000 -1.000000 0.000000
vn 0.000000 -1.000000 0.000000
vn 0.000000 -1.000000 0.000000
vn 0.000000 -1.000000 0.000000
vn 0.000000 1.000000 0.000000
vn 0.000000 1.000000 0.000000
vn 0.000000 1.000000 0.000000
vn 0.000000 1.000000 0.000000
vn 0.000000 -1.000000 0.000000
vn 0.000000 -1.000000 0.000000
vn 0.000000 -1.000000 0.000000
vn 0.000000 -1.000000 0.000000
vn 0.000000 1.000000 0.000000
vn 0.000000 1.000000 0.000000
vn 0.000000 1.000000 0.000000
vn 0.000000 1.000000 0.000000
vn 0.000000 -1.000000 0.000000
vn 0.000000 -1.000000 0.000000
vn 0.000000 -1.000000 0.000000
vn 0.000000 -1.000000 0.000000
vn 0.000000 1.000000 0.000000
vn 0.000000 1.000000 0.000000
vn 0.000000 1.000000 0.000000
vn 0.000000 1.000000 0.000000
vn 0.000000 -1.000000 0.000000
vn 0.000000 -1.000000 0.000000
vn 0.000000 -1.000000 0.000000
vn 0.000000 -1.000000 0.000000
vn 0.000000 1.000000 0.000000
vn 0.000000 1.000000 0.000000
vn 0.000000 1.000000 0.000000
vn 0.000000 1.000000 0.000000
vn 0.000000 -1.000000 0.000000
vn 0.000000 -1.000000 0.000000
vn 0.000000 -1.000000 0.000000
vn 0.000000 -1.000000 0.000000
vn 0.000000 1.000000 0.000000
vn 0.000000 1.000000 0.000000
vn 0.000000 1.000000 0.000000
vn 0.000000 1.000000 0.000000
vn 0.000000 -1.000000 0.000000
vn 0.000000 -1.000000 0.000000
vn 0.000000 -1.000000 0.000000
vn 0.000000 -1.000000 0.000000
vn 0.000000 1.000000 0.000000
vn 0.000000 1.000000 0.000000
vn 0.000000 1.000000 0.000000
vn 0.000000 1.000000 0.000000
vn 0.000000 -1.000000 0.000000
vn 0.000000 -1.000000 0.000000
vn 0.000000 -1.000000 0.000000
vn 0.000000 -1.000000 0.000000
vn 0.000000 1.000000 0.000000
vn 0.000000 1.000000 0.000000
vn 0.000000 1.000000 0.000000
vn 0.000000 1.000000 0.000000
vn 0.000000 -1.000000 0.000000
vn 0.000000 -1.000000 0.000000
vn 0.000000 -1.000000 0.000000
vn 0.000000 -1.000000 0.000000
vn 0.000000 1.000000 0.000000
vn 0.000000 1.000000 0.000000
vn 0.000000 1.000000 0.000000
vn 0.000000 1.000000 0.000000
vn 0.000000 -1.000000 0.000000
vn 0.000000 -1.000000 0.000000
vn 0.000000 -1.000000 0.000000
vn 0.000000 -1.000000 0.000000
vn 0.000000 1.000000 0.000000
vn 0.000000 1.000000 0.000000
vn 0.000000 1.000000 0.000000
vn 0.000000 1.000000 0.000000
vn 0.000000 -1.000000 0.000000
vn 0.000000 -1.000000 0.000000
vn 0.000000 -1.000000 0.000000
vn 0.000000 -1.000000 0.000000
vn 0.000000 1.000000 0.000000
vn 0.000000 1.000000 0.000000
vn 0.000000 1.000000 0.000000
vn 0.000000 1.000000 0.000000
vn 0.000000 -1.000000 0.000000
vn 0.000000 -1.000000 0.000000
vn 0.000000 -1.000000 0.000000
vn 0.000000 -1.000000 0.000000
vn 0.000000 1.000000 0.000000
vn 0.000000 1.000000 0.000000
vn 0.000000 1.000000 0.000000
vn 0.000000 1.000000 0.000000
vn 0.000000 -1.000000 0.000000
vn 0.000000 -1.000000 0.000000
vn 0.000000 -1.000000 0.000000
vn 0.000000 -1.000000 0.000000
vn 0.000000 1.000000 0.000000
vn 0.000000 1.000000 0.000000
vn 0.000000 1.000000 0.000000
vn 0.000000 1.000000 0.000000
vn 0.000000 -1.000000 0.000000
vn 0.000000 -1.000000 0.000000
vn 0.000000 -1.000000 0.000000
vn 0.000000 -1.000000 0.000000
vn 0.000000 1.000000 0.000000
vn 0.000000 1.000000 0.000000
vn 0.000000 1.000000 0.000000
vn 0.000000 1.000000 0.000000
vn 0.000000 -1.000000 0.000000
vn 0.000000 -1.000000 0.000000
vn 0.000000 -1.000000 0.000000
vn 0.000000 -1.000000 0.000000
vn 0.000000 1.000000 0.000000
vn 0.000000 1.000000 0.000000
vn 0.000000 1.000000 0.000000
vn 0.000000 1.000000 0.000000
vn 0.000000 -1.000000 0.000000
vn 0.000000 -1.000000 0.000000
vn 0.000000 -1.000000 0.000000
vn 0.000000 -1.000000 0.000000
vn 0.000000 1.000000 0.000000
vn 0.000000 1.000000 0.000000
vn 0.000000 1.000000 0.000000
vn 0.000000 1.000000 0.000000
vn 0.000000 -1.000000 0.000000
vn 0.000000 -1.000000 0.000000
vn 0.000000 -1.000000 0.000000
vn 0.000000 -1.000000 0.000000
vn 0.000000 1.000000 0.000000
vn 0.000000 1.000000 0.000000
vn 0.000000 1.000000 0.000000
vn 0.000000 1.000000 0.000000
vn 0.000000 -1.000000 0.000000
vn 0.000000 -1.000000 0.000000
vn 0.000000 -1.000000 0.000000
vn 0.000000 -1.000000 0.000000
vn 0.000000 1.000000 0.000000
vn 0.000000 1.000000 0.000000
vn 0.000000 1.000000 0.000000
vn 0.000000 1.000000 0.000000
vn 0.000000 -1.000000 0.000000
vn 0.000000 -1.000000 0.000000
vn 0.000000 -1.000000 0.000000
vn 0.000000 -1.000000 0.000000
vn 0.000000 1.000000 0.000000
vn 0.000000 1.000000 0.000000
vn 0.000000 1.000000 0.000000
vn 0.000000 1.000000 0.000000
vn 0.000000 -1.000000 0.000000
vn 0.000000 -1.000000 0.000000
vn 0.000000 -1.000000 0.000000
vn 0.000000 -1.000000 0.000000
vn 0.000000 1.000000 0.000000
vn 0.000000 1.000000 0.000000
vn 0.000000 1.000000 0.000000
vn 0.000000 1.000000 0.000000
vn 0.000000 -1.000000 0.000000
vn 0.000000 -1.000000 0.000000
vn 0.000000 -1.000000 0.000000
vn 0.000000 -1.000000 0.000000
vn 0.000000 1.000000 0.000000
vn 0.000000 1.000000 0.000000
vn 0.000000 1.000000 0.000000
vn 0.000000 1.000000 0.000000
vn 0.000000 -1.000000 0.000000
vn 0.000000 -1.000000 0.000000
vn 0.000000 -1.000000 0.000000
vn 0.000000 -1.000000 0.000000
vn 0.000000 1.000000 0.000000
vn 0.000000 1.000000 0.000000
vn 0.000000 1.000000 0.000000
vn 0.000000 1.000000 0.000000
vn 0.012083 -0.999927 0.000000
vn 0.012083 -0.999927 0.000000
vn 0.012083 -0.999927 0.000000
vn 0.012083 -0.999927 0.000000
vn -0.012083 0.999927 0.000000
vn -0.012083 0.999927 0.000000
vn -0.012083 0.999927 0.000000
vn -0.012083 0.999927 0.000000
vn 0.036241 -0.999343 0.000000
vn 0.036241 -0.999343 0.000000
vn 0.036241 -0.999343 0.000000
vn 0.036241 -0.999343 0.000000
vn -0.036241 0.999343 0.000000
vn -0.036241 0.999343 0.000000
vn -0.036241 0.999343 0.000000
vn -0.036241 0.999343 0.000000
vn 0.060378 -0.998176 0.000000
vn 0.060378 -0.998176 0.000000
vn 0.060378 -0.998176 0.000000
vn 0.060378 -0.998176 0.000000
vn -0.060377 0.998176 0.000000
vn -0.060377 0.998176 0.000000
vn -0.060377 0.998176 0.000000
vn -0.060377 0.998176 0.000000
vn 0.084481 -0.996425 0.000000
vn 0.084481 -0.996425 0.000000
vn 0.084481 -0.996425 0.000000
vn 0.084481 -0.996425 0.000000
vn -0.084482 0.996425 0.000000
vn -0.084482 0.996425 0.000000
vn -0.084482 0.996425 0.000000
vn -0.084482 0.996425 0.000000
vn 0.108533 -0.994093 0.000000
vn 0.108533 -0.994093 0.000000
vn 0.108533 -0.994093 0.000000
vn 0.108533 -0.994093 0.000000
vn -0.108533 0.994093 0.000000
vn -0.108533 0.994093 0.000000
vn -0.108533 0.994093 0.000000
vn -0.108533 0.994093 0.000000
vn 0.132522 -0.991180 0.000000
vn 0.132522 -0.991180 0.000000
vn 0.132522 -0.991180 0.000000
vn 0.132522 -0.991180 0.000000
vn -0.132523 0.991180 0.000000
vn -0.132523 0.991180 0.000000
vn -0.132523 0.991180 0.000000
vn -0.132523 0.991180 0.000000
vn 0.156436 -0.987688 0.000000
vn 0.156436 -0.987688 0.000000
vn 0.156436 -0.987688 0.000000
vn 0.156436 -0.987688 0.000000
vn -0.156436 0.987688 0.000000
vn -0.156436 0.987688 0.000000
vn -0.156436 0.987688 0.000000
vn -0.156436 0.987688 0.000000
vn 0.180255 -0.983620 0.000000
vn 0.180255 -0.983620 0.000000
vn 0.180255 -0.983620 0.000000
vn 0.180255 -0.983620 0.000000
vn -0.180252 0.983621 0.000000
vn -0.180252 0.983621 0.000000
vn -0.180252 0.983621 0.000000
vn -0.180252 0.983621 0.000000
vn 0.203971 -0.978977 0.000000
vn 0.203971 -0.978977 0.000000
vn 0.203971 -0.978977 0.000000
vn 0.203971 -0.978977 0.000000
vn -0.203972 0.978977 0.000000
vn -0.203972 0.978977 0.000000
vn -0.203972 0.978977 0.000000
vn -0.203972 0.978977 0.000000
vn 0.227565 -0.973763 0.000000
vn 0.227565 -0.973763 0.000000
vn 0.227565 -0.973763 0.000000
vn 0.227565 -0.973763 0.000000
vn -0.227566 0.973763 0.000000
vn -0.227566 0.973763 0.000000
vn -0.227566 0.973763 0.000000
vn -0.227566 0.973763 0.000000
vn 0.251029 -0.967980 0.000000
vn 0.251029 -0.967980 0.000000
vn 0.251029 -0.967980 0.000000
vn 0.251028 -0.967980 0.000000
vn -0.251030 0.967979 0.000000
vn -0.251030 0.967979 0.000000
vn -0.251030 0.967979 0.000000
vn -0.251030 0.967979 0.000000
vn 0.274349 -0.961630 0.000000
vn 0.274349 -0.961630 0.000000
vn 0.274349 -0.961630 0.000000
vn 0.274349 -0.961630 0.000000
vn -0.274349 0.961630 0.000000
vn -0.274349 0.961630 0.000000
vn -0.274349 0.961630 0.000000
vn -0.274349 0.961630 0.000000
vn 0.297501 -0.954721 0.000000
vn 0.297501 -0.954721 0.000000
vn 0.297501 -0.954721 0.000000
vn 0.297501 -0.954721 0.000000
vn -0.297502 0.954721 0.000000
vn -0.297502 0.954721 0.000000
vn -0.297502 0.954721 0.000000
vn -0.297502 0.954721 0.000000
vn 0.320486 -0.947253 0.000000
vn 0.320486 -0.947253 0.000000
vn 0.320486 -0.947253 0.000000
vn 0.320486 -0.947253 0.000000
vn -0.320484 0.947254 0.000000
vn -0.320484 0.947254 0.000000
vn -0.320484 0.947254 0.000000
vn -0.320484 0.947254 0.000000
vn 0.343284 -0.939232 0.000000
vn 0.343284 -0.939232 0.000000
vn 0.343284 -0.939232 0.000000
vn 0.343284 -0.939232 0.000000
vn -0.343281 0.939233 0.000000
vn -0.343281 0.939233 0.000000
vn -0.343281 0.939233 0.000000
vn -0.343281 0.939233 0.000000
vn 0.365876 -0.930664 0.000000
vn 0.365876 -0.930664 0.000000
vn 0.365876 -0.930664 0.000000
vn 0.365876 -0.930664 0.000000
vn -0.365877 0.930663 0.000000
vn -0.365877 0.930663 0.000000
vn -0.365877 0.930663 0.000000
vn -0.365877 0.930663 0.000000
vn 0.388257 -0.921551 0.000000
vn 0.388257 -0.921551 0.000000
vn 0.388257 -0.921551 0.000000
vn 0.388257 -0.921551 0.000000
vn -0.388257 0.921551 0.000000
vn -0.388257 0.921551 0.000000
vn -0.388257 0.921551 0.000000
vn -0.388257 0.921551 0.000000
vn 0.410414 -0.911899 0.000000
vn 0.410414 -0.911899 0.000000
vn 0.410414 -0.911899 0.000000
vn 0.410414 -0.911899 0.000000
vn -0.410413 0.911900 0.000000
vn -0.410413 0.911900 0.000000
vn -0.410413 0.911900 0.000000
vn -0.410413 0.911900 0.000000
vn 0.432326 -0.901717 0.000000
vn 0.432326 -0.901717 0.000000
vn 0.432326 -0.901717 0.000000
vn 0.432326 -0.901717 0.000000
vn -0.432327 0.901717 0.000000
vn -0.432327 0.901717 0.000000
vn -0.432327 0.901717 0.000000
vn -0.432327 0.901717 0.000000
vn 0.453991 -0.891006 0.000000
vn 0.453991 -0.891006 0.000000
vn 0.453991 -0.891006 0.000000
vn 0.453991 -0.891006 0.000000
vn -0.453991 0.891007 0.000000
vn -0.453991 0.891006 0.000000
vn -0.453991 0.891007 0.000000
vn -0.453991 0.891006 0.000000
vn 0.475386 -0.879777 0.000000
vn 0.475386 -0.879778 0.000000
vn 0.475386 -0.879777 0.000000
vn 0.475386 -0.879778 0.000000
vn -0.475387 0.879777 0.000000
vn -0.475387 0.879777 0.000000
vn -0.475387 0.879777 0.000000
vn -0.475387 0.879777 0.000000
vn 0.496510 -0.868031 0.000000
vn 0.496510 -0.868031 0.000000
vn 0.496510 -0.868031 0.000000
vn 0.496510 -0.868031 0.000000
vn -0.496508 0.868032 0.000000
vn -0.496508 0.868032 0.000000
vn -0.496508 0.868032 0.000000
vn -0.496508 0.868032 0.000000
vn 0.517337 -0.855782 0.000000
vn 0.517337 -0.855782 0.000000
vn 0.517337 -0.855782 0.000000
vn 0.517337 -0.855782 0.000000
vn -0.517337 0.855782 0.000000
vn -0.517337 0.855782 0.000000
vn -0.517337 0.855782 0.000000
vn -0.517337 0.855782 0.000000
vn 0.537866 -0.843031 0.000000
vn 0.537866 -0.843031 0.000000
vn 0.537866 -0.843031 0.000000
vn 0.537866 -0.843031 0.000000
vn -0.537872 0.843026 0.000000
vn -0.537872 0.843026 0.000000
vn -0.537872 0.843026 0.000000
vn -0.537872 0.843026 0.000000
vn 0.558080 -0.829787 0.000000
vn 0.558080 -0.829787 0.000000
vn 0.558080 -0.829787 0.000000
vn 0.558080 -0.829787 0.000000
vn -0.558075 0.829790 0.000000
vn -0.558075 0.829790 0.000000
vn -0.558075 0.829790 0.000000
vn -0.558075 0.829790 0.000000
vn 0.577968 -0.816060 0.000000
vn 0.577968 -0.816060 0.000000
vn 0.577968 -0.816060 0.000000
vn 0.577968 -0.816060 0.000000
vn -0.577966 0.816061 0.000000
vn -0.577966 0.816061 0.000000
vn -0.577966 0.816061 0.000000
vn -0.577966 0.816061 0.000000
vn 0.597519 -0.801855 0.000000
vn 0.597519 -0.801855 0.000000
vn 0.597519 -0.801855 0.000000
vn 0.597519 -0.801855 0.000000
vn -0.597519 0.801855 0.000000
vn -0.597519 0.801855 0.000000
vn -0.597519 0.801855 0.000000
vn -0.597519 0.801855 0.000000
vn 0.616717 -0.787185 0.000000
vn 0.616717 -0.787185 0.000000
vn 0.616717 -0.787185 0.000000
vn 0.616717 -0.787185 0.000000
vn -0.616723 0.787180 0.000000
vn -0.616723 0.787180 0.000000
vn -0.616723 0.787180 0.000000
vn -0.616723 0.787180 0.000000
vn 0.635563 -0.772049 0.000000
vn 0.635563 -0.772049 0.000000
vn 0.635563 -0.772049 0.000000
vn 0.635563 -0.772049 0.000000
vn -0.635556 0.772055 0.000000
vn -0.635556 0.772055 0.000000
vn -0.635556 0.772055 0.000000
vn -0.635556 0.772055 0.000000
vn 0.654030 -0.756468 0.000000
vn 0.654030 -0.756468 0.000000
vn 0.654030 -0.756468 0.000000
vn 0.654030 -0.756468 0.000000
vn -0.654028 0.756470 0.000000
vn -0.654028 0.756470 0.000000
vn -0.654028 0.756470 0.000000
vn -0.654028 0.756470 0.000000
vn 0.672116 -0.740445 0.000000
vn 0.672116 -0.740446 0.000000
vn 0.672116 -0.740445 0.000000
vn 0.672116 -0.740446 0.000000
vn -0.672116 0.740446 0.000000
vn -0.672116 0.740446 0.000000
vn -0.672116 0.740446 0.000000
vn -0.672116 0.740446 0.000000
vn 0.689815 -0.723986 0.000000
vn 0.689815 -0.723986 0.000000
vn 0.689815 -0.723986 0.000000
vn 0.689815 -0.723986 0.000000
vn -0.689822 0.723979 0.000000
vn -0.689822 0.723979 0.000000
vn -0.689822 0.723979 0.000000
vn -0.689822 0.723979 0.000000
vn 0.702827 -0.711361 0.000000
vn 0.702827 -0.711361 0.000000
vn 0.702827 -0.711361 0.000000
vn 0.702827 -0.711361 0.000000
vn -0.702819 0.711368 0.000000
vn -0.702819 0.711368 0.000000
vn -0.702819 0.711368 0.000000
vn -0.702820 0.711368 0.000000
vn 0.711353 -0.702835 0.000000
vn 0.711353 -0.702835 0.000000
vn 0.711353 -0.702835 0.000000
vn 0.711353 -0.702835 0.000000
vn -0.711353 0.702834 0.000000
vn -0.711353 0.702834 0.000000
vn -0.711353 0.702834 0.000000
vn -0.711353 0.702834 0.000000
vn 0.723989 -0.689812 0.000000
vn 0.723989 -0.689812 0.000000
vn 0.723989 -0.689812 0.000000
vn 0.723989 -0.689812 0.000000
vn -0.723986 0.689815 0.000000
vn -0.723986 0.689815 0.000000
vn -0.723986 0.689815 0.000000
vn -0.723986 0.689815 0.000000
vn 0.740446 -0.672116 0.000000
vn 0.740446 -0.672116 0.000000
vn 0.740446 -0.672116 0.000000
vn 0.740446 -0.672116 0.000000
vn -0.740444 0.672118 0.000000
vn -0.740444 0.672118 0.000000
vn -0.740444 0.672118 0.000000
vn -0.740444 0.672118 0.000000
vn 0.756467 -0.654032 0.000000
vn 0.756467 -0.654032 0.000000
vn 0.756467 -0.654032 0.000000
vn 0.756467 -0.654032 0.000000
vn -0.756474 0.654024 0.000000
vn -0.756474 0.654024 0.000000
vn -0.756474 0.654024 0.000000
vn -0.756474 0.654024 0.000000
vn 0.772051 -0.635560 0.000000
vn 0.772051 -0.635560 0.000000
vn 0.772051 -0.635560 0.000000
vn 0.772051 -0.635560 0.000000
vn -0.772054 0.635557 0.000000
vn -0.772054 0.635556 0.000000
vn -0.772054 0.635557 0.000000
vn -0.772054 0.635556 0.000000
vn 0.787185 -0.616717 0.000000
vn 0.787185 -0.616717 0.000000
vn 0.787185 -0.616717 0.000000
vn 0.787185 -0.616717 0.000000
vn -0.787179 0.616724 0.000000
vn -0.787179 0.616724 0.000000
vn -0.787179 0.616724 0.000000
vn -0.787179 0.616724 0.000000
vn 0.801858 -0.597515 0.000000
vn 0.801858 -0.597515 0.000000
vn 0.801858 -0.597515 0.000000
vn 0.801858 -0.597515 0.000000
vn -0.801860 0.597512 0.000000
vn -0.801860 0.597512 0.000000
vn -0.801860 0.597512 0.000000
vn -0.801860 0.597512 0.000000
vn 0.816060 -0.577967 0.000000
vn 0.816060 -0.577967 0.000000
vn 0.816060 -0.577967 0.000000
vn 0.816060 -0.577967 0.000000
vn -0.816057 0.577971 0.000000
vn -0.816057 0.577971 0.000000
vn -0.816057 0.577971 0.000000
vn -0.816058 0.577971 0.000000
vn 0.829784 -0.558084 0.000000
vn 0.829784 -0.558084 0.000000
vn 0.829784 -0.558084 0.000000
vn 0.829784 -0.558084 0.000000
vn -0.829785 0.558083 0.000000
vn -0.829785 0.558083 0.000000
vn -0.829785 0.558083 0.000000
vn -0.829785 0.558083 0.000000
vn 0.843033 -0.537862 0.000000
vn 0.843033 -0.537862 0.000000
vn 0.843033 -0.537862 0.000000
vn 0.843033 -0.537862 0.000000
vn -0.843034 0.537860 0.000000
vn -0.843034 0.537861 0.000000
vn -0.843034 0.537860 0.000000
vn -0.843034 0.537860 0.000000
vn 0.855780 -0.517339 0.000000
vn 0.855780 -0.517339 0.000000
vn 0.855780 -0.517339 0.000000
vn 0.855780 -0.517339 0.000000
vn -0.855782 0.517337 0.000000
vn -0.855782 0.517337 0.000000
vn -0.855782 0.517337 0.000000
vn -0.855782 0.517337 0.000000
vn 0.868031 -0.496509 0.000000
vn 0.868031 -0.496509 0.000000
vn 0.868031 -0.496509 0.000000
vn 0.868031 -0.496509 0.000000
vn -0.868027 0.496517 0.000000
vn -0.868027 0.496517 0.000000
vn -0.868027 0.496517 0.000000
vn -0.868027 0.496517 0.000000
vn 0.879778 -0.475385 0.000000
vn 0.879778 -0.475385 0.000000
vn 0.879778 -0.475385 0.000000
vn 0.879778 -0.475385 0.000000
vn -0.879777 0.475387 0.000000
vn -0.879777 0.475387 0.000000
vn -0.879777 0.475387 0.000000
vn -0.879777 0.475387 0.000000
vn 0.891003 -0.453998 0.000000
vn 0.891003 -0.453998 0.000000
vn 0.891003 -0.453998 0.000000
vn 0.891003 -0.453998 0.000000
vn -0.891011 0.453981 0.000000
vn -0.891011 0.453981 0.000000
vn -0.891011 0.453981 0.000000
vn -0.891011 0.453981 0.000000
vn 0.901720 -0.432320 0.000000
vn 0.901720 -0.432320 0.000000
vn 0.901720 -0.432320 0.000000
vn 0.901720 -0.432320 0.000000
vn -0.901716 0.432329 0.000000
vn -0.901716 0.432329 0.000000
vn -0.901716 0.432329 0.000000
vn -0.901716 0.432329 0.000000
vn 0.911898 -0.410416 0.000000
vn 0.911898 -0.410416 0.000000
vn 0.911898 -0.410416 0.000000
vn 0.911898 -0.410416 0.000000
vn -0.911901 0.410411 0.000000
vn -0.911901 0.410411 0.000000
vn -0.911901 0.410411 0.000000
vn -0.911901 0.410411 0.000000
vn 0.921552 -0.388255 0.000000
vn 0.921552 -0.388255 0.000000
vn 0.921552 -0.388255 0.000000
vn 0.921552 -0.388255 0.000000
vn -0.921547 0.388266 0.000000
vn -0.921547 0.388266 0.000000
vn -0.921547 0.388266 0.000000
vn -0.921547 0.388266 0.000000
vn 0.930661 -0.365882 0.000000
vn 0.930661 -0.365882 0.000000
vn 0.930661 -0.365882 0.000000
vn 0.930661 -0.365882 0.000000
vn -0.930664 0.365874 0.000000
vn -0.930664 0.365874 0.000000
vn -0.930664 0.365874 0.000000
vn -0.930664 0.365874 0.000000
vn 0.939234 -0.343277 0.000000
vn 0.939234 -0.343277 0.000000
vn 0.939234 -0.343277 0.000000
vn 0.939234 -0.343277 0.000000
vn -0.939233 0.343279 0.000000
vn -0.939233 0.343279 0.000000
vn -0.939233 0.343279 0.000000
vn -0.939233 0.343279 0.000000
vn 0.947253 -0.320487 0.000000
vn 0.947253 -0.320487 0.000000
vn 0.947253 -0.320487 0.000000
vn 0.947253 -0.320487 0.000000
vn -0.947252 0.320490 0.000000
vn -0.947252 0.320490 0.000000
vn -0.947252 0.320490 0.000000
vn -0.947252 0.320490 0.000000
vn 0.954722 -0.297499 0.000000
vn 0.954722 -0.297499 0.000000
vn 0.954722 -0.297499 0.000000
vn 0.954722 -0.297499 0.000000
vn -0.954721 0.297502 0.000000
vn -0.954721 0.297502 0.000000
vn -0.954721 0.297502 0.000000
vn -0.954721 0.297502 0.000000
vn 0.961630 -0.274351 0.000000
vn 0.961630 -0.274351 0.000000
vn 0.961630 -0.274351 0.000000
vn 0.961630 -0.274351 0.000000
vn -0.961628 0.274355 0.000000
vn -0.961628 0.274355 0.000000
vn -0.961628 0.274355 0.000000
vn -0.961628 0.274355 0.000000
vn 0.967979 -0.251030 0.000000
vn 0.967979 -0.251030 0.000000
vn 0.967979 -0.251030 0.000000
vn 0.967979 -0.251030 0.000000
vn -0.967984 0.251014 0.000000
vn -0.967984 0.251014 0.000000
vn -0.967984 0.251014 0.000000
vn -0.967984 0.251014 0.000000
vn 0.973764 -0.227561 0.000000
vn 0.973764 -0.227561 0.000000
vn 0.973764 -0.227561 0.000000
vn 0.973764 -0.227561 0.000000
vn -0.973761 0.227571 0.000000
vn -0.973762 0.227571 0.000000
vn -0.973761 0.227571 0.000000
vn -0.973761 0.227571 0.000000
vn 0.978975 -0.203981 0.000000
vn 0.978975 -0.203981 0.000000
vn 0.978975 -0.203981 0.000000
vn 0.978975 -0.203981 0.000000
vn -0.978977 0.203970 0.000000
vn -0.978977 0.203970 0.000000
vn -0.978977 0.203970 0.000000
vn -0.978977 0.203970 0.000000
vn 0.983620 -0.180253 0.000000
vn 0.983620 -0.180253 0.000000
vn 0.983620 -0.180253 0.000000
vn 0.983620 -0.180253 0.000000
vn -0.983620 0.180254 0.000000
vn -0.983620 0.180254 0.000000
vn -0.983620 0.180254 0.000000
vn -0.983620 0.180254 0.000000
vn 0.987690 -0.156427 0.000000
vn 0.987690 -0.156427 0.000000
vn 0.987690 -0.156427 0.000000
vn 0.987690 -0.156427 0.000000
vn -0.987688 0.156437 0.000000
vn -0.987688 0.156437 0.000000
vn -0.987688 0.156437 0.000000
vn -0.987688 0.156437 0.000000
vn 0.991180 -0.132526 0.000000
vn 0.991180 -0.132526 0.000000
vn 0.991180 -0.132526 0.000000
vn 0.991180 -0.132526 0.000000
vn -0.991180 0.132521 0.000000
vn -0.991180 0.132521 0.000000
vn -0.991180 0.132521 0.000000
vn -0.991180 0.132521 0.000000
vn 0.994092 -0.108539 0.000000
vn 0.994092 -0.108539 0.000000
vn 0.994092 -0.108539 0.000000
vn 0.994092 -0.108539 0.000000
vn -0.994091 0.108546 0.000000
vn -0.994091 0.108546 0.000000
vn -0.994091 0.108546 0.000000
vn -0.994091 0.108546 0.000000
vn 0.996425 -0.084478 0.000000
vn 0.996425 -0.084478 0.000000
vn 0.996425 -0.084478 0.000000
vn 0.996425 -0.084478 0.000000
vn -0.996426 0.084473 0.000000
vn -0.996426 0.084473 0.000000
vn -0.996426 0.084473 0.000000
vn -0.996426 0.084473 0.000000
vn 0.998176 -0.060380 0.000000
vn 0.998175 -0.060380 0.000000
vn 0.998176 -0.060380 0.000000
vn 0.998175 -0.060380 0.000000
vn -0.998175 0.060380 0.000000
vn -0.998175 0.060380 0.000000
vn -0.998175 0.060380 0.000000
vn -0.998175 0.060380 0.000000
vn 0.999343 -0.036233 0.000000
vn 0.999343 -0.036233 0.000000
vn 0.999343 -0.036233 0.000000
vn 0.999343 -0.036233 0.000000
vn -0.999343 0.036248 0.000000
vn -0.999343 0.036248 0.000000
vn -0.999343 0.036248 0.000000
vn -0.999343 0.036248 0.000000
vn 0.999927 -0.012086 0.000000
vn 0.999927 -0.012086 0.000000
vn 0.999927 -0.012086 0.000000
vn 0.999927 -0.012086 0.000000
vn -0.999927 0.012076 0.000000
vn -0.999927 0.012076 0.000000
vn -0.999927 0.012076 0.000000
vn -0.999927 0.012076 0.000000
vn 1.000000 0.000000 0.000000
vn 1.000000 0.000000 0.000000
vn 1.000000 0.000000 0.000000
vn 1.000000 0.000000 0.000000
vn -1.000000 0.000000 0.000000
vn -1.000000 0.000000 0.000000
vn -1.000000 0.000000 0.000000
vn -1.000000 0.000000 0.000000
vn 1.000000 0.000000 0.000000
vn 1.000000 0.000000 0.000000
vn 1.000000 0.000000 0.000000
vn 1.000000 0.000000 0.000000
vn -1.000000 0.000000 0.000000
vn -1.000000 0.000000 0.000000
vn -1.000000 0.000000 0.000000
vn -1.000000 0.000000 0.000000
vn 1.000000 0.000000 0.000000
vn 1.000000 0.000000 0.000000
vn 1.000000 0.000000 0.000000
vn 1.000000 0.000000 0.000000
vn -1.000000 0.000000 0.000000
vn -1.000000 0.000000 0.000000
vn -1.000000 0.000000 0.000000
vn -1.000000 0.000000 0.000000
vn 1.000000 0.000000 0.000000
vn 1.000000 0.000000 0.000000
vn 1.000000 0.000000 0.000000
vn 1.000000 0.000000 0.000000
vn -1.000000 0.000000 0.000000
vn -1.000000 0.000000 0.000000
vn -1.000000 0.000000 0.000000
vn -1.000000 0.000000 0.000000
vn 1.000000 0.000000 0.000000
vn 1.000000 0.000000 0.000000
vn 1.000000 0.000000 0.000000
vn 1.000000 0.000000 0.000000
vn -1.000000 0.000000 0.000000
vn -1.000000 0.000000 0.000000
vn -1.000000 0.000000 0.000000
vn -1.000000 0.000000 0.000000
vn 1.000000 0.000000 0.000000
vn 1.000000 0.000000 0.000000
vn 1.000000 0.000000 0.000000
vn 1.000000 0.000000 0.000000
vn -1.000000 0.000000 0.000000
vn -1.000000 0.000000 0.000000
vn -1.000000 0.000000 0.000000
vn -1.000000 0.000000 0.000000
vn 1.000000 0.000000 0.000000
vn 1.000000 0.000000 0.000000
vn 1.000000 0.000000 0.000000
vn 1.000000 0.000000 0.000000
vn -1.000000 0.000000 0.000000
vn -1.000000 0.000000 0.000000
vn -1.000000 0.000000 0.000000
vn -1.000000 0.000000 0.000000
vn 1.000000 0.000000 0.000000
vn 1.000000 0.000000 0.000000
vn 1.000000 0.000000 0.000000
vn 1.000000 0.000000 0.000000
vn -1.000000 0.000000 0.000000
vn -1.000000 0.000000 0.000000
vn -1.000000 0.000000 0.000000
vn -1.000000 0.000000 0.000000
vn 1.000000 0.000000 0.000000
vn 1.000000 0.000000 0.000000
vn 1.000000 0.000000 0.000000
vn 1.000000 0.000000 0.000000
vn -1.000000 0.000000 0.000000
vn -1.000000 0.000000 0.000000
vn -1.000000 0.000000 0.000000
vn -1.000000 0.000000 0.000000
vn 1.000000 0.000000 0.000000
vn 1.000000 0.000000 0.000000
vn 1.000000 0.000000 0.000000
vn 1.000000 0.000000 0.000000
vn -1.000000 0.000000 0.000000
vn -1.000000 0.000000 0.000000
vn -1.000000 0.000000 0.000000
vn -1.000000 0.000000 0.000000
vn 1.000000 0.000000 0.000000
vn 1.000000 0.000000 0.000000
vn 1.000000 0.000000 0.000000
vn 1.000000 0.000000 0.000000
vn -1.000000 0.000000 0.000000
vn -1.000000 0.000000 0.000000
vn -1.000000 0.000000 0.000000
vn -1.000000 0.000000 0.000000
vn 1.000000 0.000000 0.000000
vn 1.000000 0.000000 0.000000
vn 1.000000 0.000000 0.000000
vn 1.000000 0.000000 0.000000
vn -1.000000 0.000000 0.000000
vn -1.000000 0.000000 0.000000
vn -1.000000 0.000000 0.000000
vn -1.000000 0.000000 0.000000
vn 1.000000 0.000000 0.000000
vn 1.000000 0.000000 0.000000
vn 1.000000 0.000000 0.000000
vn 1.000000 0.000000 0.000000
vn -1.000000 0.000000 0.000000
vn -1.000000 0.000000 0.000000
vn -1.000000 0.000000 0.000000
vn -1.000000 0.000000 0.000000
vn 1.000000 0.000000 0.000000
vn 1.000000 0.000000 0.000000
vn 1.000000 0.000000 0.000000
vn 1.000000 0.000000 0.000000
vn -1.000000 0.000000 0.000000
vn -1.000000 0.000000 0.000000
vn -1.000000 0.000000 0.000000
vn -1.000000 0.000000 0.000000
vn 1.000000 0.000000 0.000000
vn 1.000000 0.000000 0.000000
vn 1.000000 0.000000 0.000000
vn 1.000000 0.000000 0.000000
vn -1.000000 0.000000 0.000000
vn -1.000000 0.000000 0.000000
vn -1.000000 0.000000 0.000000
vn -1.000000 0.000000 0.000000
vn 1.000000 0.000000 0.000000
vn 1.000000 0.000000 0.000000
vn 1.000000 0.000000 0.000000
vn 1.000000 0.000000 0.000000
vn -1.000000 0.000000 0.000000
vn -1.000000 0.000000 0.000000
vn -1.000000 0.000000 0.000000
vn -1.000000 0.000000 0.000000
vn 1.000000 0.000000 0.000000
vn 1.000000 0.000000 0.000000
vn 1.000000 0.000000 0.000000
vn 1.000000 0.000000 0.000000
vn -1.000000 0.000000 0.000000
vn -1.000000 0.000000 0.000000
vn -1.000000 0.000000 0.000000
vn -1.000000 0.000000 0.000000
vn 1.000000 0.000000 0.000000
vn 1.000000 0.000000 0.000000
vn 1.000000 0.000000 0.000000
vn 1.000000 0.000000 0.000000
vn -1.000000 0.000000 0.000000
vn -1.000000 0.000000 0.000000
vn -1.000000 0.000000 0.000000
vn -1.000000 0.000000 0.000000
vn 1.000000 0.000000 0.000000
vn 1.000000 0.000000 0.000000
vn 1.000000 0.000000 0.000000
vn 1.000000 0.000000 0.000000
vn -1.000000 0.000000 0.000000
vn -1.000000 0.000000 0.000000
vn -1.000000 0.000000 0.000000
vn -1.000000 0.000000 0.000000
vn 1.000000 0.000000 0.000000
vn 1.000000 0.000000 0.000000
vn 1.000000 0.000000 0.000000
vn 1.000000 0.000000 0.000000
vn -1.000000 0.000000 0.000000
vn -1.000000 0.000000 0.000000
vn -1.000000 0.000000 0.000000
vn -1.000000 0.000000 0.000000
vn 1.000000 0.000000 0.000000
vn 1.000000 0.000000 0.000000
vn 1.000000 0.000000 0.000000
vn 1.000000 0.000000 0.000000
vn -1.000000 0.000000 0.000000
vn -1.000000 0.000000 0.000000
vn -1.000000 0.000000 0.000000
vn -1.000000 0.000000 0.000000
vn 1.000000 0.000000 0.000000
vn 1.000000 0.000000 0.000000
vn 1.000000 0.000000 0.000000
vn 1.000000 0.000000 0.000000
vn -1.000000 0.000000 0.000000
vn -1.000000 0.000000 0.000000
vn -1.000000 0.000000 0.000000
vn -1.000000 0.000000 0.000000
vn 1.000000 0.000000 0.000000
vn 1.000000 0.000000 0.000000
vn 1.000000 0.000000 0.000000
vn 1.000000 0.000000 0.000000
vn -1.000000 0.000000 0.000000
vn -1.000000 0.000000 0.000000
vn -1.000000 0.000000 0.000000
vn -1.000000 0.000000 0.000000
vn 1.000000 0.000000 0.000000
vn 1.000000 0.000000 0.000000
vn 1.000000 0.000000 0.000000
vn 1.000000 0.000000 0.000000
vn -1.000000 0.000000 0.000000
vn -1.000000 0.000000 0.000000
vn -1.000000 0.000000 0.000000
vn -1.000000 0.000000 0.000000
vn 1.000000 0.000000 0.000000
vn 1.000000 0.000000 0.000000
vn 1.000000 0.000000 0.000000
vn 1.000000 0.000000 0.000000
vn -1.000000 0.000000 0.000000
vn -1.000000 0.000000 0.000000
vn -1.000000 0.000000 0.000000
vn -1.000000 0.000000 0.000000
vn 1.000000 0.000000 0.000000
vn 1.000000 0.000000 0.000000
vn 1.000000 0.000000 0.000000
vn 1.000000 0.000000 0.000000
vn -1.000000 0.000000 0.000000
vn -1.000000 0.000000 0.000000
vn -1.000000 0.000000 0.000000
vn -1.000000 0.000000 0.000000
vn 1.000000 0.000000 0.000000
vn 1.000000 0.000000 0.000000
vn 1.000000 0.000000 0.000000
vn 1.000000 0.000000 0.000000
vn -1.000000 0.000000 0.000000
vn -1.000000 0.000000 0.000000
vn -1.000000 0.000000 0.000000
vn -1.000000 0.000000 0.000000
vn 1.000000 0.000000 0.000000
vn 1.000000 0.000000 0.000000
vn 1.000000 0.000000 0.000000
vn 1.000000 0.000000 0.000000
vn -1.000000 0.000000 0.000000
vn -1.000000 0.000000 0.000000
vn -1.000000 0.000000 0.000000
vn -1.000000 0.000000 0.000000
vn 1.000000 0.000000 0.000000
vn 1.000000 0.000000 0.000000
vn 1.000000 0.000000 0.000000
vn 1.000000 0.000000 0.000000
vn -1.000000 0.000000 0.000000
vn -1.000000 0.000000 0.000000
vn -1.000000 0.000000 0.000000
vn -1.000000 0.000000 0.000000
vn 1.000000 0.000000 0.000000
vn 1.000000 0.000000 0.000000
vn 1.000000 0.000000 0.000000
vn 1.000000 0.000000 0.000000
vn -1.000000 0.000000 0.000000
vn -1.000000 0.000000 0.000000
vn -1.000000 0.000000 0.000000
vn -1.000000 0.000000 0.000000
vn 1.000000 0.000000 0.000000
vn 1.000000 0.000000 0.000000
vn 1.000000 0.000000 0.000000
vn 1.000000 0.000000 0.000000
vn -1.000000 0.000000 0.000000
vn -1.000000 0.000000 0.000000
vn -1.000000 0.000000 0.000000
vn -1.000000 0.000000 0.000000
vn 1.000000 0.000000 0.000000
vn 1.000000 0.000000 0.000000
vn 1.000000 0.000000 0.000000
vn 1.000000 0.000000 0.000000
vn -1.000000 0.000000 0.000000
vn -1.000000 0.000000 0.000000
vn -1.000000 0.000000 0.000000
vn -1.000000 0.000000 0.000000
vn 1.000000 0.000000 0.000000
vn 1.000000 0.000000 0.000000
vn 1.000000 0.000000 0.000000
vn 1.000000 0.000000 0.000000
vn -1.000000 0.000000 0.000000
vn -1.000000 0.000000 0.000000
vn -1.000000 0.000000 0.000000
vn -1.000000 0.000000 0.000000
vn 1.000000 0.000000 0.000000
vn 1.000000 0.000000 0.000000
vn 1.000000 0.000000 0.000000
vn 1.000000 0.000000 0.000000
vn -1.000000 0.000000 0.000000
vn -1.000000 0.000000 0.000000
vn -1.000000 0.000000 0.000000
vn -1.000000 0.000000 0.000000
vn 1.000000 0.000000 0.000000
vn 1.000000 0.000000 0.000000
vn 1.000000 0.000000 0.000000
vn 1.000000 0.000000 0.000000
vn -1.000000 0.000000 0.000000
vn -1.000000 0.000000 0.000000
vn -1.000000 0.000000 0.000000
vn -1.000000 0.000000 0.000000
vn 1.000000 0.000000 0.000000
vn 1.000000 0.000000 0.000000
vn 1.000000 0.000000 0.000000
vn 1.000000 0.000000 0.000000
vn -1.000000 0.000000 0.000000
vn -1.000000 0.000000 0.000000
vn -1.000000 0.000000 0.000000
vn -1.000000 0.000000 0.000000
vn 1.000000 0.000000 0.000000
vn 1.000000 0.000000 0.000000
vn 1.000000 0.000000 0.000000
vn 1.000000 0.000000 0.000000
vn -1.000000 0.000000 0.000000
vn -1.000000 0.000000 0.000000
vn -1.000000 0.000000 0.000000
vn -1.000000 0.000000 0.000000
vn 1.000000 0.000000 0.000000
vn 1.000000 0.000000 0.000000
vn 1.000000 0.000000 0.000000
vn 1.000000 0.000000 0.000000
vn -1.000000 0.000000 0.000000
vn -1.000000 0.000000 0.000000
vn -1.000000 0.000000 0.000000
vn -1.000000 0.000000 0.000000
vn 1.000000 0.000000 0.000000
vn 1.000000 0.000000 0.000000
vn 1.000000 0.000000 0.000000
vn 1.000000 0.000000 0.000000
vn -1.000000 0.000000 0.000000
vn -1.000000 0.000000 0.000000
vn -1.000000 0.000000 0.000000
vn -1.000000 0.000000 0.000000
vn 1.000000 0.000000 0.000000
vn 1.000000 0.000000 0.000000
vn 1.000000 0.000000 0.000000
vn 1.000000 0.000000 0.000000
vn -1.000000 0.000000 0.000000
vn -1.000000 0.000000 0.000000
vn -1.000000 0.000000 0.000000
vn -1.000000 0.000000 0.000000
vn 1.000000 0.000000 0.000000
vn 1.000000 0.000000 0.000000
vn 1.000000 0.000000 0.000000
vn 1.000000 0.000000 0.000000
vn -1.000000 0.000000 0.000000
vn -1.000000 0.000000 0.000000
vn -1.000000 0.000000 0.000000
vn -1.000000 0.000000 0.000000
vn 1.000000 0.000000 0.000000
vn 1.000000 0.000000 0.000000
vn 1.000000 0.000000 0.000000
vn 1.000000 0.000000 0.000000
vn -1.000000 0.000000 0.000000
vn -1.000000 0.000000 0.000000
vn -1.000000 0.000000 0.000000
vn -1.000000 0.000000 0.000000
vn 1.000000 0.000000 0.000000
vn 1.000000 0.000000 0.000000
vn 1.000000 0.000000 0.000000
vn 1.000000 0.000000 0.000000
vn -1.000000 0.000000 0.000000
vn -1.000000 0.000000 0.000000
vn -1.000000 0.000000 0.000000
vn -1.000000 0.000000 0.000000
vn 1.000000 0.000000 0.000000
vn 1.000000 0.000000 0.000000
vn 1.000000 0.000000 0.000000
vn 1.000000 0.000000 0.000000
vn -1.000000 0.000000 0.000000
vn -1.000000 0.000000 0.000000
vn -1.000000 0.000000 0.000000
vn -1.000000 0.000000 0.000000
vn 1.000000 0.000000 0.000000
vn 1.000000 0.000000 0.000000
vn 1.000000 0.000000 0.000000
vn 1.000000 0.000000 0.000000
vn -1.000000 0.000000 0.000000
vn -1.000000 0.000000 0.000000
vn -1.000000 0.000000 0.000000
vn -1.000000 0.000000 0.000000
vn 1.000000 0.000000 0.000000
vn 1.000000 0.000000 0.000000
vn 1.000000 0.000000 0.000000
vn 1.000000 0.000000 0.000000
vn -1.000000 0.000000 0.000000
vn -1.000000 0.000000 0.000000
vn -1.000000 0.000000 0.000000
vn -1.000000 0.000000 0.000000
vn 1.000000 0.000000 0.000000
vn 1.000000 0.000000 0.000000
vn 1.000000 0.000000 0.000000
vn 1.000000 0.000000 0.000000
vn -1.000000 0.000000 0.000000
vn -1.000000 0.000000 0.000000
vn -1.000000 0.000000 0.000000
vn -1.000000 0.000000 0.000000
vn 1.000000 0.000000 0.000000
vn 1.000000 0.000000 0.000000
vn 1.000000 0.000000 0.000000
vn 1.000000 0.000000 0.000000
vn -1.000000 0.000000 0.000000
vn -1.000000 0.000000 0.000000
vn -1.000000 0.000000 0.000000
vn -1.000000 0.000000 0.000000
vn 1.000000 0.000000 0.000000
vn 1.000000 0.000000 0.000000
vn 1.000000 0.000000 0.000000
vn 1.000000 0.000000 0.000000
vn -1.000000 0.000000 0.000000
vn -1.000000 0.000000 0.000000
vn -1.000000 0.000000 0.000000
vn -1.000000 0.000000 0.000000
vn 1.000000 0.000000 0.000000
vn 1.000000 0.000000 0.000000
vn 1.000000 0.000000 0.000000
vn 1.000000 0.000000 0.000000
vn -1.000000 0.000000 0.000000
vn -1.000000 0.000000 0.000000
vn -1.000000 0.000000 0.000000
vn -1.000000 0.000000 0.000000
vn 1.000000 0.000000 0.000000
vn 1.000000 0.000000 0.000000
vn 1.000000 0.000000 0.000000
vn 1.000000 0.000000 0.000000
vn -1.000000 0.000000 0.000000
vn -1.000000 0.000000 0.000000
vn -1.000000 0.000000 0.000000
vn -1.000000 0.000000 0.000000
vn 1.000000 0.000000 0.000000
vn 1.000000 0.000000 0.000000
vn 1.000000 0.000000 0.000000
vn 1.000000 0.000000 0.000000
vn -1.000000 0.000000 0.000000
vn -1.000000 0.000000 0.000000
vn -1.000000 0.000000 0.000000
vn -1.000000 0.000000 0.000000
vn 1.000000 0.000000 0.000000
vn 1.000000 0.000000 0.000000
vn 1.000000 0.000000 0.000000
vn 1.000000 0.000000 0.000000
vn -1.000000 0.000000 0.000000
vn -1.000000 0.000000 0.000000
vn -1.000000 0.000000 0.000000
vn -1.000000 0.000000 0.000000
vn 1.000000 0.000000 0.000000
vn 1.000000 0.000000 0.000000
vn 1.000000 0.000000 0.000000
vn 1.000000 0.000000 0.000000
vn -1.000000 0.000000 0.000000
vn -1.000000 0.000000 0.000000
vn -1.000000 0.000000 0.000000
vn -1.000000 0.000000 0.000000
vn 1.000000 0.000000 0.000000
vn 1.000000 0.000000 0.000000
vn 1.000000 0.000000 0.000000
vn 1.000000 0.000000 0.000000
vn -1.000000 0.000000 0.000000
vn -1.000000 0.000000 0.000000
vn -1.000000 0.000000 0.000000
vn -1.000000 0.000000 0.000000
vn 1.000000 0.000000 0.000000
vn 1.000000 0.000000 0.000000
vn 1.000000 0.000000 0.000000
vn 1.000000 0.000000 0.000000
vn -1.000000 0.000000 0.000000
vn -1.000000 0.000000 0.000000
vn -1.000000 0.000000 0.000000
vn -1.000000 0.000000 0.000000
vn 1.000000 0.000000 0.000000
vn 1.000000 0.000000 0.000000
vn 1.000000 0.000000 0.000000
vn 1.000000 0.000000 0.000000
vn -1.000000 0.000000 0.000000
vn -1.000000 0.000000 0.000000
vn -1.000000 0.000000 0.000000
vn -1.000000 0.000000 0.000000
vn 1.000000 0.000000 0.000000
vn 1.000000 0.000000 0.000000
vn 1.000000 0.000000 0.000000
vn 1.000000 0.000000 0.000000
vn -1.000000 0.000000 0.000000
vn -1.000000 0.000000 0.000000
vn -1.000000 0.000000 0.000000
vn -1.000000 0.000000 0.000000
vn 1.000000 0.000000 0.000000
vn 1.000000 0.000000 0.000000
vn 1.000000 0.000000 0.000000
vn 1.000000 0.000000 0.000000
vn -1.000000 0.000000 0.000000
vn -1.000000 0.000000 0.000000
vn -1.000000 0.000000 0.000000
vn -1.000000 0.000000 0.000000
vn 1.000000 0.000000 0.000000
vn 1.000000 0.000000 0.000000
vn 1.000000 0.000000 0.000000
vn 1.000000 0.000000 0.000000
vn -1.000000 0.000000 0.000000
vn -1.000000 0.000000 0.000000
vn -1.000000 0.000000 0.000000
vn -1.000000 0.000000 0.000000
vn 1.000000 0.000000 0.000000
vn 1.000000 0.000000 0.000000
vn 1.000000 0.000000 0.000000
vn 1.000000 0.000000 0.000000
vn -1.000000 0.000000 0.000000
vn -1.000000 0.000000 0.000000
vn -1.000000 0.000000 0.000000
vn -1.000000 0.000000 0.000000
vn 1.000000 0.000000 0.000000
vn 1.000000 0.000000 0.000000
vn 1.000000 0.000000 0.000000
vn 1.000000 0.000000 0.000000
vn -1.000000 0.000000 0.000000
vn -1.000000 0.000000 0.000000
vn -1.000000 0.000000 0.000000
vn -1.000000 0.000000 0.000000
vn 1.000000 0.000000 0.000000
vn 1.000000 0.000000 0.000000
vn 1.000000 0.000000 0.000000
vn 1.000000 0.000000 0.000000
vn -1.000000 0.000000 0.000000
vn -1.000000 0.000000 0.000000
vn -1.000000 0.000000 0.000000
vn -1.000000 0.000000 0.000000
vn 1.000000 0.000000 0.000000
vn 1.000000 0.000000 0.000000
vn 1.000000 0.000000 0.000000
vn 1.000000 0.000000 0.000000
vn -1.000000 0.000000 0.000000
vn -1.000000 0.000000 0.000000
vn -1.000000 0.000000 0.000000
vn -1.000000 0.000000 0.000000
vn 1.000000 0.000000 0.000000
vn 1.000000 0.000000 0.000000
vn 1.000000 0.000000 0.000000
vn 1.000000 0.000000 0.000000
vn -1.000000 0.000000 0.000000
vn -1.000000 0.000000 0.000000
vn -1.000000 0.000000 0.000000
vn -1.000000 0.000000 0.000000
vn 1.000000 0.000000 0.000000
vn 1.000000 0.000000 0.000000
vn 1.000000 0.000000 0.000000
vn 1.000000 0.000000 0.000000
vn -1.000000 0.000000 0.000000
vn -1.000000 0.000000 0.000000
vn -1.000000 0.000000 0.000000
vn -1.000000 0.000000 0.000000
vn 1.000000 0.000000 0.000000
vn 1.000000 0.000000 0.000000
vn 1.000000 0.000000 0.000000
vn 1.000000 0.000000 0.000000
vn -1.000000 0.000000 0.000000
vn -1.000000 0.000000 0.000000
vn -1.000000 0.000000 0.000000
vn -1.000000 0.000000 0.000000
vn 1.000000 0.000000 0.000000
vn 1.000000 0.000000 0.000000
vn 1.000000 0.000000 0.000000
vn 1.000000 0.000000 0.000000
vn -1.000000 0.000000 0.000000
vn -1.000000 0.000000 0.000000
vn -1.000000 0.000000 0.000000
vn -1.000000 0.000000 0.000000
vn 1.000000 0.000000 0.000000
vn 1.000000 0.000000 0.000000
vn 1.000000 0.000000 0.000000
vn 1.000000 0.000000 0.000000
vn -1.000000 0.000000 0.000000
vn -1.000000 0.000000 0.000000
vn -1.000000 0.000000 0.000000
vn -1.000000 0.000000 0.000000
vn 1.000000 0.000000 0.000000
vn 1.000000 0.000000 0.000000
vn 1.000000 0.000000 0.000000
vn 1.000000 0.000000 0.000000
vn -1.000000 0.000000 0.000000
vn -1.000000 0.000000 0.000000
vn -1.000000 0.000000 0.000000
vn -1.000000 0.000000 0.000000
vn 1.000000 0.000000 0.000000
vn 1.000000 0.000000 0.000000
vn 1.000000 0.000000 0.000000
vn 1.000000 0.000000 0.000000
vn -1.000000 0.000000 0.000000
vn -1.000000 0.000000 0.000000
vn -1.000000 0.000000 0.000000
vn -1.000000 0.000000 0.000000
vn 1.000000 0.000000 0.000000
vn 1.000000 0.000000 0.000000
vn 1.000000 0.000000 0.000000
vn 1.000000 0.000000 0.000000
vn -1.000000 0.000000 0.000000
vn -1.000000 0.000000 0.000000
vn -1.000000 0.000000 0.000000
vn -1.000000 0.000000 0.000000
vn 1.000000 0.000000 0.000000
vn 1.000000 0.000000 0.000000
vn 1.000000 0.000000 0.000000
vn 1.000000 0.000000 0.000000
vn -1.000000 0.000000 0.000000
vn -1.000000 0.000000 0.000000
vn -1.000000 0.000000 0.000000
vn -1.000000 0.000000 0.000000
vn 1.000000 0.000000 0.000000
vn 1.000000 0.000000 0.000000
vn 1.000000 0.000000 0.000000
vn 1.000000 0.000000 0.000000
vn -1.000000 0.000000 0.000000
vn -1.000000 0.000000 0.000000
vn -1.000000 0.000000 0.000000
vn -1.000000 0.000000 0.000000
vn 1.000000 0.000000 0.000000
vn 1.000000 0.000000 0.000000
vn 1.000000 0.000000 0.000000
vn 1.000000 0.000000 0.000000
vn -1.000000 0.000000 0.000000
vn -1.000000 0.000000 0.000000
vn -1.000000 0.000000 0.000000
vn -1.000000 0.000000 0.000000
vn 1.000000 0.000000 0.000000
vn 1.000000 0.000000 0.000000
vn 1.000000 0.000000 0.000000
vn 1.000000 0.000000 0.000000
vn -1.000000 0.000000 0.000000
vn -1.000000 0.000000 0.000000
vn -1.000000 0.000000 0.000000
vn -1.000000 0.000000 0.000000
vn 1.000000 0.000000 0.000000
vn 1.000000 0.000000 0.000000
vn 1.000000 0.000000 0.000000
vn 1.000000 0.000000 0.000000
vn -1.000000 0.000000 0.000000
vn -1.000000 0.000000 0.000000
vn -1.000000 0.000000 0.000000
vn -1.000000 0.000000 0.000000
vn 1.000000 0.000000 0.000000
vn 1.000000 0.000000 0.000000
vn 1.000000 0.000000 0.000000
vn 1.000000 0.000000 0.000000
vn -1.000000 0.000000 0.000000
vn -1.000000 0.000000 0.000000
vn -1.000000 0.000000 0.000000
vn -1.000000 0.000000 0.000000
vn 1.000000 0.000000 0.000000
vn 1.000000 0.000000 0.000000
vn 1.000000 0.000000 0.000000
vn 1.000000 0.000000 0.000000
vn -1.000000 0.000000 0.000000
vn -1.000000 0.000000 0.000000
vn -1.000000 0.000000 0.000000
vn -1.000000 0.000000 0.000000
vn 1.000000 0.000000 0.000000
vn 1.000000 0.000000 0.000000
vn 1.000000 0.000000 0.000000
vn 1.000000 0.000000 0.000000
vn -1.000000 0.000000 0.000000
vn -1.000000 0.000000 0.000000
vn -1.000000 0.000000 0.000000
vn -1.000000 0.000000 0.000000
vn 1.000000 0.000000 0.000000
vn 1.000000 0.000000 0.000000
vn 1.000000 0.000000 0.000000
vn 1.000000 0.000000 0.000000
vn -1.000000 0.000000 0.000000
vn -1.000000 0.000000 0.000000
vn -1.000000 0.000000 0.000000
vn -1.000000 0.000000 0.000000
vn 1.000000 0.000000 0.000000
vn 1.000000 0.000000 0.000000
vn 1.000000 0.000000 0.000000
vn 1.000000 0.000000 0.000000
vn -1.000000 0.000000 0.000000
vn -1.000000 0.000000 0.000000
vn -1.000000 0.000000 0.000000
vn -1.000000 0.000000 0.000000
vn 1.000000 0.000000 0.000000
vn 1.000000 0.000000 0.000000
vn 1.000000 0.000000 0.000000
vn 1.000000 0.000000 0.000000
vn -1.000000 0.000000 0.000000
vn -1.000000 0.000000 0.000000
vn -1.000000 0.000000 0.000000
vn -1.000000 0.000000 0.000000
vn 1.000000 0.000000 0.000000
vn 1.000000 0.000000 0.000000
vn 1.000000 0.000000 0.000000
vn 1.000000 0.000000 0.000000
vn -1.000000 0.000000 0.000000
vn -1.000000 0.000000 0.000000
vn -1.000000 0.000000 0.000000
vn -1.000000 0.000000 0.000000
vn 1.000000 0.000000 0.000000
vn 1.000000 0.000000 0.000000
vn 1.000000 0.000000 0.000000
vn 1.000000 0.000000 0.000000
vn -1.000000 0.000000 0.000000
vn -1.000000 0.000000 0.000000
vn -1.000000 0.000000 0.000000
vn -1.000000 0.000000 0.000000
vn 1.000000 0.000000 0.000000
vn 1.000000 0.000000 0.000000
vn 1.000000 0.000000 0.000000
vn 1.000000 0.000000 0.000000
vn -1.000000 0.000000 0.000000
vn -1.000000 0.000000 0.000000
vn -1.000000 0.000000 0.000000
vn -1.000000 0.000000 0.000000
vn 1.000000 0.000000 0.000000
vn 1.000000 0.000000 0.000000
vn 1.000000 0.000000 0.000000
vn 1.000000 0.000000 0.000000
vn -1.000000 0.000000 0.000000
vn -1.000000 0.000000 0.000000
vn -1.000000 0.000000 0.000000
vn -1.000000 0.000000 0.000000
vn 1.000000 0.000000 0.000000
vn 1.000000 0.000000 0.000000
vn 1.000000 0.000000 0.000000
vn 1.000000 0.000000 0.000000
vn -1.000000 0.000000 0.000000
vn -1.000000 0.000000 0.000000
vn -1.000000 0.000000 0.000000
vn -1.000000 0.000000 0.000000
vn 1.000000 0.000000 0.000000
vn 1.000000 0.000000 0.000000
vn 1.000000 0.000000 0.000000
vn 1.000000 0.000000 0.000000
vn -1.000000 0.000000 0.000000
vn -1.000000 0.000000 0.000000
vn -1.000000 0.000000 0.000000
vn -1.000000 0.000000 0.000000
vn 1.000000 0.000000 0.000000
vn 1.000000 0.000000 0.000000
vn 1.000000 0.000000 0.000000
vn 1.000000 0.000000 0.000000
vn -1.000000 0.000000 0.000000
vn -1.000000 0.000000 0.000000
vn -1.000000 0.000000 0.000000
vn -1.000000 0.000000 0.000000
vn 1.000000 0.000000 0.000000
vn 1.000000 0.000000 0.000000
vn 1.000000 0.000000 0.000000
vn 1.000000 0.000000 0.000000
vn -1.000000 0.000000 0.000000
vn -1.000000 0.000000 0.000000
vn -1.000000 0.000000 0.000000
vn -1.000000 0.000000 0.000000
vn 1.000000 0.000000 0.000000
vn 1.000000 0.000000 0.000000
vn 1.000000 0.000000 0.000000
vn 1.000000 0.000000 0.000000
vn -1.000000 0.000000 0.000000
vn -1.000000 0.000000 0.000000
vn -1.000000 0.000000 0.000000
vn -1.000000 0.000000 0.000000
vn 1.000000 0.000000 0.000000
vn 1.000000 0.000000 0.000000
vn 1.000000 0.000000 0.000000
vn 1.000000 0.000000 0.000000
vn -1.000000 0.000000 0.000000
vn -1.000000 0.000000 0.000000
vn -1.000000 0.000000 0.000000
vn -1.000000 0.000000 0.000000
vn 1.000000 0.000000 0.000000
vn 1.000000 0.000000 0.000000
vn 1.000000 0.000000 0.000000
vn 1.000000 0.000000 0.000000
vn -1.000000 0.000000 0.000000
vn -1.000000 0.000000 0.000000
vn -1.000000 0.000000 0.000000
vn -1.000000 0.000000 0.000000
vn 1.000000 0.000000 0.000000
vn 1.000000 0.000000 0.000000
vn 1.000000 0.000000 0.000000
vn 1.000000 0.000000 0.000000
vn -1.000000 0.000000 0.000000
vn -1.000000 0.000000 0.000000
vn -1.000000 0.000000 0.000000
vn -1.000000 0.000000 0.000000
vn 1.000000 0.000000 0.000000
vn 1.000000 0.000000 0.000000
vn 1.000000 0.000000 0.000000
vn 1.000000 0.000000 0.000000
vn -1.000000 0.000000 0.000000
vn -1.000000 0.000000 0.000000
vn -1.000000 0.000000 0.000000
vn -1.000000 0.000000 0.000000
vn 1.000000 0.000000 0.000000
vn 1.000000 0.000000 0.000000
vn 1.000000 0.000000 0.000000
vn 1.000000 0.000000 0.000000
vn -1.000000 0.000000 0.000000
vn -1.000000 0.000000 0.000000
vn -1.000000 0.000000 0.000000
vn -1.000000 0.000000 0.000000
vn 1.000000 0.000000 0.000000
vn 1.000000 0.000000 0.000000
vn 1.000000 0.000000 0.000000
vn 1.000000 0.000000 0.000000
vn -1.000000 0.000000 0.000000
vn -1.000000 0.000000 0.000000
vn -1.000000 0.000000 0.000000
vn -1.000000 0.000000 0.000000
vn 1.000000 0.000000 0.000000
vn 1.000000 0.000000 0.000000
vn 1.000000 0.000000 0.000000
vn 1.000000 0.000000 0.000000
vn -1.000000 0.000000 0.000000
vn -1.000000 0.000000 0.000000
vn -1.000000 0.000000 0.000000
vn -1.000000 0.000000 0.000000
vn 1.000000 0.000000 0.000000
vn 1.000000 0.000000 0.000000
vn 1.000000 0.000000 0.000000
vn 1.000000 0.000000 0.000000
vn -1.000000 0.000000 0.000000
vn -1.000000 0.000000 0.000000
vn -1.000000 0.000000 0.000000
vn -1.000000 0.000000 0.000000
vn 1.000000 0.000000 0.000000
vn 1.000000 0.000000 0.000000
vn 1.000000 0.000000 0.000000
vn 1.000000 0.000000 0.000000
vn -1.000000 0.000000 0.000000
vn -1.000000 0.000000 0.000000
vn -1.000000 0.000000 0.000000
vn -1.000000 0.000000 0.000000
vn 1.000000 0.000000 0.000000
vn 1.000000 0.000000 0.000000
vn 1.000000 0.000000 0.000000
vn 1.000000 0.000000 0.000000
vn -1.000000 0.000000 0.000000
vn -1.000000 0.000000 0.000000
vn -1.000000 0.000000 0.000000
vn -1.000000 0.000000 0.000000
vn 1.000000 0.000000 0.000000
vn 1.000000 0.000000 0.000000
vn 1.000000 0.000000 0.000000
vn 1.000000 0.000000 0.000000
vn -1.000000 0.000000 0.000000
vn -1.000000 0.000000 0.000000
vn -1.000000 0.000000 0.000000
vn -1.000000 0.000000 0.000000
vn 1.000000 0.000000 0.000000
vn 1.000000 0.000000 0.000000
vn 1.000000 0.000000 0.000000
vn 1.000000 0.000000 0.000000
vn -1.000000 0.000000 0.000000
vn -1.000000 0.000000 0.000000
vn -1.000000 0.000000 0.000000
vn -1.000000 0.000000 0.000000
vn 1.000000 0.000000 0.000000
vn 1.000000 0.000000 0.000000
vn 1.000000 0.000000 0.000000
vn 1.000000 0.000000 0.000000
vn -1.000000 0.000000 0.000000
vn -1.000000 0.000000 0.000000
vn -1.000000 0.000000 0.000000
vn -1.000000 0.000000 0.000000
vn 1.000000 0.000000 0.000000
vn 1.000000 0.000000 0.000000
vn 1.000000 0.000000 0.000000
vn 1.000000 0.000000 0.000000
vn -1.000000 0.000000 0.000000
vn -1.000000 0.000000 0.000000
vn -1.000000 0.000000 0.000000
vn -1.000000 0.000000 0.000000
vn 1.000000 0.000000 0.000000
vn 1.000000 0.000000 0.000000
vn 1.000000 0.000000 0.000000
vn 1.000000 0.000000 0.000000
vn -1.000000 0.000000 0.000000
vn -1.000000 0.000000 0.000000
vn -1.000000 0.000000 0.000000
vn -1.000000 0.000000 0.000000
vn 1.000000 0.000000 0.000000
vn 1.000000 0.000000 0.000000
vn 1.000000 0.000000 0.000000
vn 1.000000 0.000000 0.000000
vn -1.000000 0.000000 0.000000
vn -1.000000 0.000000 0.000000
vn -1.000000 0.000000 0.000000
vn -1.000000 0.000000 0.000000
vn 1.000000 0.000000 0.000000
vn 1.000000 0.000000 0.000000
vn 1.000000 0.000000 0.000000
vn 1.000000 0.000000 0.000000
vn -1.000000 0.000000 0.000000
vn -1.000000 0.000000 0.000000
vn -1.000000 0.000000 0.000000
vn -1.000000 0.000000 0.000000
vn 1.000000 0.000000 0.000000
vn 1.000000 0.000000 0.000000
vn 1.000000 0.000000 0.000000
vn 1.000000 0.000000 0.000000
vn -1.000000 0.000000 0.000000
vn -1.000000 0.000000 0.000000
vn -1.000000 0.000000 0.000000
vn -1.000000 0.000000 0.000000
vn 1.000000 0.000000 0.000000
vn 1.000000 0.000000 0.000000
vn 1.000000 0.000000 0.000000
vn 1.000000 0.000000 0.000000
vn -1.000000 0.000000 0.000000
vn -1.000000 0.000000 0.000000
vn -1.000000 0.000000 0.000000
vn -1.000000 0.000000 0.000000
vn 1.000000 0.000000 0.000000
vn 1.000000 0.000000 0.000000
vn 1.000000 0.000000 0.000000
vn 1.000000 0.000000 0.000000
vn -1.000000 0.000000 0.000000
vn -1.000000 0.000000 0.000000
vn -1.000000 0.000000 0.000000
vn -1.000000 0.000000 0.000000
vn 1.000000 0.000000 0.000000
vn 1.000000 0.000000 0.000000
vn 1.000000 0.000000 0.000000
vn 1.000000 0.000000 0.000000
vn -1.000000 0.000000 0.000000
vn -1.000000 0.000000 0.000000
vn -1.000000 0.000000 0.000000
vn -1.000000 0.000000 0.000000
vn 1.000000 0.000000 0.000000
vn 1.000000 0.000000 0.000000
vn 1.000000 0.000000 0.000000
vn 1.000000 0.000000 0.000000
vn -1.000000 0.000000 0.000000
vn -1.000000 0.000000 0.000000
vn -1.000000 0.000000 0.000000
vn -1.000000 0.000000 0.000000
vn 1.000000 0.000000 0.000000
vn 1.000000 0.000000 0.000000
vn 1.000000 0.000000 0.000000
vn 1.000000 0.000000 0.000000
vn -1.000000 0.000000 0.000000
vn -1.000000 0.000000 0.000000
vn -1.000000 0.000000 0.000000
vn -1.000000 0.000000 0.000000
vn 1.000000 0.000000 0.000000
vn 1.000000 0.000000 0.000000
vn 1.000000 0.000000 0.000000
vn 1.000000 0.000000 0.000000
vn -1.000000 0.000000 0.000000
vn -1.000000 0.000000 0.000000
vn -1.000000 0.000000 0.000000
vn -1.000000 0.000000 0.000000
vn 1.000000 0.000000 0.000000
vn 1.000000 0.000000 0.000000
vn 1.000000 0.000000 0.000000
vn 1.000000 0.000000 0.000000
vn -1.000000 0.000000 0.000000
vn -1.000000 0.000000 0.000000
vn -1.000000 0.000000 0.000000
vn -1.000000 0.000000 0.000000
vn 1.000000 0.000000 0.000000
vn 1.000000 0.000000 0.000000
vn 1.000000 0.000000 0.000000
vn 1.000000 0.000000 0.000000
vn -1.000000 0.000000 0.000000
vn -1.000000 0.000000 0.000000
vn -1.000000 0.000000 0.000000
vn -1.000000 0.000000 0.000000
vn 1.000000 0.000000 0.000000
vn 1.000000 0.000000 0.000000
vn 1.000000 0.000000 0.000000
vn 1.000000 0.000000 0.000000
vn -1.000000 0.000000 0.000000
vn -1.000000 0.000000 0.000000
vn -1.000000 0.000000 0.000000
vn -1.000000 0.000000 0.000000
vn 1.000000 0.000000 0.000000
vn 1.000000 0.000000 0.000000
vn 1.000000 0.000000 0.000000
vn 1.000000 0.000000 0.000000
vn -1.000000 0.000000 0.000000
vn -1.000000 0.000000 0.000000
vn -1.000000 0.000000 0.000000
vn -1.000000 0.000000 0.000000
vn 1.000000 0.000000 0.000000
vn 1.000000 0.000000 0.000000
vn 1.000000 0.000000 0.000000
vn 1.000000 0.000000 0.000000
vn -1.000000 0.000000 0.000000
vn -1.000000 0.000000 0.000000
vn -1.000000 0.000000 0.000000
vn -1.000000 0.000000 0.000000
vn 1.000000 0.000000 0.000000
vn 1.000000 0.000000 0.000000
vn 1.000000 0.000000 0.000000
vn 1.000000 0.000000 0.000000
vn -1.000000 0.000000 0.000000
vn -1.000000 0.000000 0.000000
vn -1.000000 0.000000 0.000000
vn -1.000000 0.000000 0.000000
vn 1.000000 0.000000 0.000000
vn 1.000000 0.000000 0.000000
vn 1.000000 0.000000 0.000000
vn 1.000000 0.000000 0.000000
vn -1.000000 0.000000 0.000000
vn -1.000000 0.000000 0.000000
vn -1.000000 0.000000 0.000000
vn -1.000000 0.000000 0.000000
vn 1.000000 0.000000 0.000000
vn 1.000000 0.000000 0.000000
vn 1.000000 0.000000 0.000000
vn 1.000000 0.000000 0.000000
vn -1.000000 0.000000 0.000000
vn -1.000000 0.000000 0.000000
vn -1.000000 0.000000 0.000000
vn -1.000000 0.000000 0.000000
vn 1.000000 0.000000 0.000000
vn 1.000000 0.000000 0.000000
vn 1.000000 0.000000 0.000000
vn 1.000000 0.000000 0.000000
vn -1.000000 0.000000 0.000000
vn -1.000000 0.000000 0.000000
vn -1.000000 0.000000 0.000000
vn -1.000000 0.000000 0.000000
vn 1.000000 0.000000 0.000000
vn 1.000000 0.000000 0.000000
vn 1.000000 0.000000 0.000000
vn 1.000000 0.000000 0.000000
vn -1.000000 0.000000 0.000000
vn -1.000000 0.000000 0.000000
vn -1.000000 0.000000 0.000000
vn -1.000000 0.000000 0.000000
vn 1.000000 0.000000 0.000000
vn 1.000000 0.000000 0.000000
vn 1.000000 0.000000 0.000000
vn 1.000000 0.000000 0.000000
vn -1.000000 0.000000 0.000000
vn -1.000000 0.000000 0.000000
vn -1.000000 0.000000 0.000000
vn -1.000000 0.000000 0.000000
vn 1.000000 0.000000 0.000000
vn 1.000000 0.000000 0.000000
vn 1.000000 0.000000 0.000000
vn 1.000000 0.000000 0.000000
vn -1.000000 0.000000 0.000000
vn -1.000000 0.000000 0.000000
vn -1.000000 0.000000 0.000000
vn -1.000000 0.000000 0.000000
vn 1.000000 0.000000 0.000000
vn 1.000000 0.000000 0.000000
vn 1.000000 0.000000 0.000000
vn 1.000000 0.000000 0.000000
vn -1.000000 0.000000 0.000000
vn -1.000000 0.000000 0.000000
vn -1.000000 0.000000 0.000000
vn -1.000000 0.000000 0.000000
vn 1.000000 0.000000 0.000000
vn 1.000000 0.000000 0.000000
vn 1.000000 0.000000 0.000000
vn 1.000000 0.000000 0.000000
vn -1.000000 0.000000 0.000000
vn -1.000000 0.000000 0.000000
vn -1.000000 0.000000 0.000000
vn -1.000000 0.000000 0.000000
vn 1.000000 0.000000 0.000000
vn 1.000000 0.000000 0.000000
vn 1.000000 0.000000 0.000000
vn 1.000000 0.000000 0.000000
vn -1.000000 0.000000 0.000000
vn -1.000000 0.000000 0.000000
vn -1.000000 0.000000 0.000000
vn -1.000000 0.000000 0.000000
vn 1.000000 0.000000 0.000000
vn 1.000000 0.000000 0.000000
vn 1.000000 0.000000 0.000000
vn 1.000000 0.000000 0.000000
vn -1.000000 0.000000 0.000000
vn -1.000000 0.000000 0.000000
vn -1.000000 0.000000 0.000000
vn -1.000000 0.000000 0.000000
vn 1.000000 0.000000 0.000000
vn 1.000000 0.000000 0.000000
vn 1.000000 0.000000 0.000000
vn 1.000000 0.000000 0.000000
vn -1.000000 0.000000 0.000000
vn -1.000000 0.000000 0.000000
vn -1.000000 0.000000 0.000000
vn -1.000000 0.000000 0.000000
vn 1.000000 0.000000 0.000000
vn 1.000000 0.000000 0.000000
vn 1.000000 0.000000 0.000000
vn 1.000000 0.000000 0.000000
vn -1.000000 0.000000 0.000000
vn -1.000000 0.000000 0.000000
vn -1.000000 0.000000 0.000000
vn -1.000000 0.000000 0.000000
vn 1.000000 0.000000 0.000000
vn 1.000000 0.000000 0.000000
vn 1.000000 0.000000 0.000000
vn 1.000000 0.000000 0.000000
vn -1.000000 0.000000 0.000000
vn -1.000000 0.000000 0.000000
vn -1.000000 0.000000 0.000000
vn -1.000000 0.000000 0.000000
vn 1.000000 0.000000 0.000000
vn 1.000000 0.000000 0.000000
vn 1.000000 0.000000 0.000000
vn 1.000000 0.000000 0.000000
vn -1.000000 0.000000 0.000000
vn -1.000000 0.000000 0.000000
vn -1.000000 0.000000 0.000000
vn -1.000000 0.000000 0.000000
vn 1.000000 0.000000 0.000000
vn 1.000000 0.000000 0.000000
vn 1.000000 0.000000 0.000000
vn 1.000000 0.000000 0.000000
vn -1.000000 0.000000 0.000000
vn -1.000000 0.000000 0.000000
vn -1.000000 0.000000 0.000000
vn -1.000000 0.000000 0.000000
vn 1.000000 0.000000 0.000000
vn 1.000000 0.000000 0.000000
vn 1.000000 0.000000 0.000000
vn 1.000000 0.000000 0.000000
vn -1.000000 0.000000 0.000000
vn -1.000000 0.000000 0.000000
vn -1.000000 0.000000 0.000000
vn -1.000000 0.000000 0.000000
vn 1.000000 0.000000 0.000000
vn 1.000000 0.000000 0.000000
vn 1.000000 0.000000 0.000000
vn 1.000000 0.000000 0.000000
vn -1.000000 0.000000 0.000000
vn -1.000000 0.000000 0.000000
vn -1.000000 0.000000 0.000000
vn -1.000000 0.000000 0.000000
vn 1.000000 0.000000 0.000000
vn 1.000000 0.000000 0.000000
vn 1.000000 0.000000 0.000000
vn 1.000000 0.000000 0.000000
vn -1.000000 0.000000 0.000000
vn -1.000000 0.000000 0.000000
vn -1.000000 0.000000 0.000000
vn -1.000000 0.000000 0.000000
vn 1.000000 0.000000 0.000000
vn 1.000000 0.000000 0.000000
vn 1.000000 0.000000 0.000000
vn 1.000000 0.000000 0.000000
vn -1.000000 0.000000 0.000000
vn -1.000000 0.000000 0.000000
vn -1.000000 0.000000 0.000000
vn -1.000000 0.000000 0.000000
vn 1.000000 0.000000 0.000000
vn 1.000000 0.000000 0.000000
vn 1.000000 0.000000 0.000000
vn 1.000000 0.000000 0.000000
vn -1.000000 0.000000 0.000000
vn -1.000000 0.000000 0.000000
vn -1.000000 0.000000 0.000000
vn -1.000000 0.000000 0.000000
vn 1.000000 0.000000 0.000000
vn 1.000000 0.000000 0.000000
vn 1.000000 0.000000 0.000000
vn 1.000000 0.000000 0.000000
vn -1.000000 0.000000 0.000000
vn -1.000000 0.000000 0.000000
vn -1.000000 0.000000 0.000000
vn -1.000000 0.000000 0.000000
vn 1.000000 0.000000 0.000000
vn 1.000000 0.000000 0.000000
vn 1.000000 0.000000 0.000000
vn 1.000000 0.000000 0.000000
vn -1.000000 0.000000 0.000000
vn -1.000000 0.000000 0.000000
vn -1.000000 0.000000 0.000000
vn -1.000000 0.000000 0.000000
vn 1.000000 0.000000 0.000000
vn 1.000000 0.000000 0.000000
vn 1.000000 0.000000 0.000000
vn 1.000000 0.000000 0.000000
vn -1.000000 0.000000 0.000000
vn -1.000000 0.000000 0.000000
vn -1.000000 0.000000 0.000000
vn -1.000000 0.000000 0.000000
vn 1.000000 0.000000 0.000000
vn 1.000000 0.000000 0.000000
vn 1.000000 0.000000 0.000000
vn 1.000000 0.000000 0.000000
vn -1.000000 0.000000 0.000000
vn -1.000000 0.000000 0.000000
vn -1.000000 0.000000 0.000000
vn -1.000000 0.000000 0.000000
vn 1.000000 0.000000 0.000000
vn 1.000000 0.000000 0.000000
vn 1.000000 0.000000 0.000000
vn 1.000000 0.000000 0.000000
vn -1.000000 0.000000 0.000000
vn -1.000000 0.000000 0.000000
vn -1.000000 0.000000 0.000000
vn -1.000000 0.000000 0.000000
vn 1.000000 0.000000 0.000000
vn 1.000000 0.000000 0.000000
vn 1.000000 0.000000 0.000000
vn 1.000000 0.000000 0.000000
vn -1.000000 0.000000 0.000000
vn -1.000000 0.000000 0.000000
vn -1.000000 0.000000 0.000000
vn -1.000000 0.000000 0.000000
vn 1.000000 0.000000 0.000000
vn 1.000000 0.000000 0.000000
vn 1.000000 0.000000 0.000000
vn 1.000000 0.000000 0.000000
vn -1.000000 0.000000 0.000000
vn -1.000000 0.000000 0.000000
vn -1.000000 0.000000 0.000000
vn -1.000000 0.000000 0.000000
vn 1.000000 0.000000 0.000000
vn 1.000000 0.000000 0.000000
vn 1.000000 0.000000 0.000000
vn 1.000000 0.000000 0.000000
vn -1.000000 0.000000 0.000000
vn -1.000000 0.000000 0.000000
vn -1.000000 0.000000 0.000000
vn -1.000000 0.000000 0.000000
vn 1.000000 0.000000 0.000000
vn 1.000000 0.000000 0.000000
vn 1.000000 0.000000 0.000000
vn 1.000000 0.000000 0.000000
vn -1.000000 0.000000 0.000000
vn -1.000000 0.000000 0.000000
vn -1.000000 0.000000 0.000000
vn -1.000000 0.000000 0.000000
vn 1.000000 0.000000 0.000000
vn 1.000000 0.000000 0.000000
vn 1.000000 0.000000 0.000000
vn 1.000000 0.000000 0.000000
vn -1.000000 0.000000 0.000000
vn -1.000000 0.000000 0.000000
vn -1.000000 0.000000 0.000000
vn -1.000000 0.000000 0.000000
vn 1.000000 0.000000 0.000000
vn 1.000000 0.000000 0.000000
vn 1.000000 0.000000 0.000000
vn 1.000000 0.000000 0.000000
vn -1.000000 0.000000 0.000000
vn -1.000000 0.000000 0.000000
vn -1.000000 0.000000 0.000000
vn -1.000000 0.000000 0.000000
vn 1.000000 0.000000 0.000000
vn 1.000000 0.000000 0.000000
vn 1.000000 0.000000 0.000000
vn 1.000000 0.000000 0.000000
vn -1.000000 0.000000 0.000000
vn -1.000000 0.000000 0.000000
vn -1.000000 0.000000 0.000000
vn -1.000000 0.000000 0.000000
vn 1.000000 0.000000 0.000000
vn 1.000000 0.000000 0.000000
vn 1.000000 0.000000 0.000000
vn 1.000000 0.000000 0.000000
vn -1.000000 0.000000 0.000000
vn -1.000000 0.000000 0.000000
vn -1.000000 0.000000 0.000000
vn -1.000000 0.000000 0.000000
vn 1.000000 0.000000 0.000000
vn 1.000000 0.000000 0.000000
vn 1.000000 0.000000 0.000000
vn 1.000000 0.000000 0.000000
vn -1.000000 0.000000 0.000000
vn -1.000000 0.000000 0.000000
vn -1.000000 0.000000 0.000000
vn -1.000000 0.000000 0.000000
vn 1.000000 0.000000 0.000000
vn 1.000000 0.000000 0.000000
vn 1.000000 0.000000 0.000000
vn 1.000000 0.000000 0.000000
vn -1.000000 0.000000 0.000000
vn -1.000000 0.000000 0.000000
vn -1.000000 0.000000 0.000000
vn -1.000000 0.000000 0.000000
vn 1.000000 0.000000 0.000000
vn 1.000000 0.000000 0.000000
vn 1.000000 0.000000 0.000000
vn 1.000000 0.000000 0.000000
vn -1.000000 0.000000 0.000000
vn -1.000000 0.000000 0.000000
vn -1.000000 0.000000 0.000000
vn -1.000000 0.000000 0.000000
vn 1.000000 0.000000 0.000000
vn 1.000000 0.000000 0.000000
vn 1.000000 0.000000 0.000000
vn 1.000000 0.000000 0.000000
vn -1.000000 0.000000 0.000000
vn -1.000000 0.000000 0.000000
vn -1.000000 0.000000 0.000000
vn -1.000000 0.000000 0.000000
vn 1.000000 0.000000 0.000000
vn 1.000000 0.000000 0.000000
vn 1.000000 0.000000 0.000000
vn 1.000000 0.000000 0.000000
vn -1.000000 0.000000 0.000000
vn -1.000000 0.000000 0.000000
vn -1.000000 0.000000 0.000000
vn -1.000000 0.000000 0.000000
vn 1.000000 0.000000 0.000000
vn 1.000000 0.000000 0.000000
vn 1.000000 0.000000 0.000000
vn 1.000000 0.000000 0.000000
vn -1.000000 0.000000 0.000000
vn -1.000000 0.000000 0.000000
vn -1.000000 0.000000 0.000000
vn -1.000000 0.000000 0.000000
vn 1.000000 0.000000 0.000000
vn 1.000000 0.000000 0.000000
vn 1.000000 0.000000 0.000000
vn 1.000000 0.000000 0.000000
vn -1.000000 0.000000 0.000000
vn -1.000000 0.000000 0.000000
vn -1.000000 0.000000 0.000000
vn -1.000000 0.000000 0.000000
vn 1.000000 0.000000 0.000000
vn 1.000000 0.000000 0.000000
vn 1.000000 0.000000 0.000000
vn 1.000000 0.000000 0.000000
vn -1.000000 0.000000 0.000000
vn -1.000000 0.000000 0.000000
vn -1.000000 0.000000 0.000000
vn -1.000000 0.000000 0.000000
vn 1.000000 0.000000 0.000000
vn 1.000000 0.000000 0.000000
vn 1.000000 0.000000 0.000000
vn 1.000000 0.000000 0.000000
vn -1.000000 0.000000 0.000000
vn -1.000000 0.000000 0.000000
vn -1.000000 0.000000 0.000000
vn -1.000000 0.000000 0.000000
vn 1.000000 0.000000 0.000000
vn 1.000000 0.000000 0.000000
vn 1.000000 0.000000 0.000000
vn 1.000000 0.000000 0.000000
vn -1.000000 0.000000 0.000000
vn -1.000000 0.000000 0.000000
vn -1.000000 0.000000 0.000000
vn -1.000000 0.000000 0.000000
vn 1.000000 0.000000 0.000000
vn 1.000000 0.000000 0.000000
vn 1.000000 0.000000 0.000000
vn 1.000000 0.000000 0.000000
vn -1.000000 0.000000 0.000000
vn -1.000000 0.000000 0.000000
vn -1.000000 0.000000 0.000000
vn -1.000000 0.000000 0.000000
vn 1.000000 0.000000 0.000000
vn 1.000000 0.000000 0.000000
vn 1.000000 0.000000 0.000000
vn 1.000000 0.000000 0.000000
vn -1.000000 0.000000 0.000000
vn -1.000000 0.000000 0.000000
vn -1.000000 0.000000 0.000000
vn -1.000000 0.000000 0.000000
vn 1.000000 0.000000 0.000000
vn 1.000000 0.000000 0.000000
vn 1.000000 0.000000 0.000000
vn 1.000000 0.000000 0.000000
vn -1.000000 0.000000 0.000000
vn -1.000000 0.000000 0.000000
vn -1.000000 0.000000 0.000000
vn -1.000000 0.000000 0.000000
vn 1.000000 0.000000 0.000000
vn 1.000000 0.000000 0.000000
vn 1.000000 0.000000 0.000000
vn 1.000000 0.000000 0.000000
vn -1.000000 0.000000 0.000000
vn -1.000000 0.000000 0.000000
vn -1.000000 0.000000 0.000000
vn -1.000000 0.000000 0.000000
vn 1.000000 0.000000 0.000000
vn 1.000000 0.000000 0.000000
vn 1.000000 0.000000 0.000000
vn 1.000000 0.000000 0.000000
vn -1.000000 0.000000 0.000000
vn -1.000000 0.000000 0.000000
vn -1.000000 0.000000 0.000000
vn -1.000000 0.000000 0.000000
vn 1.000000 0.000000 0.000000
vn 1.000000 0.000000 0.000000
vn 1.000000 0.000000 0.000000
vn 1.000000 0.000000 0.000000
vn -1.000000 0.000000 0.000000
vn -1.000000 0.000000 0.000000
vn -1.000000 0.000000 0.000000
vn -1.000000 0.000000 0.000000
vn 1.000000 0.000000 0.000000
vn 1.000000 0.000000 0.000000
vn 1.000000 0.000000 0.000000
vn 1.000000 0.000000 0.000000
vn -1.000000 0.000000 0.000000
vn -1.000000 0.000000 0.000000
vn -1.000000 0.000000 0.000000
vn -1.000000 0.000000 0.000000
vn 1.000000 0.000000 0.000000
vn 1.000000 0.000000 0.000000
vn 1.000000 0.000000 0.000000
vn 1.000000 0.000000 0.000000
vn -1.000000 0.000000 0.000000
vn -1.000000 0.000000 0.000000
vn -1.000000 0.000000 0.000000
vn -1.000000 0.000000 0.000000
vn 1.000000 0.000000 0.000000
vn 1.000000 0.000000 0.000000
vn 1.000000 0.000000 0.000000
vn 1.000000 0.000000 0.000000
vn -1.000000 0.000000 0.000000
vn -1.000000 0.000000 0.000000
vn -1.000000 0.000000 0.000000
vn -1.000000 0.000000 0.000000
vn 1.000000 0.000000 0.000000
vn 1.000000 0.000000 0.000000
vn 1.000000 0.000000 0.000000
vn 1.000000 0.000000 0.000000
vn -1.000000 0.000000 0.000000
vn -1.000000 0.000000 0.000000
vn -1.000000 0.000000 0.000000
vn -1.000000 0.000000 0.000000
vn 1.000000 0.000000 0.000000
vn 1.000000 0.000000 0.000000
vn 1.000000 0.000000 0.000000
vn 1.000000 0.000000 0.000000
vn -1.000000 0.000000 0.000000
vn -1.000000 0.000000 0.000000
vn -1.000000 0.000000 0.000000
vn -1.000000 0.000000 0.000000
vn 1.000000 0.000000 0.000000
vn 1.000000 0.000000 0.000000
vn 1.000000 0.000000 0.000000
vn 1.000000 0.000000 0.000000
vn -1.000000 0.000000 0.000000
vn -1.000000 0.000000 0.000000
vn -1.000000 0.000000 0.000000
vn -1.000000 0.000000 0.000000
vn 1.000000 0.000000 0.000000
vn 1.000000 0.000000 0.000000
vn 1.000000 0.000000 0.000000
vn 1.000000 0.000000 0.000000
vn -1.000000 0.000000 0.000000
vn -1.000000 0.000000 0.000000
vn -1.000000 0.000000 0.000000
vn -1.000000 0.000000 0.000000
vn 1.000000 0.000000 0.000000
vn 1.000000 0.000000 0.000000
vn 1.000000 0.000000 0.000000
vn 1.000000 0.000000 0.000000
vn -1.000000 0.000000 0.000000
vn -1.000000 0.000000 0.000000
vn -1.000000 0.000000 0.000000
vn -1.000000 0.000000 0.000000
vn 1.000000 0.000000 0.000000
vn 1.000000 0.000000 0.000000
vn 1.000000 0.000000 0.000000
vn 1.000000 0.000000 0.000000
vn -1.000000 0.000000 0.000000
vn -1.000000 0.000000 0.000000
vn -1.000000 0.000000 0.000000
vn -1.000000 0.000000 0.000000
vn 1.000000 0.000000 0.000000
vn 1.000000 0.000000 0.000000
vn 1.000000 0.000000 0.000000
vn 1.000000 0.000000 0.000000
vn -1.000000 0.000000 0.000000
vn -1.000000 0.000000 0.000000
vn -1.000000 0.000000 0.000000
vn -1.000000 0.000000 0.000000
vn 0.999927 0.012086 0.000000
vn 0.999927 0.012086 0.000000
vn 0.999927 0.012086 0.000000
vn 0.999927 0.012086 0.000000
vn -0.999927 -0.012076 0.000000
vn -0.999927 -0.012076 0.000000
vn -0.999927 -0.012076 0.000000
vn -0.999927 -0.012076 0.000000
vn 0.999343 0.036233 0.000000
vn 0.999343 0.036233 0.000000
vn 0.999343 0.036233 0.000000
vn 0.999343 0.036233 0.000000
vn -0.999343 -0.036249 0.000000
vn -0.999343 -0.036249 0.000000
vn -0.999343 -0.036249 0.000000
vn -0.999343 -0.036249 0.000000
vn 0.998175 0.060380 0.000000
vn 0.998175 0.060380 0.000000
vn 0.998175 0.060380 0.000000
vn 0.998176 0.060380 0.000000
vn -0.998176 -0.060378 0.000000
vn -0.998176 -0.060378 0.000000
vn -0.998176 -0.060378 0.000000
vn -0.998176 -0.060378 0.000000
vn 0.996425 0.084478 0.000000
vn 0.996425 0.084478 0.000000
vn 0.996425 0.084478 0.000000
vn 0.996425 0.084478 0.000000
vn -0.996426 -0.084476 0.000000
vn -0.996426 -0.084476 0.000000
vn -0.996426 -0.084476 0.000000
vn -0.996426 -0.084476 0.000000
vn 0.994092 0.108540 0.000000
vn 0.994092 0.108540 0.000000
vn 0.994092 0.108540 0.000000
vn 0.994092 0.108540 0.000000
vn -0.994091 -0.108545 0.000000
vn -0.994092 -0.108545 0.000000
vn -0.994091 -0.108545 0.000000
vn -0.994092 -0.108545 0.000000
vn 0.991180 0.132524 0.000000
vn 0.991180 0.132524 0.000000
vn 0.991180 0.132524 0.000000
vn 0.991180 0.132524 0.000000
vn -0.991180 -0.132520 0.000000
vn -0.991180 -0.132520 0.000000
vn -0.991180 -0.132520 0.000000
vn -0.991180 -0.132520 0.000000
vn 0.987689 0.156430 0.000000
vn 0.987689 0.156430 0.000000
vn 0.987689 0.156430 0.000000
vn 0.987689 0.156430 0.000000
vn -0.987688 -0.156439 0.000000
vn -0.987688 -0.156439 0.000000
vn -0.987688 -0.156439 0.000000
vn -0.987688 -0.156439 0.000000
vn 0.983620 0.180253 0.000000
vn 0.983620 0.180253 0.000000
vn 0.983620 0.180253 0.000000
vn 0.983620 0.180253 0.000000
vn -0.983621 -0.180248 0.000000
vn -0.983621 -0.180248 0.000000
vn -0.983621 -0.180248 0.000000
vn -0.983621 -0.180248 0.000000
vn 0.978975 0.203979 0.000000
vn 0.978975 0.203979 0.000000
vn 0.978975 0.203979 0.000000
vn 0.978975 0.203979 0.000000
vn -0.978976 -0.203976 0.000000
vn -0.978976 -0.203976 0.000000
vn -0.978976 -0.203976 0.000000
vn -0.978976 -0.203976 0.000000
vn 0.973763 0.227563 0.000000
vn 0.973763 0.227563 0.000000
vn 0.973763 0.227563 0.000000
vn 0.973763 0.227563 0.000000
vn -0.973763 -0.227566 0.000000
vn -0.973763 -0.227566 0.000000
vn -0.973763 -0.227566 0.000000
vn -0.973763 -0.227566 0.000000
vn 0.967980 0.251028 0.000000
vn 0.967980 0.251029 0.000000
vn 0.967980 0.251028 0.000000
vn 0.967980 0.251028 0.000000
vn -0.967984 -0.251014 0.000000
vn -0.967984 -0.251014 0.000000
vn -0.967984 -0.251014 0.000000
vn -0.967984 -0.251014 0.000000
vn 0.961629 0.274353 0.000000
vn 0.961629 0.274353 0.000000
vn 0.961629 0.274353 0.000000
vn 0.961629 0.274353 0.000000
vn -0.961628 -0.274356 0.000000
vn -0.961628 -0.274356 0.000000
vn -0.961628 -0.274356 0.000000
vn -0.961628 -0.274356 0.000000
vn 0.954724 0.297494 0.000000
vn 0.954724 0.297494 0.000000
vn 0.954724 0.297494 0.000000
vn 0.954724 0.297494 0.000000
vn -0.954721 -0.297502 0.000000
vn -0.954721 -0.297502 0.000000
vn -0.954721 -0.297502 0.000000
vn -0.954721 -0.297502 0.000000
vn 0.947252 0.320490 0.000000
vn 0.947252 0.320490 0.000000
vn 0.947252 0.320490 0.000000
vn 0.947252 0.320490 0.000000
vn -0.947253 -0.320487 0.000000
vn -0.947253 -0.320487 0.000000
vn -0.947253 -0.320487 0.000000
vn -0.947253 -0.320487 0.000000
vn 0.939233 0.343280 0.000000
vn 0.939233 0.343280 0.000000
vn 0.939233 0.343280 0.000000
vn 0.939233 0.343280 0.000000
vn -0.939230 -0.343287 0.000000
vn -0.939230 -0.343287 0.000000
vn -0.939230 -0.343287 0.000000
vn -0.939230 -0.343287 0.000000
vn 0.930661 0.365881 0.000000
vn 0.930662 0.365881 0.000000
vn 0.930661 0.365881 0.000000
vn 0.930661 0.365881 0.000000
vn -0.930668 -0.365866 0.000000
vn -0.930668 -0.365866 0.000000
vn -0.930668 -0.365866 0.000000
vn -0.930668 -0.365866 0.000000
vn 0.921554 0.388250 0.000000
vn 0.921554 0.388250 0.000000
vn 0.921554 0.388250 0.000000
vn 0.921554 0.388250 0.000000
vn -0.921544 -0.388275 0.000000
vn -0.921544 -0.388275 0.000000
vn -0.921544 -0.388275 0.000000
vn -0.921544 -0.388275 0.000000
vn 0.911898 0.410417 0.000000
vn 0.911898 0.410417 0.000000
vn 0.911898 0.410417 0.000000
vn 0.911898 0.410417 0.000000
vn -0.911902 -0.410409 0.000000
vn -0.911902 -0.410409 0.000000
vn -0.911902 -0.410409 0.000000
vn -0.911902 -0.410409 0.000000
vn 0.901719 0.432323 0.000000
vn 0.901719 0.432323 0.000000
vn 0.901719 0.432323 0.000000
vn 0.901719 0.432323 0.000000
vn -0.901716 -0.432330 0.000000
vn -0.901716 -0.432330 0.000000
vn -0.901716 -0.432330 0.000000
vn -0.901716 -0.432330 0.000000
vn 0.891002 0.453998 0.000000
vn 0.891002 0.453998 0.000000
vn 0.891002 0.453998 0.000000
vn 0.891003 0.453998 0.000000
vn -0.891016 -0.453973 0.000000
vn -0.891016 -0.453973 0.000000
vn -0.891016 -0.453973 0.000000
vn -0.891016 -0.453973 0.000000
vn 0.879779 0.475383 0.000000
vn 0.879779 0.475383 0.000000
vn 0.879779 0.475383 0.000000
vn 0.879779 0.475383 0.000000
vn -0.879777 -0.475387 0.000000
vn -0.879777 -0.475387 0.000000
vn -0.879777 -0.475387 0.000000
vn -0.879777 -0.475387 0.000000
vn 0.868034 0.496505 0.000000
vn 0.868034 0.496505 0.000000
vn 0.868034 0.496505 0.000000
vn 0.868034 0.496505 0.000000
vn -0.868023 -0.496523 0.000000
vn -0.868023 -0.496524 0.000000
vn -0.868023 -0.496523 0.000000
vn -0.868023 -0.496524 0.000000
vn 0.855781 0.517338 0.000000
vn 0.855781 0.517338 0.000000
vn 0.855781 0.517338 0.000000
vn 0.855781 0.517338 0.000000
vn -0.855782 -0.517337 0.000000
vn -0.855782 -0.517337 0.000000
vn -0.855782 -0.517337 0.000000
vn -0.855782 -0.517337 0.000000
vn 0.843033 0.537862 0.000000
vn 0.843033 0.537862 0.000000
vn 0.843033 0.537862 0.000000
vn 0.843033 0.537862 0.000000
vn -0.843035 -0.537858 0.000000
vn -0.843035 -0.537858 0.000000
vn -0.843035 -0.537858 0.000000
vn -0.843035 -0.537858 0.000000
vn 0.829784 0.558085 0.000000
vn 0.829784 0.558085 0.000000
vn 0.829784 0.558085 0.000000
vn 0.829784 0.558085 0.000000
vn -0.829782 -0.558088 0.000000
vn -0.829782 -0.558088 0.000000
vn -0.829782 -0.558088 0.000000
vn -0.829782 -0.558088 0.000000
vn 0.816056 0.577973 0.000000
vn 0.816056 0.577973 0.000000
vn 0.816056 0.577973 0.000000
vn 0.816056 0.577973 0.000000
vn -0.816064 -0.577962 0.000000
vn -0.816064 -0.577962 0.000000
vn -0.816064 -0.577962 0.000000
vn -0.816064 -0.577962 0.000000
vn 0.801861 0.597511 0.000000
vn 0.801861 0.597511 0.000000
vn 0.801861 0.597511 0.000000
vn 0.801861 0.597511 0.000000
vn -0.801853 -0.597522 0.000000
vn -0.801853 -0.597522 0.000000
vn -0.801853 -0.597522 0.000000
vn -0.801853 -0.597522 0.000000
vn 0.787187 0.616714 0.000000
vn 0.787187 0.616714 0.000000
vn 0.787187 0.616714 0.000000
vn 0.787187 0.616714 0.000000
vn -0.787183 -0.616719 0.000000
vn -0.787183 -0.616719 0.000000
vn -0.787183 -0.616719 0.000000
vn -0.787183 -0.616719 0.000000
vn 0.772049 0.635563 0.000000
vn 0.772049 0.635563 0.000000
vn 0.772049 0.635563 0.000000
vn 0.772049 0.635563 0.000000
vn -0.772050 -0.635561 0.000000
vn -0.772050 -0.635561 0.000000
vn -0.772050 -0.635561 0.000000
vn -0.772050 -0.635561 0.000000
vn 0.756461 0.654038 0.000000
vn 0.756461 0.654038 0.000000
vn 0.756461 0.654038 0.000000
vn 0.756461 0.654038 0.000000
vn -0.756482 -0.654014 0.000000
vn -0.756482 -0.654014 0.000000
vn -0.756482 -0.654014 0.000000
vn -0.756482 -0.654014 0.000000
vn 0.740448 0.672113 0.000000
vn 0.740448 0.672113 0.000000
vn 0.740448 0.672113 0.000000
vn 0.740448 0.672113 0.000000
vn -0.740438 -0.672125 0.000000
vn -0.740438 -0.672125 0.000000
vn -0.740438 -0.672125 0.000000
vn -0.740438 -0.672125 0.000000
vn 0.723993 0.689807 0.000000
vn 0.723993 0.689807 0.000000
vn 0.723993 0.689807 0.000000
vn 0.723993 0.689807 0.000000
vn -0.723979 -0.689822 0.000000
vn -0.723979 -0.689822 0.000000
vn -0.723979 -0.689822 0.000000
vn -0.723979 -0.689822 0.000000
vn 0.707101 0.707113 0.000000
vn 0.707101 0.707113 0.000000
vn 0.707101 0.707113 0.000000
vn 0.707101 0.707113 0.000000
vn -0.707107 -0.707107 0.000000
vn -0.707107 -0.707107 0.000000
vn -0.707107 -0.707107 0.000000
vn -0.707107 -0.707107 0.000000
vn 0.689813 0.723987 0.000000
vn 0.689813 0.723987 0.000000
vn 0.689813 0.723987 0.000000
vn 0.689813 0.723987 0.000000
vn -0.689812 -0.723989 0.000000
vn -0.689812 -0.723989 0.000000
vn -0.689812 -0.723989 0.000000
vn -0.689812 -0.723989 0.000000
vn 0.672120 0.740442 0.000000
vn 0.672120 0.740442 0.000000
vn 0.672120 0.740442 0.000000
vn 0.672120 0.740442 0.000000
vn -0.672136 -0.740427 0.000000
vn -0.672136 -0.740427 0.000000
vn -0.672136 -0.740427 0.000000
vn -0.672136 -0.740427 0.000000
vn 0.654025 0.756473 0.000000
vn 0.654025 0.756473 0.000000
vn 0.654025 0.756473 0.000000
vn 0.654025 0.756473 0.000000
vn -0.654013 -0.756483 0.000000
vn -0.654013 -0.756483 0.000000
vn -0.654013 -0.756483 0.000000
vn -0.654013 -0.756483 0.000000
vn 0.635571 0.772043 0.000000
vn 0.635571 0.772043 0.000000
vn 0.635571 0.772043 0.000000
vn 0.635571 0.772043 0.000000
vn -0.635563 -0.772049 0.000000
vn -0.635563 -0.772049 0.000000
vn -0.635563 -0.772049 0.000000
vn -0.635563 -0.772049 0.000000
vn 0.616707 0.787193 0.000000
vn 0.616707 0.787193 0.000000
vn 0.616707 0.787193 0.000000
vn 0.616707 0.787193 0.000000
vn -0.616717 -0.787185 0.000000
vn -0.616717 -0.787185 0.000000
vn -0.616717 -0.787185 0.000000
vn -0.616717 -0.787185 0.000000
vn 0.597517 0.801856 0.000000
vn 0.597517 0.801856 0.000000
vn 0.597517 0.801856 0.000000
vn 0.597517 0.801856 0.000000
vn -0.597525 -0.801850 0.000000
vn -0.597525 -0.801850 0.000000
vn -0.597525 -0.801850 0.000000
vn -0.597525 -0.801850 0.000000
vn 0.577975 0.816054 0.000000
vn 0.577975 0.816054 0.000000
vn 0.577975 0.816054 0.000000
vn 0.577975 0.816054 0.000000
vn -0.577958 -0.816067 0.000000
vn -0.577958 -0.816067 0.000000
vn -0.577958 -0.816067 0.000000
vn -0.577958 -0.816067 0.000000
vn 0.558077 0.829789 0.000000
vn 0.558077 0.829789 0.000000
vn 0.558077 0.829789 0.000000
vn 0.558077 0.829789 0.000000
vn -0.558093 -0.829779 0.000000
vn -0.558092 -0.829779 0.000000
vn -0.558093 -0.829779 0.000000
vn -0.558092 -0.829779 0.000000
vn 0.537871 0.843027 0.000000
vn 0.537871 0.843027 0.000000
vn 0.537871 0.843027 0.000000
vn 0.537871 0.843027 0.000000
vn -0.537867 -0.843030 0.000000
vn -0.537867 -0.843030 0.000000
vn -0.537867 -0.843030 0.000000
vn -0.537867 -0.843030 0.000000
vn 0.517329 0.855786 0.000000
vn 0.517329 0.855786 0.000000
vn 0.517329 0.855786 0.000000
vn 0.517329 0.855786 0.000000
vn -0.517337 -0.855782 0.000000
vn -0.517337 -0.855782 0.000000
vn -0.517337 -0.855782 0.000000
vn -0.517337 -0.855782 0.000000
vn 0.496511 0.868031 0.000000
vn 0.496511 0.868031 0.000000
vn 0.496511 0.868031 0.000000
vn 0.496511 0.868031 0.000000
vn -0.496500 -0.868037 0.000000
vn -0.496500 -0.868037 0.000000
vn -0.496500 -0.868037 0.000000
vn -0.496500 -0.868037 0.000000
vn 0.475392 0.879774 0.000000
vn 0.475392 0.879774 0.000000
vn 0.475392 0.879774 0.000000
vn 0.475392 0.879774 0.000000
vn -0.475387 -0.879777 0.000000
vn -0.475387 -0.879777 0.000000
vn -0.475387 -0.879777 0.000000
vn -0.475387 -0.879777 0.000000
vn 0.453989 0.891008 0.000000
vn 0.453989 0.891008 0.000000
vn 0.453989 0.891008 0.000000
vn 0.453989 0.891007 0.000000
vn -0.453996 -0.891003 0.000000
vn -0.453996 -0.891003 0.000000
vn -0.453996 -0.891003 0.000000
vn -0.453996 -0.891004 0.000000
vn 0.432329 0.901716 0.000000
vn 0.432329 0.901716 0.000000
vn 0.432329 0.901716 0.000000
vn 0.432328 0.901716 0.000000
vn -0.432329 -0.901716 0.000000
vn -0.432329 -0.901716 0.000000
vn -0.432329 -0.901716 0.000000
vn -0.432329 -0.901716 0.000000
vn 0.410407 0.911903 0.000000
vn 0.410407 0.911903 0.000000
vn 0.410407 0.911903 0.000000
vn 0.410407 0.911903 0.000000
vn -0.410393 -0.911909 0.000000
vn -0.410393 -0.911909 0.000000
vn -0.410393 -0.911909 0.000000
vn -0.410393 -0.911909 0.000000
vn 0.388254 0.921552 0.000000
vn 0.388254 0.921552 0.000000
vn 0.388254 0.921552 0.000000
vn 0.388254 0.921552 0.000000
vn -0.388285 -0.921539 0.000000
vn -0.388285 -0.921540 0.000000
vn -0.388285 -0.921539 0.000000
vn -0.388285 -0.921540 0.000000
vn 0.365881 0.930661 0.000000
vn 0.365881 0.930661 0.000000
vn 0.365881 0.930661 0.000000
vn 0.365881 0.930662 0.000000
vn -0.365873 -0.930665 0.000000
vn -0.365873 -0.930665 0.000000
vn -0.365873 -0.930665 0.000000
vn -0.365873 -0.930665 0.000000
vn 0.343291 0.939229 0.000000
vn 0.343291 0.939229 0.000000
vn 0.343291 0.939229 0.000000
vn 0.343291 0.939229 0.000000
vn -0.343264 -0.939239 0.000000
vn -0.343264 -0.939239 0.000000
vn -0.343264 -0.939239 0.000000
vn -0.343264 -0.939239 0.000000
vn 0.320476 0.947257 0.000000
vn 0.320476 0.947257 0.000000
vn 0.320476 0.947257 0.000000
vn 0.320476 0.947257 0.000000
vn -0.320487 -0.947253 0.000000
vn -0.320487 -0.947253 0.000000
vn -0.320487 -0.947253 0.000000
vn -0.320487 -0.947253 0.000000
vn 0.297509 0.954719 0.000000
vn 0.297509 0.954719 0.000000
vn 0.297509 0.954719 0.000000
vn 0.297509 0.954719 0.000000
vn -0.297520 -0.954716 0.000000
vn -0.297520 -0.954716 0.000000
vn -0.297520 -0.954716 0.000000
vn -0.297520 -0.954716 0.000000
vn 0.274353 0.961629 0.000000
vn 0.274353 0.961629 0.000000
vn 0.274353 0.961629 0.000000
vn 0.274353 0.961629 0.000000
vn -0.274320 -0.961639 0.000000
vn -0.274320 -0.961639 0.000000
vn -0.274320 -0.961639 0.000000
vn -0.274320 -0.961639 0.000000
vn 0.251017 0.967983 0.000000
vn 0.251017 0.967983 0.000000
vn 0.251017 0.967983 0.000000
vn 0.251017 0.967983 0.000000
vn -0.251032 -0.967979 0.000000
vn -0.251032 -0.967979 0.000000
vn -0.251032 -0.967979 0.000000
vn -0.251032 -0.967979 0.000000
vn 0.227560 0.973764 0.000000
vn 0.227560 0.973764 0.000000
vn 0.227560 0.973764 0.000000
vn 0.227560 0.973764 0.000000
vn -0.227590 -0.973757 0.000000
vn -0.227590 -0.973757 0.000000
vn -0.227590 -0.973757 0.000000
vn -0.227590 -0.973757 0.000000
vn 0.203981 0.978975 0.000000
vn 0.203981 0.978975 0.000000
vn 0.203981 0.978975 0.000000
vn 0.203981 0.978975 0.000000
vn -0.203953 -0.978981 0.000000
vn -0.203953 -0.978981 0.000000
vn -0.203953 -0.978981 0.000000
vn -0.203953 -0.978981 0.000000
vn 0.180253 0.983620 0.000000
vn 0.180253 0.983620 0.000000
vn 0.180253 0.983620 0.000000
vn 0.180253 0.983620 0.000000
vn -0.180271 -0.983617 0.000000
vn -0.180271 -0.983617 0.000000
vn -0.180271 -0.983617 0.000000
vn -0.180271 -0.983617 0.000000
vn 0.156428 0.987689 0.000000
vn 0.156428 0.987689 0.000000
vn 0.156428 0.987689 0.000000
vn 0.156428 0.987689 0.000000
vn -0.156436 -0.987688 0.000000
vn -0.156436 -0.987688 0.000000
vn -0.156436 -0.987688 0.000000
vn -0.156436 -0.987688 0.000000
vn 0.132526 0.991180 0.000000
vn 0.132526 0.991180 0.000000
vn 0.132526 0.991180 0.000000
vn 0.132526 0.991180 0.000000
vn -0.132523 -0.991180 0.000000
vn -0.132523 -0.991180 0.000000
vn -0.132523 -0.991180 0.000000
vn -0.132523 -0.991180 0.000000
vn 0.108551 0.994091 0.000000
vn 0.108551 0.994091 0.000000
vn 0.108551 0.994091 0.000000
vn 0.108551 0.994091 0.000000
vn -0.108526 -0.994094 0.000000
vn -0.108526 -0.994094 0.000000
vn -0.108526 -0.994094 0.000000
vn -0.108526 -0.994094 0.000000
vn 0.084478 0.996425 0.000000
vn 0.084478 0.996425 0.000000
vn 0.084478 0.996425 0.000000
vn 0.084478 0.996425 0.000000
vn -0.084494 -0.996424 0.000000
vn -0.084494 -0.996424 0.000000
vn -0.084494 -0.996424 0.000000
vn -0.084494 -0.996424 0.000000
vn 0.060380 0.998175 0.000000
vn 0.060380 0.998176 0.000000
vn 0.060380 0.998175 0.000000
vn 0.060380 0.998175 0.000000
vn -0.060379 -0.998175 0.000000
vn -0.060379 -0.998175 0.000000
vn -0.060379 -0.998175 0.000000
vn -0.060379 -0.998176 0.000000
vn 0.036233 0.999343 0.000000
vn 0.036233 0.999343 0.000000
vn 0.036233 0.999343 0.000000
vn 0.036233 0.999343 0.000000
vn -0.036229 -0.999344 0.000000
vn -0.036229 -0.999344 0.000000
vn -0.036229 -0.999344 0.000000
vn -0.036229 -0.999344 0.000000
vn 0.012086 0.999927 0.000000
vn 0.012086 0.999927 0.000000
vn 0.012086 0.999927 0.000000
vn 0.012086 0.999927 0.000000
vn -0.012076 -0.999927 0.000000
vn -0.012076 -0.999927 0.000000
vn -0.012076 -0.999927 0.000000
vn -0.012076 -0.999927 0.000000
vn 0.000000 1.000000 0.000000
vn 0.000000 1.000000 0.000000
vn 0.000000 1.000000 0.000000
vn 0.000000 1.000000 0.000000
vn 0.000000 -1.000000 0.000000
vn 0.000000 -1.000000 0.000000
vn 0.000000 -1.000000 0.000000
vn 0.000000 -1.000000 0.000000
vn 0.000000 1.000000 0.000000
vn 0.000000 1.000000 0.000000
vn 0.000000 1.000000 0.000000
vn 0.000000 1.000000 0.000000
vn 0.000000 -1.000000 0.000000
vn 0.000000 -1.000000 0.000000
vn 0.000000 -1.000000 0.000000
vn 0.000000 -1.000000 0.000000
vn 0.000000 1.000000 0.000000
vn 0.000000 1.000000 0.000000
vn 0.000000 1.000000 0.000000
vn 0.000000 1.000000 0.000000
vn 0.000000 -1.000000 0.000000
vn 0.000000 -1.000000 0.000000
vn 0.000000 -1.000000 0.000000
vn 0.000000 -1.000000 0.000000
vn 0.000000 1.000000 0.000000
vn 0.000000 1.000000 0.000000
vn 0.000000 1.000000 0.000000
vn 0.000000 1.000000 0.000000
vn 0.000000 -1.000000 0.000000
vn 0.000000 -1.000000 0.000000
vn 0.000000 -1.000000 0.000000
vn 0.000000 -1.000000 0.000000
vn 0.000000 1.000000 0.000000
vn 0.000000 1.000000 0.000000
vn 0.000000 1.000000 0.000000
vn 0.000000 1.000000 0.000000
vn 0.000000 -1.000000 0.000000
vn 0.000000 -1.000000 0.000000
vn 0.000000 -1.000000 0.000000
vn 0.000000 -1.000000 0.000000
vn 0.000000 1.000000 0.000000
vn 0.000000 1.000000 0.000000
vn 0.000000 1.000000 0.000000
vn 0.000000 1.000000 0.000000
vn 0.000000 -1.000000 0.000000
vn 0.000000 -1.000000 0.000000
vn 0.000000 -1.000000 0.000000
vn 0.000000 -1.000000 0.000000
vn 0.000000 1.000000 0.000000
vn 0.000000 1.000000 0.000000
vn 0.000000 1.000000 0.000000
vn 0.000000 1.000000 0.000000
vn 0.000000 -1.000000 0.000000
vn 0.000000 -1.000000 0.000000
vn 0.000000 -1.000000 0.000000
vn 0.000000 -1.000000 0.000000
vn 0.000000 1.000000 0.000000
vn 0.000000 1.000000 0.000000
vn 0.000000 1.000000 0.000000
vn 0.000000 1.000000 0.000000
vn 0.000000 -1.000000 0.000000
vn 0.000000 -1.000000 0.000000
vn 0.000000 -1.000000 0.000000
vn 0.000000 -1.000000 0.000000
vn 0.000000 1.000000 0.000000
vn 0.000000 1.000000 0.000000
vn 0.000000 1.000000 0.000000
vn 0.000000 1.000000 0.000000
vn 0.000000 -1.000000 0.000000
vn 0.000000 -1.000000 0.000000
vn 0.000000 -1.000000 0.000000
vn 0.000000 -1.000000 0.000000
vn 0.000000 1.000000 0.000000
vn 0.000000 1.000000 0.000000
vn 0.000000 1.000000 0.000000
vn 0.000000 1.000000 0.000000
vn 0.000000 -1.000000 0.000000
vn 0.000000 -1.000000 0.000000
vn 0.000000 -1.000000 0.000000
vn 0.000000 -1.000000 0.000000
vn 0.000000 1.000000 0.000000
vn 0.000000 1.000000 0.000000
vn 0.000000 1.000000 0.000000
vn 0.000000 1.000000 0.000000
vn 0.000000 -1.000000 0.000000
vn 0.000000 -1.000000 0.000000
vn 0.000000 -1.000000 0.000000
vn 0.000000 -1.000000 0.000000
vn 0.000000 1.000000 0.000000
vn 0.000000 1.000000 0.000000
vn 0.000000 1.000000 0.000000
vn 0.000000 1.000000 0.000000
vn 0.000000 -1.000000 0.000000
vn 0.000000 -1.000000 0.000000
vn 0.000000 -1.000000 0.000000
vn 0.000000 -1.000000 0.000000
vn 0.000000 1.000000 0.000000
vn 0.000000 1.000000 0.000000
vn 0.000000 1.000000 0.000000
vn 0.000000 1.000000 0.000000
vn 0.000000 -1.000000 0.000000
vn 0.000000 -1.000000 0.000000
vn 0.000000 -1.000000 0.000000
vn 0.000000 -1.000000 0.000000
vn 0.000000 1.000000 0.000000
vn 0.000000 1.000000 0.000000
vn 0.000000 1.000000 0.000000
vn 0.000000 1.000000 0.000000
vn 0.000000 -1.000000 0.000000
vn 0.000000 -1.000000 0.000000
vn 0.000000 -1.000000 0.000000
vn 0.000000 -1.000000 0.000000
vn 0.000000 1.000000 0.000000
vn 0.000000 1.000000 0.000000
vn 0.000000 1.000000 0.000000
vn 0.000000 1.000000 0.000000
vn 0.000000 -1.000000 0.000000
vn 0.000000 -1.000000 0.000000
vn 0.000000 -1.000000 0.000000
vn 0.000000 -1.000000 0.000000
vn 0.000000 1.000000 0.000000
vn 0.000000 1.000000 0.000000
vn 0.000000 1.000000 0.000000
vn 0.000000 1.000000 0.000000
vn 0.000000 -1.000000 0.000000
vn 0.000000 -1.000000 0.000000
vn 0.000000 -1.000000 0.000000
vn 0.000000 -1.000000 0.000000
vn 0.000000 1.000000 0.000000
vn 0.000000 1.000000 0.000000
vn 0.000000 1.000000 0.000000
vn 0.000000 1.000000 0.000000
vn 0.000000 -1.000000 0.000000
vn 0.000000 -1.000000 0.000000
vn 0.000000 -1.000000 0.000000
vn 0.000000 -1.000000 0.000000
vn 0.000000 1.000000 0.000000
vn 0.000000 1.000000 0.000000
vn 0.000000 1.000000 0.000000
vn 0.000000 1.000000 0.000000
vn 0.000000 -1.000000 0.000000
vn 0.000000 -1.000000 0.000000
vn 0.000000 -1.000000 0.000000
vn 0.000000 -1.000000 0.000000
vn 0.000000 1.000000 0.000000
vn 0.000000 1.000000 0.000000
vn 0.000000 1.000000 0.000000
vn 0.000000 1.000000 0.000000
vn 0.000000 -1.000000 0.000000
vn 0.000000 -1.000000 0.000000
vn 0.000000 -1.000000 0.000000
vn 0.000000 -1.000000 0.000000
vn 0.000000 1.000000 0.000000
vn 0.000000 1.000000 0.000000
vn 0.000000 1.000000 0.000000
vn 0.000000 1.000000 0.000000
vn 0.000000 -1.000000 0.000000
vn 0.000000 -1.000000 0.000000
vn 0.000000 -1.000000 0.000000
vn 0.000000 -1.000000 0.000000
vn 0.000000 1.000000 0.000000
vn 0.000000 1.000000 0.000000
vn 0.000000 1.000000 0.000000
vn 0.000000 1.000000 0.000000
vn 0.000000 -1.000000 0.000000
vn 0.000000 -1.000000 0.000000
vn 0.000000 -1.000000 0.000000
vn 0.000000 -1.000000 0.000000
vn 0.000000 1.000000 0.000000
vn 0.000000 1.000000 0.000000
vn 0.000000 1.000000 0.000000
vn 0.000000 1.000000 0.000000
vn 0.000000 -1.000000 0.000000
vn 0.000000 -1.000000 0.000000
vn 0.000000 -1.000000 0.000000
vn 0.000000 -1.000000 0.000000
vn 0.000000 1.000000 0.000000
vn 0.000000 1.000000 0.000000
vn 0.000000 1.000000 0.000000
vn 0.000000 1.000000 0.000000
vn 0.000000 -1.000000 0.000000
vn 0.000000 -1.000000 0.000000
vn 0.000000 -1.000000 0.000000
vn 0.000000 -1.000000 0.000000
vn 0.000000 1.000000 0.000000
vn 0.000000 1.000000 0.000000
vn 0.000000 1.000000 0.000000
vn 0.000000 1.000000 0.000000
vn 0.000000 -1.000000 0.000000
vn 0.000000 -1.000000 0.000000
vn 0.000000 -1.000000 0.000000
vn 0.000000 -1.000000 0.000000
vn 0.000000 1.000000 0.000000
vn 0.000000 1.000000 0.000000
vn 0.000000 1.000000 0.000000
vn 0.000000 1.000000 0.000000
vn 0.000000 -1.000000 0.000000
vn 0.000000 -1.000000 0.000000
vn 0.000000 -1.000000 0.000000
vn 0.000000 -1.000000 0.000000
vn 0.000000 1.000000 0.000000
vn 0.000000 1.000000 0.000000
vn 0.000000 1.000000 0.000000
vn 0.000000 1.000000 0.000000
vn 0.000000 -1.000000 0.000000
vn 0.000000 -1.000000 0.000000
vn 0.000000 -1.000000 0.000000
vn 0.000000 -1.000000 0.000000
vn 0.000000 1.000000 0.000000
vn 0.000000 1.000000 0.000000
vn 0.000000 1.000000 0.000000
vn 0.000000 1.000000 0.000000
vn 0.000000 -1.000000 0.000000
vn 0.000000 -1.000000 0.000000
vn 0.000000 -1.000000 0.000000
vn 0.000000 -1.000000 0.000000
vn 0.000000 1.000000 0.000000
vn 0.000000 1.000000 0.000000
vn 0.000000 1.000000 0.000000
vn 0.000000 1.000000 0.000000
vn 0.000000 -1.000000 0.000000
vn 0.000000 -1.000000 0.000000
vn 0.000000 -1.000000 0.000000
vn 0.000000 -1.000000 0.000000
vn 0.000000 1.000000 0.000000
vn 0.000000 1.000000 0.000000
vn 0.000000 1.000000 0.000000
vn 0.000000 1.000000 0.000000
vn 0.000000 -1.000000 0.000000
vn 0.000000 -1.000000 0.000000
vn 0.000000 -1.000000 0.000000
vn 0.000000 -1.000000 0.000000
vn 0.000000 1.000000 0.000000
vn 0.000000 1.000000 0.000000
vn 0.000000 1.000000 0.000000
vn 0.000000 1.000000 0.000000
vn 0.000000 -1.000000 0.000000
vn 0.000000 -1.000000 0.000000
vn 0.000000 -1.000000 0.000000
vn 0.000000 -1.000000 0.000000
vn 0.000000 1.000000 0.000000
vn 0.000000 1.000000 0.000000
vn 0.000000 1.000000 0.000000
vn 0.000000 1.000000 0.000000
vn 0.000000 -1.000000 0.000000
vn 0.000000 -1.000000 0.000000
vn 0.000000 -1.000000 0.000000
vn 0.000000 -1.000000 0.000000
vn 0.000000 1.000000 0.000000
vn 0.000000 1.000000 0.000000
vn 0.000000 1.000000 0.000000
vn 0.000000 1.000000 0.000000
vn 0.000000 -1.000000 0.000000
vn 0.000000 -1.000000 0.000000
vn 0.000000 -1.000000 0.000000
vn 0.000000 -1.000000 0.000000
vn 0.000000 1.000000 0.000000
vn 0.000000 1.000000 0.000000
vn 0.000000 1.000000 0.000000
vn 0.000000 1.000000 0.000000
vn 0.000000 -1.000000 0.000000
vn 0.000000 -1.000000 0.000000
vn 0.000000 -1.000000 0.000000
vn 0.000000 -1.000000 0.000000
vn 0.000000 1.000000 0.000000
vn 0.000000 1.000000 0.000000
vn 0.000000 1.000000 0.000000
vn 0.000000 1.000000 0.000000
vn 0.000000 -1.000000 0.000000
vn 0.000000 -1.000000 0.000000
vn 0.000000 -1.000000 0.000000
vn 0.000000 -1.000000 0.000000
vn 0.000000 1.000000 0.000000
vn 0.000000 1.000000 0.000000
vn 0.000000 1.000000 0.000000
vn 0.000000 1.000000 0.000000
vn 0.000000 -1.000000 0.000000
vn 0.000000 -1.000000 0.000000
vn 0.000000 -1.000000 0.000000
vn 0.000000 -1.000000 0.000000
vn 0.000000 1.000000 0.000000
vn 0.000000 1.000000 0.000000
vn 0.000000 1.000000 0.000000
vn 0.000000 1.000000 0.000000
vn 0.000000 -1.000000 0.000000
vn 0.000000 -1.000000 0.000000
vn 0.000000 -1.000000 0.000000
vn 0.000000 -1.000000 0.000000
vn 0.000000 1.000000 0.000000
vn 0.000000 1.000000 0.000000
vn 0.000000 1.000000 0.000000
vn 0.000000 1.000000 0.000000
vn 0.000000 -1.000000 0.000000
vn 0.000000 -1.000000 0.000000
vn 0.000000 -1.000000 0.000000
vn 0.000000 -1.000000 0.000000
vn 0.000000 1.000000 0.000000
vn 0.000000 1.000000 0.000000
vn 0.000000 1.000000 0.000000
vn 0.000000 1.000000 0.000000
vn 0.000000 -1.000000 0.000000
vn 0.000000 -1.000000 0.000000
vn 0.000000 -1.000000 0.000000
vn 0.000000 -1.000000 0.000000
vn 0.000000 1.000000 0.000000
vn 0.000000 1.000000 0.000000
vn 0.000000 1.000000 0.000000
vn 0.000000 1.000000 0.000000
vn 0.000000 -1.000000 0.000000
vn 0.000000 -1.000000 0.000000
vn 0.000000 -1.000000 0.000000
vn 0.000000 -1.000000 0.000000
vn 0.000000 1.000000 0.000000
vn 0.000000 1.000000 0.000000
vn 0.000000 1.000000 0.000000
vn 0.000000 1.000000 0.000000
vn 0.000000 -1.000000 0.000000
vn 0.000000 -1.000000 0.000000
vn 0.000000 -1.000000 0.000000
vn 0.000000 -1.000000 0.000000
vn 0.000000 1.000000 0.000000
vn 0.000000 1.000000 0.000000
vn 0.000000 1.000000 0.000000
vn 0.000000 1.000000 0.000000
vn 0.000000 -1.000000 0.000000
vn 0.000000 -1.000000 0.000000
vn 0.000000 -1.000000 0.000000
vn 0.000000 -1.000000 0.000000
vn 0.000000 1.000000 0.000000
vn 0.000000 1.000000 0.000000
vn 0.000000 1.000000 0.000000
vn 0.000000 1.000000 0.000000
vn 0.000000 -1.000000 0.000000
vn 0.000000 -1.000000 0.000000
vn 0.000000 -1.000000 0.000000
vn 0.000000 -1.000000 0.000000
vn 0.000000 1.000000 0.000000
vn 0.000000 1.000000 0.000000
vn 0.000000 1.000000 0.000000
vn 0.000000 1.000000 0.000000
vn 0.000000 -1.000000 0.000000
vn 0.000000 -1.000000 0.000000
vn 0.000000 -1.000000 0.000000
vn 0.000000 -1.000000 0.000000
vn 0.000000 1.000000 0.000000
vn 0.000000 1.000000 0.000000
vn 0.000000 1.000000 0.000000
vn 0.000000 1.000000 0.000000
vn 0.000000 -1.000000 0.000000
vn 0.000000 -1.000000 0.000000
vn 0.000000 -1.000000 0.000000
vn 0.000000 -1.000000 0.000000
vn 0.000000 1.000000 0.000000
vn 0.000000 1.000000 0.000000
vn 0.000000 1.000000 0.000000
vn 0.000000 1.000000 0.000000
vn 0.000000 -1.000000 0.000000
vn 0.000000 -1.000000 0.000000
vn 0.000000 -1.000000 0.000000
vn 0.000000 -1.000000 0.000000
vn 0.000000 1.000000 0.000000
vn 0.000000 1.000000 0.000000
vn 0.000000 1.000000 0.000000
vn 0.000000 1.000000 0.000000
vn 0.000000 -1.000000 0.000000
vn 0.000000 -1.000000 0.000000
vn 0.000000 -1.000000 0.000000
vn 0.000000 -1.000000 0.000000
vn 0.000000 1.000000 0.000000
vn 0.000000 1.000000 0.000000
vn 0.000000 1.000000 0.000000
vn 0.000000 1.000000 0.000000
vn 0.000000 -1.000000 0.000000
vn 0.000000 -1.000000 0.000000
vn 0.000000 -1.000000 0.000000
vn 0.000000 -1.000000 0.000000
vn 0.000000 1.000000 0.000000
vn 0.000000 1.000000 0.000000
vn 0.000000 1.000000 0.000000
vn 0.000000 1.000000 0.000000
vn 0.000000 -1.000000 0.000000
vn 0.000000 -1.000000 0.000000
vn 0.000000 -1.000000 0.000000
vn 0.000000 -1.000000 0.000000
vn 0.000000 1.000000 0.000000
vn 0.000000 1.000000 0.000000
vn 0.000000 1.000000 0.000000
vn 0.000000 1.000000 0.000000
vn 0.000000 -1.000000 0.000000
vn 0.000000 -1.000000 0.000000
vn 0.000000 -1.000000 0.000000
vn 0.000000 -1.000000 0.000000
vn 0.000000 1.000000 0.000000
vn 0.000000 1.000000 0.000000
vn 0.000000 1.000000 0.000000
vn 0.000000 1.000000 0.000000
vn 0.000000 -1.000000 0.000000
vn 0.000000 -1.000000 0.000000
vn 0.000000 -1.000000 0.000000
vn 0.000000 -1.000000 0.000000
vn 0.000000 1.000000 0.000000
vn 0.000000 1.000000 0.000000
vn 0.000000 1.000000 0.000000
vn 0.000000 1.000000 0.000000
vn 0.000000 -1.000000 0.000000
vn 0.000000 -1.000000 0.000000
vn 0.000000 -1.000000 0.000000
vn 0.000000 -1.000000 0.000000
vn 0.000000 1.000000 0.000000
vn 0.000000 1.000000 0.000000
vn 0.000000 1.000000 0.000000
vn 0.000000 1.000000 0.000000
vn 0.000000 -1.000000 0.000000
vn 0.000000 -1.000000 0.000000
vn 0.000000 -1.000000 0.000000
vn 0.000000 -1.000000 0.000000
vn 0.000000 1.000000 0.000000
vn 0.000000 1.000000 0.000000
vn 0.000000 1.000000 0.000000
vn 0.000000 1.000000 0.000000
vn 0.000000 -1.000000 0.000000
vn 0.000000 -1.000000 0.000000
vn 0.000000 -1.000000 0.000000
vn 0.000000 -1.000000 0.000000
vn 0.000000 1.000000 0.000000
vn 0.000000 1.000000 0.000000
vn 0.000000 1.000000 0.000000
vn 0.000000 1.000000 0.000000
vn 0.000000 -1.000000 0.000000
vn 0.000000 -1.000000 0.000000
vn 0.000000 -1.000000 0.000000
vn 0.000000 -1.000000 0.000000
vn 0.000000 1.000000 0.000000
vn 0.000000 1.000000 0.000000
vn 0.000000 1.000000 0.000000
vn 0.000000 1.000000 0.000000
vn 0.000000 -1.000000 0.000000
vn 0.000000 -1.000000 0.000000
vn 0.000000 -1.000000 0.000000
vn 0.000000 -1.000000 0.000000
vn 0.000000 1.000000 0.000000
vn 0.000000 1.000000 0.000000
vn 0.000000 1.000000 0.000000
vn 0.000000 1.000000 0.000000
vn 0.000000 -1.000000 0.000000
vn 0.000000 -1.000000 0.000000
vn 0.000000 -1.000000 0.000000
vn 0.000000 -1.000000 0.000000
vn 0.000000 1.000000 0.000000
vn 0.000000 1.000000 0.000000
vn 0.000000 1.000000 0.000000
vn 0.000000 1.000000 0.000000
vn 0.000000 -1.000000 0.000000
vn 0.000000 -1.000000 0.000000
vn 0.000000 -1.000000 0.000000
vn 0.000000 -1.000000 0.000000
vn 0.000000 1.000000 0.000000
vn 0.000000 1.000000 0.000000
vn 0.000000 1.000000 0.000000
vn 0.000000 1.000000 0.000000
vn 0.000000 -1.000000 0.000000
vn 0.000000 -1.000000 0.000000
vn 0.000000 -1.000000 0.000000
vn 0.000000 -1.000000 0.000000
vn 0.000000 1.000000 0.000000
vn 0.000000 1.000000 0.000000
vn 0.000000 1.000000 0.000000
vn 0.000000 1.000000 0.000000
vn 0.000000 -1.000000 0.000000
vn 0.000000 -1.000000 0.000000
vn 0.000000 -1.000000 0.000000
vn 0.000000 -1.000000 0.000000
vn 0.000000 1.000000 0.000000
vn 0.000000 1.000000 0.000000
vn 0.000000 1.000000 0.000000
vn 0.000000 1.000000 0.000000
vn 0.000000 -1.000000 0.000000
vn 0.000000 -1.000000 0.000000
vn 0.000000 -1.000000 0.000000
vn 0.000000 -1.000000 0.000000
vn 0.000000 1.000000 0.000000
vn 0.000000 1.000000 0.000000
vn 0.000000 1.000000 0.000000
vn 0.000000 1.000000 0.000000
vn 0.000000 -1.000000 0.000000
vn 0.000000 -1.000000 0.000000
vn 0.000000 -1.000000 0.000000
vn 0.000000 -1.000000 0.000000
vn 0.000000 1.000000 0.000000
vn 0.000000 1.000000 0.000000
vn 0.000000 1.000000 0.000000
vn 0.000000 1.000000 0.000000
vn 0.000000 -1.000000 0.000000
vn 0.000000 -1.000000 0.000000
vn 0.000000 -1.000000 0.000000
vn 0.000000 -1.000000 0.000000
vn 0.000000 1.000000 0.000000
vn 0.000000 1.000000 0.000000
vn 0.000000 1.000000 0.000000
vn 0.000000 1.000000 0.000000
vn 0.000000 -1.000000 0.000000
vn 0.000000 -1.000000 0.000000
vn 0.000000 -1.000000 0.000000
vn 0.000000 -1.000000 0.000000
vn 0.000000 1.000000 0.000000
vn 0.000000 1.000000 0.000000
vn 0.000000 1.000000 0.000000
vn 0.000000 1.000000 0.000000
vn 0.000000 -1.000000 0.000000
vn 0.000000 -1.000000 0.000000
vn 0.000000 -1.000000 0.000000
vn 0.000000 -1.000000 0.000000
vn 0.000000 1.000000 0.000000
vn 0.000000 1.000000 0.000000
vn 0.000000 1.000000 0.000000
vn 0.000000 1.000000 0.000000
vn 0.000000 -1.000000 0.000000
vn 0.000000 -1.000000 0.000000
vn 0.000000 -1.000000 0.000000
vn 0.000000 -1.000000 0.000000
vn 0.000000 1.000000 0.000000
vn 0.000000 1.000000 0.000000
vn 0.000000 1.000000 0.000000
vn 0.000000 1.000000 0.000000
vn 0.000000 -1.000000 0.000000
vn 0.000000 -1.000000 0.000000
vn 0.000000 -1.000000 0.000000
vn 0.000000 -1.000000 0.000000
vn 0.000000 1.000000 0.000000
vn 0.000000 1.000000 0.000000
vn 0.000000 1.000000 0.000000
vn 0.000000 1.000000 0.000000
vn 0.000000 -1.000000 0.000000
vn 0.000000 -1.000000 0.000000
vn 0.000000 -1.000000 0.000000
vn 0.000000 -1.000000 0.000000
vn 0.000000 1.000000 0.000000
vn 0.000000 1.000000 0.000000
vn 0.000000 1.000000 0.000000
vn 0.000000 1.000000 0.000000
vn 0.000000 -1.000000 0.000000
vn 0.000000 -1.000000 0.000000
vn 0.000000 -1.000000 0.000000
vn 0.000000 -1.000000 0.000000
vn 0.000000 1.000000 0.000000
vn 0.000000 1.000000 0.000000
vn 0.000000 1.000000 0.000000
vn 0.000000 1.000000 0.000000
vn 0.000000 -1.000000 0.000000
vn 0.000000 -1.000000 0.000000
vn 0.000000 -1.000000 0.000000
vn 0.000000 -1.000000 0.000000
vn 0.000000 1.000000 0.000000
vn 0.000000 1.000000 0.000000
vn 0.000000 1.000000 0.000000
vn 0.000000 1.000000 0.000000
vn 0.000000 -1.000000 0.000000
vn 0.000000 -1.000000 0.000000
vn 0.000000 -1.000000 0.000000
vn 0.000000 -1.000000 0.000000
vn -0.012086 0.999927 0.000000
vn -0.012086 0.999927 0.000000
vn -0.012086 0.999927 0.000000
vn -0.012086 0.999927 0.000000
vn 0.012076 -0.999927 0.000000
vn 0.012076 -0.999927 0.000000
vn 0.012076 -0.999927 0.000000
vn 0.012076 -0.999927 0.000000
vn -0.036233 0.999343 0.000000
vn -0.036233 0.999343 0.000000
vn -0.036233 0.999343 0.000000
vn -0.036233 0.999343 0.000000
vn 0.036228 -0.999344 0.000000
vn 0.036228 -0.999344 0.000000
vn 0.036228 -0.999344 0.000000
vn 0.036228 -0.999344 0.000000
vn -0.060380 0.998175 0.000000
vn -0.060380 0.998175 0.000000
vn -0.060380 0.998175 0.000000
vn -0.060380 0.998176 0.000000
vn 0.060380 -0.998175 0.000000
vn 0.060380 -0.998175 0.000000
vn 0.060380 -0.998175 0.000000
vn 0.060380 -0.998175 0.000000
vn -0.084478 0.996425 0.000000
vn -0.084478 0.996425 0.000000
vn -0.084478 0.996425 0.000000
vn -0.084478 0.996425 0.000000
vn 0.084493 -0.996424 0.000000
vn 0.084493 -0.996424 0.000000
vn 0.084493 -0.996424 0.000000
vn 0.084493 -0.996424 0.000000
vn -0.108551 0.994091 0.000000
vn -0.108551 0.994091 0.000000
vn -0.108551 0.994091 0.000000
vn -0.108551 0.994091 0.000000
vn 0.108527 -0.994094 0.000000
vn 0.108527 -0.994094 0.000000
vn 0.108527 -0.994094 0.000000
vn 0.108527 -0.994094 0.000000
vn -0.132526 0.991180 0.000000
vn -0.132526 0.991180 0.000000
vn -0.132526 0.991180 0.000000
vn -0.132526 0.991180 0.000000
vn 0.132521 -0.991180 0.000000
vn 0.132521 -0.991180 0.000000
vn 0.132521 -0.991180 0.000000
vn 0.132521 -0.991180 0.000000
vn -0.156427 0.987690 0.000000
vn -0.156427 0.987690 0.000000
vn -0.156427 0.987690 0.000000
vn -0.156427 0.987690 0.000000
vn 0.156437 -0.987688 0.000000
vn 0.156437 -0.987688 0.000000
vn 0.156437 -0.987688 0.000000
vn 0.156437 -0.987688 0.000000
vn -0.180253 0.983620 0.000000
vn -0.180253 0.983620 0.000000
vn -0.180253 0.983620 0.000000
vn -0.180253 0.983620 0.000000
vn 0.180273 -0.983617 0.000000
vn 0.180273 -0.983617 0.000000
vn 0.180273 -0.983617 0.000000
vn 0.180273 -0.983617 0.000000
vn -0.203981 0.978975 0.000000
vn -0.203981 0.978975 0.000000
vn -0.203981 0.978975 0.000000
vn -0.203981 0.978975 0.000000
vn 0.203951 -0.978981 0.000000
vn 0.203952 -0.978981 0.000000
vn 0.203951 -0.978981 0.000000
vn 0.203951 -0.978981 0.000000
vn -0.227561 0.973764 0.000000
vn -0.227561 0.973764 0.000000
vn -0.227561 0.973764 0.000000
vn -0.227561 0.973764 0.000000
vn 0.227590 -0.973757 0.000000
vn 0.227590 -0.973757 0.000000
vn 0.227590 -0.973757 0.000000
vn 0.227590 -0.973757 0.000000
vn -0.251018 0.967982 0.000000
vn -0.251018 0.967982 0.000000
vn -0.251018 0.967982 0.000000
vn -0.251018 0.967982 0.000000
vn 0.251032 -0.967979 0.000000
vn 0.251032 -0.967979 0.000000
vn 0.251032 -0.967979 0.000000
vn 0.251032 -0.967979 0.000000
vn -0.274351 0.961630 0.000000
vn -0.274351 0.961630 0.000000
vn -0.274351 0.961630 0.000000
vn -0.274351 0.961630 0.000000
vn 0.274318 -0.961639 0.000000
vn 0.274318 -0.961639 0.000000
vn 0.274318 -0.961639 0.000000
vn 0.274318 -0.961639 0.000000
vn -0.297511 0.954719 0.000000
vn -0.297511 0.954719 0.000000
vn -0.297511 0.954719 0.000000
vn -0.297511 0.954719 0.000000
vn 0.297520 -0.954716 0.000000
vn 0.297520 -0.954716 0.000000
vn 0.297520 -0.954716 0.000000
vn 0.297520 -0.954716 0.000000
vn -0.320476 0.947257 0.000000
vn -0.320476 0.947257 0.000000
vn -0.320476 0.947257 0.000000
vn -0.320476 0.947257 0.000000
vn 0.320490 -0.947252 0.000000
vn 0.320490 -0.947252 0.000000
vn 0.320490 -0.947252 0.000000
vn 0.320490 -0.947252 0.000000
vn -0.343288 0.939230 0.000000
vn -0.343288 0.939230 0.000000
vn -0.343288 0.939230 0.000000
vn -0.343288 0.939230 0.000000
vn 0.343262 -0.939240 0.000000
vn 0.343262 -0.939240 0.000000
vn 0.343262 -0.939240 0.000000
vn 0.343262 -0.939240 0.000000
vn -0.365882 0.930661 0.000000
vn -0.365882 0.930661 0.000000
vn -0.365882 0.930661 0.000000
vn -0.365882 0.930661 0.000000
vn 0.365874 -0.930664 0.000000
vn 0.365874 -0.930664 0.000000
vn 0.365874 -0.930664 0.000000
vn 0.365874 -0.930664 0.000000
vn -0.388255 0.921552 0.000000
vn -0.388255 0.921552 0.000000
vn -0.388255 0.921552 0.000000
vn -0.388255 0.921552 0.000000
vn 0.388283 -0.921540 0.000000
vn 0.388283 -0.921540 0.000000
vn 0.388283 -0.921540 0.000000
vn 0.388283 -0.921540 0.000000
vn -0.410406 0.911903 0.000000
vn -0.410406 0.911903 0.000000
vn -0.410406 0.911903 0.000000
vn -0.410406 0.911903 0.000000
vn 0.410394 -0.911908 0.000000
vn 0.410394 -0.911908 0.000000
vn 0.410394 -0.911908 0.000000
vn 0.410394 -0.911908 0.000000
vn -0.432330 0.901716 0.000000
vn -0.432330 0.901716 0.000000
vn -0.432330 0.901716 0.000000
vn -0.432330 0.901716 0.000000
vn 0.432329 -0.901716 0.000000
vn 0.432329 -0.901716 0.000000
vn 0.432329 -0.901716 0.000000
vn 0.432329 -0.901716 0.000000
vn -0.453988 0.891008 0.000000
vn -0.453988 0.891008 0.000000
vn -0.453988 0.891008 0.000000
vn -0.453988 0.891008 0.000000
vn 0.453996 -0.891003 0.000000
vn 0.453996 -0.891004 0.000000
vn 0.453996 -0.891003 0.000000
vn 0.453996 -0.891003 0.000000
vn -0.475395 0.879773 0.000000
vn -0.475395 0.879773 0.000000
vn -0.475395 0.879773 0.000000
vn -0.475395 0.879773 0.000000
vn 0.475387 -0.879777 0.000000
vn 0.475387 -0.879777 0.000000
vn 0.475387 -0.879777 0.000000
vn 0.475387 -0.879777 0.000000
vn -0.496509 0.868031 0.000000
vn -0.496509 0.868031 0.000000
vn -0.496509 0.868031 0.000000
vn -0.496509 0.868031 0.000000
vn 0.496502 -0.868035 0.000000
vn 0.496502 -0.868035 0.000000
vn 0.496502 -0.868035 0.000000
vn 0.496502 -0.868035 0.000000
vn -0.517330 0.855786 0.000000
vn -0.517330 0.855786 0.000000
vn -0.517330 0.855786 0.000000
vn -0.517330 0.855786 0.000000
vn 0.517337 -0.855782 0.000000
vn 0.517337 -0.855782 0.000000
vn 0.517337 -0.855782 0.000000
vn 0.517337 -0.855782 0.000000
vn -0.537871 0.843027 0.000000
vn -0.537871 0.843027 0.000000
vn -0.537871 0.843027 0.000000
vn -0.537871 0.843027 0.000000
vn 0.537860 -0.843034 0.000000
vn 0.537861 -0.843034 0.000000
vn 0.537860 -0.843034 0.000000
vn 0.537861 -0.843034 0.000000
vn -0.558076 0.829790 0.000000
vn -0.558076 0.829790 0.000000
vn -0.558076 0.829790 0.000000
vn -0.558076 0.829790 0.000000
vn 0.558097 -0.829776 0.000000
vn 0.558097 -0.829776 0.000000
vn 0.558097 -0.829776 0.000000
vn 0.558097 -0.829776 0.000000
vn -0.577975 0.816054 0.000000
vn -0.577975 0.816054 0.000000
vn -0.577975 0.816054 0.000000
vn -0.577975 0.816054 0.000000
vn 0.577958 -0.816067 0.000000
vn 0.577958 -0.816067 0.000000
vn 0.577958 -0.816067 0.000000
vn 0.577958 -0.816067 0.000000
vn -0.597515 0.801858 0.000000
vn -0.597515 0.801858 0.000000
vn -0.597515 0.801858 0.000000
vn -0.597515 0.801858 0.000000
vn 0.597525 -0.801850 0.000000
vn 0.597525 -0.801850 0.000000
vn 0.597525 -0.801850 0.000000
vn 0.597525 -0.801850 0.000000
vn -0.616710 0.787191 0.000000
vn -0.616710 0.787191 0.000000
vn -0.616710 0.787191 0.000000
vn -0.616710 0.787191 0.000000
vn 0.616712 -0.787189 0.000000
vn 0.616712 -0.787189 0.000000
vn 0.616712 -0.787189 0.000000
vn 0.616712 -0.787189 0.000000
vn -0.635568 0.772045 0.000000
vn -0.635568 0.772045 0.000000
vn -0.635568 0.772045 0.000000
vn -0.635568 0.772045 0.000000
vn 0.635568 -0.772045 0.000000
vn 0.635568 -0.772045 0.000000
vn 0.635568 -0.772045 0.000000
vn 0.635568 -0.772045 0.000000
vn -0.654025 0.756473 0.000000
vn -0.654025 0.756473 0.000000
vn -0.654025 0.756473 0.000000
vn -0.654025 0.756473 0.000000
vn 0.654013 -0.756483 0.000000
vn 0.654013 -0.756483 0.000000
vn 0.654013 -0.756483 0.000000
vn 0.654013 -0.756483 0.000000
vn -0.672122 0.740440 0.000000
vn -0.672122 0.740440 0.000000
vn -0.672122 0.740440 0.000000
vn -0.672122 0.740440 0.000000
vn 0.672140 -0.740424 0.000000
vn 0.672140 -0.740424 0.000000
vn 0.672140 -0.740424 0.000000
vn 0.672140 -0.740424 0.000000
vn -0.689812 0.723989 0.000000
vn -0.689812 0.723989 0.000000
vn -0.689812 0.723989 0.000000
vn -0.689812 0.723989 0.000000
vn 0.689804 -0.723996 0.000000
vn 0.689804 -0.723996 0.000000
vn 0.689804 -0.723996 0.000000
vn 0.689804 -0.723996 0.000000
vn -0.707104 0.707109 0.000000
vn -0.707105 0.707109 0.000000
vn -0.707104 0.707109 0.000000
vn -0.707104 0.707109 0.000000
vn 0.707114 -0.707099 0.000000
vn 0.707114 -0.707099 0.000000
vn 0.707114 -0.707099 0.000000
vn 0.707114 -0.707099 0.000000
vn -0.723992 0.689809 0.000000
vn -0.723992 0.689809 0.000000
vn -0.723992 0.689809 0.000000
vn -0.723992 0.689809 0.000000
vn 0.723979 -0.689822 0.000000
vn 0.723979 -0.689822 0.000000
vn 0.723979 -0.689822 0.000000
vn 0.723979 -0.689822 0.000000
vn -0.740446 0.672116 0.000000
vn -0.740446 0.672116 0.000000
vn -0.740446 0.672116 0.000000
vn -0.740446 0.672116 0.000000
vn 0.740437 -0.672126 0.000000
vn 0.740437 -0.672126 0.000000
vn 0.740437 -0.672126 0.000000
vn 0.740437 -0.672126 0.000000
vn -0.756463 0.654036 0.000000
vn -0.756463 0.654036 0.000000
vn -0.756463 0.654036 0.000000
vn -0.756463 0.654036 0.000000
vn 0.756478 -0.654019 0.000000
vn 0.756478 -0.654019 0.000000
vn 0.756478 -0.654019 0.000000
vn 0.756478 -0.654019 0.000000
vn -0.772049 0.635563 0.000000
vn -0.772049 0.635563 0.000000
vn -0.772049 0.635563 0.000000
vn -0.772049 0.635563 0.000000
vn 0.772047 -0.635566 0.000000
vn 0.772047 -0.635566 0.000000
vn 0.772047 -0.635566 0.000000
vn 0.772047 -0.635566 0.000000
vn -0.787185 0.616717 0.000000
vn -0.787185 0.616717 0.000000
vn -0.787185 0.616717 0.000000
vn -0.787185 0.616717 0.000000
vn 0.787188 -0.616713 0.000000
vn 0.787188 -0.616713 0.000000
vn 0.787188 -0.616713 0.000000
vn 0.787188 -0.616713 0.000000
vn -0.801859 0.597513 0.000000
vn -0.801859 0.597513 0.000000
vn -0.801859 0.597513 0.000000
vn -0.801859 0.597513 0.000000
vn 0.801848 -0.597528 0.000000
vn 0.801848 -0.597528 0.000000
vn 0.801848 -0.597528 0.000000
vn 0.801848 -0.597528 0.000000
vn -0.816056 0.577973 0.000000
vn -0.816056 0.577973 0.000000
vn -0.816056 0.577973 0.000000
vn -0.816056 0.577973 0.000000
vn 0.816068 -0.577957 0.000000
vn 0.816068 -0.577957 0.000000
vn 0.816068 -0.577957 0.000000
vn 0.816068 -0.577957 0.000000
vn -0.829787 0.558080 0.000000
vn -0.829787 0.558080 0.000000
vn -0.829787 0.558080 0.000000
vn -0.829787 0.558080 0.000000
vn 0.829784 -0.558085 0.000000
vn 0.829784 -0.558085 0.000000
vn 0.829784 -0.558085 0.000000
vn 0.829784 -0.558085 0.000000
vn -0.843031 0.537866 0.000000
vn -0.843031 0.537865 0.000000
vn -0.843031 0.537866 0.000000
vn -0.843031 0.537866 0.000000
vn 0.843032 -0.537863 0.000000
vn 0.843032 -0.537863 0.000000
vn 0.843032 -0.537863 0.000000
vn 0.843032 -0.537863 0.000000
vn -0.855782 0.517337 0.000000
vn -0.855782 0.517337 0.000000
vn -0.855782 0.517337 0.000000
vn -0.855782 0.517337 0.000000
vn 0.855782 -0.517337 0.000000
vn 0.855782 -0.517337 0.000000
vn 0.855782 -0.517337 0.000000
vn 0.855782 -0.517337 0.000000
vn -0.868034 0.496504 0.000000
vn -0.868034 0.496504 0.000000
vn -0.868034 0.496504 0.000000
vn -0.868034 0.496504 0.000000
vn 0.868028 -0.496516 0.000000
vn 0.868028 -0.496516 0.000000
vn 0.868028 -0.496516 0.000000
vn 0.868027 -0.496516 0.000000
vn -0.879778 0.475386 0.000000
vn -0.879778 0.475386 0.000000
vn -0.879778 0.475386 0.000000
vn -0.879778 0.475386 0.000000
vn 0.879777 -0.475387 0.000000
vn 0.879777 -0.475387 0.000000
vn 0.879777 -0.475387 0.000000
vn 0.879777 -0.475387 0.000000
vn -0.891006 0.453991 0.000000
vn -0.891006 0.453991 0.000000
vn -0.891006 0.453991 0.000000
vn -0.891006 0.453991 0.000000
vn 0.891011 -0.453983 0.000000
vn 0.891011 -0.453983 0.000000
vn 0.891011 -0.453983 0.000000
vn 0.891011 -0.453983 0.000000
vn -0.901715 0.432331 0.000000
vn -0.901715 0.432331 0.000000
vn -0.901715 0.432331 0.000000
vn -0.901715 0.432331 0.000000
vn 0.901717 -0.432327 0.000000
vn 0.901717 -0.432327 0.000000
vn 0.901717 -0.432327 0.000000
vn 0.901717 -0.432327 0.000000
vn -0.911899 0.410414 0.000000
vn -0.911899 0.410414 0.000000
vn -0.911899 0.410414 0.000000
vn -0.911899 0.410414 0.000000
vn 0.911900 -0.410413 0.000000
vn 0.911900 -0.410413 0.000000
vn 0.911900 -0.410413 0.000000
vn 0.911900 -0.410413 0.000000
vn -0.921553 0.388253 0.000000
vn -0.921553 0.388253 0.000000
vn -0.921553 0.388253 0.000000
vn -0.921553 0.388253 0.000000
vn 0.921548 -0.388264 0.000000
vn 0.921548 -0.388264 0.000000
vn 0.921548 -0.388264 0.000000
vn 0.921548 -0.388264 0.000000
vn -0.930664 0.365876 0.000000
vn -0.930664 0.365876 0.000000
vn -0.930664 0.365876 0.000000
vn -0.930664 0.365876 0.000000
vn 0.930666 -0.365870 0.000000
vn 0.930666 -0.365870 0.000000
vn 0.930666 -0.365870 0.000000
vn 0.930666 -0.365870 0.000000
vn -0.939232 0.343284 0.000000
vn -0.939232 0.343284 0.000000
vn -0.939232 0.343284 0.000000
vn -0.939232 0.343284 0.000000
vn 0.939230 -0.343287 0.000000
vn 0.939230 -0.343287 0.000000
vn 0.939230 -0.343287 0.000000
vn 0.939230 -0.343287 0.000000
vn -0.947252 0.320489 0.000000
vn -0.947252 0.320489 0.000000
vn -0.947252 0.320489 0.000000
vn -0.947252 0.320489 0.000000
vn 0.947254 -0.320484 0.000000
vn 0.947254 -0.320484 0.000000
vn 0.947254 -0.320484 0.000000
vn 0.947254 -0.320484 0.000000
vn -0.954722 0.297498 0.000000
vn -0.954722 0.297498 0.000000
vn -0.954722 0.297498 0.000000
vn -0.954722 0.297498 0.000000
vn 0.954721 -0.297502 0.000000
vn 0.954721 -0.297502 0.000000
vn 0.954721 -0.297502 0.000000
vn 0.954721 -0.297502 0.000000
vn -0.961630 0.274349 0.000000
vn -0.961630 0.274349 0.000000
vn -0.961630 0.274349 0.000000
vn -0.961630 0.274349 0.000000
vn 0.961630 -0.274349 0.000000
vn 0.961630 -0.274349 0.000000
vn 0.961630 -0.274349 0.000000
vn 0.961630 -0.274349 0.000000
vn -0.967980 0.251028 0.000000
vn -0.967980 0.251028 0.000000
vn -0.967980 0.251028 0.000000
vn -0.967980 0.251029 0.000000
vn 0.967979 -0.251030 0.000000
vn 0.967979 -0.251030 0.000000
vn 0.967979 -0.251030 0.000000
vn 0.967979 -0.251030 0.000000
vn -0.973762 0.227568 0.000000
vn -0.973762 0.227568 0.000000
vn -0.973762 0.227568 0.000000
vn -0.973762 0.227568 0.000000
vn 0.973764 -0.227562 0.000000
vn 0.973764 -0.227562 0.000000
vn 0.973764 -0.227562 0.000000
vn 0.973764 -0.227562 0.000000
vn -0.978977 0.203969 0.000000
vn -0.978977 0.203969 0.000000
vn -0.978977 0.203969 0.000000
vn -0.978977 0.203969 0.000000
vn 0.978976 -0.203976 0.000000
vn 0.978976 -0.203976 0.000000
vn 0.978976 -0.203976 0.000000
vn 0.978976 -0.203976 0.000000
vn -0.983620 0.180255 0.000000
vn -0.983620 0.180255 0.000000
vn -0.983620 0.180255 0.000000
vn -0.983620 0.180255 0.000000
vn 0.983621 -0.180248 0.000000
vn 0.983621 -0.180248 0.000000
vn 0.983621 -0.180248 0.000000
vn 0.983621 -0.180248 0.000000
vn -0.987688 0.156438 0.000000
vn -0.987688 0.156438 0.000000
vn -0.987688 0.156438 0.000000
vn -0.987688 0.156438 0.000000
vn 0.987688 -0.156439 0.000000
vn 0.987688 -0.156439 0.000000
vn 0.987688 -0.156439 0.000000
vn 0.987688 -0.156439 0.000000
vn -0.991180 0.132521 0.000000
vn -0.991180 0.132521 0.000000
vn -0.991180 0.132521 0.000000
vn -0.991180 0.132521 0.000000
vn 0.991180 -0.132520 0.000000
vn 0.991180 -0.132520 0.000000
vn 0.991180 -0.132520 0.000000
vn 0.991180 -0.132520 0.000000
vn -0.994093 0.108535 0.000000
vn -0.994093 0.108535 0.000000
vn -0.994093 0.108535 0.000000
vn -0.994093 0.108535 0.000000
vn 0.994093 -0.108533 0.000000
vn 0.994093 -0.108533 0.000000
vn 0.994093 -0.108533 0.000000
vn 0.994093 -0.108533 0.000000
vn -0.996425 0.084481 0.000000
vn -0.996425 0.084481 0.000000
vn -0.996425 0.084481 0.000000
vn -0.996425 0.084481 0.000000
vn 0.996425 -0.084483 0.000000
vn 0.996425 -0.084483 0.000000
vn 0.996425 -0.084483 0.000000
vn 0.996425 -0.084483 0.000000
vn -0.998176 0.060378 0.000000
vn -0.998176 0.060378 0.000000
vn -0.998176 0.060378 0.000000
vn -0.998176 0.060378 0.000000
vn 0.998176 -0.060376 0.000000
vn 0.998176 -0.060376 0.000000
vn 0.998176 -0.060376 0.000000
vn 0.998176 -0.060376 0.000000
vn -0.999343 0.036241 0.000000
vn -0.999343 0.036241 0.000000
vn -0.999343 0.036241 0.000000
vn -0.999343 0.036241 0.000000
vn 0.999343 -0.036242 0.000000
vn 0.999343 -0.036242 0.000000
vn 0.999343 -0.036242 0.000000
vn 0.999343 -0.036242 0.000000
vn -0.999927 0.012083 0.000000
vn -0.999927 0.012083 0.000000
vn -0.999927 0.012083 0.000000
vn -0.999927 0.012083 0.000000
vn 0.999927 -0.012083 0.000000
vn 0.999927 -0.012083 0.000000
vn 0.999927 -0.012083 0.000000
vn 0.999927 -0.012083 0.000000
vn -1.000000 0.000000 0.000000
vn -1.000000 0.000000 0.000000
vn -1.000000 0.000000 0.000000
vn -1.000000 0.000000 0.000000
vn 1.000000 0.000000 0.000000
vn 1.000000 0.000000 0.000000
vn 1.000000 0.000000 0.000000
vn 1.000000 0.000000 0.000000
vn -1.000000 0.000000 0.000000
vn -1.000000 0.000000 0.000000
vn -1.000000 0.000000 0.000000
vn -1.000000 0.000000 0.000000
vn 1.000000 0.000000 0.000000
vn 1.000000 0.000000 0.000000
vn 1.000000 0.000000 0.000000
vn 1.000000 0.000000 0.000000
vn -1.000000 0.000000 0.000000
vn -1.000000 0.000000 0.000000
vn -1.000000 0.000000 0.000000
vn -1.000000 0.000000 0.000000
vn 1.000000 0.000000 0.000000
vn 1.000000 0.000000 0.000000
vn 1.000000 0.000000 0.000000
vn 1.000000 0.000000 0.000000
vn -1.000000 0.000000 0.000000
vn -1.000000 0.000000 0.000000
vn -1.000000 0.000000 0.000000
vn -1.000000 0.000000 0.000000
vn 1.000000 0.000000 0.000000
vn 1.000000 0.000000 0.000000
vn 1.000000 0.000000 0.000000
vn 1.000000 0.000000 0.000000
vn -1.000000 0.000000 0.000000
vn -1.000000 0.000000 0.000000
vn -1.000000 0.000000 0.000000
vn -1.000000 0.000000 0.000000
vn 1.000000 0.000000 0.000000
vn 1.000000 0.000000 0.000000
vn 1.000000 0.000000 0.000000
vn 1.000000 0.000000 0.000000
vn -1.000000 0.000000 0.000000
vn -1.000000 0.000000 0.000000
vn -1.000000 0.000000 0.000000
vn -1.000000 0.000000 0.000000
vn 1.000000 0.000000 0.000000
vn 1.000000 0.000000 0.000000
vn 1.000000 0.000000 0.000000
vn 1.000000 0.000000 0.000000
vn -1.000000 0.000000 0.000000
vn -1.000000 0.000000 0.000000
vn -1.000000 0.000000 0.000000
vn -1.000000 0.000000 0.000000
vn 1.000000 0.000000 0.000000
vn 1.000000 0.000000 0.000000
vn 1.000000 0.000000 0.000000
vn 1.000000 0.000000 0.000000
vn -1.000000 0.000000 0.000000
vn -1.000000 0.000000 0.000000
vn -1.000000 0.000000 0.000000
vn -1.000000 0.000000 0.000000
vn 1.000000 0.000000 0.000000
vn 1.000000 0.000000 0.000000
vn 1.000000 0.000000 0.000000
vn 1.000000 0.000000 0.000000
vn -1.000000 0.000000 0.000000
vn -1.000000 0.000000 0.000000
vn -1.000000 0.000000 0.000000
vn -1.000000 0.000000 0.000000
vn 1.000000 0.000000 0.000000
vn 1.000000 0.000000 0.000000
vn 1.000000 0.000000 0.000000
vn 1.000000 0.000000 0.000000
vn -1.000000 0.000000 0.000000
vn -1.000000 0.000000 0.000000
vn -1.000000 0.000000 0.000000
vn -1.000000 0.000000 0.000000
vn 1.000000 0.000000 0.000000
vn 1.000000 0.000000 0.000000
vn 1.000000 0.000000 0.000000
vn 1.000000 0.000000 0.000000
vn -1.000000 0.000000 0.000000
vn -1.000000 0.000000 0.000000
vn -1.000000 0.000000 0.000000
vn -1.000000 0.000000 0.000000
vn 1.000000 0.000000 0.000000
vn 1.000000 0.000000 0.000000
vn 1.000000 0.000000 0.000000
vn 1.000000 0.000000 0.000000
vn -1.000000 0.000000 0.000000
vn -1.000000 0.000000 0.000000
vn -1.000000 0.000000 0.000000
vn -1.000000 0.000000 0.000000
vn 1.000000 0.000000 0.000000
vn 1.000000 0.000000 0.000000
vn 1.000000 0.000000 0.000000
vn 1.000000 0.000000 0.000000
vn -1.000000 0.000000 0.000000
vn -1.000000 0.000000 0.000000
vn -1.000000 0.000000 0.000000
vn -1.000000 0.000000 0.000000
vn 1.000000 0.000000 0.000000
vn 1.000000 0.000000 0.000000
vn 1.000000 0.000000 0.000000
vn 1.000000 0.000000 0.000000
vn -1.000000 0.000000 0.000000
vn -1.000000 0.000000 0.000000
vn -1.000000 0.000000 0.000000
vn -1.000000 0.000000 0.000000
vn 1.000000 0.000000 0.000000
vn 1.000000 0.000000 0.000000
vn 1.000000 0.000000 0.000000
vn 1.000000 0.000000 0.000000
vn -1.000000 0.000000 0.000000
vn -1.000000 0.000000 0.000000
vn -1.000000 0.000000 0.000000
vn -1.000000 0.000000 0.000000
vn 1.000000 0.000000 0.000000
vn 1.000000 0.000000 0.000000
vn 1.000000 0.000000 0.000000
vn 1.000000 0.000000 0.000000
vn -1.000000 0.000000 0.000000
vn -1.000000 0.000000 0.000000
vn -1.000000 0.000000 0.000000
vn -1.000000 0.000000 0.000000
vn 1.000000 0.000000 0.000000
vn 1.000000 0.000000 0.000000
vn 1.000000 0.000000 0.000000
vn 1.000000 0.000000 0.000000
vn -1.000000 0.000000 0.000000
vn -1.000000 0.000000 0.000000
vn -1.000000 0.000000 0.000000
vn -1.000000 0.000000 0.000000
vn 1.000000 0.000000 0.000000
vn 1.000000 0.000000 0.000000
vn 1.000000 0.000000 0.000000
vn 1.000000 0.000000 0.000000
vn -1.000000 0.000000 0.000000
vn -1.000000 0.000000 0.000000
vn -1.000000 0.000000 0.000000
vn -1.000000 0.000000 0.000000
vn 1.000000 0.000000 0.000000
vn 1.000000 0.000000 0.000000
vn 1.000000 0.000000 0.000000
vn 1.000000 0.000000 0.000000
vn -1.000000 0.000000 0.000000
vn -1.000000 0.000000 0.000000
vn -1.000000 0.000000 0.000000
vn -1.000000 0.000000 0.000000
vn 1.000000 0.000000 0.000000
vn 1.000000 0.000000 0.000000
vn 1.000000 0.000000 0.000000
vn 1.000000 0.000000 0.000000
vn -1.000000 0.000000 0.000000
vn -1.000000 0.000000 0.000000
vn -1.000000 0.000000 0.000000
vn -1.000000 0.000000 0.000000
vn 1.000000 0.000000 0.000000
vn 1.000000 0.000000 0.000000
vn 1.000000 0.000000 0.000000
vn 1.000000 0.000000 0.000000
vn -1.000000 0.000000 0.000000
vn -1.000000 0.000000 0.000000
vn -1.000000 0.000000 0.000000
vn -1.000000 0.000000 0.000000
vn 1.000000 0.000000 0.000000
vn 1.000000 0.000000 0.000000
vn 1.000000 0.000000 0.000000
vn 1.000000 0.000000 0.000000
vn -1.000000 0.000000 0.000000
vn -1.000000 0.000000 0.000000
vn -1.000000 0.000000 0.000000
vn -1.000000 0.000000 0.000000
vn 1.000000 0.000000 0.000000
vn 1.000000 0.000000 0.000000
vn 1.000000 0.000000 0.000000
vn 1.000000 0.000000 0.000000
vn -1.000000 0.000000 0.000000
vn -1.000000 0.000000 0.000000
vn -1.000000 0.000000 0.000000
vn -1.000000 0.000000 0.000000
vn 1.000000 0.000000 0.000000
vn 1.000000 0.000000 0.000000
vn 1.000000 0.000000 0.000000
vn 1.000000 0.000000 0.000000
vn -1.000000 0.000000 0.000000
vn -1.000000 0.000000 0.000000
vn -1.000000 0.000000 0.000000
vn -1.000000 0.000000 0.000000
vn 1.000000 0.000000 0.000000
vn 1.000000 0.000000 0.000000
vn 1.000000 0.000000 0.000000
vn 1.000000 0.000000 0.000000
vn -1.000000 0.000000 0.000000
vn -1.000000 0.000000 0.000000
vn -1.000000 0.000000 0.000000
vn -1.000000 0.000000 0.000000
vn 1.000000 0.000000 0.000000
vn 1.000000 0.000000 0.000000
vn 1.000000 0.000000 0.000000
vn 1.000000 0.000000 0.000000
vn -1.000000 0.000000 0.000000
vn -1.000000 0.000000 0.000000
vn -1.000000 0.000000 0.000000
vn -1.000000 0.000000 0.000000
vn 1.000000 0.000000 0.000000
vn 1.000000 0.000000 0.000000
vn 1.000000 0.000000 0.000000
vn 1.000000 0.000000 0.000000
vn -1.000000 0.000000 0.000000
vn -1.000000 0.000000 0.000000
vn -1.000000 0.000000 0.000000
vn -1.000000 0.000000 0.000000
vn 1.000000 0.000000 0.000000
vn 1.000000 0.000000 0.000000
vn 1.000000 0.000000 0.000000
vn 1.000000 0.000000 0.000000
vn -1.000000 0.000000 0.000000
vn -1.000000 0.000000 0.000000
vn -1.000000 0.000000 0.000000
vn -1.000000 0.000000 0.000000
vn 1.000000 0.000000 0.000000
vn 1.000000 0.000000 0.000000
vn 1.000000 0.000000 0.000000
vn 1.000000 0.000000 0.000000
vn -1.000000 0.000000 0.000000
vn -1.000000 0.000000 0.000000
vn -1.000000 0.000000 0.000000
vn -1.000000 0.000000 0.000000
vn 1.000000 0.000000 0.000000
vn 1.000000 0.000000 0.000000
vn 1.000000 0.000000 0.000000
vn 1.000000 0.000000 0.000000
vn -1.000000 0.000000 0.000000
vn -1.000000 0.000000 0.000000
vn -1.000000 0.000000 0.000000
vn -1.000000 0.000000 0.000000
vn 1.000000 0.000000 0.000000
vn 1.000000 0.000000 0.000000
vn 1.000000 0.000000 0.000000
vn 1.000000 0.000000 0.000000
vn -1.000000 0.000000 0.000000
vn -1.000000 0.000000 0.000000
vn -1.000000 0.000000 0.000000
vn -1.000000 0.000000 0.000000
vn 1.000000 0.000000 0.000000
vn 1.000000 0.000000 0.000000
vn 1.000000 0.000000 0.000000
vn 1.000000 0.000000 0.000000
vn -1.000000 0.000000 0.000000
vn -1.000000 0.000000 0.000000
vn -1.000000 0.000000 0.000000
vn -1.000000 0.000000 0.000000
vn 1.000000 0.000000 0.000000
vn 1.000000 0.000000 0.000000
vn 1.000000 0.000000 0.000000
vn 1.000000 0.000000 0.000000
vn -1.000000 0.000000 0.000000
vn -1.000000 0.000000 0.000000
vn -1.000000 0.000000 0.000000
vn -1.000000 0.000000 0.000000
vn 1.000000 0.000000 0.000000
vn 1.000000 0.000000 0.000000
vn 1.000000 0.000000 0.000000
vn 1.000000 0.000000 0.000000
vn -1.000000 0.000000 0.000000
vn -1.000000 0.000000 0.000000
vn -1.000000 0.000000 0.000000
vn -1.000000 0.000000 0.000000
vn 1.000000 0.000000 0.000000
vn 1.000000 0.000000 0.000000
vn 1.000000 0.000000 0.000000
vn 1.000000 0.000000 0.000000
vn -1.000000 0.000000 0.000000
vn -1.000000 0.000000 0.000000
vn -1.000000 0.000000 0.000000
vn -1.000000 0.000000 0.000000
vn 1.000000 0.000000 0.000000
vn 1.000000 0.000000 0.000000
vn 1.000000 0.000000 0.000000
vn 1.000000 0.000000 0.000000
vn -1.000000 0.000000 0.000000
vn -1.000000 0.000000 0.000000
vn -1.000000 0.000000 0.000000
vn -1.000000 0.000000 0.000000
vn 1.000000 0.000000 0.000000
vn 1.000000 0.000000 0.000000
vn 1.000000 0.000000 0.000000
vn 1.000000 0.000000 0.000000
vn -1.000000 0.000000 0.000000
vn -1.000000 0.000000 0.000000
vn -1.000000 0.000000 0.000000
vn -1.000000 0.000000 0.000000
vn 1.000000 0.000000 0.000000
vn 1.000000 0.000000 0.000000
vn 1.000000 0.000000 0.000000
vn 1.000000 0.000000 0.000000
vn -1.000000 0.000000 0.000000
vn -1.000000 0.000000 0.000000
vn -1.000000 0.000000 0.000000
vn -1.000000 0.000000 0.000000
vn 1.000000 0.000000 0.000000
vn 1.000000 0.000000 0.000000
vn 1.000000 0.000000 0.000000
vn 1.000000 0.000000 0.000000
vn -1.000000 0.000000 0.000000
vn -1.000000 0.000000 0.000000
vn -1.000000 0.000000 0.000000
vn -1.000000 0.000000 0.000000
vn 1.000000 0.000000 0.000000
vn 1.000000 0.000000 0.000000
vn 1.000000 0.000000 0.000000
vn 1.000000 0.000000 0.000000
vn -1.000000 0.000000 0.000000
vn -1.000000 0.000000 0.000000
vn -1.000000 0.000000 0.000000
vn -1.000000 0.000000 0.000000
vn 1.000000 0.000000 0.000000
vn 1.000000 0.000000 0.000000
vn 1.000000 0.000000 0.000000
vn 1.000000 0.000000 0.000000
vn -1.000000 0.000000 0.000000
vn -1.000000 0.000000 0.000000
vn -1.000000 0.000000 0.000000
vn -1.000000 0.000000 0.000000
vn 1.000000 0.000000 0.000000
vn 1.000000 0.000000 0.000000
vn 1.000000 0.000000 0.000000
vn 1.000000 0.000000 0.000000
vn -1.000000 0.000000 0.000000
vn -1.000000 0.000000 0.000000
vn -1.000000 0.000000 0.000000
vn -1.000000 0.000000 0.000000
vn 1.000000 0.000000 0.000000
vn 1.000000 0.000000 0.000000
vn 1.000000 0.000000 0.000000
vn 1.000000 0.000000 0.000000
vn -1.000000 0.000000 0.000000
vn -1.000000 0.000000 0.000000
vn -1.000000 0.000000 0.000000
vn -1.000000 0.000000 0.000000
vn 1.000000 0.000000 0.000000
vn 1.000000 0.000000 0.000000
vn 1.000000 0.000000 0.000000
vn 1.000000 0.000000 0.000000
vn -1.000000 0.000000 0.000000
vn -1.000000 0.000000 0.000000
vn -1.000000 0.000000 0.000000
vn -1.000000 0.000000 0.000000
vn 1.000000 0.000000 0.000000
vn 1.000000 0.000000 0.000000
vn 1.000000 0.000000 0.000000
vn 1.000000 0.000000 0.000000
vn -1.000000 0.000000 0.000000
vn -1.000000 0.000000 0.000000
vn -1.000000 0.000000 0.000000
vn -1.000000 0.000000 0.000000
vn 1.000000 0.000000 0.000000
vn 1.000000 0.000000 0.000000
vn 1.000000 0.000000 0.000000
vn 1.000000 0.000000 0.000000
vn -1.000000 0.000000 0.000000
vn -1.000000 0.000000 0.000000
vn -1.000000 0.000000 0.000000
vn -1.000000 0.000000 0.000000
vn 1.000000 0.000000 0.000000
vn 1.000000 0.000000 0.000000
vn 1.000000 0.000000 0.000000
vn 1.000000 0.000000 0.000000
vn -1.000000 0.000000 0.000000
vn -1.000000 0.000000 0.000000
vn -1.000000 0.000000 0.000000
vn -1.000000 0.000000 0.000000
vn 1.000000 0.000000 0.000000
vn 1.000000 0.000000 0.000000
vn 1.000000 0.000000 0.000000
vn 1.000000 0.000000 0.000000
vn -1.000000 0.000000 0.000000
vn -1.000000 0.000000 0.000000
vn -1.000000 0.000000 0.000000
vn -1.000000 0.000000 0.000000
vn 1.000000 0.000000 0.000000
vn 1.000000 0.000000 0.000000
vn 1.000000 0.000000 0.000000
vn 1.000000 0.000000 0.000000
vn -1.000000 0.000000 0.000000
vn -1.000000 0.000000 0.000000
vn -1.000000 0.000000 0.000000
vn -1.000000 0.000000 0.000000
vn 1.000000 0.000000 0.000000
vn 1.000000 0.000000 0.000000
vn 1.000000 0.000000 0.000000
vn 1.000000 0.000000 0.000000
vn -1.000000 0.000000 0.000000
vn -1.000000 0.000000 0.000000
vn -1.000000 0.000000 0.000000
vn -1.000000 0.000000 0.000000
vn 1.000000 0.000000 0.000000
vn 1.000000 0.000000 0.000000
vn 1.000000 0.000000 0.000000
vn 1.000000 0.000000 0.000000
vn -1.000000 0.000000 0.000000
vn -1.000000 0.000000 0.000000
vn -1.000000 0.000000 0.000000
vn -1.000000 0.000000 0.000000
vn 1.000000 0.000000 0.000000
vn 1.000000 0.000000 0.000000
vn 1.000000 0.000000 0.000000
vn 1.000000 0.000000 0.000000
vn -1.000000 0.000000 0.000000
vn -1.000000 0.000000 0.000000
vn -1.000000 0.000000 0.000000
vn -1.000000 0.000000 0.000000
vn 1.000000 0.000000 0.000000
vn 1.000000 0.000000 0.000000
vn 1.000000 0.000000 0.000000
vn 1.000000 0.000000 0.000000
vn -1.000000 0.000000 0.000000
vn -1.000000 0.000000 0.000000
vn -1.000000 0.000000 0.000000
vn -1.000000 0.000000 0.000000
vn 1.000000 0.000000 0.000000
vn 1.000000 0.000000 0.000000
vn 1.000000 0.000000 0.000000
vn 1.000000 0.000000 0.000000
vn -1.000000 0.000000 0.000000
vn -1.000000 0.000000 0.000000
vn -1.000000 0.000000 0.000000
vn -1.000000 0.000000 0.000000
vn 1.000000 0.000000 0.000000
vn 1.000000 0.000000 0.000000
vn 1.000000 0.000000 0.000000
vn 1.000000 0.000000 0.000000
vn -1.000000 0.000000 0.000000
vn -1.000000 0.000000 0.000000
vn -1.000000 0.000000 0.000000
vn -1.000000 0.000000 0.000000
vn 1.000000 0.000000 0.000000
vn 1.000000 0.000000 0.000000
vn 1.000000 0.000000 0.000000
vn 1.000000 0.000000 0.000000
vn -1.000000 0.000000 0.000000
vn -1.000000 0.000000 0.000000
vn -1.000000 0.000000 0.000000
vn -1.000000 0.000000 0.000000
vn 1.000000 0.000000 0.000000
vn 1.000000 0.000000 0.000000
vn 1.000000 0.000000 0.000000
vn 1.000000 0.000000 0.000000
vn -1.000000 0.000000 0.000000
vn -1.000000 0.000000 0.000000
vn -1.000000 0.000000 0.000000
vn -1.000000 0.000000 0.000000
vn 1.000000 0.000000 0.000000
vn 1.000000 0.000000 0.000000
vn 1.000000 0.000000 0.000000
vn 1.000000 0.000000 0.000000
vn -1.000000 0.000000 0.000000
vn -1.000000 0.000000 0.000000
vn -1.000000 0.000000 0.000000
vn -1.000000 0.000000 0.000000
vn 1.000000 0.000000 0.000000
vn 1.000000 0.000000 0.000000
vn 1.000000 0.000000 0.000000
vn 1.000000 0.000000 0.000000
vn -1.000000 0.000000 0.000000
vn -1.000000 0.000000 0.000000
vn -1.000000 0.000000 0.000000
vn -1.000000 0.000000 0.000000
vn 1.000000 0.000000 0.000000
vn 1.000000 0.000000 0.000000
vn 1.000000 0.000000 0.000000
vn 1.000000 0.000000 0.000000
vn -1.000000 0.000000 0.000000
vn -1.000000 0.000000 0.000000
vn -1.000000 0.000000 0.000000
vn -1.000000 0.000000 0.000000
vn 1.000000 0.000000 0.000000
vn 1.000000 0.000000 0.000000
vn 1.000000 0.000000 0.000000
vn 1.000000 0.000000 0.000000
vn -1.000000 0.000000 0.000000
vn -1.000000 0.000000 0.000000
vn -1.000000 0.000000 0.000000
vn -1.000000 0.000000 0.000000
vn 1.000000 0.000000 0.000000
vn 1.000000 0.000000 0.000000
vn 1.000000 0.000000 0.000000
vn 1.000000 0.000000 0.000000
vn -1.000000 0.000000 0.000000
vn -1.000000 0.000000 0.000000
vn -1.000000 0.000000 0.000000
vn -1.000000 0.000000 0.000000
vn 1.000000 0.000000 0.000000
vn 1.000000 0.000000 0.000000
vn 1.000000 0.000000 0.000000
vn 1.000000 0.000000 0.000000
vn -1.000000 0.000000 0.000000
vn -1.000000 0.000000 0.000000
vn -1.000000 0.000000 0.000000
vn -1.000000 0.000000 0.000000
vn 1.000000 0.000000 0.000000
vn 1.000000 0.000000 0.000000
vn 1.000000 0.000000 0.000000
vn 1.000000 0.000000 0.000000
vn -1.000000 0.000000 0.000000
vn -1.000000 0.000000 0.000000
vn -1.000000 0.000000 0.000000
vn -1.000000 0.000000 0.000000
vn 1.000000 0.000000 0.000000
vn 1.000000 0.000000 0.000000
vn 1.000000 0.000000 0.000000
vn 1.000000 0.000000 0.000000
vn -1.000000 0.000000 0.000000
vn -1.000000 0.000000 0.000000
vn -1.000000 0.000000 0.000000
vn -1.000000 0.000000 0.000000
vn 1.000000 0.000000 0.000000
vn 1.000000 0.000000 0.000000
vn 1.000000 0.000000 0.000000
vn 1.000000 0.000000 0.000000
vn -1.000000 0.000000 0.000000
vn -1.000000 0.000000 0.000000
vn -1.000000 0.000000 0.000000
vn -1.000000 0.000000 0.000000
vn 1.000000 0.000000 0.000000
vn 1.000000 0.000000 0.000000
vn 1.000000 0.000000 0.000000
vn 1.000000 0.000000 0.000000
vn -1.000000 0.000000 0.000000
vn -1.000000 0.000000 0.000000
vn -1.000000 0.000000 0.000000
vn -1.000000 0.000000 0.000000
vn 1.000000 0.000000 0.000000
vn 1.000000 0.000000 0.000000
vn 1.000000 0.000000 0.000000
vn 1.000000 0.000000 0.000000
vn -1.000000 0.000000 0.000000
vn -1.000000 0.000000 0.000000
vn -1.000000 0.000000 0.000000
vn -1.000000 0.000000 0.000000
vn 1.000000 0.000000 0.000000
vn 1.000000 0.000000 0.000000
vn 1.000000 0.000000 0.000000
vn 1.000000 0.000000 0.000000
vn -1.000000 0.000000 0.000000
vn -1.000000 0.000000 0.000000
vn -1.000000 0.000000 0.000000
vn -1.000000 0.000000 0.000000
vn 1.000000 0.000000 0.000000
vn 1.000000 0.000000 0.000000
vn 1.000000 0.000000 0.000000
vn 1.000000 0.000000 0.000000
vn -1.000000 0.000000 0.000000
vn -1.000000 0.000000 0.000000
vn -1.000000 0.000000 0.000000
vn -1.000000 0.000000 0.000000
vn 1.000000 0.000000 0.000000
vn 1.000000 0.000000 0.000000
vn 1.000000 0.000000 0.000000
vn 1.000000 0.000000 0.000000
vn -1.000000 0.000000 0.000000
vn -1.000000 0.000000 0.000000
vn -1.000000 0.000000 0.000000
vn -1.000000 0.000000 0.000000
vn 1.000000 0.000000 0.000000
vn 1.000000 0.000000 0.000000
vn 1.000000 0.000000 0.000000
vn 1.000000 0.000000 0.000000
vn -1.000000 0.000000 0.000000
vn -1.000000 0.000000 0.000000
vn -1.000000 0.000000 0.000000
vn -1.000000 0.000000 0.000000
vn 1.000000 0.000000 0.000000
vn 1.000000 0.000000 0.000000
vn 1.000000 0.000000 0.000000
vn 1.000000 0.000000 0.000000
vn -1.000000 0.000000 0.000000
vn -1.000000 0.000000 0.000000
vn -1.000000 0.000000 0.000000
vn -1.000000 0.000000 0.000000
vn 1.000000 0.000000 0.000000
vn 1.000000 0.000000 0.000000
vn 1.000000 0.000000 0.000000
vn 1.000000 0.000000 0.000000
vn -1.000000 0.000000 0.000000
vn -1.000000 0.000000 0.000000
vn -1.000000 0.000000 0.000000
vn -1.000000 0.000000 0.000000
vn 1.000000 0.000000 0.000000
vn 1.000000 0.000000 0.000000
vn 1.000000 0.000000 0.000000
vn 1.000000 0.000000 0.000000
vn -1.000000 0.000000 0.000000
vn -1.000000 0.000000 0.000000
vn -1.000000 0.000000 0.000000
vn -1.000000 0.000000 0.000000
vn 1.000000 0.000000 0.000000
vn 1.000000 0.000000 0.000000
vn 1.000000 0.000000 0.000000
vn 1.000000 0.000000 0.000000
vn -1.000000 0.000000 0.000000
vn -1.000000 0.000000 0.000000
vn -1.000000 0.000000 0.000000
vn -1.000000 0.000000 0.000000
vn 1.000000 0.000000 0.000000
vn 1.000000 0.000000 0.000000
vn 1.000000 0.000000 0.000000
vn 1.000000 0.000000 0.000000
vn -1.000000 0.000000 0.000000
vn -1.000000 0.000000 0.000000
vn -1.000000 0.000000 0.000000
vn -1.000000 0.000000 0.000000
vn 1.000000 0.000000 0.000000
vn 1.000000 0.000000 0.000000
vn 1.000000 0.000000 0.000000
vn 1.000000 0.000000 0.000000
vn -1.000000 0.000000 0.000000
vn -1.000000 0.000000 0.000000
vn -1.000000 0.000000 0.000000
vn -1.000000 0.000000 0.000000
vn 1.000000 0.000000 0.000000
vn 1.000000 0.000000 0.000000
vn 1.000000 0.000000 0.000000
vn 1.000000 0.000000 0.000000
vn -1.000000 0.000000 0.000000
vn -1.000000 0.000000 0.000000
vn -1.000000 0.000000 0.000000
vn -1.000000 0.000000 0.000000
vn 1.000000 0.000000 0.000000
vn 1.000000 0.000000 0.000000
vn 1.000000 0.000000 0.000000
vn 1.000000 0.000000 0.000000
vn -1.000000 0.000000 0.000000
vn -1.000000 0.000000 0.000000
vn -1.000000 0.000000 0.000000
vn -1.000000 0.000000 0.000000
vn 1.000000 0.000000 0.000000
vn 1.000000 0.000000 0.000000
vn 1.000000 0.000000 0.000000
vn 1.000000 0.000000 0.000000
vn -1.000000 0.000000 0.000000
vn -1.000000 0.000000 0.000000
vn -1.000000 0.000000 0.000000
vn -1.000000 0.000000 0.000000
vn 1.000000 0.000000 0.000000
vn 1.000000 0.000000 0.000000
vn 1.000000 0.000000 0.000000
vn 1.000000 0.000000 0.000000
vn -1.000000 0.000000 0.000000
vn -1.000000 0.000000 0.000000
vn -1.000000 0.000000 0.000000
vn -1.000000 0.000000 0.000000
vn 1.000000 0.000000 0.000000
vn 1.000000 0.000000 0.000000
vn 1.000000 0.000000 0.000000
vn 1.000000 0.000000 0.000000
vn -1.000000 0.000000 0.000000
vn -1.000000 0.000000 0.000000
vn -1.000000 0.000000 0.000000
vn -1.000000 0.000000 0.000000
vn 1.000000 0.000000 0.000000
vn 1.000000 0.000000 0.000000
vn 1.000000 0.000000 0.000000
vn 1.000000 0.000000 0.000000
vn -1.000000 0.000000 0.000000
vn -1.000000 0.000000 0.000000
vn -1.000000 0.000000 0.000000
vn -1.000000 0.000000 0.000000
vn 1.000000 0.000000 0.000000
vn 1.000000 0.000000 0.000000
vn 1.000000 0.000000 0.000000
vn 1.000000 0.000000 0.000000
vn -1.000000 0.000000 0.000000
vn -1.000000 0.000000 0.000000
vn -1.000000 0.000000 0.000000
vn -1.000000 0.000000 0.000000
vn 1.000000 0.000000 0.000000
vn 1.000000 0.000000 0.000000
vn 1.000000 0.000000 0.000000
vn 1.000000 0.000000 0.000000
vn -1.000000 0.000000 0.000000
vn -1.000000 0.000000 0.000000
vn -1.000000 0.000000 0.000000
vn -1.000000 0.000000 0.000000
vn 1.000000 0.000000 0.000000
vn 1.000000 0.000000 0.000000
vn 1.000000 0.000000 0.000000
vn 1.000000 0.000000 0.000000
vn -1.000000 0.000000 0.000000
vn -1.000000 0.000000 0.000000
vn -1.000000 0.000000 0.000000
vn -1.000000 0.000000 0.000000
vn 1.000000 0.000000 0.000000
vn 1.000000 0.000000 0.000000
vn 1.000000 0.000000 0.000000
vn 1.000000 0.000000 0.000000
vn -1.000000 0.000000 0.000000
vn -1.000000 0.000000 0.000000
vn -1.000000 0.000000 0.000000
vn -1.000000 0.000000 0.000000
vn 1.000000 0.000000 0.000000
vn 1.000000 0.000000 0.000000
vn 1.000000 0.000000 0.000000
vn 1.000000 0.000000 0.000000
vn -1.000000 0.000000 0.000000
vn -1.000000 0.000000 0.000000
vn -1.000000 0.000000 0.000000
vn -1.000000 0.000000 0.000000
vn 1.000000 0.000000 0.000000
vn 1.000000 0.000000 0.000000
vn 1.000000 0.000000 0.000000
vn 1.000000 0.000000 0.000000
vn -1.000000 0.000000 0.000000
vn -1.000000 0.000000 0.000000
vn -1.000000 0.000000 0.000000
vn -1.000000 0.000000 0.000000
vn 1.000000 0.000000 0.000000
vn 1.000000 0.000000 0.000000
vn 1.000000 0.000000 0.000000
vn 1.000000 0.000000 0.000000
vn -1.000000 0.000000 0.000000
vn -1.000000 0.000000 0.000000
vn -1.000000 0.000000 0.000000
vn -1.000000 0.000000 0.000000
vn 1.000000 0.000000 0.000000
vn 1.000000 0.000000 0.000000
vn 1.000000 0.000000 0.000000
vn 1.000000 0.000000 0.000000
vn -1.000000 0.000000 0.000000
vn -1.000000 0.000000 0.000000
vn -1.000000 0.000000 0.000000
vn -1.000000 0.000000 0.000000
vn 1.000000 0.000000 0.000000
vn 1.000000 0.000000 0.000000
vn 1.000000 0.000000 0.000000
vn 1.000000 0.000000 0.000000
vn -1.000000 0.000000 0.000000
vn -1.000000 0.000000 0.000000
vn -1.000000 0.000000 0.000000
vn -1.000000 0.000000 0.000000
vn 1.000000 0.000000 0.000000
vn 1.000000 0.000000 0.000000
vn 1.000000 0.000000 0.000000
vn 1.000000 0.000000 0.000000
vn -1.000000 0.000000 0.000000
vn -1.000000 0.000000 0.000000
vn -1.000000 0.000000 0.000000
vn -1.000000 0.000000 0.000000
vn 1.000000 0.000000 0.000000
vn 1.000000 0.000000 0.000000
vn 1.000000 0.000000 0.000000
vn 1.000000 0.000000 0.000000
vn -1.000000 0.000000 0.000000
vn -1.000000 0.000000 0.000000
vn -1.000000 0.000000 0.000000
vn -1.000000 0.000000 0.000000
vn 1.000000 0.000000 0.000000
vn 1.000000 0.000000 0.000000
vn 1.000000 0.000000 0.000000
vn 1.000000 0.000000 0.000000
vn -1.000000 0.000000 0.000000
vn -1.000000 0.000000 0.000000
vn -1.000000 0.000000 0.000000
vn -1.000000 0.000000 0.000000
vn 1.000000 0.000000 0.000000
vn 1.000000 0.000000 0.000000
vn 1.000000 0.000000 0.000000
vn 1.000000 0.000000 0.000000
vn -1.000000 0.000000 0.000000
vn -1.000000 0.000000 0.000000
vn -1.000000 0.000000 0.000000
vn -1.000000 0.000000 0.000000
vn 1.000000 0.000000 0.000000
vn 1.000000 0.000000 0.000000
vn 1.000000 0.000000 0.000000
vn 1.000000 0.000000 0.000000
vn -1.000000 0.000000 0.000000
vn -1.000000 0.000000 0.000000
vn -1.000000 0.000000 0.000000
vn -1.000000 0.000000 0.000000
vn 1.000000 0.000000 0.000000
vn 1.000000 0.000000 0.000000
vn 1.000000 0.000000 0.000000
vn 1.000000 0.000000 0.000000
vn -1.000000 0.000000 0.000000
vn -1.000000 0.000000 0.000000
vn -1.000000 0.000000 0.000000
vn -1.000000 0.000000 0.000000
vn 1.000000 0.000000 0.000000
vn 1.000000 0.000000 0.000000
vn 1.000000 0.000000 0.000000
vn 1.000000 0.000000 0.000000
vn -1.000000 0.000000 0.000000
vn -1.000000 0.000000 0.000000
vn -1.000000 0.000000 0.000000
vn -1.000000 0.000000 0.000000
vn 1.000000 0.000000 0.000000
vn 1.000000 0.000000 0.000000
vn 1.000000 0.000000 0.000000
vn 1.000000 0.000000 0.000000
vn -1.000000 0.000000 0.000000
vn -1.000000 0.000000 0.000000
vn -1.000000 0.000000 0.000000
vn -1.000000 0.000000 0.000000
vn 1.000000 0.000000 0.000000
vn 1.000000 0.000000 0.000000
vn 1.000000 0.000000 0.000000
vn 1.000000 0.000000 0.000000
vn -1.000000 0.000000 0.000000
vn -1.000000 0.000000 0.000000
vn -1.000000 0.000000 0.000000
vn -1.000000 0.000000 0.000000
vn 1.000000 0.000000 0.000000
vn 1.000000 0.000000 0.000000
vn 1.000000 0.000000 0.000000
vn 1.000000 0.000000 0.000000
vn -1.000000 0.000000 0.000000
vn -1.000000 0.000000 0.000000
vn -1.000000 0.000000 0.000000
vn -1.000000 0.000000 0.000000
vn 1.000000 0.000000 0.000000
vn 1.000000 0.000000 0.000000
vn 1.000000 0.000000 0.000000
vn 1.000000 0.000000 0.000000
vn -1.000000 0.000000 0.000000
vn -1.000000 0.000000 0.000000
vn -1.000000 0.000000 0.000000
vn -1.000000 0.000000 0.000000
vn 1.000000 0.000000 0.000000
vn 1.000000 0.000000 0.000000
vn 1.000000 0.000000 0.000000
vn 1.000000 0.000000 0.000000
vn -1.000000 0.000000 0.000000
vn -1.000000 0.000000 0.000000
vn -1.000000 0.000000 0.000000
vn -1.000000 0.000000 0.000000
vn 1.000000 0.000000 0.000000
vn 1.000000 0.000000 0.000000
vn 1.000000 0.000000 0.000000
vn 1.000000 0.000000 0.000000
vn -1.000000 0.000000 0.000000
vn -1.000000 0.000000 0.000000
vn -1.000000 0.000000 0.000000
vn -1.000000 0.000000 0.000000
vn 1.000000 0.000000 0.000000
vn 1.000000 0.000000 0.000000
vn 1.000000 0.000000 0.000000
vn 1.000000 0.000000 0.000000
vn -1.000000 0.000000 0.000000
vn -1.000000 0.000000 0.000000
vn -1.000000 0.000000 0.000000
vn -1.000000 0.000000 0.000000
vn 1.000000 0.000000 0.000000
vn 1.000000 0.000000 0.000000
vn 1.000000 0.000000 0.000000
vn 1.000000 0.000000 0.000000
vn -1.000000 0.000000 0.000000
vn -1.000000 0.000000 0.000000
vn -1.000000 0.000000 0.000000
vn -1.000000 0.000000 0.000000
vn 1.000000 0.000000 0.000000
vn 1.000000 0.000000 0.000000
vn 1.000000 0.000000 0.000000
vn 1.000000 0.000000 0.000000
vn -1.000000 0.000000 0.000000
vn -1.000000 0.000000 0.000000
vn -1.000000 0.000000 0.000000
vn -1.000000 0.000000 0.000000
vn 1.000000 0.000000 0.000000
vn 1.000000 0.000000 0.000000
vn 1.000000 0.000000 0.000000
vn 1.000000 0.000000 0.000000
vn -1.000000 0.000000 0.000000
vn -1.000000 0.000000 0.000000
vn -1.000000 0.000000 0.000000
vn -1.000000 0.000000 0.000000
vn 1.000000 0.000000 0.000000
vn 1.000000 0.000000 0.000000
vn 1.000000 0.000000 0.000000
vn 1.000000 0.000000 0.000000
vn -1.000000 0.000000 0.000000
vn -1.000000 0.000000 0.000000
vn -1.000000 0.000000 0.000000
vn -1.000000 0.000000 0.000000
vn 1.000000 0.000000 0.000000
vn 1.000000 0.000000 0.000000
vn 1.000000 0.000000 0.000000
vn 1.000000 0.000000 0.000000
vn -1.000000 0.000000 0.000000
vn -1.000000 0.000000 0.000000
vn -1.000000 0.000000 0.000000
vn -1.000000 0.000000 0.000000
vn 1.000000 0.000000 0.000000
vn 1.000000 0.000000 0.000000
vn 1.000000 0.000000 0.000000
vn 1.000000 0.000000 0.000000
vn -1.000000 0.000000 0.000000
vn -1.000000 0.000000 0.000000
vn -1.000000 0.000000 0.000000
vn -1.000000 0.000000 0.000000
vn 1.000000 0.000000 0.000000
vn 1.000000 0.000000 0.000000
vn 1.000000 0.000000 0.000000
vn 1.000000 0.000000 0.000000
vn -1.000000 0.000000 0.000000
vn -1.000000 0.000000 0.000000
vn -1.000000 0.000000 0.000000
vn -1.000000 0.000000 0.000000
vn 1.000000 0.000000 0.000000
vn 1.000000 0.000000 0.000000
vn 1.000000 0.000000 0.000000
vn 1.000000 0.000000 0.000000
vn -1.000000 0.000000 0.000000
vn -1.000000 0.000000 0.000000
vn -1.000000 0.000000 0.000000
vn -1.000000 0.000000 0.000000
vn 1.000000 0.000000 0.000000
vn 1.000000 0.000000 0.000000
vn 1.000000 0.000000 0.000000
vn 1.000000 0.000000 0.000000
vn -1.000000 0.000000 0.000000
vn -1.000000 0.000000 0.000000
vn -1.000000 0.000000 0.000000
vn -1.000000 0.000000 0.000000
vn 1.000000 0.000000 0.000000
vn 1.000000 0.000000 0.000000
vn 1.000000 0.000000 0.000000
vn 1.000000 0.000000 0.000000
vn -1.000000 0.000000 0.000000
vn -1.000000 0.000000 0.000000
vn -1.000000 0.000000 0.000000
vn -1.000000 0.000000 0.000000
vn 1.000000 0.000000 0.000000
vn 1.000000 0.000000 0.000000
vn 1.000000 0.000000 0.000000
vn 1.000000 0.000000 0.000000
vn -1.000000 0.000000 0.000000
vn -1.000000 0.000000 0.000000
vn -1.000000 0.000000 0.000000
vn -1.000000 0.000000 0.000000
vn 1.000000 0.000000 0.000000
vn 1.000000 0.000000 0.000000
vn 1.000000 0.000000 0.000000
vn 1.000000 0.000000 0.000000
vn -1.000000 0.000000 0.000000
vn -1.000000 0.000000 0.000000
vn -1.000000 0.000000 0.000000
vn -1.000000 0.000000 0.000000
vn 1.000000 0.000000 0.000000
vn 1.000000 0.000000 0.000000
vn 1.000000 0.000000 0.000000
vn 1.000000 0.000000 0.000000
vn -1.000000 0.000000 0.000000
vn -1.000000 0.000000 0.000000
vn -1.000000 0.000000 0.000000
vn -1.000000 0.000000 0.000000
vn 1.000000 0.000000 0.000000
vn 1.000000 0.000000 0.000000
vn 1.000000 0.000000 0.000000
vn 1.000000 0.000000 0.000000
vn -1.000000 0.000000 0.000000
vn -1.000000 0.000000 0.000000
vn -1.000000 0.000000 0.000000
vn -1.000000 0.000000 0.000000
vn 1.000000 0.000000 0.000000
vn 1.000000 0.000000 0.000000
vn 1.000000 0.000000 0.000000
vn 1.000000 0.000000 0.000000
vn -1.000000 0.000000 0.000000
vn -1.000000 0.000000 0.000000
vn -1.000000 0.000000 0.000000
vn -1.000000 0.000000 0.000000
vn 1.000000 0.000000 0.000000
vn 1.000000 0.000000 0.000000
vn 1.000000 0.000000 0.000000
vn 1.000000 0.000000 0.000000
vn -1.000000 0.000000 0.000000
vn -1.000000 0.000000 0.000000
vn -1.000000 0.000000 0.000000
vn -1.000000 0.000000 0.000000
vn 1.000000 0.000000 0.000000
vn 1.000000 0.000000 0.000000
vn 1.000000 0.000000 0.000000
vn 1.000000 0.000000 0.000000
vn -1.000000 0.000000 0.000000
vn -1.000000 0.000000 0.000000
vn -1.000000 0.000000 0.000000
vn -1.000000 0.000000 0.000000
vn 1.000000 0.000000 0.000000
vn 1.000000 0.000000 0.000000
vn 1.000000 0.000000 0.000000
vn 1.000000 0.000000 0.000000
vn -1.000000 0.000000 0.000000
vn -1.000000 0.000000 0.000000
vn -1.000000 0.000000 0.000000
vn -1.000000 0.000000 0.000000
vn 1.000000 0.000000 0.000000
vn 1.000000 0.000000 0.000000
vn 1.000000 0.000000 0.000000
vn 1.000000 0.000000 0.000000
vn -1.000000 0.000000 0.000000
vn -1.000000 0.000000 0.000000
vn -1.000000 0.000000 0.000000
vn -1.000000 0.000000 0.000000
vn 1.000000 0.000000 0.000000
vn 1.000000 0.000000 0.000000
vn 1.000000 0.000000 0.000000
vn 1.000000 0.000000 0.000000
vn -1.000000 0.000000 0.000000
vn -1.000000 0.000000 0.000000
vn -1.000000 0.000000 0.000000
vn -1.000000 0.000000 0.000000
vn 1.000000 0.000000 0.000000
vn 1.000000 0.000000 0.000000
vn 1.000000 0.000000 0.000000
vn 1.000000 0.000000 0.000000
vn -1.000000 0.000000 0.000000
vn -1.000000 0.000000 0.000000
vn -1.000000 0.000000 0.000000
vn -1.000000 0.000000 0.000000
vn 1.000000 0.000000 0.000000
vn 1.000000 0.000000 0.000000
vn 1.000000 0.000000 0.000000
vn 1.000000 0.000000 0.000000
vn -1.000000 0.000000 0.000000
vn -1.000000 0.000000 0.000000
vn -1.000000 0.000000 0.000000
vn -1.000000 0.000000 0.000000
vn 1.000000 0.000000 0.000000
vn 1.000000 0.000000 0.000000
vn 1.000000 0.000000 0.000000
vn 1.000000 0.000000 0.000000
vn -1.000000 0.000000 0.000000
vn -1.000000 0.000000 0.000000
vn -1.000000 0.000000 0.000000
vn -1.000000 0.000000 0.000000
vn 1.000000 0.000000 0.000000
vn 1.000000 0.000000 0.000000
vn 1.000000 0.000000 0.000000
vn 1.000000 0.000000 0.000000
vn -1.000000 0.000000 0.000000
vn -1.000000 0.000000 0.000000
vn -1.000000 0.000000 0.000000
vn -1.000000 0.000000 0.000000
vn 1.000000 0.000000 0.000000
vn 1.000000 0.000000 0.000000
vn 1.000000 0.000000 0.000000
vn 1.000000 0.000000 0.000000
vn -1.000000 0.000000 0.000000
vn -1.000000 0.000000 0.000000
vn -1.000000 0.000000 0.000000
vn -1.000000 0.000000 0.000000
vn 1.000000 0.000000 0.000000
vn 1.000000 0.000000 0.000000
vn 1.000000 0.000000 0.000000
vn 1.000000 0.000000 0.000000
vn -1.000000 0.000000 0.000000
vn -1.000000 0.000000 0.000000
vn -1.000000 0.000000 0.000000
vn -1.000000 0.000000 0.000000
vn 1.000000 0.000000 0.000000
vn 1.000000 0.000000 0.000000
vn 1.000000 0.000000 0.000000
vn 1.000000 0.000000 0.000000
vn -1.000000 0.000000 0.000000
vn -1.000000 0.000000 0.000000
vn -1.000000 0.000000 0.000000
vn -1.000000 0.000000 0.000000
vn 1.000000 0.000000 0.000000
vn 1.000000 0.000000 0.000000
vn 1.000000 0.000000 0.000000
vn 1.000000 0.000000 0.000000
vn -1.000000 0.000000 0.000000
vn -1.000000 0.000000 0.000000
vn -1.000000 0.000000 0.000000
vn -1.000000 0.000000 0.000000
vn 1.000000 0.000000 0.000000
vn 1.000000 0.000000 0.000000
vn 1.000000 0.000000 0.000000
vn 1.000000 0.000000 0.000000
vn -1.000000 0.000000 0.000000
vn -1.000000 0.000000 0.000000
vn -1.000000 0.000000 0.000000
vn -1.000000 0.000000 0.000000
vn 1.000000 0.000000 0.000000
vn 1.000000 0.000000 0.000000
vn 1.000000 0.000000 0.000000
vn 1.000000 0.000000 0.000000
vn -1.000000 0.000000 0.000000
vn -1.000000 0.000000 0.000000
vn -1.000000 0.000000 0.000000
vn -1.000000 0.000000 0.000000
vn 1.000000 0.000000 0.000000
vn 1.000000 0.000000 0.000000
vn 1.000000 0.000000 0.000000
vn 1.000000 0.000000 0.000000
vn -1.000000 0.000000 0.000000
vn -1.000000 0.000000 0.000000
vn -1.000000 0.000000 0.000000
vn -1.000000 0.000000 0.000000
vn 1.000000 0.000000 0.000000
vn 1.000000 0.000000 0.000000
vn 1.000000 0.000000 0.000000
vn 1.000000 0.000000 0.000000
vn -1.000000 0.000000 0.000000
vn -1.000000 0.000000 0.000000
vn -1.000000 0.000000 0.000000
vn -1.000000 0.000000 0.000000
vn 1.000000 0.000000 0.000000
vn 1.000000 0.000000 0.000000
vn 1.000000 0.000000 0.000000
vn 1.000000 0.000000 0.000000
vn -1.000000 0.000000 0.000000
vn -1.000000 0.000000 0.000000
vn -1.000000 0.000000 0.000000
vn -1.000000 0.000000 0.000000
vn 1.000000 0.000000 0.000000
vn 1.000000 0.000000 0.000000
vn 1.000000 0.000000 0.000000
vn 1.000000 0.000000 0.000000
vn -1.000000 0.000000 0.000000
vn -1.000000 0.000000 0.000000
vn -1.000000 0.000000 0.000000
vn -1.000000 0.000000 0.000000
vn 1.000000 0.000000 0.000000
vn 1.000000 0.000000 0.000000
vn 1.000000 0.000000 0.000000
vn 1.000000 0.000000 0.000000
vn -1.000000 0.000000 0.000000
vn -1.000000 0.000000 0.000000
vn -1.000000 0.000000 0.000000
vn -1.000000 0.000000 0.000000
vn 1.000000 0.000000 0.000000
vn 1.000000 0.000000 0.000000
vn 1.000000 0.000000 0.000000
vn 1.000000 0.000000 0.000000
vn -1.000000 0.000000 0.000000
vn -1.000000 0.000000 0.000000
vn -1.000000 0.000000 0.000000
vn -1.000000 0.000000 0.000000
vn 1.000000 0.000000 0.000000
vn 1.000000 0.000000 0.000000
vn 1.000000 0.000000 0.000000
vn 1.000000 0.000000 0.000000
vn -1.000000 0.000000 0.000000
vn -1.000000 0.000000 0.000000
vn -1.000000 0.000000 0.000000
vn -1.000000 0.000000 0.000000
vn 1.000000 0.000000 0.000000
vn 1.000000 0.000000 0.000000
vn 1.000000 0.000000 0.000000
vn 1.000000 0.000000 0.000000
vn -1.000000 0.000000 0.000000
vn -1.000000 0.000000 0.000000
vn -1.000000 0.000000 0.000000
vn -1.000000 0.000000 0.000000
vn 1.000000 0.000000 0.000000
vn 1.000000 0.000000 0.000000
vn 1.000000 0.000000 0.000000
vn 1.000000 0.000000 0.000000
vn -1.000000 0.000000 0.000000
vn -1.000000 0.000000 0.000000
vn -1.000000 0.000000 0.000000
vn -1.000000 0.000000 0.000000
vn 1.000000 0.000000 0.000000
vn 1.000000 0.000000 0.000000
vn 1.000000 0.000000 0.000000
vn 1.000000 0.000000 0.000000
vn -1.000000 0.000000 0.000000
vn -1.000000 0.000000 0.000000
vn -1.000000 0.000000 0.000000
vn -1.000000 0.000000 0.000000
vn 1.000000 0.000000 0.000000
vn 1.000000 0.000000 0.000000
vn 1.000000 0.000000 0.000000
vn 1.000000 0.000000 0.000000
vn -1.000000 0.000000 0.000000
vn -1.000000 0.000000 0.000000
vn -1.000000 0.000000 0.000000
vn -1.000000 0.000000 0.000000
vn 1.000000 0.000000 0.000000
vn 1.000000 0.000000 0.000000
vn 1.000000 0.000000 0.000000
vn 1.000000 0.000000 0.000000
vn -1.000000 0.000000 0.000000
vn -1.000000 0.000000 0.000000
vn -1.000000 0.000000 0.000000
vn -1.000000 0.000000 0.000000
vn 1.000000 0.000000 0.000000
vn 1.000000 0.000000 0.000000
vn 1.000000 0.000000 0.000000
vn 1.000000 0.000000 0.000000
vn -1.000000 0.000000 0.000000
vn -1.000000 0.000000 0.000000
vn -1.000000 0.000000 0.000000
vn -1.000000 0.000000 0.000000
vn 1.000000 0.000000 0.000000
vn 1.000000 0.000000 0.000000
vn 1.000000 0.000000 0.000000
vn 1.000000 0.000000 0.000000
vn -1.000000 0.000000 0.000000
vn -1.000000 0.000000 0.000000
vn -1.000000 0.000000 0.000000
vn -1.000000 0.000000 0.000000
vn 1.000000 0.000000 0.000000
vn 1.000000 0.000000 0.000000
vn 1.000000 0.000000 0.000000
vn 1.000000 0.000000 0.000000
vn -1.000000 0.000000 0.000000
vn -1.000000 0.000000 0.000000
vn -1.000000 0.000000 0.000000
vn -1.000000 0.000000 0.000000
vn 1.000000 0.000000 0.000000
vn 1.000000 0.000000 0.000000
vn 1.000000 0.000000 0.000000
vn 1.000000 0.000000 0.000000
vn -1.000000 0.000000 0.000000
vn -1.000000 0.000000 0.000000
vn -1.000000 0.000000 0.000000
vn -1.000000 0.000000 0.000000
vn 1.000000 0.000000 0.000000
vn 1.000000 0.000000 0.000000
vn 1.000000 0.000000 0.000000
vn 1.000000 0.000000 0.000000
vn -1.000000 0.000000 0.000000
vn -1.000000 0.000000 0.000000
vn -1.000000 0.000000 0.000000
vn -1.000000 0.000000 0.000000
vn 1.000000 0.000000 0.000000
vn 1.000000 0.000000 0.000000
vn 1.000000 0.000000 0.000000
vn 1.000000 0.000000 0.000000
vn -1.000000 0.000000 0.000000
vn -1.000000 0.000000 0.000000
vn -1.000000 0.000000 0.000000
vn -1.000000 0.000000 0.000000
vn 1.000000 0.000000 0.000000
vn 1.000000 0.000000 0.000000
vn 1.000000 0.000000 0.000000
vn 1.000000 0.000000 0.000000
vn -1.000000 0.000000 0.000000
vn -1.000000 0.000000 0.000000
vn -1.000000 0.000000 0.000000
vn -1.000000 0.000000 0.000000
vn 1.000000 0.000000 0.000000
vn 1.000000 0.000000 0.000000
vn 1.000000 0.000000 0.000000
vn 1.000000 0.000000 0.000000
vn -1.000000 0.000000 0.000000
vn -1.000000 0.000000 0.000000
vn -1.000000 0.000000 0.000000
vn -1.000000 0.000000 0.000000
vn 1.000000 0.000000 0.000000
vn 1.000000 0.000000 0.000000
vn 1.000000 0.000000 0.000000
vn 1.000000 0.000000 0.000000
vn -1.000000 0.000000 0.000000
vn -1.000000 0.000000 0.000000
vn -1.000000 0.000000 0.000000
vn -1.000000 0.000000 0.000000
vn 1.000000 0.000000 0.000000
vn 1.000000 0.000000 0.000000
vn 1.000000 0.000000 0.000000
vn 1.000000 0.000000 0.000000
vn -1.000000 0.000000 0.000000
vn -1.000000 0.000000 0.000000
vn -1.000000 0.000000 0.000000
vn -1.000000 0.000000 0.000000
vn 1.000000 0.000000 0.000000
vn 1.000000 0.000000 0.000000
vn 1.000000 0.000000 0.000000
vn 1.000000 0.000000 0.000000
vn -1.000000 0.000000 0.000000
vn -1.000000 0.000000 0.000000
vn -1.000000 0.000000 0.000000
vn -1.000000 0.000000 0.000000
vn 1.000000 0.000000 0.000000
vn 1.000000 0.000000 0.000000
vn 1.000000 0.000000 0.000000
vn 1.000000 0.000000 0.000000
vn -1.000000 0.000000 0.000000
vn -1.000000 0.000000 0.000000
vn -1.000000 0.000000 0.000000
vn -1.000000 0.000000 0.000000
vn 1.000000 0.000000 0.000000
vn 1.000000 0.000000 0.000000
vn 1.000000 0.000000 0.000000
vn 1.000000 0.000000 0.000000
vn -1.000000 0.000000 0.000000
vn -1.000000 0.000000 0.000000
vn -1.000000 0.000000 0.000000
vn -1.000000 0.000000 0.000000
vn 1.000000 0.000000 0.000000
vn 1.000000 0.000000 0.000000
vn 1.000000 0.000000 0.000000
vn 1.000000 0.000000 0.000000
vn -1.000000 0.000000 0.000000
vn -1.000000 0.000000 0.000000
vn -1.000000 0.000000 0.000000
vn -1.000000 0.000000 0.000000
vn 1.000000 0.000000 0.000000
vn 1.000000 0.000000 0.000000
vn 1.000000 0.000000 0.000000
vn 1.000000 0.000000 0.000000
vn -1.000000 0.000000 0.000000
vn -1.000000 0.000000 0.000000
vn -1.000000 0.000000 0.000000
vn -1.000000 0.000000 0.000000
vn 1.000000 0.000000 0.000000
vn 1.000000 0.000000 0.000000
vn 1.000000 0.000000 0.000000
vn 1.000000 0.000000 0.000000
vn -1.000000 0.000000 0.000000
vn -1.000000 0.000000 0.000000
vn -1.000000 0.000000 0.000000
vn -1.000000 0.000000 0.000000
vn 1.000000 0.000000 0.000000
vn 1.000000 0.000000 0.000000
vn 1.000000 0.000000 0.000000
vn 1.000000 0.000000 0.000000
vn -1.000000 0.000000 0.000000
vn -1.000000 0.000000 0.000000
vn -1.000000 0.000000 0.000000
vn -1.000000 0.000000 0.000000
vn 1.000000 0.000000 0.000000
vn 1.000000 0.000000 0.000000
vn 1.000000 0.000000 0.000000
vn 1.000000 0.000000 0.000000
vn -1.000000 0.000000 0.000000
vn -1.000000 0.000000 0.000000
vn -1.000000 0.000000 0.000000
vn -1.000000 0.000000 0.000000
vn 1.000000 0.000000 0.000000
vn 1.000000 0.000000 0.000000
vn 1.000000 0.000000 0.000000
vn 1.000000 0.000000 0.000000
vn -1.000000 0.000000 0.000000
vn -1.000000 0.000000 0.000000
vn -1.000000 0.000000 0.000000
vn -1.000000 0.000000 0.000000
vn 1.000000 0.000000 0.000000
vn 1.000000 0.000000 0.000000
vn 1.000000 0.000000 0.000000
vn 1.000000 0.000000 0.000000
vn -1.000000 0.000000 0.000000
vn -1.000000 0.000000 0.000000
vn -1.000000 0.000000 0.000000
vn -1.000000 0.000000 0.000000
vn 1.000000 0.000000 0.000000
vn 1.000000 0.000000 0.000000
vn 1.000000 0.000000 0.000000
vn 1.000000 0.000000 0.000000
vn -1.000000 0.000000 0.000000
vn -1.000000 0.000000 0.000000
vn -1.000000 0.000000 0.000000
vn -1.000000 0.000000 0.000000
vn 1.000000 0.000000 0.000000
vn 1.000000 0.000000 0.000000
vn 1.000000 0.000000 0.000000
vn 1.000000 0.000000 0.000000
vn -1.000000 0.000000 0.000000
vn -1.000000 0.000000 0.000000
vn -1.000000 0.000000 0.000000
vn -1.000000 0.000000 0.000000
vn 1.000000 0.000000 0.000000
vn 1.000000 0.000000 0.000000
vn 1.000000 0.000000 0.000000
vn 1.000000 0.000000 0.000000
vn -1.000000 0.000000 0.000000
vn -1.000000 0.000000 0.000000
vn -1.000000 0.000000 0.000000
vn -1.000000 0.000000 0.000000
vn 1.000000 0.000000 0.000000
vn 1.000000 0.000000 0.000000
vn 1.000000 0.000000 0.000000
vn 1.000000 0.000000 0.000000
vn -1.000000 0.000000 0.000000
vn -1.000000 0.000000 0.000000
vn -1.000000 0.000000 0.000000
vn -1.000000 0.000000 0.000000
vn 1.000000 0.000000 0.000000
vn 1.000000 0.000000 0.000000
vn 1.000000 0.000000 0.000000
vn 1.000000 0.000000 0.000000
vn -1.000000 0.000000 0.000000
vn -1.000000 0.000000 0.000000
vn -1.000000 0.000000 0.000000
vn -1.000000 0.000000 0.000000
vn 1.000000 0.000000 0.000000
vn 1.000000 0.000000 0.000000
vn 1.000000 0.000000 0.000000
vn 1.000000 0.000000 0.000000
vn -1.000000 0.000000 0.000000
vn -1.000000 0.000000 0.000000
vn -1.000000 0.000000 0.000000
vn -1.000000 0.000000 0.000000
vn 1.000000 0.000000 0.000000
vn 1.000000 0.000000 0.000000
vn 1.000000 0.000000 0.000000
vn 1.000000 0.000000 0.000000
vn -1.000000 0.000000 0.000000
vn -1.000000 0.000000 0.000000
vn -1.000000 0.000000 0.000000
vn -1.000000 0.000000 0.000000
vn 1.000000 0.000000 0.000000
vn 1.000000 0.000000 0.000000
vn 1.000000 0.000000 0.000000
vn 1.000000 0.000000 0.000000
vn -1.000000 0.000000 0.000000
vn -1.000000 0.000000 0.000000
vn -1.000000 0.000000 0.000000
vn -1.000000 0.000000 0.000000
vn 1.000000 0.000000 0.000000
vn 1.000000 0.000000 0.000000
vn 1.000000 0.000000 0.000000
vn 1.000000 0.000000 0.000000
vn -1.000000 0.000000 0.000000
vn -1.000000 0.000000 0.000000
vn -1.000000 0.000000 0.000000
vn -1.000000 0.000000 0.000000
vn 1.000000 0.000000 0.000000
vn 1.000000 0.000000 0.000000
vn 1.000000 0.000000 0.000000
vn 1.000000 0.000000 0.000000
vn -1.000000 0.000000 0.000000
vn -1.000000 0.000000 0.000000
vn -1.000000 0.000000 0.000000
vn -1.000000 0.000000 0.000000
vn 1.000000 0.000000 0.000000
vn 1.000000 0.000000 0.000000
vn 1.000000 0.000000 0.000000
vn 1.000000 0.000000 0.000000
vn -1.000000 0.000000 0.000000
vn -1.000000 0.000000 0.000000
vn -1.000000 0.000000 0.000000
vn -1.000000 0.000000 0.000000
vn 1.000000 0.000000 0.000000
vn 1.000000 0.000000 0.000000
vn 1.000000 0.000000 0.000000
vn 1.000000 0.000000 0.000000
vn -1.000000 0.000000 0.000000
vn -1.000000 0.000000 0.000000
vn -1.000000 0.000000 0.000000
vn -1.000000 0.000000 0.000000
vn 1.000000 0.000000 0.000000
vn 1.000000 0.000000 0.000000
vn 1.000000 0.000000 0.000000
vn 1.000000 0.000000 0.000000
vn -0.999927 -0.012083 0.000000
vn -0.999927 -0.012083 0.000000
vn -0.999927 -0.012083 0.000000
vn -0.999927 -0.012083 0.000000
vn 0.999927 0.012083 0.000000
vn 0.999927 0.012083 0.000000
vn 0.999927 0.012083 0.000000
vn 0.999927 0.012083 0.000000
vn -0.999343 -0.036241 0.000000
vn -0.999343 -0.036241 0.000000
vn -0.999343 -0.036241 0.000000
vn -0.999343 -0.036241 0.000000
vn 0.999343 0.036241 0.000000
vn 0.999343 0.036241 0.000000
vn 0.999343 0.036241 0.000000
vn 0.999343 0.036241 0.000000
vn -0.998176 -0.060378 0.000000
vn -0.998176 -0.060378 0.000000
vn -0.998176 -0.060378 0.000000
vn -0.998176 -0.060378 0.000000
vn 0.998176 0.060378 0.000000
vn 0.998176 0.060378 0.000000
vn 0.998176 0.060378 0.000000
vn 0.998176 0.060378 0.000000
vn -0.996425 -0.084481 0.000000
vn -0.996425 -0.084481 0.000000
vn -0.996425 -0.084481 0.000000
vn -0.996425 -0.084481 0.000000
vn 0.996425 0.084481 0.000000
vn 0.996425 0.084481 0.000000
vn 0.996425 0.084481 0.000000
vn 0.996425 0.084481 0.000000
vn -0.994093 -0.108533 0.000000
vn -0.994093 -0.108533 0.000000
vn -0.994093 -0.108533 0.000000
vn -0.994093 -0.108533 0.000000
vn 0.994093 0.108534 0.000000
vn 0.994093 0.108534 0.000000
vn 0.994093 0.108534 0.000000
vn 0.994093 0.108534 0.000000
vn -0.991180 -0.132522 0.000000
vn -0.991180 -0.132522 0.000000
vn -0.991180 -0.132522 0.000000
vn -0.991180 -0.132522 0.000000
vn 0.991180 0.132521 0.000000
vn 0.991180 0.132521 0.000000
vn 0.991180 0.132521 0.000000
vn 0.991180 0.132521 0.000000
vn -0.987688 -0.156434 0.000000
vn -0.987688 -0.156434 0.000000
vn -0.987688 -0.156434 0.000000
vn -0.987688 -0.156434 0.000000
vn 0.987688 0.156437 0.000000
vn 0.987688 0.156437 0.000000
vn 0.987688 0.156437 0.000000
vn 0.987688 0.156437 0.000000
vn -0.983620 -0.180255 0.000000
vn -0.983620 -0.180255 0.000000
vn -0.983620 -0.180255 0.000000
vn -0.983620 -0.180255 0.000000
vn 0.983620 0.180254 0.000000
vn 0.983620 0.180254 0.000000
vn 0.983620 0.180254 0.000000
vn 0.983620 0.180254 0.000000
vn -0.978977 -0.203971 0.000000
vn -0.978977 -0.203971 0.000000
vn -0.978977 -0.203971 0.000000
vn -0.978977 -0.203971 0.000000
vn 0.978977 0.203970 0.000000
vn 0.978977 0.203970 0.000000
vn 0.978977 0.203970 0.000000
vn 0.978977 0.203970 0.000000
vn -0.973763 -0.227567 0.000000
vn -0.973763 -0.227567 0.000000
vn -0.973763 -0.227567 0.000000
vn -0.973763 -0.227567 0.000000
vn 0.973763 0.227566 0.000000
vn 0.973763 0.227566 0.000000
vn 0.973763 0.227566 0.000000
vn 0.973763 0.227566 0.000000
vn -0.967979 -0.251030 0.000000
vn -0.967979 -0.251030 0.000000
vn -0.967979 -0.251030 0.000000
vn -0.967979 -0.251030 0.000000
vn 0.967979 0.251030 0.000000
vn 0.967979 0.251030 0.000000
vn 0.967979 0.251030 0.000000
vn 0.967979 0.251030 0.000000
vn -0.961631 -0.274347 0.000000
vn -0.961631 -0.274347 0.000000
vn -0.961631 -0.274347 0.000000
vn -0.961631 -0.274347 0.000000
vn 0.961630 0.274348 0.000000
vn 0.961630 0.274348 0.000000
vn 0.961630 0.274348 0.000000
vn 0.961630 0.274348 0.000000
vn -0.954721 -0.297503 0.000000
vn -0.954721 -0.297503 0.000000
vn -0.954721 -0.297503 0.000000
vn -0.954721 -0.297503 0.000000
vn 0.954721 0.297502 0.000000
vn 0.954721 0.297502 0.000000
vn 0.954721 0.297502 0.000000
vn 0.954721 0.297502 0.000000
vn -0.947253 -0.320486 0.000000
vn -0.947253 -0.320486 0.000000
vn -0.947253 -0.320486 0.000000
vn -0.947253 -0.320486 0.000000
vn 0.947253 0.320487 0.000000
vn 0.947253 0.320487 0.000000
vn 0.947253 0.320487 0.000000
vn 0.947253 0.320487 0.000000
vn -0.939233 -0.343281 0.000000
vn -0.939233 -0.343281 0.000000
vn -0.939233 -0.343281 0.000000
vn -0.939233 -0.343281 0.000000
vn 0.939233 0.343279 0.000000
vn 0.939233 0.343279 0.000000
vn 0.939233 0.343279 0.000000
vn 0.939233 0.343279 0.000000
vn -0.930663 -0.365877 0.000000
vn -0.930663 -0.365877 0.000000
vn -0.930663 -0.365877 0.000000
vn -0.930663 -0.365877 0.000000
vn 0.930663 0.365879 0.000000
vn 0.930663 0.365879 0.000000
vn 0.930663 0.365879 0.000000
vn 0.930663 0.365879 0.000000
vn -0.921551 -0.388258 0.000000
vn -0.921551 -0.388258 0.000000
vn -0.921551 -0.388258 0.000000
vn -0.921551 -0.388258 0.000000
vn 0.921552 0.388256 0.000000
vn 0.921552 0.388256 0.000000
vn 0.921552 0.388256 0.000000
vn 0.921552 0.388256 0.000000
vn -0.911900 -0.410413 0.000000
vn -0.911900 -0.410413 0.000000
vn -0.911900 -0.410413 0.000000
vn -0.911900 -0.410413 0.000000
vn 0.911899 0.410415 0.000000
vn 0.911899 0.410415 0.000000
vn 0.911899 0.410415 0.000000
vn 0.911899 0.410415 0.000000
vn -0.901717 -0.432327 0.000000
vn -0.901717 -0.432327 0.000000
vn -0.901717 -0.432327 0.000000
vn -0.901717 -0.432327 0.000000
vn 0.901717 0.432327 0.000000
vn 0.901717 0.432327 0.000000
vn 0.901717 0.432327 0.000000
vn 0.901717 0.432327 0.000000
vn -0.891007 -0.453990 0.000000
vn -0.891007 -0.453990 0.000000
vn -0.891007 -0.453990 0.000000
vn -0.891007 -0.453990 0.000000
vn 0.891007 0.453991 0.000000
vn 0.891006 0.453991 0.000000
vn 0.891007 0.453991 0.000000
vn 0.891006 0.453991 0.000000
vn -0.879776 -0.475388 0.000000
vn -0.879776 -0.475388 0.000000
vn -0.879776 -0.475388 0.000000
vn -0.879776 -0.475388 0.000000
vn 0.879777 0.475387 0.000000
vn 0.879777 0.475387 0.000000
vn 0.879777 0.475387 0.000000
vn 0.879777 0.475387 0.000000
vn -0.868032 -0.496508 0.000000
vn -0.868032 -0.496508 0.000000
vn -0.868032 -0.496508 0.000000
vn -0.868032 -0.496508 0.000000
vn 0.868031 0.496510 0.000000
vn 0.868031 0.496510 0.000000
vn 0.868031 0.496510 0.000000
vn 0.868031 0.496510 0.000000
vn -0.855782 -0.517337 0.000000
vn -0.855781 -0.517337 0.000000
vn -0.855782 -0.517337 0.000000
vn -0.855781 -0.517337 0.000000
vn 0.855782 0.517337 0.000000
vn 0.855782 0.517337 0.000000
vn 0.855782 0.517337 0.000000
vn 0.855782 0.517337 0.000000
vn -0.843031 -0.537866 0.000000
vn -0.843031 -0.537866 0.000000
vn -0.843031 -0.537866 0.000000
vn -0.843031 -0.537866 0.000000
vn 0.843031 0.537866 0.000000
vn 0.843031 0.537866 0.000000
vn 0.843031 0.537866 0.000000
vn 0.843031 0.537866 0.000000
vn -0.829787 -0.558080 0.000000
vn -0.829787 -0.558080 0.000000
vn -0.829787 -0.558080 0.000000
vn -0.829787 -0.558080 0.000000
vn 0.829787 0.558080 0.000000
vn 0.829787 0.558080 0.000000
vn 0.829787 0.558080 0.000000
vn 0.829787 0.558080 0.000000
vn -0.816060 -0.577968 0.000000
vn -0.816060 -0.577968 0.000000
vn -0.816060 -0.577968 0.000000
vn -0.816060 -0.577968 0.000000
vn 0.816061 0.577966 0.000000
vn 0.816061 0.577966 0.000000
vn 0.816061 0.577966 0.000000
vn 0.816061 0.577966 0.000000
vn -0.801857 -0.597517 0.000000
vn -0.801857 -0.597517 0.000000
vn -0.801857 -0.597517 0.000000
vn -0.801857 -0.597517 0.000000
vn 0.801855 0.597519 0.000000
vn 0.801855 0.597519 0.000000
vn 0.801855 0.597519 0.000000
vn 0.801855 0.597519 0.000000
vn -0.787183 -0.616720 0.000000
vn -0.787183 -0.616720 0.000000
vn -0.787183 -0.616720 0.000000
vn -0.787183 -0.616720 0.000000
vn 0.787184 0.616718 0.000000
vn 0.787184 0.616718 0.000000
vn 0.787184 0.616718 0.000000
vn 0.787184 0.616718 0.000000
vn -0.772051 -0.635560 0.000000
vn -0.772051 -0.635560 0.000000
vn -0.772051 -0.635560 0.000000
vn -0.772051 -0.635560 0.000000
vn 0.772051 0.635561 0.000000
vn 0.772051 0.635561 0.000000
vn 0.772051 0.635561 0.000000
vn 0.772051 0.635561 0.000000
vn -0.756468 -0.654030 0.000000
vn -0.756468 -0.654030 0.000000
vn -0.756468 -0.654030 0.000000
vn -0.756468 -0.654030 0.000000
vn 0.756470 0.654028 0.000000
vn 0.756470 0.654028 0.000000
vn 0.756470 0.654028 0.000000
vn 0.756470 0.654028 0.000000
vn -0.740443 -0.672119 0.000000
vn -0.740443 -0.672119 0.000000
vn -0.740443 -0.672119 0.000000
vn -0.740443 -0.672119 0.000000
vn 0.740442 0.672120 0.000000
vn 0.740442 0.672120 0.000000
vn 0.740442 0.672120 0.000000
vn 0.740442 0.672120 0.000000
vn -0.723987 -0.689814 0.000000
vn -0.723987 -0.689813 0.000000
vn -0.723987 -0.689814 0.000000
vn -0.723987 -0.689813 0.000000
vn 0.723986 0.689815 0.000000
vn 0.723986 0.689815 0.000000
vn 0.723986 0.689815 0.000000
vn 0.723986 0.689815 0.000000
vn -0.711366 -0.702822 0.000000
vn -0.711366 -0.702822 0.000000
vn -0.711366 -0.702822 0.000000
vn -0.711366 -0.702822 0.000000
vn 0.711366 0.702822 0.000000
vn 0.711366 0.702822 0.000000
vn 0.711366 0.702822 0.000000
vn 0.711366 0.702822 0.000000
vn -0.702822 -0.711366 0.000000
vn -0.702822 -0.711366 0.000000
vn -0.702822 -0.711366 0.000000
vn -0.702822 -0.711366 0.000000
vn 0.702822 0.711366 0.000000
vn 0.702822 0.711366 0.000000
vn 0.702822 0.711366 0.000000
vn 0.702822 0.711366 0.000000
vn -0.689814 -0.723987 0.000000
vn -0.689813 -0.723987 0.000000
vn -0.689814 -0.723987 0.000000
vn -0.689813 -0.723987 0.000000
vn 0.689815 0.723986 0.000000
vn 0.689815 0.723986 0.000000
vn 0.689815 0.723986 0.000000
vn 0.689815 0.723986 0.000000
vn -0.672119 -0.740443 0.000000
vn -0.672119 -0.740443 0.000000
vn -0.672119 -0.740443 0.000000
vn -0.672119 -0.740443 0.000000
vn 0.672120 0.740442 0.000000
vn 0.672120 0.740442 0.000000
vn 0.672120 0.740442 0.000000
vn 0.672120 0.740442 0.000000
vn -0.654030 -0.756468 0.000000
vn -0.654030 -0.756468 0.000000
vn -0.654030 -0.756468 0.000000
vn -0.654030 -0.756468 0.000000
vn 0.654028 0.756470 0.000000
vn 0.654028 0.756470 0.000000
vn 0.654028 0.756470 0.000000
vn 0.654028 0.756470 0.000000
vn -0.635560 -0.772051 0.000000
vn -0.635560 -0.772051 0.000000
vn -0.635560 -0.772051 0.000000
vn -0.635560 -0.772051 0.000000
vn 0.635561 0.772051 0.000000
vn 0.635561 0.772051 0.000000
vn 0.635561 0.772051 0.000000
vn 0.635561 0.772051 0.000000
vn -0.616720 -0.787183 0.000000
vn -0.616720 -0.787183 0.000000
vn -0.616720 -0.787183 0.000000
vn -0.616720 -0.787183 0.000000
vn 0.616718 0.787184 0.000000
vn 0.616718 0.787184 0.000000
vn 0.616718 0.787184 0.000000
vn 0.616718 0.787184 0.000000
vn -0.597517 -0.801857 0.000000
vn -0.597517 -0.801857 0.000000
vn -0.597517 -0.801857 0.000000
vn -0.597517 -0.801857 0.000000
vn 0.597519 0.801855 0.000000
vn 0.597519 0.801855 0.000000
vn 0.597519 0.801855 0.000000
vn 0.597519 0.801855 0.000000
vn -0.577968 -0.816060 0.000000
vn -0.577968 -0.816060 0.000000
vn -0.577968 -0.816060 0.000000
vn -0.577968 -0.816060 0.000000
vn 0.577966 0.816061 0.000000
vn 0.577966 0.816061 0.000000
vn 0.577966 0.816061 0.000000
vn 0.577966 0.816061 0.000000
vn -0.558080 -0.829787 0.000000
vn -0.558080 -0.829787 0.000000
vn -0.558080 -0.829787 0.000000
vn -0.558080 -0.829787 0.000000
vn 0.558080 0.829787 0.000000
vn 0.558080 0.829787 0.000000
vn 0.558080 0.829787 0.000000
vn 0.558080 0.829787 0.000000
vn -0.537866 -0.843031 0.000000
vn -0.537866 -0.843031 0.000000
vn -0.537866 -0.843031 0.000000
vn -0.537866 -0.843031 0.000000
vn 0.537866 0.843031 0.000000
vn 0.537866 0.843031 0.000000
vn 0.537866 0.843031 0.000000
vn 0.537866 0.843031 0.000000
vn -0.517337 -0.855782 0.000000
vn -0.517337 -0.855781 0.000000
vn -0.517337 -0.855782 0.000000
vn -0.517337 -0.855781 0.000000
vn 0.517337 0.855782 0.000000
vn 0.517337 0.855782 0.000000
vn 0.517337 0.855782 0.000000
vn 0.517337 0.855782 0.000000
vn -0.496508 -0.868032 0.000000
vn -0.496508 -0.868032 0.000000
vn -0.496508 -0.868032 0.000000
vn -0.496508 -0.868032 0.000000
vn 0.496510 0.868031 0.000000
vn 0.496510 0.868031 0.000000
vn 0.496510 0.868031 0.000000
vn 0.496510 0.868031 0.000000
vn -0.475388 -0.879776 0.000000
vn -0.475388 -0.879776 0.000000
vn -0.475388 -0.879776 0.000000
vn -0.475388 -0.879776 0.000000
vn 0.475387 0.879777 0.000000
vn 0.475387 0.879777 0.000000
vn 0.475387 0.879777 0.000000
vn 0.475387 0.879777 0.000000
vn -0.453990 -0.891007 0.000000
vn -0.453990 -0.891007 0.000000
vn -0.453990 -0.891007 0.000000
vn -0.453990 -0.891007 0.000000
vn 0.453991 0.891007 0.000000
vn 0.453991 0.891006 0.000000
vn 0.453991 0.891007 0.000000
vn 0.453991 0.891006 0.000000
vn -0.432327 -0.901717 0.000000
vn -0.432327 -0.901717 0.000000
vn -0.432327 -0.901717 0.000000
vn -0.432327 -0.901717 0.000000
vn 0.432327 0.901717 0.000000
vn 0.432327 0.901717 0.000000
vn 0.432327 0.901717 0.000000
vn 0.432327 0.901717 0.000000
vn -0.410413 -0.911900 0.000000
vn -0.410413 -0.911900 0.000000
vn -0.410413 -0.911900 0.000000
vn -0.410413 -0.911900 0.000000
vn 0.410415 0.911899 0.000000
vn 0.410415 0.911899 0.000000
vn 0.410415 0.911899 0.000000
vn 0.410415 0.911899 0.000000
vn -0.388258 -0.921551 0.000000
vn -0.388258 -0.921551 0.000000
vn -0.388258 -0.921551 0.000000
vn -0.388258 -0.921551 0.000000
vn 0.388256 0.921552 0.000000
vn 0.388256 0.921552 0.000000
vn 0.388256 0.921552 0.000000
vn 0.388256 0.921552 0.000000
vn -0.365877 -0.930663 0.000000
vn -0.365877 -0.930663 0.000000
vn -0.365877 -0.930663 0.000000
vn -0.365877 -0.930663 0.000000
vn 0.365879 0.930663 0.000000
vn 0.365879 0.930663 0.000000
vn 0.365879 0.930663 0.000000
vn 0.365879 0.930663 0.000000
vn -0.343281 -0.939233 0.000000
vn -0.343281 -0.939233 0.000000
vn -0.343281 -0.939233 0.000000
vn -0.343281 -0.939233 0.000000
vn 0.343279 0.939233 0.000000
vn 0.343279 0.939233 0.000000
vn 0.343279 0.939233 0.000000
vn 0.343279 0.939233 0.000000
vn -0.320486 -0.947253 0.000000
vn -0.320486 -0.947253 0.000000
vn -0.320486 -0.947253 0.000000
vn -0.320486 -0.947253 0.000000
vn 0.320487 0.947253 0.000000
vn 0.320487 0.947253 0.000000
vn 0.320487 0.947253 0.000000
vn 0.320487 0.947253 0.000000
vn -0.297503 -0.954721 0.000000
vn -0.297503 -0.954721 0.000000
vn -0.297503 -0.954721 0.000000
vn -0.297503 -0.954721 0.000000
vn 0.297502 0.954721 0.000000
vn 0.297502 0.954721 0.000000
vn 0.297502 0.954721 0.000000
vn 0.297502 0.954721 0.000000
vn -0.274347 -0.961631 0.000000
vn -0.274347 -0.961631 0.000000
vn -0.274347 -0.961631 0.000000
vn -0.274347 -0.961631 0.000000
vn 0.274348 0.961630 0.000000
vn 0.274348 0.961630 0.000000
vn 0.274348 0.961630 0.000000
vn 0.274348 0.961630 0.000000
vn -0.251030 -0.967979 0.000000
vn -0.251030 -0.967979 0.000000
vn -0.251030 -0.967979 0.000000
vn -0.251030 -0.967979 0.000000
vn 0.251030 0.967979 0.000000
vn 0.251030 0.967979 0.000000
vn 0.251030 0.967979 0.000000
vn 0.251030 0.967979 0.000000
vn -0.227567 -0.973763 0.000000
vn -0.227567 -0.973763 0.000000
vn -0.227567 -0.973763 0.000000
vn -0.227567 -0.973763 0.000000
vn 0.227566 0.973763 0.000000
vn 0.227566 0.973763 0.000000
vn 0.227566 0.973763 0.000000
vn 0.227566 0.973763 0.000000
vn -0.203971 -0.978977 0.000000
vn -0.203971 -0.978977 0.000000
vn -0.203971 -0.978977 0.000000
vn -0.203971 -0.978977 0.000000
vn 0.203970 0.978977 0.000000
vn 0.203970 0.978977 0.000000
vn 0.203970 0.978977 0.000000
vn 0.203970 0.978977 0.000000
vn -0.180255 -0.983620 0.000000
vn -0.180255 -0.983620 0.000000
vn -0.180255 -0.983620 0.000000
vn -0.180255 -0.983620 0.000000
vn 0.180254 0.983620 0.000000
vn 0.180254 0.983620 0.000000
vn 0.180254 0.983620 0.000000
vn 0.180254 0.983620 0.000000
vn -0.156434 -0.987688 0.000000
vn -0.156434 -0.987688 0.000000
vn -0.156434 -0.987688 0.000000
vn -0.156434 -0.987688 0.000000
vn 0.156437 0.987688 0.000000
vn 0.156437 0.987688 0.000000
vn 0.156437 0.987688 0.000000
vn 0.156437 0.987688 0.000000
vn -0.132522 -0.991180 0.000000
vn -0.132522 -0.991180 0.000000
vn -0.132522 -0.991180 0.000000
vn -0.132522 -0.991180 0.000000
vn 0.132521 0.991180 0.000000
vn 0.132521 0.991180 0.000000
vn 0.132521 0.991180 0.000000
vn 0.132521 0.991180 0.000000
vn -0.108533 -0.994093 0.000000
vn -0.108533 -0.994093 0.000000
vn -0.108533 -0.994093 0.000000
vn -0.108533 -0.994093 0.000000
vn 0.108534 0.994093 0.000000
vn 0.108534 0.994093 0.000000
vn 0.108534 0.994093 0.000000
vn 0.108534 0.994093 0.000000
vn -0.084481 -0.996425 0.000000
vn -0.084481 -0.996425 0.000000
vn -0.084481 -0.996425 0.000000
vn -0.084481 -0.996425 0.000000
vn 0.084481 0.996425 0.000000
vn 0.084481 0.996425 0.000000
vn 0.084481 0.996425 0.000000
vn 0.084481 0.996425 0.000000
vn -0.060378 -0.998176 0.000000
vn -0.060378 -0.998176 0.000000
vn -0.060378 -0.998176 0.000000
vn -0.060378 -0.998176 0.000000
vn 0.060378 0.998176 0.000000
vn 0.060378 0.998176 0.000000
vn 0.060378 0.998176 0.000000
vn 0.060378 0.998176 0.000000
vn -0.036241 -0.999343 0.000000
vn -0.036241 -0.999343 0.000000
vn -0.036241 -0.999343 0.000000
vn -0.036241 -0.999343 0.000000
vn 0.036241 0.999343 0.000000
vn 0.036241 0.999343 0.000000
vn 0.036241 0.999343 0.000000
vn 0.036241 0.999343 0.000000
vn -0.012083 -0.999927 0.000000
vn -0.012083 -0.999927 0.000000
vn -0.012083 -0.999927 0.000000
vn -0.012083 -0.999927 0.000000
vn 0.012083 0.999927 0.000000
vn 0.012083 0.999927 0.000000
vn 0.012083 0.999927 0.000000
vn 0.012083 0.999927 0.000000
f 1//1 3//3 4//4
f 1//1 4//4 2//2
f 3//3 5//5 6//6
f 3//3 6//6 4//4
f 5//5 7//7 8//8
f 5//5 8//8 6//6
f 7//7 9//9 10//10
f 7//7 10//10 8//8
f 9//9 11//11 12//12
f 9//9 12//12 10//10
f 11//11 13//13 14//14
f 11//11 14//14 12//12
f 13//13 15//15 16//16
f 13//13 16//16 14//14
f 15//15 17//17 18//18
f 15//15 18//18 16//16
f 17//17 19//19 20//20
f 17//17 20//20 18//18
f 19//19 21//21 22//22
f 19//19 22//22 20//20
f 21//21 23//23 24//24
f 21//21 24//24 22//22
f 23//23 25//25 26//26
f 23//23 26//26 24//24
f 25//25 27//27 28//28
f 25//25 28//28 26//26
f 27//27 29//29 30//30
f 27//27 30//30 28//28
f 29//29 31//31 32//32
f 29//29 32//32 30//30
f 31//31 33//33 34//34
f 31//31 34//34 32//32
f 33//33 35//35 36//36
f 33//33 36//36 34//34
f 35//35 37//37 38//38
f 35//35 38//38 36//36
f 37//37 39//39 40//40
f 37//37 40//40 38//38
f 39//39 41//41 42//42
f 39//39 42//42 40//40
f 41//41 43//43 44//44
f 41//41 44//44 42//42
f 43//43 45//45 46//46
f 43//43 46//46 44//44
f 45//45 47//47 48//48
f 45//45 48//48 46//46
f 47//47 49//49 50//50
f 47//47 50//50 48//48
f 49//49 51//51 52//52
f 49//49 52//52 50//50
f 51//51 53//53 54//54
f 51//51 54//54 52//52
f 53//53 55//55 56//56
f 53//53 56//56 54//54
f 55//55 57//57 58//58
f 55//55 58//58 56//56
f 57//57 59//59 60//60
f 57//57 60//60 58//58
f 59//59 61//61 62//62
f 59//59 62//62 60//60
f 61//61 63//63 64//64
f 61//61 64//64 62//62
f 63//63 65//65 66//66
f 63//63 66//66 64//64
f 65//65 67//67 68//68
f 65//65 68//68 66//66
f 67//67 69//69 70//70
f 67//67 70//70 68//68
f 69//69 71//71 72//72
f 69//69 72//72 70//70
f 71//71 73//73 74//74
f 71//71 74//74 72//72
f 73//73 75//75 76//76
f 73//73 76//76 74//74
f 75//75 77//77 78//78
f 75//75 78//78 76//76
f 77//77 79//79 80//80
f 77//77 80//80 78//78
f 79//79 81//81 82//82
f 79//79 82//82 80//80
f 81//81 83//83 84//84
f 81//81 84//84 82//82
f 83//83 85//85 86//86
f 83//83 86//86 84//84
f 85//85 87//87 88//88
f 85//85 88//88 86//86
f 87//87 89//89 90//90
f 87//87 90//90 88//88
f 89//89 91//91 92//92
f 89//89 92//92 90//90
f 91//91 93//93 94//94
f 91//91 94//94 92//92
f 93//93 95//95 96//96
f 93//93 96//96 94//94
f 95//95 97//97 98//98
f 95//95 98//98 96//96
f 97//97 99//99 100//100
f 97//97 100//100 98//98
f 99//99 101//101 102//102
f 99//99 102//102 100//100
f 101//101 103//103 104//104
f 101//101 104//104 102//102
f 103//103 105//105 106//106
f 103//103 106//106 104//104
f 105//105 107//107 108//108
f 105//105 108//108 106//106
f 107//107 109//109 110//110
f 107//107 110//110 108//108
f 109//109 111//111 112//112
f 109//109 112//112 110//110
f 111//111 113//113 114//114
f 111//111 114//114 112//112
f 113//113 115//115 116//116
f 113//113 116//116 114//114
f 115//115 117//117 118//118
f 115//115 118//118 116//116
f 117//117 119//119 120//120
f 117//117 120//120 118//118
f 119//119 121//121 122//122
f 119//119 122//122 120//120
f 121//121 123//123 124//124
f 121//121 124//124 122//122
f 123//123 125//125 126//126
f 123//123 126//126 124//124
f 125//125 127//127 128//128
f 125//125 128//128 126//126
f 127//127 129//129 130//130
f 127//127 130//130 128//128
f 129//129 131//131 132//132
f 129//129 132//132 130//130
f 131//131 133//133 134//134
f 131//131 134//134 132//132
f 133//133 135//135 136//136
f 133//133 136//136 134//134
f 135//135 137//137 138//138
f 135//135 138//138 136//136
f 137//137 139//139 140//140
f 137//137 140//140 138//138
f 139//139 141//141 142//142
f 139//139 142//142 140//140
f 141//141 143//143 144//144
f 141//141 144//144 142//142
f 143//143 145//145 146//146
f 143//143 146//146 144//144
f 145//145 147//147 148//148
f 145//145 148//148 146//146
f 147//147 149//149 150//150
f 147//147 150//150 148//148
f 149//149 151//151 152//152
f 149//149 152//152 150//150
f 151//151 153//153 154//154
f 151//151 154//154 152//152
f 153//153 155//155 156//156
f 153//153 156//156 154//154
f 155//155 157//157 158//158
f 155//155 158//158 156//156
f 157//157 159//159 160//160
f 157//157 160//160 158//158
f 159//159 161//161 162//162
f 159//159 162//162 160//160
f 161//161 163//163 164//164
f 161//161 164//164 162//162
f 163//163 165//165 166//166
f 163//163 166//166 164//164
f 165//165 167//167 168//168
f 165//165 168//168 166//166
f 167//167 169//169 170//170
f 167//167 170//170 168//168
f 169//169 171//171 172//172
f 169//169 172//172 170//170
f 171//171 173//173 174//174
f 171//171 174//174 172//172
f 173//173 175//175 176//176
f 173//173 176//176 174//174
f 175//175 177//177 178//178
f 175//175 178//178 176//176
f 177//177 179//179 180//180
f 177//177 180//180 178//178
f 179//179 181//181 182//182
f 179//179 182//182 180//180
f 181//181 183//183 184//184
f 181//181 184//184 182//182
f 183//183 185//185 186//186
f 183//183 186//186 184//184
f 185//185 187//187 188//188
f 185//185 188//188 186//186
f 187//187 189//189 190//190
f 187//187 190//190 188//188
f 189//189 191//191 192//192
f 189//189 192//192 190//190
f 191//191 193//193 194//194
f 191//191 194//194 192//192
f 193//193 195//195 196//196
f 193//193 196//196 194//194
f 195//195 197//197 198//198
f 195//195 198//198 196//196
f 197//197 199//199 200//200
f 197//197 200//200 198//198
f 199//199 201//201 202//202
f 199//199 202//202 200//200
f 201//201 203//203 204//204
f 201//201 204//204 202//202
f 203//203 205//205 206//206
f 203//203 206//206 204//204
f 205//205 207//207 208//208
f 205//205 208//208 206//206
f 207//207 209//209 210//210
f 207//207 210//210 208//208
f 209//209 211//211 212//212
f 209//209 212//212 210//210
f 211//211 213//213 214//214
f 211//211 214//214 212//212
f 213//213 215//215 216//216
f 213//213 216//216 214//214
f 215//215 217//217 218//218
f 215//215 218//218 216//216
f 217//217 219//219 220//220
f 217//217 220//220 218//218
f 219//219 221//221 222//222
f 219//219 222//222 220//220
f 221//221 223//223 224//224
f 221//221 224//224 222//222
f 223//223 225//225 226//226
f 223//223 226//226 224//224
f 225//225 227//227 228//228
f 225//225 228//228 226//226
f 227//227 229//229 230//230
f 227//227 230//230 228//228
f 229//229 231//231 232//232
f 229//229 232//232 230//230
f 231//231 233//233 234//234
f 231//231 234//234 232//232
f 233//233 235//235 236//236
f 233//233 236//236 234//234
f 235//235 237//237 238//238
f 235//235 238//238 236//236
f 237//237 239//239 240//240
f 237//237 240//240 238//238
f 239//239 241//241 242//242
f 239//239 242//242 240//240
f 241//241 243//243 244//244
f 241//241 244//244 242//242
f 243//243 245//245 246//246
f 243//243 246//246 244//244
f 245//245 247//247 248//248
f 245//245 248//248 246//246
f 247//247 249//249 250//250
f 247//247 250//250 248//248
f 249//249 251//251 252//252
f 249//249 252//252 250//250
f 251//251 253//253 254//254
f 251//251 254//254 252//252
f 253//253 255//255 256//256
f 253//253 256//256 254//254
f 255//255 257//257 258//258
f 255//255 258//258 256//256
f 257//257 259//259 260//260
f 257//257 260//260 258//258
f 259//259 261//261 262//262
f 259//259 262//262 260//260
f 261//261 263//263 264//264
f 261//261 264//264 262//262
f 263//263 265//265 266//266
f 263//263 266//266 264//264
f 265//265 267//267 268//268
f 265//265 268//268 266//266
f 267//267 269//269 270//270
f 267//267 270//270 268//268
f 269//269 271//271 272//272
f 269//269 272//272 270//270
f 271//271 273//273 274//274
f 271//271 274//274 272//272
f 273//273 275//275 276//276
f 273//273 276//276 274//274
f 275//275 277//277 278//278
f 275//275 278//278 276//276
f 277//277 279//279 280//280
f 277//277 280//280 278//278
f 279//279 281//281 282//282
f 279//279 282//282 280//280
f 281//281 283//283 284//284
f 281//281 284//284 282//282
f 283//283 285//285 286//286
f 283//283 286//286 284//284
f 285//285 287//287 288//288
f 285//285 288//288 286//286
f 287//287 289//289 290//290
f 287//287 290//290 288//288
f 289//289 291//291 292//292
f 289//289 292//292 290//290
f 291//291 293//293 294//294
f 291//291 294//294 292//292
f 293//293 295//295 296//296
f 293//293 296//296 294//294
f 295//295 297//297 298//298
f 295//295 298//298 296//296
f 297//297 299//299 300//300
f 297//297 300//300 298//298
f 299//299 301//301 302//302
f 299//299 302//302 300//300
f 301//301 303//303 304//304
f 301//301 304//304 302//302
f 303//303 305//305 306//306
f 303//303 306//306 304//304
f 305//305 307//307 308//308
f 305//305 308//308 306//306
f 307//307 309//309 310//310
f 307//307 310//310 308//308
f 309//309 311//311 312//312
f 309//309 312//312 310//310
f 311//311 313//313 314//314
f 311//311 314//314 312//312
f 313//313 315//315 316//316
f 313//313 316//316 314//314
f 315//315 317//317 318//318
f 315//315 318//318 316//316
f 317//317 319//319 320//320
f 317//317 320//320 318//318
f 319//319 321//321 322//322
f 319//319 322//322 320//320
f 321//321 323//323 324//324
f 321//321 324//324 322//322
f 323//323 325//325 326//326
f 323//323 326//326 324//324
f 325//325 327//327 328//328
f 325//325 328//328 326//326
f 327//327 329//329 330//330
f 327//327 330//330 328//328
f 329//329 331//331 332//332
f 329//329 332//332 330//330
f 331//331 333//333 334//334
f 331//331 334//334 332//332
f 333//333 335//335 336//336
f 333//333 336//336 334//334
f 335//335 337//337 338//338
f 335//335 338//338 336//336
f 337//337 339//339 340//340
f 337//337 340//340 338//338
f 339//339 341//341 342//342
f 339//339 342//342 340//340
f 341//341 343//343 344//344
f 341//341 344//344 342//342
f 343//343 345//345 346//346
f 343//343 346//346 344//344
f 345//345 347//347 348//348
f 345//345 348//348 346//346
f 347//347 349//349 350//350
f 347//347 350//350 348//348
f 349//349 351//351 352//352
f 349//349 352//352 350//350
f 351//351 353//353 354//354
f 351//351 354//354 352//352
f 353//353 355//355 356//356
f 353//353 356//356 354//354
f 355//355 357//357 358//358
f 355//355 358//358 356//356
f 357//357 359//359 360//360
f 357//357 360//360 358//358
f 359//359 361//361 362//362
f 359//359 362//362 360//360
f 361//361 363//363 364//364
f 361//361 364//364 362//362
f 363//363 365//365 366//366
f 363//363 366//366 364//364
f 365//365 367//367 368//368
f 365//365 368//368 366//366
f 367//367 369//369 370//370
f 367//367 370//370 368//368
f 369//369 371//371 372//372
f 369//369 372//372 370//370
f 371//371 373//373 374//374
f 371//371 374//374 372//372
f 373//373 375//375 376//376
f 373//373 376//376 374//374
f 375//375 377//377 378//378
f 375//375 378//378 376//376
f 377//377 379//379 380//380
f 377//377 380//380 378//378
f 379//379 381//381 382//382
f 379//379 382//382 380//380
f 381//381 383//383 384//384
f 381//381 384//384 382//382
f 383//383 385//385 386//386
f 383//383 386//386 384//384
f 385//385 387//387 388//388
f 385//385 388//388 386//386
f 387//387 389//389 390//390
f 387//387 390//390 388//388
f 389//389 391//391 392//392
f 389//389 392//392 390//390
f 391//391 393//393 394//394
f 391//391 394//394 392//392
f 393//393 395//395 396//396
f 393//393 396//396 394//394
f 395//395 397//397 398//398
f 395//395 398//398 396//396
f 397//397 399//399 400//400
f 397//397 400//400 398//398
f 399//399 401//401 402//402
f 399//399 402//402 400//400
f 401//401 403//403 404//404
f 401//401 404//404 402//402
f 403//403 405//405 406//406
f 403//403 406//406 404//404
f 405//405 407//407 408//408
f 405//405 408//408 406//406
f 407//407 409//409 410//410
f 407//407 410//410 408//408
f 409//409 411//411 412//412
f 409//409 412//412 410//410
f 411//411 413//413 414//414
f 411//411 414//414 412//412
f 413//413 415//415 416//416
f 413//413 416//416 414//414
f 415//415 417//417 418//418
f 415//415 418//418 416//416
f 417//417 419//419 420//420
f 417//417 420//420 418//418
f 419//419 421//421 422//422
f 419//419 422//422 420//420
f 421//421 423//423 424//424
f 421//421 424//424 422//422
f 423//423 425//425 426//426
f 423//423 426//426 424//424
f 425//425 427//427 428//428
f 425//425 428//428 426//426
f 427//427 429//429 430//430
f 427//427 430//430 428//428
f 429//429 431//431 432//432
f 429//429 432//432 430//430
f 431//431 433//433 434//434
f 431//431 434//434 432//432
f 433//433 435//435 436//436
f 433//433 436//436 434//434
f 435//435 437//437 438//438
f 435//435 438//438 436//436
f 437//437 439//439 440//440
f 437//437 440//440 438//438
f 439//439 441//441 442//442
f 439//439 442//442 440//440
f 441//441 443//443 444//444
f 441//441 444//444 442//442
f 443//443 445//445 446//446
f 443//443 446//446 444//444
f 445//445 447//447 448//448
f 445//445 448//448 446//446
f 447//447 449//449 450//450
f 447//447 450//450 448//448
f 449//449 451//451 452//452
f 449//449 452//452 450//450
f 451//451 453//453 454//454
f 451//451 454//454 452//452
f 453//453 455//455 456//456
f 453//453 456//456 454//454
f 455//455 457//457 458//458
f 455//455 458//458 456//456
f 457//457 459//459 460//460
f 457//457 460//460 458//458
f 459//459 461//461 462//462
f 459//459 462//462 460//460
f 461//461 463//463 464//464
f 461//461 464//464 462//462
f 463//463 465//465 466//466
f 463//463 466//466 464//464
f 465//465 467//467 468//468
f 465//465 468//468 466//466
f 467//467 469//469 470//470
f 467//467 470//470 468//468
f 469//469 471//471 472//472
f 469//469 472//472 470//470
f 471//471 473//473 474//474
f 471//471 474//474 472//472
f 473//473 475//475 476//476
f 473//473 476//476 474//474
f 475//475 477//477 478//478
f 475//475 478//478 476//476
f 477//477 479//479 480//480
f 477//477 480//480 478//478
f 479//479 481//481 482//482
f 479//479 482//482 480//480
f 481//481 483//483 484//484
f 481//481 484//484 482//482
f 483//483 485//485 486//486
f 483//483 486//486 484//484
f 485//485 487//487 488//488
f 485//485 488//488 486//486
f 487//487 489//489 490//490
f 487//487 490//490 488//488
f 489//489 491//491 492//492
f 489//489 492//492 490//490
f 491//491 493//493 494//494
f 491//491 494//494 492//492
f 493//493 495//495 496//496
f 493//493 496//496 494//494
f 495//495 497//497 498//498
f 495//495 498//498 496//496
f 497//497 499//499 500//500
f 497//497 500//500 498//498
f 499//499 501//501 502//502
f 499//499 502//502 500//500
f 501//501 503//503 504//504
f 501//501 504//504 502//502
f 503//503 505//505 506//506
f 503//503 506//506 504//504
f 505//505 507//507 508//508
f 505//505 508//508 506//506
f 507//507 509//509 510//510
f 507//507 510//510 508//508
f 509//509 511//511 512//512
f 509//509 512//512 510//510
f 511//511 513//513 514//514
f 511//511 514//514 512//512
f 513//513 515//515 516//516
f 513//513 516//516 514//514
f 515//515 517//517 518//518
f 515//515 518//518 516//516
f 517//517 519//519 520//520
f 517//517 520//520 518//518
f 519//519 521//521 522//522
f 519//519 522//522 520//520
f 521//521 523//523 524//524
f 521//521 524//524 522//522
f 523//523 525//525 526//526
f 523//523 526//526 524//524
f 525//525 527//527 528//528
f 525//525 528//528 526//526
f 527//527 529//529 530//530
f 527//527 530//530 528//528
f 529//529 531//531 532//532
f 529//529 532//532 530//530
f 531//531 533//533 534//534
f 531//531 534//534 532//532
f 533//533 535//535 536//536
f 533//533 536//536 534//534
f 535//535 537//537 538//538
f 535//535 538//538 536//536
f 537//537 539//539 540//540
f 537//537 540//540 538//538
f 539//539 541//541 542//542
f 539//539 542//542 540//540
f 541//541 543//543 544//544
f 541//541 544//544 542//542
f 543//543 545//545 546//546
f 543//543 546//546 544//544
f 545//545 547//547 548//548
f 545//545 548//548 546//546
f 547//547 549//549 550//550
f 547//547 550//550 548//548
f 549//549 551//551 552//552
f 549//549 552//552 550//550
f 551//551 553//553 554//554
f 551//551 554//554 552//552
f 553//553 555//555 556//556
f 553//553 556//556 554//554
f 555//555 557//557 558//558
f 555//555 558//558 556//556
f 557//557 559//559 560//560
f 557//557 560//560 558//558
f 559//559 561//561 562//562
f 559//559 562//562 560//560
f 561//561 563//563 564//564
f 561//561 564//564 562//562
f 563//563 565//565 566//566
f 563//563 566//566 564//564
f 565//565 567//567 568//568
f 565//565 568//568 566//566
f 567//567 569//569 570//570
f 567//567 570//570 568//568
f 569//569 571//571 572//572
f 569//569 572//572 570//570
f 571//571 573//573 574//574
f 571//571 574//574 572//572
f 573//573 575//575 576//576
f 573//573 576//576 574//574
f 575//575 577//577 578//578
f 575//575 578//578 576//576
f 577//577 579//579 580//580
f 577//577 580//580 578//578
f 579//579 581//581 582//582
f 579//579 582//582 580//580
f 581//581 583//583 584//584
f 581//581 584//584 582//582
f 583//583 585//585 586//586
f 583//583 586//586 584//584
f 585//585 587//587 588//588
f 585//585 588//588 586//586
f 587//587 589//589 590//590
f 587//587 590//590 588//588
f 589//589 591//591 592//592
f 589//589 592//592 590//590
f 591//591 593//593 594//594
f 591//591 594//594 592//592
f 593//593 595//595 596//596
f 593//593 596//596 594//594
f 595//595 597//597 598//598
f 595//595 598//598 596//596
f 597//597 599//599 600//600
f 597//597 600//600 598//598
f 599//599 601//601 602//602
f 599//599 602//602 600//600
f 601//601 603//603 604//604
f 601//601 604//604 602//602
f 603//603 605//605 606//606
f 603//603 606//606 604//604
f 605//605 607//607 608//608
f 605//605 608//608 606//606
f 607//607 609//609 610//610
f 607//607 610//610 608//608
f 609//609 611//611 612//612
f 609//609 612//612 610//610
f 611//611 613//613 614//614
f 611//611 614//614 612//612
f 613//613 615//615 616//616
f 613//613 616//616 614//614
f 615//615 617//617 618//618
f 615//615 618//618 616//616
f 617//617 619//619 620//620
f 617//617 620//620 618//618
f 619//619 621//621 622//622
f 619//619 622//622 620//620
f 621//621 623//623 624//624
f 621//621 624//624 622//622
f 623//623 625//625 626//626
f 623//623 626//626 624//624
f 625//625 627//627 628//628
f 625//625 628//628 626//626
f 627//627 629//629 630//630
f 627//627 630//630 628//628
f 629//629 631//631 632//632
f 629//629 632//632 630//630
f 631//631 633//633 634//634
f 631//631 634//634 632//632
f 633//633 635//635 636//636
f 633//633 636//636 634//634
f 635//635 637//637 638//638
f 635//635 638//638 636//636
f 637//637 639//639 640//640
f 637//637 640//640 638//638
f 639//639 641//641 642//642
f 639//639 642//642 640//640
f 641//641 643//643 644//644
f 641//641 644//644 642//642
f 643//643 645//645 646//646
f 643//643 646//646 644//644
f 645//645 647//647 648//648
f 645//645 648//648 646//646
f 647//647 649//649 650//650
f 647//647 650//650 648//648
f 649//649 651//651 652//652
f 649//649 652//652 650//650
f 651//651 653//653 654//654
f 651//651 654//654 652//652
f 653//653 655//655 656//656
f 653//653 656//656 654//654
f 655//655 657//657 658//658
f 655//655 658//658 656//656
f 657//657 659//659 660//660
f 657//657 660//660 658//658
f 659//659 661//661 662//662
f 659//659 662//662 660//660
f 661//661 663//663 664//664
f 661//661 664//664 662//662
f 663//663 665//665 666//666
f 663//663 666//666 664//664
f 665//665 667//667 668//668
f 665//665 668//668 666//666
f 667//667 669//669 670//670
f 667//667 670//670 668//668
f 669//669 671//671 672//672
f 669//669 672//672 670//670
f 671//671 673//673 674//674
f 671//671 674//674 672//672
f 673//673 675//675 676//676
f 673//673 676//676 674//674
f 675//675 677//677 678//678
f 675//675 678//678 676//676
f 677//677 679//679 680//680
f 677//677 680//680 678//678
f 679//679 681//681 682//682
f 679//679 682//682 680//680
f 681//681 683//683 684//684
f 681//681 684//684 682//682
f 683//683 685//685 686//686
f 683//683 686//686 684//684
f 685//685 687//687 688//688
f 685//685 688//688 686//686
f 687//687 689//689 690//690
f 687//687 690//690 688//688
f 689//689 691//691 692//692
f 689//689 692//692 690//690
f 691//691 693//693 694//694
f 691//691 694//694 692//692
f 693//693 695//695 696//696
f 693//693 696//696 694//694
f 695//695 697//697 698//698
f 695//695 698//698 696//696
f 697//697 699//699 700//700
f 697//697 700//700 698//698
f 699//699 701//701 702//702
f 699//699 702//702 700//700
f 701//701 703//703 704//704
f 701//701 704//704 702//702
f 703//703 705//705 706//706
f 703//703 706//706 704//704
f 705//705 707//707 708//708
f 705//705 708//708 706//706
f 707//707 709//709 710//710
f 707//707 710//710 708//708
f 709//709 711//711 712//712
f 709//709 712//712 710//710
f 711//711 713//713 714//714
f 711//711 714//714 712//712
f 713//713 715//715 716//716
f 713//713 716//716 714//714
f 715//715 717//717 718//718
f 715//715 718//718 716//716
f 717//717 719//719 720//720
f 717//717 720//720 718//718
f 719//719 721//721 722//722
f 719//719 722//722 720//720
f 721//721 723//723 724//724
f 721//721 724//724 722//722
f 723//723 725//725 726//726
f 723//723 726//726 724//724
f 725//725 727//727 728//728
f 725//725 728//728 726//726
f 727//727 729//729 730//730
f 727//727 730//730 728//728
f 729//729 731//731 732//732
f 729//729 732//732 730//730
f 731//731 733//733 734//734
f 731//731 734//734 732//732
f 733//733 735//735 736//736
f 733//733 736//736 734//734
f 735//735 737//737 738//738
f 735//735 738//738 736//736
f 737//737 739//739 740//740
f 737//737 740//740 738//738
f 739//739 741//741 742//742
f 739//739 742//742 740//740
f 741//741 743//743 744//744
f 741//741 744//744 742//742
f 743//743 745//745 746//746
f 743//743 746//746 744//744
f 745//745 747//747 748//748
f 745//745 748//748 746//746
f 747//747 749//749 750//750
f 747//747 750//750 748//748
f 749//749 751//751 752//752
f 749//749 752//752 750//750
f 751//751 753//753 754//754
f 751//751 754//754 752//752
f 753//753 755//755 756//756
f 753//753 756//756 754//754
f 755//755 757//757 758//758
f 755//755 758//758 756//756
f 757//757 759//759 760//760
f 757//757 760//760 758//758
f 759//759 761//761 762//762
f 759//759 762//762 760//760
f 761//761 763//763 764//764
f 761//761 764//764 762//762
f 763//763 765//765 766//766
f 763//763 766//766 764//764
f 765//765 767//767 768//768
f 765//765 768//768 766//766
f 767//767 769//769 770//770
f 767//767 770//770 768//768
f 769//769 771//771 772//772
f 769//769 772//772 770//770
f 771//771 773//773 774//774
f 771//771 774//774 772//772
f 773//773 775//775 776//776
f 773//773 776//776 774//774
f 775//775 777//777 778//778
f 775//775 778//778 776//776
f 777//777 779//779 780//780
f 777//777 780//780 778//778
f 779//779 781//781 782//782
f 779//779 782//782 780//780
f 781//781 783//783 784//784
f 781//781 784//784 782//782
f 783//783 785//785 786//786
f 783//783 786//786 784//784
f 785//785 787//787 788//788
f 785//785 788//788 786//786
f 787//787 789//789 790//790
f 787//787 790//790 788//788
f 789//789 791//791 792//792
f 789//789 792//792 790//790
f 791//791 793//793 794//794
f 791//791 794//794 792//792
f 793//793 795//795 796//796
f 793//793 796//796 794//794
f 795//795 797//797 798//798
f 795//795 798//798 796//796
f 797//797 799//799 800//800
f 797//797 800//800 798//798
f 799//799 801//801 802//802
f 799//799 802//802 800//800
f 801//801 803//803 804//804
f 801//801 804//804 802//802
f 803//803 805//805 806//806
f 803//803 806//806 804//804
f 805//805 807//807 808//808
f 805//805 808//808 806//806
f 807//807 809//809 810//810
f 807//807 810//810 808//808
f 809//809 811//811 812//812
f 809//809 812//812 810//810
f 811//811 813//813 814//814
f 811//811 814//814 812//812
f 813//813 815//815 816//816
f 813//813 816//816 814//814
f 815//815 817//817 818//818
f 815//815 818//818 816//816
f 817//817 819//819 820//820
f 817//817 820//820 818//818
f 819//819 821//821 822//822
f 819//819 822//822 820//820
f 821//821 823//823 824//824
f 821//821 824//824 822//822
f 823//823 825//825 826//826
f 823//823 826//826 824//824
f 825//825 827//827 828//828
f 825//825 828//828 826//826
f 827//827 829//829 830//830
f 827//827 830//830 828//828
f 829//829 831//831 832//832
f 829//829 832//832 830//830
f 831//831 833//833 834//834
f 831//831 834//834 832//832
f 833//833 835//835 836//836
f 833//833 836//836 834//834
f 835//835 837//837 838//838
f 835//835 838//838 836//836
f 837//837 839//839 840//840
f 837//837 840//840 838//838
f 839//839 841//841 842//842
f 839//839 842//842 840//840
f 841//841 843//843 844//844
f 841//841 844//844 842//842
f 843//843 845//845 846//846
f 843//843 846//846 844//844
f 845//845 847//847 848//848
f 845//845 848//848 846//846
f 847//847 849//849 850//850
f 847//847 850//850 848//848
f 849//849 851//851 852//852
f 849//849 852//852 850//850
f 851//851 853//853 854//854
f 851//851 854//854 852//852
f 853//853 855//855 856//856
f 853//853 856//856 854//854
f 855//855 857//857 858//858
f 855//855 858//858 856//856
f 857//857 859//859 860//860
f 857//857 860//860 858//858
f 859//859 861//861 862//862
f 859//859 862//862 860//860
f 861//861 863//863 864//864
f 861//861 864//864 862//862
f 863//863 865//865 866//866
f 863//863 866//866 864//864
f 865//865 867//867 868//868
f 865//865 868//868 866//866
f 867//867 869//869 870//870
f 867//867 870//870 868//868
f 869//869 871//871 872//872
f 869//869 872//872 870//870
f 871//871 873//873 874//874
f 871//871 874//874 872//872
f 873//873 875//875 876//876
f 873//873 876//876 874//874
f 875//875 877//877 878//878
f 875//875 878//878 876//876
f 877//877 879//879 880//880
f 877//877 880//880 878//878
f 879//879 881//881 882//882
f 879//879 882//882 880//880
f 881//881 883//883 884//884
f 881//881 884//884 882//882
f 883//883 885//885 886//886
f 883//883 886//886 884//884
f 885//885 887//887 888//888
f 885//885 888//888 886//886
f 887//887 889//889 890//890
f 887//887 890//890 888//888
f 889//889 891//891 892//892
f 889//889 892//892 890//890
f 891//891 893//893 894//894
f 891//891 894//894 892//892
f 893//893 895//895 896//896
f 893//893 896//896 894//894
f 895//895 897//897 898//898
f 895//895 898//898 896//896
f 897//897 899//899 900//900
f 897//897 900//900 898//898
f 899//899 901//901 902//902
f 899//899 902//902 900//900
f 901//901 903//903 904//904
f 901//901 904//904 902//902
f 903//903 905//905 906//906
f 903//903 906//906 904//904
f 905//905 907//907 908//908
f 905//905 908//908 906//906
f 907//907 909//909 910//910
f 907//907 910//910 908//908
f 909//909 911//911 912//912
f 909//909 912//912 910//910
f 911//911 913//913 914//914
f 911//911 914//914 912//912
f 913//913 915//915 916//916
f 913//913 916//916 914//914
f 915//915 917//917 918//918
f 915//915 918//918 916//916
f 917//917 919//919 920//920
f 917//917 920//920 918//918
f 919//919 921//921 922//922
f 919//919 922//922 920//920
f 921//921 923//923 924//924
f 921//921 924//924 922//922
f 923//923 925//925 926//926
f 923//923 926//926 924//924
f 925//925 927//927 928//928
f 925//925 928//928 926//926
f 927//927 929//929 930//930
f 927//927 930//930 928//928
f 929//929 931//931 932//932
f 929//929 932//932 930//930
f 931//931 933//933 934//934
f 931//931 934//934 932//932
f 933//933 935//935 936//936
f 933//933 936//936 934//934
f 935//935 937//937 938//938
f 935//935 938//938 936//936
f 937//937 939//939 940//940
f 937//937 940//940 938//938
f 939//939 941//941 942//942
f 939//939 942//942 940//940
f 941//941 943//943 944//944
f 941//941 944//944 942//942
f 943//943 945//945 946//946
f 943//943 946//946 944//944
f 945//945 947//947 948//948
f 945//945 948//948 946//946
f 947//947 949//949 950//950
f 947//947 950//950 948//948
f 949//949 951//951 952//952
f 949//949 952//952 950//950
f 951//951 953//953 954//954
f 951//951 954//954 952//952
f 953//953 955//955 956//956
f 953//953 956//956 954//954
f 955//955 957//957 958//958
f 955//955 958//958 956//956
f 957//957 959//959 960//960
f 957//957 960//960 958//958
f 959//959 961//961 962//962
f 959//959 962//962 960//960
f 961//961 963//963 964//964
f 961//961 964//964 962//962
f 963//963 965//965 966//966
f 963//963 966//966 964//964
f 965//965 967//967 968//968
f 965//965 968//968 966//966
f 967//967 969//969 970//970
f 967//967 970//970 968//968
f 969//969 971//971 972//972
f 969//969 972//972 970//970
f 971//971 973//973 974//974
f 971//971 974//974 972//972
f 973//973 975//975 976//976
f 973//973 976//976 974//974
f 975//975 977//977 978//978
f 975//975 978//978 976//976
f 977//977 979//979 980//980
f 977//977 980//980 978//978
f 979//979 981//981 982//982
f 979//979 982//982 980//980
f 981//981 983//983 984//984
f 981//981 984//984 982//982
f 983//983 985//985 986//986
f 983//983 986//986 984//984
f 985//985 987//987 988//988
f 985//985 988//988 986//986
f 987//987 989//989 990//990
f 987//987 990//990 988//988
f 989//989 991//991 992//992
f 989//989 992//992 990//990
f 991//991 993//993 994//994
f 991//991 994//994 992//992
f 993//993 995//995 996//996
f 993//993 996//996 994//994
f 995//995 997//997 998//998
f 995//995 998//998 996//996
f 997//997 999//999 1000//1000
f 997//997 1000//1000 998//998
f 999//999 1001//1001 1002//1002
f 999//999 1002//1002 1000//1000
f 1001//1001 1003//1003 1004//1004
f 1001//1001 1004//1004 1002//1002
f 1003//1003 1005//1005 1006//1006
f 1003//1003 1006//1006 1004//1004
f 1005//1005 1007//1007 1008//1008
f 1005//1005 1008//1008 1006//1006
f 1007//1007 1009//1009 1010//1010
f 1007//1007 1010//1010 1008//1008
f 1009//1009 1011//1011 1012//1012
f 1009//1009 1012//1012 1010//1010
f 1011//1011 1013//1013 1014//1014
f 1011//1011 1014//1014 1012//1012
f 1013//1013 1015//1015 1016//1016
f 1013//1013 1016//1016 1014//1014
f 1015//1015 1017//1017 1018//1018
f 1015//1015 1018//1018 1016//1016
f 1017//1017 1019//1019 1020//1020
f 1017//1017 1020//1020 1018//1018
f 1019//1019 1021//1021 1022//1022
f 1019//1019 1022//1022 1020//1020
f 1021//1021 1023//1023 1024//1024
f 1021//1021 1024//1024 1022//1022
f 1023//1023 1025//1025 1026//1026
f 1023//1023 1026//1026 1024//1024
f 1025//1025 1027//1027 1028//1028
f 1025//1025 1028//1028 1026//1026
f 1027//1027 1029//1029 1030//1030
f 1027//1027 1030//1030 1028//1028
f 1029//1029 1031//1031 1032//1032
f 1029//1029 1032//1032 1030//1030
f 1031//1031 1033//1033 1034//1034
f 1031//1031 1034//1034 1032//1032
f 1033//1033 1035//1035 1036//1036
f 1033//1033 1036//1036 1034//1034
f 1035//1035 1037//1037 1038//1038
f 1035//1035 1038//1038 1036//1036
f 1037//1037 1039//1039 1040//1040
f 1037//1037 1040//1040 1038//1038
f 1039//1039 1041//1041 1042//1042
f 1039//1039 1042//1042 1040//1040
f 1041//1041 1043//1043 1044//1044
f 1041//1041 1044//1044 1042//1042
f 1043//1043 1045//1045 1046//1046
f 1043//1043 1046//1046 1044//1044
f 1045//1045 1047//1047 1048//1048
f 1045//1045 1048//1048 1046//1046
f 1047//1047 1049//1049 1050//1050
f 1047//1047 1050//1050 1048//1048
f 1049//1049 1051//1051 1052//1052
f 1049//1049 1052//1052 1050//1050
f 1051//1051 1053//1053 1054//1054
f 1051//1051 1054//1054 1052//1052
f 1053//1053 1055//1055 1056//1056
f 1053//1053 1056//1056 1054//1054
f 1055//1055 1057//1057 1058//1058
f 1055//1055 1058//1058 1056//1056
f 1057//1057 1059//1059 1060//1060
f 1057//1057 1060//1060 1058//1058
f 1059//1059 1061//1061 1062//1062
f 1059//1059 1062//1062 1060//1060
f 1061//1061 1063//1063 1064//1064
f 1061//1061 1064//1064 1062//1062
f 1063//1063 1065//1065 1066//1066
f 1063//1063 1066//1066 1064//1064
f 1065//1065 1067//1067 1068//1068
f 1065//1065 1068//1068 1066//1066
f 1067//1067 1069//1069 1070//1070
f 1067//1067 1070//1070 1068//1068
f 1069//1069 1071//1071 1072//1072
f 1069//1069 1072//1072 1070//1070
f 1071//1071 1073//1073 1074//1074
f 1071//1071 1074//1074 1072//1072
f 1073//1073 1075//1075 1076//1076
f 1073//1073 1076//1076 1074//1074
f 1075//1075 1077//1077 1078//1078
f 1075//1075 1078//1078 1076//1076
f 1077//1077 1079//1079 1080//1080
f 1077//1077 1080//1080 1078//1078
f 1079//1079 1081//1081 1082//1082
f 1079//1079 1082//1082 1080//1080
f 1081//1081 1083//1083 1084//1084
f 1081//1081 1084//1084 1082//1082
f 1083//1083 1085//1085 1086//1086
f 1083//1083 1086//1086 1084//1084
f 1085//1085 1087//1087 1088//1088
f 1085//1085 1088//1088 1086//1086
f 1087//1087 1089//1089 1090//1090
f 1087//1087 1090//1090 1088//1088
f 1089//1089 1091//1091 1092//1092
f 1089//1089 1092//1092 1090//1090
f 1091//1091 1093//1093 1094//1094
f 1091//1091 1094//1094 1092//1092
f 1093//1093 1095//1095 1096//1096
f 1093//1093 1096//1096 1094//1094
f 1095//1095 1097//1097 1098//1098
f 1095//1095 1098//1098 1096//1096
f 1097//1097 1099//1099 1100//1100
f 1097//1097 1100//1100 1098//1098
f 1099//1099 1101//1101 1102//1102
f 1099//1099 1102//1102 1100//1100
f 1101//1101 1103//1103 1104//1104
f 1101//1101 1104//1104 1102//1102
f 1103//1103 1105//1105 1106//1106
f 1103//1103 1106//1106 1104//1104
f 1105//1105 1107//1107 1108//1108
f 1105//1105 1108//1108 1106//1106
f 1107//1107 1109//1109 1110//1110
f 1107//1107 1110//1110 1108//1108
f 1109//1109 1111//1111 1112//1112
f 1109//1109 1112//1112 1110//1110
f 1111//1111 1113//1113 1114//1114
f 1111//1111 1114//1114 1112//1112
f 1113//1113 1115//1115 1116//1116
f 1113//1113 1116//1116 1114//1114
f 1115//1115 1117//1117 1118//1118
f 1115//1115 1118//1118 1116//1116
f 1117//1117 1119//1119 1120//1120
f 1117//1117 1120//1120 1118//1118
f 1119//1119 1121//1121 1122//1122
f 1119//1119 1122//1122 1120//1120
f 1121//1121 1123//1123 1124//1124
f 1121//1121 1124//1124 1122//1122
f 1123//1123 1125//1125 1126//1126
f 1123//1123 1126//1126 1124//1124
f 1125//1125 1127//1127 1128//1128
f 1125//1125 1128//1128 1126//1126
f 1127//1127 1129//1129 1130//1130
f 1127//1127 1130//1130 1128//1128
f 1129//1129 1131//1131 1132//1132
f 1129//1129 1132//1132 1130//1130
f 1131//1131 1133//1133 1134//1134
f 1131//1131 1134//1134 1132//1132
f 1133//1133 1135//1135 1136//1136
f 1133//1133 1136//1136 1134//1134
f 1135//1135 1137//1137 1138//1138
f 1135//1135 1138//1138 1136//1136
f 1137//1137 1139//1139 1140//1140
f 1137//1137 1140//1140 1138//1138
f 1139//1139 1141//1141 1142//1142
f 1139//1139 1142//1142 1140//1140
f 1141//1141 1143//1143 1144//1144
f 1141//1141 1144//1144 1142//1142
f 1143//1143 1145//1145 1146//1146
f 1143//1143 1146//1146 1144//1144
f 1145//1145 1147//1147 1148//1148
f 1145//1145 1148//1148 1146//1146
f 1147//1147 1149//1149 1150//1150
f 1147//1147 1150//1150 1148//1148
f 1149//1149 1151//1151 1152//1152
f 1149//1149 1152//1152 1150//1150
f 1151//1151 1153//1153 1154//1154
f 1151//1151 1154//1154 1152//1152
f 1153//1153 1155//1155 1156//1156
f 1153//1153 1156//1156 1154//1154
f 1155//1155 1157//1157 1158//1158
f 1155//1155 1158//1158 1156//1156
f 1157//1157 1159//1159 1160//1160
f 1157//1157 1160//1160 1158//1158
f 1159//1159 1161//1161 1162//1162
f 1159//1159 1162//1162 1160//1160
f 1161//1161 1163//1163 1164//1164
f 1161//1161 1164//1164 1162//1162
f 1163//1163 1165//1165 1166//1166
f 1163//1163 1166//1166 1164//1164
f 1165//1165 1167//1167 1168//1168
f 1165//1165 1168//1168 1166//1166
f 1167//1167 1169//1169 1170//1170
f 1167//1167 1170//1170 1168//1168
f 1169//1169 1171//1171 1172//1172
f 1169//1169 1172//1172 1170//1170
f 1171//1171 1173//1173 1174//1174
f 1171//1171 1174//1174 1172//1172
f 1173//1173 1175//1175 1176//1176
f 1173//1173 1176//1176 1174//1174
f 1175//1175 1177//1177 1178//1178
f 1175//1175 1178//1178 1176//1176
f 1177//1177 1179//1179 1180//1180
f 1177//1177 1180//1180 1178//1178
f 1179//1179 1181//1181 1182//1182
f 1179//1179 1182//1182 1180//1180
f 1181//1181 1183//1183 1184//1184
f 1181//1181 1184//1184 1182//1182
f 1183//1183 1185//1185 1186//1186
f 1183//1183 1186//1186 1184//1184
f 1185//1185 1187//1187 1188//1188
f 1185//1185 1188//1188 1186//1186
f 1187//1187 1189//1189 1190//1190
f 1187//1187 1190//1190 1188//1188
f 1189//1189 1191//1191 1192//1192
f 1189//1189 1192//1192 1190//1190
f 1191//1191 1193//1193 1194//1194
f 1191//1191 1194//1194 1192//1192
f 1193//1193 1195//1195 1196//1196
f 1193//1193 1196//1196 1194//1194
f 1195//1195 1197//1197 1198//1198
f 1195//1195 1198//1198 1196//1196
f 1197//1197 1199//1199 1200//1200
f 1197//1197 1200//1200 1198//1198
f 1199//1199 1201//1201 1202//1202
f 1199//1199 1202//1202 1200//1200
f 1201//1201 1203//1203 1204//1204
f 1201//1201 1204//1204 1202//1202
f 1203//1203 1205//1205 1206//1206
f 1203//1203 1206//1206 1204//1204
f 1205//1205 1207//1207 1208//1208
f 1205//1205 1208//1208 1206//1206
f 1207//1207 1209//1209 1210//1210
f 1207//1207 1210//1210 1208//1208
f 1209//1209 1211//1211 1212//1212
f 1209//1209 1212//1212 1210//1210
f 1211//1211 1213//1213 1214//1214
f 1211//1211 1214//1214 1212//1212
f 1213//1213 1215//1215 1216//1216
f 1213//1213 1216//1216 1214//1214
f 1215//1215 1217//1217 1218//1218
f 1215//1215 1218//1218 1216//1216
f 1217//1217 1219//1219 1220//1220
f 1217//1217 1220//1220 1218//1218
f 1219//1219 1221//1221 1222//1222
f 1219//1219 1222//1222 1220//1220
f 1221//1221 1223//1223 1224//1224
f 1221//1221 1224//1224 1222//1222
f 1223//1223 1225//1225 1226//1226
f 1223//1223 1226//1226 1224//1224
f 1225//1225 1227//1227 1228//1228
f 1225//1225 1228//1228 1226//1226
f 1227//1227 1229//1229 1230//1230
f 1227//1227 1230//1230 1228//1228
f 1229//1229 1231//1231 1232//1232
f 1229//1229 1232//1232 1230//1230
f 1231//1231 1233//1233 1234//1234
f 1231//1231 1234//1234 1232//1232
f 1233//1233 1235//1235 1236//1236
f 1233//1233 1236//1236 1234//1234
f 1235//1235 1237//1237 1238//1238
f 1235//1235 1238//1238 1236//1236
f 1237//1237 1239//1239 1240//1240
f 1237//1237 1240//1240 1238//1238
f 1239//1239 1241//1241 1242//1242
f 1239//1239 1242//1242 1240//1240
f 1241//1241 1243//1243 1244//1244
f 1241//1241 1244//1244 1242//1242
f 1243//1243 1245//1245 1246//1246
f 1243//1243 1246//1246 1244//1244
f 1245//1245 1247//1247 1248//1248
f 1245//1245 1248//1248 1246//1246
f 1247//1247 1249//1249 1250//1250
f 1247//1247 1250//1250 1248//1248
f 1249//1249 1251//1251 1252//1252
f 1249//1249 1252//1252 1250//1250
f 1251//1251 1253//1253 1254//1254
f 1251//1251 1254//1254 1252//1252
f 1253//1253 1255//1255 1256//1256
f 1253//1253 1256//1256 1254//1254
f 1255//1255 1257//1257 1258//1258
f 1255//1255 1258//1258 1256//1256
f 1257//1257 1259//1259 1260//1260
f 1257//1257 1260//1260 1258//1258
f 1259//1259 1261//1261 1262//1262
f 1259//1259 1262//1262 1260//1260
f 1261//1261 1263//1263 1264//1264
f 1261//1261 1264//1264 1262//1262
f 1263//1263 1265//1265 1266//1266
f 1263//1263 1266//1266 1264//1264
f 1265//1265 1267//1267 1268//1268
f 1265//1265 1268//1268 1266//1266
f 1267//1267 1269//1269 1270//1270
f 1267//1267 1270//1270 1268//1268
f 1269//1269 1271//1271 1272//1272
f 1269//1269 1272//1272 1270//1270
f 1271//1271 1273//1273 1274//1274
f 1271//1271 1274//1274 1272//1272
f 1273//1273 1275//1275 1276//1276
f 1273//1273 1276//1276 1274//1274
f 1275//1275 1277//1277 1278//1278
f 1275//1275 1278//1278 1276//1276
f 1277//1277 1279//1279 1280//1280
f 1277//1277 1280//1280 1278//1278
f 1279//1279 1281//1281 1282//1282
f 1279//1279 1282//1282 1280//1280
f 1281//1281 1283//1283 1284//1284
f 1281//1281 1284//1284 1282//1282
f 1283//1283 1285//1285 1286//1286
f 1283//1283 1286//1286 1284//1284
f 1285//1285 1287//1287 1288//1288
f 1285//1285 1288//1288 1286//1286
f 1287//1287 1289//1289 1290//1290
f 1287//1287 1290//1290 1288//1288
f 1289//1289 1291//1291 1292//1292
f 1289//1289 1292//1292 1290//1290
f 1291//1291 1293//1293 1294//1294
f 1291//1291 1294//1294 1292//1292
f 1293//1293 1295//1295 1296//1296
f 1293//1293 1296//1296 1294//1294
f 1295//1295 1297//1297 1298//1298
f 1295//1295 1298//1298 1296//1296
f 1297//1297 1299//1299 1300//1300
f 1297//1297 1300//1300 1298//1298
f 1299//1299 1301//1301 1302//1302
f 1299//1299 1302//1302 1300//1300
f 1301//1301 1303//1303 1304//1304
f 1301//1301 1304//1304 1302//1302
f 1303//1303 1305//1305 1306//1306
f 1303//1303 1306//1306 1304//1304
f 1305//1305 1307//1307 1308//1308
f 1305//1305 1308//1308 1306//1306
f 1307//1307 1309//1309 1310//1310
f 1307//1307 1310//1310 1308//1308
f 1309//1309 1311//1311 1312//1312
f 1309//1309 1312//1312 1310//1310
f 1311//1311 1313//1313 1314//1314
f 1311//1311 1314//1314 1312//1312
f 1313//1313 1315//1315 1316//1316
f 1313//1313 1316//1316 1314//1314
f 1315//1315 1317//1317 1318//1318
f 1315//1315 1318//1318 1316//1316
f 1317//1317 1319//1319 1320//1320
f 1317//1317 1320//1320 1318//1318
f 1319//1319 1321//1321 1322//1322
f 1319//1319 1322//1322 1320//1320
f 1321//1321 1323//1323 1324//1324
f 1321//1321 1324//1324 1322//1322
f 1323//1323 1325//1325 1326//1326
f 1323//1323 1326//1326 1324//1324
f 1325//1325 1327//1327 1328//1328
f 1325//1325 1328//1328 1326//1326
f 1327//1327 1329//1329 1330//1330
f 1327//1327 1330//1330 1328//1328
f 1329//1329 1331//1331 1332//1332
f 1329//1329 1332//1332 1330//1330
f 1331//1331 1333//1333 1334//1334
f 1331//1331 1334//1334 1332//1332
f 1333//1333 1335//1335 1336//1336
f 1333//1333 1336//1336 1334//1334
f 1335//1335 1337//1337 1338//1338
f 1335//1335 1338//1338 1336//1336
f 1337//1337 1339//1339 1340//1340
f 1337//1337 1340//1340 1338//1338
f 1339//1339 1341//1341 1342//1342
f 1339//1339 1342//1342 1340//1340
f 1341//1341 1343//1343 1344//1344
f 1341//1341 1344//1344 1342//1342
f 1343//1343 1345//1345 1346//1346
f 1343//1343 1346//1346 1344//1344
f 1345//1345 1347//1347 1348//1348
f 1345//1345 1348//1348 1346//1346
f 1347//1347 1349//1349 1350//1350
f 1347//1347 1350//1350 1348//1348
f 1349//1349 1351//1351 1352//1352
f 1349//1349 1352//1352 1350//1350
f 1351//1351 1353//1353 1354//1354
f 1351//1351 1354//1354 1352//1352
f 1353//1353 1355//1355 1356//1356
f 1353//1353 1356//1356 1354//1354
f 1355//1355 1357//1357 1358//1358
f 1355//1355 1358//1358 1356//1356
f 1357//1357 1359//1359 1360//1360
f 1357//1357 1360//1360 1358//1358
f 1359//1359 1361//1361 1362//1362
f 1359//1359 1362//1362 1360//1360
f 1361//1361 1363//1363 1364//1364
f 1361//1361 1364//1364 1362//1362
f 1363//1363 1365//1365 1366//1366
f 1363//1363 1366//1366 1364//1364
f 1365//1365 1367//1367 1368//1368
f 1365//1365 1368//1368 1366//1366
f 1367//1367 1369//1369 1370//1370
f 1367//1367 1370//1370 1368//1368
f 1369//1369 1371//1371 1372//1372
f 1369//1369 1372//1372 1370//1370
f 1371//1371 1373//1373 1374//1374
f 1371//1371 1374//1374 1372//1372
f 1373//1373 1375//1375 1376//1376
f 1373//1373 1376//1376 1374//1374
f 1375//1375 1377//1377 1378//1378
f 1375//1375 1378//1378 1376//1376
f 1377//1377 1379//1379 1380//1380
f 1377//1377 1380//1380 1378//1378
f 1379//1379 1381//1381 1382//1382
f 1379//1379 1382//1382 1380//1380
f 1381//1381 1383//1383 1384//1384
f 1381//1381 1384//1384 1382//1382
f 1383//1383 1385//1385 1386//1386
f 1383//1383 1386//1386 1384//1384
f 1385//1385 1387//1387 1388//1388
f 1385//1385 1388//1388 1386//1386
f 1387//1387 1389//1389 1390//1390
f 1387//1387 1390//1390 1388//1388
f 1389//1389 1391//1391 1392//1392
f 1389//1389 1392//1392 1390//1390
f 1391//1391 1393//1393 1394//1394
f 1391//1391 1394//1394 1392//1392
f 1393//1393 1395//1395 1396//1396
f 1393//1393 1396//1396 1394//1394
f 1395//1395 1397//1397 1398//1398
f 1395//1395 1398//1398 1396//1396
f 1397//1397 1399//1399 1400//1400
f 1397//1397 1400//1400 1398//1398
f 1399//1399 1401//1401 1402//1402
f 1399//1399 1402//1402 1400//1400
f 1401//1401 1403//1403 1404//1404
f 1401//1401 1404//1404 1402//1402
f 1403//1403 1405//1405 1406//1406
f 1403//1403 1406//1406 1404//1404
f 1405//1405 1407//1407 1408//1408
f 1405//1405 1408//1408 1406//1406
f 1407//1407 1409//1409 1410//1410
f 1407//1407 1410//1410 1408//1408
f 1409//1409 1411//1411 1412//1412
f 1409//1409 1412//1412 1410//1410
f 1411//1411 1413//1413 1414//1414
f 1411//1411 1414//1414 1412//1412
f 1413//1413 1415//1415 1416//1416
f 1413//1413 1416//1416 1414//1414
f 1415//1415 1417//1417 1418//1418
f 1415//1415 1418//1418 1416//1416
f 1417//1417 1419//1419 1420//1420
f 1417//1417 1420//1420 1418//1418
f 1419//1419 1421//1421 1422//1422
f 1419//1419 1422//1422 1420//1420
f 1421//1421 1423//1423 1424//1424
f 1421//1421 1424//1424 1422//1422
f 1423//1423 1425//1425 1426//1426
f 1423//1423 1426//1426 1424//1424
f 1425//1425 1427//1427 1428//1428
f 1425//1425 1428//1428 1426//1426
f 1427//1427 1429//1429 1430//1430
f 1427//1427 1430//1430 1428//1428
f 1429//1429 1431//1431 1432//1432
f 1429//1429 1432//1432 1430//1430
f 1431//1431 1433//1433 1434//1434
f 1431//1431 1434//1434 1432//1432
f 1433//1433 1435//1435 1436//1436
f 1433//1433 1436//1436 1434//1434
f 1435//1435 1437//1437 1438//1438
f 1435//1435 1438//1438 1436//1436
f 1437//1437 1439//1439 1440//1440
f 1437//1437 1440//1440 1438//1438
f 1439//1439 1441//1441 1442//1442
f 1439//1439 1442//1442 1440//1440
f 1441//1441 1443//1443 1444//1444
f 1441//1441 1444//1444 1442//1442
f 1443//1443 1445//1445 1446//1446
f 1443//1443 1446//1446 1444//1444
f 1445//1445 1447//1447 1448//1448
f 1445//1445 1448//1448 1446//1446
f 1447//1447 1449//1449 1450//1450
f 1447//1447 1450//1450 1448//1448
f 1449//1449 1451//1451 1452//1452
f 1449//1449 1452//1452 1450//1450
f 1451//1451 1453//1453 1454//1454
f 1451//1451 1454//1454 1452//1452
f 1453//1453 1455//1455 1456//1456
f 1453//1453 1456//1456 1454//1454
f 1455//1455 1457//1457 1458//1458
f 1455//1455 1458//1458 1456//1456
f 1457//1457 1459//1459 1460//1460
f 1457//1457 1460//1460 1458//1458
f 1459//1459 1461//1461 1462//1462
f 1459//1459 1462//1462 1460//1460
f 1461//1461 1463//1463 1464//1464
f 1461//1461 1464//1464 1462//1462
f 1463//1463 1465//1465 1466//1466
f 1463//1463 1466//1466 1464//1464
f 1465//1465 1467//1467 1468//1468
f 1465//1465 1468//1468 1466//1466
f 1467//1467 1469//1469 1470//1470
f 1467//1467 1470//1470 1468//1468
f 1469//1469 1471//1471 1472//1472
f 1469//1469 1472//1472 1470//1470
f 1471//1471 1473//1473 1474//1474
f 1471//1471 1474//1474 1472//1472
f 1473//1473 1475//1475 1476//1476
f 1473//1473 1476//1476 1474//1474
f 1475//1475 1477//1477 1478//1478
f 1475//1475 1478//1478 1476//1476
f 1477//1477 1479//1479 1480//1480
f 1477//1477 1480//1480 1478//1478
f 1479//1479 1481//1481 1482//1482
f 1479//1479 1482//1482 1480//1480
f 1481//1481 1483//1483 1484//1484
f 1481//1481 1484//1484 1482//1482
f 1483//1483 1485//1485 1486//1486
f 1483//1483 1486//1486 1484//1484
f 1485//1485 1487//1487 1488//1488
f 1485//1485 1488//1488 1486//1486
f 1487//1487 1489//1489 1490//1490
f 1487//1487 1490//1490 1488//1488
f 1489//1489 1491//1491 1492//1492
f 1489//1489 1492//1492 1490//1490
f 1491//1491 1493//1493 1494//1494
f 1491//1491 1494//1494 1492//1492
f 1493//1493 1495//1495 1496//1496
f 1493//1493 1496//1496 1494//1494
f 1495//1495 1497//1497 1498//1498
f 1495//1495 1498//1498 1496//1496
f 1497//1497 1499//1499 1500//1500
f 1497//1497 1500//1500 1498//1498
f 1499//1499 1501//1501 1502//1502
f 1499//1499 1502//1502 1500//1500
f 1501//1501 1503//1503 1504//1504
f 1501//1501 1504//1504 1502//1502
f 1503//1503 1505//1505 1506//1506
f 1503//1503 1506//1506 1504//1504
f 1505//1505 1507//1507 1508//1508
f 1505//1505 1508//1508 1506//1506
f 1507//1507 1509//1509 1510//1510
f 1507//1507 1510//1510 1508//1508
f 1509//1509 1511//1511 1512//1512
f 1509//1509 1512//1512 1510//1510
f 1511//1511 1513//1513 1514//1514
f 1511//1511 1514//1514 1512//1512
f 1513//1513 1515//1515 1516//1516
f 1513//1513 1516//1516 1514//1514
f 1515//1515 1517//1517 1518//1518
f 1515//1515 1518//1518 1516//1516
f 1517//1517 1519//1519 1520//1520
f 1517//1517 1520//1520 1518//1518
f 1519//1519 1521//1521 1522//1522
f 1519//1519 1522//1522 1520//1520
f 1521//1521 1523//1523 1524//1524
f 1521//1521 1524//1524 1522//1522
f 1523//1523 1525//1525 1526//1526
f 1523//1523 1526//1526 1524//1524
f 1525//1525 1527//1527 1528//1528
f 1525//1525 1528//1528 1526//1526
f 1527//1527 1//1 2//2
f 1527//1527 2//2 1528//1528
f 1532//1532 1531//1531 1529//1529
f 1530//1530 1532//1532 1529//1529
f 1534//1534 1533//1533 1531//1531
f 1532//1532 1534//1534 1531//1531
f 1536//1536 1535//1535 1533//1533
f 1534//1534 1536//1536 1533//1533
f 1538//1538 1537//1537 1535//1535
f 1536//1536 1538//1538 1535//1535
f 1540//1540 1539//1539 1537//1537
f 1538//1538 1540//1540 1537//1537
f 1542//1542 1541//1541 1539//1539
f 1540//1540 1542//1542 1539//1539
f 1544//1544 1543//1543 1541//1541
f 1542//1542 1544//1544 1541//1541
f 1546//1546 1545//1545 1543//1543
f 1544//1544 1546//1546 1543//1543
f 1548//1548 1547//1547 1545//1545
f 1546//1546 1548//1548 1545//1545
f 1550//1550 1549//1549 1547//1547
f 1548//1548 1550//1550 1547//1547
f 1552//1552 1551//1551 1549//1549
f 1550//1550 1552//1552 1549//1549
f 1554//1554 1553//1553 1551//1551
f 1552//1552 1554//1554 1551//1551
f 1556//1556 1555//1555 1553//1553
f 1554//1554 1556//1556 1553//1553
f 1558//1558 1557//1557 1555//1555
f 1556//1556 1558//1558 1555//1555
f 1560//1560 1559//1559 1557//1557
f 1558//1558 1560//1560 1557//1557
f 1562//1562 1561//1561 1559//1559
f 1560//1560 1562//1562 1559//1559
f 1564//1564 1563//1563 1561//1561
f 1562//1562 1564//1564 1561//1561
f 1566//1566 1565//1565 1563//1563
f 1564//1564 1566//1566 1563//1563
f 1568//1568 1567//1567 1565//1565
f 1566//1566 1568//1568 1565//1565
f 1570//1570 1569//1569 1567//1567
f 1568//1568 1570//1570 1567//1567
f 1572//1572 1571//1571 1569//1569
f 1570//1570 1572//1572 1569//1569
f 1574//1574 1573//1573 1571//1571
f 1572//1572 1574//1574 1571//1571
f 1576//1576 1575//1575 1573//1573
f 1574//1574 1576//1576 1573//1573
f 1578//1578 1577//1577 1575//1575
f 1576//1576 1578//1578 1575//1575
f 1580//1580 1579//1579 1577//1577
f 1578//1578 1580//1580 1577//1577
f 1582//1582 1581//1581 1579//1579
f 1580//1580 1582//1582 1579//1579
f 1584//1584 1583//1583 1581//1581
f 1582//1582 1584//1584 1581//1581
f 1586//1586 1585//1585 1583//1583
f 1584//1584 1586//1586 1583//1583
f 1588//1588 1587//1587 1585//1585
f 1586//1586 1588//1588 1585//1585
f 1590//1590 1589//1589 1587//1587
f 1588//1588 1590//1590 1587//1587
f 1592//1592 1591//1591 1589//1589
f 1590//1590 1592//1592 1589//1589
f 1594//1594 1593//1593 1591//1591
f 1592//1592 1594//1594 1591//1591
f 1596//1596 1595//1595 1593//1593
f 1594//1594 1596//1596 1593//1593
f 1598//1598 1597//1597 1595//1595
f 1596//1596 1598//1598 1595//1595
f 1600//1600 1599//1599 1597//1597
f 1598//1598 1600//1600 1597//1597
f 1602//1602 1601//1601 1599//1599
f 1600//1600 1602//1602 1599//1599
f 1604//1604 1603//1603 1601//1601
f 1602//1602 1604//1604 1601//1601
f 1606//1606 1605//1605 1603//1603
f 1604//1604 1606//1606 1603//1603
f 1608//1608 1607//1607 1605//1605
f 1606//1606 1608//1608 1605//1605
f 1610//1610 1609//1609 1607//1607
f 1608//1608 1610//1610 1607//1607
f 1612//1612 1611//1611 1609//1609
f 1610//1610 1612//1612 1609//1609
f 1614//1614 1613//1613 1611//1611
f 1612//1612 1614//1614 1611//1611
f 1616//1616 1615//1615 1613//1613
f 1614//1614 1616//1616 1613//1613
f 1618//1618 1617//1617 1615//1615
f 1616//1616 1618//1618 1615//1615
f 1620//1620 1619//1619 1617//1617
f 1618//1618 1620//1620 1617//1617
f 1622//1622 1621//1621 1619//1619
f 1620//1620 1622//1622 1619//1619
f 1624//1624 1623//1623 1621//1621
f 1622//1622 1624//1624 1621//1621
f 1626//1626 1625//1625 1623//1623
f 1624//1624 1626//1626 1623//1623
f 1628//1628 1627//1627 1625//1625
f 1626//1626 1628//1628 1625//1625
f 1630//1630 1629//1629 1627//1627
f 1628//1628 1630//1630 1627//1627
f 1632//1632 1631//1631 1629//1629
f 1630//1630 1632//1632 1629//1629
f 1634//1634 1633//1633 1631//1631
f 1632//1632 1634//1634 1631//1631
f 1636//1636 1635//1635 1633//1633
f 1634//1634 1636//1636 1633//1633
f 1638//1638 1637//1637 1635//1635
f 1636//1636 1638//1638 1635//1635
f 1640//1640 1639//1639 1637//1637
f 1638//1638 1640//1640 1637//1637
f 1642//1642 1641//1641 1639//1639
f 1640//1640 1642//1642 1639//1639
f 1644//1644 1643//1643 1641//1641
f 1642//1642 1644//1644 1641//1641
f 1646//1646 1645//1645 1643//1643
f 1644//1644 1646//1646 1643//1643
f 1648//1648 1647//1647 1645//1645
f 1646//1646 1648//1648 1645//1645
f 1650//1650 1649//1649 1647//1647
f 1648//1648 1650//1650 1647//1647
f 1652//1652 1651//1651 1649//1649
f 1650//1650 1652//1652 1649//1649
f 1654//1654 1653//1653 1651//1651
f 1652//1652 1654//1654 1651//1651
f 1656//1656 1655//1655 1653//1653
f 1654//1654 1656//1656 1653//1653
f 1658//1658 1657//1657 1655//1655
f 1656//1656 1658//1658 1655//1655
f 1660//1660 1659//1659 1657//1657
f 1658//1658 1660//1660 1657//1657
f 1662//1662 1661//1661 1659//1659
f 1660//1660 1662//1662 1659//1659
f 1664//1664 1663//1663 1661//1661
f 1662//1662 1664//1664 1661//1661
f 1666//1666 1665//1665 1663//1663
f 1664//1664 1666//1666 1663//1663
f 1668//1668 1667//1667 1665//1665
f 1666//1666 1668//1668 1665//1665
f 1670//1670 1669//1669 1667//1667
f 1668//1668 1670//1670 1667//1667
f 1672//1672 1671//1671 1669//1669
f 1670//1670 1672//1672 1669//1669
f 1674//1674 1673//1673 1671//1671
f 1672//1672 1674//1674 1671//1671
f 1676//1676 1675//1675 1673//1673
f 1674//1674 1676//1676 1673//1673
f 1678//1678 1677//1677 1675//1675
f 1676//1676 1678//1678 1675//1675
f 1680//1680 1679//1679 1677//1677
f 1678//1678 1680//1680 1677//1677
f 1682//1682 1681//1681 1679//1679
f 1680//1680 1682//1682 1679//1679
f 1684//1684 1683//1683 1681//1681
f 1682//1682 1684//1684 1681//1681
f 1686//1686 1685//1685 1683//1683
f 1684//1684 1686//1686 1683//1683
f 1688//1688 1687//1687 1685//1685
f 1686//1686 1688//1688 1685//1685
f 1690//1690 1689//1689 1687//1687
f 1688//1688 1690//1690 1687//1687
f 1692//1692 1691//1691 1689//1689
f 1690//1690 1692//1692 1689//1689
f 1694//1694 1693//1693 1691//1691
f 1692//1692 1694//1694 1691//1691
f 1696//1696 1695//1695 1693//1693
f 1694//1694 1696//1696 1693//1693
f 1698//1698 1697//1697 1695//1695
f 1696//1696 1698//1698 1695//1695
f 1700//1700 1699//1699 1697//1697
f 1698//1698 1700//1700 1697//1697
f 1702//1702 1701//1701 1699//1699
f 1700//1700 1702//1702 1699//1699
f 1704//1704 1703//1703 1701//1701
f 1702//1702 1704//1704 1701//1701
f 1706//1706 1705//1705 1703//1703
f 1704//1704 1706//1706 1703//1703
f 1708//1708 1707//1707 1705//1705
f 1706//1706 1708//1708 1705//1705
f 1710//1710 1709//1709 1707//1707
f 1708//1708 1710//1710 1707//1707
f 1712//1712 1711//1711 1709//1709
f 1710//1710 1712//1712 1709//1709
f 1714//1714 1713//1713 1711//1711
f 1712//1712 1714//1714 1711//1711
f 1716//1716 1715//1715 1713//1713
f 1714//1714 1716//1716 1713//1713
f 1718//1718 1717//1717 1715//1715
f 1716//1716 1718//1718 1715//1715
f 1720//1720 1719//1719 1717//1717
f 1718//1718 1720//1720 1717//1717
f 1722//1722 1721//1721 1719//1719
f 1720//1720 1722//1722 1719//1719
f 1724//1724 1723//1723 1721//1721
f 1722//1722 1724//1724 1721//1721
f 1726//1726 1725//1725 1723//1723
f 1724//1724 1726//1726 1723//1723
f 1728//1728 1727//1727 1725//1725
f 1726//1726 1728//1728 1725//1725
f 1730//1730 1729//1729 1727//1727
f 1728//1728 1730//1730 1727//1727
f 1732//1732 1731//1731 1729//1729
f 1730//1730 1732//1732 1729//1729
f 1734//1734 1733//1733 1731//1731
f 1732//1732 1734//1734 1731//1731
f 1736//1736 1735//1735 1733//1733
f 1734//1734 1736//1736 1733//1733
f 1738//1738 1737//1737 1735//1735
f 1736//1736 1738//1738 1735//1735
f 1740//1740 1739//1739 1737//1737
f 1738//1738 1740//1740 1737//1737
f 1742//1742 1741//1741 1739//1739
f 1740//1740 1742//1742 1739//1739
f 1744//1744 1743//1743 1741//1741
f 1742//1742 1744//1744 1741//1741
f 1746//1746 1745//1745 1743//1743
f 1744//1744 1746//1746 1743//1743
f 1748//1748 1747//1747 1745//1745
f 1746//1746 1748//1748 1745//1745
f 1750//1750 1749//1749 1747//1747
f 1748//1748 1750//1750 1747//1747
f 1752//1752 1751//1751 1749//1749
f 1750//1750 1752//1752 1749//1749
f 1754//1754 1753//1753 1751//1751
f 1752//1752 1754//1754 1751//1751
f 1756//1756 1755//1755 1753//1753
f 1754//1754 1756//1756 1753//1753
f 1758//1758 1757//1757 1755//1755
f 1756//1756 1758//1758 1755//1755
f 1760//1760 1759//1759 1757//1757
f 1758//1758 1760//1760 1757//1757
f 1762//1762 1761//1761 1759//1759
f 1760//1760 1762//1762 1759//1759
f 1764//1764 1763//1763 1761//1761
f 1762//1762 1764//1764 1761//1761
f 1766//1766 1765//1765 1763//1763
f 1764//1764 1766//1766 1763//1763
f 1768//1768 1767//1767 1765//1765
f 1766//1766 1768//1768 1765//1765
f 1770//1770 1769//1769 1767//1767
f 1768//1768 1770//1770 1767//1767
f 1772//1772 1771//1771 1769//1769
f 1770//1770 1772//1772 1769//1769
f 1774//1774 1773//1773 1771//1771
f 1772//1772 1774//1774 1771//1771
f 1776//1776 1775//1775 1773//1773
f 1774//1774 1776//1776 1773//1773
f 1778//1778 1777//1777 1775//1775
f 1776//1776 1778//1778 1775//1775
f 1780//1780 1779//1779 1777//1777
f 1778//1778 1780//1780 1777//1777
f 1782//1782 1781//1781 1779//1779
f 1780//1780 1782//1782 1779//1779
f 1784//1784 1783//1783 1781//1781
f 1782//1782 1784//1784 1781//1781
f 1786//1786 1785//1785 1783//1783
f 1784//1784 1786//1786 1783//1783
f 1788//1788 1787//1787 1785//1785
f 1786//1786 1788//1788 1785//1785
f 1790//1790 1789//1789 1787//1787
f 1788//1788 1790//1790 1787//1787
f 1792//1792 1791//1791 1789//1789
f 1790//1790 1792//1792 1789//1789
f 1794//1794 1793//1793 1791//1791
f 1792//1792 1794//1794 1791//1791
f 1796//1796 1795//1795 1793//1793
f 1794//1794 1796//1796 1793//1793
f 1798//1798 1797//1797 1795//1795
f 1796//1796 1798//1798 1795//1795
f 1800//1800 1799//1799 1797//1797
f 1798//1798 1800//1800 1797//1797
f 1802//1802 1801//1801 1799//1799
f 1800//1800 1802//1802 1799//1799
f 1804//1804 1803//1803 1801//1801
f 1802//1802 1804//1804 1801//1801
f 1806//1806 1805//1805 1803//1803
f 1804//1804 1806//1806 1803//1803
f 1808//1808 1807//1807 1805//1805
f 1806//1806 1808//1808 1805//1805
f 1810//1810 1809//1809 1807//1807
f 1808//1808 1810//1810 1807//1807
f 1812//1812 1811//1811 1809//1809
f 1810//1810 1812//1812 1809//1809
f 1814//1814 1813//1813 1811//1811
f 1812//1812 1814//1814 1811//1811
f 1816//1816 1815//1815 1813//1813
f 1814//1814 1816//1816 1813//1813
f 1818//1818 1817//1817 1815//1815
f 1816//1816 1818//1818 1815//1815
f 1820//1820 1819//1819 1817//1817
f 1818//1818 1820//1820 1817//1817
f 1822//1822 1821//1821 1819//1819
f 1820//1820 1822//1822 1819//1819
f 1824//1824 1823//1823 1821//1821
f 1822//1822 1824//1824 1821//1821
f 1826//1826 1825//1825 1823//1823
f 1824//1824 1826//1826 1823//1823
f 1828//1828 1827//1827 1825//1825
f 1826//1826 1828//1828 1825//1825
f 1830//1830 1829//1829 1827//1827
f 1828//1828 1830//1830 1827//1827
f 1832//1832 1831//1831 1829//1829
f 1830//1830 1832//1832 1829//1829
f 1834//1834 1833//1833 1831//1831
f 1832//1832 1834//1834 1831//1831
f 1836//1836 1835//1835 1833//1833
f 1834//1834 1836//1836 1833//1833
f 1838//1838 1837//1837 1835//1835
f 1836//1836 1838//1838 1835//1835
f 1840//1840 1839//1839 1837//1837
f 1838//1838 1840//1840 1837//1837
f 1842//1842 1841//1841 1839//1839
f 1840//1840 1842//1842 1839//1839
f 1844//1844 1843//1843 1841//1841
f 1842//1842 1844//1844 1841//1841
f 1846//1846 1845//1845 1843//1843
f 1844//1844 1846//1846 1843//1843
f 1848//1848 1847//1847 1845//1845
f 1846//1846 1848//1848 1845//1845
f 1850//1850 1849//1849 1847//1847
f 1848//1848 1850//1850 1847//1847
f 1852//1852 1851//1851 1849//1849
f 1850//1850 1852//1852 1849//1849
f 1854//1854 1853//1853 1851//1851
f 1852//1852 1854//1854 1851//1851
f 1856//1856 1855//1855 1853//1853
f 1854//1854 1856//1856 1853//1853
f 1858//1858 1857//1857 1855//1855
f 1856//1856 1858//1858 1855//1855
f 1860//1860 1859//1859 1857//1857
f 1858//1858 1860//1860 1857//1857
f 1862//1862 1861//1861 1859//1859
f 1860//1860 1862//1862 1859//1859
f 1864//1864 1863//1863 1861//1861
f 1862//1862 1864//1864 1861//1861
f 1866//1866 1865//1865 1863//1863
f 1864//1864 1866//1866 1863//1863
f 1868//1868 1867//1867 1865//1865
f 1866//1866 1868//1868 1865//1865
f 1870//1870 1869//1869 1867//1867
f 1868//1868 1870//1870 1867//1867
f 1872//1872 1871//1871 1869//1869
f 1870//1870 1872//1872 1869//1869
f 1874//1874 1873//1873 1871//1871
f 1872//1872 1874//1874 1871//1871
f 1876//1876 1875//1875 1873//1873
f 1874//1874 1876//1876 1873//1873
f 1878//1878 1877//1877 1875//1875
f 1876//1876 1878//1878 1875//1875
f 1880//1880 1879//1879 1877//1877
f 1878//1878 1880//1880 1877//1877
f 1882//1882 1881//1881 1879//1879
f 1880//1880 1882//1882 1879//1879
f 1884//1884 1883//1883 1881//1881
f 1882//1882 1884//1884 1881//1881
f 1886//1886 1885//1885 1883//1883
f 1884//1884 1886//1886 1883//1883
f 1888//1888 1887//1887 1885//1885
f 1886//1886 1888//1888 1885//1885
f 1890//1890 1889//1889 1887//1887
f 1888//1888 1890//1890 1887//1887
f 1892//1892 1891//1891 1889//1889
f 1890//1890 1892//1892 1889//1889
f 1894//1894 1893//1893 1891//1891
f 1892//1892 1894//1894 1891//1891
f 1896//1896 1895//1895 1893//1893
f 1894//1894 1896//1896 1893//1893
f 1898//1898 1897//1897 1895//1895
f 1896//1896 1898//1898 1895//1895
f 1900//1900 1899//1899 1897//1897
f 1898//1898 1900//1900 1897//1897
f 1902//1902 1901//1901 1899//1899
f 1900//1900 1902//1902 1899//1899
f 1904//1904 1903//1903 1901//1901
f 1902//1902 1904//1904 1901//1901
f 1906//1906 1905//1905 1903//1903
f 1904//1904 1906//1906 1903//1903
f 1908//1908 1907//1907 1905//1905
f 1906//1906 1908//1908 1905//1905
f 1910//1910 1909//1909 1907//1907
f 1908//1908 1910//1910 1907//1907
f 1912//1912 1911//1911 1909//1909
f 1910//1910 1912//1912 1909//1909
f 1914//1914 1913//1913 1911//1911
f 1912//1912 1914//1914 1911//1911
f 1916//1916 1915//1915 1913//1913
f 1914//1914 1916//1916 1913//1913
f 1918//1918 1917//1917 1915//1915
f 1916//1916 1918//1918 1915//1915
f 1920//1920 1919//1919 1917//1917
f 1918//1918 1920//1920 1917//1917
f 1922//1922 1921//1921 1919//1919
f 1920//1920 1922//1922 1919//1919
f 1924//1924 1923//1923 1921//1921
f 1922//1922 1924//1924 1921//1921
f 1926//1926 1925//1925 1923//1923
f 1924//1924 1926//1926 1923//1923
f 1928//1928 1927//1927 1925//1925
f 1926//1926 1928//1928 1925//1925
f 1930//1930 1929//1929 1927//1927
f 1928//1928 1930//1930 1927//1927
f 1932//1932 1931//1931 1929//1929
f 1930//1930 1932//1932 1929//1929
f 1934//1934 1933//1933 1931//1931
f 1932//1932 1934//1934 1931//1931
f 1936//1936 1935//1935 1933//1933
f 1934//1934 1936//1936 1933//1933
f 1938//1938 1937//1937 1935//1935
f 1936//1936 1938//1938 1935//1935
f 1940//1940 1939//1939 1937//1937
f 1938//1938 1940//1940 1937//1937
f 1942//1942 1941//1941 1939//1939
f 1940//1940 1942//1942 1939//1939
f 1944//1944 1943//1943 1941//1941
f 1942//1942 1944//1944 1941//1941
f 1946//1946 1945//1945 1943//1943
f 1944//1944 1946//1946 1943//1943
f 1948//1948 1947//1947 1945//1945
f 1946//1946 1948//1948 1945//1945
f 1950//1950 1949//1949 1947//1947
f 1948//1948 1950//1950 1947//1947
f 1952//1952 1951//1951 1949//1949
f 1950//1950 1952//1952 1949//1949
f 1954//1954 1953//1953 1951//1951
f 1952//1952 1954//1954 1951//1951
f 1956//1956 1955//1955 1953//1953
f 1954//1954 1956//1956 1953//1953
f 1958//1958 1957//1957 1955//1955
f 1956//1956 1958//1958 1955//1955
f 1960//1960 1959//1959 1957//1957
f 1958//1958 1960//1960 1957//1957
f 1962//1962 1961//1961 1959//1959
f 1960//1960 1962//1962 1959//1959
f 1964//1964 1963//1963 1961//1961
f 1962//1962 1964//1964 1961//1961
f 1966//1966 1965//1965 1963//1963
f 1964//1964 1966//1966 1963//1963
f 1968//1968 1967//1967 1965//1965
f 1966//1966 1968//1968 1965//1965
f 1970//1970 1969//1969 1967//1967
f 1968//1968 1970//1970 1967//1967
f 1972//1972 1971//1971 1969//1969
f 1970//1970 1972//1972 1969//1969
f 1974//1974 1973//1973 1971//1971
f 1972//1972 1974//1974 1971//1971
f 1976//1976 1975//1975 1973//1973
f 1974//1974 1976//1976 1973//1973
f 1978//1978 1977//1977 1975//1975
f 1976//1976 1978//1978 1975//1975
f 1980//1980 1979//1979 1977//1977
f 1978//1978 1980//1980 1977//1977
f 1982//1982 1981//1981 1979//1979
f 1980//1980 1982//1982 1979//1979
f 1984//1984 1983//1983 1981//1981
f 1982//1982 1984//1984 1981//1981
f 1986//1986 1985//1985 1983//1983
f 1984//1984 1986//1986 1983//1983
f 1988//1988 1987//1987 1985//1985
f 1986//1986 1988//1988 1985//1985
f 1990//1990 1989//1989 1987//1987
f 1988//1988 1990//1990 1987//1987
f 1992//1992 1991//1991 1989//1989
f 1990//1990 1992//1992 1989//1989
f 1994//1994 1993//1993 1991//1991
f 1992//1992 1994//1994 1991//1991
f 1996//1996 1995//1995 1993//1993
f 1994//1994 1996//1996 1993//1993
f 1998//1998 1997//1997 1995//1995
f 1996//1996 1998//1998 1995//1995
f 2000//2000 1999//1999 1997//1997
f 1998//1998 2000//2000 1997//1997
f 2002//2002 2001//2001 1999//1999
f 2000//2000 2002//2002 1999//1999
f 2004//2004 2003//2003 2001//2001
f 2002//2002 2004//2004 2001//2001
f 2006//2006 2005//2005 2003//2003
f 2004//2004 2006//2006 2003//2003
f 2008//2008 2007//2007 2005//2005
f 2006//2006 2008//2008 2005//2005
f 2010//2010 2009//2009 2007//2007
f 2008//2008 2010//2010 2007//2007
f 2012//2012 2011//2011 2009//2009
f 2010//2010 2012//2012 2009//2009
f 2014//2014 2013//2013 2011//2011
f 2012//2012 2014//2014 2011//2011
f 2016//2016 2015//2015 2013//2013
f 2014//2014 2016//2016 2013//2013
f 2018//2018 2017//2017 2015//2015
f 2016//2016 2018//2018 2015//2015
f 2020//2020 2019//2019 2017//2017
f 2018//2018 2020//2020 2017//2017
f 2022//2022 2021//2021 2019//2019
f 2020//2020 2022//2022 2019//2019
f 2024//2024 2023//2023 2021//2021
f 2022//2022 2024//2024 2021//2021
f 2026//2026 2025//2025 2023//2023
f 2024//2024 2026//2026 2023//2023
f 2028//2028 2027//2027 2025//2025
f 2026//2026 2028//2028 2025//2025
f 2030//2030 2029//2029 2027//2027
f 2028//2028 2030//2030 2027//2027
f 2032//2032 2031//2031 2029//2029
f 2030//2030 2032//2032 2029//2029
f 2034//2034 2033//2033 2031//2031
f 2032//2032 2034//2034 2031//2031
f 2036//2036 2035//2035 2033//2033
f 2034//2034 2036//2036 2033//2033
f 2038//2038 2037//2037 2035//2035
f 2036//2036 2038//2038 2035//2035
f 2040//2040 2039//2039 2037//2037
f 2038//2038 2040//2040 2037//2037
f 2042//2042 2041//2041 2039//2039
f 2040//2040 2042//2042 2039//2039
f 2044//2044 2043//2043 2041//2041
f 2042//2042 2044//2044 2041//2041
f 2046//2046 2045//2045 2043//2043
f 2044//2044 2046//2046 2043//2043
f 2048//2048 2047//2047 2045//2045
f 2046//2046 2048//2048 2045//2045
f 2050//2050 2049//2049 2047//2047
f 2048//2048 2050//2050 2047//2047
f 2052//2052 2051//2051 2049//2049
f 2050//2050 2052//2052 2049//2049
f 2054//2054 2053//2053 2051//2051
f 2052//2052 2054//2054 2051//2051
f 2056//2056 2055//2055 2053//2053
f 2054//2054 2056//2056 2053//2053
f 2058//2058 2057//2057 2055//2055
f 2056//2056 2058//2058 2055//2055
f 2060//2060 2059//2059 2057//2057
f 2058//2058 2060//2060 2057//2057
f 2062//2062 2061//2061 2059//2059
f 2060//2060 2062//2062 2059//2059
f 2064//2064 2063//2063 2061//2061
f 2062//2062 2064//2064 2061//2061
f 2066//2066 2065//2065 2063//2063
f 2064//2064 2066//2066 2063//2063
f 2068//2068 2067//2067 2065//2065
f 2066//2066 2068//2068 2065//2065
f 2070//2070 2069//2069 2067//2067
f 2068//2068 2070//2070 2067//2067
f 2072//2072 2071//2071 2069//2069
f 2070//2070 2072//2072 2069//2069
f 2074//2074 2073//2073 2071//2071
f 2072//2072 2074//2074 2071//2071
f 2076//2076 2075//2075 2073//2073
f 2074//2074 2076//2076 2073//2073
f 2078//2078 2077//2077 2075//2075
f 2076//2076 2078//2078 2075//2075
f 2080//2080 2079//2079 2077//2077
f 2078//2078 2080//2080 2077//2077
f 2082//2082 2081//2081 2079//2079
f 2080//2080 2082//2082 2079//2079
f 2084//2084 2083//2083 2081//2081
f 2082//2082 2084//2084 2081//2081
f 2086//2086 2085//2085 2083//2083
f 2084//2084 2086//2086 2083//2083
f 2088//2088 2087//2087 2085//2085
f 2086//2086 2088//2088 2085//2085
f 2090//2090 2089//2089 2087//2087
f 2088//2088 2090//2090 2087//2087
f 2092//2092 2091//2091 2089//2089
f 2090//2090 2092//2092 2089//2089
f 2094//2094 2093//2093 2091//2091
f 2092//2092 2094//2094 2091//2091
f 2096//2096 2095//2095 2093//2093
f 2094//2094 2096//2096 2093//2093
f 2098//2098 2097//2097 2095//2095
f 2096//2096 2098//2098 2095//2095
f 2100//2100 2099//2099 2097//2097
f 2098//2098 2100//2100 2097//2097
f 2102//2102 2101//2101 2099//2099
f 2100//2100 2102//2102 2099//2099
f 2104//2104 2103//2103 2101//2101
f 2102//2102 2104//2104 2101//2101
f 2106//2106 2105//2105 2103//2103
f 2104//2104 2106//2106 2103//2103
f 2108//2108 2107//2107 2105//2105
f 2106//2106 2108//2108 2105//2105
f 2110//2110 2109//2109 2107//2107
f 2108//2108 2110//2110 2107//2107
f 2112//2112 2111//2111 2109//2109
f 2110//2110 2112//2112 2109//2109
f 2114//2114 2113//2113 2111//2111
f 2112//2112 2114//2114 2111//2111
f 2116//2116 2115//2115 2113//2113
f 2114//2114 2116//2116 2113//2113
f 2118//2118 2117//2117 2115//2115
f 2116//2116 2118//2118 2115//2115
f 2120//2120 2119//2119 2117//2117
f 2118//2118 2120//2120 2117//2117
f 2122//2122 2121//2121 2119//2119
f 2120//2120 2122//2122 2119//2119
f 2124//2124 2123//2123 2121//2121
f 2122//2122 2124//2124 2121//2121
f 2126//2126 2125//2125 2123//2123
f 2124//2124 2126//2126 2123//2123
f 2128//2128 2127//2127 2125//2125
f 2126//2126 2128//2128 2125//2125
f 2130//2130 2129//2129 2127//2127
f 2128//2128 2130//2130 2127//2127
f 2132//2132 2131//2131 2129//2129
f 2130//2130 2132//2132 2129//2129
f 2134//2134 2133//2133 2131//2131
f 2132//2132 2134//2134 2131//2131
f 2136//2136 2135//2135 2133//2133
f 2134//2134 2136//2136 2133//2133
f 2138//2138 2137//2137 2135//2135
f 2136//2136 2138//2138 2135//2135
f 2140//2140 2139//2139 2137//2137
f 2138//2138 2140//2140 2137//2137
f 2142//2142 2141//2141 2139//2139
f 2140//2140 2142//2142 2139//2139
f 2144//2144 2143//2143 2141//2141
f 2142//2142 2144//2144 2141//2141
f 2146//2146 2145//2145 2143//2143
f 2144//2144 2146//2146 2143//2143
f 2148//2148 2147//2147 2145//2145
f 2146//2146 2148//2148 2145//2145
f 2150//2150 2149//2149 2147//2147
f 2148//2148 2150//2150 2147//2147
f 2152//2152 2151//2151 2149//2149
f 2150//2150 2152//2152 2149//2149
f 2154//2154 2153//2153 2151//2151
f 2152//2152 2154//2154 2151//2151
f 2156//2156 2155//2155 2153//2153
f 2154//2154 2156//2156 2153//2153
f 2158//2158 2157//2157 2155//2155
f 2156//2156 2158//2158 2155//2155
f 2160//2160 2159//2159 2157//2157
f 2158//2158 2160//2160 2157//2157
f 2162//2162 2161//2161 2159//2159
f 2160//2160 2162//2162 2159//2159
f 2164//2164 2163//2163 2161//2161
f 2162//2162 2164//2164 2161//2161
f 2166//2166 2165//2165 2163//2163
f 2164//2164 2166//2166 2163//2163
f 2168//2168 2167//2167 2165//2165
f 2166//2166 2168//2168 2165//2165
f 2170//2170 2169//2169 2167//2167
f 2168//2168 2170//2170 2167//2167
f 2172//2172 2171//2171 2169//2169
f 2170//2170 2172//2172 2169//2169
f 2174//2174 2173//2173 2171//2171
f 2172//2172 2174//2174 2171//2171
f 2176//2176 2175//2175 2173//2173
f 2174//2174 2176//2176 2173//2173
f 2178//2178 2177//2177 2175//2175
f 2176//2176 2178//2178 2175//2175
f 2180//2180 2179//2179 2177//2177
f 2178//2178 2180//2180 2177//2177
f 2182//2182 2181//2181 2179//2179
f 2180//2180 2182//2182 2179//2179
f 2184//2184 2183//2183 2181//2181
f 2182//2182 2184//2184 2181//2181
f 2186//2186 2185//2185 2183//2183
f 2184//2184 2186//2186 2183//2183
f 2188//2188 2187//2187 2185//2185
f 2186//2186 2188//2188 2185//2185
f 2190//2190 2189//2189 2187//2187
f 2188//2188 2190//2190 2187//2187
f 2192//2192 2191//2191 2189//2189
f 2190//2190 2192//2192 2189//2189
f 2194//2194 2193//2193 2191//2191
f 2192//2192 2194//2194 2191//2191
f 2196//2196 2195//2195 2193//2193
f 2194//2194 2196//2196 2193//2193
f 2198//2198 2197//2197 2195//2195
f 2196//2196 2198//2198 2195//2195
f 2200//2200 2199//2199 2197//2197
f 2198//2198 2200//2200 2197//2197
f 2202//2202 2201//2201 2199//2199
f 2200//2200 2202//2202 2199//2199
f 2204//2204 2203//2203 2201//2201
f 2202//2202 2204//2204 2201//2201
f 2206//2206 2205//2205 2203//2203
f 2204//2204 2206//2206 2203//2203
f 2208//2208 2207//2207 2205//2205
f 2206//2206 2208//2208 2205//2205
f 2210//2210 2209//2209 2207//2207
f 2208//2208 2210//2210 2207//2207
f 2212//2212 2211//2211 2209//2209
f 2210//2210 2212//2212 2209//2209
f 2214//2214 2213//2213 2211//2211
f 2212//2212 2214//2214 2211//2211
f 2216//2216 2215//2215 2213//2213
f 2214//2214 2216//2216 2213//2213
f 2218//2218 2217//2217 2215//2215
f 2216//2216 2218//2218 2215//2215
f 2220//2220 2219//2219 2217//2217
f 2218//2218 2220//2220 2217//2217
f 2222//2222 2221//2221 2219//2219
f 2220//2220 2222//2222 2219//2219
f 2224//2224 2223//2223 2221//2221
f 2222//2222 2224//2224 2221//2221
f 2226//2226 2225//2225 2223//2223
f 2224//2224 2226//2226 2223//2223
f 2228//2228 2227//2227 2225//2225
f 2226//2226 2228//2228 2225//2225
f 2230//2230 2229//2229 2227//2227
f 2228//2228 2230//2230 2227//2227
f 2232//2232 2231//2231 2229//2229
f 2230//2230 2232//2232 2229//2229
f 2234//2234 2233//2233 2231//2231
f 2232//2232 2234//2234 2231//2231
f 2236//2236 2235//2235 2233//2233
f 2234//2234 2236//2236 2233//2233
f 2238//2238 2237//2237 2235//2235
f 2236//2236 2238//2238 2235//2235
f 2240//2240 2239//2239 2237//2237
f 2238//2238 2240//2240 2237//2237
f 2242//2242 2241//2241 2239//2239
f 2240//2240 2242//2242 2239//2239
f 2244//2244 2243//2243 2241//2241
f 2242//2242 2244//2244 2241//2241
f 2246//2246 2245//2245 2243//2243
f 2244//2244 2246//2246 2243//2243
f 2248//2248 2247//2247 2245//2245
f 2246//2246 2248//2248 2245//2245
f 2250//2250 2249//2249 2247//2247
f 2248//2248 2250//2250 2247//2247
f 2252//2252 2251//2251 2249//2249
f 2250//2250 2252//2252 2249//2249
f 2254//2254 2253//2253 2251//2251
f 2252//2252 2254//2254 2251//2251
f 2256//2256 2255//2255 2253//2253
f 2254//2254 2256//2256 2253//2253
f 2258//2258 2257//2257 2255//2255
f 2256//2256 2258//2258 2255//2255
f 2260//2260 2259//2259 2257//2257
f 2258//2258 2260//2260 2257//2257
f 2262//2262 2261//2261 2259//2259
f 2260//2260 2262//2262 2259//2259
f 2264//2264 2263//2263 2261//2261
f 2262//2262 2264//2264 2261//2261
f 2266//2266 2265//2265 2263//2263
f 2264//2264 2266//2266 2263//2263
f 2268//2268 2267//2267 2265//2265
f 2266//2266 2268//2268 2265//2265
f 2270//2270 2269//2269 2267//2267
f 2268//2268 2270//2270 2267//2267
f 2272//2272 2271//2271 2269//2269
f 2270//2270 2272//2272 2269//2269
f 2274//2274 2273//2273 2271//2271
f 2272//2272 2274//2274 2271//2271
f 2276//2276 2275//2275 2273//2273
f 2274//2274 2276//2276 2273//2273
f 2278//2278 2277//2277 2275//2275
f 2276//2276 2278//2278 2275//2275
f 2280//2280 2279//2279 2277//2277
f 2278//2278 2280//2280 2277//2277
f 2282//2282 2281//2281 2279//2279
f 2280//2280 2282//2282 2279//2279
f 2284//2284 2283//2283 2281//2281
f 2282//2282 2284//2284 2281//2281
f 2286//2286 2285//2285 2283//2283
f 2284//2284 2286//2286 2283//2283
f 2288//2288 2287//2287 2285//2285
f 2286//2286 2288//2288 2285//2285
f 2290//2290 2289//2289 2287//2287
f 2288//2288 2290//2290 2287//2287
f 2292//2292 2291//2291 2289//2289
f 2290//2290 2292//2292 2289//2289
f 2294//2294 2293//2293 2291//2291
f 2292//2292 2294//2294 2291//2291
f 2296//2296 2295//2295 2293//2293
f 2294//2294 2296//2296 2293//2293
f 2298//2298 2297//2297 2295//2295
f 2296//2296 2298//2298 2295//2295
f 2300//2300 2299//2299 2297//2297
f 2298//2298 2300//2300 2297//2297
f 2302//2302 2301//2301 2299//2299
f 2300//2300 2302//2302 2299//2299
f 2304//2304 2303//2303 2301//2301
f 2302//2302 2304//2304 2301//2301
f 2306//2306 2305//2305 2303//2303
f 2304//2304 2306//2306 2303//2303
f 2308//2308 2307//2307 2305//2305
f 2306//2306 2308//2308 2305//2305
f 2310//2310 2309//2309 2307//2307
f 2308//2308 2310//2310 2307//2307
f 2312//2312 2311//2311 2309//2309
f 2310//2310 2312//2312 2309//2309
f 2314//2314 2313//2313 2311//2311
f 2312//2312 2314//2314 2311//2311
f 2316//2316 2315//2315 2313//2313
f 2314//2314 2316//2316 2313//2313
f 2318//2318 2317//2317 2315//2315
f 2316//2316 2318//2318 2315//2315
f 2320//2320 2319//2319 2317//2317
f 2318//2318 2320//2320 2317//2317
f 2322//2322 2321//2321 2319//2319
f 2320//2320 2322//2322 2319//2319
f 2324//2324 2323//2323 2321//2321
f 2322//2322 2324//2324 2321//2321
f 2326//2326 2325//2325 2323//2323
f 2324//2324 2326//2326 2323//2323
f 2328//2328 2327//2327 2325//2325
f 2326//2326 2328//2328 2325//2325
f 2330//2330 2329//2329 2327//2327
f 2328//2328 2330//2330 2327//2327
f 2332//2332 2331//2331 2329//2329
f 2330//2330 2332//2332 2329//2329
f 2334//2334 2333//2333 2331//2331
f 2332//2332 2334//2334 2331//2331
f 2336//2336 2335//2335 2333//2333
f 2334//2334 2336//2336 2333//2333
f 2338//2338 2337//2337 2335//2335
f 2336//2336 2338//2338 2335//2335
f 2340//2340 2339//2339 2337//2337
f 2338//2338 2340//2340 2337//2337
f 2342//2342 2341//2341 2339//2339
f 2340//2340 2342//2342 2339//2339
f 2344//2344 2343//2343 2341//2341
f 2342//2342 2344//2344 2341//2341
f 2346//2346 2345//2345 2343//2343
f 2344//2344 2346//2346 2343//2343
f 2348//2348 2347//2347 2345//2345
f 2346//2346 2348//2348 2345//2345
f 2350//2350 2349//2349 2347//2347
f 2348//2348 2350//2350 2347//2347
f 2352//2352 2351//2351 2349//2349
f 2350//2350 2352//2352 2349//2349
f 2354//2354 2353//2353 2351//2351
f 2352//2352 2354//2354 2351//2351
f 2356//2356 2355//2355 2353//2353
f 2354//2354 2356//2356 2353//2353
f 2358//2358 2357//2357 2355//2355
f 2356//2356 2358//2358 2355//2355
f 2360//2360 2359//2359 2357//2357
f 2358//2358 2360//2360 2357//2357
f 2362//2362 2361//2361 2359//2359
f 2360//2360 2362//2362 2359//2359
f 2364//2364 2363//2363 2361//2361
f 2362//2362 2364//2364 2361//2361
f 2366//2366 2365//2365 2363//2363
f 2364//2364 2366//2366 2363//2363
f 2368//2368 2367//2367 2365//2365
f 2366//2366 2368//2368 2365//2365
f 2370//2370 2369//2369 2367//2367
f 2368//2368 2370//2370 2367//2367
f 2372//2372 2371//2371 2369//2369
f 2370//2370 2372//2372 2369//2369
f 2374//2374 2373//2373 2371//2371
f 2372//2372 2374//2374 2371//2371
f 2376//2376 2375//2375 2373//2373
f 2374//2374 2376//2376 2373//2373
f 2378//2378 2377//2377 2375//2375
f 2376//2376 2378//2378 2375//2375
f 2380//2380 2379//2379 2377//2377
f 2378//2378 2380//2380 2377//2377
f 2382//2382 2381//2381 2379//2379
f 2380//2380 2382//2382 2379//2379
f 2384//2384 2383//2383 2381//2381
f 2382//2382 2384//2384 2381//2381
f 2386//2386 2385//2385 2383//2383
f 2384//2384 2386//2386 2383//2383
f 2388//2388 2387//2387 2385//2385
f 2386//2386 2388//2388 2385//2385
f 2390//2390 2389//2389 2387//2387
f 2388//2388 2390//2390 2387//2387
f 2392//2392 2391//2391 2389//2389
f 2390//2390 2392//2392 2389//2389
f 2394//2394 2393//2393 2391//2391
f 2392//2392 2394//2394 2391//2391
f 2396//2396 2395//2395 2393//2393
f 2394//2394 2396//2396 2393//2393
f 2398//2398 2397//2397 2395//2395
f 2396//2396 2398//2398 2395//2395
f 2400//2400 2399//2399 2397//2397
f 2398//2398 2400//2400 2397//2397
f 2402//2402 2401//2401 2399//2399
f 2400//2400 2402//2402 2399//2399
f 2404//2404 2403//2403 2401//2401
f 2402//2402 2404//2404 2401//2401
f 2406//2406 2405//2405 2403//2403
f 2404//2404 2406//2406 2403//2403
f 2408//2408 2407//2407 2405//2405
f 2406//2406 2408//2408 2405//2405
f 2410//2410 2409//2409 2407//2407
f 2408//2408 2410//2410 2407//2407
f 2412//2412 2411//2411 2409//2409
f 2410//2410 2412//2412 2409//2409
f 2414//2414 2413//2413 2411//2411
f 2412//2412 2414//2414 2411//2411
f 2416//2416 2415//2415 2413//2413
f 2414//2414 2416//2416 2413//2413
f 2418//2418 2417//2417 2415//2415
f 2416//2416 2418//2418 2415//2415
f 2420//2420 2419//2419 2417//2417
f 2418//2418 2420//2420 2417//2417
f 2422//2422 2421//2421 2419//2419
f 2420//2420 2422//2422 2419//2419
f 2424//2424 2423//2423 2421//2421
f 2422//2422 2424//2424 2421//2421
f 2426//2426 2425//2425 2423//2423
f 2424//2424 2426//2426 2423//2423
f 2428//2428 2427//2427 2425//2425
f 2426//2426 2428//2428 2425//2425
f 2430//2430 2429//2429 2427//2427
f 2428//2428 2430//2430 2427//2427
f 2432//2432 2431//2431 2429//2429
f 2430//2430 2432//2432 2429//2429
f 2434//2434 2433//2433 2431//2431
f 2432//2432 2434//2434 2431//2431
f 2436//2436 2435//2435 2433//2433
f 2434//2434 2436//2436 2433//2433
f 2438//2438 2437//2437 2435//2435
f 2436//2436 2438//2438 2435//2435
f 2440//2440 2439//2439 2437//2437
f 2438//2438 2440//2440 2437//2437
f 2442//2442 2441//2441 2439//2439
f 2440//2440 2442//2442 2439//2439
f 2444//2444 2443//2443 2441//2441
f 2442//2442 2444//2444 2441//2441
f 2446//2446 2445//2445 2443//2443
f 2444//2444 2446//2446 2443//2443
f 2448//2448 2447//2447 2445//2445
f 2446//2446 2448//2448 2445//2445
f 2450//2450 2449//2449 2447//2447
f 2448//2448 2450//2450 2447//2447
f 2452//2452 2451//2451 2449//2449
f 2450//2450 2452//2452 2449//2449
f 2454//2454 2453//2453 2451//2451
f 2452//2452 2454//2454 2451//2451
f 2456//2456 2455//2455 2453//2453
f 2454//2454 2456//2456 2453//2453
f 2458//2458 2457//2457 2455//2455
f 2456//2456 2458//2458 2455//2455
f 2460//2460 2459//2459 2457//2457
f 2458//2458 2460//2460 2457//2457
f 2462//2462 2461//2461 2459//2459
f 2460//2460 2462//2462 2459//2459
f 2464//2464 2463//2463 2461//2461
f 2462//2462 2464//2464 2461//2461
f 2466//2466 2465//2465 2463//2463
f 2464//2464 2466//2466 2463//2463
f 2468//2468 2467//2467 2465//2465
f 2466//2466 2468//2468 2465//2465
f 2470//2470 2469//2469 2467//2467
f 2468//2468 2470//2470 2467//2467
f 2472//2472 2471//2471 2469//2469
f 2470//2470 2472//2472 2469//2469
f 2474//2474 2473//2473 2471//2471
f 2472//2472 2474//2474 2471//2471
f 2476//2476 2475//2475 2473//2473
f 2474//2474 2476//2476 2473//2473
f 2478//2478 2477//2477 2475//2475
f 2476//2476 2478//2478 2475//2475
f 2480//2480 2479//2479 2477//2477
f 2478//2478 2480//2480 2477//2477
f 2482//2482 2481//2481 2479//2479
f 2480//2480 2482//2482 2479//2479
f 2484//2484 2483//2483 2481//2481
f 2482//2482 2484//2484 2481//2481
f 2486//2486 2485//2485 2483//2483
f 2484//2484 2486//2486 2483//2483
f 2488//2488 2487//2487 2485//2485
f 2486//2486 2488//2488 2485//2485
f 2490//2490 2489//2489 2487//2487
f 2488//2488 2490//2490 2487//2487
f 2492//2492 2491//2491 2489//2489
f 2490//2490 2492//2492 2489//2489
f 2494//2494 2493//2493 2491//2491
f 2492//2492 2494//2494 2491//2491
f 2496//2496 2495//2495 2493//2493
f 2494//2494 2496//2496 2493//2493
f 2498//2498 2497//2497 2495//2495
f 2496//2496 2498//2498 2495//2495
f 2500//2500 2499//2499 2497//2497
f 2498//2498 2500//2500 2497//2497
f 2502//2502 2501//2501 2499//2499
f 2500//2500 2502//2502 2499//2499
f 2504//2504 2503//2503 2501//2501
f 2502//2502 2504//2504 2501//2501
f 2506//2506 2505//2505 2503//2503
f 2504//2504 2506//2506 2503//2503
f 2508//2508 2507//2507 2505//2505
f 2506//2506 2508//2508 2505//2505
f 2510//2510 2509//2509 2507//2507
f 2508//2508 2510//2510 2507//2507
f 2512//2512 2511//2511 2509//2509
f 2510//2510 2512//2512 2509//2509
f 2514//2514 2513//2513 2511//2511
f 2512//2512 2514//2514 2511//2511
f 2516//2516 2515//2515 2513//2513
f 2514//2514 2516//2516 2513//2513
f 2518//2518 2517//2517 2515//2515
f 2516//2516 2518//2518 2515//2515
f 2520//2520 2519//2519 2517//2517
f 2518//2518 2520//2520 2517//2517
f 2522//2522 2521//2521 2519//2519
f 2520//2520 2522//2522 2519//2519
f 2524//2524 2523//2523 2521//2521
f 2522//2522 2524//2524 2521//2521
f 2526//2526 2525//2525 2523//2523
f 2524//2524 2526//2526 2523//2523
f 2528//2528 2527//2527 2525//2525
f 2526//2526 2528//2528 2525//2525
f 2530//2530 2529//2529 2527//2527
f 2528//2528 2530//2530 2527//2527
f 2532//2532 2531//2531 2529//2529
f 2530//2530 2532//2532 2529//2529
f 2534//2534 2533//2533 2531//2531
f 2532//2532 2534//2534 2531//2531
f 2536//2536 2535//2535 2533//2533
f 2534//2534 2536//2536 2533//2533
f 2538//2538 2537//2537 2535//2535
f 2536//2536 2538//2538 2535//2535
f 2540//2540 2539//2539 2537//2537
f 2538//2538 2540//2540 2537//2537
f 2542//2542 2541//2541 2539//2539
f 2540//2540 2542//2542 2539//2539
f 2544//2544 2543//2543 2541//2541
f 2542//2542 2544//2544 2541//2541
f 2546//2546 2545//2545 2543//2543
f 2544//2544 2546//2546 2543//2543
f 2548//2548 2547//2547 2545//2545
f 2546//2546 2548//2548 2545//2545
f 2550//2550 2549//2549 2547//2547
f 2548//2548 2550//2550 2547//2547
f 2552//2552 2551//2551 2549//2549
f 2550//2550 2552//2552 2549//2549
f 2554//2554 2553//2553 2551//2551
f 2552//2552 2554//2554 2551//2551
f 2556//2556 2555//2555 2553//2553
f 2554//2554 2556//2556 2553//2553
f 2558//2558 2557//2557 2555//2555
f 2556//2556 2558//2558 2555//2555
f 2560//2560 2559//2559 2557//2557
f 2558//2558 2560//2560 2557//2557
f 2562//2562 2561//2561 2559//2559
f 2560//2560 2562//2562 2559//2559
f 2564//2564 2563//2563 2561//2561
f 2562//2562 2564//2564 2561//2561
f 2566//2566 2565//2565 2563//2563
f 2564//2564 2566//2566 2563//2563
f 2568//2568 2567//2567 2565//2565
f 2566//2566 2568//2568 2565//2565
f 2570//2570 2569//2569 2567//2567
f 2568//2568 2570//2570 2567//2567
f 2572//2572 2571//2571 2569//2569
f 2570//2570 2572//2572 2569//2569
f 2574//2574 2573//2573 2571//2571
f 2572//2572 2574//2574 2571//2571
f 2576//2576 2575//2575 2573//2573
f 2574//2574 2576//2576 2573//2573
f 2578//2578 2577//2577 2575//2575
f 2576//2576 2578//2578 2575//2575
f 2580//2580 2579//2579 2577//2577
f 2578//2578 2580//2580 2577//2577
f 2582//2582 2581//2581 2579//2579
f 2580//2580 2582//2582 2579//2579
f 2584//2584 2583//2583 2581//2581
f 2582//2582 2584//2584 2581//2581
f 2586//2586 2585//2585 2583//2583
f 2584//2584 2586//2586 2583//2583
f 2588//2588 2587//2587 2585//2585
f 2586//2586 2588//2588 2585//2585
f 2590//2590 2589//2589 2587//2587
f 2588//2588 2590//2590 2587//2587
f 2592//2592 2591//2591 2589//2589
f 2590//2590 2592//2592 2589//2589
f 2594//2594 2593//2593 2591//2591
f 2592//2592 2594//2594 2591//2591
f 2596//2596 2595//2595 2593//2593
f 2594//2594 2596//2596 2593//2593
f 2598//2598 2597//2597 2595//2595
f 2596//2596 2598//2598 2595//2595
f 2600//2600 2599//2599 2597//2597
f 2598//2598 2600//2600 2597//2597
f 2602//2602 2601//2601 2599//2599
f 2600//2600 2602//2602 2599//2599
f 2604//2604 2603//2603 2601//2601
f 2602//2602 2604//2604 2601//2601
f 2606//2606 2605//2605 2603//2603
f 2604//2604 2606//2606 2603//2603
f 2608//2608 2607//2607 2605//2605
f 2606//2606 2608//2608 2605//2605
f 2610//2610 2609//2609 2607//2607
f 2608//2608 2610//2610 2607//2607
f 2612//2612 2611//2611 2609//2609
f 2610//2610 2612//2612 2609//2609
f 2614//2614 2613//2613 2611//2611
f 2612//2612 2614//2614 2611//2611
f 2616//2616 2615//2615 2613//2613
f 2614//2614 2616//2616 2613//2613
f 2618//2618 2617//2617 2615//2615
f 2616//2616 2618//2618 2615//2615
f 2620//2620 2619//2619 2617//2617
f 2618//2618 2620//2620 2617//2617
f 2622//2622 2621//2621 2619//2619
f 2620//2620 2622//2622 2619//2619
f 2624//2624 2623//2623 2621//2621
f 2622//2622 2624//2624 2621//2621
f 2626//2626 2625//2625 2623//2623
f 2624//2624 2626//2626 2623//2623
f 2628//2628 2627//2627 2625//2625
f 2626//2626 2628//2628 2625//2625
f 2630//2630 2629//2629 2627//2627
f 2628//2628 2630//2630 2627//2627
f 2632//2632 2631//2631 2629//2629
f 2630//2630 2632//2632 2629//2629
f 2634//2634 2633//2633 2631//2631
f 2632//2632 2634//2634 2631//2631
f 2636//2636 2635//2635 2633//2633
f 2634//2634 2636//2636 2633//2633
f 2638//2638 2637//2637 2635//2635
f 2636//2636 2638//2638 2635//2635
f 2640//2640 2639//2639 2637//2637
f 2638//2638 2640//2640 2637//2637
f 2642//2642 2641//2641 2639//2639
f 2640//2640 2642//2642 2639//2639
f 2644//2644 2643//2643 2641//2641
f 2642//2642 2644//2644 2641//2641
f 2646//2646 2645//2645 2643//2643
f 2644//2644 2646//2646 2643//2643
f 2648//2648 2647//2647 2645//2645
f 2646//2646 2648//2648 2645//2645
f 2650//2650 2649//2649 2647//2647
f 2648//2648 2650//2650 2647//2647
f 2652//2652 2651//2651 2649//2649
f 2650//2650 2652//2652 2649//2649
f 2654//2654 2653//2653 2651//2651
f 2652//2652 2654//2654 2651//2651
f 2656//2656 2655//2655 2653//2653
f 2654//2654 2656//2656 2653//2653
f 2658//2658 2657//2657 2655//2655
f 2656//2656 2658//2658 2655//2655
f 2660//2660 2659//2659 2657//2657
f 2658//2658 2660//2660 2657//2657
f 2662//2662 2661//2661 2659//2659
f 2660//2660 2662//2662 2659//2659
f 2664//2664 2663//2663 2661//2661
f 2662//2662 2664//2664 2661//2661
f 2666//2666 2665//2665 2663//2663
f 2664//2664 2666//2666 2663//2663
f 2668//2668 2667//2667 2665//2665
f 2666//2666 2668//2668 2665//2665
f 2670//2670 2669//2669 2667//2667
f 2668//2668 2670//2670 2667//2667
f 2672//2672 2671//2671 2669//2669
f 2670//2670 2672//2672 2669//2669
f 2674//2674 2673//2673 2671//2671
f 2672//2672 2674//2674 2671//2671
f 2676//2676 2675//2675 2673//2673
f 2674//2674 2676//2676 2673//2673
f 2678//2678 2677//2677 2675//2675
f 2676//2676 2678//2678 2675//2675
f 2680//2680 2679//2679 2677//2677
f 2678//2678 2680//2680 2677//2677
f 2682//2682 2681//2681 2679//2679
f 2680//2680 2682//2682 2679//2679
f 2684//2684 2683//2683 2681//2681
f 2682//2682 2684//2684 2681//2681
f 2686//2686 2685//2685 2683//2683
f 2684//2684 2686//2686 2683//2683
f 2688//2688 2687//2687 2685//2685
f 2686//2686 2688//2688 2685//2685
f 2690//2690 2689//2689 2687//2687
f 2688//2688 2690//2690 2687//2687
f 2692//2692 2691//2691 2689//2689
f 2690//2690 2692//2692 2689//2689
f 2694//2694 2693//2693 2691//2691
f 2692//2692 2694//2694 2691//2691
f 2696//2696 2695//2695 2693//2693
f 2694//2694 2696//2696 2693//2693
f 2698//2698 2697//2697 2695//2695
f 2696//2696 2698//2698 2695//2695
f 2700//2700 2699//2699 2697//2697
f 2698//2698 2700//2700 2697//2697
f 2702//2702 2701//2701 2699//2699
f 2700//2700 2702//2702 2699//2699
f 2704//2704 2703//2703 2701//2701
f 2702//2702 2704//2704 2701//2701
f 2706//2706 2705//2705 2703//2703
f 2704//2704 2706//2706 2703//2703
f 2708//2708 2707//2707 2705//2705
f 2706//2706 2708//2708 2705//2705
f 2710//2710 2709//2709 2707//2707
f 2708//2708 2710//2710 2707//2707
f 2712//2712 2711//2711 2709//2709
f 2710//2710 2712//2712 2709//2709
f 2714//2714 2713//2713 2711//2711
f 2712//2712 2714//2714 2711//2711
f 2716//2716 2715//2715 2713//2713
f 2714//2714 2716//2716 2713//2713
f 2718//2718 2717//2717 2715//2715
f 2716//2716 2718//2718 2715//2715
f 2720//2720 2719//2719 2717//2717
f 2718//2718 2720//2720 2717//2717
f 2722//2722 2721//2721 2719//2719
f 2720//2720 2722//2722 2719//2719
f 2724//2724 2723//2723 2721//2721
f 2722//2722 2724//2724 2721//2721
f 2726//2726 2725//2725 2723//2723
f 2724//2724 2726//2726 2723//2723
f 2728//2728 2727//2727 2725//2725
f 2726//2726 2728//2728 2725//2725
f 2730//2730 2729//2729 2727//2727
f 2728//2728 2730//2730 2727//2727
f 2732//2732 2731//2731 2729//2729
f 2730//2730 2732//2732 2729//2729
f 2734//2734 2733//2733 2731//2731
f 2732//2732 2734//2734 2731//2731
f 2736//2736 2735//2735 2733//2733
f 2734//2734 2736//2736 2733//2733
f 2738//2738 2737//2737 2735//2735
f 2736//2736 2738//2738 2735//2735
f 2740//2740 2739//2739 2737//2737
f 2738//2738 2740//2740 2737//2737
f 2742//2742 2741//2741 2739//2739
f 2740//2740 2742//2742 2739//2739
f 2744//2744 2743//2743 2741//2741
f 2742//2742 2744//2744 2741//2741
f 2746//2746 2745//2745 2743//2743
f 2744//2744 2746//2746 2743//2743
f 2748//2748 2747//2747 2745//2745
f 2746//2746 2748//2748 2745//2745
f 2750//2750 2749//2749 2747//2747
f 2748//2748 2750//2750 2747//2747
f 2752//2752 2751//2751 2749//2749
f 2750//2750 2752//2752 2749//2749
f 2754//2754 2753//2753 2751//2751
f 2752//2752 2754//2754 2751//2751
f 2756//2756 2755//2755 2753//2753
f 2754//2754 2756//2756 2753//2753
f 2758//2758 2757//2757 2755//2755
f 2756//2756 2758//2758 2755//2755
f 2760//2760 2759//2759 2757//2757
f 2758//2758 2760//2760 2757//2757
f 2762//2762 2761//2761 2759//2759
f 2760//2760 2762//2762 2759//2759
f 2764//2764 2763//2763 2761//2761
f 2762//2762 2764//2764 2761//2761
f 2766//2766 2765//2765 2763//2763
f 2764//2764 2766//2766 2763//2763
f 2768//2768 2767//2767 2765//2765
f 2766//2766 2768//2768 2765//2765
f 2770//2770 2769//2769 2767//2767
f 2768//2768 2770//2770 2767//2767
f 2772//2772 2771//2771 2769//2769
f 2770//2770 2772//2772 2769//2769
f 2774//2774 2773//2773 2771//2771
f 2772//2772 2774//2774 2771//2771
f 2776//2776 2775//2775 2773//2773
f 2774//2774 2776//2776 2773//2773
f 2778//2778 2777//2777 2775//2775
f 2776//2776 2778//2778 2775//2775
f 2780//2780 2779//2779 2777//2777
f 2778//2778 2780//2780 2777//2777
f 2782//2782 2781//2781 2779//2779
f 2780//2780 2782//2782 2779//2779
f 2784//2784 2783//2783 2781//2781
f 2782//2782 2784//2784 2781//2781
f 2786//2786 2785//2785 2783//2783
f 2784//2784 2786//2786 2783//2783
f 2788//2788 2787//2787 2785//2785
f 2786//2786 2788//2788 2785//2785
f 2790//2790 2789//2789 2787//2787
f 2788//2788 2790//2790 2787//2787
f 2792//2792 2791//2791 2789//2789
f 2790//2790 2792//2792 2789//2789
f 2794//2794 2793//2793 2791//2791
f 2792//2792 2794//2794 2791//2791
f 2796//2796 2795//2795 2793//2793
f 2794//2794 2796//2796 2793//2793
f 2798//2798 2797//2797 2795//2795
f 2796//2796 2798//2798 2795//2795
f 2800//2800 2799//2799 2797//2797
f 2798//2798 2800//2800 2797//2797
f 2802//2802 2801//2801 2799//2799
f 2800//2800 2802//2802 2799//2799
f 2804//2804 2803//2803 2801//2801
f 2802//2802 2804//2804 2801//2801
f 2806//2806 2805//2805 2803//2803
f 2804//2804 2806//2806 2803//2803
f 2808//2808 2807//2807 2805//2805
f 2806//2806 2808//2808 2805//2805
f 2810//2810 2809//2809 2807//2807
f 2808//2808 2810//2810 2807//2807
f 2812//2812 2811//2811 2809//2809
f 2810//2810 2812//2812 2809//2809
f 2814//2814 2813//2813 2811//2811
f 2812//2812 2814//2814 2811//2811
f 2816//2816 2815//2815 2813//2813
f 2814//2814 2816//2816 2813//2813
f 2818//2818 2817//2817 2815//2815
f 2816//2816 2818//2818 2815//2815
f 2820//2820 2819//2819 2817//2817
f 2818//2818 2820//2820 2817//2817
f 2822//2822 2821//2821 2819//2819
f 2820//2820 2822//2822 2819//2819
f 2824//2824 2823//2823 2821//2821
f 2822//2822 2824//2824 2821//2821
f 2826//2826 2825//2825 2823//2823
f 2824//2824 2826//2826 2823//2823
f 2828//2828 2827//2827 2825//2825
f 2826//2826 2828//2828 2825//2825
f 2830//2830 2829//2829 2827//2827
f 2828//2828 2830//2830 2827//2827
f 2832//2832 2831//2831 2829//2829
f 2830//2830 2832//2832 2829//2829
f 2834//2834 2833//2833 2831//2831
f 2832//2832 2834//2834 2831//2831
f 2836//2836 2835//2835 2833//2833
f 2834//2834 2836//2836 2833//2833
f 2838//2838 2837//2837 2835//2835
f 2836//2836 2838//2838 2835//2835
f 2840//2840 2839//2839 2837//2837
f 2838//2838 2840//2840 2837//2837
f 2842//2842 2841//2841 2839//2839
f 2840//2840 2842//2842 2839//2839
f 2844//2844 2843//2843 2841//2841
f 2842//2842 2844//2844 2841//2841
f 2846//2846 2845//2845 2843//2843
f 2844//2844 2846//2846 2843//2843
f 2848//2848 2847//2847 2845//2845
f 2846//2846 2848//2848 2845//2845
f 2850//2850 2849//2849 2847//2847
f 2848//2848 2850//2850 2847//2847
f 2852//2852 2851//2851 2849//2849
f 2850//2850 2852//2852 2849//2849
f 2854//2854 2853//2853 2851//2851
f 2852//2852 2854//2854 2851//2851
f 2856//2856 2855//2855 2853//2853
f 2854//2854 2856//2856 2853//2853
f 2858//2858 2857//2857 2855//2855
f 2856//2856 2858//2858 2855//2855
f 2860//2860 2859//2859 2857//2857
f 2858//2858 2860//2860 2857//2857
f 2862//2862 2861//2861 2859//2859
f 2860//2860 2862//2862 2859//2859
f 2864//2864 2863//2863 2861//2861
f 2862//2862 2864//2864 2861//2861
f 2866//2866 2865//2865 2863//2863
f 2864//2864 2866//2866 2863//2863
f 2868//2868 2867//2867 2865//2865
f 2866//2866 2868//2868 2865//2865
f 2870//2870 2869//2869 2867//2867
f 2868//2868 2870//2870 2867//2867
f 2872//2872 2871//2871 2869//2869
f 2870//2870 2872//2872 2869//2869
f 2874//2874 2873//2873 2871//2871
f 2872//2872 2874//2874 2871//2871
f 2876//2876 2875//2875 2873//2873
f 2874//2874 2876//2876 2873//2873
f 2878//2878 2877//2877 2875//2875
f 2876//2876 2878//2878 2875//2875
f 2880//2880 2879//2879 2877//2877
f 2878//2878 2880//2880 2877//2877
f 2882//2882 2881//2881 2879//2879
f 2880//2880 2882//2882 2879//2879
f 2884//2884 2883//2883 2881//2881
f 2882//2882 2884//2884 2881//2881
f 2886//2886 2885//2885 2883//2883
f 2884//2884 2886//2886 2883//2883
f 2888//2888 2887//2887 2885//2885
f 2886//2886 2888//2888 2885//2885
f 2890//2890 2889//2889 2887//2887
f 2888//2888 2890//2890 2887//2887
f 2892//2892 2891//2891 2889//2889
f 2890//2890 2892//2892 2889//2889
f 2894//2894 2893//2893 2891//2891
f 2892//2892 2894//2894 2891//2891
f 2896//2896 2895//2895 2893//2893
f 2894//2894 2896//2896 2893//2893
f 2898//2898 2897//2897 2895//2895
f 2896//2896 2898//2898 2895//2895
f 2900//2900 2899//2899 2897//2897
f 2898//2898 2900//2900 2897//2897
f 2902//2902 2901//2901 2899//2899
f 2900//2900 2902//2902 2899//2899
f 2904//2904 2903//2903 2901//2901
f 2902//2902 2904//2904 2901//2901
f 2906//2906 2905//2905 2903//2903
f 2904//2904 2906//2906 2903//2903
f 2908//2908 2907//2907 2905//2905
f 2906//2906 2908//2908 2905//2905
f 2910//2910 2909//2909 2907//2907
f 2908//2908 2910//2910 2907//2907
f 2912//2912 2911//2911 2909//2909
f 2910//2910 2912//2912 2909//2909
f 2914//2914 2913//2913 2911//2911
f 2912//2912 2914//2914 2911//2911
f 2916//2916 2915//2915 2913//2913
f 2914//2914 2916//2916 2913//2913
f 2918//2918 2917//2917 2915//2915
f 2916//2916 2918//2918 2915//2915
f 2920//2920 2919//2919 2917//2917
f 2918//2918 2920//2920 2917//2917
f 2922//2922 2921//2921 2919//2919
f 2920//2920 2922//2922 2919//2919
f 2924//2924 2923//2923 2921//2921
f 2922//2922 2924//2924 2921//2921
f 2926//2926 2925//2925 2923//2923
f 2924//2924 2926//2926 2923//2923
f 2928//2928 2927//2927 2925//2925
f 2926//2926 2928//2928 2925//2925
f 2930//2930 2929//2929 2927//2927
f 2928//2928 2930//2930 2927//2927
f 2932//2932 2931//2931 2929//2929
f 2930//2930 2932//2932 2929//2929
f 2934//2934 2933//2933 2931//2931
f 2932//2932 2934//2934 2931//2931
f 2936//2936 2935//2935 2933//2933
f 2934//2934 2936//2936 2933//2933
f 2938//2938 2937//2937 2935//2935
f 2936//2936 2938//2938 2935//2935
f 2940//2940 2939//2939 2937//2937
f 2938//2938 2940//2940 2937//2937
f 2942//2942 2941//2941 2939//2939
f 2940//2940 2942//2942 2939//2939
f 2944//2944 2943//2943 2941//2941
f 2942//2942 2944//2944 2941//2941
f 2946//2946 2945//2945 2943//2943
f 2944//2944 2946//2946 2943//2943
f 2948//2948 2947//2947 2945//2945
f 2946//2946 2948//2948 2945//2945
f 2950//2950 2949//2949 2947//2947
f 2948//2948 2950//2950 2947//2947
f 2952//2952 2951//2951 2949//2949
f 2950//2950 2952//2952 2949//2949
f 2954//2954 2953//2953 2951//2951
f 2952//2952 2954//2954 2951//2951
f 2956//2956 2955//2955 2953//2953
f 2954//2954 2956//2956 2953//2953
f 2958//2958 2957//2957 2955//2955
f 2956//2956 2958//2958 2955//2955
f 2960//2960 2959//2959 2957//2957
f 2958//2958 2960//2960 2957//2957
f 2962//2962 2961//2961 2959//2959
f 2960//2960 2962//2962 2959//2959
f 2964//2964 2963//2963 2961//2961
f 2962//2962 2964//2964 2961//2961
f 2966//2966 2965//2965 2963//2963
f 2964//2964 2966//2966 2963//2963
f 2968//2968 2967//2967 2965//2965
f 2966//2966 2968//2968 2965//2965
f 2970//2970 2969//2969 2967//2967
f 2968//2968 2970//2970 2967//2967
f 2972//2972 2971//2971 2969//2969
f 2970//2970 2972//2972 2969//2969
f 2974//2974 2973//2973 2971//2971
f 2972//2972 2974//2974 2971//2971
f 2976//2976 2975//2975 2973//2973
f 2974//2974 2976//2976 2973//2973
f 2978//2978 2977//2977 2975//2975
f 2976//2976 2978//2978 2975//2975
f 2980//2980 2979//2979 2977//2977
f 2978//2978 2980//2980 2977//2977
f 2982//2982 2981//2981 2979//2979
f 2980//2980 2982//2982 2979//2979
f 2984//2984 2983//2983 2981//2981
f 2982//2982 2984//2984 2981//2981
f 2986//2986 2985//2985 2983//2983
f 2984//2984 2986//2986 2983//2983
f 2988//2988 2987//2987 2985//2985
f 2986//2986 2988//2988 2985//2985
f 2990//2990 2989//2989 2987//2987
f 2988//2988 2990//2990 2987//2987
f 2992//2992 2991//2991 2989//2989
f 2990//2990 2992//2992 2989//2989
f 2994//2994 2993//2993 2991//2991
f 2992//2992 2994//2994 2991//2991
f 2996//2996 2995//2995 2993//2993
f 2994//2994 2996//2996 2993//2993
f 2998//2998 2997//2997 2995//2995
f 2996//2996 2998//2998 2995//2995
f 3000//3000 2999//2999 2997//2997
f 2998//2998 3000//3000 2997//2997
f 3002//3002 3001//3001 2999//2999
f 3000//3000 3002//3002 2999//2999
f 3004//3004 3003//3003 3001//3001
f 3002//3002 3004//3004 3001//3001
f 3006//3006 3005//3005 3003//3003
f 3004//3004 3006//3006 3003//3003
f 3008//3008 3007//3007 3005//3005
f 3006//3006 3008//3008 3005//3005
f 3010//3010 3009//3009 3007//3007
f 3008//3008 3010//3010 3007//3007
f 3012//3012 3011//3011 3009//3009
f 3010//3010 3012//3012 3009//3009
f 3014//3014 3013//3013 3011//3011
f 3012//3012 3014//3014 3011//3011
f 3016//3016 3015//3015 3013//3013
f 3014//3014 3016//3016 3013//3013
f 3018//3018 3017//3017 3015//3015
f 3016//3016 3018//3018 3015//3015
f 3020//3020 3019//3019 3017//3017
f 3018//3018 3020//3020 3017//3017
f 3022//3022 3021//3021 3019//3019
f 3020//3020 3022//3022 3019//3019
f 3024//3024 3023//3023 3021//3021
f 3022//3022 3024//3024 3021//3021
f 3026//3026 3025//3025 3023//3023
f 3024//3024 3026//3026 3023//3023
f 3028//3028 3027//3027 3025//3025
f 3026//3026 3028//3028 3025//3025
f 3030//3030 3029//3029 3027//3027
f 3028//3028 3030//3030 3027//3027
f 3032//3032 3031//3031 3029//3029
f 3030//3030 3032//3032 3029//3029
f 3034//3034 3033//3033 3031//3031
f 3032//3032 3034//3034 3031//3031
f 3036//3036 3035//3035 3033//3033
f 3034//3034 3036//3036 3033//3033
f 3038//3038 3037//3037 3035//3035
f 3036//3036 3038//3038 3035//3035
f 3040//3040 3039//3039 3037//3037
f 3038//3038 3040//3040 3037//3037
f 3042//3042 3041//3041 3039//3039
f 3040//3040 3042//3042 3039//3039
f 3044//3044 3043//3043 3041//3041
f 3042//3042 3044//3044 3041//3041
f 3046//3046 3045//3045 3043//3043
f 3044//3044 3046//3046 3043//3043
f 3048//3048 3047//3047 3045//3045
f 3046//3046 3048//3048 3045//3045
f 3050//3050 3049//3049 3047//3047
f 3048//3048 3050//3050 3047//3047
f 3052//3052 3051//3051 3049//3049
f 3050//3050 3052//3052 3049//3049
f 3054//3054 3053//3053 3051//3051
f 3052//3052 3054//3054 3051//3051
f 3056//3056 3055//3055 3053//3053
f 3054//3054 3056//3056 3053//3053
f 1530//1530 1529//1529 3055//3055
f 3056//3056 1530//1530 3055//3055
f 3057//3057 3058//3058 3059//3059
f 3057//3057 3059//3059 3060//3060
f 3061//3061 3062//3062 3063//3063
f 3061//3061 3063//3063 3064//3064
f 3065//3065 3066//3066 3067//3067
f 3065//3065 3067//3067 3068//3068
f 3069//3069 3070//3070 3071//3071
f 3069//3069 3071//3071 3072//3072
f 3073//3073 3074//3074 3075//3075
f 3073//3073 3075//3075 3076//3076
f 3077//3077 3078//3078 3079//3079
f 3077//3077 3079//3079 3080//3080
f 3081//3081 3082//3082 3083//3083
f 3081//3081 3083//3083 3084//3084
f 3085//3085 3086//3086 3087//3087
f 3085//3085 3087//3087 3088//3088
f 3089//3089 3090//3090 3091//3091
f 3089//3089 3091//3091 3092//3092
f 3093//3093 3094//3094 3095//3095
f 3093//3093 3095//3095 3096//3096
f 3097//3097 3098//3098 3099//3099
f 3097//3097 3099//3099 3100//3100
f 3101//3101 3102//3102 3103//3103
f 3101//3101 3103//3103 3104//3104
f 3105//3105 3106//3106 3107//3107
f 3105//3105 3107//3107 3108//3108
f 3109//3109 3110//3110 3111//3111
f 3109//3109 3111//3111 3112//3112
f 3113//3113 3114//3114 3115//3115
f 3113//3113 3115//3115 3116//3116
f 3117//3117 3118//3118 3119//3119
f 3117//3117 3119//3119 3120//3120
f 3121//3121 3122//3122 3123//3123
f 3121//3121 3123//3123 3124//3124
f 3125//3125 3126//3126 3127//3127
f 3125//3125 3127//3127 3128//3128
f 3129//3129 3130//3130 3131//3131
f 3129//3129 3131//3131 3132//3132
f 3133//3133 3134//3134 3135//3135
f 3133//3133 3135//3135 3136//3136
f 3137//3137 3138//3138 3139//3139
f 3137//3137 3139//3139 3140//3140
f 3141//3141 3142//3142 3143//3143
f 3141//3141 3143//3143 3144//3144
f 3145//3145 3146//3146 3147//3147
f 3145//3145 3147//3147 3148//3148
f 3149//3149 3150//3150 3151//3151
f 3149//3149 3151//3151 3152//3152
f 3153//3153 3154//3154 3155//3155
f 3153//3153 3155//3155 3156//3156
f 3157//3157 3158//3158 3159//3159
f 3157//3157 3159//3159 3160//3160
f 3161//3161 3162//3162 3163//3163
f 3161//3161 3163//3163 3164//3164
f 3165//3165 3166//3166 3167//3167
f 3165//3165 3167//3167 3168//3168
f 3169//3169 3170//3170 3171//3171
f 3169//3169 3171//3171 3172//3172
f 3173//3173 3174//3174 3175//3175
f 3173//3173 3175//3175 3176//3176
f 3177//3177 3178//3178 3179//3179
f 3177//3177 3179//3179 3180//3180
f 3181//3181 3182//3182 3183//3183
f 3181//3181 3183//3183 3184//3184
f 3185//3185 3186//3186 3187//3187
f 3185//3185 3187//3187 3188//3188
f 3189//3189 3190//3190 3191//3191
f 3189//3189 3191//3191 3192//3192
f 3193//3193 3194//3194 3195//3195
f 3193//3193 3195//3195 3196//3196
f 3197//3197 3198//3198 3199//3199
f 3197//3197 3199//3199 3200//3200
f 3201//3201 3202//3202 3203//3203
f 3201//3201 3203//3203 3204//3204
f 3205//3205 3206//3206 3207//3207
f 3205//3205 3207//3207 3208//3208
f 3209//3209 3210//3210 3211//3211
f 3209//3209 3211//3211 3212//3212
f 3213//3213 3214//3214 3215//3215
f 3213//3213 3215//3215 3216//3216
f 3217//3217 3218//3218 3219//3219
f 3217//3217 3219//3219 3220//3220
f 3221//3221 3222//3222 3223//3223
f 3221//3221 3223//3223 3224//3224
f 3225//3225 3226//3226 3227//3227
f 3225//3225 3227//3227 3228//3228
f 3229//3229 3230//3230 3231//3231
f 3229//3229 3231//3231 3232//3232
f 3233//3233 3234//3234 3235//3235
f 3233//3233 3235//3235 3236//3236
f 3237//3237 3238//3238 3239//3239
f 3237//3237 3239//3239 3240//3240
f 3241//3241 3242//3242 3243//3243
f 3241//3241 3243//3243 3244//3244
f 3245//3245 3246//3246 3247//3247
f 3245//3245 3247//3247 3248//3248
f 3249//3249 3250//3250 3251//3251
f 3249//3249 3251//3251 3252//3252
f 3253//3253 3254//3254 3255//3255
f 3253//3253 3255//3255 3256//3256
f 3257//3257 3258//3258 3259//3259
f 3257//3257 3259//3259 3260//3260
f 3261//3261 3262//3262 3263//3263
f 3261//3261 3263//3263 3264//3264
f 3265//3265 3266//3266 3267//3267
f 3265//3265 3267//3267 3268//3268
f 3269//3269 3270//3270 3271//3271
f 3269//3269 3271//3271 3272//3272
f 3273//3273 3274//3274 3275//3275
f 3273//3273 3275//3275 3276//3276
f 3277//3277 3278//3278 3279//3279
f 3277//3277 3279//3279 3280//3280
f 3281//3281 3282//3282 3283//3283
f 3281//3281 3283//3283 3284//3284
f 3285//3285 3286//3286 3287//3287
f 3285//3285 3287//3287 3288//3288
f 3289//3289 3290//3290 3291//3291
f 3289//3289 3291//3291 3292//3292
f 3293//3293 3294//3294 3295//3295
f 3293//3293 3295//3295 3296//3296
f 3297//3297 3298//3298 3299//3299
f 3297//3297 3299//3299 3300//3300
f 3301//3301 3302//3302 3303//3303
f 3301//3301 3303//3303 3304//3304
f 3305//3305 3306//3306 3307//3307
f 3305//3305 3307//3307 3308//3308
f 3309//3309 3310//3310 3311//3311
f 3309//3309 3311//3311 3312//3312
f 3313//3313 3314//3314 3315//3315
f 3313//3313 3315//3315 3316//3316
f 3317//3317 3318//3318 3319//3319
f 3317//3317 3319//3319 3320//3320
f 3321//3321 3322//3322 3323//3323
f 3321//3321 3323//3323 3324//3324
f 3325//3325 3326//3326 3327//3327
f 3325//3325 3327//3327 3328//3328
f 3329//3329 3330//3330 3331//3331
f 3329//3329 3331//3331 3332//3332
f 3333//3333 3334//3334 3335//3335
f 3333//3333 3335//3335 3336//3336
f 3337//3337 3338//3338 3339//3339
f 3337//3337 3339//3339 3340//3340
f 3341//3341 3342//3342 3343//3343
f 3341//3341 3343//3343 3344//3344
f 3345//3345 3346//3346 3347//3347
f 3345//3345 3347//3347 3348//3348
f 3349//3349 3350//3350 3351//3351
f 3349//3349 3351//3351 3352//3352
f 3353//3353 3354//3354 3355//3355
f 3353//3353 3355//3355 3356//3356
f 3357//3357 3358//3358 3359//3359
f 3357//3357 3359//3359 3360//3360
f 3361//3361 3362//3362 3363//3363
f 3361//3361 3363//3363 3364//3364
f 3365//3365 3366//3366 3367//3367
f 3365//3365 3367//3367 3368//3368
f 3369//3369 3370//3370 3371//3371
f 3369//3369 3371//3371 3372//3372
f 3373//3373 3374//3374 3375//3375
f 3373//3373 3375//3375 3376//3376
f 3377//3377 3378//3378 3379//3379
f 3377//3377 3379//3379 3380//3380
f 3381//3381 3382//3382 3383//3383
f 3381//3381 3383//3383 3384//3384
f 3385//3385 3386//3386 3387//3387
f 3385//3385 3387//3387 3388//3388
f 3389//3389 3390//3390 3391//3391
f 3389//3389 3391//3391 3392//3392
f 3393//3393 3394//3394 3395//3395
f 3393//3393 3395//3395 3396//3396
f 3397//3397 3398//3398 3399//3399
f 3397//3397 3399//3399 3400//3400
f 3401//3401 3402//3402 3403//3403
f 3401//3401 3403//3403 3404//3404
f 3405//3405 3406//3406 3407//3407
f 3405//3405 3407//3407 3408//3408
f 3409//3409 3410//3410 3411//3411
f 3409//3409 3411//3411 3412//3412
f 3413//3413 3414//3414 3415//3415
f 3413//3413 3415//3415 3416//3416
f 3417//3417 3418//3418 3419//3419
f 3417//3417 3419//3419 3420//3420
f 3421//3421 3422//3422 3423//3423
f 3421//3421 3423//3423 3424//3424
f 3425//3425 3426//3426 3427//3427
f 3425//3425 3427//3427 3428//3428
f 3429//3429 3430//3430 3431//3431
f 3429//3429 3431//3431 3432//3432
f 3433//3433 3434//3434 3435//3435
f 3433//3433 3435//3435 3436//3436
f 3437//3437 3438//3438 3439//3439
f 3437//3437 3439//3439 3440//3440
f 3441//3441 3442//3442 3443//3443
f 3441//3441 3443//3443 3444//3444
f 3445//3445 3446//3446 3447//3447
f 3445//3445 3447//3447 3448//3448
f 3449//3449 3450//3450 3451//3451
f 3449//3449 3451//3451 3452//3452
f 3453//3453 3454//3454 3455//3455
f 3453//3453 3455//3455 3456//3456
f 3457//3457 3458//3458 3459//3459
f 3457//3457 3459//3459 3460//3460
f 3461//3461 3462//3462 3463//3463
f 3461//3461 3463//3463 3464//3464
f 3465//3465 3466//3466 3467//3467
f 3465//3465 3467//3467 3468//3468
f 3469//3469 3470//3470 3471//3471
f 3469//3469 3471//3471 3472//3472
f 3473//3473 3474//3474 3475//3475
f 3473//3473 3475//3475 3476//3476
f 3477//3477 3478//3478 3479//3479
f 3477//3477 3479//3479 3480//3480
f 3481//3481 3482//3482 3483//3483
f 3481//3481 3483//3483 3484//3484
f 3485//3485 3486//3486 3487//3487
f 3485//3485 3487//3487 3488//3488
f 3489//3489 3490//3490 3491//3491
f 3489//3489 3491//3491 3492//3492
f 3493//3493 3494//3494 3495//3495
f 3493//3493 3495//3495 3496//3496
f 3497//3497 3498//3498 3499//3499
f 3497//3497 3499//3499 3500//3500
f 3501//3501 3502//3502 3503//3503
f 3501//3501 3503//3503 3504//3504
f 3505//3505 3506//3506 3507//3507
f 3505//3505 3507//3507 3508//3508
f 3509//3509 3510//3510 3511//3511
f 3509//3509 3511//3511 3512//3512
f 3513//3513 3514//3514 3515//3515
f 3513//3513 3515//3515 3516//3516
f 3517//3517 3518//3518 3519//3519
f 3517//3517 3519//3519 3520//3520
f 3521//3521 3522//3522 3523//3523
f 3521//3521 3523//3523 3524//3524
f 3525//3525 3526//3526 3527//3527
f 3525//3525 3527//3527 3528//3528
f 3529//3529 3530//3530 3531//3531
f 3529//3529 3531//3531 3532//3532
f 3533//3533 3534//3534 3535//3535
f 3533//3533 3535//3535 3536//3536
f 3537//3537 3538//3538 3539//3539
f 3537//3537 3539//3539 3540//3540
f 3541//3541 3542//3542 3543//3543
f 3541//3541 3543//3543 3544//3544
f 3545//3545 3546//3546 3547//3547
f 3545//3545 3547//3547 3548//3548
f 3549//3549 3550//3550 3551//3551
f 3549//3549 3551//3551 3552//3552
f 3553//3553 3554//3554 3555//3555
f 3553//3553 3555//3555 3556//3556
f 3557//3557 3558//3558 3559//3559
f 3557//3557 3559//3559 3560//3560
f 3561//3561 3562//3562 3563//3563
f 3561//3561 3563//3563 3564//3564
f 3565//3565 3566//3566 3567//3567
f 3565//3565 3567//3567 3568//3568
f 3569//3569 3570//3570 3571//3571
f 3569//3569 3571//3571 3572//3572
f 3573//3573 3574//3574 3575//3575
f 3573//3573 3575//3575 3576//3576
f 3577//3577 3578//3578 3579//3579
f 3577//3577 3579//3579 3580//3580
f 3581//3581 3582//3582 3583//3583
f 3581//3581 3583//3583 3584//3584
f 3585//3585 3586//3586 3587//3587
f 3585//3585 3587//3587 3588//3588
f 3589//3589 3590//3590 3591//3591
f 3589//3589 3591//3591 3592//3592
f 3593//3593 3594//3594 3595//3595
f 3593//3593 3595//3595 3596//3596
f 3597//3597 3598//3598 3599//3599
f 3597//3597 3599//3599 3600//3600
f 3601//3601 3602//3602 3603//3603
f 3601//3601 3603//3603 3604//3604
f 3605//3605 3606//3606 3607//3607
f 3605//3605 3607//3607 3608//3608
f 3609//3609 3610//3610 3611//3611
f 3609//3609 3611//3611 3612//3612
f 3613//3613 3614//3614 3615//3615
f 3613//3613 3615//3615 3616//3616
f 3617//3617 3618//3618 3619//3619
f 3617//3617 3619//3619 3620//3620
f 3621//3621 3622//3622 3623//3623
f 3621//3621 3623//3623 3624//3624
f 3625//3625 3626//3626 3627//3627
f 3625//3625 3627//3627 3628//3628
f 3629//3629 3630//3630 3631//3631
f 3629//3629 3631//3631 3632//3632
f 3633//3633 3634//3634 3635//3635
f 3633//3633 3635//3635 3636//3636
f 3637//3637 3638//3638 3639//3639
f 3637//3637 3639//3639 3640//3640
f 3641//3641 3642//3642 3643//3643
f 3641//3641 3643//3643 3644//3644
f 3645//3645 3646//3646 3647//3647
f 3645//3645 3647//3647 3648//3648
f 3649//3649 3650//3650 3651//3651
f 3649//3649 3651//3651 3652//3652
f 3653//3653 3654//3654 3655//3655
f 3653//3653 3655//3655 3656//3656
f 3657//3657 3658//3658 3659//3659
f 3657//3657 3659//3659 3660//3660
f 3661//3661 3662//3662 3663//3663
f 3661//3661 3663//3663 3664//3664
f 3665//3665 3666//3666 3667//3667
f 3665//3665 3667//3667 3668//3668
f 3669//3669 3670//3670 3671//3671
f 3669//3669 3671//3671 3672//3672
f 3673//3673 3674//3674 3675//3675
f 3673//3673 3675//3675 3676//3676
f 3677//3677 3678//3678 3679//3679
f 3677//3677 3679//3679 3680//3680
f 3681//3681 3682//3682 3683//3683
f 3681//3681 3683//3683 3684//3684
f 3685//3685 3686//3686 3687//3687
f 3685//3685 3687//3687 3688//3688
f 3689//3689 3690//3690 3691//3691
f 3689//3689 3691//3691 3692//3692
f 3693//3693 3694//3694 3695//3695
f 3693//3693 3695//3695 3696//3696
f 3697//3697 3698//3698 3699//3699
f 3697//3697 3699//3699 3700//3700
f 3701//3701 3702//3702 3703//3703
f 3701//3701 3703//3703 3704//3704
f 3705//3705 3706//3706 3707//3707
f 3705//3705 3707//3707 3708//3708
f 3709//3709 3710//3710 3711//3711
f 3709//3709 3711//3711 3712//3712
f 3713//3713 3714//3714 3715//3715
f 3713//3713 3715//3715 3716//3716
f 3717//3717 3718//3718 3719//3719
f 3717//3717 3719//3719 3720//3720
f 3721//3721 3722//3722 3723//3723
f 3721//3721 3723//3723 3724//3724
f 3725//3725 3726//3726 3727//3727
f 3725//3725 3727//3727 3728//3728
f 3729//3729 3730//3730 3731//3731
f 3729//3729 3731//3731 3732//3732
f 3733//3733 3734//3734 3735//3735
f 3733//3733 3735//3735 3736//3736
f 3737//3737 3738//3738 3739//3739
f 3737//3737 3739//3739 3740//3740
f 3741//3741 3742//3742 3743//3743
f 3741//3741 3743//3743 3744//3744
f 3745//3745 3746//3746 3747//3747
f 3745//3745 3747//3747 3748//3748
f 3749//3749 3750//3750 3751//3751
f 3749//3749 3751//3751 3752//3752
f 3753//3753 3754//3754 3755//3755
f 3753//3753 3755//3755 3756//3756
f 3757//3757 3758//3758 3759//3759
f 3757//3757 3759//3759 3760//3760
f 3761//3761 3762//3762 3763//3763
f 3761//3761 3763//3763 3764//3764
f 3765//3765 3766//3766 3767//3767
f 3765//3765 3767//3767 3768//3768
f 3769//3769 3770//3770 3771//3771
f 3769//3769 3771//3771 3772//3772
f 3773//3773 3774//3774 3775//3775
f 3773//3773 3775//3775 3776//3776
f 3777//3777 3778//3778 3779//3779
f 3777//3777 3779//3779 3780//3780
f 3781//3781 3782//3782 3783//3783
f 3781//3781 3783//3783 3784//3784
f 3785//3785 3786//3786 3787//3787
f 3785//3785 3787//3787 3788//3788
f 3789//3789 3790//3790 3791//3791
f 3789//3789 3791//3791 3792//3792
f 3793//3793 3794//3794 3795//3795
f 3793//3793 3795//3795 3796//3796
f 3797//3797 3798//3798 3799//3799
f 3797//3797 3799//3799 3800//3800
f 3801//3801 3802//3802 3803//3803
f 3801//3801 3803//3803 3804//3804
f 3805//3805 3806//3806 3807//3807
f 3805//3805 3807//3807 3808//3808
f 3809//3809 3810//3810 3811//3811
f 3809//3809 3811//3811 3812//3812
f 3813//3813 3814//3814 3815//3815
f 3813//3813 3815//3815 3816//3816
f 3817//3817 3818//3818 3819//3819
f 3817//3817 3819//3819 3820//3820
f 3821//3821 3822//3822 3823//3823
f 3821//3821 3823//3823 3824//3824
f 3825//3825 3826//3826 3827//3827
f 3825//3825 3827//3827 3828//3828
f 3829//3829 3830//3830 3831//3831
f 3829//3829 3831//3831 3832//3832
f 3833//3833 3834//3834 3835//3835
f 3833//3833 3835//3835 3836//3836
f 3837//3837 3838//3838 3839//3839
f 3837//3837 3839//3839 3840//3840
f 3841//3841 3842//3842 3843//3843
f 3841//3841 3843//3843 3844//3844
f 3845//3845 3846//3846 3847//3847
f 3845//3845 3847//3847 3848//3848
f 3849//3849 3850//3850 3851//3851
f 3849//3849 3851//3851 3852//3852
f 3853//3853 3854//3854 3855//3855
f 3853//3853 3855//3855 3856//3856
f 3857//3857 3858//3858 3859//3859
f 3857//3857 3859//3859 3860//3860
f 3861//3861 3862//3862 3863//3863
f 3861//3861 3863//3863 3864//3864
f 3865//3865 3866//3866 3867//3867
f 3865//3865 3867//3867 3868//3868
f 3869//3869 3870//3870 3871//3871
f 3869//3869 3871//3871 3872//3872
f 3873//3873 3874//3874 3875//3875
f 3873//3873 3875//3875 3876//3876
f 3877//3877 3878//3878 3879//3879
f 3877//3877 3879//3879 3880//3880
f 3881//3881 3882//3882 3883//3883
f 3881//3881 3883//3883 3884//3884
f 3885//3885 3886//3886 3887//3887
f 3885//3885 3887//3887 3888//3888
f 3889//3889 3890//3890 3891//3891
f 3889//3889 3891//3891 3892//3892
f 3893//3893 3894//3894 3895//3895
f 3893//3893 3895//3895 3896//3896
f 3897//3897 3898//3898 3899//3899
f 3897//3897 3899//3899 3900//3900
f 3901//3901 3902//3902 3903//3903
f 3901//3901 3903//3903 3904//3904
f 3905//3905 3906//3906 3907//3907
f 3905//3905 3907//3907 3908//3908
f 3909//3909 3910//3910 3911//3911
f 3909//3909 3911//3911 3912//3912
f 3913//3913 3914//3914 3915//3915
f 3913//3913 3915//3915 3916//3916
f 3917//3917 3918//3918 3919//3919
f 3917//3917 3919//3919 3920//3920
f 3921//3921 3922//3922 3923//3923
f 3921//3921 3923//3923 3924//3924
f 3925//3925 3926//3926 3927//3927
f 3925//3925 3927//3927 3928//3928
f 3929//3929 3930//3930 3931//3931
f 3929//3929 3931//3931 3932//3932
f 3933//3933 3934//3934 3935//3935
f 3933//3933 3935//3935 3936//3936
f 3937//3937 3938//3938 3939//3939
f 3937//3937 3939//3939 3940//3940
f 3941//3941 3942//3942 3943//3943
f 3941//3941 3943//3943 3944//3944
f 3945//3945 3946//3946 3947//3947
f 3945//3945 3947//3947 3948//3948
f 3949//3949 3950//3950 3951//3951
f 3949//3949 3951//3951 3952//3952
f 3953//3953 3954//3954 3955//3955
f 3953//3953 3955//3955 3956//3956
f 3957//3957 3958//3958 3959//3959
f 3957//3957 3959//3959 3960//3960
f 3961//3961 3962//3962 3963//3963
f 3961//3961 3963//3963 3964//3964
f 3965//3965 3966//3966 3967//3967
f 3965//3965 3967//3967 3968//3968
f 3969//3969 3970//3970 3971//3971
f 3969//3969 3971//3971 3972//3972
f 3973//3973 3974//3974 3975//3975
f 3973//3973 3975//3975 3976//3976
f 3977//3977 3978//3978 3979//3979
f 3977//3977 3979//3979 3980//3980
f 3981//3981 3982//3982 3983//3983
f 3981//3981 3983//3983 3984//3984
f 3985//3985 3986//3986 3987//3987
f 3985//3985 3987//3987 3988//3988
f 3989//3989 3990//3990 3991//3991
f 3989//3989 3991//3991 3992//3992
f 3993//3993 3994//3994 3995//3995
f 3993//3993 3995//3995 3996//3996
f 3997//3997 3998//3998 3999//3999
f 3997//3997 3999//3999 4000//4000
f 4001//4001 4002//4002 4003//4003
f 4001//4001 4003//4003 4004//4004
f 4005//4005 4006//4006 4007//4007
f 4005//4005 4007//4007 4008//4008
f 4009//4009 4010//4010 4011//4011
f 4009//4009 4011//4011 4012//4012
f 4013//4013 4014//4014 4015//4015
f 4013//4013 4015//4015 4016//4016
f 4017//4017 4018//4018 4019//4019
f 4017//4017 4019//4019 4020//4020
f 4021//4021 4022//4022 4023//4023
f 4021//4021 4023//4023 4024//4024
f 4025//4025 4026//4026 4027//4027
f 4025//4025 4027//4027 4028//4028
f 4029//4029 4030//4030 4031//4031
f 4029//4029 4031//4031 4032//4032
f 4033//4033 4034//4034 4035//4035
f 4033//4033 4035//4035 4036//4036
f 4037//4037 4038//4038 4039//4039
f 4037//4037 4039//4039 4040//4040
f 4041//4041 4042//4042 4043//4043
f 4041//4041 4043//4043 4044//4044
f 4045//4045 4046//4046 4047//4047
f 4045//4045 4047//4047 4048//4048
f 4049//4049 4050//4050 4051//4051
f 4049//4049 4051//4051 4052//4052
f 4053//4053 4054//4054 4055//4055
f 4053//4053 4055//4055 4056//4056
f 4057//4057 4058//4058 4059//4059
f 4057//4057 4059//4059 4060//4060
f 4061//4061 4062//4062 4063//4063
f 4061//4061 4063//4063 4064//4064
f 4065//4065 4066//4066 4067//4067
f 4065//4065 4067//4067 4068//4068
f 4069//4069 4070//4070 4071//4071
f 4069//4069 4071//4071 4072//4072
f 4073//4073 4074//4074 4075//4075
f 4073//4073 4075//4075 4076//4076
f 4077//4077 4078//4078 4079//4079
f 4077//4077 4079//4079 4080//4080
f 4081//4081 4082//4082 4083//4083
f 4081//4081 4083//4083 4084//4084
f 4085//4085 4086//4086 4087//4087
f 4085//4085 4087//4087 4088//4088
f 4089//4089 4090//4090 4091//4091
f 4089//4089 4091//4091 4092//4092
f 4093//4093 4094//4094 4095//4095
f 4093//4093 4095//4095 4096//4096
f 4097//4097 4098//4098 4099//4099
f 4097//4097 4099//4099 4100//4100
f 4101//4101 4102//4102 4103//4103
f 4101//4101 4103//4103 4104//4104
f 4105//4105 4106//4106 4107//4107
f 4105//4105 4107//4107 4108//4108
f 4109//4109 4110//4110 4111//4111
f 4109//4109 4111//4111 4112//4112
f 4113//4113 4114//4114 4115//4115
f 4113//4113 4115//4115 4116//4116
f 4117//4117 4118//4118 4119//4119
f 4117//4117 4119//4119 4120//4120
f 4121//4121 4122//4122 4123//4123
f 4121//4121 4123//4123 4124//4124
f 4125//4125 4126//4126 4127//4127
f 4125//4125 4127//4127 4128//4128
f 4129//4129 4130//4130 4131//4131
f 4129//4129 4131//4131 4132//4132
f 4133//4133 4134//4134 4135//4135
f 4133//4133 4135//4135 4136//4136
f 4137//4137 4138//4138 4139//4139
f 4137//4137 4139//4139 4140//4140
f 4141//4141 4142//4142 4143//4143
f 4141//4141 4143//4143 4144//4144
f 4145//4145 4146//4146 4147//4147
f 4145//4145 4147//4147 4148//4148
f 4149//4149 4150//4150 4151//4151
f 4149//4149 4151//4151 4152//4152
f 4153//4153 4154//4154 4155//4155
f 4153//4153 4155//4155 4156//4156
f 4157//4157 4158//4158 4159//4159
f 4157//4157 4159//4159 4160//4160
f 4161//4161 4162//4162 4163//4163
f 4161//4161 4163//4163 4164//4164
f 4165//4165 4166//4166 4167//4167
f 4165//4165 4167//4167 4168//4168
f 4169//4169 4170//4170 4171//4171
f 4169//4169 4171//4171 4172//4172
f 4173//4173 4174//4174 4175//4175
f 4173//4173 4175//4175 4176//4176
f 4177//4177 4178//4178 4179//4179
f 4177//4177 4179//4179 4180//4180
f 4181//4181 4182//4182 4183//4183
f 4181//4181 4183//4183 4184//4184
f 4185//4185 4186//4186 4187//4187
f 4185//4185 4187//4187 4188//4188
f 4189//4189 4190//4190 4191//4191
f 4189//4189 4191//4191 4192//4192
f 4193//4193 4194//4194 4195//4195
f 4193//4193 4195//4195 4196//4196
f 4197//4197 4198//4198 4199//4199
f 4197//4197 4199//4199 4200//4200
f 4201//4201 4202//4202 4203//4203
f 4201//4201 4203//4203 4204//4204
f 4205//4205 4206//4206 4207//4207
f 4205//4205 4207//4207 4208//4208
f 4209//4209 4210//4210 4211//4211
f 4209//4209 4211//4211 4212//4212
f 4213//4213 4214//4214 4215//4215
f 4213//4213 4215//4215 4216//4216
f 4217//4217 4218//4218 4219//4219
f 4217//4217 4219//4219 4220//4220
f 4221//4221 4222//4222 4223//4223
f 4221//4221 4223//4223 4224//4224
f 4225//4225 4226//4226 4227//4227
f 4225//4225 4227//4227 4228//4228
f 4229//4229 4230//4230 4231//4231
f 4229//4229 4231//4231 4232//4232
f 4233//4233 4234//4234 4235//4235
f 4233//4233 4235//4235 4236//4236
f 4237//4237 4238//4238 4239//4239
f 4237//4237 4239//4239 4240//4240
f 4241//4241 4242//4242 4243//4243
f 4241//4241 4243//4243 4244//4244
f 4245//4245 4246//4246 4247//4247
f 4245//4245 4247//4247 4248//4248
f 4249//4249 4250//4250 4251//4251
f 4249//4249 4251//4251 4252//4252
f 4253//4253 4254//4254 4255//4255
f 4253//4253 4255//4255 4256//4256
f 4257//4257 4258//4258 4259//4259
f 4257//4257 4259//4259 4260//4260
f 4261//4261 4262//4262 4263//4263
f 4261//4261 4263//4263 4264//4264
f 4265//4265 4266//4266 4267//4267
f 4265//4265 4267//4267 4268//4268
f 4269//4269 4270//4270 4271//4271
f 4269//4269 4271//4271 4272//4272
f 4273//4273 4274//4274 4275//4275
f 4273//4273 4275//4275 4276//4276
f 4277//4277 4278//4278 4279//4279
f 4277//4277 4279//4279 4280//4280
f 4281//4281 4282//4282 4283//4283
f 4281//4281 4283//4283 4284//4284
f 4285//4285 4286//4286 4287//4287
f 4285//4285 4287//4287 4288//4288
f 4289//4289 4290//4290 4291//4291
f 4289//4289 4291//4291 4292//4292
f 4293//4293 4294//4294 4295//4295
f 4293//4293 4295//4295 4296//4296
f 4297//4297 4298//4298 4299//4299
f 4297//4297 4299//4299 4300//4300
f 4301//4301 4302//4302 4303//4303
f 4301//4301 4303//4303 4304//4304
f 4305//4305 4306//4306 4307//4307
f 4305//4305 4307//4307 4308//4308
f 4309//4309 4310//4310 4311//4311
f 4309//4309 4311//4311 4312//4312
f 4313//4313 4314//4314 4315//4315
f 4313//4313 4315//4315 4316//4316
f 4317//4317 4318//4318 4319//4319
f 4317//4317 4319//4319 4320//4320
f 4321//4321 4322//4322 4323//4323
f 4321//4321 4323//4323 4324//4324
f 4325//4325 4326//4326 4327//4327
f 4325//4325 4327//4327 4328//4328
f 4329//4329 4330//4330 4331//4331
f 4329//4329 4331//4331 4332//4332
f 4333//4333 4334//4334 4335//4335
f 4333//4333 4335//4335 4336//4336
f 4337//4337 4338//4338 4339//4339
f 4337//4337 4339//4339 4340//4340
f 4341//4341 4342//4342 4343//4343
f 4341//4341 4343//4343 4344//4344
f 4345//4345 4346//4346 4347//4347
f 4345//4345 4347//4347 4348//4348
f 4349//4349 4350//4350 4351//4351
f 4349//4349 4351//4351 4352//4352
f 4353//4353 4354//4354 4355//4355
f 4353//4353 4355//4355 4356//4356
f 4357//4357 4358//4358 4359//4359
f 4357//4357 4359//4359 4360//4360
f 4361//4361 4362//4362 4363//4363
f 4361//4361 4363//4363 4364//4364
f 4365//4365 4366//4366 4367//4367
f 4365//4365 4367//4367 4368//4368
f 4369//4369 4370//4370 4371//4371
f 4369//4369 4371//4371 4372//4372
f 4373//4373 4374//4374 4375//4375
f 4373//4373 4375//4375 4376//4376
f 4377//4377 4378//4378 4379//4379
f 4377//4377 4379//4379 4380//4380
f 4381//4381 4382//4382 4383//4383
f 4381//4381 4383//4383 4384//4384
f 4385//4385 4386//4386 4387//4387
f 4385//4385 4387//4387 4388//4388
f 4389//4389 4390//4390 4391//4391
f 4389//4389 4391//4391 4392//4392
f 4393//4393 4394//4394 4395//4395
f 4393//4393 4395//4395 4396//4396
f 4397//4397 4398//4398 4399//4399
f 4397//4397 4399//4399 4400//4400
f 4401//4401 4402//4402 4403//4403
f 4401//4401 4403//4403 4404//4404
f 4405//4405 4406//4406 4407//4407
f 4405//4405 4407//4407 4408//4408
f 4409//4409 4410//4410 4411//4411
f 4409//4409 4411//4411 4412//4412
f 4413//4413 4414//4414 4415//4415
f 4413//4413 4415//4415 4416//4416
f 4417//4417 4418//4418 4419//4419
f 4417//4417 4419//4419 4420//4420
f 4421//4421 4422//4422 4423//4423
f 4421//4421 4423//4423 4424//4424
f 4425//4425 4426//4426 4427//4427
f 4425//4425 4427//4427 4428//4428
f 4429//4429 4430//4430 4431//4431
f 4429//4429 4431//4431 4432//4432
f 4433//4433 4434//4434 4435//4435
f 4433//4433 4435//4435 4436//4436
f 4437//4437 4438//4438 4439//4439
f 4437//4437 4439//4439 4440//4440
f 4441//4441 4442//4442 4443//4443
f 4441//4441 4443//4443 4444//4444
f 4445//4445 4446//4446 4447//4447
f 4445//4445 4447//4447 4448//4448
f 4449//4449 4450//4450 4451//4451
f 4449//4449 4451//4451 4452//4452
f 4453//4453 4454//4454 4455//4455
f 4453//4453 4455//4455 4456//4456
f 4457//4457 4458//4458 4459//4459
f 4457//4457 4459//4459 4460//4460
f 4461//4461 4462//4462 4463//4463
f 4461//4461 4463//4463 4464//4464
f 4465//4465 4466//4466 4467//4467
f 4465//4465 4467//4467 4468//4468
f 4469//4469 4470//4470 4471//4471
f 4469//4469 4471//4471 4472//4472
f 4473//4473 4474//4474 4475//4475
f 4473//4473 4475//4475 4476//4476
f 4477//4477 4478//4478 4479//4479
f 4477//4477 4479//4479 4480//4480
f 4481//4481 4482//4482 4483//4483
f 4481//4481 4483//4483 4484//4484
f 4485//4485 4486//4486 4487//4487
f 4485//4485 4487//4487 4488//4488
f 4489//4489 4490//4490 4491//4491
f 4489//4489 4491//4491 4492//4492
f 4493//4493 4494//4494 4495//4495
f 4493//4493 4495//4495 4496//4496
f 4497//4497 4498//4498 4499//4499
f 4497//4497 4499//4499 4500//4500
f 4501//4501 4502//4502 4503//4503
f 4501//4501 4503//4503 4504//4504
f 4505//4505 4506//4506 4507//4507
f 4505//4505 4507//4507 4508//4508
f 4509//4509 4510//4510 4511//4511
f 4509//4509 4511//4511 4512//4512
f 4513//4513 4514//4514 4515//4515
f 4513//4513 4515//4515 4516//4516
f 4517//4517 4518//4518 4519//4519
f 4517//4517 4519//4519 4520//4520
f 4521//4521 4522//4522 4523//4523
f 4521//4521 4523//4523 4524//4524
f 4525//4525 4526//4526 4527//4527
f 4525//4525 4527//4527 4528//4528
f 4529//4529 4530//4530 4531//4531
f 4529//4529 4531//4531 4532//4532
f 4533//4533 4534//4534 4535//4535
f 4533//4533 4535//4535 4536//4536
f 4537//4537 4538//4538 4539//4539
f 4537//4537 4539//4539 4540//4540
f 4541//4541 4542//4542 4543//4543
f 4541//4541 4543//4543 4544//4544
f 4545//4545 4546//4546 4547//4547
f 4545//4545 4547//4547 4548//4548
f 4549//4549 4550//4550 4551//4551
f 4549//4549 4551//4551 4552//4552
f 4553//4553 4554//4554 4555//4555
f 4553//4553 4555//4555 4556//4556
f 4557//4557 4558//4558 4559//4559
f 4557//4557 4559//4559 4560//4560
f 4561//4561 4562//4562 4563//4563
f 4561//4561 4563//4563 4564//4564
f 4565//4565 4566//4566 4567//4567
f 4565//4565 4567//4567 4568//4568
f 4569//4569 4570//4570 4571//4571
f 4569//4569 4571//4571 4572//4572
f 4573//4573 4574//4574 4575//4575
f 4573//4573 4575//4575 4576//4576
f 4577//4577 4578//4578 4579//4579
f 4577//4577 4579//4579 4580//4580
f 4581//4581 4582//4582 4583//4583
f 4581//4581 4583//4583 4584//4584
f 4585//4585 4586//4586 4587//4587
f 4585//4585 4587//4587 4588//4588
f 4589//4589 4590//4590 4591//4591
f 4589//4589 4591//4591 4592//4592
f 4593//4593 4594//4594 4595//4595
f 4593//4593 4595//4595 4596//4596
f 4597//4597 4598//4598 4599//4599
f 4597//4597 4599//4599 4600//4600
f 4601//4601 4602//4602 4603//4603
f 4601//4601 4603//4603 4604//4604
f 4605//4605 4606//4606 4607//4607
f 4605//4605 4607//4607 4608//4608
f 4609//4609 4610//4610 4611//4611
f 4609//4609 4611//4611 4612//4612
f 4613//4613 4614//4614 4615//4615
f 4613//4613 4615//4615 4616//4616
f 4617//4617 4618//4618 4619//4619
f 4617//4617 4619//4619 4620//4620
f 4621//4621 4622//4622 4623//4623
f 4621//4621 4623//4623 4624//4624
f 4625//4625 4626//4626 4627//4627
f 4625//4625 4627//4627 4628//4628
f 4629//4629 4630//4630 4631//4631
f 4629//4629 4631//4631 4632//4632
f 4633//4633 4634//4634 4635//4635
f 4633//4633 4635//4635 4636//4636
f 4637//4637 4638//4638 4639//4639
f 4637//4637 4639//4639 4640//4640
f 4641//4641 4642//4642 4643//4643
f 4641//4641 4643//4643 4644//4644
f 4645//4645 4646//4646 4647//4647
f 4645//4645 4647//4647 4648//4648
f 4649//4649 4650//4650 4651//4651
f 4649//4649 4651//4651 4652//4652
f 4653//4653 4654//4654 4655//4655
f 4653//4653 4655//4655 4656//4656
f 4657//4657 4658//4658 4659//4659
f 4657//4657 4659//4659 4660//4660
f 4661//4661 4662//4662 4663//4663
f 4661//4661 4663//4663 4664//4664
f 4665//4665 4666//4666 4667//4667
f 4665//4665 4667//4667 4668//4668
f 4669//4669 4670//4670 4671//4671
f 4669//4669 4671//4671 4672//4672
f 4673//4673 4674//4674 4675//4675
f 4673//4673 4675//4675 4676//4676
f 4677//4677 4678//4678 4679//4679
f 4677//4677 4679//4679 4680//4680
f 4681//4681 4682//4682 4683//4683
f 4681//4681 4683//4683 4684//4684
f 4685//4685 4686//4686 4687//4687
f 4685//4685 4687//4687 4688//4688
f 4689//4689 4690//4690 4691//4691
f 4689//4689 4691//4691 4692//4692
f 4693//4693 4694//4694 4695//4695
f 4693//4693 4695//4695 4696//4696
f 4697//4697 4698//4698 4699//4699
f 4697//4697 4699//4699 4700//4700
f 4701//4701 4702//4702 4703//4703
f 4701//4701 4703//4703 4704//4704
f 4705//4705 4706//4706 4707//4707
f 4705//4705 4707//4707 4708//4708
f 4709//4709 4710//4710 4711//4711
f 4709//4709 4711//4711 4712//4712
f 4713//4713 4714//4714 4715//4715
f 4713//4713 4715//4715 4716//4716
f 4717//4717 4718//4718 4719//4719
f 4717//4717 4719//4719 4720//4720
f 4721//4721 4722//4722 4723//4723
f 4721//4721 4723//4723 4724//4724
f 4725//4725 4726//4726 4727//4727
f 4725//4725 4727//4727 4728//4728
f 4729//4729 4730//4730 4731//4731
f 4729//4729 4731//4731 4732//4732
f 4733//4733 4734//4734 4735//4735
f 4733//4733 4735//4735 4736//4736
f 4737//4737 4738//4738 4739//4739
f 4737//4737 4739//4739 4740//4740
f 4741//4741 4742//4742 4743//4743
f 4741//4741 4743//4743 4744//4744
f 4745//4745 4746//4746 4747//4747
f 4745//4745 4747//4747 4748//4748
f 4749//4749 4750//4750 4751//4751
f 4749//4749 4751//4751 4752//4752
f 4753//4753 4754//4754 4755//4755
f 4753//4753 4755//4755 4756//4756
f 4757//4757 4758//4758 4759//4759
f 4757//4757 4759//4759 4760//4760
f 4761//4761 4762//4762 4763//4763
f 4761//4761 4763//4763 4764//4764
f 4765//4765 4766//4766 4767//4767
f 4765//4765 4767//4767 4768//4768
f 4769//4769 4770//4770 4771//4771
f 4769//4769 4771//4771 4772//4772
f 4773//4773 4774//4774 4775//4775
f 4773//4773 4775//4775 4776//4776
f 4777//4777 4778//4778 4779//4779
f 4777//4777 4779//4779 4780//4780
f 4781//4781 4782//4782 4783//4783
f 4781//4781 4783//4783 4784//4784
f 4785//4785 4786//4786 4787//4787
f 4785//4785 4787//4787 4788//4788
f 4789//4789 4790//4790 4791//4791
f 4789//4789 4791//4791 4792//4792
f 4793//4793 4794//4794 4795//4795
f 4793//4793 4795//4795 4796//4796
f 4797//4797 4798//4798 4799//4799
f 4797//4797 4799//4799 4800//4800
f 4801//4801 4802//4802 4803//4803
f 4801//4801 4803//4803 4804//4804
f 4805//4805 4806//4806 4807//4807
f 4805//4805 4807//4807 4808//4808
f 4809//4809 4810//4810 4811//4811
f 4809//4809 4811//4811 4812//4812
f 4813//4813 4814//4814 4815//4815
f 4813//4813 4815//4815 4816//4816
f 4817//4817 4818//4818 4819//4819
f 4817//4817 4819//4819 4820//4820
f 4821//4821 4822//4822 4823//4823
f 4821//4821 4823//4823 4824//4824
f 4825//4825 4826//4826 4827//4827
f 4825//4825 4827//4827 4828//4828
f 4829//4829 4830//4830 4831//4831
f 4829//4829 4831//4831 4832//4832
f 4833//4833 4834//4834 4835//4835
f 4833//4833 4835//4835 4836//4836
f 4837//4837 4838//4838 4839//4839
f 4837//4837 4839//4839 4840//4840
f 4841//4841 4842//4842 4843//4843
f 4841//4841 4843//4843 4844//4844
f 4845//4845 4846//4846 4847//4847
f 4845//4845 4847//4847 4848//4848
f 4849//4849 4850//4850 4851//4851
f 4849//4849 4851//4851 4852//4852
f 4853//4853 4854//4854 4855//4855
f 4853//4853 4855//4855 4856//4856
f 4857//4857 4858//4858 4859//4859
f 4857//4857 4859//4859 4860//4860
f 4861//4861 4862//4862 4863//4863
f 4861//4861 4863//4863 4864//4864
f 4865//4865 4866//4866 4867//4867
f 4865//4865 4867//4867 4868//4868
f 4869//4869 4870//4870 4871//4871
f 4869//4869 4871//4871 4872//4872
f 4873//4873 4874//4874 4875//4875
f 4873//4873 4875//4875 4876//4876
f 4877//4877 4878//4878 4879//4879
f 4877//4877 4879//4879 4880//4880
f 4881//4881 4882//4882 4883//4883
f 4881//4881 4883//4883 4884//4884
f 4885//4885 4886//4886 4887//4887
f 4885//4885 4887//4887 4888//4888
f 4889//4889 4890//4890 4891//4891
f 4889//4889 4891//4891 4892//4892
f 4893//4893 4894//4894 4895//4895
f 4893//4893 4895//4895 4896//4896
f 4897//4897 4898//4898 4899//4899
f 4897//4897 4899//4899 4900//4900
f 4901//4901 4902//4902 4903//4903
f 4901//4901 4903//4903 4904//4904
f 4905//4905 4906//4906 4907//4907
f 4905//4905 4907//4907 4908//4908
f 4909//4909 4910//4910 4911//4911
f 4909//4909 4911//4911 4912//4912
f 4913//4913 4914//4914 4915//4915
f 4913//4913 4915//4915 4916//4916
f 4917//4917 4918//4918 4919//4919
f 4917//4917 4919//4919 4920//4920
f 4921//4921 4922//4922 4923//4923
f 4921//4921 4923//4923 4924//4924
f 4925//4925 4926//4926 4927//4927
f 4925//4925 4927//4927 4928//4928
f 4929//4929 4930//4930 4931//4931
f 4929//4929 4931//4931 4932//4932
f 4933//4933 4934//4934 4935//4935
f 4933//4933 4935//4935 4936//4936
f 4937//4937 4938//4938 4939//4939
f 4937//4937 4939//4939 4940//4940
f 4941//4941 4942//4942 4943//4943
f 4941//4941 4943//4943 4944//4944
f 4945//4945 4946//4946 4947//4947
f 4945//4945 4947//4947 4948//4948
f 4949//4949 4950//4950 4951//4951
f 4949//4949 4951//4951 4952//4952
f 4953//4953 4954//4954 4955//4955
f 4953//4953 4955//4955 4956//4956
f 4957//4957 4958//4958 4959//4959
f 4957//4957 4959//4959 4960//4960
f 4961//4961 4962//4962 4963//4963
f 4961//4961 4963//4963 4964//4964
f 4965//4965 4966//4966 4967//4967
f 4965//4965 4967//4967 4968//4968
f 4969//4969 4970//4970 4971//4971
f 4969//4969 4971//4971 4972//4972
f 4973//4973 4974//4974 4975//4975
f 4973//4973 4975//4975 4976//4976
f 4977//4977 4978//4978 4979//4979
f 4977//4977 4979//4979 4980//4980
f 4981//4981 4982//4982 4983//4983
f 4981//4981 4983//4983 4984//4984
f 4985//4985 4986//4986 4987//4987
f 4985//4985 4987//4987 4988//4988
f 4989//4989 4990//4990 4991//4991
f 4989//4989 4991//4991 4992//4992
f 4993//4993 4994//4994 4995//4995
f 4993//4993 4995//4995 4996//4996
f 4997//4997 4998//4998 4999//4999
f 4997//4997 4999//4999 5000//5000
f 5001//5001 5002//5002 5003//5003
f 5001//5001 5003//5003 5004//5004
f 5005//5005 5006//5006 5007//5007
f 5005//5005 5007//5007 5008//5008
f 5009//5009 5010//5010 5011//5011
f 5009//5009 5011//5011 5012//5012
f 5013//5013 5014//5014 5015//5015
f 5013//5013 5015//5015 5016//5016
f 5017//5017 5018//5018 5019//5019
f 5017//5017 5019//5019 5020//5020
f 5021//5021 5022//5022 5023//5023
f 5021//5021 5023//5023 5024//5024
f 5025//5025 5026//5026 5027//5027
f 5025//5025 5027//5027 5028//5028
f 5029//5029 5030//5030 5031//5031
f 5029//5029 5031//5031 5032//5032
f 5033//5033 5034//5034 5035//5035
f 5033//5033 5035//5035 5036//5036
f 5037//5037 5038//5038 5039//5039
f 5037//5037 5039//5039 5040//5040
f 5041//5041 5042//5042 5043//5043
f 5041//5041 5043//5043 5044//5044
f 5045//5045 5046//5046 5047//5047
f 5045//5045 5047//5047 5048//5048
f 5049//5049 5050//5050 5051//5051
f 5049//5049 5051//5051 5052//5052
f 5053//5053 5054//5054 5055//5055
f 5053//5053 5055//5055 5056//5056
f 5057//5057 5058//5058 5059//5059
f 5057//5057 5059//5059 5060//5060
f 5061//5061 5062//5062 5063//5063
f 5061//5061 5063//5063 5064//5064
f 5065//5065 5066//5066 5067//5067
f 5065//5065 5067//5067 5068//5068
f 5069//5069 5070//5070 5071//5071
f 5069//5069 5071//5071 5072//5072
f 5073//5073 5074//5074 5075//5075
f 5073//5073 5075//5075 5076//5076
f 5077//5077 5078//5078 5079//5079
f 5077//5077 5079//5079 5080//5080
f 5081//5081 5082//5082 5083//5083
f 5081//5081 5083//5083 5084//5084
f 5085//5085 5086//5086 5087//5087
f 5085//5085 5087//5087 5088//5088
f 5089//5089 5090//5090 5091//5091
f 5089//5089 5091//5091 5092//5092
f 5093//5093 5094//5094 5095//5095
f 5093//5093 5095//5095 5096//5096
f 5097//5097 5098//5098 5099//5099
f 5097//5097 5099//5099 5100//5100
f 5101//5101 5102//5102 5103//5103
f 5101//5101 5103//5103 5104//5104
f 5105//5105 5106//5106 5107//5107
f 5105//5105 5107//5107 5108//5108
f 5109//5109 5110//5110 5111//5111
f 5109//5109 5111//5111 5112//5112
f 5113//5113 5114//5114 5115//5115
f 5113//5113 5115//5115 5116//5116
f 5117//5117 5118//5118 5119//5119
f 5117//5117 5119//5119 5120//5120
f 5121//5121 5122//5122 5123//5123
f 5121//5121 5123//5123 5124//5124
f 5125//5125 5126//5126 5127//5127
f 5125//5125 5127//5127 5128//5128
f 5129//5129 5130//5130 5131//5131
f 5129//5129 5131//5131 5132//5132
f 5133//5133 5134//5134 5135//5135
f 5133//5133 5135//5135 5136//5136
f 5137//5137 5138//5138 5139//5139
f 5137//5137 5139//5139 5140//5140
f 5141//5141 5142//5142 5143//5143
f 5141//5141 5143//5143 5144//5144
f 5145//5145 5146//5146 5147//5147
f 5145//5145 5147//5147 5148//5148
f 5149//5149 5150//5150 5151//5151
f 5149//5149 5151//5151 5152//5152
f 5153//5153 5154//5154 5155//5155
f 5153//5153 5155//5155 5156//5156
f 5157//5157 5158//5158 5159//5159
f 5157//5157 5159//5159 5160//5160
f 5161//5161 5162//5162 5163//5163
f 5161//5161 5163//5163 5164//5164
f 5165//5165 5166//5166 5167//5167
f 5165//5165 5167//5167 5168//5168
f 5169//5169 5170//5170 5171//5171
f 5169//5169 5171//5171 5172//5172
f 5173//5173 5174//5174 5175//5175
f 5173//5173 5175//5175 5176//5176
f 5177//5177 5178//5178 5179//5179
f 5177//5177 5179//5179 5180//5180
f 5181//5181 5182//5182 5183//5183
f 5181//5181 5183//5183 5184//5184
f 5185//5185 5186//5186 5187//5187
f 5185//5185 5187//5187 5188//5188
f 5189//5189 5190//5190 5191//5191
f 5189//5189 5191//5191 5192//5192
f 5193//5193 5194//5194 5195//5195
f 5193//5193 5195//5195 5196//5196
f 5197//5197 5198//5198 5199//5199
f 5197//5197 5199//5199 5200//5200
f 5201//5201 5202//5202 5203//5203
f 5201//5201 5203//5203 5204//5204
f 5205//5205 5206//5206 5207//5207
f 5205//5205 5207//5207 5208//5208
f 5209//5209 5210//5210 5211//5211
f 5209//5209 5211//5211 5212//5212
f 5213//5213 5214//5214 5215//5215
f 5213//5213 5215//5215 5216//5216
f 5217//5217 5218//5218 5219//5219
f 5217//5217 5219//5219 5220//5220
f 5221//5221 5222//5222 5223//5223
f 5221//5221 5223//5223 5224//5224
f 5225//5225 5226//5226 5227//5227
f 5225//5225 5227//5227 5228//5228
f 5229//5229 5230//5230 5231//5231
f 5229//5229 5231//5231 5232//5232
f 5233//5233 5234//5234 5235//5235
f 5233//5233 5235//5235 5236//5236
f 5237//5237 5238//5238 5239//5239
f 5237//5237 5239//5239 5240//5240
f 5241//5241 5242//5242 5243//5243
f 5241//5241 5243//5243 5244//5244
f 5245//5245 5246//5246 5247//5247
f 5245//5245 5247//5247 5248//5248
f 5249//5249 5250//5250 5251//5251
f 5249//5249 5251//5251 5252//5252
f 5253//5253 5254//5254 5255//5255
f 5253//5253 5255//5255 5256//5256
f 5257//5257 5258//5258 5259//5259
f 5257//5257 5259//5259 5260//5260
f 5261//5261 5262//5262 5263//5263
f 5261//5261 5263//5263 5264//5264
f 5265//5265 5266//5266 5267//5267
f 5265//5265 5267//5267 5268//5268
f 5269//5269 5270//5270 5271//5271
f 5269//5269 5271//5271 5272//5272
f 5273//5273 5274//5274 5275//5275
f 5273//5273 5275//5275 5276//5276
f 5277//5277 5278//5278 5279//5279
f 5277//5277 5279//5279 5280//5280
f 5281//5281 5282//5282 5283//5283
f 5281//5281 5283//5283 5284//5284
f 5285//5285 5286//5286 5287//5287
f 5285//5285 5287//5287 5288//5288
f 5289//5289 5290//5290 5291//5291
f 5289//5289 5291//5291 5292//5292
f 5293//5293 5294//5294 5295//5295
f 5293//5293 5295//5295 5296//5296
f 5297//5297 5298//5298 5299//5299
f 5297//5297 5299//5299 5300//5300
f 5301//5301 5302//5302 5303//5303
f 5301//5301 5303//5303 5304//5304
f 5305//5305 5306//5306 5307//5307
f 5305//5305 5307//5307 5308//5308
f 5309//5309 5310//5310 5311//5311
f 5309//5309 5311//5311 5312//5312
f 5313//5313 5314//5314 5315//5315
f 5313//5313 5315//5315 5316//5316
f 5317//5317 5318//5318 5319//5319
f 5317//5317 5319//5319 5320//5320
f 5321//5321 5322//5322 5323//5323
f 5321//5321 5323//5323 5324//5324
f 5325//5325 5326//5326 5327//5327
f 5325//5325 5327//5327 5328//5328
f 5329//5329 5330//5330 5331//5331
f 5329//5329 5331//5331 5332//5332
f 5333//5333 5334//5334 5335//5335
f 5333//5333 5335//5335 5336//5336
f 5337//5337 5338//5338 5339//5339
f 5337//5337 5339//5339 5340//5340
f 5341//5341 5342//5342 5343//5343
f 5341//5341 5343//5343 5344//5344
f 5345//5345 5346//5346 5347//5347
f 5345//5345 5347//5347 5348//5348
f 5349//5349 5350//5350 5351//5351
f 5349//5349 5351//5351 5352//5352
f 5353//5353 5354//5354 5355//5355
f 5353//5353 5355//5355 5356//5356
f 5357//5357 5358//5358 5359//5359
f 5357//5357 5359//5359 5360//5360
f 5361//5361 5362//5362 5363//5363
f 5361//5361 5363//5363 5364//5364
f 5365//5365 5366//5366 5367//5367
f 5365//5365 5367//5367 5368//5368
f 5369//5369 5370//5370 5371//5371
f 5369//5369 5371//5371 5372//5372
f 5373//5373 5374//5374 5375//5375
f 5373//5373 5375//5375 5376//5376
f 5377//5377 5378//5378 5379//5379
f 5377//5377 5379//5379 5380//5380
f 5381//5381 5382//5382 5383//5383
f 5381//5381 5383//5383 5384//5384
f 5385//5385 5386//5386 5387//5387
f 5385//5385 5387//5387 5388//5388
f 5389//5389 5390//5390 5391//5391
f 5389//5389 5391//5391 5392//5392
f 5393//5393 5394//5394 5395//5395
f 5393//5393 5395//5395 5396//5396
f 5397//5397 5398//5398 5399//5399
f 5397//5397 5399//5399 5400//5400
f 5401//5401 5402//5402 5403//5403
f 5401//5401 5403//5403 5404//5404
f 5405//5405 5406//5406 5407//5407
f 5405//5405 5407//5407 5408//5408
f 5409//5409 5410//5410 5411//5411
f 5409//5409 5411//5411 5412//5412
f 5413//5413 5414//5414 5415//5415
f 5413//5413 5415//5415 5416//5416
f 5417//5417 5418//5418 5419//5419
f 5417//5417 5419//5419 5420//5420
f 5421//5421 5422//5422 5423//5423
f 5421//5421 5423//5423 5424//5424
f 5425//5425 5426//5426 5427//5427
f 5425//5425 5427//5427 5428//5428
f 5429//5429 5430//5430 5431//5431
f 5429//5429 5431//5431 5432//5432
f 5433//5433 5434//5434 5435//5435
f 5433//5433 5435//5435 5436//5436
f 5437//5437 5438//5438 5439//5439
f 5437//5437 5439//5439 5440//5440
f 5441//5441 5442//5442 5443//5443
f 5441//5441 5443//5443 5444//5444
f 5445//5445 5446//5446 5447//5447
f 5445//5445 5447//5447 5448//5448
f 5449//5449 5450//5450 5451//5451
f 5449//5449 5451//5451 5452//5452
f 5453//5453 5454//5454 5455//5455
f 5453//5453 5455//5455 5456//5456
f 5457//5457 5458//5458 5459//5459
f 5457//5457 5459//5459 5460//5460
f 5461//5461 5462//5462 5463//5463
f 5461//5461 5463//5463 5464//5464
f 5465//5465 5466//5466 5467//5467
f 5465//5465 5467//5467 5468//5468
f 5469//5469 5470//5470 5471//5471
f 5469//5469 5471//5471 5472//5472
f 5473//5473 5474//5474 5475//5475
f 5473//5473 5475//5475 5476//5476
f 5477//5477 5478//5478 5479//5479
f 5477//5477 5479//5479 5480//5480
f 5481//5481 5482//5482 5483//5483
f 5481//5481 5483//5483 5484//5484
f 5485//5485 5486//5486 5487//5487
f 5485//5485 5487//5487 5488//5488
f 5489//5489 5490//5490 5491//5491
f 5489//5489 5491//5491 5492//5492
f 5493//5493 5494//5494 5495//5495
f 5493//5493 5495//5495 5496//5496
f 5497//5497 5498//5498 5499//5499
f 5497//5497 5499//5499 5500//5500
f 5501//5501 5502//5502 5503//5503
f 5501//5501 5503//5503 5504//5504
f 5505//5505 5506//5506 5507//5507
f 5505//5505 5507//5507 5508//5508
f 5509//5509 5510//5510 5511//5511
f 5509//5509 5511//5511 5512//5512
f 5513//5513 5514//5514 5515//5515
f 5513//5513 5515//5515 5516//5516
f 5517//5517 5518//5518 5519//5519
f 5517//5517 5519//5519 5520//5520
f 5521//5521 5522//5522 5523//5523
f 5521//5521 5523//5523 5524//5524
f 5525//5525 5526//5526 5527//5527
f 5525//5525 5527//5527 5528//5528
f 5529//5529 5530//5530 5531//5531
f 5529//5529 5531//5531 5532//5532
f 5533//5533 5534//5534 5535//5535
f 5533//5533 5535//5535 5536//5536
f 5537//5537 5538//5538 5539//5539
f 5537//5537 5539//5539 5540//5540
f 5541//5541 5542//5542 5543//5543
f 5541//5541 5543//5543 5544//5544
f 5545//5545 5546//5546 5547//5547
f 5545//5545 5547//5547 5548//5548
f 5549//5549 5550//5550 5551//5551
f 5549//5549 5551//5551 5552//5552
f 5553//5553 5554//5554 5555//5555
f 5553//5553 5555//5555 5556//5556
f 5557//5557 5558//5558 5559//5559
f 5557//5557 5559//5559 5560//5560
f 5561//5561 5562//5562 5563//5563
f 5561//5561 5563//5563 5564//5564
f 5565//5565 5566//5566 5567//5567
f 5565//5565 5567//5567 5568//5568
f 5569//5569 5570//5570 5571//5571
f 5569//5569 5571//5571 5572//5572
f 5573//5573 5574//5574 5575//5575
f 5573//5573 5575//5575 5576//5576
f 5577//5577 5578//5578 5579//5579
f 5577//5577 5579//5579 5580//5580
f 5581//5581 5582//5582 5583//5583
f 5581//5581 5583//5583 5584//5584
f 5585//5585 5586//5586 5587//5587
f 5585//5585 5587//5587 5588//5588
f 5589//5589 5590//5590 5591//5591
f 5589//5589 5591//5591 5592//5592
f 5593//5593 5594//5594 5595//5595
f 5593//5593 5595//5595 5596//5596
f 5597//5597 5598//5598 5599//5599
f 5597//5597 5599//5599 5600//5600
f 5601//5601 5602//5602 5603//5603
f 5601//5601 5603//5603 5604//5604
f 5605//5605 5606//5606 5607//5607
f 5605//5605 5607//5607 5608//5608
f 5609//5609 5610//5610 5611//5611
f 5609//5609 5611//5611 5612//5612
f 5613//5613 5614//5614 5615//5615
f 5613//5613 5615//5615 5616//5616
f 5617//5617 5618//5618 5619//5619
f 5617//5617 5619//5619 5620//5620
f 5621//5621 5622//5622 5623//5623
f 5621//5621 5623//5623 5624//5624
f 5625//5625 5626//5626 5627//5627
f 5625//5625 5627//5627 5628//5628
f 5629//5629 5630//5630 5631//5631
f 5629//5629 5631//5631 5632//5632
f 5633//5633 5634//5634 5635//5635
f 5633//5633 5635//5635 5636//5636
f 5637//5637 5638//5638 5639//5639
f 5637//5637 5639//5639 5640//5640
f 5641//5641 5642//5642 5643//5643
f 5641//5641 5643//5643 5644//5644
f 5645//5645 5646//5646 5647//5647
f 5645//5645 5647//5647 5648//5648
f 5649//5649 5650//5650 5651//5651
f 5649//5649 5651//5651 5652//5652
f 5653//5653 5654//5654 5655//5655
f 5653//5653 5655//5655 5656//5656
f 5657//5657 5658//5658 5659//5659
f 5657//5657 5659//5659 5660//5660
f 5661//5661 5662//5662 5663//5663
f 5661//5661 5663//5663 5664//5664
f 5665//5665 5666//5666 5667//5667
f 5665//5665 5667//5667 5668//5668
f 5669//5669 5670//5670 5671//5671
f 5669//5669 5671//5671 5672//5672
f 5673//5673 5674//5674 5675//5675
f 5673//5673 5675//5675 5676//5676
f 5677//5677 5678//5678 5679//5679
f 5677//5677 5679//5679 5680//5680
f 5681//5681 5682//5682 5683//5683
f 5681//5681 5683//5683 5684//5684
f 5685//5685 5686//5686 5687//5687
f 5685//5685 5687//5687 5688//5688
f 5689//5689 5690//5690 5691//5691
f 5689//5689 5691//5691 5692//5692
f 5693//5693 5694//5694 5695//5695
f 5693//5693 5695//5695 5696//5696
f 5697//5697 5698//5698 5699//5699
f 5697//5697 5699//5699 5700//5700
f 5701//5701 5702//5702 5703//5703
f 5701//5701 5703//5703 5704//5704
f 5705//5705 5706//5706 5707//5707
f 5705//5705 5707//5707 5708//5708
f 5709//5709 5710//5710 5711//5711
f 5709//5709 5711//5711 5712//5712
f 5713//5713 5714//5714 5715//5715
f 5713//5713 5715//5715 5716//5716
f 5717//5717 5718//5718 5719//5719
f 5717//5717 5719//5719 5720//5720
f 5721//5721 5722//5722 5723//5723
f 5721//5721 5723//5723 5724//5724
f 5725//5725 5726//5726 5727//5727
f 5725//5725 5727//5727 5728//5728
f 5729//5729 5730//5730 5731//5731
f 5729//5729 5731//5731 5732//5732
f 5733//5733 5734//5734 5735//5735
f 5733//5733 5735//5735 5736//5736
f 5737//5737 5738//5738 5739//5739
f 5737//5737 5739//5739 5740//5740
f 5741//5741 5742//5742 5743//5743
f 5741//5741 5743//5743 5744//5744
f 5745//5745 5746//5746 5747//5747
f 5745//5745 5747//5747 5748//5748
f 5749//5749 5750//5750 5751//5751
f 5749//5749 5751//5751 5752//5752
f 5753//5753 5754//5754 5755//5755
f 5753//5753 5755//5755 5756//5756
f 5757//5757 5758//5758 5759//5759
f 5757//5757 5759//5759 5760//5760
f 5761//5761 5762//5762 5763//5763
f 5761//5761 5763//5763 5764//5764
f 5765//5765 5766//5766 5767//5767
f 5765//5765 5767//5767 5768//5768
f 5769//5769 5770//5770 5771//5771
f 5769//5769 5771//5771 5772//5772
f 5773//5773 5774//5774 5775//5775
f 5773//5773 5775//5775 5776//5776
f 5777//5777 5778//5778 5779//5779
f 5777//5777 5779//5779 5780//5780
f 5781//5781 5782//5782 5783//5783
f 5781//5781 5783//5783 5784//5784
f 5785//5785 5786//5786 5787//5787
f 5785//5785 5787//5787 5788//5788
f 5789//5789 5790//5790 5791//5791
f 5789//5789 5791//5791 5792//5792
f 5793//5793 5794//5794 5795//5795
f 5793//5793 5795//5795 5796//5796
f 5797//5797 5798//5798 5799//5799
f 5797//5797 5799//5799 5800//5800
f 5801//5801 5802//5802 5803//5803
f 5801//5801 5803//5803 5804//5804
f 5805//5805 5806//5806 5807//5807
f 5805//5805 5807//5807 5808//5808
f 5809//5809 5810//5810 5811//5811
f 5809//5809 5811//5811 5812//5812
f 5813//5813 5814//5814 5815//5815
f 5813//5813 5815//5815 5816//5816
f 5817//5817 5818//5818 5819//5819
f 5817//5817 5819//5819 5820//5820
f 5821//5821 5822//5822 5823//5823
f 5821//5821 5823//5823 5824//5824
f 5825//5825 5826//5826 5827//5827
f 5825//5825 5827//5827 5828//5828
f 5829//5829 5830//5830 5831//5831
f 5829//5829 5831//5831 5832//5832
f 5833//5833 5834//5834 5835//5835
f 5833//5833 5835//5835 5836//5836
f 5837//5837 5838//5838 5839//5839
f 5837//5837 5839//5839 5840//5840
f 5841//5841 5842//5842 5843//5843
f 5841//5841 5843//5843 5844//5844
f 5845//5845 5846//5846 5847//5847
f 5845//5845 5847//5847 5848//5848
f 5849//5849 5850//5850 5851//5851
f 5849//5849 5851//5851 5852//5852
f 5853//5853 5854//5854 5855//5855
f 5853//5853 5855//5855 5856//5856
f 5857//5857 5858//5858 5859//5859
f 5857//5857 5859//5859 5860//5860
f 5861//5861 5862//5862 5863//5863
f 5861//5861 5863//5863 5864//5864
f 5865//5865 5866//5866 5867//5867
f 5865//5865 5867//5867 5868//5868
f 5869//5869 5870//5870 5871//5871
f 5869//5869 5871//5871 5872//5872
f 5873//5873 5874//5874 5875//5875
f 5873//5873 5875//5875 5876//5876
f 5877//5877 5878//5878 5879//5879
f 5877//5877 5879//5879 5880//5880
f 5881//5881 5882//5882 5883//5883
f 5881//5881 5883//5883 5884//5884
f 5885//5885 5886//5886 5887//5887
f 5885//5885 5887//5887 5888//5888
f 5889//5889 5890//5890 5891//5891
f 5889//5889 5891//5891 5892//5892
f 5893//5893 5894//5894 5895//5895
f 5893//5893 5895//5895 5896//5896
f 5897//5897 5898//5898 5899//5899
f 5897//5897 5899//5899 5900//5900
f 5901//5901 5902//5902 5903//5903
f 5901//5901 5903//5903 5904//5904
f 5905//5905 5906//5906 5907//5907
f 5905//5905 5907//5907 5908//5908
f 5909//5909 5910//5910 5911//5911
f 5909//5909 5911//5911 5912//5912
f 5913//5913 5914//5914 5915//5915
f 5913//5913 5915//5915 5916//5916
f 5917//5917 5918//5918 5919//5919
f 5917//5917 5919//5919 5920//5920
f 5921//5921 5922//5922 5923//5923
f 5921//5921 5923//5923 5924//5924
f 5925//5925 5926//5926 5927//5927
f 5925//5925 5927//5927 5928//5928
f 5929//5929 5930//5930 5931//5931
f 5929//5929 5931//5931 5932//5932
f 5933//5933 5934//5934 5935//5935
f 5933//5933 5935//5935 5936//5936
f 5937//5937 5938//5938 5939//5939
f 5937//5937 5939//5939 5940//5940
f 5941//5941 5942//5942 5943//5943
f 5941//5941 5943//5943 5944//5944
f 5945//5945 5946//5946 5947//5947
f 5945//5945 5947//5947 5948//5948
f 5949//5949 5950//5950 5951//5951
f 5949//5949 5951//5951 5952//5952
f 5953//5953 5954//5954 5955//5955
f 5953//5953 5955//5955 5956//5956
f 5957//5957 5958//5958 5959//5959
f 5957//5957 5959//5959 5960//5960
f 5961//5961 5962//5962 5963//5963
f 5961//5961 5963//5963 5964//5964
f 5965//5965 5966//5966 5967//5967
f 5965//5965 5967//5967 5968//5968
f 5969//5969 5970//5970 5971//5971
f 5969//5969 5971//5971 5972//5972
f 5973//5973 5974//5974 5975//5975
f 5973//5973 5975//5975 5976//5976
f 5977//5977 5978//5978 5979//5979
f 5977//5977 5979//5979 5980//5980
f 5981//5981 5982//5982 5983//5983
f 5981//5981 5983//5983 5984//5984
f 5985//5985 5986//5986 5987//5987
f 5985//5985 5987//5987 5988//5988
f 5989//5989 5990//5990 5991//5991
f 5989//5989 5991//5991 5992//5992
f 5993//5993 5994//5994 5995//5995
f 5993//5993 5995//5995 5996//5996
f 5997//5997 5998//5998 5999//5999
f 5997//5997 5999//5999 6000//6000
f 6001//6001 6002//6002 6003//6003
f 6001//6001 6003//6003 6004//6004
f 6005//6005 6006//6006 6007//6007
f 6005//6005 6007//6007 6008//6008
f 6009//6009 6010//6010 6011//6011
f 6009//6009 6011//6011 6012//6012
f 6013//6013 6014//6014 6015//6015
f 6013//6013 6015//6015 6016//6016
f 6017//6017 6018//6018 6019//6019
f 6017//6017 6019//6019 6020//6020
f 6021//6021 6022//6022 6023//6023
f 6021//6021 6023//6023 6024//6024
f 6025//6025 6026//6026 6027//6027
f 6025//6025 6027//6027 6028//6028
f 6029//6029 6030//6030 6031//6031
f 6029//6029 6031//6031 6032//6032
f 6033//6033 6034//6034 6035//6035
f 6033//6033 6035//6035 6036//6036
f 6037//6037 6038//6038 6039//6039
f 6037//6037 6039//6039 6040//6040
f 6041//6041 6042//6042 6043//6043
f 6041//6041 6043//6043 6044//6044
f 6045//6045 6046//6046 6047//6047
f 6045//6045 6047//6047 6048//6048
f 6049//6049 6050//6050 6051//6051
f 6049//6049 6051//6051 6052//6052
f 6053//6053 6054//6054 6055//6055
f 6053//6053 6055//6055 6056//6056
f 6057//6057 6058//6058 6059//6059
f 6057//6057 6059//6059 6060//6060
f 6061//6061 6062//6062 6063//6063
f 6061//6061 6063//6063 6064//6064
f 6065//6065 6066//6066 6067//6067
f 6065//6065 6067//6067 6068//6068
f 6069//6069 6070//6070 6071//6071
f 6069//6069 6071//6071 6072//6072
f 6073//6073 6074//6074 6075//6075
f 6073//6073 6075//6075 6076//6076
f 6077//6077 6078//6078 6079//6079
f 6077//6077 6079//6079 6080//6080
f 6081//6081 6082//6082 6083//6083
f 6081//6081 6083//6083 6084//6084
f 6085//6085 6086//6086 6087//6087
f 6085//6085 6087//6087 6088//6088
f 6089//6089 6090//6090 6091//6091
f 6089//6089 6091//6091 6092//6092
f 6093//6093 6094//6094 6095//6095
f 6093//6093 6095//6095 6096//6096
f 6097//6097 6098//6098 6099//6099
f 6097//6097 6099//6099 6100//6100
f 6101//6101 6102//6102 6103//6103
f 6101//6101 6103//6103 6104//6104
f 6105//6105 6106//6106 6107//6107
f 6105//6105 6107//6107 6108//6108
f 6109//6109 6110//6110 6111//6111
f 6109//6109 6111//6111 6112//6112
f 6113//6113 6114//6114 6115//6115
f 6113//6113 6115//6115 6116//6116
f 6117//6117 6118//6118 6119//6119
f 6117//6117 6119//6119 6120//6120
f 6121//6121 6122//6122 6123//6123
f 6121//6121 6123//6123 6124//6124
f 6125//6125 6126//6126 6127//6127
f 6125//6125 6127//6127 6128//6128
f 6129//6129 6130//6130 6131//6131
f 6129//6129 6131//6131 6132//6132
f 6133//6133 6134//6134 6135//6135
f 6133//6133 6135//6135 6136//6136
f 6137//6137 6138//6138 6139//6139
f 6137//6137 6139//6139 6140//6140
f 6141//6141 6142//6142 6143//6143
f 6141//6141 6143//6143 6144//6144
f 6145//6145 6146//6146 6147//6147
f 6145//6145 6147//6147 6148//6148
f 6149//6149 6150//6150 6151//6151
f 6149//6149 6151//6151 6152//6152
f 6153//6153 6154//6154 6155//6155
f 6153//6153 6155//6155 6156//6156
f 6157//6157 6158//6158 6159//6159
f 6157//6157 6159//6159 6160//6160
f 6161//6161 6162//6162 6163//6163
f 6161//6161 6163//6163 6164//6164
f 6165//6165 6166//6166 6167//6167
f 6165//6165 6167//6167 6168//6168
f 6169//6169 6170//6170 6171//6171
f 6169//6169 6171//6171 6172//6172
f 6173//6173 6174//6174 6175//6175
f 6173//6173 6175//6175 6176//6176
f 6177//6177 6178//6178 6179//6179
f 6177//6177 6179//6179 6180//6180
f 6181//6181 6182//6182 6183//6183
f 6181//6181 6183//6183 6184//6184
f 6185//6185 6186//6186 6187//6187
f 6185//6185 6187//6187 6188//6188
f 6189//6189 6190//6190 6191//6191
f 6189//6189 6191//6191 6192//6192
f 6193//6193 6194//6194 6195//6195
f 6193//6193 6195//6195 6196//6196
f 6197//6197 6198//6198 6199//6199
f 6197//6197 6199//6199 6200//6200
f 6201//6201 6202//6202 6203//6203
f 6201//6201 6203//6203 6204//6204
f 6205//6205 6206//6206 6207//6207
f 6205//6205 6207//6207 6208//6208
f 6209//6209 6210//6210 6211//6211
f 6209//6209 6211//6211 6212//6212
f 6213//6213 6214//6214 6215//6215
f 6213//6213 6215//6215 6216//6216
f 6217//6217 6218//6218 6219//6219
f 6217//6217 6219//6219 6220//6220
f 6221//6221 6222//6222 6223//6223
f 6221//6221 6223//6223 6224//6224
f 6225//6225 6226//6226 6227//6227
f 6225//6225 6227//6227 6228//6228
f 6229//6229 6230//6230 6231//6231
f 6229//6229 6231//6231 6232//6232
f 6233//6233 6234//6234 6235//6235
f 6233//6233 6235//6235 6236//6236
f 6237//6237 6238//6238 6239//6239
f 6237//6237 6239//6239 6240//6240
f 6241//6241 6242//6242 6243//6243
f 6241//6241 6243//6243 6244//6244
f 6245//6245 6246//6246 6247//6247
f 6245//6245 6247//6247 6248//6248
f 6249//6249 6250//6250 6251//6251
f 6249//6249 6251//6251 6252//6252
f 6253//6253 6254//6254 6255//6255
f 6253//6253 6255//6255 6256//6256
f 6257//6257 6258//6258 6259//6259
f 6257//6257 6259//6259 6260//6260
f 6261//6261 6262//6262 6263//6263
f 6261//6261 6263//6263 6264//6264
f 6265//6265 6266//6266 6267//6267
f 6265//6265 6267//6267 6268//6268
f 6269//6269 6270//6270 6271//6271
f 6269//6269 6271//6271 6272//6272
f 6273//6273 6274//6274 6275//6275
f 6273//6273 6275//6275 6276//6276
f 6277//6277 6278//6278 6279//6279
f 6277//6277 6279//6279 6280//6280
f 6281//6281 6282//6282 6283//6283
f 6281//6281 6283//6283 6284//6284
f 6285//6285 6286//6286 6287//6287
f 6285//6285 6287//6287 6288//6288
f 6289//6289 6290//6290 6291//6291
f 6289//6289 6291//6291 6292//6292
f 6293//6293 6294//6294 6295//6295
f 6293//6293 6295//6295 6296//6296
f 6297//6297 6298//6298 6299//6299
f 6297//6297 6299//6299 6300//6300
f 6301//6301 6302//6302 6303//6303
f 6301//6301 6303//6303 6304//6304
f 6305//6305 6306//6306 6307//6307
f 6305//6305 6307//6307 6308//6308
f 6309//6309 6310//6310 6311//6311
f 6309//6309 6311//6311 6312//6312
f 6313//6313 6314//6314 6315//6315
f 6313//6313 6315//6315 6316//6316
f 6317//6317 6318//6318 6319//6319
f 6317//6317 6319//6319 6320//6320
f 6321//6321 6322//6322 6323//6323
f 6321//6321 6323//6323 6324//6324
f 6325//6325 6326//6326 6327//6327
f 6325//6325 6327//6327 6328//6328
f 6329//6329 6330//6330 6331//6331
f 6329//6329 6331//6331 6332//6332
f 6333//6333 6334//6334 6335//6335
f 6333//6333 6335//6335 6336//6336
f 6337//6337 6338//6338 6339//6339
f 6337//6337 6339//6339 6340//6340
f 6341//6341 6342//6342 6343//6343
f 6341//6341 6343//6343 6344//6344
f 6345//6345 6346//6346 6347//6347
f 6345//6345 6347//6347 6348//6348
f 6349//6349 6350//6350 6351//6351
f 6349//6349 6351//6351 6352//6352
f 6353//6353 6354//6354 6355//6355
f 6353//6353 6355//6355 6356//6356
f 6357//6357 6358//6358 6359//6359
f 6357//6357 6359//6359 6360//6360
f 6361//6361 6362//6362 6363//6363
f 6361//6361 6363//6363 6364//6364
f 6365//6365 6366//6366 6367//6367
f 6365//6365 6367//6367 6368//6368
f 6369//6369 6370//6370 6371//6371
f 6369//6369 6371//6371 6372//6372
f 6373//6373 6374//6374 6375//6375
f 6373//6373 6375//6375 6376//6376
f 6377//6377 6378//6378 6379//6379
f 6377//6377 6379//6379 6380//6380
f 6381//6381 6382//6382 6383//6383
f 6381//6381 6383//6383 6384//6384
f 6385//6385 6386//6386 6387//6387
f 6385//6385 6387//6387 6388//6388
f 6389//6389 6390//6390 6391//6391
f 6389//6389 6391//6391 6392//6392
f 6393//6393 6394//6394 6395//6395
f 6393//6393 6395//6395 6396//6396
f 6397//6397 6398//6398 6399//6399
f 6397//6397 6399//6399 6400//6400
f 6401//6401 6402//6402 6403//6403
f 6401//6401 6403//6403 6404//6404
f 6405//6405 6406//6406 6407//6407
f 6405//6405 6407//6407 6408//6408
f 6409//6409 6410//6410 6411//6411
f 6409//6409 6411//6411 6412//6412
f 6413//6413 6414//6414 6415//6415
f 6413//6413 6415//6415 6416//6416
f 6417//6417 6418//6418 6419//6419
f 6417//6417 6419//6419 6420//6420
f 6421//6421 6422//6422 6423//6423
f 6421//6421 6423//6423 6424//6424
f 6425//6425 6426//6426 6427//6427
f 6425//6425 6427//6427 6428//6428
f 6429//6429 6430//6430 6431//6431
f 6429//6429 6431//6431 6432//6432
f 6433//6433 6434//6434 6435//6435
f 6433//6433 6435//6435 6436//6436
f 6437//6437 6438//6438 6439//6439
f 6437//6437 6439//6439 6440//6440
f 6441//6441 6442//6442 6443//6443
f 6441//6441 6443//6443 6444//6444
f 6445//6445 6446//6446 6447//6447
f 6445//6445 6447//6447 6448//6448
f 6449//6449 6450//6450 6451//6451
f 6449//6449 6451//6451 6452//6452
f 6453//6453 6454//6454 6455//6455
f 6453//6453 6455//6455 6456//6456
f 6457//6457 6458//6458 6459//6459
f 6457//6457 6459//6459 6460//6460
f 6461//6461 6462//6462 6463//6463
f 6461//6461 6463//6463 6464//6464
f 6465//6465 6466//6466 6467//6467
f 6465//6465 6467//6467 6468//6468
f 6469//6469 6470//6470 6471//6471
f 6469//6469 6471//6471 6472//6472
f 6473//6473 6474//6474 6475//6475
f 6473//6473 6475//6475 6476//6476
f 6477//6477 6478//6478 6479//6479
f 6477//6477 6479//6479 6480//6480
f 6481//6481 6482//6482 6483//6483
f 6481//6481 6483//6483 6484//6484
f 6485//6485 6486//6486 6487//6487
f 6485//6485 6487//6487 6488//6488
f 6489//6489 6490//6490 6491//6491
f 6489//6489 6491//6491 6492//6492
f 6493//6493 6494//6494 6495//6495
f 6493//6493 6495//6495 6496//6496
f 6497//6497 6498//6498 6499//6499
f 6497//6497 6499//6499 6500//6500
f 6501//6501 6502//6502 6503//6503
f 6501//6501 6503//6503 6504//6504
f 6505//6505 6506//6506 6507//6507
f 6505//6505 6507//6507 6508//6508
f 6509//6509 6510//6510 6511//6511
f 6509//6509 6511//6511 6512//6512
f 6513//6513 6514//6514 6515//6515
f 6513//6513 6515//6515 6516//6516
f 6517//6517 6518//6518 6519//6519
f 6517//6517 6519//6519 6520//6520
f 6521//6521 6522//6522 6523//6523
f 6521//6521 6523//6523 6524//6524
f 6525//6525 6526//6526 6527//6527
f 6525//6525 6527//6527 6528//6528
f 6529//6529 6530//6530 6531//6531
f 6529//6529 6531//6531 6532//6532
f 6533//6533 6534//6534 6535//6535
f 6533//6533 6535//6535 6536//6536
f 6537//6537 6538//6538 6539//6539
f 6537//6537 6539//6539 6540//6540
f 6541//6541 6542//6542 6543//6543
f 6541//6541 6543//6543 6544//6544
f 6545//6545 6546//6546 6547//6547
f 6545//6545 6547//6547 6548//6548
f 6549//6549 6550//6550 6551//6551
f 6549//6549 6551//6551 6552//6552
f 6553//6553 6554//6554 6555//6555
f 6553//6553 6555//6555 6556//6556
f 6557//6557 6558//6558 6559//6559
f 6557//6557 6559//6559 6560//6560
f 6561//6561 6562//6562 6563//6563
f 6561//6561 6563//6563 6564//6564
f 6565//6565 6566//6566 6567//6567
f 6565//6565 6567//6567 6568//6568
f 6569//6569 6570//6570 6571//6571
f 6569//6569 6571//6571 6572//6572
f 6573//6573 6574//6574 6575//6575
f 6573//6573 6575//6575 6576//6576
f 6577//6577 6578//6578 6579//6579
f 6577//6577 6579//6579 6580//6580
f 6581//6581 6582//6582 6583//6583
f 6581//6581 6583//6583 6584//6584
f 6585//6585 6586//6586 6587//6587
f 6585//6585 6587//6587 6588//6588
f 6589//6589 6590//6590 6591//6591
f 6589//6589 6591//6591 6592//6592
f 6593//6593 6594//6594 6595//6595
f 6593//6593 6595//6595 6596//6596
f 6597//6597 6598//6598 6599//6599
f 6597//6597 6599//6599 6600//6600
f 6601//6601 6602//6602 6603//6603
f 6601//6601 6603//6603 6604//6604
f 6605//6605 6606//6606 6607//6607
f 6605//6605 6607//6607 6608//6608
f 6609//6609 6610//6610 6611//6611
f 6609//6609 6611//6611 6612//6612
f 6613//6613 6614//6614 6615//6615
f 6613//6613 6615//6615 6616//6616
f 6617//6617 6618//6618 6619//6619
f 6617//6617 6619//6619 6620//6620
f 6621//6621 6622//6622 6623//6623
f 6621//6621 6623//6623 6624//6624
f 6625//6625 6626//6626 6627//6627
f 6625//6625 6627//6627 6628//6628
f 6629//6629 6630//6630 6631//6631
f 6629//6629 6631//6631 6632//6632
f 6633//6633 6634//6634 6635//6635
f 6633//6633 6635//6635 6636//6636
f 6637//6637 6638//6638 6639//6639
f 6637//6637 6639//6639 6640//6640
f 6641//6641 6642//6642 6643//6643
f 6641//6641 6643//6643 6644//6644
f 6645//6645 6646//6646 6647//6647
f 6645//6645 6647//6647 6648//6648
f 6649//6649 6650//6650 6651//6651
f 6649//6649 6651//6651 6652//6652
f 6653//6653 6654//6654 6655//6655
f 6653//6653 6655//6655 6656//6656
f 6657//6657 6658//6658 6659//6659
f 6657//6657 6659//6659 6660//6660
f 6661//6661 6662//6662 6663//6663
f 6661//6661 6663//6663 6664//6664
f 6665//6665 6666//6666 6667//6667
f 6665//6665 6667//6667 6668//6668
f 6669//6669 6670//6670 6671//6671
f 6669//6669 6671//6671 6672//6672
f 6673//6673 6674//6674 6675//6675
f 6673//6673 6675//6675 6676//6676
f 6677//6677 6678//6678 6679//6679
f 6677//6677 6679//6679 6680//6680
f 6681//6681 6682//6682 6683//6683
f 6681//6681 6683//6683 6684//6684
f 6685//6685 6686//6686 6687//6687
f 6685//6685 6687//6687 6688//6688
f 6689//6689 6690//6690 6691//6691
f 6689//6689 6691//6691 6692//6692
f 6693//6693 6694//6694 6695//6695
f 6693//6693 6695//6695 6696//6696
f 6697//6697 6698//6698 6699//6699
f 6697//6697 6699//6699 6700//6700
f 6701//6701 6702//6702 6703//6703
f 6701//6701 6703//6703 6704//6704
f 6705//6705 6706//6706 6707//6707
f 6705//6705 6707//6707 6708//6708
f 6709//6709 6710//6710 6711//6711
f 6709//6709 6711//6711 6712//6712
f 6713//6713 6714//6714 6715//6715
f 6713//6713 6715//6715 6716//6716
f 6717//6717 6718//6718 6719//6719
f 6717//6717 6719//6719 6720//6720
f 6721//6721 6722//6722 6723//6723
f 6721//6721 6723//6723 6724//6724
f 6725//6725 6726//6726 6727//6727
f 6725//6725 6727//6727 6728//6728
f 6729//6729 6730//6730 6731//6731
f 6729//6729 6731//6731 6732//6732
f 6733//6733 6734//6734 6735//6735
f 6733//6733 6735//6735 6736//6736
f 6737//6737 6738//6738 6739//6739
f 6737//6737 6739//6739 6740//6740
f 6741//6741 6742//6742 6743//6743
f 6741//6741 6743//6743 6744//6744
f 6745//6745 6746//6746 6747//6747
f 6745//6745 6747//6747 6748//6748
f 6749//6749 6750//6750 6751//6751
f 6749//6749 6751//6751 6752//6752
f 6753//6753 6754//6754 6755//6755
f 6753//6753 6755//6755 6756//6756
f 6757//6757 6758//6758 6759//6759
f 6757//6757 6759//6759 6760//6760
f 6761//6761 6762//6762 6763//6763
f 6761//6761 6763//6763 6764//6764
f 6765//6765 6766//6766 6767//6767
f 6765//6765 6767//6767 6768//6768
f 6769//6769 6770//6770 6771//6771
f 6769//6769 6771//6771 6772//6772
f 6773//6773 6774//6774 6775//6775
f 6773//6773 6775//6775 6776//6776
f 6777//6777 6778//6778 6779//6779
f 6777//6777 6779//6779 6780//6780
f 6781//6781 6782//6782 6783//6783
f 6781//6781 6783//6783 6784//6784
f 6785//6785 6786//6786 6787//6787
f 6785//6785 6787//6787 6788//6788
f 6789//6789 6790//6790 6791//6791
f 6789//6789 6791//6791 6792//6792
f 6793//6793 6794//6794 6795//6795
f 6793//6793 6795//6795 6796//6796
f 6797//6797 6798//6798 6799//6799
f 6797//6797 6799//6799 6800//6800
f 6801//6801 6802//6802 6803//6803
f 6801//6801 6803//6803 6804//6804
f 6805//6805 6806//6806 6807//6807
f 6805//6805 6807//6807 6808//6808
f 6809//6809 6810//6810 6811//6811
f 6809//6809 6811//6811 6812//6812
f 6813//6813 6814//6814 6815//6815
f 6813//6813 6815//6815 6816//6816
f 6817//6817 6818//6818 6819//6819
f 6817//6817 6819//6819 6820//6820
f 6821//6821 6822//6822 6823//6823
f 6821//6821 6823//6823 6824//6824
f 6825//6825 6826//6826 6827//6827
f 6825//6825 6827//6827 6828//6828
f 6829//6829 6830//6830 6831//6831
f 6829//6829 6831//6831 6832//6832
f 6833//6833 6834//6834 6835//6835
f 6833//6833 6835//6835 6836//6836
f 6837//6837 6838//6838 6839//6839
f 6837//6837 6839//6839 6840//6840
f 6841//6841 6842//6842 6843//6843
f 6841//6841 6843//6843 6844//6844
f 6845//6845 6846//6846 6847//6847
f 6845//6845 6847//6847 6848//6848
f 6849//6849 6850//6850 6851//6851
f 6849//6849 6851//6851 6852//6852
f 6853//6853 6854//6854 6855//6855
f 6853//6853 6855//6855 6856//6856
f 6857//6857 6858//6858 6859//6859
f 6857//6857 6859//6859 6860//6860
f 6861//6861 6862//6862 6863//6863
f 6861//6861 6863//6863 6864//6864
f 6865//6865 6866//6866 6867//6867
f 6865//6865 6867//6867 6868//6868
f 6869//6869 6870//6870 6871//6871
f 6869//6869 6871//6871 6872//6872
f 6873//6873 6874//6874 6875//6875
f 6873//6873 6875//6875 6876//6876
f 6877//6877 6878//6878 6879//6879
f 6877//6877 6879//6879 6880//6880
f 6881//6881 6882//6882 6883//6883
f 6881//6881 6883//6883 6884//6884
f 6885//6885 6886//6886 6887//6887
f 6885//6885 6887//6887 6888//6888
f 6889//6889 6890//6890 6891//6891
f 6889//6889 6891//6891 6892//6892
f 6893//6893 6894//6894 6895//6895
f 6893//6893 6895//6895 6896//6896
f 6897//6897 6898//6898 6899//6899
f 6897//6897 6899//6899 6900//6900
f 6901//6901 6902//6902 6903//6903
f 6901//6901 6903//6903 6904//6904
f 6905//6905 6906//6906 6907//6907
f 6905//6905 6907//6907 6908//6908
f 6909//6909 6910//6910 6911//6911
f 6909//6909 6911//6911 6912//6912
f 6913//6913 6914//6914 6915//6915
f 6913//6913 6915//6915 6916//6916
f 6917//6917 6918//6918 6919//6919
f 6917//6917 6919//6919 6920//6920
f 6921//6921 6922//6922 6923//6923
f 6921//6921 6923//6923 6924//6924
f 6925//6925 6926//6926 6927//6927
f 6925//6925 6927//6927 6928//6928
f 6929//6929 6930//6930 6931//6931
f 6929//6929 6931//6931 6932//6932
f 6933//6933 6934//6934 6935//6935
f 6933//6933 6935//6935 6936//6936
f 6937//6937 6938//6938 6939//6939
f 6937//6937 6939//6939 6940//6940
f 6941//6941 6942//6942 6943//6943
f 6941//6941 6943//6943 6944//6944
f 6945//6945 6946//6946 6947//6947
f 6945//6945 6947//6947 6948//6948
f 6949//6949 6950//6950 6951//6951
f 6949//6949 6951//6951 6952//6952
f 6953//6953 6954//6954 6955//6955
f 6953//6953 6955//6955 6956//6956
f 6957//6957 6958//6958 6959//6959
f 6957//6957 6959//6959 6960//6960
f 6961//6961 6962//6962 6963//6963
f 6961//6961 6963//6963 6964//6964
f 6965//6965 6966//6966 6967//6967
f 6965//6965 6967//6967 6968//6968
f 6969//6969 6970//6970 6971//6971
f 6969//6969 6971//6971 6972//6972
f 6973//6973 6974//6974 6975//6975
f 6973//6973 6975//6975 6976//6976
f 6977//6977 6978//6978 6979//6979
f 6977//6977 6979//6979 6980//6980
f 6981//6981 6982//6982 6983//6983
f 6981//6981 6983//6983 6984//6984
f 6985//6985 6986//6986 6987//6987
f 6985//6985 6987//6987 6988//6988
f 6989//6989 6990//6990 6991//6991
f 6989//6989 6991//6991 6992//6992
f 6993//6993 6994//6994 6995//6995
f 6993//6993 6995//6995 6996//6996
f 6997//6997 6998//6998 6999//6999
f 6997//6997 6999//6999 7000//7000
f 7001//7001 7002//7002 7003//7003
f 7001//7001 7003//7003 7004//7004
f 7005//7005 7006//7006 7007//7007
f 7005//7005 7007//7007 7008//7008
f 7009//7009 7010//7010 7011//7011
f 7009//7009 7011//7011 7012//7012
f 7013//7013 7014//7014 7015//7015
f 7013//7013 7015//7015 7016//7016
f 7017//7017 7018//7018 7019//7019
f 7017//7017 7019//7019 7020//7020
f 7021//7021 7022//7022 7023//7023
f 7021//7021 7023//7023 7024//7024
f 7025//7025 7026//7026 7027//7027
f 7025//7025 7027//7027 7028//7028
f 7029//7029 7030//7030 7031//7031
f 7029//7029 7031//7031 7032//7032
f 7033//7033 7034//7034 7035//7035
f 7033//7033 7035//7035 7036//7036
f 7037//7037 7038//7038 7039//7039
f 7037//7037 7039//7039 7040//7040
f 7041//7041 7042//7042 7043//7043
f 7041//7041 7043//7043 7044//7044
f 7045//7045 7046//7046 7047//7047
f 7045//7045 7047//7047 7048//7048
f 7049//7049 7050//7050 7051//7051
f 7049//7049 7051//7051 7052//7052
f 7053//7053 7054//7054 7055//7055
f 7053//7053 7055//7055 7056//7056
f 7057//7057 7058//7058 7059//7059
f 7057//7057 7059//7059 7060//7060
f 7061//7061 7062//7062 7063//7063
f 7061//7061 7063//7063 7064//7064
f 7065//7065 7066//7066 7067//7067
f 7065//7065 7067//7067 7068//7068
f 7069//7069 7070//7070 7071//7071
f 7069//7069 7071//7071 7072//7072
f 7073//7073 7074//7074 7075//7075
f 7073//7073 7075//7075 7076//7076
f 7077//7077 7078//7078 7079//7079
f 7077//7077 7079//7079 7080//7080
f 7081//7081 7082//7082 7083//7083
f 7081//7081 7083//7083 7084//7084
f 7085//7085 7086//7086 7087//7087
f 7085//7085 7087//7087 7088//7088
f 7089//7089 7090//7090 7091//7091
f 7089//7089 7091//7091 7092//7092
f 7093//7093 7094//7094 7095//7095
f 7093//7093 7095//7095 7096//7096
f 7097//7097 7098//7098 7099//7099
f 7097//7097 7099//7099 7100//7100
f 7101//7101 7102//7102 7103//7103
f 7101//7101 7103//7103 7104//7104
f 7105//7105 7106//7106 7107//7107
f 7105//7105 7107//7107 7108//7108
f 7109//7109 7110//7110 7111//7111
f 7109//7109 7111//7111 7112//7112
f 7113//7113 7114//7114 7115//7115
f 7113//7113 7115//7115 7116//7116
f 7117//7117 7118//7118 7119//7119
f 7117//7117 7119//7119 7120//7120
f 7121//7121 7122//7122 7123//7123
f 7121//7121 7123//7123 7124//7124
f 7125//7125 7126//7126 7127//7127
f 7125//7125 7127//7127 7128//7128
f 7129//7129 7130//7130 7131//7131
f 7129//7129 7131//7131 7132//7132
f 7133//7133 7134//7134 7135//7135
f 7133//7133 7135//7135 7136//7136
f 7137//7137 7138//7138 7139//7139
f 7137//7137 7139//7139 7140//7140
f 7141//7141 7142//7142 7143//7143
f 7141//7141 7143//7143 7144//7144
f 7145//7145 7146//7146 7147//7147
f 7145//7145 7147//7147 7148//7148
f 7149//7149 7150//7150 7151//7151
f 7149//7149 7151//7151 7152//7152
f 7153//7153 7154//7154 7155//7155
f 7153//7153 7155//7155 7156//7156
f 7157//7157 7158//7158 7159//7159
f 7157//7157 7159//7159 7160//7160
f 7161//7161 7162//7162 7163//7163
f 7161//7161 7163//7163 7164//7164
f 7165//7165 7166//7166 7167//7167
f 7165//7165 7167//7167 7168//7168
f 7169//7169 7170//7170 7171//7171
f 7169//7169 7171//7171 7172//7172
f 7173//7173 7174//7174 7175//7175
f 7173//7173 7175//7175 7176//7176
f 7177//7177 7178//7178 7179//7179
f 7177//7177 7179//7179 7180//7180
f 7181//7181 7182//7182 7183//7183
f 7181//7181 7183//7183 7184//7184
f 7185//7185 7186//7186 7187//7187
f 7185//7185 7187//7187 7188//7188
f 7189//7189 7190//7190 7191//7191
f 7189//7189 7191//7191 7192//7192
f 7193//7193 7194//7194 7195//7195
f 7193//7193 7195//7195 7196//7196
f 7197//7197 7198//7198 7199//7199
f 7197//7197 7199//7199 7200//7200
f 7201//7201 7202//7202 7203//7203
f 7201//7201 7203//7203 7204//7204
f 7205//7205 7206//7206 7207//7207
f 7205//7205 7207//7207 7208//7208
f 7209//7209 7210//7210 7211//7211
f 7209//7209 7211//7211 7212//7212
f 7213//7213 7214//7214 7215//7215
f 7213//7213 7215//7215 7216//7216
f 7217//7217 7218//7218 7219//7219
f 7217//7217 7219//7219 7220//7220
f 7221//7221 7222//7222 7223//7223
f 7221//7221 7223//7223 7224//7224
f 7225//7225 7226//7226 7227//7227
f 7225//7225 7227//7227 7228//7228
f 7229//7229 7230//7230 7231//7231
f 7229//7229 7231//7231 7232//7232
f 7233//7233 7234//7234 7235//7235
f 7233//7233 7235//7235 7236//7236
f 7237//7237 7238//7238 7239//7239
f 7237//7237 7239//7239 7240//7240
f 7241//7241 7242//7242 7243//7243
f 7241//7241 7243//7243 7244//7244
f 7245//7245 7246//7246 7247//7247
f 7245//7245 7247//7247 7248//7248
f 7249//7249 7250//7250 7251//7251
f 7249//7249 7251//7251 7252//7252
f 7253//7253 7254//7254 7255//7255
f 7253//7253 7255//7255 7256//7256
f 7257//7257 7258//7258 7259//7259
f 7257//7257 7259//7259 7260//7260
f 7261//7261 7262//7262 7263//7263
f 7261//7261 7263//7263 7264//7264
f 7265//7265 7266//7266 7267//7267
f 7265//7265 7267//7267 7268//7268
f 7269//7269 7270//7270 7271//7271
f 7269//7269 7271//7271 7272//7272
f 7273//7273 7274//7274 7275//7275
f 7273//7273 7275//7275 7276//7276
f 7277//7277 7278//7278 7279//7279
f 7277//7277 7279//7279 7280//7280
f 7281//7281 7282//7282 7283//7283
f 7281//7281 7283//7283 7284//7284
f 7285//7285 7286//7286 7287//7287
f 7285//7285 7287//7287 7288//7288
f 7289//7289 7290//7290 7291//7291
f 7289//7289 7291//7291 7292//7292
f 7293//7293 7294//7294 7295//7295
f 7293//7293 7295//7295 7296//7296
f 7297//7297 7298//7298 7299//7299
f 7297//7297 7299//7299 7300//7300
f 7301//7301 7302//7302 7303//7303
f 7301//7301 7303//7303 7304//7304
f 7305//7305 7306//7306 7307//7307
f 7305//7305 7307//7307 7308//7308
f 7309//7309 7310//7310 7311//7311
f 7309//7309 7311//7311 7312//7312
f 7313//7313 7314//7314 7315//7315
f 7313//7313 7315//7315 7316//7316
f 7317//7317 7318//7318 7319//7319
f 7317//7317 7319//7319 7320//7320
f 7321//7321 7322//7322 7323//7323
f 7321//7321 7323//7323 7324//7324
f 7325//7325 7326//7326 7327//7327
f 7325//7325 7327//7327 7328//7328
f 7329//7329 7330//7330 7331//7331
f 7329//7329 7331//7331 7332//7332
f 7333//7333 7334//7334 7335//7335
f 7333//7333 7335//7335 7336//7336
f 7337//7337 7338//7338 7339//7339
f 7337//7337 7339//7339 7340//7340
f 7341//7341 7342//7342 7343//7343
f 7341//7341 7343//7343 7344//7344
f 7345//7345 7346//7346 7347//7347
f 7345//7345 7347//7347 7348//7348
f 7349//7349 7350//7350 7351//7351
f 7349//7349 7351//7351 7352//7352
f 7353//7353 7354//7354 7355//7355
f 7353//7353 7355//7355 7356//7356
f 7357//7357 7358//7358 7359//7359
f 7357//7357 7359//7359 7360//7360
f 7361//7361 7362//7362 7363//7363
f 7361//7361 7363//7363 7364//7364
f 7365//7365 7366//7366 7367//7367
f 7365//7365 7367//7367 7368//7368
f 7369//7369 7370//7370 7371//7371
f 7369//7369 7371//7371 7372//7372
f 7373//7373 7374//7374 7375//7375
f 7373//7373 7375//7375 7376//7376
f 7377//7377 7378//7378 7379//7379
f 7377//7377 7379//7379 7380//7380
f 7381//7381 7382//7382 7383//7383
f 7381//7381 7383//7383 7384//7384
f 7385//7385 7386//7386 7387//7387
f 7385//7385 7387//7387 7388//7388
f 7389//7389 7390//7390 7391//7391
f 7389//7389 7391//7391 7392//7392
f 7393//7393 7394//7394 7395//7395
f 7393//7393 7395//7395 7396//7396
f 7397//7397 7398//7398 7399//7399
f 7397//7397 7399//7399 7400//7400
f 7401//7401 7402//7402 7403//7403
f 7401//7401 7403//7403 7404//7404
f 7405//7405 7406//7406 7407//7407
f 7405//7405 7407//7407 7408//7408
f 7409//7409 7410//7410 7411//7411
f 7409//7409 7411//7411 7412//7412
f 7413//7413 7414//7414 7415//7415
f 7413//7413 7415//7415 7416//7416
f 7417//7417 7418//7418 7419//7419
f 7417//7417 7419//7419 7420//7420
f 7421//7421 7422//7422 7423//7423
f 7421//7421 7423//7423 7424//7424
f 7425//7425 7426//7426 7427//7427
f 7425//7425 7427//7427 7428//7428
f 7429//7429 7430//7430 7431//7431
f 7429//7429 7431//7431 7432//7432
f 7433//7433 7434//7434 7435//7435
f 7433//7433 7435//7435 7436//7436
f 7437//7437 7438//7438 7439//7439
f 7437//7437 7439//7439 7440//7440
f 7441//7441 7442//7442 7443//7443
f 7441//7441 7443//7443 7444//7444
f 7445//7445 7446//7446 7447//7447
f 7445//7445 7447//7447 7448//7448
f 7449//7449 7450//7450 7451//7451
f 7449//7449 7451//7451 7452//7452
f 7453//7453 7454//7454 7455//7455
f 7453//7453 7455//7455 7456//7456
f 7457//7457 7458//7458 7459//7459
f 7457//7457 7459//7459 7460//7460
f 7461//7461 7462//7462 7463//7463
f 7461//7461 7463//7463 7464//7464
f 7465//7465 7466//7466 7467//7467
f 7465//7465 7467//7467 7468//7468
f 7469//7469 7470//7470 7471//7471
f 7469//7469 7471//7471 7472//7472
f 7473//7473 7474//7474 7475//7475
f 7473//7473 7475//7475 7476//7476
f 7477//7477 7478//7478 7479//7479
f 7477//7477 7479//7479 7480//7480
f 7481//7481 7482//7482 7483//7483
f 7481//7481 7483//7483 7484//7484
f 7485//7485 7486//7486 7487//7487
f 7485//7485 7487//7487 7488//7488
f 7489//7489 7490//7490 7491//7491
f 7489//7489 7491//7491 7492//7492
f 7493//7493 7494//7494 7495//7495
f 7493//7493 7495//7495 7496//7496
f 7497//7497 7498//7498 7499//7499
f 7497//7497 7499//7499 7500//7500
f 7501//7501 7502//7502 7503//7503
f 7501//7501 7503//7503 7504//7504
f 7505//7505 7506//7506 7507//7507
f 7505//7505 7507//7507 7508//7508
f 7509//7509 7510//7510 7511//7511
f 7509//7509 7511//7511 7512//7512
f 7513//7513 7514//7514 7515//7515
f 7513//7513 7515//7515 7516//7516
f 7517//7517 7518//7518 7519//7519
f 7517//7517 7519//7519 7520//7520
f 7521//7521 7522//7522 7523//7523
f 7521//7521 7523//7523 7524//7524
f 7525//7525 7526//7526 7527//7527
f 7525//7525 7527//7527 7528//7528
f 7529//7529 7530//7530 7531//7531
f 7529//7529 7531//7531 7532//7532
f 7533//7533 7534//7534 7535//7535
f 7533//7533 7535//7535 7536//7536
f 7537//7537 7538//7538 7539//7539
f 7537//7537 7539//7539 7540//7540
f 7541//7541 7542//7542 7543//7543
f 7541//7541 7543//7543 7544//7544
f 7545//7545 7546//7546 7547//7547
f 7545//7545 7547//7547 7548//7548
f 7549//7549 7550//7550 7551//7551
f 7549//7549 7551//7551 7552//7552
f 7553//7553 7554//7554 7555//7555
f 7553//7553 7555//7555 7556//7556
f 7557//7557 7558//7558 7559//7559
f 7557//7557 7559//7559 7560//7560
f 7561//7561 7562//7562 7563//7563
f 7561//7561 7563//7563 7564//7564
f 7565//7565 7566//7566 7567//7567
f 7565//7565 7567//7567 7568//7568
f 7569//7569 7570//7570 7571//7571
f 7569//7569 7571//7571 7572//7572
f 7573//7573 7574//7574 7575//7575
f 7573//7573 7575//7575 7576//7576
f 7577//7577 7578//7578 7579//7579
f 7577//7577 7579//7579 7580//7580
f 7581//7581 7582//7582 7583//7583
f 7581//7581 7583//7583 7584//7584
f 7585//7585 7586//7586 7587//7587
f 7585//7585 7587//7587 7588//7588
f 7589//7589 7590//7590 7591//7591
f 7589//7589 7591//7591 7592//7592
f 7593//7593 7594//7594 7595//7595
f 7593//7593 7595//7595 7596//7596
f 7597//7597 7598//7598 7599//7599
f 7597//7597 7599//7599 7600//7600
f 7601//7601 7602//7602 7603//7603
f 7601//7601 7603//7603 7604//7604
f 7605//7605 7606//7606 7607//7607
f 7605//7605 7607//7607 7608//7608
f 7609//7609 7610//7610 7611//7611
f 7609//7609 7611//7611 7612//7612
f 7613//7613 7614//7614 7615//7615
f 7613//7613 7615//7615 7616//7616
f 7617//7617 7618//7618 7619//7619
f 7617//7617 7619//7619 7620//7620
f 7621//7621 7622//7622 7623//7623
f 7621//7621 7623//7623 7624//7624
f 7625//7625 7626//7626 7627//7627
f 7625//7625 7627//7627 7628//7628
f 7629//7629 7630//7630 7631//7631
f 7629//7629 7631//7631 7632//7632
f 7633//7633 7634//7634 7635//7635
f 7633//7633 7635//7635 7636//7636
f 7637//7637 7638//7638 7639//7639
f 7637//7637 7639//7639 7640//7640
f 7641//7641 7642//7642 7643//7643
f 7641//7641 7643//7643 7644//7644
f 7645//7645 7646//7646 7647//7647
f 7645//7645 7647//7647 7648//7648
f 7649//7649 7650//7650 7651//7651
f 7649//7649 7651//7651 7652//7652
f 7653//7653 7654//7654 7655//7655
f 7653//7653 7655//7655 7656//7656
f 7657//7657 7658//7658 7659//7659
f 7657//7657 7659//7659 7660//7660
f 7661//7661 7662//7662 7663//7663
f 7661//7661 7663//7663 7664//7664
f 7665//7665 7666//7666 7667//7667
f 7665//7665 7667//7667 7668//7668
f 7669//7669 7670//7670 7671//7671
f 7669//7669 7671//7671 7672//7672
f 7673//7673 7674//7674 7675//7675
f 7673//7673 7675//7675 7676//7676
f 7677//7677 7678//7678 7679//7679
f 7677//7677 7679//7679 7680//7680
f 7681//7681 7682//7682 7683//7683
f 7681//7681 7683//7683 7684//7684
f 7685//7685 7686//7686 7687//7687
f 7685//7685 7687//7687 7688//7688
f 7689//7689 7690//7690 7691//7691
f 7689//7689 7691//7691 7692//7692
f 7693//7693 7694//7694 7695//7695
f 7693//7693 7695//7695 7696//7696
f 7697//7697 7698//7698 7699//7699
f 7697//7697 7699//7699 7700//7700
f 7701//7701 7702//7702 7703//7703
f 7701//7701 7703//7703 7704//7704
f 7705//7705 7706//7706 7707//7707
f 7705//7705 7707//7707 7708//7708
f 7709//7709 7710//7710 7711//7711
f 7709//7709 7711//7711 7712//7712
f 7713//7713 7714//7714 7715//7715
f 7713//7713 7715//7715 7716//7716
f 7717//7717 7718//7718 7719//7719
f 7717//7717 7719//7719 7720//7720
f 7721//7721 7722//7722 7723//7723
f 7721//7721 7723//7723 7724//7724
f 7725//7725 7726//7726 7727//7727
f 7725//7725 7727//7727 7728//7728
f 7729//7729 7730//7730 7731//7731
f 7729//7729 7731//7731 7732//7732
f 7733//7733 7734//7734 7735//7735
f 7733//7733 7735//7735 7736//7736
f 7737//7737 7738//7738 7739//7739
f 7737//7737 7739//7739 7740//7740
f 7741//7741 7742//7742 7743//7743
f 7741//7741 7743//7743 7744//7744
f 7745//7745 7746//7746 7747//7747
f 7745//7745 7747//7747 7748//7748
f 7749//7749 7750//7750 7751//7751
f 7749//7749 7751//7751 7752//7752
f 7753//7753 7754//7754 7755//7755
f 7753//7753 7755//7755 7756//7756
f 7757//7757 7758//7758 7759//7759
f 7757//7757 7759//7759 7760//7760
f 7761//7761 7762//7762 7763//7763
f 7761//7761 7763//7763 7764//7764
f 7765//7765 7766//7766 7767//7767
f 7765//7765 7767//7767 7768//7768
f 7769//7769 7770//7770 7771//7771
f 7769//7769 7771//7771 7772//7772
f 7773//7773 7774//7774 7775//7775
f 7773//7773 7775//7775 7776//7776
f 7777//7777 7778//7778 7779//7779
f 7777//7777 7779//7779 7780//7780
f 7781//7781 7782//7782 7783//7783
f 7781//7781 7783//7783 7784//7784
f 7785//7785 7786//7786 7787//7787
f 7785//7785 7787//7787 7788//7788
f 7789//7789 7790//7790 7791//7791
f 7789//7789 7791//7791 7792//7792
f 7793//7793 7794//7794 7795//7795
f 7793//7793 7795//7795 7796//7796
f 7797//7797 7798//7798 7799//7799
f 7797//7797 7799//7799 7800//7800
f 7801//7801 7802//7802 7803//7803
f 7801//7801 7803//7803 7804//7804
f 7805//7805 7806//7806 7807//7807
f 7805//7805 7807//7807 7808//7808
f 7809//7809 7810//7810 7811//7811
f 7809//7809 7811//7811 7812//7812
f 7813//7813 7814//7814 7815//7815
f 7813//7813 7815//7815 7816//7816
f 7817//7817 7818//7818 7819//7819
f 7817//7817 7819//7819 7820//7820
f 7821//7821 7822//7822 7823//7823
f 7821//7821 7823//7823 7824//7824
f 7825//7825 7826//7826 7827//7827
f 7825//7825 7827//7827 7828//7828
f 7829//7829 7830//7830 7831//7831
f 7829//7829 7831//7831 7832//7832
f 7833//7833 7834//7834 7835//7835
f 7833//7833 7835//7835 7836//7836
f 7837//7837 7838//7838 7839//7839
f 7837//7837 7839//7839 7840//7840
f 7841//7841 7842//7842 7843//7843
f 7841//7841 7843//7843 7844//7844
f 7845//7845 7846//7846 7847//7847
f 7845//7845 7847//7847 7848//7848
f 7849//7849 7850//7850 7851//7851
f 7849//7849 7851//7851 7852//7852
f 7853//7853 7854//7854 7855//7855
f 7853//7853 7855//7855 7856//7856
f 7857//7857 7858//7858 7859//7859
f 7857//7857 7859//7859 7860//7860
f 7861//7861 7862//7862 7863//7863
f 7861//7861 7863//7863 7864//7864
f 7865//7865 7866//7866 7867//7867
f 7865//7865 7867//7867 7868//7868
f 7869//7869 7870//7870 7871//7871
f 7869//7869 7871//7871 7872//7872
f 7873//7873 7874//7874 7875//7875
f 7873//7873 7875//7875 7876//7876
f 7877//7877 7878//7878 7879//7879
f 7877//7877 7879//7879 7880//7880
f 7881//7881 7882//7882 7883//7883
f 7881//7881 7883//7883 7884//7884
f 7885//7885 7886//7886 7887//7887
f 7885//7885 7887//7887 7888//7888
f 7889//7889 7890//7890 7891//7891
f 7889//7889 7891//7891 7892//7892
f 7893//7893 7894//7894 7895//7895
f 7893//7893 7895//7895 7896//7896
f 7897//7897 7898//7898 7899//7899
f 7897//7897 7899//7899 7900//7900
f 7901//7901 7902//7902 7903//7903
f 7901//7901 7903//7903 7904//7904
f 7905//7905 7906//7906 7907//7907
f 7905//7905 7907//7907 7908//7908
f 7909//7909 7910//7910 7911//7911
f 7909//7909 7911//7911 7912//7912
f 7913//7913 7914//7914 7915//7915
f 7913//7913 7915//7915 7916//7916
f 7917//7917 7918//7918 7919//7919
f 7917//7917 7919//7919 7920//7920
f 7921//7921 7922//7922 7923//7923
f 7921//7921 7923//7923 7924//7924
f 7925//7925 7926//7926 7927//7927
f 7925//7925 7927//7927 7928//7928
f 7929//7929 7930//7930 7931//7931
f 7929//7929 7931//7931 7932//7932
f 7933//7933 7934//7934 7935//7935
f 7933//7933 7935//7935 7936//7936
f 7937//7937 7938//7938 7939//7939
f 7937//7937 7939//7939 7940//7940
f 7941//7941 7942//7942 7943//7943
f 7941//7941 7943//7943 7944//7944
f 7945//7945 7946//7946 7947//7947
f 7945//7945 7947//7947 7948//7948
f 7949//7949 7950//7950 7951//7951
f 7949//7949 7951//7951 7952//7952
f 7953//7953 7954//7954 7955//7955
f 7953//7953 7955//7955 7956//7956
f 7957//7957 7958//7958 7959//7959
f 7957//7957 7959//7959 7960//7960
f 7961//7961 7962//7962 7963//7963
f 7961//7961 7963//7963 7964//7964
f 7965//7965 7966//7966 7967//7967
f 7965//7965 7967//7967 7968//7968
f 7969//7969 7970//7970 7971//7971
f 7969//7969 7971//7971 7972//7972
f 7973//7973 7974//7974 7975//7975
f 7973//7973 7975//7975 7976//7976
f 7977//7977 7978//7978 7979//7979
f 7977//7977 7979//7979 7980//7980
f 7981//7981 7982//7982 7983//7983
f 7981//7981 7983//7983 7984//7984
f 7985//7985 7986//7986 7987//7987
f 7985//7985 7987//7987 7988//7988
f 7989//7989 7990//7990 7991//7991
f 7989//7989 7991//7991 7992//7992
f 7993//7993 7994//7994 7995//7995
f 7993//7993 7995//7995 7996//7996
f 7997//7997 7998//7998 7999//7999
f 7997//7997 7999//7999 8000//8000
f 8001//8001 8002//8002 8003//8003
f 8001//8001 8003//8003 8004//8004
f 8005//8005 8006//8006 8007//8007
f 8005//8005 8007//8007 8008//8008
f 8009//8009 8010//8010 8011//8011
f 8009//8009 8011//8011 8012//8012
f 8013//8013 8014//8014 8015//8015
f 8013//8013 8015//8015 8016//8016
f 8017//8017 8018//8018 8019//8019
f 8017//8017 8019//8019 8020//8020
f 8021//8021 8022//8022 8023//8023
f 8021//8021 8023//8023 8024//8024
f 8025//8025 8026//8026 8027//8027
f 8025//8025 8027//8027 8028//8028
f 8029//8029 8030//8030 8031//8031
f 8029//8029 8031//8031 8032//8032
f 8033//8033 8034//8034 8035//8035
f 8033//8033 8035//8035 8036//8036
f 8037//8037 8038//8038 8039//8039
f 8037//8037 8039//8039 8040//8040
f 8041//8041 8042//8042 8043//8043
f 8041//8041 8043//8043 8044//8044
f 8045//8045 8046//8046 8047//8047
f 8045//8045 8047//8047 8048//8048
f 8049//8049 8050//8050 8051//8051
f 8049//8049 8051//8051 8052//8052
f 8053//8053 8054//8054 8055//8055
f 8053//8053 8055//8055 8056//8056
f 8057//8057 8058//8058 8059//8059
f 8057//8057 8059//8059 8060//8060
f 8061//8061 8062//8062 8063//8063
f 8061//8061 8063//8063 8064//8064
f 8065//8065 8066//8066 8067//8067
f 8065//8065 8067//8067 8068//8068
f 8069//8069 8070//8070 8071//8071
f 8069//8069 8071//8071 8072//8072
f 8073//8073 8074//8074 8075//8075
f 8073//8073 8075//8075 8076//8076
f 8077//8077 8078//8078 8079//8079
f 8077//8077 8079//8079 8080//8080
f 8081//8081 8082//8082 8083//8083
f 8081//8081 8083//8083 8084//8084
f 8085//8085 8086//8086 8087//8087
f 8085//8085 8087//8087 8088//8088
f 8089//8089 8090//8090 8091//8091
f 8089//8089 8091//8091 8092//8092
f 8093//8093 8094//8094 8095//8095
f 8093//8093 8095//8095 8096//8096
f 8097//8097 8098//8098 8099//8099
f 8097//8097 8099//8099 8100//8100
f 8101//8101 8102//8102 8103//8103
f 8101//8101 8103//8103 8104//8104
f 8105//8105 8106//8106 8107//8107
f 8105//8105 8107//8107 8108//8108
f 8109//8109 8110//8110 8111//8111
f 8109//8109 8111//8111 8112//8112
f 8113//8113 8114//8114 8115//8115
f 8113//8113 8115//8115 8116//8116
f 8117//8117 8118//8118 8119//8119
f 8117//8117 8119//8119 8120//8120
f 8121//8121 8122//8122 8123//8123
f 8121//8121 8123//8123 8124//8124
f 8125//8125 8126//8126 8127//8127
f 8125//8125 8127//8127 8128//8128
f 8129//8129 8130//8130 8131//8131
f 8129//8129 8131//8131 8132//8132
f 8133//8133 8134//8134 8135//8135
f 8133//8133 8135//8135 8136//8136
f 8137//8137 8138//8138 8139//8139
f 8137//8137 8139//8139 8140//8140
f 8141//8141 8142//8142 8143//8143
f 8141//8141 8143//8143 8144//8144
f 8145//8145 8146//8146 8147//8147
f 8145//8145 8147//8147 8148//8148
f 8149//8149 8150//8150 8151//8151
f 8149//8149 8151//8151 8152//8152
f 8153//8153 8154//8154 8155//8155
f 8153//8153 8155//8155 8156//8156
f 8157//8157 8158//8158 8159//8159
f 8157//8157 8159//8159 8160//8160
f 8161//8161 8162//8162 8163//8163
f 8161//8161 8163//8163 8164//8164
f 8165//8165 8166//8166 8167//8167
f 8165//8165 8167//8167 8168//8168
f 8169//8169 8170//8170 8171//8171
f 8169//8169 8171//8171 8172//8172
f 8173//8173 8174//8174 8175//8175
f 8173//8173 8175//8175 8176//8176
f 8177//8177 8178//8178 8179//8179
f 8177//8177 8179//8179 8180//8180
f 8181//8181 8182//8182 8183//8183
f 8181//8181 8183//8183 8184//8184
f 8185//8185 8186//8186 8187//8187
f 8185//8185 8187//8187 8188//8188
f 8189//8189 8190//8190 8191//8191
f 8189//8189 8191//8191 8192//8192
f 8193//8193 8194//8194 8195//8195
f 8193//8193 8195//8195 8196//8196
f 8197//8197 8198//8198 8199//8199
f 8197//8197 8199//8199 8200//8200
f 8201//8201 8202//8202 8203//8203
f 8201//8201 8203//8203 8204//8204
f 8205//8205 8206//8206 8207//8207
f 8205//8205 8207//8207 8208//8208
f 8209//8209 8210//8210 8211//8211
f 8209//8209 8211//8211 8212//8212
f 8213//8213 8214//8214 8215//8215
f 8213//8213 8215//8215 8216//8216
f 8217//8217 8218//8218 8219//8219
f 8217//8217 8219//8219 8220//8220
f 8221//8221 8222//8222 8223//8223
f 8221//8221 8223//8223 8224//8224
f 8225//8225 8226//8226 8227//8227
f 8225//8225 8227//8227 8228//8228
f 8229//8229 8230//8230 8231//8231
f 8229//8229 8231//8231 8232//8232
f 8233//8233 8234//8234 8235//8235
f 8233//8233 8235//8235 8236//8236
f 8237//8237 8238//8238 8239//8239
f 8237//8237 8239//8239 8240//8240
f 8241//8241 8242//8242 8243//8243
f 8241//8241 8243//8243 8244//8244
f 8245//8245 8246//8246 8247//8247
f 8245//8245 8247//8247 8248//8248
f 8249//8249 8250//8250 8251//8251
f 8249//8249 8251//8251 8252//8252
f 8253//8253 8254//8254 8255//8255
f 8253//8253 8255//8255 8256//8256
f 8257//8257 8258//8258 8259//8259
f 8257//8257 8259//8259 8260//8260
f 8261//8261 8262//8262 8263//8263
f 8261//8261 8263//8263 8264//8264
f 8265//8265 8266//8266 8267//8267
f 8265//8265 8267//8267 8268//8268
f 8269//8269 8270//8270 8271//8271
f 8269//8269 8271//8271 8272//8272
f 8273//8273 8274//8274 8275//8275
f 8273//8273 8275//8275 8276//8276
f 8277//8277 8278//8278 8279//8279
f 8277//8277 8279//8279 8280//8280
f 8281//8281 8282//8282 8283//8283
f 8281//8281 8283//8283 8284//8284
f 8285//8285 8286//8286 8287//8287
f 8285//8285 8287//8287 8288//8288
f 8289//8289 8290//8290 8291//8291
f 8289//8289 8291//8291 8292//8292
f 8293//8293 8294//8294 8295//8295
f 8293//8293 8295//8295 8296//8296
f 8297//8297 8298//8298 8299//8299
f 8297//8297 8299//8299 8300//8300
f 8301//8301 8302//8302 8303//8303
f 8301//8301 8303//8303 8304//8304
f 8305//8305 8306//8306 8307//8307
f 8305//8305 8307//8307 8308//8308
f 8309//8309 8310//8310 8311//8311
f 8309//8309 8311//8311 8312//8312
f 8313//8313 8314//8314 8315//8315
f 8313//8313 8315//8315 8316//8316
f 8317//8317 8318//8318 8319//8319
f 8317//8317 8319//8319 8320//8320
f 8321//8321 8322//8322 8323//8323
f 8321//8321 8323//8323 8324//8324
f 8325//8325 8326//8326 8327//8327
f 8325//8325 8327//8327 8328//8328
f 8329//8329 8330//8330 8331//8331
f 8329//8329 8331//8331 8332//8332
f 8333//8333 8334//8334 8335//8335
f 8333//8333 8335//8335 8336//8336
f 8337//8337 8338//8338 8339//8339
f 8337//8337 8339//8339 8340//8340
f 8341//8341 8342//8342 8343//8343
f 8341//8341 8343//8343 8344//8344
f 8345//8345 8346//8346 8347//8347
f 8345//8345 8347//8347 8348//8348
f 8349//8349 8350//8350 8351//8351
f 8349//8349 8351//8351 8352//8352
f 8353//8353 8354//8354 8355//8355
f 8353//8353 8355//8355 8356//8356
f 8357//8357 8358//8358 8359//8359
f 8357//8357 8359//8359 8360//8360
f 8361//8361 8362//8362 8363//8363
f 8361//8361 8363//8363 8364//8364
f 8365//8365 8366//8366 8367//8367
f 8365//8365 8367//8367 8368//8368
f 8369//8369 8370//8370 8371//8371
f 8369//8369 8371//8371 8372//8372
f 8373//8373 8374//8374 8375//8375
f 8373//8373 8375//8375 8376//8376
f 8377//8377 8378//8378 8379//8379
f 8377//8377 8379//8379 8380//8380
f 8381//8381 8382//8382 8383//8383
f 8381//8381 8383//8383 8384//8384
f 8385//8385 8386//8386 8387//8387
f 8385//8385 8387//8387 8388//8388
f 8389//8389 8390//8390 8391//8391
f 8389//8389 8391//8391 8392//8392
f 8393//8393 8394//8394 8395//8395
f 8393//8393 8395//8395 8396//8396
f 8397//8397 8398//8398 8399//8399
f 8397//8397 8399//8399 8400//8400
f 8401//8401 8402//8402 8403//8403
f 8401//8401 8403//8403 8404//8404
f 8405//8405 8406//8406 8407//8407
f 8405//8405 8407//8407 8408//8408
f 8409//8409 8410//8410 8411//8411
f 8409//8409 8411//8411 8412//8412
f 8413//8413 8414//8414 8415//8415
f 8413//8413 8415//8415 8416//8416
f 8417//8417 8418//8418 8419//8419
f 8417//8417 8419//8419 8420//8420
f 8421//8421 8422//8422 8423//8423
f 8421//8421 8423//8423 8424//8424
f 8425//8425 8426//8426 8427//8427
f 8425//8425 8427//8427 8428//8428
f 8429//8429 8430//8430 8431//8431
f 8429//8429 8431//8431 8432//8432
f 8433//8433 8434//8434 8435//8435
f 8433//8433 8435//8435 8436//8436
f 8437//8437 8438//8438 8439//8439
f 8437//8437 8439//8439 8440//8440
f 8441//8441 8442//8442 8443//8443
f 8441//8441 8443//8443 8444//8444
f 8445//8445 8446//8446 8447//8447
f 8445//8445 8447//8447 8448//8448
f 8449//8449 8450//8450 8451//8451
f 8449//8449 8451//8451 8452//8452
f 8453//8453 8454//8454 8455//8455
f 8453//8453 8455//8455 8456//8456
f 8457//8457 8458//8458 8459//8459
f 8457//8457 8459//8459 8460//8460
f 8461//8461 8462//8462 8463//8463
f 8461//8461 8463//8463 8464//8464
f 8465//8465 8466//8466 8467//8467
f 8465//8465 8467//8467 8468//8468
f 8469//8469 8470//8470 8471//8471
f 8469//8469 8471//8471 8472//8472
f 8473//8473 8474//8474 8475//8475
f 8473//8473 8475//8475 8476//8476
f 8477//8477 8478//8478 8479//8479
f 8477//8477 8479//8479 8480//8480
f 8481//8481 8482//8482 8483//8483
f 8481//8481 8483//8483 8484//8484
f 8485//8485 8486//8486 8487//8487
f 8485//8485 8487//8487 8488//8488
f 8489//8489 8490//8490 8491//8491
f 8489//8489 8491//8491 8492//8492
f 8493//8493 8494//8494 8495//8495
f 8493//8493 8495//8495 8496//8496
f 8497//8497 8498//8498 8499//8499
f 8497//8497 8499//8499 8500//8500
f 8501//8501 8502//8502 8503//8503
f 8501//8501 8503//8503 8504//8504
f 8505//8505 8506//8506 8507//8507
f 8505//8505 8507//8507 8508//8508
f 8509//8509 8510//8510 8511//8511
f 8509//8509 8511//8511 8512//8512
f 8513//8513 8514//8514 8515//8515
f 8513//8513 8515//8515 8516//8516
f 8517//8517 8518//8518 8519//8519
f 8517//8517 8519//8519 8520//8520
f 8521//8521 8522//8522 8523//8523
f 8521//8521 8523//8523 8524//8524
f 8525//8525 8526//8526 8527//8527
f 8525//8525 8527//8527 8528//8528
f 8529//8529 8530//8530 8531//8531
f 8529//8529 8531//8531 8532//8532
f 8533//8533 8534//8534 8535//8535
f 8533//8533 8535//8535 8536//8536
f 8537//8537 8538//8538 8539//8539
f 8537//8537 8539//8539 8540//8540
f 8541//8541 8542//8542 8543//8543
f 8541//8541 8543//8543 8544//8544
f 8545//8545 8546//8546 8547//8547
f 8545//8545 8547//8547 8548//8548
f 8549//8549 8550//8550 8551//8551
f 8549//8549 8551//8551 8552//8552
f 8553//8553 8554//8554 8555//8555
f 8553//8553 8555//8555 8556//8556
f 8557//8557 8558//8558 8559//8559
f 8557//8557 8559//8559 8560//8560
f 8561//8561 8562//8562 8563//8563
f 8561//8561 8563//8563 8564//8564
f 8565//8565 8566//8566 8567//8567
f 8565//8565 8567//8567 8568//8568
f 8569//8569 8570//8570 8571//8571
f 8569//8569 8571//8571 8572//8572
f 8573//8573 8574//8574 8575//8575
f 8573//8573 8575//8575 8576//8576
f 8577//8577 8578//8578 8579//8579
f 8577//8577 8579//8579 8580//8580
f 8581//8581 8582//8582 8583//8583
f 8581//8581 8583//8583 8584//8584
f 8585//8585 8586//8586 8587//8587
f 8585//8585 8587//8587 8588//8588
f 8589//8589 8590//8590 8591//8591
f 8589//8589 8591//8591 8592//8592
f 8593//8593 8594//8594 8595//8595
f 8593//8593 8595//8595 8596//8596
f 8597//8597 8598//8598 8599//8599
f 8597//8597 8599//8599 8600//8600
f 8601//8601 8602//8602 8603//8603
f 8601//8601 8603//8603 8604//8604
f 8605//8605 8606//8606 8607//8607
f 8605//8605 8607//8607 8608//8608
f 8609//8609 8610//8610 8611//8611
f 8609//8609 8611//8611 8612//8612
f 8613//8613 8614//8614 8615//8615
f 8613//8613 8615//8615 8616//8616
f 8617//8617 8618//8618 8619//8619
f 8617//8617 8619//8619 8620//8620
f 8621//8621 8622//8622 8623//8623
f 8621//8621 8623//8623 8624//8624
f 8625//8625 8626//8626 8627//8627
f 8625//8625 8627//8627 8628//8628
f 8629//8629 8630//8630 8631//8631
f 8629//8629 8631//8631 8632//8632
f 8633//8633 8634//8634 8635//8635
f 8633//8633 8635//8635 8636//8636
f 8637//8637 8638//8638 8639//8639
f 8637//8637 8639//8639 8640//8640
f 8641//8641 8642//8642 8643//8643
f 8641//8641 8643//8643 8644//8644
f 8645//8645 8646//8646 8647//8647
f 8645//8645 8647//8647 8648//8648
f 8649//8649 8650//8650 8651//8651
f 8649//8649 8651//8651 8652//8652
f 8653//8653 8654//8654 8655//8655
f 8653//8653 8655//8655 8656//8656
f 8657//8657 8658//8658 8659//8659
f 8657//8657 8659//8659 8660//8660
f 8661//8661 8662//8662 8663//8663
f 8661//8661 8663//8663 8664//8664
f 8665//8665 8666//8666 8667//8667
f 8665//8665 8667//8667 8668//8668
f 8669//8669 8670//8670 8671//8671
f 8669//8669 8671//8671 8672//8672
f 8673//8673 8674//8674 8675//8675
f 8673//8673 8675//8675 8676//8676
f 8677//8677 8678//8678 8679//8679
f 8677//8677 8679//8679 8680//8680
f 8681//8681 8682//8682 8683//8683
f 8681//8681 8683//8683 8684//8684
f 8685//8685 8686//8686 8687//8687
f 8685//8685 8687//8687 8688//8688
f 8689//8689 8690//8690 8691//8691
f 8689//8689 8691//8691 8692//8692
f 8693//8693 8694//8694 8695//8695
f 8693//8693 8695//8695 8696//8696
f 8697//8697 8698//8698 8699//8699
f 8697//8697 8699//8699 8700//8700
f 8701//8701 8702//8702 8703//8703
f 8701//8701 8703//8703 8704//8704
f 8705//8705 8706//8706 8707//8707
f 8705//8705 8707//8707 8708//8708
f 8709//8709 8710//8710 8711//8711
f 8709//8709 8711//8711 8712//8712
f 8713//8713 8714//8714 8715//8715
f 8713//8713 8715//8715 8716//8716
f 8717//8717 8718//8718 8719//8719
f 8717//8717 8719//8719 8720//8720
f 8721//8721 8722//8722 8723//8723
f 8721//8721 8723//8723 8724//8724
f 8725//8725 8726//8726 8727//8727
f 8725//8725 8727//8727 8728//8728
f 8729//8729 8730//8730 8731//8731
f 8729//8729 8731//8731 8732//8732
f 8733//8733 8734//8734 8735//8735
f 8733//8733 8735//8735 8736//8736
f 8737//8737 8738//8738 8739//8739
f 8737//8737 8739//8739 8740//8740
f 8741//8741 8742//8742 8743//8743
f 8741//8741 8743//8743 8744//8744
f 8745//8745 8746//8746 8747//8747
f 8745//8745 8747//8747 8748//8748
f 8749//8749 8750//8750 8751//8751
f 8749//8749 8751//8751 8752//8752
f 8753//8753 8754//8754 8755//8755
f 8753//8753 8755//8755 8756//8756
f 8757//8757 8758//8758 8759//8759
f 8757//8757 8759//8759 8760//8760
f 8761//8761 8762//8762 8763//8763
f 8761//8761 8763//8763 8764//8764
f 8765//8765 8766//8766 8767//8767
f 8765//8765 8767//8767 8768//8768
f 8769//8769 8770//8770 8771//8771
f 8769//8769 8771//8771 8772//8772
f 8773//8773 8774//8774 8775//8775
f 8773//8773 8775//8775 8776//8776
f 8777//8777 8778//8778 8779//8779
f 8777//8777 8779//8779 8780//8780
f 8781//8781 8782//8782 8783//8783
f 8781//8781 8783//8783 8784//8784
f 8785//8785 8786//8786 8787//8787
f 8785//8785 8787//8787 8788//8788
f 8789//8789 8790//8790 8791//8791
f 8789//8789 8791//8791 8792//8792
f 8793//8793 8794//8794 8795//8795
f 8793//8793 8795//8795 8796//8796
f 8797//8797 8798//8798 8799//8799
f 8797//8797 8799//8799 8800//8800
f 8801//8801 8802//8802 8803//8803
f 8801//8801 8803//8803 8804//8804
f 8805//8805 8806//8806 8807//8807
f 8805//8805 8807//8807 8808//8808
f 8809//8809 8810//8810 8811//8811
f 8809//8809 8811//8811 8812//8812
f 8813//8813 8814//8814 8815//8815
f 8813//8813 8815//8815 8816//8816
f 8817//8817 8818//8818 8819//8819
f 8817//8817 8819//8819 8820//8820
f 8821//8821 8822//8822 8823//8823
f 8821//8821 8823//8823 8824//8824
f 8825//8825 8826//8826 8827//8827
f 8825//8825 8827//8827 8828//8828
f 8829//8829 8830//8830 8831//8831
f 8829//8829 8831//8831 8832//8832
f 8833//8833 8834//8834 8835//8835
f 8833//8833 8835//8835 8836//8836
f 8837//8837 8838//8838 8839//8839
f 8837//8837 8839//8839 8840//8840
f 8841//8841 8842//8842 8843//8843
f 8841//8841 8843//8843 8844//8844
f 8845//8845 8846//8846 8847//8847
f 8845//8845 8847//8847 8848//8848
f 8849//8849 8850//8850 8851//8851
f 8849//8849 8851//8851 8852//8852
f 8853//8853 8854//8854 8855//8855
f 8853//8853 8855//8855 8856//8856
f 8857//8857 8858//8858 8859//8859
f 8857//8857 8859//8859 8860//8860
f 8861//8861 8862//8862 8863//8863
f 8861//8861 8863//8863 8864//8864
f 8865//8865 8866//8866 8867//8867
f 8865//8865 8867//8867 8868//8868
f 8869//8869 8870//8870 8871//8871
f 8869//8869 8871//8871 8872//8872
f 8873//8873 8874//8874 8875//8875
f 8873//8873 8875//8875 8876//8876
f 8877//8877 8878//8878 8879//8879
f 8877//8877 8879//8879 8880//8880
f 8881//8881 8882//8882 8883//8883
f 8881//8881 8883//8883 8884//8884
f 8885//8885 8886//8886 8887//8887
f 8885//8885 8887//8887 8888//8888
f 8889//8889 8890//8890 8891//8891
f 8889//8889 8891//8891 8892//8892
f 8893//8893 8894//8894 8895//8895
f 8893//8893 8895//8895 8896//8896
f 8897//8897 8898//8898 8899//8899
f 8897//8897 8899//8899 8900//8900
f 8901//8901 8902//8902 8903//8903
f 8901//8901 8903//8903 8904//8904
f 8905//8905 8906//8906 8907//8907
f 8905//8905 8907//8907 8908//8908
f 8909//8909 8910//8910 8911//8911
f 8909//8909 8911//8911 8912//8912
f 8913//8913 8914//8914 8915//8915
f 8913//8913 8915//8915 8916//8916
f 8917//8917 8918//8918 8919//8919
f 8917//8917 8919//8919 8920//8920
f 8921//8921 8922//8922 8923//8923
f 8921//8921 8923//8923 8924//8924
f 8925//8925 8926//8926 8927//8927
f 8925//8925 8927//8927 8928//8928
f 8929//8929 8930//8930 8931//8931
f 8929//8929 8931//8931 8932//8932
f 8933//8933 8934//8934 8935//8935
f 8933//8933 8935//8935 8936//8936
f 8937//8937 8938//8938 8939//8939
f 8937//8937 8939//8939 8940//8940
f 8941//8941 8942//8942 8943//8943
f 8941//8941 8943//8943 8944//8944
f 8945//8945 8946//8946 8947//8947
f 8945//8945 8947//8947 8948//8948
f 8949//8949 8950//8950 8951//8951
f 8949//8949 8951//8951 8952//8952
f 8953//8953 8954//8954 8955//8955
f 8953//8953 8955//8955 8956//8956
f 8957//8957 8958//8958 8959//8959
f 8957//8957 8959//8959 8960//8960
f 8961//8961 8962//8962 8963//8963
f 8961//8961 8963//8963 8964//8964
f 8965//8965 8966//8966 8967//8967
f 8965//8965 8967//8967 8968//8968
f 8969//8969 8970//8970 8971//8971
f 8969//8969 8971//8971 8972//8972
f 8973//8973 8974//8974 8975//8975
f 8973//8973 8975//8975 8976//8976
f 8977//8977 8978//8978 8979//8979
f 8977//8977 8979//8979 8980//8980
f 8981//8981 8982//8982 8983//8983
f 8981//8981 8983//8983 8984//8984
f 8985//8985 8986//8986 8987//8987
f 8985//8985 8987//8987 8988//8988
f 8989//8989 8990//8990 8991//8991
f 8989//8989 8991//8991 8992//8992
f 8993//8993 8994//8994 8995//8995
f 8993//8993 8995//8995 8996//8996
f 8997//8997 8998//8998 8999//8999
f 8997//8997 8999//8999 9000//9000
f 9001//9001 9002//9002 9003//9003
f 9001//9001 9003//9003 9004//9004
f 9005//9005 9006//9006 9007//9007
f 9005//9005 9007//9007 9008//9008
f 9009//9009 9010//9010 9011//9011
f 9009//9009 9011//9011 9012//9012
f 9013//9013 9014//9014 9015//9015
f 9013//9013 9015//9015 9016//9016
f 9017//9017 9018//9018 9019//9019
f 9017//9017 9019//9019 9020//9020
f 9021//9021 9022//9022 9023//9023
f 9021//9021 9023//9023 9024//9024
f 9025//9025 9026//9026 9027//9027
f 9025//9025 9027//9027 9028//9028
f 9029//9029 9030//9030 9031//9031
f 9029//9029 9031//9031 9032//9032
f 9033//9033 9034//9034 9035//9035
f 9033//9033 9035//9035 9036//9036
f 9037//9037 9038//9038 9039//9039
f 9037//9037 9039//9039 9040//9040
f 9041//9041 9042//9042 9043//9043
f 9041//9041 9043//9043 9044//9044
f 9045//9045 9046//9046 9047//9047
f 9045//9045 9047//9047 9048//9048
f 9049//9049 9050//9050 9051//9051
f 9049//9049 9051//9051 9052//9052
f 9053//9053 9054//9054 9055//9055
f 9053//9053 9055//9055 9056//9056
f 9057//9057 9058//9058 9059//9059
f 9057//9057 9059//9059 9060//9060
f 9061//9061 9062//9062 9063//9063
f 9061//9061 9063//9063 9064//9064
f 9065//9065 9066//9066 9067//9067
f 9065//9065 9067//9067 9068//9068
f 9069//9069 9070//9070 9071//9071
f 9069//9069 9071//9071 9072//9072
f 9073//9073 9074//9074 9075//9075
f 9073//9073 9075//9075 9076//9076
f 9077//9077 9078//9078 9079//9079
f 9077//9077 9079//9079 9080//9080
f 9081//9081 9082//9082 9083//9083
f 9081//9081 9083//9083 9084//9084
f 9085//9085 9086//9086 9087//9087
f 9085//9085 9087//9087 9088//9088
f 9089//9089 9090//9090 9091//9091
f 9089//9089 9091//9091 9092//9092
f 9093//9093 9094//9094 9095//9095
f 9093//9093 9095//9095 9096//9096
f 9097//9097 9098//9098 9099//9099
f 9097//9097 9099//9099 9100//9100
f 9101//9101 9102//9102 9103//9103
f 9101//9101 9103//9103 9104//9104
f 9105//9105 9106//9106 9107//9107
f 9105//9105 9107//9107 9108//9108
f 9109//9109 9110//9110 9111//9111
f 9109//9109 9111//9111 9112//9112
f 9113//9113 9114//9114 9115//9115
f 9113//9113 9115//9115 9116//9116
f 9117//9117 9118//9118 9119//9119
f 9117//9117 9119//9119 9120//9120
f 9121//9121 9122//9122 9123//9123
f 9121//9121 9123//9123 9124//9124
f 9125//9125 9126//9126 9127//9127
f 9125//9125 9127//9127 9128//9128
f 9129//9129 9130//9130 9131//9131
f 9129//9129 9131//9131 9132//9132
f 9133//9133 9134//9134 9135//9135
f 9133//9133 9135//9135 9136//9136
f 9137//9137 9138//9138 9139//9139
f 9137//9137 9139//9139 9140//9140
f 9141//9141 9142//9142 9143//9143
f 9141//9141 9143//9143 9144//9144
f 9145//9145 9146//9146 9147//9147
f 9145//9145 9147//9147 9148//9148
f 9149//9149 9150//9150 9151//9151
f 9149//9149 9151//9151 9152//9152
f 9153//9153 9154//9154 9155//9155
f 9153//9153 9155//9155 9156//9156
f 9157//9157 9158//9158 9159//9159
f 9157//9157 9159//9159 9160//9160
f 9161//9161 9162//9162 9163//9163
f 9161//9161 9163//9163 9164//9164
f 9165//9165 9166//9166 9167//9167
f 9165//9165 9167//9167 9168//9168
