# Dongfeng sandbox; metres; X right, Y far, Z up
v -0.028000 -0.028000 -0.140000
v -0.028000 0.000000 -0.140000
v 3.328000 0.000000 -0.140000
v 3.328000 -0.028000 -0.140000
v -0.028000 -0.028000 0.000000
v 3.328000 -0.028000 0.000000
v 3.328000 0.000000 0.000000
v -0.028000 0.000000 0.000000
v -0.028000 -0.028000 -0.140000
v 3.328000 -0.028000 -0.140000
v 3.328000 -0.028000 0.000000
v -0.028000 -0.028000 0.000000
v 3.328000 -0.028000 -0.140000
v 3.328000 0.000000 -0.140000
v 3.328000 0.000000 0.000000
v 3.328000 -0.028000 0.000000
v 3.328000 0.000000 -0.140000
v -0.028000 0.000000 -0.140000
v -0.028000 0.000000 0.000000
v 3.328000 0.000000 0.000000
v -0.028000 0.000000 -0.140000
v -0.028000 -0.028000 -0.140000
v -0.028000 -0.028000 0.000000
v -0.028000 0.000000 0.000000
v -0.028000 -0.028000 0.000000
v -0.028000 0.000000 0.000000
v 3.328000 0.000000 0.000000
v 3.328000 -0.028000 0.000000
v -0.028000 -0.028000 0.190000
v 3.328000 -0.028000 0.190000
v 3.328000 0.000000 0.190000
v -0.028000 0.000000 0.190000
v -0.028000 -0.028000 0.000000
v 3.328000 -0.028000 0.000000
v 3.328000 -0.028000 0.190000
v -0.028000 -0.028000 0.190000
v 3.328000 -0.028000 0.000000
v 3.328000 0.000000 0.000000
v 3.328000 0.000000 0.190000
v 3.328000 -0.028000 0.190000
v 3.328000 0.000000 0.000000
v -0.028000 0.000000 0.000000
v -0.028000 0.000000 0.190000
v 3.328000 0.000000 0.190000
v -0.028000 0.000000 0.000000
v -0.028000 -0.028000 0.000000
v -0.028000 -0.028000 0.190000
v -0.028000 0.000000 0.190000
v -0.028000 5.400000 -0.140000
v -0.028000 5.428000 -0.140000
v 3.328000 5.428000 -0.140000
v 3.328000 5.400000 -0.140000
v -0.028000 5.400000 0.000000
v 3.328000 5.400000 0.000000
v 3.328000 5.428000 0.000000
v -0.028000 5.428000 0.000000
v -0.028000 5.400000 -0.140000
v 3.328000 5.400000 -0.140000
v 3.328000 5.400000 0.000000
v -0.028000 5.400000 0.000000
v 3.328000 5.400000 -0.140000
v 3.328000 5.428000 -0.140000
v 3.328000 5.428000 0.000000
v 3.328000 5.400000 0.000000
v 3.328000 5.428000 -0.140000
v -0.028000 5.428000 -0.140000
v -0.028000 5.428000 0.000000
v 3.328000 5.428000 0.000000
v -0.028000 5.428000 -0.140000
v -0.028000 5.400000 -0.140000
v -0.028000 5.400000 0.000000
v -0.028000 5.428000 0.000000
v -0.028000 5.400000 0.000000
v -0.028000 5.428000 0.000000
v 3.328000 5.428000 0.000000
v 3.328000 5.400000 0.000000
v -0.028000 5.400000 0.190000
v 3.328000 5.400000 0.190000
v 3.328000 5.428000 0.190000
v -0.028000 5.428000 0.190000
v -0.028000 5.400000 0.000000
v 3.328000 5.400000 0.000000
v 3.328000 5.400000 0.190000
v -0.028000 5.400000 0.190000
v 3.328000 5.400000 0.000000
v 3.328000 5.428000 0.000000
v 3.328000 5.428000 0.190000
v 3.328000 5.400000 0.190000
v 3.328000 5.428000 0.000000
v -0.028000 5.428000 0.000000
v -0.028000 5.428000 0.190000
v 3.328000 5.428000 0.190000
v -0.028000 5.428000 0.000000
v -0.028000 5.400000 0.000000
v -0.028000 5.400000 0.190000
v -0.028000 5.428000 0.190000
v -0.028000 0.000000 -0.140000
v -0.028000 5.400000 -0.140000
v 0.000000 5.400000 -0.140000
v 0.000000 0.000000 -0.140000
v -0.028000 0.000000 0.000000
v 0.000000 0.000000 0.000000
v 0.000000 5.400000 0.000000
v -0.028000 5.400000 0.000000
v -0.028000 0.000000 -0.140000
v 0.000000 0.000000 -0.140000
v 0.000000 0.000000 0.000000
v -0.028000 0.000000 0.000000
v 0.000000 0.000000 -0.140000
v 0.000000 5.400000 -0.140000
v 0.000000 5.400000 0.000000
v 0.000000 0.000000 0.000000
v 0.000000 5.400000 -0.140000
v -0.028000 5.400000 -0.140000
v -0.028000 5.400000 0.000000
v 0.000000 5.400000 0.000000
v -0.028000 5.400000 -0.140000
v -0.028000 0.000000 -0.140000
v -0.028000 0.000000 0.000000
v -0.028000 5.400000 0.000000
v -0.028000 0.000000 0.000000
v -0.028000 5.400000 0.000000
v 0.000000 5.400000 0.000000
v 0.000000 0.000000 0.000000
v -0.028000 0.000000 0.190000
v 0.000000 0.000000 0.190000
v 0.000000 5.400000 0.190000
v -0.028000 5.400000 0.190000
v -0.028000 0.000000 0.000000
v 0.000000 0.000000 0.000000
v 0.000000 0.000000 0.190000
v -0.028000 0.000000 0.190000
v 0.000000 0.000000 0.000000
v 0.000000 5.400000 0.000000
v 0.000000 5.400000 0.190000
v 0.000000 0.000000 0.190000
v 0.000000 5.400000 0.000000
v -0.028000 5.400000 0.000000
v -0.028000 5.400000 0.190000
v 0.000000 5.400000 0.190000
v -0.028000 5.400000 0.000000
v -0.028000 0.000000 0.000000
v -0.028000 0.000000 0.190000
v -0.028000 5.400000 0.190000
v 3.300000 0.000000 -0.140000
v 3.300000 5.400000 -0.140000
v 3.328000 5.400000 -0.140000
v 3.328000 0.000000 -0.140000
v 3.300000 0.000000 0.000000
v 3.328000 0.000000 0.000000
v 3.328000 5.400000 0.000000
v 3.300000 5.400000 0.000000
v 3.300000 0.000000 -0.140000
v 3.328000 0.000000 -0.140000
v 3.328000 0.000000 0.000000
v 3.300000 0.000000 0.000000
v 3.328000 0.000000 -0.140000
v 3.328000 5.400000 -0.140000
v 3.328000 5.400000 0.000000
v 3.328000 0.000000 0.000000
v 3.328000 5.400000 -0.140000
v 3.300000 5.400000 -0.140000
v 3.300000 5.400000 0.000000
v 3.328000 5.400000 0.000000
v 3.300000 5.400000 -0.140000
v 3.300000 0.000000 -0.140000
v 3.300000 0.000000 0.000000
v 3.300000 5.400000 0.000000
v 3.300000 0.000000 0.000000
v 3.300000 5.400000 0.000000
v 3.328000 5.400000 0.000000
v 3.328000 0.000000 0.000000
v 3.300000 0.000000 0.190000
v 3.328000 0.000000 0.190000
v 3.328000 5.400000 0.190000
v 3.300000 5.400000 0.190000
v 3.300000 0.000000 0.000000
v 3.328000 0.000000 0.000000
v 3.328000 0.000000 0.190000
v 3.300000 0.000000 0.190000
v 3.328000 0.000000 0.000000
v 3.328000 5.400000 0.000000
v 3.328000 5.400000 0.190000
v 3.328000 0.000000 0.190000
v 3.328000 5.400000 0.000000
v 3.300000 5.400000 0.000000
v 3.300000 5.400000 0.190000
v 3.328000 5.400000 0.190000
v 3.300000 5.400000 0.000000
v 3.300000 0.000000 0.000000
v 3.300000 0.000000 0.190000
v 3.300000 5.400000 0.190000
v 2.957500 3.795333 0.074004
v 2.954391 3.795646 0.069736
v 2.949359 3.795527 0.071366
v 2.949359 3.795140 0.076642
v 2.954391 3.795021 0.078272
v 2.957500 3.878000 0.080058
v 2.954391 3.878313 0.075789
v 2.949359 3.878193 0.077420
v 2.949359 3.877807 0.082696
v 2.954391 3.877687 0.084326
v 2.957500 3.878000 0.080058
v 2.954391 3.878313 0.075789
v 2.949359 3.878193 0.077420
v 2.949359 3.877807 0.082696
v 2.954391 3.877687 0.084326
v 2.957500 3.960667 0.086111
v 2.954391 3.960979 0.081843
v 2.949359 3.960860 0.083473
v 2.949359 3.960474 0.088749
v 2.954391 3.960354 0.090380
v 2.953000 3.964667 0.021111
v 2.949536 3.962667 0.021111
v 2.949536 3.958667 0.021111
v 2.953000 3.956667 0.021111
v 2.956464 3.958667 0.021111
v 2.956464 3.962667 0.021111
v 2.953000 3.964667 0.091111
v 2.949536 3.962667 0.091111
v 2.949536 3.958667 0.091111
v 2.953000 3.956667 0.091111
v 2.956464 3.958667 0.091111
v 2.956464 3.962667 0.091111
v 2.957500 3.960667 0.086111
v 2.954391 3.960979 0.081843
v 2.949359 3.960860 0.083473
v 2.949359 3.960474 0.088749
v 2.954391 3.960354 0.090380
v 2.957500 4.043334 0.092165
v 2.954391 4.043646 0.087897
v 2.949359 4.043527 0.089527
v 2.949359 4.043140 0.094803
v 2.954391 4.043021 0.096433
v 2.957500 4.043334 0.092165
v 2.954391 4.043646 0.087897
v 2.949359 4.043527 0.089527
v 2.949359 4.043140 0.094803
v 2.954391 4.043021 0.096433
v 2.957500 4.126000 0.098219
v 2.954391 4.126313 0.093950
v 2.949359 4.126193 0.095581
v 2.949359 4.125807 0.100856
v 2.954391 4.125688 0.102487
v 2.957500 4.126000 0.098219
v 2.954391 4.126313 0.093950
v 2.949359 4.126193 0.095581
v 2.949359 4.125807 0.100856
v 2.954391 4.125688 0.102487
v 2.957500 4.208667 0.104272
v 2.954391 4.208979 0.100004
v 2.949359 4.208860 0.101634
v 2.949359 4.208474 0.106910
v 2.954391 4.208354 0.108540
v 2.953000 4.212667 0.039272
v 2.949536 4.210667 0.039272
v 2.949536 4.206666 0.039272
v 2.953000 4.204667 0.039272
v 2.956464 4.206666 0.039272
v 2.956464 4.210667 0.039272
v 2.953000 4.212667 0.109272
v 2.949536 4.210667 0.109272
v 2.949536 4.206666 0.109272
v 2.953000 4.204667 0.109272
v 2.956464 4.206666 0.109272
v 2.956464 4.210667 0.109272
v 2.957500 4.208667 0.104272
v 2.954391 4.208979 0.100004
v 2.949359 4.208860 0.101634
v 2.949359 4.208474 0.106910
v 2.954391 4.208354 0.108540
v 2.957500 4.291333 0.110326
v 2.954391 4.291646 0.106057
v 2.949359 4.291526 0.107688
v 2.949359 4.291140 0.112964
v 2.954391 4.291021 0.114594
v 2.957500 4.291333 0.110326
v 2.954391 4.291646 0.106057
v 2.949359 4.291526 0.107688
v 2.949359 4.291140 0.112964
v 2.954391 4.291021 0.114594
v 2.957500 4.374000 0.116379
v 2.954391 4.374312 0.112111
v 2.949359 4.374193 0.113741
v 2.949359 4.373807 0.119017
v 2.954391 4.373687 0.120648
v 2.957500 4.374000 0.116379
v 2.954391 4.374312 0.112111
v 2.949359 4.374193 0.113741
v 2.949359 4.373807 0.119017
v 2.954391 4.373687 0.120648
v 2.957500 4.456666 0.122433
v 2.954391 4.456979 0.118165
v 2.949359 4.456860 0.119795
v 2.949359 4.456473 0.125071
v 2.954391 4.456354 0.126701
v 2.953000 4.460667 0.057433
v 2.949536 4.458667 0.057433
v 2.949536 4.454667 0.057433
v 2.953000 4.452667 0.057433
v 2.956464 4.454667 0.057433
v 2.956464 4.458667 0.057433
v 2.953000 4.460667 0.127433
v 2.949536 4.458667 0.127433
v 2.949536 4.454667 0.127433
v 2.953000 4.452667 0.127433
v 2.956464 4.454667 0.127433
v 2.956464 4.458667 0.127433
v 2.957500 4.456666 0.122433
v 2.954391 4.456979 0.118165
v 2.949359 4.456860 0.119795
v 2.949359 4.456473 0.125071
v 2.954391 4.456354 0.126701
v 2.957500 4.539333 0.128487
v 2.954391 4.539646 0.124218
v 2.949359 4.539526 0.125849
v 2.949359 4.539140 0.131125
v 2.954391 4.539021 0.132755
v 2.957499 4.539437 0.128487
v 2.954382 4.539707 0.124220
v 2.949356 4.539461 0.125850
v 2.949365 4.539039 0.131123
v 2.954398 4.539024 0.132753
v 2.956204 4.595814 0.133000
v 2.953087 4.596084 0.128734
v 2.948061 4.595838 0.130363
v 2.948070 4.595416 0.135637
v 2.953103 4.595401 0.137266
v 2.956172 4.596253 0.133000
v 2.953042 4.596233 0.128735
v 2.948064 4.595491 0.130364
v 2.948117 4.595052 0.135636
v 2.953129 4.595522 0.137265
v 2.950430 4.643542 0.137000
v 2.947300 4.643523 0.132735
v 2.942322 4.642781 0.134364
v 2.942376 4.642342 0.139636
v 2.947387 4.642812 0.141265
v 2.945963 4.647000 0.072000
v 2.942499 4.645000 0.072000
v 2.942499 4.641000 0.072000
v 2.945963 4.639000 0.072000
v 2.949427 4.641000 0.072000
v 2.949427 4.645000 0.072000
v 2.945963 4.647000 0.142000
v 2.942499 4.645000 0.142000
v 2.942499 4.641000 0.142000
v 2.945963 4.639000 0.142000
v 2.949427 4.641000 0.142000
v 2.949427 4.645000 0.142000
v 2.950357 4.643971 0.137000
v 2.947243 4.643650 0.132735
v 2.942360 4.642431 0.134364
v 2.942456 4.641998 0.139636
v 2.947398 4.642951 0.141265
v 2.940078 4.690486 0.141000
v 2.936964 4.690165 0.136735
v 2.932081 4.688945 0.138364
v 2.932177 4.688513 0.143636
v 2.937119 4.689465 0.145265
v 2.939963 4.690905 0.141000
v 2.936896 4.690285 0.136735
v 2.932153 4.688600 0.138364
v 2.932290 4.688179 0.143636
v 2.937117 4.689604 0.145265
v 2.925243 4.736211 0.145000
v 2.922175 4.735590 0.140735
v 2.917432 4.733906 0.142364
v 2.917569 4.733485 0.147636
v 2.922396 4.734910 0.149265
v 2.925089 4.736618 0.145000
v 2.922095 4.735704 0.140735
v 2.917537 4.733569 0.142364
v 2.917714 4.733163 0.147636
v 2.922381 4.735047 0.149265
v 2.906064 4.780291 0.149000
v 2.903070 4.779377 0.144735
v 2.898512 4.777242 0.146364
v 2.898689 4.776836 0.151636
v 2.903356 4.778720 0.153265
v 2.901938 4.782494 0.084000
v 2.898474 4.780493 0.084000
v 2.898474 4.776494 0.084000
v 2.901938 4.774493 0.084000
v 2.905403 4.776494 0.084000
v 2.905403 4.780493 0.084000
v 2.901938 4.782494 0.154000
v 2.898474 4.780493 0.154000
v 2.898474 4.776494 0.154000
v 2.901938 4.774493 0.154000
v 2.905403 4.776494 0.154000
v 2.905403 4.780493 0.154000
v 2.905871 4.780680 0.149000
v 2.902980 4.779482 0.144735
v 2.898649 4.776917 0.146364
v 2.898864 4.776531 0.151636
v 2.903328 4.778856 0.153265
v 2.882720 4.822314 0.153000
v 2.879829 4.821115 0.148735
v 2.875498 4.818551 0.150364
v 2.875714 4.818164 0.155636
v 2.880177 4.820489 0.157265
v 2.882491 4.822683 0.153000
v 2.879729 4.821211 0.148735
v 2.875666 4.818241 0.150364
v 2.875917 4.817876 0.155636
v 2.880136 4.820622 0.157265
v 2.855430 4.861887 0.157000
v 2.852668 4.860416 0.152735
v 2.848605 4.857445 0.154364
v 2.848856 4.857081 0.159636
v 2.853075 4.859827 0.161265
v 2.855166 4.862233 0.157000
v 2.852559 4.860501 0.152735
v 2.848802 4.857152 0.154364
v 2.849087 4.856814 0.159636
v 2.853021 4.859954 0.161265
v 2.824448 4.898643 0.161000
v 2.821840 4.896911 0.156735
v 2.818083 4.893562 0.158364
v 2.818369 4.893224 0.163636
v 2.822302 4.896364 0.165265
v 2.821008 4.899741 0.096000
v 2.817544 4.897741 0.096000
v 2.817544 4.893741 0.096000
v 2.821008 4.891741 0.096000
v 2.824473 4.893741 0.096000
v 2.824473 4.897741 0.096000
v 2.821008 4.899741 0.166000
v 2.817544 4.897741 0.166000
v 2.817544 4.893741 0.166000
v 2.821008 4.891741 0.166000
v 2.824473 4.893741 0.166000
v 2.824473 4.897741 0.166000
v 2.824152 4.898961 0.161000
v 2.821723 4.896986 0.156735
v 2.818307 4.893290 0.158364
v 2.818624 4.892981 0.163636
v 2.822236 4.896486 0.165265
v 2.790063 4.932236 0.165000
v 2.787635 4.930261 0.160735
v 2.784218 4.926565 0.162364
v 2.784535 4.926256 0.167636
v 2.788147 4.929761 0.169265
v 2.789737 4.932524 0.165000
v 2.787511 4.930324 0.160735
v 2.784467 4.926316 0.162364
v 2.784812 4.926039 0.167636
v 2.788069 4.929876 0.169265
v 2.752596 4.962354 0.169000
v 2.750370 4.960154 0.164735
v 2.747326 4.956145 0.166364
v 2.747671 4.955868 0.171636
v 2.750928 4.959705 0.173265
v 2.752244 4.962609 0.169000
v 2.750241 4.960205 0.164735
v 2.747598 4.955922 0.166364
v 2.747968 4.955679 0.171636
v 2.750840 4.959812 0.173265
v 2.712397 4.988715 0.173000
v 2.710394 4.986310 0.168735
v 2.707751 4.982027 0.170364
v 2.708121 4.981784 0.175636
v 2.710993 4.985918 0.177265
v 2.709931 4.988951 0.108000
v 2.706467 4.986951 0.108000
v 2.706467 4.982951 0.108000
v 2.709931 4.980951 0.108000
v 2.713395 4.982951 0.108000
v 2.713395 4.986951 0.108000
v 2.709931 4.988951 0.178000
v 2.706467 4.986951 0.178000
v 2.706467 4.982951 0.178000
v 2.709931 4.980951 0.178000
v 2.713395 4.982951 0.178000
v 2.713395 4.986951 0.178000
v 2.712023 4.988935 0.173000
v 2.710260 4.986349 0.168735
v 2.708043 4.981830 0.170364
v 2.708435 4.981625 0.175636
v 2.710895 4.986016 0.177265
v 2.669842 5.011074 0.177000
v 2.668080 5.008487 0.172735
v 2.665863 5.003968 0.174364
v 2.666255 5.003763 0.179636
v 2.668714 5.008154 0.181265
v 2.669448 5.011257 0.177000
v 2.667943 5.008512 0.172735
v 2.666173 5.003801 0.174364
v 2.666583 5.003634 0.179636
v 2.668607 5.008242 0.181265
v 2.625328 5.029221 0.181000
v 2.623823 5.026476 0.176735
v 2.622053 5.021764 0.178364
v 2.622463 5.021597 0.183636
v 2.624487 5.026206 0.185265
v 2.624917 5.029365 0.181000
v 2.623685 5.026488 0.176735
v 2.622377 5.021627 0.178364
v 2.622802 5.021501 0.183636
v 2.624371 5.026283 0.185265
v 2.579269 5.042986 0.185000
v 2.578037 5.040109 0.180735
v 2.576730 5.035249 0.182364
v 2.577154 5.035122 0.187636
v 2.578723 5.039905 0.189265
v 2.577983 5.042675 0.120000
v 2.574518 5.040674 0.120000
v 2.574518 5.036674 0.120000
v 2.577983 5.034674 0.120000
v 2.581447 5.036674 0.120000
v 2.581447 5.040674 0.120000
v 2.577983 5.042675 0.190000
v 2.574518 5.040674 0.190000
v 2.574518 5.036674 0.190000
v 2.577983 5.034674 0.190000
v 2.581447 5.036674 0.190000
v 2.581447 5.040674 0.190000
v 2.578847 5.043090 0.185000
v 2.577898 5.040108 0.180735
v 2.577066 5.035144 0.182364
v 2.577500 5.035059 0.187636
v 2.578601 5.039970 0.189265
v 2.532098 5.052243 0.189000
v 2.531149 5.049260 0.184735
v 2.530316 5.044296 0.186364
v 2.530751 5.044211 0.191636
v 2.531852 5.049122 0.193265
v 2.531667 5.052306 0.189000
v 2.531011 5.049245 0.184735
v 2.530661 5.044224 0.186364
v 2.531102 5.044182 0.191636
v 2.531724 5.049176 0.193265
v 2.484253 5.056903 0.193000
v 2.483596 5.053843 0.188735
v 2.483247 5.048822 0.190364
v 2.483687 5.048779 0.195636
v 2.484309 5.053774 0.197265
v 2.483855 5.056924 0.193000
v 2.483708 5.053816 0.188722
v 2.483713 5.048784 0.190356
v 2.483864 5.048783 0.195644
v 2.483952 5.053814 0.197278
v 2.413751 5.057500 0.195000
v 2.413604 5.054391 0.190722
v 2.413609 5.049360 0.192356
v 2.413760 5.049359 0.197644
v 2.413848 5.054389 0.199278
v 2.413714 5.057000 0.130000
v 2.410250 5.055000 0.130000
v 2.410250 5.051000 0.130000
v 2.413714 5.049000 0.130000
v 2.417178 5.051000 0.130000
v 2.417178 5.055000 0.130000
v 2.413714 5.057000 0.200000
v 2.410250 5.055000 0.200000
v 2.410250 5.051000 0.200000
v 2.413714 5.049000 0.200000
v 2.417178 5.051000 0.200000
v 2.417178 5.055000 0.200000
v 2.413714 5.057500 0.195000
v 2.413714 5.054390 0.190720
v 2.413714 5.049359 0.192355
v 2.413714 5.049359 0.197645
v 2.413714 5.054390 0.199280
v 2.321143 5.057500 0.195000
v 2.321143 5.054390 0.190720
v 2.321143 5.049359 0.192355
v 2.321143 5.049359 0.197645
v 2.321143 5.054390 0.199280
v 2.321143 5.057500 0.195000
v 2.321143 5.054390 0.190720
v 2.321143 5.049359 0.192355
v 2.321143 5.049359 0.197645
v 2.321143 5.054390 0.199280
v 2.228571 5.057500 0.195000
v 2.228571 5.054390 0.190720
v 2.228571 5.049359 0.192355
v 2.228571 5.049359 0.197645
v 2.228571 5.054390 0.199280
v 2.228571 5.057500 0.195000
v 2.228571 5.054390 0.190720
v 2.228571 5.049359 0.192355
v 2.228571 5.049359 0.197645
v 2.228571 5.054390 0.199280
v 2.136000 5.057500 0.195000
v 2.136000 5.054390 0.190720
v 2.136000 5.049359 0.192355
v 2.136000 5.049359 0.197645
v 2.136000 5.054390 0.199280
v 2.136000 5.057000 0.130000
v 2.132536 5.055000 0.130000
v 2.132536 5.051000 0.130000
v 2.136000 5.049000 0.130000
v 2.139464 5.051000 0.130000
v 2.139464 5.055000 0.130000
v 2.136000 5.057000 0.200000
v 2.132536 5.055000 0.200000
v 2.132536 5.051000 0.200000
v 2.136000 5.049000 0.200000
v 2.139464 5.051000 0.200000
v 2.139464 5.055000 0.200000
v 2.136000 5.057500 0.195000
v 2.136000 5.054390 0.190720
v 2.136000 5.049359 0.192355
v 2.136000 5.049359 0.197645
v 2.136000 5.054390 0.199280
v 2.043429 5.057500 0.195000
v 2.043429 5.054390 0.190720
v 2.043429 5.049359 0.192355
v 2.043429 5.049359 0.197645
v 2.043429 5.054390 0.199280
v 2.043429 5.057500 0.195000
v 2.043429 5.054390 0.190720
v 2.043429 5.049359 0.192355
v 2.043429 5.049359 0.197645
v 2.043429 5.054390 0.199280
v 1.950857 5.057500 0.195000
v 1.950857 5.054390 0.190720
v 1.950857 5.049359 0.192355
v 1.950857 5.049359 0.197645
v 1.950857 5.054390 0.199280
v 1.950857 5.057500 0.195000
v 1.950857 5.054390 0.190720
v 1.950857 5.049359 0.192355
v 1.950857 5.049359 0.197645
v 1.950857 5.054390 0.199280
v 1.858286 5.057500 0.195000
v 1.858286 5.054390 0.190720
v 1.858286 5.049359 0.192355
v 1.858286 5.049359 0.197645
v 1.858286 5.054390 0.199280
v 1.858286 5.057000 0.130000
v 1.854822 5.055000 0.130000
v 1.854822 5.051000 0.130000
v 1.858286 5.049000 0.130000
v 1.861750 5.051000 0.130000
v 1.861750 5.055000 0.130000
v 1.858286 5.057000 0.200000
v 1.854822 5.055000 0.200000
v 1.854822 5.051000 0.200000
v 1.858286 5.049000 0.200000
v 1.861750 5.051000 0.200000
v 1.861750 5.055000 0.200000
v 1.858286 5.057500 0.195000
v 1.858286 5.054390 0.190720
v 1.858286 5.049359 0.192355
v 1.858286 5.049359 0.197645
v 1.858286 5.054390 0.199280
v 1.765714 5.057500 0.195000
v 1.765714 5.054390 0.190720
v 1.765714 5.049359 0.192355
v 1.765714 5.049359 0.197645
v 1.765714 5.054390 0.199280
v 1.765714 5.057500 0.195000
v 1.765714 5.054390 0.190720
v 1.765714 5.049359 0.192355
v 1.765714 5.049359 0.197645
v 1.765714 5.054390 0.199280
v 1.673143 5.057500 0.195000
v 1.673143 5.054390 0.190720
v 1.673143 5.049359 0.192355
v 1.673143 5.049359 0.197645
v 1.673143 5.054390 0.199280
v 1.673143 5.057500 0.195000
v 1.673143 5.054390 0.190720
v 1.673143 5.049359 0.192355
v 1.673143 5.049359 0.197645
v 1.673143 5.054390 0.199280
v 1.580571 5.057500 0.195000
v 1.580571 5.054390 0.190720
v 1.580571 5.049359 0.192355
v 1.580571 5.049359 0.197645
v 1.580571 5.054390 0.199280
v 1.580571 5.057000 0.130000
v 1.577107 5.055000 0.130000
v 1.577107 5.051000 0.130000
v 1.580571 5.049000 0.130000
v 1.584036 5.051000 0.130000
v 1.584036 5.055000 0.130000
v 1.580571 5.057000 0.200000
v 1.577107 5.055000 0.200000
v 1.577107 5.051000 0.200000
v 1.580571 5.049000 0.200000
v 1.584036 5.051000 0.200000
v 1.584036 5.055000 0.200000
v 1.580571 5.057500 0.195000
v 1.580571 5.054390 0.190720
v 1.580571 5.049359 0.192355
v 1.580571 5.049359 0.197645
v 1.580571 5.054390 0.199280
v 1.488000 5.057500 0.195000
v 1.488000 5.054390 0.190720
v 1.488000 5.049359 0.192355
v 1.488000 5.049359 0.197645
v 1.488000 5.054390 0.199280
v 1.488000 5.057500 0.195000
v 1.488000 5.054390 0.190720
v 1.488000 5.049359 0.192355
v 1.488000 5.049359 0.197645
v 1.488000 5.054390 0.199280
v 1.395429 5.057500 0.195000
v 1.395429 5.054390 0.190720
v 1.395429 5.049359 0.192355
v 1.395429 5.049359 0.197645
v 1.395429 5.054390 0.199280
v 1.395429 5.057500 0.195000
v 1.395429 5.054390 0.190720
v 1.395429 5.049359 0.192355
v 1.395429 5.049359 0.197645
v 1.395429 5.054390 0.199280
v 1.302857 5.057500 0.195000
v 1.302857 5.054390 0.190720
v 1.302857 5.049359 0.192355
v 1.302857 5.049359 0.197645
v 1.302857 5.054390 0.199280
v 1.302857 5.057000 0.130000
v 1.299393 5.055000 0.130000
v 1.299393 5.051000 0.130000
v 1.302857 5.049000 0.130000
v 1.306321 5.051000 0.130000
v 1.306321 5.055000 0.130000
v 1.302857 5.057000 0.200000
v 1.299393 5.055000 0.200000
v 1.299393 5.051000 0.200000
v 1.302857 5.049000 0.200000
v 1.306321 5.051000 0.200000
v 1.306321 5.055000 0.200000
v 1.302857 5.057500 0.195000
v 1.302857 5.054390 0.190720
v 1.302857 5.049359 0.192355
v 1.302857 5.049359 0.197645
v 1.302857 5.054390 0.199280
v 1.210286 5.057500 0.195000
v 1.210286 5.054390 0.190720
v 1.210286 5.049359 0.192355
v 1.210286 5.049359 0.197645
v 1.210286 5.054390 0.199280
v 1.210286 5.057500 0.195000
v 1.210286 5.054390 0.190720
v 1.210286 5.049359 0.192355
v 1.210286 5.049359 0.197645
v 1.210286 5.054390 0.199280
v 1.117714 5.057500 0.195000
v 1.117714 5.054390 0.190720
v 1.117714 5.049359 0.192355
v 1.117714 5.049359 0.197645
v 1.117714 5.054390 0.199280
v 1.117714 5.057500 0.195000
v 1.117714 5.054390 0.190720
v 1.117714 5.049359 0.192355
v 1.117714 5.049359 0.197645
v 1.117714 5.054390 0.199280
v 1.025143 5.057500 0.195000
v 1.025143 5.054390 0.190720
v 1.025143 5.049359 0.192355
v 1.025143 5.049359 0.197645
v 1.025143 5.054390 0.199280
v 1.025143 5.057000 0.130000
v 1.021679 5.055000 0.130000
v 1.021679 5.051000 0.130000
v 1.025143 5.049000 0.130000
v 1.028607 5.051000 0.130000
v 1.028607 5.055000 0.130000
v 1.025143 5.057000 0.200000
v 1.021679 5.055000 0.200000
v 1.021679 5.051000 0.200000
v 1.025143 5.049000 0.200000
v 1.028607 5.051000 0.200000
v 1.028607 5.055000 0.200000
v 1.025143 5.057500 0.195000
v 1.025143 5.054390 0.190720
v 1.025143 5.049359 0.192355
v 1.025143 5.049359 0.197645
v 1.025143 5.054390 0.199280
v 0.932571 5.057500 0.195000
v 0.932571 5.054390 0.190720
v 0.932571 5.049359 0.192355
v 0.932571 5.049359 0.197645
v 0.932571 5.054390 0.199280
v 0.932571 5.057500 0.195000
v 0.932571 5.054390 0.190720
v 0.932571 5.049359 0.192355
v 0.932571 5.049359 0.197645
v 0.932571 5.054390 0.199280
v 0.840000 5.057500 0.195000
v 0.840000 5.054390 0.190720
v 0.840000 5.049359 0.192355
v 0.840000 5.049359 0.197645
v 0.840000 5.054390 0.199280
v 0.839783 5.057495 0.195000
v 0.840290 5.054406 0.190735
v 0.840397 5.049375 0.192364
v 0.839955 5.049353 0.197636
v 0.839575 5.054372 0.199265
v 0.792201 5.055193 0.191000
v 0.792709 5.052105 0.186735
v 0.792816 5.047073 0.188364
v 0.792373 5.047051 0.193636
v 0.791994 5.052070 0.195265
v 0.792419 5.054698 0.126000
v 0.788955 5.052699 0.126000
v 0.788955 5.048698 0.126000
v 0.792419 5.046699 0.126000
v 0.795883 5.048698 0.126000
v 0.795883 5.052699 0.126000
v 0.792419 5.054698 0.196000
v 0.788955 5.052699 0.196000
v 0.788955 5.048698 0.196000
v 0.792419 5.046699 0.196000
v 0.795883 5.048698 0.196000
v 0.795883 5.052699 0.196000
v 0.791768 5.055151 0.191000
v 0.792572 5.052126 0.186735
v 0.793164 5.047128 0.188364
v 0.792726 5.047064 0.193636
v 0.791863 5.052023 0.195265
v 0.744631 5.048268 0.187000
v 0.745435 5.045243 0.182735
v 0.746027 5.040245 0.184364
v 0.745589 5.040181 0.189636
v 0.744726 5.045140 0.191265
v 0.744205 5.048185 0.187000
v 0.745296 5.045251 0.182735
v 0.746368 5.040334 0.184364
v 0.745938 5.040228 0.189636
v 0.744601 5.045080 0.191265
v 0.697952 5.036785 0.183000
v 0.699044 5.033851 0.178735
v 0.700115 5.028934 0.180364
v 0.699685 5.028828 0.185636
v 0.698348 5.033679 0.187265
v 0.697535 5.036660 0.183000
v 0.698905 5.033846 0.178735
v 0.700446 5.029055 0.180364
v 0.700028 5.028907 0.185636
v 0.698229 5.033608 0.187265
v 0.652599 5.020849 0.179000
v 0.653969 5.018035 0.174735
v 0.655509 5.013243 0.176364
v 0.655092 5.013096 0.181636
v 0.653293 5.017797 0.183265
v 0.654092 5.020604 0.114000
v 0.650628 5.018604 0.114000
v 0.650628 5.014604 0.114000
v 0.654092 5.012604 0.114000
v 0.657556 5.014604 0.114000
v 0.657556 5.018604 0.114000
v 0.654092 5.020604 0.184000
v 0.650628 5.018604 0.184000
v 0.650628 5.014604 0.184000
v 0.654092 5.012604 0.184000
v 0.657556 5.014604 0.184000
v 0.657556 5.018604 0.184000
v 0.652196 5.020685 0.179000
v 0.653831 5.018016 0.174735
v 0.655827 5.013396 0.176364
v 0.655426 5.013209 0.181636
v 0.653181 5.017715 0.183265
v 0.608995 5.000611 0.175000
v 0.610630 4.997942 0.170735
v 0.612626 4.993321 0.172364
v 0.612225 4.993135 0.177636
v 0.609981 4.997640 0.179265
v 0.608610 5.000409 0.175000
v 0.610495 4.997910 0.170735
v 0.612928 4.993504 0.172364
v 0.612546 4.993279 0.177636
v 0.609878 4.997547 0.179265
v 0.567549 4.976259 0.171000
v 0.569434 4.973760 0.166735
v 0.571866 4.969354 0.168364
v 0.571485 4.969130 0.173636
v 0.568816 4.973397 0.175265
v 0.567185 4.976020 0.171000
v 0.569302 4.973715 0.166735
v 0.572149 4.969564 0.168364
v 0.571791 4.969305 0.173636
v 0.568723 4.973294 0.175265
v 0.528646 4.948020 0.167000
v 0.530763 4.945715 0.162735
v 0.533610 4.941564 0.164364
v 0.533252 4.941304 0.169636
v 0.530184 4.945294 0.171265
v 0.531291 4.948380 0.102000
v 0.527827 4.946380 0.102000
v 0.527827 4.942379 0.102000
v 0.531291 4.940380 0.102000
v 0.534755 4.942379 0.102000
v 0.534755 4.946380 0.102000
v 0.531291 4.948380 0.172000
v 0.527827 4.946380 0.172000
v 0.527827 4.942379 0.172000
v 0.531291 4.940380 0.172000
v 0.534755 4.942379 0.172000
v 0.534755 4.946380 0.172000
v 0.528307 4.947748 0.167000
v 0.530637 4.945658 0.162735
v 0.533871 4.941801 0.164364
v 0.533539 4.941508 0.169636
v 0.530101 4.945183 0.171265
v 0.492650 4.916159 0.163000
v 0.494980 4.914069 0.158735
v 0.498214 4.910212 0.160364
v 0.497882 4.909918 0.165636
v 0.494444 4.913594 0.167265
v 0.492339 4.915855 0.163000
v 0.494859 4.914000 0.158735
v 0.498450 4.910473 0.160364
v 0.498149 4.910149 0.165636
v 0.494372 4.913475 0.167265
v 0.459897 4.880972 0.159000
v 0.462418 4.879117 0.154735
v 0.466009 4.875590 0.156364
v 0.465708 4.875266 0.161636
v 0.461930 4.878592 0.163265
v 0.459617 4.880640 0.159000
v 0.462305 4.879036 0.154735
v 0.466219 4.875873 0.156364
v 0.465951 4.875521 0.161636
v 0.461870 4.878467 0.163265
v 0.430693 4.842788 0.155000
v 0.433381 4.841185 0.150735
v 0.437296 4.838021 0.152364
v 0.437027 4.837670 0.157636
v 0.432947 4.840616 0.159265
v 0.434269 4.844056 0.090000
v 0.430805 4.842056 0.090000
v 0.430805 4.838056 0.090000
v 0.434269 4.836056 0.090000
v 0.437733 4.838056 0.090000
v 0.437733 4.842056 0.090000
v 0.434269 4.844056 0.160000
v 0.430805 4.842056 0.160000
v 0.430805 4.838056 0.160000
v 0.434269 4.836056 0.160000
v 0.437733 4.838056 0.160000
v 0.437733 4.842056 0.160000
v 0.430446 4.842430 0.155000
v 0.433277 4.841094 0.150735
v 0.437478 4.838323 0.152364
v 0.437245 4.837947 0.157636
v 0.432899 4.840486 0.159265
v 0.405311 4.801964 0.151000
v 0.408141 4.800628 0.146735
v 0.412343 4.797857 0.148364
v 0.412110 4.797481 0.153636
v 0.407764 4.800019 0.155265
v 0.405100 4.801584 0.151000
v 0.408046 4.800527 0.146735
v 0.412495 4.798175 0.148364
v 0.412299 4.797778 0.153636
v 0.407728 4.799885 0.155265
v 0.383988 4.758881 0.147000
v 0.386934 4.757824 0.142735
v 0.391383 4.755472 0.144364
v 0.391187 4.755075 0.149636
v 0.386616 4.757182 0.151265
v 0.383814 4.758482 0.147000
v 0.386848 4.757715 0.142735
v 0.391504 4.755803 0.144364
v 0.391347 4.755389 0.149636
v 0.386594 4.757045 0.151265
v 0.366922 4.713941 0.143000
v 0.369956 4.713173 0.138735
v 0.374612 4.711261 0.140364
v 0.374455 4.710847 0.145636
v 0.369702 4.712503 0.147265
v 0.371129 4.716345 0.078000
v 0.367665 4.714345 0.078000
v 0.367665 4.710345 0.078000
v 0.371129 4.708345 0.078000
v 0.374593 4.710345 0.078000
v 0.374593 4.714345 0.078000
v 0.371129 4.716345 0.148000
v 0.367665 4.714345 0.148000
v 0.367665 4.710345 0.148000
v 0.371129 4.708345 0.148000
v 0.374593 4.710345 0.148000
v 0.374593 4.714345 0.148000
v 0.366787 4.713528 0.143000
v 0.369881 4.713056 0.138735
v 0.374700 4.711603 0.140364
v 0.374584 4.711175 0.145636
v 0.369693 4.712365 0.147265
v 0.354273 4.667564 0.139000
v 0.357367 4.667092 0.134735
v 0.362185 4.665639 0.136364
v 0.362069 4.665212 0.141636
v 0.357179 4.666401 0.143265
v 0.354179 4.667139 0.139000
v 0.357304 4.666969 0.134735
v 0.362240 4.665987 0.136364
v 0.362166 4.665551 0.141636
v 0.357184 4.666263 0.143265
v 0.346159 4.620182 0.135000
v 0.349284 4.620012 0.130735
v 0.354220 4.619030 0.132364
v 0.354146 4.618594 0.137636
v 0.349164 4.619306 0.139265
v 0.346106 4.619750 0.135000
v 0.349234 4.619883 0.130735
v 0.354242 4.619381 0.132364
v 0.354210 4.618940 0.137636
v 0.349182 4.619168 0.139265
v 0.342656 4.572238 0.131000
v 0.345783 4.572371 0.126735
v 0.350791 4.571870 0.128364
v 0.350759 4.571428 0.133636
v 0.345731 4.571656 0.135265
v 0.347144 4.575913 0.066000
v 0.343680 4.573913 0.066000
v 0.343680 4.569913 0.066000
v 0.347144 4.567913 0.066000
v 0.350608 4.569913 0.066000
v 0.350608 4.573913 0.066000
v 0.347144 4.575913 0.136000
v 0.343680 4.573913 0.136000
v 0.343680 4.569913 0.136000
v 0.347144 4.567913 0.136000
v 0.350608 4.569913 0.136000
v 0.350608 4.573913 0.136000
v 0.342644 4.571921 0.131000
v 0.345754 4.572235 0.126732
v 0.350785 4.572104 0.128362
v 0.350784 4.571708 0.133638
v 0.345753 4.571596 0.135268
v 0.342500 4.498009 0.125460
v 0.345610 4.498322 0.121192
v 0.350641 4.498190 0.122822
v 0.350640 4.497795 0.128097
v 0.345609 4.497683 0.129728
v 0.342500 4.498000 0.125460
v 0.345609 4.498312 0.121191
v 0.350641 4.498193 0.122822
v 0.350641 4.497807 0.128098
v 0.345609 4.497687 0.129728
v 0.342500 4.415333 0.119406
v 0.345609 4.415646 0.115138
v 0.350641 4.415526 0.116768
v 0.350641 4.415140 0.122044
v 0.345609 4.415021 0.123674
v 0.342500 4.415333 0.119406
v 0.345609 4.415646 0.115138
v 0.350641 4.415526 0.116768
v 0.350641 4.415140 0.122044
v 0.345609 4.415021 0.123674
v 0.342500 4.332667 0.113353
v 0.345609 4.332979 0.109084
v 0.350641 4.332860 0.110715
v 0.350641 4.332473 0.115991
v 0.345609 4.332354 0.117621
v 0.347000 4.336667 0.048353
v 0.343536 4.334667 0.048353
v 0.343536 4.330667 0.048353
v 0.347000 4.328667 0.048353
v 0.350464 4.330667 0.048353
v 0.350464 4.334667 0.048353
v 0.347000 4.336667 0.118353
v 0.343536 4.334667 0.118353
v 0.343536 4.330667 0.118353
v 0.347000 4.328667 0.118353
v 0.350464 4.330667 0.118353
v 0.350464 4.334667 0.118353
v 0.342500 4.332667 0.113353
v 0.345609 4.332979 0.109084
v 0.350641 4.332860 0.110715
v 0.350641 4.332473 0.115991
v 0.345609 4.332354 0.117621
v 0.342500 4.250000 0.107299
v 0.345609 4.250312 0.103031
v 0.350641 4.250193 0.104661
v 0.350641 4.249807 0.109937
v 0.345609 4.249688 0.111567
v 0.342500 4.250000 0.107299
v 0.345609 4.250312 0.103031
v 0.350641 4.250193 0.104661
v 0.350641 4.249807 0.109937
v 0.345609 4.249688 0.111567
v 0.342500 4.167333 0.101245
v 0.345609 4.167646 0.096977
v 0.350641 4.167527 0.098607
v 0.350641 4.167140 0.103883
v 0.345609 4.167021 0.105514
v 0.342500 4.167333 0.101245
v 0.345609 4.167646 0.096977
v 0.350641 4.167527 0.098607
v 0.350641 4.167140 0.103883
v 0.345609 4.167021 0.105514
v 0.342500 4.084667 0.095192
v 0.345609 4.084979 0.090923
v 0.350641 4.084860 0.092554
v 0.350641 4.084474 0.097830
v 0.345609 4.084354 0.099460
v 0.347000 4.088666 0.030192
v 0.343536 4.086667 0.030192
v 0.343536 4.082667 0.030192
v 0.347000 4.080667 0.030192
v 0.350464 4.082667 0.030192
v 0.350464 4.086667 0.030192
v 0.347000 4.088666 0.100192
v 0.343536 4.086667 0.100192
v 0.343536 4.082667 0.100192
v 0.347000 4.080667 0.100192
v 0.350464 4.082667 0.100192
v 0.350464 4.086667 0.100192
v 0.342500 4.084667 0.095192
v 0.345609 4.084979 0.090923
v 0.350641 4.084860 0.092554
v 0.350641 4.084474 0.097830
v 0.345609 4.084354 0.099460
v 0.342500 4.002000 0.089138
v 0.345609 4.002313 0.084870
v 0.350641 4.002193 0.086500
v 0.350641 4.001807 0.091776
v 0.345609 4.001688 0.093406
v 0.342500 4.002000 0.089138
v 0.345609 4.002313 0.084870
v 0.350641 4.002193 0.086500
v 0.350641 4.001807 0.091776
v 0.345609 4.001688 0.093406
v 0.342500 3.919333 0.083084
v 0.345609 3.919646 0.078816
v 0.350641 3.919527 0.080446
v 0.350641 3.919140 0.085722
v 0.345609 3.919021 0.087353
v 0.342500 3.919333 0.083084
v 0.345609 3.919646 0.078816
v 0.350641 3.919527 0.080446
v 0.350641 3.919140 0.085722
v 0.345609 3.919021 0.087353
v 0.342500 3.836667 0.077031
v 0.345609 3.836979 0.072763
v 0.350641 3.836860 0.074393
v 0.350641 3.836473 0.079669
v 0.345609 3.836354 0.081299
v 0.347000 3.840667 0.012031
v 0.343536 3.838667 0.012031
v 0.343536 3.834667 0.012031
v 0.347000 3.832667 0.012031
v 0.350464 3.834667 0.012031
v 0.350464 3.838667 0.012031
v 0.347000 3.840667 0.082031
v 0.343536 3.838667 0.082031
v 0.343536 3.834667 0.082031
v 0.347000 3.832667 0.082031
v 0.350464 3.834667 0.082031
v 0.350464 3.838667 0.082031
v 0.342500 3.836667 0.077031
v 0.345609 3.836979 0.072763
v 0.350641 3.836860 0.074393
v 0.350641 3.836473 0.079669
v 0.345609 3.836354 0.081299
v 0.342500 3.754000 0.070977
v 0.345609 3.754313 0.066709
v 0.350641 3.754193 0.068339
v 0.350641 3.753807 0.073615
v 0.345609 3.753687 0.075246
v 0.342500 3.754000 0.070977
v 0.345609 3.754313 0.066709
v 0.350641 3.754193 0.068339
v 0.350641 3.753807 0.073615
v 0.345609 3.753687 0.075246
v 0.342500 3.672377 0.065000
v 0.345609 3.672689 0.060732
v 0.350641 3.672570 0.062362
v 0.350641 3.672184 0.067638
v 0.345609 3.672064 0.069268
v 0.840000 0.037000 0.000000
v 0.836536 0.035000 0.000000
v 0.836536 0.031000 0.000000
v 0.840000 0.029000 0.000000
v 0.843464 0.031000 0.000000
v 0.843464 0.035000 0.000000
v 0.840000 0.037000 0.070000
v 0.836536 0.035000 0.070000
v 0.836536 0.031000 0.070000
v 0.840000 0.029000 0.070000
v 0.843464 0.031000 0.070000
v 0.843464 0.035000 0.070000
v 0.840000 0.028500 0.065000
v 0.840000 0.031609 0.060720
v 0.840000 0.036641 0.062355
v 0.840000 0.036641 0.067645
v 0.840000 0.031609 0.069280
v 0.932571 0.028500 0.065000
v 0.932571 0.031609 0.060720
v 0.932571 0.036641 0.062355
v 0.932571 0.036641 0.067645
v 0.932571 0.031609 0.069280
v 0.932571 0.028500 0.065000
v 0.932571 0.031609 0.060720
v 0.932571 0.036641 0.062355
v 0.932571 0.036641 0.067645
v 0.932571 0.031609 0.069280
v 1.025143 0.028500 0.065000
v 1.025143 0.031609 0.060720
v 1.025143 0.036641 0.062355
v 1.025143 0.036641 0.067645
v 1.025143 0.031609 0.069280
v 1.025143 0.028500 0.065000
v 1.025143 0.031609 0.060720
v 1.025143 0.036641 0.062355
v 1.025143 0.036641 0.067645
v 1.025143 0.031609 0.069280
v 1.117714 0.028500 0.065000
v 1.117714 0.031609 0.060720
v 1.117714 0.036641 0.062355
v 1.117714 0.036641 0.067645
v 1.117714 0.031609 0.069280
v 1.117714 0.037000 0.000000
v 1.114250 0.035000 0.000000
v 1.114250 0.031000 0.000000
v 1.117714 0.029000 0.000000
v 1.121178 0.031000 0.000000
v 1.121178 0.035000 0.000000
v 1.117714 0.037000 0.070000
v 1.114250 0.035000 0.070000
v 1.114250 0.031000 0.070000
v 1.117714 0.029000 0.070000
v 1.121178 0.031000 0.070000
v 1.121178 0.035000 0.070000
v 1.117714 0.028500 0.065000
v 1.117714 0.031609 0.060720
v 1.117714 0.036641 0.062355
v 1.117714 0.036641 0.067645
v 1.117714 0.031609 0.069280
v 1.210286 0.028500 0.065000
v 1.210286 0.031609 0.060720
v 1.210286 0.036641 0.062355
v 1.210286 0.036641 0.067645
v 1.210286 0.031609 0.069280
v 1.210286 0.028500 0.065000
v 1.210286 0.031609 0.060720
v 1.210286 0.036641 0.062355
v 1.210286 0.036641 0.067645
v 1.210286 0.031609 0.069280
v 1.302857 0.028500 0.065000
v 1.302857 0.031609 0.060720
v 1.302857 0.036641 0.062355
v 1.302857 0.036641 0.067645
v 1.302857 0.031609 0.069280
v 1.302857 0.028500 0.065000
v 1.302857 0.031609 0.060720
v 1.302857 0.036641 0.062355
v 1.302857 0.036641 0.067645
v 1.302857 0.031609 0.069280
v 1.395429 0.028500 0.065000
v 1.395429 0.031609 0.060720
v 1.395429 0.036641 0.062355
v 1.395429 0.036641 0.067645
v 1.395429 0.031609 0.069280
v 1.395429 0.037000 0.000000
v 1.391964 0.035000 0.000000
v 1.391964 0.031000 0.000000
v 1.395429 0.029000 0.000000
v 1.398893 0.031000 0.000000
v 1.398893 0.035000 0.000000
v 1.395429 0.037000 0.070000
v 1.391964 0.035000 0.070000
v 1.391964 0.031000 0.070000
v 1.395429 0.029000 0.070000
v 1.398893 0.031000 0.070000
v 1.398893 0.035000 0.070000
v 1.395429 0.028500 0.065000
v 1.395429 0.031609 0.060720
v 1.395429 0.036641 0.062355
v 1.395429 0.036641 0.067645
v 1.395429 0.031609 0.069280
v 1.488000 0.028500 0.065000
v 1.488000 0.031609 0.060720
v 1.488000 0.036641 0.062355
v 1.488000 0.036641 0.067645
v 1.488000 0.031609 0.069280
v 1.488000 0.028500 0.065000
v 1.488000 0.031609 0.060720
v 1.488000 0.036641 0.062355
v 1.488000 0.036641 0.067645
v 1.488000 0.031609 0.069280
v 1.580571 0.028500 0.065000
v 1.580571 0.031609 0.060720
v 1.580571 0.036641 0.062355
v 1.580571 0.036641 0.067645
v 1.580571 0.031609 0.069280
v 1.580571 0.028500 0.065000
v 1.580571 0.031609 0.060720
v 1.580571 0.036641 0.062355
v 1.580571 0.036641 0.067645
v 1.580571 0.031609 0.069280
v 1.673143 0.028500 0.065000
v 1.673143 0.031609 0.060720
v 1.673143 0.036641 0.062355
v 1.673143 0.036641 0.067645
v 1.673143 0.031609 0.069280
v 1.673143 0.037000 0.000000
v 1.669679 0.035000 0.000000
v 1.669679 0.031000 0.000000
v 1.673143 0.029000 0.000000
v 1.676607 0.031000 0.000000
v 1.676607 0.035000 0.000000
v 1.673143 0.037000 0.070000
v 1.669679 0.035000 0.070000
v 1.669679 0.031000 0.070000
v 1.673143 0.029000 0.070000
v 1.676607 0.031000 0.070000
v 1.676607 0.035000 0.070000
v 1.673143 0.028500 0.065000
v 1.673143 0.031609 0.060720
v 1.673143 0.036641 0.062355
v 1.673143 0.036641 0.067645
v 1.673143 0.031609 0.069280
v 1.765714 0.028500 0.065000
v 1.765714 0.031609 0.060720
v 1.765714 0.036641 0.062355
v 1.765714 0.036641 0.067645
v 1.765714 0.031609 0.069280
v 1.765714 0.028500 0.065000
v 1.765714 0.031609 0.060720
v 1.765714 0.036641 0.062355
v 1.765714 0.036641 0.067645
v 1.765714 0.031609 0.069280
v 1.858286 0.028500 0.065000
v 1.858286 0.031609 0.060720
v 1.858286 0.036641 0.062355
v 1.858286 0.036641 0.067645
v 1.858286 0.031609 0.069280
v 1.858286 0.028500 0.065000
v 1.858286 0.031609 0.060720
v 1.858286 0.036641 0.062355
v 1.858286 0.036641 0.067645
v 1.858286 0.031609 0.069280
v 1.950857 0.028500 0.065000
v 1.950857 0.031609 0.060720
v 1.950857 0.036641 0.062355
v 1.950857 0.036641 0.067645
v 1.950857 0.031609 0.069280
v 1.950857 0.037000 0.000000
v 1.947393 0.035000 0.000000
v 1.947393 0.031000 0.000000
v 1.950857 0.029000 0.000000
v 1.954321 0.031000 0.000000
v 1.954321 0.035000 0.000000
v 1.950857 0.037000 0.070000
v 1.947393 0.035000 0.070000
v 1.947393 0.031000 0.070000
v 1.950857 0.029000 0.070000
v 1.954321 0.031000 0.070000
v 1.954321 0.035000 0.070000
v 1.950857 0.028500 0.065000
v 1.950857 0.031609 0.060720
v 1.950857 0.036641 0.062355
v 1.950857 0.036641 0.067645
v 1.950857 0.031609 0.069280
v 2.043429 0.028500 0.065000
v 2.043429 0.031609 0.060720
v 2.043429 0.036641 0.062355
v 2.043429 0.036641 0.067645
v 2.043429 0.031609 0.069280
v 2.043429 0.028500 0.065000
v 2.043429 0.031609 0.060720
v 2.043429 0.036641 0.062355
v 2.043429 0.036641 0.067645
v 2.043429 0.031609 0.069280
v 2.136000 0.028500 0.065000
v 2.136000 0.031609 0.060720
v 2.136000 0.036641 0.062355
v 2.136000 0.036641 0.067645
v 2.136000 0.031609 0.069280
v 2.136000 0.028500 0.065000
v 2.136000 0.031609 0.060720
v 2.136000 0.036641 0.062355
v 2.136000 0.036641 0.067645
v 2.136000 0.031609 0.069280
v 2.228571 0.028500 0.065000
v 2.228571 0.031609 0.060720
v 2.228571 0.036641 0.062355
v 2.228571 0.036641 0.067645
v 2.228571 0.031609 0.069280
v 2.228571 0.037000 0.000000
v 2.225107 0.035000 0.000000
v 2.225107 0.031000 0.000000
v 2.228571 0.029000 0.000000
v 2.232036 0.031000 0.000000
v 2.232036 0.035000 0.000000
v 2.228571 0.037000 0.070000
v 2.225107 0.035000 0.070000
v 2.225107 0.031000 0.070000
v 2.228571 0.029000 0.070000
v 2.232036 0.031000 0.070000
v 2.232036 0.035000 0.070000
v 2.228571 0.028500 0.065000
v 2.228571 0.031609 0.060720
v 2.228571 0.036641 0.062355
v 2.228571 0.036641 0.067645
v 2.228571 0.031609 0.069280
v 2.321143 0.028500 0.065000
v 2.321143 0.031609 0.060720
v 2.321143 0.036641 0.062355
v 2.321143 0.036641 0.067645
v 2.321143 0.031609 0.069280
v 2.321143 0.028500 0.065000
v 2.321143 0.031609 0.060720
v 2.321143 0.036641 0.062355
v 2.321143 0.036641 0.067645
v 2.321143 0.031609 0.069280
v 2.413714 0.028500 0.065000
v 2.413714 0.031609 0.060720
v 2.413714 0.036641 0.062355
v 2.413714 0.036641 0.067645
v 2.413714 0.031609 0.069280
v 2.413764 0.028500 0.065000
v 2.413753 0.031610 0.060720
v 2.413688 0.036641 0.062355
v 2.413660 0.036640 0.067645
v 2.413706 0.031609 0.069280
v 2.499039 0.029443 0.065466
v 2.499028 0.032552 0.061186
v 2.498963 0.037583 0.062821
v 2.498934 0.037583 0.068111
v 2.498981 0.032552 0.069745
v 2.498989 0.037942 0.000466
v 2.495525 0.035942 0.000466
v 2.495525 0.031942 0.000466
v 2.498989 0.029942 0.000466
v 2.502453 0.031942 0.000466
v 2.502453 0.035942 0.000466
v 2.498989 0.037942 0.070466
v 2.495525 0.035942 0.070466
v 2.495525 0.031942 0.070466
v 2.498989 0.029942 0.070466
v 2.502453 0.031942 0.070466
v 2.502453 0.035942 0.070466
v 2.499423 0.029463 0.065466
v 2.499321 0.032577 0.061191
v 2.498760 0.037578 0.062824
v 2.498515 0.037554 0.068108
v 2.498925 0.032539 0.069741
v 2.577037 0.036989 0.069088
v 2.576935 0.040103 0.064813
v 2.576374 0.045104 0.066446
v 2.576129 0.045080 0.071730
v 2.576539 0.040065 0.073363
v 2.577467 0.037052 0.069088
v 2.577230 0.040174 0.064824
v 2.576126 0.045085 0.066453
v 2.575681 0.044998 0.071724
v 2.576510 0.040033 0.073352
v 2.653992 0.052034 0.075798
v 2.653755 0.055156 0.071534
v 2.652651 0.060066 0.073163
v 2.652206 0.059979 0.078434
v 2.653035 0.055015 0.080062
v 2.654414 0.052138 0.075798
v 2.653986 0.055255 0.071546
v 2.652371 0.060023 0.073170
v 2.651802 0.059854 0.078427
v 2.653065 0.054980 0.080051
v 2.729136 0.074435 0.084605
v 2.728708 0.077552 0.080353
v 2.727093 0.082321 0.081977
v 2.726524 0.082151 0.087234
v 2.727787 0.077278 0.088858
v 2.727850 0.082747 0.019605
v 2.724385 0.080747 0.019605
v 2.724385 0.076747 0.019605
v 2.727850 0.074747 0.019605
v 2.731314 0.076747 0.019605
v 2.731314 0.080747 0.019605
v 2.727850 0.082747 0.089605
v 2.724385 0.080747 0.089605
v 2.724385 0.076747 0.089605
v 2.727850 0.074747 0.089605
v 2.731314 0.076747 0.089605
v 2.731314 0.080747 0.089605
v 2.729547 0.074580 0.084605
v 2.728858 0.077657 0.080358
v 2.726776 0.082241 0.081980
v 2.726177 0.081997 0.087231
v 2.727890 0.077262 0.088853
v 2.801768 0.103985 0.094209
v 2.801080 0.107062 0.089961
v 2.798997 0.111646 0.091584
v 2.798398 0.111402 0.096834
v 2.800111 0.106667 0.098457
v 2.802162 0.104168 0.094209
v 2.801151 0.107149 0.089957
v 2.798647 0.111517 0.091581
v 2.798111 0.111235 0.096837
v 2.800283 0.106694 0.098461
v 2.871208 0.140406 0.103191
v 2.870197 0.143387 0.098939
v 2.867693 0.147755 0.100563
v 2.867157 0.147473 0.105819
v 2.869329 0.142932 0.107443
v 2.871583 0.140626 0.103191
v 2.870200 0.143438 0.098929
v 2.867320 0.147566 0.100557
v 2.866923 0.147305 0.105825
v 2.869557 0.143017 0.107453
v 2.936809 0.183359 0.110225
v 2.935426 0.186171 0.105963
v 2.932546 0.190299 0.107591
v 2.932149 0.190038 0.112860
v 2.934783 0.185749 0.114488
v 2.934343 0.191123 0.045225
v 2.930879 0.189123 0.045225
v 2.930879 0.185123 0.045225
v 2.934343 0.183123 0.045225
v 2.937807 0.185123 0.045225
v 2.937807 0.189123 0.045225
v 2.934343 0.191123 0.115225
v 2.930879 0.189123 0.115225
v 2.930879 0.185123 0.115225
v 2.934343 0.183123 0.115225
v 2.937807 0.185123 0.115225
v 2.937807 0.189123 0.115225
v 2.937160 0.183615 0.110225
v 2.935386 0.186178 0.105951
v 2.932170 0.190048 0.107584
v 2.931956 0.189876 0.112867
v 2.935040 0.185900 0.114499
v 2.997958 0.232443 0.114274
v 2.996184 0.235007 0.110000
v 2.992967 0.238876 0.111632
v 2.992754 0.238704 0.116915
v 2.995838 0.234729 0.118548
v 2.998244 0.232694 0.114274
v 2.996136 0.234980 0.109994
v 2.992651 0.238609 0.111629
v 2.992606 0.238566 0.116918
v 2.996062 0.234910 0.118553
v 3.040592 0.273043 0.114971
v 3.038485 0.275330 0.110691
v 3.035000 0.278959 0.112326
v 3.034954 0.278915 0.117616
v 3.038411 0.275259 0.119250
v 3.040857 0.273317 0.114971
v 3.038445 0.275285 0.110693
v 3.034712 0.278657 0.112327
v 3.034815 0.278774 0.117615
v 3.038613 0.275474 0.119249
v 3.092566 0.331684 0.112672
v 3.090154 0.333652 0.108394
v 3.086421 0.337024 0.110028
v 3.086524 0.337141 0.115316
v 3.090322 0.333841 0.116950
v 3.089197 0.338669 0.047672
v 3.085733 0.336669 0.047672
v 3.085733 0.332669 0.047672
v 3.089197 0.330669 0.047672
v 3.092661 0.332669 0.047672
v 3.092661 0.336669 0.047672
v 3.089197 0.338669 0.117672
v 3.085733 0.336669 0.117672
v 3.085733 0.332669 0.117672
v 3.089197 0.330669 0.117672
v 3.092661 0.332669 0.117672
v 3.092661 0.336669 0.117672
v 3.092838 0.332024 0.112672
v 3.090141 0.333601 0.108403
v 3.086140 0.336654 0.110034
v 3.086364 0.336963 0.115310
v 3.090504 0.334101 0.116940
v 3.138672 0.395109 0.107025
v 3.135975 0.396686 0.102757
v 3.131974 0.399739 0.104387
v 3.132198 0.400048 0.109664
v 3.136338 0.397187 0.111294
v 3.138910 0.395473 0.107025
v 3.136004 0.396665 0.102769
v 3.131754 0.399362 0.104395
v 3.132033 0.399837 0.109656
v 3.136456 0.397433 0.111282
v 3.178442 0.462687 0.098865
v 3.175536 0.463879 0.094609
v 3.171285 0.466577 0.096234
v 3.171565 0.467051 0.101496
v 3.175987 0.464647 0.103122
v 3.178644 0.463072 0.098865
v 3.175607 0.463915 0.094617
v 3.171127 0.466213 0.096239
v 3.171396 0.466792 0.101491
v 3.176042 0.464850 0.103114
v 3.211504 0.533788 0.089396
v 3.208467 0.534631 0.085147
v 3.203987 0.536929 0.086770
v 3.204256 0.537508 0.092022
v 3.208901 0.535566 0.093644
v 3.207423 0.539684 0.024396
v 3.203959 0.537684 0.024396
v 3.203959 0.533684 0.024396
v 3.207423 0.531684 0.024396
v 3.210887 0.533684 0.024396
v 3.210887 0.537684 0.024396
v 3.207423 0.539684 0.094396
v 3.203959 0.537684 0.094396
v 3.203959 0.533684 0.094396
v 3.207423 0.531684 0.094396
v 3.210887 0.533684 0.094396
v 3.210887 0.537684 0.094396
v 3.211668 0.534191 0.089396
v 3.208565 0.534741 0.085147
v 3.203884 0.536595 0.086770
v 3.204094 0.537191 0.092022
v 3.208904 0.535705 0.093645
v 3.237549 0.607748 0.080016
v 3.234447 0.608298 0.075767
v 3.229765 0.610152 0.077390
v 3.229975 0.610748 0.082642
v 3.234786 0.609262 0.084265
v 3.237674 0.608165 0.080016
v 3.234551 0.608490 0.075758
v 3.229706 0.609854 0.077384
v 3.229833 0.610372 0.082647
v 3.234758 0.609328 0.084274
v 3.256335 0.683877 0.072110
v 3.253212 0.684202 0.067852
v 3.248367 0.685566 0.069478
v 3.248495 0.686084 0.074742
v 3.253419 0.685040 0.076368
v 3.256418 0.684304 0.072110
v 3.253300 0.684468 0.067840
v 3.248338 0.685303 0.069471
v 3.248389 0.685656 0.074749
v 3.253383 0.685038 0.076380
v 3.267685 0.761463 0.066846
v 3.264567 0.761627 0.062576
v 3.259604 0.762463 0.064207
v 3.259656 0.762816 0.069485
v 3.264650 0.762198 0.071116
v 3.263233 0.766113 0.001846
v 3.259768 0.764113 0.001846
v 3.259768 0.760113 0.001846
v 3.263233 0.758113 0.001846
v 3.266697 0.760113 0.001846
v 3.266697 0.764113 0.001846
v 3.263233 0.766113 0.071846
v 3.259768 0.764113 0.071846
v 3.259768 0.760113 0.071846
v 3.263233 0.758113 0.071846
v 3.266697 0.760113 0.071846
v 3.266697 0.764113 0.071846
v 3.267727 0.761896 0.066846
v 3.264617 0.761945 0.062567
v 3.259593 0.762227 0.064201
v 3.259599 0.762352 0.069490
v 3.264627 0.762147 0.071124
v 3.271495 0.839783 0.065000
v 3.268384 0.839832 0.060721
v 3.263361 0.840113 0.062356
v 3.263367 0.840238 0.067644
v 3.268394 0.840034 0.069279
v 3.271500 0.840000 0.065000
v 3.268391 0.840000 0.060720
v 3.263359 0.840000 0.062355
v 3.263359 0.840000 0.067645
v 3.268391 0.840000 0.069280
v 3.271500 0.922667 0.065000
v 3.268391 0.922667 0.060720
v 3.263359 0.922667 0.062355
v 3.263359 0.922667 0.067645
v 3.268391 0.922667 0.069280
v 3.271500 0.922667 0.065000
v 3.268391 0.922667 0.060720
v 3.263359 0.922667 0.062355
v 3.263359 0.922667 0.067645
v 3.268391 0.922667 0.069280
v 3.271500 1.005333 0.065000
v 3.268391 1.005333 0.060720
v 3.263359 1.005333 0.062355
v 3.263359 1.005333 0.067645
v 3.268391 1.005333 0.069280
v 3.267000 1.009333 0.000000
v 3.263536 1.007333 0.000000
v 3.263536 1.003333 0.000000
v 3.267000 1.001333 0.000000
v 3.270464 1.003333 0.000000
v 3.270464 1.007333 0.000000
v 3.267000 1.009333 0.070000
v 3.263536 1.007333 0.070000
v 3.263536 1.003333 0.070000
v 3.267000 1.001333 0.070000
v 3.270464 1.003333 0.070000
v 3.270464 1.007333 0.070000
v 3.271500 1.005333 0.065000
v 3.268391 1.005333 0.060720
v 3.263359 1.005333 0.062355
v 3.263359 1.005333 0.067645
v 3.268391 1.005333 0.069280
v 3.271500 1.088000 0.065000
v 3.268391 1.088000 0.060720
v 3.263359 1.088000 0.062355
v 3.263359 1.088000 0.067645
v 3.268391 1.088000 0.069280
v 3.271500 1.088000 0.065000
v 3.268391 1.088000 0.060720
v 3.263359 1.088000 0.062355
v 3.263359 1.088000 0.067645
v 3.268391 1.088000 0.069280
v 3.271500 1.170667 0.065000
v 3.268391 1.170667 0.060720
v 3.263359 1.170667 0.062355
v 3.263359 1.170667 0.067645
v 3.268391 1.170667 0.069280
v 3.271500 1.170667 0.065000
v 3.268391 1.170667 0.060720
v 3.263359 1.170667 0.062355
v 3.263359 1.170667 0.067645
v 3.268391 1.170667 0.069280
v 3.271500 1.253333 0.065000
v 3.268391 1.253333 0.060720
v 3.263359 1.253333 0.062355
v 3.263359 1.253333 0.067645
v 3.268391 1.253333 0.069280
v 3.267000 1.257333 0.000000
v 3.263536 1.255333 0.000000
v 3.263536 1.251333 0.000000
v 3.267000 1.249333 0.000000
v 3.270464 1.251333 0.000000
v 3.270464 1.255333 0.000000
v 3.267000 1.257333 0.070000
v 3.263536 1.255333 0.070000
v 3.263536 1.251333 0.070000
v 3.267000 1.249333 0.070000
v 3.270464 1.251333 0.070000
v 3.270464 1.255333 0.070000
v 3.271500 1.253333 0.065000
v 3.268391 1.253333 0.060720
v 3.263359 1.253333 0.062355
v 3.263359 1.253333 0.067645
v 3.268391 1.253333 0.069280
v 3.271500 1.336000 0.065000
v 3.268391 1.336000 0.060720
v 3.263359 1.336000 0.062355
v 3.263359 1.336000 0.067645
v 3.268391 1.336000 0.069280
v 3.271500 1.336000 0.065000
v 3.268391 1.336000 0.060720
v 3.263359 1.336000 0.062355
v 3.263359 1.336000 0.067645
v 3.268391 1.336000 0.069280
v 3.271500 1.418667 0.065000
v 3.268391 1.418667 0.060720
v 3.263359 1.418667 0.062355
v 3.263359 1.418667 0.067645
v 3.268391 1.418667 0.069280
v 3.271500 1.418667 0.065000
v 3.268391 1.418667 0.060720
v 3.263359 1.418667 0.062355
v 3.263359 1.418667 0.067645
v 3.268391 1.418667 0.069280
v 3.271500 1.501333 0.065000
v 3.268391 1.501333 0.060720
v 3.263359 1.501333 0.062355
v 3.263359 1.501333 0.067645
v 3.268391 1.501333 0.069280
v 3.267000 1.505333 0.000000
v 3.263536 1.503333 0.000000
v 3.263536 1.499333 0.000000
v 3.267000 1.497333 0.000000
v 3.270464 1.499333 0.000000
v 3.270464 1.503333 0.000000
v 3.267000 1.505333 0.070000
v 3.263536 1.503333 0.070000
v 3.263536 1.499333 0.070000
v 3.267000 1.497333 0.070000
v 3.270464 1.499333 0.070000
v 3.270464 1.503333 0.070000
v 3.271500 1.501333 0.065000
v 3.268391 1.501333 0.060720
v 3.263359 1.501333 0.062355
v 3.263359 1.501333 0.067645
v 3.268391 1.501333 0.069280
v 3.271500 1.584000 0.065000
v 3.268391 1.584000 0.060720
v 3.263359 1.584000 0.062355
v 3.263359 1.584000 0.067645
v 3.268391 1.584000 0.069280
v 3.271500 1.584000 0.065000
v 3.268391 1.584000 0.060720
v 3.263359 1.584000 0.062355
v 3.263359 1.584000 0.067645
v 3.268391 1.584000 0.069280
v 3.271500 1.666667 0.065000
v 3.268391 1.666667 0.060720
v 3.263359 1.666667 0.062355
v 3.263359 1.666667 0.067645
v 3.268391 1.666667 0.069280
v 3.271500 1.666667 0.065000
v 3.268391 1.666667 0.060720
v 3.263359 1.666667 0.062355
v 3.263359 1.666667 0.067645
v 3.268391 1.666667 0.069280
v 3.271500 1.749333 0.065000
v 3.268391 1.749333 0.060720
v 3.263359 1.749333 0.062355
v 3.263359 1.749333 0.067645
v 3.268391 1.749333 0.069280
v 3.267000 1.753333 0.000000
v 3.263536 1.751333 0.000000
v 3.263536 1.747333 0.000000
v 3.267000 1.745333 0.000000
v 3.270464 1.747333 0.000000
v 3.270464 1.751333 0.000000
v 3.267000 1.753333 0.070000
v 3.263536 1.751333 0.070000
v 3.263536 1.747333 0.070000
v 3.267000 1.745333 0.070000
v 3.270464 1.747333 0.070000
v 3.270464 1.751333 0.070000
v 3.271500 1.749333 0.065000
v 3.268391 1.749333 0.060720
v 3.263359 1.749333 0.062355
v 3.263359 1.749333 0.067645
v 3.268391 1.749333 0.069280
v 3.271500 1.832000 0.065000
v 3.268391 1.832000 0.060720
v 3.263359 1.832000 0.062355
v 3.263359 1.832000 0.067645
v 3.268391 1.832000 0.069280
v 3.271500 1.832000 0.065000
v 3.268391 1.832000 0.060720
v 3.263359 1.832000 0.062355
v 3.263359 1.832000 0.067645
v 3.268391 1.832000 0.069280
v 3.271500 1.914667 0.065000
v 3.268391 1.914667 0.060720
v 3.263359 1.914667 0.062355
v 3.263359 1.914667 0.067645
v 3.268391 1.914667 0.069280
v 3.271500 1.914667 0.065000
v 3.268391 1.914667 0.060720
v 3.263359 1.914667 0.062355
v 3.263359 1.914667 0.067645
v 3.268391 1.914667 0.069280
v 3.271500 1.997333 0.065000
v 3.268391 1.997333 0.060720
v 3.263359 1.997333 0.062355
v 3.263359 1.997333 0.067645
v 3.268391 1.997333 0.069280
v 3.267000 2.001333 0.000000
v 3.263536 1.999333 0.000000
v 3.263536 1.995333 0.000000
v 3.267000 1.993333 0.000000
v 3.270464 1.995333 0.000000
v 3.270464 1.999333 0.000000
v 3.267000 2.001333 0.070000
v 3.263536 1.999333 0.070000
v 3.263536 1.995333 0.070000
v 3.267000 1.993333 0.070000
v 3.270464 1.995333 0.070000
v 3.270464 1.999333 0.070000
v 3.271500 1.997333 0.065000
v 3.268391 1.997333 0.060720
v 3.263359 1.997333 0.062355
v 3.263359 1.997333 0.067645
v 3.268391 1.997333 0.069280
v 3.271500 2.080000 0.065000
v 3.268391 2.080000 0.060720
v 3.263359 2.080000 0.062355
v 3.263359 2.080000 0.067645
v 3.268391 2.080000 0.069280
v 3.271500 2.080000 0.065000
v 3.268391 2.080000 0.060720
v 3.263359 2.080000 0.062355
v 3.263359 2.080000 0.067645
v 3.268391 2.080000 0.069280
v 3.271500 2.162667 0.065000
v 3.268391 2.162667 0.060720
v 3.263359 2.162667 0.062355
v 3.263359 2.162667 0.067645
v 3.268391 2.162667 0.069280
v 3.271500 2.162667 0.065000
v 3.268391 2.162667 0.060720
v 3.263359 2.162667 0.062355
v 3.263359 2.162667 0.067645
v 3.268391 2.162667 0.069280
v 3.271500 2.245333 0.065000
v 3.268391 2.245333 0.060720
v 3.263359 2.245333 0.062355
v 3.263359 2.245333 0.067645
v 3.268391 2.245333 0.069280
v 3.267000 2.249333 0.000000
v 3.263536 2.247333 0.000000
v 3.263536 2.243333 0.000000
v 3.267000 2.241333 0.000000
v 3.270464 2.243333 0.000000
v 3.270464 2.247333 0.000000
v 3.267000 2.249333 0.070000
v 3.263536 2.247333 0.070000
v 3.263536 2.243333 0.070000
v 3.267000 2.241333 0.070000
v 3.270464 2.243333 0.070000
v 3.270464 2.247333 0.070000
v 3.271500 2.245333 0.065000
v 3.268391 2.245333 0.060720
v 3.263359 2.245333 0.062355
v 3.263359 2.245333 0.067645
v 3.268391 2.245333 0.069280
v 3.271500 2.328000 0.065000
v 3.268391 2.328000 0.060720
v 3.263359 2.328000 0.062355
v 3.263359 2.328000 0.067645
v 3.268391 2.328000 0.069280
v 3.271500 2.328000 0.065000
v 3.268391 2.328000 0.060720
v 3.263359 2.328000 0.062355
v 3.263359 2.328000 0.067645
v 3.268391 2.328000 0.069280
v 3.271500 2.410667 0.065000
v 3.268391 2.410667 0.060720
v 3.263359 2.410667 0.062355
v 3.263359 2.410667 0.067645
v 3.268391 2.410667 0.069280
v 3.271500 2.410667 0.065000
v 3.268391 2.410667 0.060720
v 3.263359 2.410667 0.062355
v 3.263359 2.410667 0.067645
v 3.268391 2.410667 0.069280
v 3.271500 2.493333 0.065000
v 3.268391 2.493333 0.060720
v 3.263359 2.493333 0.062355
v 3.263359 2.493333 0.067645
v 3.268391 2.493333 0.069280
v 3.267000 2.497333 0.000000
v 3.263536 2.495333 0.000000
v 3.263536 2.491333 0.000000
v 3.267000 2.489333 0.000000
v 3.270464 2.491333 0.000000
v 3.270464 2.495333 0.000000
v 3.267000 2.497333 0.070000
v 3.263536 2.495333 0.070000
v 3.263536 2.491333 0.070000
v 3.267000 2.489333 0.070000
v 3.270464 2.491333 0.070000
v 3.270464 2.495333 0.070000
v 3.271500 2.493333 0.065000
v 3.268391 2.493333 0.060720
v 3.263359 2.493333 0.062355
v 3.263359 2.493333 0.067645
v 3.268391 2.493333 0.069280
v 3.271500 2.576000 0.065000
v 3.268391 2.576000 0.060720
v 3.263359 2.576000 0.062355
v 3.263359 2.576000 0.067645
v 3.268391 2.576000 0.069280
v 3.271500 2.576000 0.065000
v 3.268391 2.576000 0.060720
v 3.263359 2.576000 0.062355
v 3.263359 2.576000 0.067645
v 3.268391 2.576000 0.069280
v 3.271500 2.658667 0.065000
v 3.268391 2.658667 0.060720
v 3.263359 2.658667 0.062355
v 3.263359 2.658667 0.067645
v 3.268391 2.658667 0.069280
v 3.271500 2.658667 0.065000
v 3.268391 2.658667 0.060720
v 3.263359 2.658667 0.062355
v 3.263359 2.658667 0.067645
v 3.268391 2.658667 0.069280
v 3.271500 2.741333 0.065000
v 3.268391 2.741333 0.060720
v 3.263359 2.741333 0.062355
v 3.263359 2.741333 0.067645
v 3.268391 2.741333 0.069280
v 3.267000 2.745333 0.000000
v 3.263536 2.743333 0.000000
v 3.263536 2.739333 0.000000
v 3.267000 2.737333 0.000000
v 3.270464 2.739333 0.000000
v 3.270464 2.743333 0.000000
v 3.267000 2.745333 0.070000
v 3.263536 2.743333 0.070000
v 3.263536 2.739333 0.070000
v 3.267000 2.737333 0.070000
v 3.270464 2.739333 0.070000
v 3.270464 2.743333 0.070000
v 3.271500 2.741333 0.065000
v 3.268391 2.741333 0.060720
v 3.263359 2.741333 0.062355
v 3.263359 2.741333 0.067645
v 3.268391 2.741333 0.069280
v 3.271500 2.824000 0.065000
v 3.268391 2.824000 0.060720
v 3.263359 2.824000 0.062355
v 3.263359 2.824000 0.067645
v 3.268391 2.824000 0.069280
v 3.271500 2.824000 0.065000
v 3.268391 2.824000 0.060720
v 3.263359 2.824000 0.062355
v 3.263359 2.824000 0.067645
v 3.268391 2.824000 0.069280
v 3.271500 2.906667 0.065000
v 3.268391 2.906667 0.060720
v 3.263359 2.906667 0.062355
v 3.263359 2.906667 0.067645
v 3.268391 2.906667 0.069280
v 3.271500 2.906667 0.065000
v 3.268391 2.906667 0.060720
v 3.263359 2.906667 0.062355
v 3.263359 2.906667 0.067645
v 3.268391 2.906667 0.069280
v 3.271500 2.989333 0.065000
v 3.268391 2.989333 0.060720
v 3.263359 2.989333 0.062355
v 3.263359 2.989333 0.067645
v 3.268391 2.989333 0.069280
v 3.267000 2.993333 0.000000
v 3.263536 2.991333 0.000000
v 3.263536 2.987333 0.000000
v 3.267000 2.985333 0.000000
v 3.270464 2.987333 0.000000
v 3.270464 2.991333 0.000000
v 3.267000 2.993333 0.070000
v 3.263536 2.991333 0.070000
v 3.263536 2.987333 0.070000
v 3.267000 2.985333 0.070000
v 3.270464 2.987333 0.070000
v 3.270464 2.991333 0.070000
v 3.271500 2.989333 0.065000
v 3.268391 2.989333 0.060720
v 3.263359 2.989333 0.062355
v 3.263359 2.989333 0.067645
v 3.268391 2.989333 0.069280
v 3.271500 3.072000 0.065000
v 3.268391 3.072000 0.060720
v 3.263359 3.072000 0.062355
v 3.263359 3.072000 0.067645
v 3.268391 3.072000 0.069280
v 3.271500 3.072000 0.065000
v 3.268391 3.072000 0.060720
v 3.263359 3.072000 0.062355
v 3.263359 3.072000 0.067645
v 3.268391 3.072000 0.069280
v 3.271500 3.154667 0.065000
v 3.268391 3.154667 0.060720
v 3.263359 3.154667 0.062355
v 3.263359 3.154667 0.067645
v 3.268391 3.154667 0.069280
v 3.271500 3.154667 0.065000
v 3.268391 3.154667 0.060720
v 3.263359 3.154667 0.062355
v 3.263359 3.154667 0.067645
v 3.268391 3.154667 0.069280
v 3.271500 3.237333 0.065000
v 3.268391 3.237333 0.060720
v 3.263359 3.237333 0.062355
v 3.263359 3.237333 0.067645
v 3.268391 3.237333 0.069280
v 3.267000 3.241333 0.000000
v 3.263536 3.239333 0.000000
v 3.263536 3.235333 0.000000
v 3.267000 3.233333 0.000000
v 3.270464 3.235333 0.000000
v 3.270464 3.239333 0.000000
v 3.267000 3.241333 0.070000
v 3.263536 3.239333 0.070000
v 3.263536 3.235333 0.070000
v 3.267000 3.233333 0.070000
v 3.270464 3.235333 0.070000
v 3.270464 3.239333 0.070000
v 3.271500 3.237333 0.065000
v 3.268391 3.237333 0.060720
v 3.263359 3.237333 0.062355
v 3.263359 3.237333 0.067645
v 3.268391 3.237333 0.069280
v 3.271500 3.320000 0.065000
v 3.268391 3.320000 0.060720
v 3.263359 3.320000 0.062355
v 3.263359 3.320000 0.067645
v 3.268391 3.320000 0.069280
v 3.271500 3.320000 0.065000
v 3.268391 3.320000 0.060720
v 3.263359 3.320000 0.062355
v 3.263359 3.320000 0.067645
v 3.268391 3.320000 0.069280
v 3.271500 3.402667 0.065000
v 3.268391 3.402667 0.060720
v 3.263359 3.402667 0.062355
v 3.263359 3.402667 0.067645
v 3.268391 3.402667 0.069280
v 3.271500 3.402667 0.065000
v 3.268391 3.402667 0.060720
v 3.263359 3.402667 0.062355
v 3.263359 3.402667 0.067645
v 3.268391 3.402667 0.069280
v 3.271500 3.485333 0.065000
v 3.268391 3.485333 0.060720
v 3.263359 3.485333 0.062355
v 3.263359 3.485333 0.067645
v 3.268391 3.485333 0.069280
v 3.267000 3.489333 0.000000
v 3.263536 3.487333 0.000000
v 3.263536 3.483333 0.000000
v 3.267000 3.481333 0.000000
v 3.270464 3.483333 0.000000
v 3.270464 3.487333 0.000000
v 3.267000 3.489333 0.070000
v 3.263536 3.487333 0.070000
v 3.263536 3.483333 0.070000
v 3.267000 3.481333 0.070000
v 3.270464 3.483333 0.070000
v 3.270464 3.487333 0.070000
v 3.271500 3.485333 0.065000
v 3.268391 3.485333 0.060720
v 3.263359 3.485333 0.062355
v 3.263359 3.485333 0.067645
v 3.268391 3.485333 0.069280
v 3.271500 3.568000 0.065000
v 3.268391 3.568000 0.060720
v 3.263359 3.568000 0.062355
v 3.263359 3.568000 0.067645
v 3.268391 3.568000 0.069280
v 3.271500 3.568000 0.065000
v 3.268391 3.568000 0.060720
v 3.263359 3.568000 0.062355
v 3.263359 3.568000 0.067645
v 3.268391 3.568000 0.069280
v 3.271500 3.650667 0.065000
v 3.268391 3.650667 0.060720
v 3.263359 3.650667 0.062355
v 3.263359 3.650667 0.067645
v 3.268391 3.650667 0.069280
v 3.271500 3.650667 0.065000
v 3.268391 3.650870 0.060725
v 3.263359 3.650792 0.062358
v 3.263359 3.650541 0.067642
v 3.268391 3.650463 0.069275
v 3.271500 3.712667 0.067950
v 3.268391 3.712870 0.063675
v 3.263359 3.712792 0.065308
v 3.263359 3.712541 0.070592
v 3.268391 3.712463 0.072225
v 3.267000 3.716667 0.002950
v 3.263536 3.714667 0.002950
v 3.263536 3.710667 0.002950
v 3.267000 3.708667 0.002950
v 3.270464 3.710667 0.002950
v 3.270464 3.714667 0.002950
v 3.267000 3.716667 0.072950
v 3.263536 3.714667 0.072950
v 3.263536 3.710667 0.072950
v 3.267000 3.708667 0.072950
v 3.270464 3.710667 0.072950
v 3.270464 3.714667 0.072950
v 3.271500 3.712667 0.067950
v 3.268391 3.712979 0.063682
v 3.263359 3.712860 0.065312
v 3.263359 3.712473 0.070588
v 3.268391 3.712354 0.072219
v 3.271500 3.795333 0.074004
v 3.268391 3.795646 0.069736
v 3.263359 3.795527 0.071366
v 3.263359 3.795140 0.076642
v 3.268391 3.795021 0.078272
v 3.271500 3.795333 0.074004
v 3.268391 3.795646 0.069736
v 3.263359 3.795527 0.071366
v 3.263359 3.795140 0.076642
v 3.268391 3.795021 0.078272
v 3.271500 3.878000 0.080058
v 3.268391 3.878313 0.075789
v 3.263359 3.878193 0.077420
v 3.263359 3.877807 0.082696
v 3.268391 3.877687 0.084326
v 3.271500 3.878000 0.080058
v 3.268391 3.878313 0.075789
v 3.263359 3.878193 0.077420
v 3.263359 3.877807 0.082696
v 3.268391 3.877687 0.084326
v 3.271500 3.960667 0.086111
v 3.268391 3.960979 0.081843
v 3.263359 3.960860 0.083473
v 3.263359 3.960474 0.088749
v 3.268391 3.960354 0.090380
v 3.267000 3.964667 0.021111
v 3.263536 3.962667 0.021111
v 3.263536 3.958667 0.021111
v 3.267000 3.956667 0.021111
v 3.270464 3.958667 0.021111
v 3.270464 3.962667 0.021111
v 3.267000 3.964667 0.091111
v 3.263536 3.962667 0.091111
v 3.263536 3.958667 0.091111
v 3.267000 3.956667 0.091111
v 3.270464 3.958667 0.091111
v 3.270464 3.962667 0.091111
v 3.271500 3.960667 0.086111
v 3.268391 3.960979 0.081843
v 3.263359 3.960860 0.083473
v 3.263359 3.960474 0.088749
v 3.268391 3.960354 0.090380
v 3.271500 4.043334 0.092165
v 3.268391 4.043646 0.087897
v 3.263359 4.043527 0.089527
v 3.263359 4.043140 0.094803
v 3.268391 4.043021 0.096433
v 3.271500 4.043334 0.092165
v 3.268391 4.043646 0.087897
v 3.263359 4.043527 0.089527
v 3.263359 4.043140 0.094803
v 3.268391 4.043021 0.096433
v 3.271500 4.126000 0.098219
v 3.268391 4.126313 0.093950
v 3.263359 4.126193 0.095581
v 3.263359 4.125807 0.100856
v 3.268391 4.125688 0.102487
v 3.271500 4.126000 0.098219
v 3.268391 4.126313 0.093950
v 3.263359 4.126193 0.095581
v 3.263359 4.125807 0.100856
v 3.268391 4.125688 0.102487
v 3.271500 4.208667 0.104272
v 3.268391 4.208979 0.100004
v 3.263359 4.208860 0.101634
v 3.263359 4.208474 0.106910
v 3.268391 4.208354 0.108540
v 3.267000 4.212667 0.039272
v 3.263536 4.210667 0.039272
v 3.263536 4.206666 0.039272
v 3.267000 4.204667 0.039272
v 3.270464 4.206666 0.039272
v 3.270464 4.210667 0.039272
v 3.267000 4.212667 0.109272
v 3.263536 4.210667 0.109272
v 3.263536 4.206666 0.109272
v 3.267000 4.204667 0.109272
v 3.270464 4.206666 0.109272
v 3.270464 4.210667 0.109272
v 3.271500 4.208667 0.104272
v 3.268391 4.208979 0.100004
v 3.263359 4.208860 0.101634
v 3.263359 4.208474 0.106910
v 3.268391 4.208354 0.108540
v 3.271500 4.291333 0.110326
v 3.268391 4.291646 0.106057
v 3.263359 4.291526 0.107688
v 3.263359 4.291140 0.112964
v 3.268391 4.291021 0.114594
v 3.271500 4.291333 0.110326
v 3.268391 4.291646 0.106057
v 3.263359 4.291526 0.107688
v 3.263359 4.291140 0.112964
v 3.268391 4.291021 0.114594
v 3.271500 4.374000 0.116379
v 3.268391 4.374312 0.112111
v 3.263359 4.374193 0.113741
v 3.263359 4.373807 0.119017
v 3.268391 4.373687 0.120648
v 3.271500 4.374000 0.116379
v 3.268391 4.374312 0.112111
v 3.263359 4.374193 0.113741
v 3.263359 4.373807 0.119017
v 3.268391 4.373687 0.120648
v 3.271500 4.456666 0.122433
v 3.268391 4.456979 0.118165
v 3.263359 4.456860 0.119795
v 3.263359 4.456473 0.125071
v 3.268391 4.456354 0.126701
v 3.267000 4.460667 0.057433
v 3.263536 4.458667 0.057433
v 3.263536 4.454667 0.057433
v 3.267000 4.452667 0.057433
v 3.270464 4.454667 0.057433
v 3.270464 4.458667 0.057433
v 3.267000 4.460667 0.127433
v 3.263536 4.458667 0.127433
v 3.263536 4.454667 0.127433
v 3.267000 4.452667 0.127433
v 3.270464 4.454667 0.127433
v 3.270464 4.458667 0.127433
v 3.271500 4.456666 0.122433
v 3.268391 4.456979 0.118165
v 3.263359 4.456860 0.119795
v 3.263359 4.456473 0.125071
v 3.268391 4.456354 0.126701
v 3.271500 4.539333 0.128487
v 3.268391 4.539646 0.124218
v 3.263359 4.539526 0.125849
v 3.263359 4.539140 0.131125
v 3.268391 4.539021 0.132755
v 3.271498 4.539454 0.128487
v 3.268384 4.539614 0.124214
v 3.263357 4.539386 0.125846
v 3.263365 4.539085 0.131127
v 3.268397 4.539127 0.132759
v 3.269378 4.618576 0.133000
v 3.266264 4.618736 0.128727
v 3.261237 4.618508 0.130359
v 3.261245 4.618207 0.135641
v 3.266277 4.618248 0.137273
v 3.269347 4.618997 0.133000
v 3.266234 4.618840 0.128726
v 3.261250 4.618151 0.130358
v 3.261282 4.617882 0.135642
v 3.266287 4.618405 0.137274
v 3.259948 4.696406 0.137000
v 3.256835 4.696249 0.132726
v 3.251851 4.695560 0.134358
v 3.251883 4.695291 0.139642
v 3.256888 4.695814 0.141274
v 3.255481 4.699864 0.072000
v 3.252017 4.697864 0.072000
v 3.252017 4.693864 0.072000
v 3.255481 4.691864 0.072000
v 3.258945 4.693864 0.072000
v 3.258945 4.697864 0.072000
v 3.255481 4.699864 0.142000
v 3.252017 4.697864 0.142000
v 3.252017 4.693864 0.142000
v 3.255481 4.691864 0.142000
v 3.258945 4.693864 0.142000
v 3.258945 4.697864 0.142000
v 3.259875 4.696835 0.137000
v 3.256791 4.696378 0.132726
v 3.251897 4.695211 0.134358
v 3.251955 4.694946 0.139642
v 3.256886 4.695950 0.141274
v 3.243049 4.772976 0.141000
v 3.239965 4.772519 0.136726
v 3.235070 4.771352 0.138358
v 3.235129 4.771087 0.143642
v 3.240060 4.772091 0.145274
v 3.242934 4.773396 0.141000
v 3.239909 4.772643 0.136726
v 3.235150 4.771008 0.138358
v 3.235234 4.770751 0.143642
v 3.240045 4.772226 0.145274
v 3.218838 4.847557 0.145000
v 3.215813 4.846804 0.140726
v 3.211054 4.845170 0.142358
v 3.211138 4.844912 0.147642
v 3.215948 4.846387 0.149274
v 3.218684 4.847963 0.145000
v 3.215745 4.846922 0.140726
v 3.211166 4.844836 0.142358
v 3.211275 4.844588 0.147642
v 3.215920 4.846520 0.149274
v 3.187542 4.919453 0.149000
v 3.184604 4.918412 0.144726
v 3.180025 4.916326 0.146358
v 3.180133 4.916078 0.151642
v 3.184779 4.918010 0.153274
v 3.183417 4.921656 0.084000
v 3.179952 4.919656 0.084000
v 3.179952 4.915656 0.084000
v 3.183417 4.913656 0.084000
v 3.186881 4.915656 0.084000
v 3.186881 4.919656 0.084000
v 3.183417 4.921656 0.154000
v 3.179952 4.919656 0.154000
v 3.179952 4.915656 0.154000
v 3.183417 4.913656 0.154000
v 3.186881 4.915656 0.154000
v 3.186881 4.919656 0.154000
v 3.187349 4.919843 0.149000
v 3.184525 4.918523 0.144726
v 3.180169 4.916005 0.146358
v 3.180301 4.915768 0.151642
v 3.184738 4.918140 0.153274
v 3.149453 4.987993 0.153000
v 3.146629 4.986673 0.148726
v 3.142273 4.984155 0.150358
v 3.142405 4.983918 0.155642
v 3.146842 4.986290 0.157274
v 3.149224 4.988362 0.153000
v 3.146540 4.986776 0.148726
v 3.142447 4.983849 0.150358
v 3.142601 4.983626 0.155642
v 3.146790 4.986415 0.157274
v 3.104928 5.052536 0.157000
v 3.102244 5.050951 0.152726
v 3.098151 5.048024 0.154358
v 3.098305 5.047801 0.159642
v 3.102493 5.050590 0.161274
v 3.104664 5.052882 0.157000
v 3.102146 5.051044 0.152726
v 3.098354 5.047736 0.154358
v 3.098529 5.047529 0.159642
v 3.102428 5.050709 0.161274
v 3.054380 5.112482 0.161000
v 3.051862 5.110644 0.156726
v 3.048071 5.107336 0.158358
v 3.048246 5.107129 0.163642
v 3.052145 5.110309 0.165274
v 3.050941 5.113580 0.096000
v 3.047477 5.111580 0.096000
v 3.047477 5.107580 0.096000
v 3.050941 5.105580 0.096000
v 3.054405 5.107580 0.096000
v 3.054405 5.111580 0.096000
v 3.050941 5.113580 0.166000
v 3.047477 5.111580 0.166000
v 3.047477 5.107580 0.166000
v 3.050941 5.105580 0.166000
v 3.054405 5.107580 0.166000
v 3.054405 5.111580 0.166000
v 3.054084 5.112800 0.161000
v 3.051755 5.110728 0.156726
v 3.048301 5.107069 0.158358
v 3.048495 5.106880 0.163642
v 3.052069 5.110422 0.165274
v 2.998283 5.167268 0.165000
v 2.995955 5.165196 0.160726
v 2.992500 5.161538 0.162358
v 2.992694 5.161348 0.167642
v 2.996268 5.164890 0.169274
v 2.997958 5.167557 0.165000
v 2.995840 5.165270 0.160726
v 2.992755 5.161294 0.162358
v 2.992966 5.161125 0.167642
v 2.996182 5.164995 0.169274
v 2.937160 5.216385 0.169000
v 2.935043 5.214098 0.164726
v 2.931957 5.210123 0.166358
v 2.932169 5.209953 0.171642
v 2.935385 5.213824 0.173274
v 2.936809 5.216641 0.169000
v 2.934921 5.214160 0.164726
v 2.932234 5.209906 0.166358
v 2.932461 5.209757 0.171642
v 2.935288 5.213920 0.173274
v 2.871583 5.259374 0.173000
v 2.869695 5.256893 0.168726
v 2.867008 5.252638 0.170358
v 2.867235 5.252490 0.175642
v 2.870062 5.256652 0.177274
v 2.869117 5.259610 0.108000
v 2.865653 5.257609 0.108000
v 2.865653 5.253610 0.108000
v 2.869117 5.251609 0.108000
v 2.872581 5.253610 0.108000
v 2.872581 5.257609 0.108000
v 2.869117 5.259610 0.178000
v 2.865653 5.257609 0.178000
v 2.865653 5.253610 0.178000
v 2.869117 5.251609 0.178000
v 2.872581 5.253610 0.178000
v 2.872581 5.257609 0.178000
v 2.871208 5.259594 0.173000
v 2.869569 5.256943 0.168726
v 2.867305 5.252449 0.170358
v 2.867545 5.252323 0.175642
v 2.869957 5.256739 0.177274
v 2.802162 5.295832 0.177000
v 2.800523 5.293181 0.172726
v 2.798259 5.288687 0.174358
v 2.798499 5.288561 0.179642
v 2.800911 5.292977 0.181274
v 2.801768 5.296015 0.177000
v 2.800392 5.293218 0.172726
v 2.798572 5.288527 0.174358
v 2.798823 5.288424 0.179642
v 2.800798 5.293053 0.181274
v 2.729547 5.325420 0.181000
v 2.728171 5.322623 0.176726
v 2.726351 5.317932 0.178358
v 2.726602 5.317830 0.183642
v 2.728577 5.322458 0.185274
v 2.729136 5.325565 0.181000
v 2.728037 5.322648 0.176726
v 2.726679 5.317803 0.178358
v 2.726938 5.317725 0.183642
v 2.728457 5.322523 0.185274
v 2.654414 5.347862 0.185000
v 2.653315 5.344945 0.180726
v 2.651957 5.340100 0.182358
v 2.652217 5.340023 0.187642
v 2.653735 5.344820 0.189274
v 2.653128 5.347550 0.120000
v 2.649664 5.345550 0.120000
v 2.649664 5.341550 0.120000
v 2.653128 5.339550 0.120000
v 2.656592 5.341550 0.120000
v 2.656592 5.345550 0.120000
v 2.653128 5.347550 0.190000
v 2.649664 5.345550 0.190000
v 2.649664 5.341550 0.190000
v 2.653128 5.339550 0.190000
v 2.656592 5.341550 0.190000
v 2.656592 5.345550 0.190000
v 2.653992 5.347966 0.185000
v 2.653180 5.344957 0.180726
v 2.652295 5.340003 0.182358
v 2.652561 5.339951 0.187642
v 2.653610 5.344872 0.189274
v 2.577467 5.362948 0.189000
v 2.576655 5.359939 0.184726
v 2.575770 5.354985 0.186358
v 2.576036 5.354933 0.191642
v 2.577085 5.359854 0.193274
v 2.577037 5.363011 0.189000
v 2.576519 5.359937 0.184726
v 2.576116 5.354921 0.186358
v 2.576386 5.354895 0.191642
v 2.576955 5.359895 0.193274
v 2.499423 5.370537 0.193000
v 2.498905 5.367463 0.188726
v 2.498503 5.362447 0.190358
v 2.498772 5.362421 0.195642
v 2.499341 5.367421 0.197274
v 2.499039 5.370557 0.193000
v 2.498904 5.367449 0.188721
v 2.498887 5.362418 0.190356
v 2.499011 5.362417 0.195644
v 2.499104 5.367447 0.197279
v 2.413764 5.371500 0.195000
v 2.413629 5.368392 0.190721
v 2.413612 5.363360 0.192356
v 2.413736 5.363359 0.197644
v 2.413830 5.368390 0.199279
v 2.413714 5.371000 0.130000
v 2.410250 5.369000 0.130000
v 2.410250 5.365000 0.130000
v 2.413714 5.363000 0.130000
v 2.417178 5.365000 0.130000
v 2.417178 5.369000 0.130000
v 2.413714 5.371000 0.200000
v 2.410250 5.369000 0.200000
v 2.410250 5.365000 0.200000
v 2.413714 5.363000 0.200000
v 2.417178 5.365000 0.200000
v 2.417178 5.369000 0.200000
v 2.413714 5.371500 0.195000
v 2.413714 5.368391 0.190720
v 2.413714 5.363359 0.192355
v 2.413714 5.363359 0.197645
v 2.413714 5.368391 0.199280
v 2.321143 5.371500 0.195000
v 2.321143 5.368391 0.190720
v 2.321143 5.363359 0.192355
v 2.321143 5.363359 0.197645
v 2.321143 5.368391 0.199280
v 2.321143 5.371500 0.195000
v 2.321143 5.368391 0.190720
v 2.321143 5.363359 0.192355
v 2.321143 5.363359 0.197645
v 2.321143 5.368391 0.199280
v 2.228571 5.371500 0.195000
v 2.228571 5.368391 0.190720
v 2.228571 5.363359 0.192355
v 2.228571 5.363359 0.197645
v 2.228571 5.368391 0.199280
v 2.228571 5.371500 0.195000
v 2.228571 5.368391 0.190720
v 2.228571 5.363359 0.192355
v 2.228571 5.363359 0.197645
v 2.228571 5.368391 0.199280
v 2.136000 5.371500 0.195000
v 2.136000 5.368391 0.190720
v 2.136000 5.363359 0.192355
v 2.136000 5.363359 0.197645
v 2.136000 5.368391 0.199280
v 2.136000 5.371000 0.130000
v 2.132536 5.369000 0.130000
v 2.132536 5.365000 0.130000
v 2.136000 5.363000 0.130000
v 2.139464 5.365000 0.130000
v 2.139464 5.369000 0.130000
v 2.136000 5.371000 0.200000
v 2.132536 5.369000 0.200000
v 2.132536 5.365000 0.200000
v 2.136000 5.363000 0.200000
v 2.139464 5.365000 0.200000
v 2.139464 5.369000 0.200000
v 2.136000 5.371500 0.195000
v 2.136000 5.368391 0.190720
v 2.136000 5.363359 0.192355
v 2.136000 5.363359 0.197645
v 2.136000 5.368391 0.199280
v 2.043429 5.371500 0.195000
v 2.043429 5.368391 0.190720
v 2.043429 5.363359 0.192355
v 2.043429 5.363359 0.197645
v 2.043429 5.368391 0.199280
v 2.043429 5.371500 0.195000
v 2.043429 5.368391 0.190720
v 2.043429 5.363359 0.192355
v 2.043429 5.363359 0.197645
v 2.043429 5.368391 0.199280
v 1.950857 5.371500 0.195000
v 1.950857 5.368391 0.190720
v 1.950857 5.363359 0.192355
v 1.950857 5.363359 0.197645
v 1.950857 5.368391 0.199280
v 1.950857 5.371500 0.195000
v 1.950857 5.368391 0.190720
v 1.950857 5.363359 0.192355
v 1.950857 5.363359 0.197645
v 1.950857 5.368391 0.199280
v 1.858286 5.371500 0.195000
v 1.858286 5.368391 0.190720
v 1.858286 5.363359 0.192355
v 1.858286 5.363359 0.197645
v 1.858286 5.368391 0.199280
v 1.858286 5.371000 0.130000
v 1.854822 5.369000 0.130000
v 1.854822 5.365000 0.130000
v 1.858286 5.363000 0.130000
v 1.861750 5.365000 0.130000
v 1.861750 5.369000 0.130000
v 1.858286 5.371000 0.200000
v 1.854822 5.369000 0.200000
v 1.854822 5.365000 0.200000
v 1.858286 5.363000 0.200000
v 1.861750 5.365000 0.200000
v 1.861750 5.369000 0.200000
v 1.858286 5.371500 0.195000
v 1.858286 5.368391 0.190720
v 1.858286 5.363359 0.192355
v 1.858286 5.363359 0.197645
v 1.858286 5.368391 0.199280
v 1.765714 5.371500 0.195000
v 1.765714 5.368391 0.190720
v 1.765714 5.363359 0.192355
v 1.765714 5.363359 0.197645
v 1.765714 5.368391 0.199280
v 1.765714 5.371500 0.195000
v 1.765714 5.368391 0.190720
v 1.765714 5.363359 0.192355
v 1.765714 5.363359 0.197645
v 1.765714 5.368391 0.199280
v 1.673143 5.371500 0.195000
v 1.673143 5.368391 0.190720
v 1.673143 5.363359 0.192355
v 1.673143 5.363359 0.197645
v 1.673143 5.368391 0.199280
v 1.673143 5.371500 0.195000
v 1.673143 5.368391 0.190720
v 1.673143 5.363359 0.192355
v 1.673143 5.363359 0.197645
v 1.673143 5.368391 0.199280
v 1.580571 5.371500 0.195000
v 1.580571 5.368391 0.190720
v 1.580571 5.363359 0.192355
v 1.580571 5.363359 0.197645
v 1.580571 5.368391 0.199280
v 1.580571 5.371000 0.130000
v 1.577107 5.369000 0.130000
v 1.577107 5.365000 0.130000
v 1.580571 5.363000 0.130000
v 1.584036 5.365000 0.130000
v 1.584036 5.369000 0.130000
v 1.580571 5.371000 0.200000
v 1.577107 5.369000 0.200000
v 1.577107 5.365000 0.200000
v 1.580571 5.363000 0.200000
v 1.584036 5.365000 0.200000
v 1.584036 5.369000 0.200000
v 1.580571 5.371500 0.195000
v 1.580571 5.368391 0.190720
v 1.580571 5.363359 0.192355
v 1.580571 5.363359 0.197645
v 1.580571 5.368391 0.199280
v 1.488000 5.371500 0.195000
v 1.488000 5.368391 0.190720
v 1.488000 5.363359 0.192355
v 1.488000 5.363359 0.197645
v 1.488000 5.368391 0.199280
v 1.488000 5.371500 0.195000
v 1.488000 5.368391 0.190720
v 1.488000 5.363359 0.192355
v 1.488000 5.363359 0.197645
v 1.488000 5.368391 0.199280
v 1.395429 5.371500 0.195000
v 1.395429 5.368391 0.190720
v 1.395429 5.363359 0.192355
v 1.395429 5.363359 0.197645
v 1.395429 5.368391 0.199280
v 1.395429 5.371500 0.195000
v 1.395429 5.368391 0.190720
v 1.395429 5.363359 0.192355
v 1.395429 5.363359 0.197645
v 1.395429 5.368391 0.199280
v 1.302857 5.371500 0.195000
v 1.302857 5.368391 0.190720
v 1.302857 5.363359 0.192355
v 1.302857 5.363359 0.197645
v 1.302857 5.368391 0.199280
v 1.302857 5.371000 0.130000
v 1.299393 5.369000 0.130000
v 1.299393 5.365000 0.130000
v 1.302857 5.363000 0.130000
v 1.306321 5.365000 0.130000
v 1.306321 5.369000 0.130000
v 1.302857 5.371000 0.200000
v 1.299393 5.369000 0.200000
v 1.299393 5.365000 0.200000
v 1.302857 5.363000 0.200000
v 1.306321 5.365000 0.200000
v 1.306321 5.369000 0.200000
v 1.302857 5.371500 0.195000
v 1.302857 5.368391 0.190720
v 1.302857 5.363359 0.192355
v 1.302857 5.363359 0.197645
v 1.302857 5.368391 0.199280
v 1.210286 5.371500 0.195000
v 1.210286 5.368391 0.190720
v 1.210286 5.363359 0.192355
v 1.210286 5.363359 0.197645
v 1.210286 5.368391 0.199280
v 1.210286 5.371500 0.195000
v 1.210286 5.368391 0.190720
v 1.210286 5.363359 0.192355
v 1.210286 5.363359 0.197645
v 1.210286 5.368391 0.199280
v 1.117714 5.371500 0.195000
v 1.117714 5.368391 0.190720
v 1.117714 5.363359 0.192355
v 1.117714 5.363359 0.197645
v 1.117714 5.368391 0.199280
v 1.117714 5.371500 0.195000
v 1.117714 5.368391 0.190720
v 1.117714 5.363359 0.192355
v 1.117714 5.363359 0.197645
v 1.117714 5.368391 0.199280
v 1.025143 5.371500 0.195000
v 1.025143 5.368391 0.190720
v 1.025143 5.363359 0.192355
v 1.025143 5.363359 0.197645
v 1.025143 5.368391 0.199280
v 1.025143 5.371000 0.130000
v 1.021679 5.369000 0.130000
v 1.021679 5.365000 0.130000
v 1.025143 5.363000 0.130000
v 1.028607 5.365000 0.130000
v 1.028607 5.369000 0.130000
v 1.025143 5.371000 0.200000
v 1.021679 5.369000 0.200000
v 1.021679 5.365000 0.200000
v 1.025143 5.363000 0.200000
v 1.028607 5.365000 0.200000
v 1.028607 5.369000 0.200000
v 1.025143 5.371500 0.195000
v 1.025143 5.368391 0.190720
v 1.025143 5.363359 0.192355
v 1.025143 5.363359 0.197645
v 1.025143 5.368391 0.199280
v 0.932571 5.371500 0.195000
v 0.932571 5.368391 0.190720
v 0.932571 5.363359 0.192355
v 0.932571 5.363359 0.197645
v 0.932571 5.368391 0.199280
v 0.932571 5.371500 0.195000
v 0.932571 5.368391 0.190720
v 0.932571 5.363359 0.192355
v 0.932571 5.363359 0.197645
v 0.932571 5.368391 0.199280
v 0.840000 5.371500 0.195000
v 0.840000 5.368391 0.190720
v 0.840000 5.363359 0.192355
v 0.840000 5.363359 0.197645
v 0.840000 5.368391 0.199280
v 0.839783 5.371495 0.195000
v 0.840152 5.368400 0.190726
v 0.840311 5.363370 0.192358
v 0.840041 5.363357 0.197642
v 0.839714 5.368378 0.199274
v 0.761896 5.367727 0.191000
v 0.762265 5.364632 0.186726
v 0.762425 5.359603 0.188358
v 0.762154 5.359590 0.193642
v 0.761827 5.364611 0.195274
v 0.762113 5.367233 0.126000
v 0.758649 5.365232 0.126000
v 0.758649 5.361233 0.126000
v 0.762113 5.359232 0.126000
v 0.765577 5.361233 0.126000
v 0.765577 5.365232 0.126000
v 0.762113 5.367233 0.196000
v 0.758649 5.365232 0.196000
v 0.758649 5.361233 0.196000
v 0.762113 5.359232 0.196000
v 0.765577 5.361233 0.196000
v 0.765577 5.365232 0.196000
v 0.761463 5.367685 0.191000
v 0.762129 5.364640 0.186726
v 0.762773 5.359650 0.188358
v 0.762505 5.359611 0.193642
v 0.761695 5.364577 0.195274
v 0.684304 5.356419 0.187000
v 0.684970 5.353374 0.182726
v 0.685614 5.348383 0.184358
v 0.685346 5.348344 0.189642
v 0.684536 5.353310 0.191274
v 0.683877 5.356335 0.187000
v 0.684834 5.353368 0.182726
v 0.685957 5.348464 0.184358
v 0.685693 5.348399 0.189642
v 0.684408 5.353263 0.191274
v 0.608165 5.337674 0.183000
v 0.609122 5.334707 0.178726
v 0.610245 5.329802 0.180358
v 0.609982 5.329737 0.185642
v 0.608696 5.334602 0.187274
v 0.607748 5.337549 0.183000
v 0.608987 5.334689 0.178726
v 0.610578 5.329915 0.180358
v 0.610322 5.329825 0.185642
v 0.608573 5.334543 0.187274
v 0.534191 5.311668 0.179000
v 0.535430 5.308807 0.174726
v 0.537021 5.304034 0.176358
v 0.536765 5.303944 0.181642
v 0.535016 5.308662 0.183274
v 0.535684 5.311423 0.114000
v 0.532220 5.309423 0.114000
v 0.532220 5.305423 0.114000
v 0.535684 5.303423 0.114000
v 0.539149 5.305423 0.114000
v 0.539149 5.309423 0.114000
v 0.535684 5.311423 0.184000
v 0.532220 5.309423 0.184000
v 0.532220 5.305423 0.184000
v 0.535684 5.303423 0.184000
v 0.539149 5.305423 0.184000
v 0.539149 5.309423 0.184000
v 0.533788 5.311504 0.179000
v 0.535297 5.308776 0.174726
v 0.537341 5.304179 0.176358
v 0.537096 5.304064 0.181642
v 0.534900 5.308592 0.183274
v 0.463072 5.278644 0.175000
v 0.464581 5.275917 0.170726
v 0.466625 5.271318 0.172358
v 0.466380 5.271204 0.177642
v 0.464184 5.275732 0.179274
v 0.462687 5.278442 0.175000
v 0.464452 5.275873 0.170726
v 0.466931 5.271493 0.172358
v 0.466697 5.271356 0.177642
v 0.464074 5.275651 0.179274
v 0.395473 5.238910 0.171000
v 0.397238 5.236341 0.166726
v 0.399716 5.231962 0.168358
v 0.399483 5.231825 0.173642
v 0.396860 5.236119 0.175274
v 0.395109 5.238672 0.171000
v 0.397114 5.236285 0.166726
v 0.400003 5.232166 0.168358
v 0.399784 5.232007 0.173642
v 0.396759 5.236028 0.175274
v 0.332024 5.192838 0.167000
v 0.334029 5.190451 0.162726
v 0.336918 5.186332 0.164358
v 0.336699 5.186172 0.169642
v 0.333674 5.190193 0.171274
v 0.334669 5.193197 0.102000
v 0.331204 5.191197 0.102000
v 0.331204 5.187197 0.102000
v 0.334669 5.185197 0.102000
v 0.338133 5.187197 0.102000
v 0.338133 5.191197 0.102000
v 0.334669 5.193197 0.172000
v 0.331204 5.191197 0.172000
v 0.331204 5.187197 0.172000
v 0.334669 5.185197 0.172000
v 0.338133 5.187197 0.172000
v 0.338133 5.191197 0.172000
v 0.331684 5.192565 0.167000
v 0.333911 5.190383 0.162726
v 0.337184 5.186562 0.164358
v 0.336981 5.186382 0.169642
v 0.333582 5.190093 0.171274
v 0.273317 5.140857 0.163000
v 0.275543 5.138675 0.158726
v 0.278817 5.134853 0.160358
v 0.278614 5.134674 0.165642
v 0.275215 5.138384 0.167274
v 0.273006 5.140553 0.163000
v 0.275432 5.138596 0.158726
v 0.279059 5.135108 0.160358
v 0.278875 5.134910 0.165642
v 0.275134 5.138275 0.167274
v 0.219902 5.083452 0.159000
v 0.222328 5.081495 0.154726
v 0.225955 5.078008 0.156358
v 0.225771 5.077809 0.161642
v 0.222030 5.081174 0.163274
v 0.219622 5.083120 0.159000
v 0.222225 5.081406 0.154726
v 0.226172 5.078285 0.156358
v 0.226008 5.078070 0.161642
v 0.221959 5.081058 0.163274
v 0.172276 5.021161 0.155000
v 0.174880 5.019447 0.150726
v 0.178827 5.016325 0.152358
v 0.178662 5.016110 0.157642
v 0.174614 5.019098 0.159274
v 0.175852 5.022428 0.090000
v 0.172388 5.020428 0.090000
v 0.172388 5.016428 0.090000
v 0.175852 5.014428 0.090000
v 0.179316 5.016428 0.090000
v 0.179316 5.020428 0.090000
v 0.175852 5.022428 0.160000
v 0.172388 5.020428 0.160000
v 0.172388 5.016428 0.160000
v 0.175852 5.014428 0.160000
v 0.179316 5.016428 0.160000
v 0.179316 5.020428 0.160000
v 0.172029 5.020802 0.155000
v 0.174786 5.019348 0.150726
v 0.179016 5.016623 0.152358
v 0.178873 5.016392 0.157642
v 0.174555 5.018976 0.159274
v 0.130885 4.954563 0.151000
v 0.133642 4.953109 0.146726
v 0.137872 4.950383 0.148358
v 0.137729 4.950152 0.153642
v 0.133411 4.952736 0.155274
v 0.130674 4.954183 0.151000
v 0.133558 4.953001 0.146726
v 0.138031 4.950696 0.148358
v 0.137911 4.950454 0.153642
v 0.133364 4.952609 0.155274
v 0.096115 4.884282 0.147000
v 0.098999 4.883100 0.142726
v 0.103472 4.880795 0.144358
v 0.103352 4.880552 0.149642
v 0.098805 4.882707 0.151274
v 0.095941 4.883883 0.147000
v 0.098926 4.882985 0.142726
v 0.103601 4.881123 0.144358
v 0.103505 4.880869 0.149642
v 0.098771 4.882576 0.151274
v 0.068290 4.810972 0.143000
v 0.071275 4.810075 0.138726
v 0.075949 4.808212 0.140358
v 0.075853 4.807959 0.145642
v 0.071119 4.809665 0.147274
v 0.072497 4.813377 0.078000
v 0.069033 4.811377 0.078000
v 0.069033 4.807377 0.078000
v 0.072497 4.805377 0.078000
v 0.075961 4.807377 0.078000
v 0.075961 4.811377 0.078000
v 0.072497 4.813377 0.148000
v 0.069033 4.811377 0.148000
v 0.069033 4.807377 0.148000
v 0.072497 4.805377 0.148000
v 0.075961 4.807377 0.148000
v 0.075961 4.811377 0.148000
v 0.068155 4.810559 0.143000
v 0.071213 4.809954 0.138726
v 0.076046 4.808551 0.140358
v 0.075974 4.808290 0.145642
v 0.071098 4.809530 0.147274
v 0.047670 4.735320 0.139000
v 0.050728 4.734715 0.134726
v 0.055560 4.733312 0.136358
v 0.055489 4.733051 0.141642
v 0.050613 4.734292 0.143274
v 0.047576 4.734895 0.139000
v 0.050678 4.734588 0.134726
v 0.055623 4.733658 0.136358
v 0.055578 4.733391 0.141642
v 0.050604 4.734156 0.143274
v 0.034448 4.658031 0.135000
v 0.037550 4.657723 0.130726
v 0.042495 4.656794 0.132358
v 0.042450 4.656527 0.137642
v 0.037476 4.657291 0.139274
v 0.034396 4.657599 0.135000
v 0.037513 4.657592 0.130726
v 0.042525 4.657145 0.132358
v 0.042505 4.656874 0.137642
v 0.037481 4.657155 0.139274
v 0.028747 4.579826 0.131000
v 0.031865 4.579820 0.126726
v 0.036876 4.579371 0.128358
v 0.036857 4.579101 0.133642
v 0.031833 4.579382 0.135274
v 0.033236 4.583500 0.066000
v 0.029772 4.581500 0.066000
v 0.029772 4.577500 0.066000
v 0.033236 4.575500 0.066000
v 0.036700 4.577500 0.066000
v 0.036700 4.581500 0.066000
v 0.033236 4.583500 0.136000
v 0.029772 4.581500 0.136000
v 0.029772 4.577500 0.136000
v 0.033236 4.575500 0.136000
v 0.036700 4.577500 0.136000
v 0.036700 4.581500 0.136000
v 0.028736 4.579513 0.131000
v 0.031846 4.579794 0.126730
v 0.036877 4.579669 0.128361
v 0.036876 4.579310 0.133639
v 0.031844 4.579214 0.135270
v 0.028500 4.498013 0.125460
v 0.031610 4.498294 0.121190
v 0.036641 4.498169 0.122821
v 0.036640 4.497810 0.128099
v 0.031609 4.497714 0.129730
v 0.028500 4.498000 0.125460
v 0.031609 4.498312 0.121191
v 0.036641 4.498193 0.122822
v 0.036641 4.497807 0.128098
v 0.031609 4.497687 0.129728
v 0.028500 4.415333 0.119406
v 0.031609 4.415646 0.115138
v 0.036641 4.415526 0.116768
v 0.036641 4.415140 0.122044
v 0.031609 4.415021 0.123674
v 0.028500 4.415333 0.119406
v 0.031609 4.415646 0.115138
v 0.036641 4.415526 0.116768
v 0.036641 4.415140 0.122044
v 0.031609 4.415021 0.123674
v 0.028500 4.332667 0.113353
v 0.031609 4.332979 0.109084
v 0.036641 4.332860 0.110715
v 0.036641 4.332473 0.115991
v 0.031609 4.332354 0.117621
v 0.033000 4.336667 0.048353
v 0.029536 4.334667 0.048353
v 0.029536 4.330667 0.048353
v 0.033000 4.328667 0.048353
v 0.036464 4.330667 0.048353
v 0.036464 4.334667 0.048353
v 0.033000 4.336667 0.118353
v 0.029536 4.334667 0.118353
v 0.029536 4.330667 0.118353
v 0.033000 4.328667 0.118353
v 0.036464 4.330667 0.118353
v 0.036464 4.334667 0.118353
v 0.028500 4.332667 0.113353
v 0.031609 4.332979 0.109084
v 0.036641 4.332860 0.110715
v 0.036641 4.332473 0.115991
v 0.031609 4.332354 0.117621
v 0.028500 4.250000 0.107299
v 0.031609 4.250312 0.103031
v 0.036641 4.250193 0.104661
v 0.036641 4.249807 0.109937
v 0.031609 4.249688 0.111567
v 0.028500 4.250000 0.107299
v 0.031609 4.250312 0.103031
v 0.036641 4.250193 0.104661
v 0.036641 4.249807 0.109937
v 0.031609 4.249688 0.111567
v 0.028500 4.167333 0.101245
v 0.031609 4.167646 0.096977
v 0.036641 4.167527 0.098607
v 0.036641 4.167140 0.103883
v 0.031609 4.167021 0.105514
v 0.028500 4.167333 0.101245
v 0.031609 4.167646 0.096977
v 0.036641 4.167527 0.098607
v 0.036641 4.167140 0.103883
v 0.031609 4.167021 0.105514
v 0.028500 4.084667 0.095192
v 0.031609 4.084979 0.090923
v 0.036641 4.084860 0.092554
v 0.036641 4.084474 0.097830
v 0.031609 4.084354 0.099460
v 0.033000 4.088666 0.030192
v 0.029536 4.086667 0.030192
v 0.029536 4.082667 0.030192
v 0.033000 4.080667 0.030192
v 0.036464 4.082667 0.030192
v 0.036464 4.086667 0.030192
v 0.033000 4.088666 0.100192
v 0.029536 4.086667 0.100192
v 0.029536 4.082667 0.100192
v 0.033000 4.080667 0.100192
v 0.036464 4.082667 0.100192
v 0.036464 4.086667 0.100192
v 0.028500 4.084667 0.095192
v 0.031609 4.084979 0.090923
v 0.036641 4.084860 0.092554
v 0.036641 4.084474 0.097830
v 0.031609 4.084354 0.099460
v 0.028500 4.002000 0.089138
v 0.031609 4.002313 0.084870
v 0.036641 4.002193 0.086500
v 0.036641 4.001807 0.091776
v 0.031609 4.001688 0.093406
v 0.028500 4.002000 0.089138
v 0.031609 4.002313 0.084870
v 0.036641 4.002193 0.086500
v 0.036641 4.001807 0.091776
v 0.031609 4.001688 0.093406
v 0.028500 3.919333 0.083084
v 0.031609 3.919646 0.078816
v 0.036641 3.919527 0.080446
v 0.036641 3.919140 0.085722
v 0.031609 3.919021 0.087353
v 0.028500 3.919333 0.083084
v 0.031609 3.919646 0.078816
v 0.036641 3.919527 0.080446
v 0.036641 3.919140 0.085722
v 0.031609 3.919021 0.087353
v 0.028500 3.836667 0.077031
v 0.031609 3.836979 0.072763
v 0.036641 3.836860 0.074393
v 0.036641 3.836473 0.079669
v 0.031609 3.836354 0.081299
v 0.033000 3.840667 0.012031
v 0.029536 3.838667 0.012031
v 0.029536 3.834667 0.012031
v 0.033000 3.832667 0.012031
v 0.036464 3.834667 0.012031
v 0.036464 3.838667 0.012031
v 0.033000 3.840667 0.082031
v 0.029536 3.838667 0.082031
v 0.029536 3.834667 0.082031
v 0.033000 3.832667 0.082031
v 0.036464 3.834667 0.082031
v 0.036464 3.838667 0.082031
v 0.028500 3.836667 0.077031
v 0.031609 3.836979 0.072763
v 0.036641 3.836860 0.074393
v 0.036641 3.836473 0.079669
v 0.031609 3.836354 0.081299
v 0.028500 3.754000 0.070977
v 0.031609 3.754313 0.066709
v 0.036641 3.754193 0.068339
v 0.036641 3.753807 0.073615
v 0.031609 3.753687 0.075246
v 0.028500 3.754000 0.070977
v 0.031609 3.754313 0.066709
v 0.036641 3.754193 0.068339
v 0.036641 3.753807 0.073615
v 0.031609 3.753687 0.075246
v 0.028500 3.672377 0.065000
v 0.031609 3.672689 0.060732
v 0.036641 3.672570 0.062362
v 0.036641 3.672184 0.067638
v 0.031609 3.672064 0.069268
v 0.028500 3.672377 0.065000
v 0.031609 3.672377 0.060720
v 0.036641 3.672377 0.062355
v 0.036641 3.672377 0.067645
v 0.031609 3.672377 0.069280
v 0.028500 3.609333 0.065000
v 0.031609 3.609333 0.060720
v 0.036641 3.609333 0.062355
v 0.036641 3.609333 0.067645
v 0.031609 3.609333 0.069280
v 0.033000 3.613333 0.000000
v 0.029536 3.611333 0.000000
v 0.029536 3.607333 0.000000
v 0.033000 3.605333 0.000000
v 0.036464 3.607333 0.000000
v 0.036464 3.611333 0.000000
v 0.033000 3.613333 0.070000
v 0.029536 3.611333 0.070000
v 0.029536 3.607333 0.070000
v 0.033000 3.605333 0.070000
v 0.036464 3.607333 0.070000
v 0.036464 3.611333 0.070000
v 0.028500 3.609333 0.065000
v 0.031609 3.609333 0.060720
v 0.036641 3.609333 0.062355
v 0.036641 3.609333 0.067645
v 0.031609 3.609333 0.069280
v 0.028500 3.526667 0.065000
v 0.031609 3.526667 0.060720
v 0.036641 3.526667 0.062355
v 0.036641 3.526667 0.067645
v 0.031609 3.526667 0.069280
v 0.028500 3.526667 0.065000
v 0.031609 3.526667 0.060720
v 0.036641 3.526667 0.062355
v 0.036641 3.526667 0.067645
v 0.031609 3.526667 0.069280
v 0.028500 3.444000 0.065000
v 0.031609 3.444000 0.060720
v 0.036641 3.444000 0.062355
v 0.036641 3.444000 0.067645
v 0.031609 3.444000 0.069280
v 0.028500 3.444000 0.065000
v 0.031609 3.444000 0.060720
v 0.036641 3.444000 0.062355
v 0.036641 3.444000 0.067645
v 0.031609 3.444000 0.069280
v 0.028500 3.361333 0.065000
v 0.031609 3.361333 0.060720
v 0.036641 3.361333 0.062355
v 0.036641 3.361333 0.067645
v 0.031609 3.361333 0.069280
v 0.033000 3.365333 0.000000
v 0.029536 3.363333 0.000000
v 0.029536 3.359333 0.000000
v 0.033000 3.357333 0.000000
v 0.036464 3.359333 0.000000
v 0.036464 3.363333 0.000000
v 0.033000 3.365333 0.070000
v 0.029536 3.363333 0.070000
v 0.029536 3.359333 0.070000
v 0.033000 3.357333 0.070000
v 0.036464 3.359333 0.070000
v 0.036464 3.363333 0.070000
v 0.028500 3.361333 0.065000
v 0.031609 3.361333 0.060720
v 0.036641 3.361333 0.062355
v 0.036641 3.361333 0.067645
v 0.031609 3.361333 0.069280
v 0.028500 3.278667 0.065000
v 0.031609 3.278667 0.060720
v 0.036641 3.278667 0.062355
v 0.036641 3.278667 0.067645
v 0.031609 3.278667 0.069280
v 0.028500 3.278667 0.065000
v 0.031609 3.278667 0.060720
v 0.036641 3.278667 0.062355
v 0.036641 3.278667 0.067645
v 0.031609 3.278667 0.069280
v 0.028500 3.196000 0.065000
v 0.031609 3.196000 0.060720
v 0.036641 3.196000 0.062355
v 0.036641 3.196000 0.067645
v 0.031609 3.196000 0.069280
v 0.028500 3.196000 0.065000
v 0.031609 3.196000 0.060720
v 0.036641 3.196000 0.062355
v 0.036641 3.196000 0.067645
v 0.031609 3.196000 0.069280
v 0.028500 3.113333 0.065000
v 0.031609 3.113333 0.060720
v 0.036641 3.113333 0.062355
v 0.036641 3.113333 0.067645
v 0.031609 3.113333 0.069280
v 0.033000 3.117333 0.000000
v 0.029536 3.115333 0.000000
v 0.029536 3.111333 0.000000
v 0.033000 3.109333 0.000000
v 0.036464 3.111333 0.000000
v 0.036464 3.115333 0.000000
v 0.033000 3.117333 0.070000
v 0.029536 3.115333 0.070000
v 0.029536 3.111333 0.070000
v 0.033000 3.109333 0.070000
v 0.036464 3.111333 0.070000
v 0.036464 3.115333 0.070000
v 0.028500 3.113333 0.065000
v 0.031609 3.113333 0.060720
v 0.036641 3.113333 0.062355
v 0.036641 3.113333 0.067645
v 0.031609 3.113333 0.069280
v 0.028500 3.030667 0.065000
v 0.031609 3.030667 0.060720
v 0.036641 3.030667 0.062355
v 0.036641 3.030667 0.067645
v 0.031609 3.030667 0.069280
v 0.028500 3.030667 0.065000
v 0.031609 3.030667 0.060720
v 0.036641 3.030667 0.062355
v 0.036641 3.030667 0.067645
v 0.031609 3.030667 0.069280
v 0.028500 2.948000 0.065000
v 0.031609 2.948000 0.060720
v 0.036641 2.948000 0.062355
v 0.036641 2.948000 0.067645
v 0.031609 2.948000 0.069280
v 0.028500 2.948000 0.065000
v 0.031609 2.948000 0.060720
v 0.036641 2.948000 0.062355
v 0.036641 2.948000 0.067645
v 0.031609 2.948000 0.069280
v 0.028500 2.865333 0.065000
v 0.031609 2.865333 0.060720
v 0.036641 2.865333 0.062355
v 0.036641 2.865333 0.067645
v 0.031609 2.865333 0.069280
v 0.033000 2.869333 0.000000
v 0.029536 2.867333 0.000000
v 0.029536 2.863333 0.000000
v 0.033000 2.861333 0.000000
v 0.036464 2.863333 0.000000
v 0.036464 2.867333 0.000000
v 0.033000 2.869333 0.070000
v 0.029536 2.867333 0.070000
v 0.029536 2.863333 0.070000
v 0.033000 2.861333 0.070000
v 0.036464 2.863333 0.070000
v 0.036464 2.867333 0.070000
v 0.028500 2.865333 0.065000
v 0.031609 2.865333 0.060720
v 0.036641 2.865333 0.062355
v 0.036641 2.865333 0.067645
v 0.031609 2.865333 0.069280
v 0.028500 2.782667 0.065000
v 0.031609 2.782667 0.060720
v 0.036641 2.782667 0.062355
v 0.036641 2.782667 0.067645
v 0.031609 2.782667 0.069280
v 0.028500 2.782667 0.065000
v 0.031609 2.782667 0.060720
v 0.036641 2.782667 0.062355
v 0.036641 2.782667 0.067645
v 0.031609 2.782667 0.069280
v 0.028500 2.700000 0.065000
v 0.031609 2.700000 0.060720
v 0.036641 2.700000 0.062355
v 0.036641 2.700000 0.067645
v 0.031609 2.700000 0.069280
v 0.028500 2.700000 0.065000
v 0.031609 2.700000 0.060720
v 0.036641 2.700000 0.062355
v 0.036641 2.700000 0.067645
v 0.031609 2.700000 0.069280
v 0.028500 2.617333 0.065000
v 0.031609 2.617333 0.060720
v 0.036641 2.617333 0.062355
v 0.036641 2.617333 0.067645
v 0.031609 2.617333 0.069280
v 0.033000 2.621333 0.000000
v 0.029536 2.619333 0.000000
v 0.029536 2.615333 0.000000
v 0.033000 2.613333 0.000000
v 0.036464 2.615333 0.000000
v 0.036464 2.619333 0.000000
v 0.033000 2.621333 0.070000
v 0.029536 2.619333 0.070000
v 0.029536 2.615333 0.070000
v 0.033000 2.613333 0.070000
v 0.036464 2.615333 0.070000
v 0.036464 2.619333 0.070000
v 0.028500 2.617333 0.065000
v 0.031609 2.617333 0.060720
v 0.036641 2.617333 0.062355
v 0.036641 2.617333 0.067645
v 0.031609 2.617333 0.069280
v 0.028500 2.534667 0.065000
v 0.031609 2.534667 0.060720
v 0.036641 2.534667 0.062355
v 0.036641 2.534667 0.067645
v 0.031609 2.534667 0.069280
v 0.028500 2.534667 0.065000
v 0.031609 2.534667 0.060720
v 0.036641 2.534667 0.062355
v 0.036641 2.534667 0.067645
v 0.031609 2.534667 0.069280
v 0.028500 2.452000 0.065000
v 0.031609 2.452000 0.060720
v 0.036641 2.452000 0.062355
v 0.036641 2.452000 0.067645
v 0.031609 2.452000 0.069280
v 0.028500 2.452000 0.065000
v 0.031609 2.452000 0.060720
v 0.036641 2.452000 0.062355
v 0.036641 2.452000 0.067645
v 0.031609 2.452000 0.069280
v 0.028500 2.369333 0.065000
v 0.031609 2.369333 0.060720
v 0.036641 2.369333 0.062355
v 0.036641 2.369333 0.067645
v 0.031609 2.369333 0.069280
v 0.033000 2.373333 0.000000
v 0.029536 2.371333 0.000000
v 0.029536 2.367333 0.000000
v 0.033000 2.365333 0.000000
v 0.036464 2.367333 0.000000
v 0.036464 2.371333 0.000000
v 0.033000 2.373333 0.070000
v 0.029536 2.371333 0.070000
v 0.029536 2.367333 0.070000
v 0.033000 2.365333 0.070000
v 0.036464 2.367333 0.070000
v 0.036464 2.371333 0.070000
v 0.028500 2.369333 0.065000
v 0.031609 2.369333 0.060720
v 0.036641 2.369333 0.062355
v 0.036641 2.369333 0.067645
v 0.031609 2.369333 0.069280
v 0.028500 2.286667 0.065000
v 0.031609 2.286667 0.060720
v 0.036641 2.286667 0.062355
v 0.036641 2.286667 0.067645
v 0.031609 2.286667 0.069280
v 0.028500 2.286667 0.065000
v 0.031609 2.286667 0.060720
v 0.036641 2.286667 0.062355
v 0.036641 2.286667 0.067645
v 0.031609 2.286667 0.069280
v 0.028500 2.204000 0.065000
v 0.031609 2.204000 0.060720
v 0.036641 2.204000 0.062355
v 0.036641 2.204000 0.067645
v 0.031609 2.204000 0.069280
v 0.028500 2.204000 0.065000
v 0.031609 2.204000 0.060720
v 0.036641 2.204000 0.062355
v 0.036641 2.204000 0.067645
v 0.031609 2.204000 0.069280
v 0.028500 2.121333 0.065000
v 0.031609 2.121333 0.060720
v 0.036641 2.121333 0.062355
v 0.036641 2.121333 0.067645
v 0.031609 2.121333 0.069280
v 0.033000 2.125333 0.000000
v 0.029536 2.123333 0.000000
v 0.029536 2.119333 0.000000
v 0.033000 2.117333 0.000000
v 0.036464 2.119333 0.000000
v 0.036464 2.123333 0.000000
v 0.033000 2.125333 0.070000
v 0.029536 2.123333 0.070000
v 0.029536 2.119333 0.070000
v 0.033000 2.117333 0.070000
v 0.036464 2.119333 0.070000
v 0.036464 2.123333 0.070000
v 0.028500 2.121333 0.065000
v 0.031609 2.121333 0.060720
v 0.036641 2.121333 0.062355
v 0.036641 2.121333 0.067645
v 0.031609 2.121333 0.069280
v 0.028500 2.038667 0.065000
v 0.031609 2.038667 0.060720
v 0.036641 2.038667 0.062355
v 0.036641 2.038667 0.067645
v 0.031609 2.038667 0.069280
v 0.028500 2.038667 0.065000
v 0.031609 2.038667 0.060720
v 0.036641 2.038667 0.062355
v 0.036641 2.038667 0.067645
v 0.031609 2.038667 0.069280
v 0.028500 1.956000 0.065000
v 0.031609 1.956000 0.060720
v 0.036641 1.956000 0.062355
v 0.036641 1.956000 0.067645
v 0.031609 1.956000 0.069280
v 0.028500 1.956000 0.065000
v 0.031609 1.956000 0.060720
v 0.036641 1.956000 0.062355
v 0.036641 1.956000 0.067645
v 0.031609 1.956000 0.069280
v 0.028500 1.873333 0.065000
v 0.031609 1.873333 0.060720
v 0.036641 1.873333 0.062355
v 0.036641 1.873333 0.067645
v 0.031609 1.873333 0.069280
v 0.033000 1.877333 0.000000
v 0.029536 1.875333 0.000000
v 0.029536 1.871333 0.000000
v 0.033000 1.869333 0.000000
v 0.036464 1.871333 0.000000
v 0.036464 1.875333 0.000000
v 0.033000 1.877333 0.070000
v 0.029536 1.875333 0.070000
v 0.029536 1.871333 0.070000
v 0.033000 1.869333 0.070000
v 0.036464 1.871333 0.070000
v 0.036464 1.875333 0.070000
v 0.028500 1.873333 0.065000
v 0.031609 1.873333 0.060720
v 0.036641 1.873333 0.062355
v 0.036641 1.873333 0.067645
v 0.031609 1.873333 0.069280
v 0.028500 1.790667 0.065000
v 0.031609 1.790667 0.060720
v 0.036641 1.790667 0.062355
v 0.036641 1.790667 0.067645
v 0.031609 1.790667 0.069280
v 0.028500 1.790667 0.065000
v 0.031609 1.790667 0.060720
v 0.036641 1.790667 0.062355
v 0.036641 1.790667 0.067645
v 0.031609 1.790667 0.069280
v 0.028500 1.708000 0.065000
v 0.031609 1.708000 0.060720
v 0.036641 1.708000 0.062355
v 0.036641 1.708000 0.067645
v 0.031609 1.708000 0.069280
v 0.028500 1.708000 0.065000
v 0.031609 1.708000 0.060720
v 0.036641 1.708000 0.062355
v 0.036641 1.708000 0.067645
v 0.031609 1.708000 0.069280
v 0.028500 1.625333 0.065000
v 0.031609 1.625333 0.060720
v 0.036641 1.625333 0.062355
v 0.036641 1.625333 0.067645
v 0.031609 1.625333 0.069280
v 0.033000 1.629333 0.000000
v 0.029536 1.627333 0.000000
v 0.029536 1.623333 0.000000
v 0.033000 1.621333 0.000000
v 0.036464 1.623333 0.000000
v 0.036464 1.627333 0.000000
v 0.033000 1.629333 0.070000
v 0.029536 1.627333 0.070000
v 0.029536 1.623333 0.070000
v 0.033000 1.621333 0.070000
v 0.036464 1.623333 0.070000
v 0.036464 1.627333 0.070000
v 0.028500 1.625333 0.065000
v 0.031609 1.625333 0.060720
v 0.036641 1.625333 0.062355
v 0.036641 1.625333 0.067645
v 0.031609 1.625333 0.069280
v 0.028500 1.542667 0.065000
v 0.031609 1.542667 0.060720
v 0.036641 1.542667 0.062355
v 0.036641 1.542667 0.067645
v 0.031609 1.542667 0.069280
v 0.028500 1.542667 0.065000
v 0.031609 1.542667 0.060720
v 0.036641 1.542667 0.062355
v 0.036641 1.542667 0.067645
v 0.031609 1.542667 0.069280
v 0.028500 1.460000 0.065000
v 0.031609 1.460000 0.060720
v 0.036641 1.460000 0.062355
v 0.036641 1.460000 0.067645
v 0.031609 1.460000 0.069280
v 0.028500 1.460000 0.065000
v 0.031609 1.460000 0.060720
v 0.036641 1.460000 0.062355
v 0.036641 1.460000 0.067645
v 0.031609 1.460000 0.069280
v 0.028500 1.377333 0.065000
v 0.031609 1.377333 0.060720
v 0.036641 1.377333 0.062355
v 0.036641 1.377333 0.067645
v 0.031609 1.377333 0.069280
v 0.033000 1.381333 0.000000
v 0.029536 1.379333 0.000000
v 0.029536 1.375333 0.000000
v 0.033000 1.373333 0.000000
v 0.036464 1.375333 0.000000
v 0.036464 1.379333 0.000000
v 0.033000 1.381333 0.070000
v 0.029536 1.379333 0.070000
v 0.029536 1.375333 0.070000
v 0.033000 1.373333 0.070000
v 0.036464 1.375333 0.070000
v 0.036464 1.379333 0.070000
v 0.028500 1.377333 0.065000
v 0.031609 1.377333 0.060720
v 0.036641 1.377333 0.062355
v 0.036641 1.377333 0.067645
v 0.031609 1.377333 0.069280
v 0.028500 1.294667 0.065000
v 0.031609 1.294667 0.060720
v 0.036641 1.294667 0.062355
v 0.036641 1.294667 0.067645
v 0.031609 1.294667 0.069280
v 0.028500 1.294667 0.065000
v 0.031609 1.294667 0.060720
v 0.036641 1.294667 0.062355
v 0.036641 1.294667 0.067645
v 0.031609 1.294667 0.069280
v 0.028500 1.212000 0.065000
v 0.031609 1.212000 0.060720
v 0.036641 1.212000 0.062355
v 0.036641 1.212000 0.067645
v 0.031609 1.212000 0.069280
v 0.028500 1.212000 0.065000
v 0.031609 1.212000 0.060720
v 0.036641 1.212000 0.062355
v 0.036641 1.212000 0.067645
v 0.031609 1.212000 0.069280
v 0.028500 1.129333 0.065000
v 0.031609 1.129333 0.060720
v 0.036641 1.129333 0.062355
v 0.036641 1.129333 0.067645
v 0.031609 1.129333 0.069280
v 0.033000 1.133333 0.000000
v 0.029536 1.131333 0.000000
v 0.029536 1.127333 0.000000
v 0.033000 1.125333 0.000000
v 0.036464 1.127333 0.000000
v 0.036464 1.131333 0.000000
v 0.033000 1.133333 0.070000
v 0.029536 1.131333 0.070000
v 0.029536 1.127333 0.070000
v 0.033000 1.125333 0.070000
v 0.036464 1.127333 0.070000
v 0.036464 1.131333 0.070000
v 0.028500 1.129333 0.065000
v 0.031609 1.129333 0.060720
v 0.036641 1.129333 0.062355
v 0.036641 1.129333 0.067645
v 0.031609 1.129333 0.069280
v 0.028500 1.046667 0.065000
v 0.031609 1.046667 0.060720
v 0.036641 1.046667 0.062355
v 0.036641 1.046667 0.067645
v 0.031609 1.046667 0.069280
v 0.028500 1.046667 0.065000
v 0.031609 1.046667 0.060720
v 0.036641 1.046667 0.062355
v 0.036641 1.046667 0.067645
v 0.031609 1.046667 0.069280
v 0.028500 0.964000 0.065000
v 0.031609 0.964000 0.060720
v 0.036641 0.964000 0.062355
v 0.036641 0.964000 0.067645
v 0.031609 0.964000 0.069280
v 0.028500 0.964000 0.065000
v 0.031609 0.964000 0.060720
v 0.036641 0.964000 0.062355
v 0.036641 0.964000 0.067645
v 0.031609 0.964000 0.069280
v 0.028500 0.881333 0.065000
v 0.031609 0.881333 0.060720
v 0.036641 0.881333 0.062355
v 0.036641 0.881333 0.067645
v 0.031609 0.881333 0.069280
v 0.033000 0.885333 0.000000
v 0.029536 0.883333 0.000000
v 0.029536 0.879333 0.000000
v 0.033000 0.877333 0.000000
v 0.036464 0.879333 0.000000
v 0.036464 0.883333 0.000000
v 0.033000 0.885333 0.070000
v 0.029536 0.883333 0.070000
v 0.029536 0.879333 0.070000
v 0.033000 0.877333 0.070000
v 0.036464 0.879333 0.070000
v 0.036464 0.883333 0.070000
v 0.028500 0.881281 0.065000
v 0.031610 0.881292 0.060720
v 0.036641 0.881361 0.062355
v 0.036640 0.881391 0.067645
v 0.031609 0.881342 0.069280
v 0.029443 0.800958 0.065466
v 0.032552 0.800970 0.061186
v 0.037583 0.801039 0.062821
v 0.037583 0.801069 0.068111
v 0.032552 0.801020 0.069745
v 0.029463 0.800577 0.065466
v 0.032577 0.800679 0.061191
v 0.037578 0.801240 0.062824
v 0.037554 0.801485 0.068108
v 0.032539 0.801075 0.069741
v 0.036989 0.722963 0.069088
v 0.040103 0.723065 0.064813
v 0.045104 0.723627 0.066446
v 0.045080 0.723871 0.071730
v 0.040065 0.723461 0.073363
v 0.037052 0.722533 0.069088
v 0.040174 0.722770 0.064824
v 0.045085 0.723874 0.066453
v 0.044998 0.724319 0.071724
v 0.040033 0.723490 0.073352
v 0.052034 0.646008 0.075798
v 0.055156 0.646245 0.071534
v 0.060066 0.647349 0.073163
v 0.059979 0.647794 0.078434
v 0.055015 0.646965 0.080062
v 0.056450 0.650872 0.010798
v 0.052986 0.648872 0.010798
v 0.052986 0.644872 0.010798
v 0.056450 0.642872 0.010798
v 0.059914 0.644872 0.010798
v 0.059914 0.648872 0.010798
v 0.056450 0.650872 0.080798
v 0.052986 0.648872 0.080798
v 0.052986 0.644872 0.080798
v 0.056450 0.642872 0.080798
v 0.059914 0.644872 0.080798
v 0.059914 0.648872 0.080798
v 0.052138 0.645585 0.075798
v 0.055255 0.646014 0.071546
v 0.060023 0.647629 0.073170
v 0.059854 0.648198 0.078427
v 0.054980 0.646935 0.080051
v 0.074435 0.570864 0.084605
v 0.077552 0.571292 0.080353
v 0.082321 0.572907 0.081977
v 0.082151 0.573476 0.087234
v 0.077278 0.572213 0.088858
v 0.074580 0.570453 0.084605
v 0.077657 0.571141 0.080358
v 0.082241 0.573224 0.081980
v 0.081997 0.573823 0.087231
v 0.077262 0.572110 0.088853
v 0.103985 0.498232 0.094209
v 0.107062 0.498920 0.089961
v 0.111646 0.501003 0.091584
v 0.111402 0.501602 0.096834
v 0.106667 0.499889 0.098457
v 0.104168 0.497838 0.094209
v 0.107149 0.498849 0.089957
v 0.111517 0.501353 0.091581
v 0.111235 0.501889 0.096837
v 0.106694 0.499717 0.098461
v 0.140406 0.428792 0.103191
v 0.143387 0.429804 0.098939
v 0.147755 0.432307 0.100563
v 0.147473 0.432843 0.105819
v 0.142932 0.430671 0.107443
v 0.144390 0.434883 0.038191
v 0.140926 0.432883 0.038191
v 0.140926 0.428883 0.038191
v 0.144390 0.426883 0.038191
v 0.147855 0.428883 0.038191
v 0.147855 0.432883 0.038191
v 0.144390 0.434883 0.108191
v 0.140926 0.432883 0.108191
v 0.140926 0.428883 0.108191
v 0.144390 0.426883 0.108191
v 0.147855 0.428883 0.108191
v 0.147855 0.432883 0.108191
v 0.140626 0.428417 0.103191
v 0.143438 0.429800 0.098929
v 0.147566 0.432680 0.100557
v 0.147305 0.433077 0.105825
v 0.143017 0.430443 0.107453
v 0.183359 0.363191 0.110225
v 0.186171 0.364574 0.105963
v 0.190299 0.367454 0.107591
v 0.190038 0.367851 0.112860
v 0.185749 0.365217 0.114488
v 0.183615 0.362839 0.110225
v 0.186178 0.364614 0.105951
v 0.190048 0.367830 0.107584
v 0.189876 0.368044 0.112867
v 0.185900 0.364960 0.114499
v 0.232443 0.302042 0.114274
v 0.235007 0.303816 0.110000
v 0.238876 0.307033 0.111632
v 0.238704 0.307247 0.116915
v 0.234729 0.304162 0.118548
v 0.232694 0.301756 0.114274
v 0.234980 0.303864 0.109994
v 0.238609 0.307349 0.111629
v 0.238566 0.307394 0.116918
v 0.234910 0.303938 0.118553
v 0.273043 0.259407 0.114971
v 0.275330 0.261515 0.110691
v 0.278959 0.265000 0.112326
v 0.278915 0.265046 0.117616
v 0.275259 0.261589 0.119250
v 0.276301 0.266512 0.049971
v 0.272837 0.264512 0.049971
v 0.272837 0.260512 0.049971
v 0.276301 0.258512 0.049971
v 0.279765 0.260512 0.049971
v 0.279765 0.264512 0.049971
v 0.276301 0.266512 0.119971
v 0.272837 0.264512 0.119971
v 0.272837 0.260512 0.119971
v 0.276301 0.258512 0.119971
v 0.279765 0.260512 0.119971
v 0.279765 0.264512 0.119971
v 0.273317 0.259143 0.114971
v 0.275285 0.261554 0.110693
v 0.278657 0.265288 0.112327
v 0.278774 0.265185 0.117615
v 0.275474 0.261387 0.119249
v 0.331684 0.207435 0.112672
v 0.333652 0.209846 0.108394
v 0.337024 0.213579 0.110028
v 0.337141 0.213476 0.115316
v 0.333841 0.209678 0.116950
v 0.332024 0.207162 0.112672
v 0.333601 0.209859 0.108403
v 0.336654 0.213860 0.110034
v 0.336963 0.213636 0.115310
v 0.334101 0.209496 0.116940
v 0.395109 0.161328 0.107025
v 0.396686 0.164025 0.102757
v 0.399739 0.168026 0.104387
v 0.400048 0.167802 0.109664
v 0.397187 0.163662 0.111294
v 0.395473 0.161090 0.107025
v 0.396665 0.163996 0.102769
v 0.399362 0.168246 0.104395
v 0.399837 0.167967 0.109656
v 0.397433 0.163544 0.111282
v 0.462687 0.121558 0.098865
v 0.463879 0.124464 0.094609
v 0.466577 0.128715 0.096234
v 0.467051 0.128435 0.101496
v 0.464647 0.124013 0.103122
v 0.464968 0.129437 0.033865
v 0.461504 0.127437 0.033865
v 0.461504 0.123437 0.033865
v 0.464968 0.121437 0.033865
v 0.468433 0.123437 0.033865
v 0.468433 0.127437 0.033865
v 0.464968 0.129437 0.103865
v 0.461504 0.127437 0.103865
v 0.461504 0.123437 0.103865
v 0.464968 0.121437 0.103865
v 0.468433 0.123437 0.103865
v 0.468433 0.127437 0.103865
v 0.463072 0.121356 0.098865
v 0.463915 0.124393 0.094617
v 0.466213 0.128873 0.096239
v 0.466792 0.128604 0.101491
v 0.464850 0.123958 0.103114
v 0.533788 0.088496 0.089396
v 0.534631 0.091533 0.085147
v 0.536929 0.096013 0.086770
v 0.537508 0.095744 0.092022
v 0.535566 0.091099 0.093644
v 0.534191 0.088332 0.089396
v 0.534741 0.091435 0.085147
v 0.536595 0.096116 0.086770
v 0.537191 0.095906 0.092022
v 0.535705 0.091096 0.093645
v 0.607748 0.062451 0.080016
v 0.608298 0.065554 0.075767
v 0.610152 0.070235 0.077390
v 0.610748 0.070025 0.082642
v 0.609262 0.065214 0.084265
v 0.608165 0.062326 0.080016
v 0.608490 0.065449 0.075758
v 0.609854 0.070294 0.077384
v 0.610372 0.070167 0.082647
v 0.609328 0.065242 0.084274
v 0.683877 0.043665 0.072110
v 0.684202 0.046787 0.067852
v 0.685566 0.051633 0.069478
v 0.686084 0.051505 0.074742
v 0.685040 0.046581 0.076368
v 0.684954 0.052034 0.007110
v 0.681490 0.050034 0.007110
v 0.681490 0.046034 0.007110
v 0.684954 0.044034 0.007110
v 0.688418 0.046034 0.007110
v 0.688418 0.050034 0.007110
v 0.684954 0.052034 0.077110
v 0.681490 0.050034 0.077110
v 0.681490 0.046034 0.077110
v 0.684954 0.044034 0.077110
v 0.688418 0.046034 0.077110
v 0.688418 0.050034 0.077110
v 0.684304 0.043582 0.072110
v 0.684468 0.046700 0.067840
v 0.685303 0.051662 0.069471
v 0.685656 0.051611 0.074749
v 0.685038 0.046617 0.076380
v 0.761463 0.032315 0.066846
v 0.761627 0.035433 0.062576
v 0.762463 0.040395 0.064207
v 0.762816 0.040344 0.069485
v 0.762198 0.035350 0.071116
v 0.761896 0.032273 0.066846
v 0.761945 0.035383 0.062567
v 0.762227 0.040407 0.064201
v 0.762352 0.040401 0.069490
v 0.762147 0.035374 0.071124
v 0.839783 0.028505 0.065000
v 0.839832 0.031616 0.060721
v 0.840113 0.036639 0.062356
v 0.840238 0.036633 0.067644
v 0.840034 0.031606 0.069279
vn 0.000000 0.000000 -1.000000
vn 0.000000 0.000000 -1.000000
vn 0.000000 0.000000 -1.000000
vn 0.000000 0.000000 -1.000000
vn 0.000000 0.000000 1.000000
vn 0.000000 0.000000 1.000000
vn 0.000000 0.000000 1.000000
vn 0.000000 0.000000 1.000000
vn 0.000000 -1.000000 0.000000
vn 0.000000 -1.000000 0.000000
vn 0.000000 -1.000000 0.000000
vn 0.000000 -1.000000 0.000000
vn 1.000000 0.000000 0.000000
vn 1.000000 0.000000 0.000000
vn 1.000000 0.000000 0.000000
vn 1.000000 0.000000 0.000000
vn 0.000000 1.000000 0.000000
vn 0.000000 1.000000 0.000000
vn 0.000000 1.000000 0.000000
vn 0.000000 1.000000 0.000000
vn -1.000000 0.000000 0.000000
vn -1.000000 0.000000 0.000000
vn -1.000000 0.000000 0.000000
vn -1.000000 0.000000 0.000000
vn 0.000000 0.000000 -1.000000
vn 0.000000 0.000000 -1.000000
vn 0.000000 0.000000 -1.000000
vn 0.000000 0.000000 -1.000000
vn 0.000000 0.000000 1.000000
vn 0.000000 0.000000 1.000000
vn 0.000000 0.000000 1.000000
vn 0.000000 0.000000 1.000000
vn 0.000000 -1.000000 0.000000
vn 0.000000 -1.000000 0.000000
vn 0.000000 -1.000000 0.000000
vn 0.000000 -1.000000 0.000000
vn 1.000000 0.000000 0.000000
vn 1.000000 0.000000 0.000000
vn 1.000000 0.000000 0.000000
vn 1.000000 0.000000 0.000000
vn 0.000000 1.000000 0.000000
vn 0.000000 1.000000 0.000000
vn 0.000000 1.000000 0.000000
vn 0.000000 1.000000 0.000000
vn -1.000000 0.000000 0.000000
vn -1.000000 0.000000 0.000000
vn -1.000000 0.000000 0.000000
vn -1.000000 0.000000 0.000000
vn 0.000000 0.000000 -1.000000
vn 0.000000 0.000000 -1.000000
vn 0.000000 0.000000 -1.000000
vn 0.000000 0.000000 -1.000000
vn 0.000000 0.000000 1.000000
vn 0.000000 0.000000 1.000000
vn 0.000000 0.000000 1.000000
vn 0.000000 0.000000 1.000000
vn 0.000000 -1.000000 0.000000
vn 0.000000 -1.000000 0.000000
vn 0.000000 -1.000000 0.000000
vn 0.000000 -1.000000 0.000000
vn 1.000000 0.000000 0.000000
vn 1.000000 0.000000 0.000000
vn 1.000000 0.000000 0.000000
vn 1.000000 0.000000 0.000000
vn 0.000000 1.000000 0.000000
vn 0.000000 1.000000 0.000000
vn 0.000000 1.000000 0.000000
vn 0.000000 1.000000 0.000000
vn -1.000000 0.000000 0.000000
vn -1.000000 0.000000 0.000000
vn -1.000000 0.000000 0.000000
vn -1.000000 0.000000 0.000000
vn 0.000000 0.000000 -1.000000
vn 0.000000 0.000000 -1.000000
vn 0.000000 0.000000 -1.000000
vn 0.000000 0.000000 -1.000000
vn 0.000000 0.000000 1.000000
vn 0.000000 0.000000 1.000000
vn 0.000000 0.000000 1.000000
vn 0.000000 0.000000 1.000000
vn 0.000000 -1.000000 0.000000
vn 0.000000 -1.000000 0.000000
vn 0.000000 -1.000000 0.000000
vn 0.000000 -1.000000 0.000000
vn 1.000000 0.000000 0.000000
vn 1.000000 0.000000 0.000000
vn 1.000000 0.000000 0.000000
vn 1.000000 0.000000 0.000000
vn 0.000000 1.000000 0.000000
vn 0.000000 1.000000 0.000000
vn 0.000000 1.000000 0.000000
vn 0.000000 1.000000 0.000000
vn -1.000000 0.000000 0.000000
vn -1.000000 0.000000 0.000000
vn -1.000000 0.000000 0.000000
vn -1.000000 0.000000 0.000000
vn 0.000000 0.000000 -1.000000
vn 0.000000 0.000000 -1.000000
vn 0.000000 0.000000 -1.000000
vn 0.000000 0.000000 -1.000000
vn 0.000000 0.000000 1.000000
vn 0.000000 0.000000 1.000000
vn 0.000000 0.000000 1.000000
vn 0.000000 0.000000 1.000000
vn 0.000000 -1.000000 0.000000
vn 0.000000 -1.000000 0.000000
vn 0.000000 -1.000000 0.000000
vn 0.000000 -1.000000 0.000000
vn 1.000000 0.000000 0.000000
vn 1.000000 0.000000 0.000000
vn 1.000000 0.000000 0.000000
vn 1.000000 0.000000 0.000000
vn 0.000000 1.000000 0.000000
vn 0.000000 1.000000 0.000000
vn 0.000000 1.000000 0.000000
vn 0.000000 1.000000 0.000000
vn -1.000000 0.000000 0.000000
vn -1.000000 0.000000 0.000000
vn -1.000000 0.000000 0.000000
vn -1.000000 0.000000 0.000000
vn 0.000000 0.000000 -1.000000
vn 0.000000 0.000000 -1.000000
vn 0.000000 0.000000 -1.000000
vn 0.000000 0.000000 -1.000000
vn 0.000000 0.000000 1.000000
vn 0.000000 0.000000 1.000000
vn 0.000000 0.000000 1.000000
vn 0.000000 0.000000 1.000000
vn 0.000000 -1.000000 0.000000
vn 0.000000 -1.000000 0.000000
vn 0.000000 -1.000000 0.000000
vn 0.000000 -1.000000 0.000000
vn 1.000000 0.000000 0.000000
vn 1.000000 0.000000 0.000000
vn 1.000000 0.000000 0.000000
vn 1.000000 0.000000 0.000000
vn 0.000000 1.000000 0.000000
vn 0.000000 1.000000 0.000000
vn 0.000000 1.000000 0.000000
vn 0.000000 1.000000 0.000000
vn -1.000000 0.000000 0.000000
vn -1.000000 0.000000 0.000000
vn -1.000000 0.000000 0.000000
vn -1.000000 0.000000 0.000000
vn 0.000000 0.000000 -1.000000
vn 0.000000 0.000000 -1.000000
vn 0.000000 0.000000 -1.000000
vn 0.000000 0.000000 -1.000000
vn 0.000000 0.000000 1.000000
vn 0.000000 0.000000 1.000000
vn 0.000000 0.000000 1.000000
vn 0.000000 0.000000 1.000000
vn 0.000000 -1.000000 0.000000
vn 0.000000 -1.000000 0.000000
vn 0.000000 -1.000000 0.000000
vn 0.000000 -1.000000 0.000000
vn 1.000000 0.000000 0.000000
vn 1.000000 0.000000 0.000000
vn 1.000000 0.000000 0.000000
vn 1.000000 0.000000 0.000000
vn 0.000000 1.000000 0.000000
vn 0.000000 1.000000 0.000000
vn 0.000000 1.000000 0.000000
vn 0.000000 1.000000 0.000000
vn -1.000000 0.000000 0.000000
vn -1.000000 0.000000 0.000000
vn -1.000000 0.000000 0.000000
vn -1.000000 0.000000 0.000000
vn 0.000000 0.000000 -1.000000
vn 0.000000 0.000000 -1.000000
vn 0.000000 0.000000 -1.000000
vn 0.000000 0.000000 -1.000000
vn 0.000000 0.000000 1.000000
vn 0.000000 0.000000 1.000000
vn 0.000000 0.000000 1.000000
vn 0.000000 0.000000 1.000000
vn 0.000000 -1.000000 0.000000
vn 0.000000 -1.000000 0.000000
vn 0.000000 -1.000000 0.000000
vn 0.000000 -1.000000 0.000000
vn 1.000000 0.000000 0.000000
vn 1.000000 0.000000 0.000000
vn 1.000000 0.000000 0.000000
vn 1.000000 0.000000 0.000000
vn 0.000000 1.000000 0.000000
vn 0.000000 1.000000 0.000000
vn 0.000000 1.000000 0.000000
vn 0.000000 1.000000 0.000000
vn -1.000000 0.000000 0.000000
vn -1.000000 0.000000 0.000000
vn -1.000000 0.000000 0.000000
vn -1.000000 0.000000 0.000000
vn 0.968167 -0.070244 -0.240245
vn 0.076455 0.048564 -0.995890
vn -0.922773 -0.035579 -0.383698
vn -0.646631 -0.118854 0.753487
vn 0.524036 -0.086411 0.847301
vn 0.968167 0.070244 0.240245
vn 0.524036 0.086411 -0.847301
vn -0.646632 0.118854 -0.753486
vn -0.922773 0.035579 0.383699
vn 0.076457 -0.048564 0.995889
vn 0.968167 -0.070244 -0.240245
vn 0.076456 0.048564 -0.995890
vn -0.922773 -0.035579 -0.383698
vn -0.646631 -0.118854 0.753487
vn 0.524036 -0.086411 0.847301
vn 0.968167 0.070244 0.240245
vn 0.524036 0.086411 -0.847301
vn -0.646631 0.118854 -0.753486
vn -0.922773 0.035579 0.383699
vn 0.076457 -0.048564 0.995889
vn -0.187788 0.975857 -0.111526
vn -0.944745 0.327273 -0.018702
vn -0.754726 -0.653643 -0.056027
vn 0.188444 -0.979246 -0.074609
vn 0.943433 -0.326796 -0.056023
vn 0.755804 0.654531 -0.018702
vn 0.187792 0.975856 0.111528
vn -0.755781 0.654557 0.018703
vn -0.943426 -0.326816 0.056026
vn -0.188440 -0.979247 0.074607
vn 0.754748 -0.653618 0.056025
vn 0.944752 0.327253 0.018701
vn 0.968167 -0.070244 -0.240245
vn 0.076457 0.048564 -0.995889
vn -0.922773 -0.035578 -0.383698
vn -0.646630 -0.118854 0.753488
vn 0.524037 -0.086411 0.847301
vn 0.968167 0.070244 0.240247
vn 0.524036 0.086411 -0.847301
vn -0.646633 0.118854 -0.753485
vn -0.922772 0.035578 0.383700
vn 0.076458 -0.048564 0.995889
vn 0.968167 -0.070244 -0.240247
vn 0.076456 0.048564 -0.995890
vn -0.922773 -0.035579 -0.383699
vn -0.646632 -0.118854 0.753486
vn 0.524036 -0.086411 0.847301
vn 0.968167 0.070245 0.240246
vn 0.524035 0.086412 -0.847302
vn -0.646632 0.118854 -0.753486
vn -0.922773 0.035578 0.383697
vn 0.076457 -0.048564 0.995889
vn 0.968167 -0.070244 -0.240244
vn 0.076457 0.048564 -0.995889
vn -0.922772 -0.035578 -0.383700
vn -0.646631 -0.118854 0.753487
vn 0.524037 -0.086411 0.847301
vn 0.968167 0.070244 0.240244
vn 0.524037 0.086411 -0.847300
vn -0.646631 0.118854 -0.753487
vn -0.922772 0.035578 0.383700
vn 0.076457 -0.048564 0.995889
vn -0.187788 0.975857 -0.111526
vn -0.944745 0.327273 -0.018702
vn -0.754726 -0.653643 -0.056027
vn 0.188444 -0.979246 -0.074609
vn 0.943433 -0.326796 -0.056023
vn 0.755804 0.654531 -0.018702
vn 0.187792 0.975856 0.111529
vn -0.755781 0.654557 0.018703
vn -0.943426 -0.326816 0.056026
vn -0.188440 -0.979247 0.074607
vn 0.754749 -0.653618 0.056025
vn 0.944752 0.327253 0.018701
vn 0.968167 -0.070245 -0.240246
vn 0.076456 0.048564 -0.995890
vn -0.922773 -0.035579 -0.383697
vn -0.646632 -0.118854 0.753486
vn 0.524034 -0.086412 0.847302
vn 0.968167 0.070245 0.240246
vn 0.524035 0.086412 -0.847302
vn -0.646632 0.118854 -0.753486
vn -0.922773 0.035579 0.383697
vn 0.076455 -0.048564 0.995890
vn 0.968168 -0.070244 -0.240244
vn 0.076457 0.048564 -0.995889
vn -0.922772 -0.035578 -0.383700
vn -0.646631 -0.118854 0.753487
vn 0.524037 -0.086411 0.847301
vn 0.968168 0.070244 0.240244
vn 0.524037 0.086411 -0.847300
vn -0.646631 0.118854 -0.753487
vn -0.922772 0.035578 0.383700
vn 0.076456 -0.048564 0.995889
vn 0.968167 -0.070245 -0.240246
vn 0.076457 0.048564 -0.995889
vn -0.922773 -0.035578 -0.383697
vn -0.646632 -0.118854 0.753486
vn 0.524034 -0.086412 0.847303
vn 0.968167 0.070244 0.240247
vn 0.524037 0.086411 -0.847300
vn -0.646632 0.118854 -0.753486
vn -0.922773 0.035578 0.383699
vn 0.076455 -0.048564 0.995890
vn -0.187788 0.975857 -0.111526
vn -0.944745 0.327273 -0.018702
vn -0.754726 -0.653643 -0.056027
vn 0.188444 -0.979246 -0.074609
vn 0.943433 -0.326796 -0.056023
vn 0.755804 0.654531 -0.018702
vn 0.187792 0.975856 0.111529
vn -0.755781 0.654557 0.018703
vn -0.943426 -0.326816 0.056026
vn -0.188440 -0.979247 0.074607
vn 0.754749 -0.653618 0.056025
vn 0.944752 0.327253 0.018701
vn 0.968167 -0.070245 -0.240247
vn 0.076459 0.048564 -0.995889
vn -0.922772 -0.035578 -0.383700
vn -0.646635 -0.118854 0.753484
vn 0.524037 -0.086411 0.847300
vn 0.968167 0.070244 0.240244
vn 0.524037 0.086411 -0.847301
vn -0.646629 0.118854 -0.753489
vn -0.922772 0.035578 0.383700
vn 0.076458 -0.048564 0.995889
vn 0.966179 -0.086595 -0.242897
vn 0.075398 0.045764 -0.996103
vn -0.918970 -0.083409 -0.385406
vn -0.641453 -0.167819 0.748582
vn 0.526100 -0.091318 0.845506
vn 0.961186 0.130870 0.242888
vn 0.521350 0.115380 -0.845507
vn -0.648489 0.138187 -0.748576
vn -0.921835 0.041126 0.385393
vn 0.077422 -0.042253 0.996103
vn 0.969552 -0.013975 -0.244486
vn 0.070863 0.050304 -0.996217
vn -0.903003 -0.187826 -0.386402
vn -0.618533 -0.249008 0.745260
vn 0.533539 -0.049201 0.844343
vn 0.938033 0.245598 0.244491
vn 0.506264 0.175457 -0.844341
vn -0.660144 0.093747 -0.745266
vn -0.921722 -0.033734 0.386381
vn 0.080843 -0.031883 0.996217
vn -0.187792 0.975856 -0.111528
vn -0.944752 0.327253 -0.018701
vn -0.754749 -0.653618 -0.056025
vn 0.188440 -0.979247 -0.074607
vn 0.943426 -0.326816 -0.056026
vn 0.755781 0.654557 -0.018703
vn 0.187788 0.975857 0.111526
vn -0.755804 0.654531 0.018702
vn -0.943433 -0.326796 0.056023
vn -0.188444 -0.979246 0.074609
vn 0.754726 -0.653643 0.056027
vn 0.944745 0.327273 0.018702
vn 0.966378 0.079666 -0.244474
vn 0.065678 0.056908 -0.996217
vn -0.880669 -0.274106 -0.386378
vn -0.591613 -0.307540 0.745261
vn 0.535811 0.002527 0.844334
vn 0.909950 0.334983 0.244494
vn 0.486966 0.223498 -0.844342
vn -0.666107 0.029597 -0.745269
vn -0.914151 -0.122539 0.386410
vn 0.083545 -0.023931 0.996217
vn 0.954180 0.172560 -0.244466
vn 0.059880 0.062981 -0.996217
vn -0.850085 -0.357808 -0.386432
vn -0.559149 -0.363196 0.745279
vn 0.533065 0.054227 0.844335
vn 0.873377 0.421244 0.244471
vn 0.463144 0.269460 -0.844327
vn -0.665839 -0.034825 -0.745282
vn -0.898063 -0.210191 0.386397
vn 0.085463 -0.015757 0.996217
vn 0.933067 0.263846 -0.244483
vn 0.053517 0.068465 -0.996217
vn -0.811591 -0.438197 -0.386398
vn -0.521490 -0.415474 0.745271
vn 0.525329 0.105416 0.844344
vn 0.828634 0.503572 0.244500
vn 0.434946 0.312893 -0.844346
vn -0.659383 -0.098930 -0.745270
vn -0.873583 -0.295887 0.386398
vn 0.086583 -0.007436 0.996217
vn -0.187835 0.975848 -0.111528
vn -0.944747 0.327267 -0.018700
vn -0.754768 -0.653595 -0.056023
vn 0.188483 -0.979238 -0.074611
vn 0.943421 -0.326830 -0.056028
vn 0.755801 0.654535 -0.018700
vn 0.187831 0.975849 0.111525
vn -0.755823 0.654509 0.018699
vn -0.943428 -0.326810 0.056025
vn -0.188488 -0.979237 0.074613
vn 0.754746 -0.653621 0.056025
vn 0.944740 0.327287 0.018701
vn 0.903245 0.352670 -0.244483
vn 0.046662 0.073312 -0.996217
vn -0.765511 -0.514480 -0.386397
vn -0.478959 -0.463863 0.745272
vn 0.512708 0.155629 0.844340
vn 0.776169 0.581198 0.244479
vn 0.402728 0.353415 -0.844339
vn -0.646756 -0.162110 -0.745269
vn -0.840943 -0.378818 0.386409
vn 0.086898 0.000956 0.996217
vn 0.864995 0.438200 -0.244467
vn 0.039369 0.077473 -0.996217
vn -0.712282 -0.585954 -0.386410
vn -0.431955 -0.507923 0.745271
vn 0.495297 0.204387 0.844338
vn 0.716454 0.653393 0.244481
vn 0.366747 0.390638 -0.844333
vn -0.628089 -0.223773 -0.745271
vn -0.800464 -0.458214 0.386390
vn 0.086400 0.009339 0.996217
vn 0.818656 0.519637 -0.244500
vn 0.031710 0.080913 -0.996217
vn -0.652414 -0.651975 -0.386373
vn -0.380928 -0.547249 0.745260
vn 0.473259 0.251238 0.844337
vn 0.650052 0.719488 0.244477
vn 0.327329 0.424205 -0.844338
vn -0.603575 -0.283358 -0.745255
vn -0.752501 -0.533331 0.386395
vn 0.085096 0.017634 0.996217
vn -0.187792 0.975856 -0.111529
vn -0.944752 0.327253 -0.018701
vn -0.754749 -0.653618 -0.056025
vn 0.188440 -0.979247 -0.074607
vn 0.943426 -0.326816 -0.056026
vn 0.755781 0.654557 -0.018703
vn 0.187788 0.975857 0.111526
vn -0.755804 0.654531 0.018702
vn -0.943433 -0.326796 0.056023
vn -0.188444 -0.979246 0.074609
vn 0.754726 -0.653643 0.056027
vn 0.944745 0.327273 0.018702
vn 0.764687 0.596221 -0.244486
vn 0.023750 0.083592 -0.996217
vn -0.586440 -0.711897 -0.386382
vn -0.326322 -0.581450 0.745271
vn 0.446800 0.295737 0.844340
vn 0.577572 0.778869 0.244486
vn 0.284850 0.453810 -0.844344
vn -0.573401 -0.340279 -0.745266
vn -0.697510 -0.603464 0.386408
vn 0.082996 0.025764 0.996217
vn 0.703570 0.667244 -0.244489
vn 0.015573 0.085497 -0.996217
vn -0.514994 -0.765175 -0.386379
vn -0.268675 -0.610224 0.745279
vn 0.416181 0.337493 0.844329
vn 0.499705 0.830986 0.244452
vn 0.239729 0.479194 -0.844336
vn -0.537880 -0.394032 -0.745267
vn -0.636003 -0.667965 0.386424
vn 0.080123 0.033655 0.996217
vn 0.635886 0.732032 -0.244496
vn 0.007249 0.086602 -0.996217
vn -0.438739 -0.811303 -0.386388
vn -0.208536 -0.633321 0.745263
vn 0.381662 0.376078 0.844334
vn 0.417171 0.875328 0.244479
vn 0.192359 0.500086 -0.844341
vn -0.497347 -0.444113 -0.745259
vn -0.568576 -0.726237 0.386396
vn 0.076500 0.041231 0.996217
vn -0.187835 0.975848 -0.111528
vn -0.944747 0.327267 -0.018700
vn -0.754768 -0.653595 -0.056023
vn 0.188483 -0.979238 -0.074611
vn 0.943421 -0.326830 -0.056028
vn 0.755801 0.654535 -0.018700
vn 0.187831 0.975849 0.111525
vn -0.755823 0.654509 0.018699
vn -0.943428 -0.326810 0.056025
vn -0.188488 -0.979237 0.074613
vn 0.754746 -0.653621 0.056025
vn 0.944740 0.327287 0.018701
vn 0.562271 0.789986 -0.244487
vn -0.001144 0.086894 -0.996217
vn -0.358389 -0.849862 -0.386382
vn -0.146435 -0.650484 0.745270
vn 0.343580 0.411152 0.844338
vn 0.330742 0.911503 0.244483
vn 0.143194 0.516318 -0.844341
vn -0.452156 -0.490028 -0.745270
vn -0.495825 -0.777714 0.386418
vn 0.072163 0.048421 0.996217
vn 0.483399 0.840566 -0.244489
vn -0.009525 0.086379 -0.996217
vn -0.274691 -0.880483 -0.386385
vn -0.082969 -0.661581 0.745269
vn 0.302297 0.442397 0.844335
vn 0.241222 0.939171 0.244479
vn 0.092695 0.527730 -0.844339
vn -0.402750 -0.531382 -0.745268
vn -0.418451 -0.821943 0.386404
vn 0.067153 0.055160 0.996217
vn 0.400018 0.883301 -0.244469
vn -0.017818 0.085057 -0.996217
vn -0.188429 -0.902871 -0.386417
vn -0.018726 -0.666494 0.745275
vn 0.258186 0.469507 0.844336
vn 0.149455 0.958065 0.244486
vn 0.041329 0.534221 -0.844334
vn -0.349581 -0.567765 -0.745276
vn -0.337169 -0.858489 0.386410
vn 0.061516 0.061384 0.996217
vn -0.187831 0.975849 -0.111525
vn -0.944740 0.327287 -0.018701
vn -0.754746 -0.653621 -0.056025
vn 0.188488 -0.979237 -0.074613
vn 0.943428 -0.326810 -0.056025
vn 0.755823 0.654509 -0.018699
vn 0.187835 0.975848 0.111528
vn -0.755801 0.654535 0.018700
vn -0.943421 -0.326830 0.056028
vn -0.188483 -0.979238 0.074611
vn 0.754768 -0.653595 0.056023
vn 0.944747 0.327267 0.018700
vn 0.312901 0.917778 -0.244494
vn -0.025944 0.082939 -0.996217
vn -0.100410 -0.916854 -0.386389
vn 0.045686 -0.665188 0.745277
vn 0.211667 0.492231 0.844337
vn 0.056288 0.968021 0.244474
vn -0.010424 0.535708 -0.844339
vn -0.293154 -0.598853 -0.745276
vn -0.252739 -0.887023 0.386411
vn 0.055304 0.067034 0.996217
vn 0.222863 0.943695 -0.244481
vn -0.033827 0.080046 -0.996217
vn -0.011450 -0.922270 -0.386378
vn 0.109671 -0.657679 0.745272
vn 0.163172 0.510363 0.844337
vn -0.037400 0.968931 0.244486
vn -0.062080 0.532195 -0.844343
vn -0.233988 -0.624352 -0.745275
vn -0.165946 -0.907266 0.386432
vn 0.048577 0.072058 0.996217
vn 0.104592 0.965866 -0.236989
vn 0.000909 0.076442 -0.997074
vn 0.056561 -0.922526 -0.381767
vn 0.091316 -0.646871 0.757113
vn 0.057277 0.523516 0.850088
vn -0.088717 0.967459 0.236966
vn -0.048673 0.524389 -0.850087
vn -0.101926 -0.645289 -0.757108
vn -0.071704 -0.921473 0.381766
vn 0.000346 0.076446 0.997074
vn -0.187835 0.975848 -0.111528
vn -0.944747 0.327267 -0.018700
vn -0.754768 -0.653595 -0.056023
vn 0.188484 -0.979238 -0.074611
vn 0.943421 -0.326830 -0.056028
vn 0.755801 0.654535 -0.018700
vn 0.187831 0.975849 0.111525
vn -0.755823 0.654509 0.018699
vn -0.943428 -0.326810 0.056025
vn -0.188488 -0.979237 0.074613
vn 0.754745 -0.653621 0.056025
vn 0.944740 0.327287 0.018701
vn 0.078499 0.968905 -0.234653
vn 0.021759 0.076461 -0.996835
vn 0.056886 -0.923142 -0.380227
vn 0.056886 -0.646890 0.760458
vn 0.021759 0.524068 0.851399
vn -0.078499 0.968905 0.234652
vn -0.021759 0.524066 -0.851400
vn -0.056886 -0.646890 -0.760458
vn -0.056886 -0.923142 0.380227
vn -0.021759 0.076462 0.996835
vn 0.078499 0.968905 -0.234653
vn 0.021759 0.076461 -0.996835
vn 0.056886 -0.923142 -0.380227
vn 0.056886 -0.646890 0.760458
vn 0.021759 0.524068 0.851399
vn -0.078499 0.968905 0.234652
vn -0.021758 0.524066 -0.851400
vn -0.056886 -0.646890 -0.760458
vn -0.056886 -0.923142 0.380227
vn -0.021759 0.076462 0.996835
vn 0.078499 0.968905 -0.234653
vn 0.021759 0.076461 -0.996835
vn 0.056886 -0.923142 -0.380227
vn 0.056886 -0.646890 0.760458
vn 0.021759 0.524068 0.851399
vn -0.078499 0.968905 0.234652
vn -0.021758 0.524066 -0.851400
vn -0.056886 -0.646890 -0.760458
vn -0.056886 -0.923142 0.380227
vn -0.021759 0.076462 0.996835
vn -0.187835 0.975848 -0.111528
vn -0.944747 0.327267 -0.018700
vn -0.754768 -0.653595 -0.056023
vn 0.188484 -0.979238 -0.074611
vn 0.943421 -0.326830 -0.056028
vn 0.755801 0.654535 -0.018700
vn 0.187831 0.975849 0.111525
vn -0.755823 0.654509 0.018699
vn -0.943428 -0.326810 0.056025
vn -0.188488 -0.979237 0.074613
vn 0.754745 -0.653621 0.056025
vn 0.944740 0.327287 0.018701
vn 0.078499 0.968905 -0.234653
vn 0.021759 0.076461 -0.996835
vn 0.056886 -0.923142 -0.380227
vn 0.056886 -0.646890 0.760458
vn 0.021759 0.524068 0.851399
vn -0.078499 0.968905 0.234652
vn -0.021759 0.524066 -0.851400
vn -0.056886 -0.646890 -0.760458
vn -0.056886 -0.923142 0.380227
vn -0.021759 0.076462 0.996835
vn 0.078499 0.968905 -0.234653
vn 0.021759 0.076461 -0.996835
vn 0.056886 -0.923142 -0.380227
vn 0.056886 -0.646890 0.760458
vn 0.021759 0.524068 0.851399
vn -0.078499 0.968905 0.234652
vn -0.021758 0.524066 -0.851400
vn -0.056886 -0.646890 -0.760458
vn -0.056886 -0.923142 0.380227
vn -0.021759 0.076462 0.996835
vn 0.078499 0.968905 -0.234653
vn 0.021759 0.076461 -0.996835
vn 0.056886 -0.923142 -0.380227
vn 0.056886 -0.646890 0.760458
vn 0.021759 0.524068 0.851399
vn -0.078499 0.968905 0.234652
vn -0.021758 0.524066 -0.851400
vn -0.056886 -0.646890 -0.760458
vn -0.056886 -0.923142 0.380227
vn -0.021759 0.076462 0.996835
vn -0.187833 0.975849 -0.111526
vn -0.944743 0.327277 -0.018700
vn -0.754757 -0.653608 -0.056024
vn 0.188486 -0.979238 -0.074612
vn 0.943424 -0.326820 -0.056027
vn 0.755812 0.654522 -0.018699
vn 0.187833 0.975849 0.111526
vn -0.755812 0.654522 0.018699
vn -0.943424 -0.326820 0.056027
vn -0.188486 -0.979238 0.074612
vn 0.754757 -0.653608 0.056024
vn 0.944743 0.327277 0.018700
vn 0.078499 0.968905 -0.234653
vn 0.021759 0.076461 -0.996835
vn 0.056886 -0.923142 -0.380227
vn 0.056886 -0.646890 0.760458
vn 0.021759 0.524068 0.851399
vn -0.078499 0.968905 0.234652
vn -0.021759 0.524066 -0.851400
vn -0.056886 -0.646890 -0.760458
vn -0.056886 -0.923142 0.380227
vn -0.021759 0.076462 0.996835
vn 0.078499 0.968905 -0.234653
vn 0.021759 0.076461 -0.996835
vn 0.056886 -0.923142 -0.380227
vn 0.056886 -0.646890 0.760458
vn 0.021759 0.524068 0.851399
vn -0.078499 0.968905 0.234652
vn -0.021759 0.524066 -0.851400
vn -0.056886 -0.646890 -0.760458
vn -0.056886 -0.923142 0.380227
vn -0.021759 0.076462 0.996835
vn 0.078499 0.968905 -0.234653
vn 0.021759 0.076461 -0.996835
vn 0.056886 -0.923142 -0.380227
vn 0.056886 -0.646890 0.760458
vn 0.021759 0.524068 0.851399
vn -0.078499 0.968905 0.234652
vn -0.021758 0.524066 -0.851400
vn -0.056886 -0.646890 -0.760458
vn -0.056886 -0.923142 0.380227
vn -0.021759 0.076462 0.996835
vn -0.187833 0.975849 -0.111526
vn -0.944743 0.327277 -0.018700
vn -0.754757 -0.653608 -0.056024
vn 0.188486 -0.979238 -0.074612
vn 0.943424 -0.326820 -0.056027
vn 0.755812 0.654522 -0.018699
vn 0.187833 0.975849 0.111526
vn -0.755812 0.654522 0.018699
vn -0.943424 -0.326820 0.056027
vn -0.188486 -0.979238 0.074612
vn 0.754757 -0.653608 0.056024
vn 0.944743 0.327277 0.018700
vn 0.078499 0.968905 -0.234653
vn 0.021759 0.076461 -0.996835
vn 0.056886 -0.923142 -0.380227
vn 0.056886 -0.646890 0.760458
vn 0.021759 0.524068 0.851399
vn -0.078499 0.968905 0.234652
vn -0.021759 0.524066 -0.851400
vn -0.056886 -0.646890 -0.760458
vn -0.056886 -0.923142 0.380227
vn -0.021759 0.076462 0.996835
vn 0.078499 0.968905 -0.234653
vn 0.021759 0.076461 -0.996835
vn 0.056886 -0.923142 -0.380227
vn 0.056886 -0.646890 0.760458
vn 0.021759 0.524068 0.851399
vn -0.078499 0.968905 0.234652
vn -0.021758 0.524066 -0.851400
vn -0.056886 -0.646890 -0.760458
vn -0.056886 -0.923142 0.380227
vn -0.021759 0.076462 0.996835
vn 0.078499 0.968905 -0.234653
vn 0.021759 0.076461 -0.996835
vn 0.056886 -0.923142 -0.380227
vn 0.056886 -0.646890 0.760458
vn 0.021759 0.524068 0.851399
vn -0.078499 0.968905 0.234652
vn -0.021759 0.524066 -0.851400
vn -0.056886 -0.646890 -0.760458
vn -0.056886 -0.923142 0.380227
vn -0.021759 0.076462 0.996835
vn -0.187833 0.975849 -0.111526
vn -0.944743 0.327277 -0.018700
vn -0.754757 -0.653608 -0.056024
vn 0.188486 -0.979238 -0.074612
vn 0.943424 -0.326820 -0.056027
vn 0.755812 0.654522 -0.018699
vn 0.187833 0.975849 0.111526
vn -0.755812 0.654522 0.018699
vn -0.943424 -0.326820 0.056027
vn -0.188486 -0.979238 0.074612
vn 0.754757 -0.653608 0.056024
vn 0.944743 0.327277 0.018700
vn 0.078499 0.968905 -0.234653
vn 0.021759 0.076461 -0.996835
vn 0.056886 -0.923142 -0.380227
vn 0.056886 -0.646890 0.760458
vn 0.021759 0.524068 0.851399
vn -0.078499 0.968905 0.234652
vn -0.021758 0.524066 -0.851400
vn -0.056886 -0.646890 -0.760458
vn -0.056886 -0.923142 0.380227
vn -0.021759 0.076462 0.996835
vn 0.078499 0.968905 -0.234653
vn 0.021759 0.076461 -0.996835
vn 0.056886 -0.923142 -0.380227
vn 0.056886 -0.646890 0.760458
vn 0.021759 0.524068 0.851399
vn -0.078499 0.968905 0.234652
vn -0.021759 0.524066 -0.851400
vn -0.056886 -0.646890 -0.760458
vn -0.056886 -0.923142 0.380227
vn -0.021759 0.076462 0.996835
vn 0.078499 0.968905 -0.234653
vn 0.021759 0.076461 -0.996835
vn 0.056886 -0.923142 -0.380227
vn 0.056886 -0.646890 0.760458
vn 0.021759 0.524068 0.851399
vn -0.078499 0.968905 0.234652
vn -0.021759 0.524066 -0.851400
vn -0.056886 -0.646890 -0.760458
vn -0.056886 -0.923142 0.380227
vn -0.021759 0.076462 0.996835
vn -0.187833 0.975849 -0.111526
vn -0.944743 0.327277 -0.018700
vn -0.754757 -0.653608 -0.056024
vn 0.188486 -0.979238 -0.074612
vn 0.943424 -0.326820 -0.056027
vn 0.755812 0.654522 -0.018699
vn 0.187833 0.975849 0.111526
vn -0.755812 0.654522 0.018699
vn -0.943424 -0.326820 0.056027
vn -0.188486 -0.979238 0.074612
vn 0.754757 -0.653608 0.056024
vn 0.944743 0.327277 0.018700
vn 0.078499 0.968905 -0.234653
vn 0.021759 0.076461 -0.996835
vn 0.056886 -0.923142 -0.380227
vn 0.056886 -0.646890 0.760458
vn 0.021759 0.524068 0.851399
vn -0.078499 0.968905 0.234652
vn -0.021758 0.524066 -0.851400
vn -0.056886 -0.646890 -0.760458
vn -0.056886 -0.923142 0.380227
vn -0.021759 0.076462 0.996835
vn 0.078499 0.968905 -0.234653
vn 0.021759 0.076461 -0.996835
vn 0.056886 -0.923142 -0.380227
vn 0.056886 -0.646890 0.760458
vn 0.021759 0.524068 0.851399
vn -0.078499 0.968905 0.234652
vn -0.021758 0.524066 -0.851400
vn -0.056886 -0.646890 -0.760458
vn -0.056886 -0.923142 0.380227
vn -0.021759 0.076462 0.996835
vn 0.123064 0.967870 -0.219276
vn 0.121476 0.082376 -0.989170
vn 0.185198 -0.911181 -0.368037
vn 0.076998 -0.641056 0.763622
vn -0.054502 0.521704 0.851384
vn -0.215902 0.951480 0.219253
vn 0.003900 0.524523 -0.851388
vn -0.014769 -0.645497 -0.763620
vn -0.096392 -0.924800 0.368040
vn -0.128860 0.070265 0.989170
vn -0.187790 0.975857 -0.111527
vn -0.944748 0.327263 -0.018702
vn -0.754737 -0.653630 -0.056026
vn 0.188442 -0.979246 -0.074608
vn 0.943429 -0.326806 -0.056024
vn 0.755792 0.654544 -0.018702
vn 0.187790 0.975857 0.111527
vn -0.755792 0.654544 0.018702
vn -0.943429 -0.326806 0.056024
vn -0.188442 -0.979246 0.074608
vn 0.754737 -0.653630 0.056026
vn 0.944748 0.327263 0.018702
vn 0.029073 0.975233 -0.219259
vn 0.112959 0.093714 -0.989170
vn 0.272279 -0.889049 -0.368043
vn 0.138510 -0.630628 0.763625
vn -0.104601 0.514006 0.851385
vn -0.306727 0.926199 0.219256
vn -0.046747 0.522451 -0.851387
vn 0.047601 -0.643902 -0.763625
vn -0.006687 -0.929780 0.368056
vn -0.135040 0.057502 0.989170
vn -0.065187 0.973489 -0.219248
vn 0.103386 0.104181 -0.989170
vn 0.356810 -0.858625 -0.368034
vn 0.198738 -0.614344 0.763600
vn -0.153720 0.501498 0.851393
vn -0.394681 0.892263 0.219304
vn -0.096949 0.515499 -0.851388
vn 0.109524 -0.636315 -0.763615
vn 0.083084 -0.926095 0.368029
vn -0.139959 0.044202 0.989170
vn -0.158834 0.962655 -0.219240
vn 0.092850 0.113669 -0.989170
vn 0.438014 -0.820167 -0.368063
vn 0.257094 -0.592278 0.763616
vn -0.201400 0.484318 0.851395
vn -0.478960 0.850007 0.219285
vn -0.146248 0.503729 -0.851392
vn 0.170422 -0.622756 -0.763630
vn 0.172074 -0.913753 0.368029
vn -0.143571 0.030485 0.989170
vn -0.187790 0.975857 -0.111527
vn -0.944748 0.327263 -0.018702
vn -0.754737 -0.653630 -0.056026
vn 0.188442 -0.979246 -0.074608
vn 0.943429 -0.326806 -0.056024
vn 0.755792 0.654544 -0.018702
vn 0.187790 0.975857 0.111527
vn -0.755792 0.654544 0.018702
vn -0.943429 -0.326806 0.056024
vn -0.188442 -0.979246 0.074608
vn 0.754737 -0.653630 0.056026
vn 0.944748 0.327263 0.018702
vn -0.250997 0.942823 -0.219281
vn 0.081446 0.122100 -0.989170
vn 0.515131 -0.774077 -0.368027
vn 0.313045 -0.564681 0.763635
vn -0.247210 0.462634 0.851385
vn -0.558764 0.799819 0.219256
vn -0.194179 0.487259 -0.851395
vn 0.229733 -0.603410 -0.763623
vn 0.259454 -0.892866 0.368068
vn -0.145844 0.016487 0.989170
vn -0.340830 0.914204 -0.219238
vn 0.069282 0.129390 -0.989170
vn 0.587433 -0.720744 -0.368036
vn 0.366101 -0.531857 0.763609
vn -0.290703 0.436610 0.851389
vn -0.633343 0.742153 0.219283
vn -0.240305 0.466249 -0.851390
vn 0.286899 -0.578420 -0.763622
vn 0.344424 -0.863665 0.368043
vn -0.146754 0.002334 0.989170
vn -0.427472 0.877038 -0.219252
vn 0.056470 0.135473 -0.989170
vn 0.654255 -0.660688 -0.368024
vn 0.415716 -0.494032 0.763618
vn -0.331493 0.406524 0.851382
vn -0.702016 0.677566 0.219265
vn -0.284187 0.440884 -0.851386
vn 0.341386 -0.548030 -0.763622
vn 0.426166 -0.826382 0.368070
vn -0.146294 -0.011841 0.989170
vn -0.187790 0.975857 -0.111527
vn -0.944748 0.327263 -0.018702
vn -0.754737 -0.653630 -0.056026
vn 0.188442 -0.979246 -0.074608
vn 0.943429 -0.326806 -0.056024
vn 0.755792 0.654544 -0.018702
vn 0.187790 0.975857 0.111527
vn -0.755792 0.654544 0.018702
vn -0.943429 -0.326806 0.056024
vn -0.188442 -0.979246 0.074608
vn 0.754737 -0.653630 0.056026
vn 0.944748 0.327263 0.018702
vn -0.510119 0.831687 -0.219260
vn 0.043131 0.140292 -0.989170
vn 0.714960 -0.594451 -0.368048
vn 0.461445 -0.451593 0.763631
vn -0.369179 0.372633 0.851382
vn -0.764135 0.606650 0.219256
vn -0.325411 0.411400 -0.851386
vn 0.392678 -0.512515 -0.763631
vn 0.503933 -0.781396 0.368065
vn -0.144469 -0.025905 0.989170
vn -0.588007 0.778571 -0.219259
vn 0.029392 0.143797 -0.989171
vn 0.769001 -0.522678 -0.368028
vn 0.502886 -0.404957 0.763620
vn -0.403418 0.335259 0.851384
vn -0.819116 0.530067 0.219265
vn -0.363593 0.378068 -0.851390
vn 0.440315 -0.472231 -0.763623
vn 0.576994 -0.729110 0.368071
vn -0.141294 -0.039727 0.989170
vn -0.660400 0.718184 -0.219279
vn 0.015373 0.145965 -0.989170
vn 0.815853 -0.446017 -0.368040
vn 0.539621 -0.354530 0.763622
vn -0.433886 0.294755 0.851389
vn -0.866453 0.448539 0.219253
vn -0.398385 0.341211 -0.851390
vn 0.483847 -0.427538 -0.763612
vn 0.644677 -0.670025 0.368046
vn -0.136801 -0.053178 0.989170
vn -0.187833 0.975849 -0.111526
vn -0.944743 0.327277 -0.018700
vn -0.754757 -0.653608 -0.056024
vn 0.188486 -0.979238 -0.074612
vn 0.943424 -0.326820 -0.056027
vn 0.755812 0.654522 -0.018699
vn 0.187833 0.975849 0.111526
vn -0.755812 0.654522 0.018699
vn -0.943424 -0.326820 0.056027
vn -0.188486 -0.979238 0.074612
vn 0.754757 -0.653608 0.056024
vn 0.944743 0.327277 0.018700
vn -0.726637 0.651094 -0.219259
vn 0.001210 0.146769 -0.989170
vn 0.855089 -0.365193 -0.368045
vn 0.571323 -0.300797 0.763617
vn -0.460313 0.251506 0.851385
vn -0.905698 0.362821 0.219251
vn -0.429467 0.301174 -0.851383
vn 0.522846 -0.378838 -0.763619
vn 0.706340 -0.604677 0.368036
vn -0.131031 -0.066132 0.989170
vn -0.786084 0.577921 -0.219271
vn -0.012960 0.146200 -0.989170
vn 0.886345 -0.280960 -0.368040
vn 0.597682 -0.244249 0.763622
vn -0.482441 0.205906 0.851383
vn -0.936488 0.273713 0.219253
vn -0.456525 0.258317 -0.851385
vn 0.556971 -0.326610 -0.763616
vn 0.761397 -0.533679 0.368050
vn -0.124034 -0.078471 0.989170
vn -0.838197 0.499358 -0.219244
vn -0.027006 0.144266 -0.989170
vn 0.909321 -0.194102 -0.368048
vn 0.618469 -0.185425 0.763619
vn -0.500057 0.158380 0.851386
vn -0.958530 0.182050 0.219266
vn -0.479327 0.213050 -0.851384
vn 0.585882 -0.271324 -0.763627
vn 0.809354 -0.457705 0.368040
vn -0.115882 -0.090076 0.989170
vn -0.187790 0.975857 -0.111527
vn -0.944748 0.327263 -0.018702
vn -0.754737 -0.653630 -0.056026
vn 0.188442 -0.979246 -0.074608
vn 0.943429 -0.326806 -0.056024
vn 0.755792 0.654544 -0.018702
vn 0.187790 0.975857 0.111527
vn -0.755792 0.654544 0.018702
vn -0.943429 -0.326806 0.056024
vn -0.188442 -0.979246 0.074608
vn 0.754737 -0.653630 0.056026
vn 0.944748 0.327263 0.018702
vn -0.882474 0.416128 -0.219265
vn -0.040810 0.140987 -0.989170
vn 0.923810 -0.105435 -0.368047
vn 0.633477 -0.124868 0.763620
vn -0.513008 0.109379 0.851386
vn -0.971627 0.088689 0.219261
vn -0.497649 0.165794 -0.851385
vn 0.609343 -0.213516 -0.763618
vn 0.849751 -0.377454 0.368037
vn -0.106648 -0.100839 0.989170
vn -0.918521 0.329013 -0.219247
vn -0.054226 0.136391 -0.989170
vn 0.929673 -0.015782 -0.368047
vn 0.642571 -0.063146 0.763620
vn -0.521174 0.059357 0.851384
vn -0.975651 -0.005500 0.219259
vn -0.511334 0.116990 -0.851382
vn 0.627101 -0.153707 -0.763622
vn 0.882213 -0.293678 0.368041
vn -0.096412 -0.110662 0.989171
vn -0.945984 0.238828 -0.219261
vn -0.067134 0.130521 -0.989170
vn 0.926857 0.074019 -0.368046
vn 0.645662 -0.000834 0.763623
vn -0.524468 0.008779 0.851385
vn -0.970566 -0.099639 0.219257
vn -0.520236 0.067093 -0.851383
vn 0.639009 -0.092465 -0.763621
vn 0.906434 -0.207162 0.368050
vn -0.085284 -0.119450 0.989171
vn -0.187833 0.975849 -0.111526
vn -0.944743 0.327277 -0.018700
vn -0.754757 -0.653608 -0.056024
vn 0.188486 -0.979238 -0.074612
vn 0.943424 -0.326820 -0.056027
vn 0.755812 0.654522 -0.018699
vn 0.187833 0.975849 0.111526
vn -0.755812 0.654522 0.018699
vn -0.943424 -0.326820 0.056027
vn -0.188486 -0.979238 0.074612
vn 0.754757 -0.653608 0.056024
vn 0.944743 0.327277 0.018700
vn -0.967012 0.116991 -0.226278
vn -0.076253 0.101744 -0.991884
vn 0.922497 0.097383 -0.373518
vn 0.646327 0.012735 0.762954
vn -0.524068 -0.035514 0.850936
vn -0.967460 -0.113223 0.226279
vn -0.523925 0.037555 -0.850936
vn 0.646273 -0.015253 -0.762953
vn 0.922109 -0.100976 0.373521
vn -0.076651 -0.101446 0.991884
vn -0.968168 0.104493 -0.227447
vn -0.076454 0.097033 -0.992340
vn 0.922771 0.091095 -0.374427
vn 0.646629 0.007820 0.762765
vn -0.524036 -0.037943 0.850850
vn -0.968168 -0.104493 0.227447
vn -0.524037 0.037943 -0.850850
vn 0.646629 -0.007820 -0.762764
vn 0.922771 -0.091095 0.374428
vn -0.076454 -0.097033 0.992340
vn -0.968167 0.104494 -0.227449
vn -0.076457 0.097033 -0.992340
vn 0.922773 0.091095 -0.374421
vn 0.646629 0.007820 0.762765
vn -0.524038 -0.037943 0.850849
vn -0.968168 -0.104494 0.227447
vn -0.524037 0.037943 -0.850850
vn 0.646630 -0.007820 -0.762764
vn 0.922772 -0.091096 0.374423
vn -0.076461 -0.097032 0.992340
vn -0.187790 0.975857 -0.111527
vn -0.944748 0.327263 -0.018702
vn -0.754737 -0.653630 -0.056026
vn 0.188442 -0.979246 -0.074608
vn 0.943429 -0.326806 -0.056024
vn 0.755792 0.654544 -0.018702
vn 0.187790 0.975857 0.111527
vn -0.755792 0.654544 0.018702
vn -0.943429 -0.326806 0.056024
vn -0.188442 -0.979246 0.074608
vn 0.754737 -0.653630 0.056026
vn 0.944748 0.327263 0.018702
vn -0.968168 0.104494 -0.227447
vn -0.076457 0.097032 -0.992340
vn 0.922772 0.091095 -0.374424
vn 0.646629 0.007820 0.762765
vn -0.524038 -0.037943 0.850850
vn -0.968167 -0.104493 0.227451
vn -0.524036 0.037943 -0.850850
vn 0.646630 -0.007820 -0.762764
vn 0.922771 -0.091095 0.374426
vn -0.076458 -0.097033 0.992340
vn -0.968167 0.104493 -0.227451
vn -0.076457 0.097033 -0.992340
vn 0.922771 0.091095 -0.374426
vn 0.646629 0.007820 0.762764
vn -0.524037 -0.037943 0.850850
vn -0.968168 -0.104494 0.227447
vn -0.524037 0.037943 -0.850850
vn 0.646629 -0.007820 -0.762765
vn 0.922772 -0.091095 0.374424
vn -0.076457 -0.097032 0.992340
vn -0.968168 0.104494 -0.227447
vn -0.076460 0.097032 -0.992340
vn 0.922772 0.091096 -0.374423
vn 0.646629 0.007820 0.762764
vn -0.524037 -0.037943 0.850850
vn -0.968167 -0.104494 0.227449
vn -0.524037 0.037943 -0.850850
vn 0.646629 -0.007820 -0.762764
vn 0.922773 -0.091095 0.374422
vn -0.076457 -0.097033 0.992340
vn -0.187790 0.975857 -0.111523
vn -0.944739 0.327291 -0.018701
vn -0.754757 -0.653608 -0.056022
vn 0.188486 -0.979238 -0.074608
vn 0.943425 -0.326820 -0.056024
vn 0.755773 0.654566 -0.018701
vn 0.187790 0.975857 0.111523
vn -0.755773 0.654566 0.018701
vn -0.943425 -0.326820 0.056024
vn -0.188486 -0.979238 0.074608
vn 0.754757 -0.653608 0.056022
vn 0.944739 0.327291 0.018701
vn -0.968168 0.104493 -0.227447
vn -0.076453 0.097033 -0.992340
vn 0.922771 0.091095 -0.374428
vn 0.646629 0.007820 0.762765
vn -0.524036 -0.037943 0.850850
vn -0.968168 -0.104493 0.227447
vn -0.524036 0.037943 -0.850850
vn 0.646629 -0.007820 -0.762765
vn 0.922771 -0.091095 0.374428
vn -0.076453 -0.097033 0.992340
vn -0.968167 0.104493 -0.227449
vn -0.076457 0.097033 -0.992340
vn 0.922773 0.091095 -0.374422
vn 0.646630 0.007820 0.762764
vn -0.524037 -0.037943 0.850850
vn -0.968168 -0.104494 0.227448
vn -0.524038 0.037943 -0.850849
vn 0.646630 -0.007820 -0.762764
vn 0.922772 -0.091095 0.374424
vn -0.076457 -0.097033 0.992340
vn -0.968168 0.104493 -0.227447
vn -0.076458 0.097033 -0.992340
vn 0.922772 0.091095 -0.374425
vn 0.646629 0.007820 0.762764
vn -0.524037 -0.037943 0.850850
vn -0.968168 -0.104494 0.227447
vn -0.524037 0.037943 -0.850850
vn 0.646629 -0.007820 -0.762764
vn 0.922773 -0.091095 0.374423
vn -0.076455 -0.097033 0.992340
vn -0.187812 0.975853 -0.111527
vn -0.944746 0.327270 -0.018701
vn -0.754747 -0.653619 -0.056025
vn 0.188464 -0.979242 -0.074610
vn 0.943427 -0.326813 -0.056025
vn 0.755802 0.654533 -0.018701
vn 0.187812 0.975853 0.111527
vn -0.755802 0.654533 0.018701
vn -0.943427 -0.326813 0.056025
vn -0.188464 -0.979242 0.074610
vn 0.754747 -0.653619 0.056025
vn 0.944746 0.327270 0.018701
vn -0.968168 0.104493 -0.227447
vn -0.076457 0.097033 -0.992340
vn 0.922772 0.091095 -0.374425
vn 0.646629 0.007820 0.762764
vn -0.524037 -0.037943 0.850850
vn -0.968168 -0.104493 0.227448
vn -0.524037 0.037943 -0.850850
vn 0.646629 -0.007820 -0.762764
vn 0.922772 -0.091095 0.374424
vn -0.076455 -0.097033 0.992340
vn -0.968072 0.105600 -0.227344
vn -0.076455 0.097342 -0.992310
vn 0.922724 0.091900 -0.374346
vn 0.646596 0.008629 0.762784
vn -0.524033 -0.037633 0.850866
vn -0.968072 -0.105600 0.227343
vn -0.524033 0.037633 -0.850866
vn 0.646595 -0.008629 -0.762784
vn 0.922724 -0.091900 0.374347
vn -0.076456 -0.097342 0.992310
vn -0.187803 0.975854 -0.111526
vn -0.944746 0.327270 -0.018701
vn -0.754742 -0.653625 -0.056025
vn 0.188455 -0.979244 -0.074609
vn 0.943427 -0.326813 -0.056025
vn 0.755797 0.654539 -0.018701
vn 0.187803 0.975854 0.111526
vn -0.755797 0.654539 0.018701
vn -0.943427 -0.326813 0.056025
vn -0.188455 -0.979244 0.074609
vn 0.754742 -0.653625 0.056025
vn 0.944746 0.327270 0.018701
vn -0.078499 -0.968905 -0.234650
vn -0.021759 -0.076460 -0.996835
vn -0.056886 0.923141 -0.380231
vn -0.056886 0.646887 0.760462
vn -0.021759 -0.524068 0.851399
vn 0.078499 -0.968905 0.234650
vn 0.021759 -0.524067 -0.851399
vn 0.056886 0.646887 -0.760461
vn 0.056886 0.923141 0.380231
vn 0.021759 -0.076461 0.996835
vn -0.078499 -0.968905 -0.234650
vn -0.021759 -0.076460 -0.996835
vn -0.056886 0.923141 -0.380231
vn -0.056886 0.646887 0.760462
vn -0.021759 -0.524068 0.851399
vn 0.078499 -0.968905 0.234650
vn 0.021759 -0.524067 -0.851399
vn 0.056886 0.646887 -0.760461
vn 0.056886 0.923141 0.380231
vn 0.021759 -0.076461 0.996835
vn -0.078499 -0.968905 -0.234650
vn -0.021759 -0.076460 -0.996835
vn -0.056886 0.923141 -0.380231
vn -0.056886 0.646887 0.760461
vn -0.021759 -0.524068 0.851399
vn 0.078499 -0.968905 0.234650
vn 0.021759 -0.524067 -0.851399
vn 0.056886 0.646887 -0.760461
vn 0.056886 0.923141 0.380231
vn 0.021759 -0.076461 0.996835
vn -0.187803 0.975854 -0.111526
vn -0.944746 0.327270 -0.018701
vn -0.754742 -0.653625 -0.056025
vn 0.188455 -0.979244 -0.074609
vn 0.943427 -0.326813 -0.056025
vn 0.755797 0.654539 -0.018701
vn 0.187803 0.975854 0.111526
vn -0.755797 0.654539 0.018701
vn -0.943427 -0.326813 0.056025
vn -0.188455 -0.979244 0.074609
vn 0.754742 -0.653625 0.056025
vn 0.944746 0.327270 0.018701
vn -0.078499 -0.968905 -0.234650
vn -0.021759 -0.076460 -0.996835
vn -0.056886 0.923141 -0.380231
vn -0.056886 0.646887 0.760461
vn -0.021759 -0.524068 0.851399
vn 0.078499 -0.968905 0.234650
vn 0.021759 -0.524067 -0.851399
vn 0.056886 0.646887 -0.760461
vn 0.056886 0.923141 0.380231
vn 0.021759 -0.076461 0.996835
vn -0.078499 -0.968905 -0.234650
vn -0.021759 -0.076460 -0.996835
vn -0.056886 0.923141 -0.380231
vn -0.056886 0.646887 0.760462
vn -0.021759 -0.524068 0.851399
vn 0.078499 -0.968905 0.234650
vn 0.021759 -0.524067 -0.851399
vn 0.056886 0.646887 -0.760461
vn 0.056886 0.923141 0.380231
vn 0.021759 -0.076461 0.996835
vn -0.078499 -0.968905 -0.234650
vn -0.021759 -0.076460 -0.996835
vn -0.056886 0.923141 -0.380231
vn -0.056886 0.646887 0.760461
vn -0.021759 -0.524068 0.851399
vn 0.078499 -0.968905 0.234650
vn 0.021759 -0.524067 -0.851399
vn 0.056886 0.646887 -0.760461
vn 0.056886 0.923141 0.380231
vn 0.021759 -0.076461 0.996835
vn -0.187803 0.975854 -0.111526
vn -0.944746 0.327270 -0.018701
vn -0.754742 -0.653625 -0.056025
vn 0.188455 -0.979244 -0.074609
vn 0.943427 -0.326813 -0.056025
vn 0.755797 0.654539 -0.018701
vn 0.187803 0.975854 0.111526
vn -0.755797 0.654539 0.018701
vn -0.943427 -0.326813 0.056025
vn -0.188455 -0.979244 0.074609
vn 0.754742 -0.653625 0.056025
vn 0.944746 0.327270 0.018701
vn -0.078499 -0.968905 -0.234650
vn -0.021759 -0.076460 -0.996835
vn -0.056886 0.923141 -0.380231
vn -0.056886 0.646887 0.760462
vn -0.021759 -0.524068 0.851399
vn 0.078499 -0.968905 0.234650
vn 0.021759 -0.524067 -0.851399
vn 0.056886 0.646887 -0.760461
vn 0.056886 0.923141 0.380231
vn 0.021759 -0.076461 0.996835
vn -0.078499 -0.968905 -0.234650
vn -0.021759 -0.076460 -0.996835
vn -0.056886 0.923141 -0.380231
vn -0.056886 0.646887 0.760461
vn -0.021759 -0.524068 0.851399
vn 0.078499 -0.968905 0.234650
vn 0.021759 -0.524067 -0.851399
vn 0.056886 0.646887 -0.760461
vn 0.056886 0.923141 0.380231
vn 0.021759 -0.076461 0.996835
vn -0.078499 -0.968905 -0.234650
vn -0.021759 -0.076460 -0.996835
vn -0.056886 0.923141 -0.380231
vn -0.056886 0.646887 0.760462
vn -0.021759 -0.524068 0.851399
vn 0.078499 -0.968905 0.234650
vn 0.021759 -0.524067 -0.851399
vn 0.056886 0.646887 -0.760461
vn 0.056886 0.923141 0.380231
vn 0.021759 -0.076461 0.996835
vn -0.187803 0.975854 -0.111526
vn -0.944746 0.327270 -0.018701
vn -0.754742 -0.653625 -0.056025
vn 0.188455 -0.979244 -0.074609
vn 0.943427 -0.326813 -0.056025
vn 0.755797 0.654539 -0.018701
vn 0.187803 0.975854 0.111526
vn -0.755797 0.654539 0.018701
vn -0.943427 -0.326813 0.056025
vn -0.188455 -0.979244 0.074609
vn 0.754742 -0.653625 0.056025
vn 0.944746 0.327270 0.018701
vn -0.078499 -0.968905 -0.234650
vn -0.021759 -0.076460 -0.996835
vn -0.056886 0.923141 -0.380231
vn -0.056886 0.646887 0.760461
vn -0.021759 -0.524068 0.851399
vn 0.078499 -0.968905 0.234650
vn 0.021759 -0.524067 -0.851399
vn 0.056886 0.646887 -0.760461
vn 0.056886 0.923141 0.380231
vn 0.021759 -0.076461 0.996835
vn -0.078499 -0.968905 -0.234650
vn -0.021759 -0.076460 -0.996835
vn -0.056886 0.923141 -0.380231
vn -0.056886 0.646887 0.760461
vn -0.021759 -0.524068 0.851399
vn 0.078499 -0.968905 0.234650
vn 0.021759 -0.524067 -0.851399
vn 0.056886 0.646887 -0.760461
vn 0.056886 0.923141 0.380231
vn 0.021759 -0.076461 0.996835
vn -0.078499 -0.968905 -0.234650
vn -0.021759 -0.076460 -0.996835
vn -0.056886 0.923141 -0.380231
vn -0.056886 0.646887 0.760462
vn -0.021759 -0.524068 0.851399
vn 0.078499 -0.968905 0.234650
vn 0.021759 -0.524067 -0.851399
vn 0.056886 0.646887 -0.760461
vn 0.056886 0.923141 0.380231
vn 0.021759 -0.076461 0.996835
vn -0.187803 0.975854 -0.111526
vn -0.944746 0.327270 -0.018701
vn -0.754742 -0.653625 -0.056025
vn 0.188455 -0.979244 -0.074609
vn 0.943427 -0.326813 -0.056025
vn 0.755797 0.654539 -0.018701
vn 0.187803 0.975854 0.111526
vn -0.755797 0.654539 0.018701
vn -0.943427 -0.326813 0.056025
vn -0.188455 -0.979244 0.074609
vn 0.754742 -0.653625 0.056025
vn 0.944746 0.327270 0.018701
vn -0.078499 -0.968905 -0.234650
vn -0.021759 -0.076460 -0.996835
vn -0.056886 0.923141 -0.380231
vn -0.056886 0.646887 0.760462
vn -0.021759 -0.524068 0.851399
vn 0.078499 -0.968905 0.234650
vn 0.021759 -0.524067 -0.851399
vn 0.056886 0.646887 -0.760461
vn 0.056886 0.923141 0.380231
vn 0.021759 -0.076461 0.996835
vn -0.078499 -0.968905 -0.234650
vn -0.021759 -0.076460 -0.996835
vn -0.056886 0.923141 -0.380231
vn -0.056886 0.646887 0.760462
vn -0.021759 -0.524068 0.851399
vn 0.078499 -0.968905 0.234650
vn 0.021759 -0.524067 -0.851399
vn 0.056886 0.646887 -0.760461
vn 0.056886 0.923141 0.380231
vn 0.021759 -0.076461 0.996835
vn -0.078499 -0.968905 -0.234650
vn -0.021759 -0.076460 -0.996835
vn -0.056886 0.923141 -0.380231
vn -0.056886 0.646887 0.760462
vn -0.021759 -0.524068 0.851399
vn 0.078499 -0.968905 0.234650
vn 0.021759 -0.524067 -0.851399
vn 0.056886 0.646887 -0.760461
vn 0.056886 0.923141 0.380231
vn 0.021759 -0.076461 0.996835
vn -0.187805 0.975854 -0.111527
vn -0.944749 0.327260 -0.018701
vn -0.754753 -0.653613 -0.056024
vn 0.188453 -0.979244 -0.074608
vn 0.943424 -0.326823 -0.056027
vn 0.755786 0.654552 -0.018701
vn 0.187801 0.975855 0.111525
vn -0.755808 0.654526 0.018701
vn -0.943431 -0.326803 0.056023
vn -0.188458 -0.979243 0.074610
vn 0.754730 -0.653638 0.056026
vn 0.944742 0.327280 0.018702
vn -0.078499 -0.968905 -0.234650
vn -0.021759 -0.076460 -0.996835
vn -0.056886 0.923141 -0.380231
vn -0.056886 0.646887 0.760462
vn -0.021759 -0.524068 0.851399
vn 0.078499 -0.968905 0.234650
vn 0.021759 -0.524067 -0.851399
vn 0.056886 0.646887 -0.760461
vn 0.056886 0.923141 0.380231
vn 0.021759 -0.076461 0.996835
vn -0.078499 -0.968905 -0.234650
vn -0.021759 -0.076460 -0.996835
vn -0.056886 0.923141 -0.380231
vn -0.056886 0.646887 0.760462
vn -0.021759 -0.524068 0.851399
vn 0.078499 -0.968905 0.234650
vn 0.021759 -0.524067 -0.851399
vn 0.056886 0.646887 -0.760461
vn 0.056886 0.923141 0.380231
vn 0.021759 -0.076461 0.996835
vn -0.073175 -0.969241 -0.234983
vn -0.017328 -0.076653 -0.996907
vn -0.069849 0.922159 -0.380453
vn -0.073025 0.645932 0.759894
vn -0.022474 -0.524325 0.851221
vn 0.094577 -0.967387 0.234983
vn 0.034056 -0.523701 -0.851221
vn 0.058732 0.647389 -0.759893
vn 0.049452 0.923477 0.380452
vn 0.019017 -0.076251 0.996907
vn -0.187805 0.975854 -0.111527
vn -0.944749 0.327260 -0.018701
vn -0.754753 -0.653613 -0.056024
vn 0.188453 -0.979244 -0.074608
vn 0.943424 -0.326823 -0.056027
vn 0.755786 0.654552 -0.018701
vn 0.187801 0.975855 0.111525
vn -0.755808 0.654526 0.018701
vn -0.943431 -0.326803 0.056023
vn -0.188458 -0.979243 0.074610
vn 0.754730 -0.653638 0.056026
vn 0.944742 0.327280 0.018702
vn 0.011781 -0.971091 -0.238419
vn 0.027765 -0.074119 -0.996863
vn -0.138515 0.913430 -0.382699
vn -0.164523 0.633542 0.756014
vn -0.014399 -0.527871 0.849202
vn 0.175011 -0.955263 0.238419
vn 0.115549 -0.515271 -0.849202
vn 0.039738 0.653347 -0.756015
vn -0.039560 0.923026 0.382699
vn -0.013007 -0.078073 0.996863
vn 0.114972 -0.963578 -0.241451
vn 0.073392 -0.063537 -0.995277
vn -0.211019 0.898746 -0.384352
vn -0.253891 0.609037 0.751408
vn 0.003889 -0.533204 0.845978
vn 0.256877 -0.935798 0.241447
vn 0.197467 -0.495306 -0.845978
vn 0.005483 0.659815 -0.751408
vn -0.143472 0.911970 0.384352
vn -0.044014 -0.086522 0.995277
vn 0.213857 -0.946090 -0.243267
vn 0.104616 -0.048567 -0.993326
vn -0.286793 0.877174 -0.385117
vn -0.330444 0.576037 0.747655
vn 0.033849 -0.536751 0.843061
vn 0.339585 -0.908573 0.243264
vn 0.265833 -0.467527 -0.843061
vn -0.039270 0.662928 -0.747653
vn -0.240809 0.890896 0.385118
vn -0.060893 -0.097956 0.993326
vn -0.187802 0.975855 -0.111525
vn -0.944742 0.327280 -0.018702
vn -0.754730 -0.653639 -0.056026
vn 0.188457 -0.979243 -0.074610
vn 0.943431 -0.326803 -0.056023
vn 0.755808 0.654526 -0.018701
vn 0.187806 0.975854 0.111527
vn -0.755786 0.654552 0.018701
vn -0.943423 -0.326823 0.056027
vn -0.188453 -0.979244 0.074608
vn 0.754752 -0.653613 0.056024
vn 0.944750 0.327260 0.018701
vn 0.306547 -0.920075 -0.243907
vn 0.118107 -0.034460 -0.992403
vn -0.366449 0.846899 -0.385327
vn -0.391395 0.538652 0.746099
vn 0.077663 -0.534169 0.841803
vn 0.423320 -0.872532 0.243900
vn 0.317547 -0.436500 -0.841802
vn -0.096174 0.658855 -0.746097
vn -0.329338 0.862006 0.385333
vn -0.060447 -0.107158 0.992403
vn 0.392140 -0.887118 -0.243409
vn 0.113953 -0.026536 -0.993132
vn -0.449208 0.806138 -0.385168
vn -0.436416 0.501064 0.747313
vn 0.134693 -0.521112 0.842793
vn 0.507321 -0.826665 0.243415
vn 0.352352 -0.406875 -0.842794
vn -0.164453 0.643797 -0.747316
vn -0.408259 0.827632 0.385162
vn -0.042893 -0.108856 0.993132
vn 0.470709 -0.848526 -0.241736
vn 0.095374 -0.028913 -0.995022
vn -0.533009 0.753707 -0.384483
vn -0.467386 0.466651 0.750857
vn 0.201759 -0.494282 0.845564
vn 0.589935 -0.770411 0.241751
vn 0.372577 -0.382367 -0.845566
vn -0.241162 0.614857 -0.750861
vn -0.478127 0.789657 0.384497
vn -0.011581 -0.098987 0.995021
vn -0.187806 0.975854 -0.111528
vn -0.944750 0.327259 -0.018701
vn -0.754752 -0.653613 -0.056024
vn 0.188452 -0.979244 -0.074608
vn 0.943424 -0.326823 -0.056027
vn 0.755786 0.654551 -0.018702
vn 0.187802 0.975855 0.111525
vn -0.755808 0.654526 0.018701
vn -0.943431 -0.326803 0.056023
vn -0.188457 -0.979243 0.074610
vn 0.754730 -0.653639 0.056026
vn 0.944743 0.327279 0.018702
vn 0.543058 -0.805005 -0.238863
vn 0.068080 -0.043380 -0.996736
vn -0.614798 0.689469 -0.382957
vn -0.488003 0.437216 0.755444
vn 0.273637 -0.452329 0.848835
vn 0.668858 -0.703972 0.238856
vn 0.382627 -0.364795 -0.848835
vn -0.321612 0.570851 -0.755443
vn -0.540560 0.749088 0.382965
vn 0.027668 -0.075837 0.996736
vn 0.577789 -0.781617 -0.235019
vn 0.036406 -0.070886 -0.996820
vn -0.696991 0.607899 -0.380345
vn -0.516709 0.399023 0.757491
vn 0.329122 -0.410027 0.850621
vn 0.752788 -0.614877 0.235025
vn 0.393647 -0.348546 -0.850622
vn -0.373591 0.535382 -0.757493
vn -0.573512 0.725543 0.380357
vn 0.069045 -0.039789 0.996820
vn 0.658079 -0.716471 -0.231520
vn 0.020635 -0.092000 -0.995545
vn -0.742665 0.552899 -0.377825
vn -0.513739 0.394970 0.761624
vn 0.391759 -0.348028 0.851705
vn 0.790572 -0.566923 0.231504
vn 0.392707 -0.346949 -0.851709
vn -0.454018 0.462390 -0.761618
vn -0.638383 0.670603 0.377835
vn 0.093816 -0.009395 0.995545
vn -0.187806 0.975854 -0.111528
vn -0.944750 0.327259 -0.018701
vn -0.754753 -0.653612 -0.056024
vn 0.188454 -0.979244 -0.074608
vn 0.943424 -0.326822 -0.056027
vn 0.755786 0.654551 -0.018702
vn 0.187802 0.975855 0.111525
vn -0.755808 0.654526 0.018701
vn -0.943431 -0.326802 0.056023
vn -0.188458 -0.979243 0.074610
vn 0.754731 -0.653638 0.056026
vn 0.944743 0.327279 0.018702
vn 0.718522 -0.657403 -0.227041
vn 0.004437 -0.123963 -0.992277
vn -0.801945 0.465739 -0.374127
vn -0.530204 0.370073 0.762843
vn 0.444977 -0.279055 0.850955
vn 0.847264 -0.480203 0.227044
vn 0.402904 -0.336965 -0.850954
vn -0.515803 0.389894 -0.762844
vn -0.690759 0.618771 0.374132
vn 0.119267 0.034087 0.992277
vn 0.775117 -0.590989 -0.223441
vn 0.000356 -0.150203 -0.988655
vn -0.849107 0.376064 -0.370937
vn -0.550987 0.338375 0.762834
vn 0.483657 -0.211304 0.849368
vn 0.893194 -0.390212 0.223470
vn 0.419723 -0.320010 -0.849368
vn -0.563495 0.317097 -0.762839
vn -0.741317 0.559331 0.370942
vn 0.131447 0.072684 0.988655
vn 0.827060 -0.516617 -0.221538
vn 0.007974 -0.164267 -0.986384
vn -0.883973 0.286909 -0.369153
vn -0.575695 0.295195 0.762519
vn 0.507735 -0.150834 0.848207
vn 0.928186 -0.299006 0.221510
vn 0.442699 -0.290809 -0.848202
vn -0.596858 0.249661 -0.762515
vn -0.789319 0.490627 0.369135
vn 0.130693 0.099833 0.986384
vn -0.187804 0.975854 -0.111525
vn -0.944742 0.327282 -0.018702
vn -0.754731 -0.653638 -0.056026
vn 0.188461 -0.979243 -0.074610
vn 0.943430 -0.326805 -0.056024
vn 0.755808 0.654526 -0.018700
vn 0.187808 0.975853 0.111527
vn -0.755786 0.654551 0.018701
vn -0.943423 -0.326825 0.056027
vn -0.188456 -0.979244 0.074608
vn 0.754753 -0.653612 0.056024
vn 0.944749 0.327262 0.018700
vn 0.873144 -0.434156 -0.221650
vn 0.024158 -0.161685 -0.986547
vn -0.907405 0.200640 -0.369268
vn -0.601788 0.237436 0.762546
vn 0.519615 -0.102036 0.848286
vn 0.952628 -0.208249 0.221658
vn 0.469020 -0.245820 -0.848288
vn -0.617875 0.191708 -0.762548
vn -0.833117 0.411770 0.369271
vn 0.120082 0.110934 0.986547
vn 0.911897 -0.344000 -0.223847
vn 0.044053 -0.140738 -0.989066
vn -0.920904 0.118707 -0.371273
vn -0.625335 0.164282 0.762868
vn 0.523220 -0.066852 0.849571
vn 0.967316 -0.119190 0.223814
vn 0.494358 -0.183960 -0.849570
vn -0.630058 0.145147 -0.762863
vn -0.870588 0.322859 0.371266
vn 0.104410 0.104145 0.989066
vn 0.941878 -0.247124 -0.227586
vn 0.062235 -0.102922 -0.992741
vn -0.926265 0.041493 -0.374583
vn -0.641983 0.077582 0.762784
vn 0.523089 -0.044415 0.851120
vn 0.973221 -0.032522 0.227557
vn 0.513943 -0.107015 -0.851123
vn -0.637371 0.109232 -0.762775
vn -0.899450 0.225101 0.374593
vn 0.089066 0.080829 0.992741
vn -0.187804 0.975854 -0.111525
vn -0.944743 0.327278 -0.018702
vn -0.754729 -0.653640 -0.056026
vn 0.188455 -0.979244 -0.074610
vn 0.943430 -0.326803 -0.056024
vn 0.755811 0.654523 -0.018701
vn 0.187808 0.975853 0.111528
vn -0.755789 0.654549 0.018701
vn -0.943423 -0.326823 0.056027
vn -0.188451 -0.979245 0.074608
vn 0.754751 -0.653615 0.056024
vn 0.944750 0.327258 0.018701
vn 0.961797 -0.145204 -0.232084
vn 0.073977 -0.053035 -0.995849
vn -0.925140 -0.031781 -0.378293
vn -0.648096 -0.018178 0.761342
vn 0.523128 -0.030980 0.851691
vn 0.971320 0.051699 0.232087
vn 0.523687 -0.019654 -0.851684
vn -0.643315 0.080642 -0.761342
vn -0.917767 0.120923 0.378260
vn 0.078750 0.045647 0.995849
vn 0.968147 -0.087839 -0.234469
vn 0.076453 -0.024364 -0.996775
vn -0.922756 -0.063677 -0.380087
vn -0.646607 -0.063676 0.760161
vn 0.524027 -0.024365 0.851353
vn 0.968147 0.087839 0.234469
vn 0.524027 0.024365 -0.851353
vn -0.646607 0.063676 -0.760161
vn -0.922756 0.063677 0.380087
vn 0.076454 0.024364 0.996775
vn 0.968147 -0.087839 -0.234469
vn 0.076453 -0.024364 -0.996775
vn -0.922756 -0.063677 -0.380087
vn -0.646606 -0.063676 0.760161
vn 0.524027 -0.024365 0.851353
vn 0.968147 0.087839 0.234469
vn 0.524027 0.024365 -0.851353
vn -0.646607 0.063676 -0.760161
vn -0.922756 0.063677 0.380087
vn 0.076454 0.024364 0.996775
vn -0.187814 0.975852 -0.111527
vn -0.944749 0.327260 -0.018700
vn -0.754749 -0.653618 -0.056024
vn 0.188451 -0.979245 -0.074608
vn 0.943422 -0.326827 -0.056027
vn 0.755791 0.654546 -0.018701
vn 0.187810 0.975853 0.111524
vn -0.755813 0.654520 0.018700
vn -0.943429 -0.326807 0.056024
vn -0.188455 -0.979244 0.074610
vn 0.754726 -0.653643 0.056026
vn 0.944742 0.327280 0.018701
vn 0.968147 -0.087839 -0.234469
vn 0.076453 -0.024364 -0.996775
vn -0.922756 -0.063677 -0.380087
vn -0.646607 -0.063676 0.760161
vn 0.524027 -0.024365 0.851353
vn 0.968147 0.087839 0.234469
vn 0.524027 0.024365 -0.851353
vn -0.646607 0.063676 -0.760161
vn -0.922756 0.063677 0.380087
vn 0.076454 0.024364 0.996775
vn 0.968147 -0.087839 -0.234469
vn 0.076453 -0.024364 -0.996775
vn -0.922756 -0.063677 -0.380087
vn -0.646606 -0.063676 0.760161
vn 0.524027 -0.024365 0.851353
vn 0.968147 0.087839 0.234469
vn 0.524027 0.024365 -0.851353
vn -0.646607 0.063676 -0.760161
vn -0.922756 0.063677 0.380087
vn 0.076454 0.024364 0.996775
vn 0.968147 -0.087839 -0.234469
vn 0.076453 -0.024364 -0.996775
vn -0.922756 -0.063677 -0.380087
vn -0.646606 -0.063676 0.760161
vn 0.524027 -0.024365 0.851353
vn 0.968147 0.087839 0.234469
vn 0.524027 0.024365 -0.851353
vn -0.646607 0.063676 -0.760161
vn -0.922756 0.063677 0.380087
vn 0.076454 0.024364 0.996775
vn -0.187803 0.975855 -0.111526
vn -0.944748 0.327263 -0.018701
vn -0.754749 -0.653618 -0.056024
vn 0.188451 -0.979245 -0.074607
vn 0.943422 -0.326827 -0.056027
vn 0.755781 0.654557 -0.018701
vn 0.187799 0.975856 0.111524
vn -0.755804 0.654531 0.018701
vn -0.943429 -0.326807 0.056023
vn -0.188455 -0.979244 0.074609
vn 0.754726 -0.653643 0.056026
vn 0.944741 0.327283 0.018702
vn 0.968147 -0.087839 -0.234469
vn 0.076453 -0.024364 -0.996775
vn -0.922756 -0.063677 -0.380087
vn -0.646606 -0.063676 0.760161
vn 0.524027 -0.024365 0.851353
vn 0.968147 0.087839 0.234469
vn 0.524027 0.024365 -0.851353
vn -0.646607 0.063676 -0.760161
vn -0.922756 0.063677 0.380087
vn 0.076454 0.024364 0.996775
vn 0.968147 -0.087839 -0.234469
vn 0.076453 -0.024364 -0.996775
vn -0.922756 -0.063677 -0.380087
vn -0.646607 -0.063676 0.760161
vn 0.524027 -0.024365 0.851353
vn 0.968147 0.087839 0.234469
vn 0.524027 0.024365 -0.851353
vn -0.646607 0.063676 -0.760161
vn -0.922756 0.063677 0.380087
vn 0.076454 0.024364 0.996775
vn 0.968147 -0.087839 -0.234469
vn 0.076453 -0.024364 -0.996775
vn -0.922756 -0.063677 -0.380087
vn -0.646606 -0.063676 0.760161
vn 0.524027 -0.024365 0.851353
vn 0.968147 0.087839 0.234469
vn 0.524027 0.024365 -0.851353
vn -0.646607 0.063676 -0.760161
vn -0.922756 0.063677 0.380087
vn 0.076454 0.024364 0.996775
vn -0.187803 0.975854 -0.111527
vn -0.944748 0.327263 -0.018701
vn -0.754758 -0.653606 -0.056023
vn 0.188462 -0.979243 -0.074608
vn 0.943423 -0.326823 -0.056027
vn 0.755781 0.654557 -0.018701
vn 0.187799 0.975855 0.111525
vn -0.755804 0.654531 0.018701
vn -0.943430 -0.326803 0.056023
vn -0.188466 -0.979242 0.074610
vn 0.754736 -0.653632 0.056025
vn 0.944741 0.327283 0.018702
vn 0.968147 -0.087839 -0.234469
vn 0.076453 -0.024364 -0.996775
vn -0.922756 -0.063677 -0.380087
vn -0.646606 -0.063676 0.760161
vn 0.524027 -0.024365 0.851353
vn 0.968147 0.087839 0.234469
vn 0.524027 0.024365 -0.851353
vn -0.646607 0.063676 -0.760161
vn -0.922756 0.063677 0.380087
vn 0.076454 0.024364 0.996775
vn 0.968147 -0.087839 -0.234469
vn 0.076453 -0.024364 -0.996775
vn -0.922756 -0.063677 -0.380087
vn -0.646606 -0.063676 0.760161
vn 0.524027 -0.024365 0.851353
vn 0.968147 0.087839 0.234469
vn 0.524027 0.024365 -0.851353
vn -0.646607 0.063676 -0.760161
vn -0.922756 0.063677 0.380087
vn 0.076454 0.024364 0.996775
vn 0.968147 -0.087839 -0.234469
vn 0.076453 -0.024364 -0.996775
vn -0.922756 -0.063677 -0.380087
vn -0.646607 -0.063676 0.760161
vn 0.524027 -0.024365 0.851353
vn 0.968147 0.087839 0.234469
vn 0.524027 0.024365 -0.851353
vn -0.646607 0.063676 -0.760161
vn -0.922756 0.063677 0.380087
vn 0.076454 0.024364 0.996775
vn -0.187803 0.975854 -0.111528
vn -0.944750 0.327256 -0.018701
vn -0.754753 -0.653612 -0.056024
vn 0.188451 -0.979245 -0.074608
vn 0.943425 -0.326820 -0.056027
vn 0.755786 0.654551 -0.018702
vn 0.187799 0.975855 0.111526
vn -0.755808 0.654526 0.018701
vn -0.943432 -0.326800 0.056023
vn -0.188455 -0.979244 0.074610
vn 0.754731 -0.653638 0.056026
vn 0.944744 0.327277 0.018702
vn 0.968147 -0.087839 -0.234469
vn 0.076453 -0.024364 -0.996775
vn -0.922756 -0.063677 -0.380087
vn -0.646606 -0.063676 0.760161
vn 0.524027 -0.024365 0.851353
vn 0.968147 0.087839 0.234469
vn 0.524027 0.024365 -0.851353
vn -0.646607 0.063676 -0.760161
vn -0.922756 0.063677 0.380087
vn 0.076454 0.024364 0.996775
vn 0.968147 -0.087839 -0.234469
vn 0.076453 -0.024364 -0.996775
vn -0.922756 -0.063677 -0.380087
vn -0.646606 -0.063676 0.760161
vn 0.524027 -0.024365 0.851353
vn 0.968147 0.087839 0.234469
vn 0.524027 0.024365 -0.851353
vn -0.646607 0.063676 -0.760161
vn -0.922756 0.063677 0.380087
vn 0.076454 0.024364 0.996775
vn 0.968147 -0.087839 -0.234469
vn 0.076453 -0.024364 -0.996775
vn -0.922756 -0.063677 -0.380087
vn -0.646606 -0.063676 0.760161
vn 0.524027 -0.024365 0.851353
vn 0.968147 0.087839 0.234469
vn 0.524027 0.024365 -0.851353
vn -0.646607 0.063676 -0.760161
vn -0.922756 0.063677 0.380087
vn 0.076454 0.024364 0.996775
vn -0.187792 0.975856 -0.111527
vn -0.944749 0.327260 -0.018701
vn -0.754753 -0.653612 -0.056024
vn 0.188451 -0.979245 -0.074607
vn 0.943425 -0.326820 -0.056026
vn 0.755777 0.654563 -0.018702
vn 0.187788 0.975857 0.111525
vn -0.755799 0.654537 0.018701
vn -0.943432 -0.326800 0.056023
vn -0.188455 -0.979244 0.074609
vn 0.754731 -0.653638 0.056026
vn 0.944742 0.327280 0.018702
vn 0.968147 -0.087839 -0.234469
vn 0.076453 -0.024364 -0.996775
vn -0.922756 -0.063677 -0.380087
vn -0.646606 -0.063676 0.760161
vn 0.524027 -0.024365 0.851353
vn 0.968147 0.087839 0.234469
vn 0.524027 0.024365 -0.851353
vn -0.646607 0.063676 -0.760161
vn -0.922756 0.063677 0.380087
vn 0.076454 0.024364 0.996775
vn 0.968147 -0.087839 -0.234469
vn 0.076453 -0.024364 -0.996775
vn -0.922756 -0.063677 -0.380087
vn -0.646606 -0.063676 0.760161
vn 0.524027 -0.024365 0.851353
vn 0.968147 0.087839 0.234469
vn 0.524027 0.024365 -0.851353
vn -0.646607 0.063676 -0.760161
vn -0.922756 0.063677 0.380087
vn 0.076454 0.024364 0.996775
vn 0.968147 -0.087838 -0.234469
vn 0.076453 -0.024364 -0.996775
vn -0.922756 -0.063677 -0.380087
vn -0.646607 -0.063676 0.760161
vn 0.524027 -0.024365 0.851353
vn 0.968147 0.087838 0.234469
vn 0.524027 0.024365 -0.851353
vn -0.646607 0.063676 -0.760161
vn -0.922756 0.063677 0.380087
vn 0.076454 0.024364 0.996775
vn -0.187814 0.975852 -0.111528
vn -0.944749 0.327260 -0.018700
vn -0.754758 -0.653606 -0.056024
vn 0.188462 -0.979242 -0.074609
vn 0.943423 -0.326823 -0.056027
vn 0.755791 0.654546 -0.018701
vn 0.187810 0.975853 0.111526
vn -0.755813 0.654520 0.018700
vn -0.943430 -0.326803 0.056024
vn -0.188466 -0.979241 0.074611
vn 0.754736 -0.653632 0.056026
vn 0.944742 0.327280 0.018701
vn 0.968147 -0.087839 -0.234469
vn 0.076453 -0.024364 -0.996775
vn -0.922756 -0.063677 -0.380087
vn -0.646606 -0.063676 0.760161
vn 0.524027 -0.024365 0.851353
vn 0.968147 0.087839 0.234469
vn 0.524027 0.024365 -0.851353
vn -0.646607 0.063676 -0.760161
vn -0.922756 0.063677 0.380087
vn 0.076454 0.024364 0.996775
vn 0.968147 -0.087839 -0.234469
vn 0.076453 -0.024364 -0.996775
vn -0.922756 -0.063677 -0.380087
vn -0.646606 -0.063676 0.760161
vn 0.524027 -0.024365 0.851353
vn 0.968147 0.087839 0.234469
vn 0.524027 0.024365 -0.851353
vn -0.646607 0.063676 -0.760161
vn -0.922756 0.063677 0.380087
vn 0.076454 0.024364 0.996775
vn 0.968147 -0.087839 -0.234469
vn 0.076453 -0.024364 -0.996775
vn -0.922756 -0.063677 -0.380087
vn -0.646606 -0.063676 0.760161
vn 0.524027 -0.024365 0.851353
vn 0.968147 0.087839 0.234469
vn 0.524027 0.024365 -0.851353
vn -0.646607 0.063676 -0.760161
vn -0.922756 0.063677 0.380087
vn 0.076454 0.024364 0.996775
vn -0.187792 0.975856 -0.111528
vn -0.944752 0.327253 -0.018701
vn -0.754748 -0.653618 -0.056025
vn 0.188440 -0.979247 -0.074607
vn 0.943426 -0.326816 -0.056026
vn 0.755781 0.654557 -0.018703
vn 0.187788 0.975857 0.111526
vn -0.755804 0.654531 0.018702
vn -0.943433 -0.326796 0.056023
vn -0.188444 -0.979246 0.074609
vn 0.754726 -0.653643 0.056027
vn 0.944745 0.327273 0.018702
vn 0.968147 -0.087839 -0.234469
vn 0.076453 -0.024364 -0.996775
vn -0.922756 -0.063677 -0.380087
vn -0.646606 -0.063676 0.760161
vn 0.524027 -0.024365 0.851353
vn 0.968147 0.087839 0.234469
vn 0.524027 0.024365 -0.851353
vn -0.646607 0.063676 -0.760161
vn -0.922756 0.063677 0.380087
vn 0.076454 0.024364 0.996775
vn 0.968147 -0.087839 -0.234469
vn 0.076453 -0.024364 -0.996775
vn -0.922756 -0.063677 -0.380087
vn -0.646606 -0.063676 0.760161
vn 0.524027 -0.024365 0.851353
vn 0.968147 0.087839 0.234469
vn 0.524027 0.024365 -0.851353
vn -0.646607 0.063676 -0.760161
vn -0.922756 0.063677 0.380087
vn 0.076454 0.024364 0.996775
vn 0.968147 -0.087839 -0.234469
vn 0.076453 -0.024364 -0.996775
vn -0.922756 -0.063677 -0.380087
vn -0.646606 -0.063676 0.760161
vn 0.524027 -0.024365 0.851353
vn 0.968147 0.087839 0.234469
vn 0.524027 0.024365 -0.851353
vn -0.646607 0.063676 -0.760161
vn -0.922756 0.063677 0.380087
vn 0.076454 0.024364 0.996775
vn -0.187814 0.975852 -0.111528
vn -0.944749 0.327260 -0.018700
vn -0.754758 -0.653606 -0.056024
vn 0.188462 -0.979242 -0.074609
vn 0.943423 -0.326823 -0.056027
vn 0.755791 0.654546 -0.018701
vn 0.187810 0.975853 0.111526
vn -0.755813 0.654520 0.018700
vn -0.943430 -0.326803 0.056024
vn -0.188466 -0.979241 0.074611
vn 0.754736 -0.653632 0.056026
vn 0.944742 0.327280 0.018701
vn 0.968147 -0.087839 -0.234469
vn 0.076453 -0.024364 -0.996775
vn -0.922756 -0.063677 -0.380087
vn -0.646606 -0.063676 0.760161
vn 0.524027 -0.024365 0.851353
vn 0.968147 0.087839 0.234469
vn 0.524027 0.024365 -0.851353
vn -0.646607 0.063676 -0.760161
vn -0.922756 0.063677 0.380087
vn 0.076454 0.024364 0.996775
vn 0.968147 -0.087838 -0.234469
vn 0.076453 -0.024364 -0.996775
vn -0.922756 -0.063677 -0.380087
vn -0.646607 -0.063676 0.760161
vn 0.524027 -0.024365 0.851353
vn 0.968147 0.087838 0.234469
vn 0.524027 0.024365 -0.851353
vn -0.646607 0.063676 -0.760161
vn -0.922756 0.063677 0.380087
vn 0.076454 0.024364 0.996775
vn 0.968147 -0.087839 -0.234469
vn 0.076453 -0.024364 -0.996775
vn -0.922756 -0.063677 -0.380087
vn -0.646606 -0.063676 0.760161
vn 0.524027 -0.024365 0.851353
vn 0.968147 0.087839 0.234469
vn 0.524027 0.024365 -0.851353
vn -0.646607 0.063676 -0.760161
vn -0.922756 0.063677 0.380087
vn 0.076454 0.024364 0.996775
vn -0.187814 0.975852 -0.111526
vn -0.944749 0.327260 -0.018700
vn -0.754739 -0.653629 -0.056025
vn 0.188440 -0.979247 -0.074607
vn 0.943421 -0.326830 -0.056027
vn 0.755791 0.654546 -0.018701
vn 0.187810 0.975854 0.111523
vn -0.755813 0.654520 0.018700
vn -0.943428 -0.326810 0.056024
vn -0.188444 -0.979246 0.074609
vn 0.754717 -0.653654 0.056027
vn 0.944742 0.327280 0.018701
vn 0.968147 -0.087839 -0.234469
vn 0.076453 -0.024364 -0.996775
vn -0.922756 -0.063677 -0.380087
vn -0.646606 -0.063676 0.760161
vn 0.524027 -0.024365 0.851353
vn 0.968147 0.087839 0.234469
vn 0.524027 0.024365 -0.851353
vn -0.646607 0.063676 -0.760161
vn -0.922756 0.063677 0.380087
vn 0.076454 0.024364 0.996775
vn 0.968147 -0.087839 -0.234469
vn 0.076453 -0.024364 -0.996775
vn -0.922756 -0.063677 -0.380087
vn -0.646606 -0.063676 0.760161
vn 0.524027 -0.024365 0.851353
vn 0.968147 0.087839 0.234469
vn 0.524027 0.024365 -0.851353
vn -0.646607 0.063676 -0.760161
vn -0.922756 0.063677 0.380087
vn 0.076454 0.024364 0.996775
vn 0.968147 -0.087839 -0.234469
vn 0.076453 -0.024364 -0.996775
vn -0.922756 -0.063677 -0.380087
vn -0.646606 -0.063676 0.760161
vn 0.524027 -0.024365 0.851353
vn 0.968147 0.087839 0.234469
vn 0.524027 0.024365 -0.851353
vn -0.646607 0.063676 -0.760161
vn -0.922756 0.063677 0.380087
vn 0.076454 0.024364 0.996775
vn -0.187792 0.975857 -0.111526
vn -0.944747 0.327267 -0.018701
vn -0.754758 -0.653606 -0.056023
vn 0.188462 -0.979243 -0.074607
vn 0.943423 -0.326823 -0.056026
vn 0.755772 0.654568 -0.018702
vn 0.187788 0.975858 0.111524
vn -0.755794 0.654542 0.018701
vn -0.943431 -0.326803 0.056023
vn -0.188466 -0.979242 0.074609
vn 0.754736 -0.653632 0.056025
vn 0.944740 0.327287 0.018702
vn 0.968147 -0.087839 -0.234469
vn 0.076453 -0.024364 -0.996775
vn -0.922756 -0.063677 -0.380087
vn -0.646606 -0.063676 0.760161
vn 0.524027 -0.024365 0.851353
vn 0.968147 0.087839 0.234469
vn 0.524027 0.024365 -0.851353
vn -0.646607 0.063676 -0.760161
vn -0.922756 0.063677 0.380087
vn 0.076454 0.024364 0.996775
vn 0.968147 -0.087839 -0.234469
vn 0.076453 -0.024364 -0.996775
vn -0.922756 -0.063677 -0.380087
vn -0.646606 -0.063676 0.760161
vn 0.524027 -0.024365 0.851353
vn 0.968147 0.087839 0.234469
vn 0.524027 0.024365 -0.851353
vn -0.646607 0.063676 -0.760161
vn -0.922756 0.063677 0.380087
vn 0.076454 0.024364 0.996775
vn 0.968147 -0.087838 -0.234469
vn 0.076453 -0.024364 -0.996775
vn -0.922756 -0.063677 -0.380087
vn -0.646607 -0.063676 0.760161
vn 0.524027 -0.024365 0.851353
vn 0.968147 0.087838 0.234469
vn 0.524027 0.024365 -0.851353
vn -0.646607 0.063676 -0.760161
vn -0.922756 0.063677 0.380087
vn 0.076454 0.024364 0.996775
vn -0.187814 0.975852 -0.111528
vn -0.944749 0.327260 -0.018700
vn -0.754758 -0.653606 -0.056024
vn 0.188462 -0.979242 -0.074609
vn 0.943423 -0.326823 -0.056027
vn 0.755791 0.654546 -0.018701
vn 0.187810 0.975853 0.111526
vn -0.755813 0.654520 0.018700
vn -0.943430 -0.326803 0.056024
vn -0.188466 -0.979241 0.074611
vn 0.754736 -0.653632 0.056026
vn 0.944742 0.327280 0.018701
vn 0.968147 -0.087839 -0.234469
vn 0.076453 -0.024364 -0.996775
vn -0.922756 -0.063677 -0.380087
vn -0.646606 -0.063676 0.760161
vn 0.524027 -0.024365 0.851353
vn 0.968147 0.087839 0.234469
vn 0.524027 0.024365 -0.851353
vn -0.646607 0.063676 -0.760161
vn -0.922756 0.063677 0.380087
vn 0.076454 0.024364 0.996775
vn 0.968147 -0.087839 -0.234469
vn 0.076453 -0.024364 -0.996775
vn -0.922756 -0.063677 -0.380087
vn -0.646606 -0.063676 0.760161
vn 0.524027 -0.024365 0.851353
vn 0.968147 0.087839 0.234469
vn 0.524027 0.024365 -0.851353
vn -0.646607 0.063676 -0.760161
vn -0.922756 0.063677 0.380087
vn 0.076454 0.024364 0.996775
vn 0.965270 -0.105394 -0.239051
vn 0.076436 0.014964 -0.996962
vn -0.921312 -0.066540 -0.383089
vn -0.645594 -0.120654 0.754089
vn 0.523908 -0.072864 0.848652
vn 0.965270 0.105394 0.239053
vn 0.523906 0.072864 -0.848654
vn -0.645596 0.120654 -0.754088
vn -0.921312 0.066540 0.383089
vn 0.076436 -0.014964 0.996962
vn -0.187814 0.975852 -0.111528
vn -0.944749 0.327260 -0.018700
vn -0.754758 -0.653606 -0.056024
vn 0.188462 -0.979242 -0.074609
vn 0.943423 -0.326823 -0.056027
vn 0.755791 0.654546 -0.018701
vn 0.187810 0.975853 0.111526
vn -0.755813 0.654520 0.018700
vn -0.943430 -0.326803 0.056024
vn -0.188466 -0.979241 0.074611
vn 0.754736 -0.653632 0.056026
vn 0.944742 0.327280 0.018701
vn 0.968167 -0.070247 -0.240246
vn 0.076453 0.048564 -0.995890
vn -0.922766 -0.035579 -0.383715
vn -0.646613 -0.118855 0.753502
vn 0.524029 -0.086412 0.847305
vn 0.968167 0.070247 0.240245
vn 0.524027 0.086412 -0.847306
vn -0.646614 0.118855 -0.753501
vn -0.922766 0.035579 0.383714
vn 0.076455 -0.048564 0.995890
vn 0.968167 -0.070247 -0.240245
vn 0.076453 0.048564 -0.995890
vn -0.922766 -0.035579 -0.383714
vn -0.646613 -0.118855 0.753502
vn 0.524028 -0.086412 0.847306
vn 0.968167 0.070247 0.240245
vn 0.524027 0.086412 -0.847306
vn -0.646614 0.118855 -0.753501
vn -0.922766 0.035579 0.383714
vn 0.076454 -0.048564 0.995890
vn 0.968167 -0.070247 -0.240245
vn 0.076453 0.048564 -0.995890
vn -0.922766 -0.035579 -0.383714
vn -0.646613 -0.118855 0.753502
vn 0.524028 -0.086412 0.847306
vn 0.968167 0.070247 0.240245
vn 0.524027 0.086412 -0.847306
vn -0.646614 0.118855 -0.753501
vn -0.922766 0.035579 0.383714
vn 0.076454 -0.048564 0.995890
vn -0.187792 0.975856 -0.111528
vn -0.944752 0.327253 -0.018701
vn -0.754748 -0.653618 -0.056025
vn 0.188440 -0.979247 -0.074607
vn 0.943426 -0.326816 -0.056026
vn 0.755781 0.654557 -0.018703
vn 0.187788 0.975857 0.111526
vn -0.755804 0.654531 0.018702
vn -0.943433 -0.326796 0.056023
vn -0.188444 -0.979246 0.074609
vn 0.754726 -0.653643 0.056027
vn 0.944745 0.327273 0.018702
vn 0.968167 -0.070247 -0.240245
vn 0.076454 0.048564 -0.995890
vn -0.922766 -0.035579 -0.383714
vn -0.646612 -0.118856 0.753502
vn 0.524029 -0.086412 0.847306
vn 0.968166 0.070247 0.240248
vn 0.524027 0.086412 -0.847306
vn -0.646616 0.118855 -0.753500
vn -0.922766 0.035579 0.383715
vn 0.076455 -0.048564 0.995890
vn 0.968167 -0.070247 -0.240248
vn 0.076453 0.048564 -0.995890
vn -0.922766 -0.035579 -0.383714
vn -0.646614 -0.118856 0.753501
vn 0.524028 -0.086412 0.847306
vn 0.968167 0.070248 0.240246
vn 0.524027 0.086412 -0.847307
vn -0.646614 0.118856 -0.753501
vn -0.922767 0.035579 0.383713
vn 0.076454 -0.048564 0.995890
vn 0.968167 -0.070247 -0.240245
vn 0.076455 0.048564 -0.995890
vn -0.922766 -0.035579 -0.383715
vn -0.646613 -0.118855 0.753502
vn 0.524029 -0.086412 0.847305
vn 0.968167 0.070247 0.240245
vn 0.524029 0.086412 -0.847305
vn -0.646613 0.118855 -0.753502
vn -0.922766 0.035579 0.383715
vn 0.076454 -0.048564 0.995890
vn -0.187792 0.975856 -0.111529
vn -0.944752 0.327253 -0.018701
vn -0.754749 -0.653618 -0.056025
vn 0.188440 -0.979247 -0.074607
vn 0.943426 -0.326816 -0.056026
vn 0.755781 0.654557 -0.018703
vn 0.187788 0.975857 0.111526
vn -0.755804 0.654531 0.018702
vn -0.943433 -0.326796 0.056023
vn -0.188444 -0.979246 0.074609
vn 0.754726 -0.653643 0.056027
vn 0.944745 0.327273 0.018702
vn 0.968167 -0.070248 -0.240246
vn 0.076453 0.048564 -0.995890
vn -0.922767 -0.035579 -0.383713
vn -0.646614 -0.118855 0.753501
vn 0.524026 -0.086413 0.847307
vn 0.968167 0.070248 0.240246
vn 0.524027 0.086412 -0.847307
vn -0.646614 0.118856 -0.753501
vn -0.922767 0.035579 0.383713
vn 0.076452 -0.048564 0.995890
vn 0.968167 -0.070247 -0.240245
vn 0.076455 0.048564 -0.995890
vn -0.922766 -0.035579 -0.383715
vn -0.646613 -0.118855 0.753502
vn 0.524029 -0.086412 0.847305
vn 0.968167 0.070247 0.240245
vn 0.524029 0.086412 -0.847305
vn -0.646613 0.118855 -0.753502
vn -0.922766 0.035579 0.383715
vn 0.076453 -0.048564 0.995890
vn 0.968167 -0.070248 -0.240246
vn 0.076455 0.048564 -0.995890
vn -0.922767 -0.035579 -0.383713
vn -0.646614 -0.118855 0.753501
vn 0.524026 -0.086412 0.847307
vn 0.968167 0.070247 0.240248
vn 0.524029 0.086412 -0.847305
vn -0.646614 0.118856 -0.753501
vn -0.922766 0.035579 0.383715
vn 0.076452 -0.048564 0.995890
vn -0.187792 0.975856 -0.111529
vn -0.944752 0.327253 -0.018701
vn -0.754749 -0.653618 -0.056025
vn 0.188440 -0.979247 -0.074607
vn 0.943426 -0.326816 -0.056026
vn 0.755781 0.654557 -0.018703
vn 0.187788 0.975857 0.111526
vn -0.755804 0.654531 0.018702
vn -0.943433 -0.326796 0.056023
vn -0.188444 -0.979246 0.074609
vn 0.754726 -0.653643 0.056027
vn 0.944745 0.327273 0.018702
vn 0.968167 -0.070248 -0.240247
vn 0.076456 0.048564 -0.995890
vn -0.922766 -0.035579 -0.383715
vn -0.646617 -0.118855 0.753499
vn 0.524029 -0.086412 0.847305
vn 0.968167 0.070247 0.240245
vn 0.524029 0.086412 -0.847306
vn -0.646611 0.118856 -0.753504
vn -0.922766 0.035579 0.383715
vn 0.076455 -0.048564 0.995890
vn 0.969567 -0.052117 -0.239215
vn 0.075584 0.033419 -0.996579
vn -0.921075 -0.069338 -0.383162
vn -0.643342 -0.126822 0.755001
vn 0.525819 -0.059769 0.848494
vn 0.965384 0.103959 0.239220
vn 0.521857 0.087839 -0.848499
vn -0.649213 0.092191 -0.754999
vn -0.923461 0.019917 0.383175
vn 0.077268 -0.029323 0.996579
vn 0.970381 0.036408 -0.238821
vn 0.072846 0.034333 -0.996752
vn -0.910041 -0.158696 -0.382938
vn -0.628937 -0.183391 0.755517
vn 0.528555 -0.005705 0.848880
vn 0.950899 0.196879 0.238808
vn 0.511833 0.132030 -0.848879
vn -0.654555 0.027547 -0.755512
vn -0.921574 -0.063703 0.382940
vn 0.078944 -0.015902 0.996752
vn -0.187788 0.975858 -0.111522
vn -0.944735 0.327301 -0.018702
vn -0.754746 -0.653621 -0.056023
vn 0.188488 -0.979237 -0.074608
vn 0.943428 -0.326810 -0.056023
vn 0.755784 0.654554 -0.018700
vn 0.187792 0.975857 0.111524
vn -0.755762 0.654579 0.018701
vn -0.943421 -0.326830 0.056026
vn -0.188484 -0.979238 0.074607
vn 0.754768 -0.653595 0.056021
vn 0.944742 0.327281 0.018700
vn 0.962335 0.129893 -0.238829
vn 0.069194 0.041203 -0.996752
vn -0.890482 -0.245786 -0.382924
vn -0.608319 -0.243238 0.755502
vn 0.526635 0.045334 0.848882
vn 0.927460 0.287731 0.238806
vn 0.496700 0.180811 -0.848879
vn -0.654169 -0.035757 -0.755502
vn -0.911129 -0.152350 0.382928
vn 0.080110 -0.008209 0.996752
vn 0.945311 0.222166 -0.238808
vn 0.064893 0.047689 -0.996752
vn -0.862593 -0.330580 -0.382949
vn -0.581987 -0.300810 0.755516
vn 0.519806 0.095952 0.848879
vn 0.895358 0.375903 0.238811
vn 0.476934 0.227908 -0.848877
vn -0.647647 -0.098722 -0.755518
vn -0.892169 -0.239575 0.382934
vn 0.080529 -0.000438 0.996752
vn 0.919456 0.312364 -0.238809
vn 0.059986 0.053729 -0.996752
vn -0.826666 -0.412290 -0.382935
vn -0.550253 -0.355582 0.755502
vn 0.508112 0.145670 0.848883
vn 0.854896 0.460558 0.238829
vn 0.452710 0.272874 -0.848878
vn -0.635105 -0.160772 -0.755509
vn -0.864887 -0.324564 0.382922
vn 0.080196 0.007336 0.996752
vn -0.187788 0.975857 -0.111526
vn -0.944745 0.327273 -0.018702
vn -0.754726 -0.653643 -0.056027
vn 0.188444 -0.979246 -0.074609
vn 0.943433 -0.326796 -0.056023
vn 0.755804 0.654531 -0.018702
vn 0.187792 0.975856 0.111528
vn -0.755781 0.654557 0.018703
vn -0.943426 -0.326816 0.056026
vn -0.188440 -0.979247 0.074607
vn 0.754748 -0.653618 0.056025
vn 0.944752 0.327253 0.018701
vn 0.885009 0.399645 -0.238836
vn 0.054520 0.059267 -0.996752
vn -0.783022 -0.490158 -0.382911
vn -0.513352 -0.407021 0.755515
vn 0.491689 0.194034 0.848877
vn 0.806460 0.540926 0.238792
vn 0.424249 0.315287 -0.848886
vn -0.616630 -0.221322 -0.755503
vn -0.829513 -0.406520 0.382950
vn 0.079115 0.015043 0.996752
vn 0.842310 0.483196 -0.238822
vn 0.048546 0.064253 -0.996752
vn -0.732055 -0.563436 -0.382931
vn -0.471673 -0.454668 0.755514
vn 0.470663 0.240581 0.848880
vn 0.750485 0.616231 0.238814
vn 0.391847 0.354766 -0.848880
vn -0.592382 -0.279795 -0.755512
vn -0.786414 -0.484685 0.382928
vn 0.077292 0.022607 0.996752
vn 0.791742 0.562237 -0.238818
vn 0.042120 0.068640 -0.996752
vn -0.674256 -0.631458 -0.382937
vn -0.425592 -0.498068 0.755513
vn 0.445254 0.284889 0.848874
vn 0.687512 0.685793 0.238780
vn 0.355783 0.390934 -0.848875
vn -0.562617 -0.335669 -0.755505
vn -0.735960 -0.558321 0.382936
vn 0.074750 0.029962 0.996752
vn -0.187792 0.975856 -0.111529
vn -0.944752 0.327253 -0.018701
vn -0.754749 -0.653618 -0.056025
vn 0.188440 -0.979247 -0.074607
vn 0.943426 -0.326816 -0.056026
vn 0.755781 0.654557 -0.018703
vn 0.187788 0.975857 0.111526
vn -0.755804 0.654531 0.018702
vn -0.943433 -0.326796 0.056023
vn -0.188444 -0.979246 0.074609
vn 0.754726 -0.653643 0.056027
vn 0.944745 0.327273 0.018702
vn 0.733787 0.636031 -0.238791
vn 0.035298 0.072384 -0.996752
vn -0.610163 -0.693586 -0.382936
vn -0.375539 -0.536825 0.755506
vn 0.415681 0.326534 0.848873
vn 0.618109 0.748938 0.238817
vn 0.316391 0.423447 -0.848875
vn -0.527589 -0.388397 -0.755511
vn -0.678637 -0.626746 0.382938
vn 0.071510 0.037037 0.996752
vn 0.668973 0.703875 -0.238820
vn 0.028148 0.075453 -0.996752
vn -0.540370 -0.749228 -0.382960
vn -0.321960 -0.570545 0.755526
vn 0.382222 0.365123 0.848876
vn 0.542944 0.805107 0.238778
vn 0.274046 0.452007 -0.848875
vn -0.487637 -0.437498 -0.755517
vn -0.614981 -0.689315 0.382941
vn 0.067600 0.043764 0.996752
vn 0.597912 0.765153 -0.238834
vn 0.020732 0.077815 -0.996752
vn -0.465543 -0.797905 -0.382907
vn -0.265402 -0.598975 0.755507
vn 0.345192 0.400302 0.848882
vn 0.462701 0.853740 0.238822
vn 0.229130 0.476328 -0.848888
vn -0.443146 -0.482533 -0.755503
vn -0.545577 -0.745449 0.382951
vn 0.063062 0.050087 0.996752
vn -0.187835 0.975848 -0.111528
vn -0.944747 0.327267 -0.018700
vn -0.754768 -0.653595 -0.056023
vn 0.188483 -0.979238 -0.074611
vn 0.943421 -0.326830 -0.056028
vn 0.755801 0.654535 -0.018700
vn 0.187831 0.975849 0.111525
vn -0.755823 0.654509 0.018699
vn -0.943428 -0.326810 0.056025
vn -0.188488 -0.979237 0.074613
vn 0.754746 -0.653621 0.056025
vn 0.944740 0.327287 0.018701
vn 0.521276 0.819291 -0.238815
vn 0.013127 0.079456 -0.996752
vn -0.386358 -0.839094 -0.382947
vn -0.206350 -0.621787 0.755513
vn 0.304948 0.431754 0.848879
vn 0.378144 0.894412 0.238819
vn 0.182101 0.496240 -0.848873
vn -0.394498 -0.523037 -0.755516
vn -0.471093 -0.794638 0.382913
vn 0.057932 0.055937 0.996752
vn 0.439771 0.865778 -0.238808
vn 0.005397 0.080352 -0.996752
vn -0.303571 -0.872460 -0.382960
vn -0.145381 -0.638808 0.755505
vn 0.261856 0.459170 0.848879
vn 0.290058 0.926732 0.238817
vn 0.133357 0.511499 -0.848872
vn -0.342179 -0.558678 -0.755508
vn -0.392204 -0.836398 0.382903
vn 0.052264 0.061268 0.996752
vn 0.354160 0.904181 -0.238806
vn -0.002384 0.080495 -0.996752
vn -0.217945 -0.897684 -0.382967
vn -0.083040 -0.649837 0.755524
vn 0.216315 0.482294 0.848882
vn 0.199257 0.950403 0.238811
vn 0.083364 0.521975 -0.848877
vn -0.286656 -0.589078 -0.755523
vn -0.309645 -0.870338 0.382926
vn 0.046106 0.066024 0.996752
vn -0.187792 0.975856 -0.111528
vn -0.944752 0.327253 -0.018701
vn -0.754748 -0.653618 -0.056025
vn 0.188440 -0.979247 -0.074607
vn 0.943426 -0.326816 -0.056026
vn 0.755781 0.654557 -0.018703
vn 0.187788 0.975857 0.111526
vn -0.755804 0.654531 0.018702
vn -0.943433 -0.326796 0.056023
vn -0.188444 -0.979246 0.074609
vn 0.754726 -0.653643 0.056027
vn 0.944745 0.327273 0.018702
vn 0.265242 0.934143 -0.238797
vn -0.010142 0.079889 -0.996752
vn -0.130289 -0.914537 -0.382945
vn -0.019940 -0.654839 0.755506
vn 0.168757 0.500915 0.848884
vn 0.106601 0.965192 0.238832
vn 0.032595 0.527574 -0.848883
vn -0.228466 -0.614004 -0.755514
vn -0.224200 -0.896161 0.382923
vn 0.039519 0.070166 0.996752
vn 0.173837 0.955365 -0.238868
vn -0.017805 0.078539 -0.996752
vn -0.041416 -0.922852 -0.382920
vn 0.043356 -0.653698 0.755513
vn 0.119624 0.514869 0.848882
vn 0.012948 0.970985 0.238790
vn -0.018475 0.528250 -0.848888
vn -0.168144 -0.633215 -0.755491
vn -0.136660 -0.913613 0.382929
vn 0.032562 0.073652 0.996752
vn 0.090312 0.967441 -0.236434
vn 0.001079 0.076453 -0.997073
vn 0.042585 -0.923404 -0.381460
vn 0.072370 -0.647545 0.758583
vn 0.049354 0.523552 0.850563
vn -0.068912 0.969200 0.236437
vn -0.037773 0.524507 -0.850568
vn -0.086662 -0.645793 -0.758579
vn -0.062978 -0.922234 0.381469
vn 0.000610 0.076459 0.997073
vn -0.187792 0.975856 -0.111528
vn -0.944752 0.327253 -0.018701
vn -0.754749 -0.653618 -0.056025
vn 0.188440 -0.979247 -0.074607
vn 0.943426 -0.326816 -0.056026
vn 0.755781 0.654557 -0.018703
vn 0.187788 0.975857 0.111526
vn -0.755804 0.654531 0.018702
vn -0.943433 -0.326796 0.056023
vn -0.188444 -0.979246 0.074609
vn 0.754726 -0.653643 0.056027
vn 0.944745 0.327273 0.018702
vn 0.078499 0.968905 -0.234653
vn 0.021759 0.076461 -0.996835
vn 0.056886 -0.923142 -0.380227
vn 0.056886 -0.646890 0.760458
vn 0.021759 0.524068 0.851399
vn -0.078499 0.968905 0.234652
vn -0.021759 0.524066 -0.851400
vn -0.056886 -0.646890 -0.760458
vn -0.056886 -0.923142 0.380227
vn -0.021759 0.076462 0.996835
vn 0.078499 0.968905 -0.234653
vn 0.021759 0.076461 -0.996835
vn 0.056886 -0.923142 -0.380227
vn 0.056886 -0.646890 0.760458
vn 0.021759 0.524068 0.851399
vn -0.078499 0.968905 0.234652
vn -0.021758 0.524066 -0.851400
vn -0.056886 -0.646890 -0.760458
vn -0.056886 -0.923142 0.380227
vn -0.021759 0.076462 0.996835
vn 0.078499 0.968905 -0.234653
vn 0.021759 0.076461 -0.996835
vn 0.056886 -0.923142 -0.380227
vn 0.056886 -0.646890 0.760458
vn 0.021759 0.524068 0.851399
vn -0.078499 0.968905 0.234652
vn -0.021758 0.524066 -0.851400
vn -0.056886 -0.646890 -0.760458
vn -0.056886 -0.923142 0.380227
vn -0.021759 0.076462 0.996835
vn -0.187792 0.975856 -0.111528
vn -0.944752 0.327253 -0.018701
vn -0.754749 -0.653618 -0.056025
vn 0.188440 -0.979247 -0.074607
vn 0.943426 -0.326816 -0.056026
vn 0.755781 0.654557 -0.018703
vn 0.187788 0.975857 0.111526
vn -0.755804 0.654531 0.018702
vn -0.943433 -0.326796 0.056023
vn -0.188444 -0.979246 0.074609
vn 0.754726 -0.653643 0.056027
vn 0.944745 0.327273 0.018702
vn 0.078499 0.968905 -0.234653
vn 0.021759 0.076461 -0.996835
vn 0.056886 -0.923142 -0.380227
vn 0.056886 -0.646890 0.760458
vn 0.021759 0.524068 0.851399
vn -0.078499 0.968905 0.234652
vn -0.021759 0.524066 -0.851400
vn -0.056886 -0.646890 -0.760458
vn -0.056886 -0.923142 0.380227
vn -0.021759 0.076462 0.996835
vn 0.078499 0.968905 -0.234653
vn 0.021759 0.076461 -0.996835
vn 0.056886 -0.923142 -0.380227
vn 0.056886 -0.646890 0.760458
vn 0.021759 0.524068 0.851399
vn -0.078499 0.968905 0.234652
vn -0.021758 0.524066 -0.851400
vn -0.056886 -0.646890 -0.760458
vn -0.056886 -0.923142 0.380227
vn -0.021759 0.076462 0.996835
vn 0.078499 0.968905 -0.234653
vn 0.021759 0.076461 -0.996835
vn 0.056886 -0.923142 -0.380227
vn 0.056886 -0.646890 0.760458
vn 0.021759 0.524068 0.851399
vn -0.078499 0.968905 0.234652
vn -0.021758 0.524066 -0.851400
vn -0.056886 -0.646890 -0.760458
vn -0.056886 -0.923142 0.380227
vn -0.021759 0.076462 0.996835
vn -0.187790 0.975857 -0.111527
vn -0.944748 0.327263 -0.018702
vn -0.754737 -0.653630 -0.056026
vn 0.188442 -0.979246 -0.074608
vn 0.943429 -0.326806 -0.056024
vn 0.755792 0.654544 -0.018702
vn 0.187790 0.975857 0.111527
vn -0.755792 0.654544 0.018702
vn -0.943429 -0.326806 0.056024
vn -0.188442 -0.979246 0.074608
vn 0.754737 -0.653630 0.056026
vn 0.944748 0.327263 0.018702
vn 0.078499 0.968905 -0.234653
vn 0.021759 0.076461 -0.996835
vn 0.056886 -0.923142 -0.380227
vn 0.056886 -0.646890 0.760458
vn 0.021759 0.524068 0.851399
vn -0.078499 0.968905 0.234652
vn -0.021759 0.524066 -0.851400
vn -0.056886 -0.646890 -0.760458
vn -0.056886 -0.923142 0.380227
vn -0.021759 0.076462 0.996835
vn 0.078499 0.968905 -0.234653
vn 0.021759 0.076461 -0.996835
vn 0.056886 -0.923142 -0.380227
vn 0.056886 -0.646890 0.760458
vn 0.021759 0.524068 0.851399
vn -0.078499 0.968905 0.234652
vn -0.021759 0.524066 -0.851400
vn -0.056886 -0.646890 -0.760458
vn -0.056886 -0.923142 0.380227
vn -0.021759 0.076462 0.996835
vn 0.078499 0.968905 -0.234653
vn 0.021759 0.076461 -0.996835
vn 0.056886 -0.923142 -0.380227
vn 0.056886 -0.646890 0.760458
vn 0.021759 0.524068 0.851399
vn -0.078499 0.968905 0.234652
vn -0.021758 0.524066 -0.851400
vn -0.056886 -0.646890 -0.760458
vn -0.056886 -0.923142 0.380227
vn -0.021759 0.076462 0.996835
vn -0.187790 0.975857 -0.111527
vn -0.944748 0.327263 -0.018702
vn -0.754737 -0.653630 -0.056026
vn 0.188442 -0.979246 -0.074608
vn 0.943429 -0.326806 -0.056024
vn 0.755792 0.654544 -0.018702
vn 0.187790 0.975857 0.111527
vn -0.755792 0.654544 0.018702
vn -0.943429 -0.326806 0.056024
vn -0.188442 -0.979246 0.074608
vn 0.754737 -0.653630 0.056026
vn 0.944748 0.327263 0.018702
vn 0.078499 0.968905 -0.234653
vn 0.021759 0.076461 -0.996835
vn 0.056886 -0.923142 -0.380227
vn 0.056886 -0.646890 0.760458
vn 0.021759 0.524068 0.851399
vn -0.078499 0.968905 0.234652
vn -0.021759 0.524066 -0.851400
vn -0.056886 -0.646890 -0.760458
vn -0.056886 -0.923142 0.380227
vn -0.021759 0.076462 0.996835
vn 0.078499 0.968905 -0.234653
vn 0.021759 0.076461 -0.996835
vn 0.056886 -0.923142 -0.380227
vn 0.056886 -0.646890 0.760458
vn 0.021759 0.524068 0.851399
vn -0.078499 0.968905 0.234652
vn -0.021758 0.524066 -0.851400
vn -0.056886 -0.646890 -0.760458
vn -0.056886 -0.923142 0.380227
vn -0.021759 0.076462 0.996835
vn 0.078499 0.968905 -0.234653
vn 0.021759 0.076461 -0.996835
vn 0.056886 -0.923142 -0.380227
vn 0.056886 -0.646890 0.760458
vn 0.021759 0.524068 0.851399
vn -0.078499 0.968905 0.234652
vn -0.021759 0.524066 -0.851400
vn -0.056886 -0.646890 -0.760458
vn -0.056886 -0.923142 0.380227
vn -0.021759 0.076462 0.996835
vn -0.187790 0.975857 -0.111527
vn -0.944748 0.327263 -0.018702
vn -0.754737 -0.653630 -0.056026
vn 0.188442 -0.979246 -0.074608
vn 0.943429 -0.326806 -0.056024
vn 0.755792 0.654544 -0.018702
vn 0.187790 0.975857 0.111527
vn -0.755792 0.654544 0.018702
vn -0.943429 -0.326806 0.056024
vn -0.188442 -0.979246 0.074608
vn 0.754737 -0.653630 0.056026
vn 0.944748 0.327263 0.018702
vn 0.078499 0.968905 -0.234653
vn 0.021759 0.076461 -0.996835
vn 0.056886 -0.923142 -0.380227
vn 0.056886 -0.646890 0.760458
vn 0.021759 0.524068 0.851399
vn -0.078499 0.968905 0.234652
vn -0.021758 0.524066 -0.851400
vn -0.056886 -0.646890 -0.760458
vn -0.056886 -0.923142 0.380227
vn -0.021759 0.076462 0.996835
vn 0.078499 0.968905 -0.234653
vn 0.021759 0.076461 -0.996835
vn 0.056886 -0.923142 -0.380227
vn 0.056886 -0.646890 0.760458
vn 0.021759 0.524068 0.851399
vn -0.078499 0.968905 0.234652
vn -0.021759 0.524066 -0.851400
vn -0.056886 -0.646890 -0.760458
vn -0.056886 -0.923142 0.380227
vn -0.021759 0.076462 0.996835
vn 0.078499 0.968905 -0.234653
vn 0.021759 0.076461 -0.996835
vn 0.056886 -0.923142 -0.380227
vn 0.056886 -0.646890 0.760458
vn 0.021759 0.524068 0.851399
vn -0.078499 0.968905 0.234652
vn -0.021759 0.524066 -0.851400
vn -0.056886 -0.646890 -0.760458
vn -0.056886 -0.923142 0.380227
vn -0.021759 0.076462 0.996835
vn -0.187790 0.975857 -0.111527
vn -0.944748 0.327263 -0.018702
vn -0.754737 -0.653630 -0.056026
vn 0.188442 -0.979246 -0.074608
vn 0.943429 -0.326806 -0.056024
vn 0.755792 0.654544 -0.018702
vn 0.187790 0.975857 0.111527
vn -0.755792 0.654544 0.018702
vn -0.943429 -0.326806 0.056024
vn -0.188442 -0.979246 0.074608
vn 0.754737 -0.653630 0.056026
vn 0.944748 0.327263 0.018702
vn 0.078499 0.968905 -0.234653
vn 0.021759 0.076461 -0.996835
vn 0.056886 -0.923142 -0.380227
vn 0.056886 -0.646890 0.760458
vn 0.021759 0.524068 0.851399
vn -0.078499 0.968905 0.234652
vn -0.021758 0.524066 -0.851400
vn -0.056886 -0.646890 -0.760458
vn -0.056886 -0.923142 0.380227
vn -0.021759 0.076462 0.996835
vn 0.078499 0.968905 -0.234653
vn 0.021759 0.076461 -0.996835
vn 0.056886 -0.923142 -0.380227
vn 0.056886 -0.646890 0.760458
vn 0.021759 0.524068 0.851399
vn -0.078499 0.968905 0.234652
vn -0.021758 0.524066 -0.851400
vn -0.056886 -0.646890 -0.760458
vn -0.056886 -0.923142 0.380227
vn -0.021759 0.076462 0.996835
vn 0.057957 0.971637 -0.229265
vn 0.073039 0.080077 -0.994109
vn 0.131247 -0.917255 -0.376055
vn 0.059579 -0.644339 0.762416
vn -0.043148 0.522549 0.851517
vn -0.151466 0.961501 0.229289
vn -0.007487 0.524275 -0.851516
vn 0.002889 -0.647078 -0.762418
vn -0.042104 -0.925655 0.376018
vn -0.080427 0.072652 0.994109
vn -0.187833 0.975849 -0.111526
vn -0.944743 0.327277 -0.018700
vn -0.754757 -0.653608 -0.056024
vn 0.188486 -0.979238 -0.074612
vn 0.943424 -0.326820 -0.056027
vn 0.755812 0.654522 -0.018699
vn 0.187833 0.975849 0.111526
vn -0.755812 0.654522 0.018699
vn -0.943424 -0.326820 0.056027
vn -0.188486 -0.979238 0.074612
vn 0.754757 -0.653608 0.056024
vn 0.944743 0.327277 0.018700
vn -0.036083 0.972691 -0.229281
vn 0.064971 0.086750 -0.994109
vn 0.219161 -0.900317 -0.376030
vn 0.121485 -0.635576 0.762420
vn -0.093377 0.515936 0.851522
vn -0.243556 0.942393 0.229294
vn -0.058049 0.521096 -0.851522
vn 0.065323 -0.643773 -0.762423
vn 0.047426 -0.925390 0.376037
vn -0.087063 0.064550 0.994109
vn -0.129798 0.964668 -0.229277
vn 0.056294 0.092616 -0.994109
vn 0.305036 -0.874966 -0.376015
vn 0.182270 -0.620901 0.762404
vn -0.142739 0.504508 0.851526
vn -0.333375 0.914476 0.229335
vn -0.108070 0.513053 -0.851527
vn 0.127155 -0.634470 -0.762417
vn 0.136526 -0.916500 0.376015
vn -0.092887 0.055847 0.994109
vn -0.222292 0.947632 -0.229305
vn 0.047093 0.097617 -0.994109
vn 0.388056 -0.841442 -0.376016
vn 0.241334 -0.600393 0.762421
vn -0.190767 0.488392 0.851517
vn -0.420078 0.878044 0.229286
vn -0.157082 0.500231 -0.851524
vn 0.187795 -0.619238 -0.762416
vn 0.224336 -0.899034 0.376047
vn -0.097843 0.046622 0.994109
vn -0.187790 0.975857 -0.111527
vn -0.944748 0.327263 -0.018702
vn -0.754737 -0.653630 -0.056026
vn 0.188442 -0.979246 -0.074608
vn 0.943429 -0.326806 -0.056024
vn 0.755792 0.654544 -0.018702
vn 0.187790 0.975857 0.111527
vn -0.755792 0.654544 0.018702
vn -0.943429 -0.326806 0.056024
vn -0.188442 -0.979246 0.074608
vn 0.754737 -0.653630 0.056026
vn 0.944748 0.327263 0.018702
vn -0.312712 0.921754 -0.229307
vn 0.037451 0.101706 -0.994109
vn 0.467456 -0.800060 -0.376017
vn 0.298161 -0.574309 0.762410
vn -0.237007 0.467687 0.851526
vn -0.502863 0.833400 0.229289
vn -0.204628 0.482732 -0.851526
vn 0.246687 -0.598228 -0.762410
vn 0.310065 -0.873197 0.376014
vn -0.101886 0.036959 0.994109
vn -0.400215 0.887271 -0.229301
vn 0.027460 0.104846 -0.994109
vn 0.542486 -0.751206 -0.376030
vn 0.352195 -0.542848 0.762414
vn -0.281041 0.442631 0.851524
vn -0.580947 0.780980 0.229285
vn -0.250269 0.460740 -0.851519
vn 0.303273 -0.571628 -0.762409
vn 0.392890 -0.839195 0.376018
vn -0.104977 0.026954 0.994109
vn -0.483983 0.844502 -0.229296
vn 0.017211 0.107010 -0.994109
vn 0.612457 -0.695345 -0.376020
vn 0.402944 -0.506325 0.762411
vn -0.322455 0.413450 0.851517
vn -0.653611 0.721265 0.229279
vn -0.293573 0.434441 -0.851514
vn 0.357027 -0.539687 -0.762410
vn 0.472054 -0.797358 0.376012
vn -0.107089 0.016697 0.994109
vn -0.187790 0.975857 -0.111527
vn -0.944748 0.327263 -0.018702
vn -0.754737 -0.653630 -0.056026
vn 0.188442 -0.979246 -0.074608
vn 0.943429 -0.326806 -0.056024
vn 0.755792 0.654544 -0.018702
vn 0.187790 0.975857 0.111527
vn -0.755792 0.654544 0.018702
vn -0.943429 -0.326806 0.056024
vn -0.188442 -0.979246 0.074608
vn 0.754737 -0.653630 0.056026
vn 0.944748 0.327263 0.018702
vn -0.563231 0.793852 -0.229279
vn 0.006804 0.108170 -0.994109
vn 0.676706 -0.632984 -0.376033
vn 0.449929 -0.465070 0.762413
vn -0.360849 0.380394 0.851521
vn -0.720170 0.654812 0.229295
vn -0.334127 0.404073 -0.851519
vn 0.407441 -0.502703 -0.762418
vn 0.546802 -0.748075 0.376021
vn -0.108200 0.006282 0.994109
vn -0.637223 0.735788 -0.229268
vn -0.003668 0.108322 -0.994109
vn 0.734637 -0.564714 -0.376040
vn 0.492725 -0.419481 0.762402
vn -0.395871 0.343784 0.851527
vn -0.780005 0.582245 0.229311
vn -0.371567 0.369939 -0.851518
vn 0.454061 -0.461034 -0.762414
vn 0.616458 -0.691815 0.375995
vn -0.108302 -0.004189 0.994109
vn -0.705258 0.670850 -0.229283
vn -0.014102 0.107460 -0.994109
vn 0.785714 -0.491177 -0.376030
vn 0.530894 -0.369957 0.762419
vn -0.427210 0.303978 0.851521
vn -0.832561 0.504246 0.229300
vn -0.405529 0.332346 -0.851523
vn 0.496426 -0.415051 -0.762426
vn 0.680334 -0.629078 0.376040
vn -0.107391 -0.014623 0.994109
vn -0.187790 0.975857 -0.111523
vn -0.944739 0.327291 -0.018701
vn -0.754757 -0.653608 -0.056022
vn 0.188486 -0.979238 -0.074608
vn 0.943425 -0.326820 -0.056024
vn 0.755773 0.654566 -0.018701
vn 0.187790 0.975857 0.111523
vn -0.755773 0.654566 0.018701
vn -0.943425 -0.326820 0.056024
vn -0.188486 -0.979238 0.074608
vn 0.754757 -0.653608 0.056022
vn 0.944739 0.327291 0.018701
vn -0.766711 0.599651 -0.229287
vn -0.024409 0.105598 -0.994109
vn 0.829451 -0.413052 -0.376031
vn 0.564124 -0.316993 0.762417
vn -0.454553 0.261327 0.851522
vn -0.877342 0.421539 0.229295
vn -0.435713 0.291656 -0.851523
vn 0.534171 -0.365204 -0.762422
vn 0.737880 -0.560483 0.376021
vn -0.105481 -0.024918 0.994109
vn -0.821004 0.522852 -0.229298
vn -0.034484 0.102748 -0.994109
vn 0.865447 -0.331071 -0.376023
vn 0.592078 -0.261065 0.762423
vn -0.477655 0.216237 0.851520
vn -0.913933 0.334897 0.229282
vn -0.461826 0.248240 -0.851525
vn 0.566927 -0.311945 -0.762420
vn 0.788519 -0.486646 0.376049
vn -0.102582 -0.034982 0.994109
vn -0.867635 0.441172 -0.229294
vn -0.044243 0.098941 -0.994109
vn 0.893359 -0.245998 -0.376025
vn 0.614517 -0.202704 0.762417
vn -0.496294 0.169127 0.851521
vn -0.941988 0.245126 0.229287
vn -0.483632 0.202510 -0.851522
vn 0.594395 -0.255775 -0.762413
vn 0.831816 -0.408274 0.376025
vn -0.098727 -0.044720 0.994109
vn -0.187833 0.975849 -0.111526
vn -0.944743 0.327277 -0.018700
vn -0.754757 -0.653608 -0.056024
vn 0.188486 -0.979238 -0.074612
vn 0.943424 -0.326820 -0.056027
vn 0.755812 0.654522 -0.018699
vn 0.187833 0.975849 0.111526
vn -0.755812 0.654522 0.018699
vn -0.943424 -0.326820 0.056027
vn -0.188486 -0.979238 0.074612
vn 0.754757 -0.653608 0.056024
vn 0.944743 0.327277 0.018700
vn -0.906166 0.355375 -0.229286
vn -0.053587 0.094210 -0.994109
vn 0.912929 -0.158628 -0.376028
vn 0.631214 -0.142449 0.762416
vn -0.510300 0.120438 0.851521
vn -0.961247 0.153068 0.229290
vn -0.500923 0.154888 -0.851520
vn 0.616301 -0.197213 -0.762417
vn 0.867333 -0.326086 0.376033
vn -0.093949 -0.054040 0.994109
vn -0.936236 0.266258 -0.229279
vn -0.062426 0.088597 -0.994109
vn 0.923977 -0.069777 -0.376029
vn 0.642013 -0.080863 0.762417
vn -0.519543 0.070625 0.851520
vn -0.971533 0.059579 0.229289
vn -0.513534 0.105819 -0.851520
vn 0.632456 -0.136810 -0.762419
vn 0.894757 -0.240854 0.376031
vn -0.088294 -0.062855 0.994109
vn -0.957561 0.174655 -0.229285
vn -0.070686 0.082159 -0.994109
vn 0.926398 0.019726 -0.376030
vn 0.646819 -0.018522 0.762419
vn -0.523935 0.020152 0.851520
vn -0.972748 -0.034466 0.229287
vn -0.521348 0.055762 -0.851520
vn 0.642708 -0.075130 -0.762418
vn 0.913825 -0.153373 0.376034
vn -0.081817 -0.071083 0.994109
vn -0.187790 0.975857 -0.111523
vn -0.944739 0.327291 -0.018701
vn -0.754757 -0.653608 -0.056022
vn 0.188486 -0.979238 -0.074608
vn 0.943425 -0.326820 -0.056024
vn 0.755773 0.654566 -0.018701
vn 0.187790 0.975857 0.111523
vn -0.755773 0.654566 0.018701
vn -0.943425 -0.326820 0.056024
vn -0.188486 -0.979238 0.074608
vn 0.754757 -0.653608 0.056022
vn 0.944739 0.327291 0.018701
vn -0.967751 0.107373 -0.227880
vn -0.076189 0.092422 -0.992801
vn 0.922973 0.087394 -0.374811
vn 0.646623 0.010866 0.762732
vn -0.524126 -0.031625 0.851053
vn -0.968357 -0.101776 0.227875
vn -0.523935 0.034655 -0.851053
vn 0.646550 -0.014604 -0.762732
vn 0.922453 -0.092730 0.374809
vn -0.076723 -0.091979 0.992801
vn -0.968168 0.104493 -0.227447
vn -0.076453 0.097033 -0.992340
vn 0.922770 0.091095 -0.374428
vn 0.646628 0.007820 0.762766
vn -0.524036 -0.037943 0.850851
vn -0.968168 -0.104493 0.227447
vn -0.524036 0.037943 -0.850850
vn 0.646628 -0.007820 -0.762765
vn 0.922770 -0.091095 0.374428
vn -0.076454 -0.097033 0.992340
vn -0.968167 0.104494 -0.227449
vn -0.076456 0.097033 -0.992340
vn 0.922773 0.091095 -0.374422
vn 0.646628 0.007820 0.762766
vn -0.524037 -0.037943 0.850850
vn -0.968168 -0.104494 0.227447
vn -0.524037 0.037943 -0.850850
vn 0.646628 -0.007820 -0.762765
vn 0.922772 -0.091096 0.374424
vn -0.076461 -0.097032 0.992340
vn -0.187790 0.975857 -0.111527
vn -0.944748 0.327263 -0.018702
vn -0.754737 -0.653630 -0.056026
vn 0.188442 -0.979246 -0.074608
vn 0.943429 -0.326806 -0.056024
vn 0.755792 0.654544 -0.018702
vn 0.187790 0.975857 0.111527
vn -0.755793 0.654544 0.018702
vn -0.943429 -0.326806 0.056024
vn -0.188442 -0.979246 0.074608
vn 0.754737 -0.653630 0.056026
vn 0.944748 0.327263 0.018702
vn -0.968168 0.104494 -0.227447
vn -0.076456 0.097032 -0.992340
vn 0.922772 0.091095 -0.374425
vn 0.646628 0.007820 0.762766
vn -0.524037 -0.037943 0.850850
vn -0.968167 -0.104494 0.227451
vn -0.524036 0.037943 -0.850851
vn 0.646628 -0.007820 -0.762765
vn 0.922771 -0.091095 0.374427
vn -0.076457 -0.097033 0.992340
vn -0.968167 0.104494 -0.227451
vn -0.076456 0.097033 -0.992340
vn 0.922771 0.091095 -0.374427
vn 0.646628 0.007820 0.762765
vn -0.524036 -0.037943 0.850850
vn -0.968168 -0.104494 0.227447
vn -0.524037 0.037943 -0.850850
vn 0.646628 -0.007820 -0.762765
vn 0.922772 -0.091095 0.374425
vn -0.076457 -0.097032 0.992340
vn -0.968168 0.104494 -0.227447
vn -0.076460 0.097032 -0.992340
vn 0.922772 0.091096 -0.374424
vn 0.646628 0.007820 0.762765
vn -0.524037 -0.037943 0.850850
vn -0.968167 -0.104494 0.227449
vn -0.524037 0.037943 -0.850850
vn 0.646628 -0.007820 -0.762765
vn 0.922773 -0.091095 0.374423
vn -0.076456 -0.097033 0.992340
vn -0.187790 0.975857 -0.111523
vn -0.944739 0.327291 -0.018701
vn -0.754757 -0.653608 -0.056022
vn 0.188486 -0.979238 -0.074608
vn 0.943425 -0.326820 -0.056024
vn 0.755773 0.654566 -0.018701
vn 0.187790 0.975857 0.111523
vn -0.755773 0.654566 0.018701
vn -0.943425 -0.326820 0.056024
vn -0.188486 -0.979238 0.074608
vn 0.754757 -0.653608 0.056022
vn 0.944739 0.327291 0.018701
vn -0.968168 0.104493 -0.227447
vn -0.076453 0.097033 -0.992341
vn 0.922770 0.091095 -0.374429
vn 0.646628 0.007820 0.762765
vn -0.524036 -0.037943 0.850851
vn -0.968168 -0.104493 0.227447
vn -0.524036 0.037943 -0.850851
vn 0.646628 -0.007820 -0.762765
vn 0.922770 -0.091095 0.374429
vn -0.076453 -0.097033 0.992341
vn -0.968167 0.104494 -0.227449
vn -0.076456 0.097033 -0.992340
vn 0.922772 0.091095 -0.374423
vn 0.646629 0.007820 0.762765
vn -0.524036 -0.037943 0.850850
vn -0.968168 -0.104494 0.227448
vn -0.524038 0.037943 -0.850850
vn 0.646629 -0.007820 -0.762765
vn 0.922772 -0.091096 0.374425
vn -0.076456 -0.097033 0.992340
vn -0.968168 0.104493 -0.227447
vn -0.076458 0.097033 -0.992340
vn 0.922771 0.091096 -0.374426
vn 0.646628 0.007820 0.762765
vn -0.524036 -0.037943 0.850850
vn -0.968168 -0.104494 0.227447
vn -0.524037 0.037943 -0.850850
vn 0.646628 -0.007820 -0.762765
vn 0.922772 -0.091095 0.374424
vn -0.076455 -0.097033 0.992340
vn -0.187812 0.975853 -0.111527
vn -0.944746 0.327270 -0.018701
vn -0.754747 -0.653619 -0.056025
vn 0.188464 -0.979242 -0.074610
vn 0.943427 -0.326813 -0.056025
vn 0.755802 0.654533 -0.018701
vn 0.187812 0.975853 0.111527
vn -0.755802 0.654533 0.018701
vn -0.943427 -0.326813 0.056025
vn -0.188464 -0.979242 0.074610
vn 0.754747 -0.653619 0.056025
vn 0.944746 0.327270 0.018701
vn -0.968168 0.104493 -0.227447
vn -0.076457 0.097033 -0.992340
vn 0.922771 0.091096 -0.374426
vn 0.646628 0.007820 0.762765
vn -0.524036 -0.037943 0.850850
vn -0.968168 -0.104494 0.227448
vn -0.524037 0.037943 -0.850850
vn 0.646628 -0.007820 -0.762765
vn 0.922772 -0.091095 0.374425
vn -0.076455 -0.097033 0.992340
vn -0.968072 0.105600 -0.227344
vn -0.076455 0.097342 -0.992310
vn 0.922724 0.091900 -0.374347
vn 0.646595 0.008629 0.762785
vn -0.524032 -0.037633 0.850866
vn -0.968072 -0.105600 0.227342
vn -0.524032 0.037633 -0.850867
vn 0.646594 -0.008629 -0.762785
vn 0.922723 -0.091901 0.374348
vn -0.076456 -0.097342 0.992310
vn -0.965472 0.114858 -0.233819
vn -0.076439 0.031941 -0.996562
vn 0.921419 0.083374 -0.379521
vn 0.645680 0.083374 0.759043
vn -0.523924 0.031941 0.851166
vn -0.965472 -0.114858 0.233819
vn -0.523924 -0.031941 -0.851166
vn 0.645680 -0.083374 -0.759043
vn 0.921419 -0.083374 0.379521
vn -0.076440 -0.031941 0.996562
vn -0.187790 0.975857 -0.111525
vn -0.944743 0.327277 -0.018701
vn -0.754747 -0.653619 -0.056024
vn 0.188464 -0.979242 -0.074608
vn 0.943427 -0.326813 -0.056024
vn 0.755783 0.654555 -0.018701
vn 0.187790 0.975857 0.111525
vn -0.755783 0.654555 0.018701
vn -0.943427 -0.326813 0.056024
vn -0.188464 -0.979242 0.074608
vn 0.754747 -0.653619 0.056024
vn 0.944743 0.327277 0.018701
vn -0.968148 0.087836 -0.234467
vn -0.076456 0.024364 -0.996775
vn 0.922761 0.063676 -0.380074
vn 0.646621 0.063676 0.760149
vn -0.524036 0.024364 0.851348
vn -0.968148 -0.087836 0.234467
vn -0.524035 -0.024364 -0.851348
vn 0.646621 -0.063676 -0.760149
vn 0.922761 -0.063676 0.380075
vn -0.076456 -0.024364 0.996775
vn -0.968148 0.087836 -0.234467
vn -0.076456 0.024364 -0.996775
vn 0.922761 0.063676 -0.380074
vn 0.646621 0.063676 0.760149
vn -0.524036 0.024364 0.851348
vn -0.968148 -0.087836 0.234467
vn -0.524035 -0.024364 -0.851348
vn 0.646621 -0.063676 -0.760149
vn 0.922761 -0.063676 0.380075
vn -0.076456 -0.024364 0.996775
vn -0.968148 0.087836 -0.234467
vn -0.076456 0.024364 -0.996775
vn 0.922761 0.063676 -0.380074
vn 0.646621 0.063676 0.760149
vn -0.524036 0.024364 0.851348
vn -0.968148 -0.087836 0.234467
vn -0.524035 -0.024364 -0.851348
vn 0.646621 -0.063676 -0.760149
vn 0.922761 -0.063676 0.380075
vn -0.076456 -0.024364 0.996775
vn -0.187812 0.975853 -0.111525
vn -0.944746 0.327270 -0.018701
vn -0.754728 -0.653641 -0.056026
vn 0.188442 -0.979246 -0.074608
vn 0.943424 -0.326820 -0.056026
vn 0.755802 0.654533 -0.018701
vn 0.187812 0.975853 0.111525
vn -0.755802 0.654533 0.018701
vn -0.943425 -0.326820 0.056026
vn -0.188442 -0.979246 0.074608
vn 0.754728 -0.653641 0.056026
vn 0.944746 0.327270 0.018701
vn -0.968148 0.087836 -0.234467
vn -0.076456 0.024364 -0.996775
vn 0.922761 0.063676 -0.380074
vn 0.646621 0.063676 0.760149
vn -0.524036 0.024364 0.851348
vn -0.968148 -0.087836 0.234467
vn -0.524035 -0.024364 -0.851348
vn 0.646621 -0.063676 -0.760149
vn 0.922761 -0.063676 0.380075
vn -0.076456 -0.024364 0.996775
vn -0.968148 0.087836 -0.234467
vn -0.076456 0.024364 -0.996775
vn 0.922761 0.063676 -0.380074
vn 0.646621 0.063676 0.760149
vn -0.524036 0.024364 0.851348
vn -0.968148 -0.087836 0.234467
vn -0.524035 -0.024364 -0.851348
vn 0.646621 -0.063676 -0.760149
vn 0.922761 -0.063676 0.380075
vn -0.076456 -0.024364 0.996775
vn -0.968148 0.087836 -0.234467
vn -0.076456 0.024364 -0.996775
vn 0.922762 0.063676 -0.380074
vn 0.646621 0.063676 0.760149
vn -0.524036 0.024364 0.851348
vn -0.968148 -0.087836 0.234467
vn -0.524035 -0.024364 -0.851348
vn 0.646621 -0.063676 -0.760149
vn 0.922761 -0.063676 0.380075
vn -0.076456 -0.024364 0.996775
vn -0.187812 0.975853 -0.111527
vn -0.944746 0.327270 -0.018701
vn -0.754747 -0.653619 -0.056025
vn 0.188464 -0.979242 -0.074610
vn 0.943427 -0.326813 -0.056025
vn 0.755802 0.654533 -0.018701
vn 0.187812 0.975853 0.111527
vn -0.755802 0.654533 0.018701
vn -0.943427 -0.326813 0.056025
vn -0.188464 -0.979242 0.074610
vn 0.754747 -0.653619 0.056025
vn 0.944746 0.327270 0.018701
vn -0.968148 0.087836 -0.234467
vn -0.076456 0.024364 -0.996775
vn 0.922761 0.063676 -0.380074
vn 0.646621 0.063676 0.760149
vn -0.524036 0.024364 0.851348
vn -0.968148 -0.087836 0.234467
vn -0.524035 -0.024364 -0.851348
vn 0.646621 -0.063676 -0.760149
vn 0.922761 -0.063676 0.380075
vn -0.076456 -0.024364 0.996775
vn -0.968148 0.087836 -0.234467
vn -0.076456 0.024364 -0.996775
vn 0.922761 0.063676 -0.380074
vn 0.646621 0.063676 0.760149
vn -0.524036 0.024364 0.851348
vn -0.968148 -0.087836 0.234467
vn -0.524035 -0.024364 -0.851348
vn 0.646621 -0.063676 -0.760149
vn 0.922761 -0.063676 0.380075
vn -0.076456 -0.024364 0.996775
vn -0.968148 0.087836 -0.234467
vn -0.076456 0.024364 -0.996775
vn 0.922761 0.063676 -0.380074
vn 0.646621 0.063676 0.760149
vn -0.524036 0.024364 0.851348
vn -0.968148 -0.087836 0.234467
vn -0.524035 -0.024364 -0.851348
vn 0.646621 -0.063676 -0.760149
vn 0.922761 -0.063676 0.380075
vn -0.076456 -0.024364 0.996775
vn -0.187790 0.975857 -0.111527
vn -0.944748 0.327263 -0.018702
vn -0.754737 -0.653630 -0.056026
vn 0.188442 -0.979246 -0.074608
vn 0.943429 -0.326806 -0.056024
vn 0.755792 0.654544 -0.018702
vn 0.187790 0.975857 0.111527
vn -0.755793 0.654544 0.018702
vn -0.943429 -0.326806 0.056024
vn -0.188442 -0.979246 0.074608
vn 0.754737 -0.653630 0.056026
vn 0.944748 0.327263 0.018702
vn -0.968148 0.087836 -0.234467
vn -0.076456 0.024364 -0.996775
vn 0.922761 0.063676 -0.380074
vn 0.646621 0.063676 0.760149
vn -0.524036 0.024364 0.851348
vn -0.968148 -0.087836 0.234467
vn -0.524035 -0.024364 -0.851348
vn 0.646621 -0.063676 -0.760149
vn 0.922761 -0.063676 0.380075
vn -0.076456 -0.024364 0.996775
vn -0.968148 0.087836 -0.234467
vn -0.076456 0.024364 -0.996775
vn 0.922761 0.063676 -0.380074
vn 0.646621 0.063676 0.760149
vn -0.524036 0.024364 0.851348
vn -0.968148 -0.087836 0.234467
vn -0.524035 -0.024364 -0.851348
vn 0.646621 -0.063676 -0.760149
vn 0.922761 -0.063676 0.380075
vn -0.076456 -0.024364 0.996775
vn -0.968148 0.087836 -0.234467
vn -0.076456 0.024364 -0.996775
vn 0.922761 0.063676 -0.380074
vn 0.646621 0.063676 0.760149
vn -0.524036 0.024364 0.851348
vn -0.968148 -0.087836 0.234467
vn -0.524035 -0.024364 -0.851348
vn 0.646621 -0.063676 -0.760149
vn 0.922761 -0.063676 0.380075
vn -0.076456 -0.024364 0.996775
vn -0.187812 0.975853 -0.111527
vn -0.944746 0.327270 -0.018701
vn -0.754747 -0.653619 -0.056025
vn 0.188464 -0.979242 -0.074610
vn 0.943427 -0.326813 -0.056025
vn 0.755802 0.654533 -0.018701
vn 0.187812 0.975853 0.111527
vn -0.755802 0.654533 0.018701
vn -0.943427 -0.326813 0.056025
vn -0.188464 -0.979242 0.074610
vn 0.754747 -0.653619 0.056025
vn 0.944746 0.327270 0.018701
vn -0.968148 0.087836 -0.234467
vn -0.076456 0.024364 -0.996775
vn 0.922761 0.063676 -0.380074
vn 0.646621 0.063676 0.760149
vn -0.524036 0.024364 0.851348
vn -0.968148 -0.087836 0.234467
vn -0.524035 -0.024364 -0.851348
vn 0.646621 -0.063676 -0.760149
vn 0.922761 -0.063676 0.380075
vn -0.076456 -0.024364 0.996775
vn -0.968148 0.087836 -0.234467
vn -0.076456 0.024364 -0.996775
vn 0.922762 0.063676 -0.380074
vn 0.646621 0.063676 0.760149
vn -0.524036 0.024364 0.851348
vn -0.968148 -0.087836 0.234467
vn -0.524035 -0.024364 -0.851348
vn 0.646621 -0.063676 -0.760149
vn 0.922761 -0.063676 0.380075
vn -0.076456 -0.024364 0.996775
vn -0.968148 0.087836 -0.234467
vn -0.076456 0.024364 -0.996775
vn 0.922761 0.063676 -0.380074
vn 0.646621 0.063676 0.760149
vn -0.524036 0.024364 0.851348
vn -0.968148 -0.087836 0.234467
vn -0.524035 -0.024364 -0.851348
vn 0.646621 -0.063676 -0.760149
vn 0.922761 -0.063676 0.380075
vn -0.076456 -0.024364 0.996775
vn -0.187790 0.975857 -0.111525
vn -0.944743 0.327277 -0.018701
vn -0.754747 -0.653619 -0.056024
vn 0.188464 -0.979242 -0.074608
vn 0.943427 -0.326813 -0.056024
vn 0.755783 0.654555 -0.018701
vn 0.187790 0.975857 0.111525
vn -0.755783 0.654555 0.018701
vn -0.943427 -0.326813 0.056024
vn -0.188464 -0.979242 0.074608
vn 0.754747 -0.653619 0.056024
vn 0.944743 0.327277 0.018701
vn -0.968148 0.087836 -0.234467
vn -0.076456 0.024364 -0.996775
vn 0.922761 0.063676 -0.380074
vn 0.646621 0.063676 0.760149
vn -0.524036 0.024364 0.851348
vn -0.968148 -0.087836 0.234467
vn -0.524035 -0.024364 -0.851348
vn 0.646621 -0.063676 -0.760149
vn 0.922761 -0.063676 0.380075
vn -0.076456 -0.024364 0.996775
vn -0.968148 0.087836 -0.234467
vn -0.076456 0.024364 -0.996775
vn 0.922761 0.063676 -0.380074
vn 0.646621 0.063676 0.760149
vn -0.524036 0.024364 0.851348
vn -0.968148 -0.087836 0.234467
vn -0.524035 -0.024364 -0.851348
vn 0.646621 -0.063676 -0.760149
vn 0.922761 -0.063676 0.380075
vn -0.076456 -0.024364 0.996775
vn -0.968148 0.087836 -0.234467
vn -0.076456 0.024364 -0.996775
vn 0.922761 0.063676 -0.380074
vn 0.646621 0.063676 0.760149
vn -0.524036 0.024364 0.851348
vn -0.968148 -0.087836 0.234467
vn -0.524035 -0.024364 -0.851348
vn 0.646621 -0.063676 -0.760149
vn 0.922761 -0.063676 0.380075
vn -0.076456 -0.024364 0.996775
vn -0.187812 0.975853 -0.111525
vn -0.944746 0.327270 -0.018701
vn -0.754728 -0.653641 -0.056026
vn 0.188442 -0.979246 -0.074608
vn 0.943424 -0.326820 -0.056026
vn 0.755802 0.654533 -0.018701
vn 0.187812 0.975853 0.111525
vn -0.755802 0.654533 0.018701
vn -0.943425 -0.326820 0.056026
vn -0.188442 -0.979246 0.074608
vn 0.754728 -0.653641 0.056026
vn 0.944746 0.327270 0.018701
vn -0.968148 0.087836 -0.234467
vn -0.076456 0.024364 -0.996775
vn 0.922761 0.063676 -0.380074
vn 0.646621 0.063676 0.760149
vn -0.524036 0.024364 0.851348
vn -0.968148 -0.087836 0.234467
vn -0.524035 -0.024364 -0.851348
vn 0.646621 -0.063676 -0.760149
vn 0.922761 -0.063676 0.380075
vn -0.076456 -0.024364 0.996775
vn -0.968148 0.087836 -0.234467
vn -0.076456 0.024364 -0.996775
vn 0.922762 0.063676 -0.380074
vn 0.646621 0.063676 0.760149
vn -0.524036 0.024364 0.851348
vn -0.968148 -0.087836 0.234467
vn -0.524035 -0.024364 -0.851348
vn 0.646621 -0.063676 -0.760149
vn 0.922761 -0.063676 0.380075
vn -0.076456 -0.024364 0.996775
vn -0.968148 0.087836 -0.234467
vn -0.076456 0.024364 -0.996775
vn 0.922761 0.063676 -0.380074
vn 0.646621 0.063676 0.760149
vn -0.524036 0.024364 0.851348
vn -0.968148 -0.087836 0.234467
vn -0.524035 -0.024364 -0.851348
vn 0.646621 -0.063676 -0.760149
vn 0.922761 -0.063676 0.380075
vn -0.076456 -0.024364 0.996775
vn -0.187801 0.975855 -0.111525
vn -0.944745 0.327273 -0.018701
vn -0.754738 -0.653630 -0.056025
vn 0.188453 -0.979244 -0.074608
vn 0.943426 -0.326817 -0.056025
vn 0.755792 0.654544 -0.018701
vn 0.187801 0.975855 0.111525
vn -0.755793 0.654544 0.018701
vn -0.943426 -0.326816 0.056025
vn -0.188453 -0.979244 0.074608
vn 0.754737 -0.653630 0.056025
vn 0.944745 0.327273 0.018701
vn -0.968148 0.087836 -0.234467
vn -0.076456 0.024364 -0.996775
vn 0.922761 0.063676 -0.380074
vn 0.646621 0.063676 0.760149
vn -0.524036 0.024364 0.851348
vn -0.968148 -0.087836 0.234467
vn -0.524035 -0.024364 -0.851348
vn 0.646621 -0.063676 -0.760149
vn 0.922761 -0.063676 0.380075
vn -0.076456 -0.024364 0.996775
vn -0.968148 0.087836 -0.234467
vn -0.076456 0.024364 -0.996775
vn 0.922762 0.063676 -0.380074
vn 0.646621 0.063676 0.760149
vn -0.524036 0.024364 0.851348
vn -0.968148 -0.087836 0.234467
vn -0.524035 -0.024364 -0.851348
vn 0.646621 -0.063676 -0.760149
vn 0.922761 -0.063676 0.380075
vn -0.076456 -0.024364 0.996775
vn -0.968148 0.087836 -0.234467
vn -0.076456 0.024364 -0.996775
vn 0.922761 0.063676 -0.380074
vn 0.646621 0.063676 0.760149
vn -0.524036 0.024364 0.851348
vn -0.968148 -0.087836 0.234467
vn -0.524035 -0.024364 -0.851348
vn 0.646621 -0.063676 -0.760149
vn 0.922761 -0.063676 0.380075
vn -0.076456 -0.024364 0.996775
vn -0.187812 0.975853 -0.111526
vn -0.944746 0.327270 -0.018701
vn -0.754738 -0.653630 -0.056025
vn 0.188453 -0.979244 -0.074609
vn 0.943426 -0.326817 -0.056026
vn 0.755802 0.654533 -0.018701
vn 0.187812 0.975853 0.111526
vn -0.755802 0.654533 0.018701
vn -0.943426 -0.326816 0.056026
vn -0.188453 -0.979244 0.074609
vn 0.754737 -0.653630 0.056025
vn 0.944746 0.327270 0.018701
vn -0.968148 0.087836 -0.234467
vn -0.076456 0.024364 -0.996775
vn 0.922761 0.063676 -0.380074
vn 0.646621 0.063676 0.760149
vn -0.524036 0.024364 0.851348
vn -0.968148 -0.087836 0.234467
vn -0.524035 -0.024364 -0.851348
vn 0.646621 -0.063676 -0.760149
vn 0.922761 -0.063676 0.380075
vn -0.076456 -0.024364 0.996775
vn -0.968148 0.087836 -0.234467
vn -0.076456 0.024364 -0.996775
vn 0.922761 0.063676 -0.380074
vn 0.646621 0.063676 0.760149
vn -0.524036 0.024364 0.851348
vn -0.968148 -0.087836 0.234467
vn -0.524035 -0.024364 -0.851348
vn 0.646621 -0.063676 -0.760149
vn 0.922761 -0.063676 0.380075
vn -0.076456 -0.024364 0.996775
vn -0.968148 0.087836 -0.234467
vn -0.076456 0.024364 -0.996775
vn 0.922762 0.063676 -0.380074
vn 0.646621 0.063676 0.760149
vn -0.524036 0.024364 0.851348
vn -0.968148 -0.087836 0.234467
vn -0.524035 -0.024364 -0.851348
vn 0.646621 -0.063676 -0.760149
vn 0.922761 -0.063676 0.380075
vn -0.076456 -0.024364 0.996775
vn -0.187801 0.975855 -0.111527
vn -0.944747 0.327266 -0.018701
vn -0.754742 -0.653625 -0.056025
vn 0.188453 -0.979244 -0.074609
vn 0.943428 -0.326810 -0.056025
vn 0.755797 0.654539 -0.018701
vn 0.187801 0.975855 0.111527
vn -0.755797 0.654538 0.018701
vn -0.943428 -0.326809 0.056025
vn -0.188453 -0.979244 0.074609
vn 0.754742 -0.653625 0.056025
vn 0.944747 0.327266 0.018701
vn -0.968148 0.087836 -0.234467
vn -0.076456 0.024364 -0.996775
vn 0.922761 0.063676 -0.380074
vn 0.646621 0.063676 0.760149
vn -0.524036 0.024364 0.851348
vn -0.968148 -0.087836 0.234467
vn -0.524035 -0.024364 -0.851348
vn 0.646621 -0.063676 -0.760149
vn 0.922761 -0.063676 0.380075
vn -0.076456 -0.024364 0.996775
vn -0.968148 0.087836 -0.234467
vn -0.076456 0.024364 -0.996775
vn 0.922761 0.063676 -0.380074
vn 0.646621 0.063676 0.760149
vn -0.524036 0.024364 0.851348
vn -0.968148 -0.087836 0.234467
vn -0.524035 -0.024364 -0.851348
vn 0.646621 -0.063676 -0.760149
vn 0.922761 -0.063676 0.380075
vn -0.076456 -0.024364 0.996775
vn -0.968148 0.087836 -0.234467
vn -0.076456 0.024364 -0.996775
vn 0.922761 0.063676 -0.380074
vn 0.646621 0.063676 0.760149
vn -0.524036 0.024364 0.851348
vn -0.968148 -0.087836 0.234467
vn -0.524035 -0.024364 -0.851348
vn 0.646621 -0.063676 -0.760149
vn 0.922761 -0.063676 0.380075
vn -0.076456 -0.024364 0.996775
vn -0.187801 0.975855 -0.111527
vn -0.944747 0.327266 -0.018701
vn -0.754742 -0.653625 -0.056025
vn 0.188453 -0.979244 -0.074609
vn 0.943428 -0.326810 -0.056025
vn 0.755797 0.654539 -0.018701
vn 0.187801 0.975855 0.111527
vn -0.755797 0.654538 0.018701
vn -0.943428 -0.326809 0.056025
vn -0.188453 -0.979244 0.074609
vn 0.754742 -0.653625 0.056025
vn 0.944747 0.327266 0.018701
vn -0.968148 0.087836 -0.234467
vn -0.076456 0.024364 -0.996775
vn 0.922762 0.063676 -0.380074
vn 0.646621 0.063676 0.760149
vn -0.524036 0.024364 0.851348
vn -0.968148 -0.087836 0.234467
vn -0.524035 -0.024364 -0.851348
vn 0.646621 -0.063676 -0.760149
vn 0.922761 -0.063676 0.380075
vn -0.076456 -0.024364 0.996775
vn -0.968148 0.087836 -0.234467
vn -0.076456 0.024364 -0.996775
vn 0.922761 0.063676 -0.380074
vn 0.646621 0.063676 0.760149
vn -0.524036 0.024364 0.851348
vn -0.968148 -0.087836 0.234467
vn -0.524035 -0.024364 -0.851348
vn 0.646621 -0.063676 -0.760149
vn 0.922761 -0.063676 0.380075
vn -0.076456 -0.024364 0.996775
vn -0.968148 0.087836 -0.234467
vn -0.076456 0.024364 -0.996775
vn 0.922761 0.063676 -0.380074
vn 0.646621 0.063676 0.760149
vn -0.524036 0.024364 0.851348
vn -0.968148 -0.087836 0.234467
vn -0.524035 -0.024364 -0.851348
vn 0.646621 -0.063676 -0.760149
vn 0.922761 -0.063676 0.380075
vn -0.076456 -0.024364 0.996775
vn -0.187806 0.975854 -0.111526
vn -0.944746 0.327268 -0.018701
vn -0.754740 -0.653627 -0.056025
vn 0.188453 -0.979244 -0.074609
vn 0.943427 -0.326813 -0.056025
vn 0.755800 0.654536 -0.018701
vn 0.187806 0.975854 0.111526
vn -0.755800 0.654536 0.018701
vn -0.943427 -0.326813 0.056025
vn -0.188453 -0.979244 0.074609
vn 0.754740 -0.653628 0.056025
vn 0.944746 0.327268 0.018701
vn -0.968905 0.077649 -0.234933
vn -0.076676 0.018395 -0.996886
vn 0.921845 0.074137 -0.380402
vn 0.645679 0.077507 0.759665
vn -0.524343 0.023859 0.851173
vn -0.966816 -0.100360 0.234933
vn -0.523638 -0.036154 -0.851173
vn 0.647320 -0.062337 -0.759665
vn 0.923330 -0.052488 0.380403
vn -0.076222 -0.020189 0.996886
vn -0.971091 -0.011781 -0.238419
vn -0.074119 -0.027765 -0.996863
vn 0.913430 0.138515 -0.382700
vn 0.633541 0.164523 0.756015
vn -0.527871 0.014399 0.849202
vn -0.955263 -0.175011 0.238419
vn -0.515270 -0.115549 -0.849203
vn 0.653348 -0.039737 -0.756014
vn 0.923025 0.039560 0.382700
vn -0.078073 0.013007 0.996863
vn -0.963579 -0.114972 -0.241450
vn -0.063536 -0.073391 -0.995277
vn 0.898747 0.211019 -0.384351
vn 0.609036 0.253891 0.751408
vn -0.533204 -0.003889 0.845978
vn -0.935797 -0.256876 0.241450
vn -0.495306 -0.197467 -0.845978
vn 0.659815 -0.005483 -0.751408
vn 0.911970 0.143472 0.384351
vn -0.086522 0.044014 0.995277
vn -0.187801 0.975855 -0.111526
vn -0.944746 0.327270 -0.018701
vn -0.754740 -0.653628 -0.056025
vn 0.188453 -0.979244 -0.074609
vn 0.943427 -0.326813 -0.056025
vn 0.755795 0.654541 -0.018701
vn 0.187801 0.975855 0.111526
vn -0.755795 0.654541 0.018701
vn -0.943427 -0.326813 0.056025
vn -0.188453 -0.979244 0.074609
vn 0.754740 -0.653628 0.056025
vn 0.944746 0.327270 0.018701
vn -0.946090 -0.213857 -0.243268
vn -0.048567 -0.104616 -0.993326
vn 0.877175 0.286793 -0.385115
vn 0.576040 0.330445 0.747652
vn -0.536751 -0.033849 0.843061
vn -0.908572 -0.339584 0.243268
vn -0.467526 -0.265833 -0.843062
vn 0.662929 0.039270 -0.747652
vn 0.890897 0.240809 0.385115
vn -0.097955 0.060893 0.993326
vn -0.920076 -0.306546 -0.243906
vn -0.034459 -0.118107 -0.992403
vn 0.846898 0.366448 -0.385330
vn 0.538653 0.391396 0.746098
vn -0.534168 -0.077663 0.841804
vn -0.872532 -0.423320 0.243903
vn -0.436498 -0.317547 -0.841804
vn 0.658855 0.096173 -0.746097
vn 0.862007 0.329338 0.385330
vn -0.107159 0.060447 0.992403
vn -0.887117 -0.392141 -0.243410
vn -0.026537 -0.113953 -0.993132
vn 0.806138 0.449209 -0.385167
vn 0.501060 0.436414 0.747317
vn -0.521114 -0.134694 0.842792
vn -0.826666 -0.507322 0.243409
vn -0.406878 -0.352353 -0.842792
vn 0.643797 0.164453 -0.747316
vn 0.827630 0.408259 0.385166
vn -0.108856 0.042894 0.993132
vn -0.187801 0.975855 -0.111526
vn -0.944746 0.327270 -0.018701
vn -0.754742 -0.653625 -0.056025
vn 0.188456 -0.979244 -0.074609
vn 0.943427 -0.326812 -0.056025
vn 0.755795 0.654541 -0.018701
vn 0.187801 0.975855 0.111526
vn -0.755795 0.654541 0.018701
vn -0.943427 -0.326812 0.056025
vn -0.188456 -0.979244 0.074609
vn 0.754742 -0.653625 0.056025
vn 0.944746 0.327270 0.018701
vn -0.848525 -0.470708 -0.241743
vn -0.028915 -0.095375 -0.995021
vn 0.753706 0.533007 -0.384489
vn 0.466649 0.467385 0.750859
vn -0.494282 -0.201759 0.845564
vn -0.770412 -0.589936 0.241745
vn -0.382369 -0.372578 -0.845564
vn 0.614858 0.241163 -0.750859
vn 0.789660 0.478128 0.384488
vn -0.098987 0.011581 0.995021
vn -0.805005 -0.543058 -0.238862
vn -0.043380 -0.068080 -0.996736
vn 0.689466 0.614796 -0.382964
vn 0.437213 0.488002 0.755446
vn -0.452329 -0.273636 0.848836
vn -0.703971 -0.668857 0.238863
vn -0.364795 -0.382626 -0.848836
vn 0.570849 0.321609 -0.755446
vn 0.749088 0.540560 0.382964
vn -0.075836 -0.027668 0.996736
vn -0.781616 -0.577787 -0.235028
vn -0.070886 -0.036406 -0.996820
vn 0.607896 0.696990 -0.380352
vn 0.399020 0.516707 0.757494
vn -0.410023 -0.329118 0.850625
vn -0.614875 -0.752789 0.235026
vn -0.348543 -0.393643 -0.850625
vn 0.535382 0.373591 -0.757493
vn 0.725544 0.573512 0.380353
vn -0.039788 -0.069044 0.996820
vn -0.187804 0.975854 -0.111526
vn -0.944746 0.327269 -0.018701
vn -0.754742 -0.653625 -0.056025
vn 0.188456 -0.979244 -0.074609
vn 0.943427 -0.326812 -0.056025
vn 0.755797 0.654539 -0.018701
vn 0.187804 0.975854 0.111526
vn -0.755797 0.654539 0.018701
vn -0.943427 -0.326812 0.056025
vn -0.188456 -0.979244 0.074609
vn 0.754742 -0.653625 0.056025
vn 0.944746 0.327269 0.018701
vn -0.716472 -0.658080 -0.231513
vn -0.092000 -0.020635 -0.995545
vn 0.552899 0.742664 -0.377827
vn 0.394974 0.513745 0.761618
vn -0.348025 -0.391756 0.851707
vn -0.566921 -0.790571 0.231511
vn -0.346950 -0.392708 -0.851708
vn 0.462391 0.454020 -0.761617
vn 0.670605 0.638386 0.377827
vn -0.009396 -0.093816 0.995545
vn -0.657404 -0.718520 -0.227043
vn -0.123963 -0.004437 -0.992277
vn 0.465739 0.801944 -0.374130
vn 0.370073 0.530203 0.762844
vn -0.279054 -0.444975 0.850956
vn -0.480204 -0.847263 0.227044
vn -0.336965 -0.402902 -0.850955
vn 0.389894 0.515802 -0.762844
vn 0.618773 0.690759 0.374130
vn 0.034087 -0.119266 0.992277
vn -0.590988 -0.775113 -0.223457
vn -0.150203 -0.000356 -0.988655
vn 0.376063 0.849106 -0.370939
vn 0.338374 0.550986 0.762835
vn -0.211303 -0.483655 0.849370
vn -0.390214 -0.893196 0.223459
vn -0.320009 -0.419721 -0.849370
vn 0.317100 0.563497 -0.762836
vn 0.559331 0.741319 0.370939
vn 0.072685 -0.131445 0.988655
vn -0.187804 0.975854 -0.111526
vn -0.944746 0.327270 -0.018701
vn -0.754741 -0.653626 -0.056025
vn 0.188455 -0.979244 -0.074609
vn 0.943427 -0.326813 -0.056025
vn 0.755797 0.654539 -0.018701
vn 0.187804 0.975854 0.111526
vn -0.755797 0.654539 0.018701
vn -0.943427 -0.326813 0.056025
vn -0.188455 -0.979244 0.074609
vn 0.754741 -0.653626 0.056025
vn 0.944746 0.327270 0.018701
vn -0.516616 -0.827065 -0.221523
vn -0.164267 -0.007974 -0.986384
vn 0.286911 0.883977 -0.369144
vn 0.295195 0.575696 0.762518
vn -0.150836 -0.507741 0.848203
vn -0.299003 -0.928184 0.221521
vn -0.290808 -0.442698 -0.848203
vn 0.249660 0.596857 -0.762517
vn 0.490625 0.789316 0.369144
vn 0.099832 -0.130695 0.986384
vn -0.434156 -0.873143 -0.221653
vn -0.161685 -0.024158 -0.986547
vn 0.200639 0.907405 -0.369269
vn 0.237435 0.601788 0.762546
vn -0.102034 -0.519610 0.848289
vn -0.208248 -0.952629 0.221655
vn -0.245819 -0.469018 -0.848290
vn 0.191708 0.617876 -0.762546
vn 0.411771 0.833118 0.369268
vn 0.110934 -0.120081 0.986547
vn -0.343999 -0.911902 -0.223828
vn -0.140738 -0.044052 -0.989066
vn 0.118704 0.920903 -0.371276
vn 0.164280 0.625330 0.762872
vn -0.066852 -0.523224 0.849569
vn -0.119186 -0.967313 0.223829
vn -0.183959 -0.494359 -0.849569
vn 0.145142 0.630047 -0.762872
vn 0.322858 0.870584 0.371277
vn 0.104145 -0.104410 0.989066
vn -0.187803 0.975854 -0.111526
vn -0.944746 0.327270 -0.018701
vn -0.754741 -0.653626 -0.056025
vn 0.188455 -0.979244 -0.074609
vn 0.943427 -0.326813 -0.056025
vn 0.755796 0.654539 -0.018701
vn 0.187803 0.975854 0.111526
vn -0.755796 0.654539 0.018701
vn -0.943427 -0.326813 0.056025
vn -0.188455 -0.979244 0.074609
vn 0.754741 -0.653626 0.056025
vn 0.944746 0.327270 0.018701
vn -0.247124 -0.941882 -0.227572
vn -0.102922 -0.062235 -0.992741
vn 0.041493 0.926264 -0.374585
vn 0.077583 0.641993 0.762775
vn -0.044415 -0.523089 0.851120
vn -0.032522 -0.973218 0.227572
vn -0.107015 -0.513948 -0.851120
vn 0.109232 0.637371 -0.762776
vn 0.225101 0.899454 0.374583
vn 0.080829 -0.089067 0.992741
vn -0.145204 -0.961796 -0.232088
vn -0.053035 -0.073977 -0.995849
vn -0.031781 0.925147 -0.378277
vn -0.018177 0.648095 0.761343
vn -0.030980 -0.523131 0.851689
vn 0.051699 -0.971320 0.232088
vn -0.019654 -0.523678 -0.851689
vn 0.080643 0.643315 -0.761343
vn 0.120923 0.917761 0.378277
vn 0.045647 -0.078750 0.995849
f 1//1 2//2 3//3
f 1//1 3//3 4//4
f 5//5 6//6 7//7
f 5//5 7//7 8//8
f 9//9 10//10 11//11
f 9//9 11//11 12//12
f 13//13 14//14 15//15
f 13//13 15//15 16//16
f 17//17 18//18 19//19
f 17//17 19//19 20//20
f 21//21 22//22 23//23
f 21//21 23//23 24//24
f 25//25 26//26 27//27
f 25//25 27//27 28//28
f 29//29 30//30 31//31
f 29//29 31//31 32//32
f 33//33 34//34 35//35
f 33//33 35//35 36//36
f 37//37 38//38 39//39
f 37//37 39//39 40//40
f 41//41 42//42 43//43
f 41//41 43//43 44//44
f 45//45 46//46 47//47
f 45//45 47//47 48//48
f 49//49 50//50 51//51
f 49//49 51//51 52//52
f 53//53 54//54 55//55
f 53//53 55//55 56//56
f 57//57 58//58 59//59
f 57//57 59//59 60//60
f 61//61 62//62 63//63
f 61//61 63//63 64//64
f 65//65 66//66 67//67
f 65//65 67//67 68//68
f 69//69 70//70 71//71
f 69//69 71//71 72//72
f 73//73 74//74 75//75
f 73//73 75//75 76//76
f 77//77 78//78 79//79
f 77//77 79//79 80//80
f 81//81 82//82 83//83
f 81//81 83//83 84//84
f 85//85 86//86 87//87
f 85//85 87//87 88//88
f 89//89 90//90 91//91
f 89//89 91//91 92//92
f 93//93 94//94 95//95
f 93//93 95//95 96//96
f 97//97 98//98 99//99
f 97//97 99//99 100//100
f 101//101 102//102 103//103
f 101//101 103//103 104//104
f 105//105 106//106 107//107
f 105//105 107//107 108//108
f 109//109 110//110 111//111
f 109//109 111//111 112//112
f 113//113 114//114 115//115
f 113//113 115//115 116//116
f 117//117 118//118 119//119
f 117//117 119//119 120//120
f 121//121 122//122 123//123
f 121//121 123//123 124//124
f 125//125 126//126 127//127
f 125//125 127//127 128//128
f 129//129 130//130 131//131
f 129//129 131//131 132//132
f 133//133 134//134 135//135
f 133//133 135//135 136//136
f 137//137 138//138 139//139
f 137//137 139//139 140//140
f 141//141 142//142 143//143
f 141//141 143//143 144//144
f 145//145 146//146 147//147
f 145//145 147//147 148//148
f 149//149 150//150 151//151
f 149//149 151//151 152//152
f 153//153 154//154 155//155
f 153//153 155//155 156//156
f 157//157 158//158 159//159
f 157//157 159//159 160//160
f 161//161 162//162 163//163
f 161//161 163//163 164//164
f 165//165 166//166 167//167
f 165//165 167//167 168//168
f 169//169 170//170 171//171
f 169//169 171//171 172//172
f 173//173 174//174 175//175
f 173//173 175//175 176//176
f 177//177 178//178 179//179
f 177//177 179//179 180//180
f 181//181 182//182 183//183
f 181//181 183//183 184//184
f 185//185 186//186 187//187
f 185//185 187//187 188//188
f 189//189 190//190 191//191
f 189//189 191//191 192//192
f 193//193 194//194 199//199
f 193//193 199//199 198//198
f 194//194 195//195 200//200
f 194//194 200//200 199//199
f 195//195 196//196 201//201
f 195//195 201//201 200//200
f 196//196 197//197 202//202
f 196//196 202//202 201//201
f 197//197 193//193 198//198
f 197//197 198//198 202//202
f 193//193 195//195 194//194
f 193//193 196//196 195//195
f 193//193 197//197 196//196
f 198//198 199//199 200//200
f 198//198 200//200 201//201
f 198//198 201//201 202//202
f 203//203 204//204 209//209
f 203//203 209//209 208//208
f 204//204 205//205 210//210
f 204//204 210//210 209//209
f 205//205 206//206 211//211
f 205//205 211//211 210//210
f 206//206 207//207 212//212
f 206//206 212//212 211//211
f 207//207 203//203 208//208
f 207//207 208//208 212//212
f 203//203 205//205 204//204
f 203//203 206//206 205//205
f 203//203 207//207 206//206
f 208//208 209//209 210//210
f 208//208 210//210 211//211
f 208//208 211//211 212//212
f 213//213 214//214 220//220
f 213//213 220//220 219//219
f 214//214 215//215 221//221
f 214//214 221//221 220//220
f 215//215 216//216 222//222
f 215//215 222//222 221//221
f 216//216 217//217 223//223
f 216//216 223//223 222//222
f 217//217 218//218 224//224
f 217//217 224//224 223//223
f 218//218 213//213 219//219
f 218//218 219//219 224//224
f 213//213 215//215 214//214
f 213//213 216//216 215//215
f 213//213 217//217 216//216
f 213//213 218//218 217//217
f 219//219 220//220 221//221
f 219//219 221//221 222//222
f 219//219 222//222 223//223
f 219//219 223//223 224//224
f 225//225 226//226 231//231
f 225//225 231//231 230//230
f 226//226 227//227 232//232
f 226//226 232//232 231//231
f 227//227 228//228 233//233
f 227//227 233//233 232//232
f 228//228 229//229 234//234
f 228//228 234//234 233//233
f 229//229 225//225 230//230
f 229//229 230//230 234//234
f 225//225 227//227 226//226
f 225//225 228//228 227//227
f 225//225 229//229 228//228
f 230//230 231//231 232//232
f 230//230 232//232 233//233
f 230//230 233//233 234//234
f 235//235 236//236 241//241
f 235//235 241//241 240//240
f 236//236 237//237 242//242
f 236//236 242//242 241//241
f 237//237 238//238 243//243
f 237//237 243//243 242//242
f 238//238 239//239 244//244
f 238//238 244//244 243//243
f 239//239 235//235 240//240
f 239//239 240//240 244//244
f 235//235 237//237 236//236
f 235//235 238//238 237//237
f 235//235 239//239 238//238
f 240//240 241//241 242//242
f 240//240 242//242 243//243
f 240//240 243//243 244//244
f 245//245 246//246 251//251
f 245//245 251//251 250//250
f 246//246 247//247 252//252
f 246//246 252//252 251//251
f 247//247 248//248 253//253
f 247//247 253//253 252//252
f 248//248 249//249 254//254
f 248//248 254//254 253//253
f 249//249 245//245 250//250
f 249//249 250//250 254//254
f 245//245 247//247 246//246
f 245//245 248//248 247//247
f 245//245 249//249 248//248
f 250//250 251//251 252//252
f 250//250 252//252 253//253
f 250//250 253//253 254//254
f 255//255 256//256 262//262
f 255//255 262//262 261//261
f 256//256 257//257 263//263
f 256//256 263//263 262//262
f 257//257 258//258 264//264
f 257//257 264//264 263//263
f 258//258 259//259 265//265
f 258//258 265//265 264//264
f 259//259 260//260 266//266
f 259//259 266//266 265//265
f 260//260 255//255 261//261
f 260//260 261//261 266//266
f 255//255 257//257 256//256
f 255//255 258//258 257//257
f 255//255 259//259 258//258
f 255//255 260//260 259//259
f 261//261 262//262 263//263
f 261//261 263//263 264//264
f 261//261 264//264 265//265
f 261//261 265//265 266//266
f 267//267 268//268 273//273
f 267//267 273//273 272//272
f 268//268 269//269 274//274
f 268//268 274//274 273//273
f 269//269 270//270 275//275
f 269//269 275//275 274//274
f 270//270 271//271 276//276
f 270//270 276//276 275//275
f 271//271 267//267 272//272
f 271//271 272//272 276//276
f 267//267 269//269 268//268
f 267//267 270//270 269//269
f 267//267 271//271 270//270
f 272//272 273//273 274//274
f 272//272 274//274 275//275
f 272//272 275//275 276//276
f 277//277 278//278 283//283
f 277//277 283//283 282//282
f 278//278 279//279 284//284
f 278//278 284//284 283//283
f 279//279 280//280 285//285
f 279//279 285//285 284//284
f 280//280 281//281 286//286
f 280//280 286//286 285//285
f 281//281 277//277 282//282
f 281//281 282//282 286//286
f 277//277 279//279 278//278
f 277//277 280//280 279//279
f 277//277 281//281 280//280
f 282//282 283//283 284//284
f 282//282 284//284 285//285
f 282//282 285//285 286//286
f 287//287 288//288 293//293
f 287//287 293//293 292//292
f 288//288 289//289 294//294
f 288//288 294//294 293//293
f 289//289 290//290 295//295
f 289//289 295//295 294//294
f 290//290 291//291 296//296
f 290//290 296//296 295//295
f 291//291 287//287 292//292
f 291//291 292//292 296//296
f 287//287 289//289 288//288
f 287//287 290//290 289//289
f 287//287 291//291 290//290
f 292//292 293//293 294//294
f 292//292 294//294 295//295
f 292//292 295//295 296//296
f 297//297 298//298 304//304
f 297//297 304//304 303//303
f 298//298 299//299 305//305
f 298//298 305//305 304//304
f 299//299 300//300 306//306
f 299//299 306//306 305//305
f 300//300 301//301 307//307
f 300//300 307//307 306//306
f 301//301 302//302 308//308
f 301//301 308//308 307//307
f 302//302 297//297 303//303
f 302//302 303//303 308//308
f 297//297 299//299 298//298
f 297//297 300//300 299//299
f 297//297 301//301 300//300
f 297//297 302//302 301//301
f 303//303 304//304 305//305
f 303//303 305//305 306//306
f 303//303 306//306 307//307
f 303//303 307//307 308//308
f 309//309 310//310 315//315
f 309//309 315//315 314//314
f 310//310 311//311 316//316
f 310//310 316//316 315//315
f 311//311 312//312 317//317
f 311//311 317//317 316//316
f 312//312 313//313 318//318
f 312//312 318//318 317//317
f 313//313 309//309 314//314
f 313//313 314//314 318//318
f 309//309 311//311 310//310
f 309//309 312//312 311//311
f 309//309 313//313 312//312
f 314//314 315//315 316//316
f 314//314 316//316 317//317
f 314//314 317//317 318//318
f 319//319 320//320 325//325
f 319//319 325//325 324//324
f 320//320 321//321 326//326
f 320//320 326//326 325//325
f 321//321 322//322 327//327
f 321//321 327//327 326//326
f 322//322 323//323 328//328
f 322//322 328//328 327//327
f 323//323 319//319 324//324
f 323//323 324//324 328//328
f 319//319 321//321 320//320
f 319//319 322//322 321//321
f 319//319 323//323 322//322
f 324//324 325//325 326//326
f 324//324 326//326 327//327
f 324//324 327//327 328//328
f 329//329 330//330 335//335
f 329//329 335//335 334//334
f 330//330 331//331 336//336
f 330//330 336//336 335//335
f 331//331 332//332 337//337
f 331//331 337//337 336//336
f 332//332 333//333 338//338
f 332//332 338//338 337//337
f 333//333 329//329 334//334
f 333//333 334//334 338//338
f 329//329 331//331 330//330
f 329//329 332//332 331//331
f 329//329 333//333 332//332
f 334//334 335//335 336//336
f 334//334 336//336 337//337
f 334//334 337//337 338//338
f 339//339 340//340 346//346
f 339//339 346//346 345//345
f 340//340 341//341 347//347
f 340//340 347//347 346//346
f 341//341 342//342 348//348
f 341//341 348//348 347//347
f 342//342 343//343 349//349
f 342//342 349//349 348//348
f 343//343 344//344 350//350
f 343//343 350//350 349//349
f 344//344 339//339 345//345
f 344//344 345//345 350//350
f 339//339 341//341 340//340
f 339//339 342//342 341//341
f 339//339 343//343 342//342
f 339//339 344//344 343//343
f 345//345 346//346 347//347
f 345//345 347//347 348//348
f 345//345 348//348 349//349
f 345//345 349//349 350//350
f 351//351 352//352 357//357
f 351//351 357//357 356//356
f 352//352 353//353 358//358
f 352//352 358//358 357//357
f 353//353 354//354 359//359
f 353//353 359//359 358//358
f 354//354 355//355 360//360
f 354//354 360//360 359//359
f 355//355 351//351 356//356
f 355//355 356//356 360//360
f 351//351 353//353 352//352
f 351//351 354//354 353//353
f 351//351 355//355 354//354
f 356//356 357//357 358//358
f 356//356 358//358 359//359
f 356//356 359//359 360//360
f 361//361 362//362 367//367
f 361//361 367//367 366//366
f 362//362 363//363 368//368
f 362//362 368//368 367//367
f 363//363 364//364 369//369
f 363//363 369//369 368//368
f 364//364 365//365 370//370
f 364//364 370//370 369//369
f 365//365 361//361 366//366
f 365//365 366//366 370//370
f 361//361 363//363 362//362
f 361//361 364//364 363//363
f 361//361 365//365 364//364
f 366//366 367//367 368//368
f 366//366 368//368 369//369
f 366//366 369//369 370//370
f 371//371 372//372 377//377
f 371//371 377//377 376//376
f 372//372 373//373 378//378
f 372//372 378//378 377//377
f 373//373 374//374 379//379
f 373//373 379//379 378//378
f 374//374 375//375 380//380
f 374//374 380//380 379//379
f 375//375 371//371 376//376
f 375//375 376//376 380//380
f 371//371 373//373 372//372
f 371//371 374//374 373//373
f 371//371 375//375 374//374
f 376//376 377//377 378//378
f 376//376 378//378 379//379
f 376//376 379//379 380//380
f 381//381 382//382 388//388
f 381//381 388//388 387//387
f 382//382 383//383 389//389
f 382//382 389//389 388//388
f 383//383 384//384 390//390
f 383//383 390//390 389//389
f 384//384 385//385 391//391
f 384//384 391//391 390//390
f 385//385 386//386 392//392
f 385//385 392//392 391//391
f 386//386 381//381 387//387
f 386//386 387//387 392//392
f 381//381 383//383 382//382
f 381//381 384//384 383//383
f 381//381 385//385 384//384
f 381//381 386//386 385//385
f 387//387 388//388 389//389
f 387//387 389//389 390//390
f 387//387 390//390 391//391
f 387//387 391//391 392//392
f 393//393 394//394 399//399
f 393//393 399//399 398//398
f 394//394 395//395 400//400
f 394//394 400//400 399//399
f 395//395 396//396 401//401
f 395//395 401//401 400//400
f 396//396 397//397 402//402
f 396//396 402//402 401//401
f 397//397 393//393 398//398
f 397//397 398//398 402//402
f 393//393 395//395 394//394
f 393//393 396//396 395//395
f 393//393 397//397 396//396
f 398//398 399//399 400//400
f 398//398 400//400 401//401
f 398//398 401//401 402//402
f 403//403 404//404 409//409
f 403//403 409//409 408//408
f 404//404 405//405 410//410
f 404//404 410//410 409//409
f 405//405 406//406 411//411
f 405//405 411//411 410//410
f 406//406 407//407 412//412
f 406//406 412//412 411//411
f 407//407 403//403 408//408
f 407//407 408//408 412//412
f 403//403 405//405 404//404
f 403//403 406//406 405//405
f 403//403 407//407 406//406
f 408//408 409//409 410//410
f 408//408 410//410 411//411
f 408//408 411//411 412//412
f 413//413 414//414 419//419
f 413//413 419//419 418//418
f 414//414 415//415 420//420
f 414//414 420//420 419//419
f 415//415 416//416 421//421
f 415//415 421//421 420//420
f 416//416 417//417 422//422
f 416//416 422//422 421//421
f 417//417 413//413 418//418
f 417//417 418//418 422//422
f 413//413 415//415 414//414
f 413//413 416//416 415//415
f 413//413 417//417 416//416
f 418//418 419//419 420//420
f 418//418 420//420 421//421
f 418//418 421//421 422//422
f 423//423 424//424 430//430
f 423//423 430//430 429//429
f 424//424 425//425 431//431
f 424//424 431//431 430//430
f 425//425 426//426 432//432
f 425//425 432//432 431//431
f 426//426 427//427 433//433
f 426//426 433//433 432//432
f 427//427 428//428 434//434
f 427//427 434//434 433//433
f 428//428 423//423 429//429
f 428//428 429//429 434//434
f 423//423 425//425 424//424
f 423//423 426//426 425//425
f 423//423 427//427 426//426
f 423//423 428//428 427//427
f 429//429 430//430 431//431
f 429//429 431//431 432//432
f 429//429 432//432 433//433
f 429//429 433//433 434//434
f 435//435 436//436 441//441
f 435//435 441//441 440//440
f 436//436 437//437 442//442
f 436//436 442//442 441//441
f 437//437 438//438 443//443
f 437//437 443//443 442//442
f 438//438 439//439 444//444
f 438//438 444//444 443//443
f 439//439 435//435 440//440
f 439//439 440//440 444//444
f 435//435 437//437 436//436
f 435//435 438//438 437//437
f 435//435 439//439 438//438
f 440//440 441//441 442//442
f 440//440 442//442 443//443
f 440//440 443//443 444//444
f 445//445 446//446 451//451
f 445//445 451//451 450//450
f 446//446 447//447 452//452
f 446//446 452//452 451//451
f 447//447 448//448 453//453
f 447//447 453//453 452//452
f 448//448 449//449 454//454
f 448//448 454//454 453//453
f 449//449 445//445 450//450
f 449//449 450//450 454//454
f 445//445 447//447 446//446
f 445//445 448//448 447//447
f 445//445 449//449 448//448
f 450//450 451//451 452//452
f 450//450 452//452 453//453
f 450//450 453//453 454//454
f 455//455 456//456 461//461
f 455//455 461//461 460//460
f 456//456 457//457 462//462
f 456//456 462//462 461//461
f 457//457 458//458 463//463
f 457//457 463//463 462//462
f 458//458 459//459 464//464
f 458//458 464//464 463//463
f 459//459 455//455 460//460
f 459//459 460//460 464//464
f 455//455 457//457 456//456
f 455//455 458//458 457//457
f 455//455 459//459 458//458
f 460//460 461//461 462//462
f 460//460 462//462 463//463
f 460//460 463//463 464//464
f 465//465 466//466 472//472
f 465//465 472//472 471//471
f 466//466 467//467 473//473
f 466//466 473//473 472//472
f 467//467 468//468 474//474
f 467//467 474//474 473//473
f 468//468 469//469 475//475
f 468//468 475//475 474//474
f 469//469 470//470 476//476
f 469//469 476//476 475//475
f 470//470 465//465 471//471
f 470//470 471//471 476//476
f 465//465 467//467 466//466
f 465//465 468//468 467//467
f 465//465 469//469 468//468
f 465//465 470//470 469//469
f 471//471 472//472 473//473
f 471//471 473//473 474//474
f 471//471 474//474 475//475
f 471//471 475//475 476//476
f 477//477 478//478 483//483
f 477//477 483//483 482//482
f 478//478 479//479 484//484
f 478//478 484//484 483//483
f 479//479 480//480 485//485
f 479//479 485//485 484//484
f 480//480 481//481 486//486
f 480//480 486//486 485//485
f 481//481 477//477 482//482
f 481//481 482//482 486//486
f 477//477 479//479 478//478
f 477//477 480//480 479//479
f 477//477 481//481 480//480
f 482//482 483//483 484//484
f 482//482 484//484 485//485
f 482//482 485//485 486//486
f 487//487 488//488 493//493
f 487//487 493//493 492//492
f 488//488 489//489 494//494
f 488//488 494//494 493//493
f 489//489 490//490 495//495
f 489//489 495//495 494//494
f 490//490 491//491 496//496
f 490//490 496//496 495//495
f 491//491 487//487 492//492
f 491//491 492//492 496//496
f 487//487 489//489 488//488
f 487//487 490//490 489//489
f 487//487 491//491 490//490
f 492//492 493//493 494//494
f 492//492 494//494 495//495
f 492//492 495//495 496//496
f 497//497 498//498 503//503
f 497//497 503//503 502//502
f 498//498 499//499 504//504
f 498//498 504//504 503//503
f 499//499 500//500 505//505
f 499//499 505//505 504//504
f 500//500 501//501 506//506
f 500//500 506//506 505//505
f 501//501 497//497 502//502
f 501//501 502//502 506//506
f 497//497 499//499 498//498
f 497//497 500//500 499//499
f 497//497 501//501 500//500
f 502//502 503//503 504//504
f 502//502 504//504 505//505
f 502//502 505//505 506//506
f 507//507 508//508 514//514
f 507//507 514//514 513//513
f 508//508 509//509 515//515
f 508//508 515//515 514//514
f 509//509 510//510 516//516
f 509//509 516//516 515//515
f 510//510 511//511 517//517
f 510//510 517//517 516//516
f 511//511 512//512 518//518
f 511//511 518//518 517//517
f 512//512 507//507 513//513
f 512//512 513//513 518//518
f 507//507 509//509 508//508
f 507//507 510//510 509//509
f 507//507 511//511 510//510
f 507//507 512//512 511//511
f 513//513 514//514 515//515
f 513//513 515//515 516//516
f 513//513 516//516 517//517
f 513//513 517//517 518//518
f 519//519 520//520 525//525
f 519//519 525//525 524//524
f 520//520 521//521 526//526
f 520//520 526//526 525//525
f 521//521 522//522 527//527
f 521//521 527//527 526//526
f 522//522 523//523 528//528
f 522//522 528//528 527//527
f 523//523 519//519 524//524
f 523//523 524//524 528//528
f 519//519 521//521 520//520
f 519//519 522//522 521//521
f 519//519 523//523 522//522
f 524//524 525//525 526//526
f 524//524 526//526 527//527
f 524//524 527//527 528//528
f 529//529 530//530 535//535
f 529//529 535//535 534//534
f 530//530 531//531 536//536
f 530//530 536//536 535//535
f 531//531 532//532 537//537
f 531//531 537//537 536//536
f 532//532 533//533 538//538
f 532//532 538//538 537//537
f 533//533 529//529 534//534
f 533//533 534//534 538//538
f 529//529 531//531 530//530
f 529//529 532//532 531//531
f 529//529 533//533 532//532
f 534//534 535//535 536//536
f 534//534 536//536 537//537
f 534//534 537//537 538//538
f 539//539 540//540 545//545
f 539//539 545//545 544//544
f 540//540 541//541 546//546
f 540//540 546//546 545//545
f 541//541 542//542 547//547
f 541//541 547//547 546//546
f 542//542 543//543 548//548
f 542//542 548//548 547//547
f 543//543 539//539 544//544
f 543//543 544//544 548//548
f 539//539 541//541 540//540
f 539//539 542//542 541//541
f 539//539 543//543 542//542
f 544//544 545//545 546//546
f 544//544 546//546 547//547
f 544//544 547//547 548//548
f 549//549 550//550 556//556
f 549//549 556//556 555//555
f 550//550 551//551 557//557
f 550//550 557//557 556//556
f 551//551 552//552 558//558
f 551//551 558//558 557//557
f 552//552 553//553 559//559
f 552//552 559//559 558//558
f 553//553 554//554 560//560
f 553//553 560//560 559//559
f 554//554 549//549 555//555
f 554//554 555//555 560//560
f 549//549 551//551 550//550
f 549//549 552//552 551//551
f 549//549 553//553 552//552
f 549//549 554//554 553//553
f 555//555 556//556 557//557
f 555//555 557//557 558//558
f 555//555 558//558 559//559
f 555//555 559//559 560//560
f 561//561 562//562 567//567
f 561//561 567//567 566//566
f 562//562 563//563 568//568
f 562//562 568//568 567//567
f 563//563 564//564 569//569
f 563//563 569//569 568//568
f 564//564 565//565 570//570
f 564//564 570//570 569//569
f 565//565 561//561 566//566
f 565//565 566//566 570//570
f 561//561 563//563 562//562
f 561//561 564//564 563//563
f 561//561 565//565 564//564
f 566//566 567//567 568//568
f 566//566 568//568 569//569
f 566//566 569//569 570//570
f 571//571 572//572 577//577
f 571//571 577//577 576//576
f 572//572 573//573 578//578
f 572//572 578//578 577//577
f 573//573 574//574 579//579
f 573//573 579//579 578//578
f 574//574 575//575 580//580
f 574//574 580//580 579//579
f 575//575 571//571 576//576
f 575//575 576//576 580//580
f 571//571 573//573 572//572
f 571//571 574//574 573//573
f 571//571 575//575 574//574
f 576//576 577//577 578//578
f 576//576 578//578 579//579
f 576//576 579//579 580//580
f 581//581 582//582 587//587
f 581//581 587//587 586//586
f 582//582 583//583 588//588
f 582//582 588//588 587//587
f 583//583 584//584 589//589
f 583//583 589//589 588//588
f 584//584 585//585 590//590
f 584//584 590//590 589//589
f 585//585 581//581 586//586
f 585//585 586//586 590//590
f 581//581 583//583 582//582
f 581//581 584//584 583//583
f 581//581 585//585 584//584
f 586//586 587//587 588//588
f 586//586 588//588 589//589
f 586//586 589//589 590//590
f 591//591 592//592 598//598
f 591//591 598//598 597//597
f 592//592 593//593 599//599
f 592//592 599//599 598//598
f 593//593 594//594 600//600
f 593//593 600//600 599//599
f 594//594 595//595 601//601
f 594//594 601//601 600//600
f 595//595 596//596 602//602
f 595//595 602//602 601//601
f 596//596 591//591 597//597
f 596//596 597//597 602//602
f 591//591 593//593 592//592
f 591//591 594//594 593//593
f 591//591 595//595 594//594
f 591//591 596//596 595//595
f 597//597 598//598 599//599
f 597//597 599//599 600//600
f 597//597 600//600 601//601
f 597//597 601//601 602//602
f 603//603 604//604 609//609
f 603//603 609//609 608//608
f 604//604 605//605 610//610
f 604//604 610//610 609//609
f 605//605 606//606 611//611
f 605//605 611//611 610//610
f 606//606 607//607 612//612
f 606//606 612//612 611//611
f 607//607 603//603 608//608
f 607//607 608//608 612//612
f 603//603 605//605 604//604
f 603//603 606//606 605//605
f 603//603 607//607 606//606
f 608//608 609//609 610//610
f 608//608 610//610 611//611
f 608//608 611//611 612//612
f 613//613 614//614 619//619
f 613//613 619//619 618//618
f 614//614 615//615 620//620
f 614//614 620//620 619//619
f 615//615 616//616 621//621
f 615//615 621//621 620//620
f 616//616 617//617 622//622
f 616//616 622//622 621//621
f 617//617 613//613 618//618
f 617//617 618//618 622//622
f 613//613 615//615 614//614
f 613//613 616//616 615//615
f 613//613 617//617 616//616
f 618//618 619//619 620//620
f 618//618 620//620 621//621
f 618//618 621//621 622//622
f 623//623 624//624 629//629
f 623//623 629//629 628//628
f 624//624 625//625 630//630
f 624//624 630//630 629//629
f 625//625 626//626 631//631
f 625//625 631//631 630//630
f 626//626 627//627 632//632
f 626//626 632//632 631//631
f 627//627 623//623 628//628
f 627//627 628//628 632//632
f 623//623 625//625 624//624
f 623//623 626//626 625//625
f 623//623 627//627 626//626
f 628//628 629//629 630//630
f 628//628 630//630 631//631
f 628//628 631//631 632//632
f 633//633 634//634 640//640
f 633//633 640//640 639//639
f 634//634 635//635 641//641
f 634//634 641//641 640//640
f 635//635 636//636 642//642
f 635//635 642//642 641//641
f 636//636 637//637 643//643
f 636//636 643//643 642//642
f 637//637 638//638 644//644
f 637//637 644//644 643//643
f 638//638 633//633 639//639
f 638//638 639//639 644//644
f 633//633 635//635 634//634
f 633//633 636//636 635//635
f 633//633 637//637 636//636
f 633//633 638//638 637//637
f 639//639 640//640 641//641
f 639//639 641//641 642//642
f 639//639 642//642 643//643
f 639//639 643//643 644//644
f 645//645 646//646 651//651
f 645//645 651//651 650//650
f 646//646 647//647 652//652
f 646//646 652//652 651//651
f 647//647 648//648 653//653
f 647//647 653//653 652//652
f 648//648 649//649 654//654
f 648//648 654//654 653//653
f 649//649 645//645 650//650
f 649//649 650//650 654//654
f 645//645 647//647 646//646
f 645//645 648//648 647//647
f 645//645 649//649 648//648
f 650//650 651//651 652//652
f 650//650 652//652 653//653
f 650//650 653//653 654//654
f 655//655 656//656 661//661
f 655//655 661//661 660//660
f 656//656 657//657 662//662
f 656//656 662//662 661//661
f 657//657 658//658 663//663
f 657//657 663//663 662//662
f 658//658 659//659 664//664
f 658//658 664//664 663//663
f 659//659 655//655 660//660
f 659//659 660//660 664//664
f 655//655 657//657 656//656
f 655//655 658//658 657//657
f 655//655 659//659 658//658
f 660//660 661//661 662//662
f 660//660 662//662 663//663
f 660//660 663//663 664//664
f 665//665 666//666 671//671
f 665//665 671//671 670//670
f 666//666 667//667 672//672
f 666//666 672//672 671//671
f 667//667 668//668 673//673
f 667//667 673//673 672//672
f 668//668 669//669 674//674
f 668//668 674//674 673//673
f 669//669 665//665 670//670
f 669//669 670//670 674//674
f 665//665 667//667 666//666
f 665//665 668//668 667//667
f 665//665 669//669 668//668
f 670//670 671//671 672//672
f 670//670 672//672 673//673
f 670//670 673//673 674//674
f 675//675 676//676 682//682
f 675//675 682//682 681//681
f 676//676 677//677 683//683
f 676//676 683//683 682//682
f 677//677 678//678 684//684
f 677//677 684//684 683//683
f 678//678 679//679 685//685
f 678//678 685//685 684//684
f 679//679 680//680 686//686
f 679//679 686//686 685//685
f 680//680 675//675 681//681
f 680//680 681//681 686//686
f 675//675 677//677 676//676
f 675//675 678//678 677//677
f 675//675 679//679 678//678
f 675//675 680//680 679//679
f 681//681 682//682 683//683
f 681//681 683//683 684//684
f 681//681 684//684 685//685
f 681//681 685//685 686//686
f 687//687 688//688 693//693
f 687//687 693//693 692//692
f 688//688 689//689 694//694
f 688//688 694//694 693//693
f 689//689 690//690 695//695
f 689//689 695//695 694//694
f 690//690 691//691 696//696
f 690//690 696//696 695//695
f 691//691 687//687 692//692
f 691//691 692//692 696//696
f 687//687 689//689 688//688
f 687//687 690//690 689//689
f 687//687 691//691 690//690
f 692//692 693//693 694//694
f 692//692 694//694 695//695
f 692//692 695//695 696//696
f 697//697 698//698 703//703
f 697//697 703//703 702//702
f 698//698 699//699 704//704
f 698//698 704//704 703//703
f 699//699 700//700 705//705
f 699//699 705//705 704//704
f 700//700 701//701 706//706
f 700//700 706//706 705//705
f 701//701 697//697 702//702
f 701//701 702//702 706//706
f 697//697 699//699 698//698
f 697//697 700//700 699//699
f 697//697 701//701 700//700
f 702//702 703//703 704//704
f 702//702 704//704 705//705
f 702//702 705//705 706//706
f 707//707 708//708 713//713
f 707//707 713//713 712//712
f 708//708 709//709 714//714
f 708//708 714//714 713//713
f 709//709 710//710 715//715
f 709//709 715//715 714//714
f 710//710 711//711 716//716
f 710//710 716//716 715//715
f 711//711 707//707 712//712
f 711//711 712//712 716//716
f 707//707 709//709 708//708
f 707//707 710//710 709//709
f 707//707 711//711 710//710
f 712//712 713//713 714//714
f 712//712 714//714 715//715
f 712//712 715//715 716//716
f 717//717 718//718 724//724
f 717//717 724//724 723//723
f 718//718 719//719 725//725
f 718//718 725//725 724//724
f 719//719 720//720 726//726
f 719//719 726//726 725//725
f 720//720 721//721 727//727
f 720//720 727//727 726//726
f 721//721 722//722 728//728
f 721//721 728//728 727//727
f 722//722 717//717 723//723
f 722//722 723//723 728//728
f 717//717 719//719 718//718
f 717//717 720//720 719//719
f 717//717 721//721 720//720
f 717//717 722//722 721//721
f 723//723 724//724 725//725
f 723//723 725//725 726//726
f 723//723 726//726 727//727
f 723//723 727//727 728//728
f 729//729 730//730 735//735
f 729//729 735//735 734//734
f 730//730 731//731 736//736
f 730//730 736//736 735//735
f 731//731 732//732 737//737
f 731//731 737//737 736//736
f 732//732 733//733 738//738
f 732//732 738//738 737//737
f 733//733 729//729 734//734
f 733//733 734//734 738//738
f 729//729 731//731 730//730
f 729//729 732//732 731//731
f 729//729 733//733 732//732
f 734//734 735//735 736//736
f 734//734 736//736 737//737
f 734//734 737//737 738//738
f 739//739 740//740 745//745
f 739//739 745//745 744//744
f 740//740 741//741 746//746
f 740//740 746//746 745//745
f 741//741 742//742 747//747
f 741//741 747//747 746//746
f 742//742 743//743 748//748
f 742//742 748//748 747//747
f 743//743 739//739 744//744
f 743//743 744//744 748//748
f 739//739 741//741 740//740
f 739//739 742//742 741//741
f 739//739 743//743 742//742
f 744//744 745//745 746//746
f 744//744 746//746 747//747
f 744//744 747//747 748//748
f 749//749 750//750 755//755
f 749//749 755//755 754//754
f 750//750 751//751 756//756
f 750//750 756//756 755//755
f 751//751 752//752 757//757
f 751//751 757//757 756//756
f 752//752 753//753 758//758
f 752//752 758//758 757//757
f 753//753 749//749 754//754
f 753//753 754//754 758//758
f 749//749 751//751 750//750
f 749//749 752//752 751//751
f 749//749 753//753 752//752
f 754//754 755//755 756//756
f 754//754 756//756 757//757
f 754//754 757//757 758//758
f 759//759 760//760 766//766
f 759//759 766//766 765//765
f 760//760 761//761 767//767
f 760//760 767//767 766//766
f 761//761 762//762 768//768
f 761//761 768//768 767//767
f 762//762 763//763 769//769
f 762//762 769//769 768//768
f 763//763 764//764 770//770
f 763//763 770//770 769//769
f 764//764 759//759 765//765
f 764//764 765//765 770//770
f 759//759 761//761 760//760
f 759//759 762//762 761//761
f 759//759 763//763 762//762
f 759//759 764//764 763//763
f 765//765 766//766 767//767
f 765//765 767//767 768//768
f 765//765 768//768 769//769
f 765//765 769//769 770//770
f 771//771 772//772 777//777
f 771//771 777//777 776//776
f 772//772 773//773 778//778
f 772//772 778//778 777//777
f 773//773 774//774 779//779
f 773//773 779//779 778//778
f 774//774 775//775 780//780
f 774//774 780//780 779//779
f 775//775 771//771 776//776
f 775//775 776//776 780//780
f 771//771 773//773 772//772
f 771//771 774//774 773//773
f 771//771 775//775 774//774
f 776//776 777//777 778//778
f 776//776 778//778 779//779
f 776//776 779//779 780//780
f 781//781 782//782 787//787
f 781//781 787//787 786//786
f 782//782 783//783 788//788
f 782//782 788//788 787//787
f 783//783 784//784 789//789
f 783//783 789//789 788//788
f 784//784 785//785 790//790
f 784//784 790//790 789//789
f 785//785 781//781 786//786
f 785//785 786//786 790//790
f 781//781 783//783 782//782
f 781//781 784//784 783//783
f 781//781 785//785 784//784
f 786//786 787//787 788//788
f 786//786 788//788 789//789
f 786//786 789//789 790//790
f 791//791 792//792 797//797
f 791//791 797//797 796//796
f 792//792 793//793 798//798
f 792//792 798//798 797//797
f 793//793 794//794 799//799
f 793//793 799//799 798//798
f 794//794 795//795 800//800
f 794//794 800//800 799//799
f 795//795 791//791 796//796
f 795//795 796//796 800//800
f 791//791 793//793 792//792
f 791//791 794//794 793//793
f 791//791 795//795 794//794
f 796//796 797//797 798//798
f 796//796 798//798 799//799
f 796//796 799//799 800//800
f 801//801 802//802 808//808
f 801//801 808//808 807//807
f 802//802 803//803 809//809
f 802//802 809//809 808//808
f 803//803 804//804 810//810
f 803//803 810//810 809//809
f 804//804 805//805 811//811
f 804//804 811//811 810//810
f 805//805 806//806 812//812
f 805//805 812//812 811//811
f 806//806 801//801 807//807
f 806//806 807//807 812//812
f 801//801 803//803 802//802
f 801//801 804//804 803//803
f 801//801 805//805 804//804
f 801//801 806//806 805//805
f 807//807 808//808 809//809
f 807//807 809//809 810//810
f 807//807 810//810 811//811
f 807//807 811//811 812//812
f 813//813 814//814 819//819
f 813//813 819//819 818//818
f 814//814 815//815 820//820
f 814//814 820//820 819//819
f 815//815 816//816 821//821
f 815//815 821//821 820//820
f 816//816 817//817 822//822
f 816//816 822//822 821//821
f 817//817 813//813 818//818
f 817//817 818//818 822//822
f 813//813 815//815 814//814
f 813//813 816//816 815//815
f 813//813 817//817 816//816
f 818//818 819//819 820//820
f 818//818 820//820 821//821
f 818//818 821//821 822//822
f 823//823 824//824 829//829
f 823//823 829//829 828//828
f 824//824 825//825 830//830
f 824//824 830//830 829//829
f 825//825 826//826 831//831
f 825//825 831//831 830//830
f 826//826 827//827 832//832
f 826//826 832//832 831//831
f 827//827 823//823 828//828
f 827//827 828//828 832//832
f 823//823 825//825 824//824
f 823//823 826//826 825//825
f 823//823 827//827 826//826
f 828//828 829//829 830//830
f 828//828 830//830 831//831
f 828//828 831//831 832//832
f 833//833 834//834 839//839
f 833//833 839//839 838//838
f 834//834 835//835 840//840
f 834//834 840//840 839//839
f 835//835 836//836 841//841
f 835//835 841//841 840//840
f 836//836 837//837 842//842
f 836//836 842//842 841//841
f 837//837 833//833 838//838
f 837//837 838//838 842//842
f 833//833 835//835 834//834
f 833//833 836//836 835//835
f 833//833 837//837 836//836
f 838//838 839//839 840//840
f 838//838 840//840 841//841
f 838//838 841//841 842//842
f 843//843 844//844 850//850
f 843//843 850//850 849//849
f 844//844 845//845 851//851
f 844//844 851//851 850//850
f 845//845 846//846 852//852
f 845//845 852//852 851//851
f 846//846 847//847 853//853
f 846//846 853//853 852//852
f 847//847 848//848 854//854
f 847//847 854//854 853//853
f 848//848 843//843 849//849
f 848//848 849//849 854//854
f 843//843 845//845 844//844
f 843//843 846//846 845//845
f 843//843 847//847 846//846
f 843//843 848//848 847//847
f 849//849 850//850 851//851
f 849//849 851//851 852//852
f 849//849 852//852 853//853
f 849//849 853//853 854//854
f 855//855 856//856 861//861
f 855//855 861//861 860//860
f 856//856 857//857 862//862
f 856//856 862//862 861//861
f 857//857 858//858 863//863
f 857//857 863//863 862//862
f 858//858 859//859 864//864
f 858//858 864//864 863//863
f 859//859 855//855 860//860
f 859//859 860//860 864//864
f 855//855 857//857 856//856
f 855//855 858//858 857//857
f 855//855 859//859 858//858
f 860//860 861//861 862//862
f 860//860 862//862 863//863
f 860//860 863//863 864//864
f 865//865 866//866 871//871
f 865//865 871//871 870//870
f 866//866 867//867 872//872
f 866//866 872//872 871//871
f 867//867 868//868 873//873
f 867//867 873//873 872//872
f 868//868 869//869 874//874
f 868//868 874//874 873//873
f 869//869 865//865 870//870
f 869//869 870//870 874//874
f 865//865 867//867 866//866
f 865//865 868//868 867//867
f 865//865 869//869 868//868
f 870//870 871//871 872//872
f 870//870 872//872 873//873
f 870//870 873//873 874//874
f 875//875 876//876 881//881
f 875//875 881//881 880//880
f 876//876 877//877 882//882
f 876//876 882//882 881//881
f 877//877 878//878 883//883
f 877//877 883//883 882//882
f 878//878 879//879 884//884
f 878//878 884//884 883//883
f 879//879 875//875 880//880
f 879//879 880//880 884//884
f 875//875 877//877 876//876
f 875//875 878//878 877//877
f 875//875 879//879 878//878
f 880//880 881//881 882//882
f 880//880 882//882 883//883
f 880//880 883//883 884//884
f 885//885 886//886 892//892
f 885//885 892//892 891//891
f 886//886 887//887 893//893
f 886//886 893//893 892//892
f 887//887 888//888 894//894
f 887//887 894//894 893//893
f 888//888 889//889 895//895
f 888//888 895//895 894//894
f 889//889 890//890 896//896
f 889//889 896//896 895//895
f 890//890 885//885 891//891
f 890//890 891//891 896//896
f 885//885 887//887 886//886
f 885//885 888//888 887//887
f 885//885 889//889 888//888
f 885//885 890//890 889//889
f 891//891 892//892 893//893
f 891//891 893//893 894//894
f 891//891 894//894 895//895
f 891//891 895//895 896//896
f 897//897 898//898 903//903
f 897//897 903//903 902//902
f 898//898 899//899 904//904
f 898//898 904//904 903//903
f 899//899 900//900 905//905
f 899//899 905//905 904//904
f 900//900 901//901 906//906
f 900//900 906//906 905//905
f 901//901 897//897 902//902
f 901//901 902//902 906//906
f 897//897 899//899 898//898
f 897//897 900//900 899//899
f 897//897 901//901 900//900
f 902//902 903//903 904//904
f 902//902 904//904 905//905
f 902//902 905//905 906//906
f 907//907 908//908 913//913
f 907//907 913//913 912//912
f 908//908 909//909 914//914
f 908//908 914//914 913//913
f 909//909 910//910 915//915
f 909//909 915//915 914//914
f 910//910 911//911 916//916
f 910//910 916//916 915//915
f 911//911 907//907 912//912
f 911//911 912//912 916//916
f 907//907 909//909 908//908
f 907//907 910//910 909//909
f 907//907 911//911 910//910
f 912//912 913//913 914//914
f 912//912 914//914 915//915
f 912//912 915//915 916//916
f 917//917 918//918 923//923
f 917//917 923//923 922//922
f 918//918 919//919 924//924
f 918//918 924//924 923//923
f 919//919 920//920 925//925
f 919//919 925//925 924//924
f 920//920 921//921 926//926
f 920//920 926//926 925//925
f 921//921 917//917 922//922
f 921//921 922//922 926//926
f 917//917 919//919 918//918
f 917//917 920//920 919//919
f 917//917 921//921 920//920
f 922//922 923//923 924//924
f 922//922 924//924 925//925
f 922//922 925//925 926//926
f 927//927 928//928 934//934
f 927//927 934//934 933//933
f 928//928 929//929 935//935
f 928//928 935//935 934//934
f 929//929 930//930 936//936
f 929//929 936//936 935//935
f 930//930 931//931 937//937
f 930//930 937//937 936//936
f 931//931 932//932 938//938
f 931//931 938//938 937//937
f 932//932 927//927 933//933
f 932//932 933//933 938//938
f 927//927 929//929 928//928
f 927//927 930//930 929//929
f 927//927 931//931 930//930
f 927//927 932//932 931//931
f 933//933 934//934 935//935
f 933//933 935//935 936//936
f 933//933 936//936 937//937
f 933//933 937//937 938//938
f 939//939 940//940 945//945
f 939//939 945//945 944//944
f 940//940 941//941 946//946
f 940//940 946//946 945//945
f 941//941 942//942 947//947
f 941//941 947//947 946//946
f 942//942 943//943 948//948
f 942//942 948//948 947//947
f 943//943 939//939 944//944
f 943//943 944//944 948//948
f 939//939 941//941 940//940
f 939//939 942//942 941//941
f 939//939 943//943 942//942
f 944//944 945//945 946//946
f 944//944 946//946 947//947
f 944//944 947//947 948//948
f 949//949 950//950 955//955
f 949//949 955//955 954//954
f 950//950 951//951 956//956
f 950//950 956//956 955//955
f 951//951 952//952 957//957
f 951//951 957//957 956//956
f 952//952 953//953 958//958
f 952//952 958//958 957//957
f 953//953 949//949 954//954
f 953//953 954//954 958//958
f 949//949 951//951 950//950
f 949//949 952//952 951//951
f 949//949 953//953 952//952
f 954//954 955//955 956//956
f 954//954 956//956 957//957
f 954//954 957//957 958//958
f 959//959 960//960 965//965
f 959//959 965//965 964//964
f 960//960 961//961 966//966
f 960//960 966//966 965//965
f 961//961 962//962 967//967
f 961//961 967//967 966//966
f 962//962 963//963 968//968
f 962//962 968//968 967//967
f 963//963 959//959 964//964
f 963//963 964//964 968//968
f 959//959 961//961 960//960
f 959//959 962//962 961//961
f 959//959 963//963 962//962
f 964//964 965//965 966//966
f 964//964 966//966 967//967
f 964//964 967//967 968//968
f 969//969 970//970 976//976
f 969//969 976//976 975//975
f 970//970 971//971 977//977
f 970//970 977//977 976//976
f 971//971 972//972 978//978
f 971//971 978//978 977//977
f 972//972 973//973 979//979
f 972//972 979//979 978//978
f 973//973 974//974 980//980
f 973//973 980//980 979//979
f 974//974 969//969 975//975
f 974//974 975//975 980//980
f 969//969 971//971 970//970
f 969//969 972//972 971//971
f 969//969 973//973 972//972
f 969//969 974//974 973//973
f 975//975 976//976 977//977
f 975//975 977//977 978//978
f 975//975 978//978 979//979
f 975//975 979//979 980//980
f 981//981 982//982 987//987
f 981//981 987//987 986//986
f 982//982 983//983 988//988
f 982//982 988//988 987//987
f 983//983 984//984 989//989
f 983//983 989//989 988//988
f 984//984 985//985 990//990
f 984//984 990//990 989//989
f 985//985 981//981 986//986
f 985//985 986//986 990//990
f 981//981 983//983 982//982
f 981//981 984//984 983//983
f 981//981 985//985 984//984
f 986//986 987//987 988//988
f 986//986 988//988 989//989
f 986//986 989//989 990//990
f 991//991 992//992 997//997
f 991//991 997//997 996//996
f 992//992 993//993 998//998
f 992//992 998//998 997//997
f 993//993 994//994 999//999
f 993//993 999//999 998//998
f 994//994 995//995 1000//1000
f 994//994 1000//1000 999//999
f 995//995 991//991 996//996
f 995//995 996//996 1000//1000
f 991//991 993//993 992//992
f 991//991 994//994 993//993
f 991//991 995//995 994//994
f 996//996 997//997 998//998
f 996//996 998//998 999//999
f 996//996 999//999 1000//1000
f 1001//1001 1002//1002 1007//1007
f 1001//1001 1007//1007 1006//1006
f 1002//1002 1003//1003 1008//1008
f 1002//1002 1008//1008 1007//1007
f 1003//1003 1004//1004 1009//1009
f 1003//1003 1009//1009 1008//1008
f 1004//1004 1005//1005 1010//1010
f 1004//1004 1010//1010 1009//1009
f 1005//1005 1001//1001 1006//1006
f 1005//1005 1006//1006 1010//1010
f 1001//1001 1003//1003 1002//1002
f 1001//1001 1004//1004 1003//1003
f 1001//1001 1005//1005 1004//1004
f 1006//1006 1007//1007 1008//1008
f 1006//1006 1008//1008 1009//1009
f 1006//1006 1009//1009 1010//1010
f 1011//1011 1012//1012 1018//1018
f 1011//1011 1018//1018 1017//1017
f 1012//1012 1013//1013 1019//1019
f 1012//1012 1019//1019 1018//1018
f 1013//1013 1014//1014 1020//1020
f 1013//1013 1020//1020 1019//1019
f 1014//1014 1015//1015 1021//1021
f 1014//1014 1021//1021 1020//1020
f 1015//1015 1016//1016 1022//1022
f 1015//1015 1022//1022 1021//1021
f 1016//1016 1011//1011 1017//1017
f 1016//1016 1017//1017 1022//1022
f 1011//1011 1013//1013 1012//1012
f 1011//1011 1014//1014 1013//1013
f 1011//1011 1015//1015 1014//1014
f 1011//1011 1016//1016 1015//1015
f 1017//1017 1018//1018 1019//1019
f 1017//1017 1019//1019 1020//1020
f 1017//1017 1020//1020 1021//1021
f 1017//1017 1021//1021 1022//1022
f 1023//1023 1024//1024 1029//1029
f 1023//1023 1029//1029 1028//1028
f 1024//1024 1025//1025 1030//1030
f 1024//1024 1030//1030 1029//1029
f 1025//1025 1026//1026 1031//1031
f 1025//1025 1031//1031 1030//1030
f 1026//1026 1027//1027 1032//1032
f 1026//1026 1032//1032 1031//1031
f 1027//1027 1023//1023 1028//1028
f 1027//1027 1028//1028 1032//1032
f 1023//1023 1025//1025 1024//1024
f 1023//1023 1026//1026 1025//1025
f 1023//1023 1027//1027 1026//1026
f 1028//1028 1029//1029 1030//1030
f 1028//1028 1030//1030 1031//1031
f 1028//1028 1031//1031 1032//1032
f 1033//1033 1034//1034 1039//1039
f 1033//1033 1039//1039 1038//1038
f 1034//1034 1035//1035 1040//1040
f 1034//1034 1040//1040 1039//1039
f 1035//1035 1036//1036 1041//1041
f 1035//1035 1041//1041 1040//1040
f 1036//1036 1037//1037 1042//1042
f 1036//1036 1042//1042 1041//1041
f 1037//1037 1033//1033 1038//1038
f 1037//1037 1038//1038 1042//1042
f 1033//1033 1035//1035 1034//1034
f 1033//1033 1036//1036 1035//1035
f 1033//1033 1037//1037 1036//1036
f 1038//1038 1039//1039 1040//1040
f 1038//1038 1040//1040 1041//1041
f 1038//1038 1041//1041 1042//1042
f 1043//1043 1044//1044 1049//1049
f 1043//1043 1049//1049 1048//1048
f 1044//1044 1045//1045 1050//1050
f 1044//1044 1050//1050 1049//1049
f 1045//1045 1046//1046 1051//1051
f 1045//1045 1051//1051 1050//1050
f 1046//1046 1047//1047 1052//1052
f 1046//1046 1052//1052 1051//1051
f 1047//1047 1043//1043 1048//1048
f 1047//1047 1048//1048 1052//1052
f 1043//1043 1045//1045 1044//1044
f 1043//1043 1046//1046 1045//1045
f 1043//1043 1047//1047 1046//1046
f 1048//1048 1049//1049 1050//1050
f 1048//1048 1050//1050 1051//1051
f 1048//1048 1051//1051 1052//1052
f 1053//1053 1054//1054 1060//1060
f 1053//1053 1060//1060 1059//1059
f 1054//1054 1055//1055 1061//1061
f 1054//1054 1061//1061 1060//1060
f 1055//1055 1056//1056 1062//1062
f 1055//1055 1062//1062 1061//1061
f 1056//1056 1057//1057 1063//1063
f 1056//1056 1063//1063 1062//1062
f 1057//1057 1058//1058 1064//1064
f 1057//1057 1064//1064 1063//1063
f 1058//1058 1053//1053 1059//1059
f 1058//1058 1059//1059 1064//1064
f 1053//1053 1055//1055 1054//1054
f 1053//1053 1056//1056 1055//1055
f 1053//1053 1057//1057 1056//1056
f 1053//1053 1058//1058 1057//1057
f 1059//1059 1060//1060 1061//1061
f 1059//1059 1061//1061 1062//1062
f 1059//1059 1062//1062 1063//1063
f 1059//1059 1063//1063 1064//1064
f 1065//1065 1066//1066 1071//1071
f 1065//1065 1071//1071 1070//1070
f 1066//1066 1067//1067 1072//1072
f 1066//1066 1072//1072 1071//1071
f 1067//1067 1068//1068 1073//1073
f 1067//1067 1073//1073 1072//1072
f 1068//1068 1069//1069 1074//1074
f 1068//1068 1074//1074 1073//1073
f 1069//1069 1065//1065 1070//1070
f 1069//1069 1070//1070 1074//1074
f 1065//1065 1067//1067 1066//1066
f 1065//1065 1068//1068 1067//1067
f 1065//1065 1069//1069 1068//1068
f 1070//1070 1071//1071 1072//1072
f 1070//1070 1072//1072 1073//1073
f 1070//1070 1073//1073 1074//1074
f 1075//1075 1076//1076 1081//1081
f 1075//1075 1081//1081 1080//1080
f 1076//1076 1077//1077 1082//1082
f 1076//1076 1082//1082 1081//1081
f 1077//1077 1078//1078 1083//1083
f 1077//1077 1083//1083 1082//1082
f 1078//1078 1079//1079 1084//1084
f 1078//1078 1084//1084 1083//1083
f 1079//1079 1075//1075 1080//1080
f 1079//1079 1080//1080 1084//1084
f 1075//1075 1077//1077 1076//1076
f 1075//1075 1078//1078 1077//1077
f 1075//1075 1079//1079 1078//1078
f 1080//1080 1081//1081 1082//1082
f 1080//1080 1082//1082 1083//1083
f 1080//1080 1083//1083 1084//1084
f 1085//1085 1086//1086 1091//1091
f 1085//1085 1091//1091 1090//1090
f 1086//1086 1087//1087 1092//1092
f 1086//1086 1092//1092 1091//1091
f 1087//1087 1088//1088 1093//1093
f 1087//1087 1093//1093 1092//1092
f 1088//1088 1089//1089 1094//1094
f 1088//1088 1094//1094 1093//1093
f 1089//1089 1085//1085 1090//1090
f 1089//1089 1090//1090 1094//1094
f 1085//1085 1087//1087 1086//1086
f 1085//1085 1088//1088 1087//1087
f 1085//1085 1089//1089 1088//1088
f 1090//1090 1091//1091 1092//1092
f 1090//1090 1092//1092 1093//1093
f 1090//1090 1093//1093 1094//1094
f 1095//1095 1096//1096 1102//1102
f 1095//1095 1102//1102 1101//1101
f 1096//1096 1097//1097 1103//1103
f 1096//1096 1103//1103 1102//1102
f 1097//1097 1098//1098 1104//1104
f 1097//1097 1104//1104 1103//1103
f 1098//1098 1099//1099 1105//1105
f 1098//1098 1105//1105 1104//1104
f 1099//1099 1100//1100 1106//1106
f 1099//1099 1106//1106 1105//1105
f 1100//1100 1095//1095 1101//1101
f 1100//1100 1101//1101 1106//1106
f 1095//1095 1097//1097 1096//1096
f 1095//1095 1098//1098 1097//1097
f 1095//1095 1099//1099 1098//1098
f 1095//1095 1100//1100 1099//1099
f 1101//1101 1102//1102 1103//1103
f 1101//1101 1103//1103 1104//1104
f 1101//1101 1104//1104 1105//1105
f 1101//1101 1105//1105 1106//1106
f 1107//1107 1108//1108 1113//1113
f 1107//1107 1113//1113 1112//1112
f 1108//1108 1109//1109 1114//1114
f 1108//1108 1114//1114 1113//1113
f 1109//1109 1110//1110 1115//1115
f 1109//1109 1115//1115 1114//1114
f 1110//1110 1111//1111 1116//1116
f 1110//1110 1116//1116 1115//1115
f 1111//1111 1107//1107 1112//1112
f 1111//1111 1112//1112 1116//1116
f 1107//1107 1109//1109 1108//1108
f 1107//1107 1110//1110 1109//1109
f 1107//1107 1111//1111 1110//1110
f 1112//1112 1113//1113 1114//1114
f 1112//1112 1114//1114 1115//1115
f 1112//1112 1115//1115 1116//1116
f 1117//1117 1118//1118 1123//1123
f 1117//1117 1123//1123 1122//1122
f 1118//1118 1119//1119 1124//1124
f 1118//1118 1124//1124 1123//1123
f 1119//1119 1120//1120 1125//1125
f 1119//1119 1125//1125 1124//1124
f 1120//1120 1121//1121 1126//1126
f 1120//1120 1126//1126 1125//1125
f 1121//1121 1117//1117 1122//1122
f 1121//1121 1122//1122 1126//1126
f 1117//1117 1119//1119 1118//1118
f 1117//1117 1120//1120 1119//1119
f 1117//1117 1121//1121 1120//1120
f 1122//1122 1123//1123 1124//1124
f 1122//1122 1124//1124 1125//1125
f 1122//1122 1125//1125 1126//1126
f 1127//1127 1128//1128 1133//1133
f 1127//1127 1133//1133 1132//1132
f 1128//1128 1129//1129 1134//1134
f 1128//1128 1134//1134 1133//1133
f 1129//1129 1130//1130 1135//1135
f 1129//1129 1135//1135 1134//1134
f 1130//1130 1131//1131 1136//1136
f 1130//1130 1136//1136 1135//1135
f 1131//1131 1127//1127 1132//1132
f 1131//1131 1132//1132 1136//1136
f 1127//1127 1129//1129 1128//1128
f 1127//1127 1130//1130 1129//1129
f 1127//1127 1131//1131 1130//1130
f 1132//1132 1133//1133 1134//1134
f 1132//1132 1134//1134 1135//1135
f 1132//1132 1135//1135 1136//1136
f 1137//1137 1138//1138 1144//1144
f 1137//1137 1144//1144 1143//1143
f 1138//1138 1139//1139 1145//1145
f 1138//1138 1145//1145 1144//1144
f 1139//1139 1140//1140 1146//1146
f 1139//1139 1146//1146 1145//1145
f 1140//1140 1141//1141 1147//1147
f 1140//1140 1147//1147 1146//1146
f 1141//1141 1142//1142 1148//1148
f 1141//1141 1148//1148 1147//1147
f 1142//1142 1137//1137 1143//1143
f 1142//1142 1143//1143 1148//1148
f 1137//1137 1139//1139 1138//1138
f 1137//1137 1140//1140 1139//1139
f 1137//1137 1141//1141 1140//1140
f 1137//1137 1142//1142 1141//1141
f 1143//1143 1144//1144 1145//1145
f 1143//1143 1145//1145 1146//1146
f 1143//1143 1146//1146 1147//1147
f 1143//1143 1147//1147 1148//1148
f 1149//1149 1150//1150 1155//1155
f 1149//1149 1155//1155 1154//1154
f 1150//1150 1151//1151 1156//1156
f 1150//1150 1156//1156 1155//1155
f 1151//1151 1152//1152 1157//1157
f 1151//1151 1157//1157 1156//1156
f 1152//1152 1153//1153 1158//1158
f 1152//1152 1158//1158 1157//1157
f 1153//1153 1149//1149 1154//1154
f 1153//1153 1154//1154 1158//1158
f 1149//1149 1151//1151 1150//1150
f 1149//1149 1152//1152 1151//1151
f 1149//1149 1153//1153 1152//1152
f 1154//1154 1155//1155 1156//1156
f 1154//1154 1156//1156 1157//1157
f 1154//1154 1157//1157 1158//1158
f 1159//1159 1160//1160 1165//1165
f 1159//1159 1165//1165 1164//1164
f 1160//1160 1161//1161 1166//1166
f 1160//1160 1166//1166 1165//1165
f 1161//1161 1162//1162 1167//1167
f 1161//1161 1167//1167 1166//1166
f 1162//1162 1163//1163 1168//1168
f 1162//1162 1168//1168 1167//1167
f 1163//1163 1159//1159 1164//1164
f 1163//1163 1164//1164 1168//1168
f 1159//1159 1161//1161 1160//1160
f 1159//1159 1162//1162 1161//1161
f 1159//1159 1163//1163 1162//1162
f 1164//1164 1165//1165 1166//1166
f 1164//1164 1166//1166 1167//1167
f 1164//1164 1167//1167 1168//1168
f 1169//1169 1170//1170 1176//1176
f 1169//1169 1176//1176 1175//1175
f 1170//1170 1171//1171 1177//1177
f 1170//1170 1177//1177 1176//1176
f 1171//1171 1172//1172 1178//1178
f 1171//1171 1178//1178 1177//1177
f 1172//1172 1173//1173 1179//1179
f 1172//1172 1179//1179 1178//1178
f 1173//1173 1174//1174 1180//1180
f 1173//1173 1180//1180 1179//1179
f 1174//1174 1169//1169 1175//1175
f 1174//1174 1175//1175 1180//1180
f 1169//1169 1171//1171 1170//1170
f 1169//1169 1172//1172 1171//1171
f 1169//1169 1173//1173 1172//1172
f 1169//1169 1174//1174 1173//1173
f 1175//1175 1176//1176 1177//1177
f 1175//1175 1177//1177 1178//1178
f 1175//1175 1178//1178 1179//1179
f 1175//1175 1179//1179 1180//1180
f 1181//1181 1182//1182 1187//1187
f 1181//1181 1187//1187 1186//1186
f 1182//1182 1183//1183 1188//1188
f 1182//1182 1188//1188 1187//1187
f 1183//1183 1184//1184 1189//1189
f 1183//1183 1189//1189 1188//1188
f 1184//1184 1185//1185 1190//1190
f 1184//1184 1190//1190 1189//1189
f 1185//1185 1181//1181 1186//1186
f 1185//1185 1186//1186 1190//1190
f 1181//1181 1183//1183 1182//1182
f 1181//1181 1184//1184 1183//1183
f 1181//1181 1185//1185 1184//1184
f 1186//1186 1187//1187 1188//1188
f 1186//1186 1188//1188 1189//1189
f 1186//1186 1189//1189 1190//1190
f 1191//1191 1192//1192 1197//1197
f 1191//1191 1197//1197 1196//1196
f 1192//1192 1193//1193 1198//1198
f 1192//1192 1198//1198 1197//1197
f 1193//1193 1194//1194 1199//1199
f 1193//1193 1199//1199 1198//1198
f 1194//1194 1195//1195 1200//1200
f 1194//1194 1200//1200 1199//1199
f 1195//1195 1191//1191 1196//1196
f 1195//1195 1196//1196 1200//1200
f 1191//1191 1193//1193 1192//1192
f 1191//1191 1194//1194 1193//1193
f 1191//1191 1195//1195 1194//1194
f 1196//1196 1197//1197 1198//1198
f 1196//1196 1198//1198 1199//1199
f 1196//1196 1199//1199 1200//1200
f 1201//1201 1202//1202 1207//1207
f 1201//1201 1207//1207 1206//1206
f 1202//1202 1203//1203 1208//1208
f 1202//1202 1208//1208 1207//1207
f 1203//1203 1204//1204 1209//1209
f 1203//1203 1209//1209 1208//1208
f 1204//1204 1205//1205 1210//1210
f 1204//1204 1210//1210 1209//1209
f 1205//1205 1201//1201 1206//1206
f 1205//1205 1206//1206 1210//1210
f 1201//1201 1203//1203 1202//1202
f 1201//1201 1204//1204 1203//1203
f 1201//1201 1205//1205 1204//1204
f 1206//1206 1207//1207 1208//1208
f 1206//1206 1208//1208 1209//1209
f 1206//1206 1209//1209 1210//1210
f 1211//1211 1212//1212 1218//1218
f 1211//1211 1218//1218 1217//1217
f 1212//1212 1213//1213 1219//1219
f 1212//1212 1219//1219 1218//1218
f 1213//1213 1214//1214 1220//1220
f 1213//1213 1220//1220 1219//1219
f 1214//1214 1215//1215 1221//1221
f 1214//1214 1221//1221 1220//1220
f 1215//1215 1216//1216 1222//1222
f 1215//1215 1222//1222 1221//1221
f 1216//1216 1211//1211 1217//1217
f 1216//1216 1217//1217 1222//1222
f 1211//1211 1213//1213 1212//1212
f 1211//1211 1214//1214 1213//1213
f 1211//1211 1215//1215 1214//1214
f 1211//1211 1216//1216 1215//1215
f 1217//1217 1218//1218 1219//1219
f 1217//1217 1219//1219 1220//1220
f 1217//1217 1220//1220 1221//1221
f 1217//1217 1221//1221 1222//1222
f 1223//1223 1224//1224 1229//1229
f 1223//1223 1229//1229 1228//1228
f 1224//1224 1225//1225 1230//1230
f 1224//1224 1230//1230 1229//1229
f 1225//1225 1226//1226 1231//1231
f 1225//1225 1231//1231 1230//1230
f 1226//1226 1227//1227 1232//1232
f 1226//1226 1232//1232 1231//1231
f 1227//1227 1223//1223 1228//1228
f 1227//1227 1228//1228 1232//1232
f 1223//1223 1225//1225 1224//1224
f 1223//1223 1226//1226 1225//1225
f 1223//1223 1227//1227 1226//1226
f 1228//1228 1229//1229 1230//1230
f 1228//1228 1230//1230 1231//1231
f 1228//1228 1231//1231 1232//1232
f 1233//1233 1234//1234 1239//1239
f 1233//1233 1239//1239 1238//1238
f 1234//1234 1235//1235 1240//1240
f 1234//1234 1240//1240 1239//1239
f 1235//1235 1236//1236 1241//1241
f 1235//1235 1241//1241 1240//1240
f 1236//1236 1237//1237 1242//1242
f 1236//1236 1242//1242 1241//1241
f 1237//1237 1233//1233 1238//1238
f 1237//1237 1238//1238 1242//1242
f 1233//1233 1235//1235 1234//1234
f 1233//1233 1236//1236 1235//1235
f 1233//1233 1237//1237 1236//1236
f 1238//1238 1239//1239 1240//1240
f 1238//1238 1240//1240 1241//1241
f 1238//1238 1241//1241 1242//1242
f 1243//1243 1244//1244 1249//1249
f 1243//1243 1249//1249 1248//1248
f 1244//1244 1245//1245 1250//1250
f 1244//1244 1250//1250 1249//1249
f 1245//1245 1246//1246 1251//1251
f 1245//1245 1251//1251 1250//1250
f 1246//1246 1247//1247 1252//1252
f 1246//1246 1252//1252 1251//1251
f 1247//1247 1243//1243 1248//1248
f 1247//1247 1248//1248 1252//1252
f 1243//1243 1245//1245 1244//1244
f 1243//1243 1246//1246 1245//1245
f 1243//1243 1247//1247 1246//1246
f 1248//1248 1249//1249 1250//1250
f 1248//1248 1250//1250 1251//1251
f 1248//1248 1251//1251 1252//1252
f 1253//1253 1254//1254 1260//1260
f 1253//1253 1260//1260 1259//1259
f 1254//1254 1255//1255 1261//1261
f 1254//1254 1261//1261 1260//1260
f 1255//1255 1256//1256 1262//1262
f 1255//1255 1262//1262 1261//1261
f 1256//1256 1257//1257 1263//1263
f 1256//1256 1263//1263 1262//1262
f 1257//1257 1258//1258 1264//1264
f 1257//1257 1264//1264 1263//1263
f 1258//1258 1253//1253 1259//1259
f 1258//1258 1259//1259 1264//1264
f 1253//1253 1255//1255 1254//1254
f 1253//1253 1256//1256 1255//1255
f 1253//1253 1257//1257 1256//1256
f 1253//1253 1258//1258 1257//1257
f 1259//1259 1260//1260 1261//1261
f 1259//1259 1261//1261 1262//1262
f 1259//1259 1262//1262 1263//1263
f 1259//1259 1263//1263 1264//1264
f 1265//1265 1266//1266 1271//1271
f 1265//1265 1271//1271 1270//1270
f 1266//1266 1267//1267 1272//1272
f 1266//1266 1272//1272 1271//1271
f 1267//1267 1268//1268 1273//1273
f 1267//1267 1273//1273 1272//1272
f 1268//1268 1269//1269 1274//1274
f 1268//1268 1274//1274 1273//1273
f 1269//1269 1265//1265 1270//1270
f 1269//1269 1270//1270 1274//1274
f 1265//1265 1267//1267 1266//1266
f 1265//1265 1268//1268 1267//1267
f 1265//1265 1269//1269 1268//1268
f 1270//1270 1271//1271 1272//1272
f 1270//1270 1272//1272 1273//1273
f 1270//1270 1273//1273 1274//1274
f 1275//1275 1276//1276 1281//1281
f 1275//1275 1281//1281 1280//1280
f 1276//1276 1277//1277 1282//1282
f 1276//1276 1282//1282 1281//1281
f 1277//1277 1278//1278 1283//1283
f 1277//1277 1283//1283 1282//1282
f 1278//1278 1279//1279 1284//1284
f 1278//1278 1284//1284 1283//1283
f 1279//1279 1275//1275 1280//1280
f 1279//1279 1280//1280 1284//1284
f 1275//1275 1277//1277 1276//1276
f 1275//1275 1278//1278 1277//1277
f 1275//1275 1279//1279 1278//1278
f 1280//1280 1281//1281 1282//1282
f 1280//1280 1282//1282 1283//1283
f 1280//1280 1283//1283 1284//1284
f 1285//1285 1286//1286 1291//1291
f 1285//1285 1291//1291 1290//1290
f 1286//1286 1287//1287 1292//1292
f 1286//1286 1292//1292 1291//1291
f 1287//1287 1288//1288 1293//1293
f 1287//1287 1293//1293 1292//1292
f 1288//1288 1289//1289 1294//1294
f 1288//1288 1294//1294 1293//1293
f 1289//1289 1285//1285 1290//1290
f 1289//1289 1290//1290 1294//1294
f 1285//1285 1287//1287 1286//1286
f 1285//1285 1288//1288 1287//1287
f 1285//1285 1289//1289 1288//1288
f 1290//1290 1291//1291 1292//1292
f 1290//1290 1292//1292 1293//1293
f 1290//1290 1293//1293 1294//1294
f 1295//1295 1296//1296 1302//1302
f 1295//1295 1302//1302 1301//1301
f 1296//1296 1297//1297 1303//1303
f 1296//1296 1303//1303 1302//1302
f 1297//1297 1298//1298 1304//1304
f 1297//1297 1304//1304 1303//1303
f 1298//1298 1299//1299 1305//1305
f 1298//1298 1305//1305 1304//1304
f 1299//1299 1300//1300 1306//1306
f 1299//1299 1306//1306 1305//1305
f 1300//1300 1295//1295 1301//1301
f 1300//1300 1301//1301 1306//1306
f 1295//1295 1297//1297 1296//1296
f 1295//1295 1298//1298 1297//1297
f 1295//1295 1299//1299 1298//1298
f 1295//1295 1300//1300 1299//1299
f 1301//1301 1302//1302 1303//1303
f 1301//1301 1303//1303 1304//1304
f 1301//1301 1304//1304 1305//1305
f 1301//1301 1305//1305 1306//1306
f 1307//1307 1308//1308 1313//1313
f 1307//1307 1313//1313 1312//1312
f 1308//1308 1309//1309 1314//1314
f 1308//1308 1314//1314 1313//1313
f 1309//1309 1310//1310 1315//1315
f 1309//1309 1315//1315 1314//1314
f 1310//1310 1311//1311 1316//1316
f 1310//1310 1316//1316 1315//1315
f 1311//1311 1307//1307 1312//1312
f 1311//1311 1312//1312 1316//1316
f 1307//1307 1309//1309 1308//1308
f 1307//1307 1310//1310 1309//1309
f 1307//1307 1311//1311 1310//1310
f 1312//1312 1313//1313 1314//1314
f 1312//1312 1314//1314 1315//1315
f 1312//1312 1315//1315 1316//1316
f 1317//1317 1318//1318 1323//1323
f 1317//1317 1323//1323 1322//1322
f 1318//1318 1319//1319 1324//1324
f 1318//1318 1324//1324 1323//1323
f 1319//1319 1320//1320 1325//1325
f 1319//1319 1325//1325 1324//1324
f 1320//1320 1321//1321 1326//1326
f 1320//1320 1326//1326 1325//1325
f 1321//1321 1317//1317 1322//1322
f 1321//1321 1322//1322 1326//1326
f 1317//1317 1319//1319 1318//1318
f 1317//1317 1320//1320 1319//1319
f 1317//1317 1321//1321 1320//1320
f 1322//1322 1323//1323 1324//1324
f 1322//1322 1324//1324 1325//1325
f 1322//1322 1325//1325 1326//1326
f 1327//1327 1328//1328 1333//1333
f 1327//1327 1333//1333 1332//1332
f 1328//1328 1329//1329 1334//1334
f 1328//1328 1334//1334 1333//1333
f 1329//1329 1330//1330 1335//1335
f 1329//1329 1335//1335 1334//1334
f 1330//1330 1331//1331 1336//1336
f 1330//1330 1336//1336 1335//1335
f 1331//1331 1327//1327 1332//1332
f 1331//1331 1332//1332 1336//1336
f 1327//1327 1329//1329 1328//1328
f 1327//1327 1330//1330 1329//1329
f 1327//1327 1331//1331 1330//1330
f 1332//1332 1333//1333 1334//1334
f 1332//1332 1334//1334 1335//1335
f 1332//1332 1335//1335 1336//1336
f 1337//1337 1338//1338 1344//1344
f 1337//1337 1344//1344 1343//1343
f 1338//1338 1339//1339 1345//1345
f 1338//1338 1345//1345 1344//1344
f 1339//1339 1340//1340 1346//1346
f 1339//1339 1346//1346 1345//1345
f 1340//1340 1341//1341 1347//1347
f 1340//1340 1347//1347 1346//1346
f 1341//1341 1342//1342 1348//1348
f 1341//1341 1348//1348 1347//1347
f 1342//1342 1337//1337 1343//1343
f 1342//1342 1343//1343 1348//1348
f 1337//1337 1339//1339 1338//1338
f 1337//1337 1340//1340 1339//1339
f 1337//1337 1341//1341 1340//1340
f 1337//1337 1342//1342 1341//1341
f 1343//1343 1344//1344 1345//1345
f 1343//1343 1345//1345 1346//1346
f 1343//1343 1346//1346 1347//1347
f 1343//1343 1347//1347 1348//1348
f 1349//1349 1350//1350 1355//1355
f 1349//1349 1355//1355 1354//1354
f 1350//1350 1351//1351 1356//1356
f 1350//1350 1356//1356 1355//1355
f 1351//1351 1352//1352 1357//1357
f 1351//1351 1357//1357 1356//1356
f 1352//1352 1353//1353 1358//1358
f 1352//1352 1358//1358 1357//1357
f 1353//1353 1349//1349 1354//1354
f 1353//1353 1354//1354 1358//1358
f 1349//1349 1351//1351 1350//1350
f 1349//1349 1352//1352 1351//1351
f 1349//1349 1353//1353 1352//1352
f 1354//1354 1355//1355 1356//1356
f 1354//1354 1356//1356 1357//1357
f 1354//1354 1357//1357 1358//1358
f 1359//1359 1360//1360 1365//1365
f 1359//1359 1365//1365 1364//1364
f 1360//1360 1361//1361 1366//1366
f 1360//1360 1366//1366 1365//1365
f 1361//1361 1362//1362 1367//1367
f 1361//1361 1367//1367 1366//1366
f 1362//1362 1363//1363 1368//1368
f 1362//1362 1368//1368 1367//1367
f 1363//1363 1359//1359 1364//1364
f 1363//1363 1364//1364 1368//1368
f 1359//1359 1361//1361 1360//1360
f 1359//1359 1362//1362 1361//1361
f 1359//1359 1363//1363 1362//1362
f 1364//1364 1365//1365 1366//1366
f 1364//1364 1366//1366 1367//1367
f 1364//1364 1367//1367 1368//1368
f 1369//1369 1370//1370 1375//1375
f 1369//1369 1375//1375 1374//1374
f 1370//1370 1371//1371 1376//1376
f 1370//1370 1376//1376 1375//1375
f 1371//1371 1372//1372 1377//1377
f 1371//1371 1377//1377 1376//1376
f 1372//1372 1373//1373 1378//1378
f 1372//1372 1378//1378 1377//1377
f 1373//1373 1369//1369 1374//1374
f 1373//1373 1374//1374 1378//1378
f 1369//1369 1371//1371 1370//1370
f 1369//1369 1372//1372 1371//1371
f 1369//1369 1373//1373 1372//1372
f 1374//1374 1375//1375 1376//1376
f 1374//1374 1376//1376 1377//1377
f 1374//1374 1377//1377 1378//1378
f 1379//1379 1380//1380 1386//1386
f 1379//1379 1386//1386 1385//1385
f 1380//1380 1381//1381 1387//1387
f 1380//1380 1387//1387 1386//1386
f 1381//1381 1382//1382 1388//1388
f 1381//1381 1388//1388 1387//1387
f 1382//1382 1383//1383 1389//1389
f 1382//1382 1389//1389 1388//1388
f 1383//1383 1384//1384 1390//1390
f 1383//1383 1390//1390 1389//1389
f 1384//1384 1379//1379 1385//1385
f 1384//1384 1385//1385 1390//1390
f 1379//1379 1381//1381 1380//1380
f 1379//1379 1382//1382 1381//1381
f 1379//1379 1383//1383 1382//1382
f 1379//1379 1384//1384 1383//1383
f 1385//1385 1386//1386 1387//1387
f 1385//1385 1387//1387 1388//1388
f 1385//1385 1388//1388 1389//1389
f 1385//1385 1389//1389 1390//1390
f 1391//1391 1392//1392 1397//1397
f 1391//1391 1397//1397 1396//1396
f 1392//1392 1393//1393 1398//1398
f 1392//1392 1398//1398 1397//1397
f 1393//1393 1394//1394 1399//1399
f 1393//1393 1399//1399 1398//1398
f 1394//1394 1395//1395 1400//1400
f 1394//1394 1400//1400 1399//1399
f 1395//1395 1391//1391 1396//1396
f 1395//1395 1396//1396 1400//1400
f 1391//1391 1393//1393 1392//1392
f 1391//1391 1394//1394 1393//1393
f 1391//1391 1395//1395 1394//1394
f 1396//1396 1397//1397 1398//1398
f 1396//1396 1398//1398 1399//1399
f 1396//1396 1399//1399 1400//1400
f 1401//1401 1402//1402 1407//1407
f 1401//1401 1407//1407 1406//1406
f 1402//1402 1403//1403 1408//1408
f 1402//1402 1408//1408 1407//1407
f 1403//1403 1404//1404 1409//1409
f 1403//1403 1409//1409 1408//1408
f 1404//1404 1405//1405 1410//1410
f 1404//1404 1410//1410 1409//1409
f 1405//1405 1401//1401 1406//1406
f 1405//1405 1406//1406 1410//1410
f 1401//1401 1403//1403 1402//1402
f 1401//1401 1404//1404 1403//1403
f 1401//1401 1405//1405 1404//1404
f 1406//1406 1407//1407 1408//1408
f 1406//1406 1408//1408 1409//1409
f 1406//1406 1409//1409 1410//1410
f 1411//1411 1412//1412 1417//1417
f 1411//1411 1417//1417 1416//1416
f 1412//1412 1413//1413 1418//1418
f 1412//1412 1418//1418 1417//1417
f 1413//1413 1414//1414 1419//1419
f 1413//1413 1419//1419 1418//1418
f 1414//1414 1415//1415 1420//1420
f 1414//1414 1420//1420 1419//1419
f 1415//1415 1411//1411 1416//1416
f 1415//1415 1416//1416 1420//1420
f 1411//1411 1413//1413 1412//1412
f 1411//1411 1414//1414 1413//1413
f 1411//1411 1415//1415 1414//1414
f 1416//1416 1417//1417 1418//1418
f 1416//1416 1418//1418 1419//1419
f 1416//1416 1419//1419 1420//1420
f 1421//1421 1422//1422 1428//1428
f 1421//1421 1428//1428 1427//1427
f 1422//1422 1423//1423 1429//1429
f 1422//1422 1429//1429 1428//1428
f 1423//1423 1424//1424 1430//1430
f 1423//1423 1430//1430 1429//1429
f 1424//1424 1425//1425 1431//1431
f 1424//1424 1431//1431 1430//1430
f 1425//1425 1426//1426 1432//1432
f 1425//1425 1432//1432 1431//1431
f 1426//1426 1421//1421 1427//1427
f 1426//1426 1427//1427 1432//1432
f 1421//1421 1423//1423 1422//1422
f 1421//1421 1424//1424 1423//1423
f 1421//1421 1425//1425 1424//1424
f 1421//1421 1426//1426 1425//1425
f 1427//1427 1428//1428 1429//1429
f 1427//1427 1429//1429 1430//1430
f 1427//1427 1430//1430 1431//1431
f 1427//1427 1431//1431 1432//1432
f 1433//1433 1434//1434 1439//1439
f 1433//1433 1439//1439 1438//1438
f 1434//1434 1435//1435 1440//1440
f 1434//1434 1440//1440 1439//1439
f 1435//1435 1436//1436 1441//1441
f 1435//1435 1441//1441 1440//1440
f 1436//1436 1437//1437 1442//1442
f 1436//1436 1442//1442 1441//1441
f 1437//1437 1433//1433 1438//1438
f 1437//1437 1438//1438 1442//1442
f 1433//1433 1435//1435 1434//1434
f 1433//1433 1436//1436 1435//1435
f 1433//1433 1437//1437 1436//1436
f 1438//1438 1439//1439 1440//1440
f 1438//1438 1440//1440 1441//1441
f 1438//1438 1441//1441 1442//1442
f 1443//1443 1444//1444 1449//1449
f 1443//1443 1449//1449 1448//1448
f 1444//1444 1445//1445 1450//1450
f 1444//1444 1450//1450 1449//1449
f 1445//1445 1446//1446 1451//1451
f 1445//1445 1451//1451 1450//1450
f 1446//1446 1447//1447 1452//1452
f 1446//1446 1452//1452 1451//1451
f 1447//1447 1443//1443 1448//1448
f 1447//1447 1448//1448 1452//1452
f 1443//1443 1445//1445 1444//1444
f 1443//1443 1446//1446 1445//1445
f 1443//1443 1447//1447 1446//1446
f 1448//1448 1449//1449 1450//1450
f 1448//1448 1450//1450 1451//1451
f 1448//1448 1451//1451 1452//1452
f 1453//1453 1454//1454 1459//1459
f 1453//1453 1459//1459 1458//1458
f 1454//1454 1455//1455 1460//1460
f 1454//1454 1460//1460 1459//1459
f 1455//1455 1456//1456 1461//1461
f 1455//1455 1461//1461 1460//1460
f 1456//1456 1457//1457 1462//1462
f 1456//1456 1462//1462 1461//1461
f 1457//1457 1453//1453 1458//1458
f 1457//1457 1458//1458 1462//1462
f 1453//1453 1455//1455 1454//1454
f 1453//1453 1456//1456 1455//1455
f 1453//1453 1457//1457 1456//1456
f 1458//1458 1459//1459 1460//1460
f 1458//1458 1460//1460 1461//1461
f 1458//1458 1461//1461 1462//1462
f 1463//1463 1464//1464 1470//1470
f 1463//1463 1470//1470 1469//1469
f 1464//1464 1465//1465 1471//1471
f 1464//1464 1471//1471 1470//1470
f 1465//1465 1466//1466 1472//1472
f 1465//1465 1472//1472 1471//1471
f 1466//1466 1467//1467 1473//1473
f 1466//1466 1473//1473 1472//1472
f 1467//1467 1468//1468 1474//1474
f 1467//1467 1474//1474 1473//1473
f 1468//1468 1463//1463 1469//1469
f 1468//1468 1469//1469 1474//1474
f 1463//1463 1465//1465 1464//1464
f 1463//1463 1466//1466 1465//1465
f 1463//1463 1467//1467 1466//1466
f 1463//1463 1468//1468 1467//1467
f 1469//1469 1470//1470 1471//1471
f 1469//1469 1471//1471 1472//1472
f 1469//1469 1472//1472 1473//1473
f 1469//1469 1473//1473 1474//1474
f 1475//1475 1476//1476 1481//1481
f 1475//1475 1481//1481 1480//1480
f 1476//1476 1477//1477 1482//1482
f 1476//1476 1482//1482 1481//1481
f 1477//1477 1478//1478 1483//1483
f 1477//1477 1483//1483 1482//1482
f 1478//1478 1479//1479 1484//1484
f 1478//1478 1484//1484 1483//1483
f 1479//1479 1475//1475 1480//1480
f 1479//1479 1480//1480 1484//1484
f 1475//1475 1477//1477 1476//1476
f 1475//1475 1478//1478 1477//1477
f 1475//1475 1479//1479 1478//1478
f 1480//1480 1481//1481 1482//1482
f 1480//1480 1482//1482 1483//1483
f 1480//1480 1483//1483 1484//1484
f 1485//1485 1486//1486 1491//1491
f 1485//1485 1491//1491 1490//1490
f 1486//1486 1487//1487 1492//1492
f 1486//1486 1492//1492 1491//1491
f 1487//1487 1488//1488 1493//1493
f 1487//1487 1493//1493 1492//1492
f 1488//1488 1489//1489 1494//1494
f 1488//1488 1494//1494 1493//1493
f 1489//1489 1485//1485 1490//1490
f 1489//1489 1490//1490 1494//1494
f 1485//1485 1487//1487 1486//1486
f 1485//1485 1488//1488 1487//1487
f 1485//1485 1489//1489 1488//1488
f 1490//1490 1491//1491 1492//1492
f 1490//1490 1492//1492 1493//1493
f 1490//1490 1493//1493 1494//1494
f 1495//1495 1496//1496 1501//1501
f 1495//1495 1501//1501 1500//1500
f 1496//1496 1497//1497 1502//1502
f 1496//1496 1502//1502 1501//1501
f 1497//1497 1498//1498 1503//1503
f 1497//1497 1503//1503 1502//1502
f 1498//1498 1499//1499 1504//1504
f 1498//1498 1504//1504 1503//1503
f 1499//1499 1495//1495 1500//1500
f 1499//1499 1500//1500 1504//1504
f 1495//1495 1497//1497 1496//1496
f 1495//1495 1498//1498 1497//1497
f 1495//1495 1499//1499 1498//1498
f 1500//1500 1501//1501 1502//1502
f 1500//1500 1502//1502 1503//1503
f 1500//1500 1503//1503 1504//1504
f 1505//1505 1506//1506 1512//1512
f 1505//1505 1512//1512 1511//1511
f 1506//1506 1507//1507 1513//1513
f 1506//1506 1513//1513 1512//1512
f 1507//1507 1508//1508 1514//1514
f 1507//1507 1514//1514 1513//1513
f 1508//1508 1509//1509 1515//1515
f 1508//1508 1515//1515 1514//1514
f 1509//1509 1510//1510 1516//1516
f 1509//1509 1516//1516 1515//1515
f 1510//1510 1505//1505 1511//1511
f 1510//1510 1511//1511 1516//1516
f 1505//1505 1507//1507 1506//1506
f 1505//1505 1508//1508 1507//1507
f 1505//1505 1509//1509 1508//1508
f 1505//1505 1510//1510 1509//1509
f 1511//1511 1512//1512 1513//1513
f 1511//1511 1513//1513 1514//1514
f 1511//1511 1514//1514 1515//1515
f 1511//1511 1515//1515 1516//1516
f 1517//1517 1518//1518 1523//1523
f 1517//1517 1523//1523 1522//1522
f 1518//1518 1519//1519 1524//1524
f 1518//1518 1524//1524 1523//1523
f 1519//1519 1520//1520 1525//1525
f 1519//1519 1525//1525 1524//1524
f 1520//1520 1521//1521 1526//1526
f 1520//1520 1526//1526 1525//1525
f 1521//1521 1517//1517 1522//1522
f 1521//1521 1522//1522 1526//1526
f 1517//1517 1519//1519 1518//1518
f 1517//1517 1520//1520 1519//1519
f 1517//1517 1521//1521 1520//1520
f 1522//1522 1523//1523 1524//1524
f 1522//1522 1524//1524 1525//1525
f 1522//1522 1525//1525 1526//1526
f 1527//1527 1528//1528 1533//1533
f 1527//1527 1533//1533 1532//1532
f 1528//1528 1529//1529 1534//1534
f 1528//1528 1534//1534 1533//1533
f 1529//1529 1530//1530 1535//1535
f 1529//1529 1535//1535 1534//1534
f 1530//1530 1531//1531 1536//1536
f 1530//1530 1536//1536 1535//1535
f 1531//1531 1527//1527 1532//1532
f 1531//1531 1532//1532 1536//1536
f 1527//1527 1529//1529 1528//1528
f 1527//1527 1530//1530 1529//1529
f 1527//1527 1531//1531 1530//1530
f 1532//1532 1533//1533 1534//1534
f 1532//1532 1534//1534 1535//1535
f 1532//1532 1535//1535 1536//1536
f 1537//1537 1538//1538 1543//1543
f 1537//1537 1543//1543 1542//1542
f 1538//1538 1539//1539 1544//1544
f 1538//1538 1544//1544 1543//1543
f 1539//1539 1540//1540 1545//1545
f 1539//1539 1545//1545 1544//1544
f 1540//1540 1541//1541 1546//1546
f 1540//1540 1546//1546 1545//1545
f 1541//1541 1537//1537 1542//1542
f 1541//1541 1542//1542 1546//1546
f 1537//1537 1539//1539 1538//1538
f 1537//1537 1540//1540 1539//1539
f 1537//1537 1541//1541 1540//1540
f 1542//1542 1543//1543 1544//1544
f 1542//1542 1544//1544 1545//1545
f 1542//1542 1545//1545 1546//1546
f 1547//1547 1548//1548 1554//1554
f 1547//1547 1554//1554 1553//1553
f 1548//1548 1549//1549 1555//1555
f 1548//1548 1555//1555 1554//1554
f 1549//1549 1550//1550 1556//1556
f 1549//1549 1556//1556 1555//1555
f 1550//1550 1551//1551 1557//1557
f 1550//1550 1557//1557 1556//1556
f 1551//1551 1552//1552 1558//1558
f 1551//1551 1558//1558 1557//1557
f 1552//1552 1547//1547 1553//1553
f 1552//1552 1553//1553 1558//1558
f 1547//1547 1549//1549 1548//1548
f 1547//1547 1550//1550 1549//1549
f 1547//1547 1551//1551 1550//1550
f 1547//1547 1552//1552 1551//1551
f 1553//1553 1554//1554 1555//1555
f 1553//1553 1555//1555 1556//1556
f 1553//1553 1556//1556 1557//1557
f 1553//1553 1557//1557 1558//1558
f 1559//1559 1560//1560 1565//1565
f 1559//1559 1565//1565 1564//1564
f 1560//1560 1561//1561 1566//1566
f 1560//1560 1566//1566 1565//1565
f 1561//1561 1562//1562 1567//1567
f 1561//1561 1567//1567 1566//1566
f 1562//1562 1563//1563 1568//1568
f 1562//1562 1568//1568 1567//1567
f 1563//1563 1559//1559 1564//1564
f 1563//1563 1564//1564 1568//1568
f 1559//1559 1561//1561 1560//1560
f 1559//1559 1562//1562 1561//1561
f 1559//1559 1563//1563 1562//1562
f 1564//1564 1565//1565 1566//1566
f 1564//1564 1566//1566 1567//1567
f 1564//1564 1567//1567 1568//1568
f 1569//1569 1570//1570 1575//1575
f 1569//1569 1575//1575 1574//1574
f 1570//1570 1571//1571 1576//1576
f 1570//1570 1576//1576 1575//1575
f 1571//1571 1572//1572 1577//1577
f 1571//1571 1577//1577 1576//1576
f 1572//1572 1573//1573 1578//1578
f 1572//1572 1578//1578 1577//1577
f 1573//1573 1569//1569 1574//1574
f 1573//1573 1574//1574 1578//1578
f 1569//1569 1571//1571 1570//1570
f 1569//1569 1572//1572 1571//1571
f 1569//1569 1573//1573 1572//1572
f 1574//1574 1575//1575 1576//1576
f 1574//1574 1576//1576 1577//1577
f 1574//1574 1577//1577 1578//1578
f 1579//1579 1580//1580 1585//1585
f 1579//1579 1585//1585 1584//1584
f 1580//1580 1581//1581 1586//1586
f 1580//1580 1586//1586 1585//1585
f 1581//1581 1582//1582 1587//1587
f 1581//1581 1587//1587 1586//1586
f 1582//1582 1583//1583 1588//1588
f 1582//1582 1588//1588 1587//1587
f 1583//1583 1579//1579 1584//1584
f 1583//1583 1584//1584 1588//1588
f 1579//1579 1581//1581 1580//1580
f 1579//1579 1582//1582 1581//1581
f 1579//1579 1583//1583 1582//1582
f 1584//1584 1585//1585 1586//1586
f 1584//1584 1586//1586 1587//1587
f 1584//1584 1587//1587 1588//1588
f 1589//1589 1590//1590 1596//1596
f 1589//1589 1596//1596 1595//1595
f 1590//1590 1591//1591 1597//1597
f 1590//1590 1597//1597 1596//1596
f 1591//1591 1592//1592 1598//1598
f 1591//1591 1598//1598 1597//1597
f 1592//1592 1593//1593 1599//1599
f 1592//1592 1599//1599 1598//1598
f 1593//1593 1594//1594 1600//1600
f 1593//1593 1600//1600 1599//1599
f 1594//1594 1589//1589 1595//1595
f 1594//1594 1595//1595 1600//1600
f 1589//1589 1591//1591 1590//1590
f 1589//1589 1592//1592 1591//1591
f 1589//1589 1593//1593 1592//1592
f 1589//1589 1594//1594 1593//1593
f 1595//1595 1596//1596 1597//1597
f 1595//1595 1597//1597 1598//1598
f 1595//1595 1598//1598 1599//1599
f 1595//1595 1599//1599 1600//1600
f 1601//1601 1602//1602 1607//1607
f 1601//1601 1607//1607 1606//1606
f 1602//1602 1603//1603 1608//1608
f 1602//1602 1608//1608 1607//1607
f 1603//1603 1604//1604 1609//1609
f 1603//1603 1609//1609 1608//1608
f 1604//1604 1605//1605 1610//1610
f 1604//1604 1610//1610 1609//1609
f 1605//1605 1601//1601 1606//1606
f 1605//1605 1606//1606 1610//1610
f 1601//1601 1603//1603 1602//1602
f 1601//1601 1604//1604 1603//1603
f 1601//1601 1605//1605 1604//1604
f 1606//1606 1607//1607 1608//1608
f 1606//1606 1608//1608 1609//1609
f 1606//1606 1609//1609 1610//1610
f 1611//1611 1612//1612 1617//1617
f 1611//1611 1617//1617 1616//1616
f 1612//1612 1613//1613 1618//1618
f 1612//1612 1618//1618 1617//1617
f 1613//1613 1614//1614 1619//1619
f 1613//1613 1619//1619 1618//1618
f 1614//1614 1615//1615 1620//1620
f 1614//1614 1620//1620 1619//1619
f 1615//1615 1611//1611 1616//1616
f 1615//1615 1616//1616 1620//1620
f 1611//1611 1613//1613 1612//1612
f 1611//1611 1614//1614 1613//1613
f 1611//1611 1615//1615 1614//1614
f 1616//1616 1617//1617 1618//1618
f 1616//1616 1618//1618 1619//1619
f 1616//1616 1619//1619 1620//1620
f 1621//1621 1622//1622 1627//1627
f 1621//1621 1627//1627 1626//1626
f 1622//1622 1623//1623 1628//1628
f 1622//1622 1628//1628 1627//1627
f 1623//1623 1624//1624 1629//1629
f 1623//1623 1629//1629 1628//1628
f 1624//1624 1625//1625 1630//1630
f 1624//1624 1630//1630 1629//1629
f 1625//1625 1621//1621 1626//1626
f 1625//1625 1626//1626 1630//1630
f 1621//1621 1623//1623 1622//1622
f 1621//1621 1624//1624 1623//1623
f 1621//1621 1625//1625 1624//1624
f 1626//1626 1627//1627 1628//1628
f 1626//1626 1628//1628 1629//1629
f 1626//1626 1629//1629 1630//1630
f 1631//1631 1632//1632 1638//1638
f 1631//1631 1638//1638 1637//1637
f 1632//1632 1633//1633 1639//1639
f 1632//1632 1639//1639 1638//1638
f 1633//1633 1634//1634 1640//1640
f 1633//1633 1640//1640 1639//1639
f 1634//1634 1635//1635 1641//1641
f 1634//1634 1641//1641 1640//1640
f 1635//1635 1636//1636 1642//1642
f 1635//1635 1642//1642 1641//1641
f 1636//1636 1631//1631 1637//1637
f 1636//1636 1637//1637 1642//1642
f 1631//1631 1633//1633 1632//1632
f 1631//1631 1634//1634 1633//1633
f 1631//1631 1635//1635 1634//1634
f 1631//1631 1636//1636 1635//1635
f 1637//1637 1638//1638 1639//1639
f 1637//1637 1639//1639 1640//1640
f 1637//1637 1640//1640 1641//1641
f 1637//1637 1641//1641 1642//1642
f 1643//1643 1644//1644 1649//1649
f 1643//1643 1649//1649 1648//1648
f 1644//1644 1645//1645 1650//1650
f 1644//1644 1650//1650 1649//1649
f 1645//1645 1646//1646 1651//1651
f 1645//1645 1651//1651 1650//1650
f 1646//1646 1647//1647 1652//1652
f 1646//1646 1652//1652 1651//1651
f 1647//1647 1643//1643 1648//1648
f 1647//1647 1648//1648 1652//1652
f 1643//1643 1645//1645 1644//1644
f 1643//1643 1646//1646 1645//1645
f 1643//1643 1647//1647 1646//1646
f 1648//1648 1649//1649 1650//1650
f 1648//1648 1650//1650 1651//1651
f 1648//1648 1651//1651 1652//1652
f 1653//1653 1654//1654 1659//1659
f 1653//1653 1659//1659 1658//1658
f 1654//1654 1655//1655 1660//1660
f 1654//1654 1660//1660 1659//1659
f 1655//1655 1656//1656 1661//1661
f 1655//1655 1661//1661 1660//1660
f 1656//1656 1657//1657 1662//1662
f 1656//1656 1662//1662 1661//1661
f 1657//1657 1653//1653 1658//1658
f 1657//1657 1658//1658 1662//1662
f 1653//1653 1655//1655 1654//1654
f 1653//1653 1656//1656 1655//1655
f 1653//1653 1657//1657 1656//1656
f 1658//1658 1659//1659 1660//1660
f 1658//1658 1660//1660 1661//1661
f 1658//1658 1661//1661 1662//1662
f 1663//1663 1664//1664 1669//1669
f 1663//1663 1669//1669 1668//1668
f 1664//1664 1665//1665 1670//1670
f 1664//1664 1670//1670 1669//1669
f 1665//1665 1666//1666 1671//1671
f 1665//1665 1671//1671 1670//1670
f 1666//1666 1667//1667 1672//1672
f 1666//1666 1672//1672 1671//1671
f 1667//1667 1663//1663 1668//1668
f 1667//1667 1668//1668 1672//1672
f 1663//1663 1665//1665 1664//1664
f 1663//1663 1666//1666 1665//1665
f 1663//1663 1667//1667 1666//1666
f 1668//1668 1669//1669 1670//1670
f 1668//1668 1670//1670 1671//1671
f 1668//1668 1671//1671 1672//1672
f 1673//1673 1674//1674 1680//1680
f 1673//1673 1680//1680 1679//1679
f 1674//1674 1675//1675 1681//1681
f 1674//1674 1681//1681 1680//1680
f 1675//1675 1676//1676 1682//1682
f 1675//1675 1682//1682 1681//1681
f 1676//1676 1677//1677 1683//1683
f 1676//1676 1683//1683 1682//1682
f 1677//1677 1678//1678 1684//1684
f 1677//1677 1684//1684 1683//1683
f 1678//1678 1673//1673 1679//1679
f 1678//1678 1679//1679 1684//1684
f 1673//1673 1675//1675 1674//1674
f 1673//1673 1676//1676 1675//1675
f 1673//1673 1677//1677 1676//1676
f 1673//1673 1678//1678 1677//1677
f 1679//1679 1680//1680 1681//1681
f 1679//1679 1681//1681 1682//1682
f 1679//1679 1682//1682 1683//1683
f 1679//1679 1683//1683 1684//1684
f 1685//1685 1686//1686 1691//1691
f 1685//1685 1691//1691 1690//1690
f 1686//1686 1687//1687 1692//1692
f 1686//1686 1692//1692 1691//1691
f 1687//1687 1688//1688 1693//1693
f 1687//1687 1693//1693 1692//1692
f 1688//1688 1689//1689 1694//1694
f 1688//1688 1694//1694 1693//1693
f 1689//1689 1685//1685 1690//1690
f 1689//1689 1690//1690 1694//1694
f 1685//1685 1687//1687 1686//1686
f 1685//1685 1688//1688 1687//1687
f 1685//1685 1689//1689 1688//1688
f 1690//1690 1691//1691 1692//1692
f 1690//1690 1692//1692 1693//1693
f 1690//1690 1693//1693 1694//1694
f 1695//1695 1696//1696 1701//1701
f 1695//1695 1701//1701 1700//1700
f 1696//1696 1697//1697 1702//1702
f 1696//1696 1702//1702 1701//1701
f 1697//1697 1698//1698 1703//1703
f 1697//1697 1703//1703 1702//1702
f 1698//1698 1699//1699 1704//1704
f 1698//1698 1704//1704 1703//1703
f 1699//1699 1695//1695 1700//1700
f 1699//1699 1700//1700 1704//1704
f 1695//1695 1697//1697 1696//1696
f 1695//1695 1698//1698 1697//1697
f 1695//1695 1699//1699 1698//1698
f 1700//1700 1701//1701 1702//1702
f 1700//1700 1702//1702 1703//1703
f 1700//1700 1703//1703 1704//1704
f 1705//1705 1706//1706 1711//1711
f 1705//1705 1711//1711 1710//1710
f 1706//1706 1707//1707 1712//1712
f 1706//1706 1712//1712 1711//1711
f 1707//1707 1708//1708 1713//1713
f 1707//1707 1713//1713 1712//1712
f 1708//1708 1709//1709 1714//1714
f 1708//1708 1714//1714 1713//1713
f 1709//1709 1705//1705 1710//1710
f 1709//1709 1710//1710 1714//1714
f 1705//1705 1707//1707 1706//1706
f 1705//1705 1708//1708 1707//1707
f 1705//1705 1709//1709 1708//1708
f 1710//1710 1711//1711 1712//1712
f 1710//1710 1712//1712 1713//1713
f 1710//1710 1713//1713 1714//1714
f 1715//1715 1716//1716 1722//1722
f 1715//1715 1722//1722 1721//1721
f 1716//1716 1717//1717 1723//1723
f 1716//1716 1723//1723 1722//1722
f 1717//1717 1718//1718 1724//1724
f 1717//1717 1724//1724 1723//1723
f 1718//1718 1719//1719 1725//1725
f 1718//1718 1725//1725 1724//1724
f 1719//1719 1720//1720 1726//1726
f 1719//1719 1726//1726 1725//1725
f 1720//1720 1715//1715 1721//1721
f 1720//1720 1721//1721 1726//1726
f 1715//1715 1717//1717 1716//1716
f 1715//1715 1718//1718 1717//1717
f 1715//1715 1719//1719 1718//1718
f 1715//1715 1720//1720 1719//1719
f 1721//1721 1722//1722 1723//1723
f 1721//1721 1723//1723 1724//1724
f 1721//1721 1724//1724 1725//1725
f 1721//1721 1725//1725 1726//1726
f 1727//1727 1728//1728 1733//1733
f 1727//1727 1733//1733 1732//1732
f 1728//1728 1729//1729 1734//1734
f 1728//1728 1734//1734 1733//1733
f 1729//1729 1730//1730 1735//1735
f 1729//1729 1735//1735 1734//1734
f 1730//1730 1731//1731 1736//1736
f 1730//1730 1736//1736 1735//1735
f 1731//1731 1727//1727 1732//1732
f 1731//1731 1732//1732 1736//1736
f 1727//1727 1729//1729 1728//1728
f 1727//1727 1730//1730 1729//1729
f 1727//1727 1731//1731 1730//1730
f 1732//1732 1733//1733 1734//1734
f 1732//1732 1734//1734 1735//1735
f 1732//1732 1735//1735 1736//1736
f 1737//1737 1738//1738 1743//1743
f 1737//1737 1743//1743 1742//1742
f 1738//1738 1739//1739 1744//1744
f 1738//1738 1744//1744 1743//1743
f 1739//1739 1740//1740 1745//1745
f 1739//1739 1745//1745 1744//1744
f 1740//1740 1741//1741 1746//1746
f 1740//1740 1746//1746 1745//1745
f 1741//1741 1737//1737 1742//1742
f 1741//1741 1742//1742 1746//1746
f 1737//1737 1739//1739 1738//1738
f 1737//1737 1740//1740 1739//1739
f 1737//1737 1741//1741 1740//1740
f 1742//1742 1743//1743 1744//1744
f 1742//1742 1744//1744 1745//1745
f 1742//1742 1745//1745 1746//1746
f 1747//1747 1748//1748 1753//1753
f 1747//1747 1753//1753 1752//1752
f 1748//1748 1749//1749 1754//1754
f 1748//1748 1754//1754 1753//1753
f 1749//1749 1750//1750 1755//1755
f 1749//1749 1755//1755 1754//1754
f 1750//1750 1751//1751 1756//1756
f 1750//1750 1756//1756 1755//1755
f 1751//1751 1747//1747 1752//1752
f 1751//1751 1752//1752 1756//1756
f 1747//1747 1749//1749 1748//1748
f 1747//1747 1750//1750 1749//1749
f 1747//1747 1751//1751 1750//1750
f 1752//1752 1753//1753 1754//1754
f 1752//1752 1754//1754 1755//1755
f 1752//1752 1755//1755 1756//1756
f 1757//1757 1758//1758 1764//1764
f 1757//1757 1764//1764 1763//1763
f 1758//1758 1759//1759 1765//1765
f 1758//1758 1765//1765 1764//1764
f 1759//1759 1760//1760 1766//1766
f 1759//1759 1766//1766 1765//1765
f 1760//1760 1761//1761 1767//1767
f 1760//1760 1767//1767 1766//1766
f 1761//1761 1762//1762 1768//1768
f 1761//1761 1768//1768 1767//1767
f 1762//1762 1757//1757 1763//1763
f 1762//1762 1763//1763 1768//1768
f 1757//1757 1759//1759 1758//1758
f 1757//1757 1760//1760 1759//1759
f 1757//1757 1761//1761 1760//1760
f 1757//1757 1762//1762 1761//1761
f 1763//1763 1764//1764 1765//1765
f 1763//1763 1765//1765 1766//1766
f 1763//1763 1766//1766 1767//1767
f 1763//1763 1767//1767 1768//1768
f 1769//1769 1770//1770 1775//1775
f 1769//1769 1775//1775 1774//1774
f 1770//1770 1771//1771 1776//1776
f 1770//1770 1776//1776 1775//1775
f 1771//1771 1772//1772 1777//1777
f 1771//1771 1777//1777 1776//1776
f 1772//1772 1773//1773 1778//1778
f 1772//1772 1778//1778 1777//1777
f 1773//1773 1769//1769 1774//1774
f 1773//1773 1774//1774 1778//1778
f 1769//1769 1771//1771 1770//1770
f 1769//1769 1772//1772 1771//1771
f 1769//1769 1773//1773 1772//1772
f 1774//1774 1775//1775 1776//1776
f 1774//1774 1776//1776 1777//1777
f 1774//1774 1777//1777 1778//1778
f 1779//1779 1780//1780 1785//1785
f 1779//1779 1785//1785 1784//1784
f 1780//1780 1781//1781 1786//1786
f 1780//1780 1786//1786 1785//1785
f 1781//1781 1782//1782 1787//1787
f 1781//1781 1787//1787 1786//1786
f 1782//1782 1783//1783 1788//1788
f 1782//1782 1788//1788 1787//1787
f 1783//1783 1779//1779 1784//1784
f 1783//1783 1784//1784 1788//1788
f 1779//1779 1781//1781 1780//1780
f 1779//1779 1782//1782 1781//1781
f 1779//1779 1783//1783 1782//1782
f 1784//1784 1785//1785 1786//1786
f 1784//1784 1786//1786 1787//1787
f 1784//1784 1787//1787 1788//1788
f 1789//1789 1790//1790 1795//1795
f 1789//1789 1795//1795 1794//1794
f 1790//1790 1791//1791 1796//1796
f 1790//1790 1796//1796 1795//1795
f 1791//1791 1792//1792 1797//1797
f 1791//1791 1797//1797 1796//1796
f 1792//1792 1793//1793 1798//1798
f 1792//1792 1798//1798 1797//1797
f 1793//1793 1789//1789 1794//1794
f 1793//1793 1794//1794 1798//1798
f 1789//1789 1791//1791 1790//1790
f 1789//1789 1792//1792 1791//1791
f 1789//1789 1793//1793 1792//1792
f 1794//1794 1795//1795 1796//1796
f 1794//1794 1796//1796 1797//1797
f 1794//1794 1797//1797 1798//1798
f 1799//1799 1800//1800 1806//1806
f 1799//1799 1806//1806 1805//1805
f 1800//1800 1801//1801 1807//1807
f 1800//1800 1807//1807 1806//1806
f 1801//1801 1802//1802 1808//1808
f 1801//1801 1808//1808 1807//1807
f 1802//1802 1803//1803 1809//1809
f 1802//1802 1809//1809 1808//1808
f 1803//1803 1804//1804 1810//1810
f 1803//1803 1810//1810 1809//1809
f 1804//1804 1799//1799 1805//1805
f 1804//1804 1805//1805 1810//1810
f 1799//1799 1801//1801 1800//1800
f 1799//1799 1802//1802 1801//1801
f 1799//1799 1803//1803 1802//1802
f 1799//1799 1804//1804 1803//1803
f 1805//1805 1806//1806 1807//1807
f 1805//1805 1807//1807 1808//1808
f 1805//1805 1808//1808 1809//1809
f 1805//1805 1809//1809 1810//1810
f 1811//1811 1812//1812 1817//1817
f 1811//1811 1817//1817 1816//1816
f 1812//1812 1813//1813 1818//1818
f 1812//1812 1818//1818 1817//1817
f 1813//1813 1814//1814 1819//1819
f 1813//1813 1819//1819 1818//1818
f 1814//1814 1815//1815 1820//1820
f 1814//1814 1820//1820 1819//1819
f 1815//1815 1811//1811 1816//1816
f 1815//1815 1816//1816 1820//1820
f 1811//1811 1813//1813 1812//1812
f 1811//1811 1814//1814 1813//1813
f 1811//1811 1815//1815 1814//1814
f 1816//1816 1817//1817 1818//1818
f 1816//1816 1818//1818 1819//1819
f 1816//1816 1819//1819 1820//1820
f 1821//1821 1822//1822 1827//1827
f 1821//1821 1827//1827 1826//1826
f 1822//1822 1823//1823 1828//1828
f 1822//1822 1828//1828 1827//1827
f 1823//1823 1824//1824 1829//1829
f 1823//1823 1829//1829 1828//1828
f 1824//1824 1825//1825 1830//1830
f 1824//1824 1830//1830 1829//1829
f 1825//1825 1821//1821 1826//1826
f 1825//1825 1826//1826 1830//1830
f 1821//1821 1823//1823 1822//1822
f 1821//1821 1824//1824 1823//1823
f 1821//1821 1825//1825 1824//1824
f 1826//1826 1827//1827 1828//1828
f 1826//1826 1828//1828 1829//1829
f 1826//1826 1829//1829 1830//1830
f 1831//1831 1832//1832 1837//1837
f 1831//1831 1837//1837 1836//1836
f 1832//1832 1833//1833 1838//1838
f 1832//1832 1838//1838 1837//1837
f 1833//1833 1834//1834 1839//1839
f 1833//1833 1839//1839 1838//1838
f 1834//1834 1835//1835 1840//1840
f 1834//1834 1840//1840 1839//1839
f 1835//1835 1831//1831 1836//1836
f 1835//1835 1836//1836 1840//1840
f 1831//1831 1833//1833 1832//1832
f 1831//1831 1834//1834 1833//1833
f 1831//1831 1835//1835 1834//1834
f 1836//1836 1837//1837 1838//1838
f 1836//1836 1838//1838 1839//1839
f 1836//1836 1839//1839 1840//1840
f 1841//1841 1842//1842 1848//1848
f 1841//1841 1848//1848 1847//1847
f 1842//1842 1843//1843 1849//1849
f 1842//1842 1849//1849 1848//1848
f 1843//1843 1844//1844 1850//1850
f 1843//1843 1850//1850 1849//1849
f 1844//1844 1845//1845 1851//1851
f 1844//1844 1851//1851 1850//1850
f 1845//1845 1846//1846 1852//1852
f 1845//1845 1852//1852 1851//1851
f 1846//1846 1841//1841 1847//1847
f 1846//1846 1847//1847 1852//1852
f 1841//1841 1843//1843 1842//1842
f 1841//1841 1844//1844 1843//1843
f 1841//1841 1845//1845 1844//1844
f 1841//1841 1846//1846 1845//1845
f 1847//1847 1848//1848 1849//1849
f 1847//1847 1849//1849 1850//1850
f 1847//1847 1850//1850 1851//1851
f 1847//1847 1851//1851 1852//1852
f 1853//1853 1854//1854 1859//1859
f 1853//1853 1859//1859 1858//1858
f 1854//1854 1855//1855 1860//1860
f 1854//1854 1860//1860 1859//1859
f 1855//1855 1856//1856 1861//1861
f 1855//1855 1861//1861 1860//1860
f 1856//1856 1857//1857 1862//1862
f 1856//1856 1862//1862 1861//1861
f 1857//1857 1853//1853 1858//1858
f 1857//1857 1858//1858 1862//1862
f 1853//1853 1855//1855 1854//1854
f 1853//1853 1856//1856 1855//1855
f 1853//1853 1857//1857 1856//1856
f 1858//1858 1859//1859 1860//1860
f 1858//1858 1860//1860 1861//1861
f 1858//1858 1861//1861 1862//1862
f 1863//1863 1864//1864 1869//1869
f 1863//1863 1869//1869 1868//1868
f 1864//1864 1865//1865 1870//1870
f 1864//1864 1870//1870 1869//1869
f 1865//1865 1866//1866 1871//1871
f 1865//1865 1871//1871 1870//1870
f 1866//1866 1867//1867 1872//1872
f 1866//1866 1872//1872 1871//1871
f 1867//1867 1863//1863 1868//1868
f 1867//1867 1868//1868 1872//1872
f 1863//1863 1865//1865 1864//1864
f 1863//1863 1866//1866 1865//1865
f 1863//1863 1867//1867 1866//1866
f 1868//1868 1869//1869 1870//1870
f 1868//1868 1870//1870 1871//1871
f 1868//1868 1871//1871 1872//1872
f 1873//1873 1874//1874 1879//1879
f 1873//1873 1879//1879 1878//1878
f 1874//1874 1875//1875 1880//1880
f 1874//1874 1880//1880 1879//1879
f 1875//1875 1876//1876 1881//1881
f 1875//1875 1881//1881 1880//1880
f 1876//1876 1877//1877 1882//1882
f 1876//1876 1882//1882 1881//1881
f 1877//1877 1873//1873 1878//1878
f 1877//1877 1878//1878 1882//1882
f 1873//1873 1875//1875 1874//1874
f 1873//1873 1876//1876 1875//1875
f 1873//1873 1877//1877 1876//1876
f 1878//1878 1879//1879 1880//1880
f 1878//1878 1880//1880 1881//1881
f 1878//1878 1881//1881 1882//1882
f 1883//1883 1884//1884 1890//1890
f 1883//1883 1890//1890 1889//1889
f 1884//1884 1885//1885 1891//1891
f 1884//1884 1891//1891 1890//1890
f 1885//1885 1886//1886 1892//1892
f 1885//1885 1892//1892 1891//1891
f 1886//1886 1887//1887 1893//1893
f 1886//1886 1893//1893 1892//1892
f 1887//1887 1888//1888 1894//1894
f 1887//1887 1894//1894 1893//1893
f 1888//1888 1883//1883 1889//1889
f 1888//1888 1889//1889 1894//1894
f 1883//1883 1885//1885 1884//1884
f 1883//1883 1886//1886 1885//1885
f 1883//1883 1887//1887 1886//1886
f 1883//1883 1888//1888 1887//1887
f 1889//1889 1890//1890 1891//1891
f 1889//1889 1891//1891 1892//1892
f 1889//1889 1892//1892 1893//1893
f 1889//1889 1893//1893 1894//1894
f 1895//1895 1896//1896 1901//1901
f 1895//1895 1901//1901 1900//1900
f 1896//1896 1897//1897 1902//1902
f 1896//1896 1902//1902 1901//1901
f 1897//1897 1898//1898 1903//1903
f 1897//1897 1903//1903 1902//1902
f 1898//1898 1899//1899 1904//1904
f 1898//1898 1904//1904 1903//1903
f 1899//1899 1895//1895 1900//1900
f 1899//1899 1900//1900 1904//1904
f 1895//1895 1897//1897 1896//1896
f 1895//1895 1898//1898 1897//1897
f 1895//1895 1899//1899 1898//1898
f 1900//1900 1901//1901 1902//1902
f 1900//1900 1902//1902 1903//1903
f 1900//1900 1903//1903 1904//1904
f 1905//1905 1906//1906 1911//1911
f 1905//1905 1911//1911 1910//1910
f 1906//1906 1907//1907 1912//1912
f 1906//1906 1912//1912 1911//1911
f 1907//1907 1908//1908 1913//1913
f 1907//1907 1913//1913 1912//1912
f 1908//1908 1909//1909 1914//1914
f 1908//1908 1914//1914 1913//1913
f 1909//1909 1905//1905 1910//1910
f 1909//1909 1910//1910 1914//1914
f 1905//1905 1907//1907 1906//1906
f 1905//1905 1908//1908 1907//1907
f 1905//1905 1909//1909 1908//1908
f 1910//1910 1911//1911 1912//1912
f 1910//1910 1912//1912 1913//1913
f 1910//1910 1913//1913 1914//1914
f 1915//1915 1916//1916 1921//1921
f 1915//1915 1921//1921 1920//1920
f 1916//1916 1917//1917 1922//1922
f 1916//1916 1922//1922 1921//1921
f 1917//1917 1918//1918 1923//1923
f 1917//1917 1923//1923 1922//1922
f 1918//1918 1919//1919 1924//1924
f 1918//1918 1924//1924 1923//1923
f 1919//1919 1915//1915 1920//1920
f 1919//1919 1920//1920 1924//1924
f 1915//1915 1917//1917 1916//1916
f 1915//1915 1918//1918 1917//1917
f 1915//1915 1919//1919 1918//1918
f 1920//1920 1921//1921 1922//1922
f 1920//1920 1922//1922 1923//1923
f 1920//1920 1923//1923 1924//1924
f 1925//1925 1926//1926 1932//1932
f 1925//1925 1932//1932 1931//1931
f 1926//1926 1927//1927 1933//1933
f 1926//1926 1933//1933 1932//1932
f 1927//1927 1928//1928 1934//1934
f 1927//1927 1934//1934 1933//1933
f 1928//1928 1929//1929 1935//1935
f 1928//1928 1935//1935 1934//1934
f 1929//1929 1930//1930 1936//1936
f 1929//1929 1936//1936 1935//1935
f 1930//1930 1925//1925 1931//1931
f 1930//1930 1931//1931 1936//1936
f 1925//1925 1927//1927 1926//1926
f 1925//1925 1928//1928 1927//1927
f 1925//1925 1929//1929 1928//1928
f 1925//1925 1930//1930 1929//1929
f 1931//1931 1932//1932 1933//1933
f 1931//1931 1933//1933 1934//1934
f 1931//1931 1934//1934 1935//1935
f 1931//1931 1935//1935 1936//1936
f 1937//1937 1938//1938 1943//1943
f 1937//1937 1943//1943 1942//1942
f 1938//1938 1939//1939 1944//1944
f 1938//1938 1944//1944 1943//1943
f 1939//1939 1940//1940 1945//1945
f 1939//1939 1945//1945 1944//1944
f 1940//1940 1941//1941 1946//1946
f 1940//1940 1946//1946 1945//1945
f 1941//1941 1937//1937 1942//1942
f 1941//1941 1942//1942 1946//1946
f 1937//1937 1939//1939 1938//1938
f 1937//1937 1940//1940 1939//1939
f 1937//1937 1941//1941 1940//1940
f 1942//1942 1943//1943 1944//1944
f 1942//1942 1944//1944 1945//1945
f 1942//1942 1945//1945 1946//1946
f 1947//1947 1948//1948 1953//1953
f 1947//1947 1953//1953 1952//1952
f 1948//1948 1949//1949 1954//1954
f 1948//1948 1954//1954 1953//1953
f 1949//1949 1950//1950 1955//1955
f 1949//1949 1955//1955 1954//1954
f 1950//1950 1951//1951 1956//1956
f 1950//1950 1956//1956 1955//1955
f 1951//1951 1947//1947 1952//1952
f 1951//1951 1952//1952 1956//1956
f 1947//1947 1949//1949 1948//1948
f 1947//1947 1950//1950 1949//1949
f 1947//1947 1951//1951 1950//1950
f 1952//1952 1953//1953 1954//1954
f 1952//1952 1954//1954 1955//1955
f 1952//1952 1955//1955 1956//1956
f 1957//1957 1958//1958 1963//1963
f 1957//1957 1963//1963 1962//1962
f 1958//1958 1959//1959 1964//1964
f 1958//1958 1964//1964 1963//1963
f 1959//1959 1960//1960 1965//1965
f 1959//1959 1965//1965 1964//1964
f 1960//1960 1961//1961 1966//1966
f 1960//1960 1966//1966 1965//1965
f 1961//1961 1957//1957 1962//1962
f 1961//1961 1962//1962 1966//1966
f 1957//1957 1959//1959 1958//1958
f 1957//1957 1960//1960 1959//1959
f 1957//1957 1961//1961 1960//1960
f 1962//1962 1963//1963 1964//1964
f 1962//1962 1964//1964 1965//1965
f 1962//1962 1965//1965 1966//1966
f 1967//1967 1968//1968 1974//1974
f 1967//1967 1974//1974 1973//1973
f 1968//1968 1969//1969 1975//1975
f 1968//1968 1975//1975 1974//1974
f 1969//1969 1970//1970 1976//1976
f 1969//1969 1976//1976 1975//1975
f 1970//1970 1971//1971 1977//1977
f 1970//1970 1977//1977 1976//1976
f 1971//1971 1972//1972 1978//1978
f 1971//1971 1978//1978 1977//1977
f 1972//1972 1967//1967 1973//1973
f 1972//1972 1973//1973 1978//1978
f 1967//1967 1969//1969 1968//1968
f 1967//1967 1970//1970 1969//1969
f 1967//1967 1971//1971 1970//1970
f 1967//1967 1972//1972 1971//1971
f 1973//1973 1974//1974 1975//1975
f 1973//1973 1975//1975 1976//1976
f 1973//1973 1976//1976 1977//1977
f 1973//1973 1977//1977 1978//1978
f 1979//1979 1980//1980 1985//1985
f 1979//1979 1985//1985 1984//1984
f 1980//1980 1981//1981 1986//1986
f 1980//1980 1986//1986 1985//1985
f 1981//1981 1982//1982 1987//1987
f 1981//1981 1987//1987 1986//1986
f 1982//1982 1983//1983 1988//1988
f 1982//1982 1988//1988 1987//1987
f 1983//1983 1979//1979 1984//1984
f 1983//1983 1984//1984 1988//1988
f 1979//1979 1981//1981 1980//1980
f 1979//1979 1982//1982 1981//1981
f 1979//1979 1983//1983 1982//1982
f 1984//1984 1985//1985 1986//1986
f 1984//1984 1986//1986 1987//1987
f 1984//1984 1987//1987 1988//1988
f 1989//1989 1990//1990 1995//1995
f 1989//1989 1995//1995 1994//1994
f 1990//1990 1991//1991 1996//1996
f 1990//1990 1996//1996 1995//1995
f 1991//1991 1992//1992 1997//1997
f 1991//1991 1997//1997 1996//1996
f 1992//1992 1993//1993 1998//1998
f 1992//1992 1998//1998 1997//1997
f 1993//1993 1989//1989 1994//1994
f 1993//1993 1994//1994 1998//1998
f 1989//1989 1991//1991 1990//1990
f 1989//1989 1992//1992 1991//1991
f 1989//1989 1993//1993 1992//1992
f 1994//1994 1995//1995 1996//1996
f 1994//1994 1996//1996 1997//1997
f 1994//1994 1997//1997 1998//1998
f 1999//1999 2000//2000 2005//2005
f 1999//1999 2005//2005 2004//2004
f 2000//2000 2001//2001 2006//2006
f 2000//2000 2006//2006 2005//2005
f 2001//2001 2002//2002 2007//2007
f 2001//2001 2007//2007 2006//2006
f 2002//2002 2003//2003 2008//2008
f 2002//2002 2008//2008 2007//2007
f 2003//2003 1999//1999 2004//2004
f 2003//2003 2004//2004 2008//2008
f 1999//1999 2001//2001 2000//2000
f 1999//1999 2002//2002 2001//2001
f 1999//1999 2003//2003 2002//2002
f 2004//2004 2005//2005 2006//2006
f 2004//2004 2006//2006 2007//2007
f 2004//2004 2007//2007 2008//2008
f 2009//2009 2010//2010 2016//2016
f 2009//2009 2016//2016 2015//2015
f 2010//2010 2011//2011 2017//2017
f 2010//2010 2017//2017 2016//2016
f 2011//2011 2012//2012 2018//2018
f 2011//2011 2018//2018 2017//2017
f 2012//2012 2013//2013 2019//2019
f 2012//2012 2019//2019 2018//2018
f 2013//2013 2014//2014 2020//2020
f 2013//2013 2020//2020 2019//2019
f 2014//2014 2009//2009 2015//2015
f 2014//2014 2015//2015 2020//2020
f 2009//2009 2011//2011 2010//2010
f 2009//2009 2012//2012 2011//2011
f 2009//2009 2013//2013 2012//2012
f 2009//2009 2014//2014 2013//2013
f 2015//2015 2016//2016 2017//2017
f 2015//2015 2017//2017 2018//2018
f 2015//2015 2018//2018 2019//2019
f 2015//2015 2019//2019 2020//2020
f 2021//2021 2022//2022 2027//2027
f 2021//2021 2027//2027 2026//2026
f 2022//2022 2023//2023 2028//2028
f 2022//2022 2028//2028 2027//2027
f 2023//2023 2024//2024 2029//2029
f 2023//2023 2029//2029 2028//2028
f 2024//2024 2025//2025 2030//2030
f 2024//2024 2030//2030 2029//2029
f 2025//2025 2021//2021 2026//2026
f 2025//2025 2026//2026 2030//2030
f 2021//2021 2023//2023 2022//2022
f 2021//2021 2024//2024 2023//2023
f 2021//2021 2025//2025 2024//2024
f 2026//2026 2027//2027 2028//2028
f 2026//2026 2028//2028 2029//2029
f 2026//2026 2029//2029 2030//2030
f 2031//2031 2032//2032 2037//2037
f 2031//2031 2037//2037 2036//2036
f 2032//2032 2033//2033 2038//2038
f 2032//2032 2038//2038 2037//2037
f 2033//2033 2034//2034 2039//2039
f 2033//2033 2039//2039 2038//2038
f 2034//2034 2035//2035 2040//2040
f 2034//2034 2040//2040 2039//2039
f 2035//2035 2031//2031 2036//2036
f 2035//2035 2036//2036 2040//2040
f 2031//2031 2033//2033 2032//2032
f 2031//2031 2034//2034 2033//2033
f 2031//2031 2035//2035 2034//2034
f 2036//2036 2037//2037 2038//2038
f 2036//2036 2038//2038 2039//2039
f 2036//2036 2039//2039 2040//2040
f 2041//2041 2042//2042 2047//2047
f 2041//2041 2047//2047 2046//2046
f 2042//2042 2043//2043 2048//2048
f 2042//2042 2048//2048 2047//2047
f 2043//2043 2044//2044 2049//2049
f 2043//2043 2049//2049 2048//2048
f 2044//2044 2045//2045 2050//2050
f 2044//2044 2050//2050 2049//2049
f 2045//2045 2041//2041 2046//2046
f 2045//2045 2046//2046 2050//2050
f 2041//2041 2043//2043 2042//2042
f 2041//2041 2044//2044 2043//2043
f 2041//2041 2045//2045 2044//2044
f 2046//2046 2047//2047 2048//2048
f 2046//2046 2048//2048 2049//2049
f 2046//2046 2049//2049 2050//2050
f 2051//2051 2052//2052 2058//2058
f 2051//2051 2058//2058 2057//2057
f 2052//2052 2053//2053 2059//2059
f 2052//2052 2059//2059 2058//2058
f 2053//2053 2054//2054 2060//2060
f 2053//2053 2060//2060 2059//2059
f 2054//2054 2055//2055 2061//2061
f 2054//2054 2061//2061 2060//2060
f 2055//2055 2056//2056 2062//2062
f 2055//2055 2062//2062 2061//2061
f 2056//2056 2051//2051 2057//2057
f 2056//2056 2057//2057 2062//2062
f 2051//2051 2053//2053 2052//2052
f 2051//2051 2054//2054 2053//2053
f 2051//2051 2055//2055 2054//2054
f 2051//2051 2056//2056 2055//2055
f 2057//2057 2058//2058 2059//2059
f 2057//2057 2059//2059 2060//2060
f 2057//2057 2060//2060 2061//2061
f 2057//2057 2061//2061 2062//2062
f 2063//2063 2064//2064 2069//2069
f 2063//2063 2069//2069 2068//2068
f 2064//2064 2065//2065 2070//2070
f 2064//2064 2070//2070 2069//2069
f 2065//2065 2066//2066 2071//2071
f 2065//2065 2071//2071 2070//2070
f 2066//2066 2067//2067 2072//2072
f 2066//2066 2072//2072 2071//2071
f 2067//2067 2063//2063 2068//2068
f 2067//2067 2068//2068 2072//2072
f 2063//2063 2065//2065 2064//2064
f 2063//2063 2066//2066 2065//2065
f 2063//2063 2067//2067 2066//2066
f 2068//2068 2069//2069 2070//2070
f 2068//2068 2070//2070 2071//2071
f 2068//2068 2071//2071 2072//2072
f 2073//2073 2074//2074 2079//2079
f 2073//2073 2079//2079 2078//2078
f 2074//2074 2075//2075 2080//2080
f 2074//2074 2080//2080 2079//2079
f 2075//2075 2076//2076 2081//2081
f 2075//2075 2081//2081 2080//2080
f 2076//2076 2077//2077 2082//2082
f 2076//2076 2082//2082 2081//2081
f 2077//2077 2073//2073 2078//2078
f 2077//2077 2078//2078 2082//2082
f 2073//2073 2075//2075 2074//2074
f 2073//2073 2076//2076 2075//2075
f 2073//2073 2077//2077 2076//2076
f 2078//2078 2079//2079 2080//2080
f 2078//2078 2080//2080 2081//2081
f 2078//2078 2081//2081 2082//2082
f 2083//2083 2084//2084 2089//2089
f 2083//2083 2089//2089 2088//2088
f 2084//2084 2085//2085 2090//2090
f 2084//2084 2090//2090 2089//2089
f 2085//2085 2086//2086 2091//2091
f 2085//2085 2091//2091 2090//2090
f 2086//2086 2087//2087 2092//2092
f 2086//2086 2092//2092 2091//2091
f 2087//2087 2083//2083 2088//2088
f 2087//2087 2088//2088 2092//2092
f 2083//2083 2085//2085 2084//2084
f 2083//2083 2086//2086 2085//2085
f 2083//2083 2087//2087 2086//2086
f 2088//2088 2089//2089 2090//2090
f 2088//2088 2090//2090 2091//2091
f 2088//2088 2091//2091 2092//2092
f 2093//2093 2094//2094 2100//2100
f 2093//2093 2100//2100 2099//2099
f 2094//2094 2095//2095 2101//2101
f 2094//2094 2101//2101 2100//2100
f 2095//2095 2096//2096 2102//2102
f 2095//2095 2102//2102 2101//2101
f 2096//2096 2097//2097 2103//2103
f 2096//2096 2103//2103 2102//2102
f 2097//2097 2098//2098 2104//2104
f 2097//2097 2104//2104 2103//2103
f 2098//2098 2093//2093 2099//2099
f 2098//2098 2099//2099 2104//2104
f 2093//2093 2095//2095 2094//2094
f 2093//2093 2096//2096 2095//2095
f 2093//2093 2097//2097 2096//2096
f 2093//2093 2098//2098 2097//2097
f 2099//2099 2100//2100 2101//2101
f 2099//2099 2101//2101 2102//2102
f 2099//2099 2102//2102 2103//2103
f 2099//2099 2103//2103 2104//2104
f 2105//2105 2106//2106 2111//2111
f 2105//2105 2111//2111 2110//2110
f 2106//2106 2107//2107 2112//2112
f 2106//2106 2112//2112 2111//2111
f 2107//2107 2108//2108 2113//2113
f 2107//2107 2113//2113 2112//2112
f 2108//2108 2109//2109 2114//2114
f 2108//2108 2114//2114 2113//2113
f 2109//2109 2105//2105 2110//2110
f 2109//2109 2110//2110 2114//2114
f 2105//2105 2107//2107 2106//2106
f 2105//2105 2108//2108 2107//2107
f 2105//2105 2109//2109 2108//2108
f 2110//2110 2111//2111 2112//2112
f 2110//2110 2112//2112 2113//2113
f 2110//2110 2113//2113 2114//2114
f 2115//2115 2116//2116 2121//2121
f 2115//2115 2121//2121 2120//2120
f 2116//2116 2117//2117 2122//2122
f 2116//2116 2122//2122 2121//2121
f 2117//2117 2118//2118 2123//2123
f 2117//2117 2123//2123 2122//2122
f 2118//2118 2119//2119 2124//2124
f 2118//2118 2124//2124 2123//2123
f 2119//2119 2115//2115 2120//2120
f 2119//2119 2120//2120 2124//2124
f 2115//2115 2117//2117 2116//2116
f 2115//2115 2118//2118 2117//2117
f 2115//2115 2119//2119 2118//2118
f 2120//2120 2121//2121 2122//2122
f 2120//2120 2122//2122 2123//2123
f 2120//2120 2123//2123 2124//2124
f 2125//2125 2126//2126 2131//2131
f 2125//2125 2131//2131 2130//2130
f 2126//2126 2127//2127 2132//2132
f 2126//2126 2132//2132 2131//2131
f 2127//2127 2128//2128 2133//2133
f 2127//2127 2133//2133 2132//2132
f 2128//2128 2129//2129 2134//2134
f 2128//2128 2134//2134 2133//2133
f 2129//2129 2125//2125 2130//2130
f 2129//2129 2130//2130 2134//2134
f 2125//2125 2127//2127 2126//2126
f 2125//2125 2128//2128 2127//2127
f 2125//2125 2129//2129 2128//2128
f 2130//2130 2131//2131 2132//2132
f 2130//2130 2132//2132 2133//2133
f 2130//2130 2133//2133 2134//2134
f 2135//2135 2136//2136 2142//2142
f 2135//2135 2142//2142 2141//2141
f 2136//2136 2137//2137 2143//2143
f 2136//2136 2143//2143 2142//2142
f 2137//2137 2138//2138 2144//2144
f 2137//2137 2144//2144 2143//2143
f 2138//2138 2139//2139 2145//2145
f 2138//2138 2145//2145 2144//2144
f 2139//2139 2140//2140 2146//2146
f 2139//2139 2146//2146 2145//2145
f 2140//2140 2135//2135 2141//2141
f 2140//2140 2141//2141 2146//2146
f 2135//2135 2137//2137 2136//2136
f 2135//2135 2138//2138 2137//2137
f 2135//2135 2139//2139 2138//2138
f 2135//2135 2140//2140 2139//2139
f 2141//2141 2142//2142 2143//2143
f 2141//2141 2143//2143 2144//2144
f 2141//2141 2144//2144 2145//2145
f 2141//2141 2145//2145 2146//2146
f 2147//2147 2148//2148 2153//2153
f 2147//2147 2153//2153 2152//2152
f 2148//2148 2149//2149 2154//2154
f 2148//2148 2154//2154 2153//2153
f 2149//2149 2150//2150 2155//2155
f 2149//2149 2155//2155 2154//2154
f 2150//2150 2151//2151 2156//2156
f 2150//2150 2156//2156 2155//2155
f 2151//2151 2147//2147 2152//2152
f 2151//2151 2152//2152 2156//2156
f 2147//2147 2149//2149 2148//2148
f 2147//2147 2150//2150 2149//2149
f 2147//2147 2151//2151 2150//2150
f 2152//2152 2153//2153 2154//2154
f 2152//2152 2154//2154 2155//2155
f 2152//2152 2155//2155 2156//2156
f 2157//2157 2158//2158 2163//2163
f 2157//2157 2163//2163 2162//2162
f 2158//2158 2159//2159 2164//2164
f 2158//2158 2164//2164 2163//2163
f 2159//2159 2160//2160 2165//2165
f 2159//2159 2165//2165 2164//2164
f 2160//2160 2161//2161 2166//2166
f 2160//2160 2166//2166 2165//2165
f 2161//2161 2157//2157 2162//2162
f 2161//2161 2162//2162 2166//2166
f 2157//2157 2159//2159 2158//2158
f 2157//2157 2160//2160 2159//2159
f 2157//2157 2161//2161 2160//2160
f 2162//2162 2163//2163 2164//2164
f 2162//2162 2164//2164 2165//2165
f 2162//2162 2165//2165 2166//2166
f 2167//2167 2168//2168 2173//2173
f 2167//2167 2173//2173 2172//2172
f 2168//2168 2169//2169 2174//2174
f 2168//2168 2174//2174 2173//2173
f 2169//2169 2170//2170 2175//2175
f 2169//2169 2175//2175 2174//2174
f 2170//2170 2171//2171 2176//2176
f 2170//2170 2176//2176 2175//2175
f 2171//2171 2167//2167 2172//2172
f 2171//2171 2172//2172 2176//2176
f 2167//2167 2169//2169 2168//2168
f 2167//2167 2170//2170 2169//2169
f 2167//2167 2171//2171 2170//2170
f 2172//2172 2173//2173 2174//2174
f 2172//2172 2174//2174 2175//2175
f 2172//2172 2175//2175 2176//2176
f 2177//2177 2178//2178 2184//2184
f 2177//2177 2184//2184 2183//2183
f 2178//2178 2179//2179 2185//2185
f 2178//2178 2185//2185 2184//2184
f 2179//2179 2180//2180 2186//2186
f 2179//2179 2186//2186 2185//2185
f 2180//2180 2181//2181 2187//2187
f 2180//2180 2187//2187 2186//2186
f 2181//2181 2182//2182 2188//2188
f 2181//2181 2188//2188 2187//2187
f 2182//2182 2177//2177 2183//2183
f 2182//2182 2183//2183 2188//2188
f 2177//2177 2179//2179 2178//2178
f 2177//2177 2180//2180 2179//2179
f 2177//2177 2181//2181 2180//2180
f 2177//2177 2182//2182 2181//2181
f 2183//2183 2184//2184 2185//2185
f 2183//2183 2185//2185 2186//2186
f 2183//2183 2186//2186 2187//2187
f 2183//2183 2187//2187 2188//2188
f 2189//2189 2190//2190 2195//2195
f 2189//2189 2195//2195 2194//2194
f 2190//2190 2191//2191 2196//2196
f 2190//2190 2196//2196 2195//2195
f 2191//2191 2192//2192 2197//2197
f 2191//2191 2197//2197 2196//2196
f 2192//2192 2193//2193 2198//2198
f 2192//2192 2198//2198 2197//2197
f 2193//2193 2189//2189 2194//2194
f 2193//2193 2194//2194 2198//2198
f 2189//2189 2191//2191 2190//2190
f 2189//2189 2192//2192 2191//2191
f 2189//2189 2193//2193 2192//2192
f 2194//2194 2195//2195 2196//2196
f 2194//2194 2196//2196 2197//2197
f 2194//2194 2197//2197 2198//2198
f 2199//2199 2200//2200 2205//2205
f 2199//2199 2205//2205 2204//2204
f 2200//2200 2201//2201 2206//2206
f 2200//2200 2206//2206 2205//2205
f 2201//2201 2202//2202 2207//2207
f 2201//2201 2207//2207 2206//2206
f 2202//2202 2203//2203 2208//2208
f 2202//2202 2208//2208 2207//2207
f 2203//2203 2199//2199 2204//2204
f 2203//2203 2204//2204 2208//2208
f 2199//2199 2201//2201 2200//2200
f 2199//2199 2202//2202 2201//2201
f 2199//2199 2203//2203 2202//2202
f 2204//2204 2205//2205 2206//2206
f 2204//2204 2206//2206 2207//2207
f 2204//2204 2207//2207 2208//2208
f 2209//2209 2210//2210 2215//2215
f 2209//2209 2215//2215 2214//2214
f 2210//2210 2211//2211 2216//2216
f 2210//2210 2216//2216 2215//2215
f 2211//2211 2212//2212 2217//2217
f 2211//2211 2217//2217 2216//2216
f 2212//2212 2213//2213 2218//2218
f 2212//2212 2218//2218 2217//2217
f 2213//2213 2209//2209 2214//2214
f 2213//2213 2214//2214 2218//2218
f 2209//2209 2211//2211 2210//2210
f 2209//2209 2212//2212 2211//2211
f 2209//2209 2213//2213 2212//2212
f 2214//2214 2215//2215 2216//2216
f 2214//2214 2216//2216 2217//2217
f 2214//2214 2217//2217 2218//2218
f 2219//2219 2220//2220 2226//2226
f 2219//2219 2226//2226 2225//2225
f 2220//2220 2221//2221 2227//2227
f 2220//2220 2227//2227 2226//2226
f 2221//2221 2222//2222 2228//2228
f 2221//2221 2228//2228 2227//2227
f 2222//2222 2223//2223 2229//2229
f 2222//2222 2229//2229 2228//2228
f 2223//2223 2224//2224 2230//2230
f 2223//2223 2230//2230 2229//2229
f 2224//2224 2219//2219 2225//2225
f 2224//2224 2225//2225 2230//2230
f 2219//2219 2221//2221 2220//2220
f 2219//2219 2222//2222 2221//2221
f 2219//2219 2223//2223 2222//2222
f 2219//2219 2224//2224 2223//2223
f 2225//2225 2226//2226 2227//2227
f 2225//2225 2227//2227 2228//2228
f 2225//2225 2228//2228 2229//2229
f 2225//2225 2229//2229 2230//2230
f 2231//2231 2232//2232 2237//2237
f 2231//2231 2237//2237 2236//2236
f 2232//2232 2233//2233 2238//2238
f 2232//2232 2238//2238 2237//2237
f 2233//2233 2234//2234 2239//2239
f 2233//2233 2239//2239 2238//2238
f 2234//2234 2235//2235 2240//2240
f 2234//2234 2240//2240 2239//2239
f 2235//2235 2231//2231 2236//2236
f 2235//2235 2236//2236 2240//2240
f 2231//2231 2233//2233 2232//2232
f 2231//2231 2234//2234 2233//2233
f 2231//2231 2235//2235 2234//2234
f 2236//2236 2237//2237 2238//2238
f 2236//2236 2238//2238 2239//2239
f 2236//2236 2239//2239 2240//2240
f 2241//2241 2242//2242 2247//2247
f 2241//2241 2247//2247 2246//2246
f 2242//2242 2243//2243 2248//2248
f 2242//2242 2248//2248 2247//2247
f 2243//2243 2244//2244 2249//2249
f 2243//2243 2249//2249 2248//2248
f 2244//2244 2245//2245 2250//2250
f 2244//2244 2250//2250 2249//2249
f 2245//2245 2241//2241 2246//2246
f 2245//2245 2246//2246 2250//2250
f 2241//2241 2243//2243 2242//2242
f 2241//2241 2244//2244 2243//2243
f 2241//2241 2245//2245 2244//2244
f 2246//2246 2247//2247 2248//2248
f 2246//2246 2248//2248 2249//2249
f 2246//2246 2249//2249 2250//2250
f 2251//2251 2252//2252 2257//2257
f 2251//2251 2257//2257 2256//2256
f 2252//2252 2253//2253 2258//2258
f 2252//2252 2258//2258 2257//2257
f 2253//2253 2254//2254 2259//2259
f 2253//2253 2259//2259 2258//2258
f 2254//2254 2255//2255 2260//2260
f 2254//2254 2260//2260 2259//2259
f 2255//2255 2251//2251 2256//2256
f 2255//2255 2256//2256 2260//2260
f 2251//2251 2253//2253 2252//2252
f 2251//2251 2254//2254 2253//2253
f 2251//2251 2255//2255 2254//2254
f 2256//2256 2257//2257 2258//2258
f 2256//2256 2258//2258 2259//2259
f 2256//2256 2259//2259 2260//2260
f 2261//2261 2262//2262 2268//2268
f 2261//2261 2268//2268 2267//2267
f 2262//2262 2263//2263 2269//2269
f 2262//2262 2269//2269 2268//2268
f 2263//2263 2264//2264 2270//2270
f 2263//2263 2270//2270 2269//2269
f 2264//2264 2265//2265 2271//2271
f 2264//2264 2271//2271 2270//2270
f 2265//2265 2266//2266 2272//2272
f 2265//2265 2272//2272 2271//2271
f 2266//2266 2261//2261 2267//2267
f 2266//2266 2267//2267 2272//2272
f 2261//2261 2263//2263 2262//2262
f 2261//2261 2264//2264 2263//2263
f 2261//2261 2265//2265 2264//2264
f 2261//2261 2266//2266 2265//2265
f 2267//2267 2268//2268 2269//2269
f 2267//2267 2269//2269 2270//2270
f 2267//2267 2270//2270 2271//2271
f 2267//2267 2271//2271 2272//2272
f 2273//2273 2274//2274 2279//2279
f 2273//2273 2279//2279 2278//2278
f 2274//2274 2275//2275 2280//2280
f 2274//2274 2280//2280 2279//2279
f 2275//2275 2276//2276 2281//2281
f 2275//2275 2281//2281 2280//2280
f 2276//2276 2277//2277 2282//2282
f 2276//2276 2282//2282 2281//2281
f 2277//2277 2273//2273 2278//2278
f 2277//2277 2278//2278 2282//2282
f 2273//2273 2275//2275 2274//2274
f 2273//2273 2276//2276 2275//2275
f 2273//2273 2277//2277 2276//2276
f 2278//2278 2279//2279 2280//2280
f 2278//2278 2280//2280 2281//2281
f 2278//2278 2281//2281 2282//2282
f 2283//2283 2284//2284 2289//2289
f 2283//2283 2289//2289 2288//2288
f 2284//2284 2285//2285 2290//2290
f 2284//2284 2290//2290 2289//2289
f 2285//2285 2286//2286 2291//2291
f 2285//2285 2291//2291 2290//2290
f 2286//2286 2287//2287 2292//2292
f 2286//2286 2292//2292 2291//2291
f 2287//2287 2283//2283 2288//2288
f 2287//2287 2288//2288 2292//2292
f 2283//2283 2285//2285 2284//2284
f 2283//2283 2286//2286 2285//2285
f 2283//2283 2287//2287 2286//2286
f 2288//2288 2289//2289 2290//2290
f 2288//2288 2290//2290 2291//2291
f 2288//2288 2291//2291 2292//2292
f 2293//2293 2294//2294 2299//2299
f 2293//2293 2299//2299 2298//2298
f 2294//2294 2295//2295 2300//2300
f 2294//2294 2300//2300 2299//2299
f 2295//2295 2296//2296 2301//2301
f 2295//2295 2301//2301 2300//2300
f 2296//2296 2297//2297 2302//2302
f 2296//2296 2302//2302 2301//2301
f 2297//2297 2293//2293 2298//2298
f 2297//2297 2298//2298 2302//2302
f 2293//2293 2295//2295 2294//2294
f 2293//2293 2296//2296 2295//2295
f 2293//2293 2297//2297 2296//2296
f 2298//2298 2299//2299 2300//2300
f 2298//2298 2300//2300 2301//2301
f 2298//2298 2301//2301 2302//2302
f 2303//2303 2304//2304 2310//2310
f 2303//2303 2310//2310 2309//2309
f 2304//2304 2305//2305 2311//2311
f 2304//2304 2311//2311 2310//2310
f 2305//2305 2306//2306 2312//2312
f 2305//2305 2312//2312 2311//2311
f 2306//2306 2307//2307 2313//2313
f 2306//2306 2313//2313 2312//2312
f 2307//2307 2308//2308 2314//2314
f 2307//2307 2314//2314 2313//2313
f 2308//2308 2303//2303 2309//2309
f 2308//2308 2309//2309 2314//2314
f 2303//2303 2305//2305 2304//2304
f 2303//2303 2306//2306 2305//2305
f 2303//2303 2307//2307 2306//2306
f 2303//2303 2308//2308 2307//2307
f 2309//2309 2310//2310 2311//2311
f 2309//2309 2311//2311 2312//2312
f 2309//2309 2312//2312 2313//2313
f 2309//2309 2313//2313 2314//2314
f 2315//2315 2316//2316 2321//2321
f 2315//2315 2321//2321 2320//2320
f 2316//2316 2317//2317 2322//2322
f 2316//2316 2322//2322 2321//2321
f 2317//2317 2318//2318 2323//2323
f 2317//2317 2323//2323 2322//2322
f 2318//2318 2319//2319 2324//2324
f 2318//2318 2324//2324 2323//2323
f 2319//2319 2315//2315 2320//2320
f 2319//2319 2320//2320 2324//2324
f 2315//2315 2317//2317 2316//2316
f 2315//2315 2318//2318 2317//2317
f 2315//2315 2319//2319 2318//2318
f 2320//2320 2321//2321 2322//2322
f 2320//2320 2322//2322 2323//2323
f 2320//2320 2323//2323 2324//2324
f 2325//2325 2326//2326 2331//2331
f 2325//2325 2331//2331 2330//2330
f 2326//2326 2327//2327 2332//2332
f 2326//2326 2332//2332 2331//2331
f 2327//2327 2328//2328 2333//2333
f 2327//2327 2333//2333 2332//2332
f 2328//2328 2329//2329 2334//2334
f 2328//2328 2334//2334 2333//2333
f 2329//2329 2325//2325 2330//2330
f 2329//2329 2330//2330 2334//2334
f 2325//2325 2327//2327 2326//2326
f 2325//2325 2328//2328 2327//2327
f 2325//2325 2329//2329 2328//2328
f 2330//2330 2331//2331 2332//2332
f 2330//2330 2332//2332 2333//2333
f 2330//2330 2333//2333 2334//2334
f 2335//2335 2336//2336 2341//2341
f 2335//2335 2341//2341 2340//2340
f 2336//2336 2337//2337 2342//2342
f 2336//2336 2342//2342 2341//2341
f 2337//2337 2338//2338 2343//2343
f 2337//2337 2343//2343 2342//2342
f 2338//2338 2339//2339 2344//2344
f 2338//2338 2344//2344 2343//2343
f 2339//2339 2335//2335 2340//2340
f 2339//2339 2340//2340 2344//2344
f 2335//2335 2337//2337 2336//2336
f 2335//2335 2338//2338 2337//2337
f 2335//2335 2339//2339 2338//2338
f 2340//2340 2341//2341 2342//2342
f 2340//2340 2342//2342 2343//2343
f 2340//2340 2343//2343 2344//2344
f 2345//2345 2346//2346 2352//2352
f 2345//2345 2352//2352 2351//2351
f 2346//2346 2347//2347 2353//2353
f 2346//2346 2353//2353 2352//2352
f 2347//2347 2348//2348 2354//2354
f 2347//2347 2354//2354 2353//2353
f 2348//2348 2349//2349 2355//2355
f 2348//2348 2355//2355 2354//2354
f 2349//2349 2350//2350 2356//2356
f 2349//2349 2356//2356 2355//2355
f 2350//2350 2345//2345 2351//2351
f 2350//2350 2351//2351 2356//2356
f 2345//2345 2347//2347 2346//2346
f 2345//2345 2348//2348 2347//2347
f 2345//2345 2349//2349 2348//2348
f 2345//2345 2350//2350 2349//2349
f 2351//2351 2352//2352 2353//2353
f 2351//2351 2353//2353 2354//2354
f 2351//2351 2354//2354 2355//2355
f 2351//2351 2355//2355 2356//2356
f 2357//2357 2358//2358 2363//2363
f 2357//2357 2363//2363 2362//2362
f 2358//2358 2359//2359 2364//2364
f 2358//2358 2364//2364 2363//2363
f 2359//2359 2360//2360 2365//2365
f 2359//2359 2365//2365 2364//2364
f 2360//2360 2361//2361 2366//2366
f 2360//2360 2366//2366 2365//2365
f 2361//2361 2357//2357 2362//2362
f 2361//2361 2362//2362 2366//2366
f 2357//2357 2359//2359 2358//2358
f 2357//2357 2360//2360 2359//2359
f 2357//2357 2361//2361 2360//2360
f 2362//2362 2363//2363 2364//2364
f 2362//2362 2364//2364 2365//2365
f 2362//2362 2365//2365 2366//2366
f 2367//2367 2368//2368 2373//2373
f 2367//2367 2373//2373 2372//2372
f 2368//2368 2369//2369 2374//2374
f 2368//2368 2374//2374 2373//2373
f 2369//2369 2370//2370 2375//2375
f 2369//2369 2375//2375 2374//2374
f 2370//2370 2371//2371 2376//2376
f 2370//2370 2376//2376 2375//2375
f 2371//2371 2367//2367 2372//2372
f 2371//2371 2372//2372 2376//2376
f 2367//2367 2369//2369 2368//2368
f 2367//2367 2370//2370 2369//2369
f 2367//2367 2371//2371 2370//2370
f 2372//2372 2373//2373 2374//2374
f 2372//2372 2374//2374 2375//2375
f 2372//2372 2375//2375 2376//2376
f 2377//2377 2378//2378 2383//2383
f 2377//2377 2383//2383 2382//2382
f 2378//2378 2379//2379 2384//2384
f 2378//2378 2384//2384 2383//2383
f 2379//2379 2380//2380 2385//2385
f 2379//2379 2385//2385 2384//2384
f 2380//2380 2381//2381 2386//2386
f 2380//2380 2386//2386 2385//2385
f 2381//2381 2377//2377 2382//2382
f 2381//2381 2382//2382 2386//2386
f 2377//2377 2379//2379 2378//2378
f 2377//2377 2380//2380 2379//2379
f 2377//2377 2381//2381 2380//2380
f 2382//2382 2383//2383 2384//2384
f 2382//2382 2384//2384 2385//2385
f 2382//2382 2385//2385 2386//2386
f 2387//2387 2388//2388 2394//2394
f 2387//2387 2394//2394 2393//2393
f 2388//2388 2389//2389 2395//2395
f 2388//2388 2395//2395 2394//2394
f 2389//2389 2390//2390 2396//2396
f 2389//2389 2396//2396 2395//2395
f 2390//2390 2391//2391 2397//2397
f 2390//2390 2397//2397 2396//2396
f 2391//2391 2392//2392 2398//2398
f 2391//2391 2398//2398 2397//2397
f 2392//2392 2387//2387 2393//2393
f 2392//2392 2393//2393 2398//2398
f 2387//2387 2389//2389 2388//2388
f 2387//2387 2390//2390 2389//2389
f 2387//2387 2391//2391 2390//2390
f 2387//2387 2392//2392 2391//2391
f 2393//2393 2394//2394 2395//2395
f 2393//2393 2395//2395 2396//2396
f 2393//2393 2396//2396 2397//2397
f 2393//2393 2397//2397 2398//2398
f 2399//2399 2400//2400 2405//2405
f 2399//2399 2405//2405 2404//2404
f 2400//2400 2401//2401 2406//2406
f 2400//2400 2406//2406 2405//2405
f 2401//2401 2402//2402 2407//2407
f 2401//2401 2407//2407 2406//2406
f 2402//2402 2403//2403 2408//2408
f 2402//2402 2408//2408 2407//2407
f 2403//2403 2399//2399 2404//2404
f 2403//2403 2404//2404 2408//2408
f 2399//2399 2401//2401 2400//2400
f 2399//2399 2402//2402 2401//2401
f 2399//2399 2403//2403 2402//2402
f 2404//2404 2405//2405 2406//2406
f 2404//2404 2406//2406 2407//2407
f 2404//2404 2407//2407 2408//2408
f 2409//2409 2410//2410 2415//2415
f 2409//2409 2415//2415 2414//2414
f 2410//2410 2411//2411 2416//2416
f 2410//2410 2416//2416 2415//2415
f 2411//2411 2412//2412 2417//2417
f 2411//2411 2417//2417 2416//2416
f 2412//2412 2413//2413 2418//2418
f 2412//2412 2418//2418 2417//2417
f 2413//2413 2409//2409 2414//2414
f 2413//2413 2414//2414 2418//2418
f 2409//2409 2411//2411 2410//2410
f 2409//2409 2412//2412 2411//2411
f 2409//2409 2413//2413 2412//2412
f 2414//2414 2415//2415 2416//2416
f 2414//2414 2416//2416 2417//2417
f 2414//2414 2417//2417 2418//2418
f 2419//2419 2420//2420 2425//2425
f 2419//2419 2425//2425 2424//2424
f 2420//2420 2421//2421 2426//2426
f 2420//2420 2426//2426 2425//2425
f 2421//2421 2422//2422 2427//2427
f 2421//2421 2427//2427 2426//2426
f 2422//2422 2423//2423 2428//2428
f 2422//2422 2428//2428 2427//2427
f 2423//2423 2419//2419 2424//2424
f 2423//2423 2424//2424 2428//2428
f 2419//2419 2421//2421 2420//2420
f 2419//2419 2422//2422 2421//2421
f 2419//2419 2423//2423 2422//2422
f 2424//2424 2425//2425 2426//2426
f 2424//2424 2426//2426 2427//2427
f 2424//2424 2427//2427 2428//2428
f 2429//2429 2430//2430 2436//2436
f 2429//2429 2436//2436 2435//2435
f 2430//2430 2431//2431 2437//2437
f 2430//2430 2437//2437 2436//2436
f 2431//2431 2432//2432 2438//2438
f 2431//2431 2438//2438 2437//2437
f 2432//2432 2433//2433 2439//2439
f 2432//2432 2439//2439 2438//2438
f 2433//2433 2434//2434 2440//2440
f 2433//2433 2440//2440 2439//2439
f 2434//2434 2429//2429 2435//2435
f 2434//2434 2435//2435 2440//2440
f 2429//2429 2431//2431 2430//2430
f 2429//2429 2432//2432 2431//2431
f 2429//2429 2433//2433 2432//2432
f 2429//2429 2434//2434 2433//2433
f 2435//2435 2436//2436 2437//2437
f 2435//2435 2437//2437 2438//2438
f 2435//2435 2438//2438 2439//2439
f 2435//2435 2439//2439 2440//2440
f 2441//2441 2442//2442 2447//2447
f 2441//2441 2447//2447 2446//2446
f 2442//2442 2443//2443 2448//2448
f 2442//2442 2448//2448 2447//2447
f 2443//2443 2444//2444 2449//2449
f 2443//2443 2449//2449 2448//2448
f 2444//2444 2445//2445 2450//2450
f 2444//2444 2450//2450 2449//2449
f 2445//2445 2441//2441 2446//2446
f 2445//2445 2446//2446 2450//2450
f 2441//2441 2443//2443 2442//2442
f 2441//2441 2444//2444 2443//2443
f 2441//2441 2445//2445 2444//2444
f 2446//2446 2447//2447 2448//2448
f 2446//2446 2448//2448 2449//2449
f 2446//2446 2449//2449 2450//2450
f 2451//2451 2452//2452 2457//2457
f 2451//2451 2457//2457 2456//2456
f 2452//2452 2453//2453 2458//2458
f 2452//2452 2458//2458 2457//2457
f 2453//2453 2454//2454 2459//2459
f 2453//2453 2459//2459 2458//2458
f 2454//2454 2455//2455 2460//2460
f 2454//2454 2460//2460 2459//2459
f 2455//2455 2451//2451 2456//2456
f 2455//2455 2456//2456 2460//2460
f 2451//2451 2453//2453 2452//2452
f 2451//2451 2454//2454 2453//2453
f 2451//2451 2455//2455 2454//2454
f 2456//2456 2457//2457 2458//2458
f 2456//2456 2458//2458 2459//2459
f 2456//2456 2459//2459 2460//2460
f 2461//2461 2462//2462 2467//2467
f 2461//2461 2467//2467 2466//2466
f 2462//2462 2463//2463 2468//2468
f 2462//2462 2468//2468 2467//2467
f 2463//2463 2464//2464 2469//2469
f 2463//2463 2469//2469 2468//2468
f 2464//2464 2465//2465 2470//2470
f 2464//2464 2470//2470 2469//2469
f 2465//2465 2461//2461 2466//2466
f 2465//2465 2466//2466 2470//2470
f 2461//2461 2463//2463 2462//2462
f 2461//2461 2464//2464 2463//2463
f 2461//2461 2465//2465 2464//2464
f 2466//2466 2467//2467 2468//2468
f 2466//2466 2468//2468 2469//2469
f 2466//2466 2469//2469 2470//2470
f 2471//2471 2472//2472 2478//2478
f 2471//2471 2478//2478 2477//2477
f 2472//2472 2473//2473 2479//2479
f 2472//2472 2479//2479 2478//2478
f 2473//2473 2474//2474 2480//2480
f 2473//2473 2480//2480 2479//2479
f 2474//2474 2475//2475 2481//2481
f 2474//2474 2481//2481 2480//2480
f 2475//2475 2476//2476 2482//2482
f 2475//2475 2482//2482 2481//2481
f 2476//2476 2471//2471 2477//2477
f 2476//2476 2477//2477 2482//2482
f 2471//2471 2473//2473 2472//2472
f 2471//2471 2474//2474 2473//2473
f 2471//2471 2475//2475 2474//2474
f 2471//2471 2476//2476 2475//2475
f 2477//2477 2478//2478 2479//2479
f 2477//2477 2479//2479 2480//2480
f 2477//2477 2480//2480 2481//2481
f 2477//2477 2481//2481 2482//2482
f 2483//2483 2484//2484 2489//2489
f 2483//2483 2489//2489 2488//2488
f 2484//2484 2485//2485 2490//2490
f 2484//2484 2490//2490 2489//2489
f 2485//2485 2486//2486 2491//2491
f 2485//2485 2491//2491 2490//2490
f 2486//2486 2487//2487 2492//2492
f 2486//2486 2492//2492 2491//2491
f 2487//2487 2483//2483 2488//2488
f 2487//2487 2488//2488 2492//2492
f 2483//2483 2485//2485 2484//2484
f 2483//2483 2486//2486 2485//2485
f 2483//2483 2487//2487 2486//2486
f 2488//2488 2489//2489 2490//2490
f 2488//2488 2490//2490 2491//2491
f 2488//2488 2491//2491 2492//2492
f 2493//2493 2494//2494 2499//2499
f 2493//2493 2499//2499 2498//2498
f 2494//2494 2495//2495 2500//2500
f 2494//2494 2500//2500 2499//2499
f 2495//2495 2496//2496 2501//2501
f 2495//2495 2501//2501 2500//2500
f 2496//2496 2497//2497 2502//2502
f 2496//2496 2502//2502 2501//2501
f 2497//2497 2493//2493 2498//2498
f 2497//2497 2498//2498 2502//2502
f 2493//2493 2495//2495 2494//2494
f 2493//2493 2496//2496 2495//2495
f 2493//2493 2497//2497 2496//2496
f 2498//2498 2499//2499 2500//2500
f 2498//2498 2500//2500 2501//2501
f 2498//2498 2501//2501 2502//2502
f 2503//2503 2504//2504 2509//2509
f 2503//2503 2509//2509 2508//2508
f 2504//2504 2505//2505 2510//2510
f 2504//2504 2510//2510 2509//2509
f 2505//2505 2506//2506 2511//2511
f 2505//2505 2511//2511 2510//2510
f 2506//2506 2507//2507 2512//2512
f 2506//2506 2512//2512 2511//2511
f 2507//2507 2503//2503 2508//2508
f 2507//2507 2508//2508 2512//2512
f 2503//2503 2505//2505 2504//2504
f 2503//2503 2506//2506 2505//2505
f 2503//2503 2507//2507 2506//2506
f 2508//2508 2509//2509 2510//2510
f 2508//2508 2510//2510 2511//2511
f 2508//2508 2511//2511 2512//2512
f 2513//2513 2514//2514 2520//2520
f 2513//2513 2520//2520 2519//2519
f 2514//2514 2515//2515 2521//2521
f 2514//2514 2521//2521 2520//2520
f 2515//2515 2516//2516 2522//2522
f 2515//2515 2522//2522 2521//2521
f 2516//2516 2517//2517 2523//2523
f 2516//2516 2523//2523 2522//2522
f 2517//2517 2518//2518 2524//2524
f 2517//2517 2524//2524 2523//2523
f 2518//2518 2513//2513 2519//2519
f 2518//2518 2519//2519 2524//2524
f 2513//2513 2515//2515 2514//2514
f 2513//2513 2516//2516 2515//2515
f 2513//2513 2517//2517 2516//2516
f 2513//2513 2518//2518 2517//2517
f 2519//2519 2520//2520 2521//2521
f 2519//2519 2521//2521 2522//2522
f 2519//2519 2522//2522 2523//2523
f 2519//2519 2523//2523 2524//2524
f 2525//2525 2526//2526 2531//2531
f 2525//2525 2531//2531 2530//2530
f 2526//2526 2527//2527 2532//2532
f 2526//2526 2532//2532 2531//2531
f 2527//2527 2528//2528 2533//2533
f 2527//2527 2533//2533 2532//2532
f 2528//2528 2529//2529 2534//2534
f 2528//2528 2534//2534 2533//2533
f 2529//2529 2525//2525 2530//2530
f 2529//2529 2530//2530 2534//2534
f 2525//2525 2527//2527 2526//2526
f 2525//2525 2528//2528 2527//2527
f 2525//2525 2529//2529 2528//2528
f 2530//2530 2531//2531 2532//2532
f 2530//2530 2532//2532 2533//2533
f 2530//2530 2533//2533 2534//2534
f 2535//2535 2536//2536 2541//2541
f 2535//2535 2541//2541 2540//2540
f 2536//2536 2537//2537 2542//2542
f 2536//2536 2542//2542 2541//2541
f 2537//2537 2538//2538 2543//2543
f 2537//2537 2543//2543 2542//2542
f 2538//2538 2539//2539 2544//2544
f 2538//2538 2544//2544 2543//2543
f 2539//2539 2535//2535 2540//2540
f 2539//2539 2540//2540 2544//2544
f 2535//2535 2537//2537 2536//2536
f 2535//2535 2538//2538 2537//2537
f 2535//2535 2539//2539 2538//2538
f 2540//2540 2541//2541 2542//2542
f 2540//2540 2542//2542 2543//2543
f 2540//2540 2543//2543 2544//2544
f 2545//2545 2546//2546 2551//2551
f 2545//2545 2551//2551 2550//2550
f 2546//2546 2547//2547 2552//2552
f 2546//2546 2552//2552 2551//2551
f 2547//2547 2548//2548 2553//2553
f 2547//2547 2553//2553 2552//2552
f 2548//2548 2549//2549 2554//2554
f 2548//2548 2554//2554 2553//2553
f 2549//2549 2545//2545 2550//2550
f 2549//2549 2550//2550 2554//2554
f 2545//2545 2547//2547 2546//2546
f 2545//2545 2548//2548 2547//2547
f 2545//2545 2549//2549 2548//2548
f 2550//2550 2551//2551 2552//2552
f 2550//2550 2552//2552 2553//2553
f 2550//2550 2553//2553 2554//2554
f 2555//2555 2556//2556 2562//2562
f 2555//2555 2562//2562 2561//2561
f 2556//2556 2557//2557 2563//2563
f 2556//2556 2563//2563 2562//2562
f 2557//2557 2558//2558 2564//2564
f 2557//2557 2564//2564 2563//2563
f 2558//2558 2559//2559 2565//2565
f 2558//2558 2565//2565 2564//2564
f 2559//2559 2560//2560 2566//2566
f 2559//2559 2566//2566 2565//2565
f 2560//2560 2555//2555 2561//2561
f 2560//2560 2561//2561 2566//2566
f 2555//2555 2557//2557 2556//2556
f 2555//2555 2558//2558 2557//2557
f 2555//2555 2559//2559 2558//2558
f 2555//2555 2560//2560 2559//2559
f 2561//2561 2562//2562 2563//2563
f 2561//2561 2563//2563 2564//2564
f 2561//2561 2564//2564 2565//2565
f 2561//2561 2565//2565 2566//2566
f 2567//2567 2568//2568 2573//2573
f 2567//2567 2573//2573 2572//2572
f 2568//2568 2569//2569 2574//2574
f 2568//2568 2574//2574 2573//2573
f 2569//2569 2570//2570 2575//2575
f 2569//2569 2575//2575 2574//2574
f 2570//2570 2571//2571 2576//2576
f 2570//2570 2576//2576 2575//2575
f 2571//2571 2567//2567 2572//2572
f 2571//2571 2572//2572 2576//2576
f 2567//2567 2569//2569 2568//2568
f 2567//2567 2570//2570 2569//2569
f 2567//2567 2571//2571 2570//2570
f 2572//2572 2573//2573 2574//2574
f 2572//2572 2574//2574 2575//2575
f 2572//2572 2575//2575 2576//2576
f 2577//2577 2578//2578 2583//2583
f 2577//2577 2583//2583 2582//2582
f 2578//2578 2579//2579 2584//2584
f 2578//2578 2584//2584 2583//2583
f 2579//2579 2580//2580 2585//2585
f 2579//2579 2585//2585 2584//2584
f 2580//2580 2581//2581 2586//2586
f 2580//2580 2586//2586 2585//2585
f 2581//2581 2577//2577 2582//2582
f 2581//2581 2582//2582 2586//2586
f 2577//2577 2579//2579 2578//2578
f 2577//2577 2580//2580 2579//2579
f 2577//2577 2581//2581 2580//2580
f 2582//2582 2583//2583 2584//2584
f 2582//2582 2584//2584 2585//2585
f 2582//2582 2585//2585 2586//2586
f 2587//2587 2588//2588 2593//2593
f 2587//2587 2593//2593 2592//2592
f 2588//2588 2589//2589 2594//2594
f 2588//2588 2594//2594 2593//2593
f 2589//2589 2590//2590 2595//2595
f 2589//2589 2595//2595 2594//2594
f 2590//2590 2591//2591 2596//2596
f 2590//2590 2596//2596 2595//2595
f 2591//2591 2587//2587 2592//2592
f 2591//2591 2592//2592 2596//2596
f 2587//2587 2589//2589 2588//2588
f 2587//2587 2590//2590 2589//2589
f 2587//2587 2591//2591 2590//2590
f 2592//2592 2593//2593 2594//2594
f 2592//2592 2594//2594 2595//2595
f 2592//2592 2595//2595 2596//2596
f 2597//2597 2598//2598 2604//2604
f 2597//2597 2604//2604 2603//2603
f 2598//2598 2599//2599 2605//2605
f 2598//2598 2605//2605 2604//2604
f 2599//2599 2600//2600 2606//2606
f 2599//2599 2606//2606 2605//2605
f 2600//2600 2601//2601 2607//2607
f 2600//2600 2607//2607 2606//2606
f 2601//2601 2602//2602 2608//2608
f 2601//2601 2608//2608 2607//2607
f 2602//2602 2597//2597 2603//2603
f 2602//2602 2603//2603 2608//2608
f 2597//2597 2599//2599 2598//2598
f 2597//2597 2600//2600 2599//2599
f 2597//2597 2601//2601 2600//2600
f 2597//2597 2602//2602 2601//2601
f 2603//2603 2604//2604 2605//2605
f 2603//2603 2605//2605 2606//2606
f 2603//2603 2606//2606 2607//2607
f 2603//2603 2607//2607 2608//2608
f 2609//2609 2610//2610 2615//2615
f 2609//2609 2615//2615 2614//2614
f 2610//2610 2611//2611 2616//2616
f 2610//2610 2616//2616 2615//2615
f 2611//2611 2612//2612 2617//2617
f 2611//2611 2617//2617 2616//2616
f 2612//2612 2613//2613 2618//2618
f 2612//2612 2618//2618 2617//2617
f 2613//2613 2609//2609 2614//2614
f 2613//2613 2614//2614 2618//2618
f 2609//2609 2611//2611 2610//2610
f 2609//2609 2612//2612 2611//2611
f 2609//2609 2613//2613 2612//2612
f 2614//2614 2615//2615 2616//2616
f 2614//2614 2616//2616 2617//2617
f 2614//2614 2617//2617 2618//2618
f 2619//2619 2620//2620 2625//2625
f 2619//2619 2625//2625 2624//2624
f 2620//2620 2621//2621 2626//2626
f 2620//2620 2626//2626 2625//2625
f 2621//2621 2622//2622 2627//2627
f 2621//2621 2627//2627 2626//2626
f 2622//2622 2623//2623 2628//2628
f 2622//2622 2628//2628 2627//2627
f 2623//2623 2619//2619 2624//2624
f 2623//2623 2624//2624 2628//2628
f 2619//2619 2621//2621 2620//2620
f 2619//2619 2622//2622 2621//2621
f 2619//2619 2623//2623 2622//2622
f 2624//2624 2625//2625 2626//2626
f 2624//2624 2626//2626 2627//2627
f 2624//2624 2627//2627 2628//2628
f 2629//2629 2630//2630 2635//2635
f 2629//2629 2635//2635 2634//2634
f 2630//2630 2631//2631 2636//2636
f 2630//2630 2636//2636 2635//2635
f 2631//2631 2632//2632 2637//2637
f 2631//2631 2637//2637 2636//2636
f 2632//2632 2633//2633 2638//2638
f 2632//2632 2638//2638 2637//2637
f 2633//2633 2629//2629 2634//2634
f 2633//2633 2634//2634 2638//2638
f 2629//2629 2631//2631 2630//2630
f 2629//2629 2632//2632 2631//2631
f 2629//2629 2633//2633 2632//2632
f 2634//2634 2635//2635 2636//2636
f 2634//2634 2636//2636 2637//2637
f 2634//2634 2637//2637 2638//2638
f 2639//2639 2640//2640 2646//2646
f 2639//2639 2646//2646 2645//2645
f 2640//2640 2641//2641 2647//2647
f 2640//2640 2647//2647 2646//2646
f 2641//2641 2642//2642 2648//2648
f 2641//2641 2648//2648 2647//2647
f 2642//2642 2643//2643 2649//2649
f 2642//2642 2649//2649 2648//2648
f 2643//2643 2644//2644 2650//2650
f 2643//2643 2650//2650 2649//2649
f 2644//2644 2639//2639 2645//2645
f 2644//2644 2645//2645 2650//2650
f 2639//2639 2641//2641 2640//2640
f 2639//2639 2642//2642 2641//2641
f 2639//2639 2643//2643 2642//2642
f 2639//2639 2644//2644 2643//2643
f 2645//2645 2646//2646 2647//2647
f 2645//2645 2647//2647 2648//2648
f 2645//2645 2648//2648 2649//2649
f 2645//2645 2649//2649 2650//2650
f 2651//2651 2652//2652 2657//2657
f 2651//2651 2657//2657 2656//2656
f 2652//2652 2653//2653 2658//2658
f 2652//2652 2658//2658 2657//2657
f 2653//2653 2654//2654 2659//2659
f 2653//2653 2659//2659 2658//2658
f 2654//2654 2655//2655 2660//2660
f 2654//2654 2660//2660 2659//2659
f 2655//2655 2651//2651 2656//2656
f 2655//2655 2656//2656 2660//2660
f 2651//2651 2653//2653 2652//2652
f 2651//2651 2654//2654 2653//2653
f 2651//2651 2655//2655 2654//2654
f 2656//2656 2657//2657 2658//2658
f 2656//2656 2658//2658 2659//2659
f 2656//2656 2659//2659 2660//2660
f 2661//2661 2662//2662 2667//2667
f 2661//2661 2667//2667 2666//2666
f 2662//2662 2663//2663 2668//2668
f 2662//2662 2668//2668 2667//2667
f 2663//2663 2664//2664 2669//2669
f 2663//2663 2669//2669 2668//2668
f 2664//2664 2665//2665 2670//2670
f 2664//2664 2670//2670 2669//2669
f 2665//2665 2661//2661 2666//2666
f 2665//2665 2666//2666 2670//2670
f 2661//2661 2663//2663 2662//2662
f 2661//2661 2664//2664 2663//2663
f 2661//2661 2665//2665 2664//2664
f 2666//2666 2667//2667 2668//2668
f 2666//2666 2668//2668 2669//2669
f 2666//2666 2669//2669 2670//2670
f 2671//2671 2672//2672 2677//2677
f 2671//2671 2677//2677 2676//2676
f 2672//2672 2673//2673 2678//2678
f 2672//2672 2678//2678 2677//2677
f 2673//2673 2674//2674 2679//2679
f 2673//2673 2679//2679 2678//2678
f 2674//2674 2675//2675 2680//2680
f 2674//2674 2680//2680 2679//2679
f 2675//2675 2671//2671 2676//2676
f 2675//2675 2676//2676 2680//2680
f 2671//2671 2673//2673 2672//2672
f 2671//2671 2674//2674 2673//2673
f 2671//2671 2675//2675 2674//2674
f 2676//2676 2677//2677 2678//2678
f 2676//2676 2678//2678 2679//2679
f 2676//2676 2679//2679 2680//2680
f 2681//2681 2682//2682 2688//2688
f 2681//2681 2688//2688 2687//2687
f 2682//2682 2683//2683 2689//2689
f 2682//2682 2689//2689 2688//2688
f 2683//2683 2684//2684 2690//2690
f 2683//2683 2690//2690 2689//2689
f 2684//2684 2685//2685 2691//2691
f 2684//2684 2691//2691 2690//2690
f 2685//2685 2686//2686 2692//2692
f 2685//2685 2692//2692 2691//2691
f 2686//2686 2681//2681 2687//2687
f 2686//2686 2687//2687 2692//2692
f 2681//2681 2683//2683 2682//2682
f 2681//2681 2684//2684 2683//2683
f 2681//2681 2685//2685 2684//2684
f 2681//2681 2686//2686 2685//2685
f 2687//2687 2688//2688 2689//2689
f 2687//2687 2689//2689 2690//2690
f 2687//2687 2690//2690 2691//2691
f 2687//2687 2691//2691 2692//2692
f 2693//2693 2694//2694 2699//2699
f 2693//2693 2699//2699 2698//2698
f 2694//2694 2695//2695 2700//2700
f 2694//2694 2700//2700 2699//2699
f 2695//2695 2696//2696 2701//2701
f 2695//2695 2701//2701 2700//2700
f 2696//2696 2697//2697 2702//2702
f 2696//2696 2702//2702 2701//2701
f 2697//2697 2693//2693 2698//2698
f 2697//2697 2698//2698 2702//2702
f 2693//2693 2695//2695 2694//2694
f 2693//2693 2696//2696 2695//2695
f 2693//2693 2697//2697 2696//2696
f 2698//2698 2699//2699 2700//2700
f 2698//2698 2700//2700 2701//2701
f 2698//2698 2701//2701 2702//2702
f 2703//2703 2704//2704 2709//2709
f 2703//2703 2709//2709 2708//2708
f 2704//2704 2705//2705 2710//2710
f 2704//2704 2710//2710 2709//2709
f 2705//2705 2706//2706 2711//2711
f 2705//2705 2711//2711 2710//2710
f 2706//2706 2707//2707 2712//2712
f 2706//2706 2712//2712 2711//2711
f 2707//2707 2703//2703 2708//2708
f 2707//2707 2708//2708 2712//2712
f 2703//2703 2705//2705 2704//2704
f 2703//2703 2706//2706 2705//2705
f 2703//2703 2707//2707 2706//2706
f 2708//2708 2709//2709 2710//2710
f 2708//2708 2710//2710 2711//2711
f 2708//2708 2711//2711 2712//2712
f 2713//2713 2714//2714 2719//2719
f 2713//2713 2719//2719 2718//2718
f 2714//2714 2715//2715 2720//2720
f 2714//2714 2720//2720 2719//2719
f 2715//2715 2716//2716 2721//2721
f 2715//2715 2721//2721 2720//2720
f 2716//2716 2717//2717 2722//2722
f 2716//2716 2722//2722 2721//2721
f 2717//2717 2713//2713 2718//2718
f 2717//2717 2718//2718 2722//2722
f 2713//2713 2715//2715 2714//2714
f 2713//2713 2716//2716 2715//2715
f 2713//2713 2717//2717 2716//2716
f 2718//2718 2719//2719 2720//2720
f 2718//2718 2720//2720 2721//2721
f 2718//2718 2721//2721 2722//2722
f 2723//2723 2724//2724 2730//2730
f 2723//2723 2730//2730 2729//2729
f 2724//2724 2725//2725 2731//2731
f 2724//2724 2731//2731 2730//2730
f 2725//2725 2726//2726 2732//2732
f 2725//2725 2732//2732 2731//2731
f 2726//2726 2727//2727 2733//2733
f 2726//2726 2733//2733 2732//2732
f 2727//2727 2728//2728 2734//2734
f 2727//2727 2734//2734 2733//2733
f 2728//2728 2723//2723 2729//2729
f 2728//2728 2729//2729 2734//2734
f 2723//2723 2725//2725 2724//2724
f 2723//2723 2726//2726 2725//2725
f 2723//2723 2727//2727 2726//2726
f 2723//2723 2728//2728 2727//2727
f 2729//2729 2730//2730 2731//2731
f 2729//2729 2731//2731 2732//2732
f 2729//2729 2732//2732 2733//2733
f 2729//2729 2733//2733 2734//2734
f 2735//2735 2736//2736 2741//2741
f 2735//2735 2741//2741 2740//2740
f 2736//2736 2737//2737 2742//2742
f 2736//2736 2742//2742 2741//2741
f 2737//2737 2738//2738 2743//2743
f 2737//2737 2743//2743 2742//2742
f 2738//2738 2739//2739 2744//2744
f 2738//2738 2744//2744 2743//2743
f 2739//2739 2735//2735 2740//2740
f 2739//2739 2740//2740 2744//2744
f 2735//2735 2737//2737 2736//2736
f 2735//2735 2738//2738 2737//2737
f 2735//2735 2739//2739 2738//2738
f 2740//2740 2741//2741 2742//2742
f 2740//2740 2742//2742 2743//2743
f 2740//2740 2743//2743 2744//2744
f 2745//2745 2746//2746 2751//2751
f 2745//2745 2751//2751 2750//2750
f 2746//2746 2747//2747 2752//2752
f 2746//2746 2752//2752 2751//2751
f 2747//2747 2748//2748 2753//2753
f 2747//2747 2753//2753 2752//2752
f 2748//2748 2749//2749 2754//2754
f 2748//2748 2754//2754 2753//2753
f 2749//2749 2745//2745 2750//2750
f 2749//2749 2750//2750 2754//2754
f 2745//2745 2747//2747 2746//2746
f 2745//2745 2748//2748 2747//2747
f 2745//2745 2749//2749 2748//2748
f 2750//2750 2751//2751 2752//2752
f 2750//2750 2752//2752 2753//2753
f 2750//2750 2753//2753 2754//2754
f 2755//2755 2756//2756 2761//2761
f 2755//2755 2761//2761 2760//2760
f 2756//2756 2757//2757 2762//2762
f 2756//2756 2762//2762 2761//2761
f 2757//2757 2758//2758 2763//2763
f 2757//2757 2763//2763 2762//2762
f 2758//2758 2759//2759 2764//2764
f 2758//2758 2764//2764 2763//2763
f 2759//2759 2755//2755 2760//2760
f 2759//2759 2760//2760 2764//2764
f 2755//2755 2757//2757 2756//2756
f 2755//2755 2758//2758 2757//2757
f 2755//2755 2759//2759 2758//2758
f 2760//2760 2761//2761 2762//2762
f 2760//2760 2762//2762 2763//2763
f 2760//2760 2763//2763 2764//2764
f 2765//2765 2766//2766 2772//2772
f 2765//2765 2772//2772 2771//2771
f 2766//2766 2767//2767 2773//2773
f 2766//2766 2773//2773 2772//2772
f 2767//2767 2768//2768 2774//2774
f 2767//2767 2774//2774 2773//2773
f 2768//2768 2769//2769 2775//2775
f 2768//2768 2775//2775 2774//2774
f 2769//2769 2770//2770 2776//2776
f 2769//2769 2776//2776 2775//2775
f 2770//2770 2765//2765 2771//2771
f 2770//2770 2771//2771 2776//2776
f 2765//2765 2767//2767 2766//2766
f 2765//2765 2768//2768 2767//2767
f 2765//2765 2769//2769 2768//2768
f 2765//2765 2770//2770 2769//2769
f 2771//2771 2772//2772 2773//2773
f 2771//2771 2773//2773 2774//2774
f 2771//2771 2774//2774 2775//2775
f 2771//2771 2775//2775 2776//2776
f 2777//2777 2778//2778 2783//2783
f 2777//2777 2783//2783 2782//2782
f 2778//2778 2779//2779 2784//2784
f 2778//2778 2784//2784 2783//2783
f 2779//2779 2780//2780 2785//2785
f 2779//2779 2785//2785 2784//2784
f 2780//2780 2781//2781 2786//2786
f 2780//2780 2786//2786 2785//2785
f 2781//2781 2777//2777 2782//2782
f 2781//2781 2782//2782 2786//2786
f 2777//2777 2779//2779 2778//2778
f 2777//2777 2780//2780 2779//2779
f 2777//2777 2781//2781 2780//2780
f 2782//2782 2783//2783 2784//2784
f 2782//2782 2784//2784 2785//2785
f 2782//2782 2785//2785 2786//2786
f 2787//2787 2788//2788 2793//2793
f 2787//2787 2793//2793 2792//2792
f 2788//2788 2789//2789 2794//2794
f 2788//2788 2794//2794 2793//2793
f 2789//2789 2790//2790 2795//2795
f 2789//2789 2795//2795 2794//2794
f 2790//2790 2791//2791 2796//2796
f 2790//2790 2796//2796 2795//2795
f 2791//2791 2787//2787 2792//2792
f 2791//2791 2792//2792 2796//2796
f 2787//2787 2789//2789 2788//2788
f 2787//2787 2790//2790 2789//2789
f 2787//2787 2791//2791 2790//2790
f 2792//2792 2793//2793 2794//2794
f 2792//2792 2794//2794 2795//2795
f 2792//2792 2795//2795 2796//2796
f 2797//2797 2798//2798 2803//2803
f 2797//2797 2803//2803 2802//2802
f 2798//2798 2799//2799 2804//2804
f 2798//2798 2804//2804 2803//2803
f 2799//2799 2800//2800 2805//2805
f 2799//2799 2805//2805 2804//2804
f 2800//2800 2801//2801 2806//2806
f 2800//2800 2806//2806 2805//2805
f 2801//2801 2797//2797 2802//2802
f 2801//2801 2802//2802 2806//2806
f 2797//2797 2799//2799 2798//2798
f 2797//2797 2800//2800 2799//2799
f 2797//2797 2801//2801 2800//2800
f 2802//2802 2803//2803 2804//2804
f 2802//2802 2804//2804 2805//2805
f 2802//2802 2805//2805 2806//2806
f 2807//2807 2808//2808 2814//2814
f 2807//2807 2814//2814 2813//2813
f 2808//2808 2809//2809 2815//2815
f 2808//2808 2815//2815 2814//2814
f 2809//2809 2810//2810 2816//2816
f 2809//2809 2816//2816 2815//2815
f 2810//2810 2811//2811 2817//2817
f 2810//2810 2817//2817 2816//2816
f 2811//2811 2812//2812 2818//2818
f 2811//2811 2818//2818 2817//2817
f 2812//2812 2807//2807 2813//2813
f 2812//2812 2813//2813 2818//2818
f 2807//2807 2809//2809 2808//2808
f 2807//2807 2810//2810 2809//2809
f 2807//2807 2811//2811 2810//2810
f 2807//2807 2812//2812 2811//2811
f 2813//2813 2814//2814 2815//2815
f 2813//2813 2815//2815 2816//2816
f 2813//2813 2816//2816 2817//2817
f 2813//2813 2817//2817 2818//2818
f 2819//2819 2820//2820 2825//2825
f 2819//2819 2825//2825 2824//2824
f 2820//2820 2821//2821 2826//2826
f 2820//2820 2826//2826 2825//2825
f 2821//2821 2822//2822 2827//2827
f 2821//2821 2827//2827 2826//2826
f 2822//2822 2823//2823 2828//2828
f 2822//2822 2828//2828 2827//2827
f 2823//2823 2819//2819 2824//2824
f 2823//2823 2824//2824 2828//2828
f 2819//2819 2821//2821 2820//2820
f 2819//2819 2822//2822 2821//2821
f 2819//2819 2823//2823 2822//2822
f 2824//2824 2825//2825 2826//2826
f 2824//2824 2826//2826 2827//2827
f 2824//2824 2827//2827 2828//2828
f 2829//2829 2830//2830 2835//2835
f 2829//2829 2835//2835 2834//2834
f 2830//2830 2831//2831 2836//2836
f 2830//2830 2836//2836 2835//2835
f 2831//2831 2832//2832 2837//2837
f 2831//2831 2837//2837 2836//2836
f 2832//2832 2833//2833 2838//2838
f 2832//2832 2838//2838 2837//2837
f 2833//2833 2829//2829 2834//2834
f 2833//2833 2834//2834 2838//2838
f 2829//2829 2831//2831 2830//2830
f 2829//2829 2832//2832 2831//2831
f 2829//2829 2833//2833 2832//2832
f 2834//2834 2835//2835 2836//2836
f 2834//2834 2836//2836 2837//2837
f 2834//2834 2837//2837 2838//2838
f 2839//2839 2840//2840 2845//2845
f 2839//2839 2845//2845 2844//2844
f 2840//2840 2841//2841 2846//2846
f 2840//2840 2846//2846 2845//2845
f 2841//2841 2842//2842 2847//2847
f 2841//2841 2847//2847 2846//2846
f 2842//2842 2843//2843 2848//2848
f 2842//2842 2848//2848 2847//2847
f 2843//2843 2839//2839 2844//2844
f 2843//2843 2844//2844 2848//2848
f 2839//2839 2841//2841 2840//2840
f 2839//2839 2842//2842 2841//2841
f 2839//2839 2843//2843 2842//2842
f 2844//2844 2845//2845 2846//2846
f 2844//2844 2846//2846 2847//2847
f 2844//2844 2847//2847 2848//2848
f 2849//2849 2850//2850 2856//2856
f 2849//2849 2856//2856 2855//2855
f 2850//2850 2851//2851 2857//2857
f 2850//2850 2857//2857 2856//2856
f 2851//2851 2852//2852 2858//2858
f 2851//2851 2858//2858 2857//2857
f 2852//2852 2853//2853 2859//2859
f 2852//2852 2859//2859 2858//2858
f 2853//2853 2854//2854 2860//2860
f 2853//2853 2860//2860 2859//2859
f 2854//2854 2849//2849 2855//2855
f 2854//2854 2855//2855 2860//2860
f 2849//2849 2851//2851 2850//2850
f 2849//2849 2852//2852 2851//2851
f 2849//2849 2853//2853 2852//2852
f 2849//2849 2854//2854 2853//2853
f 2855//2855 2856//2856 2857//2857
f 2855//2855 2857//2857 2858//2858
f 2855//2855 2858//2858 2859//2859
f 2855//2855 2859//2859 2860//2860
f 2861//2861 2862//2862 2867//2867
f 2861//2861 2867//2867 2866//2866
f 2862//2862 2863//2863 2868//2868
f 2862//2862 2868//2868 2867//2867
f 2863//2863 2864//2864 2869//2869
f 2863//2863 2869//2869 2868//2868
f 2864//2864 2865//2865 2870//2870
f 2864//2864 2870//2870 2869//2869
f 2865//2865 2861//2861 2866//2866
f 2865//2865 2866//2866 2870//2870
f 2861//2861 2863//2863 2862//2862
f 2861//2861 2864//2864 2863//2863
f 2861//2861 2865//2865 2864//2864
f 2866//2866 2867//2867 2868//2868
f 2866//2866 2868//2868 2869//2869
f 2866//2866 2869//2869 2870//2870
f 2871//2871 2872//2872 2877//2877
f 2871//2871 2877//2877 2876//2876
f 2872//2872 2873//2873 2878//2878
f 2872//2872 2878//2878 2877//2877
f 2873//2873 2874//2874 2879//2879
f 2873//2873 2879//2879 2878//2878
f 2874//2874 2875//2875 2880//2880
f 2874//2874 2880//2880 2879//2879
f 2875//2875 2871//2871 2876//2876
f 2875//2875 2876//2876 2880//2880
f 2871//2871 2873//2873 2872//2872
f 2871//2871 2874//2874 2873//2873
f 2871//2871 2875//2875 2874//2874
f 2876//2876 2877//2877 2878//2878
f 2876//2876 2878//2878 2879//2879
f 2876//2876 2879//2879 2880//2880
f 2881//2881 2882//2882 2887//2887
f 2881//2881 2887//2887 2886//2886
f 2882//2882 2883//2883 2888//2888
f 2882//2882 2888//2888 2887//2887
f 2883//2883 2884//2884 2889//2889
f 2883//2883 2889//2889 2888//2888
f 2884//2884 2885//2885 2890//2890
f 2884//2884 2890//2890 2889//2889
f 2885//2885 2881//2881 2886//2886
f 2885//2885 2886//2886 2890//2890
f 2881//2881 2883//2883 2882//2882
f 2881//2881 2884//2884 2883//2883
f 2881//2881 2885//2885 2884//2884
f 2886//2886 2887//2887 2888//2888
f 2886//2886 2888//2888 2889//2889
f 2886//2886 2889//2889 2890//2890
f 2891//2891 2892//2892 2898//2898
f 2891//2891 2898//2898 2897//2897
f 2892//2892 2893//2893 2899//2899
f 2892//2892 2899//2899 2898//2898
f 2893//2893 2894//2894 2900//2900
f 2893//2893 2900//2900 2899//2899
f 2894//2894 2895//2895 2901//2901
f 2894//2894 2901//2901 2900//2900
f 2895//2895 2896//2896 2902//2902
f 2895//2895 2902//2902 2901//2901
f 2896//2896 2891//2891 2897//2897
f 2896//2896 2897//2897 2902//2902
f 2891//2891 2893//2893 2892//2892
f 2891//2891 2894//2894 2893//2893
f 2891//2891 2895//2895 2894//2894
f 2891//2891 2896//2896 2895//2895
f 2897//2897 2898//2898 2899//2899
f 2897//2897 2899//2899 2900//2900
f 2897//2897 2900//2900 2901//2901
f 2897//2897 2901//2901 2902//2902
f 2903//2903 2904//2904 2909//2909
f 2903//2903 2909//2909 2908//2908
f 2904//2904 2905//2905 2910//2910
f 2904//2904 2910//2910 2909//2909
f 2905//2905 2906//2906 2911//2911
f 2905//2905 2911//2911 2910//2910
f 2906//2906 2907//2907 2912//2912
f 2906//2906 2912//2912 2911//2911
f 2907//2907 2903//2903 2908//2908
f 2907//2907 2908//2908 2912//2912
f 2903//2903 2905//2905 2904//2904
f 2903//2903 2906//2906 2905//2905
f 2903//2903 2907//2907 2906//2906
f 2908//2908 2909//2909 2910//2910
f 2908//2908 2910//2910 2911//2911
f 2908//2908 2911//2911 2912//2912
f 2913//2913 2914//2914 2919//2919
f 2913//2913 2919//2919 2918//2918
f 2914//2914 2915//2915 2920//2920
f 2914//2914 2920//2920 2919//2919
f 2915//2915 2916//2916 2921//2921
f 2915//2915 2921//2921 2920//2920
f 2916//2916 2917//2917 2922//2922
f 2916//2916 2922//2922 2921//2921
f 2917//2917 2913//2913 2918//2918
f 2917//2917 2918//2918 2922//2922
f 2913//2913 2915//2915 2914//2914
f 2913//2913 2916//2916 2915//2915
f 2913//2913 2917//2917 2916//2916
f 2918//2918 2919//2919 2920//2920
f 2918//2918 2920//2920 2921//2921
f 2918//2918 2921//2921 2922//2922
f 2923//2923 2924//2924 2929//2929
f 2923//2923 2929//2929 2928//2928
f 2924//2924 2925//2925 2930//2930
f 2924//2924 2930//2930 2929//2929
f 2925//2925 2926//2926 2931//2931
f 2925//2925 2931//2931 2930//2930
f 2926//2926 2927//2927 2932//2932
f 2926//2926 2932//2932 2931//2931
f 2927//2927 2923//2923 2928//2928
f 2927//2927 2928//2928 2932//2932
f 2923//2923 2925//2925 2924//2924
f 2923//2923 2926//2926 2925//2925
f 2923//2923 2927//2927 2926//2926
f 2928//2928 2929//2929 2930//2930
f 2928//2928 2930//2930 2931//2931
f 2928//2928 2931//2931 2932//2932
f 2933//2933 2934//2934 2940//2940
f 2933//2933 2940//2940 2939//2939
f 2934//2934 2935//2935 2941//2941
f 2934//2934 2941//2941 2940//2940
f 2935//2935 2936//2936 2942//2942
f 2935//2935 2942//2942 2941//2941
f 2936//2936 2937//2937 2943//2943
f 2936//2936 2943//2943 2942//2942
f 2937//2937 2938//2938 2944//2944
f 2937//2937 2944//2944 2943//2943
f 2938//2938 2933//2933 2939//2939
f 2938//2938 2939//2939 2944//2944
f 2933//2933 2935//2935 2934//2934
f 2933//2933 2936//2936 2935//2935
f 2933//2933 2937//2937 2936//2936
f 2933//2933 2938//2938 2937//2937
f 2939//2939 2940//2940 2941//2941
f 2939//2939 2941//2941 2942//2942
f 2939//2939 2942//2942 2943//2943
f 2939//2939 2943//2943 2944//2944
f 2945//2945 2946//2946 2951//2951
f 2945//2945 2951//2951 2950//2950
f 2946//2946 2947//2947 2952//2952
f 2946//2946 2952//2952 2951//2951
f 2947//2947 2948//2948 2953//2953
f 2947//2947 2953//2953 2952//2952
f 2948//2948 2949//2949 2954//2954
f 2948//2948 2954//2954 2953//2953
f 2949//2949 2945//2945 2950//2950
f 2949//2949 2950//2950 2954//2954
f 2945//2945 2947//2947 2946//2946
f 2945//2945 2948//2948 2947//2947
f 2945//2945 2949//2949 2948//2948
f 2950//2950 2951//2951 2952//2952
f 2950//2950 2952//2952 2953//2953
f 2950//2950 2953//2953 2954//2954
f 2955//2955 2956//2956 2961//2961
f 2955//2955 2961//2961 2960//2960
f 2956//2956 2957//2957 2962//2962
f 2956//2956 2962//2962 2961//2961
f 2957//2957 2958//2958 2963//2963
f 2957//2957 2963//2963 2962//2962
f 2958//2958 2959//2959 2964//2964
f 2958//2958 2964//2964 2963//2963
f 2959//2959 2955//2955 2960//2960
f 2959//2959 2960//2960 2964//2964
f 2955//2955 2957//2957 2956//2956
f 2955//2955 2958//2958 2957//2957
f 2955//2955 2959//2959 2958//2958
f 2960//2960 2961//2961 2962//2962
f 2960//2960 2962//2962 2963//2963
f 2960//2960 2963//2963 2964//2964
f 2965//2965 2966//2966 2971//2971
f 2965//2965 2971//2971 2970//2970
f 2966//2966 2967//2967 2972//2972
f 2966//2966 2972//2972 2971//2971
f 2967//2967 2968//2968 2973//2973
f 2967//2967 2973//2973 2972//2972
f 2968//2968 2969//2969 2974//2974
f 2968//2968 2974//2974 2973//2973
f 2969//2969 2965//2965 2970//2970
f 2969//2969 2970//2970 2974//2974
f 2965//2965 2967//2967 2966//2966
f 2965//2965 2968//2968 2967//2967
f 2965//2965 2969//2969 2968//2968
f 2970//2970 2971//2971 2972//2972
f 2970//2970 2972//2972 2973//2973
f 2970//2970 2973//2973 2974//2974
f 2975//2975 2976//2976 2982//2982
f 2975//2975 2982//2982 2981//2981
f 2976//2976 2977//2977 2983//2983
f 2976//2976 2983//2983 2982//2982
f 2977//2977 2978//2978 2984//2984
f 2977//2977 2984//2984 2983//2983
f 2978//2978 2979//2979 2985//2985
f 2978//2978 2985//2985 2984//2984
f 2979//2979 2980//2980 2986//2986
f 2979//2979 2986//2986 2985//2985
f 2980//2980 2975//2975 2981//2981
f 2980//2980 2981//2981 2986//2986
f 2975//2975 2977//2977 2976//2976
f 2975//2975 2978//2978 2977//2977
f 2975//2975 2979//2979 2978//2978
f 2975//2975 2980//2980 2979//2979
f 2981//2981 2982//2982 2983//2983
f 2981//2981 2983//2983 2984//2984
f 2981//2981 2984//2984 2985//2985
f 2981//2981 2985//2985 2986//2986
f 2987//2987 2988//2988 2993//2993
f 2987//2987 2993//2993 2992//2992
f 2988//2988 2989//2989 2994//2994
f 2988//2988 2994//2994 2993//2993
f 2989//2989 2990//2990 2995//2995
f 2989//2989 2995//2995 2994//2994
f 2990//2990 2991//2991 2996//2996
f 2990//2990 2996//2996 2995//2995
f 2991//2991 2987//2987 2992//2992
f 2991//2991 2992//2992 2996//2996
f 2987//2987 2989//2989 2988//2988
f 2987//2987 2990//2990 2989//2989
f 2987//2987 2991//2991 2990//2990
f 2992//2992 2993//2993 2994//2994
f 2992//2992 2994//2994 2995//2995
f 2992//2992 2995//2995 2996//2996
f 2997//2997 2998//2998 3003//3003
f 2997//2997 3003//3003 3002//3002
f 2998//2998 2999//2999 3004//3004
f 2998//2998 3004//3004 3003//3003
f 2999//2999 3000//3000 3005//3005
f 2999//2999 3005//3005 3004//3004
f 3000//3000 3001//3001 3006//3006
f 3000//3000 3006//3006 3005//3005
f 3001//3001 2997//2997 3002//3002
f 3001//3001 3002//3002 3006//3006
f 2997//2997 2999//2999 2998//2998
f 2997//2997 3000//3000 2999//2999
f 2997//2997 3001//3001 3000//3000
f 3002//3002 3003//3003 3004//3004
f 3002//3002 3004//3004 3005//3005
f 3002//3002 3005//3005 3006//3006
f 3007//3007 3008//3008 3013//3013
f 3007//3007 3013//3013 3012//3012
f 3008//3008 3009//3009 3014//3014
f 3008//3008 3014//3014 3013//3013
f 3009//3009 3010//3010 3015//3015
f 3009//3009 3015//3015 3014//3014
f 3010//3010 3011//3011 3016//3016
f 3010//3010 3016//3016 3015//3015
f 3011//3011 3007//3007 3012//3012
f 3011//3011 3012//3012 3016//3016
f 3007//3007 3009//3009 3008//3008
f 3007//3007 3010//3010 3009//3009
f 3007//3007 3011//3011 3010//3010
f 3012//3012 3013//3013 3014//3014
f 3012//3012 3014//3014 3015//3015
f 3012//3012 3015//3015 3016//3016
f 3017//3017 3018//3018 3024//3024
f 3017//3017 3024//3024 3023//3023
f 3018//3018 3019//3019 3025//3025
f 3018//3018 3025//3025 3024//3024
f 3019//3019 3020//3020 3026//3026
f 3019//3019 3026//3026 3025//3025
f 3020//3020 3021//3021 3027//3027
f 3020//3020 3027//3027 3026//3026
f 3021//3021 3022//3022 3028//3028
f 3021//3021 3028//3028 3027//3027
f 3022//3022 3017//3017 3023//3023
f 3022//3022 3023//3023 3028//3028
f 3017//3017 3019//3019 3018//3018
f 3017//3017 3020//3020 3019//3019
f 3017//3017 3021//3021 3020//3020
f 3017//3017 3022//3022 3021//3021
f 3023//3023 3024//3024 3025//3025
f 3023//3023 3025//3025 3026//3026
f 3023//3023 3026//3026 3027//3027
f 3023//3023 3027//3027 3028//3028
f 3029//3029 3030//3030 3035//3035
f 3029//3029 3035//3035 3034//3034
f 3030//3030 3031//3031 3036//3036
f 3030//3030 3036//3036 3035//3035
f 3031//3031 3032//3032 3037//3037
f 3031//3031 3037//3037 3036//3036
f 3032//3032 3033//3033 3038//3038
f 3032//3032 3038//3038 3037//3037
f 3033//3033 3029//3029 3034//3034
f 3033//3033 3034//3034 3038//3038
f 3029//3029 3031//3031 3030//3030
f 3029//3029 3032//3032 3031//3031
f 3029//3029 3033//3033 3032//3032
f 3034//3034 3035//3035 3036//3036
f 3034//3034 3036//3036 3037//3037
f 3034//3034 3037//3037 3038//3038
f 3039//3039 3040//3040 3045//3045
f 3039//3039 3045//3045 3044//3044
f 3040//3040 3041//3041 3046//3046
f 3040//3040 3046//3046 3045//3045
f 3041//3041 3042//3042 3047//3047
f 3041//3041 3047//3047 3046//3046
f 3042//3042 3043//3043 3048//3048
f 3042//3042 3048//3048 3047//3047
f 3043//3043 3039//3039 3044//3044
f 3043//3043 3044//3044 3048//3048
f 3039//3039 3041//3041 3040//3040
f 3039//3039 3042//3042 3041//3041
f 3039//3039 3043//3043 3042//3042
f 3044//3044 3045//3045 3046//3046
f 3044//3044 3046//3046 3047//3047
f 3044//3044 3047//3047 3048//3048
f 3049//3049 3050//3050 3055//3055
f 3049//3049 3055//3055 3054//3054
f 3050//3050 3051//3051 3056//3056
f 3050//3050 3056//3056 3055//3055
f 3051//3051 3052//3052 3057//3057
f 3051//3051 3057//3057 3056//3056
f 3052//3052 3053//3053 3058//3058
f 3052//3052 3058//3058 3057//3057
f 3053//3053 3049//3049 3054//3054
f 3053//3053 3054//3054 3058//3058
f 3049//3049 3051//3051 3050//3050
f 3049//3049 3052//3052 3051//3051
f 3049//3049 3053//3053 3052//3052
f 3054//3054 3055//3055 3056//3056
f 3054//3054 3056//3056 3057//3057
f 3054//3054 3057//3057 3058//3058
f 3059//3059 3060//3060 3066//3066
f 3059//3059 3066//3066 3065//3065
f 3060//3060 3061//3061 3067//3067
f 3060//3060 3067//3067 3066//3066
f 3061//3061 3062//3062 3068//3068
f 3061//3061 3068//3068 3067//3067
f 3062//3062 3063//3063 3069//3069
f 3062//3062 3069//3069 3068//3068
f 3063//3063 3064//3064 3070//3070
f 3063//3063 3070//3070 3069//3069
f 3064//3064 3059//3059 3065//3065
f 3064//3064 3065//3065 3070//3070
f 3059//3059 3061//3061 3060//3060
f 3059//3059 3062//3062 3061//3061
f 3059//3059 3063//3063 3062//3062
f 3059//3059 3064//3064 3063//3063
f 3065//3065 3066//3066 3067//3067
f 3065//3065 3067//3067 3068//3068
f 3065//3065 3068//3068 3069//3069
f 3065//3065 3069//3069 3070//3070
f 3071//3071 3072//3072 3077//3077
f 3071//3071 3077//3077 3076//3076
f 3072//3072 3073//3073 3078//3078
f 3072//3072 3078//3078 3077//3077
f 3073//3073 3074//3074 3079//3079
f 3073//3073 3079//3079 3078//3078
f 3074//3074 3075//3075 3080//3080
f 3074//3074 3080//3080 3079//3079
f 3075//3075 3071//3071 3076//3076
f 3075//3075 3076//3076 3080//3080
f 3071//3071 3073//3073 3072//3072
f 3071//3071 3074//3074 3073//3073
f 3071//3071 3075//3075 3074//3074
f 3076//3076 3077//3077 3078//3078
f 3076//3076 3078//3078 3079//3079
f 3076//3076 3079//3079 3080//3080
f 3081//3081 3082//3082 3087//3087
f 3081//3081 3087//3087 3086//3086
f 3082//3082 3083//3083 3088//3088
f 3082//3082 3088//3088 3087//3087
f 3083//3083 3084//3084 3089//3089
f 3083//3083 3089//3089 3088//3088
f 3084//3084 3085//3085 3090//3090
f 3084//3084 3090//3090 3089//3089
f 3085//3085 3081//3081 3086//3086
f 3085//3085 3086//3086 3090//3090
f 3081//3081 3083//3083 3082//3082
f 3081//3081 3084//3084 3083//3083
f 3081//3081 3085//3085 3084//3084
f 3086//3086 3087//3087 3088//3088
f 3086//3086 3088//3088 3089//3089
f 3086//3086 3089//3089 3090//3090
f 3091//3091 3092//3092 3097//3097
f 3091//3091 3097//3097 3096//3096
f 3092//3092 3093//3093 3098//3098
f 3092//3092 3098//3098 3097//3097
f 3093//3093 3094//3094 3099//3099
f 3093//3093 3099//3099 3098//3098
f 3094//3094 3095//3095 3100//3100
f 3094//3094 3100//3100 3099//3099
f 3095//3095 3091//3091 3096//3096
f 3095//3095 3096//3096 3100//3100
f 3091//3091 3093//3093 3092//3092
f 3091//3091 3094//3094 3093//3093
f 3091//3091 3095//3095 3094//3094
f 3096//3096 3097//3097 3098//3098
f 3096//3096 3098//3098 3099//3099
f 3096//3096 3099//3099 3100//3100
f 3101//3101 3102//3102 3108//3108
f 3101//3101 3108//3108 3107//3107
f 3102//3102 3103//3103 3109//3109
f 3102//3102 3109//3109 3108//3108
f 3103//3103 3104//3104 3110//3110
f 3103//3103 3110//3110 3109//3109
f 3104//3104 3105//3105 3111//3111
f 3104//3104 3111//3111 3110//3110
f 3105//3105 3106//3106 3112//3112
f 3105//3105 3112//3112 3111//3111
f 3106//3106 3101//3101 3107//3107
f 3106//3106 3107//3107 3112//3112
f 3101//3101 3103//3103 3102//3102
f 3101//3101 3104//3104 3103//3103
f 3101//3101 3105//3105 3104//3104
f 3101//3101 3106//3106 3105//3105
f 3107//3107 3108//3108 3109//3109
f 3107//3107 3109//3109 3110//3110
f 3107//3107 3110//3110 3111//3111
f 3107//3107 3111//3111 3112//3112
f 3113//3113 3114//3114 3119//3119
f 3113//3113 3119//3119 3118//3118
f 3114//3114 3115//3115 3120//3120
f 3114//3114 3120//3120 3119//3119
f 3115//3115 3116//3116 3121//3121
f 3115//3115 3121//3121 3120//3120
f 3116//3116 3117//3117 3122//3122
f 3116//3116 3122//3122 3121//3121
f 3117//3117 3113//3113 3118//3118
f 3117//3117 3118//3118 3122//3122
f 3113//3113 3115//3115 3114//3114
f 3113//3113 3116//3116 3115//3115
f 3113//3113 3117//3117 3116//3116
f 3118//3118 3119//3119 3120//3120
f 3118//3118 3120//3120 3121//3121
f 3118//3118 3121//3121 3122//3122
f 3123//3123 3124//3124 3129//3129
f 3123//3123 3129//3129 3128//3128
f 3124//3124 3125//3125 3130//3130
f 3124//3124 3130//3130 3129//3129
f 3125//3125 3126//3126 3131//3131
f 3125//3125 3131//3131 3130//3130
f 3126//3126 3127//3127 3132//3132
f 3126//3126 3132//3132 3131//3131
f 3127//3127 3123//3123 3128//3128
f 3127//3127 3128//3128 3132//3132
f 3123//3123 3125//3125 3124//3124
f 3123//3123 3126//3126 3125//3125
f 3123//3123 3127//3127 3126//3126
f 3128//3128 3129//3129 3130//3130
f 3128//3128 3130//3130 3131//3131
f 3128//3128 3131//3131 3132//3132
f 3133//3133 3134//3134 3139//3139
f 3133//3133 3139//3139 3138//3138
f 3134//3134 3135//3135 3140//3140
f 3134//3134 3140//3140 3139//3139
f 3135//3135 3136//3136 3141//3141
f 3135//3135 3141//3141 3140//3140
f 3136//3136 3137//3137 3142//3142
f 3136//3136 3142//3142 3141//3141
f 3137//3137 3133//3133 3138//3138
f 3137//3137 3138//3138 3142//3142
f 3133//3133 3135//3135 3134//3134
f 3133//3133 3136//3136 3135//3135
f 3133//3133 3137//3137 3136//3136
f 3138//3138 3139//3139 3140//3140
f 3138//3138 3140//3140 3141//3141
f 3138//3138 3141//3141 3142//3142
f 3143//3143 3144//3144 3150//3150
f 3143//3143 3150//3150 3149//3149
f 3144//3144 3145//3145 3151//3151
f 3144//3144 3151//3151 3150//3150
f 3145//3145 3146//3146 3152//3152
f 3145//3145 3152//3152 3151//3151
f 3146//3146 3147//3147 3153//3153
f 3146//3146 3153//3153 3152//3152
f 3147//3147 3148//3148 3154//3154
f 3147//3147 3154//3154 3153//3153
f 3148//3148 3143//3143 3149//3149
f 3148//3148 3149//3149 3154//3154
f 3143//3143 3145//3145 3144//3144
f 3143//3143 3146//3146 3145//3145
f 3143//3143 3147//3147 3146//3146
f 3143//3143 3148//3148 3147//3147
f 3149//3149 3150//3150 3151//3151
f 3149//3149 3151//3151 3152//3152
f 3149//3149 3152//3152 3153//3153
f 3149//3149 3153//3153 3154//3154
f 3155//3155 3156//3156 3161//3161
f 3155//3155 3161//3161 3160//3160
f 3156//3156 3157//3157 3162//3162
f 3156//3156 3162//3162 3161//3161
f 3157//3157 3158//3158 3163//3163
f 3157//3157 3163//3163 3162//3162
f 3158//3158 3159//3159 3164//3164
f 3158//3158 3164//3164 3163//3163
f 3159//3159 3155//3155 3160//3160
f 3159//3159 3160//3160 3164//3164
f 3155//3155 3157//3157 3156//3156
f 3155//3155 3158//3158 3157//3157
f 3155//3155 3159//3159 3158//3158
f 3160//3160 3161//3161 3162//3162
f 3160//3160 3162//3162 3163//3163
f 3160//3160 3163//3163 3164//3164
f 3165//3165 3166//3166 3171//3171
f 3165//3165 3171//3171 3170//3170
f 3166//3166 3167//3167 3172//3172
f 3166//3166 3172//3172 3171//3171
f 3167//3167 3168//3168 3173//3173
f 3167//3167 3173//3173 3172//3172
f 3168//3168 3169//3169 3174//3174
f 3168//3168 3174//3174 3173//3173
f 3169//3169 3165//3165 3170//3170
f 3169//3169 3170//3170 3174//3174
f 3165//3165 3167//3167 3166//3166
f 3165//3165 3168//3168 3167//3167
f 3165//3165 3169//3169 3168//3168
f 3170//3170 3171//3171 3172//3172
f 3170//3170 3172//3172 3173//3173
f 3170//3170 3173//3173 3174//3174
f 3175//3175 3176//3176 3181//3181
f 3175//3175 3181//3181 3180//3180
f 3176//3176 3177//3177 3182//3182
f 3176//3176 3182//3182 3181//3181
f 3177//3177 3178//3178 3183//3183
f 3177//3177 3183//3183 3182//3182
f 3178//3178 3179//3179 3184//3184
f 3178//3178 3184//3184 3183//3183
f 3179//3179 3175//3175 3180//3180
f 3179//3179 3180//3180 3184//3184
f 3175//3175 3177//3177 3176//3176
f 3175//3175 3178//3178 3177//3177
f 3175//3175 3179//3179 3178//3178
f 3180//3180 3181//3181 3182//3182
f 3180//3180 3182//3182 3183//3183
f 3180//3180 3183//3183 3184//3184
f 3185//3185 3186//3186 3192//3192
f 3185//3185 3192//3192 3191//3191
f 3186//3186 3187//3187 3193//3193
f 3186//3186 3193//3193 3192//3192
f 3187//3187 3188//3188 3194//3194
f 3187//3187 3194//3194 3193//3193
f 3188//3188 3189//3189 3195//3195
f 3188//3188 3195//3195 3194//3194
f 3189//3189 3190//3190 3196//3196
f 3189//3189 3196//3196 3195//3195
f 3190//3190 3185//3185 3191//3191
f 3190//3190 3191//3191 3196//3196
f 3185//3185 3187//3187 3186//3186
f 3185//3185 3188//3188 3187//3187
f 3185//3185 3189//3189 3188//3188
f 3185//3185 3190//3190 3189//3189
f 3191//3191 3192//3192 3193//3193
f 3191//3191 3193//3193 3194//3194
f 3191//3191 3194//3194 3195//3195
f 3191//3191 3195//3195 3196//3196
f 3197//3197 3198//3198 3203//3203
f 3197//3197 3203//3203 3202//3202
f 3198//3198 3199//3199 3204//3204
f 3198//3198 3204//3204 3203//3203
f 3199//3199 3200//3200 3205//3205
f 3199//3199 3205//3205 3204//3204
f 3200//3200 3201//3201 3206//3206
f 3200//3200 3206//3206 3205//3205
f 3201//3201 3197//3197 3202//3202
f 3201//3201 3202//3202 3206//3206
f 3197//3197 3199//3199 3198//3198
f 3197//3197 3200//3200 3199//3199
f 3197//3197 3201//3201 3200//3200
f 3202//3202 3203//3203 3204//3204
f 3202//3202 3204//3204 3205//3205
f 3202//3202 3205//3205 3206//3206
f 3207//3207 3208//3208 3213//3213
f 3207//3207 3213//3213 3212//3212
f 3208//3208 3209//3209 3214//3214
f 3208//3208 3214//3214 3213//3213
f 3209//3209 3210//3210 3215//3215
f 3209//3209 3215//3215 3214//3214
f 3210//3210 3211//3211 3216//3216
f 3210//3210 3216//3216 3215//3215
f 3211//3211 3207//3207 3212//3212
f 3211//3211 3212//3212 3216//3216
f 3207//3207 3209//3209 3208//3208
f 3207//3207 3210//3210 3209//3209
f 3207//3207 3211//3211 3210//3210
f 3212//3212 3213//3213 3214//3214
f 3212//3212 3214//3214 3215//3215
f 3212//3212 3215//3215 3216//3216
f 3217//3217 3218//3218 3223//3223
f 3217//3217 3223//3223 3222//3222
f 3218//3218 3219//3219 3224//3224
f 3218//3218 3224//3224 3223//3223
f 3219//3219 3220//3220 3225//3225
f 3219//3219 3225//3225 3224//3224
f 3220//3220 3221//3221 3226//3226
f 3220//3220 3226//3226 3225//3225
f 3221//3221 3217//3217 3222//3222
f 3221//3221 3222//3222 3226//3226
f 3217//3217 3219//3219 3218//3218
f 3217//3217 3220//3220 3219//3219
f 3217//3217 3221//3221 3220//3220
f 3222//3222 3223//3223 3224//3224
f 3222//3222 3224//3224 3225//3225
f 3222//3222 3225//3225 3226//3226
f 3227//3227 3228//3228 3234//3234
f 3227//3227 3234//3234 3233//3233
f 3228//3228 3229//3229 3235//3235
f 3228//3228 3235//3235 3234//3234
f 3229//3229 3230//3230 3236//3236
f 3229//3229 3236//3236 3235//3235
f 3230//3230 3231//3231 3237//3237
f 3230//3230 3237//3237 3236//3236
f 3231//3231 3232//3232 3238//3238
f 3231//3231 3238//3238 3237//3237
f 3232//3232 3227//3227 3233//3233
f 3232//3232 3233//3233 3238//3238
f 3227//3227 3229//3229 3228//3228
f 3227//3227 3230//3230 3229//3229
f 3227//3227 3231//3231 3230//3230
f 3227//3227 3232//3232 3231//3231
f 3233//3233 3234//3234 3235//3235
f 3233//3233 3235//3235 3236//3236
f 3233//3233 3236//3236 3237//3237
f 3233//3233 3237//3237 3238//3238
f 3239//3239 3240//3240 3245//3245
f 3239//3239 3245//3245 3244//3244
f 3240//3240 3241//3241 3246//3246
f 3240//3240 3246//3246 3245//3245
f 3241//3241 3242//3242 3247//3247
f 3241//3241 3247//3247 3246//3246
f 3242//3242 3243//3243 3248//3248
f 3242//3242 3248//3248 3247//3247
f 3243//3243 3239//3239 3244//3244
f 3243//3243 3244//3244 3248//3248
f 3239//3239 3241//3241 3240//3240
f 3239//3239 3242//3242 3241//3241
f 3239//3239 3243//3243 3242//3242
f 3244//3244 3245//3245 3246//3246
f 3244//3244 3246//3246 3247//3247
f 3244//3244 3247//3247 3248//3248
f 3249//3249 3250//3250 3255//3255
f 3249//3249 3255//3255 3254//3254
f 3250//3250 3251//3251 3256//3256
f 3250//3250 3256//3256 3255//3255
f 3251//3251 3252//3252 3257//3257
f 3251//3251 3257//3257 3256//3256
f 3252//3252 3253//3253 3258//3258
f 3252//3252 3258//3258 3257//3257
f 3253//3253 3249//3249 3254//3254
f 3253//3253 3254//3254 3258//3258
f 3249//3249 3251//3251 3250//3250
f 3249//3249 3252//3252 3251//3251
f 3249//3249 3253//3253 3252//3252
f 3254//3254 3255//3255 3256//3256
f 3254//3254 3256//3256 3257//3257
f 3254//3254 3257//3257 3258//3258
f 3259//3259 3260//3260 3265//3265
f 3259//3259 3265//3265 3264//3264
f 3260//3260 3261//3261 3266//3266
f 3260//3260 3266//3266 3265//3265
f 3261//3261 3262//3262 3267//3267
f 3261//3261 3267//3267 3266//3266
f 3262//3262 3263//3263 3268//3268
f 3262//3262 3268//3268 3267//3267
f 3263//3263 3259//3259 3264//3264
f 3263//3263 3264//3264 3268//3268
f 3259//3259 3261//3261 3260//3260
f 3259//3259 3262//3262 3261//3261
f 3259//3259 3263//3263 3262//3262
f 3264//3264 3265//3265 3266//3266
f 3264//3264 3266//3266 3267//3267
f 3264//3264 3267//3267 3268//3268
f 3269//3269 3270//3270 3276//3276
f 3269//3269 3276//3276 3275//3275
f 3270//3270 3271//3271 3277//3277
f 3270//3270 3277//3277 3276//3276
f 3271//3271 3272//3272 3278//3278
f 3271//3271 3278//3278 3277//3277
f 3272//3272 3273//3273 3279//3279
f 3272//3272 3279//3279 3278//3278
f 3273//3273 3274//3274 3280//3280
f 3273//3273 3280//3280 3279//3279
f 3274//3274 3269//3269 3275//3275
f 3274//3274 3275//3275 3280//3280
f 3269//3269 3271//3271 3270//3270
f 3269//3269 3272//3272 3271//3271
f 3269//3269 3273//3273 3272//3272
f 3269//3269 3274//3274 3273//3273
f 3275//3275 3276//3276 3277//3277
f 3275//3275 3277//3277 3278//3278
f 3275//3275 3278//3278 3279//3279
f 3275//3275 3279//3279 3280//3280
f 3281//3281 3282//3282 3287//3287
f 3281//3281 3287//3287 3286//3286
f 3282//3282 3283//3283 3288//3288
f 3282//3282 3288//3288 3287//3287
f 3283//3283 3284//3284 3289//3289
f 3283//3283 3289//3289 3288//3288
f 3284//3284 3285//3285 3290//3290
f 3284//3284 3290//3290 3289//3289
f 3285//3285 3281//3281 3286//3286
f 3285//3285 3286//3286 3290//3290
f 3281//3281 3283//3283 3282//3282
f 3281//3281 3284//3284 3283//3283
f 3281//3281 3285//3285 3284//3284
f 3286//3286 3287//3287 3288//3288
f 3286//3286 3288//3288 3289//3289
f 3286//3286 3289//3289 3290//3290
f 3291//3291 3292//3292 3297//3297
f 3291//3291 3297//3297 3296//3296
f 3292//3292 3293//3293 3298//3298
f 3292//3292 3298//3298 3297//3297
f 3293//3293 3294//3294 3299//3299
f 3293//3293 3299//3299 3298//3298
f 3294//3294 3295//3295 3300//3300
f 3294//3294 3300//3300 3299//3299
f 3295//3295 3291//3291 3296//3296
f 3295//3295 3296//3296 3300//3300
f 3291//3291 3293//3293 3292//3292
f 3291//3291 3294//3294 3293//3293
f 3291//3291 3295//3295 3294//3294
f 3296//3296 3297//3297 3298//3298
f 3296//3296 3298//3298 3299//3299
f 3296//3296 3299//3299 3300//3300
f 3301//3301 3302//3302 3307//3307
f 3301//3301 3307//3307 3306//3306
f 3302//3302 3303//3303 3308//3308
f 3302//3302 3308//3308 3307//3307
f 3303//3303 3304//3304 3309//3309
f 3303//3303 3309//3309 3308//3308
f 3304//3304 3305//3305 3310//3310
f 3304//3304 3310//3310 3309//3309
f 3305//3305 3301//3301 3306//3306
f 3305//3305 3306//3306 3310//3310
f 3301//3301 3303//3303 3302//3302
f 3301//3301 3304//3304 3303//3303
f 3301//3301 3305//3305 3304//3304
f 3306//3306 3307//3307 3308//3308
f 3306//3306 3308//3308 3309//3309
f 3306//3306 3309//3309 3310//3310
f 3311//3311 3312//3312 3318//3318
f 3311//3311 3318//3318 3317//3317
f 3312//3312 3313//3313 3319//3319
f 3312//3312 3319//3319 3318//3318
f 3313//3313 3314//3314 3320//3320
f 3313//3313 3320//3320 3319//3319
f 3314//3314 3315//3315 3321//3321
f 3314//3314 3321//3321 3320//3320
f 3315//3315 3316//3316 3322//3322
f 3315//3315 3322//3322 3321//3321
f 3316//3316 3311//3311 3317//3317
f 3316//3316 3317//3317 3322//3322
f 3311//3311 3313//3313 3312//3312
f 3311//3311 3314//3314 3313//3313
f 3311//3311 3315//3315 3314//3314
f 3311//3311 3316//3316 3315//3315
f 3317//3317 3318//3318 3319//3319
f 3317//3317 3319//3319 3320//3320
f 3317//3317 3320//3320 3321//3321
f 3317//3317 3321//3321 3322//3322
f 3323//3323 3324//3324 3329//3329
f 3323//3323 3329//3329 3328//3328
f 3324//3324 3325//3325 3330//3330
f 3324//3324 3330//3330 3329//3329
f 3325//3325 3326//3326 3331//3331
f 3325//3325 3331//3331 3330//3330
f 3326//3326 3327//3327 3332//3332
f 3326//3326 3332//3332 3331//3331
f 3327//3327 3323//3323 3328//3328
f 3327//3327 3328//3328 3332//3332
f 3323//3323 3325//3325 3324//3324
f 3323//3323 3326//3326 3325//3325
f 3323//3323 3327//3327 3326//3326
f 3328//3328 3329//3329 3330//3330
f 3328//3328 3330//3330 3331//3331
f 3328//3328 3331//3331 3332//3332
f 3333//3333 3334//3334 3339//3339
f 3333//3333 3339//3339 3338//3338
f 3334//3334 3335//3335 3340//3340
f 3334//3334 3340//3340 3339//3339
f 3335//3335 3336//3336 3341//3341
f 3335//3335 3341//3341 3340//3340
f 3336//3336 3337//3337 3342//3342
f 3336//3336 3342//3342 3341//3341
f 3337//3337 3333//3333 3338//3338
f 3337//3337 3338//3338 3342//3342
f 3333//3333 3335//3335 3334//3334
f 3333//3333 3336//3336 3335//3335
f 3333//3333 3337//3337 3336//3336
f 3338//3338 3339//3339 3340//3340
f 3338//3338 3340//3340 3341//3341
f 3338//3338 3341//3341 3342//3342
f 3343//3343 3344//3344 3349//3349
f 3343//3343 3349//3349 3348//3348
f 3344//3344 3345//3345 3350//3350
f 3344//3344 3350//3350 3349//3349
f 3345//3345 3346//3346 3351//3351
f 3345//3345 3351//3351 3350//3350
f 3346//3346 3347//3347 3352//3352
f 3346//3346 3352//3352 3351//3351
f 3347//3347 3343//3343 3348//3348
f 3347//3347 3348//3348 3352//3352
f 3343//3343 3345//3345 3344//3344
f 3343//3343 3346//3346 3345//3345
f 3343//3343 3347//3347 3346//3346
f 3348//3348 3349//3349 3350//3350
f 3348//3348 3350//3350 3351//3351
f 3348//3348 3351//3351 3352//3352
f 3353//3353 3354//3354 3360//3360
f 3353//3353 3360//3360 3359//3359
f 3354//3354 3355//3355 3361//3361
f 3354//3354 3361//3361 3360//3360
f 3355//3355 3356//3356 3362//3362
f 3355//3355 3362//3362 3361//3361
f 3356//3356 3357//3357 3363//3363
f 3356//3356 3363//3363 3362//3362
f 3357//3357 3358//3358 3364//3364
f 3357//3357 3364//3364 3363//3363
f 3358//3358 3353//3353 3359//3359
f 3358//3358 3359//3359 3364//3364
f 3353//3353 3355//3355 3354//3354
f 3353//3353 3356//3356 3355//3355
f 3353//3353 3357//3357 3356//3356
f 3353//3353 3358//3358 3357//3357
f 3359//3359 3360//3360 3361//3361
f 3359//3359 3361//3361 3362//3362
f 3359//3359 3362//3362 3363//3363
f 3359//3359 3363//3363 3364//3364
f 3365//3365 3366//3366 3371//3371
f 3365//3365 3371//3371 3370//3370
f 3366//3366 3367//3367 3372//3372
f 3366//3366 3372//3372 3371//3371
f 3367//3367 3368//3368 3373//3373
f 3367//3367 3373//3373 3372//3372
f 3368//3368 3369//3369 3374//3374
f 3368//3368 3374//3374 3373//3373
f 3369//3369 3365//3365 3370//3370
f 3369//3369 3370//3370 3374//3374
f 3365//3365 3367//3367 3366//3366
f 3365//3365 3368//3368 3367//3367
f 3365//3365 3369//3369 3368//3368
f 3370//3370 3371//3371 3372//3372
f 3370//3370 3372//3372 3373//3373
f 3370//3370 3373//3373 3374//3374
f 3375//3375 3376//3376 3381//3381
f 3375//3375 3381//3381 3380//3380
f 3376//3376 3377//3377 3382//3382
f 3376//3376 3382//3382 3381//3381
f 3377//3377 3378//3378 3383//3383
f 3377//3377 3383//3383 3382//3382
f 3378//3378 3379//3379 3384//3384
f 3378//3378 3384//3384 3383//3383
f 3379//3379 3375//3375 3380//3380
f 3379//3379 3380//3380 3384//3384
f 3375//3375 3377//3377 3376//3376
f 3375//3375 3378//3378 3377//3377
f 3375//3375 3379//3379 3378//3378
f 3380//3380 3381//3381 3382//3382
f 3380//3380 3382//3382 3383//3383
f 3380//3380 3383//3383 3384//3384
f 3385//3385 3386//3386 3391//3391
f 3385//3385 3391//3391 3390//3390
f 3386//3386 3387//3387 3392//3392
f 3386//3386 3392//3392 3391//3391
f 3387//3387 3388//3388 3393//3393
f 3387//3387 3393//3393 3392//3392
f 3388//3388 3389//3389 3394//3394
f 3388//3388 3394//3394 3393//3393
f 3389//3389 3385//3385 3390//3390
f 3389//3389 3390//3390 3394//3394
f 3385//3385 3387//3387 3386//3386
f 3385//3385 3388//3388 3387//3387
f 3385//3385 3389//3389 3388//3388
f 3390//3390 3391//3391 3392//3392
f 3390//3390 3392//3392 3393//3393
f 3390//3390 3393//3393 3394//3394
f 3395//3395 3396//3396 3402//3402
f 3395//3395 3402//3402 3401//3401
f 3396//3396 3397//3397 3403//3403
f 3396//3396 3403//3403 3402//3402
f 3397//3397 3398//3398 3404//3404
f 3397//3397 3404//3404 3403//3403
f 3398//3398 3399//3399 3405//3405
f 3398//3398 3405//3405 3404//3404
f 3399//3399 3400//3400 3406//3406
f 3399//3399 3406//3406 3405//3405
f 3400//3400 3395//3395 3401//3401
f 3400//3400 3401//3401 3406//3406
f 3395//3395 3397//3397 3396//3396
f 3395//3395 3398//3398 3397//3397
f 3395//3395 3399//3399 3398//3398
f 3395//3395 3400//3400 3399//3399
f 3401//3401 3402//3402 3403//3403
f 3401//3401 3403//3403 3404//3404
f 3401//3401 3404//3404 3405//3405
f 3401//3401 3405//3405 3406//3406
f 3407//3407 3408//3408 3413//3413
f 3407//3407 3413//3413 3412//3412
f 3408//3408 3409//3409 3414//3414
f 3408//3408 3414//3414 3413//3413
f 3409//3409 3410//3410 3415//3415
f 3409//3409 3415//3415 3414//3414
f 3410//3410 3411//3411 3416//3416
f 3410//3410 3416//3416 3415//3415
f 3411//3411 3407//3407 3412//3412
f 3411//3411 3412//3412 3416//3416
f 3407//3407 3409//3409 3408//3408
f 3407//3407 3410//3410 3409//3409
f 3407//3407 3411//3411 3410//3410
f 3412//3412 3413//3413 3414//3414
f 3412//3412 3414//3414 3415//3415
f 3412//3412 3415//3415 3416//3416
f 3417//3417 3418//3418 3423//3423
f 3417//3417 3423//3423 3422//3422
f 3418//3418 3419//3419 3424//3424
f 3418//3418 3424//3424 3423//3423
f 3419//3419 3420//3420 3425//3425
f 3419//3419 3425//3425 3424//3424
f 3420//3420 3421//3421 3426//3426
f 3420//3420 3426//3426 3425//3425
f 3421//3421 3417//3417 3422//3422
f 3421//3421 3422//3422 3426//3426
f 3417//3417 3419//3419 3418//3418
f 3417//3417 3420//3420 3419//3419
f 3417//3417 3421//3421 3420//3420
f 3422//3422 3423//3423 3424//3424
f 3422//3422 3424//3424 3425//3425
f 3422//3422 3425//3425 3426//3426
f 3427//3427 3428//3428 3433//3433
f 3427//3427 3433//3433 3432//3432
f 3428//3428 3429//3429 3434//3434
f 3428//3428 3434//3434 3433//3433
f 3429//3429 3430//3430 3435//3435
f 3429//3429 3435//3435 3434//3434
f 3430//3430 3431//3431 3436//3436
f 3430//3430 3436//3436 3435//3435
f 3431//3431 3427//3427 3432//3432
f 3431//3431 3432//3432 3436//3436
f 3427//3427 3429//3429 3428//3428
f 3427//3427 3430//3430 3429//3429
f 3427//3427 3431//3431 3430//3430
f 3432//3432 3433//3433 3434//3434
f 3432//3432 3434//3434 3435//3435
f 3432//3432 3435//3435 3436//3436
f 3437//3437 3438//3438 3444//3444
f 3437//3437 3444//3444 3443//3443
f 3438//3438 3439//3439 3445//3445
f 3438//3438 3445//3445 3444//3444
f 3439//3439 3440//3440 3446//3446
f 3439//3439 3446//3446 3445//3445
f 3440//3440 3441//3441 3447//3447
f 3440//3440 3447//3447 3446//3446
f 3441//3441 3442//3442 3448//3448
f 3441//3441 3448//3448 3447//3447
f 3442//3442 3437//3437 3443//3443
f 3442//3442 3443//3443 3448//3448
f 3437//3437 3439//3439 3438//3438
f 3437//3437 3440//3440 3439//3439
f 3437//3437 3441//3441 3440//3440
f 3437//3437 3442//3442 3441//3441
f 3443//3443 3444//3444 3445//3445
f 3443//3443 3445//3445 3446//3446
f 3443//3443 3446//3446 3447//3447
f 3443//3443 3447//3447 3448//3448
f 3449//3449 3450//3450 3455//3455
f 3449//3449 3455//3455 3454//3454
f 3450//3450 3451//3451 3456//3456
f 3450//3450 3456//3456 3455//3455
f 3451//3451 3452//3452 3457//3457
f 3451//3451 3457//3457 3456//3456
f 3452//3452 3453//3453 3458//3458
f 3452//3452 3458//3458 3457//3457
f 3453//3453 3449//3449 3454//3454
f 3453//3453 3454//3454 3458//3458
f 3449//3449 3451//3451 3450//3450
f 3449//3449 3452//3452 3451//3451
f 3449//3449 3453//3453 3452//3452
f 3454//3454 3455//3455 3456//3456
f 3454//3454 3456//3456 3457//3457
f 3454//3454 3457//3457 3458//3458
f 3459//3459 3460//3460 3465//3465
f 3459//3459 3465//3465 3464//3464
f 3460//3460 3461//3461 3466//3466
f 3460//3460 3466//3466 3465//3465
f 3461//3461 3462//3462 3467//3467
f 3461//3461 3467//3467 3466//3466
f 3462//3462 3463//3463 3468//3468
f 3462//3462 3468//3468 3467//3467
f 3463//3463 3459//3459 3464//3464
f 3463//3463 3464//3464 3468//3468
f 3459//3459 3461//3461 3460//3460
f 3459//3459 3462//3462 3461//3461
f 3459//3459 3463//3463 3462//3462
f 3464//3464 3465//3465 3466//3466
f 3464//3464 3466//3466 3467//3467
f 3464//3464 3467//3467 3468//3468
f 3469//3469 3470//3470 3475//3475
f 3469//3469 3475//3475 3474//3474
f 3470//3470 3471//3471 3476//3476
f 3470//3470 3476//3476 3475//3475
f 3471//3471 3472//3472 3477//3477
f 3471//3471 3477//3477 3476//3476
f 3472//3472 3473//3473 3478//3478
f 3472//3472 3478//3478 3477//3477
f 3473//3473 3469//3469 3474//3474
f 3473//3473 3474//3474 3478//3478
f 3469//3469 3471//3471 3470//3470
f 3469//3469 3472//3472 3471//3471
f 3469//3469 3473//3473 3472//3472
f 3474//3474 3475//3475 3476//3476
f 3474//3474 3476//3476 3477//3477
f 3474//3474 3477//3477 3478//3478
f 3479//3479 3480//3480 3486//3486
f 3479//3479 3486//3486 3485//3485
f 3480//3480 3481//3481 3487//3487
f 3480//3480 3487//3487 3486//3486
f 3481//3481 3482//3482 3488//3488
f 3481//3481 3488//3488 3487//3487
f 3482//3482 3483//3483 3489//3489
f 3482//3482 3489//3489 3488//3488
f 3483//3483 3484//3484 3490//3490
f 3483//3483 3490//3490 3489//3489
f 3484//3484 3479//3479 3485//3485
f 3484//3484 3485//3485 3490//3490
f 3479//3479 3481//3481 3480//3480
f 3479//3479 3482//3482 3481//3481
f 3479//3479 3483//3483 3482//3482
f 3479//3479 3484//3484 3483//3483
f 3485//3485 3486//3486 3487//3487
f 3485//3485 3487//3487 3488//3488
f 3485//3485 3488//3488 3489//3489
f 3485//3485 3489//3489 3490//3490
f 3491//3491 3492//3492 3497//3497
f 3491//3491 3497//3497 3496//3496
f 3492//3492 3493//3493 3498//3498
f 3492//3492 3498//3498 3497//3497
f 3493//3493 3494//3494 3499//3499
f 3493//3493 3499//3499 3498//3498
f 3494//3494 3495//3495 3500//3500
f 3494//3494 3500//3500 3499//3499
f 3495//3495 3491//3491 3496//3496
f 3495//3495 3496//3496 3500//3500
f 3491//3491 3493//3493 3492//3492
f 3491//3491 3494//3494 3493//3493
f 3491//3491 3495//3495 3494//3494
f 3496//3496 3497//3497 3498//3498
f 3496//3496 3498//3498 3499//3499
f 3496//3496 3499//3499 3500//3500
f 3501//3501 3502//3502 3507//3507
f 3501//3501 3507//3507 3506//3506
f 3502//3502 3503//3503 3508//3508
f 3502//3502 3508//3508 3507//3507
f 3503//3503 3504//3504 3509//3509
f 3503//3503 3509//3509 3508//3508
f 3504//3504 3505//3505 3510//3510
f 3504//3504 3510//3510 3509//3509
f 3505//3505 3501//3501 3506//3506
f 3505//3505 3506//3506 3510//3510
f 3501//3501 3503//3503 3502//3502
f 3501//3501 3504//3504 3503//3503
f 3501//3501 3505//3505 3504//3504
f 3506//3506 3507//3507 3508//3508
f 3506//3506 3508//3508 3509//3509
f 3506//3506 3509//3509 3510//3510
f 3511//3511 3512//3512 3517//3517
f 3511//3511 3517//3517 3516//3516
f 3512//3512 3513//3513 3518//3518
f 3512//3512 3518//3518 3517//3517
f 3513//3513 3514//3514 3519//3519
f 3513//3513 3519//3519 3518//3518
f 3514//3514 3515//3515 3520//3520
f 3514//3514 3520//3520 3519//3519
f 3515//3515 3511//3511 3516//3516
f 3515//3515 3516//3516 3520//3520
f 3511//3511 3513//3513 3512//3512
f 3511//3511 3514//3514 3513//3513
f 3511//3511 3515//3515 3514//3514
f 3516//3516 3517//3517 3518//3518
f 3516//3516 3518//3518 3519//3519
f 3516//3516 3519//3519 3520//3520
f 3521//3521 3522//3522 3528//3528
f 3521//3521 3528//3528 3527//3527
f 3522//3522 3523//3523 3529//3529
f 3522//3522 3529//3529 3528//3528
f 3523//3523 3524//3524 3530//3530
f 3523//3523 3530//3530 3529//3529
f 3524//3524 3525//3525 3531//3531
f 3524//3524 3531//3531 3530//3530
f 3525//3525 3526//3526 3532//3532
f 3525//3525 3532//3532 3531//3531
f 3526//3526 3521//3521 3527//3527
f 3526//3526 3527//3527 3532//3532
f 3521//3521 3523//3523 3522//3522
f 3521//3521 3524//3524 3523//3523
f 3521//3521 3525//3525 3524//3524
f 3521//3521 3526//3526 3525//3525
f 3527//3527 3528//3528 3529//3529
f 3527//3527 3529//3529 3530//3530
f 3527//3527 3530//3530 3531//3531
f 3527//3527 3531//3531 3532//3532
f 3533//3533 3534//3534 3539//3539
f 3533//3533 3539//3539 3538//3538
f 3534//3534 3535//3535 3540//3540
f 3534//3534 3540//3540 3539//3539
f 3535//3535 3536//3536 3541//3541
f 3535//3535 3541//3541 3540//3540
f 3536//3536 3537//3537 3542//3542
f 3536//3536 3542//3542 3541//3541
f 3537//3537 3533//3533 3538//3538
f 3537//3537 3538//3538 3542//3542
f 3533//3533 3535//3535 3534//3534
f 3533//3533 3536//3536 3535//3535
f 3533//3533 3537//3537 3536//3536
f 3538//3538 3539//3539 3540//3540
f 3538//3538 3540//3540 3541//3541
f 3538//3538 3541//3541 3542//3542
f 3543//3543 3544//3544 3549//3549
f 3543//3543 3549//3549 3548//3548
f 3544//3544 3545//3545 3550//3550
f 3544//3544 3550//3550 3549//3549
f 3545//3545 3546//3546 3551//3551
f 3545//3545 3551//3551 3550//3550
f 3546//3546 3547//3547 3552//3552
f 3546//3546 3552//3552 3551//3551
f 3547//3547 3543//3543 3548//3548
f 3547//3547 3548//3548 3552//3552
f 3543//3543 3545//3545 3544//3544
f 3543//3543 3546//3546 3545//3545
f 3543//3543 3547//3547 3546//3546
f 3548//3548 3549//3549 3550//3550
f 3548//3548 3550//3550 3551//3551
f 3548//3548 3551//3551 3552//3552
f 3553//3553 3554//3554 3559//3559
f 3553//3553 3559//3559 3558//3558
f 3554//3554 3555//3555 3560//3560
f 3554//3554 3560//3560 3559//3559
f 3555//3555 3556//3556 3561//3561
f 3555//3555 3561//3561 3560//3560
f 3556//3556 3557//3557 3562//3562
f 3556//3556 3562//3562 3561//3561
f 3557//3557 3553//3553 3558//3558
f 3557//3557 3558//3558 3562//3562
f 3553//3553 3555//3555 3554//3554
f 3553//3553 3556//3556 3555//3555
f 3553//3553 3557//3557 3556//3556
f 3558//3558 3559//3559 3560//3560
f 3558//3558 3560//3560 3561//3561
f 3558//3558 3561//3561 3562//3562
f 3563//3563 3564//3564 3570//3570
f 3563//3563 3570//3570 3569//3569
f 3564//3564 3565//3565 3571//3571
f 3564//3564 3571//3571 3570//3570
f 3565//3565 3566//3566 3572//3572
f 3565//3565 3572//3572 3571//3571
f 3566//3566 3567//3567 3573//3573
f 3566//3566 3573//3573 3572//3572
f 3567//3567 3568//3568 3574//3574
f 3567//3567 3574//3574 3573//3573
f 3568//3568 3563//3563 3569//3569
f 3568//3568 3569//3569 3574//3574
f 3563//3563 3565//3565 3564//3564
f 3563//3563 3566//3566 3565//3565
f 3563//3563 3567//3567 3566//3566
f 3563//3563 3568//3568 3567//3567
f 3569//3569 3570//3570 3571//3571
f 3569//3569 3571//3571 3572//3572
f 3569//3569 3572//3572 3573//3573
f 3569//3569 3573//3573 3574//3574
f 3575//3575 3576//3576 3581//3581
f 3575//3575 3581//3581 3580//3580
f 3576//3576 3577//3577 3582//3582
f 3576//3576 3582//3582 3581//3581
f 3577//3577 3578//3578 3583//3583
f 3577//3577 3583//3583 3582//3582
f 3578//3578 3579//3579 3584//3584
f 3578//3578 3584//3584 3583//3583
f 3579//3579 3575//3575 3580//3580
f 3579//3579 3580//3580 3584//3584
f 3575//3575 3577//3577 3576//3576
f 3575//3575 3578//3578 3577//3577
f 3575//3575 3579//3579 3578//3578
f 3580//3580 3581//3581 3582//3582
f 3580//3580 3582//3582 3583//3583
f 3580//3580 3583//3583 3584//3584
f 3585//3585 3586//3586 3591//3591
f 3585//3585 3591//3591 3590//3590
f 3586//3586 3587//3587 3592//3592
f 3586//3586 3592//3592 3591//3591
f 3587//3587 3588//3588 3593//3593
f 3587//3587 3593//3593 3592//3592
f 3588//3588 3589//3589 3594//3594
f 3588//3588 3594//3594 3593//3593
f 3589//3589 3585//3585 3590//3590
f 3589//3589 3590//3590 3594//3594
f 3585//3585 3587//3587 3586//3586
f 3585//3585 3588//3588 3587//3587
f 3585//3585 3589//3589 3588//3588
f 3590//3590 3591//3591 3592//3592
f 3590//3590 3592//3592 3593//3593
f 3590//3590 3593//3593 3594//3594
f 3595//3595 3596//3596 3601//3601
f 3595//3595 3601//3601 3600//3600
f 3596//3596 3597//3597 3602//3602
f 3596//3596 3602//3602 3601//3601
f 3597//3597 3598//3598 3603//3603
f 3597//3597 3603//3603 3602//3602
f 3598//3598 3599//3599 3604//3604
f 3598//3598 3604//3604 3603//3603
f 3599//3599 3595//3595 3600//3600
f 3599//3599 3600//3600 3604//3604
f 3595//3595 3597//3597 3596//3596
f 3595//3595 3598//3598 3597//3597
f 3595//3595 3599//3599 3598//3598
f 3600//3600 3601//3601 3602//3602
f 3600//3600 3602//3602 3603//3603
f 3600//3600 3603//3603 3604//3604
f 3605//3605 3606//3606 3612//3612
f 3605//3605 3612//3612 3611//3611
f 3606//3606 3607//3607 3613//3613
f 3606//3606 3613//3613 3612//3612
f 3607//3607 3608//3608 3614//3614
f 3607//3607 3614//3614 3613//3613
f 3608//3608 3609//3609 3615//3615
f 3608//3608 3615//3615 3614//3614
f 3609//3609 3610//3610 3616//3616
f 3609//3609 3616//3616 3615//3615
f 3610//3610 3605//3605 3611//3611
f 3610//3610 3611//3611 3616//3616
f 3605//3605 3607//3607 3606//3606
f 3605//3605 3608//3608 3607//3607
f 3605//3605 3609//3609 3608//3608
f 3605//3605 3610//3610 3609//3609
f 3611//3611 3612//3612 3613//3613
f 3611//3611 3613//3613 3614//3614
f 3611//3611 3614//3614 3615//3615
f 3611//3611 3615//3615 3616//3616
f 3617//3617 3618//3618 3623//3623
f 3617//3617 3623//3623 3622//3622
f 3618//3618 3619//3619 3624//3624
f 3618//3618 3624//3624 3623//3623
f 3619//3619 3620//3620 3625//3625
f 3619//3619 3625//3625 3624//3624
f 3620//3620 3621//3621 3626//3626
f 3620//3620 3626//3626 3625//3625
f 3621//3621 3617//3617 3622//3622
f 3621//3621 3622//3622 3626//3626
f 3617//3617 3619//3619 3618//3618
f 3617//3617 3620//3620 3619//3619
f 3617//3617 3621//3621 3620//3620
f 3622//3622 3623//3623 3624//3624
f 3622//3622 3624//3624 3625//3625
f 3622//3622 3625//3625 3626//3626
f 3627//3627 3628//3628 3633//3633
f 3627//3627 3633//3633 3632//3632
f 3628//3628 3629//3629 3634//3634
f 3628//3628 3634//3634 3633//3633
f 3629//3629 3630//3630 3635//3635
f 3629//3629 3635//3635 3634//3634
f 3630//3630 3631//3631 3636//3636
f 3630//3630 3636//3636 3635//3635
f 3631//3631 3627//3627 3632//3632
f 3631//3631 3632//3632 3636//3636
f 3627//3627 3629//3629 3628//3628
f 3627//3627 3630//3630 3629//3629
f 3627//3627 3631//3631 3630//3630
f 3632//3632 3633//3633 3634//3634
f 3632//3632 3634//3634 3635//3635
f 3632//3632 3635//3635 3636//3636
f 3637//3637 3638//3638 3643//3643
f 3637//3637 3643//3643 3642//3642
f 3638//3638 3639//3639 3644//3644
f 3638//3638 3644//3644 3643//3643
f 3639//3639 3640//3640 3645//3645
f 3639//3639 3645//3645 3644//3644
f 3640//3640 3641//3641 3646//3646
f 3640//3640 3646//3646 3645//3645
f 3641//3641 3637//3637 3642//3642
f 3641//3641 3642//3642 3646//3646
f 3637//3637 3639//3639 3638//3638
f 3637//3637 3640//3640 3639//3639
f 3637//3637 3641//3641 3640//3640
f 3642//3642 3643//3643 3644//3644
f 3642//3642 3644//3644 3645//3645
f 3642//3642 3645//3645 3646//3646
f 3647//3647 3648//3648 3654//3654
f 3647//3647 3654//3654 3653//3653
f 3648//3648 3649//3649 3655//3655
f 3648//3648 3655//3655 3654//3654
f 3649//3649 3650//3650 3656//3656
f 3649//3649 3656//3656 3655//3655
f 3650//3650 3651//3651 3657//3657
f 3650//3650 3657//3657 3656//3656
f 3651//3651 3652//3652 3658//3658
f 3651//3651 3658//3658 3657//3657
f 3652//3652 3647//3647 3653//3653
f 3652//3652 3653//3653 3658//3658
f 3647//3647 3649//3649 3648//3648
f 3647//3647 3650//3650 3649//3649
f 3647//3647 3651//3651 3650//3650
f 3647//3647 3652//3652 3651//3651
f 3653//3653 3654//3654 3655//3655
f 3653//3653 3655//3655 3656//3656
f 3653//3653 3656//3656 3657//3657
f 3653//3653 3657//3657 3658//3658
f 3659//3659 3660//3660 3665//3665
f 3659//3659 3665//3665 3664//3664
f 3660//3660 3661//3661 3666//3666
f 3660//3660 3666//3666 3665//3665
f 3661//3661 3662//3662 3667//3667
f 3661//3661 3667//3667 3666//3666
f 3662//3662 3663//3663 3668//3668
f 3662//3662 3668//3668 3667//3667
f 3663//3663 3659//3659 3664//3664
f 3663//3663 3664//3664 3668//3668
f 3659//3659 3661//3661 3660//3660
f 3659//3659 3662//3662 3661//3661
f 3659//3659 3663//3663 3662//3662
f 3664//3664 3665//3665 3666//3666
f 3664//3664 3666//3666 3667//3667
f 3664//3664 3667//3667 3668//3668
f 3669//3669 3670//3670 3675//3675
f 3669//3669 3675//3675 3674//3674
f 3670//3670 3671//3671 3676//3676
f 3670//3670 3676//3676 3675//3675
f 3671//3671 3672//3672 3677//3677
f 3671//3671 3677//3677 3676//3676
f 3672//3672 3673//3673 3678//3678
f 3672//3672 3678//3678 3677//3677
f 3673//3673 3669//3669 3674//3674
f 3673//3673 3674//3674 3678//3678
f 3669//3669 3671//3671 3670//3670
f 3669//3669 3672//3672 3671//3671
f 3669//3669 3673//3673 3672//3672
f 3674//3674 3675//3675 3676//3676
f 3674//3674 3676//3676 3677//3677
f 3674//3674 3677//3677 3678//3678
f 3679//3679 3680//3680 3685//3685
f 3679//3679 3685//3685 3684//3684
f 3680//3680 3681//3681 3686//3686
f 3680//3680 3686//3686 3685//3685
f 3681//3681 3682//3682 3687//3687
f 3681//3681 3687//3687 3686//3686
f 3682//3682 3683//3683 3688//3688
f 3682//3682 3688//3688 3687//3687
f 3683//3683 3679//3679 3684//3684
f 3683//3683 3684//3684 3688//3688
f 3679//3679 3681//3681 3680//3680
f 3679//3679 3682//3682 3681//3681
f 3679//3679 3683//3683 3682//3682
f 3684//3684 3685//3685 3686//3686
f 3684//3684 3686//3686 3687//3687
f 3684//3684 3687//3687 3688//3688
f 3689//3689 3690//3690 3696//3696
f 3689//3689 3696//3696 3695//3695
f 3690//3690 3691//3691 3697//3697
f 3690//3690 3697//3697 3696//3696
f 3691//3691 3692//3692 3698//3698
f 3691//3691 3698//3698 3697//3697
f 3692//3692 3693//3693 3699//3699
f 3692//3692 3699//3699 3698//3698
f 3693//3693 3694//3694 3700//3700
f 3693//3693 3700//3700 3699//3699
f 3694//3694 3689//3689 3695//3695
f 3694//3694 3695//3695 3700//3700
f 3689//3689 3691//3691 3690//3690
f 3689//3689 3692//3692 3691//3691
f 3689//3689 3693//3693 3692//3692
f 3689//3689 3694//3694 3693//3693
f 3695//3695 3696//3696 3697//3697
f 3695//3695 3697//3697 3698//3698
f 3695//3695 3698//3698 3699//3699
f 3695//3695 3699//3699 3700//3700
f 3701//3701 3702//3702 3707//3707
f 3701//3701 3707//3707 3706//3706
f 3702//3702 3703//3703 3708//3708
f 3702//3702 3708//3708 3707//3707
f 3703//3703 3704//3704 3709//3709
f 3703//3703 3709//3709 3708//3708
f 3704//3704 3705//3705 3710//3710
f 3704//3704 3710//3710 3709//3709
f 3705//3705 3701//3701 3706//3706
f 3705//3705 3706//3706 3710//3710
f 3701//3701 3703//3703 3702//3702
f 3701//3701 3704//3704 3703//3703
f 3701//3701 3705//3705 3704//3704
f 3706//3706 3707//3707 3708//3708
f 3706//3706 3708//3708 3709//3709
f 3706//3706 3709//3709 3710//3710
f 3711//3711 3712//3712 3717//3717
f 3711//3711 3717//3717 3716//3716
f 3712//3712 3713//3713 3718//3718
f 3712//3712 3718//3718 3717//3717
f 3713//3713 3714//3714 3719//3719
f 3713//3713 3719//3719 3718//3718
f 3714//3714 3715//3715 3720//3720
f 3714//3714 3720//3720 3719//3719
f 3715//3715 3711//3711 3716//3716
f 3715//3715 3716//3716 3720//3720
f 3711//3711 3713//3713 3712//3712
f 3711//3711 3714//3714 3713//3713
f 3711//3711 3715//3715 3714//3714
f 3716//3716 3717//3717 3718//3718
f 3716//3716 3718//3718 3719//3719
f 3716//3716 3719//3719 3720//3720
f 3721//3721 3722//3722 3727//3727
f 3721//3721 3727//3727 3726//3726
f 3722//3722 3723//3723 3728//3728
f 3722//3722 3728//3728 3727//3727
f 3723//3723 3724//3724 3729//3729
f 3723//3723 3729//3729 3728//3728
f 3724//3724 3725//3725 3730//3730
f 3724//3724 3730//3730 3729//3729
f 3725//3725 3721//3721 3726//3726
f 3725//3725 3726//3726 3730//3730
f 3721//3721 3723//3723 3722//3722
f 3721//3721 3724//3724 3723//3723
f 3721//3721 3725//3725 3724//3724
f 3726//3726 3727//3727 3728//3728
f 3726//3726 3728//3728 3729//3729
f 3726//3726 3729//3729 3730//3730
f 3731//3731 3732//3732 3738//3738
f 3731//3731 3738//3738 3737//3737
f 3732//3732 3733//3733 3739//3739
f 3732//3732 3739//3739 3738//3738
f 3733//3733 3734//3734 3740//3740
f 3733//3733 3740//3740 3739//3739
f 3734//3734 3735//3735 3741//3741
f 3734//3734 3741//3741 3740//3740
f 3735//3735 3736//3736 3742//3742
f 3735//3735 3742//3742 3741//3741
f 3736//3736 3731//3731 3737//3737
f 3736//3736 3737//3737 3742//3742
f 3731//3731 3733//3733 3732//3732
f 3731//3731 3734//3734 3733//3733
f 3731//3731 3735//3735 3734//3734
f 3731//3731 3736//3736 3735//3735
f 3737//3737 3738//3738 3739//3739
f 3737//3737 3739//3739 3740//3740
f 3737//3737 3740//3740 3741//3741
f 3737//3737 3741//3741 3742//3742
f 3743//3743 3744//3744 3749//3749
f 3743//3743 3749//3749 3748//3748
f 3744//3744 3745//3745 3750//3750
f 3744//3744 3750//3750 3749//3749
f 3745//3745 3746//3746 3751//3751
f 3745//3745 3751//3751 3750//3750
f 3746//3746 3747//3747 3752//3752
f 3746//3746 3752//3752 3751//3751
f 3747//3747 3743//3743 3748//3748
f 3747//3747 3748//3748 3752//3752
f 3743//3743 3745//3745 3744//3744
f 3743//3743 3746//3746 3745//3745
f 3743//3743 3747//3747 3746//3746
f 3748//3748 3749//3749 3750//3750
f 3748//3748 3750//3750 3751//3751
f 3748//3748 3751//3751 3752//3752
f 3753//3753 3754//3754 3759//3759
f 3753//3753 3759//3759 3758//3758
f 3754//3754 3755//3755 3760//3760
f 3754//3754 3760//3760 3759//3759
f 3755//3755 3756//3756 3761//3761
f 3755//3755 3761//3761 3760//3760
f 3756//3756 3757//3757 3762//3762
f 3756//3756 3762//3762 3761//3761
f 3757//3757 3753//3753 3758//3758
f 3757//3757 3758//3758 3762//3762
f 3753//3753 3755//3755 3754//3754
f 3753//3753 3756//3756 3755//3755
f 3753//3753 3757//3757 3756//3756
f 3758//3758 3759//3759 3760//3760
f 3758//3758 3760//3760 3761//3761
f 3758//3758 3761//3761 3762//3762
f 3763//3763 3764//3764 3769//3769
f 3763//3763 3769//3769 3768//3768
f 3764//3764 3765//3765 3770//3770
f 3764//3764 3770//3770 3769//3769
f 3765//3765 3766//3766 3771//3771
f 3765//3765 3771//3771 3770//3770
f 3766//3766 3767//3767 3772//3772
f 3766//3766 3772//3772 3771//3771
f 3767//3767 3763//3763 3768//3768
f 3767//3767 3768//3768 3772//3772
f 3763//3763 3765//3765 3764//3764
f 3763//3763 3766//3766 3765//3765
f 3763//3763 3767//3767 3766//3766
f 3768//3768 3769//3769 3770//3770
f 3768//3768 3770//3770 3771//3771
f 3768//3768 3771//3771 3772//3772
f 3773//3773 3774//3774 3780//3780
f 3773//3773 3780//3780 3779//3779
f 3774//3774 3775//3775 3781//3781
f 3774//3774 3781//3781 3780//3780
f 3775//3775 3776//3776 3782//3782
f 3775//3775 3782//3782 3781//3781
f 3776//3776 3777//3777 3783//3783
f 3776//3776 3783//3783 3782//3782
f 3777//3777 3778//3778 3784//3784
f 3777//3777 3784//3784 3783//3783
f 3778//3778 3773//3773 3779//3779
f 3778//3778 3779//3779 3784//3784
f 3773//3773 3775//3775 3774//3774
f 3773//3773 3776//3776 3775//3775
f 3773//3773 3777//3777 3776//3776
f 3773//3773 3778//3778 3777//3777
f 3779//3779 3780//3780 3781//3781
f 3779//3779 3781//3781 3782//3782
f 3779//3779 3782//3782 3783//3783
f 3779//3779 3783//3783 3784//3784
f 3785//3785 3786//3786 3791//3791
f 3785//3785 3791//3791 3790//3790
f 3786//3786 3787//3787 3792//3792
f 3786//3786 3792//3792 3791//3791
f 3787//3787 3788//3788 3793//3793
f 3787//3787 3793//3793 3792//3792
f 3788//3788 3789//3789 3794//3794
f 3788//3788 3794//3794 3793//3793
f 3789//3789 3785//3785 3790//3790
f 3789//3789 3790//3790 3794//3794
f 3785//3785 3787//3787 3786//3786
f 3785//3785 3788//3788 3787//3787
f 3785//3785 3789//3789 3788//3788
f 3790//3790 3791//3791 3792//3792
f 3790//3790 3792//3792 3793//3793
f 3790//3790 3793//3793 3794//3794
f 3795//3795 3796//3796 3801//3801
f 3795//3795 3801//3801 3800//3800
f 3796//3796 3797//3797 3802//3802
f 3796//3796 3802//3802 3801//3801
f 3797//3797 3798//3798 3803//3803
f 3797//3797 3803//3803 3802//3802
f 3798//3798 3799//3799 3804//3804
f 3798//3798 3804//3804 3803//3803
f 3799//3799 3795//3795 3800//3800
f 3799//3799 3800//3800 3804//3804
f 3795//3795 3797//3797 3796//3796
f 3795//3795 3798//3798 3797//3797
f 3795//3795 3799//3799 3798//3798
f 3800//3800 3801//3801 3802//3802
f 3800//3800 3802//3802 3803//3803
f 3800//3800 3803//3803 3804//3804
f 3805//3805 3806//3806 3811//3811
f 3805//3805 3811//3811 3810//3810
f 3806//3806 3807//3807 3812//3812
f 3806//3806 3812//3812 3811//3811
f 3807//3807 3808//3808 3813//3813
f 3807//3807 3813//3813 3812//3812
f 3808//3808 3809//3809 3814//3814
f 3808//3808 3814//3814 3813//3813
f 3809//3809 3805//3805 3810//3810
f 3809//3809 3810//3810 3814//3814
f 3805//3805 3807//3807 3806//3806
f 3805//3805 3808//3808 3807//3807
f 3805//3805 3809//3809 3808//3808
f 3810//3810 3811//3811 3812//3812
f 3810//3810 3812//3812 3813//3813
f 3810//3810 3813//3813 3814//3814
f 3815//3815 3816//3816 3822//3822
f 3815//3815 3822//3822 3821//3821
f 3816//3816 3817//3817 3823//3823
f 3816//3816 3823//3823 3822//3822
f 3817//3817 3818//3818 3824//3824
f 3817//3817 3824//3824 3823//3823
f 3818//3818 3819//3819 3825//3825
f 3818//3818 3825//3825 3824//3824
f 3819//3819 3820//3820 3826//3826
f 3819//3819 3826//3826 3825//3825
f 3820//3820 3815//3815 3821//3821
f 3820//3820 3821//3821 3826//3826
f 3815//3815 3817//3817 3816//3816
f 3815//3815 3818//3818 3817//3817
f 3815//3815 3819//3819 3818//3818
f 3815//3815 3820//3820 3819//3819
f 3821//3821 3822//3822 3823//3823
f 3821//3821 3823//3823 3824//3824
f 3821//3821 3824//3824 3825//3825
f 3821//3821 3825//3825 3826//3826
f 3827//3827 3828//3828 3833//3833
f 3827//3827 3833//3833 3832//3832
f 3828//3828 3829//3829 3834//3834
f 3828//3828 3834//3834 3833//3833
f 3829//3829 3830//3830 3835//3835
f 3829//3829 3835//3835 3834//3834
f 3830//3830 3831//3831 3836//3836
f 3830//3830 3836//3836 3835//3835
f 3831//3831 3827//3827 3832//3832
f 3831//3831 3832//3832 3836//3836
f 3827//3827 3829//3829 3828//3828
f 3827//3827 3830//3830 3829//3829
f 3827//3827 3831//3831 3830//3830
f 3832//3832 3833//3833 3834//3834
f 3832//3832 3834//3834 3835//3835
f 3832//3832 3835//3835 3836//3836
f 3837//3837 3838//3838 3843//3843
f 3837//3837 3843//3843 3842//3842
f 3838//3838 3839//3839 3844//3844
f 3838//3838 3844//3844 3843//3843
f 3839//3839 3840//3840 3845//3845
f 3839//3839 3845//3845 3844//3844
f 3840//3840 3841//3841 3846//3846
f 3840//3840 3846//3846 3845//3845
f 3841//3841 3837//3837 3842//3842
f 3841//3841 3842//3842 3846//3846
f 3837//3837 3839//3839 3838//3838
f 3837//3837 3840//3840 3839//3839
f 3837//3837 3841//3841 3840//3840
f 3842//3842 3843//3843 3844//3844
f 3842//3842 3844//3844 3845//3845
f 3842//3842 3845//3845 3846//3846
