# Dongfeng sandbox; metres; X right, Y far, Z up
v 1.140000 0.430000 0.012000
v 1.160906 0.431096 0.012000
v 1.181582 0.434370 0.012000
v 1.201803 0.439789 0.012000
v 1.221347 0.447291 0.012000
v 1.240000 0.456795 0.012000
v 1.257557 0.468197 0.012000
v 1.273826 0.481371 0.012000
v 1.288629 0.496174 0.012000
v 1.301803 0.512443 0.012000
v 1.313205 0.530000 0.012000
v 1.322709 0.548653 0.012000
v 1.330211 0.568197 0.012000
v 1.335629 0.588418 0.012000
v 1.338904 0.609094 0.012000
v 1.340000 0.630000 0.012000
v 1.340000 1.960000 0.012000
v 1.339233 1.974634 0.012000
v 1.336941 1.989108 0.012000
v 1.333148 2.003262 0.012000
v 1.327896 2.016943 0.012000
v 1.321244 2.030000 0.012000
v 1.313262 2.042290 0.012000
v 1.304040 2.053678 0.012000
v 1.293678 2.064040 0.012000
v 1.282290 2.073262 0.012000
v 1.270000 2.081244 0.012000
v 1.256943 2.087896 0.012000
v 1.243262 2.093148 0.012000
v 1.229108 2.096941 0.012000
v 1.214634 2.099233 0.012000
v 1.200000 2.100000 0.012000
v 0.550000 2.100000 0.012000
v 0.531185 2.099014 0.012000
v 0.512576 2.096066 0.012000
v 0.494377 2.091190 0.012000
v 0.476787 2.084438 0.012000
v 0.460000 2.075885 0.012000
v 0.444199 2.065623 0.012000
v 0.429556 2.053766 0.012000
v 0.416234 2.040443 0.012000
v 0.404377 2.025801 0.012000
v 0.394115 2.010000 0.012000
v 0.385562 1.993213 0.012000
v 0.378810 1.975623 0.012000
v 0.373933 1.957424 0.012000
v 0.370986 1.938815 0.012000
v 0.370000 1.920000 0.012000
v 0.370000 0.870000 0.012000
v 0.372410 0.824007 0.012000
v 0.379615 0.778519 0.012000
v 0.391535 0.734033 0.012000
v 0.408040 0.691036 0.012000
v 0.428949 0.650000 0.012000
v 0.454033 0.611374 0.012000
v 0.483016 0.575583 0.012000
v 0.515583 0.543016 0.012000
v 0.551374 0.514033 0.012000
v 0.590000 0.488949 0.012000
v 0.631036 0.468040 0.012000
v 0.674033 0.451535 0.012000
v 0.718519 0.439615 0.012000
v 0.764007 0.432410 0.012000
v 0.810000 0.430000 0.012000
v 1.140000 0.430000 0.000000
v 1.160906 0.431096 0.000000
v 1.181582 0.434370 0.000000
v 1.201803 0.439789 0.000000
v 1.221347 0.447291 0.000000
v 1.240000 0.456795 0.000000
v 1.257557 0.468197 0.000000
v 1.273826 0.481371 0.000000
v 1.288629 0.496174 0.000000
v 1.301803 0.512443 0.000000
v 1.313205 0.530000 0.000000
v 1.322709 0.548653 0.000000
v 1.330211 0.568197 0.000000
v 1.335629 0.588418 0.000000
v 1.338904 0.609094 0.000000
v 1.340000 0.630000 0.000000
v 1.340000 1.960000 0.000000
v 1.339233 1.974634 0.000000
v 1.336941 1.989108 0.000000
v 1.333148 2.003262 0.000000
v 1.327896 2.016943 0.000000
v 1.321244 2.030000 0.000000
v 1.313262 2.042290 0.000000
v 1.304040 2.053678 0.000000
v 1.293678 2.064040 0.000000
v 1.282290 2.073262 0.000000
v 1.270000 2.081244 0.000000
v 1.256943 2.087896 0.000000
v 1.243262 2.093148 0.000000
v 1.229108 2.096941 0.000000
v 1.214634 2.099233 0.000000
v 1.200000 2.100000 0.000000
v 0.550000 2.100000 0.000000
v 0.531185 2.099014 0.000000
v 0.512576 2.096066 0.000000
v 0.494377 2.091190 0.000000
v 0.476787 2.084438 0.000000
v 0.460000 2.075885 0.000000
v 0.444199 2.065623 0.000000
v 0.429556 2.053766 0.000000
v 0.416234 2.040443 0.000000
v 0.404377 2.025801 0.000000
v 0.394115 2.010000 0.000000
v 0.385562 1.993213 0.000000
v 0.378810 1.975623 0.000000
v 0.373933 1.957424 0.000000
v 0.370986 1.938815 0.000000
v 0.370000 1.920000 0.000000
v 0.370000 0.870000 0.000000
v 0.372410 0.824007 0.000000
v 0.379615 0.778519 0.000000
v 0.391535 0.734033 0.000000
v 0.408040 0.691036 0.000000
v 0.428949 0.650000 0.000000
v 0.454033 0.611374 0.000000
v 0.483016 0.575583 0.000000
v 0.515583 0.543016 0.000000
v 0.551374 0.514033 0.000000
v 0.590000 0.488949 0.000000
v 0.631036 0.468040 0.000000
v 0.674033 0.451535 0.000000
v 0.718519 0.439615 0.000000
v 0.764007 0.432410 0.000000
v 0.810000 0.430000 0.000000
v 1.140000 0.430000 0.000000
v 1.160906 0.431096 0.000000
v 1.160906 0.431096 0.012000
v 1.140000 0.430000 0.012000
v 1.160906 0.431096 0.000000
v 1.181582 0.434370 0.000000
v 1.181582 0.434370 0.012000
v 1.160906 0.431096 0.012000
v 1.181582 0.434370 0.000000
v 1.201803 0.439789 0.000000
v 1.201803 0.439789 0.012000
v 1.181582 0.434370 0.012000
v 1.201803 0.439789 0.000000
v 1.221347 0.447291 0.000000
v 1.221347 0.447291 0.012000
v 1.201803 0.439789 0.012000
v 1.221347 0.447291 0.000000
v 1.240000 0.456795 0.000000
v 1.240000 0.456795 0.012000
v 1.221347 0.447291 0.012000
v 1.240000 0.456795 0.000000
v 1.257557 0.468197 0.000000
v 1.257557 0.468197 0.012000
v 1.240000 0.456795 0.012000
v 1.257557 0.468197 0.000000
v 1.273826 0.481371 0.000000
v 1.273826 0.481371 0.012000
v 1.257557 0.468197 0.012000
v 1.273826 0.481371 0.000000
v 1.288629 0.496174 0.000000
v 1.288629 0.496174 0.012000
v 1.273826 0.481371 0.012000
v 1.288629 0.496174 0.000000
v 1.301803 0.512443 0.000000
v 1.301803 0.512443 0.012000
v 1.288629 0.496174 0.012000
v 1.301803 0.512443 0.000000
v 1.313205 0.530000 0.000000
v 1.313205 0.530000 0.012000
v 1.301803 0.512443 0.012000
v 1.313205 0.530000 0.000000
v 1.322709 0.548653 0.000000
v 1.322709 0.548653 0.012000
v 1.313205 0.530000 0.012000
v 1.322709 0.548653 0.000000
v 1.330211 0.568197 0.000000
v 1.330211 0.568197 0.012000
v 1.322709 0.548653 0.012000
v 1.330211 0.568197 0.000000
v 1.335629 0.588418 0.000000
v 1.335629 0.588418 0.012000
v 1.330211 0.568197 0.012000
v 1.335629 0.588418 0.000000
v 1.338904 0.609094 0.000000
v 1.338904 0.609094 0.012000
v 1.335629 0.588418 0.012000
v 1.338904 0.609094 0.000000
v 1.340000 0.630000 0.000000
v 1.340000 0.630000 0.012000
v 1.338904 0.609094 0.012000
v 1.340000 0.630000 0.000000
v 1.340000 1.960000 0.000000
v 1.340000 1.960000 0.012000
v 1.340000 0.630000 0.012000
v 1.340000 1.960000 0.000000
v 1.339233 1.974634 0.000000
v 1.339233 1.974634 0.012000
v 1.340000 1.960000 0.012000
v 1.339233 1.974634 0.000000
v 1.336941 1.989108 0.000000
v 1.336941 1.989108 0.012000
v 1.339233 1.974634 0.012000
v 1.336941 1.989108 0.000000
v 1.333148 2.003262 0.000000
v 1.333148 2.003262 0.012000
v 1.336941 1.989108 0.012000
v 1.333148 2.003262 0.000000
v 1.327896 2.016943 0.000000
v 1.327896 2.016943 0.012000
v 1.333148 2.003262 0.012000
v 1.327896 2.016943 0.000000
v 1.321244 2.030000 0.000000
v 1.321244 2.030000 0.012000
v 1.327896 2.016943 0.012000
v 1.321244 2.030000 0.000000
v 1.313262 2.042290 0.000000
v 1.313262 2.042290 0.012000
v 1.321244 2.030000 0.012000
v 1.313262 2.042290 0.000000
v 1.304040 2.053678 0.000000
v 1.304040 2.053678 0.012000
v 1.313262 2.042290 0.012000
v 1.304040 2.053678 0.000000
v 1.293678 2.064040 0.000000
v 1.293678 2.064040 0.012000
v 1.304040 2.053678 0.012000
v 1.293678 2.064040 0.000000
v 1.282290 2.073262 0.000000
v 1.282290 2.073262 0.012000
v 1.293678 2.064040 0.012000
v 1.282290 2.073262 0.000000
v 1.270000 2.081244 0.000000
v 1.270000 2.081244 0.012000
v 1.282290 2.073262 0.012000
v 1.270000 2.081244 0.000000
v 1.256943 2.087896 0.000000
v 1.256943 2.087896 0.012000
v 1.270000 2.081244 0.012000
v 1.256943 2.087896 0.000000
v 1.243262 2.093148 0.000000
v 1.243262 2.093148 0.012000
v 1.256943 2.087896 0.012000
v 1.243262 2.093148 0.000000
v 1.229108 2.096941 0.000000
v 1.229108 2.096941 0.012000
v 1.243262 2.093148 0.012000
v 1.229108 2.096941 0.000000
v 1.214634 2.099233 0.000000
v 1.214634 2.099233 0.012000
v 1.229108 2.096941 0.012000
v 1.214634 2.099233 0.000000
v 1.200000 2.100000 0.000000
v 1.200000 2.100000 0.012000
v 1.214634 2.099233 0.012000
v 1.200000 2.100000 0.000000
v 0.550000 2.100000 0.000000
v 0.550000 2.100000 0.012000
v 1.200000 2.100000 0.012000
v 0.550000 2.100000 0.000000
v 0.531185 2.099014 0.000000
v 0.531185 2.099014 0.012000
v 0.550000 2.100000 0.012000
v 0.531185 2.099014 0.000000
v 0.512576 2.096066 0.000000
v 0.512576 2.096066 0.012000
v 0.531185 2.099014 0.012000
v 0.512576 2.096066 0.000000
v 0.494377 2.091190 0.000000
v 0.494377 2.091190 0.012000
v 0.512576 2.096066 0.012000
v 0.494377 2.091190 0.000000
v 0.476787 2.084438 0.000000
v 0.476787 2.084438 0.012000
v 0.494377 2.091190 0.012000
v 0.476787 2.084438 0.000000
v 0.460000 2.075885 0.000000
v 0.460000 2.075885 0.012000
v 0.476787 2.084438 0.012000
v 0.460000 2.075885 0.000000
v 0.444199 2.065623 0.000000
v 0.444199 2.065623 0.012000
v 0.460000 2.075885 0.012000
v 0.444199 2.065623 0.000000
v 0.429556 2.053766 0.000000
v 0.429556 2.053766 0.012000
v 0.444199 2.065623 0.012000
v 0.429556 2.053766 0.000000
v 0.416234 2.040443 0.000000
v 0.416234 2.040443 0.012000
v 0.429556 2.053766 0.012000
v 0.416234 2.040443 0.000000
v 0.404377 2.025801 0.000000
v 0.404377 2.025801 0.012000
v 0.416234 2.040443 0.012000
v 0.404377 2.025801 0.000000
v 0.394115 2.010000 0.000000
v 0.394115 2.010000 0.012000
v 0.404377 2.025801 0.012000
v 0.394115 2.010000 0.000000
v 0.385562 1.993213 0.000000
v 0.385562 1.993213 0.012000
v 0.394115 2.010000 0.012000
v 0.385562 1.993213 0.000000
v 0.378810 1.975623 0.000000
v 0.378810 1.975623 0.012000
v 0.385562 1.993213 0.012000
v 0.378810 1.975623 0.000000
v 0.373933 1.957424 0.000000
v 0.373933 1.957424 0.012000
v 0.378810 1.975623 0.012000
v 0.373933 1.957424 0.000000
v 0.370986 1.938815 0.000000
v 0.370986 1.938815 0.012000
v 0.373933 1.957424 0.012000
v 0.370986 1.938815 0.000000
v 0.370000 1.920000 0.000000
v 0.370000 1.920000 0.012000
v 0.370986 1.938815 0.012000
v 0.370000 1.920000 0.000000
v 0.370000 0.870000 0.000000
v 0.370000 0.870000 0.012000
v 0.370000 1.920000 0.012000
v 0.370000 0.870000 0.000000
v 0.372410 0.824007 0.000000
v 0.372410 0.824007 0.012000
v 0.370000 0.870000 0.012000
v 0.372410 0.824007 0.000000
v 0.379615 0.778519 0.000000
v 0.379615 0.778519 0.012000
v 0.372410 0.824007 0.012000
v 0.379615 0.778519 0.000000
v 0.391535 0.734033 0.000000
v 0.391535 0.734033 0.012000
v 0.379615 0.778519 0.012000
v 0.391535 0.734033 0.000000
v 0.408040 0.691036 0.000000
v 0.408040 0.691036 0.012000
v 0.391535 0.734033 0.012000
v 0.408040 0.691036 0.000000
v 0.428949 0.650000 0.000000
v 0.428949 0.650000 0.012000
v 0.408040 0.691036 0.012000
v 0.428949 0.650000 0.000000
v 0.454033 0.611374 0.000000
v 0.454033 0.611374 0.012000
v 0.428949 0.650000 0.012000
v 0.454033 0.611374 0.000000
v 0.483016 0.575583 0.000000
v 0.483016 0.575583 0.012000
v 0.454033 0.611374 0.012000
v 0.483016 0.575583 0.000000
v 0.515583 0.543016 0.000000
v 0.515583 0.543016 0.012000
v 0.483016 0.575583 0.012000
v 0.515583 0.543016 0.000000
v 0.551374 0.514033 0.000000
v 0.551374 0.514033 0.012000
v 0.515583 0.543016 0.012000
v 0.551374 0.514033 0.000000
v 0.590000 0.488949 0.000000
v 0.590000 0.488949 0.012000
v 0.551374 0.514033 0.012000
v 0.590000 0.488949 0.000000
v 0.631036 0.468040 0.000000
v 0.631036 0.468040 0.012000
v 0.590000 0.488949 0.012000
v 0.631036 0.468040 0.000000
v 0.674033 0.451535 0.000000
v 0.674033 0.451535 0.012000
v 0.631036 0.468040 0.012000
v 0.674033 0.451535 0.000000
v 0.718519 0.439615 0.000000
v 0.718519 0.439615 0.012000
v 0.674033 0.451535 0.012000
v 0.718519 0.439615 0.000000
v 0.764007 0.432410 0.000000
v 0.764007 0.432410 0.012000
v 0.718519 0.439615 0.012000
v 0.764007 0.432410 0.000000
v 0.810000 0.430000 0.000000
v 0.810000 0.430000 0.012000
v 0.764007 0.432410 0.012000
v 0.810000 0.430000 0.000000
v 1.140000 0.430000 0.000000
v 1.140000 0.430000 0.012000
v 0.810000 0.430000 0.012000
v 2.490000 0.430000 0.012000
v 2.535993 0.432410 0.012000
v 2.581481 0.439615 0.012000
v 2.625968 0.451535 0.012000
v 2.668964 0.468040 0.012000
v 2.710000 0.488949 0.012000
v 2.748626 0.514033 0.012000
v 2.784417 0.543016 0.012000
v 2.816984 0.575583 0.012000
v 2.845968 0.611374 0.012000
v 2.871051 0.650000 0.012000
v 2.891960 0.691036 0.012000
v 2.908465 0.734033 0.012000
v 2.920385 0.778519 0.012000
v 2.927590 0.824007 0.012000
v 2.930000 0.870000 0.012000
v 2.930000 1.920000 0.012000
v 2.929014 1.938815 0.012000
v 2.926067 1.957424 0.012000
v 2.921190 1.975623 0.012000
v 2.914438 1.993213 0.012000
v 2.905885 2.010000 0.012000
v 2.895623 2.025801 0.012000
v 2.883766 2.040443 0.012000
v 2.870444 2.053766 0.012000
v 2.855801 2.065623 0.012000
v 2.840000 2.075885 0.012000
v 2.823213 2.084438 0.012000
v 2.805623 2.091190 0.012000
v 2.787424 2.096066 0.012000
v 2.768815 2.099014 0.012000
v 2.750000 2.100000 0.012000
v 2.100000 2.100000 0.012000
v 2.085366 2.099233 0.012000
v 2.070892 2.096941 0.012000
v 2.056738 2.093148 0.012000
v 2.043057 2.087896 0.012000
v 2.030000 2.081244 0.012000
v 2.017710 2.073262 0.012000
v 2.006322 2.064040 0.012000
v 1.995960 2.053678 0.012000
v 1.986738 2.042290 0.012000
v 1.978756 2.030000 0.012000
v 1.972104 2.016943 0.012000
v 1.966852 2.003262 0.012000
v 1.963059 1.989108 0.012000
v 1.960767 1.974634 0.012000
v 1.960000 1.960000 0.012000
v 1.960000 0.630000 0.012000
v 1.961096 0.609094 0.012000
v 1.964370 0.588418 0.012000
v 1.969789 0.568197 0.012000
v 1.977291 0.548653 0.012000
v 1.986795 0.530000 0.012000
v 1.998197 0.512443 0.012000
v 2.011371 0.496174 0.012000
v 2.026174 0.481371 0.012000
v 2.042443 0.468197 0.012000
v 2.060000 0.456795 0.012000
v 2.078653 0.447291 0.012000
v 2.098197 0.439789 0.012000
v 2.118418 0.434370 0.012000
v 2.139094 0.431096 0.012000
v 2.160000 0.430000 0.012000
v 2.490000 0.430000 0.000000
v 2.535993 0.432410 0.000000
v 2.581481 0.439615 0.000000
v 2.625968 0.451535 0.000000
v 2.668964 0.468040 0.000000
v 2.710000 0.488949 0.000000
v 2.748626 0.514033 0.000000
v 2.784417 0.543016 0.000000
v 2.816984 0.575583 0.000000
v 2.845968 0.611374 0.000000
v 2.871051 0.650000 0.000000
v 2.891960 0.691036 0.000000
v 2.908465 0.734033 0.000000
v 2.920385 0.778519 0.000000
v 2.927590 0.824007 0.000000
v 2.930000 0.870000 0.000000
v 2.930000 1.920000 0.000000
v 2.929014 1.938815 0.000000
v 2.926067 1.957424 0.000000
v 2.921190 1.975623 0.000000
v 2.914438 1.993213 0.000000
v 2.905885 2.010000 0.000000
v 2.895623 2.025801 0.000000
v 2.883766 2.040443 0.000000
v 2.870444 2.053766 0.000000
v 2.855801 2.065623 0.000000
v 2.840000 2.075885 0.000000
v 2.823213 2.084438 0.000000
v 2.805623 2.091190 0.000000
v 2.787424 2.096066 0.000000
v 2.768815 2.099014 0.000000
v 2.750000 2.100000 0.000000
v 2.100000 2.100000 0.000000
v 2.085366 2.099233 0.000000
v 2.070892 2.096941 0.000000
v 2.056738 2.093148 0.000000
v 2.043057 2.087896 0.000000
v 2.030000 2.081244 0.000000
v 2.017710 2.073262 0.000000
v 2.006322 2.064040 0.000000
v 1.995960 2.053678 0.000000
v 1.986738 2.042290 0.000000
v 1.978756 2.030000 0.000000
v 1.972104 2.016943 0.000000
v 1.966852 2.003262 0.000000
v 1.963059 1.989108 0.000000
v 1.960767 1.974634 0.000000
v 1.960000 1.960000 0.000000
v 1.960000 0.630000 0.000000
v 1.961096 0.609094 0.000000
v 1.964370 0.588418 0.000000
v 1.969789 0.568197 0.000000
v 1.977291 0.548653 0.000000
v 1.986795 0.530000 0.000000
v 1.998197 0.512443 0.000000
v 2.011371 0.496174 0.000000
v 2.026174 0.481371 0.000000
v 2.042443 0.468197 0.000000
v 2.060000 0.456795 0.000000
v 2.078653 0.447291 0.000000
v 2.098197 0.439789 0.000000
v 2.118418 0.434370 0.000000
v 2.139094 0.431096 0.000000
v 2.160000 0.430000 0.000000
v 2.490000 0.430000 0.000000
v 2.535993 0.432410 0.000000
v 2.535993 0.432410 0.012000
v 2.490000 0.430000 0.012000
v 2.535993 0.432410 0.000000
v 2.581481 0.439615 0.000000
v 2.581481 0.439615 0.012000
v 2.535993 0.432410 0.012000
v 2.581481 0.439615 0.000000
v 2.625968 0.451535 0.000000
v 2.625968 0.451535 0.012000
v 2.581481 0.439615 0.012000
v 2.625968 0.451535 0.000000
v 2.668964 0.468040 0.000000
v 2.668964 0.468040 0.012000
v 2.625968 0.451535 0.012000
v 2.668964 0.468040 0.000000
v 2.710000 0.488949 0.000000
v 2.710000 0.488949 0.012000
v 2.668964 0.468040 0.012000
v 2.710000 0.488949 0.000000
v 2.748626 0.514033 0.000000
v 2.748626 0.514033 0.012000
v 2.710000 0.488949 0.012000
v 2.748626 0.514033 0.000000
v 2.784417 0.543016 0.000000
v 2.784417 0.543016 0.012000
v 2.748626 0.514033 0.012000
v 2.784417 0.543016 0.000000
v 2.816984 0.575583 0.000000
v 2.816984 0.575583 0.012000
v 2.784417 0.543016 0.012000
v 2.816984 0.575583 0.000000
v 2.845968 0.611374 0.000000
v 2.845968 0.611374 0.012000
v 2.816984 0.575583 0.012000
v 2.845968 0.611374 0.000000
v 2.871051 0.650000 0.000000
v 2.871051 0.650000 0.012000
v 2.845968 0.611374 0.012000
v 2.871051 0.650000 0.000000
v 2.891960 0.691036 0.000000
v 2.891960 0.691036 0.012000
v 2.871051 0.650000 0.012000
v 2.891960 0.691036 0.000000
v 2.908465 0.734033 0.000000
v 2.908465 0.734033 0.012000
v 2.891960 0.691036 0.012000
v 2.908465 0.734033 0.000000
v 2.920385 0.778519 0.000000
v 2.920385 0.778519 0.012000
v 2.908465 0.734033 0.012000
v 2.920385 0.778519 0.000000
v 2.927590 0.824007 0.000000
v 2.927590 0.824007 0.012000
v 2.920385 0.778519 0.012000
v 2.927590 0.824007 0.000000
v 2.930000 0.870000 0.000000
v 2.930000 0.870000 0.012000
v 2.927590 0.824007 0.012000
v 2.930000 0.870000 0.000000
v 2.930000 1.920000 0.000000
v 2.930000 1.920000 0.012000
v 2.930000 0.870000 0.012000
v 2.930000 1.920000 0.000000
v 2.929014 1.938815 0.000000
v 2.929014 1.938815 0.012000
v 2.930000 1.920000 0.012000
v 2.929014 1.938815 0.000000
v 2.926067 1.957424 0.000000
v 2.926067 1.957424 0.012000
v 2.929014 1.938815 0.012000
v 2.926067 1.957424 0.000000
v 2.921190 1.975623 0.000000
v 2.921190 1.975623 0.012000
v 2.926067 1.957424 0.012000
v 2.921190 1.975623 0.000000
v 2.914438 1.993213 0.000000
v 2.914438 1.993213 0.012000
v 2.921190 1.975623 0.012000
v 2.914438 1.993213 0.000000
v 2.905885 2.010000 0.000000
v 2.905885 2.010000 0.012000
v 2.914438 1.993213 0.012000
v 2.905885 2.010000 0.000000
v 2.895623 2.025801 0.000000
v 2.895623 2.025801 0.012000
v 2.905885 2.010000 0.012000
v 2.895623 2.025801 0.000000
v 2.883766 2.040443 0.000000
v 2.883766 2.040443 0.012000
v 2.895623 2.025801 0.012000
v 2.883766 2.040443 0.000000
v 2.870444 2.053766 0.000000
v 2.870444 2.053766 0.012000
v 2.883766 2.040443 0.012000
v 2.870444 2.053766 0.000000
v 2.855801 2.065623 0.000000
v 2.855801 2.065623 0.012000
v 2.870444 2.053766 0.012000
v 2.855801 2.065623 0.000000
v 2.840000 2.075885 0.000000
v 2.840000 2.075885 0.012000
v 2.855801 2.065623 0.012000
v 2.840000 2.075885 0.000000
v 2.823213 2.084438 0.000000
v 2.823213 2.084438 0.012000
v 2.840000 2.075885 0.012000
v 2.823213 2.084438 0.000000
v 2.805623 2.091190 0.000000
v 2.805623 2.091190 0.012000
v 2.823213 2.084438 0.012000
v 2.805623 2.091190 0.000000
v 2.787424 2.096066 0.000000
v 2.787424 2.096066 0.012000
v 2.805623 2.091190 0.012000
v 2.787424 2.096066 0.000000
v 2.768815 2.099014 0.000000
v 2.768815 2.099014 0.012000
v 2.787424 2.096066 0.012000
v 2.768815 2.099014 0.000000
v 2.750000 2.100000 0.000000
v 2.750000 2.100000 0.012000
v 2.768815 2.099014 0.012000
v 2.750000 2.100000 0.000000
v 2.100000 2.100000 0.000000
v 2.100000 2.100000 0.012000
v 2.750000 2.100000 0.012000
v 2.100000 2.100000 0.000000
v 2.085366 2.099233 0.000000
v 2.085366 2.099233 0.012000
v 2.100000 2.100000 0.012000
v 2.085366 2.099233 0.000000
v 2.070892 2.096941 0.000000
v 2.070892 2.096941 0.012000
v 2.085366 2.099233 0.012000
v 2.070892 2.096941 0.000000
v 2.056738 2.093148 0.000000
v 2.056738 2.093148 0.012000
v 2.070892 2.096941 0.012000
v 2.056738 2.093148 0.000000
v 2.043057 2.087896 0.000000
v 2.043057 2.087896 0.012000
v 2.056738 2.093148 0.012000
v 2.043057 2.087896 0.000000
v 2.030000 2.081244 0.000000
v 2.030000 2.081244 0.012000
v 2.043057 2.087896 0.012000
v 2.030000 2.081244 0.000000
v 2.017710 2.073262 0.000000
v 2.017710 2.073262 0.012000
v 2.030000 2.081244 0.012000
v 2.017710 2.073262 0.000000
v 2.006322 2.064040 0.000000
v 2.006322 2.064040 0.012000
v 2.017710 2.073262 0.012000
v 2.006322 2.064040 0.000000
v 1.995960 2.053678 0.000000
v 1.995960 2.053678 0.012000
v 2.006322 2.064040 0.012000
v 1.995960 2.053678 0.000000
v 1.986738 2.042290 0.000000
v 1.986738 2.042290 0.012000
v 1.995960 2.053678 0.012000
v 1.986738 2.042290 0.000000
v 1.978756 2.030000 0.000000
v 1.978756 2.030000 0.012000
v 1.986738 2.042290 0.012000
v 1.978756 2.030000 0.000000
v 1.972104 2.016943 0.000000
v 1.972104 2.016943 0.012000
v 1.978756 2.030000 0.012000
v 1.972104 2.016943 0.000000
v 1.966852 2.003262 0.000000
v 1.966852 2.003262 0.012000
v 1.972104 2.016943 0.012000
v 1.966852 2.003262 0.000000
v 1.963059 1.989108 0.000000
v 1.963059 1.989108 0.012000
v 1.966852 2.003262 0.012000
v 1.963059 1.989108 0.000000
v 1.960767 1.974634 0.000000
v 1.960767 1.974634 0.012000
v 1.963059 1.989108 0.012000
v 1.960767 1.974634 0.000000
v 1.960000 1.960000 0.000000
v 1.960000 1.960000 0.012000
v 1.960767 1.974634 0.012000
v 1.960000 1.960000 0.000000
v 1.960000 0.630000 0.000000
v 1.960000 0.630000 0.012000
v 1.960000 1.960000 0.012000
v 1.960000 0.630000 0.000000
v 1.961096 0.609094 0.000000
v 1.961096 0.609094 0.012000
v 1.960000 0.630000 0.012000
v 1.961096 0.609094 0.000000
v 1.964370 0.588418 0.000000
v 1.964370 0.588418 0.012000
v 1.961096 0.609094 0.012000
v 1.964370 0.588418 0.000000
v 1.969789 0.568197 0.000000
v 1.969789 0.568197 0.012000
v 1.964370 0.588418 0.012000
v 1.969789 0.568197 0.000000
v 1.977291 0.548653 0.000000
v 1.977291 0.548653 0.012000
v 1.969789 0.568197 0.012000
v 1.977291 0.548653 0.000000
v 1.986795 0.530000 0.000000
v 1.986795 0.530000 0.012000
v 1.977291 0.548653 0.012000
v 1.986795 0.530000 0.000000
v 1.998197 0.512443 0.000000
v 1.998197 0.512443 0.012000
v 1.986795 0.530000 0.012000
v 1.998197 0.512443 0.000000
v 2.011371 0.496174 0.000000
v 2.011371 0.496174 0.012000
v 1.998197 0.512443 0.012000
v 2.011371 0.496174 0.000000
v 2.026174 0.481371 0.000000
v 2.026174 0.481371 0.012000
v 2.011371 0.496174 0.012000
v 2.026174 0.481371 0.000000
v 2.042443 0.468197 0.000000
v 2.042443 0.468197 0.012000
v 2.026174 0.481371 0.012000
v 2.042443 0.468197 0.000000
v 2.060000 0.456795 0.000000
v 2.060000 0.456795 0.012000
v 2.042443 0.468197 0.012000
v 2.060000 0.456795 0.000000
v 2.078653 0.447291 0.000000
v 2.078653 0.447291 0.012000
v 2.060000 0.456795 0.012000
v 2.078653 0.447291 0.000000
v 2.098197 0.439789 0.000000
v 2.098197 0.439789 0.012000
v 2.078653 0.447291 0.012000
v 2.098197 0.439789 0.000000
v 2.118418 0.434370 0.000000
v 2.118418 0.434370 0.012000
v 2.098197 0.439789 0.012000
v 2.118418 0.434370 0.000000
v 2.139094 0.431096 0.000000
v 2.139094 0.431096 0.012000
v 2.118418 0.434370 0.012000
v 2.139094 0.431096 0.000000
v 2.160000 0.430000 0.000000
v 2.160000 0.430000 0.012000
v 2.139094 0.431096 0.012000
v 2.160000 0.430000 0.000000
v 2.490000 0.430000 0.000000
v 2.490000 0.430000 0.012000
v 2.160000 0.430000 0.012000
v 1.160000 2.720000 0.012000
v 1.183495 2.721540 0.012000
v 1.206587 2.726133 0.012000
v 1.228883 2.733702 0.012000
v 1.250000 2.744115 0.012000
v 1.269577 2.757196 0.012000
v 1.287279 2.772721 0.012000
v 1.302804 2.790423 0.012000
v 1.315885 2.810000 0.012000
v 1.326298 2.831117 0.012000
v 1.333867 2.853413 0.012000
v 1.338460 2.876505 0.012000
v 1.340000 2.900000 0.012000
v 1.340000 3.270000 0.012000
v 1.338032 3.300021 0.012000
v 1.332163 3.329528 0.012000
v 1.322492 3.358017 0.012000
v 1.309186 3.385000 0.012000
v 1.292471 3.410015 0.012000
v 1.272635 3.432635 0.012000
v 1.250015 3.452471 0.012000
v 1.225000 3.469186 0.012000
v 1.198017 3.482492 0.012000
v 1.169528 3.492163 0.012000
v 1.140021 3.498032 0.012000
v 1.110000 3.500000 0.012000
v 0.570000 3.500000 0.012000
v 0.543895 3.498289 0.012000
v 0.518236 3.493185 0.012000
v 0.493463 3.484776 0.012000
v 0.470000 3.473205 0.012000
v 0.448248 3.458671 0.012000
v 0.428579 3.441421 0.012000
v 0.411329 3.421752 0.012000
v 0.396795 3.400000 0.012000
v 0.385224 3.376537 0.012000
v 0.376815 3.351764 0.012000
v 0.371711 3.326105 0.012000
v 0.370000 3.300000 0.012000
v 0.370000 2.880000 0.012000
v 0.371369 2.859116 0.012000
v 0.375452 2.838589 0.012000
v 0.382179 2.818771 0.012000
v 0.391436 2.800000 0.012000
v 0.403063 2.782598 0.012000
v 0.416863 2.766863 0.012000
v 0.432598 2.753063 0.012000
v 0.450000 2.741436 0.012000
v 0.468771 2.732179 0.012000
v 0.488589 2.725452 0.012000
v 0.509116 2.721369 0.012000
v 0.530000 2.720000 0.012000
v 1.160000 2.720000 0.000000
v 1.183495 2.721540 0.000000
v 1.206587 2.726133 0.000000
v 1.228883 2.733702 0.000000
v 1.250000 2.744115 0.000000
v 1.269577 2.757196 0.000000
v 1.287279 2.772721 0.000000
v 1.302804 2.790423 0.000000
v 1.315885 2.810000 0.000000
v 1.326298 2.831117 0.000000
v 1.333867 2.853413 0.000000
v 1.338460 2.876505 0.000000
v 1.340000 2.900000 0.000000
v 1.340000 3.270000 0.000000
v 1.338032 3.300021 0.000000
v 1.332163 3.329528 0.000000
v 1.322492 3.358017 0.000000
v 1.309186 3.385000 0.000000
v 1.292471 3.410015 0.000000
v 1.272635 3.432635 0.000000
v 1.250015 3.452471 0.000000
v 1.225000 3.469186 0.000000
v 1.198017 3.482492 0.000000
v 1.169528 3.492163 0.000000
v 1.140021 3.498032 0.000000
v 1.110000 3.500000 0.000000
v 0.570000 3.500000 0.000000
v 0.543895 3.498289 0.000000
v 0.518236 3.493185 0.000000
v 0.493463 3.484776 0.000000
v 0.470000 3.473205 0.000000
v 0.448248 3.458671 0.000000
v 0.428579 3.441421 0.000000
v 0.411329 3.421752 0.000000
v 0.396795 3.400000 0.000000
v 0.385224 3.376537 0.000000
v 0.376815 3.351764 0.000000
v 0.371711 3.326105 0.000000
v 0.370000 3.300000 0.000000
v 0.370000 2.880000 0.000000
v 0.371369 2.859116 0.000000
v 0.375452 2.838589 0.000000
v 0.382179 2.818771 0.000000
v 0.391436 2.800000 0.000000
v 0.403063 2.782598 0.000000
v 0.416863 2.766863 0.000000
v 0.432598 2.753063 0.000000
v 0.450000 2.741436 0.000000
v 0.468771 2.732179 0.000000
v 0.488589 2.725452 0.000000
v 0.509116 2.721369 0.000000
v 0.530000 2.720000 0.000000
v 1.160000 2.720000 0.000000
v 1.183495 2.721540 0.000000
v 1.183495 2.721540 0.012000
v 1.160000 2.720000 0.012000
v 1.183495 2.721540 0.000000
v 1.206587 2.726133 0.000000
v 1.206587 2.726133 0.012000
v 1.183495 2.721540 0.012000
v 1.206587 2.726133 0.000000
v 1.228883 2.733702 0.000000
v 1.228883 2.733702 0.012000
v 1.206587 2.726133 0.012000
v 1.228883 2.733702 0.000000
v 1.250000 2.744115 0.000000
v 1.250000 2.744115 0.012000
v 1.228883 2.733702 0.012000
v 1.250000 2.744115 0.000000
v 1.269577 2.757196 0.000000
v 1.269577 2.757196 0.012000
v 1.250000 2.744115 0.012000
v 1.269577 2.757196 0.000000
v 1.287279 2.772721 0.000000
v 1.287279 2.772721 0.012000
v 1.269577 2.757196 0.012000
v 1.287279 2.772721 0.000000
v 1.302804 2.790423 0.000000
v 1.302804 2.790423 0.012000
v 1.287279 2.772721 0.012000
v 1.302804 2.790423 0.000000
v 1.315885 2.810000 0.000000
v 1.315885 2.810000 0.012000
v 1.302804 2.790423 0.012000
v 1.315885 2.810000 0.000000
v 1.326298 2.831117 0.000000
v 1.326298 2.831117 0.012000
v 1.315885 2.810000 0.012000
v 1.326298 2.831117 0.000000
v 1.333867 2.853413 0.000000
v 1.333867 2.853413 0.012000
v 1.326298 2.831117 0.012000
v 1.333867 2.853413 0.000000
v 1.338460 2.876505 0.000000
v 1.338460 2.876505 0.012000
v 1.333867 2.853413 0.012000
v 1.338460 2.876505 0.000000
v 1.340000 2.900000 0.000000
v 1.340000 2.900000 0.012000
v 1.338460 2.876505 0.012000
v 1.340000 2.900000 0.000000
v 1.340000 3.270000 0.000000
v 1.340000 3.270000 0.012000
v 1.340000 2.900000 0.012000
v 1.340000 3.270000 0.000000
v 1.338032 3.300021 0.000000
v 1.338032 3.300021 0.012000
v 1.340000 3.270000 0.012000
v 1.338032 3.300021 0.000000
v 1.332163 3.329528 0.000000
v 1.332163 3.329528 0.012000
v 1.338032 3.300021 0.012000
v 1.332163 3.329528 0.000000
v 1.322492 3.358017 0.000000
v 1.322492 3.358017 0.012000
v 1.332163 3.329528 0.012000
v 1.322492 3.358017 0.000000
v 1.309186 3.385000 0.000000
v 1.309186 3.385000 0.012000
v 1.322492 3.358017 0.012000
v 1.309186 3.385000 0.000000
v 1.292471 3.410015 0.000000
v 1.292471 3.410015 0.012000
v 1.309186 3.385000 0.012000
v 1.292471 3.410015 0.000000
v 1.272635 3.432635 0.000000
v 1.272635 3.432635 0.012000
v 1.292471 3.410015 0.012000
v 1.272635 3.432635 0.000000
v 1.250015 3.452471 0.000000
v 1.250015 3.452471 0.012000
v 1.272635 3.432635 0.012000
v 1.250015 3.452471 0.000000
v 1.225000 3.469186 0.000000
v 1.225000 3.469186 0.012000
v 1.250015 3.452471 0.012000
v 1.225000 3.469186 0.000000
v 1.198017 3.482492 0.000000
v 1.198017 3.482492 0.012000
v 1.225000 3.469186 0.012000
v 1.198017 3.482492 0.000000
v 1.169528 3.492163 0.000000
v 1.169528 3.492163 0.012000
v 1.198017 3.482492 0.012000
v 1.169528 3.492163 0.000000
v 1.140021 3.498032 0.000000
v 1.140021 3.498032 0.012000
v 1.169528 3.492163 0.012000
v 1.140021 3.498032 0.000000
v 1.110000 3.500000 0.000000
v 1.110000 3.500000 0.012000
v 1.140021 3.498032 0.012000
v 1.110000 3.500000 0.000000
v 0.570000 3.500000 0.000000
v 0.570000 3.500000 0.012000
v 1.110000 3.500000 0.012000
v 0.570000 3.500000 0.000000
v 0.543895 3.498289 0.000000
v 0.543895 3.498289 0.012000
v 0.570000 3.500000 0.012000
v 0.543895 3.498289 0.000000
v 0.518236 3.493185 0.000000
v 0.518236 3.493185 0.012000
v 0.543895 3.498289 0.012000
v 0.518236 3.493185 0.000000
v 0.493463 3.484776 0.000000
v 0.493463 3.484776 0.012000
v 0.518236 3.493185 0.012000
v 0.493463 3.484776 0.000000
v 0.470000 3.473205 0.000000
v 0.470000 3.473205 0.012000
v 0.493463 3.484776 0.012000
v 0.470000 3.473205 0.000000
v 0.448248 3.458671 0.000000
v 0.448248 3.458671 0.012000
v 0.470000 3.473205 0.012000
v 0.448248 3.458671 0.000000
v 0.428579 3.441421 0.000000
v 0.428579 3.441421 0.012000
v 0.448248 3.458671 0.012000
v 0.428579 3.441421 0.000000
v 0.411329 3.421752 0.000000
v 0.411329 3.421752 0.012000
v 0.428579 3.441421 0.012000
v 0.411329 3.421752 0.000000
v 0.396795 3.400000 0.000000
v 0.396795 3.400000 0.012000
v 0.411329 3.421752 0.012000
v 0.396795 3.400000 0.000000
v 0.385224 3.376537 0.000000
v 0.385224 3.376537 0.012000
v 0.396795 3.400000 0.012000
v 0.385224 3.376537 0.000000
v 0.376815 3.351764 0.000000
v 0.376815 3.351764 0.012000
v 0.385224 3.376537 0.012000
v 0.376815 3.351764 0.000000
v 0.371711 3.326105 0.000000
v 0.371711 3.326105 0.012000
v 0.376815 3.351764 0.012000
v 0.371711 3.326105 0.000000
v 0.370000 3.300000 0.000000
v 0.370000 3.300000 0.012000
v 0.371711 3.326105 0.012000
v 0.370000 3.300000 0.000000
v 0.370000 2.880000 0.000000
v 0.370000 2.880000 0.012000
v 0.370000 3.300000 0.012000
v 0.370000 2.880000 0.000000
v 0.371369 2.859116 0.000000
v 0.371369 2.859116 0.012000
v 0.370000 2.880000 0.012000
v 0.371369 2.859116 0.000000
v 0.375452 2.838589 0.000000
v 0.375452 2.838589 0.012000
v 0.371369 2.859116 0.012000
v 0.375452 2.838589 0.000000
v 0.382179 2.818771 0.000000
v 0.382179 2.818771 0.012000
v 0.375452 2.838589 0.012000
v 0.382179 2.818771 0.000000
v 0.391436 2.800000 0.000000
v 0.391436 2.800000 0.012000
v 0.382179 2.818771 0.012000
v 0.391436 2.800000 0.000000
v 0.403063 2.782598 0.000000
v 0.403063 2.782598 0.012000
v 0.391436 2.800000 0.012000
v 0.403063 2.782598 0.000000
v 0.416863 2.766863 0.000000
v 0.416863 2.766863 0.012000
v 0.403063 2.782598 0.012000
v 0.416863 2.766863 0.000000
v 0.432598 2.753063 0.000000
v 0.432598 2.753063 0.012000
v 0.416863 2.766863 0.012000
v 0.432598 2.753063 0.000000
v 0.450000 2.741436 0.000000
v 0.450000 2.741436 0.012000
v 0.432598 2.753063 0.012000
v 0.450000 2.741436 0.000000
v 0.468771 2.732179 0.000000
v 0.468771 2.732179 0.012000
v 0.450000 2.741436 0.012000
v 0.468771 2.732179 0.000000
v 0.488589 2.725452 0.000000
v 0.488589 2.725452 0.012000
v 0.468771 2.732179 0.012000
v 0.488589 2.725452 0.000000
v 0.509116 2.721369 0.000000
v 0.509116 2.721369 0.012000
v 0.488589 2.725452 0.012000
v 0.509116 2.721369 0.000000
v 0.530000 2.720000 0.000000
v 0.530000 2.720000 0.012000
v 0.509116 2.721369 0.012000
v 0.530000 2.720000 0.000000
v 1.160000 2.720000 0.000000
v 1.160000 2.720000 0.012000
v 0.530000 2.720000 0.012000
v 2.770000 2.720000 0.012000
v 2.790884 2.721369 0.012000
v 2.811411 2.725452 0.012000
v 2.831229 2.732179 0.012000
v 2.850000 2.741436 0.012000
v 2.867402 2.753063 0.012000
v 2.883137 2.766863 0.012000
v 2.896936 2.782598 0.012000
v 2.908564 2.800000 0.012000
v 2.917821 2.818771 0.012000
v 2.924548 2.838589 0.012000
v 2.928631 2.859116 0.012000
v 2.930000 2.880000 0.012000
v 2.930000 3.280000 0.012000
v 2.928118 3.308716 0.012000
v 2.922504 3.336940 0.012000
v 2.913254 3.364190 0.012000
v 2.900526 3.390000 0.012000
v 2.884538 3.413928 0.012000
v 2.865563 3.435564 0.012000
v 2.843928 3.454538 0.012000
v 2.820000 3.470526 0.012000
v 2.794190 3.483253 0.012000
v 2.766940 3.492504 0.012000
v 2.738716 3.498118 0.012000
v 2.710000 3.500000 0.012000
v 2.200000 3.500000 0.012000
v 2.168674 3.497947 0.012000
v 2.137883 3.491822 0.012000
v 2.108156 3.481731 0.012000
v 2.080000 3.467846 0.012000
v 2.053897 3.450405 0.012000
v 2.030294 3.429706 0.012000
v 2.009595 3.406103 0.012000
v 1.992154 3.380000 0.012000
v 1.978269 3.351844 0.012000
v 1.968178 3.322117 0.012000
v 1.962053 3.291326 0.012000
v 1.960000 3.260000 0.012000
v 1.960000 2.900000 0.012000
v 1.961540 2.876505 0.012000
v 1.966133 2.853413 0.012000
v 1.973702 2.831117 0.012000
v 1.984115 2.810000 0.012000
v 1.997196 2.790423 0.012000
v 2.012721 2.772721 0.012000
v 2.030423 2.757196 0.012000
v 2.050000 2.744115 0.012000
v 2.071117 2.733702 0.012000
v 2.093413 2.726133 0.012000
v 2.116505 2.721540 0.012000
v 2.140000 2.720000 0.012000
v 2.770000 2.720000 0.000000
v 2.790884 2.721369 0.000000
v 2.811411 2.725452 0.000000
v 2.831229 2.732179 0.000000
v 2.850000 2.741436 0.000000
v 2.867402 2.753063 0.000000
v 2.883137 2.766863 0.000000
v 2.896936 2.782598 0.000000
v 2.908564 2.800000 0.000000
v 2.917821 2.818771 0.000000
v 2.924548 2.838589 0.000000
v 2.928631 2.859116 0.000000
v 2.930000 2.880000 0.000000
v 2.930000 3.280000 0.000000
v 2.928118 3.308716 0.000000
v 2.922504 3.336940 0.000000
v 2.913254 3.364190 0.000000
v 2.900526 3.390000 0.000000
v 2.884538 3.413928 0.000000
v 2.865563 3.435564 0.000000
v 2.843928 3.454538 0.000000
v 2.820000 3.470526 0.000000
v 2.794190 3.483253 0.000000
v 2.766940 3.492504 0.000000
v 2.738716 3.498118 0.000000
v 2.710000 3.500000 0.000000
v 2.200000 3.500000 0.000000
v 2.168674 3.497947 0.000000
v 2.137883 3.491822 0.000000
v 2.108156 3.481731 0.000000
v 2.080000 3.467846 0.000000
v 2.053897 3.450405 0.000000
v 2.030294 3.429706 0.000000
v 2.009595 3.406103 0.000000
v 1.992154 3.380000 0.000000
v 1.978269 3.351844 0.000000
v 1.968178 3.322117 0.000000
v 1.962053 3.291326 0.000000
v 1.960000 3.260000 0.000000
v 1.960000 2.900000 0.000000
v 1.961540 2.876505 0.000000
v 1.966133 2.853413 0.000000
v 1.973702 2.831117 0.000000
v 1.984115 2.810000 0.000000
v 1.997196 2.790423 0.000000
v 2.012721 2.772721 0.000000
v 2.030423 2.757196 0.000000
v 2.050000 2.744115 0.000000
v 2.071117 2.733702 0.000000
v 2.093413 2.726133 0.000000
v 2.116505 2.721540 0.000000
v 2.140000 2.720000 0.000000
v 2.770000 2.720000 0.000000
v 2.790884 2.721369 0.000000
v 2.790884 2.721369 0.012000
v 2.770000 2.720000 0.012000
v 2.790884 2.721369 0.000000
v 2.811411 2.725452 0.000000
v 2.811411 2.725452 0.012000
v 2.790884 2.721369 0.012000
v 2.811411 2.725452 0.000000
v 2.831229 2.732179 0.000000
v 2.831229 2.732179 0.012000
v 2.811411 2.725452 0.012000
v 2.831229 2.732179 0.000000
v 2.850000 2.741436 0.000000
v 2.850000 2.741436 0.012000
v 2.831229 2.732179 0.012000
v 2.850000 2.741436 0.000000
v 2.867402 2.753063 0.000000
v 2.867402 2.753063 0.012000
v 2.850000 2.741436 0.012000
v 2.867402 2.753063 0.000000
v 2.883137 2.766863 0.000000
v 2.883137 2.766863 0.012000
v 2.867402 2.753063 0.012000
v 2.883137 2.766863 0.000000
v 2.896936 2.782598 0.000000
v 2.896936 2.782598 0.012000
v 2.883137 2.766863 0.012000
v 2.896936 2.782598 0.000000
v 2.908564 2.800000 0.000000
v 2.908564 2.800000 0.012000
v 2.896936 2.782598 0.012000
v 2.908564 2.800000 0.000000
v 2.917821 2.818771 0.000000
v 2.917821 2.818771 0.012000
v 2.908564 2.800000 0.012000
v 2.917821 2.818771 0.000000
v 2.924548 2.838589 0.000000
v 2.924548 2.838589 0.012000
v 2.917821 2.818771 0.012000
v 2.924548 2.838589 0.000000
v 2.928631 2.859116 0.000000
v 2.928631 2.859116 0.012000
v 2.924548 2.838589 0.012000
v 2.928631 2.859116 0.000000
v 2.930000 2.880000 0.000000
v 2.930000 2.880000 0.012000
v 2.928631 2.859116 0.012000
v 2.930000 2.880000 0.000000
v 2.930000 3.280000 0.000000
v 2.930000 3.280000 0.012000
v 2.930000 2.880000 0.012000
v 2.930000 3.280000 0.000000
v 2.928118 3.308716 0.000000
v 2.928118 3.308716 0.012000
v 2.930000 3.280000 0.012000
v 2.928118 3.308716 0.000000
v 2.922504 3.336940 0.000000
v 2.922504 3.336940 0.012000
v 2.928118 3.308716 0.012000
v 2.922504 3.336940 0.000000
v 2.913254 3.364190 0.000000
v 2.913254 3.364190 0.012000
v 2.922504 3.336940 0.012000
v 2.913254 3.364190 0.000000
v 2.900526 3.390000 0.000000
v 2.900526 3.390000 0.012000
v 2.913254 3.364190 0.012000
v 2.900526 3.390000 0.000000
v 2.884538 3.413928 0.000000
v 2.884538 3.413928 0.012000
v 2.900526 3.390000 0.012000
v 2.884538 3.413928 0.000000
v 2.865563 3.435564 0.000000
v 2.865563 3.435564 0.012000
v 2.884538 3.413928 0.012000
v 2.865563 3.435564 0.000000
v 2.843928 3.454538 0.000000
v 2.843928 3.454538 0.012000
v 2.865563 3.435564 0.012000
v 2.843928 3.454538 0.000000
v 2.820000 3.470526 0.000000
v 2.820000 3.470526 0.012000
v 2.843928 3.454538 0.012000
v 2.820000 3.470526 0.000000
v 2.794190 3.483253 0.000000
v 2.794190 3.483253 0.012000
v 2.820000 3.470526 0.012000
v 2.794190 3.483253 0.000000
v 2.766940 3.492504 0.000000
v 2.766940 3.492504 0.012000
v 2.794190 3.483253 0.012000
v 2.766940 3.492504 0.000000
v 2.738716 3.498118 0.000000
v 2.738716 3.498118 0.012000
v 2.766940 3.492504 0.012000
v 2.738716 3.498118 0.000000
v 2.710000 3.500000 0.000000
v 2.710000 3.500000 0.012000
v 2.738716 3.498118 0.012000
v 2.710000 3.500000 0.000000
v 2.200000 3.500000 0.000000
v 2.200000 3.500000 0.012000
v 2.710000 3.500000 0.012000
v 2.200000 3.500000 0.000000
v 2.168674 3.497947 0.000000
v 2.168674 3.497947 0.012000
v 2.200000 3.500000 0.012000
v 2.168674 3.497947 0.000000
v 2.137883 3.491822 0.000000
v 2.137883 3.491822 0.012000
v 2.168674 3.497947 0.012000
v 2.137883 3.491822 0.000000
v 2.108156 3.481731 0.000000
v 2.108156 3.481731 0.012000
v 2.137883 3.491822 0.012000
v 2.108156 3.481731 0.000000
v 2.080000 3.467846 0.000000
v 2.080000 3.467846 0.012000
v 2.108156 3.481731 0.012000
v 2.080000 3.467846 0.000000
v 2.053897 3.450405 0.000000
v 2.053897 3.450405 0.012000
v 2.080000 3.467846 0.012000
v 2.053897 3.450405 0.000000
v 2.030294 3.429706 0.000000
v 2.030294 3.429706 0.012000
v 2.053897 3.450405 0.012000
v 2.030294 3.429706 0.000000
v 2.009595 3.406103 0.000000
v 2.009595 3.406103 0.012000
v 2.030294 3.429706 0.012000
v 2.009595 3.406103 0.000000
v 1.992154 3.380000 0.000000
v 1.992154 3.380000 0.012000
v 2.009595 3.406103 0.012000
v 1.992154 3.380000 0.000000
v 1.978269 3.351844 0.000000
v 1.978269 3.351844 0.012000
v 1.992154 3.380000 0.012000
v 1.978269 3.351844 0.000000
v 1.968178 3.322117 0.000000
v 1.968178 3.322117 0.012000
v 1.978269 3.351844 0.012000
v 1.968178 3.322117 0.000000
v 1.962053 3.291326 0.000000
v 1.962053 3.291326 0.012000
v 1.968178 3.322117 0.012000
v 1.962053 3.291326 0.000000
v 1.960000 3.260000 0.000000
v 1.960000 3.260000 0.012000
v 1.962053 3.291326 0.012000
v 1.960000 3.260000 0.000000
v 1.960000 2.900000 0.000000
v 1.960000 2.900000 0.012000
v 1.960000 3.260000 0.012000
v 1.960000 2.900000 0.000000
v 1.961540 2.876505 0.000000
v 1.961540 2.876505 0.012000
v 1.960000 2.900000 0.012000
v 1.961540 2.876505 0.000000
v 1.966133 2.853413 0.000000
v 1.966133 2.853413 0.012000
v 1.961540 2.876505 0.012000
v 1.966133 2.853413 0.000000
v 1.973702 2.831117 0.000000
v 1.973702 2.831117 0.012000
v 1.966133 2.853413 0.012000
v 1.973702 2.831117 0.000000
v 1.984115 2.810000 0.000000
v 1.984115 2.810000 0.012000
v 1.973702 2.831117 0.012000
v 1.984115 2.810000 0.000000
v 1.997196 2.790423 0.000000
v 1.997196 2.790423 0.012000
v 1.984115 2.810000 0.012000
v 1.997196 2.790423 0.000000
v 2.012721 2.772721 0.000000
v 2.012721 2.772721 0.012000
v 1.997196 2.790423 0.012000
v 2.012721 2.772721 0.000000
v 2.030423 2.757196 0.000000
v 2.030423 2.757196 0.012000
v 2.012721 2.772721 0.012000
v 2.030423 2.757196 0.000000
v 2.050000 2.744115 0.000000
v 2.050000 2.744115 0.012000
v 2.030423 2.757196 0.012000
v 2.050000 2.744115 0.000000
v 2.071117 2.733702 0.000000
v 2.071117 2.733702 0.012000
v 2.050000 2.744115 0.012000
v 2.071117 2.733702 0.000000
v 2.093413 2.726133 0.000000
v 2.093413 2.726133 0.012000
v 2.071117 2.733702 0.012000
v 2.093413 2.726133 0.000000
v 2.116505 2.721540 0.000000
v 2.116505 2.721540 0.012000
v 2.093413 2.726133 0.012000
v 2.116505 2.721540 0.000000
v 2.140000 2.720000 0.000000
v 2.140000 2.720000 0.012000
v 2.116505 2.721540 0.012000
v 2.140000 2.720000 0.000000
v 2.770000 2.720000 0.000000
v 2.770000 2.720000 0.012000
v 2.140000 2.720000 0.012000
v 1.960000 3.980000 0.012000
v 1.958507 4.010386 0.012000
v 1.954043 4.040478 0.012000
v 1.946651 4.069988 0.012000
v 1.936403 4.098632 0.012000
v 1.923396 4.126133 0.012000
v 1.907756 4.152227 0.012000
v 1.889633 4.176662 0.012000
v 1.869203 4.199203 0.012000
v 1.846662 4.219633 0.012000
v 1.822227 4.237756 0.012000
v 1.796133 4.253396 0.012000
v 1.768632 4.266403 0.012000
v 1.739988 4.276651 0.012000
v 1.710478 4.284043 0.012000
v 1.680385 4.288507 0.012000
v 1.650000 4.290000 0.012000
v 1.619615 4.288507 0.012000
v 1.589522 4.284043 0.012000
v 1.560012 4.276651 0.012000
v 1.531368 4.266403 0.012000
v 1.503867 4.253396 0.012000
v 1.477773 4.237756 0.012000
v 1.453338 4.219633 0.012000
v 1.430797 4.199203 0.012000
v 1.410367 4.176662 0.012000
v 1.392244 4.152227 0.012000
v 1.376604 4.126133 0.012000
v 1.363597 4.098632 0.012000
v 1.353348 4.069988 0.012000
v 1.345957 4.040478 0.012000
v 1.341493 4.010386 0.012000
v 1.340000 3.980000 0.012000
v 1.341493 3.949615 0.012000
v 1.345957 3.919522 0.012000
v 1.353348 3.890012 0.012000
v 1.363597 3.861368 0.012000
v 1.376604 3.833867 0.012000
v 1.392244 3.807773 0.012000
v 1.410367 3.783338 0.012000
v 1.430797 3.760797 0.012000
v 1.453338 3.740367 0.012000
v 1.477773 3.722245 0.012000
v 1.503867 3.706604 0.012000
v 1.531368 3.693597 0.012000
v 1.560012 3.683348 0.012000
v 1.589522 3.675956 0.012000
v 1.619615 3.671493 0.012000
v 1.650000 3.670000 0.012000
v 1.680385 3.671493 0.012000
v 1.710478 3.675956 0.012000
v 1.739988 3.683348 0.012000
v 1.768632 3.693597 0.012000
v 1.796133 3.706604 0.012000
v 1.822227 3.722245 0.012000
v 1.846662 3.740367 0.012000
v 1.869203 3.760797 0.012000
v 1.889633 3.783338 0.012000
v 1.907756 3.807773 0.012000
v 1.923396 3.833867 0.012000
v 1.936403 3.861368 0.012000
v 1.946651 3.890012 0.012000
v 1.954043 3.919522 0.012000
v 1.958507 3.949615 0.012000
v 1.960000 3.980000 0.000000
v 1.958507 4.010386 0.000000
v 1.954043 4.040478 0.000000
v 1.946651 4.069988 0.000000
v 1.936403 4.098632 0.000000
v 1.923396 4.126133 0.000000
v 1.907756 4.152227 0.000000
v 1.889633 4.176662 0.000000
v 1.869203 4.199203 0.000000
v 1.846662 4.219633 0.000000
v 1.822227 4.237756 0.000000
v 1.796133 4.253396 0.000000
v 1.768632 4.266403 0.000000
v 1.739988 4.276651 0.000000
v 1.710478 4.284043 0.000000
v 1.680385 4.288507 0.000000
v 1.650000 4.290000 0.000000
v 1.619615 4.288507 0.000000
v 1.589522 4.284043 0.000000
v 1.560012 4.276651 0.000000
v 1.531368 4.266403 0.000000
v 1.503867 4.253396 0.000000
v 1.477773 4.237756 0.000000
v 1.453338 4.219633 0.000000
v 1.430797 4.199203 0.000000
v 1.410367 4.176662 0.000000
v 1.392244 4.152227 0.000000
v 1.376604 4.126133 0.000000
v 1.363597 4.098632 0.000000
v 1.353348 4.069988 0.000000
v 1.345957 4.040478 0.000000
v 1.341493 4.010386 0.000000
v 1.340000 3.980000 0.000000
v 1.341493 3.949615 0.000000
v 1.345957 3.919522 0.000000
v 1.353348 3.890012 0.000000
v 1.363597 3.861368 0.000000
v 1.376604 3.833867 0.000000
v 1.392244 3.807773 0.000000
v 1.410367 3.783338 0.000000
v 1.430797 3.760797 0.000000
v 1.453338 3.740367 0.000000
v 1.477773 3.722245 0.000000
v 1.503867 3.706604 0.000000
v 1.531368 3.693597 0.000000
v 1.560012 3.683348 0.000000
v 1.589522 3.675956 0.000000
v 1.619615 3.671493 0.000000
v 1.650000 3.670000 0.000000
v 1.680385 3.671493 0.000000
v 1.710478 3.675956 0.000000
v 1.739988 3.683348 0.000000
v 1.768632 3.693597 0.000000
v 1.796133 3.706604 0.000000
v 1.822227 3.722245 0.000000
v 1.846662 3.740367 0.000000
v 1.869203 3.760797 0.000000
v 1.889633 3.783338 0.000000
v 1.907756 3.807773 0.000000
v 1.923396 3.833867 0.000000
v 1.936403 3.861368 0.000000
v 1.946651 3.890012 0.000000
v 1.954043 3.919522 0.000000
v 1.958507 3.949615 0.000000
v 1.960000 3.980000 0.000000
v 1.958507 4.010386 0.000000
v 1.958507 4.010386 0.012000
v 1.960000 3.980000 0.012000
v 1.958507 4.010386 0.000000
v 1.954043 4.040478 0.000000
v 1.954043 4.040478 0.012000
v 1.958507 4.010386 0.012000
v 1.954043 4.040478 0.000000
v 1.946651 4.069988 0.000000
v 1.946651 4.069988 0.012000
v 1.954043 4.040478 0.012000
v 1.946651 4.069988 0.000000
v 1.936403 4.098632 0.000000
v 1.936403 4.098632 0.012000
v 1.946651 4.069988 0.012000
v 1.936403 4.098632 0.000000
v 1.923396 4.126133 0.000000
v 1.923396 4.126133 0.012000
v 1.936403 4.098632 0.012000
v 1.923396 4.126133 0.000000
v 1.907756 4.152227 0.000000
v 1.907756 4.152227 0.012000
v 1.923396 4.126133 0.012000
v 1.907756 4.152227 0.000000
v 1.889633 4.176662 0.000000
v 1.889633 4.176662 0.012000
v 1.907756 4.152227 0.012000
v 1.889633 4.176662 0.000000
v 1.869203 4.199203 0.000000
v 1.869203 4.199203 0.012000
v 1.889633 4.176662 0.012000
v 1.869203 4.199203 0.000000
v 1.846662 4.219633 0.000000
v 1.846662 4.219633 0.012000
v 1.869203 4.199203 0.012000
v 1.846662 4.219633 0.000000
v 1.822227 4.237756 0.000000
v 1.822227 4.237756 0.012000
v 1.846662 4.219633 0.012000
v 1.822227 4.237756 0.000000
v 1.796133 4.253396 0.000000
v 1.796133 4.253396 0.012000
v 1.822227 4.237756 0.012000
v 1.796133 4.253396 0.000000
v 1.768632 4.266403 0.000000
v 1.768632 4.266403 0.012000
v 1.796133 4.253396 0.012000
v 1.768632 4.266403 0.000000
v 1.739988 4.276651 0.000000
v 1.739988 4.276651 0.012000
v 1.768632 4.266403 0.012000
v 1.739988 4.276651 0.000000
v 1.710478 4.284043 0.000000
v 1.710478 4.284043 0.012000
v 1.739988 4.276651 0.012000
v 1.710478 4.284043 0.000000
v 1.680385 4.288507 0.000000
v 1.680385 4.288507 0.012000
v 1.710478 4.284043 0.012000
v 1.680385 4.288507 0.000000
v 1.650000 4.290000 0.000000
v 1.650000 4.290000 0.012000
v 1.680385 4.288507 0.012000
v 1.650000 4.290000 0.000000
v 1.619615 4.288507 0.000000
v 1.619615 4.288507 0.012000
v 1.650000 4.290000 0.012000
v 1.619615 4.288507 0.000000
v 1.589522 4.284043 0.000000
v 1.589522 4.284043 0.012000
v 1.619615 4.288507 0.012000
v 1.589522 4.284043 0.000000
v 1.560012 4.276651 0.000000
v 1.560012 4.276651 0.012000
v 1.589522 4.284043 0.012000
v 1.560012 4.276651 0.000000
v 1.531368 4.266403 0.000000
v 1.531368 4.266403 0.012000
v 1.560012 4.276651 0.012000
v 1.531368 4.266403 0.000000
v 1.503867 4.253396 0.000000
v 1.503867 4.253396 0.012000
v 1.531368 4.266403 0.012000
v 1.503867 4.253396 0.000000
v 1.477773 4.237756 0.000000
v 1.477773 4.237756 0.012000
v 1.503867 4.253396 0.012000
v 1.477773 4.237756 0.000000
v 1.453338 4.219633 0.000000
v 1.453338 4.219633 0.012000
v 1.477773 4.237756 0.012000
v 1.453338 4.219633 0.000000
v 1.430797 4.199203 0.000000
v 1.430797 4.199203 0.012000
v 1.453338 4.219633 0.012000
v 1.430797 4.199203 0.000000
v 1.410367 4.176662 0.000000
v 1.410367 4.176662 0.012000
v 1.430797 4.199203 0.012000
v 1.410367 4.176662 0.000000
v 1.392244 4.152227 0.000000
v 1.392244 4.152227 0.012000
v 1.410367 4.176662 0.012000
v 1.392244 4.152227 0.000000
v 1.376604 4.126133 0.000000
v 1.376604 4.126133 0.012000
v 1.392244 4.152227 0.012000
v 1.376604 4.126133 0.000000
v 1.363597 4.098632 0.000000
v 1.363597 4.098632 0.012000
v 1.376604 4.126133 0.012000
v 1.363597 4.098632 0.000000
v 1.353348 4.069988 0.000000
v 1.353348 4.069988 0.012000
v 1.363597 4.098632 0.012000
v 1.353348 4.069988 0.000000
v 1.345957 4.040478 0.000000
v 1.345957 4.040478 0.012000
v 1.353348 4.069988 0.012000
v 1.345957 4.040478 0.000000
v 1.341493 4.010386 0.000000
v 1.341493 4.010386 0.012000
v 1.345957 4.040478 0.012000
v 1.341493 4.010386 0.000000
v 1.340000 3.980000 0.000000
v 1.340000 3.980000 0.012000
v 1.341493 4.010386 0.012000
v 1.340000 3.980000 0.000000
v 1.341493 3.949615 0.000000
v 1.341493 3.949615 0.012000
v 1.340000 3.980000 0.012000
v 1.341493 3.949615 0.000000
v 1.345957 3.919522 0.000000
v 1.345957 3.919522 0.012000
v 1.341493 3.949615 0.012000
v 1.345957 3.919522 0.000000
v 1.353348 3.890012 0.000000
v 1.353348 3.890012 0.012000
v 1.345957 3.919522 0.012000
v 1.353348 3.890012 0.000000
v 1.363597 3.861368 0.000000
v 1.363597 3.861368 0.012000
v 1.353348 3.890012 0.012000
v 1.363597 3.861368 0.000000
v 1.376604 3.833867 0.000000
v 1.376604 3.833867 0.012000
v 1.363597 3.861368 0.012000
v 1.376604 3.833867 0.000000
v 1.392244 3.807773 0.000000
v 1.392244 3.807773 0.012000
v 1.376604 3.833867 0.012000
v 1.392244 3.807773 0.000000
v 1.410367 3.783338 0.000000
v 1.410367 3.783338 0.012000
v 1.392244 3.807773 0.012000
v 1.410367 3.783338 0.000000
v 1.430797 3.760797 0.000000
v 1.430797 3.760797 0.012000
v 1.410367 3.783338 0.012000
v 1.430797 3.760797 0.000000
v 1.453338 3.740367 0.000000
v 1.453338 3.740367 0.012000
v 1.430797 3.760797 0.012000
v 1.453338 3.740367 0.000000
v 1.477773 3.722245 0.000000
v 1.477773 3.722245 0.012000
v 1.453338 3.740367 0.012000
v 1.477773 3.722245 0.000000
v 1.503867 3.706604 0.000000
v 1.503867 3.706604 0.012000
v 1.477773 3.722245 0.012000
v 1.503867 3.706604 0.000000
v 1.531368 3.693597 0.000000
v 1.531368 3.693597 0.012000
v 1.503867 3.706604 0.012000
v 1.531368 3.693597 0.000000
v 1.560012 3.683348 0.000000
v 1.560012 3.683348 0.012000
v 1.531368 3.693597 0.012000
v 1.560012 3.683348 0.000000
v 1.589522 3.675956 0.000000
v 1.589522 3.675956 0.012000
v 1.560012 3.683348 0.012000
v 1.589522 3.675956 0.000000
v 1.619615 3.671493 0.000000
v 1.619615 3.671493 0.012000
v 1.589522 3.675956 0.012000
v 1.619615 3.671493 0.000000
v 1.650000 3.670000 0.000000
v 1.650000 3.670000 0.012000
v 1.619615 3.671493 0.012000
v 1.650000 3.670000 0.000000
v 1.680385 3.671493 0.000000
v 1.680385 3.671493 0.012000
v 1.650000 3.670000 0.012000
v 1.680385 3.671493 0.000000
v 1.710478 3.675956 0.000000
v 1.710478 3.675956 0.012000
v 1.680385 3.671493 0.012000
v 1.710478 3.675956 0.000000
v 1.739988 3.683348 0.000000
v 1.739988 3.683348 0.012000
v 1.710478 3.675956 0.012000
v 1.739988 3.683348 0.000000
v 1.768632 3.693597 0.000000
v 1.768632 3.693597 0.012000
v 1.739988 3.683348 0.012000
v 1.768632 3.693597 0.000000
v 1.796133 3.706604 0.000000
v 1.796133 3.706604 0.012000
v 1.768632 3.693597 0.012000
v 1.796133 3.706604 0.000000
v 1.822227 3.722245 0.000000
v 1.822227 3.722245 0.012000
v 1.796133 3.706604 0.012000
v 1.822227 3.722245 0.000000
v 1.846662 3.740367 0.000000
v 1.846662 3.740367 0.012000
v 1.822227 3.722245 0.012000
v 1.846662 3.740367 0.000000
v 1.869203 3.760797 0.000000
v 1.869203 3.760797 0.012000
v 1.846662 3.740367 0.012000
v 1.869203 3.760797 0.000000
v 1.889633 3.783338 0.000000
v 1.889633 3.783338 0.012000
v 1.869203 3.760797 0.012000
v 1.889633 3.783338 0.000000
v 1.907756 3.807773 0.000000
v 1.907756 3.807773 0.012000
v 1.889633 3.783338 0.012000
v 1.907756 3.807773 0.000000
v 1.923396 3.833867 0.000000
v 1.923396 3.833867 0.012000
v 1.907756 3.807773 0.012000
v 1.923396 3.833867 0.000000
v 1.936403 3.861368 0.000000
v 1.936403 3.861368 0.012000
v 1.923396 3.833867 0.012000
v 1.936403 3.861368 0.000000
v 1.946651 3.890012 0.000000
v 1.946651 3.890012 0.012000
v 1.936403 3.861368 0.012000
v 1.946651 3.890012 0.000000
v 1.954043 3.919522 0.000000
v 1.954043 3.919522 0.012000
v 1.946651 3.890012 0.012000
v 1.954043 3.919522 0.000000
v 1.958507 3.949615 0.000000
v 1.958507 3.949615 0.012000
v 1.954043 3.919522 0.012000
v 1.958507 3.949615 0.000000
v 1.960000 3.980000 0.000000
v 1.960000 3.980000 0.012000
v 1.958507 3.949615 0.012000
vn 0.000000 0.000000 1.000000
vn 0.000000 0.000000 1.000000
vn 0.000000 0.000000 1.000000
vn 0.000000 0.000000 1.000000
vn 0.000000 0.000000 1.000000
vn 0.000000 0.000000 1.000000
vn 0.000000 0.000000 1.000000
vn 0.000000 0.000000 1.000000
vn 0.000000 0.000000 1.000000
vn 0.000000 0.000000 1.000000
vn 0.000000 0.000000 1.000000
vn 0.000000 0.000000 1.000000
vn 0.000000 0.000000 1.000000
vn 0.000000 0.000000 1.000000
vn 0.000000 0.000000 1.000000
vn 0.000000 0.000000 1.000000
vn 0.000000 0.000000 1.000000
vn 0.000000 0.000000 1.000000
vn 0.000000 0.000000 1.000000
vn 0.000000 0.000000 1.000000
vn 0.000000 0.000000 1.000000
vn 0.000000 0.000000 1.000000
vn 0.000000 0.000000 1.000000
vn 0.000000 0.000000 1.000000
vn 0.000000 0.000000 1.000000
vn 0.000000 0.000000 1.000000
vn 0.000000 0.000000 1.000000
vn 0.000000 0.000000 1.000000
vn 0.000000 0.000000 1.000000
vn 0.000000 0.000000 1.000000
vn 0.000000 0.000000 1.000000
vn 0.000000 0.000000 1.000000
vn 0.000000 0.000000 1.000000
vn 0.000000 0.000000 1.000000
vn 0.000000 0.000000 1.000000
vn 0.000000 0.000000 1.000000
vn 0.000000 0.000000 1.000000
vn 0.000000 0.000000 1.000000
vn 0.000000 0.000000 1.000000
vn 0.000000 0.000000 1.000000
vn 0.000000 0.000000 1.000000
vn 0.000000 0.000000 1.000000
vn 0.000000 0.000000 1.000000
vn 0.000000 0.000000 1.000000
vn 0.000000 0.000000 1.000000
vn 0.000000 0.000000 1.000000
vn 0.000000 0.000000 1.000000
vn 0.000000 0.000000 1.000000
vn 0.000000 0.000000 1.000000
vn 0.000000 0.000000 1.000000
vn 0.000000 0.000000 1.000000
vn 0.000000 0.000000 1.000000
vn 0.000000 0.000000 1.000000
vn 0.000000 0.000000 1.000000
vn 0.000000 0.000000 1.000000
vn 0.000000 0.000000 1.000000
vn 0.000000 0.000000 1.000000
vn 0.000000 0.000000 1.000000
vn 0.000000 0.000000 1.000000
vn 0.000000 0.000000 1.000000
vn 0.000000 0.000000 1.000000
vn 0.000000 0.000000 1.000000
vn 0.000000 0.000000 1.000000
vn 0.000000 0.000000 1.000000
vn 0.000000 0.000000 -1.000000
vn 0.000000 0.000000 -1.000000
vn 0.000000 0.000000 -1.000000
vn 0.000000 0.000000 -1.000000
vn 0.000000 0.000000 -1.000000
vn 0.000000 0.000000 -1.000000
vn 0.000000 0.000000 -1.000000
vn 0.000000 0.000000 -1.000000
vn 0.000000 0.000000 -1.000000
vn 0.000000 0.000000 -1.000000
vn 0.000000 0.000000 -1.000000
vn 0.000000 0.000000 -1.000000
vn 0.000000 0.000000 -1.000000
vn 0.000000 0.000000 -1.000000
vn 0.000000 0.000000 -1.000000
vn 0.000000 0.000000 -1.000000
vn 0.000000 0.000000 -1.000000
vn 0.000000 0.000000 -1.000000
vn 0.000000 0.000000 -1.000000
vn 0.000000 0.000000 -1.000000
vn 0.000000 0.000000 -1.000000
vn 0.000000 0.000000 -1.000000
vn 0.000000 0.000000 -1.000000
vn 0.000000 0.000000 -1.000000
vn 0.000000 0.000000 -1.000000
vn 0.000000 0.000000 -1.000000
vn 0.000000 0.000000 -1.000000
vn 0.000000 0.000000 -1.000000
vn 0.000000 0.000000 -1.000000
vn 0.000000 0.000000 -1.000000
vn 0.000000 0.000000 -1.000000
vn 0.000000 0.000000 -1.000000
vn 0.000000 0.000000 -1.000000
vn 0.000000 0.000000 -1.000000
vn 0.000000 0.000000 -1.000000
vn 0.000000 0.000000 -1.000000
vn 0.000000 0.000000 -1.000000
vn 0.000000 0.000000 -1.000000
vn 0.000000 0.000000 -1.000000
vn 0.000000 0.000000 -1.000000
vn 0.000000 0.000000 -1.000000
vn 0.000000 0.000000 -1.000000
vn 0.000000 0.000000 -1.000000
vn 0.000000 0.000000 -1.000000
vn 0.000000 0.000000 -1.000000
vn 0.000000 0.000000 -1.000000
vn 0.000000 0.000000 -1.000000
vn 0.000000 0.000000 -1.000000
vn 0.000000 0.000000 -1.000000
vn 0.000000 0.000000 -1.000000
vn 0.000000 0.000000 -1.000000
vn 0.000000 0.000000 -1.000000
vn 0.000000 0.000000 -1.000000
vn 0.000000 0.000000 -1.000000
vn 0.000000 0.000000 -1.000000
vn 0.000000 0.000000 -1.000000
vn 0.000000 0.000000 -1.000000
vn 0.000000 0.000000 -1.000000
vn 0.000000 0.000000 -1.000000
vn 0.000000 0.000000 -1.000000
vn 0.000000 0.000000 -1.000000
vn 0.000000 0.000000 -1.000000
vn 0.000000 0.000000 -1.000000
vn 0.000000 0.000000 -1.000000
vn 0.052336 -0.998630 0.000000
vn 0.052336 -0.998630 0.000000
vn 0.052336 -0.998630 0.000000
vn 0.052336 -0.998630 0.000000
vn 0.156435 -0.987688 0.000000
vn 0.156435 -0.987688 0.000000
vn 0.156435 -0.987688 0.000000
vn 0.156435 -0.987688 0.000000
vn 0.258818 -0.965926 0.000000
vn 0.258818 -0.965926 0.000000
vn 0.258818 -0.965926 0.000000
vn 0.258818 -0.965926 0.000000
vn 0.358368 -0.933580 0.000000
vn 0.358368 -0.933580 0.000000
vn 0.358368 -0.933580 0.000000
vn 0.358368 -0.933580 0.000000
vn 0.453991 -0.891006 0.000000
vn 0.453991 -0.891006 0.000000
vn 0.453991 -0.891006 0.000000
vn 0.453991 -0.891006 0.000000
vn 0.544640 -0.838670 0.000000
vn 0.544640 -0.838670 0.000000
vn 0.544640 -0.838670 0.000000
vn 0.544640 -0.838670 0.000000
vn 0.629320 -0.777146 0.000000
vn 0.629320 -0.777146 0.000000
vn 0.629320 -0.777146 0.000000
vn 0.629320 -0.777146 0.000000
vn 0.707107 -0.707106 0.000000
vn 0.707107 -0.707106 0.000000
vn 0.707107 -0.707106 0.000000
vn 0.707107 -0.707106 0.000000
vn 0.777146 -0.629320 0.000000
vn 0.777146 -0.629320 0.000000
vn 0.777146 -0.629320 0.000000
vn 0.777146 -0.629320 0.000000
vn 0.838668 -0.544643 0.000000
vn 0.838668 -0.544643 0.000000
vn 0.838668 -0.544643 0.000000
vn 0.838668 -0.544643 0.000000
vn 0.891008 -0.453988 0.000000
vn 0.891008 -0.453988 0.000000
vn 0.891008 -0.453988 0.000000
vn 0.891008 -0.453988 0.000000
vn 0.933581 -0.358367 0.000000
vn 0.933581 -0.358367 0.000000
vn 0.933581 -0.358367 0.000000
vn 0.933581 -0.358367 0.000000
vn 0.965926 -0.258818 0.000000
vn 0.965926 -0.258818 0.000000
vn 0.965926 -0.258818 0.000000
vn 0.965926 -0.258818 0.000000
vn 0.987688 -0.156437 0.000000
vn 0.987688 -0.156437 0.000000
vn 0.987688 -0.156437 0.000000
vn 0.987688 -0.156437 0.000000
vn 0.998629 -0.052338 0.000000
vn 0.998629 -0.052338 0.000000
vn 0.998629 -0.052338 0.000000
vn 0.998629 -0.052338 0.000000
vn 1.000000 0.000000 0.000000
vn 1.000000 0.000000 0.000000
vn 1.000000 0.000000 0.000000
vn 1.000000 0.000000 0.000000
vn 0.998629 0.052340 0.000000
vn 0.998629 0.052340 0.000000
vn 0.998629 0.052340 0.000000
vn 0.998629 0.052340 0.000000
vn 0.987688 0.156434 0.000000
vn 0.987688 0.156434 0.000000
vn 0.987688 0.156434 0.000000
vn 0.987688 0.156434 0.000000
vn 0.965925 0.258821 0.000000
vn 0.965925 0.258821 0.000000
vn 0.965925 0.258821 0.000000
vn 0.965925 0.258821 0.000000
vn 0.933583 0.358362 0.000000
vn 0.933583 0.358362 0.000000
vn 0.933583 0.358362 0.000000
vn 0.933583 0.358362 0.000000
vn 0.891004 0.453995 0.000000
vn 0.891004 0.453995 0.000000
vn 0.891004 0.453995 0.000000
vn 0.891004 0.453995 0.000000
vn 0.838672 0.544637 0.000000
vn 0.838672 0.544637 0.000000
vn 0.838672 0.544637 0.000000
vn 0.838672 0.544637 0.000000
vn 0.777147 0.629319 0.000000
vn 0.777147 0.629319 0.000000
vn 0.777147 0.629319 0.000000
vn 0.777147 0.629319 0.000000
vn 0.707103 0.707111 0.000000
vn 0.707103 0.707111 0.000000
vn 0.707103 0.707111 0.000000
vn 0.707103 0.707111 0.000000
vn 0.629329 0.777139 0.000000
vn 0.629329 0.777139 0.000000
vn 0.629329 0.777139 0.000000
vn 0.629329 0.777139 0.000000
vn 0.544631 0.838675 0.000000
vn 0.544631 0.838675 0.000000
vn 0.544631 0.838675 0.000000
vn 0.544631 0.838675 0.000000
vn 0.453992 0.891006 0.000000
vn 0.453992 0.891006 0.000000
vn 0.453992 0.891006 0.000000
vn 0.453992 0.891006 0.000000
vn 0.358375 0.933578 0.000000
vn 0.358375 0.933578 0.000000
vn 0.358375 0.933578 0.000000
vn 0.358375 0.933578 0.000000
vn 0.258819 0.965926 0.000000
vn 0.258819 0.965926 0.000000
vn 0.258819 0.965926 0.000000
vn 0.258819 0.965926 0.000000
vn 0.156434 0.987688 0.000000
vn 0.156434 0.987688 0.000000
vn 0.156434 0.987688 0.000000
vn 0.156434 0.987688 0.000000
vn 0.052324 0.998630 0.000000
vn 0.052324 0.998630 0.000000
vn 0.052324 0.998630 0.000000
vn 0.052324 0.998630 0.000000
vn 0.000000 1.000000 0.000000
vn 0.000000 1.000000 0.000000
vn 0.000000 1.000000 0.000000
vn 0.000000 1.000000 0.000000
vn -0.052325 0.998630 0.000000
vn -0.052325 0.998630 0.000000
vn -0.052325 0.998630 0.000000
vn -0.052325 0.998630 0.000000
vn -0.156445 0.987687 0.000000
vn -0.156445 0.987687 0.000000
vn -0.156445 0.987687 0.000000
vn -0.156445 0.987687 0.000000
vn -0.258817 0.965926 0.000000
vn -0.258817 0.965926 0.000000
vn -0.258817 0.965926 0.000000
vn -0.258817 0.965926 0.000000
vn -0.358370 0.933580 0.000000
vn -0.358370 0.933580 0.000000
vn -0.358370 0.933580 0.000000
vn -0.358370 0.933580 0.000000
vn -0.453986 0.891009 0.000000
vn -0.453986 0.891009 0.000000
vn -0.453986 0.891009 0.000000
vn -0.453986 0.891009 0.000000
vn -0.544640 0.838670 0.000000
vn -0.544640 0.838670 0.000000
vn -0.544640 0.838670 0.000000
vn -0.544640 0.838670 0.000000
vn -0.629321 0.777145 0.000000
vn -0.629321 0.777145 0.000000
vn -0.629321 0.777145 0.000000
vn -0.629321 0.777145 0.000000
vn -0.707108 0.707106 0.000000
vn -0.707108 0.707106 0.000000
vn -0.707108 0.707106 0.000000
vn -0.707108 0.707106 0.000000
vn -0.777143 0.629324 0.000000
vn -0.777143 0.629324 0.000000
vn -0.777143 0.629324 0.000000
vn -0.777143 0.629324 0.000000
vn -0.838671 0.544638 0.000000
vn -0.838671 0.544638 0.000000
vn -0.838671 0.544638 0.000000
vn -0.838671 0.544638 0.000000
vn -0.891007 0.453990 0.000000
vn -0.891007 0.453990 0.000000
vn -0.891007 0.453990 0.000000
vn -0.891007 0.453990 0.000000
vn -0.933581 0.358367 0.000000
vn -0.933581 0.358367 0.000000
vn -0.933581 0.358367 0.000000
vn -0.933581 0.358367 0.000000
vn -0.965925 0.258821 0.000000
vn -0.965925 0.258821 0.000000
vn -0.965925 0.258821 0.000000
vn -0.965925 0.258821 0.000000
vn -0.987688 0.156435 0.000000
vn -0.987688 0.156435 0.000000
vn -0.987688 0.156435 0.000000
vn -0.987688 0.156435 0.000000
vn -0.998630 0.052335 0.000000
vn -0.998630 0.052335 0.000000
vn -0.998630 0.052335 0.000000
vn -0.998630 0.052335 0.000000
vn -1.000000 0.000000 0.000000
vn -1.000000 0.000000 0.000000
vn -1.000000 0.000000 0.000000
vn -1.000000 0.000000 0.000000
vn -0.998630 -0.052336 0.000000
vn -0.998630 -0.052336 0.000000
vn -0.998630 -0.052336 0.000000
vn -0.998630 -0.052336 0.000000
vn -0.987688 -0.156435 0.000000
vn -0.987688 -0.156435 0.000000
vn -0.987688 -0.156435 0.000000
vn -0.987688 -0.156435 0.000000
vn -0.965926 -0.258819 0.000000
vn -0.965926 -0.258819 0.000000
vn -0.965926 -0.258819 0.000000
vn -0.965926 -0.258819 0.000000
vn -0.933581 -0.358368 0.000000
vn -0.933581 -0.358368 0.000000
vn -0.933581 -0.358368 0.000000
vn -0.933581 -0.358368 0.000000
vn -0.891007 -0.453991 0.000000
vn -0.891007 -0.453991 0.000000
vn -0.891007 -0.453991 0.000000
vn -0.891007 -0.453991 0.000000
vn -0.838670 -0.544639 0.000000
vn -0.838670 -0.544639 0.000000
vn -0.838670 -0.544639 0.000000
vn -0.838670 -0.544639 0.000000
vn -0.777146 -0.629320 0.000000
vn -0.777146 -0.629320 0.000000
vn -0.777146 -0.629320 0.000000
vn -0.777146 -0.629320 0.000000
vn -0.707106 -0.707107 0.000000
vn -0.707106 -0.707107 0.000000
vn -0.707106 -0.707107 0.000000
vn -0.707106 -0.707107 0.000000
vn -0.629320 -0.777146 0.000000
vn -0.629320 -0.777146 0.000000
vn -0.629320 -0.777146 0.000000
vn -0.629320 -0.777146 0.000000
vn -0.544640 -0.838670 0.000000
vn -0.544640 -0.838670 0.000000
vn -0.544640 -0.838670 0.000000
vn -0.544640 -0.838670 0.000000
vn -0.453991 -0.891007 0.000000
vn -0.453991 -0.891007 0.000000
vn -0.453991 -0.891007 0.000000
vn -0.453991 -0.891007 0.000000
vn -0.358368 -0.933581 0.000000
vn -0.358368 -0.933581 0.000000
vn -0.358368 -0.933581 0.000000
vn -0.358368 -0.933581 0.000000
vn -0.258819 -0.965926 0.000000
vn -0.258819 -0.965926 0.000000
vn -0.258819 -0.965926 0.000000
vn -0.258819 -0.965926 0.000000
vn -0.156434 -0.987688 0.000000
vn -0.156434 -0.987688 0.000000
vn -0.156434 -0.987688 0.000000
vn -0.156434 -0.987688 0.000000
vn -0.052336 -0.998630 0.000000
vn -0.052336 -0.998630 0.000000
vn -0.052336 -0.998630 0.000000
vn -0.052336 -0.998630 0.000000
vn 0.000000 -1.000000 0.000000
vn 0.000000 -1.000000 0.000000
vn 0.000000 -1.000000 0.000000
vn 0.000000 -1.000000 0.000000
vn 0.000000 0.000000 1.000000
vn 0.000000 0.000000 1.000000
vn 0.000000 0.000000 1.000000
vn 0.000000 0.000000 1.000000
vn 0.000000 0.000000 1.000000
vn 0.000000 0.000000 1.000000
vn 0.000000 0.000000 1.000000
vn 0.000000 0.000000 1.000000
vn 0.000000 0.000000 1.000000
vn 0.000000 0.000000 1.000000
vn 0.000000 0.000000 1.000000
vn 0.000000 0.000000 1.000000
vn 0.000000 0.000000 1.000000
vn 0.000000 0.000000 1.000000
vn 0.000000 0.000000 1.000000
vn 0.000000 0.000000 1.000000
vn 0.000000 0.000000 1.000000
vn 0.000000 0.000000 1.000000
vn 0.000000 0.000000 1.000000
vn 0.000000 0.000000 1.000000
vn 0.000000 0.000000 1.000000
vn 0.000000 0.000000 1.000000
vn 0.000000 0.000000 1.000000
vn 0.000000 0.000000 1.000000
vn 0.000000 0.000000 1.000000
vn 0.000000 0.000000 1.000000
vn 0.000000 0.000000 1.000000
vn 0.000000 0.000000 1.000000
vn 0.000000 0.000000 1.000000
vn 0.000000 0.000000 1.000000
vn 0.000000 0.000000 1.000000
vn 0.000000 0.000000 1.000000
vn 0.000000 0.000000 1.000000
vn 0.000000 0.000000 1.000000
vn 0.000000 0.000000 1.000000
vn 0.000000 0.000000 1.000000
vn 0.000000 0.000000 1.000000
vn 0.000000 0.000000 1.000000
vn 0.000000 0.000000 1.000000
vn 0.000000 0.000000 1.000000
vn 0.000000 0.000000 1.000000
vn 0.000000 0.000000 1.000000
vn 0.000000 0.000000 1.000000
vn 0.000000 0.000000 1.000000
vn 0.000000 0.000000 1.000000
vn 0.000000 0.000000 1.000000
vn 0.000000 0.000000 1.000000
vn 0.000000 0.000000 1.000000
vn 0.000000 0.000000 1.000000
vn 0.000000 0.000000 1.000000
vn 0.000000 0.000000 1.000000
vn 0.000000 0.000000 1.000000
vn 0.000000 0.000000 1.000000
vn 0.000000 0.000000 1.000000
vn 0.000000 0.000000 1.000000
vn 0.000000 0.000000 1.000000
vn 0.000000 0.000000 1.000000
vn 0.000000 0.000000 1.000000
vn 0.000000 0.000000 1.000000
vn 0.000000 0.000000 1.000000
vn 0.000000 0.000000 1.000000
vn 0.000000 0.000000 1.000000
vn 0.000000 0.000000 1.000000
vn 0.000000 0.000000 1.000000
vn 0.000000 0.000000 -1.000000
vn 0.000000 0.000000 -1.000000
vn 0.000000 0.000000 -1.000000
vn 0.000000 0.000000 -1.000000
vn 0.000000 0.000000 -1.000000
vn 0.000000 0.000000 -1.000000
vn 0.000000 0.000000 -1.000000
vn 0.000000 0.000000 -1.000000
vn 0.000000 0.000000 -1.000000
vn 0.000000 0.000000 -1.000000
vn 0.000000 0.000000 -1.000000
vn 0.000000 0.000000 -1.000000
vn 0.000000 0.000000 -1.000000
vn 0.000000 0.000000 -1.000000
vn 0.000000 0.000000 -1.000000
vn 0.000000 0.000000 -1.000000
vn 0.000000 0.000000 -1.000000
vn 0.000000 0.000000 -1.000000
vn 0.000000 0.000000 -1.000000
vn 0.000000 0.000000 -1.000000
vn 0.000000 0.000000 -1.000000
vn 0.000000 0.000000 -1.000000
vn 0.000000 0.000000 -1.000000
vn 0.000000 0.000000 -1.000000
vn 0.000000 0.000000 -1.000000
vn 0.000000 0.000000 -1.000000
vn 0.000000 0.000000 -1.000000
vn 0.000000 0.000000 -1.000000
vn 0.000000 0.000000 -1.000000
vn 0.000000 0.000000 -1.000000
vn 0.000000 0.000000 -1.000000
vn 0.000000 0.000000 -1.000000
vn 0.000000 0.000000 -1.000000
vn 0.000000 0.000000 -1.000000
vn 0.000000 0.000000 -1.000000
vn 0.000000 0.000000 -1.000000
vn 0.000000 0.000000 -1.000000
vn 0.000000 0.000000 -1.000000
vn 0.000000 0.000000 -1.000000
vn 0.000000 0.000000 -1.000000
vn 0.000000 0.000000 -1.000000
vn 0.000000 0.000000 -1.000000
vn 0.000000 0.000000 -1.000000
vn 0.000000 0.000000 -1.000000
vn 0.000000 0.000000 -1.000000
vn 0.000000 0.000000 -1.000000
vn 0.000000 0.000000 -1.000000
vn 0.000000 0.000000 -1.000000
vn 0.000000 0.000000 -1.000000
vn 0.000000 0.000000 -1.000000
vn 0.000000 0.000000 -1.000000
vn 0.000000 0.000000 -1.000000
vn 0.000000 0.000000 -1.000000
vn 0.000000 0.000000 -1.000000
vn 0.000000 0.000000 -1.000000
vn 0.000000 0.000000 -1.000000
vn 0.000000 0.000000 -1.000000
vn 0.000000 0.000000 -1.000000
vn 0.000000 0.000000 -1.000000
vn 0.000000 0.000000 -1.000000
vn 0.000000 0.000000 -1.000000
vn 0.000000 0.000000 -1.000000
vn 0.000000 0.000000 -1.000000
vn 0.000000 0.000000 -1.000000
vn 0.052336 -0.998630 0.000000
vn 0.052336 -0.998630 0.000000
vn 0.052336 -0.998630 0.000000
vn 0.052336 -0.998630 0.000000
vn 0.156434 -0.987688 0.000000
vn 0.156434 -0.987688 0.000000
vn 0.156434 -0.987688 0.000000
vn 0.156434 -0.987688 0.000000
vn 0.258820 -0.965926 0.000000
vn 0.258820 -0.965926 0.000000
vn 0.258820 -0.965926 0.000000
vn 0.258820 -0.965926 0.000000
vn 0.358368 -0.933581 0.000000
vn 0.358368 -0.933581 0.000000
vn 0.358368 -0.933581 0.000000
vn 0.358368 -0.933581 0.000000
vn 0.453991 -0.891007 0.000000
vn 0.453991 -0.891007 0.000000
vn 0.453991 -0.891007 0.000000
vn 0.453991 -0.891007 0.000000
vn 0.544640 -0.838670 0.000000
vn 0.544640 -0.838670 0.000000
vn 0.544640 -0.838670 0.000000
vn 0.544640 -0.838670 0.000000
vn 0.629321 -0.777146 0.000000
vn 0.629321 -0.777146 0.000000
vn 0.629321 -0.777146 0.000000
vn 0.629321 -0.777146 0.000000
vn 0.707106 -0.707107 0.000000
vn 0.707106 -0.707107 0.000000
vn 0.707106 -0.707107 0.000000
vn 0.707106 -0.707107 0.000000
vn 0.777146 -0.629321 0.000000
vn 0.777146 -0.629321 0.000000
vn 0.777146 -0.629321 0.000000
vn 0.777146 -0.629321 0.000000
vn 0.838672 -0.544637 0.000000
vn 0.838672 -0.544637 0.000000
vn 0.838672 -0.544637 0.000000
vn 0.838672 -0.544637 0.000000
vn 0.891007 -0.453991 0.000000
vn 0.891007 -0.453991 0.000000
vn 0.891007 -0.453991 0.000000
vn 0.891007 -0.453991 0.000000
vn 0.933579 -0.358371 0.000000
vn 0.933579 -0.358371 0.000000
vn 0.933579 -0.358371 0.000000
vn 0.933579 -0.358371 0.000000
vn 0.965926 -0.258817 0.000000
vn 0.965926 -0.258817 0.000000
vn 0.965926 -0.258817 0.000000
vn 0.965926 -0.258817 0.000000
vn 0.987688 -0.156436 0.000000
vn 0.987688 -0.156436 0.000000
vn 0.987688 -0.156436 0.000000
vn 0.987688 -0.156436 0.000000
vn 0.998629 -0.052337 0.000000
vn 0.998629 -0.052337 0.000000
vn 0.998629 -0.052337 0.000000
vn 0.998629 -0.052337 0.000000
vn 1.000000 0.000000 0.000000
vn 1.000000 0.000000 0.000000
vn 1.000000 0.000000 0.000000
vn 1.000000 0.000000 0.000000
vn 0.998629 0.052338 0.000000
vn 0.998629 0.052338 0.000000
vn 0.998629 0.052338 0.000000
vn 0.998629 0.052338 0.000000
vn 0.987689 0.156432 0.000000
vn 0.987689 0.156432 0.000000
vn 0.987689 0.156432 0.000000
vn 0.987689 0.156432 0.000000
vn 0.965926 0.258819 0.000000
vn 0.965926 0.258819 0.000000
vn 0.965926 0.258819 0.000000
vn 0.965926 0.258819 0.000000
vn 0.933580 0.358368 0.000000
vn 0.933580 0.358368 0.000000
vn 0.933580 0.358368 0.000000
vn 0.933580 0.358368 0.000000
vn 0.891004 0.453996 0.000000
vn 0.891004 0.453996 0.000000
vn 0.891004 0.453996 0.000000
vn 0.891004 0.453996 0.000000
vn 0.838671 0.544638 0.000000
vn 0.838671 0.544638 0.000000
vn 0.838671 0.544638 0.000000
vn 0.838671 0.544638 0.000000
vn 0.777148 0.629318 0.000000
vn 0.777148 0.629318 0.000000
vn 0.777148 0.629318 0.000000
vn 0.777148 0.629318 0.000000
vn 0.707107 0.707107 0.000000
vn 0.707107 0.707107 0.000000
vn 0.707107 0.707107 0.000000
vn 0.707107 0.707107 0.000000
vn 0.629320 0.777146 0.000000
vn 0.629320 0.777146 0.000000
vn 0.629320 0.777146 0.000000
vn 0.629320 0.777146 0.000000
vn 0.544638 0.838671 0.000000
vn 0.544638 0.838671 0.000000
vn 0.544638 0.838671 0.000000
vn 0.544638 0.838671 0.000000
vn 0.453989 0.891008 0.000000
vn 0.453989 0.891008 0.000000
vn 0.453989 0.891008 0.000000
vn 0.453989 0.891008 0.000000
vn 0.358368 0.933580 0.000000
vn 0.358368 0.933580 0.000000
vn 0.358368 0.933580 0.000000
vn 0.358368 0.933580 0.000000
vn 0.258818 0.965926 0.000000
vn 0.258818 0.965926 0.000000
vn 0.258818 0.965926 0.000000
vn 0.258818 0.965926 0.000000
vn 0.156444 0.987687 0.000000
vn 0.156444 0.987687 0.000000
vn 0.156444 0.987687 0.000000
vn 0.156444 0.987687 0.000000
vn 0.052326 0.998630 0.000000
vn 0.052326 0.998630 0.000000
vn 0.052326 0.998630 0.000000
vn 0.052326 0.998630 0.000000
vn 0.000000 1.000000 0.000000
vn 0.000000 1.000000 0.000000
vn 0.000000 1.000000 0.000000
vn 0.000000 1.000000 0.000000
vn -0.052324 0.998630 0.000000
vn -0.052324 0.998630 0.000000
vn -0.052324 0.998630 0.000000
vn -0.052324 0.998630 0.000000
vn -0.156434 0.987688 0.000000
vn -0.156434 0.987688 0.000000
vn -0.156434 0.987688 0.000000
vn -0.156434 0.987688 0.000000
vn -0.258821 0.965925 0.000000
vn -0.258821 0.965925 0.000000
vn -0.258821 0.965925 0.000000
vn -0.258821 0.965925 0.000000
vn -0.358375 0.933578 0.000000
vn -0.358375 0.933578 0.000000
vn -0.358375 0.933578 0.000000
vn -0.358375 0.933578 0.000000
vn -0.453988 0.891008 0.000000
vn -0.453988 0.891008 0.000000
vn -0.453988 0.891008 0.000000
vn -0.453988 0.891008 0.000000
vn -0.544631 0.838675 0.000000
vn -0.544631 0.838675 0.000000
vn -0.544631 0.838675 0.000000
vn -0.544631 0.838675 0.000000
vn -0.629329 0.777139 0.000000
vn -0.629329 0.777139 0.000000
vn -0.629329 0.777139 0.000000
vn -0.629329 0.777139 0.000000
vn -0.707107 0.707107 0.000000
vn -0.707107 0.707107 0.000000
vn -0.707107 0.707107 0.000000
vn -0.707107 0.707107 0.000000
vn -0.777143 0.629324 0.000000
vn -0.777143 0.629324 0.000000
vn -0.777143 0.629324 0.000000
vn -0.777143 0.629324 0.000000
vn -0.838672 0.544637 0.000000
vn -0.838672 0.544637 0.000000
vn -0.838672 0.544637 0.000000
vn -0.838672 0.544637 0.000000
vn -0.891004 0.453995 0.000000
vn -0.891004 0.453995 0.000000
vn -0.891004 0.453995 0.000000
vn -0.891004 0.453995 0.000000
vn -0.933583 0.358362 0.000000
vn -0.933583 0.358362 0.000000
vn -0.933583 0.358362 0.000000
vn -0.933583 0.358362 0.000000
vn -0.965925 0.258821 0.000000
vn -0.965925 0.258821 0.000000
vn -0.965925 0.258821 0.000000
vn -0.965925 0.258821 0.000000
vn -0.987688 0.156434 0.000000
vn -0.987688 0.156434 0.000000
vn -0.987688 0.156434 0.000000
vn -0.987688 0.156434 0.000000
vn -0.998630 0.052332 0.000000
vn -0.998630 0.052332 0.000000
vn -0.998630 0.052332 0.000000
vn -0.998630 0.052332 0.000000
vn -1.000000 0.000000 0.000000
vn -1.000000 0.000000 0.000000
vn -1.000000 0.000000 0.000000
vn -1.000000 0.000000 0.000000
vn -0.998630 -0.052332 0.000000
vn -0.998630 -0.052332 0.000000
vn -0.998630 -0.052332 0.000000
vn -0.998630 -0.052332 0.000000
vn -0.987688 -0.156437 0.000000
vn -0.987688 -0.156437 0.000000
vn -0.987688 -0.156437 0.000000
vn -0.987688 -0.156437 0.000000
vn -0.965926 -0.258818 0.000000
vn -0.965926 -0.258818 0.000000
vn -0.965926 -0.258818 0.000000
vn -0.965926 -0.258818 0.000000
vn -0.933581 -0.358367 0.000000
vn -0.933581 -0.358367 0.000000
vn -0.933581 -0.358367 0.000000
vn -0.933581 -0.358367 0.000000
vn -0.891005 -0.453993 0.000000
vn -0.891005 -0.453993 0.000000
vn -0.891005 -0.453993 0.000000
vn -0.891005 -0.453993 0.000000
vn -0.838671 -0.544639 0.000000
vn -0.838671 -0.544639 0.000000
vn -0.838671 -0.544639 0.000000
vn -0.838671 -0.544639 0.000000
vn -0.777143 -0.629324 0.000000
vn -0.777143 -0.629324 0.000000
vn -0.777143 -0.629324 0.000000
vn -0.777143 -0.629324 0.000000
vn -0.707110 -0.707103 0.000000
vn -0.707110 -0.707103 0.000000
vn -0.707110 -0.707103 0.000000
vn -0.707110 -0.707103 0.000000
vn -0.629318 -0.777148 0.000000
vn -0.629318 -0.777148 0.000000
vn -0.629318 -0.777148 0.000000
vn -0.629318 -0.777148 0.000000
vn -0.544642 -0.838669 0.000000
vn -0.544642 -0.838669 0.000000
vn -0.544642 -0.838669 0.000000
vn -0.544642 -0.838669 0.000000
vn -0.453991 -0.891006 0.000000
vn -0.453991 -0.891006 0.000000
vn -0.453991 -0.891006 0.000000
vn -0.453991 -0.891006 0.000000
vn -0.358368 -0.933580 0.000000
vn -0.358368 -0.933580 0.000000
vn -0.358368 -0.933580 0.000000
vn -0.358368 -0.933580 0.000000
vn -0.258817 -0.965926 0.000000
vn -0.258817 -0.965926 0.000000
vn -0.258817 -0.965926 0.000000
vn -0.258817 -0.965926 0.000000
vn -0.156435 -0.987688 0.000000
vn -0.156435 -0.987688 0.000000
vn -0.156435 -0.987688 0.000000
vn -0.156435 -0.987688 0.000000
vn -0.052336 -0.998630 0.000000
vn -0.052336 -0.998630 0.000000
vn -0.052336 -0.998630 0.000000
vn -0.052336 -0.998630 0.000000
vn 0.000000 -1.000000 0.000000
vn 0.000000 -1.000000 0.000000
vn 0.000000 -1.000000 0.000000
vn 0.000000 -1.000000 0.000000
vn 0.000000 0.000000 1.000000
vn 0.000000 0.000000 1.000000
vn 0.000000 0.000000 1.000000
vn 0.000000 0.000000 1.000000
vn 0.000000 0.000000 1.000000
vn 0.000000 0.000000 1.000000
vn 0.000000 0.000000 1.000000
vn 0.000000 0.000000 1.000000
vn 0.000000 0.000000 1.000000
vn 0.000000 0.000000 1.000000
vn 0.000000 0.000000 1.000000
vn 0.000000 0.000000 1.000000
vn 0.000000 0.000000 1.000000
vn 0.000000 0.000000 1.000000
vn 0.000000 0.000000 1.000000
vn 0.000000 0.000000 1.000000
vn 0.000000 0.000000 1.000000
vn 0.000000 0.000000 1.000000
vn 0.000000 0.000000 1.000000
vn 0.000000 0.000000 1.000000
vn 0.000000 0.000000 1.000000
vn 0.000000 0.000000 1.000000
vn 0.000000 0.000000 1.000000
vn 0.000000 0.000000 1.000000
vn 0.000000 0.000000 1.000000
vn 0.000000 0.000000 1.000000
vn 0.000000 0.000000 1.000000
vn 0.000000 0.000000 1.000000
vn 0.000000 0.000000 1.000000
vn 0.000000 0.000000 1.000000
vn 0.000000 0.000000 1.000000
vn 0.000000 0.000000 1.000000
vn 0.000000 0.000000 1.000000
vn 0.000000 0.000000 1.000000
vn 0.000000 0.000000 1.000000
vn 0.000000 0.000000 1.000000
vn 0.000000 0.000000 1.000000
vn 0.000000 0.000000 1.000000
vn 0.000000 0.000000 1.000000
vn 0.000000 0.000000 1.000000
vn 0.000000 0.000000 1.000000
vn 0.000000 0.000000 1.000000
vn 0.000000 0.000000 1.000000
vn 0.000000 0.000000 1.000000
vn 0.000000 0.000000 1.000000
vn 0.000000 0.000000 1.000000
vn 0.000000 0.000000 1.000000
vn 0.000000 0.000000 1.000000
vn 0.000000 0.000000 1.000000
vn 0.000000 0.000000 1.000000
vn 0.000000 0.000000 1.000000
vn 0.000000 0.000000 1.000000
vn 0.000000 0.000000 -1.000000
vn 0.000000 0.000000 -1.000000
vn 0.000000 0.000000 -1.000000
vn 0.000000 0.000000 -1.000000
vn 0.000000 0.000000 -1.000000
vn 0.000000 0.000000 -1.000000
vn 0.000000 0.000000 -1.000000
vn 0.000000 0.000000 -1.000000
vn 0.000000 0.000000 -1.000000
vn 0.000000 0.000000 -1.000000
vn 0.000000 0.000000 -1.000000
vn 0.000000 0.000000 -1.000000
vn 0.000000 0.000000 -1.000000
vn 0.000000 0.000000 -1.000000
vn 0.000000 0.000000 -1.000000
vn 0.000000 0.000000 -1.000000
vn 0.000000 0.000000 -1.000000
vn 0.000000 0.000000 -1.000000
vn 0.000000 0.000000 -1.000000
vn 0.000000 0.000000 -1.000000
vn 0.000000 0.000000 -1.000000
vn 0.000000 0.000000 -1.000000
vn 0.000000 0.000000 -1.000000
vn 0.000000 0.000000 -1.000000
vn 0.000000 0.000000 -1.000000
vn 0.000000 0.000000 -1.000000
vn 0.000000 0.000000 -1.000000
vn 0.000000 0.000000 -1.000000
vn 0.000000 0.000000 -1.000000
vn 0.000000 0.000000 -1.000000
vn 0.000000 0.000000 -1.000000
vn 0.000000 0.000000 -1.000000
vn 0.000000 0.000000 -1.000000
vn 0.000000 0.000000 -1.000000
vn 0.000000 0.000000 -1.000000
vn 0.000000 0.000000 -1.000000
vn 0.000000 0.000000 -1.000000
vn 0.000000 0.000000 -1.000000
vn 0.000000 0.000000 -1.000000
vn 0.000000 0.000000 -1.000000
vn 0.000000 0.000000 -1.000000
vn 0.000000 0.000000 -1.000000
vn 0.000000 0.000000 -1.000000
vn 0.000000 0.000000 -1.000000
vn 0.000000 0.000000 -1.000000
vn 0.000000 0.000000 -1.000000
vn 0.000000 0.000000 -1.000000
vn 0.000000 0.000000 -1.000000
vn 0.000000 0.000000 -1.000000
vn 0.000000 0.000000 -1.000000
vn 0.000000 0.000000 -1.000000
vn 0.000000 0.000000 -1.000000
vn 0.065404 -0.997859 0.000000
vn 0.065404 -0.997859 0.000000
vn 0.065404 -0.997859 0.000000
vn 0.065404 -0.997859 0.000000
vn 0.195088 -0.980786 0.000000
vn 0.195088 -0.980786 0.000000
vn 0.195088 -0.980786 0.000000
vn 0.195088 -0.980786 0.000000
vn 0.321440 -0.946930 0.000000
vn 0.321440 -0.946930 0.000000
vn 0.321440 -0.946930 0.000000
vn 0.321440 -0.946930 0.000000
vn 0.442286 -0.896874 0.000000
vn 0.442286 -0.896874 0.000000
vn 0.442286 -0.896874 0.000000
vn 0.442286 -0.896874 0.000000
vn 0.555574 -0.831467 0.000000
vn 0.555574 -0.831467 0.000000
vn 0.555574 -0.831467 0.000000
vn 0.555574 -0.831467 0.000000
vn 0.659345 -0.751841 0.000000
vn 0.659345 -0.751841 0.000000
vn 0.659345 -0.751841 0.000000
vn 0.659345 -0.751841 0.000000
vn 0.751839 -0.659347 0.000000
vn 0.751839 -0.659347 0.000000
vn 0.751839 -0.659347 0.000000
vn 0.751839 -0.659347 0.000000
vn 0.831470 -0.555570 0.000000
vn 0.831470 -0.555570 0.000000
vn 0.831470 -0.555570 0.000000
vn 0.831470 -0.555570 0.000000
vn 0.896872 -0.442290 0.000000
vn 0.896872 -0.442290 0.000000
vn 0.896872 -0.442290 0.000000
vn 0.896872 -0.442290 0.000000
vn 0.946932 -0.321434 0.000000
vn 0.946932 -0.321434 0.000000
vn 0.946932 -0.321434 0.000000
vn 0.946932 -0.321434 0.000000
vn 0.980785 -0.195093 0.000000
vn 0.980785 -0.195093 0.000000
vn 0.980785 -0.195093 0.000000
vn 0.980785 -0.195093 0.000000
vn 0.997859 -0.065404 0.000000
vn 0.997859 -0.065404 0.000000
vn 0.997859 -0.065404 0.000000
vn 0.997859 -0.065404 0.000000
vn 1.000000 0.000000 0.000000
vn 1.000000 0.000000 0.000000
vn 1.000000 0.000000 0.000000
vn 1.000000 0.000000 0.000000
vn 0.997859 0.065403 0.000000
vn 0.997859 0.065403 0.000000
vn 0.997859 0.065403 0.000000
vn 0.997859 0.065403 0.000000
vn 0.980785 0.195090 0.000000
vn 0.980785 0.195090 0.000000
vn 0.980785 0.195090 0.000000
vn 0.980785 0.195090 0.000000
vn 0.946930 0.321441 0.000000
vn 0.946930 0.321441 0.000000
vn 0.946930 0.321441 0.000000
vn 0.946930 0.321441 0.000000
vn 0.896874 0.442287 0.000000
vn 0.896874 0.442287 0.000000
vn 0.896874 0.442287 0.000000
vn 0.896874 0.442287 0.000000
vn 0.831470 0.555570 0.000000
vn 0.831470 0.555570 0.000000
vn 0.831470 0.555570 0.000000
vn 0.831470 0.555570 0.000000
vn 0.751839 0.659346 0.000000
vn 0.751839 0.659346 0.000000
vn 0.751839 0.659346 0.000000
vn 0.751839 0.659346 0.000000
vn 0.659346 0.751840 0.000000
vn 0.659346 0.751840 0.000000
vn 0.659346 0.751840 0.000000
vn 0.659346 0.751840 0.000000
vn 0.555570 0.831470 0.000000
vn 0.555570 0.831470 0.000000
vn 0.555570 0.831470 0.000000
vn 0.555570 0.831470 0.000000
vn 0.442287 0.896874 0.000000
vn 0.442287 0.896874 0.000000
vn 0.442287 0.896874 0.000000
vn 0.442287 0.896874 0.000000
vn 0.321441 0.946930 0.000000
vn 0.321441 0.946930 0.000000
vn 0.321441 0.946930 0.000000
vn 0.321441 0.946930 0.000000
vn 0.195090 0.980785 0.000000
vn 0.195090 0.980785 0.000000
vn 0.195090 0.980785 0.000000
vn 0.195090 0.980785 0.000000
vn 0.065403 0.997859 0.000000
vn 0.065403 0.997859 0.000000
vn 0.065403 0.997859 0.000000
vn 0.065403 0.997859 0.000000
vn 0.000000 1.000000 0.000000
vn 0.000000 1.000000 0.000000
vn 0.000000 1.000000 0.000000
vn 0.000000 1.000000 0.000000
vn -0.065407 0.997859 0.000000
vn -0.065407 0.997859 0.000000
vn -0.065407 0.997859 0.000000
vn -0.065407 0.997859 0.000000
vn -0.195082 0.980787 0.000000
vn -0.195082 0.980787 0.000000
vn -0.195082 0.980787 0.000000
vn -0.195082 0.980787 0.000000
vn -0.321439 0.946930 0.000000
vn -0.321439 0.946930 0.000000
vn -0.321439 0.946930 0.000000
vn -0.321439 0.946930 0.000000
vn -0.442292 0.896871 0.000000
vn -0.442292 0.896871 0.000000
vn -0.442292 0.896871 0.000000
vn -0.442292 0.896871 0.000000
vn -0.555572 0.831469 0.000000
vn -0.555572 0.831469 0.000000
vn -0.555572 0.831469 0.000000
vn -0.555572 0.831469 0.000000
vn -0.659347 0.751839 0.000000
vn -0.659347 0.751839 0.000000
vn -0.659347 0.751839 0.000000
vn -0.659347 0.751839 0.000000
vn -0.751839 0.659346 0.000000
vn -0.751839 0.659346 0.000000
vn -0.751839 0.659346 0.000000
vn -0.751839 0.659346 0.000000
vn -0.831468 0.555573 0.000000
vn -0.831468 0.555573 0.000000
vn -0.831468 0.555573 0.000000
vn -0.831468 0.555573 0.000000
vn -0.896874 0.442286 0.000000
vn -0.896874 0.442286 0.000000
vn -0.896874 0.442286 0.000000
vn -0.896874 0.442286 0.000000
vn -0.946930 0.321440 0.000000
vn -0.946930 0.321440 0.000000
vn -0.946930 0.321440 0.000000
vn -0.946930 0.321440 0.000000
vn -0.980785 0.195093 0.000000
vn -0.980785 0.195093 0.000000
vn -0.980785 0.195093 0.000000
vn -0.980785 0.195093 0.000000
vn -0.997859 0.065402 0.000000
vn -0.997859 0.065402 0.000000
vn -0.997859 0.065402 0.000000
vn -0.997859 0.065402 0.000000
vn -1.000000 0.000000 0.000000
vn -1.000000 0.000000 0.000000
vn -1.000000 0.000000 0.000000
vn -1.000000 0.000000 0.000000
vn -0.997859 -0.065403 0.000000
vn -0.997859 -0.065403 0.000000
vn -0.997859 -0.065403 0.000000
vn -0.997859 -0.065403 0.000000
vn -0.980785 -0.195090 0.000000
vn -0.980785 -0.195090 0.000000
vn -0.980785 -0.195090 0.000000
vn -0.980785 -0.195090 0.000000
vn -0.946930 -0.321439 0.000000
vn -0.946930 -0.321439 0.000000
vn -0.946930 -0.321439 0.000000
vn -0.946930 -0.321439 0.000000
vn -0.896873 -0.442288 0.000000
vn -0.896873 -0.442288 0.000000
vn -0.896873 -0.442288 0.000000
vn -0.896873 -0.442288 0.000000
vn -0.831467 -0.555574 0.000000
vn -0.831467 -0.555574 0.000000
vn -0.831467 -0.555574 0.000000
vn -0.831467 -0.555574 0.000000
vn -0.751843 -0.659342 0.000000
vn -0.751843 -0.659342 0.000000
vn -0.751843 -0.659342 0.000000
vn -0.751843 -0.659342 0.000000
vn -0.659345 -0.751840 0.000000
vn -0.659345 -0.751840 0.000000
vn -0.659345 -0.751840 0.000000
vn -0.659345 -0.751840 0.000000
vn -0.555567 -0.831471 0.000000
vn -0.555567 -0.831471 0.000000
vn -0.555567 -0.831471 0.000000
vn -0.555567 -0.831471 0.000000
vn -0.442295 -0.896869 0.000000
vn -0.442295 -0.896869 0.000000
vn -0.442295 -0.896869 0.000000
vn -0.442295 -0.896869 0.000000
vn -0.321431 -0.946933 0.000000
vn -0.321431 -0.946933 0.000000
vn -0.321431 -0.946933 0.000000
vn -0.321431 -0.946933 0.000000
vn -0.195095 -0.980784 0.000000
vn -0.195095 -0.980784 0.000000
vn -0.195095 -0.980784 0.000000
vn -0.195095 -0.980784 0.000000
vn -0.065400 -0.997859 0.000000
vn -0.065400 -0.997859 0.000000
vn -0.065400 -0.997859 0.000000
vn -0.065400 -0.997859 0.000000
vn 0.000000 -1.000000 0.000000
vn 0.000000 -1.000000 0.000000
vn 0.000000 -1.000000 0.000000
vn 0.000000 -1.000000 0.000000
vn 0.000000 0.000000 1.000000
vn 0.000000 0.000000 1.000000
vn 0.000000 0.000000 1.000000
vn 0.000000 0.000000 1.000000
vn 0.000000 0.000000 1.000000
vn 0.000000 0.000000 1.000000
vn 0.000000 0.000000 1.000000
vn 0.000000 0.000000 1.000000
vn 0.000000 0.000000 1.000000
vn 0.000000 0.000000 1.000000
vn 0.000000 0.000000 1.000000
vn 0.000000 0.000000 1.000000
vn 0.000000 0.000000 1.000000
vn 0.000000 0.000000 1.000000
vn 0.000000 0.000000 1.000000
vn 0.000000 0.000000 1.000000
vn 0.000000 0.000000 1.000000
vn 0.000000 0.000000 1.000000
vn 0.000000 0.000000 1.000000
vn 0.000000 0.000000 1.000000
vn 0.000000 0.000000 1.000000
vn 0.000000 0.000000 1.000000
vn 0.000000 0.000000 1.000000
vn 0.000000 0.000000 1.000000
vn 0.000000 0.000000 1.000000
vn 0.000000 0.000000 1.000000
vn 0.000000 0.000000 1.000000
vn 0.000000 0.000000 1.000000
vn 0.000000 0.000000 1.000000
vn 0.000000 0.000000 1.000000
vn 0.000000 0.000000 1.000000
vn 0.000000 0.000000 1.000000
vn 0.000000 0.000000 1.000000
vn 0.000000 0.000000 1.000000
vn 0.000000 0.000000 1.000000
vn 0.000000 0.000000 1.000000
vn 0.000000 0.000000 1.000000
vn 0.000000 0.000000 1.000000
vn 0.000000 0.000000 1.000000
vn 0.000000 0.000000 1.000000
vn 0.000000 0.000000 1.000000
vn 0.000000 0.000000 1.000000
vn 0.000000 0.000000 1.000000
vn 0.000000 0.000000 1.000000
vn 0.000000 0.000000 1.000000
vn 0.000000 0.000000 1.000000
vn 0.000000 0.000000 1.000000
vn 0.000000 0.000000 1.000000
vn 0.000000 0.000000 1.000000
vn 0.000000 0.000000 1.000000
vn 0.000000 0.000000 1.000000
vn 0.000000 0.000000 1.000000
vn 0.000000 0.000000 -1.000000
vn 0.000000 0.000000 -1.000000
vn 0.000000 0.000000 -1.000000
vn 0.000000 0.000000 -1.000000
vn 0.000000 0.000000 -1.000000
vn 0.000000 0.000000 -1.000000
vn 0.000000 0.000000 -1.000000
vn 0.000000 0.000000 -1.000000
vn 0.000000 0.000000 -1.000000
vn 0.000000 0.000000 -1.000000
vn 0.000000 0.000000 -1.000000
vn 0.000000 0.000000 -1.000000
vn 0.000000 0.000000 -1.000000
vn 0.000000 0.000000 -1.000000
vn 0.000000 0.000000 -1.000000
vn 0.000000 0.000000 -1.000000
vn 0.000000 0.000000 -1.000000
vn 0.000000 0.000000 -1.000000
vn 0.000000 0.000000 -1.000000
vn 0.000000 0.000000 -1.000000
vn 0.000000 0.000000 -1.000000
vn 0.000000 0.000000 -1.000000
vn 0.000000 0.000000 -1.000000
vn 0.000000 0.000000 -1.000000
vn 0.000000 0.000000 -1.000000
vn 0.000000 0.000000 -1.000000
vn 0.000000 0.000000 -1.000000
vn 0.000000 0.000000 -1.000000
vn 0.000000 0.000000 -1.000000
vn 0.000000 0.000000 -1.000000
vn 0.000000 0.000000 -1.000000
vn 0.000000 0.000000 -1.000000
vn 0.000000 0.000000 -1.000000
vn 0.000000 0.000000 -1.000000
vn 0.000000 0.000000 -1.000000
vn 0.000000 0.000000 -1.000000
vn 0.000000 0.000000 -1.000000
vn 0.000000 0.000000 -1.000000
vn 0.000000 0.000000 -1.000000
vn 0.000000 0.000000 -1.000000
vn 0.000000 0.000000 -1.000000
vn 0.000000 0.000000 -1.000000
vn 0.000000 0.000000 -1.000000
vn 0.000000 0.000000 -1.000000
vn 0.000000 0.000000 -1.000000
vn 0.000000 0.000000 -1.000000
vn 0.000000 0.000000 -1.000000
vn 0.000000 0.000000 -1.000000
vn 0.000000 0.000000 -1.000000
vn 0.000000 0.000000 -1.000000
vn 0.000000 0.000000 -1.000000
vn 0.000000 0.000000 -1.000000
vn 0.065400 -0.997859 0.000000
vn 0.065400 -0.997859 0.000000
vn 0.065400 -0.997859 0.000000
vn 0.065400 -0.997859 0.000000
vn 0.195095 -0.980784 0.000000
vn 0.195095 -0.980784 0.000000
vn 0.195095 -0.980784 0.000000
vn 0.195095 -0.980784 0.000000
vn 0.321431 -0.946933 0.000000
vn 0.321431 -0.946933 0.000000
vn 0.321431 -0.946933 0.000000
vn 0.321431 -0.946933 0.000000
vn 0.442299 -0.896868 0.000000
vn 0.442299 -0.896868 0.000000
vn 0.442299 -0.896868 0.000000
vn 0.442299 -0.896868 0.000000
vn 0.555565 -0.831473 0.000000
vn 0.555565 -0.831473 0.000000
vn 0.555565 -0.831473 0.000000
vn 0.555565 -0.831473 0.000000
vn 0.659348 -0.751838 0.000000
vn 0.659348 -0.751838 0.000000
vn 0.659348 -0.751838 0.000000
vn 0.659348 -0.751838 0.000000
vn 0.751843 -0.659342 0.000000
vn 0.751843 -0.659342 0.000000
vn 0.751843 -0.659342 0.000000
vn 0.751843 -0.659342 0.000000
vn 0.831464 -0.555578 0.000000
vn 0.831464 -0.555578 0.000000
vn 0.831464 -0.555578 0.000000
vn 0.831464 -0.555578 0.000000
vn 0.896874 -0.442286 0.000000
vn 0.896874 -0.442286 0.000000
vn 0.896874 -0.442286 0.000000
vn 0.896874 -0.442286 0.000000
vn 0.946930 -0.321442 0.000000
vn 0.946930 -0.321442 0.000000
vn 0.946930 -0.321442 0.000000
vn 0.946930 -0.321442 0.000000
vn 0.980786 -0.195084 0.000000
vn 0.980786 -0.195084 0.000000
vn 0.980786 -0.195084 0.000000
vn 0.980786 -0.195084 0.000000
vn 0.997858 -0.065411 0.000000
vn 0.997858 -0.065411 0.000000
vn 0.997858 -0.065411 0.000000
vn 0.997858 -0.065411 0.000000
vn 1.000000 0.000000 0.000000
vn 1.000000 0.000000 0.000000
vn 1.000000 0.000000 0.000000
vn 1.000000 0.000000 0.000000
vn 0.997858 0.065409 0.000000
vn 0.997858 0.065409 0.000000
vn 0.997858 0.065409 0.000000
vn 0.997858 0.065409 0.000000
vn 0.980786 0.195085 0.000000
vn 0.980786 0.195085 0.000000
vn 0.980786 0.195085 0.000000
vn 0.980786 0.195085 0.000000
vn 0.946930 0.321440 0.000000
vn 0.946930 0.321440 0.000000
vn 0.946930 0.321440 0.000000
vn 0.946930 0.321440 0.000000
vn 0.896873 0.442289 0.000000
vn 0.896873 0.442289 0.000000
vn 0.896873 0.442289 0.000000
vn 0.896873 0.442289 0.000000
vn 0.831469 0.555572 0.000000
vn 0.831469 0.555572 0.000000
vn 0.831469 0.555572 0.000000
vn 0.831469 0.555572 0.000000
vn 0.751839 0.659346 0.000000
vn 0.751839 0.659346 0.000000
vn 0.751839 0.659346 0.000000
vn 0.751839 0.659346 0.000000
vn 0.659346 0.751840 0.000000
vn 0.659346 0.751840 0.000000
vn 0.659346 0.751840 0.000000
vn 0.659346 0.751840 0.000000
vn 0.555568 0.831471 0.000000
vn 0.555568 0.831471 0.000000
vn 0.555568 0.831471 0.000000
vn 0.555568 0.831471 0.000000
vn 0.442292 0.896871 0.000000
vn 0.442292 0.896871 0.000000
vn 0.442292 0.896871 0.000000
vn 0.442292 0.896871 0.000000
vn 0.321438 0.946931 0.000000
vn 0.321438 0.946931 0.000000
vn 0.321438 0.946931 0.000000
vn 0.321438 0.946931 0.000000
vn 0.195093 0.980785 0.000000
vn 0.195093 0.980785 0.000000
vn 0.195093 0.980785 0.000000
vn 0.195093 0.980785 0.000000
vn 0.065402 0.997859 0.000000
vn 0.065402 0.997859 0.000000
vn 0.065402 0.997859 0.000000
vn 0.065402 0.997859 0.000000
vn 0.000000 1.000000 0.000000
vn 0.000000 1.000000 0.000000
vn 0.000000 1.000000 0.000000
vn 0.000000 1.000000 0.000000
vn -0.065404 0.997859 0.000000
vn -0.065404 0.997859 0.000000
vn -0.065404 0.997859 0.000000
vn -0.065404 0.997859 0.000000
vn -0.195088 0.980786 0.000000
vn -0.195088 0.980786 0.000000
vn -0.195088 0.980786 0.000000
vn -0.195088 0.980786 0.000000
vn -0.321438 0.946931 0.000000
vn -0.321438 0.946931 0.000000
vn -0.321438 0.946931 0.000000
vn -0.321438 0.946931 0.000000
vn -0.442289 0.896873 0.000000
vn -0.442289 0.896873 0.000000
vn -0.442289 0.896873 0.000000
vn -0.442289 0.896873 0.000000
vn -0.555569 0.831470 0.000000
vn -0.555569 0.831470 0.000000
vn -0.555569 0.831470 0.000000
vn -0.555569 0.831470 0.000000
vn -0.659350 0.751836 0.000000
vn -0.659350 0.751836 0.000000
vn -0.659350 0.751836 0.000000
vn -0.659350 0.751836 0.000000
vn -0.751839 0.659346 0.000000
vn -0.751839 0.659346 0.000000
vn -0.751839 0.659346 0.000000
vn -0.751839 0.659346 0.000000
vn -0.831468 0.555573 0.000000
vn -0.831468 0.555573 0.000000
vn -0.831468 0.555573 0.000000
vn -0.831468 0.555573 0.000000
vn -0.896873 0.442289 0.000000
vn -0.896873 0.442289 0.000000
vn -0.896873 0.442289 0.000000
vn -0.896873 0.442289 0.000000
vn -0.946931 0.321438 0.000000
vn -0.946931 0.321438 0.000000
vn -0.946931 0.321438 0.000000
vn -0.946931 0.321438 0.000000
vn -0.980785 0.195092 0.000000
vn -0.980785 0.195092 0.000000
vn -0.980785 0.195092 0.000000
vn -0.980785 0.195092 0.000000
vn -0.997859 0.065400 0.000000
vn -0.997859 0.065400 0.000000
vn -0.997859 0.065400 0.000000
vn -0.997859 0.065400 0.000000
vn -1.000000 0.000000 0.000000
vn -1.000000 0.000000 0.000000
vn -1.000000 0.000000 0.000000
vn -1.000000 0.000000 0.000000
vn -0.997859 -0.065404 0.000000
vn -0.997859 -0.065404 0.000000
vn -0.997859 -0.065404 0.000000
vn -0.997859 -0.065404 0.000000
vn -0.980786 -0.195088 0.000000
vn -0.980786 -0.195088 0.000000
vn -0.980786 -0.195088 0.000000
vn -0.980786 -0.195088 0.000000
vn -0.946930 -0.321439 0.000000
vn -0.946930 -0.321439 0.000000
vn -0.946930 -0.321439 0.000000
vn -0.946930 -0.321439 0.000000
vn -0.896872 -0.442290 0.000000
vn -0.896872 -0.442290 0.000000
vn -0.896872 -0.442290 0.000000
vn -0.896872 -0.442290 0.000000
vn -0.831470 -0.555570 0.000000
vn -0.831470 -0.555570 0.000000
vn -0.831470 -0.555570 0.000000
vn -0.831470 -0.555570 0.000000
vn -0.751839 -0.659347 0.000000
vn -0.751839 -0.659347 0.000000
vn -0.751839 -0.659347 0.000000
vn -0.751839 -0.659347 0.000000
vn -0.659347 -0.751839 0.000000
vn -0.659347 -0.751839 0.000000
vn -0.659347 -0.751839 0.000000
vn -0.659347 -0.751839 0.000000
vn -0.555574 -0.831467 0.000000
vn -0.555574 -0.831467 0.000000
vn -0.555574 -0.831467 0.000000
vn -0.555574 -0.831467 0.000000
vn -0.442286 -0.896874 0.000000
vn -0.442286 -0.896874 0.000000
vn -0.442286 -0.896874 0.000000
vn -0.442286 -0.896874 0.000000
vn -0.321439 -0.946930 0.000000
vn -0.321439 -0.946930 0.000000
vn -0.321439 -0.946930 0.000000
vn -0.321439 -0.946930 0.000000
vn -0.195088 -0.980786 0.000000
vn -0.195088 -0.980786 0.000000
vn -0.195088 -0.980786 0.000000
vn -0.195088 -0.980786 0.000000
vn -0.065404 -0.997859 0.000000
vn -0.065404 -0.997859 0.000000
vn -0.065404 -0.997859 0.000000
vn -0.065404 -0.997859 0.000000
vn 0.000000 -1.000000 0.000000
vn 0.000000 -1.000000 0.000000
vn 0.000000 -1.000000 0.000000
vn 0.000000 -1.000000 0.000000
vn 0.000000 0.000000 1.000000
vn 0.000000 0.000000 1.000000
vn 0.000000 0.000000 1.000000
vn 0.000000 0.000000 1.000000
vn 0.000000 0.000000 1.000000
vn 0.000000 0.000000 1.000000
vn 0.000000 0.000000 1.000000
vn 0.000000 0.000000 1.000000
vn 0.000000 0.000000 1.000000
vn 0.000000 0.000000 1.000000
vn 0.000000 0.000000 1.000000
vn 0.000000 0.000000 1.000000
vn 0.000000 0.000000 1.000000
vn 0.000000 0.000000 1.000000
vn 0.000000 0.000000 1.000000
vn 0.000000 0.000000 1.000000
vn 0.000000 0.000000 1.000000
vn 0.000000 0.000000 1.000000
vn 0.000000 0.000000 1.000000
vn 0.000000 0.000000 1.000000
vn 0.000000 0.000000 1.000000
vn 0.000000 0.000000 1.000000
vn 0.000000 0.000000 1.000000
vn 0.000000 0.000000 1.000000
vn 0.000000 0.000000 1.000000
vn 0.000000 0.000000 1.000000
vn 0.000000 0.000000 1.000000
vn 0.000000 0.000000 1.000000
vn 0.000000 0.000000 1.000000
vn 0.000000 0.000000 1.000000
vn 0.000000 0.000000 1.000000
vn 0.000000 0.000000 1.000000
vn 0.000000 0.000000 1.000000
vn 0.000000 0.000000 1.000000
vn 0.000000 0.000000 1.000000
vn 0.000000 0.000000 1.000000
vn 0.000000 0.000000 1.000000
vn 0.000000 0.000000 1.000000
vn 0.000000 0.000000 1.000000
vn 0.000000 0.000000 1.000000
vn 0.000000 0.000000 1.000000
vn 0.000000 0.000000 1.000000
vn 0.000000 0.000000 1.000000
vn 0.000000 0.000000 1.000000
vn 0.000000 0.000000 1.000000
vn 0.000000 0.000000 1.000000
vn 0.000000 0.000000 1.000000
vn 0.000000 0.000000 1.000000
vn 0.000000 0.000000 1.000000
vn 0.000000 0.000000 1.000000
vn 0.000000 0.000000 1.000000
vn 0.000000 0.000000 1.000000
vn 0.000000 0.000000 1.000000
vn 0.000000 0.000000 1.000000
vn 0.000000 0.000000 1.000000
vn 0.000000 0.000000 1.000000
vn 0.000000 0.000000 1.000000
vn 0.000000 0.000000 1.000000
vn 0.000000 0.000000 1.000000
vn 0.000000 0.000000 1.000000
vn 0.000000 0.000000 1.000000
vn 0.000000 0.000000 1.000000
vn 0.000000 0.000000 1.000000
vn 0.000000 0.000000 1.000000
vn 0.000000 0.000000 -1.000000
vn 0.000000 0.000000 -1.000000
vn 0.000000 0.000000 -1.000000
vn 0.000000 0.000000 -1.000000
vn 0.000000 0.000000 -1.000000
vn 0.000000 0.000000 -1.000000
vn 0.000000 0.000000 -1.000000
vn 0.000000 0.000000 -1.000000
vn 0.000000 0.000000 -1.000000
vn 0.000000 0.000000 -1.000000
vn 0.000000 0.000000 -1.000000
vn 0.000000 0.000000 -1.000000
vn 0.000000 0.000000 -1.000000
vn 0.000000 0.000000 -1.000000
vn 0.000000 0.000000 -1.000000
vn 0.000000 0.000000 -1.000000
vn 0.000000 0.000000 -1.000000
vn 0.000000 0.000000 -1.000000
vn 0.000000 0.000000 -1.000000
vn 0.000000 0.000000 -1.000000
vn 0.000000 0.000000 -1.000000
vn 0.000000 0.000000 -1.000000
vn 0.000000 0.000000 -1.000000
vn 0.000000 0.000000 -1.000000
vn 0.000000 0.000000 -1.000000
vn 0.000000 0.000000 -1.000000
vn 0.000000 0.000000 -1.000000
vn 0.000000 0.000000 -1.000000
vn 0.000000 0.000000 -1.000000
vn 0.000000 0.000000 -1.000000
vn 0.000000 0.000000 -1.000000
vn 0.000000 0.000000 -1.000000
vn 0.000000 0.000000 -1.000000
vn 0.000000 0.000000 -1.000000
vn 0.000000 0.000000 -1.000000
vn 0.000000 0.000000 -1.000000
vn 0.000000 0.000000 -1.000000
vn 0.000000 0.000000 -1.000000
vn 0.000000 0.000000 -1.000000
vn 0.000000 0.000000 -1.000000
vn 0.000000 0.000000 -1.000000
vn 0.000000 0.000000 -1.000000
vn 0.000000 0.000000 -1.000000
vn 0.000000 0.000000 -1.000000
vn 0.000000 0.000000 -1.000000
vn 0.000000 0.000000 -1.000000
vn 0.000000 0.000000 -1.000000
vn 0.000000 0.000000 -1.000000
vn 0.000000 0.000000 -1.000000
vn 0.000000 0.000000 -1.000000
vn 0.000000 0.000000 -1.000000
vn 0.000000 0.000000 -1.000000
vn 0.000000 0.000000 -1.000000
vn 0.000000 0.000000 -1.000000
vn 0.000000 0.000000 -1.000000
vn 0.000000 0.000000 -1.000000
vn 0.000000 0.000000 -1.000000
vn 0.000000 0.000000 -1.000000
vn 0.000000 0.000000 -1.000000
vn 0.000000 0.000000 -1.000000
vn 0.000000 0.000000 -1.000000
vn 0.000000 0.000000 -1.000000
vn 0.000000 0.000000 -1.000000
vn 0.000000 0.000000 -1.000000
vn 0.998795 0.049068 0.000000
vn 0.998795 0.049068 0.000000
vn 0.998795 0.049068 0.000000
vn 0.998795 0.049068 0.000000
vn 0.989176 0.146733 0.000000
vn 0.989176 0.146733 0.000000
vn 0.989176 0.146733 0.000000
vn 0.989176 0.146733 0.000000
vn 0.970031 0.242982 0.000000
vn 0.970031 0.242982 0.000000
vn 0.970031 0.242982 0.000000
vn 0.970031 0.242982 0.000000
vn 0.941545 0.336888 0.000000
vn 0.941545 0.336888 0.000000
vn 0.941545 0.336888 0.000000
vn 0.941545 0.336888 0.000000
vn 0.903989 0.427555 0.000000
vn 0.903989 0.427555 0.000000
vn 0.903989 0.427555 0.000000
vn 0.903989 0.427555 0.000000
vn 0.857730 0.514100 0.000000
vn 0.857730 0.514100 0.000000
vn 0.857730 0.514100 0.000000
vn 0.857730 0.514100 0.000000
vn 0.803207 0.595700 0.000000
vn 0.803207 0.595700 0.000000
vn 0.803207 0.595700 0.000000
vn 0.803207 0.595700 0.000000
vn 0.740948 0.671562 0.000000
vn 0.740948 0.671562 0.000000
vn 0.740948 0.671562 0.000000
vn 0.740948 0.671562 0.000000
vn 0.671558 0.740952 0.000000
vn 0.671558 0.740952 0.000000
vn 0.671558 0.740952 0.000000
vn 0.671558 0.740952 0.000000
vn 0.595706 0.803202 0.000000
vn 0.595706 0.803202 0.000000
vn 0.595706 0.803202 0.000000
vn 0.595706 0.803202 0.000000
vn 0.514098 0.857731 0.000000
vn 0.514098 0.857731 0.000000
vn 0.514098 0.857731 0.000000
vn 0.514098 0.857731 0.000000
vn 0.427557 0.903989 0.000000
vn 0.427557 0.903989 0.000000
vn 0.427557 0.903989 0.000000
vn 0.427557 0.903989 0.000000
vn 0.336884 0.941546 0.000000
vn 0.336884 0.941546 0.000000
vn 0.336884 0.941546 0.000000
vn 0.336884 0.941546 0.000000
vn 0.242980 0.970031 0.000000
vn 0.242980 0.970031 0.000000
vn 0.242980 0.970031 0.000000
vn 0.242980 0.970031 0.000000
vn 0.146741 0.989175 0.000000
vn 0.146741 0.989175 0.000000
vn 0.146741 0.989175 0.000000
vn 0.146741 0.989175 0.000000
vn 0.049060 0.998796 0.000000
vn 0.049060 0.998796 0.000000
vn 0.049060 0.998796 0.000000
vn 0.049060 0.998796 0.000000
vn -0.049060 0.998796 0.000000
vn -0.049060 0.998796 0.000000
vn -0.049060 0.998796 0.000000
vn -0.049060 0.998796 0.000000
vn -0.146741 0.989175 0.000000
vn -0.146741 0.989175 0.000000
vn -0.146741 0.989175 0.000000
vn -0.146741 0.989175 0.000000
vn -0.242980 0.970031 0.000000
vn -0.242980 0.970031 0.000000
vn -0.242980 0.970031 0.000000
vn -0.242980 0.970031 0.000000
vn -0.336884 0.941546 0.000000
vn -0.336884 0.941546 0.000000
vn -0.336884 0.941546 0.000000
vn -0.336884 0.941546 0.000000
vn -0.427558 0.903988 0.000000
vn -0.427558 0.903988 0.000000
vn -0.427558 0.903988 0.000000
vn -0.427558 0.903988 0.000000
vn -0.514096 0.857732 0.000000
vn -0.514096 0.857732 0.000000
vn -0.514096 0.857732 0.000000
vn -0.514096 0.857732 0.000000
vn -0.595706 0.803202 0.000000
vn -0.595706 0.803202 0.000000
vn -0.595706 0.803202 0.000000
vn -0.595706 0.803202 0.000000
vn -0.671558 0.740952 0.000000
vn -0.671558 0.740952 0.000000
vn -0.671558 0.740952 0.000000
vn -0.671558 0.740952 0.000000
vn -0.740950 0.671560 0.000000
vn -0.740950 0.671560 0.000000
vn -0.740950 0.671560 0.000000
vn -0.740950 0.671560 0.000000
vn -0.803207 0.595700 0.000000
vn -0.803207 0.595700 0.000000
vn -0.803207 0.595700 0.000000
vn -0.803207 0.595700 0.000000
vn -0.857730 0.514100 0.000000
vn -0.857730 0.514100 0.000000
vn -0.857730 0.514100 0.000000
vn -0.857730 0.514100 0.000000
vn -0.903989 0.427555 0.000000
vn -0.903989 0.427555 0.000000
vn -0.903989 0.427555 0.000000
vn -0.903989 0.427555 0.000000
vn -0.941543 0.336891 0.000000
vn -0.941543 0.336891 0.000000
vn -0.941543 0.336891 0.000000
vn -0.941543 0.336891 0.000000
vn -0.970031 0.242982 0.000000
vn -0.970031 0.242982 0.000000
vn -0.970031 0.242982 0.000000
vn -0.970031 0.242982 0.000000
vn -0.989177 0.146729 0.000000
vn -0.989177 0.146729 0.000000
vn -0.989177 0.146729 0.000000
vn -0.989177 0.146729 0.000000
vn -0.998795 0.049068 0.000000
vn -0.998795 0.049068 0.000000
vn -0.998795 0.049068 0.000000
vn -0.998795 0.049068 0.000000
vn -0.998795 -0.049068 0.000000
vn -0.998795 -0.049068 0.000000
vn -0.998795 -0.049068 0.000000
vn -0.998795 -0.049068 0.000000
vn -0.989177 -0.146729 0.000000
vn -0.989177 -0.146729 0.000000
vn -0.989177 -0.146729 0.000000
vn -0.989177 -0.146729 0.000000
vn -0.970031 -0.242980 0.000000
vn -0.970031 -0.242980 0.000000
vn -0.970031 -0.242980 0.000000
vn -0.970031 -0.242980 0.000000
vn -0.941543 -0.336891 0.000000
vn -0.941543 -0.336891 0.000000
vn -0.941543 -0.336891 0.000000
vn -0.941543 -0.336891 0.000000
vn -0.903989 -0.427555 0.000000
vn -0.903989 -0.427555 0.000000
vn -0.903989 -0.427555 0.000000
vn -0.903989 -0.427555 0.000000
vn -0.857730 -0.514100 0.000000
vn -0.857730 -0.514100 0.000000
vn -0.857730 -0.514100 0.000000
vn -0.857730 -0.514100 0.000000
vn -0.803207 -0.595700 0.000000
vn -0.803207 -0.595700 0.000000
vn -0.803207 -0.595700 0.000000
vn -0.803207 -0.595700 0.000000
vn -0.740953 -0.671556 0.000000
vn -0.740953 -0.671556 0.000000
vn -0.740953 -0.671556 0.000000
vn -0.740953 -0.671556 0.000000
vn -0.671558 -0.740952 0.000000
vn -0.671558 -0.740952 0.000000
vn -0.671558 -0.740952 0.000000
vn -0.671558 -0.740952 0.000000
vn -0.595696 -0.803210 0.000000
vn -0.595696 -0.803210 0.000000
vn -0.595696 -0.803210 0.000000
vn -0.595696 -0.803210 0.000000
vn -0.514102 -0.857729 0.000000
vn -0.514102 -0.857729 0.000000
vn -0.514102 -0.857729 0.000000
vn -0.514102 -0.857729 0.000000
vn -0.427558 -0.903988 0.000000
vn -0.427558 -0.903988 0.000000
vn -0.427558 -0.903988 0.000000
vn -0.427558 -0.903988 0.000000
vn -0.336891 -0.941543 0.000000
vn -0.336891 -0.941543 0.000000
vn -0.336891 -0.941543 0.000000
vn -0.336891 -0.941543 0.000000
vn -0.242980 -0.970031 0.000000
vn -0.242980 -0.970031 0.000000
vn -0.242980 -0.970031 0.000000
vn -0.242980 -0.970031 0.000000
vn -0.146725 -0.989177 0.000000
vn -0.146725 -0.989177 0.000000
vn -0.146725 -0.989177 0.000000
vn -0.146725 -0.989177 0.000000
vn -0.049068 -0.998795 0.000000
vn -0.049068 -0.998795 0.000000
vn -0.049068 -0.998795 0.000000
vn -0.049068 -0.998795 0.000000
vn 0.049068 -0.998795 0.000000
vn 0.049068 -0.998795 0.000000
vn 0.049068 -0.998795 0.000000
vn 0.049068 -0.998795 0.000000
vn 0.146726 -0.989177 0.000000
vn 0.146726 -0.989177 0.000000
vn 0.146726 -0.989177 0.000000
vn 0.146726 -0.989177 0.000000
vn 0.242980 -0.970031 0.000000
vn 0.242980 -0.970031 0.000000
vn 0.242980 -0.970031 0.000000
vn 0.242980 -0.970031 0.000000
vn 0.336891 -0.941543 0.000000
vn 0.336891 -0.941543 0.000000
vn 0.336891 -0.941543 0.000000
vn 0.336891 -0.941543 0.000000
vn 0.427557 -0.903989 0.000000
vn 0.427557 -0.903989 0.000000
vn 0.427557 -0.903989 0.000000
vn 0.427557 -0.903989 0.000000
vn 0.514104 -0.857728 0.000000
vn 0.514104 -0.857728 0.000000
vn 0.514104 -0.857728 0.000000
vn 0.514104 -0.857728 0.000000
vn 0.595696 -0.803210 0.000000
vn 0.595696 -0.803210 0.000000
vn 0.595696 -0.803210 0.000000
vn 0.595696 -0.803210 0.000000
vn 0.671558 -0.740952 0.000000
vn 0.671558 -0.740952 0.000000
vn 0.671558 -0.740952 0.000000
vn 0.671558 -0.740952 0.000000
vn 0.740952 -0.671559 0.000000
vn 0.740952 -0.671559 0.000000
vn 0.740952 -0.671559 0.000000
vn 0.740952 -0.671559 0.000000
vn 0.803207 -0.595700 0.000000
vn 0.803207 -0.595700 0.000000
vn 0.803207 -0.595700 0.000000
vn 0.803207 -0.595700 0.000000
vn 0.857730 -0.514100 0.000000
vn 0.857730 -0.514100 0.000000
vn 0.857730 -0.514100 0.000000
vn 0.857730 -0.514100 0.000000
vn 0.903989 -0.427555 0.000000
vn 0.903989 -0.427555 0.000000
vn 0.903989 -0.427555 0.000000
vn 0.903989 -0.427555 0.000000
vn 0.941545 -0.336888 0.000000
vn 0.941545 -0.336888 0.000000
vn 0.941545 -0.336888 0.000000
vn 0.941545 -0.336888 0.000000
vn 0.970031 -0.242980 0.000000
vn 0.970031 -0.242980 0.000000
vn 0.970031 -0.242980 0.000000
vn 0.970031 -0.242980 0.000000
vn 0.989176 -0.146733 0.000000
vn 0.989176 -0.146733 0.000000
vn 0.989176 -0.146733 0.000000
vn 0.989176 -0.146733 0.000000
vn 0.998795 -0.049068 0.000000
vn 0.998795 -0.049068 0.000000
vn 0.998795 -0.049068 0.000000
vn 0.998795 -0.049068 0.000000
f 64//64 1//1 2//2
f 64//64 2//2 3//3
f 64//64 3//3 4//4
f 64//64 4//4 5//5
f 64//64 5//5 6//6
f 64//64 6//6 7//7
f 64//64 7//7 8//8
f 64//64 8//8 9//9
f 64//64 9//9 10//10
f 64//64 10//10 11//11
f 64//64 11//11 12//12
f 64//64 12//12 13//13
f 64//64 13//13 14//14
f 64//64 14//14 15//15
f 64//64 15//15 16//16
f 64//64 16//16 17//17
f 64//64 17//17 18//18
f 64//64 18//18 19//19
f 64//64 19//19 20//20
f 64//64 20//20 21//21
f 64//64 21//21 22//22
f 64//64 22//22 23//23
f 64//64 23//23 24//24
f 64//64 24//24 25//25
f 64//64 25//25 26//26
f 64//64 26//26 27//27
f 64//64 27//27 28//28
f 64//64 28//28 29//29
f 64//64 29//29 30//30
f 64//64 30//30 31//31
f 64//64 31//31 32//32
f 64//64 32//32 33//33
f 64//64 33//33 34//34
f 64//64 34//34 35//35
f 64//64 35//35 36//36
f 64//64 36//36 37//37
f 64//64 37//37 38//38
f 64//64 38//38 39//39
f 64//64 39//39 40//40
f 64//64 40//40 41//41
f 64//64 41//41 42//42
f 64//64 42//42 43//43
f 64//64 43//43 44//44
f 64//64 44//44 45//45
f 64//64 45//45 46//46
f 64//64 46//46 47//47
f 64//64 47//47 48//48
f 64//64 48//48 49//49
f 64//64 49//49 50//50
f 64//64 50//50 51//51
f 64//64 51//51 52//52
f 64//64 52//52 53//53
f 64//64 53//53 54//54
f 64//64 54//54 55//55
f 64//64 55//55 56//56
f 64//64 56//56 57//57
f 64//64 57//57 58//58
f 64//64 58//58 59//59
f 64//64 59//59 60//60
f 64//64 60//60 61//61
f 64//64 61//61 62//62
f 62//62 63//63 64//64
f 66//66 65//65 128//128
f 67//67 66//66 128//128
f 68//68 67//67 128//128
f 69//69 68//68 128//128
f 70//70 69//69 128//128
f 71//71 70//70 128//128
f 72//72 71//71 128//128
f 73//73 72//72 128//128
f 74//74 73//73 128//128
f 75//75 74//74 128//128
f 76//76 75//75 128//128
f 77//77 76//76 128//128
f 78//78 77//77 128//128
f 79//79 78//78 128//128
f 80//80 79//79 128//128
f 81//81 80//80 128//128
f 82//82 81//81 128//128
f 83//83 82//82 128//128
f 84//84 83//83 128//128
f 85//85 84//84 128//128
f 86//86 85//85 128//128
f 87//87 86//86 128//128
f 88//88 87//87 128//128
f 89//89 88//88 128//128
f 90//90 89//89 128//128
f 91//91 90//90 128//128
f 92//92 91//91 128//128
f 93//93 92//92 128//128
f 94//94 93//93 128//128
f 95//95 94//94 128//128
f 96//96 95//95 128//128
f 97//97 96//96 128//128
f 98//98 97//97 128//128
f 99//99 98//98 128//128
f 100//100 99//99 128//128
f 101//101 100//100 128//128
f 102//102 101//101 128//128
f 103//103 102//102 128//128
f 104//104 103//103 128//128
f 105//105 104//104 128//128
f 106//106 105//105 128//128
f 107//107 106//106 128//128
f 108//108 107//107 128//128
f 109//109 108//108 128//128
f 110//110 109//109 128//128
f 111//111 110//110 128//128
f 112//112 111//111 128//128
f 113//113 112//112 128//128
f 114//114 113//113 128//128
f 115//115 114//114 128//128
f 116//116 115//115 128//128
f 117//117 116//116 128//128
f 118//118 117//117 128//128
f 119//119 118//118 128//128
f 120//120 119//119 128//128
f 121//121 120//120 128//128
f 122//122 121//121 128//128
f 123//123 122//122 128//128
f 124//124 123//123 128//128
f 125//125 124//124 128//128
f 126//126 125//125 128//128
f 128//128 127//127 126//126
f 129//129 130//130 131//131
f 129//129 131//131 132//132
f 133//133 134//134 135//135
f 133//133 135//135 136//136
f 137//137 138//138 139//139
f 137//137 139//139 140//140
f 141//141 142//142 143//143
f 141//141 143//143 144//144
f 145//145 146//146 147//147
f 145//145 147//147 148//148
f 149//149 150//150 151//151
f 149//149 151//151 152//152
f 153//153 154//154 155//155
f 153//153 155//155 156//156
f 157//157 158//158 159//159
f 157//157 159//159 160//160
f 161//161 162//162 163//163
f 161//161 163//163 164//164
f 165//165 166//166 167//167
f 165//165 167//167 168//168
f 169//169 170//170 171//171
f 169//169 171//171 172//172
f 173//173 174//174 175//175
f 173//173 175//175 176//176
f 177//177 178//178 179//179
f 177//177 179//179 180//180
f 181//181 182//182 183//183
f 181//181 183//183 184//184
f 185//185 186//186 187//187
f 185//185 187//187 188//188
f 189//189 190//190 191//191
f 189//189 191//191 192//192
f 193//193 194//194 195//195
f 193//193 195//195 196//196
f 197//197 198//198 199//199
f 197//197 199//199 200//200
f 201//201 202//202 203//203
f 201//201 203//203 204//204
f 205//205 206//206 207//207
f 205//205 207//207 208//208
f 209//209 210//210 211//211
f 209//209 211//211 212//212
f 213//213 214//214 215//215
f 213//213 215//215 216//216
f 217//217 218//218 219//219
f 217//217 219//219 220//220
f 221//221 222//222 223//223
f 221//221 223//223 224//224
f 225//225 226//226 227//227
f 225//225 227//227 228//228
f 229//229 230//230 231//231
f 229//229 231//231 232//232
f 233//233 234//234 235//235
f 233//233 235//235 236//236
f 237//237 238//238 239//239
f 237//237 239//239 240//240
f 241//241 242//242 243//243
f 241//241 243//243 244//244
f 245//245 246//246 247//247
f 245//245 247//247 248//248
f 249//249 250//250 251//251
f 249//249 251//251 252//252
f 253//253 254//254 255//255
f 253//253 255//255 256//256
f 257//257 258//258 259//259
f 257//257 259//259 260//260
f 261//261 262//262 263//263
f 261//261 263//263 264//264
f 265//265 266//266 267//267
f 265//265 267//267 268//268
f 269//269 270//270 271//271
f 269//269 271//271 272//272
f 273//273 274//274 275//275
f 273//273 275//275 276//276
f 277//277 278//278 279//279
f 277//277 279//279 280//280
f 281//281 282//282 283//283
f 281//281 283//283 284//284
f 285//285 286//286 287//287
f 285//285 287//287 288//288
f 289//289 290//290 291//291
f 289//289 291//291 292//292
f 293//293 294//294 295//295
f 293//293 295//295 296//296
f 297//297 298//298 299//299
f 297//297 299//299 300//300
f 301//301 302//302 303//303
f 301//301 303//303 304//304
f 305//305 306//306 307//307
f 305//305 307//307 308//308
f 309//309 310//310 311//311
f 309//309 311//311 312//312
f 313//313 314//314 315//315
f 313//313 315//315 316//316
f 317//317 318//318 319//319
f 317//317 319//319 320//320
f 321//321 322//322 323//323
f 321//321 323//323 324//324
f 325//325 326//326 327//327
f 325//325 327//327 328//328
f 329//329 330//330 331//331
f 329//329 331//331 332//332
f 333//333 334//334 335//335
f 333//333 335//335 336//336
f 337//337 338//338 339//339
f 337//337 339//339 340//340
f 341//341 342//342 343//343
f 341//341 343//343 344//344
f 345//345 346//346 347//347
f 345//345 347//347 348//348
f 349//349 350//350 351//351
f 349//349 351//351 352//352
f 353//353 354//354 355//355
f 353//353 355//355 356//356
f 357//357 358//358 359//359
f 357//357 359//359 360//360
f 361//361 362//362 363//363
f 361//361 363//363 364//364
f 365//365 366//366 367//367
f 365//365 367//367 368//368
f 369//369 370//370 371//371
f 369//369 371//371 372//372
f 373//373 374//374 375//375
f 373//373 375//375 376//376
f 377//377 378//378 379//379
f 377//377 379//379 380//380
f 381//381 382//382 383//383
f 381//381 383//383 384//384
f 448//448 385//385 386//386
f 448//448 386//386 387//387
f 448//448 387//387 388//388
f 448//448 388//388 389//389
f 448//448 389//389 390//390
f 448//448 390//390 391//391
f 448//448 391//391 392//392
f 448//448 392//392 393//393
f 448//448 393//393 394//394
f 448//448 394//394 395//395
f 448//448 395//395 396//396
f 448//448 396//396 397//397
f 448//448 397//397 398//398
f 448//448 398//398 399//399
f 448//448 399//399 400//400
f 448//448 400//400 401//401
f 448//448 401//401 402//402
f 448//448 402//402 403//403
f 448//448 403//403 404//404
f 448//448 404//404 405//405
f 448//448 405//405 406//406
f 448//448 406//406 407//407
f 448//448 407//407 408//408
f 448//448 408//408 409//409
f 448//448 409//409 410//410
f 448//448 410//410 411//411
f 448//448 411//411 412//412
f 448//448 412//412 413//413
f 448//448 413//413 414//414
f 448//448 414//414 415//415
f 448//448 415//415 416//416
f 448//448 416//416 417//417
f 448//448 417//417 418//418
f 448//448 418//418 419//419
f 448//448 419//419 420//420
f 448//448 420//420 421//421
f 448//448 421//421 422//422
f 448//448 422//422 423//423
f 448//448 423//423 424//424
f 448//448 424//424 425//425
f 448//448 425//425 426//426
f 448//448 426//426 427//427
f 448//448 427//427 428//428
f 448//448 428//428 429//429
f 448//448 429//429 430//430
f 448//448 430//430 431//431
f 448//448 431//431 432//432
f 448//448 432//432 433//433
f 448//448 433//433 434//434
f 448//448 434//434 435//435
f 448//448 435//435 436//436
f 448//448 436//436 437//437
f 448//448 437//437 438//438
f 448//448 438//438 439//439
f 448//448 439//439 440//440
f 448//448 440//440 441//441
f 448//448 441//441 442//442
f 448//448 442//442 443//443
f 448//448 443//443 444//444
f 448//448 444//444 445//445
f 448//448 445//445 446//446
f 446//446 447//447 448//448
f 450//450 449//449 512//512
f 451//451 450//450 512//512
f 452//452 451//451 512//512
f 453//453 452//452 512//512
f 454//454 453//453 512//512
f 455//455 454//454 512//512
f 456//456 455//455 512//512
f 457//457 456//456 512//512
f 458//458 457//457 512//512
f 459//459 458//458 512//512
f 460//460 459//459 512//512
f 461//461 460//460 512//512
f 462//462 461//461 512//512
f 463//463 462//462 512//512
f 464//464 463//463 512//512
f 465//465 464//464 512//512
f 466//466 465//465 512//512
f 467//467 466//466 512//512
f 468//468 467//467 512//512
f 469//469 468//468 512//512
f 470//470 469//469 512//512
f 471//471 470//470 512//512
f 472//472 471//471 512//512
f 473//473 472//472 512//512
f 474//474 473//473 512//512
f 475//475 474//474 512//512
f 476//476 475//475 512//512
f 477//477 476//476 512//512
f 478//478 477//477 512//512
f 479//479 478//478 512//512
f 480//480 479//479 512//512
f 481//481 480//480 512//512
f 482//482 481//481 512//512
f 483//483 482//482 512//512
f 484//484 483//483 512//512
f 485//485 484//484 512//512
f 486//486 485//485 512//512
f 487//487 486//486 512//512
f 488//488 487//487 512//512
f 489//489 488//488 512//512
f 490//490 489//489 512//512
f 491//491 490//490 512//512
f 492//492 491//491 512//512
f 493//493 492//492 512//512
f 494//494 493//493 512//512
f 495//495 494//494 512//512
f 496//496 495//495 512//512
f 497//497 496//496 512//512
f 498//498 497//497 512//512
f 499//499 498//498 512//512
f 500//500 499//499 512//512
f 501//501 500//500 512//512
f 502//502 501//501 512//512
f 503//503 502//502 512//512
f 504//504 503//503 512//512
f 505//505 504//504 512//512
f 506//506 505//505 512//512
f 507//507 506//506 512//512
f 508//508 507//507 512//512
f 509//509 508//508 512//512
f 510//510 509//509 512//512
f 512//512 511//511 510//510
f 513//513 514//514 515//515
f 513//513 515//515 516//516
f 517//517 518//518 519//519
f 517//517 519//519 520//520
f 521//521 522//522 523//523
f 521//521 523//523 524//524
f 525//525 526//526 527//527
f 525//525 527//527 528//528
f 529//529 530//530 531//531
f 529//529 531//531 532//532
f 533//533 534//534 535//535
f 533//533 535//535 536//536
f 537//537 538//538 539//539
f 537//537 539//539 540//540
f 541//541 542//542 543//543
f 541//541 543//543 544//544
f 545//545 546//546 547//547
f 545//545 547//547 548//548
f 549//549 550//550 551//551
f 549//549 551//551 552//552
f 553//553 554//554 555//555
f 553//553 555//555 556//556
f 557//557 558//558 559//559
f 557//557 559//559 560//560
f 561//561 562//562 563//563
f 561//561 563//563 564//564
f 565//565 566//566 567//567
f 565//565 567//567 568//568
f 569//569 570//570 571//571
f 569//569 571//571 572//572
f 573//573 574//574 575//575
f 573//573 575//575 576//576
f 577//577 578//578 579//579
f 577//577 579//579 580//580
f 581//581 582//582 583//583
f 581//581 583//583 584//584
f 585//585 586//586 587//587
f 585//585 587//587 588//588
f 589//589 590//590 591//591
f 589//589 591//591 592//592
f 593//593 594//594 595//595
f 593//593 595//595 596//596
f 597//597 598//598 599//599
f 597//597 599//599 600//600
f 601//601 602//602 603//603
f 601//601 603//603 604//604
f 605//605 606//606 607//607
f 605//605 607//607 608//608
f 609//609 610//610 611//611
f 609//609 611//611 612//612
f 613//613 614//614 615//615
f 613//613 615//615 616//616
f 617//617 618//618 619//619
f 617//617 619//619 620//620
f 621//621 622//622 623//623
f 621//621 623//623 624//624
f 625//625 626//626 627//627
f 625//625 627//627 628//628
f 629//629 630//630 631//631
f 629//629 631//631 632//632
f 633//633 634//634 635//635
f 633//633 635//635 636//636
f 637//637 638//638 639//639
f 637//637 639//639 640//640
f 641//641 642//642 643//643
f 641//641 643//643 644//644
f 645//645 646//646 647//647
f 645//645 647//647 648//648
f 649//649 650//650 651//651
f 649//649 651//651 652//652
f 653//653 654//654 655//655
f 653//653 655//655 656//656
f 657//657 658//658 659//659
f 657//657 659//659 660//660
f 661//661 662//662 663//663
f 661//661 663//663 664//664
f 665//665 666//666 667//667
f 665//665 667//667 668//668
f 669//669 670//670 671//671
f 669//669 671//671 672//672
f 673//673 674//674 675//675
f 673//673 675//675 676//676
f 677//677 678//678 679//679
f 677//677 679//679 680//680
f 681//681 682//682 683//683
f 681//681 683//683 684//684
f 685//685 686//686 687//687
f 685//685 687//687 688//688
f 689//689 690//690 691//691
f 689//689 691//691 692//692
f 693//693 694//694 695//695
f 693//693 695//695 696//696
f 697//697 698//698 699//699
f 697//697 699//699 700//700
f 701//701 702//702 703//703
f 701//701 703//703 704//704
f 705//705 706//706 707//707
f 705//705 707//707 708//708
f 709//709 710//710 711//711
f 709//709 711//711 712//712
f 713//713 714//714 715//715
f 713//713 715//715 716//716
f 717//717 718//718 719//719
f 717//717 719//719 720//720
f 721//721 722//722 723//723
f 721//721 723//723 724//724
f 725//725 726//726 727//727
f 725//725 727//727 728//728
f 729//729 730//730 731//731
f 729//729 731//731 732//732
f 733//733 734//734 735//735
f 733//733 735//735 736//736
f 737//737 738//738 739//739
f 737//737 739//739 740//740
f 741//741 742//742 743//743
f 741//741 743//743 744//744
f 745//745 746//746 747//747
f 745//745 747//747 748//748
f 749//749 750//750 751//751
f 749//749 751//751 752//752
f 753//753 754//754 755//755
f 753//753 755//755 756//756
f 757//757 758//758 759//759
f 757//757 759//759 760//760
f 761//761 762//762 763//763
f 761//761 763//763 764//764
f 765//765 766//766 767//767
f 765//765 767//767 768//768
f 820//820 769//769 770//770
f 820//820 770//770 771//771
f 820//820 771//771 772//772
f 820//820 772//772 773//773
f 820//820 773//773 774//774
f 820//820 774//774 775//775
f 820//820 775//775 776//776
f 820//820 776//776 777//777
f 820//820 777//777 778//778
f 820//820 778//778 779//779
f 820//820 779//779 780//780
f 820//820 780//780 781//781
f 820//820 781//781 782//782
f 820//820 782//782 783//783
f 820//820 783//783 784//784
f 820//820 784//784 785//785
f 820//820 785//785 786//786
f 820//820 786//786 787//787
f 820//820 787//787 788//788
f 820//820 788//788 789//789
f 820//820 789//789 790//790
f 820//820 790//790 791//791
f 820//820 791//791 792//792
f 820//820 792//792 793//793
f 820//820 793//793 794//794
f 820//820 794//794 795//795
f 820//820 795//795 796//796
f 820//820 796//796 797//797
f 820//820 797//797 798//798
f 820//820 798//798 799//799
f 820//820 799//799 800//800
f 820//820 800//800 801//801
f 820//820 801//801 802//802
f 820//820 802//802 803//803
f 820//820 803//803 804//804
f 820//820 804//804 805//805
f 820//820 805//805 806//806
f 820//820 806//806 807//807
f 820//820 807//807 808//808
f 820//820 808//808 809//809
f 820//820 809//809 810//810
f 820//820 810//810 811//811
f 820//820 811//811 812//812
f 820//820 812//812 813//813
f 820//820 813//813 814//814
f 820//820 814//814 815//815
f 820//820 815//815 816//816
f 820//820 816//816 817//817
f 820//820 817//817 818//818
f 818//818 819//819 820//820
f 822//822 821//821 872//872
f 823//823 822//822 872//872
f 824//824 823//823 872//872
f 825//825 824//824 872//872
f 826//826 825//825 872//872
f 827//827 826//826 872//872
f 828//828 827//827 872//872
f 829//829 828//828 872//872
f 830//830 829//829 872//872
f 831//831 830//830 872//872
f 832//832 831//831 872//872
f 833//833 832//832 872//872
f 834//834 833//833 872//872
f 835//835 834//834 872//872
f 836//836 835//835 872//872
f 837//837 836//836 872//872
f 838//838 837//837 872//872
f 839//839 838//838 872//872
f 840//840 839//839 872//872
f 841//841 840//840 872//872
f 842//842 841//841 872//872
f 843//843 842//842 872//872
f 844//844 843//843 872//872
f 845//845 844//844 872//872
f 846//846 845//845 872//872
f 847//847 846//846 872//872
f 848//848 847//847 872//872
f 849//849 848//848 872//872
f 850//850 849//849 872//872
f 851//851 850//850 872//872
f 852//852 851//851 872//872
f 853//853 852//852 872//872
f 854//854 853//853 872//872
f 855//855 854//854 872//872
f 856//856 855//855 872//872
f 857//857 856//856 872//872
f 858//858 857//857 872//872
f 859//859 858//858 872//872
f 860//860 859//859 872//872
f 861//861 860//860 872//872
f 862//862 861//861 872//872
f 863//863 862//862 872//872
f 864//864 863//863 872//872
f 865//865 864//864 872//872
f 866//866 865//865 872//872
f 867//867 866//866 872//872
f 868//868 867//867 872//872
f 869//869 868//868 872//872
f 870//870 869//869 872//872
f 872//872 871//871 870//870
f 873//873 874//874 875//875
f 873//873 875//875 876//876
f 877//877 878//878 879//879
f 877//877 879//879 880//880
f 881//881 882//882 883//883
f 881//881 883//883 884//884
f 885//885 886//886 887//887
f 885//885 887//887 888//888
f 889//889 890//890 891//891
f 889//889 891//891 892//892
f 893//893 894//894 895//895
f 893//893 895//895 896//896
f 897//897 898//898 899//899
f 897//897 899//899 900//900
f 901//901 902//902 903//903
f 901//901 903//903 904//904
f 905//905 906//906 907//907
f 905//905 907//907 908//908
f 909//909 910//910 911//911
f 909//909 911//911 912//912
f 913//913 914//914 915//915
f 913//913 915//915 916//916
f 917//917 918//918 919//919
f 917//917 919//919 920//920
f 921//921 922//922 923//923
f 921//921 923//923 924//924
f 925//925 926//926 927//927
f 925//925 927//927 928//928
f 929//929 930//930 931//931
f 929//929 931//931 932//932
f 933//933 934//934 935//935
f 933//933 935//935 936//936
f 937//937 938//938 939//939
f 937//937 939//939 940//940
f 941//941 942//942 943//943
f 941//941 943//943 944//944
f 945//945 946//946 947//947
f 945//945 947//947 948//948
f 949//949 950//950 951//951
f 949//949 951//951 952//952
f 953//953 954//954 955//955
f 953//953 955//955 956//956
f 957//957 958//958 959//959
f 957//957 959//959 960//960
f 961//961 962//962 963//963
f 961//961 963//963 964//964
f 965//965 966//966 967//967
f 965//965 967//967 968//968
f 969//969 970//970 971//971
f 969//969 971//971 972//972
f 973//973 974//974 975//975
f 973//973 975//975 976//976
f 977//977 978//978 979//979
f 977//977 979//979 980//980
f 981//981 982//982 983//983
f 981//981 983//983 984//984
f 985//985 986//986 987//987
f 985//985 987//987 988//988
f 989//989 990//990 991//991
f 989//989 991//991 992//992
f 993//993 994//994 995//995
f 993//993 995//995 996//996
f 997//997 998//998 999//999
f 997//997 999//999 1000//1000
f 1001//1001 1002//1002 1003//1003
f 1001//1001 1003//1003 1004//1004
f 1005//1005 1006//1006 1007//1007
f 1005//1005 1007//1007 1008//1008
f 1009//1009 1010//1010 1011//1011
f 1009//1009 1011//1011 1012//1012
f 1013//1013 1014//1014 1015//1015
f 1013//1013 1015//1015 1016//1016
f 1017//1017 1018//1018 1019//1019
f 1017//1017 1019//1019 1020//1020
f 1021//1021 1022//1022 1023//1023
f 1021//1021 1023//1023 1024//1024
f 1025//1025 1026//1026 1027//1027
f 1025//1025 1027//1027 1028//1028
f 1029//1029 1030//1030 1031//1031
f 1029//1029 1031//1031 1032//1032
f 1033//1033 1034//1034 1035//1035
f 1033//1033 1035//1035 1036//1036
f 1037//1037 1038//1038 1039//1039
f 1037//1037 1039//1039 1040//1040
f 1041//1041 1042//1042 1043//1043
f 1041//1041 1043//1043 1044//1044
f 1045//1045 1046//1046 1047//1047
f 1045//1045 1047//1047 1048//1048
f 1049//1049 1050//1050 1051//1051
f 1049//1049 1051//1051 1052//1052
f 1053//1053 1054//1054 1055//1055
f 1053//1053 1055//1055 1056//1056
f 1057//1057 1058//1058 1059//1059
f 1057//1057 1059//1059 1060//1060
f 1061//1061 1062//1062 1063//1063
f 1061//1061 1063//1063 1064//1064
f 1065//1065 1066//1066 1067//1067
f 1065//1065 1067//1067 1068//1068
f 1069//1069 1070//1070 1071//1071
f 1069//1069 1071//1071 1072//1072
f 1073//1073 1074//1074 1075//1075
f 1073//1073 1075//1075 1076//1076
f 1077//1077 1078//1078 1079//1079
f 1077//1077 1079//1079 1080//1080
f 1132//1132 1081//1081 1082//1082
f 1132//1132 1082//1082 1083//1083
f 1132//1132 1083//1083 1084//1084
f 1132//1132 1084//1084 1085//1085
f 1132//1132 1085//1085 1086//1086
f 1132//1132 1086//1086 1087//1087
f 1132//1132 1087//1087 1088//1088
f 1132//1132 1088//1088 1089//1089
f 1132//1132 1089//1089 1090//1090
f 1132//1132 1090//1090 1091//1091
f 1132//1132 1091//1091 1092//1092
f 1132//1132 1092//1092 1093//1093
f 1132//1132 1093//1093 1094//1094
f 1132//1132 1094//1094 1095//1095
f 1132//1132 1095//1095 1096//1096
f 1132//1132 1096//1096 1097//1097
f 1132//1132 1097//1097 1098//1098
f 1132//1132 1098//1098 1099//1099
f 1132//1132 1099//1099 1100//1100
f 1132//1132 1100//1100 1101//1101
f 1132//1132 1101//1101 1102//1102
f 1132//1132 1102//1102 1103//1103
f 1132//1132 1103//1103 1104//1104
f 1132//1132 1104//1104 1105//1105
f 1132//1132 1105//1105 1106//1106
f 1132//1132 1106//1106 1107//1107
f 1132//1132 1107//1107 1108//1108
f 1132//1132 1108//1108 1109//1109
f 1132//1132 1109//1109 1110//1110
f 1132//1132 1110//1110 1111//1111
f 1132//1132 1111//1111 1112//1112
f 1132//1132 1112//1112 1113//1113
f 1132//1132 1113//1113 1114//1114
f 1132//1132 1114//1114 1115//1115
f 1132//1132 1115//1115 1116//1116
f 1132//1132 1116//1116 1117//1117
f 1132//1132 1117//1117 1118//1118
f 1132//1132 1118//1118 1119//1119
f 1132//1132 1119//1119 1120//1120
f 1132//1132 1120//1120 1121//1121
f 1132//1132 1121//1121 1122//1122
f 1132//1132 1122//1122 1123//1123
f 1132//1132 1123//1123 1124//1124
f 1132//1132 1124//1124 1125//1125
f 1132//1132 1125//1125 1126//1126
f 1132//1132 1126//1126 1127//1127
f 1132//1132 1127//1127 1128//1128
f 1132//1132 1128//1128 1129//1129
f 1132//1132 1129//1129 1130//1130
f 1130//1130 1131//1131 1132//1132
f 1134//1134 1133//1133 1184//1184
f 1135//1135 1134//1134 1184//1184
f 1136//1136 1135//1135 1184//1184
f 1137//1137 1136//1136 1184//1184
f 1138//1138 1137//1137 1184//1184
f 1139//1139 1138//1138 1184//1184
f 1140//1140 1139//1139 1184//1184
f 1141//1141 1140//1140 1184//1184
f 1142//1142 1141//1141 1184//1184
f 1143//1143 1142//1142 1184//1184
f 1144//1144 1143//1143 1184//1184
f 1145//1145 1144//1144 1184//1184
f 1146//1146 1145//1145 1184//1184
f 1147//1147 1146//1146 1184//1184
f 1148//1148 1147//1147 1184//1184
f 1149//1149 1148//1148 1184//1184
f 1150//1150 1149//1149 1184//1184
f 1151//1151 1150//1150 1184//1184
f 1152//1152 1151//1151 1184//1184
f 1153//1153 1152//1152 1184//1184
f 1154//1154 1153//1153 1184//1184
f 1155//1155 1154//1154 1184//1184
f 1156//1156 1155//1155 1184//1184
f 1157//1157 1156//1156 1184//1184
f 1158//1158 1157//1157 1184//1184
f 1159//1159 1158//1158 1184//1184
f 1160//1160 1159//1159 1184//1184
f 1161//1161 1160//1160 1184//1184
f 1162//1162 1161//1161 1184//1184
f 1163//1163 1162//1162 1184//1184
f 1164//1164 1163//1163 1184//1184
f 1165//1165 1164//1164 1184//1184
f 1166//1166 1165//1165 1184//1184
f 1167//1167 1166//1166 1184//1184
f 1168//1168 1167//1167 1184//1184
f 1169//1169 1168//1168 1184//1184
f 1170//1170 1169//1169 1184//1184
f 1171//1171 1170//1170 1184//1184
f 1172//1172 1171//1171 1184//1184
f 1173//1173 1172//1172 1184//1184
f 1174//1174 1173//1173 1184//1184
f 1175//1175 1174//1174 1184//1184
f 1176//1176 1175//1175 1184//1184
f 1177//1177 1176//1176 1184//1184
f 1178//1178 1177//1177 1184//1184
f 1179//1179 1178//1178 1184//1184
f 1180//1180 1179//1179 1184//1184
f 1181//1181 1180//1180 1184//1184
f 1182//1182 1181//1181 1184//1184
f 1184//1184 1183//1183 1182//1182
f 1185//1185 1186//1186 1187//1187
f 1185//1185 1187//1187 1188//1188
f 1189//1189 1190//1190 1191//1191
f 1189//1189 1191//1191 1192//1192
f 1193//1193 1194//1194 1195//1195
f 1193//1193 1195//1195 1196//1196
f 1197//1197 1198//1198 1199//1199
f 1197//1197 1199//1199 1200//1200
f 1201//1201 1202//1202 1203//1203
f 1201//1201 1203//1203 1204//1204
f 1205//1205 1206//1206 1207//1207
f 1205//1205 1207//1207 1208//1208
f 1209//1209 1210//1210 1211//1211
f 1209//1209 1211//1211 1212//1212
f 1213//1213 1214//1214 1215//1215
f 1213//1213 1215//1215 1216//1216
f 1217//1217 1218//1218 1219//1219
f 1217//1217 1219//1219 1220//1220
f 1221//1221 1222//1222 1223//1223
f 1221//1221 1223//1223 1224//1224
f 1225//1225 1226//1226 1227//1227
f 1225//1225 1227//1227 1228//1228
f 1229//1229 1230//1230 1231//1231
f 1229//1229 1231//1231 1232//1232
f 1233//1233 1234//1234 1235//1235
f 1233//1233 1235//1235 1236//1236
f 1237//1237 1238//1238 1239//1239
f 1237//1237 1239//1239 1240//1240
f 1241//1241 1242//1242 1243//1243
f 1241//1241 1243//1243 1244//1244
f 1245//1245 1246//1246 1247//1247
f 1245//1245 1247//1247 1248//1248
f 1249//1249 1250//1250 1251//1251
f 1249//1249 1251//1251 1252//1252
f 1253//1253 1254//1254 1255//1255
f 1253//1253 1255//1255 1256//1256
f 1257//1257 1258//1258 1259//1259
f 1257//1257 1259//1259 1260//1260
f 1261//1261 1262//1262 1263//1263
f 1261//1261 1263//1263 1264//1264
f 1265//1265 1266//1266 1267//1267
f 1265//1265 1267//1267 1268//1268
f 1269//1269 1270//1270 1271//1271
f 1269//1269 1271//1271 1272//1272
f 1273//1273 1274//1274 1275//1275
f 1273//1273 1275//1275 1276//1276
f 1277//1277 1278//1278 1279//1279
f 1277//1277 1279//1279 1280//1280
f 1281//1281 1282//1282 1283//1283
f 1281//1281 1283//1283 1284//1284
f 1285//1285 1286//1286 1287//1287
f 1285//1285 1287//1287 1288//1288
f 1289//1289 1290//1290 1291//1291
f 1289//1289 1291//1291 1292//1292
f 1293//1293 1294//1294 1295//1295
f 1293//1293 1295//1295 1296//1296
f 1297//1297 1298//1298 1299//1299
f 1297//1297 1299//1299 1300//1300
f 1301//1301 1302//1302 1303//1303
f 1301//1301 1303//1303 1304//1304
f 1305//1305 1306//1306 1307//1307
f 1305//1305 1307//1307 1308//1308
f 1309//1309 1310//1310 1311//1311
f 1309//1309 1311//1311 1312//1312
f 1313//1313 1314//1314 1315//1315
f 1313//1313 1315//1315 1316//1316
f 1317//1317 1318//1318 1319//1319
f 1317//1317 1319//1319 1320//1320
f 1321//1321 1322//1322 1323//1323
f 1321//1321 1323//1323 1324//1324
f 1325//1325 1326//1326 1327//1327
f 1325//1325 1327//1327 1328//1328
f 1329//1329 1330//1330 1331//1331
f 1329//1329 1331//1331 1332//1332
f 1333//1333 1334//1334 1335//1335
f 1333//1333 1335//1335 1336//1336
f 1337//1337 1338//1338 1339//1339
f 1337//1337 1339//1339 1340//1340
f 1341//1341 1342//1342 1343//1343
f 1341//1341 1343//1343 1344//1344
f 1345//1345 1346//1346 1347//1347
f 1345//1345 1347//1347 1348//1348
f 1349//1349 1350//1350 1351//1351
f 1349//1349 1351//1351 1352//1352
f 1353//1353 1354//1354 1355//1355
f 1353//1353 1355//1355 1356//1356
f 1357//1357 1358//1358 1359//1359
f 1357//1357 1359//1359 1360//1360
f 1361//1361 1362//1362 1363//1363
f 1361//1361 1363//1363 1364//1364
f 1365//1365 1366//1366 1367//1367
f 1365//1365 1367//1367 1368//1368
f 1369//1369 1370//1370 1371//1371
f 1369//1369 1371//1371 1372//1372
f 1373//1373 1374//1374 1375//1375
f 1373//1373 1375//1375 1376//1376
f 1377//1377 1378//1378 1379//1379
f 1377//1377 1379//1379 1380//1380
f 1381//1381 1382//1382 1383//1383
f 1381//1381 1383//1383 1384//1384
f 1385//1385 1386//1386 1387//1387
f 1385//1385 1387//1387 1388//1388
f 1389//1389 1390//1390 1391//1391
f 1389//1389 1391//1391 1392//1392
f 1456//1456 1393//1393 1394//1394
f 1456//1456 1394//1394 1395//1395
f 1456//1456 1395//1395 1396//1396
f 1456//1456 1396//1396 1397//1397
f 1456//1456 1397//1397 1398//1398
f 1456//1456 1398//1398 1399//1399
f 1456//1456 1399//1399 1400//1400
f 1456//1456 1400//1400 1401//1401
f 1456//1456 1401//1401 1402//1402
f 1456//1456 1402//1402 1403//1403
f 1456//1456 1403//1403 1404//1404
f 1456//1456 1404//1404 1405//1405
f 1456//1456 1405//1405 1406//1406
f 1456//1456 1406//1406 1407//1407
f 1456//1456 1407//1407 1408//1408
f 1456//1456 1408//1408 1409//1409
f 1456//1456 1409//1409 1410//1410
f 1456//1456 1410//1410 1411//1411
f 1456//1456 1411//1411 1412//1412
f 1456//1456 1412//1412 1413//1413
f 1456//1456 1413//1413 1414//1414
f 1456//1456 1414//1414 1415//1415
f 1456//1456 1415//1415 1416//1416
f 1456//1456 1416//1416 1417//1417
f 1456//1456 1417//1417 1418//1418
f 1456//1456 1418//1418 1419//1419
f 1456//1456 1419//1419 1420//1420
f 1456//1456 1420//1420 1421//1421
f 1456//1456 1421//1421 1422//1422
f 1456//1456 1422//1422 1423//1423
f 1456//1456 1423//1423 1424//1424
f 1456//1456 1424//1424 1425//1425
f 1456//1456 1425//1425 1426//1426
f 1456//1456 1426//1426 1427//1427
f 1456//1456 1427//1427 1428//1428
f 1456//1456 1428//1428 1429//1429
f 1456//1456 1429//1429 1430//1430
f 1456//1456 1430//1430 1431//1431
f 1456//1456 1431//1431 1432//1432
f 1456//1456 1432//1432 1433//1433
f 1456//1456 1433//1433 1434//1434
f 1456//1456 1434//1434 1435//1435
f 1456//1456 1435//1435 1436//1436
f 1456//1456 1436//1436 1437//1437
f 1456//1456 1437//1437 1438//1438
f 1456//1456 1438//1438 1439//1439
f 1456//1456 1439//1439 1440//1440
f 1456//1456 1440//1440 1441//1441
f 1456//1456 1441//1441 1442//1442
f 1456//1456 1442//1442 1443//1443
f 1456//1456 1443//1443 1444//1444
f 1456//1456 1444//1444 1445//1445
f 1456//1456 1445//1445 1446//1446
f 1456//1456 1446//1446 1447//1447
f 1456//1456 1447//1447 1448//1448
f 1456//1456 1448//1448 1449//1449
f 1456//1456 1449//1449 1450//1450
f 1456//1456 1450//1450 1451//1451
f 1456//1456 1451//1451 1452//1452
f 1456//1456 1452//1452 1453//1453
f 1456//1456 1453//1453 1454//1454
f 1454//1454 1455//1455 1456//1456
f 1458//1458 1457//1457 1520//1520
f 1459//1459 1458//1458 1520//1520
f 1460//1460 1459//1459 1520//1520
f 1461//1461 1460//1460 1520//1520
f 1462//1462 1461//1461 1520//1520
f 1463//1463 1462//1462 1520//1520
f 1464//1464 1463//1463 1520//1520
f 1465//1465 1464//1464 1520//1520
f 1466//1466 1465//1465 1520//1520
f 1467//1467 1466//1466 1520//1520
f 1468//1468 1467//1467 1520//1520
f 1469//1469 1468//1468 1520//1520
f 1470//1470 1469//1469 1520//1520
f 1471//1471 1470//1470 1520//1520
f 1472//1472 1471//1471 1520//1520
f 1473//1473 1472//1472 1520//1520
f 1474//1474 1473//1473 1520//1520
f 1475//1475 1474//1474 1520//1520
f 1476//1476 1475//1475 1520//1520
f 1477//1477 1476//1476 1520//1520
f 1478//1478 1477//1477 1520//1520
f 1479//1479 1478//1478 1520//1520
f 1480//1480 1479//1479 1520//1520
f 1481//1481 1480//1480 1520//1520
f 1482//1482 1481//1481 1520//1520
f 1483//1483 1482//1482 1520//1520
f 1484//1484 1483//1483 1520//1520
f 1485//1485 1484//1484 1520//1520
f 1486//1486 1485//1485 1520//1520
f 1487//1487 1486//1486 1520//1520
f 1488//1488 1487//1487 1520//1520
f 1489//1489 1488//1488 1520//1520
f 1490//1490 1489//1489 1520//1520
f 1491//1491 1490//1490 1520//1520
f 1492//1492 1491//1491 1520//1520
f 1493//1493 1492//1492 1520//1520
f 1494//1494 1493//1493 1520//1520
f 1495//1495 1494//1494 1520//1520
f 1496//1496 1495//1495 1520//1520
f 1497//1497 1496//1496 1520//1520
f 1498//1498 1497//1497 1520//1520
f 1499//1499 1498//1498 1520//1520
f 1500//1500 1499//1499 1520//1520
f 1501//1501 1500//1500 1520//1520
f 1502//1502 1501//1501 1520//1520
f 1503//1503 1502//1502 1520//1520
f 1504//1504 1503//1503 1520//1520
f 1505//1505 1504//1504 1520//1520
f 1506//1506 1505//1505 1520//1520
f 1507//1507 1506//1506 1520//1520
f 1508//1508 1507//1507 1520//1520
f 1509//1509 1508//1508 1520//1520
f 1510//1510 1509//1509 1520//1520
f 1511//1511 1510//1510 1520//1520
f 1512//1512 1511//1511 1520//1520
f 1513//1513 1512//1512 1520//1520
f 1514//1514 1513//1513 1520//1520
f 1515//1515 1514//1514 1520//1520
f 1516//1516 1515//1515 1520//1520
f 1517//1517 1516//1516 1520//1520
f 1518//1518 1517//1517 1520//1520
f 1520//1520 1519//1519 1518//1518
f 1521//1521 1522//1522 1523//1523
f 1521//1521 1523//1523 1524//1524
f 1525//1525 1526//1526 1527//1527
f 1525//1525 1527//1527 1528//1528
f 1529//1529 1530//1530 1531//1531
f 1529//1529 1531//1531 1532//1532
f 1533//1533 1534//1534 1535//1535
f 1533//1533 1535//1535 1536//1536
f 1537//1537 1538//1538 1539//1539
f 1537//1537 1539//1539 1540//1540
f 1541//1541 1542//1542 1543//1543
f 1541//1541 1543//1543 1544//1544
f 1545//1545 1546//1546 1547//1547
f 1545//1545 1547//1547 1548//1548
f 1549//1549 1550//1550 1551//1551
f 1549//1549 1551//1551 1552//1552
f 1553//1553 1554//1554 1555//1555
f 1553//1553 1555//1555 1556//1556
f 1557//1557 1558//1558 1559//1559
f 1557//1557 1559//1559 1560//1560
f 1561//1561 1562//1562 1563//1563
f 1561//1561 1563//1563 1564//1564
f 1565//1565 1566//1566 1567//1567
f 1565//1565 1567//1567 1568//1568
f 1569//1569 1570//1570 1571//1571
f 1569//1569 1571//1571 1572//1572
f 1573//1573 1574//1574 1575//1575
f 1573//1573 1575//1575 1576//1576
f 1577//1577 1578//1578 1579//1579
f 1577//1577 1579//1579 1580//1580
f 1581//1581 1582//1582 1583//1583
f 1581//1581 1583//1583 1584//1584
f 1585//1585 1586//1586 1587//1587
f 1585//1585 1587//1587 1588//1588
f 1589//1589 1590//1590 1591//1591
f 1589//1589 1591//1591 1592//1592
f 1593//1593 1594//1594 1595//1595
f 1593//1593 1595//1595 1596//1596
f 1597//1597 1598//1598 1599//1599
f 1597//1597 1599//1599 1600//1600
f 1601//1601 1602//1602 1603//1603
f 1601//1601 1603//1603 1604//1604
f 1605//1605 1606//1606 1607//1607
f 1605//1605 1607//1607 1608//1608
f 1609//1609 1610//1610 1611//1611
f 1609//1609 1611//1611 1612//1612
f 1613//1613 1614//1614 1615//1615
f 1613//1613 1615//1615 1616//1616
f 1617//1617 1618//1618 1619//1619
f 1617//1617 1619//1619 1620//1620
f 1621//1621 1622//1622 1623//1623
f 1621//1621 1623//1623 1624//1624
f 1625//1625 1626//1626 1627//1627
f 1625//1625 1627//1627 1628//1628
f 1629//1629 1630//1630 1631//1631
f 1629//1629 1631//1631 1632//1632
f 1633//1633 1634//1634 1635//1635
f 1633//1633 1635//1635 1636//1636
f 1637//1637 1638//1638 1639//1639
f 1637//1637 1639//1639 1640//1640
f 1641//1641 1642//1642 1643//1643
f 1641//1641 1643//1643 1644//1644
f 1645//1645 1646//1646 1647//1647
f 1645//1645 1647//1647 1648//1648
f 1649//1649 1650//1650 1651//1651
f 1649//1649 1651//1651 1652//1652
f 1653//1653 1654//1654 1655//1655
f 1653//1653 1655//1655 1656//1656
f 1657//1657 1658//1658 1659//1659
f 1657//1657 1659//1659 1660//1660
f 1661//1661 1662//1662 1663//1663
f 1661//1661 1663//1663 1664//1664
f 1665//1665 1666//1666 1667//1667
f 1665//1665 1667//1667 1668//1668
f 1669//1669 1670//1670 1671//1671
f 1669//1669 1671//1671 1672//1672
f 1673//1673 1674//1674 1675//1675
f 1673//1673 1675//1675 1676//1676
f 1677//1677 1678//1678 1679//1679
f 1677//1677 1679//1679 1680//1680
f 1681//1681 1682//1682 1683//1683
f 1681//1681 1683//1683 1684//1684
f 1685//1685 1686//1686 1687//1687
f 1685//1685 1687//1687 1688//1688
f 1689//1689 1690//1690 1691//1691
f 1689//1689 1691//1691 1692//1692
f 1693//1693 1694//1694 1695//1695
f 1693//1693 1695//1695 1696//1696
f 1697//1697 1698//1698 1699//1699
f 1697//1697 1699//1699 1700//1700
f 1701//1701 1702//1702 1703//1703
f 1701//1701 1703//1703 1704//1704
f 1705//1705 1706//1706 1707//1707
f 1705//1705 1707//1707 1708//1708
f 1709//1709 1710//1710 1711//1711
f 1709//1709 1711//1711 1712//1712
f 1713//1713 1714//1714 1715//1715
f 1713//1713 1715//1715 1716//1716
f 1717//1717 1718//1718 1719//1719
f 1717//1717 1719//1719 1720//1720
f 1721//1721 1722//1722 1723//1723
f 1721//1721 1723//1723 1724//1724
f 1725//1725 1726//1726 1727//1727
f 1725//1725 1727//1727 1728//1728
f 1729//1729 1730//1730 1731//1731
f 1729//1729 1731//1731 1732//1732
f 1733//1733 1734//1734 1735//1735
f 1733//1733 1735//1735 1736//1736
f 1737//1737 1738//1738 1739//1739
f 1737//1737 1739//1739 1740//1740
f 1741//1741 1742//1742 1743//1743
f 1741//1741 1743//1743 1744//1744
f 1745//1745 1746//1746 1747//1747
f 1745//1745 1747//1747 1748//1748
f 1749//1749 1750//1750 1751//1751
f 1749//1749 1751//1751 1752//1752
f 1753//1753 1754//1754 1755//1755
f 1753//1753 1755//1755 1756//1756
f 1757//1757 1758//1758 1759//1759
f 1757//1757 1759//1759 1760//1760
f 1761//1761 1762//1762 1763//1763
f 1761//1761 1763//1763 1764//1764
f 1765//1765 1766//1766 1767//1767
f 1765//1765 1767//1767 1768//1768
f 1769//1769 1770//1770 1771//1771
f 1769//1769 1771//1771 1772//1772
f 1773//1773 1774//1774 1775//1775
f 1773//1773 1775//1775 1776//1776
