# Dongfeng sandbox; metres; X right, Y far, Z up
mtllib scene.mtl
usemtl asphalt
v 0.840000 0.040000 0.000000
v 0.840000 0.340000 0.000000
v 0.863143 0.040000 0.000000
v 0.863143 0.340000 0.000000
v 0.886286 0.040000 0.000000
v 0.886286 0.340000 0.000000
v 0.909429 0.040000 0.000000
v 0.909429 0.340000 0.000000
v 0.932571 0.040000 0.000000
v 0.932571 0.340000 0.000000
v 0.955714 0.040000 0.000000
v 0.955714 0.340000 0.000000
v 0.978857 0.040000 0.000000
v 0.978857 0.340000 0.000000
v 1.002000 0.040000 0.000000
v 1.002000 0.340000 0.000000
v 1.025143 0.040000 0.000000
v 1.025143 0.340000 0.000000
v 1.048286 0.040000 0.000000
v 1.048286 0.340000 0.000000
v 1.071429 0.040000 0.000000
v 1.071429 0.340000 0.000000
v 1.094571 0.040000 0.000000
v 1.094571 0.340000 0.000000
v 1.117714 0.040000 0.000000
v 1.117714 0.340000 0.000000
v 1.140857 0.040000 0.000000
v 1.140857 0.340000 0.000000
v 1.164000 0.040000 0.000000
v 1.164000 0.340000 0.000000
v 1.187143 0.040000 0.000000
v 1.187143 0.340000 0.000000
v 1.210286 0.040000 0.000000
v 1.210286 0.340000 0.000000
v 1.233429 0.040000 0.000000
v 1.233429 0.340000 0.000000
v 1.256571 0.040000 0.000000
v 1.256571 0.340000 0.000000
v 1.279714 0.040000 0.000000
v 1.279714 0.340000 0.000000
v 1.302857 0.040000 0.000000
v 1.302857 0.340000 0.000000
v 1.326000 0.040000 0.000000
v 1.326000 0.340000 0.000000
v 1.349143 0.040000 0.000000
v 1.349143 0.340000 0.000000
v 1.372286 0.040000 0.000000
v 1.372286 0.340000 0.000000
v 1.395429 0.040000 0.000000
v 1.395429 0.340000 0.000000
v 1.418571 0.040000 0.000000
v 1.418571 0.340000 0.000000
v 1.441714 0.040000 0.000000
v 1.441714 0.340000 0.000000
v 1.464857 0.040000 0.000000
v 1.464857 0.340000 0.000000
v 1.488000 0.040000 0.000000
v 1.488000 0.340000 0.000000
v 1.511143 0.040000 0.000000
v 1.511143 0.340000 0.000000
v 1.534286 0.040000 0.000000
v 1.534286 0.340000 0.000000
v 1.557429 0.040000 0.000000
v 1.557429 0.340000 0.000000
v 1.580571 0.040000 0.000000
v 1.580571 0.340000 0.000000
v 1.603714 0.040000 0.000000
v 1.603714 0.340000 0.000000
v 1.626857 0.040000 0.000000
v 1.626857 0.340000 0.000000
v 1.650000 0.040000 0.000000
v 1.650000 0.340000 0.000000
v 1.673143 0.040000 0.000000
v 1.673143 0.340000 0.000000
v 1.696286 0.040000 0.000000
v 1.696286 0.340000 0.000000
v 1.719429 0.040000 0.000000
v 1.719429 0.340000 0.000000
v 1.742571 0.040000 0.000000
v 1.742571 0.340000 0.000000
v 1.765714 0.040000 0.000000
v 1.765714 0.340000 0.000000
v 1.788857 0.040000 0.000000
v 1.788857 0.340000 0.000000
v 1.812000 0.040000 0.000000
v 1.812000 0.340000 0.000000
v 1.835143 0.040000 0.000000
v 1.835143 0.340000 0.000000
v 1.858286 0.040000 0.000000
v 1.858286 0.340000 0.000000
v 1.881429 0.040000 0.000000
v 1.881429 0.340000 0.000000
v 1.904571 0.040000 0.000000
v 1.904571 0.340000 0.000000
v 1.927714 0.040000 0.000000
v 1.927714 0.340000 0.000000
v 1.950857 0.040000 0.000000
v 1.950857 0.340000 0.000000
v 1.974000 0.040000 0.000000
v 1.974000 0.340000 0.000000
v 1.997143 0.040000 0.000000
v 1.997143 0.340000 0.000000
v 2.020286 0.040000 0.000000
v 2.020286 0.340000 0.000000
v 2.043429 0.040000 0.000000
v 2.043429 0.340000 0.000000
v 2.066571 0.040000 0.000000
v 2.066571 0.340000 0.000000
v 2.089714 0.040000 0.000000
v 2.089714 0.340000 0.000000
v 2.112857 0.040000 0.000000
v 2.112857 0.340000 0.000000
v 2.136000 0.040000 0.000000
v 2.136000 0.340000 0.000000
v 2.159143 0.040000 0.000000
v 2.159143 0.340000 0.000000
v 2.182286 0.040000 0.000000
v 2.182286 0.340000 0.000000
v 2.205429 0.040000 0.000000
v 2.205429 0.340000 0.000000
v 2.228571 0.040000 0.000000
v 2.228571 0.340000 0.000000
v 2.251714 0.040000 0.000000
v 2.251714 0.340000 0.000000
v 2.274857 0.040000 0.000000
v 2.274857 0.340000 0.000000
v 2.298000 0.040000 0.000000
v 2.298000 0.340000 0.000000
v 2.321143 0.040000 0.000000
v 2.321143 0.340000 0.000000
v 2.344286 0.040000 0.000000
v 2.344286 0.340000 0.000000
v 2.367429 0.040000 0.000000
v 2.367429 0.340000 0.000000
v 2.390571 0.040000 0.000000
v 2.390571 0.340000 0.000000
v 2.413714 0.040000 0.000000
v 2.413714 0.340000 0.000000
v 2.436857 0.040000 0.000000
v 2.436857 0.340000 0.000000
v 2.460000 0.040000 0.000000
v 2.460000 0.340000 0.000000
v 2.479331 0.040234 0.000117
v 2.472082 0.340146 0.000117
v 2.498651 0.040934 0.000466
v 2.484157 0.340584 0.000466
v 2.517948 0.042101 0.001044
v 2.496217 0.341313 0.001044
v 2.537211 0.043735 0.001846
v 2.508257 0.342334 0.001846
v 2.556429 0.045833 0.002864
v 2.520268 0.343646 0.002864
v 2.575591 0.048395 0.004088
v 2.532244 0.345247 0.004088
v 2.594686 0.051419 0.005508
v 2.544178 0.347137 0.005508
v 2.613701 0.054904 0.007110
v 2.556063 0.349315 0.007110
v 2.632627 0.058847 0.008879
v 2.567892 0.351779 0.008879
v 2.651453 0.063247 0.010798
v 2.579658 0.354529 0.010798
v 2.670166 0.068100 0.012850
v 2.591354 0.357562 0.012850
v 2.688756 0.073403 0.015016
v 2.602973 0.360877 0.015016
v 2.707214 0.079155 0.017275
v 2.614508 0.364472 0.017275
v 2.725526 0.085351 0.019605
v 2.625954 0.368344 0.019605
v 2.743684 0.091987 0.021987
v 2.637302 0.372492 0.021987
v 2.761676 0.099060 0.024396
v 2.648547 0.376913 0.024396
v 2.779492 0.106566 0.026811
v 2.659682 0.381604 0.026811
v 2.797121 0.114501 0.029209
v 2.670701 0.386563 0.029209
v 2.814553 0.122858 0.031568
v 2.681596 0.391787 0.031568
v 2.831779 0.131635 0.033865
v 2.692362 0.397272 0.033865
v 2.848787 0.140826 0.036080
v 2.702992 0.403016 0.036080
v 2.865568 0.150424 0.038191
v 2.713480 0.409015 0.038191
v 2.882112 0.160426 0.040179
v 2.723820 0.415266 0.040179
v 2.898410 0.170824 0.042025
v 2.734006 0.421765 0.042025
v 2.914452 0.181613 0.043713
v 2.744032 0.428508 0.043713
v 2.930228 0.192786 0.045225
v 2.753893 0.435492 0.045225
v 2.945730 0.204338 0.046549
v 2.763581 0.442711 0.046549
v 2.960948 0.216261 0.047672
v 2.773093 0.450163 0.047672
v 2.975874 0.228547 0.048583
v 2.782421 0.457842 0.048583
v 2.990498 0.241191 0.049274
v 2.791561 0.465745 0.049274
v 3.004813 0.254185 0.049738
v 2.800508 0.473866 0.049738
v 3.018809 0.267521 0.049971
v 2.809256 0.482201 0.049971
v 3.025685 0.274315 0.050000
v 2.813553 0.486447 0.050000
v 3.032479 0.281191 0.049971
v 2.817800 0.490744 0.049971
v 3.045815 0.295187 0.049738
v 2.826134 0.499492 0.049738
v 3.058809 0.309502 0.049274
v 2.834255 0.508439 0.049274
v 3.071453 0.324126 0.048583
v 2.842158 0.517579 0.048583
v 3.083740 0.339052 0.047672
v 2.849837 0.526907 0.047672
v 3.095662 0.354270 0.046549
v 2.857289 0.536419 0.046549
v 3.107213 0.369772 0.045225
v 2.864508 0.546107 0.045225
v 3.118387 0.385548 0.043713
v 2.871492 0.555968 0.043713
v 3.129176 0.401590 0.042025
v 2.878235 0.565994 0.042025
v 3.139574 0.417888 0.040179
v 2.884734 0.576180 0.040179
v 3.149576 0.434432 0.038191
v 2.890985 0.586520 0.038191
v 3.159174 0.451213 0.036080
v 2.896984 0.597008 0.036080
v 3.168365 0.468221 0.033865
v 2.902728 0.607638 0.033865
v 3.177142 0.485447 0.031568
v 2.908213 0.618404 0.031568
v 3.185499 0.502879 0.029209
v 2.913437 0.629299 0.029209
v 3.193434 0.520508 0.026811
v 2.918396 0.640318 0.026811
v 3.200940 0.538324 0.024396
v 2.923087 0.651453 0.024396
v 3.208013 0.556316 0.021987
v 2.927508 0.662698 0.021987
v 3.214649 0.574474 0.019605
v 2.931656 0.674046 0.019605
v 3.220845 0.592786 0.017275
v 2.935528 0.685492 0.017275
v 3.226597 0.611243 0.015016
v 2.939123 0.697027 0.015016
v 3.231900 0.629834 0.012850
v 2.942438 0.708646 0.012850
v 3.236753 0.648547 0.010798
v 2.945471 0.720342 0.010798
v 3.241153 0.667373 0.008879
v 2.948220 0.732108 0.008879
v 3.245096 0.686299 0.007110
v 2.950685 0.743937 0.007110
v 3.248581 0.705314 0.005508
v 2.952863 0.755821 0.005508
v 3.251605 0.724409 0.004088
v 2.954753 0.767755 0.004088
v 3.254167 0.743571 0.002864
v 2.956354 0.779732 0.002864
v 3.256265 0.762789 0.001846
v 2.957666 0.791743 0.001846
v 3.257899 0.782052 0.001044
v 2.958687 0.803783 0.001044
v 3.259066 0.801349 0.000466
v 2.959416 0.815843 0.000466
v 3.259766 0.820669 0.000117
v 2.959854 0.827918 0.000117
v 3.260000 0.840000 0.000000
v 2.960000 0.840000 0.000000
v 3.260000 0.860667 0.000000
v 2.960000 0.860667 0.000000
v 3.260000 0.881333 0.000000
v 2.960000 0.881333 0.000000
v 3.260000 0.902000 0.000000
v 2.960000 0.902000 0.000000
v 3.260000 0.922667 0.000000
v 2.960000 0.922667 0.000000
v 3.260000 0.943333 0.000000
v 2.960000 0.943333 0.000000
v 3.260000 0.964000 0.000000
v 2.960000 0.964000 0.000000
v 3.260000 0.984667 0.000000
v 2.960000 0.984667 0.000000
v 3.260000 1.005333 0.000000
v 2.960000 1.005333 0.000000
v 3.260000 1.026000 0.000000
v 2.960000 1.026000 0.000000
v 3.260000 1.046667 0.000000
v 2.960000 1.046667 0.000000
v 3.260000 1.067333 0.000000
v 2.960000 1.067333 0.000000
v 3.260000 1.088000 0.000000
v 2.960000 1.088000 0.000000
v 3.260000 1.108667 0.000000
v 2.960000 1.108667 0.000000
v 3.260000 1.129333 0.000000
v 2.960000 1.129333 0.000000
v 3.260000 1.150000 0.000000
v 2.960000 1.150000 0.000000
v 3.260000 1.170667 0.000000
v 2.960000 1.170667 0.000000
v 3.260000 1.191333 0.000000
v 2.960000 1.191333 0.000000
v 3.260000 1.212000 0.000000
v 2.960000 1.212000 0.000000
v 3.260000 1.232667 0.000000
v 2.960000 1.232667 0.000000
v 3.260000 1.253333 0.000000
v 2.960000 1.253333 0.000000
v 3.260000 1.274000 0.000000
v 2.960000 1.274000 0.000000
v 3.260000 1.294667 0.000000
v 2.960000 1.294667 0.000000
v 3.260000 1.315333 0.000000
v 2.960000 1.315333 0.000000
v 3.260000 1.336000 0.000000
v 2.960000 1.336000 0.000000
v 3.260000 1.356667 0.000000
v 2.960000 1.356667 0.000000
v 3.260000 1.377333 0.000000
v 2.960000 1.377333 0.000000
v 3.260000 1.398000 0.000000
v 2.960000 1.398000 0.000000
v 3.260000 1.418667 0.000000
v 2.960000 1.418667 0.000000
v 3.260000 1.439333 0.000000
v 2.960000 1.439333 0.000000
v 3.260000 1.460000 0.000000
v 2.960000 1.460000 0.000000
v 3.260000 1.480667 0.000000
v 2.960000 1.480667 0.000000
v 3.260000 1.501333 0.000000
v 2.960000 1.501333 0.000000
v 3.260000 1.522000 0.000000
v 2.960000 1.522000 0.000000
v 3.260000 1.542667 0.000000
v 2.960000 1.542667 0.000000
v 3.260000 1.563333 0.000000
v 2.960000 1.563333 0.000000
v 3.260000 1.584000 0.000000
v 2.960000 1.584000 0.000000
v 3.260000 1.604667 0.000000
v 2.960000 1.604667 0.000000
v 3.260000 1.625333 0.000000
v 2.960000 1.625333 0.000000
v 3.260000 1.646000 0.000000
v 2.960000 1.646000 0.000000
v 3.260000 1.666667 0.000000
v 2.960000 1.666667 0.000000
v 3.260000 1.687333 0.000000
v 2.960000 1.687333 0.000000
v 3.260000 1.708000 0.000000
v 2.960000 1.708000 0.000000
v 3.260000 1.728667 0.000000
v 2.960000 1.728667 0.000000
v 3.260000 1.749333 0.000000
v 2.960000 1.749333 0.000000
v 3.260000 1.770000 0.000000
v 2.960000 1.770000 0.000000
v 3.260000 1.790667 0.000000
v 2.960000 1.790667 0.000000
v 3.260000 1.811333 0.000000
v 2.960000 1.811333 0.000000
v 3.260000 1.832000 0.000000
v 2.960000 1.832000 0.000000
v 3.260000 1.852667 0.000000
v 2.960000 1.852667 0.000000
v 3.260000 1.873333 0.000000
v 2.960000 1.873333 0.000000
v 3.260000 1.894000 0.000000
v 2.960000 1.894000 0.000000
v 3.260000 1.914667 0.000000
v 2.960000 1.914667 0.000000
v 3.260000 1.935333 0.000000
v 2.960000 1.935333 0.000000
v 3.260000 1.956000 0.000000
v 2.960000 1.956000 0.000000
v 3.260000 1.976667 0.000000
v 2.960000 1.976667 0.000000
v 3.260000 1.997333 0.000000
v 2.960000 1.997333 0.000000
v 3.260000 2.018000 0.000000
v 2.960000 2.018000 0.000000
v 3.260000 2.038667 0.000000
v 2.960000 2.038667 0.000000
v 3.260000 2.059333 0.000000
v 2.960000 2.059333 0.000000
v 3.260000 2.080000 0.000000
v 2.960000 2.080000 0.000000
v 3.260000 2.100667 0.000000
v 2.960000 2.100667 0.000000
v 3.260000 2.121333 0.000000
v 2.960000 2.121333 0.000000
v 3.260000 2.142000 0.000000
v 2.960000 2.142000 0.000000
v 3.260000 2.162667 0.000000
v 2.960000 2.162667 0.000000
v 3.260000 2.183333 0.000000
v 2.960000 2.183333 0.000000
v 3.260000 2.204000 0.000000
v 2.960000 2.204000 0.000000
v 3.260000 2.224667 0.000000
v 2.960000 2.224667 0.000000
v 3.260000 2.245333 0.000000
v 2.960000 2.245333 0.000000
v 3.260000 2.266000 0.000000
v 2.960000 2.266000 0.000000
v 3.260000 2.286667 0.000000
v 2.960000 2.286667 0.000000
v 3.260000 2.307333 0.000000
v 2.960000 2.307333 0.000000
v 3.260000 2.328000 0.000000
v 2.960000 2.328000 0.000000
v 3.260000 2.348667 0.000000
v 2.960000 2.348667 0.000000
v 3.260000 2.369333 0.000000
v 2.960000 2.369333 0.000000
v 3.260000 2.390000 0.000000
v 2.960000 2.390000 0.000000
v 3.260000 2.410667 0.000000
v 2.960000 2.410667 0.000000
v 3.260000 2.431333 0.000000
v 2.960000 2.431333 0.000000
v 3.260000 2.452000 0.000000
v 2.960000 2.452000 0.000000
v 3.260000 2.472667 0.000000
v 2.960000 2.472667 0.000000
v 3.260000 2.493333 0.000000
v 2.960000 2.493333 0.000000
v 3.260000 2.514000 0.000000
v 2.960000 2.514000 0.000000
v 3.260000 2.534667 0.000000
v 2.960000 2.534667 0.000000
v 3.260000 2.555333 0.000000
v 2.960000 2.555333 0.000000
v 3.260000 2.576000 0.000000
v 2.960000 2.576000 0.000000
v 3.260000 2.596667 0.000000
v 2.960000 2.596667 0.000000
v 3.260000 2.617333 0.000000
v 2.960000 2.617333 0.000000
v 3.260000 2.638000 0.000000
v 2.960000 2.638000 0.000000
v 3.260000 2.658667 0.000000
v 2.960000 2.658667 0.000000
v 3.260000 2.679333 0.000000
v 2.960000 2.679333 0.000000
v 3.260000 2.700000 0.000000
v 2.960000 2.700000 0.000000
v 3.260000 2.720667 0.000000
v 2.960000 2.720667 0.000000
v 3.260000 2.741333 0.000000
v 2.960000 2.741333 0.000000
v 3.260000 2.762000 0.000000
v 2.960000 2.762000 0.000000
v 3.260000 2.782667 0.000000
v 2.960000 2.782667 0.000000
v 3.260000 2.803333 0.000000
v 2.960000 2.803333 0.000000
v 3.260000 2.824000 0.000000
v 2.960000 2.824000 0.000000
v 3.260000 2.844667 0.000000
v 2.960000 2.844667 0.000000
v 3.260000 2.865333 0.000000
v 2.960000 2.865333 0.000000
v 3.260000 2.886000 0.000000
v 2.960000 2.886000 0.000000
v 3.260000 2.906667 0.000000
v 2.960000 2.906667 0.000000
v 3.260000 2.927333 0.000000
v 2.960000 2.927333 0.000000
v 3.260000 2.948000 0.000000
v 2.960000 2.948000 0.000000
v 3.260000 2.968667 0.000000
v 2.960000 2.968667 0.000000
v 3.260000 2.989333 0.000000
v 2.960000 2.989333 0.000000
v 3.260000 3.010000 0.000000
v 2.960000 3.010000 0.000000
v 3.260000 3.030667 0.000000
v 2.960000 3.030667 0.000000
v 3.260000 3.051333 0.000000
v 2.960000 3.051333 0.000000
v 3.260000 3.072000 0.000000
v 2.960000 3.072000 0.000000
v 3.260000 3.092667 0.000000
v 2.960000 3.092667 0.000000
v 3.260000 3.113333 0.000000
v 2.960000 3.113333 0.000000
v 3.260000 3.134000 0.000000
v 2.960000 3.134000 0.000000
v 3.260000 3.154667 0.000000
v 2.960000 3.154667 0.000000
v 3.260000 3.175333 0.000000
v 2.960000 3.175333 0.000000
v 3.260000 3.196000 0.000000
v 2.960000 3.196000 0.000000
v 3.260000 3.216667 0.000000
v 2.960000 3.216667 0.000000
v 3.260000 3.237333 0.000000
v 2.960000 3.237333 0.000000
v 3.260000 3.258000 0.000000
v 2.960000 3.258000 0.000000
v 3.260000 3.278667 0.000000
v 2.960000 3.278667 0.000000
v 3.260000 3.299333 0.000000
v 2.960000 3.299333 0.000000
v 3.260000 3.320000 0.000000
v 2.960000 3.320000 0.000000
v 3.260000 3.340667 0.000000
v 2.960000 3.340667 0.000000
v 3.260000 3.361333 0.000000
v 2.960000 3.361333 0.000000
v 3.260000 3.382000 0.000000
v 2.960000 3.382000 0.000000
v 3.260000 3.402667 0.000000
v 2.960000 3.402667 0.000000
v 3.260000 3.423333 0.000000
v 2.960000 3.423333 0.000000
v 3.260000 3.444000 0.000000
v 2.960000 3.444000 0.000000
v 3.260000 3.464667 0.000000
v 2.960000 3.464667 0.000000
v 3.260000 3.485333 0.000000
v 2.960000 3.485333 0.000000
v 3.260000 3.506000 0.000000
v 2.960000 3.506000 0.000000
v 3.260000 3.526667 0.000000
v 2.960000 3.526667 0.000000
v 3.260000 3.547333 0.000000
v 2.960000 3.547333 0.000000
v 3.260000 3.568000 0.000000
v 2.960000 3.568000 0.000000
v 3.260000 3.588667 0.000000
v 2.960000 3.588667 0.000000
v 3.260000 3.609333 0.000000
v 2.960000 3.609333 0.000000
v 3.260000 3.630000 0.000000
v 2.960000 3.630000 0.000000
v 3.260000 3.650667 0.000000
v 2.960000 3.650667 0.000000
v 3.260000 3.671333 0.000000
v 2.960000 3.671333 0.000000
v 3.260000 3.672377 0.000000
v 2.960000 3.672377 0.000000
v 3.260000 3.692000 0.001437
v 2.960000 3.692000 0.001437
v 3.260000 3.712667 0.002950
v 2.960000 3.712667 0.002950
v 3.260000 3.733333 0.004464
v 2.960000 3.733333 0.004464
v 3.260000 3.754000 0.005977
v 2.960000 3.754000 0.005977
v 3.260000 3.774667 0.007491
v 2.960000 3.774667 0.007491
v 3.260000 3.795333 0.009004
v 2.960000 3.795333 0.009004
v 3.260000 3.816000 0.010517
v 2.960000 3.816000 0.010517
v 3.260000 3.836667 0.012031
v 2.960000 3.836667 0.012031
v 3.260000 3.857333 0.013544
v 2.960000 3.857333 0.013544
v 3.260000 3.878000 0.015058
v 2.960000 3.878000 0.015058
v 3.260000 3.898667 0.016571
v 2.960000 3.898667 0.016571
v 3.260000 3.919333 0.018084
v 2.960000 3.919333 0.018084
v 3.260000 3.940000 0.019598
v 2.960000 3.940000 0.019598
v 3.260000 3.960667 0.021111
v 2.960000 3.960667 0.021111
v 3.260000 3.981333 0.022625
v 2.960000 3.981333 0.022625
v 3.260000 4.002000 0.024138
v 2.960000 4.002000 0.024138
v 3.260000 4.022666 0.025651
v 2.960000 4.022666 0.025651
v 3.260000 4.043334 0.027165
v 2.960000 4.043334 0.027165
v 3.260000 4.064000 0.028678
v 2.960000 4.064000 0.028678
v 3.260000 4.084667 0.030192
v 2.960000 4.084667 0.030192
v 3.260000 4.105333 0.031705
v 2.960000 4.105333 0.031705
v 3.260000 4.126000 0.033218
v 2.960000 4.126000 0.033218
v 3.260000 4.146667 0.034732
v 2.960000 4.146667 0.034732
v 3.260000 4.167333 0.036245
v 2.960000 4.167333 0.036245
v 3.260000 4.188000 0.037759
v 2.960000 4.188000 0.037759
v 3.260000 4.208667 0.039272
v 2.960000 4.208667 0.039272
v 3.260000 4.229333 0.040786
v 2.960000 4.229333 0.040786
v 3.260000 4.250000 0.042299
v 2.960000 4.250000 0.042299
v 3.260000 4.270667 0.043812
v 2.960000 4.270667 0.043812
v 3.260000 4.291333 0.045326
v 2.960000 4.291333 0.045326
v 3.260000 4.312000 0.046839
v 2.960000 4.312000 0.046839
v 3.260000 4.332667 0.048353
v 2.960000 4.332667 0.048353
v 3.260000 4.353333 0.049866
v 2.960000 4.353333 0.049866
v 3.260000 4.374000 0.051379
v 2.960000 4.374000 0.051379
v 3.260000 4.394667 0.052893
v 2.960000 4.394667 0.052893
v 3.260000 4.415333 0.054406
v 2.960000 4.415333 0.054406
v 3.260000 4.436000 0.055920
v 2.960000 4.436000 0.055920
v 3.260000 4.456666 0.057433
v 2.960000 4.456666 0.057433
v 3.260000 4.477334 0.058946
v 2.960000 4.477334 0.058946
v 3.260000 4.498000 0.060460
v 2.960000 4.498000 0.060460
v 3.260000 4.518667 0.061973
v 2.960000 4.518667 0.061973
v 3.260000 4.539333 0.063487
v 2.960000 4.539333 0.063487
v 3.260000 4.560000 0.065000
v 2.960000 4.560000 0.065000
v 3.259766 4.579331 0.066000
v 2.959854 4.572082 0.066000
v 3.259066 4.598651 0.067000
v 2.959416 4.584157 0.067000
v 3.257899 4.617948 0.068000
v 2.958687 4.596218 0.068000
v 3.256265 4.637211 0.069000
v 2.957666 4.608257 0.069000
v 3.254167 4.656429 0.070000
v 2.956354 4.620268 0.070000
v 3.251605 4.675591 0.071000
v 2.954753 4.632245 0.071000
v 3.248581 4.694685 0.072000
v 2.952863 4.644178 0.072000
v 3.245096 4.713701 0.073000
v 2.950685 4.656064 0.073000
v 3.241153 4.732627 0.074000
v 2.948220 4.667892 0.074000
v 3.236753 4.751452 0.075000
v 2.945471 4.679658 0.075000
v 3.231900 4.770166 0.076000
v 2.942438 4.691354 0.076000
v 3.226597 4.788756 0.077000
v 2.939123 4.702973 0.077000
v 3.220845 4.807214 0.078000
v 2.935528 4.714509 0.078000
v 3.214649 4.825526 0.079000
v 2.931656 4.725954 0.079000
v 3.208013 4.843684 0.080000
v 2.927508 4.737302 0.080000
v 3.200940 4.861676 0.081000
v 2.923087 4.748548 0.081000
v 3.193434 4.879492 0.082000
v 2.918396 4.759682 0.082000
v 3.185499 4.897121 0.083000
v 2.913437 4.770700 0.083000
v 3.177142 4.914553 0.084000
v 2.908213 4.781596 0.084000
v 3.168365 4.931778 0.085000
v 2.902728 4.792362 0.085000
v 3.159174 4.948787 0.086000
v 2.896984 4.802992 0.086000
v 3.149576 4.965568 0.087000
v 2.890985 4.813480 0.087000
v 3.139574 4.982112 0.088000
v 2.884734 4.823820 0.088000
v 3.129176 4.998410 0.089000
v 2.878235 4.834006 0.089000
v 3.118387 5.014452 0.090000
v 2.871492 4.844032 0.090000
v 3.107213 5.030228 0.091000
v 2.864508 4.853893 0.091000
v 3.095662 5.045730 0.092000
v 2.857289 4.863581 0.092000
v 3.083740 5.060948 0.093000
v 2.849837 4.873093 0.093000
v 3.071453 5.075874 0.094000
v 2.842158 4.882421 0.094000
v 3.058809 5.090498 0.095000
v 2.834255 4.891562 0.095000
v 3.045815 5.104813 0.096000
v 2.826134 4.900508 0.096000
v 3.032479 5.118809 0.097000
v 2.817800 4.909256 0.097000
v 3.018809 5.132479 0.098000
v 2.809256 4.917799 0.098000
v 3.004813 5.145815 0.099000
v 2.800508 4.926134 0.099000
v 2.990498 5.158809 0.100000
v 2.791561 4.934256 0.100000
v 2.975874 5.171453 0.101000
v 2.782421 4.942158 0.101000
v 2.960948 5.183740 0.102000
v 2.773093 4.949837 0.102000
v 2.945730 5.195662 0.103000
v 2.763581 4.957289 0.103000
v 2.930228 5.207213 0.104000
v 2.753893 4.964509 0.104000
v 2.914452 5.218387 0.105000
v 2.744032 4.971492 0.105000
v 2.898410 5.229176 0.106000
v 2.734006 4.978235 0.106000
v 2.882112 5.239574 0.107000
v 2.723820 4.984734 0.107000
v 2.865568 5.249576 0.108000
v 2.713480 4.990985 0.108000
v 2.848787 5.259174 0.109000
v 2.702992 4.996984 0.109000
v 2.831779 5.268365 0.110000
v 2.692362 5.002728 0.110000
v 2.814553 5.277142 0.111000
v 2.681596 5.008214 0.111000
v 2.797121 5.285500 0.112000
v 2.670701 5.013437 0.112000
v 2.779492 5.293434 0.113000
v 2.659682 5.018396 0.113000
v 2.761676 5.300940 0.114000
v 2.648547 5.023088 0.114000
v 2.743684 5.308013 0.115000
v 2.637302 5.027508 0.115000
v 2.725526 5.314650 0.116000
v 2.625954 5.031656 0.116000
v 2.707214 5.320845 0.117000
v 2.614508 5.035528 0.117000
v 2.688756 5.326597 0.118000
v 2.602973 5.039123 0.118000
v 2.670166 5.331901 0.119000
v 2.591354 5.042438 0.119000
v 2.651453 5.336753 0.120000
v 2.579658 5.045471 0.120000
v 2.632627 5.341153 0.121000
v 2.567892 5.048221 0.121000
v 2.613701 5.345096 0.122000
v 2.556063 5.050685 0.122000
v 2.594686 5.348581 0.123000
v 2.544178 5.052863 0.123000
v 2.575591 5.351605 0.124000
v 2.532244 5.054753 0.124000
v 2.556429 5.354167 0.125000
v 2.520268 5.056355 0.125000
v 2.537211 5.356266 0.126000
v 2.508257 5.057666 0.126000
v 2.517948 5.357899 0.127000
v 2.496217 5.058687 0.127000
v 2.498651 5.359066 0.128000
v 2.484157 5.059416 0.128000
v 2.479331 5.359766 0.129000
v 2.472082 5.059854 0.129000
v 2.460000 5.360000 0.130000
v 2.460000 5.060000 0.130000
v 2.436857 5.360000 0.130000
v 2.436857 5.060000 0.130000
v 2.413714 5.360000 0.130000
v 2.413714 5.060000 0.130000
v 2.390571 5.360000 0.130000
v 2.390571 5.060000 0.130000
v 2.367429 5.360000 0.130000
v 2.367429 5.060000 0.130000
v 2.344286 5.360000 0.130000
v 2.344286 5.060000 0.130000
v 2.321143 5.360000 0.130000
v 2.321143 5.060000 0.130000
v 2.298000 5.360000 0.130000
v 2.298000 5.060000 0.130000
v 2.274857 5.360000 0.130000
v 2.274857 5.060000 0.130000
v 2.251714 5.360000 0.130000
v 2.251714 5.060000 0.130000
v 2.228571 5.360000 0.130000
v 2.228571 5.060000 0.130000
v 2.205429 5.360000 0.130000
v 2.205429 5.060000 0.130000
v 2.182286 5.360000 0.130000
v 2.182286 5.060000 0.130000
v 2.159143 5.360000 0.130000
v 2.159143 5.060000 0.130000
v 2.136000 5.360000 0.130000
v 2.136000 5.060000 0.130000
v 2.112857 5.360000 0.130000
v 2.112857 5.060000 0.130000
v 2.089714 5.360000 0.130000
v 2.089714 5.060000 0.130000
v 2.066571 5.360000 0.130000
v 2.066571 5.060000 0.130000
v 2.043429 5.360000 0.130000
v 2.043429 5.060000 0.130000
v 2.020286 5.360000 0.130000
v 2.020286 5.060000 0.130000
v 1.997143 5.360000 0.130000
v 1.997143 5.060000 0.130000
v 1.974000 5.360000 0.130000
v 1.974000 5.060000 0.130000
v 1.950857 5.360000 0.130000
v 1.950857 5.060000 0.130000
v 1.927714 5.360000 0.130000
v 1.927714 5.060000 0.130000
v 1.904571 5.360000 0.130000
v 1.904571 5.060000 0.130000
v 1.881429 5.360000 0.130000
v 1.881429 5.060000 0.130000
v 1.858286 5.360000 0.130000
v 1.858286 5.060000 0.130000
v 1.835143 5.360000 0.130000
v 1.835143 5.060000 0.130000
v 1.812000 5.360000 0.130000
v 1.812000 5.060000 0.130000
v 1.788857 5.360000 0.130000
v 1.788857 5.060000 0.130000
v 1.765714 5.360000 0.130000
v 1.765714 5.060000 0.130000
v 1.742571 5.360000 0.130000
v 1.742571 5.060000 0.130000
v 1.719429 5.360000 0.130000
v 1.719429 5.060000 0.130000
v 1.696286 5.360000 0.130000
v 1.696286 5.060000 0.130000
v 1.673143 5.360000 0.130000
v 1.673143 5.060000 0.130000
v 1.650000 5.360000 0.130000
v 1.650000 5.060000 0.130000
v 1.626857 5.360000 0.130000
v 1.626857 5.060000 0.130000
v 1.603714 5.360000 0.130000
v 1.603714 5.060000 0.130000
v 1.580571 5.360000 0.130000
v 1.580571 5.060000 0.130000
v 1.557429 5.360000 0.130000
v 1.557429 5.060000 0.130000
v 1.534286 5.360000 0.130000
v 1.534286 5.060000 0.130000
v 1.511143 5.360000 0.130000
v 1.511143 5.060000 0.130000
v 1.488000 5.360000 0.130000
v 1.488000 5.060000 0.130000
v 1.464857 5.360000 0.130000
v 1.464857 5.060000 0.130000
v 1.441714 5.360000 0.130000
v 1.441714 5.060000 0.130000
v 1.418571 5.360000 0.130000
v 1.418571 5.060000 0.130000
v 1.395429 5.360000 0.130000
v 1.395429 5.060000 0.130000
v 1.372286 5.360000 0.130000
v 1.372286 5.060000 0.130000
v 1.349143 5.360000 0.130000
v 1.349143 5.060000 0.130000
v 1.326000 5.360000 0.130000
v 1.326000 5.060000 0.130000
v 1.302857 5.360000 0.130000
v 1.302857 5.060000 0.130000
v 1.279714 5.360000 0.130000
v 1.279714 5.060000 0.130000
v 1.256571 5.360000 0.130000
v 1.256571 5.060000 0.130000
v 1.233429 5.360000 0.130000
v 1.233429 5.060000 0.130000
v 1.210286 5.360000 0.130000
v 1.210286 5.060000 0.130000
v 1.187143 5.360000 0.130000
v 1.187143 5.060000 0.130000
v 1.164000 5.360000 0.130000
v 1.164000 5.060000 0.130000
v 1.140857 5.360000 0.130000
v 1.140857 5.060000 0.130000
v 1.117714 5.360000 0.130000
v 1.117714 5.060000 0.130000
v 1.094571 5.360000 0.130000
v 1.094571 5.060000 0.130000
v 1.071429 5.360000 0.130000
v 1.071429 5.060000 0.130000
v 1.048286 5.360000 0.130000
v 1.048286 5.060000 0.130000
v 1.025143 5.360000 0.130000
v 1.025143 5.060000 0.130000
v 1.002000 5.360000 0.130000
v 1.002000 5.060000 0.130000
v 0.978857 5.360000 0.130000
v 0.978857 5.060000 0.130000
v 0.955714 5.360000 0.130000
v 0.955714 5.060000 0.130000
v 0.932571 5.360000 0.130000
v 0.932571 5.060000 0.130000
v 0.909429 5.360000 0.130000
v 0.909429 5.060000 0.130000
v 0.886286 5.360000 0.130000
v 0.886286 5.060000 0.130000
v 0.863143 5.360000 0.130000
v 0.863143 5.060000 0.130000
v 0.840000 5.360000 0.130000
v 0.840000 5.060000 0.130000
v 0.820669 5.359766 0.129000
v 0.827918 5.059854 0.129000
v 0.801349 5.359066 0.128000
v 0.815843 5.059416 0.128000
v 0.782052 5.357899 0.127000
v 0.803783 5.058687 0.127000
v 0.762789 5.356266 0.126000
v 0.791743 5.057666 0.126000
v 0.743571 5.354167 0.125000
v 0.779732 5.056355 0.125000
v 0.724409 5.351605 0.124000
v 0.767755 5.054753 0.124000
v 0.705314 5.348581 0.123000
v 0.755821 5.052863 0.123000
v 0.686299 5.345096 0.122000
v 0.743937 5.050685 0.122000
v 0.667373 5.341153 0.121000
v 0.732108 5.048221 0.121000
v 0.648547 5.336753 0.120000
v 0.720342 5.045471 0.120000
v 0.629834 5.331901 0.119000
v 0.708646 5.042438 0.119000
v 0.611243 5.326597 0.118000
v 0.697027 5.039123 0.118000
v 0.592786 5.320845 0.117000
v 0.685492 5.035528 0.117000
v 0.574474 5.314650 0.116000
v 0.674046 5.031656 0.116000
v 0.556316 5.308013 0.115000
v 0.662698 5.027508 0.115000
v 0.538324 5.300940 0.114000
v 0.651453 5.023088 0.114000
v 0.520508 5.293434 0.113000
v 0.640318 5.018396 0.113000
v 0.502879 5.285500 0.112000
v 0.629299 5.013437 0.112000
v 0.485447 5.277142 0.111000
v 0.618404 5.008214 0.111000
v 0.468221 5.268365 0.110000
v 0.607638 5.002728 0.110000
v 0.451213 5.259174 0.109000
v 0.597008 4.996984 0.109000
v 0.434432 5.249576 0.108000
v 0.586520 4.990985 0.108000
v 0.417888 5.239574 0.107000
v 0.576180 4.984734 0.107000
v 0.401590 5.229176 0.106000
v 0.565994 4.978235 0.106000
v 0.385548 5.218387 0.105000
v 0.555968 4.971492 0.105000
v 0.369772 5.207213 0.104000
v 0.546107 4.964509 0.104000
v 0.354270 5.195662 0.103000
v 0.536419 4.957289 0.103000
v 0.339052 5.183740 0.102000
v 0.526907 4.949837 0.102000
v 0.324126 5.171453 0.101000
v 0.517579 4.942158 0.101000
v 0.309502 5.158809 0.100000
v 0.508439 4.934256 0.100000
v 0.295187 5.145815 0.099000
v 0.499492 4.926134 0.099000
v 0.281191 5.132479 0.098000
v 0.490744 4.917799 0.098000
v 0.267521 5.118809 0.097000
v 0.482201 4.909256 0.097000
v 0.254185 5.104813 0.096000
v 0.473866 4.900508 0.096000
v 0.241191 5.090498 0.095000
v 0.465745 4.891562 0.095000
v 0.228547 5.075874 0.094000
v 0.457842 4.882421 0.094000
v 0.216261 5.060948 0.093000
v 0.450163 4.873093 0.093000
v 0.204338 5.045730 0.092000
v 0.442711 4.863581 0.092000
v 0.192786 5.030228 0.091000
v 0.435492 4.853893 0.091000
v 0.181613 5.014452 0.090000
v 0.428508 4.844032 0.090000
v 0.170824 4.998410 0.089000
v 0.421765 4.834006 0.089000
v 0.160426 4.982112 0.088000
v 0.415266 4.823820 0.088000
v 0.150424 4.965568 0.087000
v 0.409015 4.813480 0.087000
v 0.140826 4.948787 0.086000
v 0.403016 4.802992 0.086000
v 0.131635 4.931778 0.085000
v 0.397272 4.792362 0.085000
v 0.122858 4.914553 0.084000
v 0.391787 4.781596 0.084000
v 0.114501 4.897121 0.083000
v 0.386563 4.770700 0.083000
v 0.106566 4.879492 0.082000
v 0.381604 4.759682 0.082000
v 0.099060 4.861676 0.081000
v 0.376913 4.748548 0.081000
v 0.091987 4.843684 0.080000
v 0.372492 4.737302 0.080000
v 0.085351 4.825526 0.079000
v 0.368344 4.725954 0.079000
v 0.079155 4.807214 0.078000
v 0.364472 4.714509 0.078000
v 0.073403 4.788756 0.077000
v 0.360877 4.702973 0.077000
v 0.068100 4.770166 0.076000
v 0.357562 4.691354 0.076000
v 0.063247 4.751452 0.075000
v 0.354529 4.679658 0.075000
v 0.058847 4.732627 0.074000
v 0.351779 4.667892 0.074000
v 0.054904 4.713701 0.073000
v 0.349315 4.656064 0.073000
v 0.051419 4.694685 0.072000
v 0.347137 4.644178 0.072000
v 0.048395 4.675591 0.071000
v 0.345247 4.632245 0.071000
v 0.045833 4.656429 0.070000
v 0.343646 4.620268 0.070000
v 0.043735 4.637211 0.069000
v 0.342334 4.608257 0.069000
v 0.042101 4.617948 0.068000
v 0.341313 4.596218 0.068000
v 0.040934 4.598651 0.067000
v 0.340584 4.584157 0.067000
v 0.040234 4.579331 0.066000
v 0.340146 4.572082 0.066000
v 0.040000 4.560000 0.065000
v 0.340000 4.560000 0.065000
v 0.040000 4.539333 0.063487
v 0.340000 4.539333 0.063487
v 0.040000 4.518667 0.061973
v 0.340000 4.518667 0.061973
v 0.040000 4.498000 0.060460
v 0.340000 4.498000 0.060460
v 0.040000 4.477334 0.058946
v 0.340000 4.477334 0.058946
v 0.040000 4.456666 0.057433
v 0.340000 4.456666 0.057433
v 0.040000 4.436000 0.055920
v 0.340000 4.436000 0.055920
v 0.040000 4.415333 0.054406
v 0.340000 4.415333 0.054406
v 0.040000 4.394667 0.052893
v 0.340000 4.394667 0.052893
v 0.040000 4.374000 0.051379
v 0.340000 4.374000 0.051379
v 0.040000 4.353333 0.049866
v 0.340000 4.353333 0.049866
v 0.040000 4.332667 0.048353
v 0.340000 4.332667 0.048353
v 0.040000 4.312000 0.046839
v 0.340000 4.312000 0.046839
v 0.040000 4.291333 0.045326
v 0.340000 4.291333 0.045326
v 0.040000 4.270667 0.043812
v 0.340000 4.270667 0.043812
v 0.040000 4.250000 0.042299
v 0.340000 4.250000 0.042299
v 0.040000 4.229333 0.040786
v 0.340000 4.229333 0.040786
v 0.040000 4.208667 0.039272
v 0.340000 4.208667 0.039272
v 0.040000 4.188000 0.037759
v 0.340000 4.188000 0.037759
v 0.040000 4.167333 0.036245
v 0.340000 4.167333 0.036245
v 0.040000 4.146667 0.034732
v 0.340000 4.146667 0.034732
v 0.040000 4.126000 0.033218
v 0.340000 4.126000 0.033218
v 0.040000 4.105333 0.031705
v 0.340000 4.105333 0.031705
v 0.040000 4.084667 0.030192
v 0.340000 4.084667 0.030192
v 0.040000 4.064000 0.028678
v 0.340000 4.064000 0.028678
v 0.040000 4.043334 0.027165
v 0.340000 4.043334 0.027165
v 0.040000 4.022666 0.025651
v 0.340000 4.022666 0.025651
v 0.040000 4.002000 0.024138
v 0.340000 4.002000 0.024138
v 0.040000 3.981333 0.022625
v 0.340000 3.981333 0.022625
v 0.040000 3.960667 0.021111
v 0.340000 3.960667 0.021111
v 0.040000 3.940000 0.019598
v 0.340000 3.940000 0.019598
v 0.040000 3.919333 0.018084
v 0.340000 3.919333 0.018084
v 0.040000 3.898667 0.016571
v 0.340000 3.898667 0.016571
v 0.040000 3.878000 0.015058
v 0.340000 3.878000 0.015058
v 0.040000 3.857333 0.013544
v 0.340000 3.857333 0.013544
v 0.040000 3.836667 0.012031
v 0.340000 3.836667 0.012031
v 0.040000 3.816000 0.010517
v 0.340000 3.816000 0.010517
v 0.040000 3.795333 0.009004
v 0.340000 3.795333 0.009004
v 0.040000 3.774667 0.007491
v 0.340000 3.774667 0.007491
v 0.040000 3.754000 0.005977
v 0.340000 3.754000 0.005977
v 0.040000 3.733333 0.004464
v 0.340000 3.733333 0.004464
v 0.040000 3.712667 0.002950
v 0.340000 3.712667 0.002950
v 0.040000 3.692000 0.001437
v 0.340000 3.692000 0.001437
v 0.040000 3.672377 0.000000
v 0.340000 3.672377 0.000000
v 0.040000 3.671333 0.000000
v 0.340000 3.671333 0.000000
v 0.040000 3.650667 0.000000
v 0.340000 3.650667 0.000000
v 0.040000 3.630000 0.000000
v 0.340000 3.630000 0.000000
v 0.040000 3.609333 0.000000
v 0.340000 3.609333 0.000000
v 0.040000 3.588667 0.000000
v 0.340000 3.588667 0.000000
v 0.040000 3.568000 0.000000
v 0.340000 3.568000 0.000000
v 0.040000 3.547333 0.000000
v 0.340000 3.547333 0.000000
v 0.040000 3.526667 0.000000
v 0.340000 3.526667 0.000000
v 0.040000 3.506000 0.000000
v 0.340000 3.506000 0.000000
v 0.040000 3.485333 0.000000
v 0.340000 3.485333 0.000000
v 0.040000 3.464667 0.000000
v 0.340000 3.464667 0.000000
v 0.040000 3.444000 0.000000
v 0.340000 3.444000 0.000000
v 0.040000 3.423333 0.000000
v 0.340000 3.423333 0.000000
v 0.040000 3.402667 0.000000
v 0.340000 3.402667 0.000000
v 0.040000 3.382000 0.000000
v 0.340000 3.382000 0.000000
v 0.040000 3.361333 0.000000
v 0.340000 3.361333 0.000000
v 0.040000 3.340667 0.000000
v 0.340000 3.340667 0.000000
v 0.040000 3.320000 0.000000
v 0.340000 3.320000 0.000000
v 0.040000 3.299333 0.000000
v 0.340000 3.299333 0.000000
v 0.040000 3.278667 0.000000
v 0.340000 3.278667 0.000000
v 0.040000 3.258000 0.000000
v 0.340000 3.258000 0.000000
v 0.040000 3.237333 0.000000
v 0.340000 3.237333 0.000000
v 0.040000 3.216667 0.000000
v 0.340000 3.216667 0.000000
v 0.040000 3.196000 0.000000
v 0.340000 3.196000 0.000000
v 0.040000 3.175333 0.000000
v 0.340000 3.175333 0.000000
v 0.040000 3.154667 0.000000
v 0.340000 3.154667 0.000000
v 0.040000 3.134000 0.000000
v 0.340000 3.134000 0.000000
v 0.040000 3.113333 0.000000
v 0.340000 3.113333 0.000000
v 0.040000 3.092667 0.000000
v 0.340000 3.092667 0.000000
v 0.040000 3.072000 0.000000
v 0.340000 3.072000 0.000000
v 0.040000 3.051333 0.000000
v 0.340000 3.051333 0.000000
v 0.040000 3.030667 0.000000
v 0.340000 3.030667 0.000000
v 0.040000 3.010000 0.000000
v 0.340000 3.010000 0.000000
v 0.040000 2.989333 0.000000
v 0.340000 2.989333 0.000000
v 0.040000 2.968667 0.000000
v 0.340000 2.968667 0.000000
v 0.040000 2.948000 0.000000
v 0.340000 2.948000 0.000000
v 0.040000 2.927333 0.000000
v 0.340000 2.927333 0.000000
v 0.040000 2.906667 0.000000
v 0.340000 2.906667 0.000000
v 0.040000 2.886000 0.000000
v 0.340000 2.886000 0.000000
v 0.040000 2.865333 0.000000
v 0.340000 2.865333 0.000000
v 0.040000 2.844667 0.000000
v 0.340000 2.844667 0.000000
v 0.040000 2.824000 0.000000
v 0.340000 2.824000 0.000000
v 0.040000 2.803333 0.000000
v 0.340000 2.803333 0.000000
v 0.040000 2.782667 0.000000
v 0.340000 2.782667 0.000000
v 0.040000 2.762000 0.000000
v 0.340000 2.762000 0.000000
v 0.040000 2.741333 0.000000
v 0.340000 2.741333 0.000000
v 0.040000 2.720667 0.000000
v 0.340000 2.720667 0.000000
v 0.040000 2.700000 0.000000
v 0.340000 2.700000 0.000000
v 0.040000 2.679333 0.000000
v 0.340000 2.679333 0.000000
v 0.040000 2.658667 0.000000
v 0.340000 2.658667 0.000000
v 0.040000 2.638000 0.000000
v 0.340000 2.638000 0.000000
v 0.040000 2.617333 0.000000
v 0.340000 2.617333 0.000000
v 0.040000 2.596667 0.000000
v 0.340000 2.596667 0.000000
v 0.040000 2.576000 0.000000
v 0.340000 2.576000 0.000000
v 0.040000 2.555333 0.000000
v 0.340000 2.555333 0.000000
v 0.040000 2.534667 0.000000
v 0.340000 2.534667 0.000000
v 0.040000 2.514000 0.000000
v 0.340000 2.514000 0.000000
v 0.040000 2.493333 0.000000
v 0.340000 2.493333 0.000000
v 0.040000 2.472667 0.000000
v 0.340000 2.472667 0.000000
v 0.040000 2.452000 0.000000
v 0.340000 2.452000 0.000000
v 0.040000 2.431333 0.000000
v 0.340000 2.431333 0.000000
v 0.040000 2.410667 0.000000
v 0.340000 2.410667 0.000000
v 0.040000 2.390000 0.000000
v 0.340000 2.390000 0.000000
v 0.040000 2.369333 0.000000
v 0.340000 2.369333 0.000000
v 0.040000 2.348667 0.000000
v 0.340000 2.348667 0.000000
v 0.040000 2.328000 0.000000
v 0.340000 2.328000 0.000000
v 0.040000 2.307333 0.000000
v 0.340000 2.307333 0.000000
v 0.040000 2.286667 0.000000
v 0.340000 2.286667 0.000000
v 0.040000 2.266000 0.000000
v 0.340000 2.266000 0.000000
v 0.040000 2.245333 0.000000
v 0.340000 2.245333 0.000000
v 0.040000 2.224667 0.000000
v 0.340000 2.224667 0.000000
v 0.040000 2.204000 0.000000
v 0.340000 2.204000 0.000000
v 0.040000 2.183333 0.000000
v 0.340000 2.183333 0.000000
v 0.040000 2.162667 0.000000
v 0.340000 2.162667 0.000000
v 0.040000 2.142000 0.000000
v 0.340000 2.142000 0.000000
v 0.040000 2.121333 0.000000
v 0.340000 2.121333 0.000000
v 0.040000 2.100667 0.000000
v 0.340000 2.100667 0.000000
v 0.040000 2.080000 0.000000
v 0.340000 2.080000 0.000000
v 0.040000 2.059333 0.000000
v 0.340000 2.059333 0.000000
v 0.040000 2.038667 0.000000
v 0.340000 2.038667 0.000000
v 0.040000 2.018000 0.000000
v 0.340000 2.018000 0.000000
v 0.040000 1.997333 0.000000
v 0.340000 1.997333 0.000000
v 0.040000 1.976667 0.000000
v 0.340000 1.976667 0.000000
v 0.040000 1.956000 0.000000
v 0.340000 1.956000 0.000000
v 0.040000 1.935333 0.000000
v 0.340000 1.935333 0.000000
v 0.040000 1.914667 0.000000
v 0.340000 1.914667 0.000000
v 0.040000 1.894000 0.000000
v 0.340000 1.894000 0.000000
v 0.040000 1.873333 0.000000
v 0.340000 1.873333 0.000000
v 0.040000 1.852667 0.000000
v 0.340000 1.852667 0.000000
v 0.040000 1.832000 0.000000
v 0.340000 1.832000 0.000000
v 0.040000 1.811333 0.000000
v 0.340000 1.811333 0.000000
v 0.040000 1.790667 0.000000
v 0.340000 1.790667 0.000000
v 0.040000 1.770000 0.000000
v 0.340000 1.770000 0.000000
v 0.040000 1.749333 0.000000
v 0.340000 1.749333 0.000000
v 0.040000 1.728667 0.000000
v 0.340000 1.728667 0.000000
v 0.040000 1.708000 0.000000
v 0.340000 1.708000 0.000000
v 0.040000 1.687333 0.000000
v 0.340000 1.687333 0.000000
v 0.040000 1.666667 0.000000
v 0.340000 1.666667 0.000000
v 0.040000 1.646000 0.000000
v 0.340000 1.646000 0.000000
v 0.040000 1.625333 0.000000
v 0.340000 1.625333 0.000000
v 0.040000 1.604667 0.000000
v 0.340000 1.604667 0.000000
v 0.040000 1.584000 0.000000
v 0.340000 1.584000 0.000000
v 0.040000 1.563333 0.000000
v 0.340000 1.563333 0.000000
v 0.040000 1.542667 0.000000
v 0.340000 1.542667 0.000000
v 0.040000 1.522000 0.000000
v 0.340000 1.522000 0.000000
v 0.040000 1.501333 0.000000
v 0.340000 1.501333 0.000000
v 0.040000 1.480667 0.000000
v 0.340000 1.480667 0.000000
v 0.040000 1.460000 0.000000
v 0.340000 1.460000 0.000000
v 0.040000 1.439333 0.000000
v 0.340000 1.439333 0.000000
v 0.040000 1.418667 0.000000
v 0.340000 1.418667 0.000000
v 0.040000 1.398000 0.000000
v 0.340000 1.398000 0.000000
v 0.040000 1.377333 0.000000
v 0.340000 1.377333 0.000000
v 0.040000 1.356667 0.000000
v 0.340000 1.356667 0.000000
v 0.040000 1.336000 0.000000
v 0.340000 1.336000 0.000000
v 0.040000 1.315333 0.000000
v 0.340000 1.315333 0.000000
v 0.040000 1.294667 0.000000
v 0.340000 1.294667 0.000000
v 0.040000 1.274000 0.000000
v 0.340000 1.274000 0.000000
v 0.040000 1.253333 0.000000
v 0.340000 1.253333 0.000000
v 0.040000 1.232667 0.000000
v 0.340000 1.232667 0.000000
v 0.040000 1.212000 0.000000
v 0.340000 1.212000 0.000000
v 0.040000 1.191333 0.000000
v 0.340000 1.191333 0.000000
v 0.040000 1.170667 0.000000
v 0.340000 1.170667 0.000000
v 0.040000 1.150000 0.000000
v 0.340000 1.150000 0.000000
v 0.040000 1.129333 0.000000
v 0.340000 1.129333 0.000000
v 0.040000 1.108667 0.000000
v 0.340000 1.108667 0.000000
v 0.040000 1.088000 0.000000
v 0.340000 1.088000 0.000000
v 0.040000 1.067333 0.000000
v 0.340000 1.067333 0.000000
v 0.040000 1.046667 0.000000
v 0.340000 1.046667 0.000000
v 0.040000 1.026000 0.000000
v 0.340000 1.026000 0.000000
v 0.040000 1.005333 0.000000
v 0.340000 1.005333 0.000000
v 0.040000 0.984667 0.000000
v 0.340000 0.984667 0.000000
v 0.040000 0.964000 0.000000
v 0.340000 0.964000 0.000000
v 0.040000 0.943333 0.000000
v 0.340000 0.943333 0.000000
v 0.040000 0.922667 0.000000
v 0.340000 0.922667 0.000000
v 0.040000 0.902000 0.000000
v 0.340000 0.902000 0.000000
v 0.040000 0.881333 0.000000
v 0.340000 0.881333 0.000000
v 0.040000 0.860667 0.000000
v 0.340000 0.860667 0.000000
v 0.040000 0.840000 0.000000
v 0.340000 0.840000 0.000000
v 0.040234 0.820669 0.000117
v 0.340146 0.827918 0.000117
v 0.040934 0.801349 0.000466
v 0.340584 0.815843 0.000466
v 0.042101 0.782052 0.001044
v 0.341313 0.803783 0.001044
v 0.043735 0.762789 0.001846
v 0.342334 0.791743 0.001846
v 0.045833 0.743571 0.002864
v 0.343646 0.779732 0.002864
v 0.048395 0.724409 0.004088
v 0.345247 0.767755 0.004088
v 0.051419 0.705314 0.005508
v 0.347137 0.755821 0.005508
v 0.054904 0.686299 0.007110
v 0.349315 0.743937 0.007110
v 0.058847 0.667373 0.008879
v 0.351779 0.732108 0.008879
v 0.063247 0.648547 0.010798
v 0.354529 0.720342 0.010798
v 0.068100 0.629834 0.012850
v 0.357562 0.708646 0.012850
v 0.073403 0.611243 0.015016
v 0.360877 0.697027 0.015016
v 0.079155 0.592786 0.017275
v 0.364472 0.685492 0.017275
v 0.085351 0.574474 0.019605
v 0.368344 0.674046 0.019605
v 0.091987 0.556316 0.021987
v 0.372492 0.662698 0.021987
v 0.099060 0.538324 0.024396
v 0.376913 0.651453 0.024396
v 0.106566 0.520508 0.026811
v 0.381604 0.640318 0.026811
v 0.114501 0.502879 0.029209
v 0.386563 0.629299 0.029209
v 0.122858 0.485447 0.031568
v 0.391787 0.618404 0.031568
v 0.131635 0.468221 0.033865
v 0.397272 0.607638 0.033865
v 0.140826 0.451213 0.036080
v 0.403016 0.597008 0.036080
v 0.150424 0.434432 0.038191
v 0.409015 0.586520 0.038191
v 0.160426 0.417888 0.040179
v 0.415266 0.576180 0.040179
v 0.170824 0.401590 0.042025
v 0.421765 0.565994 0.042025
v 0.181613 0.385548 0.043713
v 0.428508 0.555968 0.043713
v 0.192786 0.369772 0.045225
v 0.435492 0.546107 0.045225
v 0.204338 0.354270 0.046549
v 0.442711 0.536419 0.046549
v 0.216261 0.339052 0.047672
v 0.450163 0.526907 0.047672
v 0.228547 0.324126 0.048583
v 0.457842 0.517579 0.048583
v 0.241191 0.309502 0.049274
v 0.465745 0.508439 0.049274
v 0.254185 0.295187 0.049738
v 0.473866 0.499492 0.049738
v 0.267521 0.281191 0.049971
v 0.482201 0.490744 0.049971
v 0.274315 0.274315 0.050000
v 0.486447 0.486447 0.050000
v 0.281191 0.267521 0.049971
v 0.490744 0.482201 0.049971
v 0.295187 0.254185 0.049738
v 0.499492 0.473866 0.049738
v 0.309502 0.241191 0.049274
v 0.508439 0.465745 0.049274
v 0.324126 0.228547 0.048583
v 0.517579 0.457842 0.048583
v 0.339052 0.216261 0.047672
v 0.526907 0.450163 0.047672
v 0.354270 0.204338 0.046549
v 0.536419 0.442711 0.046549
v 0.369772 0.192786 0.045225
v 0.546107 0.435492 0.045225
v 0.385548 0.181613 0.043713
v 0.555968 0.428508 0.043713
v 0.401590 0.170824 0.042025
v 0.565994 0.421765 0.042025
v 0.417888 0.160426 0.040179
v 0.576180 0.415266 0.040179
v 0.434432 0.150424 0.038191
v 0.586520 0.409015 0.038191
v 0.451213 0.140826 0.036080
v 0.597008 0.403016 0.036080
v 0.468221 0.131635 0.033865
v 0.607638 0.397272 0.033865
v 0.485447 0.122858 0.031568
v 0.618404 0.391787 0.031568
v 0.502879 0.114501 0.029209
v 0.629299 0.386563 0.029209
v 0.520508 0.106566 0.026811
v 0.640318 0.381604 0.026811
v 0.538324 0.099060 0.024396
v 0.651453 0.376913 0.024396
v 0.556316 0.091987 0.021987
v 0.662698 0.372492 0.021987
v 0.574474 0.085351 0.019605
v 0.674046 0.368344 0.019605
v 0.592786 0.079155 0.017275
v 0.685492 0.364472 0.017275
v 0.611243 0.073403 0.015016
v 0.697027 0.360877 0.015016
v 0.629834 0.068100 0.012850
v 0.708646 0.357562 0.012850
v 0.648547 0.063247 0.010798
v 0.720342 0.354529 0.010798
v 0.667373 0.058847 0.008879
v 0.732108 0.351779 0.008879
v 0.686299 0.054904 0.007110
v 0.743937 0.349315 0.007110
v 0.705314 0.051419 0.005508
v 0.755821 0.347137 0.005508
v 0.724409 0.048395 0.004088
v 0.767755 0.345247 0.004088
v 0.743571 0.045833 0.002864
v 0.779732 0.343646 0.002864
v 0.762789 0.043735 0.001846
v 0.791743 0.342334 0.001846
v 0.782052 0.042101 0.001044
v 0.803783 0.341313 0.001044
v 0.801349 0.040934 0.000466
v 0.815843 0.340584 0.000466
v 0.820669 0.040234 0.000117
v 0.827918 0.340146 0.000117
vn 0.001779 0.000000 0.999999
vn 0.004278 -0.000052 0.999991
vn 0.000000 0.000000 1.000000
vn 0.000000 0.000000 1.000000
vn 0.000000 0.000000 1.000000
vn 0.000000 0.000000 1.000000
vn 0.000000 0.000000 1.000000
vn 0.000000 0.000000 1.000000
vn 0.000000 0.000000 1.000000
vn 0.000000 0.000000 1.000000
vn 0.000000 0.000000 1.000000
vn 0.000000 0.000000 1.000000
vn 0.000000 0.000000 1.000000
vn 0.000000 0.000000 1.000000
vn 0.000000 0.000000 1.000000
vn 0.000000 0.000000 1.000000
vn 0.000000 0.000000 1.000000
vn 0.000000 0.000000 1.000000
vn 0.000000 0.000000 1.000000
vn 0.000000 0.000000 1.000000
vn 0.000000 0.000000 1.000000
vn 0.000000 0.000000 1.000000
vn 0.000000 0.000000 1.000000
vn 0.000000 0.000000 1.000000
vn 0.000000 0.000000 1.000000
vn 0.000000 0.000000 1.000000
vn 0.000000 0.000000 1.000000
vn 0.000000 0.000000 1.000000
vn 0.000000 0.000000 1.000000
vn 0.000000 0.000000 1.000000
vn 0.000000 0.000000 1.000000
vn 0.000000 0.000000 1.000000
vn 0.000000 0.000000 1.000000
vn 0.000000 0.000000 1.000000
vn 0.000000 0.000000 1.000000
vn 0.000000 0.000000 1.000000
vn 0.000000 0.000000 1.000000
vn 0.000000 0.000000 1.000000
vn 0.000000 0.000000 1.000000
vn 0.000000 0.000000 1.000000
vn 0.000000 0.000000 1.000000
vn 0.000000 0.000000 1.000000
vn 0.000000 0.000000 1.000000
vn 0.000000 0.000000 1.000000
vn 0.000000 0.000000 1.000000
vn 0.000000 0.000000 1.000000
vn 0.000000 0.000000 1.000000
vn 0.000000 0.000000 1.000000
vn 0.000000 0.000000 1.000000
vn 0.000000 0.000000 1.000000
vn 0.000000 0.000000 1.000000
vn 0.000000 0.000000 1.000000
vn 0.000000 0.000000 1.000000
vn 0.000000 0.000000 1.000000
vn 0.000000 0.000000 1.000000
vn 0.000000 0.000000 1.000000
vn 0.000000 0.000000 1.000000
vn 0.000000 0.000000 1.000000
vn 0.000000 0.000000 1.000000
vn 0.000000 0.000000 1.000000
vn 0.000000 0.000000 1.000000
vn 0.000000 0.000000 1.000000
vn 0.000000 0.000000 1.000000
vn 0.000000 0.000000 1.000000
vn 0.000000 0.000000 1.000000
vn 0.000000 0.000000 1.000000
vn 0.000000 0.000000 1.000000
vn 0.000000 0.000000 1.000000
vn 0.000000 0.000000 1.000000
vn 0.000000 0.000000 1.000000
vn 0.000000 0.000000 1.000000
vn 0.000000 0.000000 1.000000
vn 0.000000 0.000000 1.000000
vn 0.000000 0.000000 1.000000
vn 0.000000 0.000000 1.000000
vn 0.000000 0.000000 1.000000
vn 0.000000 0.000000 1.000000
vn 0.000000 0.000000 1.000000
vn 0.000000 0.000000 1.000000
vn 0.000000 0.000000 1.000000
vn 0.000000 0.000000 1.000000
vn 0.000000 0.000000 1.000000
vn 0.000000 0.000000 1.000000
vn 0.000000 0.000000 1.000000
vn 0.000000 0.000000 1.000000
vn 0.000000 0.000000 1.000000
vn 0.000000 0.000000 1.000000
vn 0.000000 0.000000 1.000000
vn 0.000000 0.000000 1.000000
vn 0.000000 0.000000 1.000000
vn 0.000000 0.000000 1.000000
vn 0.000000 0.000000 1.000000
vn 0.000000 0.000000 1.000000
vn 0.000000 0.000000 1.000000
vn 0.000000 0.000000 1.000000
vn 0.000000 0.000000 1.000000
vn 0.000000 0.000000 1.000000
vn 0.000000 0.000000 1.000000
vn 0.000000 0.000000 1.000000
vn 0.000000 0.000000 1.000000
vn 0.000000 0.000000 1.000000
vn 0.000000 0.000000 1.000000
vn 0.000000 0.000000 1.000000
vn 0.000000 0.000000 1.000000
vn 0.000000 0.000000 1.000000
vn 0.000000 0.000000 1.000000
vn 0.000000 0.000000 1.000000
vn 0.000000 0.000000 1.000000
vn 0.000000 0.000000 1.000000
vn 0.000000 0.000000 1.000000
vn 0.000000 0.000000 1.000000
vn 0.000000 0.000000 1.000000
vn 0.000000 0.000000 1.000000
vn 0.000000 0.000000 1.000000
vn 0.000000 0.000000 1.000000
vn 0.000000 0.000000 1.000000
vn 0.000000 0.000000 1.000000
vn 0.000000 0.000000 1.000000
vn 0.000000 0.000000 1.000000
vn 0.000000 0.000000 1.000000
vn 0.000000 0.000000 1.000000
vn 0.000000 0.000000 1.000000
vn 0.000000 0.000000 1.000000
vn 0.000000 0.000000 1.000000
vn 0.000000 0.000000 1.000000
vn 0.000000 0.000000 1.000000
vn 0.000000 0.000000 1.000000
vn 0.000000 0.000000 1.000000
vn 0.000000 0.000000 1.000000
vn 0.000000 0.000000 1.000000
vn 0.000000 0.000000 1.000000
vn 0.000000 0.000000 1.000000
vn 0.000000 0.000000 1.000000
vn 0.000000 0.000000 1.000000
vn 0.000000 0.000000 1.000000
vn 0.000000 0.000000 1.000000
vn 0.000000 0.000000 1.000000
vn 0.000000 0.000000 1.000000
vn 0.000000 0.000000 1.000000
vn 0.000000 0.000000 1.000000
vn -0.004278 -0.000052 0.999991
vn -0.002000 0.000000 0.999998
vn -0.016044 -0.000554 0.999871
vn -0.013387 -0.000259 0.999910
vn -0.029599 -0.001707 0.999560
vn -0.029301 -0.001223 0.999570
vn -0.042809 -0.003491 0.999077
vn -0.044872 -0.002937 0.998988
vn -0.055522 -0.005870 0.998440
vn -0.059920 -0.005364 0.998189
vn -0.067596 -0.008794 0.997674
vn -0.074271 -0.008450 0.997202
vn -0.078898 -0.012202 0.996808
vn -0.087768 -0.012131 0.996067
vn -0.089310 -0.016024 0.995875
vn -0.100264 -0.016329 0.994827
vn -0.098724 -0.020182 0.994910
vn -0.111632 -0.020954 0.993529
vn -0.107049 -0.024587 0.993950
vn -0.121760 -0.025909 0.992221
vn -0.114207 -0.029149 0.993029
vn -0.130554 -0.031090 0.990954
vn -0.120141 -0.033771 0.992182
vn -0.137942 -0.036388 0.989772
vn -0.124801 -0.038354 0.991440
vn -0.143867 -0.041690 0.988718
vn -0.128160 -0.042798 0.990830
vn -0.148289 -0.046879 0.987832
vn -0.130206 -0.047004 0.990372
vn -0.151190 -0.051842 0.987144
vn -0.130935 -0.050872 0.990085
vn -0.152566 -0.056465 0.986679
vn -0.130364 -0.054307 0.989978
vn -0.152428 -0.060636 0.986453
vn -0.128523 -0.057219 0.990054
vn -0.150806 -0.064249 0.986473
vn -0.125454 -0.059522 0.990312
vn -0.147742 -0.067202 0.986740
vn -0.121212 -0.061136 0.990742
vn -0.143293 -0.069401 0.987244
vn -0.115864 -0.061991 0.991329
vn -0.137532 -0.070758 0.987967
vn -0.109490 -0.062025 0.992051
vn -0.130540 -0.071197 0.988883
vn -0.102181 -0.061187 0.992882
vn -0.122419 -0.070653 0.989960
vn -0.094037 -0.059439 0.993793
vn -0.113276 -0.069072 0.991160
vn -0.085167 -0.056753 0.994749
vn -0.103232 -0.066415 0.992438
vn -0.075690 -0.053117 0.995716
vn -0.092418 -0.062660 0.993747
vn -0.065731 -0.048533 0.996656
vn -0.080977 -0.057800 0.995039
vn -0.055420 -0.043019 0.997536
vn -0.069057 -0.051847 0.996265
vn -0.044891 -0.036609 0.998321
vn -0.056812 -0.044830 0.997378
vn -0.034279 -0.029351 0.998981
vn -0.044401 -0.036800 0.998336
vn -0.023720 -0.021310 0.999492
vn -0.031984 -0.027823 0.999101
vn -0.013348 -0.012565 0.999832
vn -0.019719 -0.017987 0.999644
vn -0.005947 -0.005819 0.999965
vn -0.009570 -0.009131 0.999913
vn 0.000804 0.000823 0.999999
vn -0.000961 -0.000938 0.999999
vn 0.008325 0.008725 0.999927
vn 0.007337 0.007498 0.999945
vn 0.015419 0.016904 0.999738
vn 0.014658 0.015571 0.999771
vn 0.023854 0.027421 0.999339
vn 0.024857 0.027669 0.999308
vn 0.031556 0.038075 0.998776
vn 0.034230 0.039978 0.998614
vn 0.038452 0.048730 0.998072
vn 0.042684 0.052341 0.997717
vn 0.044484 0.059250 0.997252
vn 0.050144 0.064599 0.996651
vn 0.049608 0.069500 0.996348
vn 0.056554 0.076594 0.995457
vn 0.053797 0.079347 0.995394
vn 0.061874 0.088169 0.994182
vn 0.057041 0.088662 0.994427
vn 0.066087 0.099174 0.992873
vn 0.059343 0.097321 0.993482
vn 0.069191 0.109465 0.991580
vn 0.060720 0.105210 0.992595
vn 0.071203 0.118907 0.990349
vn 0.061206 0.112222 0.991796
vn 0.072156 0.127375 0.989226
vn 0.060843 0.118260 0.991117
vn 0.072098 0.134756 0.988252
vn 0.059687 0.123238 0.990581
vn 0.071089 0.140945 0.987462
vn 0.057804 0.127081 0.990207
vn 0.069202 0.145856 0.986883
vn 0.055268 0.129725 0.990008
vn 0.066518 0.149411 0.986535
vn 0.052160 0.131122 0.989993
vn 0.063132 0.151547 0.986432
vn 0.048569 0.131232 0.990161
vn 0.059140 0.152216 0.986576
vn 0.044587 0.130033 0.990507
vn 0.054649 0.151383 0.986963
vn 0.040311 0.127515 0.991017
vn 0.049768 0.149031 0.987579
vn 0.035840 0.123683 0.991674
vn 0.044609 0.145155 0.988403
vn 0.031274 0.118557 0.992455
vn 0.039289 0.139771 0.989404
vn 0.026713 0.112172 0.993330
vn 0.033922 0.132910 0.990548
vn 0.022254 0.104581 0.994267
vn 0.028623 0.124619 0.991792
vn 0.017991 0.095849 0.995233
vn 0.023502 0.114967 0.993091
vn 0.014015 0.086059 0.996192
vn 0.018667 0.104040 0.994398
vn 0.010409 0.075308 0.997106
vn 0.014219 0.091942 0.995663
vn 0.007248 0.063708 0.997942
vn 0.010251 0.078795 0.996838
vn 0.004599 0.051385 0.998668
vn 0.006844 0.064739 0.997879
vn 0.002518 0.038473 0.999256
vn 0.004072 0.049927 0.998745
vn 0.001049 0.025118 0.999684
vn 0.001991 0.034527 0.999402
vn 0.000222 0.011475 0.999934
vn 0.000646 0.018717 0.999825
vn 0.000000 0.001924 0.999998
vn 0.000054 0.004481 0.999990
vn 0.000000 0.000000 1.000000
vn 0.000000 0.000000 1.000000
vn 0.000000 0.000000 1.000000
vn 0.000000 0.000000 1.000000
vn 0.000000 0.000000 1.000000
vn 0.000000 0.000000 1.000000
vn 0.000000 0.000000 1.000000
vn 0.000000 0.000000 1.000000
vn 0.000000 0.000000 1.000000
vn 0.000000 0.000000 1.000000
vn 0.000000 0.000000 1.000000
vn 0.000000 0.000000 1.000000
vn 0.000000 0.000000 1.000000
vn 0.000000 0.000000 1.000000
vn 0.000000 0.000000 1.000000
vn 0.000000 0.000000 1.000000
vn 0.000000 0.000000 1.000000
vn 0.000000 0.000000 1.000000
vn 0.000000 0.000000 1.000000
vn 0.000000 0.000000 1.000000
vn 0.000000 0.000000 1.000000
vn 0.000000 0.000000 1.000000
vn 0.000000 0.000000 1.000000
vn 0.000000 0.000000 1.000000
vn 0.000000 0.000000 1.000000
vn 0.000000 0.000000 1.000000
vn 0.000000 0.000000 1.000000
vn 0.000000 0.000000 1.000000
vn 0.000000 0.000000 1.000000
vn 0.000000 0.000000 1.000000
vn 0.000000 0.000000 1.000000
vn 0.000000 0.000000 1.000000
vn 0.000000 0.000000 1.000000
vn 0.000000 0.000000 1.000000
vn 0.000000 0.000000 1.000000
vn 0.000000 0.000000 1.000000
vn 0.000000 0.000000 1.000000
vn 0.000000 0.000000 1.000000
vn 0.000000 0.000000 1.000000
vn 0.000000 0.000000 1.000000
vn 0.000000 0.000000 1.000000
vn 0.000000 0.000000 1.000000
vn 0.000000 0.000000 1.000000
vn 0.000000 0.000000 1.000000
vn 0.000000 0.000000 1.000000
vn 0.000000 0.000000 1.000000
vn 0.000000 0.000000 1.000000
vn 0.000000 0.000000 1.000000
vn 0.000000 0.000000 1.000000
vn 0.000000 0.000000 1.000000
vn 0.000000 0.000000 1.000000
vn 0.000000 0.000000 1.000000
vn 0.000000 0.000000 1.000000
vn 0.000000 0.000000 1.000000
vn 0.000000 0.000000 1.000000
vn 0.000000 0.000000 1.000000
vn 0.000000 0.000000 1.000000
vn 0.000000 0.000000 1.000000
vn 0.000000 0.000000 1.000000
vn 0.000000 0.000000 1.000000
vn 0.000000 0.000000 1.000000
vn 0.000000 0.000000 1.000000
vn 0.000000 0.000000 1.000000
vn 0.000000 0.000000 1.000000
vn 0.000000 0.000000 1.000000
vn 0.000000 0.000000 1.000000
vn 0.000000 0.000000 1.000000
vn 0.000000 0.000000 1.000000
vn 0.000000 0.000000 1.000000
vn 0.000000 0.000000 1.000000
vn 0.000000 0.000000 1.000000
vn 0.000000 0.000000 1.000000
vn 0.000000 0.000000 1.000000
vn 0.000000 0.000000 1.000000
vn 0.000000 0.000000 1.000000
vn 0.000000 0.000000 1.000000
vn 0.000000 0.000000 1.000000
vn 0.000000 0.000000 1.000000
vn 0.000000 0.000000 1.000000
vn 0.000000 0.000000 1.000000
vn 0.000000 0.000000 1.000000
vn 0.000000 0.000000 1.000000
vn 0.000000 0.000000 1.000000
vn 0.000000 0.000000 1.000000
vn 0.000000 0.000000 1.000000
vn 0.000000 0.000000 1.000000
vn 0.000000 0.000000 1.000000
vn 0.000000 0.000000 1.000000
vn 0.000000 0.000000 1.000000
vn 0.000000 0.000000 1.000000
vn 0.000000 0.000000 1.000000
vn 0.000000 0.000000 1.000000
vn 0.000000 0.000000 1.000000
vn 0.000000 0.000000 1.000000
vn 0.000000 0.000000 1.000000
vn 0.000000 0.000000 1.000000
vn 0.000000 0.000000 1.000000
vn 0.000000 0.000000 1.000000
vn 0.000000 0.000000 1.000000
vn 0.000000 0.000000 1.000000
vn 0.000000 0.000000 1.000000
vn 0.000000 0.000000 1.000000
vn 0.000000 0.000000 1.000000
vn 0.000000 0.000000 1.000000
vn 0.000000 0.000000 1.000000
vn 0.000000 0.000000 1.000000
vn 0.000000 0.000000 1.000000
vn 0.000000 0.000000 1.000000
vn 0.000000 0.000000 1.000000
vn 0.000000 0.000000 1.000000
vn 0.000000 0.000000 1.000000
vn 0.000000 0.000000 1.000000
vn 0.000000 0.000000 1.000000
vn 0.000000 0.000000 1.000000
vn 0.000000 0.000000 1.000000
vn 0.000000 0.000000 1.000000
vn 0.000000 0.000000 1.000000
vn 0.000000 0.000000 1.000000
vn 0.000000 0.000000 1.000000
vn 0.000000 0.000000 1.000000
vn 0.000000 0.000000 1.000000
vn 0.000000 0.000000 1.000000
vn 0.000000 0.000000 1.000000
vn 0.000000 0.000000 1.000000
vn 0.000000 0.000000 1.000000
vn 0.000000 0.000000 1.000000
vn 0.000000 0.000000 1.000000
vn 0.000000 0.000000 1.000000
vn 0.000000 0.000000 1.000000
vn 0.000000 0.000000 1.000000
vn 0.000000 0.000000 1.000000
vn 0.000000 0.000000 1.000000
vn 0.000000 0.000000 1.000000
vn 0.000000 0.000000 1.000000
vn 0.000000 0.000000 1.000000
vn 0.000000 0.000000 1.000000
vn 0.000000 0.000000 1.000000
vn 0.000000 0.000000 1.000000
vn 0.000000 0.000000 1.000000
vn 0.000000 0.000000 1.000000
vn 0.000000 0.000000 1.000000
vn 0.000000 0.000000 1.000000
vn 0.000000 0.000000 1.000000
vn 0.000000 0.000000 1.000000
vn 0.000000 0.000000 1.000000
vn 0.000000 0.000000 1.000000
vn 0.000000 0.000000 1.000000
vn 0.000000 0.000000 1.000000
vn 0.000000 0.000000 1.000000
vn 0.000000 0.000000 1.000000
vn 0.000000 0.000000 1.000000
vn 0.000000 0.000000 1.000000
vn 0.000000 0.000000 1.000000
vn 0.000000 0.000000 1.000000
vn 0.000000 0.000000 1.000000
vn 0.000000 0.000000 1.000000
vn 0.000000 0.000000 1.000000
vn 0.000000 0.000000 1.000000
vn 0.000000 0.000000 1.000000
vn 0.000000 0.000000 1.000000
vn 0.000000 0.000000 1.000000
vn 0.000000 0.000000 1.000000
vn 0.000000 0.000000 1.000000
vn 0.000000 0.000000 1.000000
vn 0.000000 0.000000 1.000000
vn 0.000000 0.000000 1.000000
vn 0.000000 0.000000 1.000000
vn 0.000000 0.000000 1.000000
vn 0.000000 0.000000 1.000000
vn 0.000000 0.000000 1.000000
vn 0.000000 0.000000 1.000000
vn 0.000000 0.000000 1.000000
vn 0.000000 0.000000 1.000000
vn 0.000000 0.000000 1.000000
vn 0.000000 0.000000 1.000000
vn 0.000000 0.000000 1.000000
vn 0.000000 0.000000 1.000000
vn 0.000000 0.000000 1.000000
vn 0.000000 0.000000 1.000000
vn 0.000000 0.000000 1.000000
vn 0.000000 0.000000 1.000000
vn 0.000000 0.000000 1.000000
vn 0.000000 0.000000 1.000000
vn 0.000000 0.000000 1.000000
vn 0.000000 0.000000 1.000000
vn 0.000000 0.000000 1.000000
vn 0.000000 0.000000 1.000000
vn 0.000000 0.000000 1.000000
vn 0.000000 0.000000 1.000000
vn 0.000000 0.000000 1.000000
vn 0.000000 0.000000 1.000000
vn 0.000000 0.000000 1.000000
vn 0.000000 0.000000 1.000000
vn 0.000000 0.000000 1.000000
vn 0.000000 0.000000 1.000000
vn 0.000000 0.000000 1.000000
vn 0.000000 0.000000 1.000000
vn 0.000000 0.000000 1.000000
vn 0.000000 0.000000 1.000000
vn 0.000000 0.000000 1.000000
vn 0.000000 0.000000 1.000000
vn 0.000000 0.000000 1.000000
vn 0.000000 0.000000 1.000000
vn 0.000000 0.000000 1.000000
vn 0.000000 0.000000 1.000000
vn 0.000000 0.000000 1.000000
vn 0.000000 0.000000 1.000000
vn 0.000000 0.000000 1.000000
vn 0.000000 0.000000 1.000000
vn 0.000000 0.000000 1.000000
vn 0.000000 0.000000 1.000000
vn 0.000000 0.000000 1.000000
vn 0.000000 0.000000 1.000000
vn 0.000000 0.000000 1.000000
vn 0.000000 0.000000 1.000000
vn 0.000000 0.000000 1.000000
vn 0.000000 0.000000 1.000000
vn 0.000000 0.000000 1.000000
vn 0.000000 0.000000 1.000000
vn 0.000000 0.000000 1.000000
vn 0.000000 0.000000 1.000000
vn 0.000000 0.000000 1.000000
vn 0.000000 0.000000 1.000000
vn 0.000000 0.000000 1.000000
vn 0.000000 0.000000 1.000000
vn 0.000000 0.000000 1.000000
vn 0.000000 0.000000 1.000000
vn 0.000000 0.000000 1.000000
vn 0.000000 0.000000 1.000000
vn 0.000000 0.000000 1.000000
vn 0.000000 0.000000 1.000000
vn 0.000000 0.000000 1.000000
vn 0.000000 0.000000 1.000000
vn 0.000000 0.000000 1.000000
vn 0.000000 0.000000 1.000000
vn 0.000000 0.000000 1.000000
vn 0.000000 0.000000 1.000000
vn 0.000000 0.000000 1.000000
vn 0.000000 0.000000 1.000000
vn 0.000000 0.000000 1.000000
vn 0.000000 0.000000 1.000000
vn 0.000000 0.000000 1.000000
vn 0.000000 0.000000 1.000000
vn 0.000000 0.000000 1.000000
vn 0.000000 0.000000 1.000000
vn 0.000000 0.000000 1.000000
vn 0.000000 0.000000 1.000000
vn 0.000000 0.000000 1.000000
vn 0.000000 0.000000 1.000000
vn 0.000000 0.000000 1.000000
vn 0.000000 0.000000 1.000000
vn 0.000000 0.000000 1.000000
vn 0.000000 0.000000 1.000000
vn 0.000000 0.000000 1.000000
vn 0.000000 0.000000 1.000000
vn 0.000000 0.000000 1.000000
vn 0.000000 0.000000 1.000000
vn 0.000000 0.000000 1.000000
vn 0.000000 0.000000 1.000000
vn 0.000000 0.000000 1.000000
vn 0.000000 0.000000 1.000000
vn 0.000000 0.000000 1.000000
vn 0.000000 0.000000 1.000000
vn 0.000000 0.000000 1.000000
vn 0.000000 0.000000 1.000000
vn 0.000000 0.000000 1.000000
vn 0.000000 0.000000 1.000000
vn 0.000000 0.000000 1.000000
vn 0.000000 0.000000 1.000000
vn 0.000000 0.000000 1.000000
vn 0.000000 0.000000 1.000000
vn 0.000000 0.000000 1.000000
vn 0.000000 0.000000 1.000000
vn 0.000000 0.000000 1.000000
vn 0.000000 -0.071152 0.997465
vn 0.000000 -0.066045 0.997817
vn 0.000000 -0.073034 0.997329
vn 0.000000 -0.073034 0.997329
vn 0.000000 -0.073034 0.997329
vn 0.000000 -0.073033 0.997329
vn 0.000000 -0.073034 0.997329
vn 0.000000 -0.073034 0.997329
vn 0.000000 -0.073034 0.997329
vn 0.000000 -0.073034 0.997329
vn 0.000000 -0.073033 0.997329
vn 0.000000 -0.073034 0.997329
vn 0.000000 -0.073034 0.997329
vn 0.000000 -0.073033 0.997329
vn 0.000000 -0.073034 0.997329
vn 0.000000 -0.073034 0.997329
vn 0.000000 -0.073033 0.997329
vn 0.000000 -0.073034 0.997329
vn 0.000000 -0.073034 0.997329
vn 0.000000 -0.073033 0.997329
vn 0.000000 -0.073034 0.997329
vn 0.000000 -0.073034 0.997329
vn 0.000000 -0.073034 0.997329
vn 0.000000 -0.073034 0.997329
vn 0.000000 -0.073033 0.997329
vn 0.000000 -0.073034 0.997329
vn 0.000000 -0.073034 0.997329
vn 0.000000 -0.073033 0.997329
vn 0.000000 -0.073034 0.997329
vn 0.000000 -0.073034 0.997329
vn 0.000000 -0.073034 0.997329
vn 0.000000 -0.073034 0.997329
vn 0.000000 -0.073034 0.997329
vn 0.000000 -0.073034 0.997329
vn 0.000000 -0.073033 0.997330
vn 0.000000 -0.073033 0.997329
vn 0.000000 -0.073033 0.997329
vn 0.000000 -0.073033 0.997330
vn 0.000000 -0.073034 0.997329
vn 0.000000 -0.073034 0.997329
vn 0.000000 -0.073034 0.997329
vn 0.000000 -0.073034 0.997329
vn 0.000000 -0.073034 0.997329
vn 0.000000 -0.073034 0.997329
vn 0.000000 -0.073034 0.997329
vn 0.000000 -0.073034 0.997329
vn 0.000000 -0.073034 0.997329
vn 0.000000 -0.073034 0.997329
vn 0.000000 -0.073033 0.997330
vn 0.000000 -0.073033 0.997329
vn 0.000000 -0.073033 0.997329
vn 0.000000 -0.073033 0.997330
vn 0.000000 -0.073034 0.997329
vn 0.000000 -0.073034 0.997329
vn 0.000000 -0.073034 0.997329
vn 0.000000 -0.073034 0.997329
vn 0.000000 -0.073034 0.997329
vn 0.000000 -0.073034 0.997329
vn 0.000000 -0.073034 0.997329
vn 0.000000 -0.073034 0.997329
vn 0.000000 -0.073034 0.997329
vn 0.000000 -0.073034 0.997329
vn 0.000000 -0.073033 0.997330
vn 0.000000 -0.073033 0.997329
vn 0.000000 -0.073033 0.997329
vn 0.000000 -0.073033 0.997330
vn 0.000000 -0.073034 0.997329
vn 0.000000 -0.073034 0.997329
vn 0.000000 -0.073034 0.997329
vn 0.000000 -0.073034 0.997329
vn 0.000000 -0.073034 0.997329
vn 0.000000 -0.073034 0.997329
vn 0.000000 -0.073034 0.997329
vn 0.000000 -0.073034 0.997329
vn 0.000000 -0.073034 0.997329
vn 0.000000 -0.073034 0.997329
vn 0.000000 -0.073033 0.997330
vn 0.000000 -0.073033 0.997329
vn 0.000000 -0.073033 0.997329
vn 0.000000 -0.073033 0.997330
vn 0.000000 -0.073034 0.997329
vn 0.000000 -0.073034 0.997329
vn 0.000000 -0.073034 0.997329
vn 0.000000 -0.073034 0.997329
vn 0.000000 -0.073034 0.997329
vn 0.000000 -0.073034 0.997329
vn 0.000463 -0.067304 0.997732
vn 0.000000 -0.075173 0.997170
vn 0.001901 -0.058983 0.998257
vn 0.001108 -0.068797 0.997630
vn 0.003326 -0.058919 0.998257
vn 0.002771 -0.068750 0.997630
vn 0.004749 -0.058823 0.998257
vn 0.004431 -0.068663 0.997630
vn 0.006169 -0.058690 0.998257
vn 0.006089 -0.068536 0.997630
vn 0.007585 -0.058524 0.998257
vn 0.007743 -0.068369 0.997630
vn 0.008997 -0.058324 0.998257
vn 0.009393 -0.068161 0.997630
vn 0.010404 -0.058089 0.998257
vn 0.011037 -0.067915 0.997630
vn 0.011804 -0.057821 0.998257
vn 0.012675 -0.067628 0.997630
vn 0.013198 -0.057519 0.998257
vn 0.014306 -0.067302 0.997630
vn 0.014584 -0.057183 0.998257
vn 0.015928 -0.066937 0.997630
vn 0.015961 -0.056814 0.998257
vn 0.017540 -0.066532 0.997630
vn 0.017330 -0.056412 0.998257
vn 0.019143 -0.066090 0.997630
vn 0.018688 -0.055976 0.998257
vn 0.020734 -0.065607 0.997630
vn 0.020035 -0.055509 0.998257
vn 0.022314 -0.065088 0.997630
vn 0.021370 -0.055008 0.998257
vn 0.023880 -0.064529 0.997630
vn 0.022693 -0.054476 0.998257
vn 0.025432 -0.063933 0.997630
vn 0.024003 -0.053911 0.998257
vn 0.026970 -0.063300 0.997630
vn 0.025299 -0.053316 0.998257
vn 0.028491 -0.062630 0.997630
vn 0.026580 -0.052689 0.998257
vn 0.029996 -0.061923 0.997630
vn 0.027845 -0.052031 0.998257
vn 0.031484 -0.061180 0.997630
vn 0.029094 -0.051343 0.998257
vn 0.032953 -0.060402 0.997630
vn 0.030326 -0.050625 0.998257
vn 0.034403 -0.059587 0.997630
vn 0.031541 -0.049878 0.998257
vn 0.035833 -0.058739 0.997630
vn 0.032737 -0.049101 0.998257
vn 0.037242 -0.057856 0.997630
vn 0.033914 -0.048295 0.998257
vn 0.038629 -0.056939 0.997630
vn 0.035071 -0.047462 0.998257
vn 0.039993 -0.055989 0.997630
vn 0.036207 -0.046601 0.998257
vn 0.041335 -0.055006 0.997630
vn 0.037323 -0.045712 0.998257
vn 0.042652 -0.053991 0.997630
vn 0.038417 -0.044797 0.998257
vn 0.043944 -0.052945 0.997630
vn 0.039488 -0.043856 0.998257
vn 0.045211 -0.051868 0.997630
vn 0.040536 -0.042889 0.998257
vn 0.046451 -0.050761 0.997630
vn 0.041560 -0.041896 0.998257
vn 0.047663 -0.049623 0.997630
vn 0.042561 -0.040880 0.998257
vn 0.048849 -0.048457 0.997630
vn 0.043536 -0.039840 0.998257
vn 0.050005 -0.047262 0.997630
vn 0.044486 -0.038776 0.998257
vn 0.051133 -0.046040 0.997630
vn 0.045410 -0.037690 0.998257
vn 0.052230 -0.044791 0.997630
vn 0.046308 -0.036582 0.998257
vn 0.053297 -0.043516 0.997630
vn 0.047178 -0.035452 0.998257
vn 0.054334 -0.042216 0.997630
vn 0.048021 -0.034302 0.998257
vn 0.055338 -0.040890 0.997630
vn 0.048835 -0.033131 0.998257
vn 0.056309 -0.039541 0.997630
vn 0.049622 -0.031942 0.998257
vn 0.057249 -0.038169 0.997630
vn 0.050379 -0.030733 0.998257
vn 0.058154 -0.036775 0.997630
vn 0.051107 -0.029507 0.998257
vn 0.059026 -0.035358 0.997630
vn 0.051805 -0.028263 0.998257
vn 0.059863 -0.033922 0.997630
vn 0.052473 -0.027003 0.998257
vn 0.060665 -0.032465 0.997630
vn 0.053110 -0.025727 0.998257
vn 0.061432 -0.030990 0.997630
vn 0.053716 -0.024436 0.998257
vn 0.062163 -0.029497 0.997630
vn 0.054291 -0.023131 0.998257
vn 0.062857 -0.027986 0.997630
vn 0.054834 -0.021813 0.998257
vn 0.063515 -0.026459 0.997630
vn 0.055345 -0.020481 0.998257
vn 0.064136 -0.024916 0.997630
vn 0.055824 -0.019138 0.998257
vn 0.064719 -0.023359 0.997630
vn 0.056270 -0.017784 0.998257
vn 0.065265 -0.021789 0.997630
vn 0.056684 -0.016419 0.998257
vn 0.065772 -0.020205 0.997630
vn 0.057064 -0.015044 0.998257
vn 0.066242 -0.018610 0.997630
vn 0.057410 -0.013661 0.998257
vn 0.066671 -0.017004 0.997630
vn 0.057724 -0.012270 0.998257
vn 0.067063 -0.015388 0.997630
vn 0.058004 -0.010871 0.998257
vn 0.067416 -0.013763 0.997630
vn 0.058249 -0.009466 0.998257
vn 0.067728 -0.012130 0.997630
vn 0.058461 -0.008056 0.998257
vn 0.068002 -0.010490 0.997630
vn 0.058639 -0.006641 0.998257
vn 0.068235 -0.008844 0.997630
vn 0.058782 -0.005222 0.998257
vn 0.068429 -0.007192 0.997630
vn 0.058891 -0.003800 0.998257
vn 0.068583 -0.005537 0.997630
vn 0.058965 -0.002376 0.998257
vn 0.068696 -0.003878 0.997630
vn 0.059006 -0.000951 0.998257
vn 0.068770 -0.002217 0.997630
vn 0.015238 0.000000 0.999884
vn 0.036630 -0.000443 0.999329
vn 0.000000 0.000000 1.000000
vn 0.000000 0.000000 1.000000
vn 0.000000 0.000000 1.000000
vn 0.000000 0.000000 1.000000
vn 0.000000 0.000000 1.000000
vn 0.000000 0.000000 1.000000
vn 0.000000 0.000000 1.000000
vn 0.000000 0.000000 1.000000
vn 0.000000 0.000000 1.000000
vn 0.000000 0.000000 1.000000
vn 0.000000 0.000000 1.000000
vn 0.000000 0.000000 1.000000
vn 0.000000 0.000000 1.000000
vn 0.000000 0.000000 1.000000
vn 0.000000 0.000000 1.000000
vn 0.000000 0.000000 1.000000
vn 0.000000 0.000000 1.000000
vn 0.000000 0.000000 1.000000
vn 0.000000 0.000000 1.000000
vn 0.000000 0.000000 1.000000
vn 0.000000 0.000000 1.000000
vn 0.000000 0.000000 1.000000
vn 0.000000 0.000000 1.000000
vn 0.000000 0.000000 1.000000
vn 0.000000 0.000000 1.000000
vn 0.000000 0.000000 1.000000
vn 0.000000 0.000000 1.000000
vn 0.000000 0.000000 1.000000
vn 0.000000 0.000000 1.000000
vn 0.000000 0.000000 1.000000
vn 0.000000 0.000000 1.000000
vn 0.000000 0.000000 1.000000
vn 0.000000 0.000000 1.000000
vn 0.000000 0.000000 1.000000
vn 0.000000 0.000000 1.000000
vn 0.000000 0.000000 1.000000
vn 0.000000 0.000000 1.000000
vn 0.000000 0.000000 1.000000
vn 0.000000 0.000000 1.000000
vn 0.000000 0.000000 1.000000
vn 0.000000 0.000000 1.000000
vn 0.000000 0.000000 1.000000
vn 0.000000 0.000000 1.000000
vn 0.000000 0.000000 1.000000
vn 0.000000 0.000000 1.000000
vn 0.000000 0.000000 1.000000
vn 0.000000 0.000000 1.000000
vn 0.000000 0.000000 1.000000
vn 0.000000 0.000000 1.000000
vn 0.000000 0.000000 1.000000
vn 0.000000 0.000000 1.000000
vn 0.000000 0.000000 1.000000
vn 0.000000 0.000000 1.000000
vn 0.000000 0.000000 1.000000
vn 0.000000 0.000000 1.000000
vn 0.000000 0.000000 1.000000
vn 0.000000 0.000000 1.000000
vn 0.000000 0.000000 1.000000
vn 0.000000 0.000000 1.000000
vn 0.000000 0.000000 1.000000
vn 0.000000 0.000000 1.000000
vn 0.000000 0.000000 1.000000
vn 0.000000 0.000000 1.000000
vn 0.000000 0.000000 1.000000
vn 0.000000 0.000000 1.000000
vn 0.000000 0.000000 1.000000
vn 0.000000 0.000000 1.000000
vn 0.000000 0.000000 1.000000
vn 0.000000 0.000000 1.000000
vn 0.000000 0.000000 1.000000
vn 0.000000 0.000000 1.000000
vn 0.000000 0.000000 1.000000
vn 0.000000 0.000000 1.000000
vn 0.000000 0.000000 1.000000
vn 0.000000 0.000000 1.000000
vn 0.000000 0.000000 1.000000
vn 0.000000 0.000000 1.000000
vn 0.000000 0.000000 1.000000
vn 0.000000 0.000000 1.000000
vn 0.000000 0.000000 1.000000
vn 0.000000 0.000000 1.000000
vn 0.000000 0.000000 1.000000
vn 0.000000 0.000000 1.000000
vn 0.000000 0.000000 1.000000
vn 0.000000 0.000000 1.000000
vn 0.000000 0.000000 1.000000
vn 0.000000 0.000000 1.000000
vn 0.000000 0.000000 1.000000
vn 0.000000 0.000000 1.000000
vn 0.000000 0.000000 1.000000
vn 0.000000 0.000000 1.000000
vn 0.000000 0.000000 1.000000
vn 0.000000 0.000000 1.000000
vn 0.000000 0.000000 1.000000
vn 0.000000 0.000000 1.000000
vn 0.000000 0.000000 1.000000
vn 0.000000 0.000000 1.000000
vn 0.000000 0.000000 1.000000
vn 0.000000 0.000000 1.000000
vn 0.000000 0.000000 1.000000
vn 0.000000 0.000000 1.000000
vn 0.000000 0.000000 1.000000
vn 0.000000 0.000000 1.000000
vn 0.000000 0.000000 1.000000
vn 0.000000 0.000000 1.000000
vn 0.000000 0.000000 1.000000
vn 0.000000 0.000000 1.000000
vn 0.000000 0.000000 1.000000
vn 0.000000 0.000000 1.000000
vn 0.000000 0.000000 1.000000
vn 0.000000 0.000000 1.000000
vn 0.000000 0.000000 1.000000
vn 0.000000 0.000000 1.000000
vn 0.000000 0.000000 1.000000
vn 0.000000 0.000000 1.000000
vn 0.000000 0.000000 1.000000
vn 0.000000 0.000000 1.000000
vn 0.000000 0.000000 1.000000
vn 0.000000 0.000000 1.000000
vn 0.000000 0.000000 1.000000
vn 0.000000 0.000000 1.000000
vn 0.000000 0.000000 1.000000
vn 0.000000 0.000000 1.000000
vn 0.000000 0.000000 1.000000
vn 0.000000 0.000000 1.000000
vn 0.000000 0.000000 1.000000
vn 0.000000 0.000000 1.000000
vn 0.000000 0.000000 1.000000
vn 0.000000 0.000000 1.000000
vn 0.000000 0.000000 1.000000
vn 0.000000 0.000000 1.000000
vn 0.000000 0.000000 1.000000
vn 0.000000 0.000000 1.000000
vn 0.000000 0.000000 1.000000
vn 0.000000 0.000000 1.000000
vn 0.000000 0.000000 1.000000
vn 0.000000 0.000000 1.000000
vn 0.000000 0.000000 1.000000
vn -0.036630 -0.000443 0.999329
vn -0.017130 0.000000 0.999853
vn -0.058982 -0.001901 0.998257
vn -0.068797 -0.001108 0.997630
vn -0.058920 -0.003326 0.998257
vn -0.068750 -0.002771 0.997630
vn -0.058822 -0.004749 0.998257
vn -0.068663 -0.004431 0.997630
vn -0.058690 -0.006169 0.998257
vn -0.068536 -0.006089 0.997630
vn -0.058524 -0.007585 0.998257
vn -0.068369 -0.007743 0.997630
vn -0.058324 -0.008997 0.998257
vn -0.068162 -0.009393 0.997630
vn -0.058089 -0.010404 0.998257
vn -0.067915 -0.011037 0.997630
vn -0.057821 -0.011804 0.998257
vn -0.067629 -0.012675 0.997630
vn -0.057519 -0.013198 0.998257
vn -0.067302 -0.014306 0.997630
vn -0.057183 -0.014584 0.998257
vn -0.066937 -0.015928 0.997630
vn -0.056814 -0.015961 0.998257
vn -0.066533 -0.017540 0.997630
vn -0.056412 -0.017330 0.998257
vn -0.066090 -0.019143 0.997630
vn -0.055977 -0.018688 0.998257
vn -0.065607 -0.020734 0.997630
vn -0.055509 -0.020035 0.998257
vn -0.065087 -0.022314 0.997630
vn -0.055008 -0.021370 0.998257
vn -0.064529 -0.023880 0.997630
vn -0.054476 -0.022693 0.998257
vn -0.063933 -0.025432 0.997630
vn -0.053912 -0.024003 0.998257
vn -0.063300 -0.026970 0.997630
vn -0.053316 -0.025299 0.998257
vn -0.062630 -0.028491 0.997630
vn -0.052689 -0.026580 0.998257
vn -0.061923 -0.029996 0.997630
vn -0.052031 -0.027845 0.998257
vn -0.061180 -0.031484 0.997630
vn -0.051343 -0.029094 0.998257
vn -0.060402 -0.032953 0.997630
vn -0.050625 -0.030326 0.998257
vn -0.059588 -0.034403 0.997630
vn -0.049878 -0.031541 0.998257
vn -0.058739 -0.035833 0.997630
vn -0.049101 -0.032737 0.998257
vn -0.057856 -0.037242 0.997630
vn -0.048295 -0.033914 0.998257
vn -0.056939 -0.038629 0.997630
vn -0.047462 -0.035071 0.998257
vn -0.055989 -0.039993 0.997630
vn -0.046601 -0.036208 0.998257
vn -0.055007 -0.041335 0.997630
vn -0.045712 -0.037323 0.998257
vn -0.053992 -0.042652 0.997630
vn -0.044797 -0.038417 0.998257
vn -0.052945 -0.043944 0.997630
vn -0.043856 -0.039488 0.998257
vn -0.051868 -0.045211 0.997630
vn -0.042889 -0.040536 0.998257
vn -0.050760 -0.046450 0.997630
vn -0.041897 -0.041560 0.998257
vn -0.049623 -0.047664 0.997630
vn -0.040880 -0.042561 0.998257
vn -0.048457 -0.048849 0.997630
vn -0.039840 -0.043536 0.998257
vn -0.047262 -0.050006 0.997630
vn -0.038776 -0.044486 0.998257
vn -0.046040 -0.051133 0.997630
vn -0.037690 -0.045410 0.998257
vn -0.044791 -0.052230 0.997630
vn -0.036582 -0.046307 0.998257
vn -0.043516 -0.053297 0.997630
vn -0.035452 -0.047178 0.998257
vn -0.042216 -0.054333 0.997630
vn -0.034301 -0.048021 0.998257
vn -0.040890 -0.055337 0.997630
vn -0.033131 -0.048836 0.998257
vn -0.039541 -0.056309 0.997630
vn -0.031942 -0.049622 0.998257
vn -0.038169 -0.057249 0.997630
vn -0.030733 -0.050379 0.998257
vn -0.036774 -0.058154 0.997630
vn -0.029507 -0.051107 0.998257
vn -0.035359 -0.059026 0.997630
vn -0.028263 -0.051805 0.998257
vn -0.033922 -0.059863 0.997630
vn -0.027003 -0.052473 0.998257
vn -0.032465 -0.060665 0.997630
vn -0.025727 -0.053111 0.998257
vn -0.030990 -0.061432 0.997630
vn -0.024437 -0.053716 0.998257
vn -0.029497 -0.062163 0.997630
vn -0.023131 -0.054291 0.998257
vn -0.027986 -0.062858 0.997630
vn -0.021813 -0.054834 0.998257
vn -0.026459 -0.063515 0.997630
vn -0.020481 -0.055346 0.998257
vn -0.024916 -0.064136 0.997630
vn -0.019138 -0.055824 0.998257
vn -0.023359 -0.064720 0.997630
vn -0.017784 -0.056270 0.998257
vn -0.021789 -0.065265 0.997630
vn -0.016419 -0.056684 0.998257
vn -0.020205 -0.065772 0.997630
vn -0.015044 -0.057064 0.998257
vn -0.018610 -0.066242 0.997630
vn -0.013661 -0.057410 0.998257
vn -0.017004 -0.066671 0.997630
vn -0.012270 -0.057724 0.998257
vn -0.015388 -0.067064 0.997630
vn -0.010871 -0.058003 0.998257
vn -0.013763 -0.067415 0.997630
vn -0.009467 -0.058250 0.998257
vn -0.012130 -0.067728 0.997630
vn -0.008056 -0.058461 0.998257
vn -0.010490 -0.068002 0.997630
vn -0.006641 -0.058639 0.998257
vn -0.008843 -0.068235 0.997630
vn -0.005222 -0.058783 0.998257
vn -0.007192 -0.068430 0.997630
vn -0.003800 -0.058891 0.998257
vn -0.005537 -0.068583 0.997630
vn -0.002376 -0.058966 0.998257
vn -0.003878 -0.068697 0.997630
vn -0.000951 -0.059005 0.998257
vn -0.002217 -0.068770 0.997630
vn 0.000000 -0.066233 0.997804
vn -0.000463 -0.067304 0.997732
vn 0.000000 -0.073034 0.997329
vn 0.000000 -0.073034 0.997329
vn 0.000000 -0.073034 0.997329
vn 0.000000 -0.073034 0.997329
vn 0.000000 -0.073034 0.997329
vn 0.000000 -0.073034 0.997329
vn 0.000000 -0.073033 0.997330
vn 0.000000 -0.073033 0.997329
vn 0.000000 -0.073033 0.997329
vn 0.000000 -0.073033 0.997330
vn 0.000000 -0.073034 0.997329
vn 0.000000 -0.073034 0.997329
vn 0.000000 -0.073034 0.997329
vn 0.000000 -0.073034 0.997329
vn 0.000000 -0.073034 0.997329
vn 0.000000 -0.073034 0.997329
vn 0.000000 -0.073034 0.997329
vn 0.000000 -0.073034 0.997329
vn 0.000000 -0.073034 0.997329
vn 0.000000 -0.073034 0.997329
vn 0.000000 -0.073033 0.997330
vn 0.000000 -0.073033 0.997329
vn 0.000000 -0.073033 0.997329
vn 0.000000 -0.073033 0.997330
vn 0.000000 -0.073034 0.997329
vn 0.000000 -0.073034 0.997329
vn 0.000000 -0.073034 0.997329
vn 0.000000 -0.073034 0.997329
vn 0.000000 -0.073034 0.997329
vn 0.000000 -0.073034 0.997329
vn 0.000000 -0.073034 0.997329
vn 0.000000 -0.073034 0.997329
vn 0.000000 -0.073034 0.997329
vn 0.000000 -0.073034 0.997329
vn 0.000000 -0.073033 0.997330
vn 0.000000 -0.073033 0.997329
vn 0.000000 -0.073033 0.997329
vn 0.000000 -0.073033 0.997330
vn 0.000000 -0.073034 0.997329
vn 0.000000 -0.073034 0.997329
vn 0.000000 -0.073034 0.997329
vn 0.000000 -0.073034 0.997329
vn 0.000000 -0.073034 0.997329
vn 0.000000 -0.073034 0.997329
vn 0.000000 -0.073034 0.997329
vn 0.000000 -0.073034 0.997329
vn 0.000000 -0.073034 0.997329
vn 0.000000 -0.073034 0.997329
vn 0.000000 -0.073033 0.997330
vn 0.000000 -0.073033 0.997329
vn 0.000000 -0.073033 0.997329
vn 0.000000 -0.073033 0.997330
vn 0.000000 -0.073034 0.997329
vn 0.000000 -0.073034 0.997329
vn 0.000000 -0.073034 0.997329
vn 0.000000 -0.073034 0.997329
vn 0.000000 -0.073034 0.997329
vn 0.000000 -0.073034 0.997329
vn 0.000000 -0.073033 0.997329
vn 0.000000 -0.073034 0.997329
vn 0.000000 -0.073034 0.997329
vn 0.000000 -0.073033 0.997329
vn 0.000000 -0.073034 0.997329
vn 0.000000 -0.073034 0.997329
vn 0.000000 -0.073034 0.997329
vn 0.000000 -0.073034 0.997329
vn 0.000000 -0.073033 0.997329
vn 0.000000 -0.073034 0.997329
vn 0.000000 -0.073034 0.997329
vn 0.000000 -0.073033 0.997329
vn 0.000000 -0.073034 0.997329
vn 0.000000 -0.073034 0.997329
vn 0.000000 -0.073033 0.997329
vn 0.000000 -0.073034 0.997329
vn 0.000000 -0.073034 0.997329
vn 0.000000 -0.073033 0.997329
vn 0.000000 -0.073034 0.997329
vn 0.000000 -0.073034 0.997329
vn 0.000000 -0.073034 0.997329
vn 0.000000 -0.073034 0.997329
vn 0.000000 -0.073033 0.997329
vn 0.000000 -0.073034 0.997329
vn 0.000000 -0.073034 0.997329
vn 0.000000 -0.073034 0.997330
vn 0.000000 -0.066045 0.997817
vn 0.000000 -0.071152 0.997465
vn 0.000000 0.000000 1.000000
vn 0.000000 0.000000 1.000000
vn 0.000000 0.000000 1.000000
vn 0.000000 0.000000 1.000000
vn 0.000000 0.000000 1.000000
vn 0.000000 0.000000 1.000000
vn 0.000000 0.000000 1.000000
vn 0.000000 0.000000 1.000000
vn 0.000000 0.000000 1.000000
vn 0.000000 0.000000 1.000000
vn 0.000000 0.000000 1.000000
vn 0.000000 0.000000 1.000000
vn 0.000000 0.000000 1.000000
vn 0.000000 0.000000 1.000000
vn 0.000000 0.000000 1.000000
vn 0.000000 0.000000 1.000000
vn 0.000000 0.000000 1.000000
vn 0.000000 0.000000 1.000000
vn 0.000000 0.000000 1.000000
vn 0.000000 0.000000 1.000000
vn 0.000000 0.000000 1.000000
vn 0.000000 0.000000 1.000000
vn 0.000000 0.000000 1.000000
vn 0.000000 0.000000 1.000000
vn 0.000000 0.000000 1.000000
vn 0.000000 0.000000 1.000000
vn 0.000000 0.000000 1.000000
vn 0.000000 0.000000 1.000000
vn 0.000000 0.000000 1.000000
vn 0.000000 0.000000 1.000000
vn 0.000000 0.000000 1.000000
vn 0.000000 0.000000 1.000000
vn 0.000000 0.000000 1.000000
vn 0.000000 0.000000 1.000000
vn 0.000000 0.000000 1.000000
vn 0.000000 0.000000 1.000000
vn 0.000000 0.000000 1.000000
vn 0.000000 0.000000 1.000000
vn 0.000000 0.000000 1.000000
vn 0.000000 0.000000 1.000000
vn 0.000000 0.000000 1.000000
vn 0.000000 0.000000 1.000000
vn 0.000000 0.000000 1.000000
vn 0.000000 0.000000 1.000000
vn 0.000000 0.000000 1.000000
vn 0.000000 0.000000 1.000000
vn 0.000000 0.000000 1.000000
vn 0.000000 0.000000 1.000000
vn 0.000000 0.000000 1.000000
vn 0.000000 0.000000 1.000000
vn 0.000000 0.000000 1.000000
vn 0.000000 0.000000 1.000000
vn 0.000000 0.000000 1.000000
vn 0.000000 0.000000 1.000000
vn 0.000000 0.000000 1.000000
vn 0.000000 0.000000 1.000000
vn 0.000000 0.000000 1.000000
vn 0.000000 0.000000 1.000000
vn 0.000000 0.000000 1.000000
vn 0.000000 0.000000 1.000000
vn 0.000000 0.000000 1.000000
vn 0.000000 0.000000 1.000000
vn 0.000000 0.000000 1.000000
vn 0.000000 0.000000 1.000000
vn 0.000000 0.000000 1.000000
vn 0.000000 0.000000 1.000000
vn 0.000000 0.000000 1.000000
vn 0.000000 0.000000 1.000000
vn 0.000000 0.000000 1.000000
vn 0.000000 0.000000 1.000000
vn 0.000000 0.000000 1.000000
vn 0.000000 0.000000 1.000000
vn 0.000000 0.000000 1.000000
vn 0.000000 0.000000 1.000000
vn 0.000000 0.000000 1.000000
vn 0.000000 0.000000 1.000000
vn 0.000000 0.000000 1.000000
vn 0.000000 0.000000 1.000000
vn 0.000000 0.000000 1.000000
vn 0.000000 0.000000 1.000000
vn 0.000000 0.000000 1.000000
vn 0.000000 0.000000 1.000000
vn 0.000000 0.000000 1.000000
vn 0.000000 0.000000 1.000000
vn 0.000000 0.000000 1.000000
vn 0.000000 0.000000 1.000000
vn 0.000000 0.000000 1.000000
vn 0.000000 0.000000 1.000000
vn 0.000000 0.000000 1.000000
vn 0.000000 0.000000 1.000000
vn 0.000000 0.000000 1.000000
vn 0.000000 0.000000 1.000000
vn 0.000000 0.000000 1.000000
vn 0.000000 0.000000 1.000000
vn 0.000000 0.000000 1.000000
vn 0.000000 0.000000 1.000000
vn 0.000000 0.000000 1.000000
vn 0.000000 0.000000 1.000000
vn 0.000000 0.000000 1.000000
vn 0.000000 0.000000 1.000000
vn 0.000000 0.000000 1.000000
vn 0.000000 0.000000 1.000000
vn 0.000000 0.000000 1.000000
vn 0.000000 0.000000 1.000000
vn 0.000000 0.000000 1.000000
vn 0.000000 0.000000 1.000000
vn 0.000000 0.000000 1.000000
vn 0.000000 0.000000 1.000000
vn 0.000000 0.000000 1.000000
vn 0.000000 0.000000 1.000000
vn 0.000000 0.000000 1.000000
vn 0.000000 0.000000 1.000000
vn 0.000000 0.000000 1.000000
vn 0.000000 0.000000 1.000000
vn 0.000000 0.000000 1.000000
vn 0.000000 0.000000 1.000000
vn 0.000000 0.000000 1.000000
vn 0.000000 0.000000 1.000000
vn 0.000000 0.000000 1.000000
vn 0.000000 0.000000 1.000000
vn 0.000000 0.000000 1.000000
vn 0.000000 0.000000 1.000000
vn 0.000000 0.000000 1.000000
vn 0.000000 0.000000 1.000000
vn 0.000000 0.000000 1.000000
vn 0.000000 0.000000 1.000000
vn 0.000000 0.000000 1.000000
vn 0.000000 0.000000 1.000000
vn 0.000000 0.000000 1.000000
vn 0.000000 0.000000 1.000000
vn 0.000000 0.000000 1.000000
vn 0.000000 0.000000 1.000000
vn 0.000000 0.000000 1.000000
vn 0.000000 0.000000 1.000000
vn 0.000000 0.000000 1.000000
vn 0.000000 0.000000 1.000000
vn 0.000000 0.000000 1.000000
vn 0.000000 0.000000 1.000000
vn 0.000000 0.000000 1.000000
vn 0.000000 0.000000 1.000000
vn 0.000000 0.000000 1.000000
vn 0.000000 0.000000 1.000000
vn 0.000000 0.000000 1.000000
vn 0.000000 0.000000 1.000000
vn 0.000000 0.000000 1.000000
vn 0.000000 0.000000 1.000000
vn 0.000000 0.000000 1.000000
vn 0.000000 0.000000 1.000000
vn 0.000000 0.000000 1.000000
vn 0.000000 0.000000 1.000000
vn 0.000000 0.000000 1.000000
vn 0.000000 0.000000 1.000000
vn 0.000000 0.000000 1.000000
vn 0.000000 0.000000 1.000000
vn 0.000000 0.000000 1.000000
vn 0.000000 0.000000 1.000000
vn 0.000000 0.000000 1.000000
vn 0.000000 0.000000 1.000000
vn 0.000000 0.000000 1.000000
vn 0.000000 0.000000 1.000000
vn 0.000000 0.000000 1.000000
vn 0.000000 0.000000 1.000000
vn 0.000000 0.000000 1.000000
vn 0.000000 0.000000 1.000000
vn 0.000000 0.000000 1.000000
vn 0.000000 0.000000 1.000000
vn 0.000000 0.000000 1.000000
vn 0.000000 0.000000 1.000000
vn 0.000000 0.000000 1.000000
vn 0.000000 0.000000 1.000000
vn 0.000000 0.000000 1.000000
vn 0.000000 0.000000 1.000000
vn 0.000000 0.000000 1.000000
vn 0.000000 0.000000 1.000000
vn 0.000000 0.000000 1.000000
vn 0.000000 0.000000 1.000000
vn 0.000000 0.000000 1.000000
vn 0.000000 0.000000 1.000000
vn 0.000000 0.000000 1.000000
vn 0.000000 0.000000 1.000000
vn 0.000000 0.000000 1.000000
vn 0.000000 0.000000 1.000000
vn 0.000000 0.000000 1.000000
vn 0.000000 0.000000 1.000000
vn 0.000000 0.000000 1.000000
vn 0.000000 0.000000 1.000000
vn 0.000000 0.000000 1.000000
vn 0.000000 0.000000 1.000000
vn 0.000000 0.000000 1.000000
vn 0.000000 0.000000 1.000000
vn 0.000000 0.000000 1.000000
vn 0.000000 0.000000 1.000000
vn 0.000000 0.000000 1.000000
vn 0.000000 0.000000 1.000000
vn 0.000000 0.000000 1.000000
vn 0.000000 0.000000 1.000000
vn 0.000000 0.000000 1.000000
vn 0.000000 0.000000 1.000000
vn 0.000000 0.000000 1.000000
vn 0.000000 0.000000 1.000000
vn 0.000000 0.000000 1.000000
vn 0.000000 0.000000 1.000000
vn 0.000000 0.000000 1.000000
vn 0.000000 0.000000 1.000000
vn 0.000000 0.000000 1.000000
vn 0.000000 0.000000 1.000000
vn 0.000000 0.000000 1.000000
vn 0.000000 0.000000 1.000000
vn 0.000000 0.000000 1.000000
vn 0.000000 0.000000 1.000000
vn 0.000000 0.000000 1.000000
vn 0.000000 0.000000 1.000000
vn 0.000000 0.000000 1.000000
vn 0.000000 0.000000 1.000000
vn 0.000000 0.000000 1.000000
vn 0.000000 0.000000 1.000000
vn 0.000000 0.000000 1.000000
vn 0.000000 0.000000 1.000000
vn 0.000000 0.000000 1.000000
vn 0.000000 0.000000 1.000000
vn 0.000000 0.000000 1.000000
vn 0.000000 0.000000 1.000000
vn 0.000000 0.000000 1.000000
vn 0.000000 0.000000 1.000000
vn 0.000000 0.000000 1.000000
vn 0.000000 0.000000 1.000000
vn 0.000000 0.000000 1.000000
vn 0.000000 0.000000 1.000000
vn 0.000000 0.000000 1.000000
vn 0.000000 0.000000 1.000000
vn 0.000000 0.000000 1.000000
vn 0.000000 0.000000 1.000000
vn 0.000000 0.000000 1.000000
vn 0.000000 0.000000 1.000000
vn 0.000000 0.000000 1.000000
vn 0.000000 0.000000 1.000000
vn 0.000000 0.000000 1.000000
vn 0.000000 0.000000 1.000000
vn 0.000000 0.000000 1.000000
vn 0.000000 0.000000 1.000000
vn 0.000000 0.000000 1.000000
vn 0.000000 0.000000 1.000000
vn 0.000000 0.000000 1.000000
vn 0.000000 0.000000 1.000000
vn 0.000000 0.000000 1.000000
vn 0.000000 0.000000 1.000000
vn 0.000000 0.000000 1.000000
vn 0.000000 0.000000 1.000000
vn 0.000000 0.000000 1.000000
vn 0.000000 0.000000 1.000000
vn 0.000000 0.000000 1.000000
vn 0.000000 0.000000 1.000000
vn 0.000000 0.000000 1.000000
vn 0.000000 0.000000 1.000000
vn 0.000000 0.000000 1.000000
vn 0.000000 0.000000 1.000000
vn 0.000000 0.000000 1.000000
vn 0.000000 0.000000 1.000000
vn 0.000000 0.000000 1.000000
vn 0.000000 0.000000 1.000000
vn 0.000000 0.000000 1.000000
vn 0.000000 0.000000 1.000000
vn 0.000000 0.000000 1.000000
vn 0.000000 0.000000 1.000000
vn 0.000000 0.000000 1.000000
vn 0.000000 0.000000 1.000000
vn 0.000000 0.000000 1.000000
vn 0.000000 0.000000 1.000000
vn 0.000000 0.000000 1.000000
vn 0.000000 0.000000 1.000000
vn 0.000000 0.000000 1.000000
vn 0.000000 0.000000 1.000000
vn 0.000000 0.000000 1.000000
vn 0.000000 0.000000 1.000000
vn -0.000054 0.004481 0.999990
vn 0.000000 0.002185 0.999998
vn -0.000554 0.016044 0.999871
vn -0.000259 0.013387 0.999910
vn -0.001707 0.029599 0.999560
vn -0.001223 0.029301 0.999570
vn -0.003491 0.042809 0.999077
vn -0.002937 0.044873 0.998988
vn -0.005870 0.055522 0.998440
vn -0.005363 0.059920 0.998189
vn -0.008794 0.067596 0.997674
vn -0.008450 0.074271 0.997202
vn -0.012202 0.078898 0.996808
vn -0.012131 0.087768 0.996067
vn -0.016024 0.089310 0.995875
vn -0.016329 0.100264 0.994827
vn -0.020181 0.098724 0.994910
vn -0.020954 0.111632 0.993529
vn -0.024587 0.107049 0.993950
vn -0.025909 0.121760 0.992221
vn -0.029149 0.114208 0.993029
vn -0.031091 0.130555 0.990954
vn -0.033771 0.120140 0.992182
vn -0.036388 0.137942 0.989772
vn -0.038354 0.124801 0.991440
vn -0.041689 0.143867 0.988719
vn -0.042798 0.128161 0.990830
vn -0.046879 0.148290 0.987832
vn -0.047004 0.130205 0.990372
vn -0.051842 0.151190 0.987144
vn -0.050872 0.130935 0.990085
vn -0.056465 0.152566 0.986679
vn -0.054307 0.130364 0.989978
vn -0.060636 0.152428 0.986453
vn -0.057219 0.128523 0.990054
vn -0.064249 0.150806 0.986473
vn -0.059522 0.125454 0.990312
vn -0.067202 0.147742 0.986740
vn -0.061136 0.121212 0.990742
vn -0.069401 0.143293 0.987244
vn -0.061991 0.115864 0.991329
vn -0.070758 0.137532 0.987967
vn -0.062025 0.109490 0.992051
vn -0.071197 0.130541 0.988883
vn -0.061187 0.102181 0.992882
vn -0.070653 0.122419 0.989961
vn -0.059439 0.094037 0.993793
vn -0.069071 0.113276 0.991160
vn -0.056753 0.085167 0.994749
vn -0.066415 0.103231 0.992438
vn -0.053117 0.075690 0.995716
vn -0.062660 0.092418 0.993747
vn -0.048533 0.065731 0.996656
vn -0.057800 0.080977 0.995039
vn -0.043019 0.055420 0.997536
vn -0.051846 0.069057 0.996265
vn -0.036609 0.044891 0.998321
vn -0.044830 0.056812 0.997378
vn -0.029351 0.034279 0.998981
vn -0.036799 0.044401 0.998336
vn -0.021310 0.023720 0.999492
vn -0.027823 0.031984 0.999101
vn -0.012565 0.013348 0.999832
vn -0.017987 0.019719 0.999644
vn -0.005819 0.005947 0.999965
vn -0.009131 0.009570 0.999913
vn 0.000823 -0.000804 0.999999
vn -0.000938 0.000961 0.999999
vn 0.008725 -0.008325 0.999927
vn 0.007498 -0.007337 0.999945
vn 0.016903 -0.015419 0.999738
vn 0.015571 -0.014658 0.999771
vn 0.027421 -0.023854 0.999339
vn 0.027669 -0.024857 0.999308
vn 0.038075 -0.031556 0.998777
vn 0.039978 -0.034230 0.998614
vn 0.048730 -0.038452 0.998072
vn 0.052341 -0.042684 0.997717
vn 0.059250 -0.044484 0.997252
vn 0.064599 -0.050144 0.996651
vn 0.069500 -0.049608 0.996348
vn 0.076594 -0.056554 0.995457
vn 0.079347 -0.053798 0.995394
vn 0.088169 -0.061874 0.994182
vn 0.088661 -0.057041 0.994427
vn 0.099174 -0.066087 0.992873
vn 0.097321 -0.059343 0.993482
vn 0.109465 -0.069191 0.991580
vn 0.105210 -0.060721 0.992595
vn 0.118907 -0.071203 0.990349
vn 0.112222 -0.061206 0.991796
vn 0.127375 -0.072156 0.989226
vn 0.118260 -0.060843 0.991117
vn 0.134755 -0.072098 0.988252
vn 0.123238 -0.059687 0.990581
vn 0.140945 -0.071089 0.987462
vn 0.127081 -0.057804 0.990207
vn 0.145856 -0.069201 0.986883
vn 0.129726 -0.055268 0.990008
vn 0.149411 -0.066519 0.986535
vn 0.131122 -0.052160 0.989993
vn 0.151547 -0.063132 0.986432
vn 0.131232 -0.048569 0.990161
vn 0.152216 -0.059140 0.986576
vn 0.130033 -0.044587 0.990507
vn 0.151383 -0.054649 0.986963
vn 0.127515 -0.040311 0.991017
vn 0.149031 -0.049768 0.987579
vn 0.123683 -0.035840 0.991674
vn 0.145155 -0.044609 0.988403
vn 0.118557 -0.031274 0.992455
vn 0.139771 -0.039289 0.989404
vn 0.112172 -0.026713 0.993330
vn 0.132909 -0.033922 0.990548
vn 0.104581 -0.022254 0.994267
vn 0.124619 -0.028623 0.991792
vn 0.095849 -0.017991 0.995233
vn 0.114967 -0.023502 0.993091
vn 0.086059 -0.014015 0.996192
vn 0.104040 -0.018667 0.994398
vn 0.075308 -0.010409 0.997106
vn 0.091942 -0.014219 0.995663
vn 0.063708 -0.007248 0.997942
vn 0.078795 -0.010251 0.996838
vn 0.051385 -0.004599 0.998668
vn 0.064739 -0.006844 0.997879
vn 0.038473 -0.002518 0.999256
vn 0.049927 -0.004072 0.998745
vn 0.025118 -0.001049 0.999684
vn 0.034527 -0.001991 0.999402
vn 0.011475 -0.000222 0.999934
vn 0.018717 -0.000646 0.999825
f 1//1 3//3 4//4
f 1//1 4//4 2//2
f 3//3 5//5 6//6
f 3//3 6//6 4//4
f 5//5 7//7 8//8
f 5//5 8//8 6//6
f 7//7 9//9 10//10
f 7//7 10//10 8//8
f 9//9 11//11 12//12
f 9//9 12//12 10//10
f 11//11 13//13 14//14
f 11//11 14//14 12//12
f 13//13 15//15 16//16
f 13//13 16//16 14//14
f 15//15 17//17 18//18
f 15//15 18//18 16//16
f 17//17 19//19 20//20
f 17//17 20//20 18//18
f 19//19 21//21 22//22
f 19//19 22//22 20//20
f 21//21 23//23 24//24
f 21//21 24//24 22//22
f 23//23 25//25 26//26
f 23//23 26//26 24//24
f 25//25 27//27 28//28
f 25//25 28//28 26//26
f 27//27 29//29 30//30
f 27//27 30//30 28//28
f 29//29 31//31 32//32
f 29//29 32//32 30//30
f 31//31 33//33 34//34
f 31//31 34//34 32//32
f 33//33 35//35 36//36
f 33//33 36//36 34//34
f 35//35 37//37 38//38
f 35//35 38//38 36//36
f 37//37 39//39 40//40
f 37//37 40//40 38//38
f 39//39 41//41 42//42
f 39//39 42//42 40//40
f 41//41 43//43 44//44
f 41//41 44//44 42//42
f 43//43 45//45 46//46
f 43//43 46//46 44//44
f 45//45 47//47 48//48
f 45//45 48//48 46//46
f 47//47 49//49 50//50
f 47//47 50//50 48//48
f 49//49 51//51 52//52
f 49//49 52//52 50//50
f 51//51 53//53 54//54
f 51//51 54//54 52//52
f 53//53 55//55 56//56
f 53//53 56//56 54//54
f 55//55 57//57 58//58
f 55//55 58//58 56//56
f 57//57 59//59 60//60
f 57//57 60//60 58//58
f 59//59 61//61 62//62
f 59//59 62//62 60//60
f 61//61 63//63 64//64
f 61//61 64//64 62//62
f 63//63 65//65 66//66
f 63//63 66//66 64//64
f 65//65 67//67 68//68
f 65//65 68//68 66//66
f 67//67 69//69 70//70
f 67//67 70//70 68//68
f 69//69 71//71 72//72
f 69//69 72//72 70//70
f 71//71 73//73 74//74
f 71//71 74//74 72//72
f 73//73 75//75 76//76
f 73//73 76//76 74//74
f 75//75 77//77 78//78
f 75//75 78//78 76//76
f 77//77 79//79 80//80
f 77//77 80//80 78//78
f 79//79 81//81 82//82
f 79//79 82//82 80//80
f 81//81 83//83 84//84
f 81//81 84//84 82//82
f 83//83 85//85 86//86
f 83//83 86//86 84//84
f 85//85 87//87 88//88
f 85//85 88//88 86//86
f 87//87 89//89 90//90
f 87//87 90//90 88//88
f 89//89 91//91 92//92
f 89//89 92//92 90//90
f 91//91 93//93 94//94
f 91//91 94//94 92//92
f 93//93 95//95 96//96
f 93//93 96//96 94//94
f 95//95 97//97 98//98
f 95//95 98//98 96//96
f 97//97 99//99 100//100
f 97//97 100//100 98//98
f 99//99 101//101 102//102
f 99//99 102//102 100//100
f 101//101 103//103 104//104
f 101//101 104//104 102//102
f 103//103 105//105 106//106
f 103//103 106//106 104//104
f 105//105 107//107 108//108
f 105//105 108//108 106//106
f 107//107 109//109 110//110
f 107//107 110//110 108//108
f 109//109 111//111 112//112
f 109//109 112//112 110//110
f 111//111 113//113 114//114
f 111//111 114//114 112//112
f 113//113 115//115 116//116
f 113//113 116//116 114//114
f 115//115 117//117 118//118
f 115//115 118//118 116//116
f 117//117 119//119 120//120
f 117//117 120//120 118//118
f 119//119 121//121 122//122
f 119//119 122//122 120//120
f 121//121 123//123 124//124
f 121//121 124//124 122//122
f 123//123 125//125 126//126
f 123//123 126//126 124//124
f 125//125 127//127 128//128
f 125//125 128//128 126//126
f 127//127 129//129 130//130
f 127//127 130//130 128//128
f 129//129 131//131 132//132
f 129//129 132//132 130//130
f 131//131 133//133 134//134
f 131//131 134//134 132//132
f 133//133 135//135 136//136
f 133//133 136//136 134//134
f 135//135 137//137 138//138
f 135//135 138//138 136//136
f 137//137 139//139 140//140
f 137//137 140//140 138//138
f 139//139 141//141 142//142
f 139//139 142//142 140//140
f 141//141 143//143 144//144
f 141//141 144//144 142//142
f 143//143 145//145 146//146
f 143//143 146//146 144//144
f 145//145 147//147 148//148
f 145//145 148//148 146//146
f 147//147 149//149 150//150
f 147//147 150//150 148//148
f 149//149 151//151 152//152
f 149//149 152//152 150//150
f 151//151 153//153 154//154
f 151//151 154//154 152//152
f 153//153 155//155 156//156
f 153//153 156//156 154//154
f 155//155 157//157 158//158
f 155//155 158//158 156//156
f 157//157 159//159 160//160
f 157//157 160//160 158//158
f 159//159 161//161 162//162
f 159//159 162//162 160//160
f 161//161 163//163 164//164
f 161//161 164//164 162//162
f 163//163 165//165 166//166
f 163//163 166//166 164//164
f 165//165 167//167 168//168
f 165//165 168//168 166//166
f 167//167 169//169 170//170
f 167//167 170//170 168//168
f 169//169 171//171 172//172
f 169//169 172//172 170//170
f 171//171 173//173 174//174
f 171//171 174//174 172//172
f 173//173 175//175 176//176
f 173//173 176//176 174//174
f 175//175 177//177 178//178
f 175//175 178//178 176//176
f 177//177 179//179 180//180
f 177//177 180//180 178//178
f 179//179 181//181 182//182
f 179//179 182//182 180//180
f 181//181 183//183 184//184
f 181//181 184//184 182//182
f 183//183 185//185 186//186
f 183//183 186//186 184//184
f 185//185 187//187 188//188
f 185//185 188//188 186//186
f 187//187 189//189 190//190
f 187//187 190//190 188//188
f 189//189 191//191 192//192
f 189//189 192//192 190//190
f 191//191 193//193 194//194
f 191//191 194//194 192//192
f 193//193 195//195 196//196
f 193//193 196//196 194//194
f 195//195 197//197 198//198
f 195//195 198//198 196//196
f 197//197 199//199 200//200
f 197//197 200//200 198//198
f 199//199 201//201 202//202
f 199//199 202//202 200//200
f 201//201 203//203 204//204
f 201//201 204//204 202//202
f 203//203 205//205 206//206
f 203//203 206//206 204//204
f 205//205 207//207 208//208
f 205//205 208//208 206//206
f 207//207 209//209 210//210
f 207//207 210//210 208//208
f 209//209 211//211 212//212
f 209//209 212//212 210//210
f 211//211 213//213 214//214
f 211//211 214//214 212//212
f 213//213 215//215 216//216
f 213//213 216//216 214//214
f 215//215 217//217 218//218
f 215//215 218//218 216//216
f 217//217 219//219 220//220
f 217//217 220//220 218//218
f 219//219 221//221 222//222
f 219//219 222//222 220//220
f 221//221 223//223 224//224
f 221//221 224//224 222//222
f 223//223 225//225 226//226
f 223//223 226//226 224//224
f 225//225 227//227 228//228
f 225//225 228//228 226//226
f 227//227 229//229 230//230
f 227//227 230//230 228//228
f 229//229 231//231 232//232
f 229//229 232//232 230//230
f 231//231 233//233 234//234
f 231//231 234//234 232//232
f 233//233 235//235 236//236
f 233//233 236//236 234//234
f 235//235 237//237 238//238
f 235//235 238//238 236//236
f 237//237 239//239 240//240
f 237//237 240//240 238//238
f 239//239 241//241 242//242
f 239//239 242//242 240//240
f 241//241 243//243 244//244
f 241//241 244//244 242//242
f 243//243 245//245 246//246
f 243//243 246//246 244//244
f 245//245 247//247 248//248
f 245//245 248//248 246//246
f 247//247 249//249 250//250
f 247//247 250//250 248//248
f 249//249 251//251 252//252
f 249//249 252//252 250//250
f 251//251 253//253 254//254
f 251//251 254//254 252//252
f 253//253 255//255 256//256
f 253//253 256//256 254//254
f 255//255 257//257 258//258
f 255//255 258//258 256//256
f 257//257 259//259 260//260
f 257//257 260//260 258//258
f 259//259 261//261 262//262
f 259//259 262//262 260//260
f 261//261 263//263 264//264
f 261//261 264//264 262//262
f 263//263 265//265 266//266
f 263//263 266//266 264//264
f 265//265 267//267 268//268
f 265//265 268//268 266//266
f 267//267 269//269 270//270
f 267//267 270//270 268//268
f 269//269 271//271 272//272
f 269//269 272//272 270//270
f 271//271 273//273 274//274
f 271//271 274//274 272//272
f 273//273 275//275 276//276
f 273//273 276//276 274//274
f 275//275 277//277 278//278
f 275//275 278//278 276//276
f 277//277 279//279 280//280
f 277//277 280//280 278//278
f 279//279 281//281 282//282
f 279//279 282//282 280//280
f 281//281 283//283 284//284
f 281//281 284//284 282//282
f 283//283 285//285 286//286
f 283//283 286//286 284//284
f 285//285 287//287 288//288
f 285//285 288//288 286//286
f 287//287 289//289 290//290
f 287//287 290//290 288//288
f 289//289 291//291 292//292
f 289//289 292//292 290//290
f 291//291 293//293 294//294
f 291//291 294//294 292//292
f 293//293 295//295 296//296
f 293//293 296//296 294//294
f 295//295 297//297 298//298
f 295//295 298//298 296//296
f 297//297 299//299 300//300
f 297//297 300//300 298//298
f 299//299 301//301 302//302
f 299//299 302//302 300//300
f 301//301 303//303 304//304
f 301//301 304//304 302//302
f 303//303 305//305 306//306
f 303//303 306//306 304//304
f 305//305 307//307 308//308
f 305//305 308//308 306//306
f 307//307 309//309 310//310
f 307//307 310//310 308//308
f 309//309 311//311 312//312
f 309//309 312//312 310//310
f 311//311 313//313 314//314
f 311//311 314//314 312//312
f 313//313 315//315 316//316
f 313//313 316//316 314//314
f 315//315 317//317 318//318
f 315//315 318//318 316//316
f 317//317 319//319 320//320
f 317//317 320//320 318//318
f 319//319 321//321 322//322
f 319//319 322//322 320//320
f 321//321 323//323 324//324
f 321//321 324//324 322//322
f 323//323 325//325 326//326
f 323//323 326//326 324//324
f 325//325 327//327 328//328
f 325//325 328//328 326//326
f 327//327 329//329 330//330
f 327//327 330//330 328//328
f 329//329 331//331 332//332
f 329//329 332//332 330//330
f 331//331 333//333 334//334
f 331//331 334//334 332//332
f 333//333 335//335 336//336
f 333//333 336//336 334//334
f 335//335 337//337 338//338
f 335//335 338//338 336//336
f 337//337 339//339 340//340
f 337//337 340//340 338//338
f 339//339 341//341 342//342
f 339//339 342//342 340//340
f 341//341 343//343 344//344
f 341//341 344//344 342//342
f 343//343 345//345 346//346
f 343//343 346//346 344//344
f 345//345 347//347 348//348
f 345//345 348//348 346//346
f 347//347 349//349 350//350
f 347//347 350//350 348//348
f 349//349 351//351 352//352
f 349//349 352//352 350//350
f 351//351 353//353 354//354
f 351//351 354//354 352//352
f 353//353 355//355 356//356
f 353//353 356//356 354//354
f 355//355 357//357 358//358
f 355//355 358//358 356//356
f 357//357 359//359 360//360
f 357//357 360//360 358//358
f 359//359 361//361 362//362
f 359//359 362//362 360//360
f 361//361 363//363 364//364
f 361//361 364//364 362//362
f 363//363 365//365 366//366
f 363//363 366//366 364//364
f 365//365 367//367 368//368
f 365//365 368//368 366//366
f 367//367 369//369 370//370
f 367//367 370//370 368//368
f 369//369 371//371 372//372
f 369//369 372//372 370//370
f 371//371 373//373 374//374
f 371//371 374//374 372//372
f 373//373 375//375 376//376
f 373//373 376//376 374//374
f 375//375 377//377 378//378
f 375//375 378//378 376//376
f 377//377 379//379 380//380
f 377//377 380//380 378//378
f 379//379 381//381 382//382
f 379//379 382//382 380//380
f 381//381 383//383 384//384
f 381//381 384//384 382//382
f 383//383 385//385 386//386
f 383//383 386//386 384//384
f 385//385 387//387 388//388
f 385//385 388//388 386//386
f 387//387 389//389 390//390
f 387//387 390//390 388//388
f 389//389 391//391 392//392
f 389//389 392//392 390//390
f 391//391 393//393 394//394
f 391//391 394//394 392//392
f 393//393 395//395 396//396
f 393//393 396//396 394//394
f 395//395 397//397 398//398
f 395//395 398//398 396//396
f 397//397 399//399 400//400
f 397//397 400//400 398//398
f 399//399 401//401 402//402
f 399//399 402//402 400//400
f 401//401 403//403 404//404
f 401//401 404//404 402//402
f 403//403 405//405 406//406
f 403//403 406//406 404//404
f 405//405 407//407 408//408
f 405//405 408//408 406//406
f 407//407 409//409 410//410
f 407//407 410//410 408//408
f 409//409 411//411 412//412
f 409//409 412//412 410//410
f 411//411 413//413 414//414
f 411//411 414//414 412//412
f 413//413 415//415 416//416
f 413//413 416//416 414//414
f 415//415 417//417 418//418
f 415//415 418//418 416//416
f 417//417 419//419 420//420
f 417//417 420//420 418//418
f 419//419 421//421 422//422
f 419//419 422//422 420//420
f 421//421 423//423 424//424
f 421//421 424//424 422//422
f 423//423 425//425 426//426
f 423//423 426//426 424//424
f 425//425 427//427 428//428
f 425//425 428//428 426//426
f 427//427 429//429 430//430
f 427//427 430//430 428//428
f 429//429 431//431 432//432
f 429//429 432//432 430//430
f 431//431 433//433 434//434
f 431//431 434//434 432//432
f 433//433 435//435 436//436
f 433//433 436//436 434//434
f 435//435 437//437 438//438
f 435//435 438//438 436//436
f 437//437 439//439 440//440
f 437//437 440//440 438//438
f 439//439 441//441 442//442
f 439//439 442//442 440//440
f 441//441 443//443 444//444
f 441//441 444//444 442//442
f 443//443 445//445 446//446
f 443//443 446//446 444//444
f 445//445 447//447 448//448
f 445//445 448//448 446//446
f 447//447 449//449 450//450
f 447//447 450//450 448//448
f 449//449 451//451 452//452
f 449//449 452//452 450//450
f 451//451 453//453 454//454
f 451//451 454//454 452//452
f 453//453 455//455 456//456
f 453//453 456//456 454//454
f 455//455 457//457 458//458
f 455//455 458//458 456//456
f 457//457 459//459 460//460
f 457//457 460//460 458//458
f 459//459 461//461 462//462
f 459//459 462//462 460//460
f 461//461 463//463 464//464
f 461//461 464//464 462//462
f 463//463 465//465 466//466
f 463//463 466//466 464//464
f 465//465 467//467 468//468
f 465//465 468//468 466//466
f 467//467 469//469 470//470
f 467//467 470//470 468//468
f 469//469 471//471 472//472
f 469//469 472//472 470//470
f 471//471 473//473 474//474
f 471//471 474//474 472//472
f 473//473 475//475 476//476
f 473//473 476//476 474//474
f 475//475 477//477 478//478
f 475//475 478//478 476//476
f 477//477 479//479 480//480
f 477//477 480//480 478//478
f 479//479 481//481 482//482
f 479//479 482//482 480//480
f 481//481 483//483 484//484
f 481//481 484//484 482//482
f 483//483 485//485 486//486
f 483//483 486//486 484//484
f 485//485 487//487 488//488
f 485//485 488//488 486//486
f 487//487 489//489 490//490
f 487//487 490//490 488//488
f 489//489 491//491 492//492
f 489//489 492//492 490//490
f 491//491 493//493 494//494
f 491//491 494//494 492//492
f 493//493 495//495 496//496
f 493//493 496//496 494//494
f 495//495 497//497 498//498
f 495//495 498//498 496//496
f 497//497 499//499 500//500
f 497//497 500//500 498//498
f 499//499 501//501 502//502
f 499//499 502//502 500//500
f 501//501 503//503 504//504
f 501//501 504//504 502//502
f 503//503 505//505 506//506
f 503//503 506//506 504//504
f 505//505 507//507 508//508
f 505//505 508//508 506//506
f 507//507 509//509 510//510
f 507//507 510//510 508//508
f 509//509 511//511 512//512
f 509//509 512//512 510//510
f 511//511 513//513 514//514
f 511//511 514//514 512//512
f 513//513 515//515 516//516
f 513//513 516//516 514//514
f 515//515 517//517 518//518
f 515//515 518//518 516//516
f 517//517 519//519 520//520
f 517//517 520//520 518//518
f 519//519 521//521 522//522
f 519//519 522//522 520//520
f 521//521 523//523 524//524
f 521//521 524//524 522//522
f 523//523 525//525 526//526
f 523//523 526//526 524//524
f 525//525 527//527 528//528
f 525//525 528//528 526//526
f 527//527 529//529 530//530
f 527//527 530//530 528//528
f 529//529 531//531 532//532
f 529//529 532//532 530//530
f 531//531 533//533 534//534
f 531//531 534//534 532//532
f 533//533 535//535 536//536
f 533//533 536//536 534//534
f 535//535 537//537 538//538
f 535//535 538//538 536//536
f 537//537 539//539 540//540
f 537//537 540//540 538//538
f 539//539 541//541 542//542
f 539//539 542//542 540//540
f 541//541 543//543 544//544
f 541//541 544//544 542//542
f 543//543 545//545 546//546
f 543//543 546//546 544//544
f 545//545 547//547 548//548
f 545//545 548//548 546//546
f 547//547 549//549 550//550
f 547//547 550//550 548//548
f 549//549 551//551 552//552
f 549//549 552//552 550//550
f 551//551 553//553 554//554
f 551//551 554//554 552//552
f 553//553 555//555 556//556
f 553//553 556//556 554//554
f 555//555 557//557 558//558
f 555//555 558//558 556//556
f 557//557 559//559 560//560
f 557//557 560//560 558//558
f 559//559 561//561 562//562
f 559//559 562//562 560//560
f 561//561 563//563 564//564
f 561//561 564//564 562//562
f 563//563 565//565 566//566
f 563//563 566//566 564//564
f 565//565 567//567 568//568
f 565//565 568//568 566//566
f 567//567 569//569 570//570
f 567//567 570//570 568//568
f 569//569 571//571 572//572
f 569//569 572//572 570//570
f 571//571 573//573 574//574
f 571//571 574//574 572//572
f 573//573 575//575 576//576
f 573//573 576//576 574//574
f 575//575 577//577 578//578
f 575//575 578//578 576//576
f 577//577 579//579 580//580
f 577//577 580//580 578//578
f 579//579 581//581 582//582
f 579//579 582//582 580//580
f 581//581 583//583 584//584
f 581//581 584//584 582//582
f 583//583 585//585 586//586
f 583//583 586//586 584//584
f 585//585 587//587 588//588
f 585//585 588//588 586//586
f 587//587 589//589 590//590
f 587//587 590//590 588//588
f 589//589 591//591 592//592
f 589//589 592//592 590//590
f 591//591 593//593 594//594
f 591//591 594//594 592//592
f 593//593 595//595 596//596
f 593//593 596//596 594//594
f 595//595 597//597 598//598
f 595//595 598//598 596//596
f 597//597 599//599 600//600
f 597//597 600//600 598//598
f 599//599 601//601 602//602
f 599//599 602//602 600//600
f 601//601 603//603 604//604
f 601//601 604//604 602//602
f 603//603 605//605 606//606
f 603//603 606//606 604//604
f 605//605 607//607 608//608
f 605//605 608//608 606//606
f 607//607 609//609 610//610
f 607//607 610//610 608//608
f 609//609 611//611 612//612
f 609//609 612//612 610//610
f 611//611 613//613 614//614
f 611//611 614//614 612//612
f 613//613 615//615 616//616
f 613//613 616//616 614//614
f 615//615 617//617 618//618
f 615//615 618//618 616//616
f 617//617 619//619 620//620
f 617//617 620//620 618//618
f 619//619 621//621 622//622
f 619//619 622//622 620//620
f 621//621 623//623 624//624
f 621//621 624//624 622//622
f 623//623 625//625 626//626
f 623//623 626//626 624//624
f 625//625 627//627 628//628
f 625//625 628//628 626//626
f 627//627 629//629 630//630
f 627//627 630//630 628//628
f 629//629 631//631 632//632
f 629//629 632//632 630//630
f 631//631 633//633 634//634
f 631//631 634//634 632//632
f 633//633 635//635 636//636
f 633//633 636//636 634//634
f 635//635 637//637 638//638
f 635//635 638//638 636//636
f 637//637 639//639 640//640
f 637//637 640//640 638//638
f 639//639 641//641 642//642
f 639//639 642//642 640//640
f 641//641 643//643 644//644
f 641//641 644//644 642//642
f 643//643 645//645 646//646
f 643//643 646//646 644//644
f 645//645 647//647 648//648
f 645//645 648//648 646//646
f 647//647 649//649 650//650
f 647//647 650//650 648//648
f 649//649 651//651 652//652
f 649//649 652//652 650//650
f 651//651 653//653 654//654
f 651//651 654//654 652//652
f 653//653 655//655 656//656
f 653//653 656//656 654//654
f 655//655 657//657 658//658
f 655//655 658//658 656//656
f 657//657 659//659 660//660
f 657//657 660//660 658//658
f 659//659 661//661 662//662
f 659//659 662//662 660//660
f 661//661 663//663 664//664
f 661//661 664//664 662//662
f 663//663 665//665 666//666
f 663//663 666//666 664//664
f 665//665 667//667 668//668
f 665//665 668//668 666//666
f 667//667 669//669 670//670
f 667//667 670//670 668//668
f 669//669 671//671 672//672
f 669//669 672//672 670//670
f 671//671 673//673 674//674
f 671//671 674//674 672//672
f 673//673 675//675 676//676
f 673//673 676//676 674//674
f 675//675 677//677 678//678
f 675//675 678//678 676//676
f 677//677 679//679 680//680
f 677//677 680//680 678//678
f 679//679 681//681 682//682
f 679//679 682//682 680//680
f 681//681 683//683 684//684
f 681//681 684//684 682//682
f 683//683 685//685 686//686
f 683//683 686//686 684//684
f 685//685 687//687 688//688
f 685//685 688//688 686//686
f 687//687 689//689 690//690
f 687//687 690//690 688//688
f 689//689 691//691 692//692
f 689//689 692//692 690//690
f 691//691 693//693 694//694
f 691//691 694//694 692//692
f 693//693 695//695 696//696
f 693//693 696//696 694//694
f 695//695 697//697 698//698
f 695//695 698//698 696//696
f 697//697 699//699 700//700
f 697//697 700//700 698//698
f 699//699 701//701 702//702
f 699//699 702//702 700//700
f 701//701 703//703 704//704
f 701//701 704//704 702//702
f 703//703 705//705 706//706
f 703//703 706//706 704//704
f 705//705 707//707 708//708
f 705//705 708//708 706//706
f 707//707 709//709 710//710
f 707//707 710//710 708//708
f 709//709 711//711 712//712
f 709//709 712//712 710//710
f 711//711 713//713 714//714
f 711//711 714//714 712//712
f 713//713 715//715 716//716
f 713//713 716//716 714//714
f 715//715 717//717 718//718
f 715//715 718//718 716//716
f 717//717 719//719 720//720
f 717//717 720//720 718//718
f 719//719 721//721 722//722
f 719//719 722//722 720//720
f 721//721 723//723 724//724
f 721//721 724//724 722//722
f 723//723 725//725 726//726
f 723//723 726//726 724//724
f 725//725 727//727 728//728
f 725//725 728//728 726//726
f 727//727 729//729 730//730
f 727//727 730//730 728//728
f 729//729 731//731 732//732
f 729//729 732//732 730//730
f 731//731 733//733 734//734
f 731//731 734//734 732//732
f 733//733 735//735 736//736
f 733//733 736//736 734//734
f 735//735 737//737 738//738
f 735//735 738//738 736//736
f 737//737 739//739 740//740
f 737//737 740//740 738//738
f 739//739 741//741 742//742
f 739//739 742//742 740//740
f 741//741 743//743 744//744
f 741//741 744//744 742//742
f 743//743 745//745 746//746
f 743//743 746//746 744//744
f 745//745 747//747 748//748
f 745//745 748//748 746//746
f 747//747 749//749 750//750
f 747//747 750//750 748//748
f 749//749 751//751 752//752
f 749//749 752//752 750//750
f 751//751 753//753 754//754
f 751//751 754//754 752//752
f 753//753 755//755 756//756
f 753//753 756//756 754//754
f 755//755 757//757 758//758
f 755//755 758//758 756//756
f 757//757 759//759 760//760
f 757//757 760//760 758//758
f 759//759 761//761 762//762
f 759//759 762//762 760//760
f 761//761 763//763 764//764
f 761//761 764//764 762//762
f 763//763 765//765 766//766
f 763//763 766//766 764//764
f 765//765 767//767 768//768
f 765//765 768//768 766//766
f 767//767 769//769 770//770
f 767//767 770//770 768//768
f 769//769 771//771 772//772
f 769//769 772//772 770//770
f 771//771 773//773 774//774
f 771//771 774//774 772//772
f 773//773 775//775 776//776
f 773//773 776//776 774//774
f 775//775 777//777 778//778
f 775//775 778//778 776//776
f 777//777 779//779 780//780
f 777//777 780//780 778//778
f 779//779 781//781 782//782
f 779//779 782//782 780//780
f 781//781 783//783 784//784
f 781//781 784//784 782//782
f 783//783 785//785 786//786
f 783//783 786//786 784//784
f 785//785 787//787 788//788
f 785//785 788//788 786//786
f 787//787 789//789 790//790
f 787//787 790//790 788//788
f 789//789 791//791 792//792
f 789//789 792//792 790//790
f 791//791 793//793 794//794
f 791//791 794//794 792//792
f 793//793 795//795 796//796
f 793//793 796//796 794//794
f 795//795 797//797 798//798
f 795//795 798//798 796//796
f 797//797 799//799 800//800
f 797//797 800//800 798//798
f 799//799 801//801 802//802
f 799//799 802//802 800//800
f 801//801 803//803 804//804
f 801//801 804//804 802//802
f 803//803 805//805 806//806
f 803//803 806//806 804//804
f 805//805 807//807 808//808
f 805//805 808//808 806//806
f 807//807 809//809 810//810
f 807//807 810//810 808//808
f 809//809 811//811 812//812
f 809//809 812//812 810//810
f 811//811 813//813 814//814
f 811//811 814//814 812//812
f 813//813 815//815 816//816
f 813//813 816//816 814//814
f 815//815 817//817 818//818
f 815//815 818//818 816//816
f 817//817 819//819 820//820
f 817//817 820//820 818//818
f 819//819 821//821 822//822
f 819//819 822//822 820//820
f 821//821 823//823 824//824
f 821//821 824//824 822//822
f 823//823 825//825 826//826
f 823//823 826//826 824//824
f 825//825 827//827 828//828
f 825//825 828//828 826//826
f 827//827 829//829 830//830
f 827//827 830//830 828//828
f 829//829 831//831 832//832
f 829//829 832//832 830//830
f 831//831 833//833 834//834
f 831//831 834//834 832//832
f 833//833 835//835 836//836
f 833//833 836//836 834//834
f 835//835 837//837 838//838
f 835//835 838//838 836//836
f 837//837 839//839 840//840
f 837//837 840//840 838//838
f 839//839 841//841 842//842
f 839//839 842//842 840//840
f 841//841 843//843 844//844
f 841//841 844//844 842//842
f 843//843 845//845 846//846
f 843//843 846//846 844//844
f 845//845 847//847 848//848
f 845//845 848//848 846//846
f 847//847 849//849 850//850
f 847//847 850//850 848//848
f 849//849 851//851 852//852
f 849//849 852//852 850//850
f 851//851 853//853 854//854
f 851//851 854//854 852//852
f 853//853 855//855 856//856
f 853//853 856//856 854//854
f 855//855 857//857 858//858
f 855//855 858//858 856//856
f 857//857 859//859 860//860
f 857//857 860//860 858//858
f 859//859 861//861 862//862
f 859//859 862//862 860//860
f 861//861 863//863 864//864
f 861//861 864//864 862//862
f 863//863 865//865 866//866
f 863//863 866//866 864//864
f 865//865 867//867 868//868
f 865//865 868//868 866//866
f 867//867 869//869 870//870
f 867//867 870//870 868//868
f 869//869 871//871 872//872
f 869//869 872//872 870//870
f 871//871 873//873 874//874
f 871//871 874//874 872//872
f 873//873 875//875 876//876
f 873//873 876//876 874//874
f 875//875 877//877 878//878
f 875//875 878//878 876//876
f 877//877 879//879 880//880
f 877//877 880//880 878//878
f 879//879 881//881 882//882
f 879//879 882//882 880//880
f 881//881 883//883 884//884
f 881//881 884//884 882//882
f 883//883 885//885 886//886
f 883//883 886//886 884//884
f 885//885 887//887 888//888
f 885//885 888//888 886//886
f 887//887 889//889 890//890
f 887//887 890//890 888//888
f 889//889 891//891 892//892
f 889//889 892//892 890//890
f 891//891 893//893 894//894
f 891//891 894//894 892//892
f 893//893 895//895 896//896
f 893//893 896//896 894//894
f 895//895 897//897 898//898
f 895//895 898//898 896//896
f 897//897 899//899 900//900
f 897//897 900//900 898//898
f 899//899 901//901 902//902
f 899//899 902//902 900//900
f 901//901 903//903 904//904
f 901//901 904//904 902//902
f 903//903 905//905 906//906
f 903//903 906//906 904//904
f 905//905 907//907 908//908
f 905//905 908//908 906//906
f 907//907 909//909 910//910
f 907//907 910//910 908//908
f 909//909 911//911 912//912
f 909//909 912//912 910//910
f 911//911 913//913 914//914
f 911//911 914//914 912//912
f 913//913 915//915 916//916
f 913//913 916//916 914//914
f 915//915 917//917 918//918
f 915//915 918//918 916//916
f 917//917 919//919 920//920
f 917//917 920//920 918//918
f 919//919 921//921 922//922
f 919//919 922//922 920//920
f 921//921 923//923 924//924
f 921//921 924//924 922//922
f 923//923 925//925 926//926
f 923//923 926//926 924//924
f 925//925 927//927 928//928
f 925//925 928//928 926//926
f 927//927 929//929 930//930
f 927//927 930//930 928//928
f 929//929 931//931 932//932
f 929//929 932//932 930//930
f 931//931 933//933 934//934
f 931//931 934//934 932//932
f 933//933 935//935 936//936
f 933//933 936//936 934//934
f 935//935 937//937 938//938
f 935//935 938//938 936//936
f 937//937 939//939 940//940
f 937//937 940//940 938//938
f 939//939 941//941 942//942
f 939//939 942//942 940//940
f 941//941 943//943 944//944
f 941//941 944//944 942//942
f 943//943 945//945 946//946
f 943//943 946//946 944//944
f 945//945 947//947 948//948
f 945//945 948//948 946//946
f 947//947 949//949 950//950
f 947//947 950//950 948//948
f 949//949 951//951 952//952
f 949//949 952//952 950//950
f 951//951 953//953 954//954
f 951//951 954//954 952//952
f 953//953 955//955 956//956
f 953//953 956//956 954//954
f 955//955 957//957 958//958
f 955//955 958//958 956//956
f 957//957 959//959 960//960
f 957//957 960//960 958//958
f 959//959 961//961 962//962
f 959//959 962//962 960//960
f 961//961 963//963 964//964
f 961//961 964//964 962//962
f 963//963 965//965 966//966
f 963//963 966//966 964//964
f 965//965 967//967 968//968
f 965//965 968//968 966//966
f 967//967 969//969 970//970
f 967//967 970//970 968//968
f 969//969 971//971 972//972
f 969//969 972//972 970//970
f 971//971 973//973 974//974
f 971//971 974//974 972//972
f 973//973 975//975 976//976
f 973//973 976//976 974//974
f 975//975 977//977 978//978
f 975//975 978//978 976//976
f 977//977 979//979 980//980
f 977//977 980//980 978//978
f 979//979 981//981 982//982
f 979//979 982//982 980//980
f 981//981 983//983 984//984
f 981//981 984//984 982//982
f 983//983 985//985 986//986
f 983//983 986//986 984//984
f 985//985 987//987 988//988
f 985//985 988//988 986//986
f 987//987 989//989 990//990
f 987//987 990//990 988//988
f 989//989 991//991 992//992
f 989//989 992//992 990//990
f 991//991 993//993 994//994
f 991//991 994//994 992//992
f 993//993 995//995 996//996
f 993//993 996//996 994//994
f 995//995 997//997 998//998
f 995//995 998//998 996//996
f 997//997 999//999 1000//1000
f 997//997 1000//1000 998//998
f 999//999 1001//1001 1002//1002
f 999//999 1002//1002 1000//1000
f 1001//1001 1003//1003 1004//1004
f 1001//1001 1004//1004 1002//1002
f 1003//1003 1005//1005 1006//1006
f 1003//1003 1006//1006 1004//1004
f 1005//1005 1007//1007 1008//1008
f 1005//1005 1008//1008 1006//1006
f 1007//1007 1009//1009 1010//1010
f 1007//1007 1010//1010 1008//1008
f 1009//1009 1011//1011 1012//1012
f 1009//1009 1012//1012 1010//1010
f 1011//1011 1013//1013 1014//1014
f 1011//1011 1014//1014 1012//1012
f 1013//1013 1015//1015 1016//1016
f 1013//1013 1016//1016 1014//1014
f 1015//1015 1017//1017 1018//1018
f 1015//1015 1018//1018 1016//1016
f 1017//1017 1019//1019 1020//1020
f 1017//1017 1020//1020 1018//1018
f 1019//1019 1021//1021 1022//1022
f 1019//1019 1022//1022 1020//1020
f 1021//1021 1023//1023 1024//1024
f 1021//1021 1024//1024 1022//1022
f 1023//1023 1025//1025 1026//1026
f 1023//1023 1026//1026 1024//1024
f 1025//1025 1027//1027 1028//1028
f 1025//1025 1028//1028 1026//1026
f 1027//1027 1029//1029 1030//1030
f 1027//1027 1030//1030 1028//1028
f 1029//1029 1031//1031 1032//1032
f 1029//1029 1032//1032 1030//1030
f 1031//1031 1033//1033 1034//1034
f 1031//1031 1034//1034 1032//1032
f 1033//1033 1035//1035 1036//1036
f 1033//1033 1036//1036 1034//1034
f 1035//1035 1037//1037 1038//1038
f 1035//1035 1038//1038 1036//1036
f 1037//1037 1039//1039 1040//1040
f 1037//1037 1040//1040 1038//1038
f 1039//1039 1041//1041 1042//1042
f 1039//1039 1042//1042 1040//1040
f 1041//1041 1043//1043 1044//1044
f 1041//1041 1044//1044 1042//1042
f 1043//1043 1045//1045 1046//1046
f 1043//1043 1046//1046 1044//1044
f 1045//1045 1047//1047 1048//1048
f 1045//1045 1048//1048 1046//1046
f 1047//1047 1049//1049 1050//1050
f 1047//1047 1050//1050 1048//1048
f 1049//1049 1051//1051 1052//1052
f 1049//1049 1052//1052 1050//1050
f 1051//1051 1053//1053 1054//1054
f 1051//1051 1054//1054 1052//1052
f 1053//1053 1055//1055 1056//1056
f 1053//1053 1056//1056 1054//1054
f 1055//1055 1057//1057 1058//1058
f 1055//1055 1058//1058 1056//1056
f 1057//1057 1059//1059 1060//1060
f 1057//1057 1060//1060 1058//1058
f 1059//1059 1061//1061 1062//1062
f 1059//1059 1062//1062 1060//1060
f 1061//1061 1063//1063 1064//1064
f 1061//1061 1064//1064 1062//1062
f 1063//1063 1065//1065 1066//1066
f 1063//1063 1066//1066 1064//1064
f 1065//1065 1067//1067 1068//1068
f 1065//1065 1068//1068 1066//1066
f 1067//1067 1069//1069 1070//1070
f 1067//1067 1070//1070 1068//1068
f 1069//1069 1071//1071 1072//1072
f 1069//1069 1072//1072 1070//1070
f 1071//1071 1073//1073 1074//1074
f 1071//1071 1074//1074 1072//1072
f 1073//1073 1075//1075 1076//1076
f 1073//1073 1076//1076 1074//1074
f 1075//1075 1077//1077 1078//1078
f 1075//1075 1078//1078 1076//1076
f 1077//1077 1079//1079 1080//1080
f 1077//1077 1080//1080 1078//1078
f 1079//1079 1081//1081 1082//1082
f 1079//1079 1082//1082 1080//1080
f 1081//1081 1083//1083 1084//1084
f 1081//1081 1084//1084 1082//1082
f 1083//1083 1085//1085 1086//1086
f 1083//1083 1086//1086 1084//1084
f 1085//1085 1087//1087 1088//1088
f 1085//1085 1088//1088 1086//1086
f 1087//1087 1089//1089 1090//1090
f 1087//1087 1090//1090 1088//1088
f 1089//1089 1091//1091 1092//1092
f 1089//1089 1092//1092 1090//1090
f 1091//1091 1093//1093 1094//1094
f 1091//1091 1094//1094 1092//1092
f 1093//1093 1095//1095 1096//1096
f 1093//1093 1096//1096 1094//1094
f 1095//1095 1097//1097 1098//1098
f 1095//1095 1098//1098 1096//1096
f 1097//1097 1099//1099 1100//1100
f 1097//1097 1100//1100 1098//1098
f 1099//1099 1101//1101 1102//1102
f 1099//1099 1102//1102 1100//1100
f 1101//1101 1103//1103 1104//1104
f 1101//1101 1104//1104 1102//1102
f 1103//1103 1105//1105 1106//1106
f 1103//1103 1106//1106 1104//1104
f 1105//1105 1107//1107 1108//1108
f 1105//1105 1108//1108 1106//1106
f 1107//1107 1109//1109 1110//1110
f 1107//1107 1110//1110 1108//1108
f 1109//1109 1111//1111 1112//1112
f 1109//1109 1112//1112 1110//1110
f 1111//1111 1113//1113 1114//1114
f 1111//1111 1114//1114 1112//1112
f 1113//1113 1115//1115 1116//1116
f 1113//1113 1116//1116 1114//1114
f 1115//1115 1117//1117 1118//1118
f 1115//1115 1118//1118 1116//1116
f 1117//1117 1119//1119 1120//1120
f 1117//1117 1120//1120 1118//1118
f 1119//1119 1121//1121 1122//1122
f 1119//1119 1122//1122 1120//1120
f 1121//1121 1123//1123 1124//1124
f 1121//1121 1124//1124 1122//1122
f 1123//1123 1125//1125 1126//1126
f 1123//1123 1126//1126 1124//1124
f 1125//1125 1127//1127 1128//1128
f 1125//1125 1128//1128 1126//1126
f 1127//1127 1129//1129 1130//1130
f 1127//1127 1130//1130 1128//1128
f 1129//1129 1131//1131 1132//1132
f 1129//1129 1132//1132 1130//1130
f 1131//1131 1133//1133 1134//1134
f 1131//1131 1134//1134 1132//1132
f 1133//1133 1135//1135 1136//1136
f 1133//1133 1136//1136 1134//1134
f 1135//1135 1137//1137 1138//1138
f 1135//1135 1138//1138 1136//1136
f 1137//1137 1139//1139 1140//1140
f 1137//1137 1140//1140 1138//1138
f 1139//1139 1141//1141 1142//1142
f 1139//1139 1142//1142 1140//1140
f 1141//1141 1143//1143 1144//1144
f 1141//1141 1144//1144 1142//1142
f 1143//1143 1145//1145 1146//1146
f 1143//1143 1146//1146 1144//1144
f 1145//1145 1147//1147 1148//1148
f 1145//1145 1148//1148 1146//1146
f 1147//1147 1149//1149 1150//1150
f 1147//1147 1150//1150 1148//1148
f 1149//1149 1151//1151 1152//1152
f 1149//1149 1152//1152 1150//1150
f 1151//1151 1153//1153 1154//1154
f 1151//1151 1154//1154 1152//1152
f 1153//1153 1155//1155 1156//1156
f 1153//1153 1156//1156 1154//1154
f 1155//1155 1157//1157 1158//1158
f 1155//1155 1158//1158 1156//1156
f 1157//1157 1159//1159 1160//1160
f 1157//1157 1160//1160 1158//1158
f 1159//1159 1161//1161 1162//1162
f 1159//1159 1162//1162 1160//1160
f 1161//1161 1163//1163 1164//1164
f 1161//1161 1164//1164 1162//1162
f 1163//1163 1165//1165 1166//1166
f 1163//1163 1166//1166 1164//1164
f 1165//1165 1167//1167 1168//1168
f 1165//1165 1168//1168 1166//1166
f 1167//1167 1169//1169 1170//1170
f 1167//1167 1170//1170 1168//1168
f 1169//1169 1171//1171 1172//1172
f 1169//1169 1172//1172 1170//1170
f 1171//1171 1173//1173 1174//1174
f 1171//1171 1174//1174 1172//1172
f 1173//1173 1175//1175 1176//1176
f 1173//1173 1176//1176 1174//1174
f 1175//1175 1177//1177 1178//1178
f 1175//1175 1178//1178 1176//1176
f 1177//1177 1179//1179 1180//1180
f 1177//1177 1180//1180 1178//1178
f 1179//1179 1181//1181 1182//1182
f 1179//1179 1182//1182 1180//1180
f 1181//1181 1183//1183 1184//1184
f 1181//1181 1184//1184 1182//1182
f 1183//1183 1185//1185 1186//1186
f 1183//1183 1186//1186 1184//1184
f 1185//1185 1187//1187 1188//1188
f 1185//1185 1188//1188 1186//1186
f 1187//1187 1189//1189 1190//1190
f 1187//1187 1190//1190 1188//1188
f 1189//1189 1191//1191 1192//1192
f 1189//1189 1192//1192 1190//1190
f 1191//1191 1193//1193 1194//1194
f 1191//1191 1194//1194 1192//1192
f 1193//1193 1195//1195 1196//1196
f 1193//1193 1196//1196 1194//1194
f 1195//1195 1197//1197 1198//1198
f 1195//1195 1198//1198 1196//1196
f 1197//1197 1199//1199 1200//1200
f 1197//1197 1200//1200 1198//1198
f 1199//1199 1201//1201 1202//1202
f 1199//1199 1202//1202 1200//1200
f 1201//1201 1203//1203 1204//1204
f 1201//1201 1204//1204 1202//1202
f 1203//1203 1205//1205 1206//1206
f 1203//1203 1206//1206 1204//1204
f 1205//1205 1207//1207 1208//1208
f 1205//1205 1208//1208 1206//1206
f 1207//1207 1209//1209 1210//1210
f 1207//1207 1210//1210 1208//1208
f 1209//1209 1211//1211 1212//1212
f 1209//1209 1212//1212 1210//1210
f 1211//1211 1213//1213 1214//1214
f 1211//1211 1214//1214 1212//1212
f 1213//1213 1215//1215 1216//1216
f 1213//1213 1216//1216 1214//1214
f 1215//1215 1217//1217 1218//1218
f 1215//1215 1218//1218 1216//1216
f 1217//1217 1219//1219 1220//1220
f 1217//1217 1220//1220 1218//1218
f 1219//1219 1221//1221 1222//1222
f 1219//1219 1222//1222 1220//1220
f 1221//1221 1223//1223 1224//1224
f 1221//1221 1224//1224 1222//1222
f 1223//1223 1225//1225 1226//1226
f 1223//1223 1226//1226 1224//1224
f 1225//1225 1227//1227 1228//1228
f 1225//1225 1228//1228 1226//1226
f 1227//1227 1229//1229 1230//1230
f 1227//1227 1230//1230 1228//1228
f 1229//1229 1231//1231 1232//1232
f 1229//1229 1232//1232 1230//1230
f 1231//1231 1233//1233 1234//1234
f 1231//1231 1234//1234 1232//1232
f 1233//1233 1235//1235 1236//1236
f 1233//1233 1236//1236 1234//1234
f 1235//1235 1237//1237 1238//1238
f 1235//1235 1238//1238 1236//1236
f 1237//1237 1239//1239 1240//1240
f 1237//1237 1240//1240 1238//1238
f 1239//1239 1241//1241 1242//1242
f 1239//1239 1242//1242 1240//1240
f 1241//1241 1243//1243 1244//1244
f 1241//1241 1244//1244 1242//1242
f 1243//1243 1245//1245 1246//1246
f 1243//1243 1246//1246 1244//1244
f 1245//1245 1247//1247 1248//1248
f 1245//1245 1248//1248 1246//1246
f 1247//1247 1249//1249 1250//1250
f 1247//1247 1250//1250 1248//1248
f 1249//1249 1251//1251 1252//1252
f 1249//1249 1252//1252 1250//1250
f 1251//1251 1253//1253 1254//1254
f 1251//1251 1254//1254 1252//1252
f 1253//1253 1255//1255 1256//1256
f 1253//1253 1256//1256 1254//1254
f 1255//1255 1257//1257 1258//1258
f 1255//1255 1258//1258 1256//1256
f 1257//1257 1259//1259 1260//1260
f 1257//1257 1260//1260 1258//1258
f 1259//1259 1261//1261 1262//1262
f 1259//1259 1262//1262 1260//1260
f 1261//1261 1263//1263 1264//1264
f 1261//1261 1264//1264 1262//1262
f 1263//1263 1265//1265 1266//1266
f 1263//1263 1266//1266 1264//1264
f 1265//1265 1267//1267 1268//1268
f 1265//1265 1268//1268 1266//1266
f 1267//1267 1269//1269 1270//1270
f 1267//1267 1270//1270 1268//1268
f 1269//1269 1271//1271 1272//1272
f 1269//1269 1272//1272 1270//1270
f 1271//1271 1273//1273 1274//1274
f 1271//1271 1274//1274 1272//1272
f 1273//1273 1275//1275 1276//1276
f 1273//1273 1276//1276 1274//1274
f 1275//1275 1277//1277 1278//1278
f 1275//1275 1278//1278 1276//1276
f 1277//1277 1279//1279 1280//1280
f 1277//1277 1280//1280 1278//1278
f 1279//1279 1281//1281 1282//1282
f 1279//1279 1282//1282 1280//1280
f 1281//1281 1283//1283 1284//1284
f 1281//1281 1284//1284 1282//1282
f 1283//1283 1285//1285 1286//1286
f 1283//1283 1286//1286 1284//1284
f 1285//1285 1287//1287 1288//1288
f 1285//1285 1288//1288 1286//1286
f 1287//1287 1289//1289 1290//1290
f 1287//1287 1290//1290 1288//1288
f 1289//1289 1291//1291 1292//1292
f 1289//1289 1292//1292 1290//1290
f 1291//1291 1293//1293 1294//1294
f 1291//1291 1294//1294 1292//1292
f 1293//1293 1295//1295 1296//1296
f 1293//1293 1296//1296 1294//1294
f 1295//1295 1297//1297 1298//1298
f 1295//1295 1298//1298 1296//1296
f 1297//1297 1299//1299 1300//1300
f 1297//1297 1300//1300 1298//1298
f 1299//1299 1301//1301 1302//1302
f 1299//1299 1302//1302 1300//1300
f 1301//1301 1303//1303 1304//1304
f 1301//1301 1304//1304 1302//1302
f 1303//1303 1305//1305 1306//1306
f 1303//1303 1306//1306 1304//1304
f 1305//1305 1307//1307 1308//1308
f 1305//1305 1308//1308 1306//1306
f 1307//1307 1309//1309 1310//1310
f 1307//1307 1310//1310 1308//1308
f 1309//1309 1311//1311 1312//1312
f 1309//1309 1312//1312 1310//1310
f 1311//1311 1313//1313 1314//1314
f 1311//1311 1314//1314 1312//1312
f 1313//1313 1315//1315 1316//1316
f 1313//1313 1316//1316 1314//1314
f 1315//1315 1317//1317 1318//1318
f 1315//1315 1318//1318 1316//1316
f 1317//1317 1319//1319 1320//1320
f 1317//1317 1320//1320 1318//1318
f 1319//1319 1321//1321 1322//1322
f 1319//1319 1322//1322 1320//1320
f 1321//1321 1323//1323 1324//1324
f 1321//1321 1324//1324 1322//1322
f 1323//1323 1325//1325 1326//1326
f 1323//1323 1326//1326 1324//1324
f 1325//1325 1327//1327 1328//1328
f 1325//1325 1328//1328 1326//1326
f 1327//1327 1329//1329 1330//1330
f 1327//1327 1330//1330 1328//1328
f 1329//1329 1331//1331 1332//1332
f 1329//1329 1332//1332 1330//1330
f 1331//1331 1333//1333 1334//1334
f 1331//1331 1334//1334 1332//1332
f 1333//1333 1335//1335 1336//1336
f 1333//1333 1336//1336 1334//1334
f 1335//1335 1337//1337 1338//1338
f 1335//1335 1338//1338 1336//1336
f 1337//1337 1339//1339 1340//1340
f 1337//1337 1340//1340 1338//1338
f 1339//1339 1341//1341 1342//1342
f 1339//1339 1342//1342 1340//1340
f 1341//1341 1343//1343 1344//1344
f 1341//1341 1344//1344 1342//1342
f 1343//1343 1345//1345 1346//1346
f 1343//1343 1346//1346 1344//1344
f 1345//1345 1347//1347 1348//1348
f 1345//1345 1348//1348 1346//1346
f 1347//1347 1349//1349 1350//1350
f 1347//1347 1350//1350 1348//1348
f 1349//1349 1351//1351 1352//1352
f 1349//1349 1352//1352 1350//1350
f 1351//1351 1353//1353 1354//1354
f 1351//1351 1354//1354 1352//1352
f 1353//1353 1355//1355 1356//1356
f 1353//1353 1356//1356 1354//1354
f 1355//1355 1357//1357 1358//1358
f 1355//1355 1358//1358 1356//1356
f 1357//1357 1359//1359 1360//1360
f 1357//1357 1360//1360 1358//1358
f 1359//1359 1361//1361 1362//1362
f 1359//1359 1362//1362 1360//1360
f 1361//1361 1363//1363 1364//1364
f 1361//1361 1364//1364 1362//1362
f 1363//1363 1365//1365 1366//1366
f 1363//1363 1366//1366 1364//1364
f 1365//1365 1367//1367 1368//1368
f 1365//1365 1368//1368 1366//1366
f 1367//1367 1369//1369 1370//1370
f 1367//1367 1370//1370 1368//1368
f 1369//1369 1371//1371 1372//1372
f 1369//1369 1372//1372 1370//1370
f 1371//1371 1373//1373 1374//1374
f 1371//1371 1374//1374 1372//1372
f 1373//1373 1375//1375 1376//1376
f 1373//1373 1376//1376 1374//1374
f 1375//1375 1377//1377 1378//1378
f 1375//1375 1378//1378 1376//1376
f 1377//1377 1379//1379 1380//1380
f 1377//1377 1380//1380 1378//1378
f 1379//1379 1381//1381 1382//1382
f 1379//1379 1382//1382 1380//1380
f 1381//1381 1383//1383 1384//1384
f 1381//1381 1384//1384 1382//1382
f 1383//1383 1385//1385 1386//1386
f 1383//1383 1386//1386 1384//1384
f 1385//1385 1387//1387 1388//1388
f 1385//1385 1388//1388 1386//1386
f 1387//1387 1389//1389 1390//1390
f 1387//1387 1390//1390 1388//1388
f 1389//1389 1391//1391 1392//1392
f 1389//1389 1392//1392 1390//1390
f 1391//1391 1393//1393 1394//1394
f 1391//1391 1394//1394 1392//1392
f 1393//1393 1395//1395 1396//1396
f 1393//1393 1396//1396 1394//1394
f 1395//1395 1397//1397 1398//1398
f 1395//1395 1398//1398 1396//1396
f 1397//1397 1399//1399 1400//1400
f 1397//1397 1400//1400 1398//1398
f 1399//1399 1401//1401 1402//1402
f 1399//1399 1402//1402 1400//1400
f 1401//1401 1403//1403 1404//1404
f 1401//1401 1404//1404 1402//1402
f 1403//1403 1405//1405 1406//1406
f 1403//1403 1406//1406 1404//1404
f 1405//1405 1407//1407 1408//1408
f 1405//1405 1408//1408 1406//1406
f 1407//1407 1409//1409 1410//1410
f 1407//1407 1410//1410 1408//1408
f 1409//1409 1411//1411 1412//1412
f 1409//1409 1412//1412 1410//1410
f 1411//1411 1413//1413 1414//1414
f 1411//1411 1414//1414 1412//1412
f 1413//1413 1415//1415 1416//1416
f 1413//1413 1416//1416 1414//1414
f 1415//1415 1417//1417 1418//1418
f 1415//1415 1418//1418 1416//1416
f 1417//1417 1419//1419 1420//1420
f 1417//1417 1420//1420 1418//1418
f 1419//1419 1421//1421 1422//1422
f 1419//1419 1422//1422 1420//1420
f 1421//1421 1423//1423 1424//1424
f 1421//1421 1424//1424 1422//1422
f 1423//1423 1425//1425 1426//1426
f 1423//1423 1426//1426 1424//1424
f 1425//1425 1427//1427 1428//1428
f 1425//1425 1428//1428 1426//1426
f 1427//1427 1429//1429 1430//1430
f 1427//1427 1430//1430 1428//1428
f 1429//1429 1431//1431 1432//1432
f 1429//1429 1432//1432 1430//1430
f 1431//1431 1433//1433 1434//1434
f 1431//1431 1434//1434 1432//1432
f 1433//1433 1435//1435 1436//1436
f 1433//1433 1436//1436 1434//1434
f 1435//1435 1437//1437 1438//1438
f 1435//1435 1438//1438 1436//1436
f 1437//1437 1439//1439 1440//1440
f 1437//1437 1440//1440 1438//1438
f 1439//1439 1441//1441 1442//1442
f 1439//1439 1442//1442 1440//1440
f 1441//1441 1443//1443 1444//1444
f 1441//1441 1444//1444 1442//1442
f 1443//1443 1445//1445 1446//1446
f 1443//1443 1446//1446 1444//1444
f 1445//1445 1447//1447 1448//1448
f 1445//1445 1448//1448 1446//1446
f 1447//1447 1449//1449 1450//1450
f 1447//1447 1450//1450 1448//1448
f 1449//1449 1451//1451 1452//1452
f 1449//1449 1452//1452 1450//1450
f 1451//1451 1453//1453 1454//1454
f 1451//1451 1454//1454 1452//1452
f 1453//1453 1455//1455 1456//1456
f 1453//1453 1456//1456 1454//1454
f 1455//1455 1457//1457 1458//1458
f 1455//1455 1458//1458 1456//1456
f 1457//1457 1459//1459 1460//1460
f 1457//1457 1460//1460 1458//1458
f 1459//1459 1461//1461 1462//1462
f 1459//1459 1462//1462 1460//1460
f 1461//1461 1463//1463 1464//1464
f 1461//1461 1464//1464 1462//1462
f 1463//1463 1465//1465 1466//1466
f 1463//1463 1466//1466 1464//1464
f 1465//1465 1467//1467 1468//1468
f 1465//1465 1468//1468 1466//1466
f 1467//1467 1469//1469 1470//1470
f 1467//1467 1470//1470 1468//1468
f 1469//1469 1471//1471 1472//1472
f 1469//1469 1472//1472 1470//1470
f 1471//1471 1473//1473 1474//1474
f 1471//1471 1474//1474 1472//1472
f 1473//1473 1475//1475 1476//1476
f 1473//1473 1476//1476 1474//1474
f 1475//1475 1477//1477 1478//1478
f 1475//1475 1478//1478 1476//1476
f 1477//1477 1479//1479 1480//1480
f 1477//1477 1480//1480 1478//1478
f 1479//1479 1481//1481 1482//1482
f 1479//1479 1482//1482 1480//1480
f 1481//1481 1483//1483 1484//1484
f 1481//1481 1484//1484 1482//1482
f 1483//1483 1485//1485 1486//1486
f 1483//1483 1486//1486 1484//1484
f 1485//1485 1487//1487 1488//1488
f 1485//1485 1488//1488 1486//1486
f 1487//1487 1489//1489 1490//1490
f 1487//1487 1490//1490 1488//1488
f 1489//1489 1491//1491 1492//1492
f 1489//1489 1492//1492 1490//1490
f 1491//1491 1493//1493 1494//1494
f 1491//1491 1494//1494 1492//1492
f 1493//1493 1495//1495 1496//1496
f 1493//1493 1496//1496 1494//1494
f 1495//1495 1497//1497 1498//1498
f 1495//1495 1498//1498 1496//1496
f 1497//1497 1499//1499 1500//1500
f 1497//1497 1500//1500 1498//1498
f 1499//1499 1501//1501 1502//1502
f 1499//1499 1502//1502 1500//1500
f 1501//1501 1503//1503 1504//1504
f 1501//1501 1504//1504 1502//1502
f 1503//1503 1505//1505 1506//1506
f 1503//1503 1506//1506 1504//1504
f 1505//1505 1507//1507 1508//1508
f 1505//1505 1508//1508 1506//1506
f 1507//1507 1509//1509 1510//1510
f 1507//1507 1510//1510 1508//1508
f 1509//1509 1511//1511 1512//1512
f 1509//1509 1512//1512 1510//1510
f 1511//1511 1513//1513 1514//1514
f 1511//1511 1514//1514 1512//1512
f 1513//1513 1515//1515 1516//1516
f 1513//1513 1516//1516 1514//1514
f 1515//1515 1517//1517 1518//1518
f 1515//1515 1518//1518 1516//1516
f 1517//1517 1519//1519 1520//1520
f 1517//1517 1520//1520 1518//1518
f 1519//1519 1521//1521 1522//1522
f 1519//1519 1522//1522 1520//1520
f 1521//1521 1523//1523 1524//1524
f 1521//1521 1524//1524 1522//1522
f 1523//1523 1525//1525 1526//1526
f 1523//1523 1526//1526 1524//1524
f 1525//1525 1527//1527 1528//1528
f 1525//1525 1528//1528 1526//1526
f 1527//1527 1//1 2//2
f 1527//1527 2//2 1528//1528
