# Dongfeng sandbox; metres; X right, Y far, Z up
mtllib scene.mtl
usemtl steel
v 2.957500 4.300000 0.033407
v 2.954391 4.301002 0.029247
v 2.949359 4.300619 0.030836
v 2.949359 4.299381 0.035979
v 2.954391 4.298998 0.037568
v 2.957500 4.374000 0.051222
v 2.954391 4.375002 0.047061
v 2.949359 4.374619 0.048651
v 2.949359 4.373381 0.053794
v 2.954391 4.372998 0.055383
v 2.957500 4.300000 0.072407
v 2.954391 4.301002 0.068247
v 2.949359 4.300619 0.069836
v 2.949359 4.299381 0.074979
v 2.954391 4.298998 0.076568
v 2.957500 4.374000 0.090222
v 2.954391 4.375002 0.086061
v 2.949359 4.374619 0.087651
v 2.949359 4.373381 0.092794
v 2.954391 4.372998 0.094383
v 2.957500 4.300000 0.067407
v 2.954391 4.301002 0.063247
v 2.949359 4.300619 0.064836
v 2.949359 4.299381 0.069979
v 2.954391 4.298998 0.071568
v 2.957500 4.374000 0.085222
v 2.954391 4.375002 0.081061
v 2.949359 4.374619 0.082651
v 2.949359 4.373381 0.087794
v 2.954391 4.372998 0.089383
v 2.957500 4.374000 0.051222
v 2.954391 4.375002 0.047061
v 2.949359 4.374619 0.048651
v 2.949359 4.373381 0.053794
v 2.954391 4.372998 0.055383
v 2.957500 4.456666 0.071123
v 2.954391 4.457668 0.066963
v 2.949359 4.457286 0.068552
v 2.949359 4.456048 0.073695
v 2.954391 4.455665 0.075284
v 2.957500 4.374000 0.090222
v 2.954391 4.375002 0.086061
v 2.949359 4.374619 0.087651
v 2.949359 4.373381 0.092794
v 2.954391 4.372998 0.094383
v 2.957500 4.456666 0.110123
v 2.954391 4.457668 0.105963
v 2.949359 4.457286 0.107552
v 2.949359 4.456048 0.112695
v 2.954391 4.455665 0.114284
v 2.957500 4.374000 0.085222
v 2.954391 4.375002 0.081061
v 2.949359 4.374619 0.082651
v 2.949359 4.373381 0.087794
v 2.954391 4.372998 0.089383
v 2.957500 4.456666 0.105123
v 2.954391 4.457668 0.100963
v 2.949359 4.457286 0.102552
v 2.949359 4.456048 0.107695
v 2.954391 4.455665 0.109284
v 2.957500 4.456666 0.071123
v 2.954391 4.457668 0.066963
v 2.949359 4.457286 0.068552
v 2.949359 4.456048 0.073695
v 2.954391 4.455665 0.075284
v 2.957500 4.539333 0.091025
v 2.954391 4.540335 0.086864
v 2.949359 4.539952 0.088453
v 2.949359 4.538714 0.093596
v 2.954391 4.538332 0.095186
v 2.957500 4.456666 0.110123
v 2.954391 4.457668 0.105963
v 2.949359 4.457286 0.107552
v 2.949359 4.456048 0.112695
v 2.954391 4.455665 0.114284
v 2.957500 4.539333 0.130025
v 2.954391 4.540335 0.125864
v 2.949359 4.539952 0.127453
v 2.949359 4.538714 0.132596
v 2.954391 4.538332 0.134186
v 2.953000 4.460667 0.040123
v 2.949536 4.458667 0.040123
v 2.949536 4.454667 0.040123
v 2.953000 4.452667 0.040123
v 2.956464 4.454667 0.040123
v 2.956464 4.458667 0.040123
v 2.953000 4.460667 0.110123
v 2.949536 4.458667 0.110123
v 2.949536 4.454667 0.110123
v 2.953000 4.452667 0.110123
v 2.956464 4.454667 0.110123
v 2.956464 4.458667 0.110123
v 2.957500 4.456666 0.105123
v 2.954391 4.457668 0.100963
v 2.949359 4.457286 0.102552
v 2.949359 4.456048 0.107695
v 2.954391 4.455665 0.109284
v 2.957500 4.539333 0.125025
v 2.954391 4.540335 0.120864
v 2.949359 4.539952 0.122453
v 2.949359 4.538714 0.127596
v 2.954391 4.538332 0.129186
v 2.957499 4.539437 0.091025
v 2.954367 4.540365 0.086863
v 2.949346 4.539867 0.088453
v 2.949375 4.538632 0.093597
v 2.954413 4.538366 0.095186
v 2.956204 4.595814 0.104570
v 2.953072 4.596742 0.100409
v 2.948051 4.596244 0.101998
v 2.948080 4.595009 0.107142
v 2.953118 4.594743 0.108732
v 2.957499 4.539437 0.130025
v 2.954367 4.540365 0.125863
v 2.949346 4.539867 0.127453
v 2.949375 4.538632 0.132597
v 2.954413 4.538366 0.134186
v 2.956204 4.595814 0.143570
v 2.953072 4.596742 0.139409
v 2.948051 4.596244 0.140998
v 2.948080 4.595009 0.146142
v 2.953118 4.594743 0.147732
v 2.957499 4.539437 0.125025
v 2.954367 4.540365 0.120863
v 2.949346 4.539867 0.122453
v 2.949375 4.538632 0.127597
v 2.954413 4.538366 0.129186
v 2.956204 4.595814 0.138570
v 2.953072 4.596742 0.134409
v 2.948051 4.596244 0.135998
v 2.948080 4.595009 0.141142
v 2.953118 4.594743 0.142732
v 2.956172 4.596253 0.104570
v 2.952969 4.596840 0.100402
v 2.948019 4.595866 0.101994
v 2.948163 4.594677 0.107147
v 2.953202 4.594916 0.108739
v 2.950430 4.643542 0.115646
v 2.947227 4.644130 0.111477
v 2.942277 4.643156 0.113069
v 2.942421 4.641967 0.118222
v 2.947460 4.642206 0.119814
v 2.956172 4.596253 0.143570
v 2.952969 4.596840 0.139402
v 2.948019 4.595866 0.140994
v 2.948163 4.594677 0.146147
v 2.953202 4.594916 0.147739
v 2.950430 4.643542 0.154646
v 2.947227 4.644130 0.150477
v 2.942277 4.643156 0.152069
v 2.942421 4.641967 0.157222
v 2.947460 4.642206 0.158814
v 2.956172 4.596253 0.138570
v 2.952969 4.596840 0.134402
v 2.948019 4.595866 0.135994
v 2.948163 4.594677 0.141147
v 2.953202 4.594916 0.142739
v 2.950430 4.643542 0.149646
v 2.947227 4.644130 0.145477
v 2.942277 4.643156 0.147069
v 2.942421 4.641967 0.152222
v 2.947460 4.642206 0.153814
v 2.950357 4.643971 0.115646
v 2.947126 4.644180 0.111462
v 2.942288 4.642758 0.113060
v 2.942528 4.641671 0.118231
v 2.947515 4.642420 0.119829
v 2.940078 4.690486 0.125904
v 2.936847 4.690694 0.121720
v 2.932009 4.689273 0.123318
v 2.932249 4.688186 0.128490
v 2.937236 4.688935 0.130088
v 2.950357 4.643971 0.154646
v 2.947126 4.644180 0.150462
v 2.942288 4.642758 0.152060
v 2.942528 4.641671 0.157231
v 2.947515 4.642420 0.158829
v 2.940078 4.690486 0.164904
v 2.936847 4.690694 0.160720
v 2.932009 4.689273 0.162318
v 2.932249 4.688186 0.167490
v 2.937236 4.688935 0.169088
v 2.945963 4.647000 0.084646
v 2.942499 4.645000 0.084646
v 2.942499 4.641000 0.084646
v 2.945963 4.639000 0.084646
v 2.949427 4.641000 0.084646
v 2.949427 4.645000 0.084646
v 2.945963 4.647000 0.154646
v 2.942499 4.645000 0.154646
v 2.942499 4.641000 0.154646
v 2.945963 4.639000 0.154646
v 2.949427 4.641000 0.154646
v 2.949427 4.645000 0.154646
v 2.950357 4.643971 0.149646
v 2.947126 4.644180 0.145462
v 2.942288 4.642758 0.147060
v 2.942528 4.641671 0.152231
v 2.947515 4.642420 0.153829
v 2.940078 4.690486 0.159904
v 2.936847 4.690694 0.155720
v 2.932009 4.689273 0.157318
v 2.932249 4.688186 0.162490
v 2.937236 4.688935 0.164088
v 2.939963 4.690905 0.125904
v 2.936759 4.690705 0.121699
v 2.932068 4.688860 0.123305
v 2.932374 4.687920 0.128502
v 2.937253 4.689183 0.130108
v 2.925243 4.736211 0.134970
v 2.922038 4.736011 0.130766
v 2.917348 4.734166 0.132372
v 2.917653 4.733225 0.137569
v 2.922533 4.734489 0.139175
v 2.939963 4.690905 0.164904
v 2.936759 4.690705 0.160699
v 2.932068 4.688860 0.162305
v 2.932374 4.687920 0.167502
v 2.937253 4.689183 0.169108
v 2.925243 4.736211 0.173970
v 2.922038 4.736011 0.169766
v 2.917348 4.734166 0.171372
v 2.917653 4.733225 0.176569
v 2.922533 4.734489 0.178175
v 2.939963 4.690905 0.159904
v 2.936759 4.690705 0.155699
v 2.932068 4.688860 0.157305
v 2.932374 4.687920 0.162502
v 2.937253 4.689183 0.164108
v 2.925243 4.736211 0.168970
v 2.922038 4.736011 0.164766
v 2.917348 4.734166 0.166372
v 2.917653 4.733225 0.171569
v 2.922533 4.734489 0.173175
v 2.925089 4.736618 0.134970
v 2.921968 4.735996 0.130744
v 2.917458 4.733749 0.132359
v 2.917792 4.732983 0.137582
v 2.922508 4.734756 0.139196
v 2.906064 4.780291 0.142595
v 2.902943 4.779669 0.138369
v 2.898434 4.777423 0.139983
v 2.898768 4.776656 0.145207
v 2.903483 4.778429 0.146821
v 2.925089 4.736618 0.173970
v 2.921968 4.735996 0.169744
v 2.917458 4.733749 0.171359
v 2.917792 4.732983 0.176582
v 2.922508 4.734756 0.178196
v 2.906064 4.780291 0.181595
v 2.902943 4.779669 0.177369
v 2.898434 4.777423 0.178983
v 2.898768 4.776656 0.184207
v 2.903483 4.778429 0.185821
v 2.925089 4.736618 0.168970
v 2.921968 4.735996 0.164744
v 2.917458 4.733749 0.166359
v 2.917792 4.732983 0.171582
v 2.922508 4.734756 0.173196
v 2.906064 4.780291 0.176595
v 2.902943 4.779669 0.172369
v 2.898434 4.777423 0.173983
v 2.898768 4.776656 0.179207
v 2.903483 4.778429 0.180821
v 2.905871 4.780680 0.142595
v 2.902891 4.779643 0.138350
v 2.898594 4.777017 0.139971
v 2.898919 4.776432 0.145219
v 2.903417 4.778696 0.146840
v 2.882720 4.822314 0.148672
v 2.879740 4.821276 0.144427
v 2.875443 4.818650 0.146049
v 2.875769 4.818065 0.151296
v 2.880266 4.820329 0.152918
v 2.905871 4.780680 0.181595
v 2.902891 4.779643 0.177350
v 2.898594 4.777017 0.178971
v 2.898919 4.776432 0.184219
v 2.903417 4.778696 0.185840
v 2.882720 4.822314 0.187672
v 2.879740 4.821276 0.183427
v 2.875443 4.818650 0.185049
v 2.875769 4.818065 0.190296
v 2.880266 4.820329 0.191918
v 2.901938 4.782494 0.111595
v 2.898474 4.780493 0.111595
v 2.898474 4.776494 0.111595
v 2.901938 4.774493 0.111595
v 2.905403 4.776494 0.111595
v 2.905403 4.780493 0.111595
v 2.901938 4.782494 0.181595
v 2.898474 4.780493 0.181595
v 2.898474 4.776494 0.181595
v 2.901938 4.774493 0.181595
v 2.905403 4.776494 0.181595
v 2.905403 4.780493 0.181595
v 2.905871 4.780680 0.176595
v 2.902891 4.779643 0.172350
v 2.898594 4.777017 0.173971
v 2.898919 4.776432 0.179219
v 2.903417 4.778696 0.180840
v 2.882720 4.822314 0.182672
v 2.879740 4.821276 0.178427
v 2.875443 4.818650 0.180049
v 2.875769 4.818065 0.185296
v 2.880266 4.820329 0.186918
v 2.882491 4.822683 0.148672
v 2.879700 4.821253 0.144412
v 2.875648 4.818266 0.146039
v 2.875935 4.817851 0.151305
v 2.880164 4.820580 0.152933
v 2.855430 4.861887 0.153241
v 2.852639 4.860457 0.148980
v 2.848587 4.857471 0.150608
v 2.848874 4.857055 0.155874
v 2.853103 4.859785 0.157501
v 2.882491 4.822683 0.187672
v 2.879700 4.821253 0.183412
v 2.875648 4.818266 0.185039
v 2.875935 4.817851 0.190305
v 2.880164 4.820580 0.191933
v 2.855430 4.861887 0.192241
v 2.852639 4.860457 0.187980
v 2.848587 4.857471 0.189608
v 2.848874 4.857055 0.194874
v 2.853103 4.859785 0.196501
v 2.882491 4.822683 0.182672
v 2.879700 4.821253 0.178412
v 2.875648 4.818266 0.180039
v 2.875935 4.817851 0.185305
v 2.880164 4.820580 0.186933
v 2.855430 4.861887 0.187241
v 2.852639 4.860457 0.182980
v 2.848587 4.857471 0.184608
v 2.848874 4.857055 0.189874
v 2.853103 4.859785 0.191501
v 2.855166 4.862233 0.153241
v 2.852604 4.860448 0.148971
v 2.848829 4.857120 0.150602
v 2.849059 4.856847 0.155880
v 2.852976 4.860007 0.157511
v 2.824448 4.898643 0.156457
v 2.821885 4.896858 0.152187
v 2.818111 4.893529 0.153818
v 2.818341 4.893257 0.159096
v 2.822257 4.896417 0.160727
v 2.855166 4.862233 0.192241
v 2.852604 4.860448 0.187971
v 2.848829 4.857120 0.189602
v 2.849059 4.856847 0.194880
v 2.852976 4.860007 0.196511
v 2.824448 4.898643 0.195457
v 2.821885 4.896858 0.191187
v 2.818111 4.893529 0.192818
v 2.818341 4.893257 0.198096
v 2.822257 4.896417 0.199727
v 2.855166 4.862233 0.187241
v 2.852604 4.860448 0.182971
v 2.848829 4.857120 0.184602
v 2.849059 4.856847 0.189880
v 2.852976 4.860007 0.191511
v 2.824448 4.898643 0.190457
v 2.821885 4.896858 0.186187
v 2.818111 4.893529 0.187818
v 2.818341 4.893257 0.193096
v 2.822257 4.896417 0.194727
v 2.824152 4.898961 0.156457
v 2.821845 4.896868 0.152181
v 2.818382 4.893217 0.153814
v 2.818549 4.893054 0.159099
v 2.822115 4.896604 0.160732
v 2.790063 4.932236 0.158558
v 2.787756 4.930143 0.154283
v 2.784293 4.926492 0.155916
v 2.784460 4.926329 0.161201
v 2.788026 4.929879 0.162834
v 2.824152 4.898961 0.195457
v 2.821845 4.896868 0.191181
v 2.818382 4.893217 0.192814
v 2.818549 4.893054 0.198099
v 2.822115 4.896604 0.199732
v 2.790063 4.932236 0.197558
v 2.787756 4.930143 0.193283
v 2.784293 4.926492 0.194916
v 2.784460 4.926329 0.200201
v 2.788026 4.929879 0.201834
v 2.821008 4.899741 0.125457
v 2.817544 4.897741 0.125457
v 2.817544 4.893741 0.125457
v 2.821008 4.891741 0.125457
v 2.824473 4.893741 0.125457
v 2.824473 4.897741 0.125457
v 2.821008 4.899741 0.195457
v 2.817544 4.897741 0.195457
v 2.817544 4.893741 0.195457
v 2.821008 4.891741 0.195457
v 2.824473 4.893741 0.195457
v 2.824473 4.897741 0.195457
v 2.824152 4.898961 0.190457
v 2.821845 4.896868 0.186181
v 2.818382 4.893217 0.187814
v 2.818549 4.893054 0.193099
v 2.822115 4.896604 0.194732
v 2.790063 4.932236 0.192558
v 2.787756 4.930143 0.188283
v 2.784293 4.926492 0.189916
v 2.784460 4.926329 0.195201
v 2.788026 4.929879 0.196834
v 2.789737 4.932524 0.158558
v 2.787702 4.930171 0.154280
v 2.784585 4.926221 0.155914
v 2.784694 4.926134 0.161202
v 2.787878 4.930029 0.162837
v 2.752596 4.962354 0.159817
v 2.750561 4.960001 0.155538
v 2.747444 4.956051 0.157173
v 2.747553 4.955963 0.162461
v 2.750737 4.959859 0.164095
v 2.789737 4.932524 0.197558
v 2.787702 4.930171 0.193280
v 2.784585 4.926221 0.194914
v 2.784694 4.926134 0.200202
v 2.787878 4.930029 0.201837
v 2.752596 4.962354 0.198817
v 2.750561 4.960001 0.194538
v 2.747444 4.956051 0.196173
v 2.747553 4.955963 0.201461
v 2.750737 4.959859 0.203095
v 2.789737 4.932524 0.192558
v 2.787702 4.930171 0.188280
v 2.784585 4.926221 0.189914
v 2.784694 4.926134 0.195202
v 2.787878 4.930029 0.196837
v 2.752596 4.962354 0.193817
v 2.750561 4.960001 0.189538
v 2.747444 4.956051 0.191173
v 2.747553 4.955963 0.196461
v 2.750737 4.959859 0.198095
v 2.752244 4.962609 0.159817
v 2.750489 4.960042 0.155537
v 2.747751 4.955821 0.157172
v 2.747815 4.955780 0.162461
v 2.750591 4.959975 0.164096
v 2.712397 4.988715 0.160495
v 2.710642 4.986147 0.156216
v 2.707905 4.981926 0.157850
v 2.707968 4.981885 0.163140
v 2.710744 4.986081 0.164774
v 2.752244 4.962609 0.198817
v 2.750489 4.960042 0.194537
v 2.747751 4.955821 0.196172
v 2.747815 4.955780 0.201461
v 2.750591 4.959975 0.203096
v 2.712397 4.988715 0.199495
v 2.710642 4.986147 0.195216
v 2.707905 4.981926 0.196850
v 2.707968 4.981885 0.202140
v 2.710744 4.986081 0.203774
v 2.752244 4.962609 0.193817
v 2.750489 4.960042 0.189537
v 2.747751 4.955821 0.191172
v 2.747815 4.955780 0.196461
v 2.750591 4.959975 0.198096
v 2.712397 4.988715 0.194495
v 2.710642 4.986147 0.190216
v 2.707905 4.981926 0.191850
v 2.707968 4.981885 0.197140
v 2.710744 4.986081 0.198774
v 2.712023 4.988935 0.160495
v 2.710552 4.986196 0.156215
v 2.708224 4.981736 0.157850
v 2.708255 4.981719 0.163140
v 2.710603 4.986169 0.164775
v 2.669842 5.011074 0.160817
v 2.668371 5.008334 0.156537
v 2.666043 5.003874 0.158172
v 2.666075 5.003857 0.163461
v 2.668422 5.008307 0.165096
v 2.712023 4.988935 0.199495
v 2.710552 4.986196 0.195215
v 2.708224 4.981736 0.196850
v 2.708255 4.981719 0.202140
v 2.710603 4.986169 0.203775
v 2.669842 5.011074 0.199817
v 2.668371 5.008334 0.195537
v 2.666043 5.003874 0.197172
v 2.666075 5.003857 0.202461
v 2.668422 5.008307 0.204096
v 2.709931 4.988951 0.129495
v 2.706467 4.986951 0.129495
v 2.706467 4.982951 0.129495
v 2.709931 4.980951 0.129495
v 2.713395 4.982951 0.129495
v 2.713395 4.986951 0.129495
v 2.709931 4.988951 0.199495
v 2.706467 4.986951 0.199495
v 2.706467 4.982951 0.199495
v 2.709931 4.980951 0.199495
v 2.713395 4.982951 0.199495
v 2.713395 4.986951 0.199495
v 2.712023 4.988935 0.194495
v 2.710552 4.986196 0.190215
v 2.708224 4.981736 0.191850
v 2.708255 4.981719 0.197140
v 2.710603 4.986169 0.198775
v 2.669842 5.011074 0.194817
v 2.668371 5.008334 0.190537
v 2.666043 5.003874 0.192172
v 2.666075 5.003857 0.197462
v 2.668422 5.008307 0.199096
v 2.669448 5.011257 0.160817
v 2.668264 5.008381 0.156537
v 2.666371 5.003720 0.158172
v 2.666384 5.003715 0.163462
v 2.668286 5.008373 0.165096
v 2.625328 5.029221 0.160946
v 2.624144 5.026345 0.156666
v 2.622251 5.021684 0.158301
v 2.622264 5.021678 0.163591
v 2.624166 5.026336 0.165225
v 2.669448 5.011257 0.199817
v 2.668264 5.008381 0.195537
v 2.666371 5.003720 0.197171
v 2.666384 5.003715 0.202462
v 2.668286 5.008373 0.204096
v 2.625328 5.029221 0.199946
v 2.624144 5.026345 0.195666
v 2.622251 5.021684 0.197301
v 2.622264 5.021678 0.202591
v 2.624166 5.026336 0.204225
v 2.669448 5.011257 0.194817
v 2.668264 5.008381 0.190537
v 2.666371 5.003720 0.192171
v 2.666384 5.003715 0.197462
v 2.668286 5.008373 0.199096
v 2.625328 5.029221 0.194946
v 2.624144 5.026345 0.190666
v 2.622251 5.021684 0.192301
v 2.622264 5.021678 0.197591
v 2.624166 5.026336 0.199225
v 2.624917 5.029365 0.160946
v 2.624025 5.026386 0.156666
v 2.622587 5.021565 0.158301
v 2.622592 5.021564 0.163591
v 2.624032 5.026384 0.165225
v 2.579269 5.042986 0.160987
v 2.578377 5.040008 0.156708
v 2.576939 5.035186 0.158342
v 2.576944 5.035185 0.163632
v 2.578384 5.040006 0.165267
v 2.624917 5.029365 0.199946
v 2.624025 5.026386 0.195666
v 2.622587 5.021565 0.197301
v 2.622592 5.021564 0.202591
v 2.624032 5.026384 0.204225
v 2.579269 5.042986 0.199987
v 2.578377 5.040008 0.195708
v 2.576939 5.035186 0.197342
v 2.576944 5.035185 0.202632
v 2.578384 5.040006 0.204267
v 2.624917 5.029365 0.194946
v 2.624025 5.026386 0.190666
v 2.622587 5.021565 0.192301
v 2.622592 5.021564 0.197591
v 2.624032 5.026384 0.199225
v 2.579269 5.042986 0.194987
v 2.578377 5.040008 0.190708
v 2.576939 5.035186 0.192342
v 2.576944 5.035185 0.197632
v 2.578384 5.040006 0.199267
v 2.578847 5.043090 0.160987
v 2.578249 5.040039 0.156708
v 2.577283 5.035102 0.158342
v 2.577284 5.035101 0.163632
v 2.578251 5.040039 0.165267
v 2.532098 5.052243 0.160998
v 2.531499 5.049191 0.156718
v 2.530533 5.044254 0.158353
v 2.530534 5.044254 0.163643
v 2.531501 5.049191 0.165277
v 2.578847 5.043090 0.199987
v 2.578249 5.040039 0.195708
v 2.577283 5.035102 0.197342
v 2.577284 5.035101 0.202632
v 2.578251 5.040039 0.204267
v 2.532098 5.052243 0.199998
v 2.531499 5.049191 0.195718
v 2.530533 5.044254 0.197353
v 2.530534 5.044254 0.202643
v 2.531501 5.049191 0.204277
v 2.577983 5.042675 0.129987
v 2.574518 5.040674 0.129987
v 2.574518 5.036674 0.129987
v 2.577983 5.034674 0.129987
v 2.581447 5.036674 0.129987
v 2.581447 5.040674 0.129987
v 2.577983 5.042675 0.199987
v 2.574518 5.040674 0.199987
v 2.574518 5.036674 0.199987
v 2.577983 5.034674 0.199987
v 2.581447 5.036674 0.199987
v 2.581447 5.040674 0.199987
v 2.578847 5.043090 0.194987
v 2.578249 5.040039 0.190708
v 2.577283 5.035102 0.192342
v 2.577284 5.035101 0.197632
v 2.578251 5.040039 0.199267
v 2.532098 5.052243 0.194998
v 2.531499 5.049191 0.190718
v 2.530533 5.044254 0.192353
v 2.530534 5.044254 0.197643
v 2.531501 5.049191 0.199277
v 2.531667 5.052306 0.160998
v 2.531367 5.049211 0.156718
v 2.530882 5.044203 0.158353
v 2.530882 5.044203 0.163643
v 2.531368 5.049211 0.165277
v 2.484253 5.056903 0.160999
v 2.483953 5.053808 0.156720
v 2.483467 5.048801 0.158354
v 2.483467 5.048800 0.163644
v 2.483953 5.053808 0.165279
v 2.531667 5.052306 0.199998
v 2.531367 5.049211 0.195718
v 2.530882 5.044203 0.197353
v 2.530882 5.044203 0.202643
v 2.531368 5.049211 0.204277
v 2.484253 5.056903 0.199999
v 2.483953 5.053808 0.195720
v 2.483467 5.048801 0.197354
v 2.483467 5.048800 0.202644
v 2.483953 5.053808 0.204279
v 2.531667 5.052306 0.194998
v 2.531367 5.049211 0.190718
v 2.530882 5.044203 0.192353
v 2.530882 5.044203 0.197643
v 2.531368 5.049211 0.199277
v 2.484253 5.056903 0.194999
v 2.483953 5.053808 0.190720
v 2.483467 5.048801 0.192354
v 2.483467 5.048800 0.197644
v 2.483953 5.053808 0.199279
v 2.483855 5.056924 0.160999
v 2.483830 5.053815 0.156720
v 2.483788 5.048784 0.158354
v 2.483789 5.048784 0.163644
v 2.483830 5.053815 0.165279
v 2.413751 5.057500 0.161000
v 2.413726 5.054390 0.156720
v 2.413684 5.049359 0.158355
v 2.413684 5.049359 0.163645
v 2.413726 5.054390 0.165280
v 2.483855 5.056924 0.199999
v 2.483830 5.053815 0.195720
v 2.483788 5.048784 0.197354
v 2.483789 5.048784 0.202644
v 2.483830 5.053815 0.204279
v 2.413751 5.057500 0.200000
v 2.413726 5.054390 0.195720
v 2.413684 5.049359 0.197355
v 2.413684 5.049359 0.202645
v 2.413726 5.054390 0.204280
v 2.483855 5.056924 0.194999
v 2.483830 5.053815 0.190720
v 2.483788 5.048784 0.192354
v 2.483789 5.048784 0.197644
v 2.483830 5.053815 0.199279
v 2.413751 5.057500 0.195000
v 2.413726 5.054390 0.190720
v 2.413684 5.049359 0.192355
v 2.413684 5.049359 0.197645
v 2.413726 5.054390 0.199280
v 2.413714 5.057500 0.161000
v 2.413714 5.054390 0.156720
v 2.413714 5.049359 0.158355
v 2.413714 5.049359 0.163645
v 2.413714 5.054390 0.165280
v 2.321143 5.057500 0.161000
v 2.321143 5.054390 0.156720
v 2.321143 5.049359 0.158355
v 2.321143 5.049359 0.163645
v 2.321143 5.054390 0.165280
v 2.413714 5.057500 0.200000
v 2.413714 5.054390 0.195720
v 2.413714 5.049359 0.197355
v 2.413714 5.049359 0.202645
v 2.413714 5.054390 0.204280
v 2.321143 5.057500 0.200000
v 2.321143 5.054390 0.195720
v 2.321143 5.049359 0.197355
v 2.321143 5.049359 0.202645
v 2.321143 5.054390 0.204280
v 2.413714 5.057000 0.130000
v 2.410250 5.055000 0.130000
v 2.410250 5.051000 0.130000
v 2.413714 5.049000 0.130000
v 2.417178 5.051000 0.130000
v 2.417178 5.055000 0.130000
v 2.413714 5.057000 0.200000
v 2.410250 5.055000 0.200000
v 2.410250 5.051000 0.200000
v 2.413714 5.049000 0.200000
v 2.417178 5.051000 0.200000
v 2.417178 5.055000 0.200000
v 2.413714 5.057500 0.195000
v 2.413714 5.054390 0.190720
v 2.413714 5.049359 0.192355
v 2.413714 5.049359 0.197645
v 2.413714 5.054390 0.199280
v 2.321143 5.057500 0.195000
v 2.321143 5.054390 0.190720
v 2.321143 5.049359 0.192355
v 2.321143 5.049359 0.197645
v 2.321143 5.054390 0.199280
v 2.321143 5.057500 0.161000
v 2.321143 5.054390 0.156720
v 2.321143 5.049359 0.158355
v 2.321143 5.049359 0.163645
v 2.321143 5.054390 0.165280
v 2.228571 5.057500 0.161000
v 2.228571 5.054390 0.156720
v 2.228571 5.049359 0.158355
v 2.228571 5.049359 0.163645
v 2.228571 5.054390 0.165280
v 2.321143 5.057500 0.200000
v 2.321143 5.054390 0.195720
v 2.321143 5.049359 0.197355
v 2.321143 5.049359 0.202645
v 2.321143 5.054390 0.204280
v 2.228571 5.057500 0.200000
v 2.228571 5.054390 0.195720
v 2.228571 5.049359 0.197355
v 2.228571 5.049359 0.202645
v 2.228571 5.054390 0.204280
v 2.321143 5.057500 0.195000
v 2.321143 5.054390 0.190720
v 2.321143 5.049359 0.192355
v 2.321143 5.049359 0.197645
v 2.321143 5.054390 0.199280
v 2.228571 5.057500 0.195000
v 2.228571 5.054390 0.190720
v 2.228571 5.049359 0.192355
v 2.228571 5.049359 0.197645
v 2.228571 5.054390 0.199280
v 2.228571 5.057500 0.161000
v 2.228571 5.054390 0.156720
v 2.228571 5.049359 0.158355
v 2.228571 5.049359 0.163645
v 2.228571 5.054390 0.165280
v 2.136000 5.057500 0.161000
v 2.136000 5.054390 0.156720
v 2.136000 5.049359 0.158355
v 2.136000 5.049359 0.163645
v 2.136000 5.054390 0.165280
v 2.228571 5.057500 0.200000
v 2.228571 5.054390 0.195720
v 2.228571 5.049359 0.197355
v 2.228571 5.049359 0.202645
v 2.228571 5.054390 0.204280
v 2.136000 5.057500 0.200000
v 2.136000 5.054390 0.195720
v 2.136000 5.049359 0.197355
v 2.136000 5.049359 0.202645
v 2.136000 5.054390 0.204280
v 2.228571 5.057500 0.195000
v 2.228571 5.054390 0.190720
v 2.228571 5.049359 0.192355
v 2.228571 5.049359 0.197645
v 2.228571 5.054390 0.199280
v 2.136000 5.057500 0.195000
v 2.136000 5.054390 0.190720
v 2.136000 5.049359 0.192355
v 2.136000 5.049359 0.197645
v 2.136000 5.054390 0.199280
v 2.136000 5.057500 0.161000
v 2.136000 5.054390 0.156720
v 2.136000 5.049359 0.158355
v 2.136000 5.049359 0.163645
v 2.136000 5.054390 0.165280
v 2.043429 5.057500 0.161000
v 2.043429 5.054390 0.156720
v 2.043429 5.049359 0.158355
v 2.043429 5.049359 0.163645
v 2.043429 5.054390 0.165280
v 2.136000 5.057500 0.200000
v 2.136000 5.054390 0.195720
v 2.136000 5.049359 0.197355
v 2.136000 5.049359 0.202645
v 2.136000 5.054390 0.204280
v 2.043429 5.057500 0.200000
v 2.043429 5.054390 0.195720
v 2.043429 5.049359 0.197355
v 2.043429 5.049359 0.202645
v 2.043429 5.054390 0.204280
v 2.136000 5.057000 0.130000
v 2.132536 5.055000 0.130000
v 2.132536 5.051000 0.130000
v 2.136000 5.049000 0.130000
v 2.139464 5.051000 0.130000
v 2.139464 5.055000 0.130000
v 2.136000 5.057000 0.200000
v 2.132536 5.055000 0.200000
v 2.132536 5.051000 0.200000
v 2.136000 5.049000 0.200000
v 2.139464 5.051000 0.200000
v 2.139464 5.055000 0.200000
v 2.136000 5.057500 0.195000
v 2.136000 5.054390 0.190720
v 2.136000 5.049359 0.192355
v 2.136000 5.049359 0.197645
v 2.136000 5.054390 0.199280
v 2.043429 5.057500 0.195000
v 2.043429 5.054390 0.190720
v 2.043429 5.049359 0.192355
v 2.043429 5.049359 0.197645
v 2.043429 5.054390 0.199280
v 2.043429 5.057500 0.161000
v 2.043429 5.054390 0.156720
v 2.043429 5.049359 0.158355
v 2.043429 5.049359 0.163645
v 2.043429 5.054390 0.165280
v 1.950857 5.057500 0.161000
v 1.950857 5.054390 0.156720
v 1.950857 5.049359 0.158355
v 1.950857 5.049359 0.163645
v 1.950857 5.054390 0.165280
v 2.043429 5.057500 0.200000
v 2.043429 5.054390 0.195720
v 2.043429 5.049359 0.197355
v 2.043429 5.049359 0.202645
v 2.043429 5.054390 0.204280
v 1.950857 5.057500 0.200000
v 1.950857 5.054390 0.195720
v 1.950857 5.049359 0.197355
v 1.950857 5.049359 0.202645
v 1.950857 5.054390 0.204280
v 2.043429 5.057500 0.195000
v 2.043429 5.054390 0.190720
v 2.043429 5.049359 0.192355
v 2.043429 5.049359 0.197645
v 2.043429 5.054390 0.199280
v 1.950857 5.057500 0.195000
v 1.950857 5.054390 0.190720
v 1.950857 5.049359 0.192355
v 1.950857 5.049359 0.197645
v 1.950857 5.054390 0.199280
v 1.950857 5.057500 0.161000
v 1.950857 5.054390 0.156720
v 1.950857 5.049359 0.158355
v 1.950857 5.049359 0.163645
v 1.950857 5.054390 0.165280
v 1.858286 5.057500 0.161000
v 1.858286 5.054390 0.156720
v 1.858286 5.049359 0.158355
v 1.858286 5.049359 0.163645
v 1.858286 5.054390 0.165280
v 1.950857 5.057500 0.200000
v 1.950857 5.054390 0.195720
v 1.950857 5.049359 0.197355
v 1.950857 5.049359 0.202645
v 1.950857 5.054390 0.204280
v 1.858286 5.057500 0.200000
v 1.858286 5.054390 0.195720
v 1.858286 5.049359 0.197355
v 1.858286 5.049359 0.202645
v 1.858286 5.054390 0.204280
v 1.950857 5.057500 0.195000
v 1.950857 5.054390 0.190720
v 1.950857 5.049359 0.192355
v 1.950857 5.049359 0.197645
v 1.950857 5.054390 0.199280
v 1.858286 5.057500 0.195000
v 1.858286 5.054390 0.190720
v 1.858286 5.049359 0.192355
v 1.858286 5.049359 0.197645
v 1.858286 5.054390 0.199280
v 1.858286 5.057500 0.161000
v 1.858286 5.054390 0.156720
v 1.858286 5.049359 0.158355
v 1.858286 5.049359 0.163645
v 1.858286 5.054390 0.165280
v 1.765714 5.057500 0.161000
v 1.765714 5.054390 0.156720
v 1.765714 5.049359 0.158355
v 1.765714 5.049359 0.163645
v 1.765714 5.054390 0.165280
v 1.858286 5.057500 0.200000
v 1.858286 5.054390 0.195720
v 1.858286 5.049359 0.197355
v 1.858286 5.049359 0.202645
v 1.858286 5.054390 0.204280
v 1.765714 5.057500 0.200000
v 1.765714 5.054390 0.195720
v 1.765714 5.049359 0.197355
v 1.765714 5.049359 0.202645
v 1.765714 5.054390 0.204280
v 1.858286 5.057000 0.130000
v 1.854822 5.055000 0.130000
v 1.854822 5.051000 0.130000
v 1.858286 5.049000 0.130000
v 1.861750 5.051000 0.130000
v 1.861750 5.055000 0.130000
v 1.858286 5.057000 0.200000
v 1.854822 5.055000 0.200000
v 1.854822 5.051000 0.200000
v 1.858286 5.049000 0.200000
v 1.861750 5.051000 0.200000
v 1.861750 5.055000 0.200000
v 1.858286 5.057500 0.195000
v 1.858286 5.054390 0.190720
v 1.858286 5.049359 0.192355
v 1.858286 5.049359 0.197645
v 1.858286 5.054390 0.199280
v 1.765714 5.057500 0.195000
v 1.765714 5.054390 0.190720
v 1.765714 5.049359 0.192355
v 1.765714 5.049359 0.197645
v 1.765714 5.054390 0.199280
v 1.765714 5.057500 0.161000
v 1.765714 5.054390 0.156720
v 1.765714 5.049359 0.158355
v 1.765714 5.049359 0.163645
v 1.765714 5.054390 0.165280
v 1.673143 5.057500 0.161000
v 1.673143 5.054390 0.156720
v 1.673143 5.049359 0.158355
v 1.673143 5.049359 0.163645
v 1.673143 5.054390 0.165280
v 1.765714 5.057500 0.200000
v 1.765714 5.054390 0.195720
v 1.765714 5.049359 0.197355
v 1.765714 5.049359 0.202645
v 1.765714 5.054390 0.204280
v 1.673143 5.057500 0.200000
v 1.673143 5.054390 0.195720
v 1.673143 5.049359 0.197355
v 1.673143 5.049359 0.202645
v 1.673143 5.054390 0.204280
v 1.765714 5.057500 0.195000
v 1.765714 5.054390 0.190720
v 1.765714 5.049359 0.192355
v 1.765714 5.049359 0.197645
v 1.765714 5.054390 0.199280
v 1.673143 5.057500 0.195000
v 1.673143 5.054390 0.190720
v 1.673143 5.049359 0.192355
v 1.673143 5.049359 0.197645
v 1.673143 5.054390 0.199280
v 1.673143 5.057500 0.161000
v 1.673143 5.054390 0.156720
v 1.673143 5.049359 0.158355
v 1.673143 5.049359 0.163645
v 1.673143 5.054390 0.165280
v 1.580571 5.057500 0.161000
v 1.580571 5.054390 0.156720
v 1.580571 5.049359 0.158355
v 1.580571 5.049359 0.163645
v 1.580571 5.054390 0.165280
v 1.673143 5.057500 0.200000
v 1.673143 5.054390 0.195720
v 1.673143 5.049359 0.197355
v 1.673143 5.049359 0.202645
v 1.673143 5.054390 0.204280
v 1.580571 5.057500 0.200000
v 1.580571 5.054390 0.195720
v 1.580571 5.049359 0.197355
v 1.580571 5.049359 0.202645
v 1.580571 5.054390 0.204280
v 1.673143 5.057500 0.195000
v 1.673143 5.054390 0.190720
v 1.673143 5.049359 0.192355
v 1.673143 5.049359 0.197645
v 1.673143 5.054390 0.199280
v 1.580571 5.057500 0.195000
v 1.580571 5.054390 0.190720
v 1.580571 5.049359 0.192355
v 1.580571 5.049359 0.197645
v 1.580571 5.054390 0.199280
v 1.580571 5.057500 0.161000
v 1.580571 5.054390 0.156720
v 1.580571 5.049359 0.158355
v 1.580571 5.049359 0.163645
v 1.580571 5.054390 0.165280
v 1.488000 5.057500 0.161000
v 1.488000 5.054390 0.156720
v 1.488000 5.049359 0.158355
v 1.488000 5.049359 0.163645
v 1.488000 5.054390 0.165280
v 1.580571 5.057500 0.200000
v 1.580571 5.054390 0.195720
v 1.580571 5.049359 0.197355
v 1.580571 5.049359 0.202645
v 1.580571 5.054390 0.204280
v 1.488000 5.057500 0.200000
v 1.488000 5.054390 0.195720
v 1.488000 5.049359 0.197355
v 1.488000 5.049359 0.202645
v 1.488000 5.054390 0.204280
v 1.580571 5.057000 0.130000
v 1.577107 5.055000 0.130000
v 1.577107 5.051000 0.130000
v 1.580571 5.049000 0.130000
v 1.584036 5.051000 0.130000
v 1.584036 5.055000 0.130000
v 1.580571 5.057000 0.200000
v 1.577107 5.055000 0.200000
v 1.577107 5.051000 0.200000
v 1.580571 5.049000 0.200000
v 1.584036 5.051000 0.200000
v 1.584036 5.055000 0.200000
v 1.580571 5.057500 0.195000
v 1.580571 5.054390 0.190720
v 1.580571 5.049359 0.192355
v 1.580571 5.049359 0.197645
v 1.580571 5.054390 0.199280
v 1.488000 5.057500 0.195000
v 1.488000 5.054390 0.190720
v 1.488000 5.049359 0.192355
v 1.488000 5.049359 0.197645
v 1.488000 5.054390 0.199280
v 1.488000 5.057500 0.161000
v 1.488000 5.054390 0.156720
v 1.488000 5.049359 0.158355
v 1.488000 5.049359 0.163645
v 1.488000 5.054390 0.165280
v 1.395429 5.057500 0.161000
v 1.395429 5.054390 0.156720
v 1.395429 5.049359 0.158355
v 1.395429 5.049359 0.163645
v 1.395429 5.054390 0.165280
v 1.488000 5.057500 0.200000
v 1.488000 5.054390 0.195720
v 1.488000 5.049359 0.197355
v 1.488000 5.049359 0.202645
v 1.488000 5.054390 0.204280
v 1.395429 5.057500 0.200000
v 1.395429 5.054390 0.195720
v 1.395429 5.049359 0.197355
v 1.395429 5.049359 0.202645
v 1.395429 5.054390 0.204280
v 1.488000 5.057500 0.195000
v 1.488000 5.054390 0.190720
v 1.488000 5.049359 0.192355
v 1.488000 5.049359 0.197645
v 1.488000 5.054390 0.199280
v 1.395429 5.057500 0.195000
v 1.395429 5.054390 0.190720
v 1.395429 5.049359 0.192355
v 1.395429 5.049359 0.197645
v 1.395429 5.054390 0.199280
v 1.395429 5.057500 0.161000
v 1.395429 5.054390 0.156720
v 1.395429 5.049359 0.158355
v 1.395429 5.049359 0.163645
v 1.395429 5.054390 0.165280
v 1.302857 5.057500 0.161000
v 1.302857 5.054390 0.156720
v 1.302857 5.049359 0.158355
v 1.302857 5.049359 0.163645
v 1.302857 5.054390 0.165280
v 1.395429 5.057500 0.200000
v 1.395429 5.054390 0.195720
v 1.395429 5.049359 0.197355
v 1.395429 5.049359 0.202645
v 1.395429 5.054390 0.204280
v 1.302857 5.057500 0.200000
v 1.302857 5.054390 0.195720
v 1.302857 5.049359 0.197355
v 1.302857 5.049359 0.202645
v 1.302857 5.054390 0.204280
v 1.395429 5.057500 0.195000
v 1.395429 5.054390 0.190720
v 1.395429 5.049359 0.192355
v 1.395429 5.049359 0.197645
v 1.395429 5.054390 0.199280
v 1.302857 5.057500 0.195000
v 1.302857 5.054390 0.190720
v 1.302857 5.049359 0.192355
v 1.302857 5.049359 0.197645
v 1.302857 5.054390 0.199280
v 1.302857 5.057500 0.161000
v 1.302857 5.054390 0.156720
v 1.302857 5.049359 0.158355
v 1.302857 5.049359 0.163645
v 1.302857 5.054390 0.165280
v 1.210286 5.057500 0.161000
v 1.210286 5.054390 0.156720
v 1.210286 5.049359 0.158355
v 1.210286 5.049359 0.163645
v 1.210286 5.054390 0.165280
v 1.302857 5.057500 0.200000
v 1.302857 5.054390 0.195720
v 1.302857 5.049359 0.197355
v 1.302857 5.049359 0.202645
v 1.302857 5.054390 0.204280
v 1.210286 5.057500 0.200000
v 1.210286 5.054390 0.195720
v 1.210286 5.049359 0.197355
v 1.210286 5.049359 0.202645
v 1.210286 5.054390 0.204280
v 1.302857 5.057000 0.130000
v 1.299393 5.055000 0.130000
v 1.299393 5.051000 0.130000
v 1.302857 5.049000 0.130000
v 1.306321 5.051000 0.130000
v 1.306321 5.055000 0.130000
v 1.302857 5.057000 0.200000
v 1.299393 5.055000 0.200000
v 1.299393 5.051000 0.200000
v 1.302857 5.049000 0.200000
v 1.306321 5.051000 0.200000
v 1.306321 5.055000 0.200000
v 1.302857 5.057500 0.195000
v 1.302857 5.054390 0.190720
v 1.302857 5.049359 0.192355
v 1.302857 5.049359 0.197645
v 1.302857 5.054390 0.199280
v 1.210286 5.057500 0.195000
v 1.210286 5.054390 0.190720
v 1.210286 5.049359 0.192355
v 1.210286 5.049359 0.197645
v 1.210286 5.054390 0.199280
v 1.210286 5.057500 0.161000
v 1.210286 5.054390 0.156720
v 1.210286 5.049359 0.158355
v 1.210286 5.049359 0.163645
v 1.210286 5.054390 0.165280
v 1.117714 5.057500 0.161000
v 1.117714 5.054390 0.156720
v 1.117714 5.049359 0.158355
v 1.117714 5.049359 0.163645
v 1.117714 5.054390 0.165280
v 1.210286 5.057500 0.200000
v 1.210286 5.054390 0.195720
v 1.210286 5.049359 0.197355
v 1.210286 5.049359 0.202645
v 1.210286 5.054390 0.204280
v 1.117714 5.057500 0.200000
v 1.117714 5.054390 0.195720
v 1.117714 5.049359 0.197355
v 1.117714 5.049359 0.202645
v 1.117714 5.054390 0.204280
v 1.210286 5.057500 0.195000
v 1.210286 5.054390 0.190720
v 1.210286 5.049359 0.192355
v 1.210286 5.049359 0.197645
v 1.210286 5.054390 0.199280
v 1.117714 5.057500 0.195000
v 1.117714 5.054390 0.190720
v 1.117714 5.049359 0.192355
v 1.117714 5.049359 0.197645
v 1.117714 5.054390 0.199280
v 1.117714 5.057500 0.161000
v 1.117714 5.054390 0.156720
v 1.117714 5.049359 0.158355
v 1.117714 5.049359 0.163645
v 1.117714 5.054390 0.165280
v 1.025143 5.057500 0.161000
v 1.025143 5.054390 0.156720
v 1.025143 5.049359 0.158355
v 1.025143 5.049359 0.163645
v 1.025143 5.054390 0.165280
v 1.117714 5.057500 0.200000
v 1.117714 5.054390 0.195720
v 1.117714 5.049359 0.197355
v 1.117714 5.049359 0.202645
v 1.117714 5.054390 0.204280
v 1.025143 5.057500 0.200000
v 1.025143 5.054390 0.195720
v 1.025143 5.049359 0.197355
v 1.025143 5.049359 0.202645
v 1.025143 5.054390 0.204280
v 1.117714 5.057500 0.195000
v 1.117714 5.054390 0.190720
v 1.117714 5.049359 0.192355
v 1.117714 5.049359 0.197645
v 1.117714 5.054390 0.199280
v 1.025143 5.057500 0.195000
v 1.025143 5.054390 0.190720
v 1.025143 5.049359 0.192355
v 1.025143 5.049359 0.197645
v 1.025143 5.054390 0.199280
v 1.025143 5.057500 0.161000
v 1.025143 5.054390 0.156720
v 1.025143 5.049359 0.158355
v 1.025143 5.049359 0.163645
v 1.025143 5.054390 0.165280
v 0.932571 5.057500 0.161000
v 0.932571 5.054390 0.156720
v 0.932571 5.049359 0.158355
v 0.932571 5.049359 0.163645
v 0.932571 5.054390 0.165280
v 1.025143 5.057500 0.200000
v 1.025143 5.054390 0.195720
v 1.025143 5.049359 0.197355
v 1.025143 5.049359 0.202645
v 1.025143 5.054390 0.204280
v 0.932571 5.057500 0.200000
v 0.932571 5.054390 0.195720
v 0.932571 5.049359 0.197355
v 0.932571 5.049359 0.202645
v 0.932571 5.054390 0.204280
v 1.025143 5.057000 0.130000
v 1.021679 5.055000 0.130000
v 1.021679 5.051000 0.130000
v 1.025143 5.049000 0.130000
v 1.028607 5.051000 0.130000
v 1.028607 5.055000 0.130000
v 1.025143 5.057000 0.200000
v 1.021679 5.055000 0.200000
v 1.021679 5.051000 0.200000
v 1.025143 5.049000 0.200000
v 1.028607 5.051000 0.200000
v 1.028607 5.055000 0.200000
v 1.025143 5.057500 0.195000
v 1.025143 5.054390 0.190720
v 1.025143 5.049359 0.192355
v 1.025143 5.049359 0.197645
v 1.025143 5.054390 0.199280
v 0.932571 5.057500 0.195000
v 0.932571 5.054390 0.190720
v 0.932571 5.049359 0.192355
v 0.932571 5.049359 0.197645
v 0.932571 5.054390 0.199280
v 0.932571 5.057500 0.161000
v 0.932571 5.054390 0.156720
v 0.932571 5.049359 0.158355
v 0.932571 5.049359 0.163645
v 0.932571 5.054390 0.165280
v 0.840000 5.057500 0.161000
v 0.840000 5.054390 0.156720
v 0.840000 5.049359 0.158355
v 0.840000 5.049359 0.163645
v 0.840000 5.054390 0.165279
v 0.932571 5.057500 0.200000
v 0.932571 5.054390 0.195720
v 0.932571 5.049359 0.197355
v 0.932571 5.049359 0.202645
v 0.932571 5.054390 0.204280
v 0.840000 5.057500 0.200000
v 0.840000 5.054390 0.195720
v 0.840000 5.049359 0.197355
v 0.840000 5.049359 0.202645
v 0.840000 5.054390 0.204279
v 0.932571 5.057500 0.195000
v 0.932571 5.054390 0.190720
v 0.932571 5.049359 0.192355
v 0.932571 5.049359 0.197645
v 0.932571 5.054390 0.199280
v 0.840000 5.057500 0.195000
v 0.840000 5.054390 0.190720
v 0.840000 5.049359 0.192355
v 0.840000 5.049359 0.197645
v 0.840000 5.054390 0.199279
v 0.839783 5.057495 0.161000
v 0.839933 5.054389 0.156720
v 0.840176 5.049364 0.158355
v 0.840176 5.049364 0.163645
v 0.839933 5.054389 0.165279
v 0.792201 5.055193 0.160999
v 0.792351 5.052087 0.156719
v 0.792595 5.047062 0.158354
v 0.792594 5.047062 0.163644
v 0.792351 5.052087 0.165279
v 0.839783 5.057495 0.200000
v 0.839933 5.054389 0.195720
v 0.840176 5.049364 0.197355
v 0.840176 5.049364 0.202645
v 0.839933 5.054389 0.204279
v 0.792201 5.055193 0.199999
v 0.792351 5.052087 0.195719
v 0.792595 5.047062 0.197354
v 0.792594 5.047062 0.202644
v 0.792351 5.052087 0.204279
v 0.839783 5.057495 0.195000
v 0.839933 5.054389 0.190720
v 0.840176 5.049364 0.192355
v 0.840176 5.049364 0.197645
v 0.839933 5.054389 0.199279
v 0.792201 5.055193 0.194999
v 0.792351 5.052087 0.190719
v 0.792595 5.047062 0.192354
v 0.792594 5.047062 0.197644
v 0.792351 5.052087 0.199279
v 0.791768 5.055151 0.160999
v 0.792218 5.052074 0.156719
v 0.792945 5.047096 0.158354
v 0.792944 5.047096 0.163644
v 0.792217 5.052074 0.165279
v 0.744631 5.048268 0.160994
v 0.745081 5.045191 0.156715
v 0.745808 5.040213 0.158349
v 0.745807 5.040213 0.163639
v 0.745080 5.045191 0.165274
v 0.791768 5.055151 0.199999
v 0.792218 5.052074 0.195719
v 0.792945 5.047096 0.197354
v 0.792944 5.047096 0.202644
v 0.792217 5.052074 0.204279
v 0.744631 5.048268 0.199994
v 0.745081 5.045191 0.195715
v 0.745808 5.040213 0.197349
v 0.745807 5.040213 0.202639
v 0.745080 5.045191 0.204274
v 0.792419 5.054698 0.129999
v 0.788955 5.052699 0.129999
v 0.788955 5.048698 0.129999
v 0.792419 5.046699 0.129999
v 0.795883 5.048698 0.129999
v 0.795883 5.052699 0.129999
v 0.792419 5.054698 0.199999
v 0.788955 5.052699 0.199999
v 0.788955 5.048698 0.199999
v 0.792419 5.046699 0.199999
v 0.795883 5.048698 0.199999
v 0.795883 5.052699 0.199999
v 0.791768 5.055151 0.194999
v 0.792218 5.052074 0.190719
v 0.792945 5.047096 0.192354
v 0.792944 5.047096 0.197644
v 0.792217 5.052074 0.199279
v 0.744631 5.048268 0.194994
v 0.745081 5.045191 0.190715
v 0.745808 5.040213 0.192349
v 0.745807 5.040213 0.197639
v 0.745080 5.045191 0.199274
v 0.744205 5.048185 0.160994
v 0.744951 5.045166 0.156715
v 0.746154 5.040281 0.158349
v 0.746152 5.040280 0.163639
v 0.744947 5.045165 0.165274
v 0.697952 5.036785 0.160973
v 0.698698 5.033766 0.156693
v 0.699901 5.028881 0.158328
v 0.699899 5.028880 0.163618
v 0.698694 5.033765 0.165253
v 0.744205 5.048185 0.199994
v 0.744951 5.045166 0.195715
v 0.746154 5.040281 0.197349
v 0.746152 5.040280 0.202639
v 0.744947 5.045165 0.204274
v 0.697952 5.036785 0.199973
v 0.698698 5.033766 0.195693
v 0.699901 5.028881 0.197328
v 0.699899 5.028880 0.202618
v 0.698694 5.033765 0.204253
v 0.744205 5.048185 0.194994
v 0.744951 5.045166 0.190715
v 0.746154 5.040281 0.192349
v 0.746152 5.040280 0.197639
v 0.744947 5.045165 0.199274
v 0.697952 5.036785 0.194973
v 0.698698 5.033766 0.190693
v 0.699901 5.028881 0.192328
v 0.699899 5.028880 0.197618
v 0.698694 5.033765 0.199253
v 0.697535 5.036660 0.160973
v 0.698574 5.033729 0.156693
v 0.700241 5.028982 0.158328
v 0.700233 5.028980 0.163618
v 0.698561 5.033725 0.165253
v 0.652599 5.020849 0.160897
v 0.653637 5.017918 0.156617
v 0.655305 5.013171 0.158252
v 0.655297 5.013168 0.163542
v 0.653624 5.017914 0.165177
v 0.697535 5.036660 0.199973
v 0.698574 5.033729 0.195693
v 0.700241 5.028982 0.197328
v 0.700233 5.028980 0.202618
v 0.698561 5.033725 0.204253
v 0.652599 5.020849 0.199897
v 0.653637 5.017918 0.195617
v 0.655305 5.013171 0.197252
v 0.655297 5.013168 0.202542
v 0.653624 5.017914 0.204177
v 0.697535 5.036660 0.194973
v 0.698574 5.033729 0.190693
v 0.700241 5.028982 0.192328
v 0.700233 5.028980 0.197618
v 0.698561 5.033725 0.199253
v 0.652599 5.020849 0.194897
v 0.653637 5.017918 0.190617
v 0.655305 5.013171 0.192252
v 0.655297 5.013168 0.197542
v 0.653624 5.017914 0.199177
v 0.652196 5.020685 0.160897
v 0.653523 5.017873 0.156617
v 0.655637 5.013308 0.158252
v 0.655616 5.013298 0.163542
v 0.653489 5.017857 0.165177
v 0.608995 5.000611 0.160689
v 0.610322 4.997799 0.156409
v 0.612436 4.993233 0.158044
v 0.612415 4.993223 0.163334
v 0.610289 4.997783 0.164968
v 0.652196 5.020685 0.199897
v 0.653523 5.017873 0.195617
v 0.655637 5.013308 0.197252
v 0.655616 5.013298 0.202542
v 0.653489 5.017857 0.204177
v 0.608995 5.000611 0.199689
v 0.610322 4.997799 0.195409
v 0.612436 4.993233 0.197044
v 0.612415 4.993223 0.202334
v 0.610289 4.997783 0.203968
v 0.654092 5.020604 0.129897
v 0.650628 5.018604 0.129897
v 0.650628 5.014604 0.129897
v 0.654092 5.012604 0.129897
v 0.657556 5.014604 0.129897
v 0.657556 5.018604 0.129897
v 0.654092 5.020604 0.199897
v 0.650628 5.018604 0.199897
v 0.650628 5.014604 0.199897
v 0.654092 5.012604 0.199897
v 0.657556 5.014604 0.199897
v 0.657556 5.018604 0.199897
v 0.652196 5.020685 0.194897
v 0.653523 5.017873 0.190617
v 0.655637 5.013308 0.192252
v 0.655616 5.013298 0.197542
v 0.653489 5.017857 0.199177
v 0.608995 5.000611 0.194689
v 0.610322 4.997799 0.190409
v 0.612436 4.993233 0.192044
v 0.612415 4.993223 0.197334
v 0.610289 4.997783 0.198968
v 0.608610 5.000409 0.160689
v 0.610223 4.997750 0.156409
v 0.612760 4.993405 0.158044
v 0.612714 4.993378 0.163334
v 0.610150 4.997707 0.164968
v 0.567549 4.976259 0.160213
v 0.569162 4.973600 0.155934
v 0.571698 4.969255 0.157568
v 0.571653 4.969228 0.162858
v 0.569088 4.973557 0.164493
v 0.608610 5.000409 0.199689
v 0.610223 4.997750 0.195409
v 0.612760 4.993405 0.197044
v 0.612714 4.993378 0.202334
v 0.610150 4.997707 0.203968
v 0.567549 4.976259 0.199213
v 0.569162 4.973600 0.194934
v 0.571698 4.969255 0.196568
v 0.571653 4.969228 0.201858
v 0.569088 4.973557 0.203493
v 0.608610 5.000409 0.194689
v 0.610223 4.997750 0.190409
v 0.612760 4.993405 0.192044
v 0.612714 4.993378 0.197334
v 0.610150 4.997707 0.198968
v 0.567549 4.976259 0.194213
v 0.569162 4.973600 0.189934
v 0.571698 4.969255 0.191568
v 0.571653 4.969228 0.196858
v 0.569088 4.973557 0.198493
v 0.567185 4.976020 0.160213
v 0.569081 4.973554 0.155934
v 0.572012 4.969465 0.157569
v 0.571928 4.969404 0.162858
v 0.568944 4.973455 0.164492
v 0.528646 4.948020 0.159276
v 0.530541 4.945554 0.154997
v 0.533473 4.941465 0.156631
v 0.533388 4.941403 0.161920
v 0.530405 4.945455 0.163555
v 0.567185 4.976020 0.199213
v 0.569081 4.973554 0.194934
v 0.572012 4.969465 0.196569
v 0.571928 4.969404 0.201858
v 0.568944 4.973455 0.203492
v 0.528646 4.948020 0.198276
v 0.530541 4.945554 0.193997
v 0.533473 4.941465 0.195631
v 0.533388 4.941403 0.200920
v 0.530405 4.945455 0.202555
v 0.567185 4.976020 0.194213
v 0.569081 4.973554 0.189934
v 0.572012 4.969465 0.191569
v 0.571928 4.969404 0.196858
v 0.568944 4.973455 0.198492
v 0.528646 4.948020 0.193276
v 0.530541 4.945554 0.188997
v 0.533473 4.941465 0.190631
v 0.533388 4.941403 0.195920
v 0.530405 4.945455 0.197555
v 0.528307 4.947748 0.159276
v 0.530479 4.945518 0.154999
v 0.533773 4.941715 0.156632
v 0.533637 4.941594 0.161919
v 0.530258 4.945323 0.163553
v 0.492650 4.916159 0.157630
v 0.494822 4.913929 0.153353
v 0.498116 4.910126 0.154987
v 0.497980 4.910005 0.160274
v 0.494601 4.913733 0.161907
v 0.528307 4.947748 0.198276
v 0.530479 4.945518 0.193999
v 0.533773 4.941715 0.195632
v 0.533637 4.941594 0.200919
v 0.530258 4.945323 0.202553
v 0.492650 4.916159 0.196630
v 0.494822 4.913929 0.192353
v 0.498116 4.910126 0.193987
v 0.497980 4.910005 0.199274
v 0.494601 4.913733 0.200907
v 0.531291 4.948380 0.128276
v 0.527827 4.946380 0.128276
v 0.527827 4.942379 0.128276
v 0.531291 4.940380 0.128276
v 0.534755 4.942379 0.128276
v 0.534755 4.946380 0.128276
v 0.531291 4.948380 0.198276
v 0.527827 4.946380 0.198276
v 0.527827 4.942379 0.198276
v 0.531291 4.940380 0.198276
v 0.534755 4.942379 0.198276
v 0.534755 4.946380 0.198276
v 0.528307 4.947748 0.193276
v 0.530479 4.945518 0.188999
v 0.533773 4.941715 0.190632
v 0.533637 4.941594 0.195919
v 0.530258 4.945323 0.197553
v 0.492650 4.916159 0.191630
v 0.494822 4.913929 0.187353
v 0.498116 4.910126 0.188987
v 0.497980 4.910005 0.194274
v 0.494601 4.913733 0.195907
v 0.492339 4.915855 0.157630
v 0.494776 4.913910 0.153357
v 0.498399 4.910418 0.154989
v 0.498201 4.910204 0.160271
v 0.494455 4.913565 0.161903
v 0.459897 4.880972 0.155004
v 0.462334 4.879027 0.150731
v 0.465957 4.875535 0.152363
v 0.465759 4.875321 0.157645
v 0.462014 4.878682 0.159278
v 0.492339 4.915855 0.196630
v 0.494776 4.913910 0.192357
v 0.498399 4.910418 0.193989
v 0.498201 4.910204 0.199271
v 0.494455 4.913565 0.200903
v 0.459897 4.880972 0.194004
v 0.462334 4.879027 0.189731
v 0.465957 4.875535 0.191363
v 0.465759 4.875321 0.196645
v 0.462014 4.878682 0.198278
v 0.492339 4.915855 0.191630
v 0.494776 4.913910 0.187357
v 0.498399 4.910418 0.188989
v 0.498201 4.910204 0.194271
v 0.494455 4.913565 0.195903
v 0.459897 4.880972 0.189004
v 0.462334 4.879027 0.184731
v 0.465957 4.875535 0.186363
v 0.465759 4.875321 0.191645
v 0.462014 4.878682 0.193278
v 0.459617 4.880640 0.155004
v 0.462298 4.879026 0.150739
v 0.466215 4.875867 0.152368
v 0.465955 4.875527 0.157641
v 0.461877 4.878477 0.159270
v 0.430693 4.842788 0.151138
v 0.433374 4.841176 0.146872
v 0.437292 4.838016 0.148501
v 0.437032 4.837676 0.153774
v 0.432954 4.840625 0.155403
v 0.459617 4.880640 0.194004
v 0.462298 4.879026 0.189739
v 0.466215 4.875867 0.191368
v 0.465955 4.875527 0.196641
v 0.461877 4.878477 0.198270
v 0.430693 4.842788 0.190138
v 0.433374 4.841176 0.185872
v 0.437292 4.838016 0.187501
v 0.437032 4.837676 0.192774
v 0.432954 4.840625 0.194403
v 0.459617 4.880640 0.189004
v 0.462298 4.879026 0.184739
v 0.466215 4.875867 0.186368
v 0.465955 4.875527 0.191641
v 0.461877 4.878477 0.193270
v 0.430693 4.842788 0.185138
v 0.433374 4.841176 0.180872
v 0.437292 4.838016 0.182501
v 0.437032 4.837676 0.187774
v 0.432954 4.840625 0.189403
v 0.430446 4.842430 0.151138
v 0.433338 4.841192 0.146884
v 0.437516 4.838384 0.148509
v 0.437207 4.837886 0.153767
v 0.432838 4.840387 0.155391
v 0.405311 4.801964 0.145828
v 0.408203 4.800726 0.141575
v 0.412381 4.797918 0.143199
v 0.412072 4.797420 0.148457
v 0.407702 4.799921 0.150081
v 0.430446 4.842430 0.190138
v 0.433338 4.841192 0.185884
v 0.437516 4.838384 0.187509
v 0.437207 4.837886 0.192767
v 0.432838 4.840387 0.194391
v 0.405311 4.801964 0.184828
v 0.408203 4.800726 0.180575
v 0.412381 4.797918 0.182199
v 0.412072 4.797420 0.187457
v 0.407702 4.799921 0.189081
v 0.434269 4.844056 0.120138
v 0.430805 4.842056 0.120138
v 0.430805 4.838056 0.120138
v 0.434269 4.836056 0.120138
v 0.437733 4.838056 0.120138
v 0.437733 4.842056 0.120138
v 0.434269 4.844056 0.190138
v 0.430805 4.842056 0.190138
v 0.430805 4.838056 0.190138
v 0.434269 4.836056 0.190138
v 0.437733 4.838056 0.190138
v 0.437733 4.842056 0.190138
v 0.430446 4.842430 0.185138
v 0.433338 4.841192 0.180884
v 0.437516 4.838384 0.182509
v 0.437207 4.837886 0.187767
v 0.432838 4.840387 0.189391
v 0.405311 4.801964 0.179828
v 0.408203 4.800726 0.175575
v 0.412381 4.797918 0.177199
v 0.412072 4.797420 0.182457
v 0.407702 4.799921 0.184081
v 0.405100 4.801584 0.145828
v 0.408157 4.800753 0.141592
v 0.412564 4.798314 0.143210
v 0.412230 4.797638 0.148446
v 0.407617 4.799660 0.150064
v 0.383988 4.758881 0.138973
v 0.387045 4.758049 0.134737
v 0.391452 4.755611 0.136355
v 0.391118 4.754936 0.141591
v 0.386505 4.756957 0.143209
v 0.405100 4.801584 0.184828
v 0.408157 4.800753 0.180592
v 0.412564 4.798314 0.182210
v 0.412230 4.797638 0.187446
v 0.407617 4.799660 0.189064
v 0.383988 4.758881 0.177973
v 0.387045 4.758049 0.173737
v 0.391452 4.755611 0.175355
v 0.391118 4.754936 0.180591
v 0.386505 4.756957 0.182209
v 0.405100 4.801584 0.179828
v 0.408157 4.800753 0.175592
v 0.412564 4.798314 0.177210
v 0.412230 4.797638 0.182446
v 0.407617 4.799660 0.184064
v 0.383988 4.758881 0.172973
v 0.387045 4.758049 0.168737
v 0.391452 4.755611 0.170355
v 0.391118 4.754936 0.175591
v 0.386505 4.756957 0.177209
v 0.383814 4.758482 0.138973
v 0.386984 4.758072 0.134758
v 0.391588 4.756024 0.136368
v 0.391263 4.755168 0.141578
v 0.386459 4.756688 0.143188
v 0.366922 4.713941 0.130605
v 0.370091 4.713531 0.126390
v 0.374695 4.711483 0.128000
v 0.374371 4.710627 0.133210
v 0.369566 4.712146 0.134820
v 0.383814 4.758482 0.177973
v 0.386984 4.758072 0.173758
v 0.391588 4.756024 0.175368
v 0.391263 4.755168 0.180578
v 0.386459 4.756688 0.182188
v 0.366922 4.713941 0.169605
v 0.370091 4.713531 0.165390
v 0.374695 4.711483 0.167000
v 0.374371 4.710627 0.172210
v 0.369566 4.712146 0.173820
v 0.383814 4.758482 0.172973
v 0.386984 4.758072 0.168758
v 0.391588 4.756024 0.170368
v 0.391263 4.755168 0.175578
v 0.386459 4.756688 0.177188
v 0.366922 4.713941 0.164605
v 0.370091 4.713531 0.160390
v 0.374695 4.711483 0.162000
v 0.374371 4.710627 0.167210
v 0.369566 4.712146 0.168820
v 0.366787 4.713528 0.130605
v 0.370012 4.713535 0.126411
v 0.374781 4.711898 0.128013
v 0.374503 4.710880 0.133197
v 0.369563 4.711886 0.134799
v 0.354273 4.667564 0.120903
v 0.357497 4.667571 0.116709
v 0.362266 4.665935 0.118311
v 0.361989 4.664916 0.123495
v 0.357048 4.665923 0.125096
v 0.366787 4.713528 0.169605
v 0.370012 4.713535 0.165411
v 0.374781 4.711898 0.167013
v 0.374503 4.710880 0.172197
v 0.369563 4.711886 0.173799
v 0.354273 4.667564 0.159903
v 0.357497 4.667571 0.155709
v 0.362266 4.665935 0.157311
v 0.361989 4.664916 0.162495
v 0.357048 4.665923 0.164096
v 0.371129 4.716345 0.099605
v 0.367665 4.714345 0.099605
v 0.367665 4.710345 0.099605
v 0.371129 4.708345 0.099605
v 0.374593 4.710345 0.099605
v 0.374593 4.714345 0.099605
v 0.371129 4.716345 0.169605
v 0.367665 4.714345 0.169605
v 0.367665 4.710345 0.169605
v 0.371129 4.708345 0.169605
v 0.374593 4.710345 0.169605
v 0.374593 4.714345 0.169605
v 0.366787 4.713528 0.164605
v 0.370012 4.713535 0.160411
v 0.374781 4.711898 0.162013
v 0.374503 4.710880 0.167197
v 0.369563 4.711886 0.168799
v 0.354273 4.667564 0.154903
v 0.357497 4.667571 0.150709
v 0.362266 4.665935 0.152311
v 0.361989 4.664916 0.157495
v 0.357048 4.665923 0.159096
v 0.354179 4.667139 0.120903
v 0.357402 4.667542 0.116727
v 0.362301 4.666341 0.118322
v 0.362105 4.665196 0.123483
v 0.357086 4.665689 0.125078
v 0.346159 4.620182 0.110183
v 0.349382 4.620585 0.106008
v 0.354281 4.619384 0.107602
v 0.354085 4.618239 0.112763
v 0.349066 4.618732 0.114358
v 0.354179 4.667139 0.159903
v 0.357402 4.667542 0.155727
v 0.362301 4.666341 0.157322
v 0.362105 4.665196 0.162483
v 0.357086 4.665689 0.164078
v 0.346159 4.620182 0.149183
v 0.349382 4.620585 0.145008
v 0.354281 4.619384 0.146602
v 0.354085 4.618239 0.151763
v 0.349066 4.618732 0.153358
v 0.354179 4.667139 0.154903
v 0.357402 4.667542 0.150727
v 0.362301 4.666341 0.152322
v 0.362105 4.665196 0.157483
v 0.357086 4.665689 0.159078
v 0.346159 4.620182 0.144183
v 0.349382 4.620585 0.140008
v 0.354281 4.619384 0.141602
v 0.354085 4.618239 0.146763
v 0.349066 4.618732 0.148358
v 0.346106 4.619750 0.110183
v 0.349279 4.620512 0.106019
v 0.354270 4.619771 0.107610
v 0.354181 4.618551 0.112756
v 0.349136 4.618539 0.114347
v 0.342656 4.572238 0.098867
v 0.345829 4.573000 0.094703
v 0.350819 4.572259 0.096293
v 0.350731 4.571039 0.101440
v 0.345685 4.571027 0.103031
v 0.346106 4.619750 0.149183
v 0.349279 4.620512 0.145019
v 0.354270 4.619771 0.146610
v 0.354181 4.618551 0.151756
v 0.349136 4.618539 0.153347
v 0.342656 4.572238 0.137867
v 0.345829 4.573000 0.133703
v 0.350819 4.572259 0.135293
v 0.350731 4.571039 0.140440
v 0.345685 4.571027 0.142031
v 0.346106 4.619750 0.144183
v 0.349279 4.620512 0.140019
v 0.354270 4.619771 0.141610
v 0.354181 4.618551 0.146756
v 0.349136 4.618539 0.148347
v 0.342656 4.572238 0.132867
v 0.345829 4.573000 0.128703
v 0.350819 4.572259 0.130293
v 0.350731 4.571039 0.135440
v 0.345685 4.571027 0.137031
v 0.342644 4.571921 0.098867
v 0.345755 4.572917 0.094706
v 0.350786 4.572525 0.096295
v 0.350783 4.571287 0.101438
v 0.345751 4.570914 0.103028
v 0.342500 4.498009 0.081074
v 0.345611 4.499004 0.076913
v 0.350642 4.498612 0.078502
v 0.350639 4.497374 0.083646
v 0.345607 4.497001 0.085235
v 0.342644 4.571921 0.137867
v 0.345755 4.572917 0.133706
v 0.350786 4.572525 0.135295
v 0.350783 4.571287 0.140438
v 0.345751 4.570914 0.142028
v 0.342500 4.498009 0.120074
v 0.345611 4.499004 0.115913
v 0.350642 4.498612 0.117503
v 0.350639 4.497374 0.122646
v 0.345607 4.497001 0.124235
v 0.347144 4.575913 0.067867
v 0.343680 4.573913 0.067867
v 0.343680 4.569913 0.067867
v 0.347144 4.567913 0.067867
v 0.350608 4.569913 0.067867
v 0.350608 4.573913 0.067867
v 0.347144 4.575913 0.137867
v 0.343680 4.573913 0.137867
v 0.343680 4.569913 0.137867
v 0.347144 4.567913 0.137867
v 0.350608 4.569913 0.137867
v 0.350608 4.573913 0.137867
v 0.342644 4.571921 0.132867
v 0.345755 4.572917 0.128706
v 0.350786 4.572525 0.130295
v 0.350783 4.571287 0.135438
v 0.345751 4.570914 0.137028
v 0.342500 4.498009 0.115074
v 0.345611 4.499004 0.110913
v 0.350642 4.498612 0.112503
v 0.350639 4.497374 0.117646
v 0.345607 4.497001 0.119235
v 0.342500 4.498000 0.081074
v 0.345609 4.499002 0.076913
v 0.350641 4.498619 0.078503
v 0.350641 4.497381 0.083646
v 0.345609 4.496998 0.085235
v 0.342500 4.415333 0.061173
v 0.345609 4.416335 0.057012
v 0.350641 4.415952 0.058601
v 0.350641 4.414714 0.063744
v 0.345609 4.414331 0.065334
v 0.342500 4.498000 0.120074
v 0.345609 4.499002 0.115913
v 0.350641 4.498619 0.117503
v 0.350641 4.497381 0.122646
v 0.345609 4.496998 0.124235
v 0.342500 4.415333 0.100173
v 0.345609 4.416335 0.096012
v 0.350641 4.415952 0.097601
v 0.350641 4.414714 0.102744
v 0.345609 4.414331 0.104334
v 0.342500 4.498000 0.115074
v 0.345609 4.499002 0.110913
v 0.350641 4.498619 0.112503
v 0.350641 4.497381 0.117646
v 0.345609 4.496998 0.119235
v 0.342500 4.415333 0.095173
v 0.345609 4.416335 0.091012
v 0.350641 4.415952 0.092601
v 0.350641 4.414714 0.097744
v 0.345609 4.414331 0.099334
v 0.342500 4.415333 0.061173
v 0.345609 4.416335 0.057012
v 0.350641 4.415952 0.058601
v 0.350641 4.414714 0.063744
v 0.345609 4.414331 0.065334
v 0.342500 4.332667 0.041272
v 0.345609 4.333668 0.037111
v 0.350641 4.333286 0.038700
v 0.350641 4.332047 0.043843
v 0.345609 4.331665 0.045432
v 0.342500 4.415333 0.100173
v 0.345609 4.416335 0.096012
v 0.350641 4.415952 0.097601
v 0.350641 4.414714 0.102744
v 0.345609 4.414331 0.104334
v 0.342500 4.332667 0.080272
v 0.345609 4.333668 0.076111
v 0.350641 4.333286 0.077700
v 0.350641 4.332047 0.082843
v 0.345609 4.331665 0.084432
v 0.342500 4.415333 0.095173
v 0.345609 4.416335 0.091012
v 0.350641 4.415952 0.092601
v 0.350641 4.414714 0.097744
v 0.345609 4.414331 0.099334
v 0.342500 4.332667 0.075272
v 0.345609 4.333668 0.071111
v 0.350641 4.333286 0.072700
v 0.350641 4.332047 0.077843
v 0.345609 4.331665 0.079432
v 0.342500 4.332667 0.041272
v 0.345609 4.333366 0.037049
v 0.350641 4.333099 0.038662
v 0.350641 4.332234 0.043881
v 0.345609 4.331967 0.045494
v 0.342500 4.300000 0.035860
v 0.345609 4.300700 0.031637
v 0.350641 4.300432 0.033250
v 0.350641 4.299568 0.038469
v 0.345609 4.299301 0.040082
v 0.342500 4.332667 0.080272
v 0.345609 4.333366 0.076049
v 0.350641 4.333099 0.077662
v 0.350641 4.332234 0.082881
v 0.345609 4.331967 0.084494
v 0.342500 4.300000 0.074860
v 0.345609 4.300700 0.070637
v 0.350641 4.300432 0.072250
v 0.350641 4.299568 0.077469
v 0.345609 4.299301 0.079082
v 0.347000 4.336667 0.010272
v 0.343536 4.334667 0.010272
v 0.343536 4.330667 0.010272
v 0.347000 4.328667 0.010272
v 0.350464 4.330667 0.010272
v 0.350464 4.334667 0.010272
v 0.347000 4.336667 0.080272
v 0.343536 4.334667 0.080272
v 0.343536 4.330667 0.080272
v 0.347000 4.328667 0.080272
v 0.350464 4.330667 0.080272
v 0.350464 4.334667 0.080272
v 0.342500 4.332667 0.075272
v 0.345609 4.333366 0.071049
v 0.350641 4.333099 0.072662
v 0.350641 4.332234 0.077881
v 0.345609 4.331967 0.079494
v 0.342500 4.300000 0.069860
v 0.345609 4.300700 0.065637
v 0.350641 4.300432 0.067250
v 0.350641 4.299568 0.072469
v 0.345609 4.299301 0.074082
v 0.840000 0.028500 0.031000
v 0.840000 0.031609 0.026720
v 0.840000 0.036641 0.028355
v 0.840000 0.036641 0.033645
v 0.840000 0.031609 0.035280
v 0.932571 0.028500 0.031000
v 0.932571 0.031609 0.026720
v 0.932571 0.036641 0.028355
v 0.932571 0.036641 0.033645
v 0.932571 0.031609 0.035280
v 0.840000 0.028500 0.070000
v 0.840000 0.031609 0.065720
v 0.840000 0.036641 0.067355
v 0.840000 0.036641 0.072645
v 0.840000 0.031609 0.074280
v 0.932571 0.028500 0.070000
v 0.932571 0.031609 0.065720
v 0.932571 0.036641 0.067355
v 0.932571 0.036641 0.072645
v 0.932571 0.031609 0.074280
v 0.840000 0.037000 0.000000
v 0.836536 0.035000 0.000000
v 0.836536 0.031000 0.000000
v 0.840000 0.029000 0.000000
v 0.843464 0.031000 0.000000
v 0.843464 0.035000 0.000000
v 0.840000 0.037000 0.070000
v 0.836536 0.035000 0.070000
v 0.836536 0.031000 0.070000
v 0.840000 0.029000 0.070000
v 0.843464 0.031000 0.070000
v 0.843464 0.035000 0.070000
v 0.840000 0.028500 0.065000
v 0.840000 0.031609 0.060720
v 0.840000 0.036641 0.062355
v 0.840000 0.036641 0.067645
v 0.840000 0.031609 0.069280
v 0.932571 0.028500 0.065000
v 0.932571 0.031609 0.060720
v 0.932571 0.036641 0.062355
v 0.932571 0.036641 0.067645
v 0.932571 0.031609 0.069280
v 0.932571 0.028500 0.031000
v 0.932571 0.031609 0.026720
v 0.932571 0.036641 0.028355
v 0.932571 0.036641 0.033645
v 0.932571 0.031609 0.035280
v 1.025143 0.028500 0.031000
v 1.025143 0.031609 0.026720
v 1.025143 0.036641 0.028355
v 1.025143 0.036641 0.033645
v 1.025143 0.031609 0.035280
v 0.932571 0.028500 0.070000
v 0.932571 0.031609 0.065720
v 0.932571 0.036641 0.067355
v 0.932571 0.036641 0.072645
v 0.932571 0.031609 0.074280
v 1.025143 0.028500 0.070000
v 1.025143 0.031609 0.065720
v 1.025143 0.036641 0.067355
v 1.025143 0.036641 0.072645
v 1.025143 0.031609 0.074280
v 0.932571 0.028500 0.065000
v 0.932571 0.031609 0.060720
v 0.932571 0.036641 0.062355
v 0.932571 0.036641 0.067645
v 0.932571 0.031609 0.069280
v 1.025143 0.028500 0.065000
v 1.025143 0.031609 0.060720
v 1.025143 0.036641 0.062355
v 1.025143 0.036641 0.067645
v 1.025143 0.031609 0.069280
v 1.025143 0.028500 0.031000
v 1.025143 0.031609 0.026720
v 1.025143 0.036641 0.028355
v 1.025143 0.036641 0.033645
v 1.025143 0.031609 0.035280
v 1.117714 0.028500 0.031000
v 1.117714 0.031609 0.026720
v 1.117714 0.036641 0.028355
v 1.117714 0.036641 0.033645
v 1.117714 0.031609 0.035280
v 1.025143 0.028500 0.070000
v 1.025143 0.031609 0.065720
v 1.025143 0.036641 0.067355
v 1.025143 0.036641 0.072645
v 1.025143 0.031609 0.074280
v 1.117714 0.028500 0.070000
v 1.117714 0.031609 0.065720
v 1.117714 0.036641 0.067355
v 1.117714 0.036641 0.072645
v 1.117714 0.031609 0.074280
v 1.025143 0.028500 0.065000
v 1.025143 0.031609 0.060720
v 1.025143 0.036641 0.062355
v 1.025143 0.036641 0.067645
v 1.025143 0.031609 0.069280
v 1.117714 0.028500 0.065000
v 1.117714 0.031609 0.060720
v 1.117714 0.036641 0.062355
v 1.117714 0.036641 0.067645
v 1.117714 0.031609 0.069280
v 1.117714 0.028500 0.031000
v 1.117714 0.031609 0.026720
v 1.117714 0.036641 0.028355
v 1.117714 0.036641 0.033645
v 1.117714 0.031609 0.035280
v 1.210286 0.028500 0.031000
v 1.210286 0.031609 0.026720
v 1.210286 0.036641 0.028355
v 1.210286 0.036641 0.033645
v 1.210286 0.031609 0.035280
v 1.117714 0.028500 0.070000
v 1.117714 0.031609 0.065720
v 1.117714 0.036641 0.067355
v 1.117714 0.036641 0.072645
v 1.117714 0.031609 0.074280
v 1.210286 0.028500 0.070000
v 1.210286 0.031609 0.065720
v 1.210286 0.036641 0.067355
v 1.210286 0.036641 0.072645
v 1.210286 0.031609 0.074280
v 1.117714 0.037000 0.000000
v 1.114250 0.035000 0.000000
v 1.114250 0.031000 0.000000
v 1.117714 0.029000 0.000000
v 1.121178 0.031000 0.000000
v 1.121178 0.035000 0.000000
v 1.117714 0.037000 0.070000
v 1.114250 0.035000 0.070000
v 1.114250 0.031000 0.070000
v 1.117714 0.029000 0.070000
v 1.121178 0.031000 0.070000
v 1.121178 0.035000 0.070000
v 1.117714 0.028500 0.065000
v 1.117714 0.031609 0.060720
v 1.117714 0.036641 0.062355
v 1.117714 0.036641 0.067645
v 1.117714 0.031609 0.069280
v 1.210286 0.028500 0.065000
v 1.210286 0.031609 0.060720
v 1.210286 0.036641 0.062355
v 1.210286 0.036641 0.067645
v 1.210286 0.031609 0.069280
v 1.210286 0.028500 0.031000
v 1.210286 0.031609 0.026720
v 1.210286 0.036641 0.028355
v 1.210286 0.036641 0.033645
v 1.210286 0.031609 0.035280
v 1.302857 0.028500 0.031000
v 1.302857 0.031609 0.026720
v 1.302857 0.036641 0.028355
v 1.302857 0.036641 0.033645
v 1.302857 0.031609 0.035280
v 1.210286 0.028500 0.070000
v 1.210286 0.031609 0.065720
v 1.210286 0.036641 0.067355
v 1.210286 0.036641 0.072645
v 1.210286 0.031609 0.074280
v 1.302857 0.028500 0.070000
v 1.302857 0.031609 0.065720
v 1.302857 0.036641 0.067355
v 1.302857 0.036641 0.072645
v 1.302857 0.031609 0.074280
v 1.210286 0.028500 0.065000
v 1.210286 0.031609 0.060720
v 1.210286 0.036641 0.062355
v 1.210286 0.036641 0.067645
v 1.210286 0.031609 0.069280
v 1.302857 0.028500 0.065000
v 1.302857 0.031609 0.060720
v 1.302857 0.036641 0.062355
v 1.302857 0.036641 0.067645
v 1.302857 0.031609 0.069280
v 1.302857 0.028500 0.031000
v 1.302857 0.031609 0.026720
v 1.302857 0.036641 0.028355
v 1.302857 0.036641 0.033645
v 1.302857 0.031609 0.035280
v 1.395429 0.028500 0.031000
v 1.395429 0.031609 0.026720
v 1.395429 0.036641 0.028355
v 1.395429 0.036641 0.033645
v 1.395429 0.031609 0.035280
v 1.302857 0.028500 0.070000
v 1.302857 0.031609 0.065720
v 1.302857 0.036641 0.067355
v 1.302857 0.036641 0.072645
v 1.302857 0.031609 0.074280
v 1.395429 0.028500 0.070000
v 1.395429 0.031609 0.065720
v 1.395429 0.036641 0.067355
v 1.395429 0.036641 0.072645
v 1.395429 0.031609 0.074280
v 1.302857 0.028500 0.065000
v 1.302857 0.031609 0.060720
v 1.302857 0.036641 0.062355
v 1.302857 0.036641 0.067645
v 1.302857 0.031609 0.069280
v 1.395429 0.028500 0.065000
v 1.395429 0.031609 0.060720
v 1.395429 0.036641 0.062355
v 1.395429 0.036641 0.067645
v 1.395429 0.031609 0.069280
v 1.395429 0.028500 0.031000
v 1.395429 0.031609 0.026720
v 1.395429 0.036641 0.028355
v 1.395429 0.036641 0.033645
v 1.395429 0.031609 0.035280
v 1.488000 0.028500 0.031000
v 1.488000 0.031609 0.026720
v 1.488000 0.036641 0.028355
v 1.488000 0.036641 0.033645
v 1.488000 0.031609 0.035280
v 1.395429 0.028500 0.070000
v 1.395429 0.031609 0.065720
v 1.395429 0.036641 0.067355
v 1.395429 0.036641 0.072645
v 1.395429 0.031609 0.074280
v 1.488000 0.028500 0.070000
v 1.488000 0.031609 0.065720
v 1.488000 0.036641 0.067355
v 1.488000 0.036641 0.072645
v 1.488000 0.031609 0.074280
v 1.395429 0.037000 0.000000
v 1.391964 0.035000 0.000000
v 1.391964 0.031000 0.000000
v 1.395429 0.029000 0.000000
v 1.398893 0.031000 0.000000
v 1.398893 0.035000 0.000000
v 1.395429 0.037000 0.070000
v 1.391964 0.035000 0.070000
v 1.391964 0.031000 0.070000
v 1.395429 0.029000 0.070000
v 1.398893 0.031000 0.070000
v 1.398893 0.035000 0.070000
v 1.395429 0.028500 0.065000
v 1.395429 0.031609 0.060720
v 1.395429 0.036641 0.062355
v 1.395429 0.036641 0.067645
v 1.395429 0.031609 0.069280
v 1.488000 0.028500 0.065000
v 1.488000 0.031609 0.060720
v 1.488000 0.036641 0.062355
v 1.488000 0.036641 0.067645
v 1.488000 0.031609 0.069280
v 1.488000 0.028500 0.031000
v 1.488000 0.031609 0.026720
v 1.488000 0.036641 0.028355
v 1.488000 0.036641 0.033645
v 1.488000 0.031609 0.035280
v 1.580571 0.028500 0.031000
v 1.580571 0.031609 0.026720
v 1.580571 0.036641 0.028355
v 1.580571 0.036641 0.033645
v 1.580571 0.031609 0.035280
v 1.488000 0.028500 0.070000
v 1.488000 0.031609 0.065720
v 1.488000 0.036641 0.067355
v 1.488000 0.036641 0.072645
v 1.488000 0.031609 0.074280
v 1.580571 0.028500 0.070000
v 1.580571 0.031609 0.065720
v 1.580571 0.036641 0.067355
v 1.580571 0.036641 0.072645
v 1.580571 0.031609 0.074280
v 1.488000 0.028500 0.065000
v 1.488000 0.031609 0.060720
v 1.488000 0.036641 0.062355
v 1.488000 0.036641 0.067645
v 1.488000 0.031609 0.069280
v 1.580571 0.028500 0.065000
v 1.580571 0.031609 0.060720
v 1.580571 0.036641 0.062355
v 1.580571 0.036641 0.067645
v 1.580571 0.031609 0.069280
v 1.580571 0.028500 0.031000
v 1.580571 0.031609 0.026720
v 1.580571 0.036641 0.028355
v 1.580571 0.036641 0.033645
v 1.580571 0.031609 0.035280
v 1.673143 0.028500 0.031000
v 1.673143 0.031609 0.026720
v 1.673143 0.036641 0.028355
v 1.673143 0.036641 0.033645
v 1.673143 0.031609 0.035280
v 1.580571 0.028500 0.070000
v 1.580571 0.031609 0.065720
v 1.580571 0.036641 0.067355
v 1.580571 0.036641 0.072645
v 1.580571 0.031609 0.074280
v 1.673143 0.028500 0.070000
v 1.673143 0.031609 0.065720
v 1.673143 0.036641 0.067355
v 1.673143 0.036641 0.072645
v 1.673143 0.031609 0.074280
v 1.580571 0.028500 0.065000
v 1.580571 0.031609 0.060720
v 1.580571 0.036641 0.062355
v 1.580571 0.036641 0.067645
v 1.580571 0.031609 0.069280
v 1.673143 0.028500 0.065000
v 1.673143 0.031609 0.060720
v 1.673143 0.036641 0.062355
v 1.673143 0.036641 0.067645
v 1.673143 0.031609 0.069280
v 1.673143 0.028500 0.031000
v 1.673143 0.031609 0.026720
v 1.673143 0.036641 0.028355
v 1.673143 0.036641 0.033645
v 1.673143 0.031609 0.035280
v 1.765714 0.028500 0.031000
v 1.765714 0.031609 0.026720
v 1.765714 0.036641 0.028355
v 1.765714 0.036641 0.033645
v 1.765714 0.031609 0.035280
v 1.673143 0.028500 0.070000
v 1.673143 0.031609 0.065720
v 1.673143 0.036641 0.067355
v 1.673143 0.036641 0.072645
v 1.673143 0.031609 0.074280
v 1.765714 0.028500 0.070000
v 1.765714 0.031609 0.065720
v 1.765714 0.036641 0.067355
v 1.765714 0.036641 0.072645
v 1.765714 0.031609 0.074280
v 1.673143 0.037000 0.000000
v 1.669679 0.035000 0.000000
v 1.669679 0.031000 0.000000
v 1.673143 0.029000 0.000000
v 1.676607 0.031000 0.000000
v 1.676607 0.035000 0.000000
v 1.673143 0.037000 0.070000
v 1.669679 0.035000 0.070000
v 1.669679 0.031000 0.070000
v 1.673143 0.029000 0.070000
v 1.676607 0.031000 0.070000
v 1.676607 0.035000 0.070000
v 1.673143 0.028500 0.065000
v 1.673143 0.031609 0.060720
v 1.673143 0.036641 0.062355
v 1.673143 0.036641 0.067645
v 1.673143 0.031609 0.069280
v 1.765714 0.028500 0.065000
v 1.765714 0.031609 0.060720
v 1.765714 0.036641 0.062355
v 1.765714 0.036641 0.067645
v 1.765714 0.031609 0.069280
v 1.765714 0.028500 0.031000
v 1.765714 0.031609 0.026720
v 1.765714 0.036641 0.028355
v 1.765714 0.036641 0.033645
v 1.765714 0.031609 0.035280
v 1.858286 0.028500 0.031000
v 1.858286 0.031609 0.026720
v 1.858286 0.036641 0.028355
v 1.858286 0.036641 0.033645
v 1.858286 0.031609 0.035280
v 1.765714 0.028500 0.070000
v 1.765714 0.031609 0.065720
v 1.765714 0.036641 0.067355
v 1.765714 0.036641 0.072645
v 1.765714 0.031609 0.074280
v 1.858286 0.028500 0.070000
v 1.858286 0.031609 0.065720
v 1.858286 0.036641 0.067355
v 1.858286 0.036641 0.072645
v 1.858286 0.031609 0.074280
v 1.765714 0.028500 0.065000
v 1.765714 0.031609 0.060720
v 1.765714 0.036641 0.062355
v 1.765714 0.036641 0.067645
v 1.765714 0.031609 0.069280
v 1.858286 0.028500 0.065000
v 1.858286 0.031609 0.060720
v 1.858286 0.036641 0.062355
v 1.858286 0.036641 0.067645
v 1.858286 0.031609 0.069280
v 1.858286 0.028500 0.031000
v 1.858286 0.031609 0.026720
v 1.858286 0.036641 0.028355
v 1.858286 0.036641 0.033645
v 1.858286 0.031609 0.035280
v 1.950857 0.028500 0.031000
v 1.950857 0.031609 0.026720
v 1.950857 0.036641 0.028355
v 1.950857 0.036641 0.033645
v 1.950857 0.031609 0.035280
v 1.858286 0.028500 0.070000
v 1.858286 0.031609 0.065720
v 1.858286 0.036641 0.067355
v 1.858286 0.036641 0.072645
v 1.858286 0.031609 0.074280
v 1.950857 0.028500 0.070000
v 1.950857 0.031609 0.065720
v 1.950857 0.036641 0.067355
v 1.950857 0.036641 0.072645
v 1.950857 0.031609 0.074280
v 1.858286 0.028500 0.065000
v 1.858286 0.031609 0.060720
v 1.858286 0.036641 0.062355
v 1.858286 0.036641 0.067645
v 1.858286 0.031609 0.069280
v 1.950857 0.028500 0.065000
v 1.950857 0.031609 0.060720
v 1.950857 0.036641 0.062355
v 1.950857 0.036641 0.067645
v 1.950857 0.031609 0.069280
v 1.950857 0.028500 0.031000
v 1.950857 0.031609 0.026720
v 1.950857 0.036641 0.028355
v 1.950857 0.036641 0.033645
v 1.950857 0.031609 0.035280
v 2.043429 0.028500 0.031000
v 2.043429 0.031609 0.026720
v 2.043429 0.036641 0.028355
v 2.043429 0.036641 0.033645
v 2.043429 0.031609 0.035280
v 1.950857 0.028500 0.070000
v 1.950857 0.031609 0.065720
v 1.950857 0.036641 0.067355
v 1.950857 0.036641 0.072645
v 1.950857 0.031609 0.074280
v 2.043429 0.028500 0.070000
v 2.043429 0.031609 0.065720
v 2.043429 0.036641 0.067355
v 2.043429 0.036641 0.072645
v 2.043429 0.031609 0.074280
v 1.950857 0.037000 0.000000
v 1.947393 0.035000 0.000000
v 1.947393 0.031000 0.000000
v 1.950857 0.029000 0.000000
v 1.954321 0.031000 0.000000
v 1.954321 0.035000 0.000000
v 1.950857 0.037000 0.070000
v 1.947393 0.035000 0.070000
v 1.947393 0.031000 0.070000
v 1.950857 0.029000 0.070000
v 1.954321 0.031000 0.070000
v 1.954321 0.035000 0.070000
v 1.950857 0.028500 0.065000
v 1.950857 0.031609 0.060720
v 1.950857 0.036641 0.062355
v 1.950857 0.036641 0.067645
v 1.950857 0.031609 0.069280
v 2.043429 0.028500 0.065000
v 2.043429 0.031609 0.060720
v 2.043429 0.036641 0.062355
v 2.043429 0.036641 0.067645
v 2.043429 0.031609 0.069280
v 2.043429 0.028500 0.031000
v 2.043429 0.031609 0.026720
v 2.043429 0.036641 0.028355
v 2.043429 0.036641 0.033645
v 2.043429 0.031609 0.035280
v 2.136000 0.028500 0.031000
v 2.136000 0.031609 0.026720
v 2.136000 0.036641 0.028355
v 2.136000 0.036641 0.033645
v 2.136000 0.031609 0.035280
v 2.043429 0.028500 0.070000
v 2.043429 0.031609 0.065720
v 2.043429 0.036641 0.067355
v 2.043429 0.036641 0.072645
v 2.043429 0.031609 0.074280
v 2.136000 0.028500 0.070000
v 2.136000 0.031609 0.065720
v 2.136000 0.036641 0.067355
v 2.136000 0.036641 0.072645
v 2.136000 0.031609 0.074280
v 2.043429 0.028500 0.065000
v 2.043429 0.031609 0.060720
v 2.043429 0.036641 0.062355
v 2.043429 0.036641 0.067645
v 2.043429 0.031609 0.069280
v 2.136000 0.028500 0.065000
v 2.136000 0.031609 0.060720
v 2.136000 0.036641 0.062355
v 2.136000 0.036641 0.067645
v 2.136000 0.031609 0.069280
v 2.136000 0.028500 0.031000
v 2.136000 0.031609 0.026720
v 2.136000 0.036641 0.028355
v 2.136000 0.036641 0.033645
v 2.136000 0.031609 0.035280
v 2.228571 0.028500 0.031000
v 2.228571 0.031609 0.026720
v 2.228571 0.036641 0.028355
v 2.228571 0.036641 0.033645
v 2.228571 0.031609 0.035280
v 2.136000 0.028500 0.070000
v 2.136000 0.031609 0.065720
v 2.136000 0.036641 0.067355
v 2.136000 0.036641 0.072645
v 2.136000 0.031609 0.074280
v 2.228571 0.028500 0.070000
v 2.228571 0.031609 0.065720
v 2.228571 0.036641 0.067355
v 2.228571 0.036641 0.072645
v 2.228571 0.031609 0.074280
v 2.136000 0.028500 0.065000
v 2.136000 0.031609 0.060720
v 2.136000 0.036641 0.062355
v 2.136000 0.036641 0.067645
v 2.136000 0.031609 0.069280
v 2.228571 0.028500 0.065000
v 2.228571 0.031609 0.060720
v 2.228571 0.036641 0.062355
v 2.228571 0.036641 0.067645
v 2.228571 0.031609 0.069280
v 2.228571 0.028500 0.031000
v 2.228571 0.031609 0.026720
v 2.228571 0.036641 0.028355
v 2.228571 0.036641 0.033645
v 2.228571 0.031609 0.035280
v 2.321143 0.028500 0.031000
v 2.321143 0.031609 0.026720
v 2.321143 0.036641 0.028355
v 2.321143 0.036641 0.033645
v 2.321143 0.031609 0.035280
v 2.228571 0.028500 0.070000
v 2.228571 0.031609 0.065720
v 2.228571 0.036641 0.067355
v 2.228571 0.036641 0.072645
v 2.228571 0.031609 0.074280
v 2.321143 0.028500 0.070000
v 2.321143 0.031609 0.065720
v 2.321143 0.036641 0.067355
v 2.321143 0.036641 0.072645
v 2.321143 0.031609 0.074280
v 2.228571 0.037000 0.000000
v 2.225107 0.035000 0.000000
v 2.225107 0.031000 0.000000
v 2.228571 0.029000 0.000000
v 2.232036 0.031000 0.000000
v 2.232036 0.035000 0.000000
v 2.228571 0.037000 0.070000
v 2.225107 0.035000 0.070000
v 2.225107 0.031000 0.070000
v 2.228571 0.029000 0.070000
v 2.232036 0.031000 0.070000
v 2.232036 0.035000 0.070000
v 2.228571 0.028500 0.065000
v 2.228571 0.031609 0.060720
v 2.228571 0.036641 0.062355
v 2.228571 0.036641 0.067645
v 2.228571 0.031609 0.069280
v 2.321143 0.028500 0.065000
v 2.321143 0.031609 0.060720
v 2.321143 0.036641 0.062355
v 2.321143 0.036641 0.067645
v 2.321143 0.031609 0.069280
v 2.321143 0.028500 0.031000
v 2.321143 0.031609 0.026720
v 2.321143 0.036641 0.028355
v 2.321143 0.036641 0.033645
v 2.321143 0.031609 0.035280
v 2.413714 0.028500 0.031000
v 2.413714 0.031609 0.026720
v 2.413714 0.036641 0.028355
v 2.413714 0.036641 0.033645
v 2.413714 0.031609 0.035280
v 2.321143 0.028500 0.070000
v 2.321143 0.031609 0.065720
v 2.321143 0.036641 0.067355
v 2.321143 0.036641 0.072645
v 2.321143 0.031609 0.074280
v 2.413714 0.028500 0.070000
v 2.413714 0.031609 0.065720
v 2.413714 0.036641 0.067355
v 2.413714 0.036641 0.072645
v 2.413714 0.031609 0.074280
v 2.321143 0.028500 0.065000
v 2.321143 0.031609 0.060720
v 2.321143 0.036641 0.062355
v 2.321143 0.036641 0.067645
v 2.321143 0.031609 0.069280
v 2.413714 0.028500 0.065000
v 2.413714 0.031609 0.060720
v 2.413714 0.036641 0.062355
v 2.413714 0.036641 0.067645
v 2.413714 0.031609 0.069280
v 2.413764 0.028500 0.031000
v 2.413753 0.031610 0.026720
v 2.413688 0.036641 0.028355
v 2.413660 0.036640 0.033645
v 2.413706 0.031609 0.035280
v 2.499039 0.029443 0.031466
v 2.499028 0.032552 0.027186
v 2.498963 0.037583 0.028821
v 2.498934 0.037583 0.034111
v 2.498981 0.032552 0.035745
v 2.413764 0.028500 0.070000
v 2.413753 0.031610 0.065720
v 2.413688 0.036641 0.067355
v 2.413660 0.036640 0.072645
v 2.413706 0.031609 0.074280
v 2.499039 0.029443 0.070466
v 2.499028 0.032552 0.066186
v 2.498963 0.037583 0.067821
v 2.498934 0.037583 0.073111
v 2.498981 0.032552 0.074745
v 2.413764 0.028500 0.065000
v 2.413753 0.031610 0.060720
v 2.413688 0.036641 0.062355
v 2.413660 0.036640 0.067645
v 2.413706 0.031609 0.069280
v 2.499039 0.029443 0.065466
v 2.499028 0.032552 0.061186
v 2.498963 0.037583 0.062821
v 2.498934 0.037583 0.068111
v 2.498981 0.032552 0.069745
v 2.499423 0.029463 0.031466
v 2.499321 0.032577 0.027191
v 2.498760 0.037578 0.028824
v 2.498515 0.037554 0.034108
v 2.498925 0.032539 0.035741
v 2.577037 0.036989 0.035088
v 2.576935 0.040103 0.030813
v 2.576374 0.045104 0.032446
v 2.576129 0.045080 0.037730
v 2.576539 0.040065 0.039363
v 2.499423 0.029463 0.070466
v 2.499321 0.032577 0.066191
v 2.498760 0.037578 0.067824
v 2.498515 0.037554 0.073108
v 2.498925 0.032539 0.074741
v 2.577037 0.036989 0.074088
v 2.576935 0.040103 0.069813
v 2.576374 0.045104 0.071446
v 2.576129 0.045080 0.076730
v 2.576539 0.040065 0.078363
v 2.498989 0.037942 0.000466
v 2.495525 0.035942 0.000466
v 2.495525 0.031942 0.000466
v 2.498989 0.029942 0.000466
v 2.502453 0.031942 0.000466
v 2.502453 0.035942 0.000466
v 2.498989 0.037942 0.070466
v 2.495525 0.035942 0.070466
v 2.495525 0.031942 0.070466
v 2.498989 0.029942 0.070466
v 2.502453 0.031942 0.070466
v 2.502453 0.035942 0.070466
v 2.499423 0.029463 0.065466
v 2.499321 0.032577 0.061191
v 2.498760 0.037578 0.062824
v 2.498515 0.037554 0.068108
v 2.498925 0.032539 0.069741
v 2.577037 0.036989 0.069088
v 2.576935 0.040103 0.064813
v 2.576374 0.045104 0.066446
v 2.576129 0.045080 0.071730
v 2.576539 0.040065 0.073363
v 2.577467 0.037052 0.035088
v 2.577230 0.040174 0.030824
v 2.576126 0.045085 0.032453
v 2.575681 0.044998 0.037724
v 2.576510 0.040033 0.039352
v 2.653992 0.052034 0.041798
v 2.653755 0.055156 0.037534
v 2.652651 0.060066 0.039163
v 2.652206 0.059979 0.044434
v 2.653035 0.055015 0.046062
v 2.577467 0.037052 0.074088
v 2.577230 0.040174 0.069824
v 2.576126 0.045085 0.071453
v 2.575681 0.044998 0.076724
v 2.576510 0.040033 0.078352
v 2.653992 0.052034 0.080798
v 2.653755 0.055156 0.076534
v 2.652651 0.060066 0.078163
v 2.652206 0.059979 0.083434
v 2.653035 0.055015 0.085062
v 2.577467 0.037052 0.069088
v 2.577230 0.040174 0.064824
v 2.576126 0.045085 0.066453
v 2.575681 0.044998 0.071724
v 2.576510 0.040033 0.073352
v 2.653992 0.052034 0.075798
v 2.653755 0.055156 0.071534
v 2.652651 0.060066 0.073163
v 2.652206 0.059979 0.078434
v 2.653035 0.055015 0.080062
v 2.654414 0.052138 0.041798
v 2.653986 0.055255 0.037546
v 2.652371 0.060023 0.039170
v 2.651802 0.059854 0.044427
v 2.653065 0.054980 0.046051
v 2.729136 0.074435 0.050605
v 2.728708 0.077552 0.046353
v 2.727093 0.082321 0.047977
v 2.726524 0.082151 0.053234
v 2.727787 0.077278 0.054858
v 2.654414 0.052138 0.080798
v 2.653986 0.055255 0.076546
v 2.652371 0.060023 0.078170
v 2.651802 0.059854 0.083427
v 2.653065 0.054980 0.085051
v 2.729136 0.074435 0.089605
v 2.728708 0.077552 0.085353
v 2.727093 0.082321 0.086977
v 2.726524 0.082151 0.092234
v 2.727787 0.077278 0.093858
v 2.654414 0.052138 0.075798
v 2.653986 0.055255 0.071546
v 2.652371 0.060023 0.073170
v 2.651802 0.059854 0.078427
v 2.653065 0.054980 0.080051
v 2.729136 0.074435 0.084605
v 2.728708 0.077552 0.080353
v 2.727093 0.082321 0.081977
v 2.726524 0.082151 0.087234
v 2.727787 0.077278 0.088858
v 2.729547 0.074580 0.050605
v 2.728858 0.077657 0.046358
v 2.726776 0.082241 0.047980
v 2.726177 0.081997 0.053231
v 2.727890 0.077262 0.054853
v 2.801768 0.103985 0.060209
v 2.801080 0.107062 0.055961
v 2.798997 0.111646 0.057584
v 2.798398 0.111402 0.062834
v 2.800111 0.106667 0.064457
v 2.729547 0.074580 0.089605
v 2.728858 0.077657 0.085358
v 2.726776 0.082241 0.086980
v 2.726177 0.081997 0.092231
v 2.727890 0.077262 0.093853
v 2.801768 0.103985 0.099209
v 2.801080 0.107062 0.094961
v 2.798997 0.111646 0.096584
v 2.798398 0.111402 0.101834
v 2.800111 0.106667 0.103457
v 2.727850 0.082747 0.019605
v 2.724385 0.080747 0.019605
v 2.724385 0.076747 0.019605
v 2.727850 0.074747 0.019605
v 2.731314 0.076747 0.019605
v 2.731314 0.080747 0.019605
v 2.727850 0.082747 0.089605
v 2.724385 0.080747 0.089605
v 2.724385 0.076747 0.089605
v 2.727850 0.074747 0.089605
v 2.731314 0.076747 0.089605
v 2.731314 0.080747 0.089605
v 2.729547 0.074580 0.084605
v 2.728858 0.077657 0.080358
v 2.726776 0.082241 0.081980
v 2.726177 0.081997 0.087231
v 2.727890 0.077262 0.088853
v 2.801768 0.103985 0.094209
v 2.801080 0.107062 0.089961
v 2.798997 0.111646 0.091584
v 2.798398 0.111402 0.096834
v 2.800111 0.106667 0.098457
v 2.802162 0.104168 0.060209
v 2.801151 0.107149 0.055957
v 2.798647 0.111517 0.057581
v 2.798111 0.111235 0.062837
v 2.800283 0.106694 0.064461
v 2.871208 0.140406 0.069191
v 2.870197 0.143387 0.064939
v 2.867693 0.147755 0.066563
v 2.867157 0.147473 0.071819
v 2.869329 0.142932 0.073443
v 2.802162 0.104168 0.099209
v 2.801151 0.107149 0.094957
v 2.798647 0.111517 0.096581
v 2.798111 0.111235 0.101837
v 2.800283 0.106694 0.103461
v 2.871208 0.140406 0.108191
v 2.870197 0.143387 0.103939
v 2.867693 0.147755 0.105563
v 2.867157 0.147473 0.110819
v 2.869329 0.142932 0.112443
v 2.802162 0.104168 0.094209
v 2.801151 0.107149 0.089957
v 2.798647 0.111517 0.091581
v 2.798111 0.111235 0.096837
v 2.800283 0.106694 0.098461
v 2.871208 0.140406 0.103191
v 2.870197 0.143387 0.098939
v 2.867693 0.147755 0.100563
v 2.867157 0.147473 0.105819
v 2.869329 0.142932 0.107443
v 2.871583 0.140626 0.069191
v 2.870200 0.143438 0.064929
v 2.867320 0.147566 0.066557
v 2.866923 0.147305 0.071825
v 2.869557 0.143017 0.073453
v 2.936809 0.183359 0.076225
v 2.935426 0.186171 0.071963
v 2.932546 0.190299 0.073591
v 2.932149 0.190038 0.078860
v 2.934783 0.185749 0.080488
v 2.871583 0.140626 0.108191
v 2.870200 0.143438 0.103929
v 2.867320 0.147566 0.105557
v 2.866923 0.147305 0.110825
v 2.869557 0.143017 0.112453
v 2.936809 0.183359 0.115225
v 2.935426 0.186171 0.110963
v 2.932546 0.190299 0.112591
v 2.932149 0.190038 0.117860
v 2.934783 0.185749 0.119488
v 2.871583 0.140626 0.103191
v 2.870200 0.143438 0.098929
v 2.867320 0.147566 0.100557
v 2.866923 0.147305 0.105825
v 2.869557 0.143017 0.107453
v 2.936809 0.183359 0.110225
v 2.935426 0.186171 0.105963
v 2.932546 0.190299 0.107591
v 2.932149 0.190038 0.112860
v 2.934783 0.185749 0.114488
v 2.937160 0.183615 0.076225
v 2.935386 0.186178 0.071951
v 2.932170 0.190048 0.073584
v 2.931956 0.189876 0.078867
v 2.935040 0.185900 0.080499
v 2.997958 0.232443 0.080274
v 2.996184 0.235007 0.076000
v 2.992967 0.238876 0.077632
v 2.992754 0.238704 0.082915
v 2.995838 0.234729 0.084548
v 2.937160 0.183615 0.115225
v 2.935386 0.186178 0.110951
v 2.932170 0.190048 0.112584
v 2.931956 0.189876 0.117867
v 2.935040 0.185900 0.119499
v 2.997958 0.232443 0.119274
v 2.996184 0.235007 0.115000
v 2.992967 0.238876 0.116632
v 2.992754 0.238704 0.121915
v 2.995838 0.234729 0.123548
v 2.934343 0.191123 0.045225
v 2.930879 0.189123 0.045225
v 2.930879 0.185123 0.045225
v 2.934343 0.183123 0.045225
v 2.937807 0.185123 0.045225
v 2.937807 0.189123 0.045225
v 2.934343 0.191123 0.115225
v 2.930879 0.189123 0.115225
v 2.930879 0.185123 0.115225
v 2.934343 0.183123 0.115225
v 2.937807 0.185123 0.115225
v 2.937807 0.189123 0.115225
v 2.937160 0.183615 0.110225
v 2.935386 0.186178 0.105951
v 2.932170 0.190048 0.107584
v 2.931956 0.189876 0.112867
v 2.935040 0.185900 0.114499
v 2.997958 0.232443 0.114274
v 2.996184 0.235007 0.110000
v 2.992967 0.238876 0.111632
v 2.992754 0.238704 0.116915
v 2.995838 0.234729 0.118548
v 2.998244 0.232694 0.080274
v 2.996136 0.234980 0.075994
v 2.992651 0.238609 0.077629
v 2.992606 0.238566 0.082918
v 2.996062 0.234910 0.084553
v 3.040592 0.273043 0.080971
v 3.038485 0.275330 0.076691
v 3.035000 0.278959 0.078326
v 3.034954 0.278915 0.083616
v 3.038411 0.275259 0.085250
v 2.998244 0.232694 0.119274
v 2.996136 0.234980 0.114994
v 2.992651 0.238609 0.116629
v 2.992606 0.238566 0.121918
v 2.996062 0.234910 0.123553
v 3.040592 0.273043 0.119971
v 3.038485 0.275330 0.115691
v 3.035000 0.278959 0.117326
v 3.034954 0.278915 0.122616
v 3.038411 0.275259 0.124250
v 2.998244 0.232694 0.114274
v 2.996136 0.234980 0.109994
v 2.992651 0.238609 0.111629
v 2.992606 0.238566 0.116918
v 2.996062 0.234910 0.118553
v 3.040592 0.273043 0.114971
v 3.038485 0.275330 0.110691
v 3.035000 0.278959 0.112326
v 3.034954 0.278915 0.117616
v 3.038411 0.275259 0.119250
v 3.040857 0.273317 0.080971
v 3.038445 0.275285 0.076693
v 3.034712 0.278657 0.078327
v 3.034815 0.278774 0.083615
v 3.038613 0.275474 0.085249
v 3.092566 0.331684 0.078672
v 3.090154 0.333652 0.074394
v 3.086421 0.337024 0.076028
v 3.086524 0.337141 0.081316
v 3.090322 0.333841 0.082950
v 3.040857 0.273317 0.119971
v 3.038445 0.275285 0.115693
v 3.034712 0.278657 0.117327
v 3.034815 0.278774 0.122615
v 3.038613 0.275474 0.124249
v 3.092566 0.331684 0.117672
v 3.090154 0.333652 0.113394
v 3.086421 0.337024 0.115028
v 3.086524 0.337141 0.120316
v 3.090322 0.333841 0.121950
v 3.040857 0.273317 0.114971
v 3.038445 0.275285 0.110693
v 3.034712 0.278657 0.112327
v 3.034815 0.278774 0.117615
v 3.038613 0.275474 0.119249
v 3.092566 0.331684 0.112672
v 3.090154 0.333652 0.108394
v 3.086421 0.337024 0.110028
v 3.086524 0.337141 0.115316
v 3.090322 0.333841 0.116950
v 3.092838 0.332024 0.078672
v 3.090141 0.333601 0.074403
v 3.086140 0.336654 0.076034
v 3.086364 0.336963 0.081310
v 3.090504 0.334101 0.082940
v 3.138672 0.395109 0.073025
v 3.135975 0.396686 0.068757
v 3.131974 0.399739 0.070387
v 3.132198 0.400048 0.075664
v 3.136338 0.397187 0.077294
v 3.092838 0.332024 0.117672
v 3.090141 0.333601 0.113403
v 3.086140 0.336654 0.115034
v 3.086364 0.336963 0.120310
v 3.090504 0.334101 0.121940
v 3.138672 0.395109 0.112025
v 3.135975 0.396686 0.107757
v 3.131974 0.399739 0.109387
v 3.132198 0.400048 0.114664
v 3.136338 0.397187 0.116294
v 3.089197 0.338669 0.047672
v 3.085733 0.336669 0.047672
v 3.085733 0.332669 0.047672
v 3.089197 0.330669 0.047672
v 3.092661 0.332669 0.047672
v 3.092661 0.336669 0.047672
v 3.089197 0.338669 0.117672
v 3.085733 0.336669 0.117672
v 3.085733 0.332669 0.117672
v 3.089197 0.330669 0.117672
v 3.092661 0.332669 0.117672
v 3.092661 0.336669 0.117672
v 3.092838 0.332024 0.112672
v 3.090141 0.333601 0.108403
v 3.086140 0.336654 0.110034
v 3.086364 0.336963 0.115310
v 3.090504 0.334101 0.116940
v 3.138672 0.395109 0.107025
v 3.135975 0.396686 0.102757
v 3.131974 0.399739 0.104387
v 3.132198 0.400048 0.109664
v 3.136338 0.397187 0.111294
v 3.138910 0.395473 0.073025
v 3.136004 0.396665 0.068769
v 3.131754 0.399362 0.070395
v 3.132033 0.399837 0.075656
v 3.136456 0.397433 0.077282
v 3.178442 0.462687 0.064865
v 3.175536 0.463879 0.060609
v 3.171285 0.466577 0.062234
v 3.171565 0.467051 0.067496
v 3.175987 0.464647 0.069122
v 3.138910 0.395473 0.112025
v 3.136004 0.396665 0.107769
v 3.131754 0.399362 0.109395
v 3.132033 0.399837 0.114656
v 3.136456 0.397433 0.116282
v 3.178442 0.462687 0.103865
v 3.175536 0.463879 0.099609
v 3.171285 0.466577 0.101234
v 3.171565 0.467051 0.106496
v 3.175987 0.464647 0.108122
v 3.138910 0.395473 0.107025
v 3.136004 0.396665 0.102769
v 3.131754 0.399362 0.104395
v 3.132033 0.399837 0.109656
v 3.136456 0.397433 0.111282
v 3.178442 0.462687 0.098865
v 3.175536 0.463879 0.094609
v 3.171285 0.466577 0.096234
v 3.171565 0.467051 0.101496
v 3.175987 0.464647 0.103122
v 3.178644 0.463072 0.064865
v 3.175607 0.463915 0.060617
v 3.171127 0.466213 0.062239
v 3.171396 0.466792 0.067491
v 3.176042 0.464850 0.069114
v 3.211504 0.533788 0.055396
v 3.208467 0.534631 0.051147
v 3.203987 0.536929 0.052770
v 3.204256 0.537508 0.058022
v 3.208901 0.535566 0.059644
v 3.178644 0.463072 0.103865
v 3.175607 0.463915 0.099617
v 3.171127 0.466213 0.101239
v 3.171396 0.466792 0.106491
v 3.176042 0.464850 0.108114
v 3.211504 0.533788 0.094396
v 3.208467 0.534631 0.090147
v 3.203987 0.536929 0.091770
v 3.204256 0.537508 0.097022
v 3.208901 0.535566 0.098644
v 3.178644 0.463072 0.098865
v 3.175607 0.463915 0.094617
v 3.171127 0.466213 0.096239
v 3.171396 0.466792 0.101491
v 3.176042 0.464850 0.103114
v 3.211504 0.533788 0.089396
v 3.208467 0.534631 0.085147
v 3.203987 0.536929 0.086770
v 3.204256 0.537508 0.092022
v 3.208901 0.535566 0.093644
v 3.211668 0.534191 0.055396
v 3.208565 0.534741 0.051147
v 3.203884 0.536595 0.052770
v 3.204094 0.537191 0.058022
v 3.208904 0.535705 0.059645
v 3.237549 0.607748 0.046016
v 3.234447 0.608298 0.041767
v 3.229765 0.610152 0.043390
v 3.229975 0.610748 0.048642
v 3.234786 0.609262 0.050265
v 3.211668 0.534191 0.094396
v 3.208565 0.534741 0.090147
v 3.203884 0.536595 0.091770
v 3.204094 0.537191 0.097022
v 3.208904 0.535705 0.098645
v 3.237549 0.607748 0.085016
v 3.234447 0.608298 0.080767
v 3.229765 0.610152 0.082390
v 3.229975 0.610748 0.087642
v 3.234786 0.609262 0.089265
v 3.207423 0.539684 0.024396
v 3.203959 0.537684 0.024396
v 3.203959 0.533684 0.024396
v 3.207423 0.531684 0.024396
v 3.210887 0.533684 0.024396
v 3.210887 0.537684 0.024396
v 3.207423 0.539684 0.094396
v 3.203959 0.537684 0.094396
v 3.203959 0.533684 0.094396
v 3.207423 0.531684 0.094396
v 3.210887 0.533684 0.094396
v 3.210887 0.537684 0.094396
v 3.211668 0.534191 0.089396
v 3.208565 0.534741 0.085147
v 3.203884 0.536595 0.086770
v 3.204094 0.537191 0.092022
v 3.208904 0.535705 0.093645
v 3.237549 0.607748 0.080016
v 3.234447 0.608298 0.075767
v 3.229765 0.610152 0.077390
v 3.229975 0.610748 0.082642
v 3.234786 0.609262 0.084265
v 3.237674 0.608165 0.046016
v 3.234551 0.608490 0.041758
v 3.229706 0.609854 0.043384
v 3.229833 0.610372 0.048647
v 3.234758 0.609328 0.050274
v 3.256335 0.683877 0.038110
v 3.253212 0.684202 0.033852
v 3.248367 0.685566 0.035478
v 3.248495 0.686084 0.040742
v 3.253419 0.685040 0.042368
v 3.237674 0.608165 0.085016
v 3.234551 0.608490 0.080758
v 3.229706 0.609854 0.082384
v 3.229833 0.610372 0.087647
v 3.234758 0.609328 0.089274
v 3.256335 0.683877 0.077110
v 3.253212 0.684202 0.072852
v 3.248367 0.685566 0.074478
v 3.248495 0.686084 0.079742
v 3.253419 0.685040 0.081368
v 3.237674 0.608165 0.080016
v 3.234551 0.608490 0.075758
v 3.229706 0.609854 0.077384
v 3.229833 0.610372 0.082647
v 3.234758 0.609328 0.084274
v 3.256335 0.683877 0.072110
v 3.253212 0.684202 0.067852
v 3.248367 0.685566 0.069478
v 3.248495 0.686084 0.074742
v 3.253419 0.685040 0.076368
v 3.256418 0.684304 0.038110
v 3.253300 0.684468 0.033840
v 3.248338 0.685303 0.035471
v 3.248389 0.685656 0.040749
v 3.253383 0.685038 0.042380
v 3.267685 0.761463 0.032846
v 3.264567 0.761627 0.028576
v 3.259604 0.762463 0.030207
v 3.259656 0.762816 0.035485
v 3.264650 0.762198 0.037116
v 3.256418 0.684304 0.077110
v 3.253300 0.684468 0.072840
v 3.248338 0.685303 0.074471
v 3.248389 0.685656 0.079749
v 3.253383 0.685038 0.081380
v 3.267685 0.761463 0.071846
v 3.264567 0.761627 0.067576
v 3.259604 0.762463 0.069207
v 3.259656 0.762816 0.074485
v 3.264650 0.762198 0.076116
v 3.256418 0.684304 0.072110
v 3.253300 0.684468 0.067840
v 3.248338 0.685303 0.069471
v 3.248389 0.685656 0.074749
v 3.253383 0.685038 0.076380
v 3.267685 0.761463 0.066846
v 3.264567 0.761627 0.062576
v 3.259604 0.762463 0.064207
v 3.259656 0.762816 0.069485
v 3.264650 0.762198 0.071116
v 3.267727 0.761896 0.032846
v 3.264617 0.761945 0.028567
v 3.259593 0.762227 0.030201
v 3.259599 0.762352 0.035490
v 3.264627 0.762147 0.037124
v 3.271495 0.839783 0.031000
v 3.268384 0.839832 0.026721
v 3.263361 0.840113 0.028356
v 3.263367 0.840238 0.033644
v 3.268394 0.840034 0.035279
v 3.267727 0.761896 0.071846
v 3.264617 0.761945 0.067567
v 3.259593 0.762227 0.069201
v 3.259599 0.762352 0.074490
v 3.264627 0.762147 0.076124
v 3.271495 0.839783 0.070000
v 3.268384 0.839832 0.065721
v 3.263361 0.840113 0.067356
v 3.263367 0.840238 0.072644
v 3.268394 0.840034 0.074279
v 3.263233 0.766113 0.001846
v 3.259768 0.764113 0.001846
v 3.259768 0.760113 0.001846
v 3.263233 0.758113 0.001846
v 3.266697 0.760113 0.001846
v 3.266697 0.764113 0.001846
v 3.263233 0.766113 0.071846
v 3.259768 0.764113 0.071846
v 3.259768 0.760113 0.071846
v 3.263233 0.758113 0.071846
v 3.266697 0.760113 0.071846
v 3.266697 0.764113 0.071846
v 3.267727 0.761896 0.066846
v 3.264617 0.761945 0.062567
v 3.259593 0.762227 0.064201
v 3.259599 0.762352 0.069490
v 3.264627 0.762147 0.071124
v 3.271495 0.839783 0.065000
v 3.268384 0.839832 0.060721
v 3.263361 0.840113 0.062356
v 3.263367 0.840238 0.067644
v 3.268394 0.840034 0.069279
v 3.271500 0.840000 0.031000
v 3.268391 0.840000 0.026720
v 3.263359 0.840000 0.028355
v 3.263359 0.840000 0.033645
v 3.268391 0.840000 0.035280
v 3.271500 0.922667 0.031000
v 3.268391 0.922667 0.026720
v 3.263359 0.922667 0.028355
v 3.263359 0.922667 0.033645
v 3.268391 0.922667 0.035280
v 3.271500 0.840000 0.070000
v 3.268391 0.840000 0.065720
v 3.263359 0.840000 0.067355
v 3.263359 0.840000 0.072645
v 3.268391 0.840000 0.074280
v 3.271500 0.922667 0.070000
v 3.268391 0.922667 0.065720
v 3.263359 0.922667 0.067355
v 3.263359 0.922667 0.072645
v 3.268391 0.922667 0.074280
v 3.271500 0.840000 0.065000
v 3.268391 0.840000 0.060720
v 3.263359 0.840000 0.062355
v 3.263359 0.840000 0.067645
v 3.268391 0.840000 0.069280
v 3.271500 0.922667 0.065000
v 3.268391 0.922667 0.060720
v 3.263359 0.922667 0.062355
v 3.263359 0.922667 0.067645
v 3.268391 0.922667 0.069280
v 3.271500 0.922667 0.031000
v 3.268391 0.922667 0.026720
v 3.263359 0.922667 0.028355
v 3.263359 0.922667 0.033645
v 3.268391 0.922667 0.035280
v 3.271500 1.005333 0.031000
v 3.268391 1.005333 0.026720
v 3.263359 1.005333 0.028355
v 3.263359 1.005333 0.033645
v 3.268391 1.005333 0.035280
v 3.271500 0.922667 0.070000
v 3.268391 0.922667 0.065720
v 3.263359 0.922667 0.067355
v 3.263359 0.922667 0.072645
v 3.268391 0.922667 0.074280
v 3.271500 1.005333 0.070000
v 3.268391 1.005333 0.065720
v 3.263359 1.005333 0.067355
v 3.263359 1.005333 0.072645
v 3.268391 1.005333 0.074280
v 3.271500 0.922667 0.065000
v 3.268391 0.922667 0.060720
v 3.263359 0.922667 0.062355
v 3.263359 0.922667 0.067645
v 3.268391 0.922667 0.069280
v 3.271500 1.005333 0.065000
v 3.268391 1.005333 0.060720
v 3.263359 1.005333 0.062355
v 3.263359 1.005333 0.067645
v 3.268391 1.005333 0.069280
v 3.271500 1.005333 0.031000
v 3.268391 1.005333 0.026720
v 3.263359 1.005333 0.028355
v 3.263359 1.005333 0.033645
v 3.268391 1.005333 0.035280
v 3.271500 1.088000 0.031000
v 3.268391 1.088000 0.026720
v 3.263359 1.088000 0.028355
v 3.263359 1.088000 0.033645
v 3.268391 1.088000 0.035280
v 3.271500 1.005333 0.070000
v 3.268391 1.005333 0.065720
v 3.263359 1.005333 0.067355
v 3.263359 1.005333 0.072645
v 3.268391 1.005333 0.074280
v 3.271500 1.088000 0.070000
v 3.268391 1.088000 0.065720
v 3.263359 1.088000 0.067355
v 3.263359 1.088000 0.072645
v 3.268391 1.088000 0.074280
v 3.267000 1.009333 0.000000
v 3.263536 1.007333 0.000000
v 3.263536 1.003333 0.000000
v 3.267000 1.001333 0.000000
v 3.270464 1.003333 0.000000
v 3.270464 1.007333 0.000000
v 3.267000 1.009333 0.070000
v 3.263536 1.007333 0.070000
v 3.263536 1.003333 0.070000
v 3.267000 1.001333 0.070000
v 3.270464 1.003333 0.070000
v 3.270464 1.007333 0.070000
v 3.271500 1.005333 0.065000
v 3.268391 1.005333 0.060720
v 3.263359 1.005333 0.062355
v 3.263359 1.005333 0.067645
v 3.268391 1.005333 0.069280
v 3.271500 1.088000 0.065000
v 3.268391 1.088000 0.060720
v 3.263359 1.088000 0.062355
v 3.263359 1.088000 0.067645
v 3.268391 1.088000 0.069280
v 3.271500 1.088000 0.031000
v 3.268391 1.088000 0.026720
v 3.263359 1.088000 0.028355
v 3.263359 1.088000 0.033645
v 3.268391 1.088000 0.035280
v 3.271500 1.170667 0.031000
v 3.268391 1.170667 0.026720
v 3.263359 1.170667 0.028355
v 3.263359 1.170667 0.033645
v 3.268391 1.170667 0.035280
v 3.271500 1.088000 0.070000
v 3.268391 1.088000 0.065720
v 3.263359 1.088000 0.067355
v 3.263359 1.088000 0.072645
v 3.268391 1.088000 0.074280
v 3.271500 1.170667 0.070000
v 3.268391 1.170667 0.065720
v 3.263359 1.170667 0.067355
v 3.263359 1.170667 0.072645
v 3.268391 1.170667 0.074280
v 3.271500 1.088000 0.065000
v 3.268391 1.088000 0.060720
v 3.263359 1.088000 0.062355
v 3.263359 1.088000 0.067645
v 3.268391 1.088000 0.069280
v 3.271500 1.170667 0.065000
v 3.268391 1.170667 0.060720
v 3.263359 1.170667 0.062355
v 3.263359 1.170667 0.067645
v 3.268391 1.170667 0.069280
v 3.271500 1.170667 0.031000
v 3.268391 1.170667 0.026720
v 3.263359 1.170667 0.028355
v 3.263359 1.170667 0.033645
v 3.268391 1.170667 0.035280
v 3.271500 1.253333 0.031000
v 3.268391 1.253333 0.026720
v 3.263359 1.253333 0.028355
v 3.263359 1.253333 0.033645
v 3.268391 1.253333 0.035280
v 3.271500 1.170667 0.070000
v 3.268391 1.170667 0.065720
v 3.263359 1.170667 0.067355
v 3.263359 1.170667 0.072645
v 3.268391 1.170667 0.074280
v 3.271500 1.253333 0.070000
v 3.268391 1.253333 0.065720
v 3.263359 1.253333 0.067355
v 3.263359 1.253333 0.072645
v 3.268391 1.253333 0.074280
v 3.271500 1.170667 0.065000
v 3.268391 1.170667 0.060720
v 3.263359 1.170667 0.062355
v 3.263359 1.170667 0.067645
v 3.268391 1.170667 0.069280
v 3.271500 1.253333 0.065000
v 3.268391 1.253333 0.060720
v 3.263359 1.253333 0.062355
v 3.263359 1.253333 0.067645
v 3.268391 1.253333 0.069280
v 3.271500 1.253333 0.031000
v 3.268391 1.253333 0.026720
v 3.263359 1.253333 0.028355
v 3.263359 1.253333 0.033645
v 3.268391 1.253333 0.035280
v 3.271500 1.336000 0.031000
v 3.268391 1.336000 0.026720
v 3.263359 1.336000 0.028355
v 3.263359 1.336000 0.033645
v 3.268391 1.336000 0.035280
v 3.271500 1.253333 0.070000
v 3.268391 1.253333 0.065720
v 3.263359 1.253333 0.067355
v 3.263359 1.253333 0.072645
v 3.268391 1.253333 0.074280
v 3.271500 1.336000 0.070000
v 3.268391 1.336000 0.065720
v 3.263359 1.336000 0.067355
v 3.263359 1.336000 0.072645
v 3.268391 1.336000 0.074280
v 3.267000 1.257333 0.000000
v 3.263536 1.255333 0.000000
v 3.263536 1.251333 0.000000
v 3.267000 1.249333 0.000000
v 3.270464 1.251333 0.000000
v 3.270464 1.255333 0.000000
v 3.267000 1.257333 0.070000
v 3.263536 1.255333 0.070000
v 3.263536 1.251333 0.070000
v 3.267000 1.249333 0.070000
v 3.270464 1.251333 0.070000
v 3.270464 1.255333 0.070000
v 3.271500 1.253333 0.065000
v 3.268391 1.253333 0.060720
v 3.263359 1.253333 0.062355
v 3.263359 1.253333 0.067645
v 3.268391 1.253333 0.069280
v 3.271500 1.336000 0.065000
v 3.268391 1.336000 0.060720
v 3.263359 1.336000 0.062355
v 3.263359 1.336000 0.067645
v 3.268391 1.336000 0.069280
v 3.271500 1.336000 0.031000
v 3.268391 1.336000 0.026720
v 3.263359 1.336000 0.028355
v 3.263359 1.336000 0.033645
v 3.268391 1.336000 0.035280
v 3.271500 1.418667 0.031000
v 3.268391 1.418667 0.026720
v 3.263359 1.418667 0.028355
v 3.263359 1.418667 0.033645
v 3.268391 1.418667 0.035280
v 3.271500 1.336000 0.070000
v 3.268391 1.336000 0.065720
v 3.263359 1.336000 0.067355
v 3.263359 1.336000 0.072645
v 3.268391 1.336000 0.074280
v 3.271500 1.418667 0.070000
v 3.268391 1.418667 0.065720
v 3.263359 1.418667 0.067355
v 3.263359 1.418667 0.072645
v 3.268391 1.418667 0.074280
v 3.271500 1.336000 0.065000
v 3.268391 1.336000 0.060720
v 3.263359 1.336000 0.062355
v 3.263359 1.336000 0.067645
v 3.268391 1.336000 0.069280
v 3.271500 1.418667 0.065000
v 3.268391 1.418667 0.060720
v 3.263359 1.418667 0.062355
v 3.263359 1.418667 0.067645
v 3.268391 1.418667 0.069280
v 3.271500 1.418667 0.031000
v 3.268391 1.418667 0.026720
v 3.263359 1.418667 0.028355
v 3.263359 1.418667 0.033645
v 3.268391 1.418667 0.035280
v 3.271500 1.501333 0.031000
v 3.268391 1.501333 0.026720
v 3.263359 1.501333 0.028355
v 3.263359 1.501333 0.033645
v 3.268391 1.501333 0.035280
v 3.271500 1.418667 0.070000
v 3.268391 1.418667 0.065720
v 3.263359 1.418667 0.067355
v 3.263359 1.418667 0.072645
v 3.268391 1.418667 0.074280
v 3.271500 1.501333 0.070000
v 3.268391 1.501333 0.065720
v 3.263359 1.501333 0.067355
v 3.263359 1.501333 0.072645
v 3.268391 1.501333 0.074280
v 3.271500 1.418667 0.065000
v 3.268391 1.418667 0.060720
v 3.263359 1.418667 0.062355
v 3.263359 1.418667 0.067645
v 3.268391 1.418667 0.069280
v 3.271500 1.501333 0.065000
v 3.268391 1.501333 0.060720
v 3.263359 1.501333 0.062355
v 3.263359 1.501333 0.067645
v 3.268391 1.501333 0.069280
v 3.271500 1.501333 0.031000
v 3.268391 1.501333 0.026720
v 3.263359 1.501333 0.028355
v 3.263359 1.501333 0.033645
v 3.268391 1.501333 0.035280
v 3.271500 1.584000 0.031000
v 3.268391 1.584000 0.026720
v 3.263359 1.584000 0.028355
v 3.263359 1.584000 0.033645
v 3.268391 1.584000 0.035280
v 3.271500 1.501333 0.070000
v 3.268391 1.501333 0.065720
v 3.263359 1.501333 0.067355
v 3.263359 1.501333 0.072645
v 3.268391 1.501333 0.074280
v 3.271500 1.584000 0.070000
v 3.268391 1.584000 0.065720
v 3.263359 1.584000 0.067355
v 3.263359 1.584000 0.072645
v 3.268391 1.584000 0.074280
v 3.267000 1.505333 0.000000
v 3.263536 1.503333 0.000000
v 3.263536 1.499333 0.000000
v 3.267000 1.497333 0.000000
v 3.270464 1.499333 0.000000
v 3.270464 1.503333 0.000000
v 3.267000 1.505333 0.070000
v 3.263536 1.503333 0.070000
v 3.263536 1.499333 0.070000
v 3.267000 1.497333 0.070000
v 3.270464 1.499333 0.070000
v 3.270464 1.503333 0.070000
v 3.271500 1.501333 0.065000
v 3.268391 1.501333 0.060720
v 3.263359 1.501333 0.062355
v 3.263359 1.501333 0.067645
v 3.268391 1.501333 0.069280
v 3.271500 1.584000 0.065000
v 3.268391 1.584000 0.060720
v 3.263359 1.584000 0.062355
v 3.263359 1.584000 0.067645
v 3.268391 1.584000 0.069280
v 3.271500 1.584000 0.031000
v 3.268391 1.584000 0.026720
v 3.263359 1.584000 0.028355
v 3.263359 1.584000 0.033645
v 3.268391 1.584000 0.035280
v 3.271500 1.666667 0.031000
v 3.268391 1.666667 0.026720
v 3.263359 1.666667 0.028355
v 3.263359 1.666667 0.033645
v 3.268391 1.666667 0.035280
v 3.271500 1.584000 0.070000
v 3.268391 1.584000 0.065720
v 3.263359 1.584000 0.067355
v 3.263359 1.584000 0.072645
v 3.268391 1.584000 0.074280
v 3.271500 1.666667 0.070000
v 3.268391 1.666667 0.065720
v 3.263359 1.666667 0.067355
v 3.263359 1.666667 0.072645
v 3.268391 1.666667 0.074280
v 3.271500 1.584000 0.065000
v 3.268391 1.584000 0.060720
v 3.263359 1.584000 0.062355
v 3.263359 1.584000 0.067645
v 3.268391 1.584000 0.069280
v 3.271500 1.666667 0.065000
v 3.268391 1.666667 0.060720
v 3.263359 1.666667 0.062355
v 3.263359 1.666667 0.067645
v 3.268391 1.666667 0.069280
v 3.271500 1.666667 0.031000
v 3.268391 1.666667 0.026720
v 3.263359 1.666667 0.028355
v 3.263359 1.666667 0.033645
v 3.268391 1.666667 0.035280
v 3.271500 1.749333 0.031000
v 3.268391 1.749333 0.026720
v 3.263359 1.749333 0.028355
v 3.263359 1.749333 0.033645
v 3.268391 1.749333 0.035280
v 3.271500 1.666667 0.070000
v 3.268391 1.666667 0.065720
v 3.263359 1.666667 0.067355
v 3.263359 1.666667 0.072645
v 3.268391 1.666667 0.074280
v 3.271500 1.749333 0.070000
v 3.268391 1.749333 0.065720
v 3.263359 1.749333 0.067355
v 3.263359 1.749333 0.072645
v 3.268391 1.749333 0.074280
v 3.271500 1.666667 0.065000
v 3.268391 1.666667 0.060720
v 3.263359 1.666667 0.062355
v 3.263359 1.666667 0.067645
v 3.268391 1.666667 0.069280
v 3.271500 1.749333 0.065000
v 3.268391 1.749333 0.060720
v 3.263359 1.749333 0.062355
v 3.263359 1.749333 0.067645
v 3.268391 1.749333 0.069280
v 3.271500 1.749333 0.031000
v 3.268391 1.749333 0.026720
v 3.263359 1.749333 0.028355
v 3.263359 1.749333 0.033645
v 3.268391 1.749333 0.035280
v 3.271500 1.832000 0.031000
v 3.268391 1.832000 0.026720
v 3.263359 1.832000 0.028355
v 3.263359 1.832000 0.033645
v 3.268391 1.832000 0.035280
v 3.271500 1.749333 0.070000
v 3.268391 1.749333 0.065720
v 3.263359 1.749333 0.067355
v 3.263359 1.749333 0.072645
v 3.268391 1.749333 0.074280
v 3.271500 1.832000 0.070000
v 3.268391 1.832000 0.065720
v 3.263359 1.832000 0.067355
v 3.263359 1.832000 0.072645
v 3.268391 1.832000 0.074280
v 3.267000 1.753333 0.000000
v 3.263536 1.751333 0.000000
v 3.263536 1.747333 0.000000
v 3.267000 1.745333 0.000000
v 3.270464 1.747333 0.000000
v 3.270464 1.751333 0.000000
v 3.267000 1.753333 0.070000
v 3.263536 1.751333 0.070000
v 3.263536 1.747333 0.070000
v 3.267000 1.745333 0.070000
v 3.270464 1.747333 0.070000
v 3.270464 1.751333 0.070000
v 3.271500 1.749333 0.065000
v 3.268391 1.749333 0.060720
v 3.263359 1.749333 0.062355
v 3.263359 1.749333 0.067645
v 3.268391 1.749333 0.069280
v 3.271500 1.832000 0.065000
v 3.268391 1.832000 0.060720
v 3.263359 1.832000 0.062355
v 3.263359 1.832000 0.067645
v 3.268391 1.832000 0.069280
v 3.271500 1.832000 0.031000
v 3.268391 1.832000 0.026720
v 3.263359 1.832000 0.028355
v 3.263359 1.832000 0.033645
v 3.268391 1.832000 0.035280
v 3.271500 1.914667 0.031000
v 3.268391 1.914667 0.026720
v 3.263359 1.914667 0.028355
v 3.263359 1.914667 0.033645
v 3.268391 1.914667 0.035280
v 3.271500 1.832000 0.070000
v 3.268391 1.832000 0.065720
v 3.263359 1.832000 0.067355
v 3.263359 1.832000 0.072645
v 3.268391 1.832000 0.074280
v 3.271500 1.914667 0.070000
v 3.268391 1.914667 0.065720
v 3.263359 1.914667 0.067355
v 3.263359 1.914667 0.072645
v 3.268391 1.914667 0.074280
v 3.271500 1.832000 0.065000
v 3.268391 1.832000 0.060720
v 3.263359 1.832000 0.062355
v 3.263359 1.832000 0.067645
v 3.268391 1.832000 0.069280
v 3.271500 1.914667 0.065000
v 3.268391 1.914667 0.060720
v 3.263359 1.914667 0.062355
v 3.263359 1.914667 0.067645
v 3.268391 1.914667 0.069280
v 3.271500 1.914667 0.031000
v 3.268391 1.914667 0.026720
v 3.263359 1.914667 0.028355
v 3.263359 1.914667 0.033645
v 3.268391 1.914667 0.035280
v 3.271500 1.997333 0.031000
v 3.268391 1.997333 0.026720
v 3.263359 1.997333 0.028355
v 3.263359 1.997333 0.033645
v 3.268391 1.997333 0.035280
v 3.271500 1.914667 0.070000
v 3.268391 1.914667 0.065720
v 3.263359 1.914667 0.067355
v 3.263359 1.914667 0.072645
v 3.268391 1.914667 0.074280
v 3.271500 1.997333 0.070000
v 3.268391 1.997333 0.065720
v 3.263359 1.997333 0.067355
v 3.263359 1.997333 0.072645
v 3.268391 1.997333 0.074280
v 3.271500 1.914667 0.065000
v 3.268391 1.914667 0.060720
v 3.263359 1.914667 0.062355
v 3.263359 1.914667 0.067645
v 3.268391 1.914667 0.069280
v 3.271500 1.997333 0.065000
v 3.268391 1.997333 0.060720
v 3.263359 1.997333 0.062355
v 3.263359 1.997333 0.067645
v 3.268391 1.997333 0.069280
v 3.271500 1.997333 0.031000
v 3.268391 1.997333 0.026720
v 3.263359 1.997333 0.028355
v 3.263359 1.997333 0.033645
v 3.268391 1.997333 0.035280
v 3.271500 2.080000 0.031000
v 3.268391 2.080000 0.026720
v 3.263359 2.080000 0.028355
v 3.263359 2.080000 0.033645
v 3.268391 2.080000 0.035280
v 3.271500 1.997333 0.070000
v 3.268391 1.997333 0.065720
v 3.263359 1.997333 0.067355
v 3.263359 1.997333 0.072645
v 3.268391 1.997333 0.074280
v 3.271500 2.080000 0.070000
v 3.268391 2.080000 0.065720
v 3.263359 2.080000 0.067355
v 3.263359 2.080000 0.072645
v 3.268391 2.080000 0.074280
v 3.267000 2.001333 0.000000
v 3.263536 1.999333 0.000000
v 3.263536 1.995333 0.000000
v 3.267000 1.993333 0.000000
v 3.270464 1.995333 0.000000
v 3.270464 1.999333 0.000000
v 3.267000 2.001333 0.070000
v 3.263536 1.999333 0.070000
v 3.263536 1.995333 0.070000
v 3.267000 1.993333 0.070000
v 3.270464 1.995333 0.070000
v 3.270464 1.999333 0.070000
v 3.271500 1.997333 0.065000
v 3.268391 1.997333 0.060720
v 3.263359 1.997333 0.062355
v 3.263359 1.997333 0.067645
v 3.268391 1.997333 0.069280
v 3.271500 2.080000 0.065000
v 3.268391 2.080000 0.060720
v 3.263359 2.080000 0.062355
v 3.263359 2.080000 0.067645
v 3.268391 2.080000 0.069280
v 3.271500 2.080000 0.031000
v 3.268391 2.080000 0.026720
v 3.263359 2.080000 0.028355
v 3.263359 2.080000 0.033645
v 3.268391 2.080000 0.035280
v 3.271500 2.162667 0.031000
v 3.268391 2.162667 0.026720
v 3.263359 2.162667 0.028355
v 3.263359 2.162667 0.033645
v 3.268391 2.162667 0.035280
v 3.271500 2.080000 0.070000
v 3.268391 2.080000 0.065720
v 3.263359 2.080000 0.067355
v 3.263359 2.080000 0.072645
v 3.268391 2.080000 0.074280
v 3.271500 2.162667 0.070000
v 3.268391 2.162667 0.065720
v 3.263359 2.162667 0.067355
v 3.263359 2.162667 0.072645
v 3.268391 2.162667 0.074280
v 3.271500 2.080000 0.065000
v 3.268391 2.080000 0.060720
v 3.263359 2.080000 0.062355
v 3.263359 2.080000 0.067645
v 3.268391 2.080000 0.069280
v 3.271500 2.162667 0.065000
v 3.268391 2.162667 0.060720
v 3.263359 2.162667 0.062355
v 3.263359 2.162667 0.067645
v 3.268391 2.162667 0.069280
v 3.271500 2.162667 0.031000
v 3.268391 2.162667 0.026720
v 3.263359 2.162667 0.028355
v 3.263359 2.162667 0.033645
v 3.268391 2.162667 0.035280
v 3.271500 2.245333 0.031000
v 3.268391 2.245333 0.026720
v 3.263359 2.245333 0.028355
v 3.263359 2.245333 0.033645
v 3.268391 2.245333 0.035280
v 3.271500 2.162667 0.070000
v 3.268391 2.162667 0.065720
v 3.263359 2.162667 0.067355
v 3.263359 2.162667 0.072645
v 3.268391 2.162667 0.074280
v 3.271500 2.245333 0.070000
v 3.268391 2.245333 0.065720
v 3.263359 2.245333 0.067355
v 3.263359 2.245333 0.072645
v 3.268391 2.245333 0.074280
v 3.271500 2.162667 0.065000
v 3.268391 2.162667 0.060720
v 3.263359 2.162667 0.062355
v 3.263359 2.162667 0.067645
v 3.268391 2.162667 0.069280
v 3.271500 2.245333 0.065000
v 3.268391 2.245333 0.060720
v 3.263359 2.245333 0.062355
v 3.263359 2.245333 0.067645
v 3.268391 2.245333 0.069280
v 3.271500 2.245333 0.031000
v 3.268391 2.245333 0.026720
v 3.263359 2.245333 0.028355
v 3.263359 2.245333 0.033645
v 3.268391 2.245333 0.035280
v 3.271500 2.328000 0.031000
v 3.268391 2.328000 0.026720
v 3.263359 2.328000 0.028355
v 3.263359 2.328000 0.033645
v 3.268391 2.328000 0.035280
v 3.271500 2.245333 0.070000
v 3.268391 2.245333 0.065720
v 3.263359 2.245333 0.067355
v 3.263359 2.245333 0.072645
v 3.268391 2.245333 0.074280
v 3.271500 2.328000 0.070000
v 3.268391 2.328000 0.065720
v 3.263359 2.328000 0.067355
v 3.263359 2.328000 0.072645
v 3.268391 2.328000 0.074280
v 3.267000 2.249333 0.000000
v 3.263536 2.247333 0.000000
v 3.263536 2.243333 0.000000
v 3.267000 2.241333 0.000000
v 3.270464 2.243333 0.000000
v 3.270464 2.247333 0.000000
v 3.267000 2.249333 0.070000
v 3.263536 2.247333 0.070000
v 3.263536 2.243333 0.070000
v 3.267000 2.241333 0.070000
v 3.270464 2.243333 0.070000
v 3.270464 2.247333 0.070000
v 3.271500 2.245333 0.065000
v 3.268391 2.245333 0.060720
v 3.263359 2.245333 0.062355
v 3.263359 2.245333 0.067645
v 3.268391 2.245333 0.069280
v 3.271500 2.328000 0.065000
v 3.268391 2.328000 0.060720
v 3.263359 2.328000 0.062355
v 3.263359 2.328000 0.067645
v 3.268391 2.328000 0.069280
v 3.271500 2.328000 0.031000
v 3.268391 2.328000 0.026720
v 3.263359 2.328000 0.028355
v 3.263359 2.328000 0.033645
v 3.268391 2.328000 0.035280
v 3.271500 2.410667 0.031000
v 3.268391 2.410667 0.026720
v 3.263359 2.410667 0.028355
v 3.263359 2.410667 0.033645
v 3.268391 2.410667 0.035280
v 3.271500 2.328000 0.070000
v 3.268391 2.328000 0.065720
v 3.263359 2.328000 0.067355
v 3.263359 2.328000 0.072645
v 3.268391 2.328000 0.074280
v 3.271500 2.410667 0.070000
v 3.268391 2.410667 0.065720
v 3.263359 2.410667 0.067355
v 3.263359 2.410667 0.072645
v 3.268391 2.410667 0.074280
v 3.271500 2.328000 0.065000
v 3.268391 2.328000 0.060720
v 3.263359 2.328000 0.062355
v 3.263359 2.328000 0.067645
v 3.268391 2.328000 0.069280
v 3.271500 2.410667 0.065000
v 3.268391 2.410667 0.060720
v 3.263359 2.410667 0.062355
v 3.263359 2.410667 0.067645
v 3.268391 2.410667 0.069280
v 3.271500 2.410667 0.031000
v 3.268391 2.410667 0.026720
v 3.263359 2.410667 0.028355
v 3.263359 2.410667 0.033645
v 3.268391 2.410667 0.035280
v 3.271500 2.493333 0.031000
v 3.268391 2.493333 0.026720
v 3.263359 2.493333 0.028355
v 3.263359 2.493333 0.033645
v 3.268391 2.493333 0.035280
v 3.271500 2.410667 0.070000
v 3.268391 2.410667 0.065720
v 3.263359 2.410667 0.067355
v 3.263359 2.410667 0.072645
v 3.268391 2.410667 0.074280
v 3.271500 2.493333 0.070000
v 3.268391 2.493333 0.065720
v 3.263359 2.493333 0.067355
v 3.263359 2.493333 0.072645
v 3.268391 2.493333 0.074280
v 3.271500 2.410667 0.065000
v 3.268391 2.410667 0.060720
v 3.263359 2.410667 0.062355
v 3.263359 2.410667 0.067645
v 3.268391 2.410667 0.069280
v 3.271500 2.493333 0.065000
v 3.268391 2.493333 0.060720
v 3.263359 2.493333 0.062355
v 3.263359 2.493333 0.067645
v 3.268391 2.493333 0.069280
v 3.271500 2.493333 0.031000
v 3.268391 2.493333 0.026720
v 3.263359 2.493333 0.028355
v 3.263359 2.493333 0.033645
v 3.268391 2.493333 0.035280
v 3.271500 2.576000 0.031000
v 3.268391 2.576000 0.026720
v 3.263359 2.576000 0.028355
v 3.263359 2.576000 0.033645
v 3.268391 2.576000 0.035280
v 3.271500 2.493333 0.070000
v 3.268391 2.493333 0.065720
v 3.263359 2.493333 0.067355
v 3.263359 2.493333 0.072645
v 3.268391 2.493333 0.074280
v 3.271500 2.576000 0.070000
v 3.268391 2.576000 0.065720
v 3.263359 2.576000 0.067355
v 3.263359 2.576000 0.072645
v 3.268391 2.576000 0.074280
v 3.267000 2.497333 0.000000
v 3.263536 2.495333 0.000000
v 3.263536 2.491333 0.000000
v 3.267000 2.489333 0.000000
v 3.270464 2.491333 0.000000
v 3.270464 2.495333 0.000000
v 3.267000 2.497333 0.070000
v 3.263536 2.495333 0.070000
v 3.263536 2.491333 0.070000
v 3.267000 2.489333 0.070000
v 3.270464 2.491333 0.070000
v 3.270464 2.495333 0.070000
v 3.271500 2.493333 0.065000
v 3.268391 2.493333 0.060720
v 3.263359 2.493333 0.062355
v 3.263359 2.493333 0.067645
v 3.268391 2.493333 0.069280
v 3.271500 2.576000 0.065000
v 3.268391 2.576000 0.060720
v 3.263359 2.576000 0.062355
v 3.263359 2.576000 0.067645
v 3.268391 2.576000 0.069280
v 3.271500 2.576000 0.031000
v 3.268391 2.576000 0.026720
v 3.263359 2.576000 0.028355
v 3.263359 2.576000 0.033645
v 3.268391 2.576000 0.035280
v 3.271500 2.658667 0.031000
v 3.268391 2.658667 0.026720
v 3.263359 2.658667 0.028355
v 3.263359 2.658667 0.033645
v 3.268391 2.658667 0.035280
v 3.271500 2.576000 0.070000
v 3.268391 2.576000 0.065720
v 3.263359 2.576000 0.067355
v 3.263359 2.576000 0.072645
v 3.268391 2.576000 0.074280
v 3.271500 2.658667 0.070000
v 3.268391 2.658667 0.065720
v 3.263359 2.658667 0.067355
v 3.263359 2.658667 0.072645
v 3.268391 2.658667 0.074280
v 3.271500 2.576000 0.065000
v 3.268391 2.576000 0.060720
v 3.263359 2.576000 0.062355
v 3.263359 2.576000 0.067645
v 3.268391 2.576000 0.069280
v 3.271500 2.658667 0.065000
v 3.268391 2.658667 0.060720
v 3.263359 2.658667 0.062355
v 3.263359 2.658667 0.067645
v 3.268391 2.658667 0.069280
v 3.271500 2.658667 0.031000
v 3.268391 2.658667 0.026720
v 3.263359 2.658667 0.028355
v 3.263359 2.658667 0.033645
v 3.268391 2.658667 0.035280
v 3.271500 2.741333 0.031000
v 3.268391 2.741333 0.026720
v 3.263359 2.741333 0.028355
v 3.263359 2.741333 0.033645
v 3.268391 2.741333 0.035280
v 3.271500 2.658667 0.070000
v 3.268391 2.658667 0.065720
v 3.263359 2.658667 0.067355
v 3.263359 2.658667 0.072645
v 3.268391 2.658667 0.074280
v 3.271500 2.741333 0.070000
v 3.268391 2.741333 0.065720
v 3.263359 2.741333 0.067355
v 3.263359 2.741333 0.072645
v 3.268391 2.741333 0.074280
v 3.271500 2.658667 0.065000
v 3.268391 2.658667 0.060720
v 3.263359 2.658667 0.062355
v 3.263359 2.658667 0.067645
v 3.268391 2.658667 0.069280
v 3.271500 2.741333 0.065000
v 3.268391 2.741333 0.060720
v 3.263359 2.741333 0.062355
v 3.263359 2.741333 0.067645
v 3.268391 2.741333 0.069280
v 3.271500 2.741333 0.031000
v 3.268391 2.741333 0.026720
v 3.263359 2.741333 0.028355
v 3.263359 2.741333 0.033645
v 3.268391 2.741333 0.035280
v 3.271500 2.824000 0.031000
v 3.268391 2.824000 0.026720
v 3.263359 2.824000 0.028355
v 3.263359 2.824000 0.033645
v 3.268391 2.824000 0.035280
v 3.271500 2.741333 0.070000
v 3.268391 2.741333 0.065720
v 3.263359 2.741333 0.067355
v 3.263359 2.741333 0.072645
v 3.268391 2.741333 0.074280
v 3.271500 2.824000 0.070000
v 3.268391 2.824000 0.065720
v 3.263359 2.824000 0.067355
v 3.263359 2.824000 0.072645
v 3.268391 2.824000 0.074280
v 3.267000 2.745333 0.000000
v 3.263536 2.743333 0.000000
v 3.263536 2.739333 0.000000
v 3.267000 2.737333 0.000000
v 3.270464 2.739333 0.000000
v 3.270464 2.743333 0.000000
v 3.267000 2.745333 0.070000
v 3.263536 2.743333 0.070000
v 3.263536 2.739333 0.070000
v 3.267000 2.737333 0.070000
v 3.270464 2.739333 0.070000
v 3.270464 2.743333 0.070000
v 3.271500 2.741333 0.065000
v 3.268391 2.741333 0.060720
v 3.263359 2.741333 0.062355
v 3.263359 2.741333 0.067645
v 3.268391 2.741333 0.069280
v 3.271500 2.824000 0.065000
v 3.268391 2.824000 0.060720
v 3.263359 2.824000 0.062355
v 3.263359 2.824000 0.067645
v 3.268391 2.824000 0.069280
v 3.271500 2.824000 0.031000
v 3.268391 2.824000 0.026720
v 3.263359 2.824000 0.028355
v 3.263359 2.824000 0.033645
v 3.268391 2.824000 0.035280
v 3.271500 2.906667 0.031000
v 3.268391 2.906667 0.026720
v 3.263359 2.906667 0.028355
v 3.263359 2.906667 0.033645
v 3.268391 2.906667 0.035280
v 3.271500 2.824000 0.070000
v 3.268391 2.824000 0.065720
v 3.263359 2.824000 0.067355
v 3.263359 2.824000 0.072645
v 3.268391 2.824000 0.074280
v 3.271500 2.906667 0.070000
v 3.268391 2.906667 0.065720
v 3.263359 2.906667 0.067355
v 3.263359 2.906667 0.072645
v 3.268391 2.906667 0.074280
v 3.271500 2.824000 0.065000
v 3.268391 2.824000 0.060720
v 3.263359 2.824000 0.062355
v 3.263359 2.824000 0.067645
v 3.268391 2.824000 0.069280
v 3.271500 2.906667 0.065000
v 3.268391 2.906667 0.060720
v 3.263359 2.906667 0.062355
v 3.263359 2.906667 0.067645
v 3.268391 2.906667 0.069280
v 3.271500 2.906667 0.031000
v 3.268391 2.906667 0.026720
v 3.263359 2.906667 0.028355
v 3.263359 2.906667 0.033645
v 3.268391 2.906667 0.035280
v 3.271500 2.989333 0.031000
v 3.268391 2.989333 0.026720
v 3.263359 2.989333 0.028355
v 3.263359 2.989333 0.033645
v 3.268391 2.989333 0.035280
v 3.271500 2.906667 0.070000
v 3.268391 2.906667 0.065720
v 3.263359 2.906667 0.067355
v 3.263359 2.906667 0.072645
v 3.268391 2.906667 0.074280
v 3.271500 2.989333 0.070000
v 3.268391 2.989333 0.065720
v 3.263359 2.989333 0.067355
v 3.263359 2.989333 0.072645
v 3.268391 2.989333 0.074280
v 3.271500 2.906667 0.065000
v 3.268391 2.906667 0.060720
v 3.263359 2.906667 0.062355
v 3.263359 2.906667 0.067645
v 3.268391 2.906667 0.069280
v 3.271500 2.989333 0.065000
v 3.268391 2.989333 0.060720
v 3.263359 2.989333 0.062355
v 3.263359 2.989333 0.067645
v 3.268391 2.989333 0.069280
v 3.271500 2.989333 0.031000
v 3.268391 2.989333 0.026720
v 3.263359 2.989333 0.028355
v 3.263359 2.989333 0.033645
v 3.268391 2.989333 0.035280
v 3.271500 3.072000 0.031000
v 3.268391 3.072000 0.026720
v 3.263359 3.072000 0.028355
v 3.263359 3.072000 0.033645
v 3.268391 3.072000 0.035280
v 3.271500 2.989333 0.070000
v 3.268391 2.989333 0.065720
v 3.263359 2.989333 0.067355
v 3.263359 2.989333 0.072645
v 3.268391 2.989333 0.074280
v 3.271500 3.072000 0.070000
v 3.268391 3.072000 0.065720
v 3.263359 3.072000 0.067355
v 3.263359 3.072000 0.072645
v 3.268391 3.072000 0.074280
v 3.267000 2.993333 0.000000
v 3.263536 2.991333 0.000000
v 3.263536 2.987333 0.000000
v 3.267000 2.985333 0.000000
v 3.270464 2.987333 0.000000
v 3.270464 2.991333 0.000000
v 3.267000 2.993333 0.070000
v 3.263536 2.991333 0.070000
v 3.263536 2.987333 0.070000
v 3.267000 2.985333 0.070000
v 3.270464 2.987333 0.070000
v 3.270464 2.991333 0.070000
v 3.271500 2.989333 0.065000
v 3.268391 2.989333 0.060720
v 3.263359 2.989333 0.062355
v 3.263359 2.989333 0.067645
v 3.268391 2.989333 0.069280
v 3.271500 3.072000 0.065000
v 3.268391 3.072000 0.060720
v 3.263359 3.072000 0.062355
v 3.263359 3.072000 0.067645
v 3.268391 3.072000 0.069280
v 3.271500 3.072000 0.031000
v 3.268391 3.072000 0.026720
v 3.263359 3.072000 0.028355
v 3.263359 3.072000 0.033645
v 3.268391 3.072000 0.035280
v 3.271500 3.154667 0.031000
v 3.268391 3.154667 0.026720
v 3.263359 3.154667 0.028355
v 3.263359 3.154667 0.033645
v 3.268391 3.154667 0.035280
v 3.271500 3.072000 0.070000
v 3.268391 3.072000 0.065720
v 3.263359 3.072000 0.067355
v 3.263359 3.072000 0.072645
v 3.268391 3.072000 0.074280
v 3.271500 3.154667 0.070000
v 3.268391 3.154667 0.065720
v 3.263359 3.154667 0.067355
v 3.263359 3.154667 0.072645
v 3.268391 3.154667 0.074280
v 3.271500 3.072000 0.065000
v 3.268391 3.072000 0.060720
v 3.263359 3.072000 0.062355
v 3.263359 3.072000 0.067645
v 3.268391 3.072000 0.069280
v 3.271500 3.154667 0.065000
v 3.268391 3.154667 0.060720
v 3.263359 3.154667 0.062355
v 3.263359 3.154667 0.067645
v 3.268391 3.154667 0.069280
v 3.271500 3.154667 0.031000
v 3.268391 3.154667 0.026720
v 3.263359 3.154667 0.028355
v 3.263359 3.154667 0.033645
v 3.268391 3.154667 0.035280
v 3.271500 3.237333 0.031000
v 3.268391 3.237333 0.026720
v 3.263359 3.237333 0.028355
v 3.263359 3.237333 0.033645
v 3.268391 3.237333 0.035280
v 3.271500 3.154667 0.070000
v 3.268391 3.154667 0.065720
v 3.263359 3.154667 0.067355
v 3.263359 3.154667 0.072645
v 3.268391 3.154667 0.074280
v 3.271500 3.237333 0.070000
v 3.268391 3.237333 0.065720
v 3.263359 3.237333 0.067355
v 3.263359 3.237333 0.072645
v 3.268391 3.237333 0.074280
v 3.271500 3.154667 0.065000
v 3.268391 3.154667 0.060720
v 3.263359 3.154667 0.062355
v 3.263359 3.154667 0.067645
v 3.268391 3.154667 0.069280
v 3.271500 3.237333 0.065000
v 3.268391 3.237333 0.060720
v 3.263359 3.237333 0.062355
v 3.263359 3.237333 0.067645
v 3.268391 3.237333 0.069280
v 3.271500 3.237333 0.031000
v 3.268391 3.237333 0.026720
v 3.263359 3.237333 0.028355
v 3.263359 3.237333 0.033645
v 3.268391 3.237333 0.035280
v 3.271500 3.320000 0.031000
v 3.268391 3.320000 0.026720
v 3.263359 3.320000 0.028355
v 3.263359 3.320000 0.033645
v 3.268391 3.320000 0.035280
v 3.271500 3.237333 0.070000
v 3.268391 3.237333 0.065720
v 3.263359 3.237333 0.067355
v 3.263359 3.237333 0.072645
v 3.268391 3.237333 0.074280
v 3.271500 3.320000 0.070000
v 3.268391 3.320000 0.065720
v 3.263359 3.320000 0.067355
v 3.263359 3.320000 0.072645
v 3.268391 3.320000 0.074280
v 3.267000 3.241333 0.000000
v 3.263536 3.239333 0.000000
v 3.263536 3.235333 0.000000
v 3.267000 3.233333 0.000000
v 3.270464 3.235333 0.000000
v 3.270464 3.239333 0.000000
v 3.267000 3.241333 0.070000
v 3.263536 3.239333 0.070000
v 3.263536 3.235333 0.070000
v 3.267000 3.233333 0.070000
v 3.270464 3.235333 0.070000
v 3.270464 3.239333 0.070000
v 3.271500 3.237333 0.065000
v 3.268391 3.237333 0.060720
v 3.263359 3.237333 0.062355
v 3.263359 3.237333 0.067645
v 3.268391 3.237333 0.069280
v 3.271500 3.320000 0.065000
v 3.268391 3.320000 0.060720
v 3.263359 3.320000 0.062355
v 3.263359 3.320000 0.067645
v 3.268391 3.320000 0.069280
v 3.271500 3.320000 0.031000
v 3.268391 3.320000 0.026720
v 3.263359 3.320000 0.028355
v 3.263359 3.320000 0.033645
v 3.268391 3.320000 0.035280
v 3.271500 3.402667 0.031000
v 3.268391 3.402667 0.026720
v 3.263359 3.402667 0.028355
v 3.263359 3.402667 0.033645
v 3.268391 3.402667 0.035280
v 3.271500 3.320000 0.070000
v 3.268391 3.320000 0.065720
v 3.263359 3.320000 0.067355
v 3.263359 3.320000 0.072645
v 3.268391 3.320000 0.074280
v 3.271500 3.402667 0.070000
v 3.268391 3.402667 0.065720
v 3.263359 3.402667 0.067355
v 3.263359 3.402667 0.072645
v 3.268391 3.402667 0.074280
v 3.271500 3.320000 0.065000
v 3.268391 3.320000 0.060720
v 3.263359 3.320000 0.062355
v 3.263359 3.320000 0.067645
v 3.268391 3.320000 0.069280
v 3.271500 3.402667 0.065000
v 3.268391 3.402667 0.060720
v 3.263359 3.402667 0.062355
v 3.263359 3.402667 0.067645
v 3.268391 3.402667 0.069280
v 3.271500 3.402667 0.031000
v 3.268391 3.402667 0.026720
v 3.263359 3.402667 0.028355
v 3.263359 3.402667 0.033645
v 3.268391 3.402667 0.035280
v 3.271500 3.485333 0.031000
v 3.268391 3.485333 0.026720
v 3.263359 3.485333 0.028355
v 3.263359 3.485333 0.033645
v 3.268391 3.485333 0.035280
v 3.271500 3.402667 0.070000
v 3.268391 3.402667 0.065720
v 3.263359 3.402667 0.067355
v 3.263359 3.402667 0.072645
v 3.268391 3.402667 0.074280
v 3.271500 3.485333 0.070000
v 3.268391 3.485333 0.065720
v 3.263359 3.485333 0.067355
v 3.263359 3.485333 0.072645
v 3.268391 3.485333 0.074280
v 3.271500 3.402667 0.065000
v 3.268391 3.402667 0.060720
v 3.263359 3.402667 0.062355
v 3.263359 3.402667 0.067645
v 3.268391 3.402667 0.069280
v 3.271500 3.485333 0.065000
v 3.268391 3.485333 0.060720
v 3.263359 3.485333 0.062355
v 3.263359 3.485333 0.067645
v 3.268391 3.485333 0.069280
v 3.271500 3.485333 0.031000
v 3.268391 3.485333 0.026720
v 3.263359 3.485333 0.028355
v 3.263359 3.485333 0.033645
v 3.268391 3.485333 0.035280
v 3.271500 3.568000 0.031000
v 3.268391 3.568000 0.026720
v 3.263359 3.568000 0.028355
v 3.263359 3.568000 0.033645
v 3.268391 3.568000 0.035280
v 3.271500 3.485333 0.070000
v 3.268391 3.485333 0.065720
v 3.263359 3.485333 0.067355
v 3.263359 3.485333 0.072645
v 3.268391 3.485333 0.074280
v 3.271500 3.568000 0.070000
v 3.268391 3.568000 0.065720
v 3.263359 3.568000 0.067355
v 3.263359 3.568000 0.072645
v 3.268391 3.568000 0.074280
v 3.267000 3.489333 0.000000
v 3.263536 3.487333 0.000000
v 3.263536 3.483333 0.000000
v 3.267000 3.481333 0.000000
v 3.270464 3.483333 0.000000
v 3.270464 3.487333 0.000000
v 3.267000 3.489333 0.070000
v 3.263536 3.487333 0.070000
v 3.263536 3.483333 0.070000
v 3.267000 3.481333 0.070000
v 3.270464 3.483333 0.070000
v 3.270464 3.487333 0.070000
v 3.271500 3.485333 0.065000
v 3.268391 3.485333 0.060720
v 3.263359 3.485333 0.062355
v 3.263359 3.485333 0.067645
v 3.268391 3.485333 0.069280
v 3.271500 3.568000 0.065000
v 3.268391 3.568000 0.060720
v 3.263359 3.568000 0.062355
v 3.263359 3.568000 0.067645
v 3.268391 3.568000 0.069280
v 3.271500 3.568000 0.031000
v 3.268391 3.568000 0.026720
v 3.263359 3.568000 0.028355
v 3.263359 3.568000 0.033645
v 3.268391 3.568000 0.035280
v 3.271500 3.650667 0.031000
v 3.268391 3.650667 0.026720
v 3.263359 3.650667 0.028355
v 3.263359 3.650667 0.033645
v 3.268391 3.650667 0.035280
v 3.271500 3.568000 0.070000
v 3.268391 3.568000 0.065720
v 3.263359 3.568000 0.067355
v 3.263359 3.568000 0.072645
v 3.268391 3.568000 0.074280
v 3.271500 3.650667 0.070000
v 3.268391 3.650667 0.065720
v 3.263359 3.650667 0.067355
v 3.263359 3.650667 0.072645
v 3.268391 3.650667 0.074280
v 3.271500 3.568000 0.065000
v 3.268391 3.568000 0.060720
v 3.263359 3.568000 0.062355
v 3.263359 3.568000 0.067645
v 3.268391 3.568000 0.069280
v 3.271500 3.650667 0.065000
v 3.268391 3.650667 0.060720
v 3.263359 3.650667 0.062355
v 3.263359 3.650667 0.067645
v 3.268391 3.650667 0.069280
v 3.271500 3.650667 0.031000
v 3.268391 3.650667 0.026720
v 3.263359 3.650667 0.028355
v 3.263359 3.650667 0.033645
v 3.268391 3.650667 0.035280
v 3.271500 3.733333 0.031000
v 3.268391 3.733333 0.026720
v 3.263359 3.733333 0.028355
v 3.263359 3.733333 0.033645
v 3.268391 3.733333 0.035280
v 3.271500 3.650667 0.070000
v 3.268391 3.650667 0.065720
v 3.263359 3.650667 0.067355
v 3.263359 3.650667 0.072645
v 3.268391 3.650667 0.074280
v 3.271500 3.733333 0.070000
v 3.268391 3.733333 0.065720
v 3.263359 3.733333 0.067355
v 3.263359 3.733333 0.072645
v 3.268391 3.733333 0.074280
v 3.271500 3.650667 0.065000
v 3.268391 3.650667 0.060720
v 3.263359 3.650667 0.062355
v 3.263359 3.650667 0.067645
v 3.268391 3.650667 0.069280
v 3.271500 3.733333 0.065000
v 3.268391 3.733333 0.060720
v 3.263359 3.733333 0.062355
v 3.263359 3.733333 0.067645
v 3.268391 3.733333 0.069280
v 3.271500 3.733333 0.031000
v 3.268391 3.733333 0.026720
v 3.263359 3.733333 0.028355
v 3.263359 3.733333 0.033645
v 3.268391 3.733333 0.035280
v 3.271500 3.816000 0.031000
v 3.268391 3.816000 0.026720
v 3.263359 3.816000 0.028355
v 3.263359 3.816000 0.033645
v 3.268391 3.816000 0.035280
v 3.271500 3.733333 0.070000
v 3.268391 3.733333 0.065720
v 3.263359 3.733333 0.067355
v 3.263359 3.733333 0.072645
v 3.268391 3.733333 0.074280
v 3.271500 3.816000 0.070000
v 3.268391 3.816000 0.065720
v 3.263359 3.816000 0.067355
v 3.263359 3.816000 0.072645
v 3.268391 3.816000 0.074280
v 3.267000 3.737333 0.000000
v 3.263536 3.735333 0.000000
v 3.263536 3.731333 0.000000
v 3.267000 3.729333 0.000000
v 3.270464 3.731333 0.000000
v 3.270464 3.735333 0.000000
v 3.267000 3.737333 0.070000
v 3.263536 3.735333 0.070000
v 3.263536 3.731333 0.070000
v 3.267000 3.729333 0.070000
v 3.270464 3.731333 0.070000
v 3.270464 3.735333 0.070000
v 3.271500 3.733333 0.065000
v 3.268391 3.733333 0.060720
v 3.263359 3.733333 0.062355
v 3.263359 3.733333 0.067645
v 3.268391 3.733333 0.069280
v 3.271500 3.816000 0.065000
v 3.268391 3.816000 0.060720
v 3.263359 3.816000 0.062355
v 3.263359 3.816000 0.067645
v 3.268391 3.816000 0.069280
v 3.271500 3.816000 0.031000
v 3.268391 3.816000 0.026720
v 3.263359 3.816000 0.028355
v 3.263359 3.816000 0.033645
v 3.268391 3.816000 0.035280
v 3.271500 3.898667 0.031000
v 3.268391 3.898667 0.026720
v 3.263359 3.898667 0.028355
v 3.263359 3.898667 0.033645
v 3.268391 3.898667 0.035280
v 3.271500 3.816000 0.070000
v 3.268391 3.816000 0.065720
v 3.263359 3.816000 0.067355
v 3.263359 3.816000 0.072645
v 3.268391 3.816000 0.074280
v 3.271500 3.898667 0.070000
v 3.268391 3.898667 0.065720
v 3.263359 3.898667 0.067355
v 3.263359 3.898667 0.072645
v 3.268391 3.898667 0.074280
v 3.271500 3.816000 0.065000
v 3.268391 3.816000 0.060720
v 3.263359 3.816000 0.062355
v 3.263359 3.816000 0.067645
v 3.268391 3.816000 0.069280
v 3.271500 3.898667 0.065000
v 3.268391 3.898667 0.060720
v 3.263359 3.898667 0.062355
v 3.263359 3.898667 0.067645
v 3.268391 3.898667 0.069280
v 3.271500 3.898667 0.031000
v 3.268391 3.898667 0.026720
v 3.263359 3.898667 0.028355
v 3.263359 3.898667 0.033645
v 3.268391 3.898667 0.035280
v 3.271500 3.981333 0.031000
v 3.268391 3.981333 0.026720
v 3.263359 3.981333 0.028355
v 3.263359 3.981333 0.033645
v 3.268391 3.981333 0.035280
v 3.271500 3.898667 0.070000
v 3.268391 3.898667 0.065720
v 3.263359 3.898667 0.067355
v 3.263359 3.898667 0.072645
v 3.268391 3.898667 0.074280
v 3.271500 3.981333 0.070000
v 3.268391 3.981333 0.065720
v 3.263359 3.981333 0.067355
v 3.263359 3.981333 0.072645
v 3.268391 3.981333 0.074280
v 3.271500 3.898667 0.065000
v 3.268391 3.898667 0.060720
v 3.263359 3.898667 0.062355
v 3.263359 3.898667 0.067645
v 3.268391 3.898667 0.069280
v 3.271500 3.981333 0.065000
v 3.268391 3.981333 0.060720
v 3.263359 3.981333 0.062355
v 3.263359 3.981333 0.067645
v 3.268391 3.981333 0.069280
v 3.271500 3.981333 0.031000
v 3.268391 3.981333 0.026720
v 3.263359 3.981333 0.028355
v 3.263359 3.981333 0.033645
v 3.268391 3.981333 0.035280
v 3.271500 4.064000 0.031000
v 3.268391 4.064000 0.026720
v 3.263359 4.064000 0.028355
v 3.263359 4.064000 0.033645
v 3.268391 4.064000 0.035280
v 3.271500 3.981333 0.070000
v 3.268391 3.981333 0.065720
v 3.263359 3.981333 0.067355
v 3.263359 3.981333 0.072645
v 3.268391 3.981333 0.074280
v 3.271500 4.064000 0.070000
v 3.268391 4.064000 0.065720
v 3.263359 4.064000 0.067355
v 3.263359 4.064000 0.072645
v 3.268391 4.064000 0.074280
v 3.267000 3.985333 0.000000
v 3.263536 3.983333 0.000000
v 3.263536 3.979333 0.000000
v 3.267000 3.977333 0.000000
v 3.270464 3.979333 0.000000
v 3.270464 3.983333 0.000000
v 3.267000 3.985333 0.070000
v 3.263536 3.983333 0.070000
v 3.263536 3.979333 0.070000
v 3.267000 3.977333 0.070000
v 3.270464 3.979333 0.070000
v 3.270464 3.983333 0.070000
v 3.271500 3.981333 0.065000
v 3.268391 3.981333 0.060720
v 3.263359 3.981333 0.062355
v 3.263359 3.981333 0.067645
v 3.268391 3.981333 0.069280
v 3.271500 4.064000 0.065000
v 3.268391 4.064000 0.060720
v 3.263359 4.064000 0.062355
v 3.263359 4.064000 0.067645
v 3.268391 4.064000 0.069280
v 3.271500 4.064000 0.031000
v 3.268391 4.064000 0.026720
v 3.263359 4.064000 0.028355
v 3.263359 4.064000 0.033645
v 3.268391 4.064000 0.035280
v 3.271500 4.146667 0.031000
v 3.268391 4.146667 0.026720
v 3.263359 4.146667 0.028355
v 3.263359 4.146667 0.033645
v 3.268391 4.146667 0.035280
v 3.271500 4.064000 0.070000
v 3.268391 4.064000 0.065720
v 3.263359 4.064000 0.067355
v 3.263359 4.064000 0.072645
v 3.268391 4.064000 0.074280
v 3.271500 4.146667 0.070000
v 3.268391 4.146667 0.065720
v 3.263359 4.146667 0.067355
v 3.263359 4.146667 0.072645
v 3.268391 4.146667 0.074280
v 3.271500 4.064000 0.065000
v 3.268391 4.064000 0.060720
v 3.263359 4.064000 0.062355
v 3.263359 4.064000 0.067645
v 3.268391 4.064000 0.069280
v 3.271500 4.146667 0.065000
v 3.268391 4.146667 0.060720
v 3.263359 4.146667 0.062355
v 3.263359 4.146667 0.067645
v 3.268391 4.146667 0.069280
v 3.271500 4.146667 0.031000
v 3.268391 4.146667 0.026720
v 3.263359 4.146667 0.028355
v 3.263359 4.146667 0.033645
v 3.268391 4.146667 0.035280
v 3.271500 4.229333 0.031000
v 3.268391 4.229333 0.026720
v 3.263359 4.229333 0.028355
v 3.263359 4.229333 0.033645
v 3.268391 4.229333 0.035280
v 3.271500 4.146667 0.070000
v 3.268391 4.146667 0.065720
v 3.263359 4.146667 0.067355
v 3.263359 4.146667 0.072645
v 3.268391 4.146667 0.074280
v 3.271500 4.229333 0.070000
v 3.268391 4.229333 0.065720
v 3.263359 4.229333 0.067355
v 3.263359 4.229333 0.072645
v 3.268391 4.229333 0.074280
v 3.271500 4.146667 0.065000
v 3.268391 4.146667 0.060720
v 3.263359 4.146667 0.062355
v 3.263359 4.146667 0.067645
v 3.268391 4.146667 0.069280
v 3.271500 4.229333 0.065000
v 3.268391 4.229333 0.060720
v 3.263359 4.229333 0.062355
v 3.263359 4.229333 0.067645
v 3.268391 4.229333 0.069280
v 3.271500 4.229333 0.031000
v 3.268391 4.229355 0.026720
v 3.263359 4.229347 0.028355
v 3.263359 4.229320 0.033645
v 3.268391 4.229311 0.035280
v 3.271500 4.291333 0.031321
v 3.268391 4.291356 0.027041
v 3.263359 4.291347 0.028676
v 3.263359 4.291320 0.033966
v 3.268391 4.291311 0.035601
v 3.271500 4.229333 0.070000
v 3.268391 4.229355 0.065720
v 3.263359 4.229347 0.067355
v 3.263359 4.229320 0.072645
v 3.268391 4.229311 0.074280
v 3.271500 4.291333 0.070321
v 3.268391 4.291356 0.066041
v 3.263359 4.291347 0.067676
v 3.263359 4.291320 0.072966
v 3.268391 4.291311 0.074601
v 3.267000 4.233333 0.000000
v 3.263536 4.231333 0.000000
v 3.263536 4.227334 0.000000
v 3.267000 4.225333 0.000000
v 3.270464 4.227334 0.000000
v 3.270464 4.231333 0.000000
v 3.267000 4.233333 0.070000
v 3.263536 4.231333 0.070000
v 3.263536 4.227334 0.070000
v 3.267000 4.225333 0.070000
v 3.270464 4.227334 0.070000
v 3.270464 4.231333 0.070000
v 3.271500 4.229333 0.065000
v 3.268391 4.229355 0.060720
v 3.263359 4.229347 0.062355
v 3.263359 4.229320 0.067645
v 3.268391 4.229311 0.069280
v 3.271500 4.291333 0.065321
v 3.268391 4.291356 0.061041
v 3.263359 4.291347 0.062676
v 3.263359 4.291320 0.067966
v 3.268391 4.291311 0.069601
v 3.271500 4.291333 0.031321
v 3.268391 4.292335 0.027160
v 3.263359 4.291953 0.028749
v 3.263359 4.290714 0.033893
v 3.268391 4.290332 0.035482
v 3.271500 4.374000 0.051222
v 3.268391 4.375002 0.047061
v 3.263359 4.374619 0.048651
v 3.263359 4.373381 0.053794
v 3.268391 4.372998 0.055383
v 3.271500 4.291333 0.070321
v 3.268391 4.292335 0.066160
v 3.263359 4.291953 0.067749
v 3.263359 4.290714 0.072893
v 3.268391 4.290332 0.074482
v 3.271500 4.374000 0.090222
v 3.268391 4.375002 0.086061
v 3.263359 4.374619 0.087651
v 3.263359 4.373381 0.092794
v 3.268391 4.372998 0.094383
v 3.271500 4.291333 0.065321
v 3.268391 4.292335 0.061160
v 3.263359 4.291953 0.062749
v 3.263359 4.290714 0.067893
v 3.268391 4.290332 0.069482
v 3.271500 4.374000 0.085222
v 3.268391 4.375002 0.081061
v 3.263359 4.374619 0.082651
v 3.263359 4.373381 0.087794
v 3.268391 4.372998 0.089383
v 3.271500 4.374000 0.051222
v 3.268391 4.375002 0.047061
v 3.263359 4.374619 0.048651
v 3.263359 4.373381 0.053794
v 3.268391 4.372998 0.055383
v 3.271500 4.456666 0.071123
v 3.268391 4.457668 0.066963
v 3.263359 4.457286 0.068552
v 3.263359 4.456048 0.073695
v 3.268391 4.455665 0.075284
v 3.271500 4.374000 0.090222
v 3.268391 4.375002 0.086061
v 3.263359 4.374619 0.087651
v 3.263359 4.373381 0.092794
v 3.268391 4.372998 0.094383
v 3.271500 4.456666 0.110123
v 3.268391 4.457668 0.105963
v 3.263359 4.457286 0.107552
v 3.263359 4.456048 0.112695
v 3.268391 4.455665 0.114284
v 3.271500 4.374000 0.085222
v 3.268391 4.375002 0.081061
v 3.263359 4.374619 0.082651
v 3.263359 4.373381 0.087794
v 3.268391 4.372998 0.089383
v 3.271500 4.456666 0.105123
v 3.268391 4.457668 0.100963
v 3.263359 4.457286 0.102552
v 3.263359 4.456048 0.107695
v 3.268391 4.455665 0.109284
v 3.271500 4.456666 0.071123
v 3.268391 4.457668 0.066963
v 3.263359 4.457286 0.068552
v 3.263359 4.456048 0.073695
v 3.268391 4.455665 0.075284
v 3.271500 4.539333 0.091025
v 3.268391 4.540335 0.086864
v 3.263359 4.539952 0.088453
v 3.263359 4.538714 0.093596
v 3.268391 4.538332 0.095186
v 3.271500 4.456666 0.110123
v 3.268391 4.457668 0.105963
v 3.263359 4.457286 0.107552
v 3.263359 4.456048 0.112695
v 3.268391 4.455665 0.114284
v 3.271500 4.539333 0.130025
v 3.268391 4.540335 0.125864
v 3.263359 4.539952 0.127453
v 3.263359 4.538714 0.132596
v 3.268391 4.538332 0.134186
v 3.267000 4.460667 0.040123
v 3.263536 4.458667 0.040123
v 3.263536 4.454667 0.040123
v 3.267000 4.452667 0.040123
v 3.270464 4.454667 0.040123
v 3.270464 4.458667 0.040123
v 3.267000 4.460667 0.110123
v 3.263536 4.458667 0.110123
v 3.263536 4.454667 0.110123
v 3.267000 4.452667 0.110123
v 3.270464 4.454667 0.110123
v 3.270464 4.458667 0.110123
v 3.271500 4.456666 0.105123
v 3.268391 4.457668 0.100963
v 3.263359 4.457286 0.102552
v 3.263359 4.456048 0.107695
v 3.268391 4.455665 0.109284
v 3.271500 4.539333 0.125025
v 3.268391 4.540335 0.120864
v 3.263359 4.539952 0.122453
v 3.263359 4.538714 0.127596
v 3.268391 4.538332 0.129186
v 3.271498 4.539454 0.091025
v 3.268363 4.540366 0.086862
v 3.263344 4.539851 0.088452
v 3.263377 4.538621 0.093597
v 3.268417 4.538375 0.095187
v 3.269378 4.618576 0.109955
v 3.266243 4.619487 0.105793
v 3.261224 4.618972 0.107383
v 3.261257 4.617743 0.112528
v 3.266297 4.617497 0.114118
v 3.271498 4.539454 0.130025
v 3.268363 4.540366 0.125862
v 3.263344 4.539851 0.127452
v 3.263377 4.538621 0.132597
v 3.268417 4.538375 0.134187
v 3.269378 4.618576 0.148955
v 3.266243 4.619487 0.144793
v 3.261224 4.618972 0.146383
v 3.261257 4.617743 0.151528
v 3.266297 4.617497 0.153118
v 3.271498 4.539454 0.125025
v 3.268363 4.540366 0.120862
v 3.263344 4.539851 0.122452
v 3.263377 4.538621 0.127597
v 3.268417 4.538375 0.129187
v 3.269378 4.618576 0.143955
v 3.266243 4.619487 0.139793
v 3.261224 4.618972 0.141383
v 3.261257 4.617743 0.146528
v 3.266297 4.617497 0.148118
v 3.269347 4.618997 0.109955
v 3.266149 4.619542 0.105777
v 3.261197 4.618584 0.107373
v 3.261335 4.617448 0.112538
v 3.266372 4.617703 0.114134
v 3.259948 4.696406 0.127236
v 3.256750 4.696951 0.123058
v 3.251798 4.695993 0.124654
v 3.251936 4.694857 0.129819
v 3.256973 4.695113 0.131415
v 3.269347 4.618997 0.148955
v 3.266149 4.619542 0.144777
v 3.261197 4.618584 0.146373
v 3.261335 4.617448 0.151538
v 3.266372 4.617703 0.153134
v 3.259948 4.696406 0.166236
v 3.256750 4.696951 0.162058
v 3.251798 4.695993 0.163654
v 3.251936 4.694857 0.168819
v 3.256973 4.695113 0.170415
v 3.269347 4.618997 0.143955
v 3.266149 4.619542 0.139777
v 3.261197 4.618584 0.141373
v 3.261335 4.617448 0.146538
v 3.266372 4.617703 0.148134
v 3.259948 4.696406 0.161236
v 3.256750 4.696951 0.157058
v 3.251798 4.695993 0.158654
v 3.251936 4.694857 0.163819
v 3.256973 4.695113 0.165415
v 3.259875 4.696835 0.127236
v 3.256672 4.696918 0.123027
v 3.251823 4.695545 0.124635
v 3.252029 4.694613 0.129838
v 3.257005 4.695410 0.131446
v 3.243049 4.772976 0.141540
v 3.239846 4.773059 0.137330
v 3.234997 4.771685 0.138938
v 3.235203 4.770753 0.144141
v 3.240179 4.771551 0.145749
v 3.259875 4.696835 0.166236
v 3.256672 4.696918 0.162027
v 3.251823 4.695545 0.163635
v 3.252029 4.694613 0.168838
v 3.257005 4.695410 0.170446
v 3.243049 4.772976 0.180540
v 3.239846 4.773059 0.176330
v 3.234997 4.771685 0.177938
v 3.235203 4.770753 0.183141
v 3.240179 4.771551 0.184749
v 3.255481 4.699864 0.096236
v 3.252017 4.697864 0.096236
v 3.252017 4.693864 0.096236
v 3.255481 4.691864 0.096236
v 3.258945 4.693864 0.096236
v 3.258945 4.697864 0.096236
v 3.255481 4.699864 0.166236
v 3.252017 4.697864 0.166236
v 3.252017 4.693864 0.166236
v 3.255481 4.691864 0.166236
v 3.258945 4.693864 0.166236
v 3.258945 4.697864 0.166236
v 3.259875 4.696835 0.161236
v 3.256672 4.696918 0.157027
v 3.251823 4.695545 0.158635
v 3.252029 4.694613 0.163838
v 3.257005 4.695410 0.165446
v 3.243049 4.772976 0.175540
v 3.239846 4.773059 0.171330
v 3.234997 4.771685 0.172938
v 3.235203 4.770753 0.178141
v 3.240179 4.771551 0.179749
v 3.242934 4.773396 0.141540
v 3.239804 4.772967 0.137297
v 3.235085 4.771209 0.138917
v 3.235299 4.770551 0.144162
v 3.240150 4.771902 0.145782
v 3.218838 4.847557 0.151834
v 3.215708 4.847128 0.147592
v 3.210989 4.845370 0.149212
v 3.211203 4.844712 0.154457
v 3.216054 4.846063 0.156077
v 3.242934 4.773396 0.180540
v 3.239804 4.772967 0.176297
v 3.235085 4.771209 0.177917
v 3.235299 4.770551 0.183162
v 3.240150 4.771902 0.184782
v 3.218838 4.847557 0.190834
v 3.215708 4.847128 0.186592
v 3.210989 4.845370 0.188212
v 3.211203 4.844712 0.193457
v 3.216054 4.846063 0.195077
v 3.242934 4.773396 0.175540
v 3.239804 4.772967 0.171297
v 3.235085 4.771209 0.172917
v 3.235299 4.770551 0.178162
v 3.240150 4.771902 0.179782
v 3.218838 4.847557 0.185834
v 3.215708 4.847128 0.181592
v 3.210989 4.845370 0.183212
v 3.211203 4.844712 0.188457
v 3.216054 4.846063 0.190077
v 3.218684 4.847963 0.151834
v 3.215700 4.847027 0.147568
v 3.211138 4.844901 0.149197
v 3.211303 4.844523 0.154471
v 3.215966 4.846416 0.156101
v 3.187542 4.919453 0.157927
v 3.184558 4.918517 0.153661
v 3.179996 4.916390 0.155290
v 3.180161 4.916013 0.160564
v 3.184824 4.917905 0.162194
v 3.218684 4.847963 0.190834
v 3.215700 4.847027 0.186568
v 3.211138 4.844901 0.188197
v 3.211303 4.844523 0.193471
v 3.215966 4.846416 0.195101
v 3.187542 4.919453 0.196927
v 3.184558 4.918517 0.192661
v 3.179996 4.916390 0.194290
v 3.180161 4.916013 0.199564
v 3.184824 4.917905 0.201194
v 3.218684 4.847963 0.185834
v 3.215700 4.847027 0.181568
v 3.211138 4.844901 0.183197
v 3.211303 4.844523 0.188471
v 3.215966 4.846416 0.190101
v 3.187542 4.919453 0.191927
v 3.184558 4.918517 0.187661
v 3.179996 4.916390 0.189290
v 3.180161 4.916013 0.194564
v 3.184824 4.917905 0.196194
v 3.187349 4.919843 0.157927
v 3.184563 4.918455 0.153650
v 3.180192 4.915963 0.155284
v 3.180277 4.915810 0.160571
v 3.184701 4.918208 0.162205
v 3.149453 4.987993 0.160512
v 3.146667 4.986605 0.156234
v 3.142296 4.984113 0.157868
v 3.142381 4.983960 0.163155
v 3.146805 4.986358 0.164789
v 3.187349 4.919843 0.196927
v 3.184563 4.918455 0.192650
v 3.180192 4.915963 0.194284
v 3.180277 4.915810 0.199571
v 3.184701 4.918208 0.201205
v 3.149453 4.987993 0.199511
v 3.146667 4.986605 0.195234
v 3.142296 4.984113 0.196868
v 3.142381 4.983960 0.202155
v 3.146805 4.986358 0.203789
v 3.183417 4.921656 0.126927
v 3.179952 4.919656 0.126927
v 3.179952 4.915656 0.126927
v 3.183417 4.913656 0.126927
v 3.186881 4.915656 0.126927
v 3.186881 4.919656 0.126927
v 3.183417 4.921656 0.196927
v 3.179952 4.919656 0.196927
v 3.179952 4.915656 0.196927
v 3.183417 4.913656 0.196927
v 3.186881 4.915656 0.196927
v 3.186881 4.919656 0.196927
v 3.187349 4.919843 0.191927
v 3.184563 4.918455 0.187650
v 3.180192 4.915963 0.189284
v 3.180277 4.915810 0.194571
v 3.184701 4.918208 0.196205
v 3.149453 4.987993 0.194512
v 3.146667 4.986605 0.190234
v 3.142296 4.984113 0.191868
v 3.142381 4.983960 0.197155
v 3.146805 4.986358 0.198789
v 3.149224 4.988362 0.160512
v 3.146650 4.986618 0.156232
v 3.142515 4.983751 0.157867
v 3.142534 4.983724 0.163156
v 3.146680 4.986574 0.164791
v 3.104928 5.052536 0.160999
v 3.102353 5.050792 0.156719
v 3.098219 5.047925 0.158354
v 3.098238 5.047898 0.163644
v 3.102384 5.050748 0.165278
v 3.149224 4.988362 0.199511
v 3.146650 4.986618 0.195232
v 3.142515 4.983751 0.196867
v 3.142534 4.983724 0.202156
v 3.146680 4.986574 0.203791
v 3.104928 5.052536 0.199999
v 3.102353 5.050792 0.195719
v 3.098219 5.047925 0.197354
v 3.098238 5.047898 0.202644
v 3.102384 5.050748 0.204278
v 3.149224 4.988362 0.194512
v 3.146650 4.986618 0.190232
v 3.142515 4.983751 0.191867
v 3.142534 4.983724 0.197156
v 3.146680 4.986574 0.198791
v 3.104928 5.052536 0.194999
v 3.102353 5.050792 0.190719
v 3.098219 5.047925 0.192354
v 3.098238 5.047898 0.197644
v 3.102384 5.050748 0.199278
v 3.104664 5.052882 0.160999
v 3.102287 5.050877 0.156719
v 3.098442 5.047633 0.158354
v 3.098442 5.047633 0.163644
v 3.102287 5.050877 0.165278
v 3.054380 5.112482 0.161000
v 3.052004 5.110476 0.156720
v 3.048158 5.107232 0.158355
v 3.048158 5.107232 0.163645
v 3.052004 5.110476 0.165280
v 3.104664 5.052882 0.199999
v 3.102287 5.050877 0.195719
v 3.098442 5.047633 0.197354
v 3.098442 5.047633 0.202644
v 3.102287 5.050877 0.204278
v 3.054380 5.112482 0.200000
v 3.052004 5.110476 0.195720
v 3.048158 5.107232 0.197355
v 3.048158 5.107232 0.202645
v 3.052004 5.110476 0.204280
v 3.104664 5.052882 0.194999
v 3.102287 5.050877 0.190719
v 3.098442 5.047633 0.192354
v 3.098442 5.047633 0.197644
v 3.102287 5.050877 0.199278
v 3.054380 5.112482 0.195000
v 3.052004 5.110476 0.190720
v 3.048158 5.107232 0.192355
v 3.048158 5.107232 0.197645
v 3.052004 5.110476 0.199280
v 3.054084 5.112800 0.161000
v 3.051912 5.110575 0.156720
v 3.048398 5.106975 0.158355
v 3.048398 5.106975 0.163645
v 3.051912 5.110575 0.165280
v 2.998283 5.167268 0.161000
v 2.996111 5.165043 0.156720
v 2.992597 5.161443 0.158355
v 2.992597 5.161443 0.163645
v 2.996111 5.165043 0.165280
v 3.054084 5.112800 0.200000
v 3.051912 5.110575 0.195720
v 3.048398 5.106975 0.197355
v 3.048398 5.106975 0.202645
v 3.051912 5.110575 0.204280
v 2.998283 5.167268 0.200000
v 2.996111 5.165043 0.195720
v 2.992597 5.161443 0.197355
v 2.992597 5.161443 0.202645
v 2.996111 5.165043 0.204280
v 3.050941 5.113580 0.130000
v 3.047477 5.111580 0.130000
v 3.047477 5.107580 0.130000
v 3.050941 5.105580 0.130000
v 3.054405 5.107580 0.130000
v 3.054405 5.111580 0.130000
v 3.050941 5.113580 0.200000
v 3.047477 5.111580 0.200000
v 3.047477 5.107580 0.200000
v 3.050941 5.105580 0.200000
v 3.054405 5.107580 0.200000
v 3.054405 5.111580 0.200000
v 3.054084 5.112800 0.195000
v 3.051912 5.110575 0.190720
v 3.048398 5.106975 0.192355
v 3.048398 5.106975 0.197645
v 3.051912 5.110575 0.199280
v 2.998283 5.167268 0.195000
v 2.996111 5.165043 0.190720
v 2.992597 5.161443 0.192355
v 2.992597 5.161443 0.197645
v 2.996111 5.165043 0.199280
v 2.997958 5.167557 0.161000
v 2.996011 5.165133 0.156720
v 2.992860 5.161210 0.158355
v 2.992860 5.161210 0.163645
v 2.996011 5.165133 0.165280
v 2.937160 5.216385 0.161000
v 2.935214 5.213961 0.156720
v 2.932063 5.210038 0.158355
v 2.932063 5.210038 0.163645
v 2.935214 5.213961 0.165280
v 2.997958 5.167557 0.200000
v 2.996011 5.165133 0.195720
v 2.992860 5.161210 0.197355
v 2.992860 5.161210 0.202645
v 2.996011 5.165133 0.204280
v 2.937160 5.216385 0.200000
v 2.935214 5.213961 0.195720
v 2.932063 5.210038 0.197355
v 2.932063 5.210038 0.202645
v 2.935214 5.213961 0.204280
v 2.997958 5.167557 0.195000
v 2.996011 5.165133 0.190720
v 2.992860 5.161210 0.192355
v 2.992860 5.161210 0.197645
v 2.996011 5.165133 0.199280
v 2.937160 5.216385 0.195000
v 2.935214 5.213961 0.190720
v 2.932063 5.210038 0.192355
v 2.932063 5.210038 0.197645
v 2.935214 5.213961 0.199280
v 2.936809 5.216641 0.161000
v 2.935105 5.214040 0.156720
v 2.932348 5.209832 0.158355
v 2.932348 5.209832 0.163645
v 2.935105 5.214040 0.165280
v 2.871583 5.259374 0.161000
v 2.869879 5.256773 0.156720
v 2.867121 5.252564 0.158355
v 2.867121 5.252564 0.163645
v 2.869879 5.256773 0.165280
v 2.936809 5.216641 0.200000
v 2.935105 5.214040 0.195720
v 2.932348 5.209832 0.197355
v 2.932348 5.209832 0.202645
v 2.935105 5.214040 0.204280
v 2.871583 5.259374 0.200000
v 2.869879 5.256773 0.195720
v 2.867121 5.252564 0.197355
v 2.867121 5.252564 0.202645
v 2.869879 5.256773 0.204280
v 2.936809 5.216641 0.195000
v 2.935105 5.214040 0.190720
v 2.932348 5.209832 0.192355
v 2.932348 5.209832 0.197645
v 2.935105 5.214040 0.199280
v 2.871583 5.259374 0.195000
v 2.869879 5.256773 0.190720
v 2.867121 5.252564 0.192355
v 2.867121 5.252564 0.197645
v 2.869879 5.256773 0.199280
v 2.871208 5.259594 0.161000
v 2.869763 5.256841 0.156720
v 2.867425 5.252386 0.158355
v 2.867425 5.252386 0.163645
v 2.869763 5.256841 0.165280
v 2.802162 5.295832 0.161000
v 2.800717 5.293079 0.156720
v 2.798379 5.288624 0.158355
v 2.798379 5.288624 0.163645
v 2.800717 5.293079 0.165280
v 2.871208 5.259594 0.200000
v 2.869763 5.256841 0.195720
v 2.867425 5.252386 0.197355
v 2.867425 5.252386 0.202645
v 2.869763 5.256841 0.204280
v 2.802162 5.295832 0.200000
v 2.800717 5.293079 0.195720
v 2.798379 5.288624 0.197355
v 2.798379 5.288624 0.202645
v 2.800717 5.293079 0.204280
v 2.869117 5.259610 0.130000
v 2.865653 5.257609 0.130000
v 2.865653 5.253610 0.130000
v 2.869117 5.251609 0.130000
v 2.872581 5.253610 0.130000
v 2.872581 5.257609 0.130000
v 2.869117 5.259610 0.200000
v 2.865653 5.257609 0.200000
v 2.865653 5.253610 0.200000
v 2.869117 5.251609 0.200000
v 2.872581 5.253610 0.200000
v 2.872581 5.257609 0.200000
v 2.871208 5.259594 0.195000
v 2.869763 5.256841 0.190720
v 2.867425 5.252386 0.192355
v 2.867425 5.252386 0.197645
v 2.869763 5.256841 0.199280
v 2.802162 5.295832 0.195000
v 2.800717 5.293079 0.190720
v 2.798379 5.288624 0.192355
v 2.798379 5.288624 0.197645
v 2.800717 5.293079 0.199280
v 2.801768 5.296015 0.161000
v 2.800595 5.293136 0.156720
v 2.798698 5.288476 0.158355
v 2.798698 5.288476 0.163645
v 2.800595 5.293136 0.165280
v 2.729547 5.325420 0.161000
v 2.728374 5.322541 0.156720
v 2.726477 5.317881 0.158355
v 2.726477 5.317881 0.163645
v 2.728374 5.322541 0.165280
v 2.801768 5.296015 0.200000
v 2.800595 5.293136 0.195720
v 2.798698 5.288476 0.197355
v 2.798698 5.288476 0.202645
v 2.800595 5.293136 0.204280
v 2.729547 5.325420 0.200000
v 2.728374 5.322541 0.195720
v 2.726477 5.317881 0.197355
v 2.726477 5.317881 0.202645
v 2.728374 5.322541 0.204280
v 2.801768 5.296015 0.195000
v 2.800595 5.293136 0.190720
v 2.798698 5.288476 0.192355
v 2.798698 5.288476 0.197645
v 2.800595 5.293136 0.199280
v 2.729547 5.325420 0.195000
v 2.728374 5.322541 0.190720
v 2.726477 5.317881 0.192355
v 2.726477 5.317881 0.197645
v 2.728374 5.322541 0.199280
v 2.729136 5.325565 0.161000
v 2.728247 5.322585 0.156720
v 2.726809 5.317764 0.158355
v 2.726809 5.317764 0.163645
v 2.728247 5.322585 0.165280
v 2.654414 5.347862 0.161000
v 2.653525 5.344882 0.156720
v 2.652087 5.340062 0.158355
v 2.652087 5.340062 0.163645
v 2.653525 5.344882 0.165280
v 2.729136 5.325565 0.200000
v 2.728247 5.322585 0.195720
v 2.726809 5.317764 0.197355
v 2.726809 5.317764 0.202645
v 2.728247 5.322585 0.204280
v 2.654414 5.347862 0.200000
v 2.653525 5.344882 0.195720
v 2.652087 5.340062 0.197355
v 2.652087 5.340062 0.202645
v 2.653525 5.344882 0.204280
v 2.729136 5.325565 0.195000
v 2.728247 5.322585 0.190720
v 2.726809 5.317764 0.192355
v 2.726809 5.317764 0.197645
v 2.728247 5.322585 0.199280
v 2.654414 5.347862 0.195000
v 2.653525 5.344882 0.190720
v 2.652087 5.340062 0.192355
v 2.652087 5.340062 0.197645
v 2.653525 5.344882 0.199280
v 2.653992 5.347966 0.161000
v 2.653395 5.344915 0.156720
v 2.652428 5.339977 0.158355
v 2.652428 5.339977 0.163645
v 2.653395 5.344915 0.165280
v 2.577467 5.362948 0.161000
v 2.576870 5.359896 0.156720
v 2.575903 5.354959 0.158355
v 2.575903 5.354959 0.163645
v 2.576870 5.359896 0.165280
v 2.653992 5.347966 0.200000
v 2.653395 5.344915 0.195720
v 2.652428 5.339977 0.197355
v 2.652428 5.339977 0.202645
v 2.653395 5.344915 0.204280
v 2.577467 5.362948 0.200000
v 2.576870 5.359896 0.195720
v 2.575903 5.354959 0.197355
v 2.575903 5.354959 0.202645
v 2.576870 5.359896 0.204280
v 2.653128 5.347550 0.130000
v 2.649664 5.345550 0.130000
v 2.649664 5.341550 0.130000
v 2.653128 5.339550 0.130000
v 2.656592 5.341550 0.130000
v 2.656592 5.345550 0.130000
v 2.653128 5.347550 0.200000
v 2.649664 5.345550 0.200000
v 2.649664 5.341550 0.200000
v 2.653128 5.339550 0.200000
v 2.656592 5.341550 0.200000
v 2.656592 5.345550 0.200000
v 2.653992 5.347966 0.195000
v 2.653395 5.344915 0.190720
v 2.652428 5.339977 0.192355
v 2.652428 5.339977 0.197645
v 2.653395 5.344915 0.199280
v 2.577467 5.362948 0.195000
v 2.576870 5.359896 0.190720
v 2.575903 5.354959 0.192355
v 2.575903 5.354959 0.197645
v 2.576870 5.359896 0.199280
v 2.577037 5.363011 0.161000
v 2.576737 5.359916 0.156720
v 2.576251 5.354908 0.158355
v 2.576251 5.354908 0.163645
v 2.576737 5.359916 0.165280
v 2.499423 5.370537 0.161000
v 2.499123 5.367442 0.156720
v 2.498637 5.362434 0.158355
v 2.498637 5.362434 0.163645
v 2.499123 5.367442 0.165280
v 2.577037 5.363011 0.200000
v 2.576737 5.359916 0.195720
v 2.576251 5.354908 0.197355
v 2.576251 5.354908 0.202645
v 2.576737 5.359916 0.204280
v 2.499423 5.370537 0.200000
v 2.499123 5.367442 0.195720
v 2.498637 5.362434 0.197355
v 2.498637 5.362434 0.202645
v 2.499123 5.367442 0.204280
v 2.577037 5.363011 0.195000
v 2.576737 5.359916 0.190720
v 2.576251 5.354908 0.192355
v 2.576251 5.354908 0.197645
v 2.576737 5.359916 0.199280
v 2.499423 5.370537 0.195000
v 2.499123 5.367442 0.190720
v 2.498637 5.362434 0.192355
v 2.498637 5.362434 0.197645
v 2.499123 5.367442 0.199280
v 2.499039 5.370557 0.161000
v 2.499004 5.367448 0.156720
v 2.498949 5.362417 0.158355
v 2.498949 5.362417 0.163645
v 2.499004 5.367448 0.165280
v 2.413764 5.371500 0.161000
v 2.413730 5.368391 0.156720
v 2.413674 5.363359 0.158355
v 2.413674 5.363359 0.163645
v 2.413730 5.368391 0.165280
v 2.499039 5.370557 0.200000
v 2.499004 5.367448 0.195720
v 2.498949 5.362417 0.197355
v 2.498949 5.362417 0.202645
v 2.499004 5.367448 0.204280
v 2.413764 5.371500 0.200000
v 2.413730 5.368391 0.195720
v 2.413674 5.363359 0.197355
v 2.413674 5.363359 0.202645
v 2.413730 5.368391 0.204280
v 2.499039 5.370557 0.195000
v 2.499004 5.367448 0.190720
v 2.498949 5.362417 0.192355
v 2.498949 5.362417 0.197645
v 2.499004 5.367448 0.199280
v 2.413764 5.371500 0.195000
v 2.413730 5.368391 0.190720
v 2.413674 5.363359 0.192355
v 2.413674 5.363359 0.197645
v 2.413730 5.368391 0.199280
v 2.413714 5.371500 0.161000
v 2.413714 5.368391 0.156720
v 2.413714 5.363359 0.158355
v 2.413714 5.363359 0.163645
v 2.413714 5.368391 0.165280
v 2.321143 5.371500 0.161000
v 2.321143 5.368391 0.156720
v 2.321143 5.363359 0.158355
v 2.321143 5.363359 0.163645
v 2.321143 5.368391 0.165280
v 2.413714 5.371500 0.200000
v 2.413714 5.368391 0.195720
v 2.413714 5.363359 0.197355
v 2.413714 5.363359 0.202645
v 2.413714 5.368391 0.204280
v 2.321143 5.371500 0.200000
v 2.321143 5.368391 0.195720
v 2.321143 5.363359 0.197355
v 2.321143 5.363359 0.202645
v 2.321143 5.368391 0.204280
v 2.413714 5.371000 0.130000
v 2.410250 5.369000 0.130000
v 2.410250 5.365000 0.130000
v 2.413714 5.363000 0.130000
v 2.417178 5.365000 0.130000
v 2.417178 5.369000 0.130000
v 2.413714 5.371000 0.200000
v 2.410250 5.369000 0.200000
v 2.410250 5.365000 0.200000
v 2.413714 5.363000 0.200000
v 2.417178 5.365000 0.200000
v 2.417178 5.369000 0.200000
v 2.413714 5.371500 0.195000
v 2.413714 5.368391 0.190720
v 2.413714 5.363359 0.192355
v 2.413714 5.363359 0.197645
v 2.413714 5.368391 0.199280
v 2.321143 5.371500 0.195000
v 2.321143 5.368391 0.190720
v 2.321143 5.363359 0.192355
v 2.321143 5.363359 0.197645
v 2.321143 5.368391 0.199280
v 2.321143 5.371500 0.161000
v 2.321143 5.368391 0.156720
v 2.321143 5.363359 0.158355
v 2.321143 5.363359 0.163645
v 2.321143 5.368391 0.165280
v 2.228571 5.371500 0.161000
v 2.228571 5.368391 0.156720
v 2.228571 5.363359 0.158355
v 2.228571 5.363359 0.163645
v 2.228571 5.368391 0.165280
v 2.321143 5.371500 0.200000
v 2.321143 5.368391 0.195720
v 2.321143 5.363359 0.197355
v 2.321143 5.363359 0.202645
v 2.321143 5.368391 0.204280
v 2.228571 5.371500 0.200000
v 2.228571 5.368391 0.195720
v 2.228571 5.363359 0.197355
v 2.228571 5.363359 0.202645
v 2.228571 5.368391 0.204280
v 2.321143 5.371500 0.195000
v 2.321143 5.368391 0.190720
v 2.321143 5.363359 0.192355
v 2.321143 5.363359 0.197645
v 2.321143 5.368391 0.199280
v 2.228571 5.371500 0.195000
v 2.228571 5.368391 0.190720
v 2.228571 5.363359 0.192355
v 2.228571 5.363359 0.197645
v 2.228571 5.368391 0.199280
v 2.228571 5.371500 0.161000
v 2.228571 5.368391 0.156720
v 2.228571 5.363359 0.158355
v 2.228571 5.363359 0.163645
v 2.228571 5.368391 0.165280
v 2.136000 5.371500 0.161000
v 2.136000 5.368391 0.156720
v 2.136000 5.363359 0.158355
v 2.136000 5.363359 0.163645
v 2.136000 5.368391 0.165280
v 2.228571 5.371500 0.200000
v 2.228571 5.368391 0.195720
v 2.228571 5.363359 0.197355
v 2.228571 5.363359 0.202645
v 2.228571 5.368391 0.204280
v 2.136000 5.371500 0.200000
v 2.136000 5.368391 0.195720
v 2.136000 5.363359 0.197355
v 2.136000 5.363359 0.202645
v 2.136000 5.368391 0.204280
v 2.228571 5.371500 0.195000
v 2.228571 5.368391 0.190720
v 2.228571 5.363359 0.192355
v 2.228571 5.363359 0.197645
v 2.228571 5.368391 0.199280
v 2.136000 5.371500 0.195000
v 2.136000 5.368391 0.190720
v 2.136000 5.363359 0.192355
v 2.136000 5.363359 0.197645
v 2.136000 5.368391 0.199280
v 2.136000 5.371500 0.161000
v 2.136000 5.368391 0.156720
v 2.136000 5.363359 0.158355
v 2.136000 5.363359 0.163645
v 2.136000 5.368391 0.165280
v 2.043429 5.371500 0.161000
v 2.043429 5.368391 0.156720
v 2.043429 5.363359 0.158355
v 2.043429 5.363359 0.163645
v 2.043429 5.368391 0.165280
v 2.136000 5.371500 0.200000
v 2.136000 5.368391 0.195720
v 2.136000 5.363359 0.197355
v 2.136000 5.363359 0.202645
v 2.136000 5.368391 0.204280
v 2.043429 5.371500 0.200000
v 2.043429 5.368391 0.195720
v 2.043429 5.363359 0.197355
v 2.043429 5.363359 0.202645
v 2.043429 5.368391 0.204280
v 2.136000 5.371000 0.130000
v 2.132536 5.369000 0.130000
v 2.132536 5.365000 0.130000
v 2.136000 5.363000 0.130000
v 2.139464 5.365000 0.130000
v 2.139464 5.369000 0.130000
v 2.136000 5.371000 0.200000
v 2.132536 5.369000 0.200000
v 2.132536 5.365000 0.200000
v 2.136000 5.363000 0.200000
v 2.139464 5.365000 0.200000
v 2.139464 5.369000 0.200000
v 2.136000 5.371500 0.195000
v 2.136000 5.368391 0.190720
v 2.136000 5.363359 0.192355
v 2.136000 5.363359 0.197645
v 2.136000 5.368391 0.199280
v 2.043429 5.371500 0.195000
v 2.043429 5.368391 0.190720
v 2.043429 5.363359 0.192355
v 2.043429 5.363359 0.197645
v 2.043429 5.368391 0.199280
v 2.043429 5.371500 0.161000
v 2.043429 5.368391 0.156720
v 2.043429 5.363359 0.158355
v 2.043429 5.363359 0.163645
v 2.043429 5.368391 0.165280
v 1.950857 5.371500 0.161000
v 1.950857 5.368391 0.156720
v 1.950857 5.363359 0.158355
v 1.950857 5.363359 0.163645
v 1.950857 5.368391 0.165280
v 2.043429 5.371500 0.200000
v 2.043429 5.368391 0.195720
v 2.043429 5.363359 0.197355
v 2.043429 5.363359 0.202645
v 2.043429 5.368391 0.204280
v 1.950857 5.371500 0.200000
v 1.950857 5.368391 0.195720
v 1.950857 5.363359 0.197355
v 1.950857 5.363359 0.202645
v 1.950857 5.368391 0.204280
v 2.043429 5.371500 0.195000
v 2.043429 5.368391 0.190720
v 2.043429 5.363359 0.192355
v 2.043429 5.363359 0.197645
v 2.043429 5.368391 0.199280
v 1.950857 5.371500 0.195000
v 1.950857 5.368391 0.190720
v 1.950857 5.363359 0.192355
v 1.950857 5.363359 0.197645
v 1.950857 5.368391 0.199280
v 1.950857 5.371500 0.161000
v 1.950857 5.368391 0.156720
v 1.950857 5.363359 0.158355
v 1.950857 5.363359 0.163645
v 1.950857 5.368391 0.165280
v 1.858286 5.371500 0.161000
v 1.858286 5.368391 0.156720
v 1.858286 5.363359 0.158355
v 1.858286 5.363359 0.163645
v 1.858286 5.368391 0.165280
v 1.950857 5.371500 0.200000
v 1.950857 5.368391 0.195720
v 1.950857 5.363359 0.197355
v 1.950857 5.363359 0.202645
v 1.950857 5.368391 0.204280
v 1.858286 5.371500 0.200000
v 1.858286 5.368391 0.195720
v 1.858286 5.363359 0.197355
v 1.858286 5.363359 0.202645
v 1.858286 5.368391 0.204280
v 1.950857 5.371500 0.195000
v 1.950857 5.368391 0.190720
v 1.950857 5.363359 0.192355
v 1.950857 5.363359 0.197645
v 1.950857 5.368391 0.199280
v 1.858286 5.371500 0.195000
v 1.858286 5.368391 0.190720
v 1.858286 5.363359 0.192355
v 1.858286 5.363359 0.197645
v 1.858286 5.368391 0.199280
v 1.858286 5.371500 0.161000
v 1.858286 5.368391 0.156720
v 1.858286 5.363359 0.158355
v 1.858286 5.363359 0.163645
v 1.858286 5.368391 0.165280
v 1.765714 5.371500 0.161000
v 1.765714 5.368391 0.156720
v 1.765714 5.363359 0.158355
v 1.765714 5.363359 0.163645
v 1.765714 5.368391 0.165280
v 1.858286 5.371500 0.200000
v 1.858286 5.368391 0.195720
v 1.858286 5.363359 0.197355
v 1.858286 5.363359 0.202645
v 1.858286 5.368391 0.204280
v 1.765714 5.371500 0.200000
v 1.765714 5.368391 0.195720
v 1.765714 5.363359 0.197355
v 1.765714 5.363359 0.202645
v 1.765714 5.368391 0.204280
v 1.858286 5.371000 0.130000
v 1.854822 5.369000 0.130000
v 1.854822 5.365000 0.130000
v 1.858286 5.363000 0.130000
v 1.861750 5.365000 0.130000
v 1.861750 5.369000 0.130000
v 1.858286 5.371000 0.200000
v 1.854822 5.369000 0.200000
v 1.854822 5.365000 0.200000
v 1.858286 5.363000 0.200000
v 1.861750 5.365000 0.200000
v 1.861750 5.369000 0.200000
v 1.858286 5.371500 0.195000
v 1.858286 5.368391 0.190720
v 1.858286 5.363359 0.192355
v 1.858286 5.363359 0.197645
v 1.858286 5.368391 0.199280
v 1.765714 5.371500 0.195000
v 1.765714 5.368391 0.190720
v 1.765714 5.363359 0.192355
v 1.765714 5.363359 0.197645
v 1.765714 5.368391 0.199280
v 1.765714 5.371500 0.161000
v 1.765714 5.368391 0.156720
v 1.765714 5.363359 0.158355
v 1.765714 5.363359 0.163645
v 1.765714 5.368391 0.165280
v 1.673143 5.371500 0.161000
v 1.673143 5.368391 0.156720
v 1.673143 5.363359 0.158355
v 1.673143 5.363359 0.163645
v 1.673143 5.368391 0.165280
v 1.765714 5.371500 0.200000
v 1.765714 5.368391 0.195720
v 1.765714 5.363359 0.197355
v 1.765714 5.363359 0.202645
v 1.765714 5.368391 0.204280
v 1.673143 5.371500 0.200000
v 1.673143 5.368391 0.195720
v 1.673143 5.363359 0.197355
v 1.673143 5.363359 0.202645
v 1.673143 5.368391 0.204280
v 1.765714 5.371500 0.195000
v 1.765714 5.368391 0.190720
v 1.765714 5.363359 0.192355
v 1.765714 5.363359 0.197645
v 1.765714 5.368391 0.199280
v 1.673143 5.371500 0.195000
v 1.673143 5.368391 0.190720
v 1.673143 5.363359 0.192355
v 1.673143 5.363359 0.197645
v 1.673143 5.368391 0.199280
v 1.673143 5.371500 0.161000
v 1.673143 5.368391 0.156720
v 1.673143 5.363359 0.158355
v 1.673143 5.363359 0.163645
v 1.673143 5.368391 0.165280
v 1.580571 5.371500 0.161000
v 1.580571 5.368391 0.156720
v 1.580571 5.363359 0.158355
v 1.580571 5.363359 0.163645
v 1.580571 5.368391 0.165280
v 1.673143 5.371500 0.200000
v 1.673143 5.368391 0.195720
v 1.673143 5.363359 0.197355
v 1.673143 5.363359 0.202645
v 1.673143 5.368391 0.204280
v 1.580571 5.371500 0.200000
v 1.580571 5.368391 0.195720
v 1.580571 5.363359 0.197355
v 1.580571 5.363359 0.202645
v 1.580571 5.368391 0.204280
v 1.673143 5.371500 0.195000
v 1.673143 5.368391 0.190720
v 1.673143 5.363359 0.192355
v 1.673143 5.363359 0.197645
v 1.673143 5.368391 0.199280
v 1.580571 5.371500 0.195000
v 1.580571 5.368391 0.190720
v 1.580571 5.363359 0.192355
v 1.580571 5.363359 0.197645
v 1.580571 5.368391 0.199280
v 1.580571 5.371500 0.161000
v 1.580571 5.368391 0.156720
v 1.580571 5.363359 0.158355
v 1.580571 5.363359 0.163645
v 1.580571 5.368391 0.165280
v 1.488000 5.371500 0.161000
v 1.488000 5.368391 0.156720
v 1.488000 5.363359 0.158355
v 1.488000 5.363359 0.163645
v 1.488000 5.368391 0.165280
v 1.580571 5.371500 0.200000
v 1.580571 5.368391 0.195720
v 1.580571 5.363359 0.197355
v 1.580571 5.363359 0.202645
v 1.580571 5.368391 0.204280
v 1.488000 5.371500 0.200000
v 1.488000 5.368391 0.195720
v 1.488000 5.363359 0.197355
v 1.488000 5.363359 0.202645
v 1.488000 5.368391 0.204280
v 1.580571 5.371000 0.130000
v 1.577107 5.369000 0.130000
v 1.577107 5.365000 0.130000
v 1.580571 5.363000 0.130000
v 1.584036 5.365000 0.130000
v 1.584036 5.369000 0.130000
v 1.580571 5.371000 0.200000
v 1.577107 5.369000 0.200000
v 1.577107 5.365000 0.200000
v 1.580571 5.363000 0.200000
v 1.584036 5.365000 0.200000
v 1.584036 5.369000 0.200000
v 1.580571 5.371500 0.195000
v 1.580571 5.368391 0.190720
v 1.580571 5.363359 0.192355
v 1.580571 5.363359 0.197645
v 1.580571 5.368391 0.199280
v 1.488000 5.371500 0.195000
v 1.488000 5.368391 0.190720
v 1.488000 5.363359 0.192355
v 1.488000 5.363359 0.197645
v 1.488000 5.368391 0.199280
v 1.488000 5.371500 0.161000
v 1.488000 5.368391 0.156720
v 1.488000 5.363359 0.158355
v 1.488000 5.363359 0.163645
v 1.488000 5.368391 0.165280
v 1.395429 5.371500 0.161000
v 1.395429 5.368391 0.156720
v 1.395429 5.363359 0.158355
v 1.395429 5.363359 0.163645
v 1.395429 5.368391 0.165280
v 1.488000 5.371500 0.200000
v 1.488000 5.368391 0.195720
v 1.488000 5.363359 0.197355
v 1.488000 5.363359 0.202645
v 1.488000 5.368391 0.204280
v 1.395429 5.371500 0.200000
v 1.395429 5.368391 0.195720
v 1.395429 5.363359 0.197355
v 1.395429 5.363359 0.202645
v 1.395429 5.368391 0.204280
v 1.488000 5.371500 0.195000
v 1.488000 5.368391 0.190720
v 1.488000 5.363359 0.192355
v 1.488000 5.363359 0.197645
v 1.488000 5.368391 0.199280
v 1.395429 5.371500 0.195000
v 1.395429 5.368391 0.190720
v 1.395429 5.363359 0.192355
v 1.395429 5.363359 0.197645
v 1.395429 5.368391 0.199280
v 1.395429 5.371500 0.161000
v 1.395429 5.368391 0.156720
v 1.395429 5.363359 0.158355
v 1.395429 5.363359 0.163645
v 1.395429 5.368391 0.165280
v 1.302857 5.371500 0.161000
v 1.302857 5.368391 0.156720
v 1.302857 5.363359 0.158355
v 1.302857 5.363359 0.163645
v 1.302857 5.368391 0.165280
v 1.395429 5.371500 0.200000
v 1.395429 5.368391 0.195720
v 1.395429 5.363359 0.197355
v 1.395429 5.363359 0.202645
v 1.395429 5.368391 0.204280
v 1.302857 5.371500 0.200000
v 1.302857 5.368391 0.195720
v 1.302857 5.363359 0.197355
v 1.302857 5.363359 0.202645
v 1.302857 5.368391 0.204280
v 1.395429 5.371500 0.195000
v 1.395429 5.368391 0.190720
v 1.395429 5.363359 0.192355
v 1.395429 5.363359 0.197645
v 1.395429 5.368391 0.199280
v 1.302857 5.371500 0.195000
v 1.302857 5.368391 0.190720
v 1.302857 5.363359 0.192355
v 1.302857 5.363359 0.197645
v 1.302857 5.368391 0.199280
v 1.302857 5.371500 0.161000
v 1.302857 5.368391 0.156720
v 1.302857 5.363359 0.158355
v 1.302857 5.363359 0.163645
v 1.302857 5.368391 0.165280
v 1.210286 5.371500 0.161000
v 1.210286 5.368391 0.156720
v 1.210286 5.363359 0.158355
v 1.210286 5.363359 0.163645
v 1.210286 5.368391 0.165280
v 1.302857 5.371500 0.200000
v 1.302857 5.368391 0.195720
v 1.302857 5.363359 0.197355
v 1.302857 5.363359 0.202645
v 1.302857 5.368391 0.204280
v 1.210286 5.371500 0.200000
v 1.210286 5.368391 0.195720
v 1.210286 5.363359 0.197355
v 1.210286 5.363359 0.202645
v 1.210286 5.368391 0.204280
v 1.302857 5.371000 0.130000
v 1.299393 5.369000 0.130000
v 1.299393 5.365000 0.130000
v 1.302857 5.363000 0.130000
v 1.306321 5.365000 0.130000
v 1.306321 5.369000 0.130000
v 1.302857 5.371000 0.200000
v 1.299393 5.369000 0.200000
v 1.299393 5.365000 0.200000
v 1.302857 5.363000 0.200000
v 1.306321 5.365000 0.200000
v 1.306321 5.369000 0.200000
v 1.302857 5.371500 0.195000
v 1.302857 5.368391 0.190720
v 1.302857 5.363359 0.192355
v 1.302857 5.363359 0.197645
v 1.302857 5.368391 0.199280
v 1.210286 5.371500 0.195000
v 1.210286 5.368391 0.190720
v 1.210286 5.363359 0.192355
v 1.210286 5.363359 0.197645
v 1.210286 5.368391 0.199280
v 1.210286 5.371500 0.161000
v 1.210286 5.368391 0.156720
v 1.210286 5.363359 0.158355
v 1.210286 5.363359 0.163645
v 1.210286 5.368391 0.165280
v 1.117714 5.371500 0.161000
v 1.117714 5.368391 0.156720
v 1.117714 5.363359 0.158355
v 1.117714 5.363359 0.163645
v 1.117714 5.368391 0.165280
v 1.210286 5.371500 0.200000
v 1.210286 5.368391 0.195720
v 1.210286 5.363359 0.197355
v 1.210286 5.363359 0.202645
v 1.210286 5.368391 0.204280
v 1.117714 5.371500 0.200000
v 1.117714 5.368391 0.195720
v 1.117714 5.363359 0.197355
v 1.117714 5.363359 0.202645
v 1.117714 5.368391 0.204280
v 1.210286 5.371500 0.195000
v 1.210286 5.368391 0.190720
v 1.210286 5.363359 0.192355
v 1.210286 5.363359 0.197645
v 1.210286 5.368391 0.199280
v 1.117714 5.371500 0.195000
v 1.117714 5.368391 0.190720
v 1.117714 5.363359 0.192355
v 1.117714 5.363359 0.197645
v 1.117714 5.368391 0.199280
v 1.117714 5.371500 0.161000
v 1.117714 5.368391 0.156720
v 1.117714 5.363359 0.158355
v 1.117714 5.363359 0.163645
v 1.117714 5.368391 0.165280
v 1.025143 5.371500 0.161000
v 1.025143 5.368391 0.156720
v 1.025143 5.363359 0.158355
v 1.025143 5.363359 0.163645
v 1.025143 5.368391 0.165280
v 1.117714 5.371500 0.200000
v 1.117714 5.368391 0.195720
v 1.117714 5.363359 0.197355
v 1.117714 5.363359 0.202645
v 1.117714 5.368391 0.204280
v 1.025143 5.371500 0.200000
v 1.025143 5.368391 0.195720
v 1.025143 5.363359 0.197355
v 1.025143 5.363359 0.202645
v 1.025143 5.368391 0.204280
v 1.117714 5.371500 0.195000
v 1.117714 5.368391 0.190720
v 1.117714 5.363359 0.192355
v 1.117714 5.363359 0.197645
v 1.117714 5.368391 0.199280
v 1.025143 5.371500 0.195000
v 1.025143 5.368391 0.190720
v 1.025143 5.363359 0.192355
v 1.025143 5.363359 0.197645
v 1.025143 5.368391 0.199280
v 1.025143 5.371500 0.161000
v 1.025143 5.368391 0.156720
v 1.025143 5.363359 0.158355
v 1.025143 5.363359 0.163645
v 1.025143 5.368391 0.165280
v 0.932571 5.371500 0.161000
v 0.932571 5.368391 0.156720
v 0.932571 5.363359 0.158355
v 0.932571 5.363359 0.163645
v 0.932571 5.368391 0.165280
v 1.025143 5.371500 0.200000
v 1.025143 5.368391 0.195720
v 1.025143 5.363359 0.197355
v 1.025143 5.363359 0.202645
v 1.025143 5.368391 0.204280
v 0.932571 5.371500 0.200000
v 0.932571 5.368391 0.195720
v 0.932571 5.363359 0.197355
v 0.932571 5.363359 0.202645
v 0.932571 5.368391 0.204280
v 1.025143 5.371000 0.130000
v 1.021679 5.369000 0.130000
v 1.021679 5.365000 0.130000
v 1.025143 5.363000 0.130000
v 1.028607 5.365000 0.130000
v 1.028607 5.369000 0.130000
v 1.025143 5.371000 0.200000
v 1.021679 5.369000 0.200000
v 1.021679 5.365000 0.200000
v 1.025143 5.363000 0.200000
v 1.028607 5.365000 0.200000
v 1.028607 5.369000 0.200000
v 1.025143 5.371500 0.195000
v 1.025143 5.368391 0.190720
v 1.025143 5.363359 0.192355
v 1.025143 5.363359 0.197645
v 1.025143 5.368391 0.199280
v 0.932571 5.371500 0.195000
v 0.932571 5.368391 0.190720
v 0.932571 5.363359 0.192355
v 0.932571 5.363359 0.197645
v 0.932571 5.368391 0.199280
v 0.932571 5.371500 0.161000
v 0.932571 5.368391 0.156720
v 0.932571 5.363359 0.158355
v 0.932571 5.363359 0.163645
v 0.932571 5.368391 0.165280
v 0.840000 5.371500 0.161000
v 0.840000 5.368391 0.156720
v 0.840000 5.363359 0.158355
v 0.840000 5.363359 0.163645
v 0.840000 5.368391 0.165280
v 0.932571 5.371500 0.200000
v 0.932571 5.368391 0.195720
v 0.932571 5.363359 0.197355
v 0.932571 5.363359 0.202645
v 0.932571 5.368391 0.204280
v 0.840000 5.371500 0.200000
v 0.840000 5.368391 0.195720
v 0.840000 5.363359 0.197355
v 0.840000 5.363359 0.202645
v 0.840000 5.368391 0.204280
v 0.932571 5.371500 0.195000
v 0.932571 5.368391 0.190720
v 0.932571 5.363359 0.192355
v 0.932571 5.363359 0.197645
v 0.932571 5.368391 0.199280
v 0.840000 5.371500 0.195000
v 0.840000 5.368391 0.190720
v 0.840000 5.363359 0.192355
v 0.840000 5.363359 0.197645
v 0.840000 5.368391 0.199280
v 0.839783 5.371495 0.161000
v 0.839933 5.368389 0.156720
v 0.840176 5.363364 0.158355
v 0.840176 5.363364 0.163645
v 0.839933 5.368389 0.165280
v 0.761896 5.367727 0.161000
v 0.762046 5.364622 0.156720
v 0.762289 5.359596 0.158355
v 0.762289 5.359596 0.163645
v 0.762046 5.364622 0.165280
v 0.839783 5.371495 0.200000
v 0.839933 5.368389 0.195720
v 0.840176 5.363364 0.197355
v 0.840176 5.363364 0.202645
v 0.839933 5.368389 0.204280
v 0.761896 5.367727 0.200000
v 0.762046 5.364622 0.195720
v 0.762289 5.359596 0.197355
v 0.762289 5.359596 0.202645
v 0.762046 5.364622 0.204280
v 0.839783 5.371495 0.195000
v 0.839933 5.368389 0.190720
v 0.840176 5.363364 0.192355
v 0.840176 5.363364 0.197645
v 0.839933 5.368389 0.199280
v 0.761896 5.367727 0.195000
v 0.762046 5.364622 0.190720
v 0.762289 5.359596 0.192355
v 0.762289 5.359596 0.197645
v 0.762046 5.364622 0.199280
v 0.761463 5.367685 0.161000
v 0.761912 5.364609 0.156720
v 0.762639 5.359630 0.158355
v 0.762639 5.359630 0.163645
v 0.761912 5.364609 0.165280
v 0.684304 5.356419 0.161000
v 0.684753 5.353342 0.156720
v 0.685480 5.348363 0.158355
v 0.685480 5.348363 0.163645
v 0.684753 5.353342 0.165280
v 0.761463 5.367685 0.200000
v 0.761912 5.364609 0.195720
v 0.762639 5.359630 0.197355
v 0.762639 5.359630 0.202645
v 0.761912 5.364609 0.204280
v 0.684304 5.356419 0.200000
v 0.684753 5.353342 0.195720
v 0.685480 5.348363 0.197355
v 0.685480 5.348363 0.202645
v 0.684753 5.353342 0.204280
v 0.762113 5.367233 0.130000
v 0.758649 5.365232 0.130000
v 0.758649 5.361233 0.130000
v 0.762113 5.359232 0.130000
v 0.765577 5.361233 0.130000
v 0.765577 5.365232 0.130000
v 0.762113 5.367233 0.200000
v 0.758649 5.365232 0.200000
v 0.758649 5.361233 0.200000
v 0.762113 5.359232 0.200000
v 0.765577 5.361233 0.200000
v 0.765577 5.365232 0.200000
v 0.761463 5.367685 0.195000
v 0.761912 5.364609 0.190720
v 0.762639 5.359630 0.192355
v 0.762639 5.359630 0.197645
v 0.761912 5.364609 0.199280
v 0.684304 5.356419 0.195000
v 0.684753 5.353342 0.190720
v 0.685480 5.348363 0.192355
v 0.685480 5.348363 0.197645
v 0.684753 5.353342 0.199280
v 0.683877 5.356335 0.161000
v 0.684621 5.353316 0.156720
v 0.685825 5.348431 0.158355
v 0.685825 5.348431 0.163645
v 0.684621 5.353316 0.165280
v 0.608165 5.337674 0.161000
v 0.608909 5.334654 0.156720
v 0.610113 5.329770 0.158355
v 0.610113 5.329770 0.163645
v 0.608909 5.334654 0.165280
v 0.683877 5.356335 0.200000
v 0.684621 5.353316 0.195720
v 0.685825 5.348431 0.197355
v 0.685825 5.348431 0.202645
v 0.684621 5.353316 0.204280
v 0.608165 5.337674 0.200000
v 0.608909 5.334654 0.195720
v 0.610113 5.329770 0.197355
v 0.610113 5.329770 0.202645
v 0.608909 5.334654 0.204280
v 0.683877 5.356335 0.195000
v 0.684621 5.353316 0.190720
v 0.685825 5.348431 0.192355
v 0.685825 5.348431 0.197645
v 0.684621 5.353316 0.199280
v 0.608165 5.337674 0.195000
v 0.608909 5.334654 0.190720
v 0.610113 5.329770 0.192355
v 0.610113 5.329770 0.197645
v 0.608909 5.334654 0.199280
v 0.607748 5.337549 0.161000
v 0.608780 5.334616 0.156720
v 0.610450 5.329870 0.158355
v 0.610450 5.329870 0.163645
v 0.608780 5.334616 0.165280
v 0.534191 5.311668 0.161000
v 0.535223 5.308735 0.156720
v 0.536893 5.303989 0.158355
v 0.536893 5.303989 0.163645
v 0.535223 5.308735 0.165280
v 0.607748 5.337549 0.200000
v 0.608780 5.334616 0.195720
v 0.610450 5.329870 0.197355
v 0.610450 5.329870 0.202645
v 0.608780 5.334616 0.204280
v 0.534191 5.311668 0.200000
v 0.535223 5.308735 0.195720
v 0.536893 5.303989 0.197355
v 0.536893 5.303989 0.202645
v 0.535223 5.308735 0.204280
v 0.607748 5.337549 0.195000
v 0.608780 5.334616 0.190720
v 0.610450 5.329870 0.192355
v 0.610450 5.329870 0.197645
v 0.608780 5.334616 0.199280
v 0.534191 5.311668 0.195000
v 0.535223 5.308735 0.190720
v 0.536893 5.303989 0.192355
v 0.536893 5.303989 0.197645
v 0.535223 5.308735 0.199280
v 0.533788 5.311504 0.161000
v 0.535098 5.308684 0.156720
v 0.537219 5.304121 0.158355
v 0.537219 5.304121 0.163645
v 0.535098 5.308684 0.165280
v 0.463072 5.278644 0.161000
v 0.464382 5.275824 0.156720
v 0.466503 5.271262 0.158355
v 0.466503 5.271262 0.163645
v 0.464382 5.275824 0.165280
v 0.533788 5.311504 0.200000
v 0.535098 5.308684 0.195720
v 0.537219 5.304121 0.197355
v 0.537219 5.304121 0.202645
v 0.535098 5.308684 0.204280
v 0.463072 5.278644 0.200000
v 0.464382 5.275824 0.195720
v 0.466503 5.271262 0.197355
v 0.466503 5.271262 0.202645
v 0.464382 5.275824 0.204280
v 0.535684 5.311423 0.130000
v 0.532220 5.309423 0.130000
v 0.532220 5.305423 0.130000
v 0.535684 5.303423 0.130000
v 0.539149 5.305423 0.130000
v 0.539149 5.309423 0.130000
v 0.535684 5.311423 0.200000
v 0.532220 5.309423 0.200000
v 0.532220 5.305423 0.200000
v 0.535684 5.303423 0.200000
v 0.539149 5.305423 0.200000
v 0.539149 5.309423 0.200000
v 0.533788 5.311504 0.195000
v 0.535098 5.308684 0.190720
v 0.537219 5.304121 0.192355
v 0.537219 5.304121 0.197645
v 0.535098 5.308684 0.199280
v 0.463072 5.278644 0.195000
v 0.464382 5.275824 0.190720
v 0.466503 5.271262 0.192355
v 0.466503 5.271262 0.197645
v 0.464382 5.275824 0.199280
v 0.462687 5.278442 0.161000
v 0.464263 5.275762 0.156720
v 0.466814 5.271425 0.158355
v 0.466814 5.271425 0.163645
v 0.464263 5.275762 0.165280
v 0.395473 5.238910 0.161000
v 0.397049 5.236230 0.156720
v 0.399600 5.231894 0.158355
v 0.399600 5.231894 0.163645
v 0.397049 5.236230 0.165280
v 0.462687 5.278442 0.200000
v 0.464263 5.275762 0.195720
v 0.466814 5.271425 0.197355
v 0.466814 5.271425 0.202645
v 0.464263 5.275762 0.204280
v 0.395473 5.238910 0.200000
v 0.397049 5.236230 0.195720
v 0.399600 5.231894 0.197355
v 0.399600 5.231894 0.202645
v 0.397049 5.236230 0.204280
v 0.462687 5.278442 0.195000
v 0.464263 5.275762 0.190720
v 0.466814 5.271425 0.192355
v 0.466814 5.271425 0.197645
v 0.464263 5.275762 0.199280
v 0.395473 5.238910 0.195000
v 0.397049 5.236230 0.190720
v 0.399600 5.231894 0.192355
v 0.399600 5.231894 0.197645
v 0.397049 5.236230 0.199280
v 0.395109 5.238672 0.161000
v 0.396937 5.236156 0.156720
v 0.399894 5.232086 0.158355
v 0.399894 5.232086 0.163645
v 0.396937 5.236156 0.165280
v 0.332024 5.192838 0.161000
v 0.333851 5.190322 0.156720
v 0.336808 5.186252 0.158355
v 0.336808 5.186252 0.163645
v 0.333851 5.190322 0.165280
v 0.395109 5.238672 0.200000
v 0.396937 5.236156 0.195720
v 0.399894 5.232086 0.197355
v 0.399894 5.232086 0.202645
v 0.396937 5.236156 0.204280
v 0.332024 5.192838 0.200000
v 0.333851 5.190322 0.195720
v 0.336808 5.186252 0.197355
v 0.336808 5.186252 0.202645
v 0.333851 5.190322 0.204280
v 0.395109 5.238672 0.195000
v 0.396937 5.236156 0.190720
v 0.399894 5.232086 0.192355
v 0.399894 5.232086 0.197645
v 0.396937 5.236156 0.199280
v 0.332024 5.192838 0.195000
v 0.333851 5.190322 0.190720
v 0.336808 5.186252 0.192355
v 0.336808 5.186252 0.197645
v 0.333851 5.190322 0.199280
v 0.331684 5.192565 0.161000
v 0.333746 5.190238 0.156720
v 0.337083 5.186472 0.158355
v 0.337083 5.186472 0.163645
v 0.333746 5.190238 0.165280
v 0.273317 5.140857 0.161000
v 0.275379 5.138529 0.156720
v 0.278715 5.134763 0.158355
v 0.278715 5.134763 0.163645
v 0.275379 5.138529 0.165280
v 0.331684 5.192565 0.200000
v 0.333746 5.190238 0.195720
v 0.337083 5.186472 0.197355
v 0.337083 5.186472 0.202645
v 0.333746 5.190238 0.204280
v 0.273317 5.140857 0.200000
v 0.275379 5.138529 0.195720
v 0.278715 5.134763 0.197355
v 0.278715 5.134763 0.202645
v 0.275379 5.138529 0.204280
v 0.334669 5.193197 0.130000
v 0.331204 5.191197 0.130000
v 0.331204 5.187197 0.130000
v 0.334669 5.185197 0.130000
v 0.338133 5.187197 0.130000
v 0.338133 5.191197 0.130000
v 0.334669 5.193197 0.200000
v 0.331204 5.191197 0.200000
v 0.331204 5.187197 0.200000
v 0.334669 5.185197 0.200000
v 0.338133 5.187197 0.200000
v 0.338133 5.191197 0.200000
v 0.331684 5.192565 0.195000
v 0.333746 5.190238 0.190720
v 0.337083 5.186472 0.192355
v 0.337083 5.186472 0.197645
v 0.333746 5.190238 0.199280
v 0.273317 5.140857 0.195000
v 0.275379 5.138529 0.190720
v 0.278715 5.134763 0.192355
v 0.278715 5.134763 0.197645
v 0.275379 5.138529 0.199280
v 0.273006 5.140553 0.161000
v 0.275283 5.138435 0.156720
v 0.278967 5.135009 0.158355
v 0.278967 5.135009 0.163645
v 0.275283 5.138435 0.165280
v 0.219902 5.083452 0.161000
v 0.222179 5.081335 0.156720
v 0.225863 5.077909 0.158355
v 0.225863 5.077909 0.163645
v 0.222179 5.081335 0.165280
v 0.273006 5.140553 0.200000
v 0.275283 5.138435 0.195720
v 0.278967 5.135009 0.197355
v 0.278967 5.135009 0.202645
v 0.275283 5.138435 0.204280
v 0.219902 5.083452 0.200000
v 0.222179 5.081335 0.195720
v 0.225863 5.077909 0.197355
v 0.225863 5.077909 0.202645
v 0.222179 5.081335 0.204280
v 0.273006 5.140553 0.195000
v 0.275283 5.138435 0.190720
v 0.278967 5.135009 0.192355
v 0.278967 5.135009 0.197645
v 0.275283 5.138435 0.199280
v 0.219902 5.083452 0.195000
v 0.222179 5.081335 0.190720
v 0.225863 5.077909 0.192355
v 0.225863 5.077909 0.197645
v 0.222179 5.081335 0.199280
v 0.219622 5.083120 0.161000
v 0.222095 5.081236 0.156720
v 0.226092 5.078180 0.158355
v 0.226088 5.078175 0.163645
v 0.222089 5.081228 0.165280
v 0.172276 5.021161 0.160909
v 0.174750 5.019277 0.156630
v 0.178747 5.016220 0.158264
v 0.178743 5.016215 0.163554
v 0.174744 5.019269 0.165189
v 0.219622 5.083120 0.200000
v 0.222095 5.081236 0.195720
v 0.226092 5.078180 0.197355
v 0.226088 5.078175 0.202645
v 0.222089 5.081228 0.204280
v 0.172276 5.021161 0.199909
v 0.174750 5.019277 0.195630
v 0.178747 5.016220 0.197264
v 0.178743 5.016215 0.202554
v 0.174744 5.019269 0.204189
v 0.219622 5.083120 0.195000
v 0.222095 5.081236 0.190720
v 0.226092 5.078180 0.192355
v 0.226088 5.078175 0.197645
v 0.222089 5.081228 0.199280
v 0.172276 5.021161 0.194909
v 0.174750 5.019277 0.190630
v 0.178747 5.016220 0.192264
v 0.178743 5.016215 0.197554
v 0.174744 5.019269 0.199189
v 0.172029 5.020802 0.160909
v 0.174709 5.019224 0.156630
v 0.178968 5.016546 0.158265
v 0.178921 5.016469 0.163554
v 0.174632 5.019100 0.165188
v 0.130885 4.954563 0.159583
v 0.133565 4.952984 0.155304
v 0.137824 4.950306 0.156939
v 0.137777 4.950230 0.162228
v 0.133488 4.952860 0.163862
v 0.172029 5.020802 0.199909
v 0.174709 5.019224 0.195630
v 0.178968 5.016546 0.197265
v 0.178921 5.016469 0.202554
v 0.174632 5.019100 0.204188
v 0.130885 4.954563 0.198583
v 0.133565 4.952984 0.194304
v 0.137824 4.950306 0.195939
v 0.137777 4.950230 0.201228
v 0.133488 4.952860 0.202862
v 0.175852 5.022428 0.129909
v 0.172388 5.020428 0.129909
v 0.172388 5.016428 0.129909
v 0.175852 5.014428 0.129909
v 0.179316 5.016428 0.129909
v 0.179316 5.020428 0.129909
v 0.175852 5.022428 0.199909
v 0.172388 5.020428 0.199909
v 0.172388 5.016428 0.199909
v 0.175852 5.014428 0.199909
v 0.179316 5.016428 0.199909
v 0.179316 5.020428 0.199909
v 0.172029 5.020802 0.194909
v 0.174709 5.019224 0.190630
v 0.178968 5.016546 0.192265
v 0.178921 5.016469 0.197554
v 0.174632 5.019100 0.199188
v 0.130885 4.954563 0.193583
v 0.133565 4.952984 0.189304
v 0.137824 4.950306 0.190939
v 0.137777 4.950230 0.196228
v 0.133488 4.952860 0.197862
v 0.130674 4.954183 0.159583
v 0.133563 4.953012 0.155310
v 0.138034 4.950703 0.156942
v 0.137908 4.950448 0.162225
v 0.133359 4.952599 0.163857
v 0.096115 4.884282 0.155383
v 0.099004 4.883110 0.151109
v 0.103475 4.880801 0.152741
v 0.103349 4.880546 0.158024
v 0.098800 4.882697 0.159656
v 0.130674 4.954183 0.198583
v 0.133563 4.953012 0.194310
v 0.138034 4.950703 0.195942
v 0.137908 4.950448 0.201225
v 0.133359 4.952599 0.202857
v 0.096115 4.884282 0.194383
v 0.099004 4.883110 0.190109
v 0.103475 4.880801 0.191741
v 0.103349 4.880546 0.197024
v 0.098800 4.882697 0.198656
v 0.130674 4.954183 0.193583
v 0.133563 4.953012 0.189310
v 0.138034 4.950703 0.190942
v 0.137908 4.950448 0.196225
v 0.133359 4.952599 0.197857
v 0.096115 4.884282 0.189383
v 0.099004 4.883110 0.185109
v 0.103475 4.880801 0.186742
v 0.103349 4.880546 0.192024
v 0.098800 4.882697 0.193656
v 0.095941 4.883883 0.155383
v 0.099006 4.883197 0.151126
v 0.103650 4.881254 0.152752
v 0.103455 4.880739 0.158013
v 0.098691 4.882364 0.159639
v 0.068290 4.810972 0.147221
v 0.071355 4.810287 0.142965
v 0.075999 4.808343 0.144591
v 0.075804 4.807828 0.149852
v 0.071039 4.809453 0.151478
v 0.095941 4.883883 0.194383
v 0.099006 4.883197 0.190126
v 0.103650 4.881254 0.191752
v 0.103455 4.880739 0.197013
v 0.098691 4.882364 0.198639
v 0.068290 4.810972 0.186221
v 0.071355 4.810287 0.181965
v 0.075999 4.808343 0.183591
v 0.075804 4.807828 0.188852
v 0.071039 4.809453 0.190478
v 0.095941 4.883883 0.189383
v 0.099006 4.883197 0.185126
v 0.103650 4.881254 0.186752
v 0.103455 4.880739 0.192013
v 0.098691 4.882364 0.193639
v 0.068290 4.810972 0.181221
v 0.071355 4.810287 0.176965
v 0.075999 4.808343 0.178591
v 0.075804 4.807828 0.183852
v 0.071039 4.809453 0.185478
v 0.068155 4.810559 0.147221
v 0.071332 4.810390 0.142995
v 0.076119 4.808820 0.144609
v 0.075901 4.808020 0.149834
v 0.070979 4.809094 0.151448
v 0.047670 4.735320 0.134842
v 0.050847 4.735151 0.130615
v 0.055634 4.733582 0.132230
v 0.055416 4.732781 0.137454
v 0.050494 4.733856 0.139069
v 0.068155 4.810559 0.186221
v 0.071332 4.810390 0.181995
v 0.076119 4.808820 0.183609
v 0.075901 4.808020 0.188834
v 0.070979 4.809094 0.190448
v 0.047670 4.735320 0.173842
v 0.050847 4.735151 0.169615
v 0.055634 4.733582 0.171230
v 0.055416 4.732781 0.176454
v 0.050494 4.733856 0.178069
v 0.072497 4.813377 0.116221
v 0.069033 4.811377 0.116221
v 0.069033 4.807377 0.116221
v 0.072497 4.805377 0.116221
v 0.075961 4.807377 0.116221
v 0.075961 4.811377 0.116221
v 0.072497 4.813377 0.186221
v 0.069033 4.811377 0.186221
v 0.069033 4.807377 0.186221
v 0.072497 4.805377 0.186221
v 0.075961 4.807377 0.186221
v 0.075961 4.811377 0.186221
v 0.068155 4.810559 0.181221
v 0.071332 4.810390 0.176995
v 0.076119 4.808820 0.178609
v 0.075901 4.808020 0.183834
v 0.070979 4.809094 0.185448
v 0.047670 4.735320 0.168842
v 0.050847 4.735151 0.164615
v 0.055634 4.733582 0.166230
v 0.055416 4.732781 0.171454
v 0.050494 4.733856 0.173069
v 0.047576 4.734895 0.134842
v 0.050786 4.735218 0.130649
v 0.055690 4.734048 0.132251
v 0.055511 4.733002 0.137433
v 0.050497 4.733526 0.139035
v 0.034448 4.658031 0.118877
v 0.037658 4.658353 0.114684
v 0.042562 4.657183 0.116285
v 0.042383 4.656137 0.121468
v 0.037369 4.656661 0.123069
v 0.047576 4.734895 0.173842
v 0.050786 4.735218 0.169649
v 0.055690 4.734048 0.171251
v 0.055511 4.733002 0.176433
v 0.050497 4.733526 0.178035
v 0.034448 4.658031 0.157877
v 0.037658 4.658353 0.153684
v 0.042562 4.657183 0.155285
v 0.042383 4.656137 0.160468
v 0.037369 4.656661 0.162069
v 0.047576 4.734895 0.168842
v 0.050786 4.735218 0.164649
v 0.055690 4.734048 0.166251
v 0.055511 4.733002 0.171433
v 0.050497 4.733526 0.173035
v 0.034448 4.658031 0.152877
v 0.037658 4.658353 0.148684
v 0.042562 4.657183 0.150285
v 0.042383 4.656137 0.155468
v 0.037369 4.656661 0.157069
v 0.034396 4.657599 0.118877
v 0.037567 4.658343 0.114709
v 0.042558 4.657609 0.116301
v 0.042471 4.656410 0.121453
v 0.037427 4.656404 0.123045
v 0.028747 4.579826 0.100690
v 0.031919 4.580570 0.096522
v 0.036910 4.579835 0.098114
v 0.036823 4.578637 0.103266
v 0.031778 4.578631 0.104858
v 0.034396 4.657599 0.157877
v 0.037567 4.658343 0.153709
v 0.042558 4.657609 0.155301
v 0.042471 4.656410 0.160453
v 0.037427 4.656404 0.162045
v 0.028747 4.579826 0.139690
v 0.031919 4.580570 0.135522
v 0.036910 4.579835 0.137114
v 0.036823 4.578637 0.142266
v 0.031778 4.578631 0.143858
v 0.034396 4.657599 0.152877
v 0.037567 4.658343 0.148709
v 0.042558 4.657609 0.150301
v 0.042471 4.656410 0.155453
v 0.037427 4.656404 0.157045
v 0.028747 4.579826 0.134690
v 0.031919 4.580570 0.130522
v 0.036910 4.579835 0.132114
v 0.036823 4.578637 0.137266
v 0.031778 4.578631 0.138858
v 0.028736 4.579513 0.100690
v 0.031848 4.580506 0.096529
v 0.036878 4.580109 0.098119
v 0.036874 4.578871 0.103262
v 0.031842 4.578503 0.104851
v 0.028500 4.498013 0.081074
v 0.031612 4.499005 0.076913
v 0.036642 4.498609 0.078502
v 0.036639 4.497371 0.083646
v 0.031607 4.497003 0.085235
v 0.028736 4.579513 0.139690
v 0.031848 4.580506 0.135529
v 0.036878 4.580109 0.137119
v 0.036874 4.578871 0.142262
v 0.031842 4.578503 0.143851
v 0.028500 4.498013 0.120074
v 0.031612 4.499005 0.115913
v 0.036642 4.498609 0.117502
v 0.036639 4.497371 0.122646
v 0.031607 4.497003 0.124235
v 0.033236 4.583500 0.069690
v 0.029772 4.581500 0.069690
v 0.029772 4.577500 0.069690
v 0.033236 4.575500 0.069690
v 0.036700 4.577500 0.069690
v 0.036700 4.581500 0.069690
v 0.033236 4.583500 0.139690
v 0.029772 4.581500 0.139690
v 0.029772 4.577500 0.139690
v 0.033236 4.575500 0.139690
v 0.036700 4.577500 0.139690
v 0.036700 4.581500 0.139690
v 0.028736 4.579513 0.134690
v 0.031848 4.580506 0.130529
v 0.036878 4.580109 0.132119
v 0.036874 4.578871 0.137262
v 0.031842 4.578503 0.138851
v 0.028500 4.498013 0.115074
v 0.031612 4.499005 0.110913
v 0.036642 4.498609 0.112502
v 0.036639 4.497371 0.117646
v 0.031607 4.497003 0.119235
v 0.028500 4.498000 0.081074
v 0.031609 4.499002 0.076913
v 0.036641 4.498619 0.078503
v 0.036641 4.497381 0.083646
v 0.031609 4.496998 0.085235
v 0.028500 4.415333 0.061173
v 0.031609 4.416335 0.057012
v 0.036641 4.415952 0.058601
v 0.036641 4.414714 0.063744
v 0.031609 4.414331 0.065334
v 0.028500 4.498000 0.120074
v 0.031609 4.499002 0.115913
v 0.036641 4.498619 0.117503
v 0.036641 4.497381 0.122646
v 0.031609 4.496998 0.124235
v 0.028500 4.415333 0.100173
v 0.031609 4.416335 0.096012
v 0.036641 4.415952 0.097601
v 0.036641 4.414714 0.102744
v 0.031609 4.414331 0.104334
v 0.028500 4.498000 0.115074
v 0.031609 4.499002 0.110913
v 0.036641 4.498619 0.112503
v 0.036641 4.497381 0.117646
v 0.031609 4.496998 0.119235
v 0.028500 4.415333 0.095173
v 0.031609 4.416335 0.091012
v 0.036641 4.415952 0.092601
v 0.036641 4.414714 0.097744
v 0.031609 4.414331 0.099334
v 0.028500 4.415333 0.061173
v 0.031609 4.416335 0.057012
v 0.036641 4.415952 0.058601
v 0.036641 4.414714 0.063744
v 0.031609 4.414331 0.065334
v 0.028500 4.332667 0.041272
v 0.031609 4.333668 0.037111
v 0.036641 4.333286 0.038700
v 0.036641 4.332047 0.043843
v 0.031609 4.331665 0.045432
v 0.028500 4.415333 0.100173
v 0.031609 4.416335 0.096012
v 0.036641 4.415952 0.097601
v 0.036641 4.414714 0.102744
v 0.031609 4.414331 0.104334
v 0.028500 4.332667 0.080272
v 0.031609 4.333668 0.076111
v 0.036641 4.333286 0.077700
v 0.036641 4.332047 0.082843
v 0.031609 4.331665 0.084432
v 0.028500 4.415333 0.095173
v 0.031609 4.416335 0.091012
v 0.036641 4.415952 0.092601
v 0.036641 4.414714 0.097744
v 0.031609 4.414331 0.099334
v 0.028500 4.332667 0.075272
v 0.031609 4.333668 0.071111
v 0.036641 4.333286 0.072700
v 0.036641 4.332047 0.077843
v 0.031609 4.331665 0.079432
v 0.028500 4.332667 0.041272
v 0.031609 4.333366 0.037049
v 0.036641 4.333099 0.038662
v 0.036641 4.332234 0.043881
v 0.031609 4.331967 0.045494
v 0.028500 4.270667 0.031000
v 0.031609 4.271366 0.026778
v 0.036641 4.271099 0.028391
v 0.036641 4.270235 0.033609
v 0.031609 4.269967 0.035222
v 0.028500 4.332667 0.080272
v 0.031609 4.333366 0.076049
v 0.036641 4.333099 0.077662
v 0.036641 4.332234 0.082881
v 0.031609 4.331967 0.084494
v 0.028500 4.270667 0.070000
v 0.031609 4.271366 0.065778
v 0.036641 4.271099 0.067391
v 0.036641 4.270235 0.072609
v 0.031609 4.269967 0.074222
v 0.033000 4.336667 0.010272
v 0.029536 4.334667 0.010272
v 0.029536 4.330667 0.010272
v 0.033000 4.328667 0.010272
v 0.036464 4.330667 0.010272
v 0.036464 4.334667 0.010272
v 0.033000 4.336667 0.080272
v 0.029536 4.334667 0.080272
v 0.029536 4.330667 0.080272
v 0.033000 4.328667 0.080272
v 0.036464 4.330667 0.080272
v 0.036464 4.334667 0.080272
v 0.028500 4.332667 0.075272
v 0.031609 4.333366 0.071049
v 0.036641 4.333099 0.072662
v 0.036641 4.332234 0.077881
v 0.031609 4.331967 0.079494
v 0.028500 4.270667 0.065000
v 0.031609 4.271366 0.060778
v 0.036641 4.271099 0.062391
v 0.036641 4.270235 0.067609
v 0.031609 4.269967 0.069222
v 0.028500 4.270667 0.031000
v 0.031609 4.270667 0.026720
v 0.036641 4.270667 0.028355
v 0.036641 4.270667 0.033645
v 0.031609 4.270667 0.035280
v 0.028500 4.188000 0.031000
v 0.031609 4.188000 0.026720
v 0.036641 4.188000 0.028355
v 0.036641 4.188000 0.033645
v 0.031609 4.188000 0.035280
v 0.028500 4.270667 0.070000
v 0.031609 4.270667 0.065720
v 0.036641 4.270667 0.067355
v 0.036641 4.270667 0.072645
v 0.031609 4.270667 0.074280
v 0.028500 4.188000 0.070000
v 0.031609 4.188000 0.065720
v 0.036641 4.188000 0.067355
v 0.036641 4.188000 0.072645
v 0.031609 4.188000 0.074280
v 0.028500 4.270667 0.065000
v 0.031609 4.270667 0.060720
v 0.036641 4.270667 0.062355
v 0.036641 4.270667 0.067645
v 0.031609 4.270667 0.069280
v 0.028500 4.188000 0.065000
v 0.031609 4.188000 0.060720
v 0.036641 4.188000 0.062355
v 0.036641 4.188000 0.067645
v 0.031609 4.188000 0.069280
v 0.028500 4.188000 0.031000
v 0.031609 4.188000 0.026720
v 0.036641 4.188000 0.028355
v 0.036641 4.188000 0.033645
v 0.031609 4.188000 0.035280
v 0.028500 4.105333 0.031000
v 0.031609 4.105333 0.026720
v 0.036641 4.105333 0.028355
v 0.036641 4.105333 0.033645
v 0.031609 4.105333 0.035280
v 0.028500 4.188000 0.070000
v 0.031609 4.188000 0.065720
v 0.036641 4.188000 0.067355
v 0.036641 4.188000 0.072645
v 0.031609 4.188000 0.074280
v 0.028500 4.105333 0.070000
v 0.031609 4.105333 0.065720
v 0.036641 4.105333 0.067355
v 0.036641 4.105333 0.072645
v 0.031609 4.105333 0.074280
v 0.028500 4.188000 0.065000
v 0.031609 4.188000 0.060720
v 0.036641 4.188000 0.062355
v 0.036641 4.188000 0.067645
v 0.031609 4.188000 0.069280
v 0.028500 4.105333 0.065000
v 0.031609 4.105333 0.060720
v 0.036641 4.105333 0.062355
v 0.036641 4.105333 0.067645
v 0.031609 4.105333 0.069280
v 0.028500 4.105333 0.031000
v 0.031609 4.105333 0.026720
v 0.036641 4.105333 0.028355
v 0.036641 4.105333 0.033645
v 0.031609 4.105333 0.035280
v 0.028500 4.022666 0.031000
v 0.031609 4.022666 0.026720
v 0.036641 4.022666 0.028355
v 0.036641 4.022666 0.033645
v 0.031609 4.022666 0.035280
v 0.028500 4.105333 0.070000
v 0.031609 4.105333 0.065720
v 0.036641 4.105333 0.067355
v 0.036641 4.105333 0.072645
v 0.031609 4.105333 0.074280
v 0.028500 4.022666 0.070000
v 0.031609 4.022666 0.065720
v 0.036641 4.022666 0.067355
v 0.036641 4.022666 0.072645
v 0.031609 4.022666 0.074280
v 0.033000 4.109334 0.000000
v 0.029536 4.107333 0.000000
v 0.029536 4.103333 0.000000
v 0.033000 4.101333 0.000000
v 0.036464 4.103333 0.000000
v 0.036464 4.107333 0.000000
v 0.033000 4.109334 0.070000
v 0.029536 4.107333 0.070000
v 0.029536 4.103333 0.070000
v 0.033000 4.101333 0.070000
v 0.036464 4.103333 0.070000
v 0.036464 4.107333 0.070000
v 0.028500 4.105333 0.065000
v 0.031609 4.105333 0.060720
v 0.036641 4.105333 0.062355
v 0.036641 4.105333 0.067645
v 0.031609 4.105333 0.069280
v 0.028500 4.022666 0.065000
v 0.031609 4.022666 0.060720
v 0.036641 4.022666 0.062355
v 0.036641 4.022666 0.067645
v 0.031609 4.022666 0.069280
v 0.028500 4.022666 0.031000
v 0.031609 4.022666 0.026720
v 0.036641 4.022666 0.028355
v 0.036641 4.022666 0.033645
v 0.031609 4.022666 0.035280
v 0.028500 3.940000 0.031000
v 0.031609 3.940000 0.026720
v 0.036641 3.940000 0.028355
v 0.036641 3.940000 0.033645
v 0.031609 3.940000 0.035280
v 0.028500 4.022666 0.070000
v 0.031609 4.022666 0.065720
v 0.036641 4.022666 0.067355
v 0.036641 4.022666 0.072645
v 0.031609 4.022666 0.074280
v 0.028500 3.940000 0.070000
v 0.031609 3.940000 0.065720
v 0.036641 3.940000 0.067355
v 0.036641 3.940000 0.072645
v 0.031609 3.940000 0.074280
v 0.028500 4.022666 0.065000
v 0.031609 4.022666 0.060720
v 0.036641 4.022666 0.062355
v 0.036641 4.022666 0.067645
v 0.031609 4.022666 0.069280
v 0.028500 3.940000 0.065000
v 0.031609 3.940000 0.060720
v 0.036641 3.940000 0.062355
v 0.036641 3.940000 0.067645
v 0.031609 3.940000 0.069280
v 0.028500 3.940000 0.031000
v 0.031609 3.940000 0.026720
v 0.036641 3.940000 0.028355
v 0.036641 3.940000 0.033645
v 0.031609 3.940000 0.035280
v 0.028500 3.857333 0.031000
v 0.031609 3.857333 0.026720
v 0.036641 3.857333 0.028355
v 0.036641 3.857333 0.033645
v 0.031609 3.857333 0.035280
v 0.028500 3.940000 0.070000
v 0.031609 3.940000 0.065720
v 0.036641 3.940000 0.067355
v 0.036641 3.940000 0.072645
v 0.031609 3.940000 0.074280
v 0.028500 3.857333 0.070000
v 0.031609 3.857333 0.065720
v 0.036641 3.857333 0.067355
v 0.036641 3.857333 0.072645
v 0.031609 3.857333 0.074280
v 0.028500 3.940000 0.065000
v 0.031609 3.940000 0.060720
v 0.036641 3.940000 0.062355
v 0.036641 3.940000 0.067645
v 0.031609 3.940000 0.069280
v 0.028500 3.857333 0.065000
v 0.031609 3.857333 0.060720
v 0.036641 3.857333 0.062355
v 0.036641 3.857333 0.067645
v 0.031609 3.857333 0.069280
v 0.028500 3.857333 0.031000
v 0.031609 3.857333 0.026720
v 0.036641 3.857333 0.028355
v 0.036641 3.857333 0.033645
v 0.031609 3.857333 0.035280
v 0.028500 3.774667 0.031000
v 0.031609 3.774667 0.026720
v 0.036641 3.774667 0.028355
v 0.036641 3.774667 0.033645
v 0.031609 3.774667 0.035280
v 0.028500 3.857333 0.070000
v 0.031609 3.857333 0.065720
v 0.036641 3.857333 0.067355
v 0.036641 3.857333 0.072645
v 0.031609 3.857333 0.074280
v 0.028500 3.774667 0.070000
v 0.031609 3.774667 0.065720
v 0.036641 3.774667 0.067355
v 0.036641 3.774667 0.072645
v 0.031609 3.774667 0.074280
v 0.033000 3.861333 0.000000
v 0.029536 3.859333 0.000000
v 0.029536 3.855333 0.000000
v 0.033000 3.853333 0.000000
v 0.036464 3.855333 0.000000
v 0.036464 3.859333 0.000000
v 0.033000 3.861333 0.070000
v 0.029536 3.859333 0.070000
v 0.029536 3.855333 0.070000
v 0.033000 3.853333 0.070000
v 0.036464 3.855333 0.070000
v 0.036464 3.859333 0.070000
v 0.028500 3.857333 0.065000
v 0.031609 3.857333 0.060720
v 0.036641 3.857333 0.062355
v 0.036641 3.857333 0.067645
v 0.031609 3.857333 0.069280
v 0.028500 3.774667 0.065000
v 0.031609 3.774667 0.060720
v 0.036641 3.774667 0.062355
v 0.036641 3.774667 0.067645
v 0.031609 3.774667 0.069280
v 0.028500 3.774667 0.031000
v 0.031609 3.774667 0.026720
v 0.036641 3.774667 0.028355
v 0.036641 3.774667 0.033645
v 0.031609 3.774667 0.035280
v 0.028500 3.692000 0.031000
v 0.031609 3.692000 0.026720
v 0.036641 3.692000 0.028355
v 0.036641 3.692000 0.033645
v 0.031609 3.692000 0.035280
v 0.028500 3.774667 0.070000
v 0.031609 3.774667 0.065720
v 0.036641 3.774667 0.067355
v 0.036641 3.774667 0.072645
v 0.031609 3.774667 0.074280
v 0.028500 3.692000 0.070000
v 0.031609 3.692000 0.065720
v 0.036641 3.692000 0.067355
v 0.036641 3.692000 0.072645
v 0.031609 3.692000 0.074280
v 0.028500 3.774667 0.065000
v 0.031609 3.774667 0.060720
v 0.036641 3.774667 0.062355
v 0.036641 3.774667 0.067645
v 0.031609 3.774667 0.069280
v 0.028500 3.692000 0.065000
v 0.031609 3.692000 0.060720
v 0.036641 3.692000 0.062355
v 0.036641 3.692000 0.067645
v 0.031609 3.692000 0.069280
v 0.028500 3.692000 0.031000
v 0.031609 3.692000 0.026720
v 0.036641 3.692000 0.028355
v 0.036641 3.692000 0.033645
v 0.031609 3.692000 0.035280
v 0.028500 3.609333 0.031000
v 0.031609 3.609333 0.026720
v 0.036641 3.609333 0.028355
v 0.036641 3.609333 0.033645
v 0.031609 3.609333 0.035280
v 0.028500 3.692000 0.070000
v 0.031609 3.692000 0.065720
v 0.036641 3.692000 0.067355
v 0.036641 3.692000 0.072645
v 0.031609 3.692000 0.074280
v 0.028500 3.609333 0.070000
v 0.031609 3.609333 0.065720
v 0.036641 3.609333 0.067355
v 0.036641 3.609333 0.072645
v 0.031609 3.609333 0.074280
v 0.028500 3.692000 0.065000
v 0.031609 3.692000 0.060720
v 0.036641 3.692000 0.062355
v 0.036641 3.692000 0.067645
v 0.031609 3.692000 0.069280
v 0.028500 3.609333 0.065000
v 0.031609 3.609333 0.060720
v 0.036641 3.609333 0.062355
v 0.036641 3.609333 0.067645
v 0.031609 3.609333 0.069280
v 0.028500 3.609333 0.031000
v 0.031609 3.609333 0.026720
v 0.036641 3.609333 0.028355
v 0.036641 3.609333 0.033645
v 0.031609 3.609333 0.035280
v 0.028500 3.526667 0.031000
v 0.031609 3.526667 0.026720
v 0.036641 3.526667 0.028355
v 0.036641 3.526667 0.033645
v 0.031609 3.526667 0.035280
v 0.028500 3.609333 0.070000
v 0.031609 3.609333 0.065720
v 0.036641 3.609333 0.067355
v 0.036641 3.609333 0.072645
v 0.031609 3.609333 0.074280
v 0.028500 3.526667 0.070000
v 0.031609 3.526667 0.065720
v 0.036641 3.526667 0.067355
v 0.036641 3.526667 0.072645
v 0.031609 3.526667 0.074280
v 0.033000 3.613333 0.000000
v 0.029536 3.611333 0.000000
v 0.029536 3.607333 0.000000
v 0.033000 3.605333 0.000000
v 0.036464 3.607333 0.000000
v 0.036464 3.611333 0.000000
v 0.033000 3.613333 0.070000
v 0.029536 3.611333 0.070000
v 0.029536 3.607333 0.070000
v 0.033000 3.605333 0.070000
v 0.036464 3.607333 0.070000
v 0.036464 3.611333 0.070000
v 0.028500 3.609333 0.065000
v 0.031609 3.609333 0.060720
v 0.036641 3.609333 0.062355
v 0.036641 3.609333 0.067645
v 0.031609 3.609333 0.069280
v 0.028500 3.526667 0.065000
v 0.031609 3.526667 0.060720
v 0.036641 3.526667 0.062355
v 0.036641 3.526667 0.067645
v 0.031609 3.526667 0.069280
v 0.028500 3.526667 0.031000
v 0.031609 3.526667 0.026720
v 0.036641 3.526667 0.028355
v 0.036641 3.526667 0.033645
v 0.031609 3.526667 0.035280
v 0.028500 3.444000 0.031000
v 0.031609 3.444000 0.026720
v 0.036641 3.444000 0.028355
v 0.036641 3.444000 0.033645
v 0.031609 3.444000 0.035280
v 0.028500 3.526667 0.070000
v 0.031609 3.526667 0.065720
v 0.036641 3.526667 0.067355
v 0.036641 3.526667 0.072645
v 0.031609 3.526667 0.074280
v 0.028500 3.444000 0.070000
v 0.031609 3.444000 0.065720
v 0.036641 3.444000 0.067355
v 0.036641 3.444000 0.072645
v 0.031609 3.444000 0.074280
v 0.028500 3.526667 0.065000
v 0.031609 3.526667 0.060720
v 0.036641 3.526667 0.062355
v 0.036641 3.526667 0.067645
v 0.031609 3.526667 0.069280
v 0.028500 3.444000 0.065000
v 0.031609 3.444000 0.060720
v 0.036641 3.444000 0.062355
v 0.036641 3.444000 0.067645
v 0.031609 3.444000 0.069280
v 0.028500 3.444000 0.031000
v 0.031609 3.444000 0.026720
v 0.036641 3.444000 0.028355
v 0.036641 3.444000 0.033645
v 0.031609 3.444000 0.035280
v 0.028500 3.361333 0.031000
v 0.031609 3.361333 0.026720
v 0.036641 3.361333 0.028355
v 0.036641 3.361333 0.033645
v 0.031609 3.361333 0.035280
v 0.028500 3.444000 0.070000
v 0.031609 3.444000 0.065720
v 0.036641 3.444000 0.067355
v 0.036641 3.444000 0.072645
v 0.031609 3.444000 0.074280
v 0.028500 3.361333 0.070000
v 0.031609 3.361333 0.065720
v 0.036641 3.361333 0.067355
v 0.036641 3.361333 0.072645
v 0.031609 3.361333 0.074280
v 0.028500 3.444000 0.065000
v 0.031609 3.444000 0.060720
v 0.036641 3.444000 0.062355
v 0.036641 3.444000 0.067645
v 0.031609 3.444000 0.069280
v 0.028500 3.361333 0.065000
v 0.031609 3.361333 0.060720
v 0.036641 3.361333 0.062355
v 0.036641 3.361333 0.067645
v 0.031609 3.361333 0.069280
v 0.028500 3.361333 0.031000
v 0.031609 3.361333 0.026720
v 0.036641 3.361333 0.028355
v 0.036641 3.361333 0.033645
v 0.031609 3.361333 0.035280
v 0.028500 3.278667 0.031000
v 0.031609 3.278667 0.026720
v 0.036641 3.278667 0.028355
v 0.036641 3.278667 0.033645
v 0.031609 3.278667 0.035280
v 0.028500 3.361333 0.070000
v 0.031609 3.361333 0.065720
v 0.036641 3.361333 0.067355
v 0.036641 3.361333 0.072645
v 0.031609 3.361333 0.074280
v 0.028500 3.278667 0.070000
v 0.031609 3.278667 0.065720
v 0.036641 3.278667 0.067355
v 0.036641 3.278667 0.072645
v 0.031609 3.278667 0.074280
v 0.033000 3.365333 0.000000
v 0.029536 3.363333 0.000000
v 0.029536 3.359333 0.000000
v 0.033000 3.357333 0.000000
v 0.036464 3.359333 0.000000
v 0.036464 3.363333 0.000000
v 0.033000 3.365333 0.070000
v 0.029536 3.363333 0.070000
v 0.029536 3.359333 0.070000
v 0.033000 3.357333 0.070000
v 0.036464 3.359333 0.070000
v 0.036464 3.363333 0.070000
v 0.028500 3.361333 0.065000
v 0.031609 3.361333 0.060720
v 0.036641 3.361333 0.062355
v 0.036641 3.361333 0.067645
v 0.031609 3.361333 0.069280
v 0.028500 3.278667 0.065000
v 0.031609 3.278667 0.060720
v 0.036641 3.278667 0.062355
v 0.036641 3.278667 0.067645
v 0.031609 3.278667 0.069280
v 0.028500 3.278667 0.031000
v 0.031609 3.278667 0.026720
v 0.036641 3.278667 0.028355
v 0.036641 3.278667 0.033645
v 0.031609 3.278667 0.035280
v 0.028500 3.196000 0.031000
v 0.031609 3.196000 0.026720
v 0.036641 3.196000 0.028355
v 0.036641 3.196000 0.033645
v 0.031609 3.196000 0.035280
v 0.028500 3.278667 0.070000
v 0.031609 3.278667 0.065720
v 0.036641 3.278667 0.067355
v 0.036641 3.278667 0.072645
v 0.031609 3.278667 0.074280
v 0.028500 3.196000 0.070000
v 0.031609 3.196000 0.065720
v 0.036641 3.196000 0.067355
v 0.036641 3.196000 0.072645
v 0.031609 3.196000 0.074280
v 0.028500 3.278667 0.065000
v 0.031609 3.278667 0.060720
v 0.036641 3.278667 0.062355
v 0.036641 3.278667 0.067645
v 0.031609 3.278667 0.069280
v 0.028500 3.196000 0.065000
v 0.031609 3.196000 0.060720
v 0.036641 3.196000 0.062355
v 0.036641 3.196000 0.067645
v 0.031609 3.196000 0.069280
v 0.028500 3.196000 0.031000
v 0.031609 3.196000 0.026720
v 0.036641 3.196000 0.028355
v 0.036641 3.196000 0.033645
v 0.031609 3.196000 0.035280
v 0.028500 3.113333 0.031000
v 0.031609 3.113333 0.026720
v 0.036641 3.113333 0.028355
v 0.036641 3.113333 0.033645
v 0.031609 3.113333 0.035280
v 0.028500 3.196000 0.070000
v 0.031609 3.196000 0.065720
v 0.036641 3.196000 0.067355
v 0.036641 3.196000 0.072645
v 0.031609 3.196000 0.074280
v 0.028500 3.113333 0.070000
v 0.031609 3.113333 0.065720
v 0.036641 3.113333 0.067355
v 0.036641 3.113333 0.072645
v 0.031609 3.113333 0.074280
v 0.028500 3.196000 0.065000
v 0.031609 3.196000 0.060720
v 0.036641 3.196000 0.062355
v 0.036641 3.196000 0.067645
v 0.031609 3.196000 0.069280
v 0.028500 3.113333 0.065000
v 0.031609 3.113333 0.060720
v 0.036641 3.113333 0.062355
v 0.036641 3.113333 0.067645
v 0.031609 3.113333 0.069280
v 0.028500 3.113333 0.031000
v 0.031609 3.113333 0.026720
v 0.036641 3.113333 0.028355
v 0.036641 3.113333 0.033645
v 0.031609 3.113333 0.035280
v 0.028500 3.030667 0.031000
v 0.031609 3.030667 0.026720
v 0.036641 3.030667 0.028355
v 0.036641 3.030667 0.033645
v 0.031609 3.030667 0.035280
v 0.028500 3.113333 0.070000
v 0.031609 3.113333 0.065720
v 0.036641 3.113333 0.067355
v 0.036641 3.113333 0.072645
v 0.031609 3.113333 0.074280
v 0.028500 3.030667 0.070000
v 0.031609 3.030667 0.065720
v 0.036641 3.030667 0.067355
v 0.036641 3.030667 0.072645
v 0.031609 3.030667 0.074280
v 0.033000 3.117333 0.000000
v 0.029536 3.115333 0.000000
v 0.029536 3.111333 0.000000
v 0.033000 3.109333 0.000000
v 0.036464 3.111333 0.000000
v 0.036464 3.115333 0.000000
v 0.033000 3.117333 0.070000
v 0.029536 3.115333 0.070000
v 0.029536 3.111333 0.070000
v 0.033000 3.109333 0.070000
v 0.036464 3.111333 0.070000
v 0.036464 3.115333 0.070000
v 0.028500 3.113333 0.065000
v 0.031609 3.113333 0.060720
v 0.036641 3.113333 0.062355
v 0.036641 3.113333 0.067645
v 0.031609 3.113333 0.069280
v 0.028500 3.030667 0.065000
v 0.031609 3.030667 0.060720
v 0.036641 3.030667 0.062355
v 0.036641 3.030667 0.067645
v 0.031609 3.030667 0.069280
v 0.028500 3.030667 0.031000
v 0.031609 3.030667 0.026720
v 0.036641 3.030667 0.028355
v 0.036641 3.030667 0.033645
v 0.031609 3.030667 0.035280
v 0.028500 2.948000 0.031000
v 0.031609 2.948000 0.026720
v 0.036641 2.948000 0.028355
v 0.036641 2.948000 0.033645
v 0.031609 2.948000 0.035280
v 0.028500 3.030667 0.070000
v 0.031609 3.030667 0.065720
v 0.036641 3.030667 0.067355
v 0.036641 3.030667 0.072645
v 0.031609 3.030667 0.074280
v 0.028500 2.948000 0.070000
v 0.031609 2.948000 0.065720
v 0.036641 2.948000 0.067355
v 0.036641 2.948000 0.072645
v 0.031609 2.948000 0.074280
v 0.028500 3.030667 0.065000
v 0.031609 3.030667 0.060720
v 0.036641 3.030667 0.062355
v 0.036641 3.030667 0.067645
v 0.031609 3.030667 0.069280
v 0.028500 2.948000 0.065000
v 0.031609 2.948000 0.060720
v 0.036641 2.948000 0.062355
v 0.036641 2.948000 0.067645
v 0.031609 2.948000 0.069280
v 0.028500 2.948000 0.031000
v 0.031609 2.948000 0.026720
v 0.036641 2.948000 0.028355
v 0.036641 2.948000 0.033645
v 0.031609 2.948000 0.035280
v 0.028500 2.865333 0.031000
v 0.031609 2.865333 0.026720
v 0.036641 2.865333 0.028355
v 0.036641 2.865333 0.033645
v 0.031609 2.865333 0.035280
v 0.028500 2.948000 0.070000
v 0.031609 2.948000 0.065720
v 0.036641 2.948000 0.067355
v 0.036641 2.948000 0.072645
v 0.031609 2.948000 0.074280
v 0.028500 2.865333 0.070000
v 0.031609 2.865333 0.065720
v 0.036641 2.865333 0.067355
v 0.036641 2.865333 0.072645
v 0.031609 2.865333 0.074280
v 0.028500 2.948000 0.065000
v 0.031609 2.948000 0.060720
v 0.036641 2.948000 0.062355
v 0.036641 2.948000 0.067645
v 0.031609 2.948000 0.069280
v 0.028500 2.865333 0.065000
v 0.031609 2.865333 0.060720
v 0.036641 2.865333 0.062355
v 0.036641 2.865333 0.067645
v 0.031609 2.865333 0.069280
v 0.028500 2.865333 0.031000
v 0.031609 2.865333 0.026720
v 0.036641 2.865333 0.028355
v 0.036641 2.865333 0.033645
v 0.031609 2.865333 0.035280
v 0.028500 2.782667 0.031000
v 0.031609 2.782667 0.026720
v 0.036641 2.782667 0.028355
v 0.036641 2.782667 0.033645
v 0.031609 2.782667 0.035280
v 0.028500 2.865333 0.070000
v 0.031609 2.865333 0.065720
v 0.036641 2.865333 0.067355
v 0.036641 2.865333 0.072645
v 0.031609 2.865333 0.074280
v 0.028500 2.782667 0.070000
v 0.031609 2.782667 0.065720
v 0.036641 2.782667 0.067355
v 0.036641 2.782667 0.072645
v 0.031609 2.782667 0.074280
v 0.033000 2.869333 0.000000
v 0.029536 2.867333 0.000000
v 0.029536 2.863333 0.000000
v 0.033000 2.861333 0.000000
v 0.036464 2.863333 0.000000
v 0.036464 2.867333 0.000000
v 0.033000 2.869333 0.070000
v 0.029536 2.867333 0.070000
v 0.029536 2.863333 0.070000
v 0.033000 2.861333 0.070000
v 0.036464 2.863333 0.070000
v 0.036464 2.867333 0.070000
v 0.028500 2.865333 0.065000
v 0.031609 2.865333 0.060720
v 0.036641 2.865333 0.062355
v 0.036641 2.865333 0.067645
v 0.031609 2.865333 0.069280
v 0.028500 2.782667 0.065000
v 0.031609 2.782667 0.060720
v 0.036641 2.782667 0.062355
v 0.036641 2.782667 0.067645
v 0.031609 2.782667 0.069280
v 0.028500 2.782667 0.031000
v 0.031609 2.782667 0.026720
v 0.036641 2.782667 0.028355
v 0.036641 2.782667 0.033645
v 0.031609 2.782667 0.035280
v 0.028500 2.700000 0.031000
v 0.031609 2.700000 0.026720
v 0.036641 2.700000 0.028355
v 0.036641 2.700000 0.033645
v 0.031609 2.700000 0.035280
v 0.028500 2.782667 0.070000
v 0.031609 2.782667 0.065720
v 0.036641 2.782667 0.067355
v 0.036641 2.782667 0.072645
v 0.031609 2.782667 0.074280
v 0.028500 2.700000 0.070000
v 0.031609 2.700000 0.065720
v 0.036641 2.700000 0.067355
v 0.036641 2.700000 0.072645
v 0.031609 2.700000 0.074280
v 0.028500 2.782667 0.065000
v 0.031609 2.782667 0.060720
v 0.036641 2.782667 0.062355
v 0.036641 2.782667 0.067645
v 0.031609 2.782667 0.069280
v 0.028500 2.700000 0.065000
v 0.031609 2.700000 0.060720
v 0.036641 2.700000 0.062355
v 0.036641 2.700000 0.067645
v 0.031609 2.700000 0.069280
v 0.028500 2.700000 0.031000
v 0.031609 2.700000 0.026720
v 0.036641 2.700000 0.028355
v 0.036641 2.700000 0.033645
v 0.031609 2.700000 0.035280
v 0.028500 2.617333 0.031000
v 0.031609 2.617333 0.026720
v 0.036641 2.617333 0.028355
v 0.036641 2.617333 0.033645
v 0.031609 2.617333 0.035280
v 0.028500 2.700000 0.070000
v 0.031609 2.700000 0.065720
v 0.036641 2.700000 0.067355
v 0.036641 2.700000 0.072645
v 0.031609 2.700000 0.074280
v 0.028500 2.617333 0.070000
v 0.031609 2.617333 0.065720
v 0.036641 2.617333 0.067355
v 0.036641 2.617333 0.072645
v 0.031609 2.617333 0.074280
v 0.028500 2.700000 0.065000
v 0.031609 2.700000 0.060720
v 0.036641 2.700000 0.062355
v 0.036641 2.700000 0.067645
v 0.031609 2.700000 0.069280
v 0.028500 2.617333 0.065000
v 0.031609 2.617333 0.060720
v 0.036641 2.617333 0.062355
v 0.036641 2.617333 0.067645
v 0.031609 2.617333 0.069280
v 0.028500 2.617333 0.031000
v 0.031609 2.617333 0.026720
v 0.036641 2.617333 0.028355
v 0.036641 2.617333 0.033645
v 0.031609 2.617333 0.035280
v 0.028500 2.534667 0.031000
v 0.031609 2.534667 0.026720
v 0.036641 2.534667 0.028355
v 0.036641 2.534667 0.033645
v 0.031609 2.534667 0.035280
v 0.028500 2.617333 0.070000
v 0.031609 2.617333 0.065720
v 0.036641 2.617333 0.067355
v 0.036641 2.617333 0.072645
v 0.031609 2.617333 0.074280
v 0.028500 2.534667 0.070000
v 0.031609 2.534667 0.065720
v 0.036641 2.534667 0.067355
v 0.036641 2.534667 0.072645
v 0.031609 2.534667 0.074280
v 0.033000 2.621333 0.000000
v 0.029536 2.619333 0.000000
v 0.029536 2.615333 0.000000
v 0.033000 2.613333 0.000000
v 0.036464 2.615333 0.000000
v 0.036464 2.619333 0.000000
v 0.033000 2.621333 0.070000
v 0.029536 2.619333 0.070000
v 0.029536 2.615333 0.070000
v 0.033000 2.613333 0.070000
v 0.036464 2.615333 0.070000
v 0.036464 2.619333 0.070000
v 0.028500 2.617333 0.065000
v 0.031609 2.617333 0.060720
v 0.036641 2.617333 0.062355
v 0.036641 2.617333 0.067645
v 0.031609 2.617333 0.069280
v 0.028500 2.534667 0.065000
v 0.031609 2.534667 0.060720
v 0.036641 2.534667 0.062355
v 0.036641 2.534667 0.067645
v 0.031609 2.534667 0.069280
v 0.028500 2.534667 0.031000
v 0.031609 2.534667 0.026720
v 0.036641 2.534667 0.028355
v 0.036641 2.534667 0.033645
v 0.031609 2.534667 0.035280
v 0.028500 2.452000 0.031000
v 0.031609 2.452000 0.026720
v 0.036641 2.452000 0.028355
v 0.036641 2.452000 0.033645
v 0.031609 2.452000 0.035280
v 0.028500 2.534667 0.070000
v 0.031609 2.534667 0.065720
v 0.036641 2.534667 0.067355
v 0.036641 2.534667 0.072645
v 0.031609 2.534667 0.074280
v 0.028500 2.452000 0.070000
v 0.031609 2.452000 0.065720
v 0.036641 2.452000 0.067355
v 0.036641 2.452000 0.072645
v 0.031609 2.452000 0.074280
v 0.028500 2.534667 0.065000
v 0.031609 2.534667 0.060720
v 0.036641 2.534667 0.062355
v 0.036641 2.534667 0.067645
v 0.031609 2.534667 0.069280
v 0.028500 2.452000 0.065000
v 0.031609 2.452000 0.060720
v 0.036641 2.452000 0.062355
v 0.036641 2.452000 0.067645
v 0.031609 2.452000 0.069280
v 0.028500 2.452000 0.031000
v 0.031609 2.452000 0.026720
v 0.036641 2.452000 0.028355
v 0.036641 2.452000 0.033645
v 0.031609 2.452000 0.035280
v 0.028500 2.369333 0.031000
v 0.031609 2.369333 0.026720
v 0.036641 2.369333 0.028355
v 0.036641 2.369333 0.033645
v 0.031609 2.369333 0.035280
v 0.028500 2.452000 0.070000
v 0.031609 2.452000 0.065720
v 0.036641 2.452000 0.067355
v 0.036641 2.452000 0.072645
v 0.031609 2.452000 0.074280
v 0.028500 2.369333 0.070000
v 0.031609 2.369333 0.065720
v 0.036641 2.369333 0.067355
v 0.036641 2.369333 0.072645
v 0.031609 2.369333 0.074280
v 0.028500 2.452000 0.065000
v 0.031609 2.452000 0.060720
v 0.036641 2.452000 0.062355
v 0.036641 2.452000 0.067645
v 0.031609 2.452000 0.069280
v 0.028500 2.369333 0.065000
v 0.031609 2.369333 0.060720
v 0.036641 2.369333 0.062355
v 0.036641 2.369333 0.067645
v 0.031609 2.369333 0.069280
v 0.028500 2.369333 0.031000
v 0.031609 2.369333 0.026720
v 0.036641 2.369333 0.028355
v 0.036641 2.369333 0.033645
v 0.031609 2.369333 0.035280
v 0.028500 2.286667 0.031000
v 0.031609 2.286667 0.026720
v 0.036641 2.286667 0.028355
v 0.036641 2.286667 0.033645
v 0.031609 2.286667 0.035280
v 0.028500 2.369333 0.070000
v 0.031609 2.369333 0.065720
v 0.036641 2.369333 0.067355
v 0.036641 2.369333 0.072645
v 0.031609 2.369333 0.074280
v 0.028500 2.286667 0.070000
v 0.031609 2.286667 0.065720
v 0.036641 2.286667 0.067355
v 0.036641 2.286667 0.072645
v 0.031609 2.286667 0.074280
v 0.033000 2.373333 0.000000
v 0.029536 2.371333 0.000000
v 0.029536 2.367333 0.000000
v 0.033000 2.365333 0.000000
v 0.036464 2.367333 0.000000
v 0.036464 2.371333 0.000000
v 0.033000 2.373333 0.070000
v 0.029536 2.371333 0.070000
v 0.029536 2.367333 0.070000
v 0.033000 2.365333 0.070000
v 0.036464 2.367333 0.070000
v 0.036464 2.371333 0.070000
v 0.028500 2.369333 0.065000
v 0.031609 2.369333 0.060720
v 0.036641 2.369333 0.062355
v 0.036641 2.369333 0.067645
v 0.031609 2.369333 0.069280
v 0.028500 2.286667 0.065000
v 0.031609 2.286667 0.060720
v 0.036641 2.286667 0.062355
v 0.036641 2.286667 0.067645
v 0.031609 2.286667 0.069280
v 0.028500 2.286667 0.031000
v 0.031609 2.286667 0.026720
v 0.036641 2.286667 0.028355
v 0.036641 2.286667 0.033645
v 0.031609 2.286667 0.035280
v 0.028500 2.204000 0.031000
v 0.031609 2.204000 0.026720
v 0.036641 2.204000 0.028355
v 0.036641 2.204000 0.033645
v 0.031609 2.204000 0.035280
v 0.028500 2.286667 0.070000
v 0.031609 2.286667 0.065720
v 0.036641 2.286667 0.067355
v 0.036641 2.286667 0.072645
v 0.031609 2.286667 0.074280
v 0.028500 2.204000 0.070000
v 0.031609 2.204000 0.065720
v 0.036641 2.204000 0.067355
v 0.036641 2.204000 0.072645
v 0.031609 2.204000 0.074280
v 0.028500 2.286667 0.065000
v 0.031609 2.286667 0.060720
v 0.036641 2.286667 0.062355
v 0.036641 2.286667 0.067645
v 0.031609 2.286667 0.069280
v 0.028500 2.204000 0.065000
v 0.031609 2.204000 0.060720
v 0.036641 2.204000 0.062355
v 0.036641 2.204000 0.067645
v 0.031609 2.204000 0.069280
v 0.028500 2.204000 0.031000
v 0.031609 2.204000 0.026720
v 0.036641 2.204000 0.028355
v 0.036641 2.204000 0.033645
v 0.031609 2.204000 0.035280
v 0.028500 2.121333 0.031000
v 0.031609 2.121333 0.026720
v 0.036641 2.121333 0.028355
v 0.036641 2.121333 0.033645
v 0.031609 2.121333 0.035280
v 0.028500 2.204000 0.070000
v 0.031609 2.204000 0.065720
v 0.036641 2.204000 0.067355
v 0.036641 2.204000 0.072645
v 0.031609 2.204000 0.074280
v 0.028500 2.121333 0.070000
v 0.031609 2.121333 0.065720
v 0.036641 2.121333 0.067355
v 0.036641 2.121333 0.072645
v 0.031609 2.121333 0.074280
v 0.028500 2.204000 0.065000
v 0.031609 2.204000 0.060720
v 0.036641 2.204000 0.062355
v 0.036641 2.204000 0.067645
v 0.031609 2.204000 0.069280
v 0.028500 2.121333 0.065000
v 0.031609 2.121333 0.060720
v 0.036641 2.121333 0.062355
v 0.036641 2.121333 0.067645
v 0.031609 2.121333 0.069280
v 0.028500 2.121333 0.031000
v 0.031609 2.121333 0.026720
v 0.036641 2.121333 0.028355
v 0.036641 2.121333 0.033645
v 0.031609 2.121333 0.035280
v 0.028500 2.038667 0.031000
v 0.031609 2.038667 0.026720
v 0.036641 2.038667 0.028355
v 0.036641 2.038667 0.033645
v 0.031609 2.038667 0.035280
v 0.028500 2.121333 0.070000
v 0.031609 2.121333 0.065720
v 0.036641 2.121333 0.067355
v 0.036641 2.121333 0.072645
v 0.031609 2.121333 0.074280
v 0.028500 2.038667 0.070000
v 0.031609 2.038667 0.065720
v 0.036641 2.038667 0.067355
v 0.036641 2.038667 0.072645
v 0.031609 2.038667 0.074280
v 0.033000 2.125333 0.000000
v 0.029536 2.123333 0.000000
v 0.029536 2.119333 0.000000
v 0.033000 2.117333 0.000000
v 0.036464 2.119333 0.000000
v 0.036464 2.123333 0.000000
v 0.033000 2.125333 0.070000
v 0.029536 2.123333 0.070000
v 0.029536 2.119333 0.070000
v 0.033000 2.117333 0.070000
v 0.036464 2.119333 0.070000
v 0.036464 2.123333 0.070000
v 0.028500 2.121333 0.065000
v 0.031609 2.121333 0.060720
v 0.036641 2.121333 0.062355
v 0.036641 2.121333 0.067645
v 0.031609 2.121333 0.069280
v 0.028500 2.038667 0.065000
v 0.031609 2.038667 0.060720
v 0.036641 2.038667 0.062355
v 0.036641 2.038667 0.067645
v 0.031609 2.038667 0.069280
v 0.028500 2.038667 0.031000
v 0.031609 2.038667 0.026720
v 0.036641 2.038667 0.028355
v 0.036641 2.038667 0.033645
v 0.031609 2.038667 0.035280
v 0.028500 1.956000 0.031000
v 0.031609 1.956000 0.026720
v 0.036641 1.956000 0.028355
v 0.036641 1.956000 0.033645
v 0.031609 1.956000 0.035280
v 0.028500 2.038667 0.070000
v 0.031609 2.038667 0.065720
v 0.036641 2.038667 0.067355
v 0.036641 2.038667 0.072645
v 0.031609 2.038667 0.074280
v 0.028500 1.956000 0.070000
v 0.031609 1.956000 0.065720
v 0.036641 1.956000 0.067355
v 0.036641 1.956000 0.072645
v 0.031609 1.956000 0.074280
v 0.028500 2.038667 0.065000
v 0.031609 2.038667 0.060720
v 0.036641 2.038667 0.062355
v 0.036641 2.038667 0.067645
v 0.031609 2.038667 0.069280
v 0.028500 1.956000 0.065000
v 0.031609 1.956000 0.060720
v 0.036641 1.956000 0.062355
v 0.036641 1.956000 0.067645
v 0.031609 1.956000 0.069280
v 0.028500 1.956000 0.031000
v 0.031609 1.956000 0.026720
v 0.036641 1.956000 0.028355
v 0.036641 1.956000 0.033645
v 0.031609 1.956000 0.035280
v 0.028500 1.873333 0.031000
v 0.031609 1.873333 0.026720
v 0.036641 1.873333 0.028355
v 0.036641 1.873333 0.033645
v 0.031609 1.873333 0.035280
v 0.028500 1.956000 0.070000
v 0.031609 1.956000 0.065720
v 0.036641 1.956000 0.067355
v 0.036641 1.956000 0.072645
v 0.031609 1.956000 0.074280
v 0.028500 1.873333 0.070000
v 0.031609 1.873333 0.065720
v 0.036641 1.873333 0.067355
v 0.036641 1.873333 0.072645
v 0.031609 1.873333 0.074280
v 0.028500 1.956000 0.065000
v 0.031609 1.956000 0.060720
v 0.036641 1.956000 0.062355
v 0.036641 1.956000 0.067645
v 0.031609 1.956000 0.069280
v 0.028500 1.873333 0.065000
v 0.031609 1.873333 0.060720
v 0.036641 1.873333 0.062355
v 0.036641 1.873333 0.067645
v 0.031609 1.873333 0.069280
v 0.028500 1.873333 0.031000
v 0.031609 1.873333 0.026720
v 0.036641 1.873333 0.028355
v 0.036641 1.873333 0.033645
v 0.031609 1.873333 0.035280
v 0.028500 1.790667 0.031000
v 0.031609 1.790667 0.026720
v 0.036641 1.790667 0.028355
v 0.036641 1.790667 0.033645
v 0.031609 1.790667 0.035280
v 0.028500 1.873333 0.070000
v 0.031609 1.873333 0.065720
v 0.036641 1.873333 0.067355
v 0.036641 1.873333 0.072645
v 0.031609 1.873333 0.074280
v 0.028500 1.790667 0.070000
v 0.031609 1.790667 0.065720
v 0.036641 1.790667 0.067355
v 0.036641 1.790667 0.072645
v 0.031609 1.790667 0.074280
v 0.033000 1.877333 0.000000
v 0.029536 1.875333 0.000000
v 0.029536 1.871333 0.000000
v 0.033000 1.869333 0.000000
v 0.036464 1.871333 0.000000
v 0.036464 1.875333 0.000000
v 0.033000 1.877333 0.070000
v 0.029536 1.875333 0.070000
v 0.029536 1.871333 0.070000
v 0.033000 1.869333 0.070000
v 0.036464 1.871333 0.070000
v 0.036464 1.875333 0.070000
v 0.028500 1.873333 0.065000
v 0.031609 1.873333 0.060720
v 0.036641 1.873333 0.062355
v 0.036641 1.873333 0.067645
v 0.031609 1.873333 0.069280
v 0.028500 1.790667 0.065000
v 0.031609 1.790667 0.060720
v 0.036641 1.790667 0.062355
v 0.036641 1.790667 0.067645
v 0.031609 1.790667 0.069280
v 0.028500 1.790667 0.031000
v 0.031609 1.790667 0.026720
v 0.036641 1.790667 0.028355
v 0.036641 1.790667 0.033645
v 0.031609 1.790667 0.035280
v 0.028500 1.708000 0.031000
v 0.031609 1.708000 0.026720
v 0.036641 1.708000 0.028355
v 0.036641 1.708000 0.033645
v 0.031609 1.708000 0.035280
v 0.028500 1.790667 0.070000
v 0.031609 1.790667 0.065720
v 0.036641 1.790667 0.067355
v 0.036641 1.790667 0.072645
v 0.031609 1.790667 0.074280
v 0.028500 1.708000 0.070000
v 0.031609 1.708000 0.065720
v 0.036641 1.708000 0.067355
v 0.036641 1.708000 0.072645
v 0.031609 1.708000 0.074280
v 0.028500 1.790667 0.065000
v 0.031609 1.790667 0.060720
v 0.036641 1.790667 0.062355
v 0.036641 1.790667 0.067645
v 0.031609 1.790667 0.069280
v 0.028500 1.708000 0.065000
v 0.031609 1.708000 0.060720
v 0.036641 1.708000 0.062355
v 0.036641 1.708000 0.067645
v 0.031609 1.708000 0.069280
v 0.028500 1.708000 0.031000
v 0.031609 1.708000 0.026720
v 0.036641 1.708000 0.028355
v 0.036641 1.708000 0.033645
v 0.031609 1.708000 0.035280
v 0.028500 1.625333 0.031000
v 0.031609 1.625333 0.026720
v 0.036641 1.625333 0.028355
v 0.036641 1.625333 0.033645
v 0.031609 1.625333 0.035280
v 0.028500 1.708000 0.070000
v 0.031609 1.708000 0.065720
v 0.036641 1.708000 0.067355
v 0.036641 1.708000 0.072645
v 0.031609 1.708000 0.074280
v 0.028500 1.625333 0.070000
v 0.031609 1.625333 0.065720
v 0.036641 1.625333 0.067355
v 0.036641 1.625333 0.072645
v 0.031609 1.625333 0.074280
v 0.028500 1.708000 0.065000
v 0.031609 1.708000 0.060720
v 0.036641 1.708000 0.062355
v 0.036641 1.708000 0.067645
v 0.031609 1.708000 0.069280
v 0.028500 1.625333 0.065000
v 0.031609 1.625333 0.060720
v 0.036641 1.625333 0.062355
v 0.036641 1.625333 0.067645
v 0.031609 1.625333 0.069280
v 0.028500 1.625333 0.031000
v 0.031609 1.625333 0.026720
v 0.036641 1.625333 0.028355
v 0.036641 1.625333 0.033645
v 0.031609 1.625333 0.035280
v 0.028500 1.542667 0.031000
v 0.031609 1.542667 0.026720
v 0.036641 1.542667 0.028355
v 0.036641 1.542667 0.033645
v 0.031609 1.542667 0.035280
v 0.028500 1.625333 0.070000
v 0.031609 1.625333 0.065720
v 0.036641 1.625333 0.067355
v 0.036641 1.625333 0.072645
v 0.031609 1.625333 0.074280
v 0.028500 1.542667 0.070000
v 0.031609 1.542667 0.065720
v 0.036641 1.542667 0.067355
v 0.036641 1.542667 0.072645
v 0.031609 1.542667 0.074280
v 0.033000 1.629333 0.000000
v 0.029536 1.627333 0.000000
v 0.029536 1.623333 0.000000
v 0.033000 1.621333 0.000000
v 0.036464 1.623333 0.000000
v 0.036464 1.627333 0.000000
v 0.033000 1.629333 0.070000
v 0.029536 1.627333 0.070000
v 0.029536 1.623333 0.070000
v 0.033000 1.621333 0.070000
v 0.036464 1.623333 0.070000
v 0.036464 1.627333 0.070000
v 0.028500 1.625333 0.065000
v 0.031609 1.625333 0.060720
v 0.036641 1.625333 0.062355
v 0.036641 1.625333 0.067645
v 0.031609 1.625333 0.069280
v 0.028500 1.542667 0.065000
v 0.031609 1.542667 0.060720
v 0.036641 1.542667 0.062355
v 0.036641 1.542667 0.067645
v 0.031609 1.542667 0.069280
v 0.028500 1.542667 0.031000
v 0.031609 1.542667 0.026720
v 0.036641 1.542667 0.028355
v 0.036641 1.542667 0.033645
v 0.031609 1.542667 0.035280
v 0.028500 1.460000 0.031000
v 0.031609 1.460000 0.026720
v 0.036641 1.460000 0.028355
v 0.036641 1.460000 0.033645
v 0.031609 1.460000 0.035280
v 0.028500 1.542667 0.070000
v 0.031609 1.542667 0.065720
v 0.036641 1.542667 0.067355
v 0.036641 1.542667 0.072645
v 0.031609 1.542667 0.074280
v 0.028500 1.460000 0.070000
v 0.031609 1.460000 0.065720
v 0.036641 1.460000 0.067355
v 0.036641 1.460000 0.072645
v 0.031609 1.460000 0.074280
v 0.028500 1.542667 0.065000
v 0.031609 1.542667 0.060720
v 0.036641 1.542667 0.062355
v 0.036641 1.542667 0.067645
v 0.031609 1.542667 0.069280
v 0.028500 1.460000 0.065000
v 0.031609 1.460000 0.060720
v 0.036641 1.460000 0.062355
v 0.036641 1.460000 0.067645
v 0.031609 1.460000 0.069280
v 0.028500 1.460000 0.031000
v 0.031609 1.460000 0.026720
v 0.036641 1.460000 0.028355
v 0.036641 1.460000 0.033645
v 0.031609 1.460000 0.035280
v 0.028500 1.377333 0.031000
v 0.031609 1.377333 0.026720
v 0.036641 1.377333 0.028355
v 0.036641 1.377333 0.033645
v 0.031609 1.377333 0.035280
v 0.028500 1.460000 0.070000
v 0.031609 1.460000 0.065720
v 0.036641 1.460000 0.067355
v 0.036641 1.460000 0.072645
v 0.031609 1.460000 0.074280
v 0.028500 1.377333 0.070000
v 0.031609 1.377333 0.065720
v 0.036641 1.377333 0.067355
v 0.036641 1.377333 0.072645
v 0.031609 1.377333 0.074280
v 0.028500 1.460000 0.065000
v 0.031609 1.460000 0.060720
v 0.036641 1.460000 0.062355
v 0.036641 1.460000 0.067645
v 0.031609 1.460000 0.069280
v 0.028500 1.377333 0.065000
v 0.031609 1.377333 0.060720
v 0.036641 1.377333 0.062355
v 0.036641 1.377333 0.067645
v 0.031609 1.377333 0.069280
v 0.028500 1.377333 0.031000
v 0.031609 1.377333 0.026720
v 0.036641 1.377333 0.028355
v 0.036641 1.377333 0.033645
v 0.031609 1.377333 0.035280
v 0.028500 1.294667 0.031000
v 0.031609 1.294667 0.026720
v 0.036641 1.294667 0.028355
v 0.036641 1.294667 0.033645
v 0.031609 1.294667 0.035280
v 0.028500 1.377333 0.070000
v 0.031609 1.377333 0.065720
v 0.036641 1.377333 0.067355
v 0.036641 1.377333 0.072645
v 0.031609 1.377333 0.074280
v 0.028500 1.294667 0.070000
v 0.031609 1.294667 0.065720
v 0.036641 1.294667 0.067355
v 0.036641 1.294667 0.072645
v 0.031609 1.294667 0.074280
v 0.033000 1.381333 0.000000
v 0.029536 1.379333 0.000000
v 0.029536 1.375333 0.000000
v 0.033000 1.373333 0.000000
v 0.036464 1.375333 0.000000
v 0.036464 1.379333 0.000000
v 0.033000 1.381333 0.070000
v 0.029536 1.379333 0.070000
v 0.029536 1.375333 0.070000
v 0.033000 1.373333 0.070000
v 0.036464 1.375333 0.070000
v 0.036464 1.379333 0.070000
v 0.028500 1.377333 0.065000
v 0.031609 1.377333 0.060720
v 0.036641 1.377333 0.062355
v 0.036641 1.377333 0.067645
v 0.031609 1.377333 0.069280
v 0.028500 1.294667 0.065000
v 0.031609 1.294667 0.060720
v 0.036641 1.294667 0.062355
v 0.036641 1.294667 0.067645
v 0.031609 1.294667 0.069280
v 0.028500 1.294667 0.031000
v 0.031609 1.294667 0.026720
v 0.036641 1.294667 0.028355
v 0.036641 1.294667 0.033645
v 0.031609 1.294667 0.035280
v 0.028500 1.212000 0.031000
v 0.031609 1.212000 0.026720
v 0.036641 1.212000 0.028355
v 0.036641 1.212000 0.033645
v 0.031609 1.212000 0.035280
v 0.028500 1.294667 0.070000
v 0.031609 1.294667 0.065720
v 0.036641 1.294667 0.067355
v 0.036641 1.294667 0.072645
v 0.031609 1.294667 0.074280
v 0.028500 1.212000 0.070000
v 0.031609 1.212000 0.065720
v 0.036641 1.212000 0.067355
v 0.036641 1.212000 0.072645
v 0.031609 1.212000 0.074280
v 0.028500 1.294667 0.065000
v 0.031609 1.294667 0.060720
v 0.036641 1.294667 0.062355
v 0.036641 1.294667 0.067645
v 0.031609 1.294667 0.069280
v 0.028500 1.212000 0.065000
v 0.031609 1.212000 0.060720
v 0.036641 1.212000 0.062355
v 0.036641 1.212000 0.067645
v 0.031609 1.212000 0.069280
v 0.028500 1.212000 0.031000
v 0.031609 1.212000 0.026720
v 0.036641 1.212000 0.028355
v 0.036641 1.212000 0.033645
v 0.031609 1.212000 0.035280
v 0.028500 1.129333 0.031000
v 0.031609 1.129333 0.026720
v 0.036641 1.129333 0.028355
v 0.036641 1.129333 0.033645
v 0.031609 1.129333 0.035280
v 0.028500 1.212000 0.070000
v 0.031609 1.212000 0.065720
v 0.036641 1.212000 0.067355
v 0.036641 1.212000 0.072645
v 0.031609 1.212000 0.074280
v 0.028500 1.129333 0.070000
v 0.031609 1.129333 0.065720
v 0.036641 1.129333 0.067355
v 0.036641 1.129333 0.072645
v 0.031609 1.129333 0.074280
v 0.028500 1.212000 0.065000
v 0.031609 1.212000 0.060720
v 0.036641 1.212000 0.062355
v 0.036641 1.212000 0.067645
v 0.031609 1.212000 0.069280
v 0.028500 1.129333 0.065000
v 0.031609 1.129333 0.060720
v 0.036641 1.129333 0.062355
v 0.036641 1.129333 0.067645
v 0.031609 1.129333 0.069280
v 0.028500 1.129333 0.031000
v 0.031609 1.129333 0.026720
v 0.036641 1.129333 0.028355
v 0.036641 1.129333 0.033645
v 0.031609 1.129333 0.035280
v 0.028500 1.046667 0.031000
v 0.031609 1.046667 0.026720
v 0.036641 1.046667 0.028355
v 0.036641 1.046667 0.033645
v 0.031609 1.046667 0.035280
v 0.028500 1.129333 0.070000
v 0.031609 1.129333 0.065720
v 0.036641 1.129333 0.067355
v 0.036641 1.129333 0.072645
v 0.031609 1.129333 0.074280
v 0.028500 1.046667 0.070000
v 0.031609 1.046667 0.065720
v 0.036641 1.046667 0.067355
v 0.036641 1.046667 0.072645
v 0.031609 1.046667 0.074280
v 0.033000 1.133333 0.000000
v 0.029536 1.131333 0.000000
v 0.029536 1.127333 0.000000
v 0.033000 1.125333 0.000000
v 0.036464 1.127333 0.000000
v 0.036464 1.131333 0.000000
v 0.033000 1.133333 0.070000
v 0.029536 1.131333 0.070000
v 0.029536 1.127333 0.070000
v 0.033000 1.125333 0.070000
v 0.036464 1.127333 0.070000
v 0.036464 1.131333 0.070000
v 0.028500 1.129333 0.065000
v 0.031609 1.129333 0.060720
v 0.036641 1.129333 0.062355
v 0.036641 1.129333 0.067645
v 0.031609 1.129333 0.069280
v 0.028500 1.046667 0.065000
v 0.031609 1.046667 0.060720
v 0.036641 1.046667 0.062355
v 0.036641 1.046667 0.067645
v 0.031609 1.046667 0.069280
v 0.028500 1.046667 0.031000
v 0.031609 1.046667 0.026720
v 0.036641 1.046667 0.028355
v 0.036641 1.046667 0.033645
v 0.031609 1.046667 0.035280
v 0.028500 0.964000 0.031000
v 0.031609 0.964000 0.026720
v 0.036641 0.964000 0.028355
v 0.036641 0.964000 0.033645
v 0.031609 0.964000 0.035280
v 0.028500 1.046667 0.070000
v 0.031609 1.046667 0.065720
v 0.036641 1.046667 0.067355
v 0.036641 1.046667 0.072645
v 0.031609 1.046667 0.074280
v 0.028500 0.964000 0.070000
v 0.031609 0.964000 0.065720
v 0.036641 0.964000 0.067355
v 0.036641 0.964000 0.072645
v 0.031609 0.964000 0.074280
v 0.028500 1.046667 0.065000
v 0.031609 1.046667 0.060720
v 0.036641 1.046667 0.062355
v 0.036641 1.046667 0.067645
v 0.031609 1.046667 0.069280
v 0.028500 0.964000 0.065000
v 0.031609 0.964000 0.060720
v 0.036641 0.964000 0.062355
v 0.036641 0.964000 0.067645
v 0.031609 0.964000 0.069280
v 0.028500 0.964000 0.031000
v 0.031609 0.964000 0.026720
v 0.036641 0.964000 0.028355
v 0.036641 0.964000 0.033645
v 0.031609 0.964000 0.035280
v 0.028500 0.881333 0.031000
v 0.031609 0.881333 0.026720
v 0.036641 0.881333 0.028355
v 0.036641 0.881333 0.033645
v 0.031609 0.881333 0.035280
v 0.028500 0.964000 0.070000
v 0.031609 0.964000 0.065720
v 0.036641 0.964000 0.067355
v 0.036641 0.964000 0.072645
v 0.031609 0.964000 0.074280
v 0.028500 0.881333 0.070000
v 0.031609 0.881333 0.065720
v 0.036641 0.881333 0.067355
v 0.036641 0.881333 0.072645
v 0.031609 0.881333 0.074280
v 0.028500 0.964000 0.065000
v 0.031609 0.964000 0.060720
v 0.036641 0.964000 0.062355
v 0.036641 0.964000 0.067645
v 0.031609 0.964000 0.069280
v 0.028500 0.881333 0.065000
v 0.031609 0.881333 0.060720
v 0.036641 0.881333 0.062355
v 0.036641 0.881333 0.067645
v 0.031609 0.881333 0.069280
v 0.028500 0.881281 0.031000
v 0.031610 0.881292 0.026720
v 0.036641 0.881361 0.028355
v 0.036640 0.881391 0.033645
v 0.031609 0.881342 0.035280
v 0.029443 0.800958 0.031466
v 0.032552 0.800970 0.027186
v 0.037583 0.801039 0.028821
v 0.037583 0.801069 0.034111
v 0.032552 0.801020 0.035745
v 0.028500 0.881281 0.070000
v 0.031610 0.881292 0.065720
v 0.036641 0.881361 0.067355
v 0.036640 0.881391 0.072645
v 0.031609 0.881342 0.074280
v 0.029443 0.800958 0.070466
v 0.032552 0.800970 0.066186
v 0.037583 0.801039 0.067821
v 0.037583 0.801069 0.073111
v 0.032552 0.801020 0.074745
v 0.033000 0.885333 0.000000
v 0.029536 0.883333 0.000000
v 0.029536 0.879333 0.000000
v 0.033000 0.877333 0.000000
v 0.036464 0.879333 0.000000
v 0.036464 0.883333 0.000000
v 0.033000 0.885333 0.070000
v 0.029536 0.883333 0.070000
v 0.029536 0.879333 0.070000
v 0.033000 0.877333 0.070000
v 0.036464 0.879333 0.070000
v 0.036464 0.883333 0.070000
v 0.028500 0.881281 0.065000
v 0.031610 0.881292 0.060720
v 0.036641 0.881361 0.062355
v 0.036640 0.881391 0.067645
v 0.031609 0.881342 0.069280
v 0.029443 0.800958 0.065466
v 0.032552 0.800970 0.061186
v 0.037583 0.801039 0.062821
v 0.037583 0.801069 0.068111
v 0.032552 0.801020 0.069745
v 0.029463 0.800577 0.031466
v 0.032577 0.800679 0.027191
v 0.037578 0.801240 0.028824
v 0.037554 0.801485 0.034108
v 0.032539 0.801075 0.035741
v 0.036989 0.722963 0.035088
v 0.040103 0.723065 0.030813
v 0.045104 0.723627 0.032446
v 0.045080 0.723871 0.037730
v 0.040065 0.723461 0.039363
v 0.029463 0.800577 0.070466
v 0.032577 0.800679 0.066191
v 0.037578 0.801240 0.067824
v 0.037554 0.801485 0.073108
v 0.032539 0.801075 0.074741
v 0.036989 0.722963 0.074088
v 0.040103 0.723065 0.069813
v 0.045104 0.723627 0.071446
v 0.045080 0.723871 0.076730
v 0.040065 0.723461 0.078363
v 0.029463 0.800577 0.065466
v 0.032577 0.800679 0.061191
v 0.037578 0.801240 0.062824
v 0.037554 0.801485 0.068108
v 0.032539 0.801075 0.069741
v 0.036989 0.722963 0.069088
v 0.040103 0.723065 0.064813
v 0.045104 0.723627 0.066446
v 0.045080 0.723871 0.071730
v 0.040065 0.723461 0.073363
v 0.037052 0.722533 0.035088
v 0.040174 0.722770 0.030824
v 0.045085 0.723874 0.032453
v 0.044998 0.724319 0.037724
v 0.040033 0.723490 0.039352
v 0.052034 0.646008 0.041798
v 0.055156 0.646245 0.037534
v 0.060066 0.647349 0.039163
v 0.059979 0.647794 0.044434
v 0.055015 0.646965 0.046062
v 0.037052 0.722533 0.074088
v 0.040174 0.722770 0.069824
v 0.045085 0.723874 0.071453
v 0.044998 0.724319 0.076724
v 0.040033 0.723490 0.078352
v 0.052034 0.646008 0.080798
v 0.055156 0.646245 0.076534
v 0.060066 0.647349 0.078163
v 0.059979 0.647794 0.083434
v 0.055015 0.646965 0.085062
v 0.037052 0.722533 0.069088
v 0.040174 0.722770 0.064824
v 0.045085 0.723874 0.066453
v 0.044998 0.724319 0.071724
v 0.040033 0.723490 0.073352
v 0.052034 0.646008 0.075798
v 0.055156 0.646245 0.071534
v 0.060066 0.647349 0.073163
v 0.059979 0.647794 0.078434
v 0.055015 0.646965 0.080062
v 0.052138 0.645585 0.041798
v 0.055255 0.646014 0.037546
v 0.060023 0.647629 0.039170
v 0.059854 0.648198 0.044427
v 0.054980 0.646935 0.046051
v 0.074435 0.570864 0.050605
v 0.077552 0.571292 0.046353
v 0.082321 0.572907 0.047977
v 0.082151 0.573476 0.053234
v 0.077278 0.572213 0.054858
v 0.052138 0.645585 0.080798
v 0.055255 0.646014 0.076546
v 0.060023 0.647629 0.078170
v 0.059854 0.648198 0.083427
v 0.054980 0.646935 0.085051
v 0.074435 0.570864 0.089605
v 0.077552 0.571292 0.085353
v 0.082321 0.572907 0.086977
v 0.082151 0.573476 0.092234
v 0.077278 0.572213 0.093858
v 0.056450 0.650872 0.010798
v 0.052986 0.648872 0.010798
v 0.052986 0.644872 0.010798
v 0.056450 0.642872 0.010798
v 0.059914 0.644872 0.010798
v 0.059914 0.648872 0.010798
v 0.056450 0.650872 0.080798
v 0.052986 0.648872 0.080798
v 0.052986 0.644872 0.080798
v 0.056450 0.642872 0.080798
v 0.059914 0.644872 0.080798
v 0.059914 0.648872 0.080798
v 0.052138 0.645585 0.075798
v 0.055255 0.646014 0.071546
v 0.060023 0.647629 0.073170
v 0.059854 0.648198 0.078427
v 0.054980 0.646935 0.080051
v 0.074435 0.570864 0.084605
v 0.077552 0.571292 0.080353
v 0.082321 0.572907 0.081977
v 0.082151 0.573476 0.087234
v 0.077278 0.572213 0.088858
v 0.074580 0.570453 0.050605
v 0.077657 0.571141 0.046358
v 0.082241 0.573224 0.047980
v 0.081997 0.573823 0.053231
v 0.077262 0.572110 0.054853
v 0.103985 0.498232 0.060209
v 0.107062 0.498920 0.055961
v 0.111646 0.501003 0.057584
v 0.111402 0.501602 0.062834
v 0.106667 0.499889 0.064457
v 0.074580 0.570453 0.089605
v 0.077657 0.571141 0.085358
v 0.082241 0.573224 0.086980
v 0.081997 0.573823 0.092231
v 0.077262 0.572110 0.093853
v 0.103985 0.498232 0.099209
v 0.107062 0.498920 0.094961
v 0.111646 0.501003 0.096584
v 0.111402 0.501602 0.101834
v 0.106667 0.499889 0.103457
v 0.074580 0.570453 0.084605
v 0.077657 0.571141 0.080358
v 0.082241 0.573224 0.081980
v 0.081997 0.573823 0.087231
v 0.077262 0.572110 0.088853
v 0.103985 0.498232 0.094209
v 0.107062 0.498920 0.089961
v 0.111646 0.501003 0.091584
v 0.111402 0.501602 0.096834
v 0.106667 0.499889 0.098457
v 0.104168 0.497838 0.060209
v 0.107149 0.498849 0.055957
v 0.111517 0.501353 0.057581
v 0.111235 0.501889 0.062837
v 0.106694 0.499717 0.064461
v 0.140406 0.428792 0.069191
v 0.143387 0.429804 0.064939
v 0.147755 0.432307 0.066563
v 0.147473 0.432843 0.071819
v 0.142932 0.430671 0.073443
v 0.104168 0.497838 0.099209
v 0.107149 0.498849 0.094957
v 0.111517 0.501353 0.096581
v 0.111235 0.501889 0.101837
v 0.106694 0.499717 0.103461
v 0.140406 0.428792 0.108191
v 0.143387 0.429804 0.103939
v 0.147755 0.432307 0.105563
v 0.147473 0.432843 0.110819
v 0.142932 0.430671 0.112443
v 0.104168 0.497838 0.094209
v 0.107149 0.498849 0.089957
v 0.111517 0.501353 0.091581
v 0.111235 0.501889 0.096837
v 0.106694 0.499717 0.098461
v 0.140406 0.428792 0.103191
v 0.143387 0.429804 0.098939
v 0.147755 0.432307 0.100563
v 0.147473 0.432843 0.105819
v 0.142932 0.430671 0.107443
v 0.140626 0.428417 0.069191
v 0.143438 0.429800 0.064929
v 0.147566 0.432680 0.066557
v 0.147305 0.433077 0.071825
v 0.143017 0.430443 0.073453
v 0.183359 0.363191 0.076225
v 0.186171 0.364574 0.071963
v 0.190299 0.367454 0.073591
v 0.190038 0.367851 0.078860
v 0.185749 0.365217 0.080488
v 0.140626 0.428417 0.108191
v 0.143438 0.429800 0.103929
v 0.147566 0.432680 0.105557
v 0.147305 0.433077 0.110825
v 0.143017 0.430443 0.112453
v 0.183359 0.363191 0.115225
v 0.186171 0.364574 0.110963
v 0.190299 0.367454 0.112591
v 0.190038 0.367851 0.117860
v 0.185749 0.365217 0.119488
v 0.144390 0.434883 0.038191
v 0.140926 0.432883 0.038191
v 0.140926 0.428883 0.038191
v 0.144390 0.426883 0.038191
v 0.147855 0.428883 0.038191
v 0.147855 0.432883 0.038191
v 0.144390 0.434883 0.108191
v 0.140926 0.432883 0.108191
v 0.140926 0.428883 0.108191
v 0.144390 0.426883 0.108191
v 0.147855 0.428883 0.108191
v 0.147855 0.432883 0.108191
v 0.140626 0.428417 0.103191
v 0.143438 0.429800 0.098929
v 0.147566 0.432680 0.100557
v 0.147305 0.433077 0.105825
v 0.143017 0.430443 0.107453
v 0.183359 0.363191 0.110225
v 0.186171 0.364574 0.105963
v 0.190299 0.367454 0.107591
v 0.190038 0.367851 0.112860
v 0.185749 0.365217 0.114488
v 0.183615 0.362839 0.076225
v 0.186178 0.364614 0.071951
v 0.190048 0.367830 0.073584
v 0.189876 0.368044 0.078867
v 0.185900 0.364960 0.080499
v 0.232443 0.302042 0.080274
v 0.235007 0.303816 0.076000
v 0.238876 0.307033 0.077632
v 0.238704 0.307247 0.082915
v 0.234729 0.304162 0.084548
v 0.183615 0.362839 0.115225
v 0.186178 0.364614 0.110951
v 0.190048 0.367830 0.112584
v 0.189876 0.368044 0.117867
v 0.185900 0.364960 0.119499
v 0.232443 0.302042 0.119274
v 0.235007 0.303816 0.115000
v 0.238876 0.307033 0.116632
v 0.238704 0.307247 0.121915
v 0.234729 0.304162 0.123548
v 0.183615 0.362839 0.110225
v 0.186178 0.364614 0.105951
v 0.190048 0.367830 0.107584
v 0.189876 0.368044 0.112867
v 0.185900 0.364960 0.114499
v 0.232443 0.302042 0.114274
v 0.235007 0.303816 0.110000
v 0.238876 0.307033 0.111632
v 0.238704 0.307247 0.116915
v 0.234729 0.304162 0.118548
v 0.232694 0.301756 0.080274
v 0.234980 0.303864 0.075994
v 0.238609 0.307349 0.077629
v 0.238566 0.307394 0.082918
v 0.234910 0.303938 0.084553
v 0.273043 0.259407 0.080971
v 0.275330 0.261515 0.076691
v 0.278959 0.265000 0.078326
v 0.278915 0.265046 0.083616
v 0.275259 0.261589 0.085250
v 0.232694 0.301756 0.119274
v 0.234980 0.303864 0.114994
v 0.238609 0.307349 0.116629
v 0.238566 0.307394 0.121918
v 0.234910 0.303938 0.123553
v 0.273043 0.259407 0.119971
v 0.275330 0.261515 0.115691
v 0.278959 0.265000 0.117326
v 0.278915 0.265046 0.122616
v 0.275259 0.261589 0.124250
v 0.232694 0.301756 0.114274
v 0.234980 0.303864 0.109994
v 0.238609 0.307349 0.111629
v 0.238566 0.307394 0.116918
v 0.234910 0.303938 0.118553
v 0.273043 0.259407 0.114971
v 0.275330 0.261515 0.110691
v 0.278959 0.265000 0.112326
v 0.278915 0.265046 0.117616
v 0.275259 0.261589 0.119250
v 0.273317 0.259143 0.080971
v 0.275285 0.261554 0.076693
v 0.278657 0.265288 0.078327
v 0.278774 0.265185 0.083615
v 0.275474 0.261387 0.085249
v 0.331684 0.207435 0.078672
v 0.333652 0.209846 0.074394
v 0.337024 0.213579 0.076028
v 0.337141 0.213476 0.081316
v 0.333841 0.209678 0.082950
v 0.273317 0.259143 0.119971
v 0.275285 0.261554 0.115693
v 0.278657 0.265288 0.117327
v 0.278774 0.265185 0.122615
v 0.275474 0.261387 0.124249
v 0.331684 0.207435 0.117672
v 0.333652 0.209846 0.113394
v 0.337024 0.213579 0.115028
v 0.337141 0.213476 0.120316
v 0.333841 0.209678 0.121950
v 0.276301 0.266512 0.049971
v 0.272837 0.264512 0.049971
v 0.272837 0.260512 0.049971
v 0.276301 0.258512 0.049971
v 0.279765 0.260512 0.049971
v 0.279765 0.264512 0.049971
v 0.276301 0.266512 0.119971
v 0.272837 0.264512 0.119971
v 0.272837 0.260512 0.119971
v 0.276301 0.258512 0.119971
v 0.279765 0.260512 0.119971
v 0.279765 0.264512 0.119971
v 0.273317 0.259143 0.114971
v 0.275285 0.261554 0.110693
v 0.278657 0.265288 0.112327
v 0.278774 0.265185 0.117615
v 0.275474 0.261387 0.119249
v 0.331684 0.207435 0.112672
v 0.333652 0.209846 0.108394
v 0.337024 0.213579 0.110028
v 0.337141 0.213476 0.115316
v 0.333841 0.209678 0.116950
v 0.332024 0.207162 0.078672
v 0.333601 0.209859 0.074403
v 0.336654 0.213860 0.076034
v 0.336963 0.213636 0.081310
v 0.334101 0.209496 0.082940
v 0.395109 0.161328 0.073025
v 0.396686 0.164025 0.068757
v 0.399739 0.168026 0.070387
v 0.400048 0.167802 0.075664
v 0.397187 0.163662 0.077294
v 0.332024 0.207162 0.117672
v 0.333601 0.209859 0.113403
v 0.336654 0.213860 0.115034
v 0.336963 0.213636 0.120310
v 0.334101 0.209496 0.121940
v 0.395109 0.161328 0.112025
v 0.396686 0.164025 0.107757
v 0.399739 0.168026 0.109387
v 0.400048 0.167802 0.114664
v 0.397187 0.163662 0.116294
v 0.332024 0.207162 0.112672
v 0.333601 0.209859 0.108403
v 0.336654 0.213860 0.110034
v 0.336963 0.213636 0.115310
v 0.334101 0.209496 0.116940
v 0.395109 0.161328 0.107025
v 0.396686 0.164025 0.102757
v 0.399739 0.168026 0.104387
v 0.400048 0.167802 0.109664
v 0.397187 0.163662 0.111294
v 0.395473 0.161090 0.073025
v 0.396665 0.163996 0.068769
v 0.399362 0.168246 0.070395
v 0.399837 0.167967 0.075656
v 0.397433 0.163544 0.077282
v 0.462687 0.121558 0.064865
v 0.463879 0.124464 0.060609
v 0.466577 0.128715 0.062234
v 0.467051 0.128435 0.067496
v 0.464647 0.124013 0.069122
v 0.395473 0.161090 0.112025
v 0.396665 0.163996 0.107769
v 0.399362 0.168246 0.109395
v 0.399837 0.167967 0.114656
v 0.397433 0.163544 0.116282
v 0.462687 0.121558 0.103865
v 0.463879 0.124464 0.099609
v 0.466577 0.128715 0.101234
v 0.467051 0.128435 0.106496
v 0.464647 0.124013 0.108122
v 0.395473 0.161090 0.107025
v 0.396665 0.163996 0.102769
v 0.399362 0.168246 0.104395
v 0.399837 0.167967 0.109656
v 0.397433 0.163544 0.111282
v 0.462687 0.121558 0.098865
v 0.463879 0.124464 0.094609
v 0.466577 0.128715 0.096234
v 0.467051 0.128435 0.101496
v 0.464647 0.124013 0.103122
v 0.463072 0.121356 0.064865
v 0.463915 0.124393 0.060617
v 0.466213 0.128873 0.062239
v 0.466792 0.128604 0.067491
v 0.464850 0.123958 0.069114
v 0.533788 0.088496 0.055396
v 0.534631 0.091533 0.051147
v 0.536929 0.096013 0.052770
v 0.537508 0.095744 0.058022
v 0.535566 0.091099 0.059644
v 0.463072 0.121356 0.103865
v 0.463915 0.124393 0.099617
v 0.466213 0.128873 0.101239
v 0.466792 0.128604 0.106491
v 0.464850 0.123958 0.108114
v 0.533788 0.088496 0.094396
v 0.534631 0.091533 0.090147
v 0.536929 0.096013 0.091770
v 0.537508 0.095744 0.097022
v 0.535566 0.091099 0.098644
v 0.464968 0.129437 0.033865
v 0.461504 0.127437 0.033865
v 0.461504 0.123437 0.033865
v 0.464968 0.121437 0.033865
v 0.468433 0.123437 0.033865
v 0.468433 0.127437 0.033865
v 0.464968 0.129437 0.103865
v 0.461504 0.127437 0.103865
v 0.461504 0.123437 0.103865
v 0.464968 0.121437 0.103865
v 0.468433 0.123437 0.103865
v 0.468433 0.127437 0.103865
v 0.463072 0.121356 0.098865
v 0.463915 0.124393 0.094617
v 0.466213 0.128873 0.096239
v 0.466792 0.128604 0.101491
v 0.464850 0.123958 0.103114
v 0.533788 0.088496 0.089396
v 0.534631 0.091533 0.085147
v 0.536929 0.096013 0.086770
v 0.537508 0.095744 0.092022
v 0.535566 0.091099 0.093644
v 0.534191 0.088332 0.055396
v 0.534741 0.091435 0.051147
v 0.536595 0.096116 0.052770
v 0.537191 0.095906 0.058022
v 0.535705 0.091096 0.059645
v 0.607748 0.062451 0.046016
v 0.608298 0.065554 0.041767
v 0.610152 0.070235 0.043390
v 0.610748 0.070025 0.048642
v 0.609262 0.065214 0.050265
v 0.534191 0.088332 0.094396
v 0.534741 0.091435 0.090147
v 0.536595 0.096116 0.091770
v 0.537191 0.095906 0.097022
v 0.535705 0.091096 0.098645
v 0.607748 0.062451 0.085016
v 0.608298 0.065554 0.080767
v 0.610152 0.070235 0.082390
v 0.610748 0.070025 0.087642
v 0.609262 0.065214 0.089265
v 0.534191 0.088332 0.089396
v 0.534741 0.091435 0.085147
v 0.536595 0.096116 0.086770
v 0.537191 0.095906 0.092022
v 0.535705 0.091096 0.093645
v 0.607748 0.062451 0.080016
v 0.608298 0.065554 0.075767
v 0.610152 0.070235 0.077390
v 0.610748 0.070025 0.082642
v 0.609262 0.065214 0.084265
v 0.608165 0.062326 0.046016
v 0.608490 0.065449 0.041758
v 0.609854 0.070294 0.043384
v 0.610372 0.070167 0.048647
v 0.609328 0.065242 0.050274
v 0.683877 0.043665 0.038110
v 0.684202 0.046787 0.033852
v 0.685566 0.051633 0.035478
v 0.686084 0.051505 0.040742
v 0.685040 0.046581 0.042368
v 0.608165 0.062326 0.085016
v 0.608490 0.065449 0.080758
v 0.609854 0.070294 0.082384
v 0.610372 0.070167 0.087647
v 0.609328 0.065242 0.089274
v 0.683877 0.043665 0.077110
v 0.684202 0.046787 0.072852
v 0.685566 0.051633 0.074478
v 0.686084 0.051505 0.079742
v 0.685040 0.046581 0.081368
v 0.608165 0.062326 0.080016
v 0.608490 0.065449 0.075758
v 0.609854 0.070294 0.077384
v 0.610372 0.070167 0.082647
v 0.609328 0.065242 0.084274
v 0.683877 0.043665 0.072110
v 0.684202 0.046787 0.067852
v 0.685566 0.051633 0.069478
v 0.686084 0.051505 0.074742
v 0.685040 0.046581 0.076368
v 0.684304 0.043582 0.038110
v 0.684468 0.046700 0.033840
v 0.685303 0.051662 0.035471
v 0.685656 0.051611 0.040749
v 0.685038 0.046617 0.042380
v 0.761463 0.032315 0.032846
v 0.761627 0.035433 0.028576
v 0.762463 0.040395 0.030207
v 0.762816 0.040344 0.035485
v 0.762198 0.035350 0.037116
v 0.684304 0.043582 0.077110
v 0.684468 0.046700 0.072840
v 0.685303 0.051662 0.074471
v 0.685656 0.051611 0.079749
v 0.685038 0.046617 0.081380
v 0.761463 0.032315 0.071846
v 0.761627 0.035433 0.067576
v 0.762463 0.040395 0.069207
v 0.762816 0.040344 0.074485
v 0.762198 0.035350 0.076116
v 0.684954 0.052034 0.007110
v 0.681490 0.050034 0.007110
v 0.681490 0.046034 0.007110
v 0.684954 0.044034 0.007110
v 0.688418 0.046034 0.007110
v 0.688418 0.050034 0.007110
v 0.684954 0.052034 0.077110
v 0.681490 0.050034 0.077110
v 0.681490 0.046034 0.077110
v 0.684954 0.044034 0.077110
v 0.688418 0.046034 0.077110
v 0.688418 0.050034 0.077110
v 0.684304 0.043582 0.072110
v 0.684468 0.046700 0.067840
v 0.685303 0.051662 0.069471
v 0.685656 0.051611 0.074749
v 0.685038 0.046617 0.076380
v 0.761463 0.032315 0.066846
v 0.761627 0.035433 0.062576
v 0.762463 0.040395 0.064207
v 0.762816 0.040344 0.069485
v 0.762198 0.035350 0.071116
v 0.761896 0.032273 0.032846
v 0.761945 0.035383 0.028567
v 0.762227 0.040407 0.030201
v 0.762352 0.040401 0.035490
v 0.762147 0.035374 0.037124
v 0.839783 0.028505 0.031000
v 0.839832 0.031616 0.026721
v 0.840113 0.036639 0.028356
v 0.840238 0.036633 0.033644
v 0.840034 0.031606 0.035279
v 0.761896 0.032273 0.071846
v 0.761945 0.035383 0.067567
v 0.762227 0.040407 0.069201
v 0.762352 0.040401 0.074490
v 0.762147 0.035374 0.076124
v 0.839783 0.028505 0.070000
v 0.839832 0.031616 0.065721
v 0.840113 0.036639 0.067356
v 0.840238 0.036633 0.072644
v 0.840034 0.031606 0.074279
v 0.761896 0.032273 0.066846
v 0.761945 0.035383 0.062567
v 0.762227 0.040407 0.064201
v 0.762352 0.040401 0.069490
v 0.762147 0.035374 0.071124
v 0.839783 0.028505 0.065000
v 0.839832 0.031616 0.060721
v 0.840113 0.036639 0.062356
v 0.840238 0.036633 0.067644
v 0.840034 0.031606 0.069279
v 1.163059 4.370070 0.030000
v 1.161932 4.371810 0.027147
v 1.160109 4.374625 0.028237
v 1.160109 4.374625 0.031763
v 1.161932 4.371810 0.032853
v 1.214488 4.403373 0.030000
v 1.213361 4.405113 0.027147
v 1.211538 4.407928 0.028237
v 1.211538 4.407928 0.031763
v 1.213361 4.405113 0.032853
v 1.317235 4.468850 0.030000
v 1.316184 4.470637 0.027147
v 1.314484 4.473528 0.028237
v 1.314484 4.473528 0.031763
v 1.316184 4.470637 0.032853
v 1.368664 4.499099 0.030000
v 1.367613 4.500885 0.027147
v 1.365912 4.503777 0.028237
v 1.365912 4.503777 0.031763
v 1.367613 4.500885 0.032853
v 1.471001 4.549181 0.030000
v 1.470309 4.551135 0.027147
v 1.469190 4.554296 0.028237
v 1.469190 4.554296 0.031763
v 1.470309 4.551135 0.032853
v 1.522430 4.567389 0.030000
v 1.521738 4.569343 0.027147
v 1.520619 4.572505 0.028237
v 1.520619 4.572505 0.031763
v 1.521738 4.569343 0.032853
v 1.624286 4.586192 0.030000
v 1.624286 4.588265 0.027147
v 1.624286 4.591619 0.028237
v 1.624286 4.591619 0.031763
v 1.624286 4.588265 0.032853
v 1.675714 4.586192 0.030000
v 1.675714 4.588265 0.027147
v 1.675714 4.591619 0.028237
v 1.675714 4.591619 0.031763
v 1.675714 4.588265 0.032853
v 1.777570 4.567389 0.030000
v 1.778262 4.569343 0.027147
v 1.779381 4.572505 0.028237
v 1.779381 4.572505 0.031763
v 1.778262 4.569343 0.032853
v 1.828999 4.549181 0.030000
v 1.829691 4.551135 0.027147
v 1.830810 4.554296 0.028237
v 1.830810 4.554296 0.031763
v 1.829691 4.551135 0.032853
v 1.931336 4.499099 0.030000
v 1.932387 4.500885 0.027147
v 1.934088 4.503777 0.028237
v 1.934088 4.503777 0.031763
v 1.932387 4.500885 0.032853
v 1.982765 4.468850 0.030000
v 1.983816 4.470637 0.027147
v 1.985516 4.473528 0.028237
v 1.985516 4.473528 0.031763
v 1.983816 4.470637 0.032853
v 2.085512 4.403373 0.030000
v 2.086639 4.405113 0.027147
v 2.088462 4.407928 0.028237
v 2.088462 4.407928 0.031763
v 2.086639 4.405113 0.032853
v 2.136941 4.370070 0.030000
v 2.138067 4.371810 0.027147
v 2.139891 4.374625 0.028237
v 2.139891 4.374625 0.031763
v 2.138067 4.371810 0.032853
v 1.161429 4.375588 0.002000
v 1.158575 4.373515 0.002000
v 1.159665 4.370161 0.002000
v 1.163192 4.370161 0.002000
v 1.164282 4.373515 0.002000
v 1.161429 4.375588 0.052000
v 1.158575 4.373515 0.052000
v 1.159665 4.370161 0.052000
v 1.163192 4.370161 0.052000
v 1.164282 4.373515 0.052000
v 1.315714 4.474436 0.002000
v 1.312861 4.472363 0.002000
v 1.313951 4.469009 0.002000
v 1.317478 4.469009 0.002000
v 1.318568 4.472363 0.002000
v 1.315714 4.474436 0.052000
v 1.312861 4.472363 0.052000
v 1.313951 4.469009 0.052000
v 1.317478 4.469009 0.052000
v 1.318568 4.472363 0.052000
v 1.470000 4.555008 0.002000
v 1.467147 4.552936 0.002000
v 1.468237 4.549582 0.002000
v 1.471763 4.549582 0.002000
v 1.472853 4.552936 0.002000
v 1.470000 4.555008 0.052000
v 1.467147 4.552936 0.052000
v 1.468237 4.549582 0.052000
v 1.471763 4.549582 0.052000
v 1.472853 4.552936 0.052000
v 1.624286 4.592192 0.002000
v 1.621433 4.590119 0.002000
v 1.622522 4.586765 0.002000
v 1.626049 4.586765 0.002000
v 1.627139 4.590119 0.002000
v 1.624286 4.592192 0.052000
v 1.621433 4.590119 0.052000
v 1.622522 4.586765 0.052000
v 1.626049 4.586765 0.052000
v 1.627139 4.590119 0.052000
v 1.778571 4.573217 0.002000
v 1.775718 4.571144 0.002000
v 1.776808 4.567790 0.002000
v 1.780335 4.567790 0.002000
v 1.781425 4.571144 0.002000
v 1.778571 4.573217 0.052000
v 1.775718 4.571144 0.052000
v 1.776808 4.567790 0.052000
v 1.780335 4.567790 0.052000
v 1.781425 4.571144 0.052000
v 1.932857 4.504685 0.002000
v 1.930004 4.502612 0.002000
v 1.931094 4.499258 0.002000
v 1.934620 4.499258 0.002000
v 1.935710 4.502612 0.002000
v 1.932857 4.504685 0.052000
v 1.930004 4.502612 0.052000
v 1.931094 4.499258 0.052000
v 1.934620 4.499258 0.052000
v 1.935710 4.502612 0.052000
v 2.087143 4.408891 0.002000
v 2.084290 4.406818 0.002000
v 2.085380 4.403464 0.002000
v 2.088906 4.403464 0.002000
v 2.089996 4.406818 0.002000
v 2.087143 4.408891 0.052000
v 2.084290 4.406818 0.052000
v 2.085380 4.403464 0.052000
v 2.088906 4.403464 0.052000
v 2.089996 4.406818 0.052000
vn 0.967477 -0.037843 -0.250111
vn 0.076445 0.207561 -0.975230
vn -0.922427 0.021713 -0.385561
vn -0.646392 -0.245062 0.722580
vn 0.524014 -0.224975 0.821459
vn 0.967478 0.037843 0.250110
vn 0.524000 0.224977 -0.821468
vn -0.646387 0.245063 -0.722584
vn -0.922427 -0.021713 0.385560
vn 0.076453 -0.207561 0.975230
vn 0.967477 -0.037843 -0.250111
vn 0.076446 0.207561 -0.975230
vn -0.922427 0.021713 -0.385561
vn -0.646392 -0.245062 0.722580
vn 0.524014 -0.224975 0.821460
vn 0.967478 0.037843 0.250110
vn 0.524000 0.224977 -0.821467
vn -0.646387 0.245063 -0.722585
vn -0.922427 -0.021713 0.385560
vn 0.076453 -0.207561 0.975230
vn 0.967477 -0.037843 -0.250111
vn 0.076444 0.207561 -0.975230
vn -0.922427 0.021713 -0.385561
vn -0.646392 -0.245062 0.722580
vn 0.524014 -0.224975 0.821459
vn 0.967478 0.037843 0.250110
vn 0.524000 0.224977 -0.821468
vn -0.646387 0.245063 -0.722584
vn -0.922427 -0.021713 0.385560
vn 0.076453 -0.207561 0.975230
vn 0.968352 -0.028151 -0.247995
vn 0.076458 0.210273 -0.974648
vn -0.922866 0.028773 -0.384046
vn -0.646694 -0.238130 0.724625
vn 0.524036 -0.222296 0.822174
vn 0.968352 0.028151 0.247996
vn 0.524051 0.222294 -0.822166
vn -0.646699 0.238129 -0.724620
vn -0.922865 -0.028773 0.384048
vn 0.076450 -0.210273 0.974649
vn 0.968352 -0.028151 -0.247995
vn 0.076458 0.210273 -0.974648
vn -0.922865 0.028773 -0.384046
vn -0.646694 -0.238130 0.724625
vn 0.524037 -0.222296 0.822174
vn 0.968352 0.028151 0.247996
vn 0.524050 0.222294 -0.822166
vn -0.646699 0.238129 -0.724620
vn -0.922865 -0.028773 0.384048
vn 0.076451 -0.210273 0.974649
vn 0.968352 -0.028151 -0.247995
vn 0.076458 0.210273 -0.974648
vn -0.922866 0.028773 -0.384046
vn -0.646694 -0.238130 0.724625
vn 0.524037 -0.222296 0.822174
vn 0.968352 0.028151 0.247996
vn 0.524051 0.222294 -0.822166
vn -0.646700 0.238129 -0.724620
vn -0.922865 -0.028773 0.384048
vn 0.076450 -0.210273 0.974649
vn 0.968352 -0.028151 -0.247996
vn 0.076458 0.210273 -0.974648
vn -0.922865 0.028773 -0.384048
vn -0.646700 -0.238128 0.724620
vn 0.524044 -0.222294 0.822170
vn 0.968352 0.028151 0.247996
vn 0.524044 0.222294 -0.822170
vn -0.646694 0.238130 -0.724625
vn -0.922866 -0.028773 0.384046
vn 0.076458 -0.210273 0.974648
vn 0.968352 -0.028151 -0.247996
vn 0.076458 0.210273 -0.974648
vn -0.922864 0.028773 -0.384049
vn -0.646700 -0.238128 0.724620
vn 0.524044 -0.222294 0.822170
vn 0.968352 0.028151 0.247996
vn 0.524043 0.222294 -0.822171
vn -0.646694 0.238130 -0.724625
vn -0.922865 -0.028773 0.384046
vn 0.076458 -0.210273 0.974648
vn -0.187788 0.975857 -0.111526
vn -0.944745 0.327273 -0.018702
vn -0.754726 -0.653643 -0.056027
vn 0.188444 -0.979246 -0.074609
vn 0.943433 -0.326796 -0.056023
vn 0.755804 0.654531 -0.018702
vn 0.187792 0.975856 0.111528
vn -0.755781 0.654557 0.018703
vn -0.943426 -0.326816 0.056026
vn -0.188440 -0.979247 0.074607
vn 0.754748 -0.653618 0.056025
vn 0.944752 0.327253 0.018701
vn 0.968352 -0.028151 -0.247996
vn 0.076458 0.210273 -0.974648
vn -0.922865 0.028773 -0.384048
vn -0.646700 -0.238128 0.724620
vn 0.524044 -0.222294 0.822170
vn 0.968352 0.028151 0.247996
vn 0.524044 0.222294 -0.822170
vn -0.646694 0.238130 -0.724625
vn -0.922866 -0.028773 0.384046
vn 0.076458 -0.210273 0.974648
vn 0.965596 -0.044546 -0.256203
vn 0.071840 0.200683 -0.977018
vn -0.920611 -0.020632 -0.389935
vn -0.639026 -0.279987 0.716417
vn 0.529092 -0.220445 0.819430
vn 0.962530 0.088834 0.256212
vn 0.518397 0.244509 -0.819438
vn -0.651199 0.250350 -0.716425
vn -0.920586 -0.021665 0.389939
vn 0.080983 -0.197172 0.977018
vn 0.965596 -0.044546 -0.256203
vn 0.071840 0.200683 -0.977019
vn -0.920611 -0.020632 -0.389935
vn -0.639026 -0.279987 0.716417
vn 0.529092 -0.220445 0.819430
vn 0.962530 0.088834 0.256212
vn 0.518397 0.244509 -0.819439
vn -0.651199 0.250350 -0.716425
vn -0.920586 -0.021665 0.389939
vn 0.080983 -0.197172 0.977018
vn 0.965596 -0.044546 -0.256203
vn 0.071840 0.200683 -0.977018
vn -0.920611 -0.020632 -0.389935
vn -0.639026 -0.279987 0.716417
vn 0.529092 -0.220445 0.819430
vn 0.962530 0.088834 0.256212
vn 0.518398 0.244509 -0.819438
vn -0.651199 0.250350 -0.716425
vn -0.920586 -0.021665 0.389939
vn 0.080983 -0.197172 0.977018
vn 0.965229 0.025669 -0.260144
vn 0.053491 0.193367 -0.979667
vn -0.910352 -0.129369 -0.393093
vn -0.606251 -0.351572 0.713342
vn 0.547976 -0.167949 0.819460
vn 0.943325 0.206073 0.260138
vn 0.491861 0.294209 -0.819460
vn -0.672765 0.196272 -0.713347
vn -0.914862 -0.092251 0.393086
vn 0.098211 -0.174946 0.979668
vn 0.965229 0.025669 -0.260144
vn 0.053491 0.193367 -0.979667
vn -0.910352 -0.129369 -0.393094
vn -0.606251 -0.351572 0.713342
vn 0.547976 -0.167949 0.819460
vn 0.943325 0.206073 0.260138
vn 0.491860 0.294209 -0.819460
vn -0.672765 0.196272 -0.713347
vn -0.914862 -0.092251 0.393086
vn 0.098210 -0.174946 0.979668
vn 0.965229 0.025669 -0.260144
vn 0.053490 0.193367 -0.979667
vn -0.910352 -0.129369 -0.393094
vn -0.606250 -0.351572 0.713343
vn 0.547976 -0.167949 0.819460
vn 0.943325 0.206073 0.260138
vn 0.491860 0.294209 -0.819460
vn -0.672765 0.196272 -0.713347
vn -0.914862 -0.092251 0.393086
vn 0.098211 -0.174946 0.979667
vn 0.959195 0.114045 -0.258724
vn 0.038080 0.181836 -0.982591
vn -0.892110 -0.223256 -0.392807
vn -0.571904 -0.397386 0.717642
vn 0.558769 -0.101317 0.823111
vn 0.917935 0.300785 0.258697
vn 0.464043 0.327349 -0.823108
vn -0.686097 0.119382 -0.717648
vn -0.903116 -0.173468 0.392798
vn 0.111153 -0.148855 0.982592
vn 0.959195 0.114046 -0.258724
vn 0.038080 0.181836 -0.982591
vn -0.892110 -0.223255 -0.392807
vn -0.571904 -0.397386 0.717642
vn 0.558769 -0.101318 0.823111
vn 0.917935 0.300785 0.258697
vn 0.464043 0.327349 -0.823108
vn -0.686097 0.119382 -0.717648
vn -0.903116 -0.173468 0.392798
vn 0.111151 -0.148856 0.982592
vn -0.187792 0.975856 -0.111528
vn -0.944752 0.327253 -0.018701
vn -0.754748 -0.653618 -0.056025
vn 0.188440 -0.979247 -0.074607
vn 0.943426 -0.326816 -0.056026
vn 0.755781 0.654557 -0.018703
vn 0.187788 0.975857 0.111526
vn -0.755804 0.654531 0.018702
vn -0.943433 -0.326796 0.056023
vn -0.188444 -0.979246 0.074609
vn 0.754726 -0.653643 0.056027
vn 0.944745 0.327273 0.018702
vn 0.959195 0.114045 -0.258724
vn 0.038081 0.181836 -0.982591
vn -0.892110 -0.223256 -0.392807
vn -0.571905 -0.397386 0.717641
vn 0.558770 -0.101317 0.823111
vn 0.917935 0.300785 0.258697
vn 0.464043 0.327349 -0.823108
vn -0.686097 0.119383 -0.717648
vn -0.903116 -0.173468 0.392798
vn 0.111152 -0.148855 0.982592
vn 0.945748 0.199505 -0.256433
vn 0.027718 0.161976 -0.986405
vn -0.863271 -0.317748 -0.392172
vn -0.536028 -0.434725 0.723663
vn 0.559871 -0.028240 0.828099
vn 0.882392 0.394487 0.256447
vn 0.436357 0.351931 -0.828092
vn -0.689174 0.036634 -0.723669
vn -0.885177 -0.250350 0.392155
vn 0.117625 -0.114752 0.986406
vn 0.945749 0.199505 -0.256433
vn 0.027717 0.161976 -0.986405
vn -0.863271 -0.317748 -0.392172
vn -0.536027 -0.434725 0.723664
vn 0.559871 -0.028240 0.828099
vn 0.882391 0.394488 0.256447
vn 0.436358 0.351931 -0.828092
vn -0.689175 0.036634 -0.723669
vn -0.885177 -0.250350 0.392155
vn 0.117626 -0.114752 0.986406
vn 0.945749 0.199505 -0.256433
vn 0.027717 0.161976 -0.986405
vn -0.863271 -0.317748 -0.392172
vn -0.536027 -0.434725 0.723664
vn 0.559870 -0.028240 0.828099
vn 0.882391 0.394487 0.256447
vn 0.436357 0.351931 -0.828093
vn -0.689174 0.036634 -0.723669
vn -0.885177 -0.250350 0.392156
vn 0.117625 -0.114752 0.986406
vn 0.925257 0.282264 -0.253427
vn 0.023628 0.137087 -0.990277
vn -0.823711 -0.410611 -0.391022
vn -0.499842 -0.465331 0.730496
vn 0.550309 0.048103 0.833574
vn 0.836807 0.485311 0.253433
vn 0.409997 0.370219 -0.833571
vn -0.681152 -0.049127 -0.730492
vn -0.861643 -0.323546 0.391011
vn 0.116479 -0.076055 0.990277
vn 0.925257 0.282264 -0.253427
vn 0.023628 0.137087 -0.990277
vn -0.823711 -0.410611 -0.391023
vn -0.499843 -0.465331 0.730496
vn 0.550309 0.048103 0.833574
vn 0.836807 0.485311 0.253433
vn 0.409997 0.370219 -0.833571
vn -0.681151 -0.049127 -0.730493
vn -0.861643 -0.323546 0.391011
vn 0.116477 -0.076056 0.990277
vn 0.925257 0.282264 -0.253428
vn 0.023630 0.137088 -0.990277
vn -0.823711 -0.410611 -0.391022
vn -0.499842 -0.465331 0.730496
vn 0.550308 0.048102 0.833575
vn 0.836806 0.485311 0.253433
vn 0.409998 0.370219 -0.833571
vn -0.681151 -0.049126 -0.730493
vn -0.861643 -0.323546 0.391011
vn 0.116478 -0.076055 0.990277
vn 0.897823 0.362618 -0.249843
vn 0.025720 0.110977 -0.993490
vn -0.773922 -0.499451 -0.389349
vn -0.463683 -0.491391 0.737247
vn 0.530258 0.124078 0.838708
vn 0.781764 0.571350 0.249810
vn 0.385185 0.384968 -0.838709
vn -0.662089 -0.134614 -0.737236
vn -0.832623 -0.393892 0.389343
vn 0.107844 -0.036707 0.993490
vn 0.897823 0.362618 -0.249843
vn 0.025720 0.110977 -0.993490
vn -0.773922 -0.499451 -0.389350
vn -0.463682 -0.491391 0.737248
vn 0.530257 0.124078 0.838708
vn 0.781763 0.571350 0.249810
vn 0.385185 0.384968 -0.838709
vn -0.662089 -0.134614 -0.737236
vn -0.832622 -0.393892 0.389344
vn 0.107844 -0.036707 0.993490
vn -0.187835 0.975848 -0.111528
vn -0.944747 0.327267 -0.018700
vn -0.754768 -0.653595 -0.056023
vn 0.188483 -0.979238 -0.074611
vn 0.943421 -0.326830 -0.056028
vn 0.755801 0.654535 -0.018700
vn 0.187831 0.975849 0.111525
vn -0.755823 0.654509 0.018699
vn -0.943428 -0.326810 0.056025
vn -0.188488 -0.979237 0.074613
vn 0.754746 -0.653621 0.056025
vn 0.944740 0.327287 0.018701
vn 0.897823 0.362618 -0.249843
vn 0.025720 0.110977 -0.993490
vn -0.773922 -0.499451 -0.389349
vn -0.463682 -0.491391 0.737248
vn 0.530257 0.124078 0.838708
vn 0.781763 0.571350 0.249810
vn 0.385185 0.384968 -0.838708
vn -0.662089 -0.134614 -0.737236
vn -0.832622 -0.393892 0.389344
vn 0.107844 -0.036707 0.993490
vn 0.863274 0.440728 -0.246000
vn 0.032651 0.087209 -0.995655
vn -0.714958 -0.582098 -0.387294
vn -0.427024 -0.515083 0.743196
vn 0.500947 0.196213 0.842943
vn 0.718209 0.650886 0.246014
vn 0.361101 0.398815 -0.842943
vn -0.633033 -0.216621 -0.743198
vn -0.797806 -0.462082 0.387280
vn 0.093121 -0.000395 0.995655
vn 0.863274 0.440729 -0.245999
vn 0.032650 0.087208 -0.995655
vn -0.714958 -0.582098 -0.387294
vn -0.427024 -0.515083 0.743196
vn 0.500947 0.196213 0.842943
vn 0.718209 0.650886 0.246014
vn 0.361102 0.398816 -0.842942
vn -0.633034 -0.216622 -0.743197
vn -0.797806 -0.462082 0.387280
vn 0.093121 -0.000395 0.995655
vn 0.863274 0.440729 -0.245999
vn 0.032651 0.087209 -0.995655
vn -0.714958 -0.582098 -0.387294
vn -0.427025 -0.515083 0.743195
vn 0.500946 0.196212 0.842943
vn 0.718209 0.650886 0.246014
vn 0.361103 0.398816 -0.842942
vn -0.633034 -0.216621 -0.743198
vn -0.797807 -0.462082 0.387279
vn 0.093120 -0.000396 0.995655
vn 0.821326 0.516436 -0.242316
vn 0.042255 0.068412 -0.996762
vn -0.648239 -0.656882 -0.385087
vn -0.388704 -0.538002 0.747972
vn 0.464380 0.261767 0.846067
vn 0.647346 0.722658 0.242299
vn 0.336217 0.413683 -0.846064
vn -0.595763 -0.292574 -0.747975
vn -0.756641 -0.528391 0.385093
vn 0.074548 0.030133 0.996762
vn 0.821326 0.516436 -0.242316
vn 0.042255 0.068412 -0.996762
vn -0.648239 -0.656882 -0.385087
vn -0.388703 -0.538002 0.747974
vn 0.464379 0.261767 0.846067
vn 0.647346 0.722658 0.242300
vn 0.336217 0.413683 -0.846064
vn -0.595763 -0.292574 -0.747975
vn -0.756641 -0.528391 0.385094
vn 0.074549 0.030134 0.996762
vn 0.821326 0.516436 -0.242316
vn 0.042255 0.068412 -0.996762
vn -0.648239 -0.656882 -0.385087
vn -0.388703 -0.538002 0.747974
vn 0.464379 0.261767 0.846067
vn 0.647346 0.722658 0.242300
vn 0.336217 0.413683 -0.846064
vn -0.595763 -0.292574 -0.747975
vn -0.756641 -0.528391 0.385094
vn 0.074549 0.030134 0.996762
vn 0.771787 0.589218 -0.239095
vn 0.052136 0.055887 -0.997075
vn -0.575286 -0.722717 -0.383048
vn -0.347369 -0.560881 0.751497
vn 0.422839 0.319124 0.848155
vn 0.570396 0.785792 0.239122
vn 0.308819 0.430430 -0.848152
vn -0.552319 -0.360817 -0.751501
vn -0.708624 -0.592588 0.383002
vn 0.054610 0.053470 0.997075
vn 0.771787 0.589218 -0.239095
vn 0.052136 0.055887 -0.997075
vn -0.575286 -0.722717 -0.383048
vn -0.347369 -0.560881 0.751497
vn 0.422838 0.319123 0.848156
vn 0.570396 0.785792 0.239122
vn 0.308819 0.430430 -0.848152
vn -0.552319 -0.360817 -0.751501
vn -0.708624 -0.592589 0.383002
vn 0.054610 0.053470 0.997075
vn -0.187792 0.975856 -0.111529
vn -0.944752 0.327253 -0.018701
vn -0.754749 -0.653618 -0.056025
vn 0.188440 -0.979247 -0.074607
vn 0.943426 -0.326816 -0.056026
vn 0.755781 0.654557 -0.018703
vn 0.187788 0.975857 0.111526
vn -0.755804 0.654531 0.018702
vn -0.943433 -0.326796 0.056023
vn -0.188444 -0.979246 0.074609
vn 0.754726 -0.653643 0.056027
vn 0.944745 0.327273 0.018702
vn 0.771787 0.589218 -0.239095
vn 0.052136 0.055887 -0.997075
vn -0.575286 -0.722717 -0.383048
vn -0.347369 -0.560881 0.751497
vn 0.422838 0.319123 0.848156
vn 0.570396 0.785792 0.239122
vn 0.308820 0.430430 -0.848151
vn -0.552319 -0.360817 -0.751501
vn -0.708624 -0.592589 0.383002
vn 0.054610 0.053470 0.997075
vn 0.714656 0.658254 -0.236576
vn 0.060260 0.049605 -0.996949
vn -0.497532 -0.779145 -0.381307
vn -0.301925 -0.583482 0.753916
vn 0.378395 0.367833 0.849421
vn 0.488538 0.839860 0.236573
vn 0.277516 0.448850 -0.849423
vn -0.504593 -0.420724 -0.753907
vn -0.653430 -0.653932 0.381316
vn 0.035434 0.069545 0.996949
vn 0.714656 0.658254 -0.236576
vn 0.060260 0.049605 -0.996949
vn -0.497532 -0.779145 -0.381307
vn -0.301925 -0.583482 0.753916
vn 0.378394 0.367833 0.849422
vn 0.488538 0.839860 0.236573
vn 0.277516 0.448850 -0.849423
vn -0.504593 -0.420724 -0.753908
vn -0.653430 -0.653932 0.381316
vn 0.035434 0.069545 0.996949
vn 0.714656 0.658254 -0.236576
vn 0.060261 0.049606 -0.996949
vn -0.497532 -0.779145 -0.381306
vn -0.301926 -0.583483 0.753916
vn 0.378394 0.367833 0.849422
vn 0.488538 0.839860 0.236573
vn 0.277517 0.448851 -0.849422
vn -0.504593 -0.420724 -0.753907
vn -0.653430 -0.653933 0.381315
vn 0.035434 0.069545 0.996949
vn 0.650211 0.722555 -0.234819
vn 0.065344 0.048538 -0.996682
vn -0.416106 -0.826074 -0.380075
vn -0.251856 -0.604882 0.755437
vn 0.332480 0.408287 0.850152
vn 0.402765 0.884680 0.234781
vn 0.241536 0.467875 -0.850149
vn -0.453969 -0.472469 -0.755437
vn -0.591160 -0.711389 0.380073
vn 0.018402 0.079290 0.996682
vn 0.650211 0.722555 -0.234819
vn 0.065344 0.048538 -0.996682
vn -0.416106 -0.826074 -0.380075
vn -0.251857 -0.604882 0.755437
vn 0.332480 0.408287 0.850152
vn 0.402765 0.884680 0.234781
vn 0.241536 0.467874 -0.850149
vn -0.453968 -0.472468 -0.755438
vn -0.591160 -0.711389 0.380073
vn 0.018402 0.079290 0.996682
vn 0.650211 0.722555 -0.234819
vn 0.065344 0.048538 -0.996682
vn -0.416106 -0.826074 -0.380075
vn -0.251856 -0.604882 0.755438
vn 0.332480 0.408286 0.850153
vn 0.402765 0.884680 0.234781
vn 0.241536 0.467875 -0.850149
vn -0.453969 -0.472469 -0.755437
vn -0.591160 -0.711388 0.380074
vn 0.018402 0.079290 0.996682
vn 0.579006 0.781115 -0.233690
vn 0.066973 0.051146 -0.996443
vn -0.331912 -0.863705 -0.379274
vn -0.197319 -0.623749 0.756309
vn 0.285881 0.441426 0.850538
vn 0.313937 0.920238 0.233677
vn 0.200891 0.486037 -0.850536
vn -0.401249 -0.516723 -0.756305
vn -0.522276 -0.763802 0.379256
vn 0.004046 0.084170 0.996443
vn 0.579006 0.781115 -0.233690
vn 0.066972 0.051145 -0.996443
vn -0.331912 -0.863705 -0.379274
vn -0.197319 -0.623748 0.756309
vn 0.285881 0.441426 0.850538
vn 0.313937 0.920238 0.233677
vn 0.200891 0.486037 -0.850536
vn -0.401249 -0.516723 -0.756304
vn -0.522276 -0.763802 0.379256
vn 0.004047 0.084169 0.996443
vn -0.187835 0.975848 -0.111528
vn -0.944747 0.327267 -0.018700
vn -0.754768 -0.653595 -0.056023
vn 0.188483 -0.979238 -0.074611
vn 0.943421 -0.326830 -0.056028
vn 0.755801 0.654535 -0.018700
vn 0.187831 0.975849 0.111525
vn -0.755823 0.654509 0.018699
vn -0.943428 -0.326810 0.056025
vn -0.188488 -0.979237 0.074613
vn 0.754745 -0.653621 0.056025
vn 0.944740 0.327287 0.018701
vn 0.579006 0.781115 -0.233690
vn 0.066973 0.051146 -0.996443
vn -0.331912 -0.863705 -0.379273
vn -0.197318 -0.623748 0.756310
vn 0.285881 0.441425 0.850538
vn 0.313937 0.920238 0.233677
vn 0.200892 0.486037 -0.850535
vn -0.401249 -0.516723 -0.756304
vn -0.522276 -0.763802 0.379256
vn 0.004047 0.084169 0.996443
vn 0.501787 0.832990 -0.233104
vn 0.065450 0.055853 -0.996292
vn -0.245587 -0.892290 -0.378821
vn -0.139025 -0.638728 0.756768
vn 0.238765 0.468256 0.850722
vn 0.222784 0.946603 0.233044
vn 0.156226 0.501865 -0.850720
vn -0.346680 -0.554192 -0.756759
vn -0.447537 -0.810060 0.378832
vn -0.007822 0.085686 0.996292
vn 0.501787 0.832990 -0.233104
vn 0.065450 0.055854 -0.996291
vn -0.245587 -0.892290 -0.378821
vn -0.139025 -0.638728 0.756768
vn 0.238764 0.468255 0.850723
vn 0.222784 0.946603 0.233044
vn 0.156226 0.501866 -0.850720
vn -0.346680 -0.554191 -0.756759
vn -0.447537 -0.810060 0.378832
vn -0.007822 0.085686 0.996292
vn 0.501787 0.832990 -0.233104
vn 0.065451 0.055854 -0.996291
vn -0.245587 -0.892290 -0.378821
vn -0.139026 -0.638728 0.756768
vn 0.238764 0.468254 0.850723
vn 0.222784 0.946603 0.233044
vn 0.156226 0.501867 -0.850719
vn -0.346680 -0.554192 -0.756759
vn -0.447537 -0.810060 0.378832
vn -0.007822 0.085685 0.996292
vn 0.419460 0.877415 -0.232799
vn 0.061502 0.061384 -0.996218
vn -0.157646 -0.912024 -0.378630
vn -0.078050 -0.648763 0.756977
vn 0.190959 0.489554 0.850807
vn 0.129960 0.963797 0.232821
vn 0.108545 0.514140 -0.850810
vn -0.290239 -0.585446 -0.756977
vn -0.367927 -0.849277 0.378627
vn -0.017805 0.085051 0.996218
vn 0.419460 0.877415 -0.232800
vn 0.061502 0.061385 -0.996217
vn -0.157647 -0.912024 -0.378630
vn -0.078050 -0.648763 0.756978
vn 0.190959 0.489554 0.850807
vn 0.129959 0.963797 0.232821
vn 0.108546 0.514140 -0.850810
vn -0.290239 -0.585446 -0.756977
vn -0.367927 -0.849277 0.378627
vn -0.017805 0.085052 0.996217
vn 0.419460 0.877415 -0.232799
vn 0.061502 0.061385 -0.996217
vn -0.157646 -0.912024 -0.378630
vn -0.078050 -0.648763 0.756978
vn 0.190958 0.489553 0.850807
vn 0.129959 0.963797 0.232821
vn 0.108546 0.514141 -0.850810
vn -0.290239 -0.585446 -0.756977
vn -0.367927 -0.849277 0.378628
vn -0.017805 0.085051 0.996218
vn 0.332968 0.913778 -0.232685
vn 0.055938 0.066911 -0.996190
vn -0.068648 -0.923036 -0.378539
vn -0.015573 -0.653201 0.757024
vn 0.142268 0.505812 0.850831
vn 0.036192 0.971871 0.232717
vn 0.058973 0.522118 -0.850832
vn -0.231893 -0.610842 -0.757032
vn -0.284489 -0.880780 0.378539
vn -0.026577 0.083065 0.996190
vn 0.332968 0.913778 -0.232685
vn 0.055938 0.066911 -0.996190
vn -0.068648 -0.923036 -0.378539
vn -0.015573 -0.653202 0.757024
vn 0.142269 0.505813 0.850831
vn 0.036192 0.971871 0.232717
vn 0.058973 0.522118 -0.850832
vn -0.231893 -0.610842 -0.757032
vn -0.284489 -0.880781 0.378539
vn -0.026577 0.083065 0.996190
vn -0.187831 0.975849 -0.111525
vn -0.944740 0.327287 -0.018701
vn -0.754745 -0.653621 -0.056025
vn 0.188488 -0.979237 -0.074613
vn 0.943428 -0.326810 -0.056025
vn 0.755823 0.654509 -0.018699
vn 0.187835 0.975848 0.111528
vn -0.755801 0.654535 0.018700
vn -0.943421 -0.326830 0.056028
vn -0.188483 -0.979238 0.074611
vn 0.754768 -0.653595 0.056023
vn 0.944747 0.327267 0.018700
vn 0.332968 0.913778 -0.232685
vn 0.055938 0.066911 -0.996190
vn -0.068648 -0.923036 -0.378539
vn -0.015573 -0.653202 0.757024
vn 0.142269 0.505813 0.850831
vn 0.036192 0.971871 0.232717
vn 0.058973 0.522117 -0.850832
vn -0.231893 -0.610842 -0.757032
vn -0.284489 -0.880780 0.378539
vn -0.026577 0.083065 0.996190
vn 0.243259 0.941635 -0.232697
vn 0.049395 0.071982 -0.996182
vn 0.020825 -0.925350 -0.378541
vn 0.047414 -0.651630 0.757054
vn 0.092634 0.517195 0.850839
vn -0.057818 0.970831 0.232689
vn 0.008459 0.525355 -0.850841
vn -0.171724 -0.630384 -0.757051
vn -0.198221 -0.904122 0.378514
vn -0.034646 0.080128 0.996182
vn 0.243259 0.941635 -0.232697
vn 0.049395 0.071982 -0.996182
vn 0.020825 -0.925350 -0.378541
vn 0.047414 -0.651630 0.757054
vn 0.092634 0.517195 0.850840
vn -0.057818 0.970831 0.232689
vn 0.008459 0.525356 -0.850841
vn -0.171724 -0.630385 -0.757051
vn -0.198221 -0.904122 0.378514
vn -0.034646 0.080128 0.996182
vn 0.243259 0.941635 -0.232697
vn 0.049395 0.071982 -0.996182
vn 0.020825 -0.925350 -0.378540
vn 0.047414 -0.651630 0.757054
vn 0.092634 0.517195 0.850839
vn -0.057818 0.970831 0.232689
vn 0.008459 0.525356 -0.850841
vn -0.171724 -0.630385 -0.757051
vn -0.198221 -0.904122 0.378513
vn -0.034646 0.080128 0.996182
vn 0.111350 0.965809 -0.234126
vn 0.029344 0.076206 -0.996660
vn 0.067451 -0.922613 -0.379783
vn 0.069725 -0.646696 0.759554
vn 0.033034 0.523709 0.851257
vn -0.095478 0.967507 0.234125
vn -0.024431 0.524179 -0.851258
vn -0.080334 -0.645462 -0.759556
vn -0.082590 -0.921381 0.379785
vn -0.028089 0.076677 0.996660
vn 0.111350 0.965809 -0.234125
vn 0.029344 0.076205 -0.996660
vn 0.067451 -0.922613 -0.379782
vn 0.069725 -0.646695 0.759555
vn 0.033034 0.523708 0.851257
vn -0.095478 0.967507 0.234126
vn -0.024431 0.524180 -0.851257
vn -0.080334 -0.645463 -0.759555
vn -0.082590 -0.921381 0.379785
vn -0.028089 0.076678 0.996660
vn 0.111350 0.965809 -0.234126
vn 0.029344 0.076207 -0.996660
vn 0.067451 -0.922614 -0.379782
vn 0.069725 -0.646696 0.759554
vn 0.033033 0.523709 0.851257
vn -0.095478 0.967507 0.234126
vn -0.024430 0.524180 -0.851257
vn -0.080334 -0.645463 -0.759555
vn -0.082590 -0.921381 0.379784
vn -0.028089 0.076679 0.996660
vn 0.078499 0.968905 -0.234653
vn 0.021759 0.076461 -0.996835
vn 0.056886 -0.923142 -0.380228
vn 0.056886 -0.646891 0.760458
vn 0.021759 0.524067 0.851399
vn -0.078499 0.968905 0.234652
vn -0.021759 0.524066 -0.851400
vn -0.056886 -0.646890 -0.760459
vn -0.056886 -0.923142 0.380228
vn -0.021759 0.076460 0.996835
vn 0.078499 0.968905 -0.234652
vn 0.021759 0.076460 -0.996835
vn 0.056886 -0.923142 -0.380228
vn 0.056886 -0.646890 0.760459
vn 0.021759 0.524066 0.851400
vn -0.078499 0.968905 0.234653
vn -0.021759 0.524067 -0.851399
vn -0.056886 -0.646891 -0.760458
vn -0.056886 -0.923142 0.380228
vn -0.021759 0.076461 0.996835
vn -0.187835 0.975848 -0.111528
vn -0.944747 0.327267 -0.018700
vn -0.754768 -0.653595 -0.056023
vn 0.188484 -0.979238 -0.074611
vn 0.943421 -0.326830 -0.056028
vn 0.755801 0.654535 -0.018700
vn 0.187831 0.975849 0.111525
vn -0.755823 0.654509 0.018699
vn -0.943428 -0.326810 0.056025
vn -0.188488 -0.979237 0.074613
vn 0.754745 -0.653621 0.056025
vn 0.944740 0.327287 0.018701
vn 0.078499 0.968905 -0.234653
vn 0.021759 0.076461 -0.996835
vn 0.056886 -0.923142 -0.380227
vn 0.056886 -0.646890 0.760458
vn 0.021759 0.524068 0.851399
vn -0.078499 0.968905 0.234652
vn -0.021759 0.524066 -0.851400
vn -0.056886 -0.646890 -0.760458
vn -0.056886 -0.923142 0.380227
vn -0.021759 0.076462 0.996835
vn 0.078499 0.968905 -0.234653
vn 0.021759 0.076461 -0.996835
vn 0.056886 -0.923142 -0.380228
vn 0.056886 -0.646891 0.760458
vn 0.021759 0.524067 0.851399
vn -0.078499 0.968905 0.234652
vn -0.021758 0.524066 -0.851400
vn -0.056886 -0.646890 -0.760459
vn -0.056886 -0.923142 0.380228
vn -0.021759 0.076460 0.996835
vn 0.078499 0.968905 -0.234652
vn 0.021759 0.076460 -0.996835
vn 0.056886 -0.923142 -0.380228
vn 0.056886 -0.646890 0.760459
vn 0.021758 0.524066 0.851400
vn -0.078499 0.968905 0.234653
vn -0.021759 0.524067 -0.851399
vn -0.056886 -0.646891 -0.760458
vn -0.056886 -0.923142 0.380228
vn -0.021759 0.076461 0.996835
vn 0.078499 0.968905 -0.234653
vn 0.021759 0.076461 -0.996835
vn 0.056886 -0.923142 -0.380227
vn 0.056886 -0.646890 0.760458
vn 0.021759 0.524068 0.851399
vn -0.078499 0.968905 0.234652
vn -0.021758 0.524066 -0.851400
vn -0.056886 -0.646890 -0.760458
vn -0.056886 -0.923142 0.380227
vn -0.021759 0.076462 0.996835
vn 0.078499 0.968905 -0.234653
vn 0.021759 0.076461 -0.996835
vn 0.056886 -0.923142 -0.380228
vn 0.056886 -0.646891 0.760458
vn 0.021759 0.524067 0.851399
vn -0.078499 0.968905 0.234652
vn -0.021758 0.524066 -0.851400
vn -0.056886 -0.646890 -0.760459
vn -0.056886 -0.923142 0.380228
vn -0.021759 0.076460 0.996835
vn 0.078499 0.968905 -0.234652
vn 0.021759 0.076460 -0.996835
vn 0.056886 -0.923142 -0.380228
vn 0.056886 -0.646890 0.760459
vn 0.021758 0.524066 0.851400
vn -0.078499 0.968905 0.234653
vn -0.021759 0.524067 -0.851399
vn -0.056886 -0.646891 -0.760458
vn -0.056886 -0.923142 0.380228
vn -0.021759 0.076461 0.996835
vn 0.078499 0.968905 -0.234653
vn 0.021759 0.076461 -0.996835
vn 0.056886 -0.923142 -0.380227
vn 0.056886 -0.646890 0.760458
vn 0.021759 0.524068 0.851399
vn -0.078499 0.968905 0.234652
vn -0.021758 0.524066 -0.851400
vn -0.056886 -0.646890 -0.760458
vn -0.056886 -0.923142 0.380227
vn -0.021759 0.076462 0.996835
vn 0.078499 0.968905 -0.234653
vn 0.021759 0.076461 -0.996835
vn 0.056886 -0.923142 -0.380228
vn 0.056886 -0.646891 0.760458
vn 0.021759 0.524067 0.851399
vn -0.078499 0.968905 0.234652
vn -0.021759 0.524066 -0.851400
vn -0.056886 -0.646890 -0.760459
vn -0.056886 -0.923142 0.380228
vn -0.021759 0.076460 0.996835
vn 0.078499 0.968905 -0.234652
vn 0.021759 0.076460 -0.996835
vn 0.056886 -0.923142 -0.380228
vn 0.056886 -0.646890 0.760459
vn 0.021759 0.524066 0.851400
vn -0.078499 0.968905 0.234653
vn -0.021759 0.524067 -0.851399
vn -0.056886 -0.646891 -0.760458
vn -0.056886 -0.923142 0.380228
vn -0.021759 0.076461 0.996835
vn -0.187835 0.975848 -0.111528
vn -0.944747 0.327267 -0.018700
vn -0.754768 -0.653595 -0.056023
vn 0.188484 -0.979238 -0.074611
vn 0.943421 -0.326830 -0.056028
vn 0.755801 0.654535 -0.018700
vn 0.187831 0.975849 0.111525
vn -0.755823 0.654509 0.018699
vn -0.943428 -0.326810 0.056025
vn -0.188488 -0.979237 0.074613
vn 0.754745 -0.653621 0.056025
vn 0.944740 0.327287 0.018701
vn 0.078499 0.968905 -0.234653
vn 0.021759 0.076461 -0.996835
vn 0.056886 -0.923142 -0.380227
vn 0.056886 -0.646890 0.760458
vn 0.021759 0.524068 0.851399
vn -0.078499 0.968905 0.234652
vn -0.021759 0.524066 -0.851400
vn -0.056886 -0.646890 -0.760458
vn -0.056886 -0.923142 0.380227
vn -0.021759 0.076462 0.996835
vn 0.078499 0.968905 -0.234653
vn 0.021759 0.076461 -0.996835
vn 0.056886 -0.923142 -0.380228
vn 0.056886 -0.646891 0.760458
vn 0.021759 0.524067 0.851399
vn -0.078499 0.968905 0.234652
vn -0.021758 0.524066 -0.851400
vn -0.056886 -0.646890 -0.760459
vn -0.056886 -0.923142 0.380228
vn -0.021759 0.076460 0.996835
vn 0.078499 0.968905 -0.234652
vn 0.021759 0.076460 -0.996835
vn 0.056886 -0.923142 -0.380228
vn 0.056886 -0.646890 0.760459
vn 0.021758 0.524066 0.851400
vn -0.078499 0.968905 0.234653
vn -0.021759 0.524067 -0.851399
vn -0.056886 -0.646891 -0.760458
vn -0.056886 -0.923142 0.380228
vn -0.021759 0.076461 0.996835
vn 0.078499 0.968905 -0.234653
vn 0.021759 0.076461 -0.996835
vn 0.056886 -0.923142 -0.380227
vn 0.056886 -0.646890 0.760458
vn 0.021759 0.524068 0.851399
vn -0.078499 0.968905 0.234652
vn -0.021758 0.524066 -0.851400
vn -0.056886 -0.646890 -0.760458
vn -0.056886 -0.923142 0.380227
vn -0.021759 0.076462 0.996835
vn 0.078499 0.968905 -0.234653
vn 0.021759 0.076461 -0.996835
vn 0.056886 -0.923142 -0.380228
vn 0.056886 -0.646891 0.760458
vn 0.021759 0.524067 0.851399
vn -0.078499 0.968905 0.234652
vn -0.021758 0.524066 -0.851400
vn -0.056886 -0.646890 -0.760459
vn -0.056886 -0.923142 0.380228
vn -0.021759 0.076460 0.996835
vn 0.078499 0.968905 -0.234652
vn 0.021759 0.076460 -0.996835
vn 0.056886 -0.923142 -0.380228
vn 0.056886 -0.646890 0.760459
vn 0.021758 0.524066 0.851400
vn -0.078499 0.968905 0.234653
vn -0.021759 0.524067 -0.851399
vn -0.056886 -0.646891 -0.760458
vn -0.056886 -0.923142 0.380228
vn -0.021759 0.076461 0.996835
vn 0.078499 0.968905 -0.234653
vn 0.021759 0.076461 -0.996835
vn 0.056886 -0.923142 -0.380227
vn 0.056886 -0.646890 0.760458
vn 0.021759 0.524068 0.851399
vn -0.078499 0.968905 0.234652
vn -0.021758 0.524066 -0.851400
vn -0.056886 -0.646890 -0.760458
vn -0.056886 -0.923142 0.380227
vn -0.021759 0.076462 0.996835
vn 0.078499 0.968905 -0.234653
vn 0.021759 0.076461 -0.996835
vn 0.056886 -0.923142 -0.380228
vn 0.056886 -0.646891 0.760458
vn 0.021759 0.524067 0.851399
vn -0.078499 0.968905 0.234652
vn -0.021759 0.524066 -0.851400
vn -0.056886 -0.646890 -0.760459
vn -0.056886 -0.923142 0.380228
vn -0.021759 0.076460 0.996835
vn 0.078499 0.968905 -0.234652
vn 0.021759 0.076460 -0.996835
vn 0.056886 -0.923142 -0.380228
vn 0.056886 -0.646890 0.760459
vn 0.021759 0.524066 0.851400
vn -0.078499 0.968905 0.234653
vn -0.021759 0.524067 -0.851399
vn -0.056886 -0.646891 -0.760458
vn -0.056886 -0.923142 0.380228
vn -0.021759 0.076461 0.996835
vn -0.187833 0.975849 -0.111526
vn -0.944743 0.327277 -0.018700
vn -0.754757 -0.653608 -0.056024
vn 0.188486 -0.979238 -0.074612
vn 0.943424 -0.326820 -0.056027
vn 0.755812 0.654522 -0.018699
vn 0.187833 0.975849 0.111526
vn -0.755812 0.654522 0.018699
vn -0.943424 -0.326820 0.056027
vn -0.188486 -0.979238 0.074612
vn 0.754757 -0.653608 0.056024
vn 0.944743 0.327277 0.018700
vn 0.078499 0.968905 -0.234653
vn 0.021759 0.076461 -0.996835
vn 0.056886 -0.923142 -0.380227
vn 0.056886 -0.646890 0.760458
vn 0.021759 0.524068 0.851399
vn -0.078499 0.968905 0.234652
vn -0.021759 0.524066 -0.851400
vn -0.056886 -0.646890 -0.760458
vn -0.056886 -0.923142 0.380227
vn -0.021759 0.076462 0.996835
vn 0.078499 0.968905 -0.234653
vn 0.021759 0.076461 -0.996835
vn 0.056886 -0.923142 -0.380228
vn 0.056886 -0.646891 0.760458
vn 0.021759 0.524067 0.851399
vn -0.078499 0.968905 0.234652
vn -0.021759 0.524066 -0.851400
vn -0.056886 -0.646890 -0.760459
vn -0.056886 -0.923142 0.380228
vn -0.021759 0.076460 0.996835
vn 0.078499 0.968905 -0.234652
vn 0.021759 0.076460 -0.996835
vn 0.056886 -0.923142 -0.380228
vn 0.056886 -0.646890 0.760459
vn 0.021759 0.524066 0.851400
vn -0.078499 0.968905 0.234653
vn -0.021759 0.524067 -0.851399
vn -0.056886 -0.646891 -0.760458
vn -0.056886 -0.923142 0.380228
vn -0.021759 0.076461 0.996835
vn 0.078499 0.968905 -0.234653
vn 0.021759 0.076461 -0.996835
vn 0.056886 -0.923142 -0.380227
vn 0.056886 -0.646890 0.760458
vn 0.021759 0.524068 0.851399
vn -0.078499 0.968905 0.234652
vn -0.021759 0.524066 -0.851400
vn -0.056886 -0.646890 -0.760458
vn -0.056886 -0.923142 0.380227
vn -0.021759 0.076462 0.996835
vn 0.078499 0.968905 -0.234653
vn 0.021759 0.076461 -0.996835
vn 0.056886 -0.923142 -0.380228
vn 0.056886 -0.646891 0.760458
vn 0.021759 0.524067 0.851399
vn -0.078499 0.968905 0.234652
vn -0.021758 0.524066 -0.851400
vn -0.056886 -0.646890 -0.760459
vn -0.056886 -0.923142 0.380228
vn -0.021759 0.076460 0.996835
vn 0.078499 0.968905 -0.234652
vn 0.021759 0.076460 -0.996835
vn 0.056886 -0.923142 -0.380228
vn 0.056886 -0.646890 0.760459
vn 0.021758 0.524066 0.851400
vn -0.078499 0.968905 0.234653
vn -0.021759 0.524067 -0.851399
vn -0.056886 -0.646891 -0.760458
vn -0.056886 -0.923142 0.380228
vn -0.021759 0.076461 0.996835
vn 0.078499 0.968905 -0.234653
vn 0.021759 0.076461 -0.996835
vn 0.056886 -0.923142 -0.380227
vn 0.056886 -0.646890 0.760458
vn 0.021759 0.524068 0.851399
vn -0.078499 0.968905 0.234652
vn -0.021758 0.524066 -0.851400
vn -0.056886 -0.646890 -0.760458
vn -0.056886 -0.923142 0.380227
vn -0.021759 0.076462 0.996835
vn 0.078499 0.968905 -0.234653
vn 0.021759 0.076461 -0.996835
vn 0.056886 -0.923142 -0.380228
vn 0.056886 -0.646891 0.760458
vn 0.021759 0.524067 0.851399
vn -0.078499 0.968905 0.234652
vn -0.021759 0.524066 -0.851400
vn -0.056886 -0.646890 -0.760459
vn -0.056886 -0.923142 0.380228
vn -0.021759 0.076460 0.996835
vn 0.078499 0.968905 -0.234652
vn 0.021759 0.076460 -0.996835
vn 0.056886 -0.923142 -0.380228
vn 0.056886 -0.646890 0.760459
vn 0.021759 0.524066 0.851400
vn -0.078499 0.968905 0.234653
vn -0.021759 0.524067 -0.851399
vn -0.056886 -0.646891 -0.760458
vn -0.056886 -0.923142 0.380228
vn -0.021759 0.076461 0.996835
vn -0.187833 0.975849 -0.111526
vn -0.944743 0.327277 -0.018700
vn -0.754757 -0.653608 -0.056024
vn 0.188486 -0.979238 -0.074612
vn 0.943424 -0.326820 -0.056027
vn 0.755812 0.654522 -0.018699
vn 0.187833 0.975849 0.111526
vn -0.755812 0.654522 0.018699
vn -0.943424 -0.326820 0.056027
vn -0.188486 -0.979238 0.074612
vn 0.754757 -0.653608 0.056024
vn 0.944743 0.327277 0.018700
vn 0.078499 0.968905 -0.234653
vn 0.021759 0.076461 -0.996835
vn 0.056886 -0.923142 -0.380227
vn 0.056886 -0.646890 0.760458
vn 0.021759 0.524068 0.851399
vn -0.078499 0.968905 0.234652
vn -0.021759 0.524066 -0.851400
vn -0.056886 -0.646890 -0.760458
vn -0.056886 -0.923142 0.380227
vn -0.021759 0.076462 0.996835
vn 0.078499 0.968905 -0.234653
vn 0.021759 0.076461 -0.996835
vn 0.056886 -0.923142 -0.380228
vn 0.056886 -0.646891 0.760458
vn 0.021759 0.524067 0.851399
vn -0.078499 0.968905 0.234652
vn -0.021758 0.524066 -0.851400
vn -0.056886 -0.646890 -0.760459
vn -0.056886 -0.923142 0.380228
vn -0.021759 0.076460 0.996835
vn 0.078499 0.968905 -0.234652
vn 0.021759 0.076460 -0.996835
vn 0.056886 -0.923142 -0.380228
vn 0.056886 -0.646890 0.760459
vn 0.021758 0.524066 0.851400
vn -0.078499 0.968905 0.234653
vn -0.021759 0.524067 -0.851399
vn -0.056886 -0.646891 -0.760458
vn -0.056886 -0.923142 0.380228
vn -0.021759 0.076461 0.996835
vn 0.078499 0.968905 -0.234653
vn 0.021759 0.076461 -0.996835
vn 0.056886 -0.923142 -0.380227
vn 0.056886 -0.646890 0.760458
vn 0.021759 0.524068 0.851399
vn -0.078499 0.968905 0.234652
vn -0.021758 0.524066 -0.851400
vn -0.056886 -0.646890 -0.760458
vn -0.056886 -0.923142 0.380227
vn -0.021759 0.076462 0.996835
vn 0.078499 0.968905 -0.234653
vn 0.021759 0.076461 -0.996835
vn 0.056886 -0.923142 -0.380228
vn 0.056886 -0.646891 0.760458
vn 0.021759 0.524067 0.851399
vn -0.078499 0.968905 0.234652
vn -0.021759 0.524066 -0.851400
vn -0.056886 -0.646890 -0.760459
vn -0.056886 -0.923142 0.380228
vn -0.021759 0.076460 0.996835
vn 0.078499 0.968905 -0.234652
vn 0.021759 0.076460 -0.996835
vn 0.056886 -0.923142 -0.380228
vn 0.056886 -0.646890 0.760459
vn 0.021759 0.524066 0.851400
vn -0.078499 0.968905 0.234653
vn -0.021759 0.524067 -0.851399
vn -0.056886 -0.646891 -0.760458
vn -0.056886 -0.923142 0.380228
vn -0.021759 0.076461 0.996835
vn 0.078499 0.968905 -0.234653
vn 0.021759 0.076461 -0.996835
vn 0.056886 -0.923142 -0.380227
vn 0.056886 -0.646890 0.760458
vn 0.021759 0.524068 0.851399
vn -0.078499 0.968905 0.234652
vn -0.021759 0.524066 -0.851400
vn -0.056886 -0.646890 -0.760458
vn -0.056886 -0.923142 0.380227
vn -0.021759 0.076462 0.996835
vn 0.078499 0.968905 -0.234653
vn 0.021759 0.076461 -0.996835
vn 0.056886 -0.923142 -0.380228
vn 0.056886 -0.646891 0.760458
vn 0.021759 0.524067 0.851399
vn -0.078499 0.968905 0.234652
vn -0.021758 0.524066 -0.851400
vn -0.056886 -0.646890 -0.760459
vn -0.056886 -0.923142 0.380228
vn -0.021759 0.076460 0.996835
vn 0.078499 0.968905 -0.234652
vn 0.021759 0.076460 -0.996835
vn 0.056886 -0.923142 -0.380228
vn 0.056886 -0.646890 0.760459
vn 0.021758 0.524066 0.851400
vn -0.078499 0.968905 0.234653
vn -0.021759 0.524067 -0.851399
vn -0.056886 -0.646891 -0.760458
vn -0.056886 -0.923142 0.380228
vn -0.021759 0.076461 0.996835
vn -0.187833 0.975849 -0.111526
vn -0.944743 0.327277 -0.018700
vn -0.754757 -0.653608 -0.056024
vn 0.188486 -0.979238 -0.074612
vn 0.943424 -0.326820 -0.056027
vn 0.755812 0.654522 -0.018699
vn 0.187833 0.975849 0.111526
vn -0.755812 0.654522 0.018699
vn -0.943424 -0.326820 0.056027
vn -0.188486 -0.979238 0.074612
vn 0.754757 -0.653608 0.056024
vn 0.944743 0.327277 0.018700
vn 0.078499 0.968905 -0.234653
vn 0.021759 0.076461 -0.996835
vn 0.056886 -0.923142 -0.380227
vn 0.056886 -0.646890 0.760458
vn 0.021759 0.524068 0.851399
vn -0.078499 0.968905 0.234652
vn -0.021758 0.524066 -0.851400
vn -0.056886 -0.646890 -0.760458
vn -0.056886 -0.923142 0.380227
vn -0.021759 0.076462 0.996835
vn 0.078499 0.968905 -0.234653
vn 0.021759 0.076461 -0.996835
vn 0.056886 -0.923142 -0.380228
vn 0.056886 -0.646891 0.760458
vn 0.021759 0.524067 0.851399
vn -0.078499 0.968905 0.234652
vn -0.021759 0.524066 -0.851400
vn -0.056886 -0.646890 -0.760459
vn -0.056886 -0.923142 0.380228
vn -0.021759 0.076460 0.996835
vn 0.078499 0.968905 -0.234652
vn 0.021759 0.076460 -0.996835
vn 0.056886 -0.923142 -0.380228
vn 0.056886 -0.646890 0.760459
vn 0.021759 0.524066 0.851400
vn -0.078499 0.968905 0.234653
vn -0.021759 0.524067 -0.851399
vn -0.056886 -0.646891 -0.760458
vn -0.056886 -0.923142 0.380228
vn -0.021759 0.076461 0.996835
vn 0.078499 0.968905 -0.234653
vn 0.021759 0.076461 -0.996835
vn 0.056886 -0.923142 -0.380227
vn 0.056886 -0.646890 0.760458
vn 0.021759 0.524068 0.851399
vn -0.078499 0.968905 0.234652
vn -0.021759 0.524066 -0.851400
vn -0.056886 -0.646890 -0.760458
vn -0.056886 -0.923142 0.380227
vn -0.021759 0.076462 0.996835
vn 0.078499 0.968905 -0.234653
vn 0.021759 0.076461 -0.996835
vn 0.056886 -0.923142 -0.380228
vn 0.056886 -0.646891 0.760458
vn 0.021759 0.524067 0.851399
vn -0.078499 0.968905 0.234652
vn -0.021759 0.524066 -0.851400
vn -0.056886 -0.646890 -0.760459
vn -0.056886 -0.923142 0.380228
vn -0.021759 0.076460 0.996835
vn 0.078499 0.968905 -0.234652
vn 0.021759 0.076460 -0.996835
vn 0.056886 -0.923142 -0.380228
vn 0.056886 -0.646890 0.760459
vn 0.021759 0.524066 0.851400
vn -0.078499 0.968905 0.234653
vn -0.021759 0.524067 -0.851399
vn -0.056886 -0.646891 -0.760458
vn -0.056886 -0.923142 0.380228
vn -0.021759 0.076461 0.996835
vn 0.078499 0.968905 -0.234653
vn 0.021759 0.076461 -0.996835
vn 0.056886 -0.923142 -0.380227
vn 0.056886 -0.646890 0.760458
vn 0.021759 0.524068 0.851399
vn -0.078499 0.968905 0.234652
vn -0.021759 0.524066 -0.851400
vn -0.056886 -0.646890 -0.760458
vn -0.056886 -0.923142 0.380227
vn -0.021759 0.076462 0.996835
vn 0.078499 0.968905 -0.234653
vn 0.021759 0.076461 -0.996835
vn 0.056886 -0.923142 -0.380228
vn 0.056886 -0.646891 0.760458
vn 0.021759 0.524067 0.851399
vn -0.078499 0.968905 0.234652
vn -0.021758 0.524066 -0.851400
vn -0.056886 -0.646890 -0.760459
vn -0.056886 -0.923142 0.380228
vn -0.021759 0.076460 0.996835
vn 0.078499 0.968905 -0.234652
vn 0.021759 0.076460 -0.996835
vn 0.056886 -0.923142 -0.380228
vn 0.056886 -0.646890 0.760459
vn 0.021758 0.524066 0.851400
vn -0.078499 0.968905 0.234653
vn -0.021759 0.524067 -0.851399
vn -0.056886 -0.646891 -0.760458
vn -0.056886 -0.923142 0.380228
vn -0.021759 0.076461 0.996835
vn -0.187833 0.975849 -0.111526
vn -0.944743 0.327277 -0.018700
vn -0.754757 -0.653608 -0.056024
vn 0.188486 -0.979238 -0.074612
vn 0.943424 -0.326820 -0.056027
vn 0.755812 0.654522 -0.018699
vn 0.187833 0.975849 0.111526
vn -0.755812 0.654522 0.018699
vn -0.943424 -0.326820 0.056027
vn -0.188486 -0.979238 0.074612
vn 0.754757 -0.653608 0.056024
vn 0.944743 0.327277 0.018700
vn 0.078499 0.968905 -0.234653
vn 0.021759 0.076461 -0.996835
vn 0.056886 -0.923142 -0.380227
vn 0.056886 -0.646890 0.760458
vn 0.021759 0.524068 0.851399
vn -0.078499 0.968905 0.234652
vn -0.021758 0.524066 -0.851400
vn -0.056886 -0.646890 -0.760458
vn -0.056886 -0.923142 0.380227
vn -0.021759 0.076462 0.996835
vn 0.078500 0.968905 -0.234652
vn 0.021764 0.076461 -0.996835
vn 0.056888 -0.923142 -0.380227
vn 0.056883 -0.646890 0.760459
vn 0.021754 0.524067 0.851399
vn -0.078500 0.968905 0.234652
vn -0.021754 0.524066 -0.851400
vn -0.056882 -0.646890 -0.760459
vn -0.056888 -0.923142 0.380227
vn -0.021764 0.076461 0.996835
vn 0.078500 0.968905 -0.234652
vn 0.021764 0.076461 -0.996835
vn 0.056888 -0.923142 -0.380227
vn 0.056882 -0.646890 0.760459
vn 0.021754 0.524067 0.851399
vn -0.078500 0.968905 0.234652
vn -0.021754 0.524067 -0.851399
vn -0.056882 -0.646890 -0.760459
vn -0.056888 -0.923142 0.380227
vn -0.021764 0.076461 0.996835
vn 0.078500 0.968905 -0.234652
vn 0.021764 0.076460 -0.996835
vn 0.056888 -0.923142 -0.380227
vn 0.056883 -0.646890 0.760459
vn 0.021754 0.524067 0.851399
vn -0.078500 0.968905 0.234652
vn -0.021754 0.524066 -0.851400
vn -0.056883 -0.646890 -0.760459
vn -0.056888 -0.923142 0.380227
vn -0.021764 0.076461 0.996835
vn 0.104670 0.966902 -0.232690
vn 0.038527 0.078366 -0.996180
vn 0.154323 -0.912629 -0.378539
vn 0.141027 -0.637941 0.757062
vn 0.016893 0.525144 0.850846
vn -0.197493 0.952296 0.232656
vn -0.067496 0.521077 -0.850837
vn -0.078802 -0.648575 -0.757061
vn -0.065531 -0.923275 0.378509
vn -0.045910 0.074280 0.996180
vn 0.104670 0.966902 -0.232690
vn 0.038527 0.078366 -0.996180
vn 0.154323 -0.912629 -0.378540
vn 0.141027 -0.637942 0.757061
vn 0.016893 0.525144 0.850846
vn -0.197493 0.952296 0.232656
vn -0.067496 0.521077 -0.850837
vn -0.078802 -0.648574 -0.757061
vn -0.065531 -0.923275 0.378509
vn -0.045910 0.074277 0.996180
vn 0.104669 0.966902 -0.232690
vn 0.038527 0.078364 -0.996180
vn 0.154323 -0.912629 -0.378540
vn 0.141027 -0.637941 0.757062
vn 0.016893 0.525143 0.850847
vn -0.197493 0.952296 0.232656
vn -0.067496 0.521078 -0.850836
vn -0.078801 -0.648576 -0.757060
vn -0.065531 -0.923275 0.378510
vn -0.045910 0.074278 0.996180
vn 0.010874 0.972492 -0.232683
vn 0.030864 0.081728 -0.996177
vn 0.241725 -0.893479 -0.378502
vn 0.201881 -0.621361 0.757070
vn -0.033942 0.524315 0.850847
vn -0.288506 0.928781 0.232659
vn -0.117402 0.512121 -0.850852
vn -0.015774 -0.653150 -0.757064
vn 0.023859 -0.925285 0.378522
vn -0.052946 0.069490 0.996177
vn 0.010874 0.972492 -0.232683
vn 0.030864 0.081727 -0.996177
vn 0.241725 -0.893479 -0.378503
vn 0.201881 -0.621360 0.757070
vn -0.033942 0.524314 0.850848
vn -0.288506 0.928781 0.232659
vn -0.117402 0.512121 -0.850852
vn -0.015774 -0.653151 -0.757063
vn 0.023859 -0.925284 0.378523
vn -0.052945 0.069489 0.996177
vn -0.187790 0.975857 -0.111527
vn -0.944748 0.327263 -0.018702
vn -0.754737 -0.653630 -0.056026
vn 0.188442 -0.979246 -0.074608
vn 0.943429 -0.326806 -0.056024
vn 0.755792 0.654544 -0.018702
vn 0.187790 0.975857 0.111527
vn -0.755792 0.654544 0.018702
vn -0.943429 -0.326806 0.056024
vn -0.188442 -0.979246 0.074608
vn 0.754737 -0.653630 0.056026
vn 0.944748 0.327263 0.018702
vn 0.010874 0.972492 -0.232683
vn 0.030864 0.081728 -0.996177
vn 0.241725 -0.893479 -0.378502
vn 0.201881 -0.621359 0.757071
vn -0.033942 0.524314 0.850848
vn -0.288506 0.928781 0.232659
vn -0.117403 0.512122 -0.850851
vn -0.015774 -0.653152 -0.757063
vn 0.023859 -0.925284 0.378523
vn -0.052945 0.069490 0.996177
vn -0.082947 0.969025 -0.232615
vn 0.023178 0.084408 -0.996162
vn 0.326959 -0.865940 -0.378477
vn 0.260643 -0.599032 0.757117
vn -0.084677 0.518509 0.850869
vn -0.376879 0.896577 0.232621
vn -0.165984 0.498467 -0.850870
vn 0.047593 -0.651542 -0.757119
vn 0.112912 -0.918692 0.378492
vn -0.059750 0.063969 0.996162
vn -0.082947 0.969025 -0.232616
vn 0.023178 0.084408 -0.996162
vn 0.326959 -0.865940 -0.378478
vn 0.260643 -0.599032 0.757117
vn -0.084677 0.518509 0.850869
vn -0.376879 0.896577 0.232621
vn -0.165984 0.498467 -0.850870
vn 0.047593 -0.651541 -0.757119
vn 0.112912 -0.918692 0.378492
vn -0.059750 0.063969 0.996162
vn -0.082947 0.969025 -0.232615
vn 0.023178 0.084408 -0.996162
vn 0.326959 -0.865940 -0.378477
vn 0.260643 -0.599032 0.757117
vn -0.084677 0.518508 0.850870
vn -0.376879 0.896576 0.232621
vn -0.165984 0.498468 -0.850870
vn 0.047593 -0.651542 -0.757119
vn 0.112913 -0.918692 0.378492
vn -0.059750 0.063969 0.996162
vn -0.175835 0.956580 -0.232458
vn 0.015993 0.086626 -0.996113
vn 0.409416 -0.830200 -0.378346
vn 0.316418 -0.571344 0.757262
vn -0.135244 0.507613 0.850904
vn -0.461907 0.855936 0.232413
vn -0.212405 0.480443 -0.850916
vn 0.111063 -0.643612 -0.757251
vn 0.200643 -0.903633 0.378404
vn -0.066714 0.057526 0.996112
vn -0.175835 0.956580 -0.232459
vn 0.015993 0.086626 -0.996113
vn 0.409416 -0.830200 -0.378346
vn 0.316418 -0.571343 0.757263
vn -0.135244 0.507613 0.850904
vn -0.461907 0.855936 0.232413
vn -0.212405 0.480443 -0.850916
vn 0.111063 -0.643612 -0.757251
vn 0.200643 -0.903633 0.378404
vn -0.066714 0.057527 0.996112
vn -0.175835 0.956580 -0.232459
vn 0.015993 0.086627 -0.996113
vn 0.409416 -0.830200 -0.378346
vn 0.316418 -0.571343 0.757263
vn -0.135244 0.507613 0.850904
vn -0.461907 0.855936 0.232413
vn -0.212405 0.480443 -0.850916
vn 0.111064 -0.643611 -0.757251
vn 0.200643 -0.903633 0.378404
vn -0.066714 0.057527 0.996112
vn -0.266760 0.935430 -0.231970
vn 0.010074 0.088937 -0.995986
vn 0.488576 -0.786352 -0.378080
vn 0.368179 -0.539046 0.757544
vn -0.185752 0.491184 0.851020
vn -0.542940 0.807082 0.232024
vn -0.255642 0.458715 -0.851016
vn 0.174582 -0.628992 -0.757555
vn 0.285972 -0.880513 0.378043
vn -0.074472 0.049651 0.995986
vn -0.266760 0.935430 -0.231970
vn 0.010073 0.088938 -0.995986
vn 0.488576 -0.786352 -0.378080
vn 0.368179 -0.539046 0.757544
vn -0.185752 0.491184 0.851020
vn -0.542940 0.807081 0.232025
vn -0.255642 0.458714 -0.851016
vn 0.174581 -0.628992 -0.757556
vn 0.285972 -0.880513 0.378043
vn -0.074472 0.049652 0.995986
vn -0.187790 0.975857 -0.111527
vn -0.944748 0.327263 -0.018702
vn -0.754737 -0.653630 -0.056026
vn 0.188442 -0.979246 -0.074608
vn 0.943429 -0.326806 -0.056024
vn 0.755792 0.654544 -0.018702
vn 0.187790 0.975857 0.111527
vn -0.755792 0.654544 0.018702
vn -0.943429 -0.326806 0.056024
vn -0.188442 -0.979246 0.074608
vn 0.754737 -0.653630 0.056026
vn 0.944748 0.327263 0.018702
vn -0.266760 0.935430 -0.231970
vn 0.010074 0.088936 -0.995986
vn 0.488576 -0.786352 -0.378080
vn 0.368179 -0.539046 0.757544
vn -0.185752 0.491184 0.851019
vn -0.542940 0.807082 0.232024
vn -0.255641 0.458713 -0.851017
vn 0.174582 -0.628992 -0.757555
vn 0.285972 -0.880513 0.378043
vn -0.074472 0.049652 0.995986
vn -0.354679 0.905963 -0.231159
vn 0.006251 0.092325 -0.995709
vn 0.564013 -0.734462 -0.377433
vn 0.414826 -0.503159 0.758122
vn -0.236400 0.468534 0.851229
vn -0.619417 0.750263 0.231143
vn -0.294605 0.434319 -0.851220
vn 0.238147 -0.607068 -0.758126
vn 0.367804 -0.849883 0.377386
vn -0.083726 0.039401 0.995710
vn -0.354679 0.905963 -0.231159
vn 0.006252 0.092324 -0.995709
vn 0.564013 -0.734462 -0.377432
vn 0.414826 -0.503159 0.758123
vn -0.236400 0.468534 0.851229
vn -0.619417 0.750263 0.231143
vn -0.294605 0.434318 -0.851220
vn 0.238148 -0.607068 -0.758125
vn 0.367803 -0.849882 0.377386
vn -0.083726 0.039402 0.995710
vn -0.354679 0.905963 -0.231160
vn 0.006252 0.092324 -0.995709
vn 0.564013 -0.734461 -0.377433
vn 0.414826 -0.503159 0.758123
vn -0.236400 0.468534 0.851229
vn -0.619417 0.750263 0.231144
vn -0.294605 0.434318 -0.851220
vn 0.238148 -0.607068 -0.758126
vn 0.367803 -0.849882 0.377387
vn -0.083726 0.039401 0.995710
vn -0.438672 0.868802 -0.229675
vn 0.005114 0.098168 -0.995157
vn 0.635207 -0.674461 -0.376317
vn 0.455478 -0.465094 0.759096
vn -0.287207 0.438689 0.851507
vn -0.690731 0.685685 0.229623
vn -0.328466 0.408716 -0.851505
vn 0.301592 -0.576922 -0.759081
vn 0.445167 -0.812553 0.376277
vn -0.094941 0.025468 0.995157
vn -0.438672 0.868802 -0.229675
vn 0.005113 0.098168 -0.995157
vn 0.635208 -0.674461 -0.376316
vn 0.455478 -0.465095 0.759096
vn -0.287207 0.438690 0.851506
vn -0.690731 0.685685 0.229623
vn -0.328466 0.408716 -0.851505
vn 0.301592 -0.576922 -0.759081
vn 0.445167 -0.812553 0.376277
vn -0.094941 0.025468 0.995157
vn -0.438672 0.868802 -0.229675
vn 0.005113 0.098168 -0.995157
vn 0.635207 -0.674461 -0.376317
vn 0.455478 -0.465095 0.759096
vn -0.287208 0.438689 0.851507
vn -0.690731 0.685685 0.229623
vn -0.328465 0.408715 -0.851506
vn 0.301591 -0.576921 -0.759081
vn 0.445167 -0.812553 0.376277
vn -0.094941 0.025468 0.995157
vn -0.517987 0.824628 -0.227328
vn 0.006665 0.107985 -0.994130
vn 0.701489 -0.606344 -0.374512
vn 0.489764 -0.426479 0.760426
vn -0.337690 0.400522 0.851791
vn -0.756184 0.613611 0.227306
vn -0.356898 0.383504 -0.851791
vn 0.364333 -0.537596 -0.760428
vn 0.517365 -0.769454 0.374533
vn -0.108002 0.006402 0.994130
vn -0.517987 0.824628 -0.227328
vn 0.006664 0.107986 -0.994130
vn 0.701489 -0.606344 -0.374512
vn 0.489764 -0.426480 0.760425
vn -0.337690 0.400521 0.851791
vn -0.756184 0.613611 0.227306
vn -0.356899 0.383505 -0.851791
vn 0.364333 -0.537596 -0.760429
vn 0.517365 -0.769454 0.374533
vn -0.108002 0.006401 0.994130
vn -0.187790 0.975857 -0.111527
vn -0.944748 0.327263 -0.018702
vn -0.754737 -0.653630 -0.056026
vn 0.188442 -0.979246 -0.074608
vn 0.943429 -0.326806 -0.056024
vn 0.755792 0.654544 -0.018702
vn 0.187790 0.975857 0.111527
vn -0.755792 0.654544 0.018702
vn -0.943429 -0.326806 0.056024
vn -0.188442 -0.979246 0.074608
vn 0.754737 -0.653630 0.056026
vn 0.944748 0.327263 0.018702
vn -0.517987 0.824628 -0.227327
vn 0.006665 0.107985 -0.994130
vn 0.701489 -0.606345 -0.374512
vn 0.489764 -0.426480 0.760425
vn -0.337690 0.400522 0.851791
vn -0.756184 0.613611 0.227305
vn -0.356899 0.383505 -0.851791
vn 0.364333 -0.537596 -0.760428
vn 0.517365 -0.769454 0.374532
vn -0.108002 0.006401 0.994130
vn -0.592111 0.774100 -0.223995
vn 0.010079 0.123034 -0.992351
vn 0.761893 -0.530277 -0.371920
vn 0.517937 -0.388754 0.761979
vn -0.386706 0.353216 0.851878
vn -0.814949 0.534479 0.224030
vn -0.380303 0.360108 -0.851876
vn 0.425240 -0.488408 -0.761990
vn 0.584072 -0.721482 0.371918
vn -0.121982 -0.018963 0.992351
vn -0.592111 0.774100 -0.223995
vn 0.010079 0.123034 -0.992351
vn 0.761893 -0.530277 -0.371920
vn 0.517937 -0.388754 0.761979
vn -0.386706 0.353216 0.851878
vn -0.814949 0.534479 0.224030
vn -0.380303 0.360108 -0.851876
vn 0.425240 -0.488408 -0.761990
vn 0.584072 -0.721482 0.371918
vn -0.121982 -0.018963 0.992351
vn -0.592111 0.774100 -0.223995
vn 0.010079 0.123034 -0.992351
vn 0.761893 -0.530277 -0.371920
vn 0.517937 -0.388754 0.761979
vn -0.386706 0.353216 0.851878
vn -0.814949 0.534479 0.224030
vn -0.380303 0.360108 -0.851876
vn 0.425240 -0.488408 -0.761990
vn 0.584072 -0.721482 0.371918
vn -0.121982 -0.018963 0.992351
vn -0.660749 0.717722 -0.219741
vn 0.013709 0.143784 -0.989514
vn 0.815246 -0.446812 -0.368421
vn 0.540921 -0.352818 0.763495
vn -0.432449 0.296651 0.851461
vn -0.866099 0.448993 0.219722
vn -0.399829 0.339321 -0.851468
vn 0.482534 -0.429241 -0.763488
vn 0.645281 -0.669225 0.368444
vn -0.135135 -0.050998 0.989514
vn -0.660749 0.717722 -0.219741
vn 0.013708 0.143784 -0.989514
vn 0.815245 -0.446812 -0.368421
vn 0.540921 -0.352818 0.763495
vn -0.432448 0.296651 0.851461
vn -0.866099 0.448993 0.219722
vn -0.399830 0.339322 -0.851468
vn 0.482534 -0.429241 -0.763488
vn 0.645281 -0.669225 0.368444
vn -0.135134 -0.050998 0.989514
vn -0.660749 0.717722 -0.219741
vn 0.013708 0.143784 -0.989514
vn 0.815246 -0.446812 -0.368421
vn 0.540922 -0.352818 0.763494
vn -0.432449 0.296651 0.851461
vn -0.866099 0.448993 0.219721
vn -0.399829 0.339321 -0.851468
vn 0.482534 -0.429241 -0.763488
vn 0.645281 -0.669225 0.368443
vn -0.135135 -0.050998 0.989514
vn -0.723773 0.655814 -0.214619
vn 0.015344 0.169516 -0.985408
vn 0.860226 -0.356983 -0.364106
vn 0.560195 -0.318727 0.764588
vn -0.472609 0.231734 0.850259
vn -0.908660 0.358163 0.214605
vn -0.417180 0.320955 -0.850264
vn 0.533989 -0.360922 -0.764585
vn 0.701240 -0.612914 0.364142
vn -0.145159 -0.088882 0.985408
vn -0.723773 0.655814 -0.214619
vn 0.015344 0.169516 -0.985408
vn 0.860226 -0.356983 -0.364106
vn 0.560194 -0.318727 0.764589
vn -0.472609 0.231734 0.850259
vn -0.908661 0.358163 0.214605
vn -0.417180 0.320955 -0.850264
vn 0.533990 -0.360923 -0.764584
vn 0.701240 -0.612914 0.364142
vn -0.145159 -0.088881 0.985408
vn -0.187833 0.975849 -0.111526
vn -0.944743 0.327277 -0.018700
vn -0.754757 -0.653608 -0.056024
vn 0.188486 -0.979238 -0.074612
vn 0.943424 -0.326820 -0.056027
vn 0.755812 0.654522 -0.018699
vn 0.187833 0.975849 0.111526
vn -0.755812 0.654522 0.018699
vn -0.943424 -0.326820 0.056027
vn -0.188486 -0.979238 0.074612
vn 0.754757 -0.653608 0.056024
vn 0.944743 0.327277 0.018700
vn -0.723773 0.655814 -0.214619
vn 0.015345 0.169516 -0.985408
vn 0.860226 -0.356984 -0.364106
vn 0.560194 -0.318726 0.764589
vn -0.472609 0.231734 0.850259
vn -0.908661 0.358163 0.214605
vn -0.417180 0.320955 -0.850264
vn 0.533990 -0.360923 -0.764584
vn 0.701240 -0.612914 0.364142
vn -0.145159 -0.088881 0.985408
vn -0.781035 0.588469 -0.209018
vn 0.012736 0.198169 -0.980085
vn 0.895625 -0.262352 -0.359203
vn 0.577369 -0.285462 0.764955
vn -0.504848 0.160587 0.848139
vn -0.941798 0.263298 0.209024
vn -0.434125 0.303639 -0.848139
vn 0.577378 -0.285442 -0.764956
vn 0.752251 -0.552355 0.359196
vn -0.149730 -0.130440 0.980085
vn -0.781035 0.588469 -0.209018
vn 0.012735 0.198169 -0.980085
vn 0.895625 -0.262352 -0.359203
vn 0.577369 -0.285462 0.764955
vn -0.504847 0.160587 0.848140
vn -0.941798 0.263298 0.209024
vn -0.434126 0.303639 -0.848138
vn 0.577377 -0.285442 -0.764957
vn 0.752251 -0.552355 0.359196
vn -0.149730 -0.130440 0.980085
vn -0.781035 0.588469 -0.209018
vn 0.012735 0.198169 -0.980085
vn 0.895625 -0.262352 -0.359204
vn 0.577369 -0.285462 0.764955
vn -0.504847 0.160586 0.848140
vn -0.941798 0.263298 0.209024
vn -0.434126 0.303639 -0.848138
vn 0.577377 -0.285442 -0.764957
vn 0.752251 -0.552355 0.359196
vn -0.149729 -0.130440 0.980085
vn -0.832273 0.515685 -0.203446
vn 0.004205 0.226583 -0.973983
vn 0.920547 -0.164864 -0.354137
vn 0.593667 -0.251064 0.764543
vn -0.527372 0.086404 0.845230
vn -0.964927 0.165902 0.203450
vn -0.452044 0.285039 -0.845227
vn 0.610852 -0.205750 -0.764543
vn 0.798367 -0.487033 0.354132
vn -0.147102 -0.172389 0.973983
vn -0.832273 0.515685 -0.203446
vn 0.004204 0.226584 -0.973983
vn 0.920547 -0.164864 -0.354137
vn 0.593667 -0.251064 0.764543
vn -0.527371 0.086403 0.845230
vn -0.964927 0.165902 0.203450
vn -0.452045 0.285039 -0.845227
vn 0.610852 -0.205750 -0.764543
vn 0.798367 -0.487033 0.354131
vn -0.147101 -0.172389 0.973983
vn -0.832273 0.515685 -0.203446
vn 0.004204 0.226584 -0.973983
vn 0.920547 -0.164864 -0.354137
vn 0.593667 -0.251064 0.764543
vn -0.527371 0.086403 0.845230
vn -0.964927 0.165901 0.203450
vn -0.452044 0.285039 -0.845227
vn 0.610852 -0.205750 -0.764543
vn 0.798367 -0.487033 0.354131
vn -0.147102 -0.172389 0.973983
vn -0.877026 0.437522 -0.198495
vn -0.010837 0.251057 -0.967912
vn 0.934573 -0.066601 -0.349482
vn 0.609603 -0.213062 0.763537
vn -0.539297 0.012893 0.842017
vn -0.977774 0.067485 0.198505
vn -0.471392 0.262288 -0.842018
vn 0.633467 -0.125388 -0.763543
vn 0.839339 -0.416383 0.349478
vn -0.136612 -0.210912 0.967912
vn -0.877026 0.437522 -0.198495
vn -0.010838 0.251057 -0.967912
vn 0.934573 -0.066601 -0.349482
vn 0.609602 -0.213062 0.763538
vn -0.539296 0.012893 0.842017
vn -0.977774 0.067484 0.198506
vn -0.471392 0.262288 -0.842018
vn 0.633466 -0.125388 -0.763543
vn 0.839340 -0.416382 0.349478
vn -0.136613 -0.210911 0.967912
vn -0.187790 0.975857 -0.111527
vn -0.944748 0.327263 -0.018702
vn -0.754737 -0.653630 -0.056026
vn 0.188442 -0.979246 -0.074608
vn 0.943429 -0.326806 -0.056024
vn 0.755792 0.654544 -0.018702
vn 0.187790 0.975857 0.111527
vn -0.755792 0.654544 0.018702
vn -0.943429 -0.326806 0.056024
vn -0.188442 -0.979246 0.074608
vn 0.754737 -0.653630 0.056026
vn 0.944748 0.327263 0.018702
vn -0.877026 0.437522 -0.198495
vn -0.010837 0.251056 -0.967912
vn 0.934573 -0.066601 -0.349482
vn 0.609602 -0.213062 0.763538
vn -0.539298 0.012893 0.842016
vn -0.977774 0.067485 0.198505
vn -0.471391 0.262288 -0.842019
vn 0.633466 -0.125388 -0.763543
vn 0.839339 -0.416383 0.349478
vn -0.136614 -0.210911 0.967912
vn -0.914679 0.354199 -0.194693
vn -0.031740 0.268102 -0.962867
vn 0.937803 0.030455 -0.345831
vn 0.624647 -0.169054 0.762389
vn -0.540946 -0.056313 0.839170
vn -0.980387 -0.030535 0.194702
vn -0.491601 0.232666 -0.839163
vn 0.645343 -0.047854 -0.762392
vn 0.874537 -0.339991 0.345821
vn -0.118907 -0.242372 0.962869
vn -0.914679 0.354199 -0.194693
vn -0.031740 0.268102 -0.962867
vn 0.937803 0.030455 -0.345830
vn 0.624647 -0.169054 0.762389
vn -0.540946 -0.056313 0.839170
vn -0.980387 -0.030535 0.194702
vn -0.491602 0.232666 -0.839163
vn 0.645344 -0.047854 -0.762392
vn 0.874537 -0.339991 0.345821
vn -0.118907 -0.242372 0.962869
vn -0.914679 0.354199 -0.194693
vn -0.031739 0.268102 -0.962868
vn 0.937802 0.030455 -0.345831
vn 0.624647 -0.169054 0.762389
vn -0.540946 -0.056313 0.839170
vn -0.980387 -0.030535 0.194701
vn -0.491601 0.232666 -0.839163
vn 0.645343 -0.047854 -0.762392
vn 0.874537 -0.339991 0.345821
vn -0.118906 -0.242373 0.962869
vn -0.944511 0.266184 -0.192473
vn -0.056642 0.275071 -0.959754
vn 0.930792 0.124626 -0.343649
vn 0.637387 -0.117297 0.761564
vn -0.533718 -0.118303 0.837347
vn -0.973060 -0.126921 0.192473
vn -0.511034 0.194177 -0.837341
vn 0.647648 0.023971 -0.761563
vn 0.903019 -0.257807 0.343645
vn -0.095786 -0.263999 0.959755
vn -0.944511 0.266184 -0.192473
vn -0.056643 0.275071 -0.959754
vn 0.930792 0.124626 -0.343648
vn 0.637386 -0.117297 0.761564
vn -0.533717 -0.118304 0.837347
vn -0.973059 -0.126922 0.192474
vn -0.511035 0.194177 -0.837340
vn 0.647648 0.023971 -0.761563
vn 0.903019 -0.257807 0.343645
vn -0.095785 -0.263999 0.959755
vn -0.944511 0.266184 -0.192473
vn -0.056643 0.275071 -0.959754
vn 0.930792 0.124626 -0.343648
vn 0.637386 -0.117297 0.761564
vn -0.533717 -0.118304 0.837347
vn -0.973059 -0.126922 0.192474
vn -0.511035 0.194177 -0.837340
vn 0.647648 0.023971 -0.761563
vn 0.903019 -0.257807 0.343645
vn -0.095785 -0.263999 0.959755
vn -0.967178 0.149513 -0.205458
vn -0.075946 0.259179 -0.962839
vn 0.922722 0.154416 -0.353186
vn 0.646166 -0.111808 0.754963
vn -0.524339 -0.172464 0.833861
vn -0.967752 -0.145746 0.205463
vn -0.523668 0.174504 -0.833859
vn 0.646595 0.109290 -0.754964
vn 0.922113 -0.158009 0.353187
vn -0.076950 -0.258881 0.962839
vn -0.967178 0.149513 -0.205458
vn -0.075946 0.259179 -0.962839
vn 0.922722 0.154416 -0.353186
vn 0.646166 -0.111808 0.754963
vn -0.524339 -0.172464 0.833861
vn -0.967752 -0.145746 0.205463
vn -0.523668 0.174504 -0.833859
vn 0.646596 0.109290 -0.754963
vn 0.922113 -0.158009 0.353187
vn -0.076949 -0.258881 0.962839
vn -0.187833 0.975849 -0.111526
vn -0.944743 0.327277 -0.018700
vn -0.754757 -0.653608 -0.056024
vn 0.188486 -0.979238 -0.074612
vn 0.943424 -0.326820 -0.056027
vn 0.755812 0.654522 -0.018699
vn 0.187833 0.975849 0.111526
vn -0.755812 0.654522 0.018699
vn -0.943424 -0.326820 0.056027
vn -0.188486 -0.979238 0.074612
vn 0.754757 -0.653608 0.056024
vn 0.944743 0.327277 0.018700
vn -0.967178 0.149513 -0.205458
vn -0.075947 0.259179 -0.962839
vn 0.922722 0.154416 -0.353186
vn 0.646166 -0.111808 0.754962
vn -0.524339 -0.172464 0.833862
vn -0.967752 -0.145746 0.205463
vn -0.523668 0.174504 -0.833858
vn 0.646595 0.109290 -0.754964
vn 0.922113 -0.158009 0.353187
vn -0.076950 -0.258881 0.962839
vn -0.968352 0.137931 -0.208011
vn -0.076449 0.256333 -0.963561
vn 0.922863 0.149162 -0.355069
vn 0.646697 -0.117741 0.753605
vn -0.524050 -0.176233 0.833255
vn -0.968353 -0.137930 0.208009
vn -0.524039 0.176235 -0.833261
vn 0.646693 0.117741 -0.753608
vn 0.922865 -0.149161 0.355065
vn -0.076458 -0.256333 0.963560
vn -0.968352 0.137931 -0.208011
vn -0.076449 0.256333 -0.963561
vn 0.922863 0.149162 -0.355069
vn 0.646697 -0.117740 0.753605
vn -0.524050 -0.176233 0.833255
vn -0.968353 -0.137930 0.208009
vn -0.524039 0.176235 -0.833261
vn 0.646693 0.117741 -0.753609
vn 0.922865 -0.149161 0.355065
vn -0.076458 -0.256333 0.963560
vn -0.968352 0.137931 -0.208011
vn -0.076449 0.256333 -0.963561
vn 0.922863 0.149162 -0.355069
vn 0.646697 -0.117741 0.753605
vn -0.524050 -0.176233 0.833255
vn -0.968353 -0.137930 0.208009
vn -0.524039 0.176235 -0.833261
vn 0.646693 0.117741 -0.753608
vn 0.922865 -0.149161 0.355065
vn -0.076458 -0.256333 0.963560
vn -0.968352 0.137931 -0.208011
vn -0.076458 0.256333 -0.963560
vn 0.922865 0.149161 -0.355065
vn 0.646693 -0.117741 0.753608
vn -0.524045 -0.176235 0.833258
vn -0.968352 -0.137931 0.208011
vn -0.524045 0.176235 -0.833258
vn 0.646696 0.117741 -0.753605
vn 0.922863 -0.149163 0.355068
vn -0.076458 -0.256333 0.963560
vn -0.968352 0.137931 -0.208011
vn -0.076458 0.256333 -0.963560
vn 0.922865 0.149161 -0.355065
vn 0.646693 -0.117741 0.753608
vn -0.524045 -0.176235 0.833258
vn -0.968352 -0.137931 0.208011
vn -0.524044 0.176235 -0.833258
vn 0.646696 0.117741 -0.753605
vn 0.922863 -0.149163 0.355068
vn -0.076458 -0.256333 0.963560
vn -0.968352 0.137931 -0.208011
vn -0.076458 0.256333 -0.963560
vn 0.922865 0.149161 -0.355065
vn 0.646693 -0.117741 0.753608
vn -0.524045 -0.176235 0.833258
vn -0.968352 -0.137931 0.208011
vn -0.524045 0.176235 -0.833258
vn 0.646696 0.117741 -0.753605
vn 0.922863 -0.149163 0.355068
vn -0.076458 -0.256333 0.963560
vn -0.949176 0.249674 -0.191644
vn -0.076327 0.222581 -0.971922
vn 0.913127 0.216667 -0.345333
vn 0.639871 0.032253 0.767805
vn -0.523225 -0.079015 0.848523
vn -0.949178 -0.249670 0.191641
vn -0.523223 0.079015 -0.848525
vn 0.639870 -0.032253 -0.767806
vn 0.913123 -0.216669 0.345341
vn -0.076343 -0.222580 0.971921
vn -0.949176 0.249674 -0.191644
vn -0.076327 0.222581 -0.971922
vn 0.913127 0.216667 -0.345333
vn 0.639871 0.032253 0.767805
vn -0.523225 -0.079015 0.848523
vn -0.949178 -0.249670 0.191641
vn -0.523223 0.079015 -0.848525
vn 0.639870 -0.032253 -0.767806
vn 0.913123 -0.216669 0.345341
vn -0.076343 -0.222580 0.971921
vn -0.187790 0.975857 -0.111527
vn -0.944748 0.327263 -0.018702
vn -0.754737 -0.653630 -0.056026
vn 0.188442 -0.979246 -0.074608
vn 0.943429 -0.326806 -0.056024
vn 0.755792 0.654544 -0.018702
vn 0.187790 0.975857 0.111527
vn -0.755792 0.654544 0.018702
vn -0.943429 -0.326806 0.056024
vn -0.188442 -0.979246 0.074608
vn 0.754737 -0.653630 0.056026
vn 0.944748 0.327263 0.018702
vn -0.949176 0.249674 -0.191644
vn -0.076327 0.222581 -0.971922
vn 0.913127 0.216667 -0.345333
vn 0.639871 0.032253 0.767805
vn -0.523225 -0.079015 0.848523
vn -0.949178 -0.249670 0.191641
vn -0.523223 0.079015 -0.848525
vn 0.639870 -0.032253 -0.767806
vn 0.913123 -0.216669 0.345341
vn -0.076343 -0.222580 0.971921
vn -0.078499 -0.968905 -0.234650
vn -0.021759 -0.076460 -0.996835
vn -0.056886 0.923141 -0.380231
vn -0.056886 0.646887 0.760461
vn -0.021759 -0.524067 0.851399
vn 0.078499 -0.968905 0.234650
vn 0.021759 -0.524067 -0.851399
vn 0.056886 0.646887 -0.760461
vn 0.056886 0.923141 0.380231
vn 0.021759 -0.076460 0.996835
vn -0.078499 -0.968905 -0.234650
vn -0.021759 -0.076460 -0.996835
vn -0.056886 0.923140 -0.380231
vn -0.056886 0.646887 0.760461
vn -0.021759 -0.524067 0.851399
vn 0.078499 -0.968905 0.234650
vn 0.021759 -0.524067 -0.851399
vn 0.056886 0.646887 -0.760461
vn 0.056886 0.923140 0.380231
vn 0.021759 -0.076460 0.996835
vn -0.187803 0.975854 -0.111526
vn -0.944746 0.327270 -0.018701
vn -0.754742 -0.653625 -0.056025
vn 0.188455 -0.979244 -0.074609
vn 0.943427 -0.326813 -0.056025
vn 0.755797 0.654539 -0.018701
vn 0.187803 0.975854 0.111526
vn -0.755797 0.654539 0.018701
vn -0.943427 -0.326813 0.056025
vn -0.188455 -0.979244 0.074609
vn 0.754742 -0.653625 0.056025
vn 0.944746 0.327270 0.018701
vn -0.078499 -0.968905 -0.234650
vn -0.021759 -0.076460 -0.996835
vn -0.056886 0.923141 -0.380231
vn -0.056886 0.646887 0.760462
vn -0.021759 -0.524068 0.851399
vn 0.078499 -0.968905 0.234650
vn 0.021759 -0.524067 -0.851399
vn 0.056886 0.646887 -0.760461
vn 0.056886 0.923141 0.380231
vn 0.021759 -0.076461 0.996835
vn -0.078499 -0.968905 -0.234650
vn -0.021759 -0.076460 -0.996835
vn -0.056886 0.923141 -0.380231
vn -0.056886 0.646887 0.760461
vn -0.021759 -0.524067 0.851399
vn 0.078499 -0.968905 0.234650
vn 0.021759 -0.524067 -0.851399
vn 0.056886 0.646887 -0.760461
vn 0.056886 0.923141 0.380231
vn 0.021759 -0.076460 0.996835
vn -0.078499 -0.968905 -0.234650
vn -0.021759 -0.076460 -0.996835
vn -0.056886 0.923141 -0.380231
vn -0.056886 0.646887 0.760461
vn -0.021759 -0.524067 0.851399
vn 0.078499 -0.968905 0.234650
vn 0.021759 -0.524067 -0.851399
vn 0.056886 0.646887 -0.760461
vn 0.056886 0.923141 0.380231
vn 0.021759 -0.076460 0.996835
vn -0.078499 -0.968905 -0.234650
vn -0.021759 -0.076460 -0.996835
vn -0.056886 0.923141 -0.380231
vn -0.056886 0.646887 0.760462
vn -0.021759 -0.524068 0.851399
vn 0.078499 -0.968905 0.234650
vn 0.021759 -0.524067 -0.851399
vn 0.056886 0.646887 -0.760461
vn 0.056886 0.923141 0.380231
vn 0.021759 -0.076461 0.996835
vn -0.078499 -0.968905 -0.234650
vn -0.021759 -0.076460 -0.996835
vn -0.056886 0.923141 -0.380231
vn -0.056886 0.646887 0.760461
vn -0.021759 -0.524067 0.851399
vn 0.078499 -0.968905 0.234650
vn 0.021759 -0.524067 -0.851399
vn 0.056886 0.646887 -0.760461
vn 0.056886 0.923141 0.380231
vn 0.021759 -0.076460 0.996835
vn -0.078499 -0.968905 -0.234650
vn -0.021759 -0.076460 -0.996835
vn -0.056886 0.923141 -0.380231
vn -0.056886 0.646887 0.760461
vn -0.021759 -0.524067 0.851399
vn 0.078499 -0.968905 0.234650
vn 0.021759 -0.524067 -0.851399
vn 0.056886 0.646887 -0.760461
vn 0.056886 0.923141 0.380231
vn 0.021759 -0.076460 0.996835
vn -0.078499 -0.968905 -0.234650
vn -0.021759 -0.076460 -0.996835
vn -0.056886 0.923141 -0.380231
vn -0.056886 0.646887 0.760461
vn -0.021759 -0.524068 0.851399
vn 0.078499 -0.968905 0.234650
vn 0.021759 -0.524067 -0.851399
vn 0.056886 0.646887 -0.760461
vn 0.056886 0.923141 0.380231
vn 0.021759 -0.076461 0.996835
vn -0.078499 -0.968905 -0.234650
vn -0.021759 -0.076460 -0.996835
vn -0.056886 0.923141 -0.380231
vn -0.056886 0.646887 0.760461
vn -0.021759 -0.524067 0.851399
vn 0.078499 -0.968905 0.234650
vn 0.021759 -0.524067 -0.851399
vn 0.056886 0.646887 -0.760461
vn 0.056886 0.923141 0.380231
vn 0.021759 -0.076460 0.996835
vn -0.078499 -0.968905 -0.234650
vn -0.021759 -0.076460 -0.996835
vn -0.056886 0.923141 -0.380231
vn -0.056886 0.646887 0.760461
vn -0.021759 -0.524067 0.851399
vn 0.078499 -0.968905 0.234650
vn 0.021759 -0.524067 -0.851399
vn 0.056886 0.646887 -0.760461
vn 0.056886 0.923141 0.380231
vn 0.021759 -0.076460 0.996835
vn -0.187803 0.975854 -0.111526
vn -0.944746 0.327270 -0.018701
vn -0.754742 -0.653625 -0.056025
vn 0.188455 -0.979244 -0.074609
vn 0.943427 -0.326813 -0.056025
vn 0.755797 0.654539 -0.018701
vn 0.187803 0.975854 0.111526
vn -0.755797 0.654539 0.018701
vn -0.943427 -0.326813 0.056025
vn -0.188455 -0.979244 0.074609
vn 0.754742 -0.653625 0.056025
vn 0.944746 0.327270 0.018701
vn -0.078499 -0.968905 -0.234650
vn -0.021759 -0.076460 -0.996835
vn -0.056886 0.923141 -0.380231
vn -0.056886 0.646887 0.760461
vn -0.021759 -0.524068 0.851399
vn 0.078499 -0.968905 0.234650
vn 0.021759 -0.524067 -0.851399
vn 0.056886 0.646887 -0.760461
vn 0.056886 0.923141 0.380231
vn 0.021759 -0.076461 0.996835
vn -0.078499 -0.968905 -0.234650
vn -0.021759 -0.076460 -0.996835
vn -0.056886 0.923141 -0.380231
vn -0.056886 0.646887 0.760461
vn -0.021759 -0.524067 0.851399
vn 0.078499 -0.968905 0.234650
vn 0.021759 -0.524067 -0.851399
vn 0.056886 0.646887 -0.760461
vn 0.056886 0.923141 0.380231
vn 0.021759 -0.076460 0.996835
vn -0.078499 -0.968905 -0.234650
vn -0.021759 -0.076460 -0.996835
vn -0.056886 0.923141 -0.380231
vn -0.056886 0.646887 0.760461
vn -0.021759 -0.524067 0.851399
vn 0.078499 -0.968905 0.234650
vn 0.021759 -0.524067 -0.851399
vn 0.056886 0.646887 -0.760461
vn 0.056886 0.923141 0.380231
vn 0.021759 -0.076460 0.996835
vn -0.078499 -0.968905 -0.234650
vn -0.021759 -0.076460 -0.996835
vn -0.056886 0.923141 -0.380231
vn -0.056886 0.646887 0.760462
vn -0.021759 -0.524068 0.851399
vn 0.078499 -0.968905 0.234650
vn 0.021759 -0.524067 -0.851399
vn 0.056886 0.646887 -0.760461
vn 0.056886 0.923141 0.380231
vn 0.021759 -0.076461 0.996835
vn -0.078499 -0.968905 -0.234650
vn -0.021759 -0.076460 -0.996835
vn -0.056886 0.923141 -0.380231
vn -0.056886 0.646887 0.760461
vn -0.021759 -0.524067 0.851399
vn 0.078499 -0.968905 0.234650
vn 0.021759 -0.524067 -0.851399
vn 0.056886 0.646887 -0.760461
vn 0.056886 0.923141 0.380231
vn 0.021759 -0.076460 0.996835
vn -0.078499 -0.968905 -0.234650
vn -0.021759 -0.076460 -0.996835
vn -0.056886 0.923141 -0.380231
vn -0.056886 0.646887 0.760461
vn -0.021759 -0.524067 0.851399
vn 0.078499 -0.968905 0.234650
vn 0.021759 -0.524067 -0.851399
vn 0.056886 0.646887 -0.760461
vn 0.056886 0.923141 0.380231
vn 0.021759 -0.076460 0.996835
vn -0.078499 -0.968905 -0.234650
vn -0.021759 -0.076460 -0.996835
vn -0.056886 0.923141 -0.380231
vn -0.056886 0.646887 0.760461
vn -0.021759 -0.524068 0.851399
vn 0.078499 -0.968905 0.234650
vn 0.021759 -0.524067 -0.851399
vn 0.056886 0.646887 -0.760461
vn 0.056886 0.923141 0.380231
vn 0.021759 -0.076461 0.996835
vn -0.078499 -0.968905 -0.234650
vn -0.021759 -0.076460 -0.996835
vn -0.056886 0.923141 -0.380231
vn -0.056886 0.646887 0.760461
vn -0.021759 -0.524067 0.851399
vn 0.078499 -0.968905 0.234650
vn 0.021759 -0.524067 -0.851399
vn 0.056886 0.646887 -0.760461
vn 0.056886 0.923141 0.380231
vn 0.021759 -0.076460 0.996835
vn -0.078499 -0.968905 -0.234650
vn -0.021759 -0.076460 -0.996835
vn -0.056886 0.923141 -0.380231
vn -0.056886 0.646887 0.760461
vn -0.021759 -0.524067 0.851399
vn 0.078499 -0.968905 0.234650
vn 0.021759 -0.524067 -0.851399
vn 0.056886 0.646887 -0.760461
vn 0.056886 0.923141 0.380231
vn 0.021759 -0.076460 0.996835
vn -0.187803 0.975854 -0.111526
vn -0.944746 0.327270 -0.018701
vn -0.754742 -0.653625 -0.056025
vn 0.188455 -0.979244 -0.074609
vn 0.943427 -0.326813 -0.056025
vn 0.755797 0.654539 -0.018701
vn 0.187803 0.975854 0.111526
vn -0.755797 0.654539 0.018701
vn -0.943427 -0.326813 0.056025
vn -0.188455 -0.979244 0.074609
vn 0.754742 -0.653625 0.056025
vn 0.944746 0.327270 0.018701
vn -0.078499 -0.968905 -0.234650
vn -0.021759 -0.076460 -0.996835
vn -0.056886 0.923141 -0.380231
vn -0.056886 0.646887 0.760462
vn -0.021759 -0.524068 0.851399
vn 0.078499 -0.968905 0.234650
vn 0.021759 -0.524067 -0.851399
vn 0.056886 0.646887 -0.760461
vn 0.056886 0.923141 0.380231
vn 0.021759 -0.076461 0.996835
vn -0.078499 -0.968905 -0.234650
vn -0.021759 -0.076460 -0.996835
vn -0.056886 0.923141 -0.380231
vn -0.056886 0.646887 0.760461
vn -0.021759 -0.524067 0.851399
vn 0.078499 -0.968905 0.234650
vn 0.021759 -0.524067 -0.851399
vn 0.056886 0.646887 -0.760461
vn 0.056886 0.923141 0.380231
vn 0.021759 -0.076460 0.996835
vn -0.078499 -0.968905 -0.234650
vn -0.021759 -0.076460 -0.996835
vn -0.056886 0.923141 -0.380231
vn -0.056886 0.646887 0.760461
vn -0.021759 -0.524067 0.851399
vn 0.078499 -0.968905 0.234650
vn 0.021759 -0.524067 -0.851399
vn 0.056886 0.646887 -0.760461
vn 0.056886 0.923141 0.380231
vn 0.021759 -0.076460 0.996835
vn -0.078499 -0.968905 -0.234650
vn -0.021759 -0.076460 -0.996835
vn -0.056886 0.923141 -0.380231
vn -0.056886 0.646887 0.760461
vn -0.021759 -0.524068 0.851399
vn 0.078499 -0.968905 0.234650
vn 0.021759 -0.524067 -0.851399
vn 0.056886 0.646887 -0.760461
vn 0.056886 0.923141 0.380231
vn 0.021759 -0.076461 0.996835
vn -0.078499 -0.968905 -0.234650
vn -0.021759 -0.076460 -0.996835
vn -0.056886 0.923141 -0.380231
vn -0.056886 0.646887 0.760461
vn -0.021759 -0.524067 0.851399
vn 0.078499 -0.968905 0.234650
vn 0.021759 -0.524067 -0.851399
vn 0.056886 0.646887 -0.760461
vn 0.056886 0.923141 0.380231
vn 0.021759 -0.076460 0.996835
vn -0.078499 -0.968905 -0.234650
vn -0.021759 -0.076460 -0.996835
vn -0.056886 0.923141 -0.380231
vn -0.056886 0.646887 0.760461
vn -0.021759 -0.524067 0.851399
vn 0.078499 -0.968905 0.234650
vn 0.021759 -0.524067 -0.851399
vn 0.056886 0.646887 -0.760461
vn 0.056886 0.923141 0.380231
vn 0.021759 -0.076460 0.996835
vn -0.078499 -0.968905 -0.234650
vn -0.021759 -0.076460 -0.996835
vn -0.056886 0.923141 -0.380231
vn -0.056886 0.646887 0.760462
vn -0.021759 -0.524068 0.851399
vn 0.078499 -0.968905 0.234650
vn 0.021759 -0.524067 -0.851399
vn 0.056886 0.646887 -0.760461
vn 0.056886 0.923141 0.380231
vn 0.021759 -0.076461 0.996835
vn -0.078499 -0.968905 -0.234650
vn -0.021759 -0.076460 -0.996835
vn -0.056886 0.923141 -0.380231
vn -0.056886 0.646887 0.760461
vn -0.021759 -0.524067 0.851399
vn 0.078499 -0.968905 0.234650
vn 0.021759 -0.524067 -0.851399
vn 0.056886 0.646887 -0.760461
vn 0.056886 0.923141 0.380231
vn 0.021759 -0.076460 0.996835
vn -0.078499 -0.968905 -0.234650
vn -0.021759 -0.076460 -0.996835
vn -0.056886 0.923141 -0.380231
vn -0.056886 0.646887 0.760461
vn -0.021759 -0.524067 0.851399
vn 0.078499 -0.968905 0.234650
vn 0.021759 -0.524067 -0.851399
vn 0.056886 0.646887 -0.760461
vn 0.056886 0.923141 0.380231
vn 0.021759 -0.076460 0.996835
vn -0.187803 0.975854 -0.111526
vn -0.944746 0.327270 -0.018701
vn -0.754742 -0.653625 -0.056025
vn 0.188455 -0.979244 -0.074609
vn 0.943427 -0.326813 -0.056025
vn 0.755797 0.654539 -0.018701
vn 0.187803 0.975854 0.111526
vn -0.755797 0.654539 0.018701
vn -0.943427 -0.326813 0.056025
vn -0.188455 -0.979244 0.074609
vn 0.754742 -0.653625 0.056025
vn 0.944746 0.327270 0.018701
vn -0.078499 -0.968905 -0.234650
vn -0.021759 -0.076460 -0.996835
vn -0.056886 0.923141 -0.380231
vn -0.056886 0.646887 0.760461
vn -0.021759 -0.524068 0.851399
vn 0.078499 -0.968905 0.234650
vn 0.021759 -0.524067 -0.851399
vn 0.056886 0.646887 -0.760461
vn 0.056886 0.923141 0.380231
vn 0.021759 -0.076461 0.996835
vn -0.078499 -0.968905 -0.234650
vn -0.021759 -0.076460 -0.996835
vn -0.056886 0.923141 -0.380231
vn -0.056886 0.646887 0.760461
vn -0.021759 -0.524067 0.851399
vn 0.078499 -0.968905 0.234650
vn 0.021759 -0.524067 -0.851399
vn 0.056886 0.646887 -0.760461
vn 0.056886 0.923141 0.380231
vn 0.021759 -0.076460 0.996835
vn -0.078499 -0.968905 -0.234650
vn -0.021759 -0.076460 -0.996835
vn -0.056886 0.923141 -0.380231
vn -0.056886 0.646887 0.760461
vn -0.021759 -0.524067 0.851399
vn 0.078499 -0.968905 0.234650
vn 0.021759 -0.524067 -0.851399
vn 0.056886 0.646887 -0.760461
vn 0.056886 0.923141 0.380231
vn 0.021759 -0.076460 0.996835
vn -0.078499 -0.968905 -0.234650
vn -0.021759 -0.076460 -0.996835
vn -0.056886 0.923141 -0.380231
vn -0.056886 0.646887 0.760461
vn -0.021759 -0.524068 0.851399
vn 0.078499 -0.968905 0.234650
vn 0.021759 -0.524067 -0.851399
vn 0.056886 0.646887 -0.760461
vn 0.056886 0.923141 0.380231
vn 0.021759 -0.076461 0.996835
vn -0.078499 -0.968905 -0.234650
vn -0.021759 -0.076460 -0.996835
vn -0.056886 0.923141 -0.380231
vn -0.056886 0.646887 0.760461
vn -0.021759 -0.524067 0.851399
vn 0.078499 -0.968905 0.234650
vn 0.021759 -0.524067 -0.851399
vn 0.056886 0.646887 -0.760461
vn 0.056886 0.923141 0.380231
vn 0.021759 -0.076460 0.996835
vn -0.078499 -0.968905 -0.234650
vn -0.021759 -0.076460 -0.996835
vn -0.056886 0.923141 -0.380231
vn -0.056886 0.646887 0.760461
vn -0.021759 -0.524067 0.851399
vn 0.078499 -0.968905 0.234650
vn 0.021759 -0.524067 -0.851399
vn 0.056886 0.646887 -0.760461
vn 0.056886 0.923141 0.380231
vn 0.021759 -0.076460 0.996835
vn -0.078499 -0.968905 -0.234650
vn -0.021759 -0.076460 -0.996835
vn -0.056886 0.923141 -0.380231
vn -0.056886 0.646887 0.760462
vn -0.021759 -0.524068 0.851399
vn 0.078499 -0.968905 0.234650
vn 0.021759 -0.524067 -0.851399
vn 0.056886 0.646887 -0.760461
vn 0.056886 0.923141 0.380231
vn 0.021759 -0.076461 0.996835
vn -0.078499 -0.968905 -0.234650
vn -0.021759 -0.076460 -0.996835
vn -0.056886 0.923141 -0.380231
vn -0.056886 0.646887 0.760461
vn -0.021759 -0.524067 0.851399
vn 0.078499 -0.968905 0.234650
vn 0.021759 -0.524067 -0.851399
vn 0.056886 0.646887 -0.760461
vn 0.056886 0.923141 0.380231
vn 0.021759 -0.076460 0.996835
vn -0.078499 -0.968905 -0.234650
vn -0.021759 -0.076460 -0.996835
vn -0.056886 0.923141 -0.380231
vn -0.056886 0.646887 0.760461
vn -0.021759 -0.524067 0.851399
vn 0.078499 -0.968905 0.234650
vn 0.021759 -0.524067 -0.851399
vn 0.056886 0.646887 -0.760461
vn 0.056886 0.923141 0.380231
vn 0.021759 -0.076460 0.996835
vn -0.187803 0.975854 -0.111526
vn -0.944746 0.327270 -0.018701
vn -0.754742 -0.653625 -0.056025
vn 0.188455 -0.979244 -0.074609
vn 0.943427 -0.326813 -0.056025
vn 0.755797 0.654539 -0.018701
vn 0.187803 0.975854 0.111526
vn -0.755797 0.654539 0.018701
vn -0.943427 -0.326813 0.056025
vn -0.188455 -0.979244 0.074609
vn 0.754742 -0.653625 0.056025
vn 0.944746 0.327270 0.018701
vn -0.078499 -0.968905 -0.234650
vn -0.021759 -0.076460 -0.996835
vn -0.056886 0.923141 -0.380231
vn -0.056886 0.646887 0.760462
vn -0.021759 -0.524068 0.851399
vn 0.078499 -0.968905 0.234650
vn 0.021759 -0.524067 -0.851399
vn 0.056886 0.646887 -0.760461
vn 0.056886 0.923141 0.380231
vn 0.021759 -0.076461 0.996835
vn -0.078499 -0.968905 -0.234650
vn -0.021759 -0.076460 -0.996835
vn -0.056886 0.923141 -0.380231
vn -0.056886 0.646887 0.760461
vn -0.021759 -0.524067 0.851399
vn 0.078499 -0.968905 0.234650
vn 0.021759 -0.524067 -0.851399
vn 0.056886 0.646887 -0.760461
vn 0.056886 0.923141 0.380231
vn 0.021759 -0.076460 0.996835
vn -0.078499 -0.968905 -0.234650
vn -0.021759 -0.076460 -0.996835
vn -0.056886 0.923141 -0.380231
vn -0.056886 0.646887 0.760461
vn -0.021759 -0.524067 0.851399
vn 0.078499 -0.968905 0.234650
vn 0.021759 -0.524067 -0.851399
vn 0.056886 0.646887 -0.760461
vn 0.056886 0.923141 0.380231
vn 0.021759 -0.076460 0.996835
vn -0.078499 -0.968905 -0.234650
vn -0.021759 -0.076460 -0.996835
vn -0.056886 0.923141 -0.380231
vn -0.056886 0.646887 0.760462
vn -0.021759 -0.524068 0.851399
vn 0.078499 -0.968905 0.234650
vn 0.021759 -0.524067 -0.851399
vn 0.056886 0.646887 -0.760461
vn 0.056886 0.923141 0.380231
vn 0.021759 -0.076461 0.996835
vn -0.078499 -0.968905 -0.234650
vn -0.021759 -0.076460 -0.996835
vn -0.056886 0.923141 -0.380231
vn -0.056886 0.646887 0.760461
vn -0.021759 -0.524067 0.851399
vn 0.078499 -0.968905 0.234650
vn 0.021759 -0.524067 -0.851399
vn 0.056886 0.646887 -0.760461
vn 0.056886 0.923141 0.380231
vn 0.021759 -0.076460 0.996835
vn -0.078499 -0.968905 -0.234650
vn -0.021759 -0.076460 -0.996835
vn -0.056886 0.923141 -0.380231
vn -0.056886 0.646887 0.760461
vn -0.021759 -0.524067 0.851399
vn 0.078499 -0.968905 0.234650
vn 0.021759 -0.524067 -0.851399
vn 0.056886 0.646887 -0.760461
vn 0.056886 0.923141 0.380231
vn 0.021759 -0.076460 0.996835
vn -0.078499 -0.968905 -0.234650
vn -0.021759 -0.076460 -0.996835
vn -0.056886 0.923141 -0.380231
vn -0.056886 0.646887 0.760462
vn -0.021759 -0.524068 0.851399
vn 0.078499 -0.968905 0.234650
vn 0.021759 -0.524067 -0.851399
vn 0.056886 0.646887 -0.760461
vn 0.056886 0.923141 0.380231
vn 0.021759 -0.076461 0.996835
vn -0.078499 -0.968905 -0.234650
vn -0.021759 -0.076460 -0.996835
vn -0.056886 0.923141 -0.380231
vn -0.056886 0.646887 0.760461
vn -0.021759 -0.524067 0.851399
vn 0.078499 -0.968905 0.234650
vn 0.021759 -0.524067 -0.851399
vn 0.056886 0.646887 -0.760461
vn 0.056886 0.923141 0.380231
vn 0.021759 -0.076460 0.996835
vn -0.078499 -0.968905 -0.234650
vn -0.021759 -0.076460 -0.996835
vn -0.056886 0.923141 -0.380231
vn -0.056886 0.646887 0.760461
vn -0.021759 -0.524067 0.851399
vn 0.078499 -0.968905 0.234650
vn 0.021759 -0.524067 -0.851399
vn 0.056886 0.646887 -0.760461
vn 0.056886 0.923141 0.380231
vn 0.021759 -0.076460 0.996835
vn -0.187805 0.975854 -0.111527
vn -0.944749 0.327260 -0.018701
vn -0.754753 -0.653613 -0.056024
vn 0.188453 -0.979244 -0.074608
vn 0.943424 -0.326823 -0.056027
vn 0.755786 0.654552 -0.018701
vn 0.187801 0.975855 0.111525
vn -0.755808 0.654526 0.018701
vn -0.943431 -0.326803 0.056023
vn -0.188458 -0.979243 0.074610
vn 0.754730 -0.653638 0.056026
vn 0.944742 0.327280 0.018702
vn -0.078499 -0.968905 -0.234650
vn -0.021759 -0.076460 -0.996835
vn -0.056886 0.923141 -0.380231
vn -0.056886 0.646887 0.760462
vn -0.021759 -0.524068 0.851399
vn 0.078499 -0.968905 0.234650
vn 0.021759 -0.524067 -0.851399
vn 0.056886 0.646887 -0.760461
vn 0.056886 0.923141 0.380231
vn 0.021759 -0.076461 0.996835
vn -0.078499 -0.968905 -0.234650
vn -0.021759 -0.076460 -0.996835
vn -0.056886 0.923141 -0.380231
vn -0.056886 0.646887 0.760461
vn -0.021759 -0.524067 0.851399
vn 0.078499 -0.968905 0.234650
vn 0.021759 -0.524067 -0.851399
vn 0.056886 0.646887 -0.760461
vn 0.056886 0.923141 0.380231
vn 0.021759 -0.076460 0.996835
vn -0.078499 -0.968905 -0.234650
vn -0.021759 -0.076460 -0.996835
vn -0.056886 0.923141 -0.380231
vn -0.056886 0.646887 0.760461
vn -0.021759 -0.524067 0.851399
vn 0.078499 -0.968905 0.234650
vn 0.021759 -0.524067 -0.851399
vn 0.056886 0.646887 -0.760461
vn 0.056886 0.923141 0.380231
vn 0.021759 -0.076460 0.996835
vn -0.078499 -0.968905 -0.234650
vn -0.021759 -0.076460 -0.996835
vn -0.056886 0.923141 -0.380231
vn -0.056886 0.646887 0.760462
vn -0.021759 -0.524068 0.851399
vn 0.078499 -0.968905 0.234650
vn 0.021759 -0.524067 -0.851399
vn 0.056886 0.646887 -0.760461
vn 0.056886 0.923141 0.380231
vn 0.021759 -0.076461 0.996835
vn -0.073175 -0.969241 -0.234983
vn -0.017328 -0.076653 -0.996907
vn -0.069849 0.922159 -0.380453
vn -0.073025 0.645932 0.759894
vn -0.022474 -0.524326 0.851221
vn 0.094577 -0.967387 0.234983
vn 0.034056 -0.523701 -0.851221
vn 0.058732 0.647389 -0.759893
vn 0.049452 0.923477 0.380452
vn 0.019017 -0.076251 0.996907
vn -0.073175 -0.969241 -0.234983
vn -0.017328 -0.076654 -0.996907
vn -0.069849 0.922159 -0.380453
vn -0.073025 0.645932 0.759894
vn -0.022474 -0.524326 0.851221
vn 0.094577 -0.967387 0.234983
vn 0.034056 -0.523701 -0.851221
vn 0.058732 0.647389 -0.759893
vn 0.049452 0.923478 0.380452
vn 0.019017 -0.076252 0.996907
vn -0.073175 -0.969241 -0.234983
vn -0.017328 -0.076653 -0.996907
vn -0.069849 0.922159 -0.380453
vn -0.073025 0.645932 0.759894
vn -0.022474 -0.524325 0.851221
vn 0.094577 -0.967387 0.234983
vn 0.034056 -0.523701 -0.851221
vn 0.058732 0.647389 -0.759893
vn 0.049452 0.923477 0.380452
vn 0.019017 -0.076251 0.996907
vn 0.011781 -0.971091 -0.238419
vn 0.027765 -0.074120 -0.996863
vn -0.138515 0.913430 -0.382699
vn -0.164523 0.633541 0.756014
vn -0.014399 -0.527871 0.849203
vn 0.175011 -0.955263 0.238419
vn 0.115549 -0.515271 -0.849202
vn 0.039738 0.653347 -0.756015
vn -0.039560 0.923026 0.382699
vn -0.013007 -0.078073 0.996863
vn 0.011781 -0.971091 -0.238419
vn 0.027765 -0.074120 -0.996863
vn -0.138515 0.913430 -0.382699
vn -0.164523 0.633542 0.756014
vn -0.014399 -0.527871 0.849203
vn 0.175011 -0.955263 0.238419
vn 0.115549 -0.515271 -0.849202
vn 0.039738 0.653347 -0.756015
vn -0.039560 0.923026 0.382699
vn -0.013007 -0.078072 0.996863
vn -0.187805 0.975854 -0.111527
vn -0.944749 0.327260 -0.018701
vn -0.754753 -0.653613 -0.056024
vn 0.188453 -0.979244 -0.074608
vn 0.943424 -0.326823 -0.056027
vn 0.755786 0.654552 -0.018701
vn 0.187801 0.975855 0.111525
vn -0.755808 0.654526 0.018701
vn -0.943431 -0.326803 0.056023
vn -0.188458 -0.979243 0.074610
vn 0.754730 -0.653638 0.056026
vn 0.944742 0.327280 0.018702
vn 0.011781 -0.971091 -0.238419
vn 0.027765 -0.074119 -0.996863
vn -0.138515 0.913430 -0.382699
vn -0.164523 0.633542 0.756014
vn -0.014399 -0.527871 0.849202
vn 0.175011 -0.955263 0.238419
vn 0.115549 -0.515271 -0.849202
vn 0.039738 0.653347 -0.756015
vn -0.039560 0.923026 0.382699
vn -0.013007 -0.078073 0.996863
vn 0.114972 -0.963578 -0.241451
vn 0.073392 -0.063537 -0.995277
vn -0.211019 0.898746 -0.384352
vn -0.253891 0.609037 0.751408
vn 0.003889 -0.533204 0.845978
vn 0.256876 -0.935798 0.241447
vn 0.197467 -0.495307 -0.845978
vn 0.005483 0.659816 -0.751408
vn -0.143472 0.911970 0.384352
vn -0.044014 -0.086521 0.995277
vn 0.114972 -0.963578 -0.241451
vn 0.073392 -0.063537 -0.995277
vn -0.211019 0.898746 -0.384352
vn -0.253891 0.609037 0.751407
vn 0.003889 -0.533204 0.845978
vn 0.256876 -0.935798 0.241447
vn 0.197467 -0.495306 -0.845978
vn 0.005483 0.659816 -0.751407
vn -0.143472 0.911970 0.384352
vn -0.044014 -0.086521 0.995277
vn 0.114972 -0.963578 -0.241451
vn 0.073392 -0.063537 -0.995277
vn -0.211019 0.898746 -0.384352
vn -0.253891 0.609037 0.751408
vn 0.003889 -0.533204 0.845978
vn 0.256877 -0.935798 0.241447
vn 0.197467 -0.495306 -0.845978
vn 0.005483 0.659815 -0.751408
vn -0.143472 0.911970 0.384352
vn -0.044014 -0.086522 0.995277
vn 0.213857 -0.946090 -0.243267
vn 0.104616 -0.048566 -0.993326
vn -0.286793 0.877174 -0.385117
vn -0.330444 0.576037 0.747655
vn 0.033849 -0.536751 0.843061
vn 0.339585 -0.908573 0.243264
vn 0.265833 -0.467527 -0.843061
vn -0.039270 0.662928 -0.747653
vn -0.240809 0.890896 0.385118
vn -0.060893 -0.097957 0.993326
vn 0.213857 -0.946090 -0.243267
vn 0.104616 -0.048566 -0.993326
vn -0.286793 0.877174 -0.385117
vn -0.330444 0.576037 0.747655
vn 0.033849 -0.536751 0.843061
vn 0.339585 -0.908573 0.243264
vn 0.265833 -0.467527 -0.843061
vn -0.039270 0.662928 -0.747652
vn -0.240809 0.890896 0.385118
vn -0.060893 -0.097956 0.993326
vn 0.213857 -0.946090 -0.243267
vn 0.104616 -0.048567 -0.993326
vn -0.286793 0.877174 -0.385117
vn -0.330444 0.576037 0.747655
vn 0.033849 -0.536751 0.843061
vn 0.339585 -0.908573 0.243264
vn 0.265833 -0.467527 -0.843061
vn -0.039270 0.662928 -0.747653
vn -0.240809 0.890896 0.385118
vn -0.060893 -0.097956 0.993326
vn 0.306547 -0.920075 -0.243907
vn 0.118107 -0.034460 -0.992403
vn -0.366449 0.846900 -0.385327
vn -0.391395 0.538652 0.746099
vn 0.077663 -0.534169 0.841803
vn 0.423320 -0.872532 0.243900
vn 0.317547 -0.436500 -0.841802
vn -0.096174 0.658855 -0.746097
vn -0.329338 0.862006 0.385333
vn -0.060447 -0.107158 0.992403
vn 0.306546 -0.920075 -0.243907
vn 0.118107 -0.034461 -0.992403
vn -0.366449 0.846900 -0.385327
vn -0.391395 0.538652 0.746099
vn 0.077663 -0.534168 0.841803
vn 0.423320 -0.872533 0.243900
vn 0.317548 -0.436501 -0.841802
vn -0.096173 0.658855 -0.746097
vn -0.329338 0.862006 0.385333
vn -0.060447 -0.107158 0.992403
vn -0.187802 0.975855 -0.111525
vn -0.944742 0.327280 -0.018702
vn -0.754730 -0.653639 -0.056026
vn 0.188457 -0.979243 -0.074610
vn 0.943431 -0.326803 -0.056023
vn 0.755808 0.654526 -0.018701
vn 0.187806 0.975854 0.111527
vn -0.755786 0.654552 0.018701
vn -0.943423 -0.326823 0.056027
vn -0.188453 -0.979244 0.074608
vn 0.754752 -0.653613 0.056024
vn 0.944750 0.327260 0.018701
vn 0.306547 -0.920075 -0.243907
vn 0.118107 -0.034460 -0.992403
vn -0.366449 0.846899 -0.385327
vn -0.391395 0.538652 0.746099
vn 0.077663 -0.534169 0.841803
vn 0.423320 -0.872532 0.243900
vn 0.317547 -0.436500 -0.841802
vn -0.096174 0.658855 -0.746097
vn -0.329338 0.862006 0.385333
vn -0.060447 -0.107158 0.992403
vn 0.392140 -0.887118 -0.243408
vn 0.113953 -0.026536 -0.993132
vn -0.449208 0.806138 -0.385168
vn -0.436416 0.501064 0.747313
vn 0.134693 -0.521112 0.842793
vn 0.507321 -0.826665 0.243415
vn 0.352352 -0.406875 -0.842793
vn -0.164453 0.643797 -0.747316
vn -0.408259 0.827632 0.385162
vn -0.042893 -0.108856 0.993132
vn 0.392140 -0.887118 -0.243409
vn 0.113953 -0.026536 -0.993132
vn -0.449208 0.806137 -0.385168
vn -0.436416 0.501064 0.747312
vn 0.134693 -0.521112 0.842793
vn 0.507321 -0.826665 0.243415
vn 0.352352 -0.406875 -0.842794
vn -0.164453 0.643797 -0.747316
vn -0.408259 0.827632 0.385162
vn -0.042893 -0.108856 0.993132
vn 0.392140 -0.887118 -0.243409
vn 0.113953 -0.026536 -0.993132
vn -0.449208 0.806138 -0.385168
vn -0.436416 0.501064 0.747313
vn 0.134693 -0.521112 0.842793
vn 0.507321 -0.826665 0.243415
vn 0.352352 -0.406875 -0.842794
vn -0.164453 0.643797 -0.747316
vn -0.408259 0.827632 0.385162
vn -0.042893 -0.108856 0.993132
vn 0.470709 -0.848526 -0.241736
vn 0.095375 -0.028914 -0.995021
vn -0.533009 0.753707 -0.384484
vn -0.467386 0.466651 0.750857
vn 0.201759 -0.494282 0.845564
vn 0.589935 -0.770411 0.241751
vn 0.372577 -0.382367 -0.845566
vn -0.241162 0.614857 -0.750861
vn -0.478127 0.789656 0.384497
vn -0.011581 -0.098987 0.995021
vn 0.470709 -0.848526 -0.241736
vn 0.095375 -0.028914 -0.995021
vn -0.533009 0.753707 -0.384483
vn -0.467387 0.466652 0.750857
vn 0.201759 -0.494282 0.845564
vn 0.589935 -0.770411 0.241751
vn 0.372577 -0.382368 -0.845566
vn -0.241162 0.614857 -0.750861
vn -0.478127 0.789657 0.384496
vn -0.011581 -0.098986 0.995021
vn 0.470709 -0.848526 -0.241736
vn 0.095374 -0.028913 -0.995022
vn -0.533009 0.753707 -0.384483
vn -0.467386 0.466651 0.750857
vn 0.201759 -0.494282 0.845564
vn 0.589935 -0.770411 0.241751
vn 0.372577 -0.382367 -0.845566
vn -0.241162 0.614857 -0.750861
vn -0.478127 0.789657 0.384497
vn -0.011581 -0.098987 0.995021
vn 0.543058 -0.805005 -0.238863
vn 0.068080 -0.043380 -0.996736
vn -0.614798 0.689469 -0.382957
vn -0.488003 0.437216 0.755444
vn 0.273637 -0.452329 0.848835
vn 0.668858 -0.703972 0.238856
vn 0.382627 -0.364795 -0.848835
vn -0.321612 0.570851 -0.755443
vn -0.540560 0.749088 0.382965
vn 0.027668 -0.075837 0.996736
vn 0.543058 -0.805005 -0.238863
vn 0.068080 -0.043381 -0.996736
vn -0.614798 0.689469 -0.382957
vn -0.488003 0.437216 0.755444
vn 0.273637 -0.452330 0.848835
vn 0.668858 -0.703972 0.238856
vn 0.382627 -0.364796 -0.848835
vn -0.321612 0.570851 -0.755443
vn -0.540560 0.749088 0.382965
vn 0.027668 -0.075837 0.996736
vn -0.187806 0.975854 -0.111528
vn -0.944750 0.327259 -0.018701
vn -0.754752 -0.653613 -0.056024
vn 0.188452 -0.979244 -0.074608
vn 0.943424 -0.326823 -0.056027
vn 0.755786 0.654551 -0.018702
vn 0.187802 0.975855 0.111525
vn -0.755808 0.654526 0.018701
vn -0.943431 -0.326803 0.056023
vn -0.188457 -0.979243 0.074610
vn 0.754730 -0.653639 0.056026
vn 0.944743 0.327279 0.018702
vn 0.543058 -0.805005 -0.238863
vn 0.068080 -0.043380 -0.996736
vn -0.614798 0.689469 -0.382957
vn -0.488003 0.437216 0.755444
vn 0.273637 -0.452329 0.848835
vn 0.668858 -0.703972 0.238856
vn 0.382627 -0.364795 -0.848835
vn -0.321612 0.570851 -0.755443
vn -0.540560 0.749088 0.382965
vn 0.027668 -0.075837 0.996736
vn 0.577789 -0.781617 -0.235019
vn 0.036406 -0.070885 -0.996820
vn -0.696991 0.607899 -0.380345
vn -0.516708 0.399023 0.757491
vn 0.329122 -0.410027 0.850621
vn 0.752788 -0.614877 0.235024
vn 0.393647 -0.348547 -0.850622
vn -0.373592 0.535382 -0.757493
vn -0.573512 0.725543 0.380357
vn 0.069045 -0.039789 0.996820
vn 0.577789 -0.781617 -0.235019
vn 0.036406 -0.070885 -0.996820
vn -0.696991 0.607899 -0.380345
vn -0.516708 0.399023 0.757491
vn 0.329122 -0.410027 0.850621
vn 0.752788 -0.614877 0.235025
vn 0.393647 -0.348546 -0.850622
vn -0.373591 0.535382 -0.757493
vn -0.573512 0.725543 0.380357
vn 0.069045 -0.039789 0.996820
vn 0.577789 -0.781617 -0.235019
vn 0.036406 -0.070886 -0.996820
vn -0.696991 0.607899 -0.380345
vn -0.516709 0.399023 0.757491
vn 0.329122 -0.410027 0.850621
vn 0.752788 -0.614877 0.235025
vn 0.393647 -0.348546 -0.850622
vn -0.373591 0.535382 -0.757493
vn -0.573512 0.725543 0.380357
vn 0.069045 -0.039789 0.996820
vn 0.658079 -0.716471 -0.231520
vn 0.020636 -0.092000 -0.995545
vn -0.742665 0.552899 -0.377825
vn -0.513740 0.394970 0.761623
vn 0.391759 -0.348028 0.851705
vn 0.790572 -0.566923 0.231504
vn 0.392707 -0.346949 -0.851708
vn -0.454018 0.462390 -0.761618
vn -0.638383 0.670603 0.377835
vn 0.093816 -0.009395 0.995545
vn 0.658079 -0.716471 -0.231520
vn 0.020635 -0.092000 -0.995545
vn -0.742665 0.552899 -0.377825
vn -0.513739 0.394970 0.761624
vn 0.391758 -0.348028 0.851705
vn 0.790572 -0.566923 0.231504
vn 0.392707 -0.346949 -0.851708
vn -0.454018 0.462391 -0.761618
vn -0.638383 0.670603 0.377835
vn 0.093816 -0.009395 0.995545
vn 0.658079 -0.716471 -0.231520
vn 0.020635 -0.092000 -0.995545
vn -0.742665 0.552899 -0.377825
vn -0.513739 0.394970 0.761624
vn 0.391759 -0.348028 0.851705
vn 0.790572 -0.566923 0.231504
vn 0.392707 -0.346949 -0.851709
vn -0.454018 0.462390 -0.761618
vn -0.638383 0.670603 0.377835
vn 0.093816 -0.009395 0.995545
vn 0.718522 -0.657403 -0.227041
vn 0.004437 -0.123963 -0.992277
vn -0.801945 0.465739 -0.374127
vn -0.530204 0.370073 0.762843
vn 0.444978 -0.279055 0.850954
vn 0.847264 -0.480203 0.227044
vn 0.402904 -0.336965 -0.850954
vn -0.515803 0.389894 -0.762844
vn -0.690759 0.618771 0.374131
vn 0.119267 0.034087 0.992277
vn 0.718521 -0.657403 -0.227041
vn 0.004437 -0.123963 -0.992277
vn -0.801945 0.465739 -0.374128
vn -0.530204 0.370073 0.762843
vn 0.444978 -0.279055 0.850954
vn 0.847264 -0.480203 0.227044
vn 0.402903 -0.336965 -0.850955
vn -0.515803 0.389894 -0.762844
vn -0.690759 0.618771 0.374131
vn 0.119268 0.034086 0.992277
vn -0.187806 0.975854 -0.111528
vn -0.944750 0.327259 -0.018701
vn -0.754753 -0.653612 -0.056024
vn 0.188454 -0.979244 -0.074608
vn 0.943424 -0.326822 -0.056027
vn 0.755786 0.654551 -0.018702
vn 0.187802 0.975855 0.111525
vn -0.755808 0.654526 0.018701
vn -0.943431 -0.326802 0.056023
vn -0.188458 -0.979243 0.074610
vn 0.754731 -0.653638 0.056026
vn 0.944743 0.327279 0.018702
vn 0.718522 -0.657403 -0.227041
vn 0.004437 -0.123963 -0.992277
vn -0.801945 0.465739 -0.374127
vn -0.530204 0.370073 0.762843
vn 0.444977 -0.279055 0.850955
vn 0.847264 -0.480203 0.227044
vn 0.402904 -0.336965 -0.850954
vn -0.515803 0.389894 -0.762844
vn -0.690759 0.618771 0.374132
vn 0.119267 0.034087 0.992277
vn 0.775117 -0.590989 -0.223441
vn 0.000356 -0.150203 -0.988655
vn -0.849106 0.376064 -0.370937
vn -0.550987 0.338374 0.762835
vn 0.483657 -0.211304 0.849368
vn 0.893194 -0.390212 0.223470
vn 0.419723 -0.320010 -0.849368
vn -0.563495 0.317097 -0.762839
vn -0.741317 0.559331 0.370942
vn 0.131447 0.072684 0.988655
vn 0.775117 -0.590989 -0.223441
vn 0.000356 -0.150203 -0.988655
vn -0.849106 0.376064 -0.370937
vn -0.550987 0.338374 0.762835
vn 0.483657 -0.211304 0.849368
vn 0.893194 -0.390212 0.223470
vn 0.419723 -0.320010 -0.849368
vn -0.563495 0.317097 -0.762839
vn -0.741317 0.559331 0.370942
vn 0.131447 0.072684 0.988655
vn 0.775117 -0.590989 -0.223441
vn 0.000356 -0.150203 -0.988655
vn -0.849107 0.376064 -0.370937
vn -0.550987 0.338375 0.762834
vn 0.483657 -0.211304 0.849368
vn 0.893194 -0.390212 0.223470
vn 0.419723 -0.320010 -0.849368
vn -0.563495 0.317097 -0.762839
vn -0.741317 0.559331 0.370942
vn 0.131447 0.072684 0.988655
vn 0.827060 -0.516616 -0.221538
vn 0.007973 -0.164267 -0.986384
vn -0.883973 0.286909 -0.369153
vn -0.575695 0.295195 0.762519
vn 0.507735 -0.150834 0.848207
vn 0.928186 -0.299006 0.221510
vn 0.442699 -0.290809 -0.848203
vn -0.596858 0.249661 -0.762515
vn -0.789319 0.490627 0.369135
vn 0.130692 0.099833 0.986384
vn 0.827060 -0.516617 -0.221537
vn 0.007974 -0.164267 -0.986384
vn -0.883973 0.286909 -0.369153
vn -0.575695 0.295195 0.762519
vn 0.507735 -0.150833 0.848207
vn 0.928186 -0.299006 0.221510
vn 0.442699 -0.290809 -0.848202
vn -0.596858 0.249661 -0.762515
vn -0.789319 0.490627 0.369135
vn 0.130692 0.099833 0.986384
vn 0.827060 -0.516617 -0.221538
vn 0.007974 -0.164267 -0.986384
vn -0.883973 0.286909 -0.369153
vn -0.575695 0.295195 0.762519
vn 0.507735 -0.150834 0.848207
vn 0.928186 -0.299006 0.221510
vn 0.442699 -0.290809 -0.848202
vn -0.596858 0.249661 -0.762515
vn -0.789319 0.490627 0.369135
vn 0.130693 0.099833 0.986384
vn 0.873144 -0.434156 -0.221650
vn 0.024159 -0.161685 -0.986547
vn -0.907405 0.200640 -0.369268
vn -0.601788 0.237436 0.762545
vn 0.519614 -0.102036 0.848286
vn 0.952628 -0.208249 0.221658
vn 0.469021 -0.245820 -0.848288
vn -0.617875 0.191708 -0.762548
vn -0.833117 0.411770 0.369271
vn 0.120081 0.110934 0.986547
vn 0.873144 -0.434156 -0.221650
vn 0.024158 -0.161685 -0.986547
vn -0.907405 0.200640 -0.369268
vn -0.601788 0.237436 0.762545
vn 0.519615 -0.102036 0.848286
vn 0.952628 -0.208249 0.221658
vn 0.469020 -0.245820 -0.848288
vn -0.617875 0.191708 -0.762548
vn -0.833117 0.411770 0.369271
vn 0.120081 0.110934 0.986547
vn -0.187804 0.975854 -0.111525
vn -0.944742 0.327282 -0.018702
vn -0.754731 -0.653638 -0.056026
vn 0.188461 -0.979243 -0.074610
vn 0.943430 -0.326805 -0.056024
vn 0.755808 0.654526 -0.018700
vn 0.187808 0.975853 0.111527
vn -0.755786 0.654551 0.018701
vn -0.943423 -0.326825 0.056027
vn -0.188456 -0.979244 0.074608
vn 0.754753 -0.653612 0.056024
vn 0.944749 0.327262 0.018700
vn 0.873144 -0.434156 -0.221650
vn 0.024158 -0.161685 -0.986547
vn -0.907405 0.200640 -0.369268
vn -0.601788 0.237436 0.762546
vn 0.519615 -0.102036 0.848286
vn 0.952628 -0.208249 0.221658
vn 0.469020 -0.245820 -0.848288
vn -0.617875 0.191708 -0.762548
vn -0.833117 0.411770 0.369271
vn 0.120082 0.110934 0.986547
vn 0.911897 -0.344000 -0.223847
vn 0.044053 -0.140738 -0.989066
vn -0.920904 0.118706 -0.371273
vn -0.625336 0.164282 0.762868
vn 0.523221 -0.066852 0.849571
vn 0.967316 -0.119190 0.223814
vn 0.494358 -0.183960 -0.849570
vn -0.630058 0.145147 -0.762863
vn -0.870588 0.322859 0.371266
vn 0.104410 0.104145 0.989066
vn 0.911897 -0.344000 -0.223847
vn 0.044053 -0.140738 -0.989066
vn -0.920904 0.118706 -0.371273
vn -0.625336 0.164282 0.762867
vn 0.523221 -0.066852 0.849571
vn 0.967316 -0.119190 0.223814
vn 0.494358 -0.183960 -0.849570
vn -0.630057 0.145147 -0.762863
vn -0.870588 0.322859 0.371266
vn 0.104410 0.104145 0.989066
vn 0.911897 -0.344000 -0.223847
vn 0.044053 -0.140738 -0.989066
vn -0.920904 0.118707 -0.371273
vn -0.625335 0.164282 0.762868
vn 0.523220 -0.066852 0.849571
vn 0.967316 -0.119190 0.223814
vn 0.494358 -0.183960 -0.849570
vn -0.630058 0.145147 -0.762863
vn -0.870588 0.322859 0.371266
vn 0.104410 0.104145 0.989066
vn 0.941878 -0.247125 -0.227586
vn 0.062235 -0.102922 -0.992741
vn -0.926265 0.041493 -0.374583
vn -0.641983 0.077582 0.762784
vn 0.523089 -0.044415 0.851120
vn 0.973222 -0.032522 0.227557
vn 0.513944 -0.107015 -0.851123
vn -0.637372 0.109232 -0.762775
vn -0.899450 0.225101 0.374593
vn 0.089065 0.080829 0.992741
vn 0.941878 -0.247124 -0.227586
vn 0.062234 -0.102922 -0.992741
vn -0.926265 0.041493 -0.374583
vn -0.641983 0.077582 0.762783
vn 0.523090 -0.044415 0.851120
vn 0.973222 -0.032522 0.227557
vn 0.513943 -0.107014 -0.851123
vn -0.637372 0.109233 -0.762775
vn -0.899450 0.225101 0.374593
vn 0.089066 0.080829 0.992741
vn 0.941878 -0.247124 -0.227586
vn 0.062235 -0.102922 -0.992741
vn -0.926265 0.041493 -0.374583
vn -0.641983 0.077582 0.762784
vn 0.523089 -0.044415 0.851120
vn 0.973221 -0.032522 0.227557
vn 0.513943 -0.107015 -0.851123
vn -0.637371 0.109232 -0.762775
vn -0.899450 0.225101 0.374593
vn 0.089066 0.080829 0.992741
vn 0.961797 -0.145204 -0.232084
vn 0.073978 -0.053035 -0.995849
vn -0.925140 -0.031781 -0.378293
vn -0.648096 -0.018178 0.761342
vn 0.523128 -0.030980 0.851691
vn 0.971320 0.051699 0.232087
vn 0.523687 -0.019654 -0.851684
vn -0.643315 0.080642 -0.761342
vn -0.917767 0.120923 0.378260
vn 0.078750 0.045647 0.995849
vn 0.961797 -0.145204 -0.232084
vn 0.073978 -0.053035 -0.995849
vn -0.925140 -0.031781 -0.378293
vn -0.648096 -0.018178 0.761342
vn 0.523128 -0.030980 0.851691
vn 0.971320 0.051699 0.232087
vn 0.523687 -0.019654 -0.851684
vn -0.643315 0.080642 -0.761342
vn -0.917767 0.120923 0.378260
vn 0.078750 0.045647 0.995849
vn -0.187804 0.975854 -0.111525
vn -0.944743 0.327278 -0.018702
vn -0.754729 -0.653640 -0.056026
vn 0.188455 -0.979244 -0.074610
vn 0.943430 -0.326803 -0.056024
vn 0.755811 0.654523 -0.018701
vn 0.187808 0.975853 0.111528
vn -0.755789 0.654549 0.018701
vn -0.943423 -0.326823 0.056027
vn -0.188451 -0.979245 0.074608
vn 0.754751 -0.653615 0.056024
vn 0.944750 0.327258 0.018701
vn 0.961797 -0.145204 -0.232084
vn 0.073977 -0.053035 -0.995849
vn -0.925140 -0.031781 -0.378293
vn -0.648096 -0.018178 0.761342
vn 0.523128 -0.030980 0.851691
vn 0.971320 0.051699 0.232087
vn 0.523687 -0.019654 -0.851684
vn -0.643315 0.080642 -0.761342
vn -0.917767 0.120923 0.378260
vn 0.078750 0.045647 0.995849
vn 0.968147 -0.087839 -0.234469
vn 0.076453 -0.024364 -0.996775
vn -0.922756 -0.063677 -0.380087
vn -0.646607 -0.063676 0.760161
vn 0.524027 -0.024365 0.851353
vn 0.968147 0.087839 0.234469
vn 0.524027 0.024365 -0.851353
vn -0.646607 0.063676 -0.760161
vn -0.922756 0.063677 0.380087
vn 0.076453 0.024364 0.996775
vn 0.968147 -0.087839 -0.234469
vn 0.076453 -0.024364 -0.996776
vn -0.922756 -0.063677 -0.380087
vn -0.646607 -0.063676 0.760161
vn 0.524027 -0.024365 0.851353
vn 0.968147 0.087839 0.234469
vn 0.524027 0.024365 -0.851353
vn -0.646607 0.063676 -0.760161
vn -0.922756 0.063677 0.380087
vn 0.076453 0.024364 0.996776
vn 0.968147 -0.087839 -0.234469
vn 0.076453 -0.024364 -0.996775
vn -0.922756 -0.063677 -0.380087
vn -0.646607 -0.063676 0.760161
vn 0.524027 -0.024365 0.851353
vn 0.968147 0.087839 0.234469
vn 0.524027 0.024365 -0.851353
vn -0.646607 0.063676 -0.760161
vn -0.922756 0.063677 0.380087
vn 0.076454 0.024364 0.996775
vn 0.968147 -0.087839 -0.234469
vn 0.076453 -0.024364 -0.996775
vn -0.922756 -0.063677 -0.380087
vn -0.646607 -0.063676 0.760161
vn 0.524027 -0.024365 0.851353
vn 0.968147 0.087839 0.234469
vn 0.524027 0.024365 -0.851353
vn -0.646607 0.063676 -0.760161
vn -0.922756 0.063677 0.380087
vn 0.076453 0.024364 0.996775
vn 0.968147 -0.087839 -0.234469
vn 0.076453 -0.024364 -0.996776
vn -0.922756 -0.063677 -0.380087
vn -0.646607 -0.063676 0.760161
vn 0.524027 -0.024365 0.851353
vn 0.968147 0.087839 0.234469
vn 0.524027 0.024365 -0.851353
vn -0.646607 0.063676 -0.760161
vn -0.922756 0.063677 0.380087
vn 0.076453 0.024364 0.996776
vn 0.968147 -0.087839 -0.234469
vn 0.076453 -0.024364 -0.996775
vn -0.922756 -0.063677 -0.380087
vn -0.646606 -0.063676 0.760161
vn 0.524027 -0.024365 0.851353
vn 0.968147 0.087839 0.234469
vn 0.524027 0.024365 -0.851353
vn -0.646607 0.063676 -0.760161
vn -0.922756 0.063677 0.380087
vn 0.076454 0.024364 0.996775
vn 0.968147 -0.087839 -0.234469
vn 0.076453 -0.024364 -0.996775
vn -0.922756 -0.063677 -0.380087
vn -0.646607 -0.063676 0.760161
vn 0.524027 -0.024365 0.851353
vn 0.968147 0.087839 0.234469
vn 0.524027 0.024365 -0.851353
vn -0.646607 0.063676 -0.760161
vn -0.922756 0.063677 0.380087
vn 0.076453 0.024364 0.996775
vn 0.968147 -0.087838 -0.234469
vn 0.076453 -0.024364 -0.996776
vn -0.922756 -0.063677 -0.380087
vn -0.646607 -0.063676 0.760161
vn 0.524027 -0.024365 0.851353
vn 0.968147 0.087838 0.234469
vn 0.524027 0.024365 -0.851353
vn -0.646607 0.063676 -0.760161
vn -0.922756 0.063677 0.380087
vn 0.076453 0.024364 0.996776
vn -0.187814 0.975852 -0.111527
vn -0.944749 0.327260 -0.018700
vn -0.754749 -0.653618 -0.056024
vn 0.188451 -0.979245 -0.074608
vn 0.943422 -0.326827 -0.056027
vn 0.755791 0.654546 -0.018701
vn 0.187810 0.975853 0.111524
vn -0.755813 0.654520 0.018700
vn -0.943429 -0.326807 0.056024
vn -0.188455 -0.979244 0.074610
vn 0.754726 -0.653643 0.056026
vn 0.944742 0.327280 0.018701
vn 0.968147 -0.087839 -0.234469
vn 0.076453 -0.024364 -0.996775
vn -0.922756 -0.063677 -0.380087
vn -0.646607 -0.063676 0.760161
vn 0.524027 -0.024365 0.851353
vn 0.968147 0.087839 0.234469
vn 0.524027 0.024365 -0.851353
vn -0.646607 0.063676 -0.760161
vn -0.922756 0.063677 0.380087
vn 0.076454 0.024364 0.996775
vn 0.968147 -0.087839 -0.234469
vn 0.076453 -0.024364 -0.996775
vn -0.922756 -0.063677 -0.380087
vn -0.646607 -0.063676 0.760161
vn 0.524027 -0.024365 0.851353
vn 0.968147 0.087839 0.234469
vn 0.524027 0.024365 -0.851353
vn -0.646607 0.063676 -0.760161
vn -0.922756 0.063677 0.380087
vn 0.076453 0.024364 0.996775
vn 0.968147 -0.087839 -0.234469
vn 0.076453 -0.024364 -0.996776
vn -0.922756 -0.063677 -0.380087
vn -0.646607 -0.063676 0.760161
vn 0.524027 -0.024365 0.851353
vn 0.968147 0.087839 0.234469
vn 0.524027 0.024365 -0.851353
vn -0.646607 0.063676 -0.760161
vn -0.922756 0.063677 0.380087
vn 0.076453 0.024364 0.996776
vn 0.968147 -0.087839 -0.234469
vn 0.076453 -0.024364 -0.996775
vn -0.922756 -0.063677 -0.380087
vn -0.646606 -0.063676 0.760161
vn 0.524027 -0.024365 0.851353
vn 0.968147 0.087839 0.234469
vn 0.524027 0.024365 -0.851353
vn -0.646607 0.063676 -0.760161
vn -0.922756 0.063677 0.380087
vn 0.076454 0.024364 0.996775
vn 0.968147 -0.087839 -0.234469
vn 0.076453 -0.024364 -0.996775
vn -0.922756 -0.063677 -0.380087
vn -0.646607 -0.063676 0.760161
vn 0.524027 -0.024365 0.851353
vn 0.968147 0.087839 0.234469
vn 0.524027 0.024365 -0.851353
vn -0.646607 0.063676 -0.760161
vn -0.922756 0.063677 0.380087
vn 0.076453 0.024364 0.996775
vn 0.968147 -0.087839 -0.234469
vn 0.076453 -0.024364 -0.996776
vn -0.922756 -0.063677 -0.380087
vn -0.646607 -0.063676 0.760161
vn 0.524027 -0.024365 0.851353
vn 0.968147 0.087839 0.234469
vn 0.524027 0.024365 -0.851353
vn -0.646607 0.063676 -0.760161
vn -0.922756 0.063677 0.380087
vn 0.076453 0.024364 0.996776
vn 0.968147 -0.087839 -0.234469
vn 0.076453 -0.024364 -0.996775
vn -0.922756 -0.063677 -0.380087
vn -0.646606 -0.063676 0.760161
vn 0.524027 -0.024365 0.851353
vn 0.968147 0.087839 0.234469
vn 0.524027 0.024365 -0.851353
vn -0.646607 0.063676 -0.760161
vn -0.922756 0.063677 0.380087
vn 0.076454 0.024364 0.996775
vn 0.968147 -0.087839 -0.234469
vn 0.076453 -0.024364 -0.996775
vn -0.922756 -0.063677 -0.380087
vn -0.646607 -0.063676 0.760161
vn 0.524027 -0.024365 0.851353
vn 0.968147 0.087839 0.234469
vn 0.524027 0.024365 -0.851353
vn -0.646607 0.063676 -0.760161
vn -0.922756 0.063677 0.380087
vn 0.076453 0.024364 0.996775
vn 0.968147 -0.087839 -0.234469
vn 0.076453 -0.024364 -0.996776
vn -0.922756 -0.063677 -0.380087
vn -0.646607 -0.063676 0.760161
vn 0.524027 -0.024365 0.851353
vn 0.968147 0.087839 0.234469
vn 0.524027 0.024365 -0.851353
vn -0.646607 0.063676 -0.760161
vn -0.922756 0.063677 0.380087
vn 0.076453 0.024364 0.996776
vn -0.187803 0.975855 -0.111526
vn -0.944748 0.327263 -0.018701
vn -0.754749 -0.653618 -0.056024
vn 0.188451 -0.979245 -0.074607
vn 0.943422 -0.326827 -0.056027
vn 0.755781 0.654557 -0.018701
vn 0.187799 0.975856 0.111524
vn -0.755804 0.654531 0.018701
vn -0.943429 -0.326807 0.056023
vn -0.188455 -0.979244 0.074609
vn 0.754726 -0.653643 0.056026
vn 0.944741 0.327283 0.018702
vn 0.968147 -0.087839 -0.234469
vn 0.076453 -0.024364 -0.996775
vn -0.922756 -0.063677 -0.380087
vn -0.646606 -0.063676 0.760161
vn 0.524027 -0.024365 0.851353
vn 0.968147 0.087839 0.234469
vn 0.524027 0.024365 -0.851353
vn -0.646607 0.063676 -0.760161
vn -0.922756 0.063677 0.380087
vn 0.076454 0.024364 0.996775
vn 0.968147 -0.087839 -0.234469
vn 0.076453 -0.024364 -0.996775
vn -0.922756 -0.063677 -0.380087
vn -0.646607 -0.063676 0.760161
vn 0.524027 -0.024365 0.851353
vn 0.968147 0.087839 0.234469
vn 0.524027 0.024365 -0.851353
vn -0.646607 0.063676 -0.760161
vn -0.922756 0.063677 0.380087
vn 0.076453 0.024364 0.996775
vn 0.968147 -0.087838 -0.234469
vn 0.076453 -0.024364 -0.996776
vn -0.922756 -0.063677 -0.380087
vn -0.646607 -0.063676 0.760161
vn 0.524027 -0.024365 0.851353
vn 0.968147 0.087838 0.234469
vn 0.524027 0.024365 -0.851353
vn -0.646607 0.063676 -0.760161
vn -0.922756 0.063677 0.380087
vn 0.076453 0.024364 0.996776
vn 0.968147 -0.087839 -0.234469
vn 0.076453 -0.024364 -0.996775
vn -0.922756 -0.063677 -0.380087
vn -0.646607 -0.063676 0.760161
vn 0.524027 -0.024365 0.851353
vn 0.968147 0.087839 0.234469
vn 0.524027 0.024365 -0.851353
vn -0.646607 0.063676 -0.760161
vn -0.922756 0.063677 0.380087
vn 0.076454 0.024364 0.996775
vn 0.968147 -0.087839 -0.234469
vn 0.076453 -0.024364 -0.996775
vn -0.922756 -0.063677 -0.380087
vn -0.646607 -0.063676 0.760161
vn 0.524027 -0.024365 0.851353
vn 0.968147 0.087839 0.234469
vn 0.524027 0.024365 -0.851353
vn -0.646607 0.063676 -0.760161
vn -0.922756 0.063677 0.380087
vn 0.076453 0.024364 0.996775
vn 0.968147 -0.087839 -0.234469
vn 0.076453 -0.024364 -0.996776
vn -0.922756 -0.063677 -0.380087
vn -0.646607 -0.063676 0.760161
vn 0.524027 -0.024365 0.851353
vn 0.968147 0.087839 0.234469
vn 0.524027 0.024365 -0.851353
vn -0.646607 0.063676 -0.760161
vn -0.922756 0.063677 0.380087
vn 0.076453 0.024364 0.996776
vn 0.968147 -0.087839 -0.234469
vn 0.076453 -0.024364 -0.996775
vn -0.922756 -0.063677 -0.380087
vn -0.646606 -0.063676 0.760161
vn 0.524027 -0.024365 0.851353
vn 0.968147 0.087839 0.234469
vn 0.524027 0.024365 -0.851353
vn -0.646607 0.063676 -0.760161
vn -0.922756 0.063677 0.380087
vn 0.076454 0.024364 0.996775
vn 0.968147 -0.087839 -0.234469
vn 0.076453 -0.024364 -0.996775
vn -0.922756 -0.063677 -0.380087
vn -0.646607 -0.063676 0.760161
vn 0.524027 -0.024365 0.851353
vn 0.968147 0.087839 0.234469
vn 0.524027 0.024365 -0.851353
vn -0.646607 0.063676 -0.760161
vn -0.922756 0.063677 0.380087
vn 0.076453 0.024364 0.996775
vn 0.968147 -0.087839 -0.234469
vn 0.076453 -0.024364 -0.996776
vn -0.922756 -0.063677 -0.380087
vn -0.646607 -0.063676 0.760161
vn 0.524027 -0.024365 0.851353
vn 0.968147 0.087839 0.234469
vn 0.524027 0.024365 -0.851353
vn -0.646607 0.063676 -0.760161
vn -0.922756 0.063677 0.380087
vn 0.076453 0.024364 0.996776
vn -0.187803 0.975854 -0.111527
vn -0.944748 0.327263 -0.018701
vn -0.754758 -0.653606 -0.056023
vn 0.188462 -0.979243 -0.074608
vn 0.943423 -0.326823 -0.056027
vn 0.755781 0.654557 -0.018701
vn 0.187799 0.975855 0.111525
vn -0.755804 0.654531 0.018701
vn -0.943430 -0.326803 0.056023
vn -0.188466 -0.979242 0.074610
vn 0.754736 -0.653632 0.056025
vn 0.944741 0.327283 0.018702
vn 0.968147 -0.087839 -0.234469
vn 0.076453 -0.024364 -0.996775
vn -0.922756 -0.063677 -0.380087
vn -0.646606 -0.063676 0.760161
vn 0.524027 -0.024365 0.851353
vn 0.968147 0.087839 0.234469
vn 0.524027 0.024365 -0.851353
vn -0.646607 0.063676 -0.760161
vn -0.922756 0.063677 0.380087
vn 0.076454 0.024364 0.996775
vn 0.968147 -0.087839 -0.234469
vn 0.076453 -0.024364 -0.996775
vn -0.922756 -0.063677 -0.380087
vn -0.646607 -0.063676 0.760161
vn 0.524027 -0.024365 0.851353
vn 0.968147 0.087839 0.234469
vn 0.524027 0.024365 -0.851353
vn -0.646607 0.063676 -0.760161
vn -0.922756 0.063677 0.380087
vn 0.076453 0.024364 0.996775
vn 0.968147 -0.087839 -0.234469
vn 0.076453 -0.024364 -0.996776
vn -0.922756 -0.063677 -0.380087
vn -0.646607 -0.063676 0.760161
vn 0.524027 -0.024365 0.851353
vn 0.968147 0.087839 0.234469
vn 0.524027 0.024365 -0.851353
vn -0.646607 0.063676 -0.760161
vn -0.922756 0.063677 0.380087
vn 0.076453 0.024364 0.996776
vn 0.968147 -0.087839 -0.234469
vn 0.076453 -0.024364 -0.996775
vn -0.922756 -0.063677 -0.380087
vn -0.646606 -0.063676 0.760161
vn 0.524027 -0.024365 0.851353
vn 0.968147 0.087839 0.234469
vn 0.524027 0.024365 -0.851353
vn -0.646607 0.063676 -0.760161
vn -0.922756 0.063677 0.380087
vn 0.076454 0.024364 0.996775
vn 0.968147 -0.087839 -0.234469
vn 0.076453 -0.024364 -0.996775
vn -0.922756 -0.063677 -0.380087
vn -0.646607 -0.063676 0.760161
vn 0.524027 -0.024365 0.851353
vn 0.968147 0.087839 0.234469
vn 0.524027 0.024365 -0.851353
vn -0.646607 0.063676 -0.760161
vn -0.922756 0.063677 0.380087
vn 0.076453 0.024364 0.996775
vn 0.968147 -0.087838 -0.234469
vn 0.076453 -0.024364 -0.996776
vn -0.922756 -0.063677 -0.380087
vn -0.646607 -0.063676 0.760161
vn 0.524027 -0.024365 0.851353
vn 0.968147 0.087838 0.234469
vn 0.524027 0.024365 -0.851353
vn -0.646607 0.063676 -0.760161
vn -0.922756 0.063677 0.380087
vn 0.076453 0.024364 0.996776
vn 0.968147 -0.087839 -0.234469
vn 0.076453 -0.024364 -0.996775
vn -0.922756 -0.063677 -0.380087
vn -0.646607 -0.063676 0.760161
vn 0.524027 -0.024365 0.851353
vn 0.968147 0.087839 0.234469
vn 0.524027 0.024365 -0.851353
vn -0.646607 0.063676 -0.760161
vn -0.922756 0.063677 0.380087
vn 0.076454 0.024364 0.996775
vn 0.968147 -0.087839 -0.234469
vn 0.076453 -0.024364 -0.996775
vn -0.922756 -0.063677 -0.380087
vn -0.646607 -0.063676 0.760161
vn 0.524027 -0.024365 0.851353
vn 0.968147 0.087839 0.234469
vn 0.524027 0.024365 -0.851353
vn -0.646607 0.063676 -0.760161
vn -0.922756 0.063677 0.380087
vn 0.076453 0.024364 0.996775
vn 0.968147 -0.087839 -0.234469
vn 0.076453 -0.024364 -0.996776
vn -0.922756 -0.063677 -0.380087
vn -0.646607 -0.063676 0.760161
vn 0.524027 -0.024365 0.851353
vn 0.968147 0.087839 0.234469
vn 0.524027 0.024365 -0.851353
vn -0.646607 0.063676 -0.760161
vn -0.922756 0.063677 0.380087
vn 0.076453 0.024364 0.996776
vn -0.187803 0.975854 -0.111528
vn -0.944750 0.327256 -0.018701
vn -0.754753 -0.653612 -0.056024
vn 0.188451 -0.979245 -0.074608
vn 0.943425 -0.326820 -0.056027
vn 0.755786 0.654551 -0.018702
vn 0.187799 0.975855 0.111526
vn -0.755808 0.654526 0.018701
vn -0.943432 -0.326800 0.056023
vn -0.188455 -0.979244 0.074610
vn 0.754731 -0.653638 0.056026
vn 0.944744 0.327277 0.018702
vn 0.968147 -0.087839 -0.234469
vn 0.076453 -0.024364 -0.996775
vn -0.922756 -0.063677 -0.380087
vn -0.646606 -0.063676 0.760161
vn 0.524027 -0.024365 0.851353
vn 0.968147 0.087839 0.234469
vn 0.524027 0.024365 -0.851353
vn -0.646607 0.063676 -0.760161
vn -0.922756 0.063677 0.380087
vn 0.076454 0.024364 0.996775
vn 0.968147 -0.087839 -0.234469
vn 0.076453 -0.024364 -0.996775
vn -0.922756 -0.063677 -0.380087
vn -0.646607 -0.063676 0.760161
vn 0.524027 -0.024365 0.851353
vn 0.968147 0.087839 0.234469
vn 0.524027 0.024365 -0.851353
vn -0.646607 0.063676 -0.760161
vn -0.922756 0.063677 0.380087
vn 0.076453 0.024364 0.996775
vn 0.968147 -0.087839 -0.234469
vn 0.076453 -0.024364 -0.996776
vn -0.922756 -0.063677 -0.380087
vn -0.646607 -0.063676 0.760161
vn 0.524027 -0.024365 0.851353
vn 0.968147 0.087839 0.234469
vn 0.524027 0.024365 -0.851353
vn -0.646607 0.063676 -0.760161
vn -0.922756 0.063677 0.380087
vn 0.076453 0.024364 0.996776
vn 0.968147 -0.087839 -0.234469
vn 0.076453 -0.024364 -0.996775
vn -0.922756 -0.063677 -0.380087
vn -0.646606 -0.063676 0.760161
vn 0.524027 -0.024365 0.851353
vn 0.968147 0.087839 0.234469
vn 0.524027 0.024365 -0.851353
vn -0.646607 0.063676 -0.760161
vn -0.922756 0.063677 0.380087
vn 0.076454 0.024364 0.996775
vn 0.968147 -0.087839 -0.234469
vn 0.076453 -0.024364 -0.996775
vn -0.922756 -0.063677 -0.380087
vn -0.646607 -0.063676 0.760161
vn 0.524027 -0.024365 0.851353
vn 0.968147 0.087839 0.234469
vn 0.524027 0.024365 -0.851353
vn -0.646607 0.063676 -0.760161
vn -0.922756 0.063677 0.380087
vn 0.076453 0.024364 0.996775
vn 0.968147 -0.087839 -0.234469
vn 0.076453 -0.024364 -0.996776
vn -0.922756 -0.063677 -0.380087
vn -0.646607 -0.063676 0.760161
vn 0.524027 -0.024365 0.851353
vn 0.968147 0.087839 0.234469
vn 0.524027 0.024365 -0.851353
vn -0.646607 0.063676 -0.760161
vn -0.922756 0.063677 0.380087
vn 0.076453 0.024364 0.996776
vn 0.968147 -0.087839 -0.234469
vn 0.076453 -0.024364 -0.996775
vn -0.922756 -0.063677 -0.380087
vn -0.646606 -0.063676 0.760161
vn 0.524027 -0.024365 0.851353
vn 0.968147 0.087839 0.234469
vn 0.524027 0.024365 -0.851353
vn -0.646607 0.063676 -0.760161
vn -0.922756 0.063677 0.380087
vn 0.076454 0.024364 0.996775
vn 0.968147 -0.087839 -0.234469
vn 0.076453 -0.024364 -0.996775
vn -0.922756 -0.063677 -0.380087
vn -0.646607 -0.063676 0.760161
vn 0.524027 -0.024365 0.851353
vn 0.968147 0.087839 0.234469
vn 0.524027 0.024365 -0.851353
vn -0.646607 0.063676 -0.760161
vn -0.922756 0.063677 0.380087
vn 0.076453 0.024364 0.996775
vn 0.968147 -0.087839 -0.234469
vn 0.076453 -0.024364 -0.996776
vn -0.922756 -0.063677 -0.380087
vn -0.646607 -0.063676 0.760161
vn 0.524027 -0.024365 0.851353
vn 0.968147 0.087839 0.234469
vn 0.524027 0.024365 -0.851353
vn -0.646607 0.063676 -0.760161
vn -0.922756 0.063677 0.380087
vn 0.076453 0.024364 0.996776
vn -0.187792 0.975856 -0.111527
vn -0.944749 0.327260 -0.018701
vn -0.754753 -0.653612 -0.056024
vn 0.188451 -0.979245 -0.074607
vn 0.943425 -0.326820 -0.056026
vn 0.755777 0.654563 -0.018702
vn 0.187788 0.975857 0.111525
vn -0.755799 0.654537 0.018701
vn -0.943432 -0.326800 0.056023
vn -0.188455 -0.979244 0.074609
vn 0.754731 -0.653638 0.056026
vn 0.944742 0.327280 0.018702
vn 0.968147 -0.087839 -0.234469
vn 0.076453 -0.024364 -0.996775
vn -0.922756 -0.063677 -0.380087
vn -0.646606 -0.063676 0.760161
vn 0.524027 -0.024365 0.851353
vn 0.968147 0.087839 0.234469
vn 0.524027 0.024365 -0.851353
vn -0.646607 0.063676 -0.760161
vn -0.922756 0.063677 0.380087
vn 0.076454 0.024364 0.996775
vn 0.968147 -0.087839 -0.234469
vn 0.076453 -0.024364 -0.996775
vn -0.922756 -0.063677 -0.380087
vn -0.646607 -0.063676 0.760161
vn 0.524027 -0.024365 0.851353
vn 0.968147 0.087839 0.234469
vn 0.524027 0.024365 -0.851353
vn -0.646607 0.063676 -0.760161
vn -0.922756 0.063677 0.380087
vn 0.076453 0.024364 0.996775
vn 0.968147 -0.087839 -0.234469
vn 0.076453 -0.024364 -0.996776
vn -0.922756 -0.063677 -0.380087
vn -0.646607 -0.063676 0.760161
vn 0.524027 -0.024365 0.851353
vn 0.968147 0.087839 0.234469
vn 0.524027 0.024365 -0.851353
vn -0.646607 0.063676 -0.760161
vn -0.922756 0.063677 0.380087
vn 0.076453 0.024364 0.996776
vn 0.968147 -0.087839 -0.234469
vn 0.076453 -0.024364 -0.996775
vn -0.922756 -0.063677 -0.380087
vn -0.646606 -0.063676 0.760161
vn 0.524027 -0.024365 0.851353
vn 0.968147 0.087839 0.234469
vn 0.524027 0.024365 -0.851353
vn -0.646607 0.063676 -0.760161
vn -0.922756 0.063677 0.380087
vn 0.076454 0.024364 0.996775
vn 0.968147 -0.087838 -0.234469
vn 0.076453 -0.024364 -0.996775
vn -0.922756 -0.063677 -0.380087
vn -0.646607 -0.063676 0.760161
vn 0.524027 -0.024365 0.851353
vn 0.968147 0.087838 0.234469
vn 0.524027 0.024365 -0.851353
vn -0.646607 0.063676 -0.760161
vn -0.922756 0.063677 0.380087
vn 0.076453 0.024364 0.996775
vn 0.968147 -0.087838 -0.234469
vn 0.076453 -0.024364 -0.996775
vn -0.922756 -0.063677 -0.380087
vn -0.646607 -0.063676 0.760161
vn 0.524027 -0.024365 0.851353
vn 0.968147 0.087838 0.234469
vn 0.524027 0.024365 -0.851353
vn -0.646607 0.063676 -0.760161
vn -0.922756 0.063677 0.380087
vn 0.076453 0.024364 0.996775
vn 0.968147 -0.087838 -0.234469
vn 0.076453 -0.024364 -0.996775
vn -0.922756 -0.063677 -0.380087
vn -0.646607 -0.063676 0.760161
vn 0.524027 -0.024365 0.851353
vn 0.968147 0.087838 0.234469
vn 0.524027 0.024365 -0.851353
vn -0.646607 0.063676 -0.760161
vn -0.922756 0.063677 0.380087
vn 0.076454 0.024364 0.996775
vn 0.968147 -0.087839 -0.234469
vn 0.076453 -0.024364 -0.996775
vn -0.922756 -0.063677 -0.380087
vn -0.646607 -0.063676 0.760161
vn 0.524027 -0.024365 0.851353
vn 0.968147 0.087839 0.234469
vn 0.524027 0.024365 -0.851353
vn -0.646607 0.063676 -0.760161
vn -0.922756 0.063677 0.380087
vn 0.076453 0.024364 0.996775
vn 0.968147 -0.087839 -0.234469
vn 0.076453 -0.024364 -0.996776
vn -0.922756 -0.063677 -0.380087
vn -0.646607 -0.063676 0.760161
vn 0.524027 -0.024365 0.851353
vn 0.968147 0.087839 0.234469
vn 0.524027 0.024365 -0.851353
vn -0.646607 0.063676 -0.760161
vn -0.922756 0.063677 0.380087
vn 0.076453 0.024364 0.996776
vn -0.187814 0.975852 -0.111528
vn -0.944749 0.327260 -0.018700
vn -0.754758 -0.653606 -0.056024
vn 0.188462 -0.979242 -0.074609
vn 0.943423 -0.326823 -0.056027
vn 0.755791 0.654546 -0.018701
vn 0.187810 0.975853 0.111526
vn -0.755813 0.654520 0.018700
vn -0.943430 -0.326803 0.056024
vn -0.188466 -0.979241 0.074611
vn 0.754736 -0.653632 0.056026
vn 0.944742 0.327280 0.018701
vn 0.968147 -0.087839 -0.234469
vn 0.076453 -0.024364 -0.996775
vn -0.922756 -0.063677 -0.380087
vn -0.646606 -0.063676 0.760161
vn 0.524027 -0.024365 0.851353
vn 0.968147 0.087839 0.234469
vn 0.524027 0.024365 -0.851353
vn -0.646607 0.063676 -0.760161
vn -0.922756 0.063677 0.380087
vn 0.076454 0.024364 0.996775
vn 0.968147 -0.087839 -0.234469
vn 0.076453 -0.024364 -0.996775
vn -0.922756 -0.063677 -0.380087
vn -0.646607 -0.063676 0.760161
vn 0.524027 -0.024365 0.851353
vn 0.968147 0.087839 0.234469
vn 0.524027 0.024365 -0.851353
vn -0.646607 0.063676 -0.760161
vn -0.922756 0.063677 0.380087
vn 0.076453 0.024364 0.996775
vn 0.968147 -0.087839 -0.234469
vn 0.076453 -0.024364 -0.996776
vn -0.922756 -0.063677 -0.380087
vn -0.646607 -0.063676 0.760161
vn 0.524027 -0.024365 0.851353
vn 0.968147 0.087839 0.234469
vn 0.524027 0.024365 -0.851353
vn -0.646607 0.063676 -0.760161
vn -0.922756 0.063677 0.380087
vn 0.076453 0.024364 0.996776
vn 0.968147 -0.087839 -0.234469
vn 0.076453 -0.024364 -0.996775
vn -0.922756 -0.063677 -0.380087
vn -0.646606 -0.063676 0.760161
vn 0.524027 -0.024365 0.851353
vn 0.968147 0.087839 0.234469
vn 0.524027 0.024365 -0.851353
vn -0.646607 0.063676 -0.760161
vn -0.922756 0.063677 0.380087
vn 0.076454 0.024364 0.996775
vn 0.968147 -0.087839 -0.234469
vn 0.076453 -0.024364 -0.996775
vn -0.922756 -0.063677 -0.380087
vn -0.646607 -0.063676 0.760161
vn 0.524027 -0.024365 0.851353
vn 0.968147 0.087839 0.234469
vn 0.524027 0.024365 -0.851353
vn -0.646607 0.063676 -0.760161
vn -0.922756 0.063677 0.380087
vn 0.076453 0.024364 0.996775
vn 0.968147 -0.087839 -0.234469
vn 0.076453 -0.024364 -0.996776
vn -0.922756 -0.063677 -0.380087
vn -0.646607 -0.063676 0.760161
vn 0.524027 -0.024365 0.851353
vn 0.968147 0.087839 0.234469
vn 0.524027 0.024365 -0.851353
vn -0.646607 0.063676 -0.760161
vn -0.922756 0.063677 0.380087
vn 0.076453 0.024364 0.996776
vn 0.968147 -0.087839 -0.234469
vn 0.076453 -0.024364 -0.996775
vn -0.922756 -0.063677 -0.380087
vn -0.646606 -0.063676 0.760161
vn 0.524027 -0.024365 0.851353
vn 0.968147 0.087839 0.234469
vn 0.524027 0.024365 -0.851353
vn -0.646607 0.063676 -0.760161
vn -0.922756 0.063677 0.380087
vn 0.076454 0.024364 0.996775
vn 0.968147 -0.087839 -0.234469
vn 0.076453 -0.024364 -0.996775
vn -0.922756 -0.063677 -0.380087
vn -0.646607 -0.063676 0.760161
vn 0.524027 -0.024365 0.851353
vn 0.968147 0.087839 0.234469
vn 0.524027 0.024365 -0.851353
vn -0.646607 0.063676 -0.760161
vn -0.922756 0.063677 0.380087
vn 0.076453 0.024364 0.996775
vn 0.968147 -0.087839 -0.234469
vn 0.076453 -0.024364 -0.996776
vn -0.922756 -0.063677 -0.380087
vn -0.646607 -0.063676 0.760161
vn 0.524027 -0.024365 0.851353
vn 0.968147 0.087839 0.234469
vn 0.524027 0.024365 -0.851353
vn -0.646607 0.063676 -0.760161
vn -0.922756 0.063677 0.380087
vn 0.076453 0.024364 0.996776
vn -0.187792 0.975856 -0.111528
vn -0.944752 0.327253 -0.018701
vn -0.754748 -0.653618 -0.056025
vn 0.188440 -0.979247 -0.074607
vn 0.943426 -0.326816 -0.056026
vn 0.755781 0.654557 -0.018703
vn 0.187788 0.975857 0.111526
vn -0.755804 0.654531 0.018702
vn -0.943433 -0.326796 0.056023
vn -0.188444 -0.979246 0.074609
vn 0.754726 -0.653643 0.056027
vn 0.944745 0.327273 0.018702
vn 0.968147 -0.087839 -0.234469
vn 0.076453 -0.024364 -0.996775
vn -0.922756 -0.063677 -0.380087
vn -0.646606 -0.063676 0.760161
vn 0.524027 -0.024365 0.851353
vn 0.968147 0.087839 0.234469
vn 0.524027 0.024365 -0.851353
vn -0.646607 0.063676 -0.760161
vn -0.922756 0.063677 0.380087
vn 0.076454 0.024364 0.996775
vn 0.968147 -0.087839 -0.234469
vn 0.076453 -0.024364 -0.996775
vn -0.922756 -0.063677 -0.380087
vn -0.646607 -0.063676 0.760161
vn 0.524027 -0.024365 0.851353
vn 0.968147 0.087839 0.234469
vn 0.524027 0.024365 -0.851353
vn -0.646607 0.063676 -0.760161
vn -0.922756 0.063677 0.380087
vn 0.076453 0.024364 0.996775
vn 0.968147 -0.087839 -0.234469
vn 0.076453 -0.024364 -0.996776
vn -0.922756 -0.063677 -0.380087
vn -0.646607 -0.063676 0.760161
vn 0.524027 -0.024365 0.851353
vn 0.968147 0.087839 0.234469
vn 0.524027 0.024365 -0.851353
vn -0.646607 0.063676 -0.760161
vn -0.922756 0.063677 0.380087
vn 0.076453 0.024364 0.996776
vn 0.968147 -0.087839 -0.234469
vn 0.076453 -0.024364 -0.996775
vn -0.922756 -0.063677 -0.380087
vn -0.646606 -0.063676 0.760161
vn 0.524027 -0.024365 0.851353
vn 0.968147 0.087839 0.234469
vn 0.524027 0.024365 -0.851353
vn -0.646607 0.063676 -0.760161
vn -0.922756 0.063677 0.380087
vn 0.076454 0.024364 0.996775
vn 0.968147 -0.087839 -0.234469
vn 0.076453 -0.024364 -0.996775
vn -0.922756 -0.063677 -0.380087
vn -0.646607 -0.063676 0.760161
vn 0.524027 -0.024365 0.851353
vn 0.968147 0.087839 0.234469
vn 0.524027 0.024365 -0.851353
vn -0.646607 0.063676 -0.760161
vn -0.922756 0.063677 0.380087
vn 0.076453 0.024364 0.996775
vn 0.968147 -0.087839 -0.234469
vn 0.076453 -0.024364 -0.996776
vn -0.922756 -0.063677 -0.380087
vn -0.646607 -0.063676 0.760161
vn 0.524027 -0.024365 0.851353
vn 0.968147 0.087839 0.234469
vn 0.524027 0.024365 -0.851353
vn -0.646607 0.063676 -0.760161
vn -0.922756 0.063677 0.380087
vn 0.076453 0.024364 0.996776
vn 0.968147 -0.087839 -0.234469
vn 0.076453 -0.024364 -0.996775
vn -0.922756 -0.063677 -0.380087
vn -0.646606 -0.063676 0.760161
vn 0.524027 -0.024365 0.851353
vn 0.968147 0.087839 0.234469
vn 0.524027 0.024365 -0.851353
vn -0.646607 0.063676 -0.760161
vn -0.922756 0.063677 0.380087
vn 0.076454 0.024364 0.996775
vn 0.968147 -0.087839 -0.234469
vn 0.076453 -0.024364 -0.996775
vn -0.922756 -0.063677 -0.380087
vn -0.646607 -0.063676 0.760161
vn 0.524027 -0.024365 0.851353
vn 0.968147 0.087839 0.234469
vn 0.524027 0.024365 -0.851353
vn -0.646607 0.063676 -0.760161
vn -0.922756 0.063677 0.380087
vn 0.076453 0.024364 0.996775
vn 0.968147 -0.087839 -0.234469
vn 0.076453 -0.024364 -0.996776
vn -0.922756 -0.063677 -0.380087
vn -0.646607 -0.063676 0.760161
vn 0.524027 -0.024365 0.851353
vn 0.968147 0.087839 0.234469
vn 0.524027 0.024365 -0.851353
vn -0.646607 0.063676 -0.760161
vn -0.922756 0.063677 0.380087
vn 0.076453 0.024364 0.996776
vn -0.187814 0.975852 -0.111528
vn -0.944749 0.327260 -0.018700
vn -0.754758 -0.653606 -0.056024
vn 0.188462 -0.979242 -0.074609
vn 0.943423 -0.326823 -0.056027
vn 0.755791 0.654546 -0.018701
vn 0.187810 0.975853 0.111526
vn -0.755813 0.654520 0.018700
vn -0.943430 -0.326803 0.056024
vn -0.188466 -0.979241 0.074611
vn 0.754736 -0.653632 0.056026
vn 0.944742 0.327280 0.018701
vn 0.968147 -0.087839 -0.234469
vn 0.076453 -0.024364 -0.996775
vn -0.922756 -0.063677 -0.380087
vn -0.646606 -0.063676 0.760161
vn 0.524027 -0.024365 0.851353
vn 0.968147 0.087839 0.234469
vn 0.524027 0.024365 -0.851353
vn -0.646607 0.063676 -0.760161
vn -0.922756 0.063677 0.380087
vn 0.076454 0.024364 0.996775
vn 0.968147 -0.087838 -0.234469
vn 0.076453 -0.024364 -0.996775
vn -0.922756 -0.063677 -0.380087
vn -0.646607 -0.063676 0.760161
vn 0.524027 -0.024365 0.851353
vn 0.968147 0.087838 0.234469
vn 0.524027 0.024365 -0.851353
vn -0.646607 0.063676 -0.760161
vn -0.922756 0.063677 0.380087
vn 0.076453 0.024364 0.996775
vn 0.968147 -0.087838 -0.234469
vn 0.076453 -0.024364 -0.996775
vn -0.922756 -0.063677 -0.380087
vn -0.646607 -0.063676 0.760161
vn 0.524027 -0.024365 0.851353
vn 0.968147 0.087838 0.234469
vn 0.524027 0.024365 -0.851353
vn -0.646607 0.063676 -0.760161
vn -0.922756 0.063677 0.380087
vn 0.076453 0.024364 0.996775
vn 0.968147 -0.087838 -0.234469
vn 0.076453 -0.024364 -0.996775
vn -0.922756 -0.063677 -0.380087
vn -0.646607 -0.063676 0.760161
vn 0.524027 -0.024365 0.851353
vn 0.968147 0.087838 0.234469
vn 0.524027 0.024365 -0.851353
vn -0.646607 0.063676 -0.760161
vn -0.922756 0.063677 0.380087
vn 0.076454 0.024364 0.996775
vn 0.968147 -0.087839 -0.234469
vn 0.076453 -0.024364 -0.996775
vn -0.922756 -0.063677 -0.380087
vn -0.646607 -0.063676 0.760161
vn 0.524027 -0.024365 0.851353
vn 0.968147 0.087839 0.234469
vn 0.524027 0.024365 -0.851353
vn -0.646607 0.063676 -0.760161
vn -0.922756 0.063677 0.380087
vn 0.076453 0.024364 0.996775
vn 0.968147 -0.087839 -0.234469
vn 0.076453 -0.024364 -0.996776
vn -0.922756 -0.063677 -0.380087
vn -0.646607 -0.063676 0.760161
vn 0.524027 -0.024365 0.851353
vn 0.968147 0.087839 0.234469
vn 0.524027 0.024365 -0.851353
vn -0.646607 0.063676 -0.760161
vn -0.922756 0.063677 0.380087
vn 0.076453 0.024364 0.996776
vn 0.968147 -0.087839 -0.234469
vn 0.076453 -0.024364 -0.996775
vn -0.922756 -0.063677 -0.380087
vn -0.646606 -0.063676 0.760161
vn 0.524027 -0.024365 0.851353
vn 0.968147 0.087839 0.234469
vn 0.524027 0.024365 -0.851353
vn -0.646607 0.063676 -0.760161
vn -0.922756 0.063677 0.380087
vn 0.076454 0.024364 0.996775
vn 0.968147 -0.087839 -0.234469
vn 0.076453 -0.024364 -0.996775
vn -0.922756 -0.063677 -0.380087
vn -0.646607 -0.063676 0.760161
vn 0.524027 -0.024365 0.851353
vn 0.968147 0.087839 0.234469
vn 0.524027 0.024365 -0.851353
vn -0.646607 0.063676 -0.760161
vn -0.922756 0.063677 0.380087
vn 0.076453 0.024364 0.996775
vn 0.968147 -0.087839 -0.234469
vn 0.076453 -0.024364 -0.996776
vn -0.922756 -0.063677 -0.380087
vn -0.646607 -0.063676 0.760161
vn 0.524027 -0.024365 0.851353
vn 0.968147 0.087839 0.234469
vn 0.524027 0.024365 -0.851353
vn -0.646607 0.063676 -0.760161
vn -0.922756 0.063677 0.380087
vn 0.076453 0.024364 0.996776
vn -0.187814 0.975852 -0.111526
vn -0.944749 0.327260 -0.018700
vn -0.754739 -0.653629 -0.056025
vn 0.188440 -0.979247 -0.074607
vn 0.943421 -0.326830 -0.056027
vn 0.755791 0.654546 -0.018701
vn 0.187810 0.975854 0.111523
vn -0.755813 0.654520 0.018700
vn -0.943428 -0.326810 0.056024
vn -0.188444 -0.979246 0.074609
vn 0.754717 -0.653654 0.056027
vn 0.944742 0.327280 0.018701
vn 0.968147 -0.087839 -0.234469
vn 0.076453 -0.024364 -0.996775
vn -0.922756 -0.063677 -0.380087
vn -0.646606 -0.063676 0.760161
vn 0.524027 -0.024365 0.851353
vn 0.968147 0.087839 0.234469
vn 0.524027 0.024365 -0.851353
vn -0.646607 0.063676 -0.760161
vn -0.922756 0.063677 0.380087
vn 0.076454 0.024364 0.996775
vn 0.968147 -0.087839 -0.234469
vn 0.076453 -0.024364 -0.996775
vn -0.922756 -0.063677 -0.380087
vn -0.646607 -0.063676 0.760161
vn 0.524027 -0.024365 0.851353
vn 0.968147 0.087839 0.234469
vn 0.524027 0.024365 -0.851353
vn -0.646607 0.063676 -0.760161
vn -0.922756 0.063677 0.380087
vn 0.076453 0.024364 0.996775
vn 0.968147 -0.087839 -0.234469
vn 0.076453 -0.024364 -0.996776
vn -0.922756 -0.063677 -0.380087
vn -0.646607 -0.063676 0.760161
vn 0.524027 -0.024365 0.851353
vn 0.968147 0.087839 0.234469
vn 0.524027 0.024365 -0.851353
vn -0.646607 0.063676 -0.760161
vn -0.922756 0.063677 0.380087
vn 0.076453 0.024364 0.996776
vn 0.968147 -0.087839 -0.234469
vn 0.076453 -0.024364 -0.996775
vn -0.922756 -0.063677 -0.380087
vn -0.646606 -0.063676 0.760161
vn 0.524027 -0.024365 0.851353
vn 0.968147 0.087839 0.234469
vn 0.524027 0.024365 -0.851353
vn -0.646607 0.063676 -0.760161
vn -0.922756 0.063677 0.380087
vn 0.076454 0.024364 0.996775
vn 0.968147 -0.087839 -0.234469
vn 0.076453 -0.024364 -0.996775
vn -0.922756 -0.063677 -0.380087
vn -0.646607 -0.063676 0.760161
vn 0.524027 -0.024365 0.851353
vn 0.968147 0.087839 0.234469
vn 0.524027 0.024365 -0.851353
vn -0.646607 0.063676 -0.760161
vn -0.922756 0.063677 0.380087
vn 0.076453 0.024364 0.996775
vn 0.968147 -0.087839 -0.234469
vn 0.076453 -0.024364 -0.996776
vn -0.922756 -0.063677 -0.380087
vn -0.646607 -0.063676 0.760161
vn 0.524027 -0.024365 0.851353
vn 0.968147 0.087839 0.234469
vn 0.524027 0.024365 -0.851353
vn -0.646607 0.063676 -0.760161
vn -0.922756 0.063677 0.380087
vn 0.076453 0.024364 0.996776
vn 0.968147 -0.087839 -0.234469
vn 0.076453 -0.024364 -0.996775
vn -0.922756 -0.063677 -0.380087
vn -0.646606 -0.063676 0.760161
vn 0.524027 -0.024365 0.851353
vn 0.968147 0.087839 0.234469
vn 0.524027 0.024365 -0.851353
vn -0.646607 0.063676 -0.760161
vn -0.922756 0.063677 0.380087
vn 0.076454 0.024364 0.996775
vn 0.968147 -0.087839 -0.234469
vn 0.076453 -0.024364 -0.996775
vn -0.922756 -0.063677 -0.380087
vn -0.646607 -0.063676 0.760161
vn 0.524027 -0.024365 0.851353
vn 0.968147 0.087839 0.234469
vn 0.524027 0.024365 -0.851353
vn -0.646607 0.063676 -0.760161
vn -0.922756 0.063677 0.380087
vn 0.076453 0.024364 0.996775
vn 0.968147 -0.087839 -0.234469
vn 0.076453 -0.024364 -0.996776
vn -0.922756 -0.063677 -0.380087
vn -0.646607 -0.063676 0.760161
vn 0.524027 -0.024365 0.851353
vn 0.968147 0.087839 0.234469
vn 0.524027 0.024365 -0.851353
vn -0.646607 0.063676 -0.760161
vn -0.922756 0.063677 0.380087
vn 0.076453 0.024364 0.996776
vn -0.187792 0.975857 -0.111526
vn -0.944747 0.327267 -0.018701
vn -0.754758 -0.653606 -0.056023
vn 0.188462 -0.979243 -0.074607
vn 0.943423 -0.326823 -0.056026
vn 0.755772 0.654568 -0.018702
vn 0.187788 0.975858 0.111524
vn -0.755794 0.654542 0.018701
vn -0.943431 -0.326803 0.056023
vn -0.188466 -0.979242 0.074609
vn 0.754736 -0.653632 0.056025
vn 0.944740 0.327287 0.018702
vn 0.968147 -0.087839 -0.234469
vn 0.076453 -0.024364 -0.996775
vn -0.922756 -0.063677 -0.380087
vn -0.646606 -0.063676 0.760161
vn 0.524027 -0.024365 0.851353
vn 0.968147 0.087839 0.234469
vn 0.524027 0.024365 -0.851353
vn -0.646607 0.063676 -0.760161
vn -0.922756 0.063677 0.380087
vn 0.076454 0.024364 0.996775
vn 0.968147 -0.087839 -0.234469
vn 0.076453 -0.024364 -0.996775
vn -0.922756 -0.063677 -0.380087
vn -0.646607 -0.063676 0.760161
vn 0.524027 -0.024365 0.851353
vn 0.968147 0.087839 0.234469
vn 0.524027 0.024365 -0.851353
vn -0.646607 0.063676 -0.760161
vn -0.922756 0.063677 0.380087
vn 0.076453 0.024364 0.996775
vn 0.968147 -0.087839 -0.234469
vn 0.076453 -0.024364 -0.996776
vn -0.922756 -0.063677 -0.380087
vn -0.646607 -0.063676 0.760161
vn 0.524027 -0.024365 0.851353
vn 0.968147 0.087839 0.234469
vn 0.524027 0.024365 -0.851353
vn -0.646607 0.063676 -0.760161
vn -0.922756 0.063677 0.380087
vn 0.076453 0.024364 0.996776
vn 0.968147 -0.087839 -0.234469
vn 0.076453 -0.024364 -0.996775
vn -0.922756 -0.063677 -0.380087
vn -0.646606 -0.063676 0.760161
vn 0.524027 -0.024365 0.851353
vn 0.968147 0.087839 0.234469
vn 0.524027 0.024365 -0.851353
vn -0.646607 0.063676 -0.760161
vn -0.922756 0.063677 0.380087
vn 0.076454 0.024364 0.996775
vn 0.968147 -0.087838 -0.234469
vn 0.076453 -0.024364 -0.996775
vn -0.922756 -0.063677 -0.380087
vn -0.646607 -0.063676 0.760161
vn 0.524027 -0.024365 0.851353
vn 0.968147 0.087838 0.234469
vn 0.524027 0.024365 -0.851353
vn -0.646607 0.063676 -0.760161
vn -0.922756 0.063677 0.380087
vn 0.076453 0.024364 0.996775
vn 0.968147 -0.087838 -0.234469
vn 0.076453 -0.024364 -0.996775
vn -0.922756 -0.063677 -0.380087
vn -0.646607 -0.063676 0.760161
vn 0.524027 -0.024365 0.851353
vn 0.968147 0.087838 0.234469
vn 0.524027 0.024365 -0.851353
vn -0.646607 0.063676 -0.760161
vn -0.922756 0.063677 0.380087
vn 0.076453 0.024364 0.996775
vn 0.968147 -0.087838 -0.234469
vn 0.076453 -0.024364 -0.996775
vn -0.922756 -0.063677 -0.380087
vn -0.646607 -0.063676 0.760161
vn 0.524027 -0.024365 0.851353
vn 0.968147 0.087838 0.234469
vn 0.524027 0.024365 -0.851353
vn -0.646607 0.063676 -0.760161
vn -0.922756 0.063677 0.380087
vn 0.076454 0.024364 0.996775
vn 0.968147 -0.087839 -0.234469
vn 0.076453 -0.024364 -0.996775
vn -0.922756 -0.063677 -0.380087
vn -0.646607 -0.063676 0.760161
vn 0.524027 -0.024365 0.851353
vn 0.968147 0.087839 0.234469
vn 0.524027 0.024365 -0.851353
vn -0.646607 0.063676 -0.760161
vn -0.922756 0.063677 0.380087
vn 0.076453 0.024364 0.996775
vn 0.968147 -0.087839 -0.234469
vn 0.076453 -0.024364 -0.996776
vn -0.922756 -0.063677 -0.380087
vn -0.646607 -0.063676 0.760161
vn 0.524027 -0.024365 0.851353
vn 0.968147 0.087839 0.234469
vn 0.524027 0.024365 -0.851353
vn -0.646607 0.063676 -0.760161
vn -0.922756 0.063677 0.380087
vn 0.076453 0.024364 0.996776
vn -0.187814 0.975852 -0.111528
vn -0.944749 0.327260 -0.018700
vn -0.754758 -0.653606 -0.056024
vn 0.188462 -0.979242 -0.074609
vn 0.943423 -0.326823 -0.056027
vn 0.755791 0.654546 -0.018701
vn 0.187810 0.975853 0.111526
vn -0.755813 0.654520 0.018700
vn -0.943430 -0.326803 0.056024
vn -0.188466 -0.979241 0.074611
vn 0.754736 -0.653632 0.056026
vn 0.944742 0.327280 0.018701
vn 0.968147 -0.087839 -0.234469
vn 0.076453 -0.024364 -0.996775
vn -0.922756 -0.063677 -0.380087
vn -0.646606 -0.063676 0.760161
vn 0.524027 -0.024365 0.851353
vn 0.968147 0.087839 0.234469
vn 0.524027 0.024365 -0.851353
vn -0.646607 0.063676 -0.760161
vn -0.922756 0.063677 0.380087
vn 0.076454 0.024364 0.996775
vn 0.968147 -0.087839 -0.234469
vn 0.076453 -0.024364 -0.996775
vn -0.922756 -0.063677 -0.380087
vn -0.646607 -0.063676 0.760161
vn 0.524027 -0.024365 0.851353
vn 0.968147 0.087839 0.234469
vn 0.524027 0.024365 -0.851353
vn -0.646607 0.063676 -0.760161
vn -0.922756 0.063677 0.380087
vn 0.076453 0.024364 0.996775
vn 0.968147 -0.087839 -0.234469
vn 0.076453 -0.024364 -0.996776
vn -0.922756 -0.063677 -0.380087
vn -0.646607 -0.063676 0.760161
vn 0.524027 -0.024365 0.851353
vn 0.968147 0.087839 0.234469
vn 0.524027 0.024365 -0.851353
vn -0.646607 0.063676 -0.760161
vn -0.922756 0.063677 0.380087
vn 0.076453 0.024364 0.996776
vn 0.968147 -0.087839 -0.234469
vn 0.076453 -0.024364 -0.996775
vn -0.922756 -0.063677 -0.380087
vn -0.646606 -0.063676 0.760161
vn 0.524027 -0.024365 0.851353
vn 0.968147 0.087839 0.234469
vn 0.524027 0.024365 -0.851353
vn -0.646607 0.063676 -0.760161
vn -0.922756 0.063677 0.380087
vn 0.076454 0.024364 0.996775
vn 0.968147 -0.087839 -0.234469
vn 0.076453 -0.024364 -0.996775
vn -0.922756 -0.063677 -0.380087
vn -0.646607 -0.063676 0.760161
vn 0.524027 -0.024365 0.851353
vn 0.968147 0.087839 0.234469
vn 0.524027 0.024365 -0.851353
vn -0.646607 0.063676 -0.760161
vn -0.922756 0.063677 0.380087
vn 0.076453 0.024364 0.996775
vn 0.968147 -0.087839 -0.234469
vn 0.076453 -0.024364 -0.996776
vn -0.922756 -0.063677 -0.380087
vn -0.646607 -0.063676 0.760161
vn 0.524027 -0.024365 0.851353
vn 0.968147 0.087839 0.234469
vn 0.524027 0.024365 -0.851353
vn -0.646607 0.063676 -0.760161
vn -0.922756 0.063677 0.380087
vn 0.076453 0.024364 0.996776
vn 0.968147 -0.087839 -0.234469
vn 0.076453 -0.024364 -0.996775
vn -0.922756 -0.063677 -0.380087
vn -0.646606 -0.063676 0.760161
vn 0.524027 -0.024365 0.851353
vn 0.968147 0.087839 0.234469
vn 0.524027 0.024365 -0.851353
vn -0.646607 0.063676 -0.760161
vn -0.922756 0.063677 0.380087
vn 0.076454 0.024364 0.996775
vn 0.968147 -0.087839 -0.234469
vn 0.076453 -0.024364 -0.996775
vn -0.922756 -0.063677 -0.380087
vn -0.646607 -0.063676 0.760161
vn 0.524027 -0.024365 0.851353
vn 0.968147 0.087839 0.234469
vn 0.524027 0.024365 -0.851353
vn -0.646607 0.063676 -0.760161
vn -0.922756 0.063677 0.380087
vn 0.076453 0.024364 0.996775
vn 0.968147 -0.087839 -0.234469
vn 0.076453 -0.024364 -0.996776
vn -0.922756 -0.063677 -0.380087
vn -0.646607 -0.063676 0.760161
vn 0.524027 -0.024365 0.851353
vn 0.968147 0.087839 0.234469
vn 0.524027 0.024365 -0.851353
vn -0.646607 0.063676 -0.760161
vn -0.922756 0.063677 0.380087
vn 0.076453 0.024364 0.996776
vn -0.187792 0.975856 -0.111528
vn -0.944752 0.327253 -0.018701
vn -0.754748 -0.653618 -0.056025
vn 0.188440 -0.979247 -0.074607
vn 0.943426 -0.326816 -0.056026
vn 0.755781 0.654557 -0.018703
vn 0.187788 0.975857 0.111526
vn -0.755804 0.654531 0.018702
vn -0.943433 -0.326796 0.056023
vn -0.188444 -0.979246 0.074609
vn 0.754726 -0.653643 0.056027
vn 0.944745 0.327273 0.018702
vn 0.968147 -0.087839 -0.234469
vn 0.076453 -0.024364 -0.996775
vn -0.922756 -0.063677 -0.380087
vn -0.646606 -0.063676 0.760161
vn 0.524027 -0.024365 0.851353
vn 0.968147 0.087839 0.234469
vn 0.524027 0.024365 -0.851353
vn -0.646607 0.063676 -0.760161
vn -0.922756 0.063677 0.380087
vn 0.076454 0.024364 0.996775
vn 0.968147 -0.087839 -0.234469
vn 0.076453 -0.024364 -0.996775
vn -0.922756 -0.063677 -0.380087
vn -0.646607 -0.063676 0.760161
vn 0.524027 -0.024365 0.851353
vn 0.968147 0.087839 0.234469
vn 0.524027 0.024365 -0.851353
vn -0.646607 0.063676 -0.760161
vn -0.922756 0.063677 0.380087
vn 0.076453 0.024364 0.996775
vn 0.968147 -0.087839 -0.234469
vn 0.076453 -0.024364 -0.996776
vn -0.922756 -0.063677 -0.380087
vn -0.646607 -0.063676 0.760161
vn 0.524027 -0.024365 0.851353
vn 0.968147 0.087839 0.234469
vn 0.524027 0.024365 -0.851353
vn -0.646607 0.063676 -0.760161
vn -0.922756 0.063677 0.380087
vn 0.076453 0.024364 0.996776
vn 0.968147 -0.087839 -0.234469
vn 0.076453 -0.024364 -0.996775
vn -0.922756 -0.063677 -0.380087
vn -0.646606 -0.063676 0.760161
vn 0.524027 -0.024365 0.851353
vn 0.968147 0.087839 0.234469
vn 0.524027 0.024365 -0.851353
vn -0.646607 0.063676 -0.760161
vn -0.922756 0.063677 0.380087
vn 0.076454 0.024364 0.996775
vn 0.968147 -0.087839 -0.234469
vn 0.076453 -0.024364 -0.996775
vn -0.922756 -0.063677 -0.380087
vn -0.646607 -0.063676 0.760161
vn 0.524027 -0.024365 0.851353
vn 0.968147 0.087839 0.234469
vn 0.524027 0.024365 -0.851353
vn -0.646607 0.063676 -0.760161
vn -0.922756 0.063677 0.380087
vn 0.076453 0.024364 0.996775
vn 0.968147 -0.087839 -0.234469
vn 0.076453 -0.024364 -0.996776
vn -0.922756 -0.063677 -0.380087
vn -0.646607 -0.063676 0.760161
vn 0.524027 -0.024365 0.851353
vn 0.968147 0.087839 0.234469
vn 0.524027 0.024365 -0.851353
vn -0.646607 0.063676 -0.760161
vn -0.922756 0.063677 0.380087
vn 0.076453 0.024364 0.996776
vn 0.968147 -0.087839 -0.234469
vn 0.076453 -0.024364 -0.996775
vn -0.922756 -0.063677 -0.380087
vn -0.646606 -0.063676 0.760161
vn 0.524027 -0.024365 0.851353
vn 0.968147 0.087839 0.234469
vn 0.524027 0.024365 -0.851353
vn -0.646607 0.063676 -0.760161
vn -0.922756 0.063677 0.380087
vn 0.076454 0.024364 0.996775
vn 0.968147 -0.087838 -0.234469
vn 0.076453 -0.024364 -0.996775
vn -0.922756 -0.063677 -0.380087
vn -0.646607 -0.063676 0.760161
vn 0.524027 -0.024365 0.851353
vn 0.968147 0.087838 0.234469
vn 0.524027 0.024365 -0.851353
vn -0.646607 0.063676 -0.760161
vn -0.922756 0.063677 0.380087
vn 0.076453 0.024364 0.996775
vn 0.968147 -0.087838 -0.234469
vn 0.076453 -0.024364 -0.996775
vn -0.922756 -0.063677 -0.380087
vn -0.646607 -0.063676 0.760161
vn 0.524027 -0.024365 0.851353
vn 0.968147 0.087838 0.234469
vn 0.524027 0.024365 -0.851353
vn -0.646607 0.063676 -0.760161
vn -0.922756 0.063677 0.380087
vn 0.076453 0.024364 0.996775
vn -0.187814 0.975852 -0.111528
vn -0.944749 0.327260 -0.018700
vn -0.754758 -0.653606 -0.056024
vn 0.188462 -0.979242 -0.074609
vn 0.943423 -0.326823 -0.056027
vn 0.755791 0.654546 -0.018701
vn 0.187810 0.975853 0.111526
vn -0.755813 0.654520 0.018700
vn -0.943430 -0.326803 0.056024
vn -0.188466 -0.979241 0.074611
vn 0.754736 -0.653632 0.056026
vn 0.944742 0.327280 0.018701
vn 0.968147 -0.087838 -0.234469
vn 0.076453 -0.024364 -0.996775
vn -0.922756 -0.063677 -0.380087
vn -0.646607 -0.063676 0.760161
vn 0.524027 -0.024365 0.851353
vn 0.968147 0.087838 0.234469
vn 0.524027 0.024365 -0.851353
vn -0.646607 0.063676 -0.760161
vn -0.922756 0.063677 0.380087
vn 0.076454 0.024364 0.996775
vn 0.968147 -0.087839 -0.234469
vn 0.076453 -0.024364 -0.996776
vn -0.922756 -0.063678 -0.380087
vn -0.646607 -0.063677 0.760161
vn 0.524027 -0.024365 0.851353
vn 0.968147 0.087839 0.234469
vn 0.524027 0.024365 -0.851353
vn -0.646607 0.063677 -0.760161
vn -0.922756 0.063678 0.380087
vn 0.076453 0.024364 0.996775
vn 0.968147 -0.087839 -0.234469
vn 0.076453 -0.024364 -0.996776
vn -0.922756 -0.063678 -0.380087
vn -0.646607 -0.063676 0.760161
vn 0.524027 -0.024365 0.851353
vn 0.968147 0.087839 0.234469
vn 0.524027 0.024365 -0.851353
vn -0.646607 0.063676 -0.760161
vn -0.922756 0.063678 0.380087
vn 0.076453 0.024364 0.996776
vn 0.968147 -0.087839 -0.234469
vn 0.076453 -0.024364 -0.996776
vn -0.922756 -0.063678 -0.380087
vn -0.646607 -0.063677 0.760161
vn 0.524027 -0.024365 0.851353
vn 0.968147 0.087839 0.234469
vn 0.524027 0.024365 -0.851353
vn -0.646607 0.063677 -0.760161
vn -0.922756 0.063678 0.380087
vn 0.076454 0.024364 0.996775
vn 0.968147 -0.087838 -0.234469
vn 0.076453 -0.024364 -0.996775
vn -0.922756 -0.063677 -0.380087
vn -0.646607 -0.063676 0.760161
vn 0.524027 -0.024365 0.851353
vn 0.968147 0.087838 0.234469
vn 0.524027 0.024365 -0.851353
vn -0.646607 0.063676 -0.760161
vn -0.922756 0.063677 0.380087
vn 0.076453 0.024364 0.996775
vn 0.968147 -0.087838 -0.234469
vn 0.076453 -0.024364 -0.996775
vn -0.922756 -0.063677 -0.380087
vn -0.646607 -0.063676 0.760161
vn 0.524027 -0.024365 0.851353
vn 0.968147 0.087838 0.234469
vn 0.524027 0.024365 -0.851353
vn -0.646607 0.063676 -0.760161
vn -0.922756 0.063677 0.380087
vn 0.076453 0.024364 0.996775
vn 0.968147 -0.087838 -0.234469
vn 0.076453 -0.024364 -0.996775
vn -0.922756 -0.063677 -0.380087
vn -0.646607 -0.063676 0.760161
vn 0.524027 -0.024365 0.851353
vn 0.968147 0.087838 0.234469
vn 0.524027 0.024365 -0.851353
vn -0.646607 0.063676 -0.760161
vn -0.922756 0.063677 0.380087
vn 0.076454 0.024364 0.996775
vn 0.965254 -0.115555 -0.234373
vn 0.076435 -0.027318 -0.996700
vn -0.921305 -0.082803 -0.379921
vn -0.645592 -0.088695 0.758514
vn 0.523906 -0.036884 0.850977
vn 0.965255 0.115555 0.234370
vn 0.523906 0.036884 -0.850977
vn -0.645588 0.088695 -0.758518
vn -0.921305 0.082803 0.379922
vn 0.076436 0.027318 0.996700
vn 0.965254 -0.115555 -0.234373
vn 0.076436 -0.027318 -0.996700
vn -0.921305 -0.082803 -0.379921
vn -0.645592 -0.088695 0.758514
vn 0.523906 -0.036884 0.850977
vn 0.965255 0.115555 0.234370
vn 0.523906 0.036884 -0.850977
vn -0.645588 0.088695 -0.758518
vn -0.921305 0.082803 0.379922
vn 0.076437 0.027318 0.996700
vn -0.187792 0.975857 -0.111524
vn -0.944742 0.327281 -0.018700
vn -0.754768 -0.653595 -0.056021
vn 0.188484 -0.979238 -0.074607
vn 0.943421 -0.326830 -0.056026
vn 0.755762 0.654579 -0.018701
vn 0.187788 0.975858 0.111522
vn -0.755784 0.654554 0.018700
vn -0.943428 -0.326810 0.056023
vn -0.188488 -0.979237 0.074608
vn 0.754746 -0.653621 0.056023
vn 0.944735 0.327301 0.018702
vn 0.965254 -0.115555 -0.234373
vn 0.076436 -0.027318 -0.996700
vn -0.921305 -0.082803 -0.379921
vn -0.645593 -0.088695 0.758514
vn 0.523906 -0.036884 0.850977
vn 0.965255 0.115555 0.234370
vn 0.523906 0.036884 -0.850977
vn -0.645588 0.088695 -0.758518
vn -0.921305 0.082803 0.379922
vn 0.076436 0.027318 0.996700
vn 0.968352 -0.028154 -0.247997
vn 0.076455 0.210273 -0.974649
vn -0.922858 0.028775 -0.384064
vn -0.646682 -0.238132 0.724634
vn 0.524035 -0.222296 0.822175
vn 0.968352 0.028154 0.247997
vn 0.524036 0.222296 -0.822175
vn -0.646676 0.238134 -0.724639
vn -0.922859 -0.028775 0.384061
vn 0.076455 -0.210273 0.974649
vn 0.968352 -0.028154 -0.247997
vn 0.076455 0.210273 -0.974649
vn -0.922858 0.028775 -0.384064
vn -0.646682 -0.238132 0.724635
vn 0.524035 -0.222296 0.822175
vn 0.968352 0.028154 0.247997
vn 0.524035 0.222296 -0.822175
vn -0.646676 0.238134 -0.724639
vn -0.922859 -0.028775 0.384062
vn 0.076455 -0.210273 0.974649
vn 0.968352 -0.028154 -0.247997
vn 0.076455 0.210273 -0.974649
vn -0.922858 0.028775 -0.384064
vn -0.646682 -0.238132 0.724635
vn 0.524035 -0.222296 0.822175
vn 0.968352 0.028154 0.247997
vn 0.524036 0.222296 -0.822175
vn -0.646676 0.238134 -0.724639
vn -0.922859 -0.028775 0.384062
vn 0.076456 -0.210273 0.974649
vn 0.968352 -0.028154 -0.247995
vn 0.076455 0.210273 -0.974649
vn -0.922859 0.028775 -0.384061
vn -0.646676 -0.238134 0.724640
vn 0.524028 -0.222297 0.822179
vn 0.968352 0.028154 0.247997
vn 0.524043 0.222296 -0.822170
vn -0.646682 0.238133 -0.724635
vn -0.922858 -0.028775 0.384063
vn 0.076447 -0.210273 0.974649
vn 0.968352 -0.028154 -0.247996
vn 0.076456 0.210273 -0.974649
vn -0.922859 0.028775 -0.384062
vn -0.646676 -0.238134 0.724640
vn 0.524029 -0.222297 0.822179
vn 0.968352 0.028154 0.247997
vn 0.524042 0.222296 -0.822170
vn -0.646682 0.238133 -0.724635
vn -0.922858 -0.028775 0.384063
vn 0.076448 -0.210273 0.974649
vn 0.968352 -0.028154 -0.247995
vn 0.076455 0.210273 -0.974649
vn -0.922859 0.028775 -0.384061
vn -0.646676 -0.238134 0.724640
vn 0.524029 -0.222297 0.822179
vn 0.968352 0.028154 0.247997
vn 0.524043 0.222296 -0.822170
vn -0.646682 0.238133 -0.724635
vn -0.922858 -0.028775 0.384063
vn 0.076447 -0.210273 0.974649
vn 0.968352 -0.028154 -0.247997
vn 0.076456 0.210273 -0.974649
vn -0.922858 0.028775 -0.384064
vn -0.646682 -0.238132 0.724635
vn 0.524035 -0.222296 0.822175
vn 0.968352 0.028154 0.247997
vn 0.524035 0.222296 -0.822175
vn -0.646676 0.238134 -0.724640
vn -0.922859 -0.028775 0.384062
vn 0.076456 -0.210273 0.974649
vn 0.968352 -0.028154 -0.247997
vn 0.076455 0.210273 -0.974649
vn -0.922858 0.028775 -0.384064
vn -0.646682 -0.238132 0.724635
vn 0.524036 -0.222296 0.822175
vn 0.968352 0.028154 0.247997
vn 0.524035 0.222296 -0.822175
vn -0.646676 0.238134 -0.724640
vn -0.922859 -0.028775 0.384062
vn 0.076456 -0.210273 0.974649
vn -0.187792 0.975856 -0.111528
vn -0.944752 0.327253 -0.018701
vn -0.754748 -0.653618 -0.056025
vn 0.188440 -0.979247 -0.074607
vn 0.943426 -0.326816 -0.056026
vn 0.755781 0.654557 -0.018703
vn 0.187788 0.975857 0.111526
vn -0.755804 0.654531 0.018702
vn -0.943433 -0.326796 0.056023
vn -0.188444 -0.979246 0.074609
vn 0.754726 -0.653643 0.056027
vn 0.944745 0.327273 0.018702
vn 0.968352 -0.028154 -0.247997
vn 0.076455 0.210273 -0.974649
vn -0.922858 0.028775 -0.384064
vn -0.646682 -0.238132 0.724635
vn 0.524035 -0.222296 0.822175
vn 0.968352 0.028154 0.247997
vn 0.524036 0.222296 -0.822175
vn -0.646676 0.238134 -0.724639
vn -0.922859 -0.028775 0.384062
vn 0.076456 -0.210273 0.974649
vn 0.968548 -0.006293 -0.248747
vn 0.070856 0.209766 -0.975181
vn -0.923056 0.000779 -0.384664
vn -0.639935 -0.256943 0.724198
vn 0.529793 -0.207989 0.822229
vn 0.966818 0.058144 0.248762
vn 0.517886 0.236061 -0.822234
vn -0.652771 0.222307 -0.724203
vn -0.921686 -0.050209 0.384675
vn 0.081991 -0.205671 0.975181
vn 0.968548 -0.006293 -0.248747
vn 0.070856 0.209766 -0.975181
vn -0.923056 0.000779 -0.384664
vn -0.639935 -0.256943 0.724198
vn 0.529793 -0.207989 0.822229
vn 0.966818 0.058144 0.248762
vn 0.517886 0.236061 -0.822234
vn -0.652771 0.222307 -0.724203
vn -0.921686 -0.050209 0.384675
vn 0.081991 -0.205671 0.975181
vn 0.968548 -0.006293 -0.248747
vn 0.070856 0.209766 -0.975181
vn -0.923056 0.000779 -0.384664
vn -0.639935 -0.256943 0.724198
vn 0.529793 -0.207989 0.822229
vn 0.966818 0.058144 0.248762
vn 0.517886 0.236061 -0.822234
vn -0.652771 0.222307 -0.724203
vn -0.921686 -0.050209 0.384675
vn 0.081991 -0.205671 0.975181
vn 0.965408 0.078922 -0.248512
vn 0.052872 0.198863 -0.978600
vn -0.918058 -0.093456 -0.385273
vn -0.614230 -0.305041 0.727785
vn 0.545364 -0.144130 0.825714
vn 0.956241 0.154406 0.248521
vn 0.495035 0.270457 -0.825708
vn -0.669384 0.149183 -0.727784
vn -0.913742 -0.128968 0.385284
vn 0.098926 -0.180432 0.978600
vn 0.965408 0.078922 -0.248512
vn 0.052872 0.198863 -0.978600
vn -0.918058 -0.093456 -0.385273
vn -0.614230 -0.305041 0.727785
vn 0.545365 -0.144130 0.825714
vn 0.956241 0.154406 0.248521
vn 0.495034 0.270457 -0.825709
vn -0.669384 0.149183 -0.727784
vn -0.913742 -0.128968 0.385283
vn 0.098927 -0.180431 0.978600
vn 0.965408 0.078922 -0.248512
vn 0.052873 0.198863 -0.978600
vn -0.918058 -0.093456 -0.385273
vn -0.614230 -0.305041 0.727785
vn 0.545364 -0.144130 0.825715
vn 0.956240 0.154406 0.248522
vn 0.495035 0.270457 -0.825708
vn -0.669384 0.149183 -0.727784
vn -0.913742 -0.128968 0.385284
vn 0.098926 -0.180432 0.978600
vn 0.955324 0.162200 -0.247078
vn 0.041243 0.167695 -0.984976
vn -0.901571 -0.195897 -0.385738
vn -0.587598 -0.337152 0.735565
vn 0.550215 -0.061299 0.832770
vn 0.934718 0.255488 0.247038
vn 0.473138 0.287450 -0.832774
vn -0.674957 0.058142 -0.735563
vn -0.900156 -0.202270 0.385753
vn 0.108065 -0.134699 0.984976
vn 0.955324 0.162200 -0.247078
vn 0.041242 0.167695 -0.984976
vn -0.901571 -0.195897 -0.385738
vn -0.587599 -0.337152 0.735565
vn 0.550216 -0.061299 0.832769
vn 0.934718 0.255488 0.247037
vn 0.473139 0.287450 -0.832774
vn -0.674957 0.058142 -0.735563
vn -0.900156 -0.202270 0.385753
vn 0.108065 -0.134699 0.984976
vn -0.187788 0.975858 -0.111522
vn -0.944735 0.327301 -0.018702
vn -0.754746 -0.653621 -0.056023
vn 0.188488 -0.979237 -0.074608
vn 0.943428 -0.326810 -0.056023
vn 0.755784 0.654554 -0.018700
vn 0.187792 0.975857 0.111524
vn -0.755762 0.654579 0.018701
vn -0.943421 -0.326830 0.056026
vn -0.188484 -0.979238 0.074607
vn 0.754768 -0.653595 0.056021
vn 0.944742 0.327281 0.018700
vn 0.955324 0.162200 -0.247078
vn 0.041242 0.167695 -0.984976
vn -0.901571 -0.195897 -0.385738
vn -0.587598 -0.337152 0.735566
vn 0.550216 -0.061299 0.832769
vn 0.934718 0.255488 0.247038
vn 0.473138 0.287450 -0.832774
vn -0.674957 0.058142 -0.735563
vn -0.900156 -0.202270 0.385753
vn 0.108066 -0.134699 0.984976
vn 0.939182 0.241221 -0.244438
vn 0.040243 0.123560 -0.991521
vn -0.872280 -0.300871 -0.385491
vn -0.563608 -0.357468 0.744690
vn 0.540648 0.031812 0.840647
vn 0.901602 0.356887 0.244427
vn 0.456096 0.292049 -0.840645
vn -0.666079 -0.042081 -0.744694
vn -0.882544 -0.269303 0.385477
vn 0.105177 -0.076309 0.991521
vn 0.939182 0.241221 -0.244438
vn 0.040243 0.123560 -0.991521
vn -0.872280 -0.300871 -0.385492
vn -0.563608 -0.357468 0.744690
vn 0.540649 0.031812 0.840647
vn 0.901602 0.356887 0.244428
vn 0.456095 0.292049 -0.840646
vn -0.666078 -0.042081 -0.744694
vn -0.882544 -0.269303 0.385477
vn 0.105178 -0.076309 0.991521
vn 0.939182 0.241221 -0.244438
vn 0.040242 0.123559 -0.991521
vn -0.872280 -0.300871 -0.385492
vn -0.563609 -0.357468 0.744689
vn 0.540649 0.031812 0.840646
vn 0.901602 0.356887 0.244427
vn 0.456094 0.292049 -0.840646
vn -0.666078 -0.042081 -0.744694
vn -0.882544 -0.269303 0.385476
vn 0.105178 -0.076309 0.991521
vn 0.916841 0.318394 -0.240888
vn 0.049334 0.078182 -0.995718
vn -0.830814 -0.402795 -0.384063
vn -0.542243 -0.373949 0.752419
vn 0.517146 0.124936 0.846730
vn 0.857536 0.454548 0.240870
vn 0.443674 0.293608 -0.846728
vn -0.643112 -0.142405 -0.752415
vn -0.860745 -0.334071 0.384077
vn 0.090847 -0.017118 0.995718
vn 0.916841 0.318394 -0.240888
vn 0.049333 0.078182 -0.995718
vn -0.830814 -0.402794 -0.384063
vn -0.542244 -0.373950 0.752419
vn 0.517147 0.124937 0.846729
vn 0.857536 0.454548 0.240870
vn 0.443672 0.293608 -0.846729
vn -0.643111 -0.142405 -0.752415
vn -0.860745 -0.334071 0.384076
vn 0.090848 -0.017117 0.995718
vn 0.916841 0.318394 -0.240888
vn 0.049334 0.078182 -0.995718
vn -0.830814 -0.402795 -0.384062
vn -0.542244 -0.373950 0.752419
vn 0.517147 0.124937 0.846729
vn 0.857536 0.454548 0.240870
vn 0.443674 0.293608 -0.846728
vn -0.643112 -0.142406 -0.752414
vn -0.860745 -0.334071 0.384076
vn 0.090848 -0.017117 0.995718
vn 0.887136 0.395809 -0.237329
vn 0.063313 0.043459 -0.997047
vn -0.779614 -0.496250 -0.382019
vn -0.519979 -0.395079 0.757321
vn 0.484212 0.207471 0.849997
vn 0.804322 0.544754 0.237295
vn 0.431731 0.301853 -0.849996
vn -0.609983 -0.233255 -0.757307
vn -0.832912 -0.400416 0.382001
vn 0.070321 0.030851 0.997047
vn 0.887136 0.395809 -0.237328
vn 0.063313 0.043459 -0.997047
vn -0.779614 -0.496250 -0.382018
vn -0.519980 -0.395079 0.757320
vn 0.484214 0.207472 0.849996
vn 0.804322 0.544754 0.237295
vn 0.431731 0.301853 -0.849996
vn -0.609983 -0.233255 -0.757306
vn -0.832912 -0.400416 0.382000
vn 0.070322 0.030851 0.997047
vn -0.187788 0.975857 -0.111526
vn -0.944745 0.327273 -0.018702
vn -0.754726 -0.653643 -0.056027
vn 0.188444 -0.979246 -0.074609
vn 0.943433 -0.326796 -0.056023
vn 0.755804 0.654531 -0.018702
vn 0.187792 0.975856 0.111529
vn -0.755781 0.654557 0.018703
vn -0.943426 -0.326816 0.056026
vn -0.188440 -0.979247 0.074607
vn 0.754749 -0.653618 0.056025
vn 0.944752 0.327253 0.018701
vn 0.887136 0.395809 -0.237328
vn 0.063313 0.043459 -0.997047
vn -0.779614 -0.496250 -0.382018
vn -0.519980 -0.395079 0.757320
vn 0.484214 0.207472 0.849996
vn 0.804322 0.544754 0.237295
vn 0.431731 0.301853 -0.849996
vn -0.609983 -0.233255 -0.757306
vn -0.832912 -0.400416 0.382000
vn 0.070322 0.030851 0.997047
vn 0.848428 0.474320 -0.234928
vn 0.074055 0.027300 -0.996880
vn -0.722242 -0.577644 -0.380387
vn -0.490998 -0.426681 0.759515
vn 0.448950 0.272043 0.851139
vn 0.744351 0.625097 0.234938
vn 0.413564 0.323307 -0.851139
vn -0.573063 -0.307788 -0.759516
vn -0.796216 -0.470473 0.380387
vn 0.051785 0.059561 0.996881
vn 0.848428 0.474320 -0.234928
vn 0.074055 0.027300 -0.996880
vn -0.722242 -0.577644 -0.380386
vn -0.490999 -0.426682 0.759515
vn 0.448951 0.272044 0.851138
vn 0.744351 0.625097 0.234937
vn 0.413564 0.323307 -0.851139
vn -0.573064 -0.307788 -0.759516
vn -0.796217 -0.470474 0.380386
vn 0.051785 0.059561 0.996880
vn 0.848428 0.474320 -0.234928
vn 0.074055 0.027300 -0.996880
vn -0.722242 -0.577644 -0.380386
vn -0.490999 -0.426682 0.759515
vn 0.448951 0.272044 0.851138
vn 0.744351 0.625097 0.234937
vn 0.413564 0.323307 -0.851139
vn -0.573064 -0.307788 -0.759516
vn -0.796217 -0.470474 0.380386
vn 0.051785 0.059561 0.996880
vn 0.799635 0.552875 -0.234335
vn 0.075079 0.029573 -0.996739
vn -0.661590 -0.646465 -0.379976
vn -0.450581 -0.468463 0.759947
vn 0.417184 0.318160 0.851312
vn 0.679603 0.695138 0.234355
vn 0.383855 0.357666 -0.851311
vn -0.537624 -0.365272 -0.759958
vn -0.748616 -0.543309 0.379986
vn 0.041791 0.069029 0.996739
vn 0.799635 0.552875 -0.234335
vn 0.075078 0.029572 -0.996739
vn -0.661590 -0.646465 -0.379976
vn -0.450580 -0.468462 0.759948
vn 0.417183 0.318160 0.851312
vn 0.679603 0.695138 0.234355
vn 0.383854 0.357665 -0.851312
vn -0.537625 -0.365272 -0.759958
vn -0.748616 -0.543309 0.379987
vn 0.041791 0.069028 0.996739
vn 0.799635 0.552875 -0.234335
vn 0.075078 0.029572 -0.996739
vn -0.661590 -0.646465 -0.379975
vn -0.450580 -0.468462 0.759948
vn 0.417184 0.318160 0.851312
vn 0.679603 0.695138 0.234355
vn 0.383855 0.357666 -0.851311
vn -0.537625 -0.365273 -0.759957
vn -0.748616 -0.543309 0.379987
vn 0.041792 0.069030 0.996739
vn 0.742544 0.627462 -0.234348
vn 0.071885 0.036668 -0.996739
vn -0.596105 -0.707306 -0.379970
vn -0.403263 -0.509745 0.759960
vn 0.384515 0.356945 0.851316
vn 0.609333 0.757485 0.234372
vn 0.347541 0.393018 -0.851324
vn -0.499852 -0.415462 -0.759960
vn -0.692689 -0.613017 0.379990
vn 0.034920 0.072751 0.996739
vn 0.742544 0.627463 -0.234347
vn 0.071885 0.036667 -0.996739
vn -0.596105 -0.707306 -0.379969
vn -0.403263 -0.509744 0.759961
vn 0.384514 0.356944 0.851316
vn 0.609332 0.757485 0.234373
vn 0.347541 0.393019 -0.851323
vn -0.499853 -0.415463 -0.759959
vn -0.692689 -0.613017 0.379991
vn 0.034921 0.072751 0.996739
vn -0.187792 0.975856 -0.111528
vn -0.944752 0.327253 -0.018701
vn -0.754749 -0.653618 -0.056025
vn 0.188440 -0.979247 -0.074607
vn 0.943426 -0.326816 -0.056026
vn 0.755781 0.654557 -0.018703
vn 0.187788 0.975857 0.111526
vn -0.755804 0.654531 0.018702
vn -0.943433 -0.326796 0.056023
vn -0.188444 -0.979246 0.074609
vn 0.754726 -0.653643 0.056027
vn 0.944745 0.327273 0.018702
vn 0.742544 0.627462 -0.234348
vn 0.071885 0.036668 -0.996739
vn -0.596105 -0.707306 -0.379969
vn -0.403263 -0.509745 0.759960
vn 0.384516 0.356945 0.851315
vn 0.609333 0.757485 0.234372
vn 0.347541 0.393018 -0.851324
vn -0.499853 -0.415463 -0.759959
vn -0.692689 -0.613017 0.379990
vn 0.034922 0.072752 0.996738
vn 0.678521 0.696199 -0.234342
vn 0.068011 0.043434 -0.996739
vn -0.525052 -0.761527 -0.379995
vn -0.352174 -0.546273 0.759973
vn 0.348273 0.392391 0.851314
vn 0.533384 0.812763 0.234343
vn 0.307995 0.424738 -0.851315
vn -0.457411 -0.461754 -0.759973
vn -0.630291 -0.677007 0.379993
vn 0.027734 0.075779 0.996739
vn 0.678521 0.696199 -0.234342
vn 0.068010 0.043433 -0.996739
vn -0.525052 -0.761527 -0.379995
vn -0.352174 -0.546271 0.759974
vn 0.348272 0.392391 0.851314
vn 0.533384 0.812763 0.234343
vn 0.307996 0.424738 -0.851314
vn -0.457412 -0.461755 -0.759971
vn -0.630290 -0.677007 0.379994
vn 0.027735 0.075780 0.996739
vn 0.678521 0.696199 -0.234342
vn 0.068011 0.043434 -0.996739
vn -0.525052 -0.761527 -0.379995
vn -0.352174 -0.546272 0.759974
vn 0.348273 0.392392 0.851313
vn 0.533384 0.812763 0.234343
vn 0.307995 0.424738 -0.851315
vn -0.457411 -0.461755 -0.759972
vn -0.630291 -0.677007 0.379993
vn 0.027735 0.075781 0.996739
vn 0.608154 0.758433 -0.234367
vn 0.063502 0.049797 -0.996739
vn -0.449109 -0.808658 -0.379966
vn -0.297823 -0.577742 0.759945
vn 0.308769 0.424167 0.851319
vn 0.452450 0.860443 0.234365
vn 0.265560 0.452474 -0.851320
vn -0.410725 -0.503768 -0.759949
vn -0.562011 -0.734688 0.379970
vn 0.020293 0.078106 0.996738
vn 0.608154 0.758433 -0.234367
vn 0.063501 0.049796 -0.996739
vn -0.449109 -0.808658 -0.379966
vn -0.297823 -0.577740 0.759946
vn 0.308768 0.424166 0.851320
vn 0.452450 0.860443 0.234366
vn 0.265561 0.452474 -0.851319
vn -0.410726 -0.503769 -0.759948
vn -0.562011 -0.734688 0.379970
vn 0.020294 0.078107 0.996738
vn 0.608154 0.758433 -0.234367
vn 0.063502 0.049797 -0.996739
vn -0.449109 -0.808658 -0.379965
vn -0.297823 -0.577741 0.759945
vn 0.308769 0.424167 0.851319
vn 0.452450 0.860443 0.234365
vn 0.265560 0.452474 -0.851320
vn -0.410725 -0.503768 -0.759949
vn -0.562011 -0.734688 0.379970
vn 0.020294 0.078108 0.996738
vn 0.532116 0.813590 -0.234357
vn 0.058399 0.055693 -0.996739
vn -0.368964 -0.848228 -0.379966
vn -0.240668 -0.603778 0.759955
vn 0.266395 0.451995 0.851313
vn 0.367292 0.900096 0.234356
vn 0.220650 0.475991 -0.851320
vn -0.360183 -0.541050 -0.759956
vn -0.488476 -0.785495 0.379986
vn 0.012659 0.079698 0.996739
vn 0.532116 0.813590 -0.234357
vn 0.058399 0.055692 -0.996739
vn -0.368964 -0.848228 -0.379966
vn -0.240668 -0.603776 0.759956
vn 0.266394 0.451995 0.851314
vn 0.367292 0.900096 0.234357
vn 0.220650 0.475992 -0.851320
vn -0.360184 -0.541052 -0.759955
vn -0.488475 -0.785495 0.379986
vn 0.012660 0.079699 0.996739
vn -0.187835 0.975848 -0.111528
vn -0.944747 0.327267 -0.018700
vn -0.754768 -0.653595 -0.056023
vn 0.188484 -0.979238 -0.074611
vn 0.943421 -0.326830 -0.056028
vn 0.755801 0.654535 -0.018700
vn 0.187831 0.975849 0.111525
vn -0.755823 0.654509 0.018699
vn -0.943428 -0.326810 0.056025
vn -0.188488 -0.979237 0.074613
vn 0.754745 -0.653621 0.056025
vn 0.944740 0.327287 0.018701
vn 0.532116 0.813590 -0.234357
vn 0.058399 0.055693 -0.996739
vn -0.368964 -0.848229 -0.379966
vn -0.240668 -0.603777 0.759955
vn 0.266395 0.451996 0.851313
vn 0.367292 0.900096 0.234356
vn 0.220650 0.475991 -0.851320
vn -0.360183 -0.541051 -0.759955
vn -0.488476 -0.785495 0.379985
vn 0.012660 0.079700 0.996739
vn 0.451111 0.861153 -0.234338
vn 0.052752 0.061070 -0.996739
vn -0.285375 -0.879876 -0.379973
vn -0.181269 -0.624176 0.759965
vn 0.221534 0.475609 0.851304
vn 0.278707 0.931347 0.234339
vn 0.173683 0.495075 -0.851314
vn -0.306278 -0.573279 -0.759964
vn -0.410381 -0.828968 0.379999
vn 0.004908 0.080547 0.996739
vn 0.451111 0.861153 -0.234338
vn 0.052751 0.061069 -0.996739
vn -0.285375 -0.879876 -0.379972
vn -0.181269 -0.624174 0.759966
vn 0.221533 0.475608 0.851305
vn 0.278707 0.931347 0.234339
vn 0.173684 0.495075 -0.851313
vn -0.306278 -0.573280 -0.759963
vn -0.410381 -0.828968 0.379999
vn 0.004908 0.080548 0.996739
vn 0.451111 0.861153 -0.234338
vn 0.052752 0.061070 -0.996739
vn -0.285375 -0.879876 -0.379972
vn -0.181269 -0.624175 0.759965
vn 0.221534 0.475610 0.851304
vn 0.278707 0.931347 0.234339
vn 0.173683 0.495075 -0.851314
vn -0.306278 -0.573279 -0.759964
vn -0.410381 -0.828969 0.379998
vn 0.004908 0.080549 0.996738
vn 0.365889 0.900665 -0.234365
vn 0.046611 0.065877 -0.996738
vn -0.199126 -0.903314 -0.379963
vn -0.120187 -0.638784 0.759941
vn 0.174588 0.494749 0.851318
vn 0.187520 0.953891 0.234369
vn 0.125090 0.509519 -0.851319
vn -0.249528 -0.600186 -0.759943
vn -0.328464 -0.864719 0.379963
vn -0.002888 0.080647 0.996738
vn 0.365889 0.900665 -0.234365
vn 0.046611 0.065875 -0.996739
vn -0.199126 -0.903315 -0.379963
vn -0.120187 -0.638783 0.759942
vn 0.174588 0.494748 0.851319
vn 0.187519 0.953891 0.234369
vn 0.125090 0.509519 -0.851318
vn -0.249528 -0.600187 -0.759942
vn -0.328464 -0.864719 0.379964
vn -0.002888 0.080648 0.996738
vn 0.365890 0.900665 -0.234365
vn 0.046611 0.065877 -0.996738
vn -0.199126 -0.903315 -0.379962
vn -0.120187 -0.638783 0.759941
vn 0.174588 0.494749 0.851318
vn 0.187519 0.953891 0.234369
vn 0.125090 0.509519 -0.851319
vn -0.249528 -0.600186 -0.759942
vn -0.328464 -0.864719 0.379963
vn -0.002887 0.080649 0.996738
vn 0.277256 0.931771 -0.234374
vn 0.040036 0.070068 -0.996738
vn -0.111012 -0.918303 -0.379994
vn -0.057971 -0.647384 0.759956
vn 0.126022 0.509283 0.851322
vn 0.094580 0.967543 0.234341
vn 0.075331 0.519222 -0.851313
vn -0.190432 -0.621451 -0.759957
vn -0.243475 -0.892384 0.379962
vn -0.010659 0.079988 0.996739
vn 0.277256 0.931771 -0.234374
vn 0.040036 0.070067 -0.996738
vn -0.111012 -0.918303 -0.379993
vn -0.057971 -0.647383 0.759957
vn 0.126022 0.509282 0.851323
vn 0.094580 0.967543 0.234341
vn 0.075331 0.519223 -0.851312
vn -0.190433 -0.621452 -0.759956
vn -0.243475 -0.892383 0.379963
vn -0.010659 0.079990 0.996739
vn -0.187792 0.975856 -0.111528
vn -0.944752 0.327253 -0.018701
vn -0.754749 -0.653618 -0.056025
vn 0.188440 -0.979247 -0.074607
vn 0.943426 -0.326816 -0.056026
vn 0.755781 0.654557 -0.018703
vn 0.187788 0.975857 0.111526
vn -0.755804 0.654531 0.018702
vn -0.943433 -0.326796 0.056023
vn -0.188444 -0.979246 0.074609
vn 0.754726 -0.653643 0.056027
vn 0.944745 0.327273 0.018702
vn 0.277257 0.931771 -0.234374
vn 0.040036 0.070068 -0.996738
vn -0.111012 -0.918304 -0.379993
vn -0.057971 -0.647383 0.759957
vn 0.126023 0.509284 0.851322
vn 0.094580 0.967543 0.234341
vn 0.075331 0.519222 -0.851313
vn -0.190433 -0.621451 -0.759956
vn -0.243475 -0.892384 0.379962
vn -0.010659 0.079991 0.996739
vn 0.186036 0.954180 -0.234373
vn 0.033086 0.073601 -0.996739
vn -0.021862 -0.924735 -0.379984
vn 0.004783 -0.649949 0.759963
vn 0.076281 0.519059 0.851328
vn 0.000753 0.972147 0.234371
vn 0.024865 0.524044 -0.851328
vn -0.129566 -0.636920 -0.759964
vn -0.156211 -0.911707 0.379985
vn -0.018329 0.078586 0.996739
vn 0.186036 0.954180 -0.234373
vn 0.033086 0.073600 -0.996739
vn -0.021862 -0.924735 -0.379984
vn 0.004783 -0.649948 0.759964
vn 0.076280 0.519058 0.851328
vn 0.000753 0.972147 0.234371
vn 0.024865 0.524044 -0.851328
vn -0.129566 -0.636921 -0.759963
vn -0.156211 -0.911707 0.379985
vn -0.018329 0.078587 0.996739
vn 0.186036 0.954180 -0.234373
vn 0.033086 0.073601 -0.996739
vn -0.021862 -0.924735 -0.379983
vn 0.004783 -0.649949 0.759963
vn 0.076281 0.519060 0.851327
vn 0.000753 0.972147 0.234371
vn 0.024865 0.524044 -0.851328
vn -0.129566 -0.636920 -0.759964
vn -0.156211 -0.911707 0.379985
vn -0.018329 0.078588 0.996739
vn 0.095860 0.967377 -0.234504
vn 0.024461 0.076190 -0.996793
vn 0.051532 -0.923493 -0.380137
vn 0.054582 -0.647325 0.760257
vn 0.029408 0.523761 0.851358
vn -0.074461 0.969259 0.234503
vn -0.017828 0.524282 -0.851358
vn -0.068872 -0.645959 -0.760259
vn -0.071925 -0.922129 0.380138
vn -0.022772 0.076711 0.996793
vn 0.095860 0.967377 -0.234504
vn 0.024462 0.076189 -0.996793
vn 0.051532 -0.923494 -0.380137
vn 0.054582 -0.647324 0.760258
vn 0.029408 0.523760 0.851358
vn -0.074461 0.969259 0.234503
vn -0.017828 0.524283 -0.851358
vn -0.068872 -0.645960 -0.760258
vn -0.071925 -0.922129 0.380138
vn -0.022772 0.076712 0.996793
vn 0.095860 0.967377 -0.234504
vn 0.024461 0.076190 -0.996793
vn 0.051532 -0.923494 -0.380137
vn 0.054582 -0.647324 0.760258
vn 0.029408 0.523761 0.851357
vn -0.074461 0.969259 0.234503
vn -0.017828 0.524282 -0.851358
vn -0.068872 -0.645959 -0.760259
vn -0.071925 -0.922129 0.380137
vn -0.022772 0.076713 0.996793
vn 0.078499 0.968905 -0.234653
vn 0.021759 0.076461 -0.996835
vn 0.056886 -0.923142 -0.380228
vn 0.056886 -0.646891 0.760458
vn 0.021759 0.524067 0.851399
vn -0.078499 0.968905 0.234652
vn -0.021759 0.524066 -0.851400
vn -0.056886 -0.646890 -0.760459
vn -0.056886 -0.923142 0.380228
vn -0.021759 0.076460 0.996835
vn 0.078499 0.968905 -0.234652
vn 0.021759 0.076460 -0.996835
vn 0.056886 -0.923142 -0.380228
vn 0.056886 -0.646890 0.760459
vn 0.021759 0.524066 0.851400
vn -0.078499 0.968905 0.234653
vn -0.021759 0.524067 -0.851399
vn -0.056886 -0.646891 -0.760458
vn -0.056886 -0.923142 0.380228
vn -0.021759 0.076461 0.996835
vn -0.187792 0.975856 -0.111528
vn -0.944752 0.327253 -0.018701
vn -0.754749 -0.653618 -0.056025
vn 0.188440 -0.979247 -0.074607
vn 0.943426 -0.326816 -0.056026
vn 0.755781 0.654557 -0.018703
vn 0.187788 0.975857 0.111526
vn -0.755804 0.654531 0.018702
vn -0.943433 -0.326796 0.056023
vn -0.188444 -0.979246 0.074609
vn 0.754726 -0.653643 0.056027
vn 0.944745 0.327273 0.018702
vn 0.078499 0.968905 -0.234653
vn 0.021759 0.076461 -0.996835
vn 0.056886 -0.923142 -0.380227
vn 0.056886 -0.646890 0.760458
vn 0.021759 0.524068 0.851399
vn -0.078499 0.968905 0.234652
vn -0.021759 0.524066 -0.851400
vn -0.056886 -0.646890 -0.760458
vn -0.056886 -0.923142 0.380227
vn -0.021759 0.076462 0.996835
vn 0.078499 0.968905 -0.234653
vn 0.021759 0.076461 -0.996835
vn 0.056886 -0.923142 -0.380228
vn 0.056886 -0.646891 0.760458
vn 0.021759 0.524067 0.851399
vn -0.078499 0.968905 0.234652
vn -0.021758 0.524066 -0.851400
vn -0.056886 -0.646890 -0.760459
vn -0.056886 -0.923142 0.380228
vn -0.021759 0.076460 0.996835
vn 0.078499 0.968905 -0.234652
vn 0.021759 0.076460 -0.996835
vn 0.056886 -0.923142 -0.380228
vn 0.056886 -0.646890 0.760459
vn 0.021758 0.524066 0.851400
vn -0.078499 0.968905 0.234653
vn -0.021759 0.524067 -0.851399
vn -0.056886 -0.646891 -0.760458
vn -0.056886 -0.923142 0.380228
vn -0.021759 0.076461 0.996835
vn 0.078499 0.968905 -0.234653
vn 0.021759 0.076461 -0.996835
vn 0.056886 -0.923142 -0.380227
vn 0.056886 -0.646890 0.760458
vn 0.021759 0.524068 0.851399
vn -0.078499 0.968905 0.234652
vn -0.021758 0.524066 -0.851400
vn -0.056886 -0.646890 -0.760458
vn -0.056886 -0.923142 0.380227
vn -0.021759 0.076462 0.996835
vn 0.078499 0.968905 -0.234653
vn 0.021759 0.076461 -0.996835
vn 0.056886 -0.923142 -0.380228
vn 0.056886 -0.646891 0.760458
vn 0.021759 0.524067 0.851399
vn -0.078499 0.968905 0.234652
vn -0.021758 0.524066 -0.851400
vn -0.056886 -0.646890 -0.760459
vn -0.056886 -0.923142 0.380228
vn -0.021759 0.076460 0.996835
vn 0.078499 0.968905 -0.234652
vn 0.021759 0.076460 -0.996835
vn 0.056886 -0.923142 -0.380228
vn 0.056886 -0.646890 0.760459
vn 0.021758 0.524066 0.851400
vn -0.078499 0.968905 0.234653
vn -0.021759 0.524067 -0.851399
vn -0.056886 -0.646891 -0.760458
vn -0.056886 -0.923142 0.380228
vn -0.021759 0.076461 0.996835
vn 0.078499 0.968905 -0.234653
vn 0.021759 0.076461 -0.996835
vn 0.056886 -0.923142 -0.380227
vn 0.056886 -0.646890 0.760458
vn 0.021759 0.524068 0.851399
vn -0.078499 0.968905 0.234652
vn -0.021758 0.524066 -0.851400
vn -0.056886 -0.646890 -0.760458
vn -0.056886 -0.923142 0.380227
vn -0.021759 0.076462 0.996835
vn 0.078499 0.968905 -0.234653
vn 0.021759 0.076461 -0.996835
vn 0.056886 -0.923142 -0.380228
vn 0.056886 -0.646891 0.760458
vn 0.021759 0.524067 0.851399
vn -0.078499 0.968905 0.234652
vn -0.021759 0.524066 -0.851400
vn -0.056886 -0.646890 -0.760459
vn -0.056886 -0.923142 0.380228
vn -0.021759 0.076460 0.996835
vn 0.078499 0.968905 -0.234652
vn 0.021759 0.076460 -0.996835
vn 0.056886 -0.923142 -0.380228
vn 0.056886 -0.646890 0.760459
vn 0.021759 0.524066 0.851400
vn -0.078499 0.968905 0.234653
vn -0.021759 0.524067 -0.851399
vn -0.056886 -0.646891 -0.760458
vn -0.056886 -0.923142 0.380228
vn -0.021759 0.076461 0.996835
vn -0.187792 0.975856 -0.111528
vn -0.944752 0.327253 -0.018701
vn -0.754749 -0.653618 -0.056025
vn 0.188440 -0.979247 -0.074607
vn 0.943426 -0.326816 -0.056026
vn 0.755781 0.654557 -0.018703
vn 0.187788 0.975857 0.111526
vn -0.755804 0.654531 0.018702
vn -0.943433 -0.326796 0.056023
vn -0.188444 -0.979246 0.074609
vn 0.754726 -0.653643 0.056027
vn 0.944745 0.327273 0.018702
vn 0.078499 0.968905 -0.234653
vn 0.021759 0.076461 -0.996835
vn 0.056886 -0.923142 -0.380227
vn 0.056886 -0.646890 0.760458
vn 0.021759 0.524068 0.851399
vn -0.078499 0.968905 0.234652
vn -0.021759 0.524066 -0.851400
vn -0.056886 -0.646890 -0.760458
vn -0.056886 -0.923142 0.380227
vn -0.021759 0.076462 0.996835
vn 0.078499 0.968905 -0.234653
vn 0.021759 0.076461 -0.996835
vn 0.056886 -0.923142 -0.380228
vn 0.056886 -0.646891 0.760458
vn 0.021759 0.524067 0.851399
vn -0.078499 0.968905 0.234652
vn -0.021758 0.524066 -0.851400
vn -0.056886 -0.646890 -0.760459
vn -0.056886 -0.923142 0.380228
vn -0.021759 0.076460 0.996835
vn 0.078499 0.968905 -0.234652
vn 0.021759 0.076460 -0.996835
vn 0.056886 -0.923142 -0.380228
vn 0.056886 -0.646890 0.760459
vn 0.021758 0.524066 0.851400
vn -0.078499 0.968905 0.234653
vn -0.021759 0.524067 -0.851399
vn -0.056886 -0.646891 -0.760458
vn -0.056886 -0.923142 0.380228
vn -0.021759 0.076461 0.996835
vn 0.078499 0.968905 -0.234653
vn 0.021759 0.076461 -0.996835
vn 0.056886 -0.923142 -0.380227
vn 0.056886 -0.646890 0.760458
vn 0.021759 0.524068 0.851399
vn -0.078499 0.968905 0.234652
vn -0.021758 0.524066 -0.851400
vn -0.056886 -0.646890 -0.760458
vn -0.056886 -0.923142 0.380227
vn -0.021759 0.076462 0.996835
vn 0.078499 0.968905 -0.234653
vn 0.021759 0.076461 -0.996835
vn 0.056886 -0.923142 -0.380228
vn 0.056886 -0.646891 0.760458
vn 0.021759 0.524067 0.851399
vn -0.078499 0.968905 0.234652
vn -0.021758 0.524066 -0.851400
vn -0.056886 -0.646890 -0.760459
vn -0.056886 -0.923142 0.380228
vn -0.021759 0.076460 0.996835
vn 0.078499 0.968905 -0.234652
vn 0.021759 0.076460 -0.996835
vn 0.056886 -0.923142 -0.380228
vn 0.056886 -0.646890 0.760459
vn 0.021758 0.524066 0.851400
vn -0.078499 0.968905 0.234653
vn -0.021759 0.524067 -0.851399
vn -0.056886 -0.646891 -0.760458
vn -0.056886 -0.923142 0.380228
vn -0.021759 0.076461 0.996835
vn 0.078499 0.968905 -0.234653
vn 0.021759 0.076461 -0.996835
vn 0.056886 -0.923142 -0.380227
vn 0.056886 -0.646890 0.760458
vn 0.021759 0.524068 0.851399
vn -0.078499 0.968905 0.234652
vn -0.021758 0.524066 -0.851400
vn -0.056886 -0.646890 -0.760458
vn -0.056886 -0.923142 0.380227
vn -0.021759 0.076462 0.996835
vn 0.078499 0.968905 -0.234653
vn 0.021759 0.076461 -0.996835
vn 0.056886 -0.923142 -0.380228
vn 0.056886 -0.646891 0.760458
vn 0.021759 0.524067 0.851399
vn -0.078499 0.968905 0.234652
vn -0.021759 0.524066 -0.851400
vn -0.056886 -0.646890 -0.760459
vn -0.056886 -0.923142 0.380228
vn -0.021759 0.076460 0.996835
vn 0.078499 0.968905 -0.234652
vn 0.021759 0.076460 -0.996835
vn 0.056886 -0.923142 -0.380228
vn 0.056886 -0.646890 0.760459
vn 0.021759 0.524066 0.851400
vn -0.078499 0.968905 0.234653
vn -0.021759 0.524067 -0.851399
vn -0.056886 -0.646891 -0.760458
vn -0.056886 -0.923142 0.380228
vn -0.021759 0.076461 0.996835
vn -0.187790 0.975857 -0.111527
vn -0.944748 0.327263 -0.018702
vn -0.754737 -0.653630 -0.056026
vn 0.188442 -0.979246 -0.074608
vn 0.943429 -0.326806 -0.056024
vn 0.755792 0.654544 -0.018702
vn 0.187790 0.975857 0.111527
vn -0.755792 0.654544 0.018702
vn -0.943429 -0.326806 0.056024
vn -0.188442 -0.979246 0.074608
vn 0.754737 -0.653630 0.056026
vn 0.944748 0.327263 0.018702
vn 0.078499 0.968905 -0.234653
vn 0.021759 0.076461 -0.996835
vn 0.056886 -0.923142 -0.380227
vn 0.056886 -0.646890 0.760458
vn 0.021759 0.524068 0.851399
vn -0.078499 0.968905 0.234652
vn -0.021759 0.524066 -0.851400
vn -0.056886 -0.646890 -0.760458
vn -0.056886 -0.923142 0.380227
vn -0.021759 0.076462 0.996835
vn 0.078499 0.968905 -0.234653
vn 0.021759 0.076461 -0.996835
vn 0.056886 -0.923142 -0.380228
vn 0.056886 -0.646891 0.760458
vn 0.021759 0.524067 0.851399
vn -0.078499 0.968905 0.234652
vn -0.021759 0.524066 -0.851400
vn -0.056886 -0.646890 -0.760459
vn -0.056886 -0.923142 0.380228
vn -0.021759 0.076460 0.996835
vn 0.078499 0.968905 -0.234652
vn 0.021759 0.076460 -0.996835
vn 0.056886 -0.923142 -0.380228
vn 0.056886 -0.646890 0.760459
vn 0.021759 0.524066 0.851400
vn -0.078499 0.968905 0.234653
vn -0.021759 0.524067 -0.851399
vn -0.056886 -0.646891 -0.760458
vn -0.056886 -0.923142 0.380228
vn -0.021759 0.076461 0.996835
vn 0.078499 0.968905 -0.234653
vn 0.021759 0.076461 -0.996835
vn 0.056886 -0.923142 -0.380227
vn 0.056886 -0.646890 0.760458
vn 0.021759 0.524068 0.851399
vn -0.078499 0.968905 0.234652
vn -0.021759 0.524066 -0.851400
vn -0.056886 -0.646890 -0.760458
vn -0.056886 -0.923142 0.380227
vn -0.021759 0.076462 0.996835
vn 0.078499 0.968905 -0.234653
vn 0.021759 0.076461 -0.996835
vn 0.056886 -0.923142 -0.380228
vn 0.056886 -0.646891 0.760458
vn 0.021759 0.524067 0.851399
vn -0.078499 0.968905 0.234652
vn -0.021758 0.524066 -0.851400
vn -0.056886 -0.646890 -0.760459
vn -0.056886 -0.923142 0.380228
vn -0.021759 0.076460 0.996835
vn 0.078499 0.968905 -0.234652
vn 0.021759 0.076460 -0.996835
vn 0.056886 -0.923142 -0.380228
vn 0.056886 -0.646890 0.760459
vn 0.021758 0.524066 0.851400
vn -0.078499 0.968905 0.234653
vn -0.021759 0.524067 -0.851399
vn -0.056886 -0.646891 -0.760458
vn -0.056886 -0.923142 0.380228
vn -0.021759 0.076461 0.996835
vn 0.078499 0.968905 -0.234653
vn 0.021759 0.076461 -0.996835
vn 0.056886 -0.923142 -0.380227
vn 0.056886 -0.646890 0.760458
vn 0.021759 0.524068 0.851399
vn -0.078499 0.968905 0.234652
vn -0.021758 0.524066 -0.851400
vn -0.056886 -0.646890 -0.760458
vn -0.056886 -0.923142 0.380227
vn -0.021759 0.076462 0.996835
vn 0.078499 0.968905 -0.234653
vn 0.021759 0.076461 -0.996835
vn 0.056886 -0.923142 -0.380228
vn 0.056886 -0.646891 0.760458
vn 0.021759 0.524067 0.851399
vn -0.078499 0.968905 0.234652
vn -0.021759 0.524066 -0.851400
vn -0.056886 -0.646890 -0.760459
vn -0.056886 -0.923142 0.380228
vn -0.021759 0.076460 0.996835
vn 0.078499 0.968905 -0.234652
vn 0.021759 0.076460 -0.996835
vn 0.056886 -0.923142 -0.380228
vn 0.056886 -0.646890 0.760459
vn 0.021759 0.524066 0.851400
vn -0.078499 0.968905 0.234653
vn -0.021759 0.524067 -0.851399
vn -0.056886 -0.646891 -0.760458
vn -0.056886 -0.923142 0.380228
vn -0.021759 0.076461 0.996835
vn -0.187790 0.975857 -0.111527
vn -0.944748 0.327263 -0.018702
vn -0.754737 -0.653630 -0.056026
vn 0.188442 -0.979246 -0.074608
vn 0.943429 -0.326806 -0.056024
vn 0.755792 0.654544 -0.018702
vn 0.187790 0.975857 0.111527
vn -0.755792 0.654544 0.018702
vn -0.943429 -0.326806 0.056024
vn -0.188442 -0.979246 0.074608
vn 0.754737 -0.653630 0.056026
vn 0.944748 0.327263 0.018702
vn 0.078499 0.968905 -0.234653
vn 0.021759 0.076461 -0.996835
vn 0.056886 -0.923142 -0.380227
vn 0.056886 -0.646890 0.760458
vn 0.021759 0.524068 0.851399
vn -0.078499 0.968905 0.234652
vn -0.021759 0.524066 -0.851400
vn -0.056886 -0.646890 -0.760458
vn -0.056886 -0.923142 0.380227
vn -0.021759 0.076462 0.996835
vn 0.078499 0.968905 -0.234653
vn 0.021759 0.076461 -0.996835
vn 0.056886 -0.923142 -0.380228
vn 0.056886 -0.646891 0.760458
vn 0.021759 0.524067 0.851399
vn -0.078499 0.968905 0.234652
vn -0.021758 0.524066 -0.851400
vn -0.056886 -0.646890 -0.760459
vn -0.056886 -0.923142 0.380228
vn -0.021759 0.076460 0.996835
vn 0.078499 0.968905 -0.234652
vn 0.021759 0.076460 -0.996835
vn 0.056886 -0.923142 -0.380228
vn 0.056886 -0.646890 0.760459
vn 0.021758 0.524066 0.851400
vn -0.078499 0.968905 0.234653
vn -0.021759 0.524067 -0.851399
vn -0.056886 -0.646891 -0.760458
vn -0.056886 -0.923142 0.380228
vn -0.021759 0.076461 0.996835
vn 0.078499 0.968905 -0.234653
vn 0.021759 0.076461 -0.996835
vn 0.056886 -0.923142 -0.380227
vn 0.056886 -0.646890 0.760458
vn 0.021759 0.524068 0.851399
vn -0.078499 0.968905 0.234652
vn -0.021758 0.524066 -0.851400
vn -0.056886 -0.646890 -0.760458
vn -0.056886 -0.923142 0.380227
vn -0.021759 0.076462 0.996835
vn 0.078499 0.968905 -0.234653
vn 0.021759 0.076461 -0.996835
vn 0.056886 -0.923142 -0.380228
vn 0.056886 -0.646891 0.760458
vn 0.021759 0.524067 0.851399
vn -0.078499 0.968905 0.234652
vn -0.021759 0.524066 -0.851400
vn -0.056886 -0.646890 -0.760459
vn -0.056886 -0.923142 0.380228
vn -0.021759 0.076460 0.996835
vn 0.078499 0.968905 -0.234652
vn 0.021759 0.076460 -0.996835
vn 0.056886 -0.923142 -0.380228
vn 0.056886 -0.646890 0.760459
vn 0.021759 0.524066 0.851400
vn -0.078499 0.968905 0.234653
vn -0.021759 0.524067 -0.851399
vn -0.056886 -0.646891 -0.760458
vn -0.056886 -0.923142 0.380228
vn -0.021759 0.076461 0.996835
vn 0.078499 0.968905 -0.234653
vn 0.021759 0.076461 -0.996835
vn 0.056886 -0.923142 -0.380227
vn 0.056886 -0.646890 0.760458
vn 0.021759 0.524068 0.851399
vn -0.078499 0.968905 0.234652
vn -0.021759 0.524066 -0.851400
vn -0.056886 -0.646890 -0.760458
vn -0.056886 -0.923142 0.380227
vn -0.021759 0.076462 0.996835
vn 0.078499 0.968905 -0.234653
vn 0.021759 0.076461 -0.996835
vn 0.056886 -0.923142 -0.380228
vn 0.056886 -0.646891 0.760458
vn 0.021759 0.524067 0.851399
vn -0.078499 0.968905 0.234652
vn -0.021758 0.524066 -0.851400
vn -0.056886 -0.646890 -0.760459
vn -0.056886 -0.923142 0.380228
vn -0.021759 0.076460 0.996835
vn 0.078499 0.968905 -0.234652
vn 0.021759 0.076460 -0.996835
vn 0.056886 -0.923142 -0.380228
vn 0.056886 -0.646890 0.760459
vn 0.021758 0.524066 0.851400
vn -0.078499 0.968905 0.234653
vn -0.021759 0.524067 -0.851399
vn -0.056886 -0.646891 -0.760458
vn -0.056886 -0.923142 0.380228
vn -0.021759 0.076461 0.996835
vn -0.187790 0.975857 -0.111527
vn -0.944748 0.327263 -0.018702
vn -0.754737 -0.653630 -0.056026
vn 0.188442 -0.979246 -0.074608
vn 0.943429 -0.326806 -0.056024
vn 0.755792 0.654544 -0.018702
vn 0.187790 0.975857 0.111527
vn -0.755792 0.654544 0.018702
vn -0.943429 -0.326806 0.056024
vn -0.188442 -0.979246 0.074608
vn 0.754737 -0.653630 0.056026
vn 0.944748 0.327263 0.018702
vn 0.078499 0.968905 -0.234653
vn 0.021759 0.076461 -0.996835
vn 0.056886 -0.923142 -0.380227
vn 0.056886 -0.646890 0.760458
vn 0.021759 0.524068 0.851399
vn -0.078499 0.968905 0.234652
vn -0.021758 0.524066 -0.851400
vn -0.056886 -0.646890 -0.760458
vn -0.056886 -0.923142 0.380227
vn -0.021759 0.076462 0.996835
vn 0.078499 0.968905 -0.234653
vn 0.021759 0.076461 -0.996835
vn 0.056886 -0.923142 -0.380228
vn 0.056886 -0.646891 0.760458
vn 0.021759 0.524067 0.851399
vn -0.078499 0.968905 0.234652
vn -0.021759 0.524066 -0.851400
vn -0.056886 -0.646890 -0.760459
vn -0.056886 -0.923142 0.380228
vn -0.021759 0.076460 0.996835
vn 0.078499 0.968905 -0.234652
vn 0.021759 0.076460 -0.996835
vn 0.056886 -0.923142 -0.380228
vn 0.056886 -0.646890 0.760459
vn 0.021759 0.524066 0.851400
vn -0.078499 0.968905 0.234653
vn -0.021759 0.524067 -0.851399
vn -0.056886 -0.646891 -0.760458
vn -0.056886 -0.923142 0.380228
vn -0.021759 0.076461 0.996835
vn 0.078499 0.968905 -0.234653
vn 0.021759 0.076461 -0.996835
vn 0.056886 -0.923142 -0.380227
vn 0.056886 -0.646890 0.760458
vn 0.021759 0.524068 0.851399
vn -0.078499 0.968905 0.234652
vn -0.021759 0.524066 -0.851400
vn -0.056886 -0.646890 -0.760458
vn -0.056886 -0.923142 0.380227
vn -0.021759 0.076462 0.996835
vn 0.078499 0.968905 -0.234653
vn 0.021759 0.076461 -0.996835
vn 0.056886 -0.923142 -0.380228
vn 0.056886 -0.646891 0.760458
vn 0.021759 0.524067 0.851399
vn -0.078499 0.968905 0.234652
vn -0.021759 0.524066 -0.851400
vn -0.056886 -0.646890 -0.760459
vn -0.056886 -0.923142 0.380228
vn -0.021759 0.076460 0.996835
vn 0.078499 0.968905 -0.234652
vn 0.021759 0.076460 -0.996835
vn 0.056886 -0.923142 -0.380228
vn 0.056886 -0.646890 0.760459
vn 0.021759 0.524066 0.851400
vn -0.078499 0.968905 0.234653
vn -0.021759 0.524067 -0.851399
vn -0.056886 -0.646891 -0.760458
vn -0.056886 -0.923142 0.380228
vn -0.021759 0.076461 0.996835
vn 0.078499 0.968905 -0.234653
vn 0.021759 0.076461 -0.996835
vn 0.056886 -0.923142 -0.380227
vn 0.056886 -0.646890 0.760458
vn 0.021759 0.524068 0.851399
vn -0.078499 0.968905 0.234652
vn -0.021759 0.524066 -0.851400
vn -0.056886 -0.646890 -0.760458
vn -0.056886 -0.923142 0.380227
vn -0.021759 0.076462 0.996835
vn 0.078499 0.968905 -0.234653
vn 0.021759 0.076461 -0.996835
vn 0.056886 -0.923142 -0.380228
vn 0.056886 -0.646891 0.760458
vn 0.021759 0.524067 0.851399
vn -0.078499 0.968905 0.234652
vn -0.021758 0.524066 -0.851400
vn -0.056886 -0.646890 -0.760459
vn -0.056886 -0.923142 0.380228
vn -0.021759 0.076460 0.996835
vn 0.078499 0.968905 -0.234652
vn 0.021759 0.076460 -0.996835
vn 0.056886 -0.923142 -0.380228
vn 0.056886 -0.646890 0.760459
vn 0.021758 0.524066 0.851400
vn -0.078499 0.968905 0.234653
vn -0.021759 0.524067 -0.851399
vn -0.056886 -0.646891 -0.760458
vn -0.056886 -0.923142 0.380228
vn -0.021759 0.076461 0.996835
vn -0.187790 0.975857 -0.111527
vn -0.944748 0.327263 -0.018702
vn -0.754737 -0.653630 -0.056026
vn 0.188442 -0.979246 -0.074608
vn 0.943429 -0.326806 -0.056024
vn 0.755792 0.654544 -0.018702
vn 0.187790 0.975857 0.111527
vn -0.755792 0.654544 0.018702
vn -0.943429 -0.326806 0.056024
vn -0.188442 -0.979246 0.074608
vn 0.754737 -0.653630 0.056026
vn 0.944748 0.327263 0.018702
vn 0.078499 0.968905 -0.234653
vn 0.021759 0.076461 -0.996835
vn 0.056886 -0.923142 -0.380227
vn 0.056886 -0.646890 0.760458
vn 0.021759 0.524068 0.851399
vn -0.078499 0.968905 0.234652
vn -0.021758 0.524066 -0.851400
vn -0.056886 -0.646890 -0.760458
vn -0.056886 -0.923142 0.380227
vn -0.021759 0.076462 0.996835
vn 0.078499 0.968905 -0.234653
vn 0.021759 0.076461 -0.996835
vn 0.056886 -0.923142 -0.380228
vn 0.056886 -0.646891 0.760458
vn 0.021759 0.524067 0.851399
vn -0.078499 0.968905 0.234652
vn -0.021758 0.524066 -0.851400
vn -0.056886 -0.646890 -0.760459
vn -0.056886 -0.923142 0.380228
vn -0.021759 0.076460 0.996835
vn 0.078499 0.968905 -0.234652
vn 0.021759 0.076460 -0.996835
vn 0.056886 -0.923142 -0.380228
vn 0.056886 -0.646890 0.760459
vn 0.021758 0.524066 0.851400
vn -0.078499 0.968905 0.234653
vn -0.021759 0.524067 -0.851399
vn -0.056886 -0.646891 -0.760458
vn -0.056886 -0.923142 0.380228
vn -0.021759 0.076461 0.996835
vn 0.078499 0.968905 -0.234653
vn 0.021759 0.076461 -0.996835
vn 0.056886 -0.923142 -0.380227
vn 0.056886 -0.646890 0.760458
vn 0.021759 0.524068 0.851399
vn -0.078499 0.968905 0.234652
vn -0.021758 0.524066 -0.851400
vn -0.056886 -0.646890 -0.760458
vn -0.056886 -0.923142 0.380227
vn -0.021759 0.076462 0.996835
vn 0.046211 0.971055 -0.234344
vn 0.022104 0.077611 -0.996739
vn 0.111981 -0.918189 -0.379986
vn 0.098641 -0.642436 0.759964
vn 0.000481 0.524659 0.851312
vn -0.139719 0.962061 0.234344
vn -0.051117 0.522163 -0.851313
vn -0.036175 -0.648956 -0.759966
vn -0.022837 -0.924710 0.379986
vn -0.029492 0.075114 0.996739
vn 0.046211 0.971055 -0.234344
vn 0.022105 0.077610 -0.996739
vn 0.111981 -0.918189 -0.379986
vn 0.098641 -0.642435 0.759965
vn 0.000481 0.524658 0.851313
vn -0.139719 0.962061 0.234344
vn -0.051117 0.522163 -0.851312
vn -0.036175 -0.648957 -0.759964
vn -0.022837 -0.924710 0.379987
vn -0.029492 0.075115 0.996739
vn 0.046211 0.971055 -0.234344
vn 0.022104 0.077611 -0.996739
vn 0.111981 -0.918189 -0.379986
vn 0.098641 -0.642435 0.759965
vn 0.000481 0.524660 0.851312
vn -0.139719 0.962061 0.234344
vn -0.051117 0.522163 -0.851313
vn -0.036175 -0.648956 -0.759965
vn -0.022837 -0.924710 0.379986
vn -0.029492 0.075117 0.996739
vn -0.047720 0.970975 -0.234372
vn 0.014511 0.079383 -0.996739
vn 0.200072 -0.903091 -0.379998
vn 0.160185 -0.629921 0.759961
vn -0.050155 0.522240 0.851322
vn -0.231916 0.944087 0.234338
vn -0.101272 0.514791 -0.851313
vn 0.026625 -0.649422 -0.759962
vn 0.066514 -0.922605 0.379967
vn -0.036603 0.071916 0.996739
vn -0.047720 0.970975 -0.234372
vn 0.014511 0.079382 -0.996739
vn 0.200072 -0.903091 -0.379998
vn 0.160185 -0.629919 0.759962
vn -0.050155 0.522239 0.851323
vn -0.231916 0.944087 0.234338
vn -0.101273 0.514792 -0.851313
vn 0.026626 -0.649423 -0.759961
vn 0.066514 -0.922605 0.379968
vn -0.036604 0.071917 0.996739
vn -0.187833 0.975849 -0.111526
vn -0.944743 0.327277 -0.018700
vn -0.754757 -0.653608 -0.056024
vn 0.188486 -0.979238 -0.074612
vn 0.943424 -0.326820 -0.056027
vn 0.755812 0.654522 -0.018699
vn 0.187833 0.975849 0.111526
vn -0.755812 0.654522 0.018699
vn -0.943424 -0.326820 0.056027
vn -0.188486 -0.979238 0.074612
vn 0.754757 -0.653608 0.056024
vn 0.944743 0.327277 0.018700
vn -0.047720 0.970975 -0.234372
vn 0.014511 0.079383 -0.996739
vn 0.200072 -0.903091 -0.379997
vn 0.160185 -0.629920 0.759962
vn -0.050155 0.522241 0.851322
vn -0.231916 0.944087 0.234338
vn -0.101272 0.514791 -0.851313
vn 0.026625 -0.649422 -0.759962
vn 0.066514 -0.922606 0.379967
vn -0.036604 0.071918 0.996739
vn -0.141216 0.961835 -0.234374
vn 0.006781 0.080414 -0.996738
vn 0.286306 -0.879577 -0.379965
vn 0.220242 -0.611540 0.759943
vn -0.100327 0.514961 0.851322
vn -0.321951 0.917288 0.234373
vn -0.150481 0.502598 -0.851323
vn 0.089185 -0.643842 -0.759944
vn 0.155253 -0.911879 0.379964
vn -0.043374 0.068050 0.996739
vn -0.141216 0.961835 -0.234374
vn 0.006781 0.080413 -0.996739
vn 0.286306 -0.879577 -0.379964
vn 0.220241 -0.611539 0.759944
vn -0.100327 0.514960 0.851323
vn -0.321951 0.917288 0.234374
vn -0.150481 0.502599 -0.851322
vn 0.089186 -0.643843 -0.759942
vn 0.155253 -0.911879 0.379964
vn -0.043374 0.068051 0.996738
vn -0.141216 0.961835 -0.234374
vn 0.006781 0.080414 -0.996738
vn 0.286306 -0.879577 -0.379964
vn 0.220241 -0.611539 0.759943
vn -0.100328 0.514962 0.851322
vn -0.321951 0.917288 0.234373
vn -0.150481 0.502598 -0.851323
vn 0.089185 -0.643842 -0.759943
vn 0.155253 -0.911880 0.379963
vn -0.043375 0.068052 0.996738
vn -0.233385 0.943723 -0.234346
vn -0.001011 0.080692 -0.996739
vn 0.369854 -0.847834 -0.379981
vn 0.278225 -0.587414 0.759958
vn -0.149563 0.502892 0.851311
vn -0.408978 0.881941 0.234345
vn -0.198291 0.485746 -0.851311
vn 0.150902 -0.632211 -0.759959
vn 0.242532 -0.892633 0.379979
vn -0.049739 0.063546 0.996739
vn -0.233385 0.943723 -0.234346
vn -0.001011 0.080691 -0.996739
vn 0.369855 -0.847834 -0.379980
vn 0.278225 -0.587413 0.759959
vn -0.149563 0.502891 0.851312
vn -0.408978 0.881941 0.234345
vn -0.198292 0.485747 -0.851311
vn 0.150903 -0.632212 -0.759958
vn 0.242532 -0.892633 0.379979
vn -0.049740 0.063547 0.996739
vn -0.233385 0.943723 -0.234346
vn -0.001011 0.080692 -0.996739
vn 0.369855 -0.847834 -0.379980
vn 0.278225 -0.587413 0.759958
vn -0.149563 0.502893 0.851311
vn -0.408978 0.881941 0.234345
vn -0.198291 0.485746 -0.851311
vn 0.150902 -0.632212 -0.759959
vn 0.242532 -0.892633 0.379979
vn -0.049740 0.063548 0.996739
vn -0.323377 0.916788 -0.234365
vn -0.008795 0.080219 -0.996738
vn 0.449959 -0.808185 -0.379966
vn 0.333628 -0.557833 0.759944
vn -0.197397 0.486099 0.851318
vn -0.492185 0.838347 0.234366
vn -0.244241 0.464331 -0.851318
vn 0.211221 -0.614712 -0.759944
vn 0.327554 -0.865064 0.379964
vn -0.055640 0.058450 0.996739
vn -0.323378 0.916788 -0.234365
vn -0.008795 0.080218 -0.996739
vn 0.449959 -0.808185 -0.379965
vn 0.333628 -0.557832 0.759945
vn -0.197397 0.486098 0.851318
vn -0.492185 0.838347 0.234367
vn -0.244242 0.464331 -0.851318
vn 0.211222 -0.614713 -0.759943
vn 0.327554 -0.865064 0.379964
vn -0.055641 0.058451 0.996738
vn -0.187790 0.975857 -0.111527
vn -0.944748 0.327263 -0.018702
vn -0.754737 -0.653630 -0.056026
vn 0.188442 -0.979246 -0.074608
vn 0.943429 -0.326806 -0.056024
vn 0.755792 0.654544 -0.018702
vn 0.187790 0.975857 0.111527
vn -0.755792 0.654544 0.018702
vn -0.943429 -0.326806 0.056024
vn -0.188442 -0.979246 0.074608
vn 0.754737 -0.653630 0.056026
vn 0.944748 0.327263 0.018702
vn -0.323377 0.916788 -0.234365
vn -0.008795 0.080219 -0.996738
vn 0.449959 -0.808185 -0.379965
vn 0.333628 -0.557832 0.759944
vn -0.197397 0.486100 0.851317
vn -0.492185 0.838347 0.234366
vn -0.244241 0.464331 -0.851318
vn 0.211221 -0.614713 -0.759943
vn 0.327554 -0.865064 0.379964
vn -0.055641 0.058452 0.996738
vn -0.410350 0.881299 -0.234360
vn -0.016496 0.078995 -0.996739
vn 0.525854 -0.760978 -0.379987
vn 0.385905 -0.523021 0.759951
vn -0.243388 0.464773 0.851322
vn -0.570801 0.786932 0.234360
vn -0.287921 0.438597 -0.851313
vn 0.269560 -0.591448 -0.759952
vn 0.409515 -0.829415 0.379958
vn -0.061021 0.052806 0.996739
vn -0.410350 0.881299 -0.234360
vn -0.016495 0.078994 -0.996739
vn 0.525854 -0.760978 -0.379987
vn 0.385905 -0.523020 0.759952
vn -0.243388 0.464772 0.851322
vn -0.570801 0.786931 0.234361
vn -0.287921 0.438598 -0.851313
vn 0.269560 -0.591449 -0.759951
vn 0.409515 -0.829415 0.379959
vn -0.061022 0.052807 0.996739
vn -0.410350 0.881299 -0.234360
vn -0.016496 0.078995 -0.996739
vn 0.525854 -0.760978 -0.379986
vn 0.385905 -0.523021 0.759952
vn -0.243389 0.464773 0.851321
vn -0.570801 0.786932 0.234360
vn -0.287921 0.438597 -0.851313
vn 0.269560 -0.591449 -0.759951
vn 0.409516 -0.829415 0.379958
vn -0.061023 0.052808 0.996738
vn -0.493496 0.837584 -0.234340
vn -0.024043 0.077035 -0.996738
vn 0.596846 -0.706676 -0.379980
vn 0.434576 -0.483330 0.759958
vn -0.287121 0.439132 0.851307
vn -0.644089 0.728172 0.234339
vn -0.328912 0.408768 -0.851308
vn 0.325381 -0.562664 -0.759958
vn 0.487651 -0.786011 0.379979
vn -0.065833 0.046670 0.996739
vn -0.493496 0.837584 -0.234340
vn -0.024042 0.077034 -0.996739
vn 0.596846 -0.706676 -0.379979
vn 0.434576 -0.483329 0.759959
vn -0.287121 0.439132 0.851308
vn -0.644089 0.728172 0.234340
vn -0.328913 0.408769 -0.851308
vn 0.325381 -0.562665 -0.759957
vn 0.487651 -0.786011 0.379979
vn -0.065834 0.046671 0.996738
vn -0.493496 0.837584 -0.234340
vn -0.024043 0.077035 -0.996738
vn 0.596846 -0.706676 -0.379979
vn 0.434576 -0.483329 0.759958
vn -0.287122 0.439133 0.851307
vn -0.644089 0.728172 0.234339
vn -0.328912 0.408768 -0.851308
vn 0.325381 -0.562665 -0.759958
vn 0.487651 -0.786011 0.379978
vn -0.065835 0.046672 0.996738
vn -0.572029 0.786041 -0.234355
vn -0.031365 0.074354 -0.996739
vn 0.662270 -0.645774 -0.379966
vn 0.479199 -0.439131 0.759955
vn -0.328160 0.409365 0.851312
vn -0.711361 0.662604 0.234355
vn -0.366816 0.375101 -0.851320
vn 0.378168 -0.528636 -0.759956
vn 0.561234 -0.735272 0.379989
vn -0.070030 0.040098 0.996739
vn -0.572029 0.786041 -0.234355
vn -0.031365 0.074353 -0.996739
vn 0.662271 -0.645774 -0.379965
vn 0.479198 -0.439130 0.759957
vn -0.328159 0.409365 0.851312
vn -0.711361 0.662604 0.234355
vn -0.366816 0.375101 -0.851319
vn 0.378168 -0.528637 -0.759955
vn 0.561234 -0.735272 0.379990
vn -0.070031 0.040099 0.996739
vn -0.187790 0.975857 -0.111527
vn -0.944748 0.327263 -0.018702
vn -0.754737 -0.653630 -0.056026
vn 0.188442 -0.979246 -0.074608
vn 0.943429 -0.326806 -0.056024
vn 0.755792 0.654544 -0.018702
vn 0.187790 0.975857 0.111527
vn -0.755792 0.654544 0.018702
vn -0.943429 -0.326806 0.056024
vn -0.188442 -0.979246 0.074608
vn 0.754737 -0.653630 0.056026
vn 0.944748 0.327263 0.018702
vn -0.572029 0.786041 -0.234355
vn -0.031365 0.074354 -0.996739
vn 0.662271 -0.645774 -0.379965
vn 0.479198 -0.439131 0.759956
vn -0.328160 0.409366 0.851311
vn -0.711361 0.662604 0.234355
vn -0.366816 0.375101 -0.851320
vn 0.378168 -0.528636 -0.759956
vn 0.561234 -0.735272 0.379989
vn -0.070032 0.040100 0.996738
vn -0.645223 0.727162 -0.234358
vn -0.038396 0.070980 -0.996738
vn 0.721502 -0.578841 -0.379971
vn 0.519350 -0.390836 0.759949
vn -0.366134 0.375778 0.851315
vn -0.771989 0.590855 0.234358
vn -0.401311 0.337951 -0.851316
vn 0.427430 -0.489675 -0.759949
vn 0.629584 -0.677678 0.379969
vn -0.073574 0.033152 0.996739
vn -0.645223 0.727162 -0.234357
vn -0.038395 0.070980 -0.996738
vn 0.721502 -0.578841 -0.379971
vn 0.519349 -0.390835 0.759950
vn -0.366133 0.375777 0.851315
vn -0.771989 0.590855 0.234358
vn -0.401312 0.337952 -0.851315
vn 0.427431 -0.489676 -0.759947
vn 0.629584 -0.677678 0.379969
vn -0.073574 0.033153 0.996738
vn -0.645223 0.727162 -0.234358
vn -0.038396 0.070980 -0.996738
vn 0.721503 -0.578841 -0.379970
vn 0.519350 -0.390836 0.759950
vn -0.366134 0.375778 0.851314
vn -0.771989 0.590855 0.234358
vn -0.401311 0.337951 -0.851316
vn 0.427430 -0.489676 -0.759948
vn 0.629584 -0.677679 0.379968
vn -0.073575 0.033154 0.996738
vn -0.712222 0.661712 -0.234259
vn -0.044362 0.067862 -0.996708
vn 0.774266 -0.506150 -0.379902
vn 0.554101 -0.339582 0.760037
vn -0.401284 0.337894 0.851351
vn -0.825578 0.513371 0.234244
vn -0.431448 0.298423 -0.851350
vn 0.473222 -0.445428 -0.760036
vn 0.691780 -0.614104 0.379890
vn -0.077132 0.024976 0.996708
vn -0.712222 0.661712 -0.234259
vn -0.044361 0.067862 -0.996708
vn 0.774266 -0.506150 -0.379902
vn 0.554101 -0.339582 0.760037
vn -0.401284 0.337894 0.851351
vn -0.825579 0.513371 0.234244
vn -0.431448 0.298423 -0.851350
vn 0.473222 -0.445428 -0.760036
vn 0.691780 -0.614104 0.379890
vn -0.077132 0.024976 0.996708
vn -0.712222 0.661712 -0.234259
vn -0.044362 0.067862 -0.996708
vn 0.774266 -0.506150 -0.379901
vn 0.554102 -0.339583 0.760036
vn -0.401285 0.337895 0.851350
vn -0.825578 0.513371 0.234243
vn -0.431448 0.298423 -0.851350
vn 0.473222 -0.445428 -0.760036
vn 0.691781 -0.614104 0.379889
vn -0.077133 0.024975 0.996708
vn -0.770820 0.593015 -0.232742
vn -0.042380 0.076671 -0.996155
vn 0.822668 -0.423965 -0.378775
vn 0.577935 -0.294766 0.760988
vn -0.439143 0.286128 0.851636
vn -0.873215 0.428166 0.232744
vn -0.451121 0.266854 -0.851633
vn 0.520370 -0.387438 -0.760991
vn 0.744660 -0.549570 0.378754
vn -0.087510 0.004010 0.996156
vn -0.770820 0.593015 -0.232742
vn -0.042379 0.076670 -0.996155
vn 0.822668 -0.423965 -0.378775
vn 0.577935 -0.294767 0.760988
vn -0.439143 0.286128 0.851636
vn -0.873215 0.428166 0.232744
vn -0.451120 0.266854 -0.851633
vn 0.520370 -0.387438 -0.760991
vn 0.744660 -0.549570 0.378755
vn -0.087510 0.004010 0.996156
vn -0.187790 0.975857 -0.111523
vn -0.944739 0.327291 -0.018701
vn -0.754757 -0.653608 -0.056022
vn 0.188486 -0.979238 -0.074608
vn 0.943425 -0.326820 -0.056024
vn 0.755773 0.654566 -0.018701
vn 0.187790 0.975857 0.111523
vn -0.755773 0.654566 0.018701
vn -0.943425 -0.326820 0.056024
vn -0.188486 -0.979238 0.074608
vn 0.754757 -0.653608 0.056022
vn 0.944739 0.327291 0.018701
vn -0.770820 0.593015 -0.232742
vn -0.042379 0.076670 -0.996155
vn 0.822668 -0.423965 -0.378775
vn 0.577935 -0.294767 0.760988
vn -0.439144 0.286128 0.851636
vn -0.873215 0.428166 0.232744
vn -0.451121 0.266854 -0.851633
vn 0.520370 -0.387438 -0.760991
vn 0.744660 -0.549570 0.378754
vn -0.087510 0.004010 0.996156
vn -0.820755 0.523371 -0.229008
vn -0.033357 0.105032 -0.993909
vn 0.865867 -0.330212 -0.375812
vn 0.591211 -0.262828 0.762490
vn -0.478621 0.214273 0.851475
vn -0.914186 0.334380 0.229027
vn -0.460862 0.250204 -0.851472
vn 0.567793 -0.310180 -0.762496
vn 0.788103 -0.487506 0.375808
vn -0.103712 -0.037266 0.993909
vn -0.820755 0.523371 -0.229008
vn -0.033356 0.105032 -0.993909
vn 0.865867 -0.330212 -0.375813
vn 0.591212 -0.262828 0.762489
vn -0.478622 0.214273 0.851474
vn -0.914187 0.334380 0.229027
vn -0.460860 0.250204 -0.851473
vn 0.567793 -0.310179 -0.762496
vn 0.788103 -0.487506 0.375808
vn -0.103711 -0.037266 0.993909
vn -0.820755 0.523371 -0.229008
vn -0.033355 0.105031 -0.993909
vn 0.865867 -0.330212 -0.375812
vn 0.591212 -0.262828 0.762489
vn -0.478622 0.214273 0.851474
vn -0.914187 0.334380 0.229026
vn -0.460861 0.250204 -0.851472
vn 0.567794 -0.310180 -0.762495
vn 0.788103 -0.487506 0.375808
vn -0.103711 -0.037266 0.993909
vn -0.863548 0.452058 -0.223447
vn -0.025634 0.148011 -0.988653
vn 0.900299 -0.227738 -0.370940
vn 0.600084 -0.240791 0.762836
vn -0.512332 0.126851 0.849367
vn -0.946143 0.234266 0.223456
vn -0.467608 0.244790 -0.849365
vn 0.608845 -0.217696 -0.762835
vn 0.824904 -0.426546 0.370934
vn -0.117334 -0.093790 0.988654
vn -0.863548 0.452058 -0.223447
vn -0.025635 0.148011 -0.988653
vn 0.900299 -0.227738 -0.370940
vn 0.600084 -0.240790 0.762837
vn -0.512332 0.126851 0.849367
vn -0.946143 0.234266 0.223457
vn -0.467607 0.244790 -0.849365
vn 0.608844 -0.217696 -0.762835
vn 0.824904 -0.426545 0.370934
vn -0.117335 -0.093789 0.988654
vn -0.863548 0.452058 -0.223447
vn -0.025635 0.148011 -0.988653
vn 0.900299 -0.227738 -0.370940
vn 0.600084 -0.240790 0.762837
vn -0.512332 0.126851 0.849367
vn -0.946143 0.234266 0.223457
vn -0.467607 0.244790 -0.849365
vn 0.608844 -0.217696 -0.762835
vn 0.824904 -0.426545 0.370934
vn -0.117335 -0.093789 0.988654
vn -0.900290 0.377309 -0.217060
vn -0.026088 0.195186 -0.980419
vn 0.923124 -0.121361 -0.364848
vn 0.609778 -0.221296 0.761051
vn -0.534063 0.033180 0.844793
vn -0.967302 0.131181 0.217069
vn -0.477168 0.242148 -0.844793
vn 0.637796 -0.118382 -0.761053
vn 0.857227 -0.363378 0.364855
vn -0.121441 -0.155018 0.980419
vn -0.900290 0.377309 -0.217060
vn -0.026088 0.195186 -0.980419
vn 0.923124 -0.121361 -0.364848
vn 0.609778 -0.221296 0.761051
vn -0.534064 0.033181 0.844793
vn -0.967302 0.131181 0.217069
vn -0.477167 0.242148 -0.844794
vn 0.637796 -0.118382 -0.761053
vn 0.857227 -0.363378 0.364855
vn -0.121442 -0.155017 0.980419
vn -0.187833 0.975849 -0.111526
vn -0.944743 0.327277 -0.018700
vn -0.754757 -0.653608 -0.056024
vn 0.188486 -0.979238 -0.074612
vn 0.943424 -0.326820 -0.056027
vn 0.755812 0.654522 -0.018699
vn 0.187833 0.975849 0.111526
vn -0.755812 0.654522 0.018699
vn -0.943424 -0.326820 0.056027
vn -0.188486 -0.979238 0.074612
vn 0.754757 -0.653608 0.056024
vn 0.944743 0.327277 0.018700
vn -0.900290 0.377309 -0.217060
vn -0.026089 0.195186 -0.980419
vn 0.923124 -0.121361 -0.364848
vn 0.609778 -0.221296 0.761051
vn -0.534062 0.033180 0.844794
vn -0.967302 0.131181 0.217069
vn -0.477168 0.242148 -0.844793
vn 0.637796 -0.118382 -0.761053
vn 0.857227 -0.363378 0.364855
vn -0.121441 -0.155018 0.980419
vn -0.931082 0.297357 -0.211340
vn -0.037535 0.234385 -0.971419
vn 0.933183 -0.016339 -0.359029
vn 0.622526 -0.195264 0.757848
vn -0.541116 -0.055666 0.839104
vn -0.976997 0.028532 0.211337
vn -0.491974 0.232111 -0.839098
vn 0.652049 -0.022428 -0.757845
vn 0.885704 -0.294318 0.359033
vn -0.113192 -0.208641 0.971420
vn -0.931082 0.297357 -0.211340
vn -0.037534 0.234385 -0.971419
vn 0.933183 -0.016339 -0.359029
vn 0.622527 -0.195264 0.757847
vn -0.541117 -0.055665 0.839103
vn -0.976997 0.028532 0.211337
vn -0.491972 0.232111 -0.839099
vn 0.652049 -0.022428 -0.757845
vn 0.885704 -0.294318 0.359033
vn -0.113192 -0.208641 0.971420
vn -0.931082 0.297357 -0.211340
vn -0.037536 0.234385 -0.971419
vn 0.933184 -0.016339 -0.359029
vn 0.622527 -0.195264 0.757847
vn -0.541117 -0.055665 0.839103
vn -0.976997 0.028532 0.211337
vn -0.491973 0.232111 -0.839099
vn 0.652049 -0.022428 -0.757845
vn 0.885705 -0.294318 0.359032
vn -0.113192 -0.208641 0.971420
vn -0.955107 0.211271 -0.207692
vn -0.058079 0.255768 -0.964992
vn 0.931104 0.083103 -0.355162
vn 0.636965 -0.155163 0.755116
vn -0.534878 -0.130466 0.834796
vn -0.975611 -0.071051 0.207690
vn -0.510419 0.206380 -0.834793
vn 0.652705 0.061499 -0.755112
vn 0.909323 -0.216765 0.355167
vn -0.094428 -0.244692 0.964992
vn -0.955107 0.211270 -0.207692
vn -0.058080 0.255768 -0.964992
vn 0.931104 0.083103 -0.355162
vn 0.636965 -0.155163 0.755116
vn -0.534878 -0.130466 0.834796
vn -0.975611 -0.071051 0.207690
vn -0.510418 0.206380 -0.834794
vn 0.652704 0.061499 -0.755112
vn 0.909323 -0.216765 0.355168
vn -0.094427 -0.244692 0.964992
vn -0.955107 0.211271 -0.207692
vn -0.058079 0.255768 -0.964992
vn 0.931104 0.083103 -0.355162
vn 0.636965 -0.155163 0.755116
vn -0.534878 -0.130466 0.834796
vn -0.975611 -0.071051 0.207690
vn -0.510418 0.206381 -0.834794
vn 0.652704 0.061499 -0.755112
vn 0.909323 -0.216765 0.355167
vn -0.094428 -0.244692 0.964992
vn -0.967845 0.141894 -0.207709
vn -0.075725 0.256831 -0.963485
vn 0.923243 0.147329 -0.354846
vn 0.646319 -0.118703 0.753778
vn -0.524544 -0.174345 0.833341
vn -0.968648 -0.136296 0.207713
vn -0.523535 0.177374 -0.833337
vn 0.646992 0.114964 -0.753781
vn 0.922376 -0.152665 0.354847
vn -0.077192 -0.256390 0.963486
vn -0.967845 0.141894 -0.207709
vn -0.075724 0.256831 -0.963485
vn 0.923243 0.147329 -0.354846
vn 0.646319 -0.118703 0.753778
vn -0.524543 -0.174346 0.833342
vn -0.968648 -0.136296 0.207713
vn -0.523535 0.177374 -0.833337
vn 0.646992 0.114964 -0.753780
vn 0.922376 -0.152665 0.354847
vn -0.077191 -0.256390 0.963486
vn -0.187790 0.975857 -0.111523
vn -0.944739 0.327291 -0.018701
vn -0.754757 -0.653608 -0.056022
vn 0.188486 -0.979238 -0.074608
vn 0.943425 -0.326820 -0.056024
vn 0.755773 0.654566 -0.018701
vn 0.187790 0.975857 0.111523
vn -0.755773 0.654566 0.018701
vn -0.943425 -0.326820 0.056024
vn -0.188486 -0.979238 0.074608
vn 0.754757 -0.653608 0.056022
vn 0.944739 0.327291 0.018701
vn -0.967845 0.141894 -0.207709
vn -0.075724 0.256831 -0.963485
vn 0.923243 0.147329 -0.354846
vn 0.646318 -0.118703 0.753779
vn -0.524544 -0.174345 0.833341
vn -0.968648 -0.136296 0.207713
vn -0.523534 0.177374 -0.833337
vn 0.646991 0.114964 -0.753781
vn 0.922376 -0.152665 0.354847
vn -0.077192 -0.256390 0.963486
vn -0.968352 0.137932 -0.208011
vn -0.076448 0.256333 -0.963561
vn 0.922863 0.149163 -0.355070
vn 0.646696 -0.117741 0.753606
vn -0.524050 -0.176233 0.833255
vn -0.968353 -0.137930 0.208009
vn -0.524039 0.176235 -0.833261
vn 0.646692 0.117742 -0.753609
vn 0.922865 -0.149162 0.355066
vn -0.076458 -0.256333 0.963560
vn -0.968352 0.137932 -0.208011
vn -0.076448 0.256333 -0.963561
vn 0.922863 0.149163 -0.355070
vn 0.646696 -0.117741 0.753606
vn -0.524050 -0.176233 0.833255
vn -0.968353 -0.137930 0.208009
vn -0.524039 0.176235 -0.833261
vn 0.646691 0.117742 -0.753609
vn 0.922865 -0.149162 0.355065
vn -0.076458 -0.256333 0.963560
vn -0.968352 0.137932 -0.208011
vn -0.076449 0.256333 -0.963561
vn 0.922863 0.149163 -0.355070
vn 0.646696 -0.117741 0.753606
vn -0.524050 -0.176233 0.833255
vn -0.968353 -0.137930 0.208009
vn -0.524039 0.176235 -0.833261
vn 0.646691 0.117742 -0.753609
vn 0.922865 -0.149162 0.355066
vn -0.076458 -0.256333 0.963560
vn -0.968352 0.137932 -0.208011
vn -0.076458 0.256333 -0.963560
vn 0.922865 0.149162 -0.355066
vn 0.646692 -0.117742 0.753609
vn -0.524044 -0.176235 0.833258
vn -0.968352 -0.137932 0.208011
vn -0.524044 0.176235 -0.833258
vn 0.646695 0.117741 -0.753606
vn 0.922863 -0.149163 0.355069
vn -0.076458 -0.256333 0.963560
vn -0.968352 0.137932 -0.208011
vn -0.076458 0.256333 -0.963560
vn 0.922865 0.149162 -0.355066
vn 0.646692 -0.117742 0.753609
vn -0.524044 -0.176235 0.833258
vn -0.968352 -0.137932 0.208011
vn -0.524044 0.176235 -0.833258
vn 0.646695 0.117741 -0.753606
vn 0.922863 -0.149163 0.355069
vn -0.076458 -0.256333 0.963560
vn -0.968352 0.137932 -0.208011
vn -0.076458 0.256333 -0.963560
vn 0.922865 0.149162 -0.355066
vn 0.646691 -0.117742 0.753609
vn -0.524044 -0.176235 0.833258
vn -0.968352 -0.137932 0.208011
vn -0.524044 0.176235 -0.833258
vn 0.646695 0.117741 -0.753606
vn 0.922863 -0.149163 0.355069
vn -0.076458 -0.256333 0.963560
vn -0.965432 0.151881 -0.211835
vn -0.076437 0.194492 -0.977921
vn 0.921399 0.144540 -0.360738
vn 0.645668 -0.041547 0.762488
vn -0.523924 -0.107505 0.844954
vn -0.965432 -0.151881 0.211835
vn -0.523924 0.107505 -0.844954
vn 0.645668 0.041547 -0.762488
vn 0.921399 -0.144540 0.360738
vn -0.076437 -0.194492 0.977921
vn -0.965432 0.151881 -0.211835
vn -0.076437 0.194492 -0.977921
vn 0.921399 0.144540 -0.360738
vn 0.645668 -0.041547 0.762487
vn -0.523924 -0.107505 0.844953
vn -0.965432 -0.151881 0.211835
vn -0.523924 0.107505 -0.844954
vn 0.645668 0.041547 -0.762488
vn 0.921399 -0.144540 0.360738
vn -0.076437 -0.194492 0.977921
vn -0.187790 0.975857 -0.111527
vn -0.944748 0.327263 -0.018702
vn -0.754737 -0.653630 -0.056026
vn 0.188442 -0.979246 -0.074608
vn 0.943429 -0.326806 -0.056024
vn 0.755792 0.654544 -0.018702
vn 0.187790 0.975857 0.111527
vn -0.755793 0.654544 0.018702
vn -0.943429 -0.326806 0.056024
vn -0.188442 -0.979246 0.074608
vn 0.754737 -0.653630 0.056026
vn 0.944748 0.327263 0.018702
vn -0.965432 0.151881 -0.211835
vn -0.076437 0.194492 -0.977921
vn 0.921399 0.144540 -0.360738
vn 0.645668 -0.041547 0.762488
vn -0.523924 -0.107505 0.844954
vn -0.965432 -0.151881 0.211835
vn -0.523924 0.107505 -0.844954
vn 0.645668 0.041547 -0.762488
vn 0.921399 -0.144540 0.360738
vn -0.076438 -0.194492 0.977921
vn -0.968148 0.087836 -0.234467
vn -0.076456 0.024364 -0.996775
vn 0.922761 0.063676 -0.380075
vn 0.646621 0.063676 0.760149
vn -0.524036 0.024364 0.851348
vn -0.968148 -0.087836 0.234467
vn -0.524036 -0.024364 -0.851348
vn 0.646621 -0.063676 -0.760149
vn 0.922761 -0.063676 0.380075
vn -0.076456 -0.024364 0.996775
vn -0.968148 0.087836 -0.234467
vn -0.076455 0.024364 -0.996775
vn 0.922761 0.063676 -0.380075
vn 0.646621 0.063676 0.760149
vn -0.524036 0.024364 0.851348
vn -0.968148 -0.087836 0.234467
vn -0.524036 -0.024364 -0.851348
vn 0.646621 -0.063676 -0.760149
vn 0.922761 -0.063676 0.380075
vn -0.076455 -0.024364 0.996775
vn -0.968148 0.087836 -0.234467
vn -0.076456 0.024364 -0.996775
vn 0.922761 0.063676 -0.380074
vn 0.646621 0.063676 0.760149
vn -0.524036 0.024364 0.851348
vn -0.968148 -0.087836 0.234467
vn -0.524035 -0.024364 -0.851348
vn 0.646621 -0.063676 -0.760149
vn 0.922761 -0.063676 0.380075
vn -0.076456 -0.024364 0.996775
vn -0.968148 0.087836 -0.234467
vn -0.076456 0.024364 -0.996775
vn 0.922761 0.063676 -0.380075
vn 0.646621 0.063676 0.760149
vn -0.524036 0.024364 0.851348
vn -0.968148 -0.087836 0.234467
vn -0.524036 -0.024364 -0.851348
vn 0.646621 -0.063676 -0.760149
vn 0.922761 -0.063676 0.380075
vn -0.076456 -0.024364 0.996775
vn -0.968148 0.087836 -0.234467
vn -0.076455 0.024364 -0.996775
vn 0.922761 0.063676 -0.380075
vn 0.646621 0.063676 0.760149
vn -0.524036 0.024364 0.851348
vn -0.968148 -0.087836 0.234467
vn -0.524036 -0.024364 -0.851348
vn 0.646621 -0.063676 -0.760149
vn 0.922761 -0.063676 0.380075
vn -0.076455 -0.024364 0.996775
vn -0.968148 0.087836 -0.234467
vn -0.076456 0.024364 -0.996775
vn 0.922762 0.063676 -0.380074
vn 0.646621 0.063676 0.760149
vn -0.524036 0.024364 0.851348
vn -0.968148 -0.087836 0.234467
vn -0.524035 -0.024364 -0.851348
vn 0.646621 -0.063676 -0.760149
vn 0.922761 -0.063676 0.380075
vn -0.076456 -0.024364 0.996775
vn -0.968148 0.087836 -0.234467
vn -0.076456 0.024364 -0.996775
vn 0.922761 0.063676 -0.380075
vn 0.646621 0.063676 0.760149
vn -0.524036 0.024364 0.851348
vn -0.968148 -0.087836 0.234467
vn -0.524036 -0.024364 -0.851348
vn 0.646621 -0.063676 -0.760149
vn 0.922761 -0.063676 0.380075
vn -0.076456 -0.024364 0.996775
vn -0.968148 0.087836 -0.234467
vn -0.076455 0.024364 -0.996775
vn 0.922761 0.063676 -0.380075
vn 0.646621 0.063676 0.760149
vn -0.524036 0.024364 0.851348
vn -0.968148 -0.087836 0.234467
vn -0.524036 -0.024364 -0.851348
vn 0.646621 -0.063676 -0.760149
vn 0.922761 -0.063676 0.380075
vn -0.076455 -0.024364 0.996775
vn -0.187833 0.975849 -0.111526
vn -0.944744 0.327277 -0.018700
vn -0.754757 -0.653608 -0.056024
vn 0.188486 -0.979238 -0.074612
vn 0.943424 -0.326820 -0.056027
vn 0.755812 0.654522 -0.018699
vn 0.187833 0.975849 0.111526
vn -0.755812 0.654522 0.018699
vn -0.943424 -0.326820 0.056027
vn -0.188486 -0.979238 0.074612
vn 0.754757 -0.653608 0.056024
vn 0.944743 0.327277 0.018700
vn -0.968148 0.087836 -0.234467
vn -0.076456 0.024364 -0.996775
vn 0.922762 0.063676 -0.380074
vn 0.646621 0.063676 0.760149
vn -0.524036 0.024364 0.851348
vn -0.968148 -0.087836 0.234467
vn -0.524035 -0.024364 -0.851348
vn 0.646621 -0.063676 -0.760149
vn 0.922761 -0.063676 0.380075
vn -0.076456 -0.024364 0.996775
vn -0.968148 0.087836 -0.234467
vn -0.076456 0.024364 -0.996775
vn 0.922761 0.063676 -0.380075
vn 0.646621 0.063676 0.760149
vn -0.524036 0.024364 0.851348
vn -0.968148 -0.087836 0.234467
vn -0.524036 -0.024364 -0.851348
vn 0.646621 -0.063676 -0.760149
vn 0.922761 -0.063676 0.380075
vn -0.076456 -0.024364 0.996775
vn -0.968148 0.087836 -0.234467
vn -0.076455 0.024364 -0.996775
vn 0.922761 0.063676 -0.380075
vn 0.646621 0.063676 0.760149
vn -0.524036 0.024364 0.851348
vn -0.968148 -0.087836 0.234467
vn -0.524036 -0.024364 -0.851348
vn 0.646621 -0.063676 -0.760149
vn 0.922761 -0.063676 0.380075
vn -0.076455 -0.024364 0.996775
vn -0.968148 0.087836 -0.234467
vn -0.076456 0.024364 -0.996775
vn 0.922761 0.063676 -0.380074
vn 0.646621 0.063676 0.760149
vn -0.524036 0.024364 0.851348
vn -0.968148 -0.087836 0.234467
vn -0.524035 -0.024364 -0.851348
vn 0.646621 -0.063676 -0.760149
vn 0.922761 -0.063676 0.380075
vn -0.076456 -0.024364 0.996775
vn -0.968148 0.087836 -0.234467
vn -0.076456 0.024364 -0.996775
vn 0.922761 0.063676 -0.380075
vn 0.646621 0.063676 0.760149
vn -0.524036 0.024364 0.851348
vn -0.968148 -0.087836 0.234467
vn -0.524036 -0.024364 -0.851348
vn 0.646621 -0.063676 -0.760149
vn 0.922761 -0.063676 0.380075
vn -0.076456 -0.024364 0.996775
vn -0.968148 0.087836 -0.234467
vn -0.076455 0.024364 -0.996775
vn 0.922761 0.063676 -0.380075
vn 0.646621 0.063676 0.760149
vn -0.524036 0.024364 0.851348
vn -0.968148 -0.087836 0.234467
vn -0.524036 -0.024364 -0.851348
vn 0.646621 -0.063676 -0.760149
vn 0.922761 -0.063676 0.380075
vn -0.076455 -0.024364 0.996775
vn -0.968148 0.087836 -0.234467
vn -0.076456 0.024364 -0.996775
vn 0.922761 0.063676 -0.380074
vn 0.646621 0.063676 0.760149
vn -0.524036 0.024364 0.851348
vn -0.968148 -0.087836 0.234467
vn -0.524035 -0.024364 -0.851348
vn 0.646621 -0.063676 -0.760149
vn 0.922761 -0.063676 0.380075
vn -0.076456 -0.024364 0.996775
vn -0.968148 0.087836 -0.234467
vn -0.076456 0.024364 -0.996775
vn 0.922761 0.063676 -0.380075
vn 0.646621 0.063676 0.760149
vn -0.524036 0.024364 0.851348
vn -0.968148 -0.087836 0.234467
vn -0.524036 -0.024364 -0.851348
vn 0.646621 -0.063676 -0.760149
vn 0.922761 -0.063676 0.380075
vn -0.076456 -0.024364 0.996775
vn -0.968148 0.087836 -0.234467
vn -0.076455 0.024364 -0.996775
vn 0.922761 0.063676 -0.380075
vn 0.646621 0.063676 0.760149
vn -0.524036 0.024364 0.851348
vn -0.968148 -0.087836 0.234467
vn -0.524036 -0.024364 -0.851348
vn 0.646621 -0.063676 -0.760149
vn 0.922761 -0.063676 0.380075
vn -0.076455 -0.024364 0.996775
vn -0.187812 0.975853 -0.111527
vn -0.944746 0.327270 -0.018701
vn -0.754747 -0.653619 -0.056025
vn 0.188464 -0.979242 -0.074610
vn 0.943427 -0.326813 -0.056025
vn 0.755802 0.654533 -0.018701
vn 0.187812 0.975853 0.111527
vn -0.755802 0.654533 0.018701
vn -0.943427 -0.326813 0.056025
vn -0.188464 -0.979242 0.074610
vn 0.754747 -0.653619 0.056025
vn 0.944746 0.327270 0.018701
vn -0.968148 0.087836 -0.234467
vn -0.076456 0.024364 -0.996775
vn 0.922762 0.063676 -0.380074
vn 0.646621 0.063676 0.760149
vn -0.524036 0.024364 0.851348
vn -0.968148 -0.087836 0.234467
vn -0.524035 -0.024364 -0.851348
vn 0.646621 -0.063676 -0.760149
vn 0.922761 -0.063676 0.380075
vn -0.076456 -0.024364 0.996775
vn -0.968148 0.087836 -0.234467
vn -0.076456 0.024364 -0.996775
vn 0.922761 0.063676 -0.380075
vn 0.646621 0.063676 0.760149
vn -0.524036 0.024364 0.851348
vn -0.968148 -0.087836 0.234467
vn -0.524036 -0.024364 -0.851348
vn 0.646621 -0.063676 -0.760149
vn 0.922761 -0.063676 0.380075
vn -0.076456 -0.024364 0.996775
vn -0.968148 0.087836 -0.234467
vn -0.076455 0.024364 -0.996775
vn 0.922761 0.063676 -0.380075
vn 0.646621 0.063676 0.760149
vn -0.524036 0.024364 0.851348
vn -0.968148 -0.087836 0.234467
vn -0.524036 -0.024364 -0.851348
vn 0.646621 -0.063676 -0.760149
vn 0.922761 -0.063676 0.380075
vn -0.076455 -0.024364 0.996775
vn -0.968148 0.087836 -0.234467
vn -0.076456 0.024364 -0.996775
vn 0.922761 0.063676 -0.380074
vn 0.646621 0.063676 0.760149
vn -0.524036 0.024364 0.851348
vn -0.968148 -0.087836 0.234467
vn -0.524035 -0.024364 -0.851348
vn 0.646621 -0.063676 -0.760149
vn 0.922761 -0.063676 0.380075
vn -0.076456 -0.024364 0.996775
vn -0.968148 0.087836 -0.234467
vn -0.076456 0.024364 -0.996775
vn 0.922761 0.063676 -0.380075
vn 0.646621 0.063676 0.760149
vn -0.524036 0.024364 0.851348
vn -0.968148 -0.087836 0.234467
vn -0.524036 -0.024364 -0.851348
vn 0.646621 -0.063676 -0.760149
vn 0.922761 -0.063676 0.380075
vn -0.076456 -0.024364 0.996775
vn -0.968148 0.087836 -0.234467
vn -0.076455 0.024364 -0.996775
vn 0.922761 0.063676 -0.380075
vn 0.646621 0.063676 0.760149
vn -0.524036 0.024364 0.851348
vn -0.968148 -0.087836 0.234467
vn -0.524036 -0.024364 -0.851348
vn 0.646621 -0.063676 -0.760149
vn 0.922761 -0.063676 0.380075
vn -0.076455 -0.024364 0.996775
vn -0.968148 0.087836 -0.234467
vn -0.076456 0.024364 -0.996775
vn 0.922761 0.063676 -0.380074
vn 0.646621 0.063676 0.760149
vn -0.524036 0.024364 0.851348
vn -0.968148 -0.087836 0.234467
vn -0.524035 -0.024364 -0.851348
vn 0.646621 -0.063676 -0.760149
vn 0.922761 -0.063676 0.380075
vn -0.076456 -0.024364 0.996775
vn -0.968148 0.087836 -0.234467
vn -0.076456 0.024364 -0.996775
vn 0.922761 0.063676 -0.380075
vn 0.646621 0.063676 0.760149
vn -0.524036 0.024364 0.851348
vn -0.968148 -0.087836 0.234467
vn -0.524036 -0.024364 -0.851348
vn 0.646621 -0.063676 -0.760149
vn 0.922761 -0.063676 0.380075
vn -0.076456 -0.024364 0.996775
vn -0.968148 0.087836 -0.234467
vn -0.076455 0.024364 -0.996775
vn 0.922761 0.063676 -0.380075
vn 0.646621 0.063676 0.760149
vn -0.524036 0.024364 0.851348
vn -0.968148 -0.087836 0.234467
vn -0.524036 -0.024364 -0.851348
vn 0.646621 -0.063676 -0.760149
vn 0.922761 -0.063676 0.380075
vn -0.076455 -0.024364 0.996775
vn -0.187790 0.975857 -0.111525
vn -0.944743 0.327277 -0.018701
vn -0.754747 -0.653619 -0.056024
vn 0.188464 -0.979242 -0.074608
vn 0.943427 -0.326813 -0.056024
vn 0.755783 0.654555 -0.018701
vn 0.187790 0.975857 0.111525
vn -0.755783 0.654555 0.018701
vn -0.943427 -0.326813 0.056024
vn -0.188464 -0.979242 0.074608
vn 0.754747 -0.653619 0.056024
vn 0.944743 0.327277 0.018701
vn -0.968148 0.087836 -0.234467
vn -0.076456 0.024364 -0.996775
vn 0.922761 0.063676 -0.380074
vn 0.646621 0.063676 0.760149
vn -0.524036 0.024364 0.851348
vn -0.968148 -0.087836 0.234467
vn -0.524035 -0.024364 -0.851348
vn 0.646621 -0.063676 -0.760149
vn 0.922761 -0.063676 0.380075
vn -0.076456 -0.024364 0.996775
vn -0.968148 0.087836 -0.234467
vn -0.076456 0.024364 -0.996775
vn 0.922761 0.063676 -0.380075
vn 0.646621 0.063676 0.760149
vn -0.524036 0.024364 0.851348
vn -0.968148 -0.087836 0.234467
vn -0.524036 -0.024364 -0.851348
vn 0.646621 -0.063676 -0.760149
vn 0.922761 -0.063676 0.380075
vn -0.076456 -0.024364 0.996775
vn -0.968148 0.087836 -0.234467
vn -0.076455 0.024364 -0.996775
vn 0.922761 0.063676 -0.380075
vn 0.646621 0.063676 0.760149
vn -0.524036 0.024364 0.851348
vn -0.968148 -0.087836 0.234467
vn -0.524036 -0.024364 -0.851348
vn 0.646621 -0.063676 -0.760149
vn 0.922761 -0.063676 0.380075
vn -0.076455 -0.024364 0.996775
vn -0.968148 0.087836 -0.234467
vn -0.076456 0.024364 -0.996775
vn 0.922761 0.063676 -0.380074
vn 0.646621 0.063676 0.760149
vn -0.524036 0.024364 0.851348
vn -0.968148 -0.087836 0.234467
vn -0.524035 -0.024364 -0.851348
vn 0.646621 -0.063676 -0.760149
vn 0.922761 -0.063676 0.380075
vn -0.076456 -0.024364 0.996775
vn -0.968148 0.087836 -0.234467
vn -0.076456 0.024364 -0.996775
vn 0.922761 0.063676 -0.380075
vn 0.646621 0.063676 0.760149
vn -0.524036 0.024364 0.851348
vn -0.968148 -0.087836 0.234467
vn -0.524036 -0.024364 -0.851348
vn 0.646621 -0.063676 -0.760149
vn 0.922761 -0.063676 0.380075
vn -0.076456 -0.024364 0.996775
vn -0.968148 0.087836 -0.234467
vn -0.076455 0.024364 -0.996775
vn 0.922761 0.063676 -0.380075
vn 0.646621 0.063676 0.760149
vn -0.524036 0.024364 0.851348
vn -0.968148 -0.087836 0.234467
vn -0.524036 -0.024364 -0.851348
vn 0.646621 -0.063676 -0.760149
vn 0.922761 -0.063676 0.380075
vn -0.076455 -0.024364 0.996775
vn -0.968148 0.087836 -0.234467
vn -0.076456 0.024364 -0.996775
vn 0.922761 0.063676 -0.380074
vn 0.646621 0.063676 0.760149
vn -0.524036 0.024364 0.851348
vn -0.968148 -0.087836 0.234467
vn -0.524035 -0.024364 -0.851348
vn 0.646621 -0.063676 -0.760149
vn 0.922761 -0.063676 0.380075
vn -0.076456 -0.024364 0.996775
vn -0.968148 0.087836 -0.234467
vn -0.076456 0.024364 -0.996775
vn 0.922761 0.063676 -0.380075
vn 0.646621 0.063676 0.760149
vn -0.524036 0.024364 0.851348
vn -0.968148 -0.087836 0.234467
vn -0.524036 -0.024364 -0.851348
vn 0.646621 -0.063676 -0.760149
vn 0.922761 -0.063676 0.380075
vn -0.076456 -0.024364 0.996775
vn -0.968148 0.087836 -0.234467
vn -0.076455 0.024364 -0.996775
vn 0.922761 0.063676 -0.380075
vn 0.646621 0.063676 0.760149
vn -0.524036 0.024364 0.851348
vn -0.968148 -0.087836 0.234467
vn -0.524036 -0.024364 -0.851348
vn 0.646621 -0.063676 -0.760149
vn 0.922761 -0.063676 0.380075
vn -0.076455 -0.024364 0.996775
vn -0.187812 0.975853 -0.111525
vn -0.944746 0.327270 -0.018701
vn -0.754728 -0.653641 -0.056026
vn 0.188442 -0.979246 -0.074608
vn 0.943424 -0.326820 -0.056026
vn 0.755802 0.654533 -0.018701
vn 0.187812 0.975853 0.111525
vn -0.755802 0.654533 0.018701
vn -0.943425 -0.326820 0.056026
vn -0.188442 -0.979246 0.074608
vn 0.754728 -0.653641 0.056026
vn 0.944746 0.327270 0.018701
vn -0.968148 0.087836 -0.234467
vn -0.076456 0.024364 -0.996775
vn 0.922761 0.063676 -0.380074
vn 0.646621 0.063676 0.760149
vn -0.524036 0.024364 0.851348
vn -0.968148 -0.087836 0.234467
vn -0.524035 -0.024364 -0.851348
vn 0.646621 -0.063676 -0.760149
vn 0.922761 -0.063676 0.380075
vn -0.076456 -0.024364 0.996775
vn -0.968148 0.087836 -0.234467
vn -0.076456 0.024364 -0.996775
vn 0.922761 0.063676 -0.380075
vn 0.646621 0.063676 0.760149
vn -0.524036 0.024364 0.851348
vn -0.968148 -0.087836 0.234467
vn -0.524036 -0.024364 -0.851348
vn 0.646621 -0.063676 -0.760149
vn 0.922761 -0.063676 0.380075
vn -0.076456 -0.024364 0.996775
vn -0.968148 0.087836 -0.234467
vn -0.076455 0.024364 -0.996775
vn 0.922761 0.063676 -0.380075
vn 0.646621 0.063676 0.760149
vn -0.524036 0.024364 0.851348
vn -0.968148 -0.087836 0.234467
vn -0.524036 -0.024364 -0.851348
vn 0.646621 -0.063676 -0.760149
vn 0.922761 -0.063676 0.380075
vn -0.076455 -0.024364 0.996775
vn -0.968148 0.087836 -0.234467
vn -0.076456 0.024364 -0.996775
vn 0.922761 0.063676 -0.380074
vn 0.646621 0.063676 0.760149
vn -0.524036 0.024364 0.851348
vn -0.968148 -0.087836 0.234467
vn -0.524035 -0.024364 -0.851348
vn 0.646621 -0.063676 -0.760149
vn 0.922761 -0.063676 0.380075
vn -0.076456 -0.024364 0.996775
vn -0.968148 0.087836 -0.234467
vn -0.076456 0.024364 -0.996775
vn 0.922761 0.063676 -0.380075
vn 0.646621 0.063676 0.760149
vn -0.524036 0.024364 0.851348
vn -0.968148 -0.087836 0.234467
vn -0.524036 -0.024364 -0.851348
vn 0.646621 -0.063676 -0.760149
vn 0.922761 -0.063676 0.380075
vn -0.076456 -0.024364 0.996775
vn -0.968148 0.087836 -0.234467
vn -0.076455 0.024364 -0.996775
vn 0.922761 0.063676 -0.380075
vn 0.646621 0.063676 0.760149
vn -0.524036 0.024364 0.851348
vn -0.968148 -0.087836 0.234467
vn -0.524036 -0.024364 -0.851348
vn 0.646621 -0.063676 -0.760149
vn 0.922761 -0.063676 0.380075
vn -0.076455 -0.024364 0.996775
vn -0.968148 0.087836 -0.234467
vn -0.076456 0.024364 -0.996775
vn 0.922762 0.063676 -0.380074
vn 0.646621 0.063676 0.760149
vn -0.524036 0.024364 0.851348
vn -0.968148 -0.087836 0.234467
vn -0.524035 -0.024364 -0.851348
vn 0.646621 -0.063676 -0.760149
vn 0.922761 -0.063676 0.380075
vn -0.076456 -0.024364 0.996775
vn -0.968148 0.087836 -0.234467
vn -0.076456 0.024364 -0.996775
vn 0.922761 0.063676 -0.380075
vn 0.646621 0.063676 0.760149
vn -0.524036 0.024364 0.851348
vn -0.968148 -0.087836 0.234467
vn -0.524036 -0.024364 -0.851348
vn 0.646621 -0.063676 -0.760149
vn 0.922761 -0.063676 0.380075
vn -0.076456 -0.024364 0.996775
vn -0.968148 0.087836 -0.234467
vn -0.076455 0.024364 -0.996775
vn 0.922761 0.063676 -0.380075
vn 0.646621 0.063676 0.760149
vn -0.524036 0.024364 0.851348
vn -0.968148 -0.087836 0.234467
vn -0.524036 -0.024364 -0.851348
vn 0.646621 -0.063676 -0.760149
vn 0.922761 -0.063676 0.380075
vn -0.076455 -0.024364 0.996775
vn -0.187812 0.975853 -0.111527
vn -0.944746 0.327270 -0.018701
vn -0.754747 -0.653619 -0.056025
vn 0.188464 -0.979242 -0.074610
vn 0.943427 -0.326813 -0.056025
vn 0.755802 0.654533 -0.018701
vn 0.187812 0.975853 0.111527
vn -0.755802 0.654533 0.018701
vn -0.943427 -0.326813 0.056025
vn -0.188464 -0.979242 0.074610
vn 0.754747 -0.653619 0.056025
vn 0.944746 0.327270 0.018701
vn -0.968148 0.087836 -0.234467
vn -0.076456 0.024364 -0.996775
vn 0.922761 0.063676 -0.380074
vn 0.646621 0.063676 0.760149
vn -0.524036 0.024364 0.851348
vn -0.968148 -0.087836 0.234467
vn -0.524035 -0.024364 -0.851348
vn 0.646621 -0.063676 -0.760149
vn 0.922761 -0.063676 0.380075
vn -0.076456 -0.024364 0.996775
vn -0.968148 0.087836 -0.234467
vn -0.076456 0.024364 -0.996775
vn 0.922761 0.063676 -0.380075
vn 0.646621 0.063676 0.760149
vn -0.524036 0.024364 0.851348
vn -0.968148 -0.087836 0.234467
vn -0.524036 -0.024364 -0.851348
vn 0.646621 -0.063676 -0.760149
vn 0.922761 -0.063676 0.380075
vn -0.076456 -0.024364 0.996775
vn -0.968148 0.087836 -0.234467
vn -0.076455 0.024364 -0.996775
vn 0.922761 0.063676 -0.380075
vn 0.646621 0.063676 0.760149
vn -0.524036 0.024364 0.851348
vn -0.968148 -0.087836 0.234467
vn -0.524036 -0.024364 -0.851348
vn 0.646621 -0.063676 -0.760149
vn 0.922761 -0.063676 0.380075
vn -0.076455 -0.024364 0.996775
vn -0.968148 0.087836 -0.234467
vn -0.076456 0.024364 -0.996775
vn 0.922761 0.063676 -0.380074
vn 0.646621 0.063676 0.760149
vn -0.524036 0.024364 0.851348
vn -0.968148 -0.087836 0.234467
vn -0.524035 -0.024364 -0.851348
vn 0.646621 -0.063676 -0.760149
vn 0.922761 -0.063676 0.380075
vn -0.076456 -0.024364 0.996775
vn -0.968148 0.087836 -0.234467
vn -0.076456 0.024364 -0.996775
vn 0.922761 0.063676 -0.380075
vn 0.646621 0.063676 0.760149
vn -0.524036 0.024364 0.851348
vn -0.968148 -0.087836 0.234467
vn -0.524036 -0.024364 -0.851348
vn 0.646621 -0.063676 -0.760149
vn 0.922761 -0.063676 0.380075
vn -0.076456 -0.024364 0.996775
vn -0.968148 0.087836 -0.234467
vn -0.076455 0.024364 -0.996775
vn 0.922761 0.063676 -0.380075
vn 0.646621 0.063676 0.760149
vn -0.524036 0.024364 0.851348
vn -0.968148 -0.087836 0.234467
vn -0.524036 -0.024364 -0.851348
vn 0.646621 -0.063676 -0.760149
vn 0.922761 -0.063676 0.380075
vn -0.076455 -0.024364 0.996775
vn -0.968148 0.087836 -0.234467
vn -0.076456 0.024364 -0.996775
vn 0.922761 0.063676 -0.380074
vn 0.646621 0.063676 0.760149
vn -0.524036 0.024364 0.851348
vn -0.968148 -0.087836 0.234467
vn -0.524035 -0.024364 -0.851348
vn 0.646621 -0.063676 -0.760149
vn 0.922761 -0.063676 0.380075
vn -0.076456 -0.024364 0.996775
vn -0.968148 0.087836 -0.234467
vn -0.076456 0.024364 -0.996775
vn 0.922761 0.063676 -0.380075
vn 0.646621 0.063676 0.760149
vn -0.524036 0.024364 0.851348
vn -0.968148 -0.087836 0.234467
vn -0.524036 -0.024364 -0.851348
vn 0.646621 -0.063676 -0.760149
vn 0.922761 -0.063676 0.380075
vn -0.076456 -0.024364 0.996775
vn -0.968148 0.087836 -0.234467
vn -0.076455 0.024364 -0.996775
vn 0.922761 0.063676 -0.380075
vn 0.646621 0.063676 0.760149
vn -0.524036 0.024364 0.851348
vn -0.968148 -0.087836 0.234467
vn -0.524036 -0.024364 -0.851348
vn 0.646621 -0.063676 -0.760149
vn 0.922761 -0.063676 0.380075
vn -0.076455 -0.024364 0.996775
vn -0.187790 0.975857 -0.111527
vn -0.944748 0.327263 -0.018702
vn -0.754737 -0.653630 -0.056026
vn 0.188442 -0.979246 -0.074608
vn 0.943429 -0.326806 -0.056024
vn 0.755792 0.654544 -0.018702
vn 0.187790 0.975857 0.111527
vn -0.755793 0.654544 0.018702
vn -0.943429 -0.326806 0.056024
vn -0.188442 -0.979246 0.074608
vn 0.754737 -0.653630 0.056026
vn 0.944748 0.327263 0.018702
vn -0.968148 0.087836 -0.234467
vn -0.076456 0.024364 -0.996775
vn 0.922761 0.063676 -0.380074
vn 0.646621 0.063676 0.760149
vn -0.524036 0.024364 0.851348
vn -0.968148 -0.087836 0.234467
vn -0.524035 -0.024364 -0.851348
vn 0.646621 -0.063676 -0.760149
vn 0.922761 -0.063676 0.380075
vn -0.076456 -0.024364 0.996775
vn -0.968148 0.087836 -0.234467
vn -0.076456 0.024364 -0.996775
vn 0.922761 0.063676 -0.380075
vn 0.646621 0.063676 0.760149
vn -0.524036 0.024364 0.851348
vn -0.968148 -0.087836 0.234467
vn -0.524036 -0.024364 -0.851348
vn 0.646621 -0.063676 -0.760149
vn 0.922761 -0.063676 0.380075
vn -0.076456 -0.024364 0.996775
vn -0.968148 0.087836 -0.234467
vn -0.076455 0.024364 -0.996775
vn 0.922761 0.063676 -0.380075
vn 0.646621 0.063676 0.760149
vn -0.524036 0.024364 0.851348
vn -0.968148 -0.087836 0.234467
vn -0.524036 -0.024364 -0.851348
vn 0.646621 -0.063676 -0.760149
vn 0.922761 -0.063676 0.380075
vn -0.076455 -0.024364 0.996775
vn -0.968148 0.087836 -0.234467
vn -0.076456 0.024364 -0.996775
vn 0.922761 0.063676 -0.380074
vn 0.646621 0.063676 0.760149
vn -0.524036 0.024364 0.851348
vn -0.968148 -0.087836 0.234467
vn -0.524035 -0.024364 -0.851348
vn 0.646621 -0.063676 -0.760149
vn 0.922761 -0.063676 0.380075
vn -0.076456 -0.024364 0.996775
vn -0.968148 0.087836 -0.234467
vn -0.076456 0.024364 -0.996775
vn 0.922761 0.063676 -0.380075
vn 0.646621 0.063676 0.760149
vn -0.524036 0.024364 0.851348
vn -0.968148 -0.087836 0.234467
vn -0.524036 -0.024364 -0.851348
vn 0.646621 -0.063676 -0.760149
vn 0.922761 -0.063676 0.380075
vn -0.076456 -0.024364 0.996775
vn -0.968148 0.087836 -0.234467
vn -0.076455 0.024364 -0.996775
vn 0.922761 0.063676 -0.380075
vn 0.646621 0.063676 0.760149
vn -0.524036 0.024364 0.851348
vn -0.968148 -0.087836 0.234467
vn -0.524036 -0.024364 -0.851348
vn 0.646621 -0.063676 -0.760149
vn 0.922761 -0.063676 0.380075
vn -0.076455 -0.024364 0.996775
vn -0.968148 0.087836 -0.234467
vn -0.076456 0.024364 -0.996775
vn 0.922761 0.063676 -0.380074
vn 0.646621 0.063676 0.760149
vn -0.524036 0.024364 0.851348
vn -0.968148 -0.087836 0.234467
vn -0.524035 -0.024364 -0.851348
vn 0.646621 -0.063676 -0.760149
vn 0.922761 -0.063676 0.380075
vn -0.076456 -0.024364 0.996775
vn -0.968148 0.087836 -0.234467
vn -0.076456 0.024364 -0.996775
vn 0.922761 0.063676 -0.380075
vn 0.646621 0.063676 0.760149
vn -0.524036 0.024364 0.851348
vn -0.968148 -0.087836 0.234467
vn -0.524036 -0.024364 -0.851348
vn 0.646621 -0.063676 -0.760149
vn 0.922761 -0.063676 0.380075
vn -0.076456 -0.024364 0.996775
vn -0.968148 0.087836 -0.234467
vn -0.076455 0.024364 -0.996775
vn 0.922761 0.063676 -0.380075
vn 0.646621 0.063676 0.760149
vn -0.524036 0.024364 0.851348
vn -0.968148 -0.087836 0.234467
vn -0.524036 -0.024364 -0.851348
vn 0.646621 -0.063676 -0.760149
vn 0.922761 -0.063676 0.380075
vn -0.076455 -0.024364 0.996775
vn -0.187812 0.975853 -0.111527
vn -0.944746 0.327270 -0.018701
vn -0.754747 -0.653619 -0.056025
vn 0.188464 -0.979242 -0.074610
vn 0.943427 -0.326813 -0.056025
vn 0.755802 0.654533 -0.018701
vn 0.187812 0.975853 0.111527
vn -0.755802 0.654533 0.018701
vn -0.943427 -0.326813 0.056025
vn -0.188464 -0.979242 0.074610
vn 0.754747 -0.653619 0.056025
vn 0.944746 0.327270 0.018701
vn -0.968148 0.087836 -0.234467
vn -0.076456 0.024364 -0.996775
vn 0.922761 0.063676 -0.380074
vn 0.646621 0.063676 0.760149
vn -0.524036 0.024364 0.851348
vn -0.968148 -0.087836 0.234467
vn -0.524035 -0.024364 -0.851348
vn 0.646621 -0.063676 -0.760149
vn 0.922761 -0.063676 0.380075
vn -0.076456 -0.024364 0.996775
vn -0.968148 0.087836 -0.234467
vn -0.076456 0.024364 -0.996775
vn 0.922761 0.063676 -0.380075
vn 0.646621 0.063676 0.760149
vn -0.524036 0.024364 0.851348
vn -0.968148 -0.087836 0.234467
vn -0.524036 -0.024364 -0.851348
vn 0.646621 -0.063676 -0.760149
vn 0.922761 -0.063676 0.380075
vn -0.076456 -0.024364 0.996775
vn -0.968148 0.087836 -0.234467
vn -0.076455 0.024364 -0.996775
vn 0.922761 0.063676 -0.380075
vn 0.646621 0.063676 0.760149
vn -0.524036 0.024364 0.851348
vn -0.968148 -0.087836 0.234467
vn -0.524036 -0.024364 -0.851348
vn 0.646621 -0.063676 -0.760149
vn 0.922761 -0.063676 0.380075
vn -0.076455 -0.024364 0.996775
vn -0.968148 0.087836 -0.234467
vn -0.076456 0.024364 -0.996775
vn 0.922762 0.063676 -0.380074
vn 0.646621 0.063676 0.760149
vn -0.524036 0.024364 0.851348
vn -0.968148 -0.087836 0.234467
vn -0.524035 -0.024364 -0.851348
vn 0.646621 -0.063676 -0.760149
vn 0.922761 -0.063676 0.380075
vn -0.076456 -0.024364 0.996775
vn -0.968148 0.087836 -0.234467
vn -0.076456 0.024364 -0.996775
vn 0.922761 0.063676 -0.380075
vn 0.646621 0.063676 0.760149
vn -0.524036 0.024364 0.851348
vn -0.968148 -0.087836 0.234467
vn -0.524036 -0.024364 -0.851348
vn 0.646621 -0.063676 -0.760149
vn 0.922761 -0.063676 0.380075
vn -0.076456 -0.024364 0.996775
vn -0.968148 0.087836 -0.234467
vn -0.076455 0.024364 -0.996775
vn 0.922761 0.063676 -0.380075
vn 0.646621 0.063676 0.760149
vn -0.524036 0.024364 0.851348
vn -0.968148 -0.087836 0.234467
vn -0.524036 -0.024364 -0.851348
vn 0.646621 -0.063676 -0.760149
vn 0.922761 -0.063676 0.380075
vn -0.076455 -0.024364 0.996775
vn -0.968148 0.087836 -0.234467
vn -0.076456 0.024364 -0.996775
vn 0.922761 0.063676 -0.380074
vn 0.646621 0.063676 0.760149
vn -0.524036 0.024364 0.851348
vn -0.968148 -0.087836 0.234467
vn -0.524035 -0.024364 -0.851348
vn 0.646621 -0.063676 -0.760149
vn 0.922761 -0.063676 0.380075
vn -0.076456 -0.024364 0.996775
vn -0.968148 0.087836 -0.234467
vn -0.076456 0.024364 -0.996775
vn 0.922761 0.063676 -0.380075
vn 0.646621 0.063676 0.760149
vn -0.524036 0.024364 0.851348
vn -0.968148 -0.087836 0.234467
vn -0.524036 -0.024364 -0.851348
vn 0.646621 -0.063676 -0.760149
vn 0.922761 -0.063676 0.380075
vn -0.076456 -0.024364 0.996775
vn -0.968148 0.087836 -0.234467
vn -0.076455 0.024364 -0.996775
vn 0.922761 0.063676 -0.380075
vn 0.646621 0.063676 0.760149
vn -0.524036 0.024364 0.851348
vn -0.968148 -0.087836 0.234467
vn -0.524036 -0.024364 -0.851348
vn 0.646621 -0.063676 -0.760149
vn 0.922761 -0.063676 0.380075
vn -0.076455 -0.024364 0.996775
vn -0.187790 0.975857 -0.111525
vn -0.944743 0.327277 -0.018701
vn -0.754747 -0.653619 -0.056024
vn 0.188464 -0.979242 -0.074608
vn 0.943427 -0.326813 -0.056024
vn 0.755783 0.654555 -0.018701
vn 0.187790 0.975857 0.111525
vn -0.755783 0.654555 0.018701
vn -0.943427 -0.326813 0.056024
vn -0.188464 -0.979242 0.074608
vn 0.754747 -0.653619 0.056024
vn 0.944743 0.327277 0.018701
vn -0.968148 0.087836 -0.234467
vn -0.076456 0.024364 -0.996775
vn 0.922761 0.063676 -0.380074
vn 0.646621 0.063676 0.760149
vn -0.524036 0.024364 0.851348
vn -0.968148 -0.087836 0.234467
vn -0.524035 -0.024364 -0.851348
vn 0.646621 -0.063676 -0.760149
vn 0.922761 -0.063676 0.380075
vn -0.076456 -0.024364 0.996775
vn -0.968148 0.087836 -0.234467
vn -0.076456 0.024364 -0.996775
vn 0.922761 0.063676 -0.380075
vn 0.646621 0.063676 0.760149
vn -0.524036 0.024364 0.851348
vn -0.968148 -0.087836 0.234467
vn -0.524036 -0.024364 -0.851348
vn 0.646621 -0.063676 -0.760149
vn 0.922761 -0.063676 0.380075
vn -0.076456 -0.024364 0.996775
vn -0.968148 0.087836 -0.234467
vn -0.076455 0.024364 -0.996775
vn 0.922761 0.063676 -0.380075
vn 0.646621 0.063676 0.760149
vn -0.524036 0.024364 0.851348
vn -0.968148 -0.087836 0.234467
vn -0.524036 -0.024364 -0.851348
vn 0.646621 -0.063676 -0.760149
vn 0.922761 -0.063676 0.380075
vn -0.076455 -0.024364 0.996775
vn -0.968148 0.087836 -0.234467
vn -0.076456 0.024364 -0.996775
vn 0.922761 0.063676 -0.380074
vn 0.646621 0.063676 0.760149
vn -0.524036 0.024364 0.851348
vn -0.968148 -0.087836 0.234467
vn -0.524035 -0.024364 -0.851348
vn 0.646621 -0.063676 -0.760149
vn 0.922761 -0.063676 0.380075
vn -0.076456 -0.024364 0.996775
vn -0.968148 0.087836 -0.234467
vn -0.076456 0.024364 -0.996775
vn 0.922761 0.063676 -0.380075
vn 0.646621 0.063676 0.760149
vn -0.524036 0.024364 0.851348
vn -0.968148 -0.087836 0.234467
vn -0.524036 -0.024364 -0.851348
vn 0.646621 -0.063676 -0.760149
vn 0.922761 -0.063676 0.380075
vn -0.076456 -0.024364 0.996775
vn -0.968148 0.087836 -0.234467
vn -0.076455 0.024364 -0.996775
vn 0.922761 0.063676 -0.380075
vn 0.646621 0.063676 0.760149
vn -0.524036 0.024364 0.851348
vn -0.968148 -0.087836 0.234467
vn -0.524036 -0.024364 -0.851348
vn 0.646621 -0.063676 -0.760149
vn 0.922761 -0.063676 0.380075
vn -0.076455 -0.024364 0.996775
vn -0.968148 0.087836 -0.234467
vn -0.076456 0.024364 -0.996775
vn 0.922761 0.063676 -0.380074
vn 0.646621 0.063676 0.760149
vn -0.524036 0.024364 0.851348
vn -0.968148 -0.087836 0.234467
vn -0.524035 -0.024364 -0.851348
vn 0.646621 -0.063676 -0.760149
vn 0.922761 -0.063676 0.380075
vn -0.076456 -0.024364 0.996775
vn -0.968148 0.087836 -0.234467
vn -0.076456 0.024364 -0.996775
vn 0.922761 0.063676 -0.380075
vn 0.646621 0.063676 0.760149
vn -0.524036 0.024364 0.851348
vn -0.968148 -0.087836 0.234467
vn -0.524036 -0.024364 -0.851348
vn 0.646621 -0.063676 -0.760149
vn 0.922761 -0.063676 0.380075
vn -0.076456 -0.024364 0.996775
vn -0.968148 0.087836 -0.234467
vn -0.076455 0.024364 -0.996775
vn 0.922761 0.063676 -0.380075
vn 0.646621 0.063676 0.760149
vn -0.524036 0.024364 0.851348
vn -0.968148 -0.087836 0.234467
vn -0.524036 -0.024364 -0.851348
vn 0.646621 -0.063676 -0.760149
vn 0.922761 -0.063676 0.380075
vn -0.076455 -0.024364 0.996775
vn -0.187812 0.975853 -0.111525
vn -0.944746 0.327270 -0.018701
vn -0.754728 -0.653641 -0.056026
vn 0.188442 -0.979246 -0.074608
vn 0.943424 -0.326820 -0.056026
vn 0.755802 0.654533 -0.018701
vn 0.187812 0.975853 0.111525
vn -0.755802 0.654533 0.018701
vn -0.943425 -0.326820 0.056026
vn -0.188442 -0.979246 0.074608
vn 0.754728 -0.653641 0.056026
vn 0.944746 0.327270 0.018701
vn -0.968148 0.087836 -0.234467
vn -0.076456 0.024364 -0.996775
vn 0.922761 0.063676 -0.380074
vn 0.646621 0.063676 0.760149
vn -0.524036 0.024364 0.851348
vn -0.968148 -0.087836 0.234467
vn -0.524035 -0.024364 -0.851348
vn 0.646621 -0.063676 -0.760149
vn 0.922761 -0.063676 0.380075
vn -0.076456 -0.024364 0.996775
vn -0.968148 0.087836 -0.234467
vn -0.076456 0.024364 -0.996775
vn 0.922761 0.063676 -0.380075
vn 0.646621 0.063676 0.760149
vn -0.524036 0.024364 0.851348
vn -0.968148 -0.087836 0.234467
vn -0.524036 -0.024364 -0.851348
vn 0.646621 -0.063676 -0.760149
vn 0.922761 -0.063676 0.380075
vn -0.076456 -0.024364 0.996775
vn -0.968148 0.087836 -0.234467
vn -0.076455 0.024364 -0.996775
vn 0.922761 0.063676 -0.380075
vn 0.646621 0.063676 0.760149
vn -0.524036 0.024364 0.851348
vn -0.968148 -0.087836 0.234467
vn -0.524036 -0.024364 -0.851348
vn 0.646621 -0.063676 -0.760149
vn 0.922761 -0.063676 0.380075
vn -0.076455 -0.024364 0.996775
vn -0.968148 0.087836 -0.234467
vn -0.076456 0.024364 -0.996775
vn 0.922762 0.063676 -0.380074
vn 0.646621 0.063676 0.760149
vn -0.524036 0.024364 0.851348
vn -0.968148 -0.087836 0.234467
vn -0.524035 -0.024364 -0.851348
vn 0.646621 -0.063676 -0.760149
vn 0.922761 -0.063676 0.380075
vn -0.076456 -0.024364 0.996775
vn -0.968148 0.087836 -0.234467
vn -0.076456 0.024364 -0.996775
vn 0.922761 0.063676 -0.380075
vn 0.646621 0.063676 0.760149
vn -0.524036 0.024364 0.851348
vn -0.968148 -0.087836 0.234467
vn -0.524036 -0.024364 -0.851348
vn 0.646621 -0.063676 -0.760149
vn 0.922761 -0.063676 0.380075
vn -0.076456 -0.024364 0.996775
vn -0.968148 0.087836 -0.234467
vn -0.076455 0.024364 -0.996775
vn 0.922761 0.063676 -0.380075
vn 0.646621 0.063676 0.760149
vn -0.524036 0.024364 0.851348
vn -0.968148 -0.087836 0.234467
vn -0.524036 -0.024364 -0.851348
vn 0.646621 -0.063676 -0.760149
vn 0.922761 -0.063676 0.380075
vn -0.076455 -0.024364 0.996775
vn -0.968148 0.087836 -0.234467
vn -0.076456 0.024364 -0.996775
vn 0.922761 0.063676 -0.380074
vn 0.646621 0.063676 0.760149
vn -0.524036 0.024364 0.851348
vn -0.968148 -0.087836 0.234467
vn -0.524035 -0.024364 -0.851348
vn 0.646621 -0.063676 -0.760149
vn 0.922761 -0.063676 0.380075
vn -0.076456 -0.024364 0.996775
vn -0.968148 0.087836 -0.234467
vn -0.076456 0.024364 -0.996775
vn 0.922761 0.063676 -0.380075
vn 0.646621 0.063676 0.760149
vn -0.524036 0.024364 0.851348
vn -0.968148 -0.087836 0.234467
vn -0.524036 -0.024364 -0.851348
vn 0.646621 -0.063676 -0.760149
vn 0.922761 -0.063676 0.380075
vn -0.076456 -0.024364 0.996775
vn -0.968148 0.087836 -0.234467
vn -0.076455 0.024364 -0.996775
vn 0.922761 0.063676 -0.380075
vn 0.646621 0.063676 0.760149
vn -0.524036 0.024364 0.851348
vn -0.968148 -0.087836 0.234467
vn -0.524036 -0.024364 -0.851348
vn 0.646621 -0.063676 -0.760149
vn 0.922761 -0.063676 0.380075
vn -0.076455 -0.024364 0.996775
vn -0.187801 0.975855 -0.111525
vn -0.944745 0.327273 -0.018701
vn -0.754738 -0.653630 -0.056025
vn 0.188453 -0.979244 -0.074608
vn 0.943426 -0.326817 -0.056025
vn 0.755792 0.654544 -0.018701
vn 0.187801 0.975855 0.111525
vn -0.755793 0.654544 0.018701
vn -0.943426 -0.326816 0.056025
vn -0.188453 -0.979244 0.074608
vn 0.754737 -0.653630 0.056025
vn 0.944745 0.327273 0.018701
vn -0.968148 0.087836 -0.234467
vn -0.076456 0.024364 -0.996775
vn 0.922761 0.063676 -0.380074
vn 0.646621 0.063676 0.760149
vn -0.524036 0.024364 0.851348
vn -0.968148 -0.087836 0.234467
vn -0.524035 -0.024364 -0.851348
vn 0.646621 -0.063676 -0.760149
vn 0.922761 -0.063676 0.380075
vn -0.076456 -0.024364 0.996775
vn -0.968148 0.087836 -0.234467
vn -0.076456 0.024364 -0.996775
vn 0.922761 0.063676 -0.380075
vn 0.646621 0.063676 0.760149
vn -0.524036 0.024364 0.851348
vn -0.968148 -0.087836 0.234467
vn -0.524036 -0.024364 -0.851348
vn 0.646621 -0.063676 -0.760149
vn 0.922761 -0.063676 0.380075
vn -0.076456 -0.024364 0.996775
vn -0.968148 0.087836 -0.234467
vn -0.076455 0.024364 -0.996775
vn 0.922761 0.063676 -0.380075
vn 0.646621 0.063676 0.760149
vn -0.524036 0.024364 0.851348
vn -0.968148 -0.087836 0.234467
vn -0.524036 -0.024364 -0.851348
vn 0.646621 -0.063676 -0.760149
vn 0.922761 -0.063676 0.380075
vn -0.076455 -0.024364 0.996775
vn -0.968148 0.087836 -0.234467
vn -0.076456 0.024364 -0.996775
vn 0.922762 0.063676 -0.380074
vn 0.646621 0.063676 0.760149
vn -0.524036 0.024364 0.851348
vn -0.968148 -0.087836 0.234467
vn -0.524035 -0.024364 -0.851348
vn 0.646621 -0.063676 -0.760149
vn 0.922761 -0.063676 0.380075
vn -0.076456 -0.024364 0.996775
vn -0.968148 0.087836 -0.234467
vn -0.076456 0.024364 -0.996775
vn 0.922761 0.063676 -0.380075
vn 0.646621 0.063676 0.760149
vn -0.524036 0.024364 0.851348
vn -0.968148 -0.087836 0.234467
vn -0.524036 -0.024364 -0.851348
vn 0.646621 -0.063676 -0.760149
vn 0.922761 -0.063676 0.380075
vn -0.076456 -0.024364 0.996775
vn -0.968148 0.087836 -0.234467
vn -0.076455 0.024364 -0.996775
vn 0.922761 0.063676 -0.380075
vn 0.646621 0.063676 0.760149
vn -0.524036 0.024364 0.851348
vn -0.968148 -0.087836 0.234467
vn -0.524036 -0.024364 -0.851348
vn 0.646621 -0.063676 -0.760149
vn 0.922761 -0.063676 0.380075
vn -0.076455 -0.024364 0.996775
vn -0.968148 0.087836 -0.234467
vn -0.076456 0.024364 -0.996775
vn 0.922761 0.063676 -0.380074
vn 0.646621 0.063676 0.760149
vn -0.524036 0.024364 0.851348
vn -0.968148 -0.087836 0.234467
vn -0.524035 -0.024364 -0.851348
vn 0.646621 -0.063676 -0.760149
vn 0.922761 -0.063676 0.380075
vn -0.076456 -0.024364 0.996775
vn -0.968148 0.087836 -0.234467
vn -0.076456 0.024364 -0.996775
vn 0.922761 0.063676 -0.380075
vn 0.646621 0.063676 0.760149
vn -0.524036 0.024364 0.851348
vn -0.968148 -0.087836 0.234467
vn -0.524036 -0.024364 -0.851348
vn 0.646621 -0.063676 -0.760149
vn 0.922761 -0.063676 0.380075
vn -0.076456 -0.024364 0.996775
vn -0.968148 0.087836 -0.234467
vn -0.076455 0.024364 -0.996775
vn 0.922761 0.063676 -0.380075
vn 0.646621 0.063676 0.760149
vn -0.524036 0.024364 0.851348
vn -0.968148 -0.087836 0.234467
vn -0.524036 -0.024364 -0.851348
vn 0.646621 -0.063676 -0.760149
vn 0.922761 -0.063676 0.380075
vn -0.076455 -0.024364 0.996775
vn -0.187812 0.975853 -0.111526
vn -0.944746 0.327270 -0.018701
vn -0.754738 -0.653630 -0.056025
vn 0.188453 -0.979244 -0.074609
vn 0.943426 -0.326817 -0.056026
vn 0.755802 0.654533 -0.018701
vn 0.187812 0.975853 0.111526
vn -0.755802 0.654533 0.018701
vn -0.943426 -0.326816 0.056026
vn -0.188453 -0.979244 0.074609
vn 0.754737 -0.653630 0.056025
vn 0.944746 0.327270 0.018701
vn -0.968148 0.087836 -0.234467
vn -0.076456 0.024364 -0.996775
vn 0.922761 0.063676 -0.380074
vn 0.646621 0.063676 0.760149
vn -0.524036 0.024364 0.851348
vn -0.968148 -0.087836 0.234467
vn -0.524035 -0.024364 -0.851348
vn 0.646621 -0.063676 -0.760149
vn 0.922761 -0.063676 0.380075
vn -0.076456 -0.024364 0.996775
vn -0.968148 0.087836 -0.234467
vn -0.076456 0.024364 -0.996775
vn 0.922761 0.063676 -0.380075
vn 0.646621 0.063676 0.760149
vn -0.524036 0.024364 0.851348
vn -0.968148 -0.087836 0.234467
vn -0.524036 -0.024364 -0.851348
vn 0.646621 -0.063676 -0.760149
vn 0.922761 -0.063676 0.380075
vn -0.076456 -0.024364 0.996775
vn -0.968148 0.087836 -0.234467
vn -0.076455 0.024364 -0.996775
vn 0.922761 0.063676 -0.380075
vn 0.646621 0.063676 0.760149
vn -0.524036 0.024364 0.851348
vn -0.968148 -0.087836 0.234467
vn -0.524036 -0.024364 -0.851348
vn 0.646621 -0.063676 -0.760149
vn 0.922761 -0.063676 0.380075
vn -0.076455 -0.024364 0.996775
vn -0.968148 0.087836 -0.234467
vn -0.076456 0.024364 -0.996775
vn 0.922761 0.063676 -0.380074
vn 0.646621 0.063676 0.760149
vn -0.524036 0.024364 0.851348
vn -0.968148 -0.087836 0.234467
vn -0.524035 -0.024364 -0.851348
vn 0.646621 -0.063676 -0.760149
vn 0.922761 -0.063676 0.380075
vn -0.076456 -0.024364 0.996775
vn -0.968148 0.087836 -0.234467
vn -0.076456 0.024364 -0.996775
vn 0.922761 0.063676 -0.380075
vn 0.646621 0.063676 0.760149
vn -0.524036 0.024364 0.851348
vn -0.968148 -0.087836 0.234467
vn -0.524036 -0.024364 -0.851348
vn 0.646621 -0.063676 -0.760149
vn 0.922761 -0.063676 0.380075
vn -0.076456 -0.024364 0.996775
vn -0.968148 0.087836 -0.234467
vn -0.076455 0.024364 -0.996775
vn 0.922761 0.063676 -0.380075
vn 0.646621 0.063676 0.760149
vn -0.524036 0.024364 0.851348
vn -0.968148 -0.087836 0.234467
vn -0.524036 -0.024364 -0.851348
vn 0.646621 -0.063676 -0.760149
vn 0.922761 -0.063676 0.380075
vn -0.076455 -0.024364 0.996775
vn -0.968148 0.087836 -0.234467
vn -0.076456 0.024364 -0.996775
vn 0.922762 0.063676 -0.380074
vn 0.646621 0.063676 0.760149
vn -0.524036 0.024364 0.851348
vn -0.968148 -0.087836 0.234467
vn -0.524035 -0.024364 -0.851348
vn 0.646621 -0.063676 -0.760149
vn 0.922761 -0.063676 0.380075
vn -0.076456 -0.024364 0.996775
vn -0.968148 0.087836 -0.234467
vn -0.076456 0.024364 -0.996775
vn 0.922761 0.063676 -0.380075
vn 0.646621 0.063676 0.760149
vn -0.524036 0.024364 0.851348
vn -0.968148 -0.087836 0.234467
vn -0.524036 -0.024364 -0.851348
vn 0.646621 -0.063676 -0.760149
vn 0.922761 -0.063676 0.380075
vn -0.076456 -0.024364 0.996775
vn -0.968148 0.087836 -0.234467
vn -0.076455 0.024364 -0.996775
vn 0.922761 0.063676 -0.380075
vn 0.646621 0.063676 0.760149
vn -0.524036 0.024364 0.851348
vn -0.968148 -0.087836 0.234467
vn -0.524036 -0.024364 -0.851348
vn 0.646621 -0.063676 -0.760149
vn 0.922761 -0.063676 0.380075
vn -0.076455 -0.024364 0.996775
vn -0.187801 0.975855 -0.111527
vn -0.944747 0.327266 -0.018701
vn -0.754742 -0.653625 -0.056025
vn 0.188453 -0.979244 -0.074609
vn 0.943428 -0.326810 -0.056025
vn 0.755797 0.654539 -0.018701
vn 0.187801 0.975855 0.111527
vn -0.755797 0.654538 0.018701
vn -0.943428 -0.326809 0.056025
vn -0.188453 -0.979244 0.074609
vn 0.754742 -0.653625 0.056025
vn 0.944747 0.327266 0.018701
vn -0.968148 0.087836 -0.234467
vn -0.076456 0.024364 -0.996775
vn 0.922761 0.063676 -0.380074
vn 0.646621 0.063676 0.760149
vn -0.524036 0.024364 0.851348
vn -0.968148 -0.087836 0.234467
vn -0.524035 -0.024364 -0.851348
vn 0.646621 -0.063676 -0.760149
vn 0.922761 -0.063676 0.380075
vn -0.076456 -0.024364 0.996775
vn -0.968148 0.087836 -0.234467
vn -0.076456 0.024364 -0.996775
vn 0.922761 0.063676 -0.380075
vn 0.646621 0.063676 0.760149
vn -0.524036 0.024364 0.851348
vn -0.968148 -0.087836 0.234467
vn -0.524036 -0.024364 -0.851348
vn 0.646621 -0.063676 -0.760149
vn 0.922761 -0.063676 0.380075
vn -0.076456 -0.024364 0.996775
vn -0.968148 0.087836 -0.234467
vn -0.076455 0.024364 -0.996775
vn 0.922761 0.063676 -0.380075
vn 0.646621 0.063676 0.760149
vn -0.524036 0.024364 0.851348
vn -0.968148 -0.087836 0.234467
vn -0.524036 -0.024364 -0.851348
vn 0.646621 -0.063676 -0.760149
vn 0.922761 -0.063676 0.380075
vn -0.076455 -0.024364 0.996775
vn -0.968148 0.087836 -0.234467
vn -0.076456 0.024364 -0.996775
vn 0.922761 0.063676 -0.380074
vn 0.646621 0.063676 0.760149
vn -0.524036 0.024364 0.851348
vn -0.968148 -0.087836 0.234467
vn -0.524035 -0.024364 -0.851348
vn 0.646621 -0.063676 -0.760149
vn 0.922761 -0.063676 0.380075
vn -0.076456 -0.024364 0.996775
vn -0.968148 0.087836 -0.234467
vn -0.076456 0.024364 -0.996775
vn 0.922761 0.063676 -0.380075
vn 0.646621 0.063676 0.760149
vn -0.524036 0.024364 0.851348
vn -0.968148 -0.087836 0.234467
vn -0.524036 -0.024364 -0.851348
vn 0.646621 -0.063676 -0.760149
vn 0.922761 -0.063676 0.380075
vn -0.076456 -0.024364 0.996775
vn -0.968148 0.087836 -0.234467
vn -0.076455 0.024364 -0.996775
vn 0.922761 0.063676 -0.380075
vn 0.646621 0.063676 0.760149
vn -0.524036 0.024364 0.851348
vn -0.968148 -0.087836 0.234467
vn -0.524036 -0.024364 -0.851348
vn 0.646621 -0.063676 -0.760149
vn 0.922761 -0.063676 0.380075
vn -0.076455 -0.024364 0.996775
vn -0.968148 0.087836 -0.234467
vn -0.076456 0.024364 -0.996775
vn 0.922761 0.063676 -0.380074
vn 0.646621 0.063676 0.760149
vn -0.524036 0.024364 0.851348
vn -0.968148 -0.087836 0.234467
vn -0.524035 -0.024364 -0.851348
vn 0.646621 -0.063676 -0.760149
vn 0.922761 -0.063676 0.380075
vn -0.076456 -0.024364 0.996775
vn -0.968148 0.087836 -0.234467
vn -0.076456 0.024364 -0.996775
vn 0.922761 0.063676 -0.380075
vn 0.646621 0.063676 0.760149
vn -0.524036 0.024364 0.851348
vn -0.968148 -0.087836 0.234467
vn -0.524036 -0.024364 -0.851348
vn 0.646621 -0.063676 -0.760149
vn 0.922761 -0.063676 0.380075
vn -0.076456 -0.024364 0.996775
vn -0.968148 0.087836 -0.234467
vn -0.076455 0.024364 -0.996775
vn 0.922761 0.063676 -0.380075
vn 0.646621 0.063676 0.760149
vn -0.524036 0.024364 0.851348
vn -0.968148 -0.087836 0.234467
vn -0.524036 -0.024364 -0.851348
vn 0.646621 -0.063676 -0.760149
vn 0.922761 -0.063676 0.380075
vn -0.076455 -0.024364 0.996775
vn -0.187801 0.975855 -0.111527
vn -0.944747 0.327266 -0.018701
vn -0.754742 -0.653625 -0.056025
vn 0.188453 -0.979244 -0.074609
vn 0.943428 -0.326810 -0.056025
vn 0.755797 0.654539 -0.018701
vn 0.187801 0.975855 0.111527
vn -0.755797 0.654538 0.018701
vn -0.943428 -0.326809 0.056025
vn -0.188453 -0.979244 0.074609
vn 0.754742 -0.653625 0.056025
vn 0.944747 0.327266 0.018701
vn -0.968148 0.087836 -0.234467
vn -0.076456 0.024364 -0.996775
vn 0.922762 0.063676 -0.380074
vn 0.646621 0.063676 0.760149
vn -0.524036 0.024364 0.851348
vn -0.968148 -0.087836 0.234467
vn -0.524035 -0.024364 -0.851348
vn 0.646621 -0.063676 -0.760149
vn 0.922761 -0.063676 0.380075
vn -0.076456 -0.024364 0.996775
vn -0.968148 0.087836 -0.234467
vn -0.076456 0.024364 -0.996775
vn 0.922761 0.063676 -0.380075
vn 0.646621 0.063676 0.760149
vn -0.524036 0.024364 0.851348
vn -0.968148 -0.087836 0.234467
vn -0.524036 -0.024364 -0.851348
vn 0.646621 -0.063676 -0.760149
vn 0.922761 -0.063676 0.380075
vn -0.076456 -0.024364 0.996775
vn -0.968148 0.087836 -0.234467
vn -0.076455 0.024364 -0.996775
vn 0.922761 0.063676 -0.380075
vn 0.646621 0.063676 0.760149
vn -0.524036 0.024364 0.851348
vn -0.968148 -0.087836 0.234467
vn -0.524036 -0.024364 -0.851348
vn 0.646621 -0.063676 -0.760149
vn 0.922761 -0.063676 0.380075
vn -0.076455 -0.024364 0.996775
vn -0.968148 0.087836 -0.234467
vn -0.076456 0.024364 -0.996775
vn 0.922761 0.063676 -0.380074
vn 0.646621 0.063676 0.760149
vn -0.524036 0.024364 0.851348
vn -0.968148 -0.087836 0.234467
vn -0.524035 -0.024364 -0.851348
vn 0.646621 -0.063676 -0.760149
vn 0.922761 -0.063676 0.380075
vn -0.076456 -0.024364 0.996775
vn -0.968148 0.087836 -0.234467
vn -0.076456 0.024364 -0.996775
vn 0.922761 0.063676 -0.380075
vn 0.646621 0.063676 0.760149
vn -0.524036 0.024364 0.851348
vn -0.968148 -0.087836 0.234467
vn -0.524036 -0.024364 -0.851348
vn 0.646621 -0.063676 -0.760149
vn 0.922761 -0.063676 0.380075
vn -0.076456 -0.024364 0.996775
vn -0.968148 0.087836 -0.234467
vn -0.076455 0.024364 -0.996775
vn 0.922761 0.063676 -0.380075
vn 0.646621 0.063676 0.760149
vn -0.524036 0.024364 0.851348
vn -0.968148 -0.087836 0.234467
vn -0.524036 -0.024364 -0.851348
vn 0.646621 -0.063676 -0.760149
vn 0.922761 -0.063676 0.380075
vn -0.076455 -0.024364 0.996775
vn -0.968148 0.087836 -0.234467
vn -0.076456 0.024364 -0.996775
vn 0.922761 0.063676 -0.380074
vn 0.646621 0.063676 0.760149
vn -0.524036 0.024364 0.851348
vn -0.968148 -0.087836 0.234467
vn -0.524035 -0.024364 -0.851348
vn 0.646621 -0.063676 -0.760149
vn 0.922761 -0.063676 0.380075
vn -0.076456 -0.024364 0.996775
vn -0.968905 0.077649 -0.234933
vn -0.076676 0.018395 -0.996886
vn 0.921845 0.074137 -0.380402
vn 0.645679 0.077507 0.759665
vn -0.524343 0.023859 0.851173
vn -0.966816 -0.100360 0.234933
vn -0.523638 -0.036154 -0.851173
vn 0.647320 -0.062337 -0.759665
vn 0.923330 -0.052488 0.380403
vn -0.076223 -0.020189 0.996886
vn -0.968905 0.077649 -0.234933
vn -0.076675 0.018395 -0.996886
vn 0.921845 0.074136 -0.380402
vn 0.645679 0.077507 0.759665
vn -0.524343 0.023859 0.851173
vn -0.966816 -0.100360 0.234933
vn -0.523638 -0.036154 -0.851173
vn 0.647320 -0.062337 -0.759665
vn 0.923330 -0.052488 0.380403
vn -0.076223 -0.020189 0.996886
vn -0.187806 0.975854 -0.111526
vn -0.944746 0.327268 -0.018701
vn -0.754740 -0.653627 -0.056025
vn 0.188453 -0.979244 -0.074609
vn 0.943427 -0.326813 -0.056025
vn 0.755800 0.654536 -0.018701
vn 0.187806 0.975854 0.111526
vn -0.755800 0.654536 0.018701
vn -0.943427 -0.326813 0.056025
vn -0.188453 -0.979244 0.074609
vn 0.754740 -0.653628 0.056025
vn 0.944746 0.327268 0.018701
vn -0.968905 0.077649 -0.234933
vn -0.076676 0.018395 -0.996886
vn 0.921845 0.074137 -0.380402
vn 0.645679 0.077507 0.759665
vn -0.524343 0.023859 0.851173
vn -0.966816 -0.100360 0.234933
vn -0.523638 -0.036154 -0.851173
vn 0.647320 -0.062337 -0.759665
vn 0.923330 -0.052488 0.380403
vn -0.076222 -0.020189 0.996886
vn -0.971091 -0.011781 -0.238419
vn -0.074119 -0.027765 -0.996863
vn 0.913430 0.138515 -0.382700
vn 0.633541 0.164523 0.756015
vn -0.527871 0.014399 0.849203
vn -0.955263 -0.175011 0.238419
vn -0.515270 -0.115549 -0.849203
vn 0.653347 -0.039738 -0.756015
vn 0.923025 0.039560 0.382700
vn -0.078073 0.013007 0.996863
vn -0.971091 -0.011781 -0.238419
vn -0.074119 -0.027765 -0.996863
vn 0.913430 0.138515 -0.382700
vn 0.633541 0.164523 0.756015
vn -0.527871 0.014399 0.849203
vn -0.955263 -0.175011 0.238419
vn -0.515270 -0.115549 -0.849203
vn 0.653348 -0.039738 -0.756015
vn 0.923025 0.039560 0.382700
vn -0.078072 0.013007 0.996863
vn -0.971091 -0.011781 -0.238419
vn -0.074119 -0.027765 -0.996863
vn 0.913430 0.138515 -0.382700
vn 0.633541 0.164523 0.756015
vn -0.527871 0.014399 0.849202
vn -0.955263 -0.175011 0.238419
vn -0.515270 -0.115549 -0.849203
vn 0.653348 -0.039737 -0.756014
vn 0.923025 0.039560 0.382700
vn -0.078073 0.013007 0.996863
vn -0.963579 -0.114972 -0.241449
vn -0.063536 -0.073391 -0.995277
vn 0.898746 0.211019 -0.384351
vn 0.609036 0.253891 0.751408
vn -0.533204 -0.003889 0.845978
vn -0.935797 -0.256876 0.241450
vn -0.495307 -0.197467 -0.845978
vn 0.659815 -0.005483 -0.751408
vn 0.911970 0.143472 0.384352
vn -0.086521 0.044014 0.995277
vn -0.963579 -0.114972 -0.241449
vn -0.063536 -0.073391 -0.995277
vn 0.898746 0.211019 -0.384351
vn 0.609036 0.253891 0.751408
vn -0.533204 -0.003889 0.845978
vn -0.935797 -0.256876 0.241450
vn -0.495306 -0.197467 -0.845978
vn 0.659815 -0.005483 -0.751408
vn 0.911970 0.143472 0.384352
vn -0.086521 0.044014 0.995277
vn -0.963579 -0.114972 -0.241450
vn -0.063536 -0.073391 -0.995277
vn 0.898747 0.211019 -0.384351
vn 0.609036 0.253891 0.751408
vn -0.533204 -0.003889 0.845978
vn -0.935797 -0.256876 0.241450
vn -0.495306 -0.197467 -0.845978
vn 0.659815 -0.005483 -0.751408
vn 0.911970 0.143472 0.384351
vn -0.086522 0.044014 0.995277
vn -0.946090 -0.213857 -0.243268
vn -0.048567 -0.104616 -0.993326
vn 0.877175 0.286793 -0.385115
vn 0.576040 0.330445 0.747652
vn -0.536751 -0.033849 0.843061
vn -0.908572 -0.339584 0.243268
vn -0.467525 -0.265832 -0.843062
vn 0.662929 0.039270 -0.747652
vn 0.890897 0.240809 0.385115
vn -0.097956 0.060893 0.993326
vn -0.946090 -0.213857 -0.243268
vn -0.048566 -0.104616 -0.993326
vn 0.877175 0.286793 -0.385115
vn 0.576040 0.330445 0.747652
vn -0.536751 -0.033849 0.843061
vn -0.908572 -0.339584 0.243268
vn -0.467526 -0.265833 -0.843062
vn 0.662929 0.039270 -0.747652
vn 0.890897 0.240809 0.385115
vn -0.097956 0.060893 0.993326
vn -0.187801 0.975855 -0.111526
vn -0.944746 0.327270 -0.018701
vn -0.754740 -0.653628 -0.056025
vn 0.188453 -0.979244 -0.074609
vn 0.943427 -0.326813 -0.056025
vn 0.755795 0.654541 -0.018701
vn 0.187801 0.975855 0.111526
vn -0.755795 0.654541 0.018701
vn -0.943427 -0.326813 0.056025
vn -0.188453 -0.979244 0.074609
vn 0.754740 -0.653628 0.056025
vn 0.944746 0.327270 0.018701
vn -0.946090 -0.213857 -0.243268
vn -0.048567 -0.104616 -0.993326
vn 0.877175 0.286793 -0.385115
vn 0.576040 0.330445 0.747652
vn -0.536751 -0.033849 0.843061
vn -0.908572 -0.339584 0.243268
vn -0.467526 -0.265833 -0.843062
vn 0.662929 0.039270 -0.747652
vn 0.890897 0.240809 0.385115
vn -0.097955 0.060893 0.993326
vn -0.920076 -0.306546 -0.243906
vn -0.034459 -0.118107 -0.992403
vn 0.846898 0.366448 -0.385330
vn 0.538653 0.391396 0.746098
vn -0.534168 -0.077663 0.841804
vn -0.872532 -0.423320 0.243903
vn -0.436498 -0.317547 -0.841804
vn 0.658855 0.096173 -0.746097
vn 0.862008 0.329338 0.385330
vn -0.107159 0.060447 0.992403
vn -0.920076 -0.306546 -0.243906
vn -0.034460 -0.118107 -0.992403
vn 0.846898 0.366448 -0.385330
vn 0.538654 0.391396 0.746098
vn -0.534167 -0.077663 0.841804
vn -0.872532 -0.423320 0.243903
vn -0.436499 -0.317547 -0.841803
vn 0.658855 0.096173 -0.746097
vn 0.862008 0.329338 0.385330
vn -0.107159 0.060447 0.992403
vn -0.920076 -0.306546 -0.243906
vn -0.034459 -0.118107 -0.992403
vn 0.846898 0.366448 -0.385330
vn 0.538653 0.391396 0.746098
vn -0.534168 -0.077663 0.841804
vn -0.872532 -0.423320 0.243903
vn -0.436498 -0.317547 -0.841804
vn 0.658855 0.096173 -0.746097
vn 0.862007 0.329338 0.385330
vn -0.107159 0.060447 0.992403
vn -0.887117 -0.392141 -0.243410
vn -0.026537 -0.113953 -0.993132
vn 0.806138 0.449208 -0.385167
vn 0.501060 0.436414 0.747317
vn -0.521113 -0.134694 0.842792
vn -0.826666 -0.507322 0.243409
vn -0.406878 -0.352353 -0.842791
vn 0.643797 0.164453 -0.747316
vn 0.827630 0.408259 0.385166
vn -0.108856 0.042894 0.993132
vn -0.887117 -0.392141 -0.243410
vn -0.026536 -0.113953 -0.993132
vn 0.806138 0.449208 -0.385167
vn 0.501060 0.436414 0.747316
vn -0.521114 -0.134694 0.842792
vn -0.826666 -0.507322 0.243409
vn -0.406878 -0.352353 -0.842792
vn 0.643796 0.164453 -0.747316
vn 0.827630 0.408259 0.385166
vn -0.108856 0.042894 0.993132
vn -0.887117 -0.392141 -0.243410
vn -0.026537 -0.113953 -0.993132
vn 0.806138 0.449209 -0.385167
vn 0.501060 0.436414 0.747317
vn -0.521114 -0.134694 0.842792
vn -0.826666 -0.507322 0.243409
vn -0.406878 -0.352353 -0.842792
vn 0.643797 0.164453 -0.747316
vn 0.827630 0.408259 0.385166
vn -0.108856 0.042894 0.993132
vn -0.848524 -0.470708 -0.241744
vn -0.028915 -0.095376 -0.995021
vn 0.753706 0.533007 -0.384489
vn 0.466649 0.467385 0.750859
vn -0.494281 -0.201759 0.845565
vn -0.770412 -0.589936 0.241745
vn -0.382369 -0.372578 -0.845564
vn 0.614858 0.241163 -0.750860
vn 0.789660 0.478128 0.384488
vn -0.098987 0.011581 0.995021
vn -0.848525 -0.470708 -0.241743
vn -0.028915 -0.095376 -0.995021
vn 0.753706 0.533007 -0.384489
vn 0.466649 0.467386 0.750859
vn -0.494282 -0.201759 0.845564
vn -0.770412 -0.589936 0.241745
vn -0.382370 -0.372578 -0.845564
vn 0.614858 0.241163 -0.750860
vn 0.789660 0.478128 0.384487
vn -0.098987 0.011581 0.995021
vn -0.187801 0.975855 -0.111526
vn -0.944746 0.327270 -0.018701
vn -0.754742 -0.653625 -0.056025
vn 0.188456 -0.979244 -0.074609
vn 0.943427 -0.326812 -0.056025
vn 0.755795 0.654541 -0.018701
vn 0.187801 0.975855 0.111526
vn -0.755795 0.654541 0.018701
vn -0.943427 -0.326812 0.056025
vn -0.188456 -0.979244 0.074609
vn 0.754742 -0.653625 0.056025
vn 0.944746 0.327270 0.018701
vn -0.848525 -0.470708 -0.241743
vn -0.028915 -0.095375 -0.995021
vn 0.753706 0.533007 -0.384489
vn 0.466649 0.467385 0.750859
vn -0.494282 -0.201759 0.845564
vn -0.770412 -0.589936 0.241745
vn -0.382369 -0.372578 -0.845564
vn 0.614858 0.241163 -0.750859
vn 0.789660 0.478128 0.384488
vn -0.098987 0.011581 0.995021
vn -0.805005 -0.543058 -0.238862
vn -0.043380 -0.068080 -0.996736
vn 0.689466 0.614796 -0.382964
vn 0.437213 0.488002 0.755446
vn -0.452329 -0.273636 0.848836
vn -0.703971 -0.668857 0.238863
vn -0.364795 -0.382626 -0.848836
vn 0.570849 0.321609 -0.755446
vn 0.749088 0.540560 0.382964
vn -0.075836 -0.027668 0.996736
vn -0.805005 -0.543058 -0.238862
vn -0.043380 -0.068080 -0.996736
vn 0.689467 0.614796 -0.382964
vn 0.437213 0.488002 0.755446
vn -0.452329 -0.273636 0.848835
vn -0.703971 -0.668857 0.238863
vn -0.364795 -0.382626 -0.848835
vn 0.570849 0.321609 -0.755446
vn 0.749088 0.540560 0.382964
vn -0.075837 -0.027668 0.996736
vn -0.805005 -0.543058 -0.238862
vn -0.043380 -0.068080 -0.996736
vn 0.689466 0.614796 -0.382964
vn 0.437213 0.488002 0.755446
vn -0.452329 -0.273636 0.848836
vn -0.703971 -0.668857 0.238863
vn -0.364795 -0.382626 -0.848836
vn 0.570849 0.321609 -0.755446
vn 0.749088 0.540560 0.382964
vn -0.075836 -0.027668 0.996736
vn -0.781616 -0.577788 -0.235027
vn -0.070885 -0.036405 -0.996820
vn 0.607896 0.696990 -0.380352
vn 0.399020 0.516707 0.757494
vn -0.410023 -0.329118 0.850625
vn -0.614875 -0.752789 0.235026
vn -0.348543 -0.393643 -0.850625
vn 0.535382 0.373591 -0.757493
vn 0.725545 0.573512 0.380353
vn -0.039788 -0.069044 0.996820
vn -0.781616 -0.577788 -0.235028
vn -0.070885 -0.036406 -0.996820
vn 0.607896 0.696990 -0.380352
vn 0.399020 0.516707 0.757494
vn -0.410023 -0.329118 0.850625
vn -0.614875 -0.752789 0.235026
vn -0.348543 -0.393643 -0.850625
vn 0.535382 0.373591 -0.757493
vn 0.725545 0.573512 0.380353
vn -0.039788 -0.069044 0.996820
vn -0.781616 -0.577787 -0.235028
vn -0.070886 -0.036406 -0.996820
vn 0.607896 0.696990 -0.380352
vn 0.399020 0.516707 0.757494
vn -0.410023 -0.329118 0.850625
vn -0.614875 -0.752789 0.235026
vn -0.348543 -0.393643 -0.850625
vn 0.535382 0.373591 -0.757493
vn 0.725544 0.573512 0.380353
vn -0.039788 -0.069044 0.996820
vn -0.716472 -0.658080 -0.231513
vn -0.092000 -0.020636 -0.995545
vn 0.552899 0.742664 -0.377827
vn 0.394974 0.513745 0.761617
vn -0.348025 -0.391756 0.851707
vn -0.566921 -0.790571 0.231511
vn -0.346950 -0.392709 -0.851707
vn 0.462391 0.454020 -0.761617
vn 0.670605 0.638386 0.377827
vn -0.009396 -0.093816 0.995545
vn -0.716472 -0.658080 -0.231513
vn -0.092000 -0.020635 -0.995545
vn 0.552899 0.742664 -0.377827
vn 0.394974 0.513745 0.761618
vn -0.348025 -0.391756 0.851708
vn -0.566921 -0.790571 0.231511
vn -0.346950 -0.392709 -0.851707
vn 0.462391 0.454020 -0.761617
vn 0.670605 0.638386 0.377827
vn -0.009396 -0.093816 0.995545
vn -0.187804 0.975854 -0.111526
vn -0.944746 0.327269 -0.018701
vn -0.754742 -0.653625 -0.056025
vn 0.188456 -0.979244 -0.074609
vn 0.943427 -0.326812 -0.056025
vn 0.755797 0.654539 -0.018701
vn 0.187804 0.975854 0.111526
vn -0.755797 0.654539 0.018701
vn -0.943427 -0.326812 0.056025
vn -0.188456 -0.979244 0.074609
vn 0.754742 -0.653625 0.056025
vn 0.944746 0.327269 0.018701
vn -0.716472 -0.658080 -0.231513
vn -0.092000 -0.020635 -0.995545
vn 0.552899 0.742664 -0.377827
vn 0.394974 0.513745 0.761618
vn -0.348025 -0.391756 0.851707
vn -0.566921 -0.790571 0.231511
vn -0.346950 -0.392708 -0.851708
vn 0.462391 0.454020 -0.761617
vn 0.670605 0.638386 0.377827
vn -0.009396 -0.093816 0.995545
vn -0.657404 -0.718520 -0.227043
vn -0.123963 -0.004437 -0.992277
vn 0.465739 0.801944 -0.374130
vn 0.370073 0.530203 0.762844
vn -0.279055 -0.444976 0.850955
vn -0.480204 -0.847263 0.227044
vn -0.336965 -0.402902 -0.850955
vn 0.389894 0.515802 -0.762844
vn 0.618773 0.690759 0.374130
vn 0.034087 -0.119266 0.992277
vn -0.657404 -0.718520 -0.227043
vn -0.123963 -0.004437 -0.992277
vn 0.465739 0.801944 -0.374130
vn 0.370073 0.530203 0.762844
vn -0.279055 -0.444976 0.850955
vn -0.480204 -0.847263 0.227044
vn -0.336965 -0.402902 -0.850955
vn 0.389894 0.515802 -0.762844
vn 0.618773 0.690759 0.374130
vn 0.034087 -0.119267 0.992277
vn -0.657404 -0.718520 -0.227043
vn -0.123963 -0.004437 -0.992277
vn 0.465739 0.801944 -0.374130
vn 0.370073 0.530203 0.762844
vn -0.279054 -0.444975 0.850956
vn -0.480204 -0.847263 0.227044
vn -0.336965 -0.402902 -0.850955
vn 0.389894 0.515802 -0.762844
vn 0.618773 0.690759 0.374130
vn 0.034087 -0.119266 0.992277
vn -0.590988 -0.775113 -0.223457
vn -0.150203 -0.000356 -0.988655
vn 0.376063 0.849106 -0.370939
vn 0.338374 0.550986 0.762836
vn -0.211303 -0.483655 0.849370
vn -0.390214 -0.893196 0.223459
vn -0.320009 -0.419720 -0.849370
vn 0.317100 0.563497 -0.762836
vn 0.559331 0.741319 0.370939
vn 0.072685 -0.131446 0.988655
vn -0.590988 -0.775113 -0.223457
vn -0.150203 -0.000356 -0.988655
vn 0.376063 0.849106 -0.370939
vn 0.338374 0.550985 0.762836
vn -0.211303 -0.483655 0.849370
vn -0.390214 -0.893196 0.223459
vn -0.320009 -0.419721 -0.849370
vn 0.317100 0.563497 -0.762836
vn 0.559331 0.741319 0.370939
vn 0.072685 -0.131445 0.988655
vn -0.590988 -0.775113 -0.223457
vn -0.150203 -0.000356 -0.988655
vn 0.376063 0.849106 -0.370939
vn 0.338374 0.550986 0.762835
vn -0.211303 -0.483655 0.849370
vn -0.390214 -0.893196 0.223459
vn -0.320009 -0.419721 -0.849370
vn 0.317100 0.563497 -0.762836
vn 0.559331 0.741319 0.370939
vn 0.072685 -0.131445 0.988655
vn -0.516616 -0.827065 -0.221523
vn -0.164267 -0.007973 -0.986384
vn 0.286911 0.883977 -0.369144
vn 0.295195 0.575696 0.762518
vn -0.150836 -0.507741 0.848203
vn -0.299003 -0.928184 0.221521
vn -0.290808 -0.442698 -0.848203
vn 0.249660 0.596856 -0.762517
vn 0.490625 0.789316 0.369144
vn 0.099832 -0.130694 0.986384
vn -0.516616 -0.827065 -0.221523
vn -0.164267 -0.007974 -0.986384
vn 0.286911 0.883977 -0.369144
vn 0.295196 0.575696 0.762518
vn -0.150836 -0.507740 0.848203
vn -0.299003 -0.928184 0.221521
vn -0.290808 -0.442698 -0.848203
vn 0.249660 0.596856 -0.762517
vn 0.490625 0.789316 0.369144
vn 0.099832 -0.130694 0.986384
vn -0.187804 0.975854 -0.111526
vn -0.944746 0.327270 -0.018701
vn -0.754741 -0.653626 -0.056025
vn 0.188455 -0.979244 -0.074609
vn 0.943427 -0.326813 -0.056025
vn 0.755797 0.654539 -0.018701
vn 0.187804 0.975854 0.111526
vn -0.755797 0.654539 0.018701
vn -0.943427 -0.326813 0.056025
vn -0.188455 -0.979244 0.074609
vn 0.754741 -0.653626 0.056025
vn 0.944746 0.327270 0.018701
vn -0.516616 -0.827065 -0.221523
vn -0.164267 -0.007974 -0.986384
vn 0.286911 0.883977 -0.369144
vn 0.295195 0.575696 0.762518
vn -0.150836 -0.507741 0.848203
vn -0.299003 -0.928184 0.221521
vn -0.290808 -0.442698 -0.848203
vn 0.249660 0.596857 -0.762517
vn 0.490625 0.789316 0.369144
vn 0.099832 -0.130695 0.986384
vn -0.434156 -0.873143 -0.221653
vn -0.161685 -0.024158 -0.986547
vn 0.200639 0.907405 -0.369269
vn 0.237435 0.601788 0.762546
vn -0.102033 -0.519609 0.848290
vn -0.208248 -0.952629 0.221655
vn -0.245819 -0.469018 -0.848289
vn 0.191708 0.617876 -0.762546
vn 0.411771 0.833118 0.369268
vn 0.110934 -0.120080 0.986547
vn -0.434156 -0.873143 -0.221653
vn -0.161685 -0.024158 -0.986547
vn 0.200639 0.907405 -0.369269
vn 0.237435 0.601788 0.762546
vn -0.102034 -0.519610 0.848289
vn -0.208248 -0.952629 0.221655
vn -0.245819 -0.469018 -0.848290
vn 0.191708 0.617877 -0.762546
vn 0.411771 0.833118 0.369268
vn 0.110934 -0.120080 0.986547
vn -0.434156 -0.873143 -0.221653
vn -0.161685 -0.024158 -0.986547
vn 0.200639 0.907405 -0.369269
vn 0.237435 0.601788 0.762546
vn -0.102034 -0.519610 0.848289
vn -0.208248 -0.952629 0.221655
vn -0.245819 -0.469018 -0.848290
vn 0.191708 0.617876 -0.762546
vn 0.411771 0.833118 0.369268
vn 0.110934 -0.120081 0.986547
vn -0.343999 -0.911902 -0.223828
vn -0.140738 -0.044052 -0.989066
vn 0.118704 0.920903 -0.371276
vn 0.164280 0.625330 0.762872
vn -0.066852 -0.523224 0.849569
vn -0.119186 -0.967313 0.223829
vn -0.183959 -0.494359 -0.849569
vn 0.145142 0.630047 -0.762873
vn 0.322858 0.870584 0.371277
vn 0.104145 -0.104411 0.989066
vn -0.343999 -0.911902 -0.223828
vn -0.140738 -0.044052 -0.989066
vn 0.118704 0.920903 -0.371277
vn 0.164280 0.625331 0.762872
vn -0.066852 -0.523224 0.849569
vn -0.119186 -0.967313 0.223829
vn -0.183959 -0.494359 -0.849570
vn 0.145142 0.630047 -0.762873
vn 0.322858 0.870584 0.371277
vn 0.104145 -0.104411 0.989066
vn -0.343999 -0.911902 -0.223828
vn -0.140738 -0.044052 -0.989066
vn 0.118704 0.920903 -0.371276
vn 0.164280 0.625330 0.762872
vn -0.066852 -0.523224 0.849569
vn -0.119186 -0.967313 0.223829
vn -0.183959 -0.494359 -0.849569
vn 0.145142 0.630047 -0.762872
vn 0.322858 0.870584 0.371277
vn 0.104145 -0.104410 0.989066
vn -0.247124 -0.941882 -0.227572
vn -0.102922 -0.062235 -0.992741
vn 0.041493 0.926264 -0.374584
vn 0.077583 0.641993 0.762775
vn -0.044415 -0.523089 0.851120
vn -0.032522 -0.973218 0.227572
vn -0.107015 -0.513948 -0.851120
vn 0.109232 0.637371 -0.762776
vn 0.225101 0.899454 0.374583
vn 0.080829 -0.089066 0.992741
vn -0.247124 -0.941882 -0.227572
vn -0.102922 -0.062235 -0.992741
vn 0.041493 0.926264 -0.374584
vn 0.077583 0.641993 0.762775
vn -0.044415 -0.523089 0.851120
vn -0.032522 -0.973218 0.227572
vn -0.107015 -0.513948 -0.851120
vn 0.109232 0.637371 -0.762776
vn 0.225101 0.899454 0.374583
vn 0.080829 -0.089067 0.992741
vn -0.187803 0.975854 -0.111526
vn -0.944746 0.327270 -0.018701
vn -0.754741 -0.653626 -0.056025
vn 0.188455 -0.979244 -0.074609
vn 0.943427 -0.326813 -0.056025
vn 0.755796 0.654539 -0.018701
vn 0.187803 0.975854 0.111526
vn -0.755796 0.654539 0.018701
vn -0.943427 -0.326813 0.056025
vn -0.188455 -0.979244 0.074609
vn 0.754741 -0.653626 0.056025
vn 0.944746 0.327270 0.018701
vn -0.247124 -0.941882 -0.227572
vn -0.102922 -0.062235 -0.992741
vn 0.041493 0.926264 -0.374585
vn 0.077583 0.641993 0.762775
vn -0.044415 -0.523089 0.851120
vn -0.032522 -0.973218 0.227572
vn -0.107015 -0.513948 -0.851120
vn 0.109232 0.637371 -0.762776
vn 0.225101 0.899454 0.374583
vn 0.080829 -0.089067 0.992741
vn -0.145204 -0.961796 -0.232088
vn -0.053035 -0.073977 -0.995849
vn -0.031781 0.925147 -0.378277
vn -0.018177 0.648095 0.761343
vn -0.030980 -0.523131 0.851689
vn 0.051699 -0.971320 0.232088
vn -0.019654 -0.523679 -0.851689
vn 0.080643 0.643315 -0.761343
vn 0.120923 0.917761 0.378277
vn 0.045647 -0.078750 0.995849
vn -0.145204 -0.961796 -0.232088
vn -0.053035 -0.073977 -0.995849
vn -0.031781 0.925147 -0.378277
vn -0.018177 0.648095 0.761343
vn -0.030980 -0.523131 0.851689
vn 0.051699 -0.971320 0.232088
vn -0.019654 -0.523679 -0.851689
vn 0.080643 0.643315 -0.761343
vn 0.120923 0.917761 0.378277
vn 0.045647 -0.078750 0.995849
vn -0.145204 -0.961796 -0.232088
vn -0.053035 -0.073977 -0.995849
vn -0.031781 0.925147 -0.378277
vn -0.018177 0.648095 0.761343
vn -0.030980 -0.523131 0.851689
vn 0.051699 -0.971320 0.232088
vn -0.019654 -0.523678 -0.851689
vn 0.080643 0.643315 -0.761343
vn 0.120923 0.917761 0.378277
vn 0.045647 -0.078750 0.995849
vn 0.460255 -0.856218 -0.234640
vn 0.023165 -0.076094 -0.996832
vn -0.549852 0.743709 -0.380210
vn -0.399705 0.511839 0.760432
vn 0.266460 -0.451808 0.851392
vn 0.592984 -0.770269 0.234640
vn 0.303252 -0.427982 -0.851393
vn -0.303517 0.574127 -0.760432
vn -0.453665 0.805995 0.380210
vn 0.059957 -0.052268 0.996832
vn 0.421137 -0.876134 -0.234592
vn 0.019365 -0.077316 -0.996819
vn -0.518671 0.765795 -0.380182
vn -0.378635 0.527706 0.760369
vn 0.246292 -0.463136 0.851378
vn 0.561079 -0.793824 0.234592
vn 0.285090 -0.440316 -0.851379
vn -0.277211 0.587360 -0.760370
vn -0.417248 0.825449 0.380182
vn 0.058163 -0.054496 0.996819
vn 0.239453 -0.942176 -0.234449
vn 0.002315 -0.080284 -0.996769
vn -0.368587 0.848347 -0.380067
vn -0.276427 0.588045 0.760126
vn 0.151691 -0.502196 0.851346
vn 0.406726 -0.882954 0.234449
vn 0.198092 -0.485767 -0.851346
vn -0.155161 0.630976 -0.760127
vn -0.247320 0.891280 0.380069
vn 0.048717 -0.063856 0.996769
vn -0.094079 -0.967597 -0.234318
vn -0.026108 -0.076446 -0.996732
vn -0.068218 0.922466 -0.380003
vn -0.068214 0.646377 0.759963
vn -0.026110 -0.524004 0.851315
vn 0.094079 -0.967597 0.234318
vn 0.026110 -0.524004 -0.851316
vn 0.068214 0.646377 -0.759963
vn 0.068218 0.922466 0.380003
vn 0.026108 -0.076446 0.996732
vn -0.406726 -0.882955 -0.234444
vn -0.048717 -0.063856 -0.996769
vn 0.247320 0.891280 -0.380069
vn 0.155161 0.630975 0.760129
vn -0.198094 -0.485771 0.851343
vn -0.239453 -0.942177 0.234444
vn -0.151691 -0.502197 -0.851345
vn 0.276426 0.588042 -0.760129
vn 0.368585 0.848345 0.380073
vn -0.002315 -0.080284 0.996769
vn -0.561080 -0.793825 -0.234586
vn -0.058162 -0.054495 -0.996819
vn 0.417247 0.825447 -0.380187
vn 0.277209 0.587355 0.760375
vn -0.285090 -0.440316 0.851379
vn -0.421136 -0.876134 0.234592
vn -0.246291 -0.463136 -0.851379
vn 0.378631 0.527700 -0.760376
vn 0.518669 0.765793 0.380189
vn -0.019365 -0.077316 0.996819
vn -0.592984 -0.770268 -0.234641
vn -0.059956 -0.052267 -0.996832
vn 0.453664 0.805994 -0.380215
vn 0.303513 0.574122 0.760437
vn -0.303250 -0.427980 0.851394
vn -0.460254 -0.856219 0.234639
vn -0.266458 -0.451805 -0.851394
vn 0.399701 0.511832 -0.760439
vn 0.549851 0.743706 0.380217
vn -0.023164 -0.076093 0.996832
vn -0.234259 0.967350 -0.096733
vn -0.996712 0.076452 -0.026853
vn -0.379908 -0.922360 -0.070153
vn 0.759817 -0.646341 -0.070153
vn 0.851285 0.524016 -0.026853
vn 0.234259 0.967350 0.096733
vn -0.851285 0.524016 0.026853
vn -0.759817 -0.646341 0.070153
vn 0.379908 -0.922360 0.070153
vn 0.996712 0.076452 0.026853
vn -0.234307 0.967338 -0.096738
vn -0.996712 0.076447 -0.026853
vn -0.379908 -0.922360 -0.070158
vn 0.759803 -0.646357 -0.070158
vn 0.851309 0.523977 -0.026853
vn 0.234304 0.967339 0.096736
vn -0.851315 0.523967 0.026852
vn -0.759817 -0.646341 0.070158
vn 0.379903 -0.922362 0.070158
vn 0.996713 0.076434 0.026854
vn -0.234259 0.967350 -0.096733
vn -0.996712 0.076452 -0.026853
vn -0.379908 -0.922360 -0.070153
vn 0.759817 -0.646341 -0.070153
vn 0.851285 0.524016 -0.026853
vn 0.234259 0.967350 0.096733
vn -0.851285 0.524016 0.026853
vn -0.759817 -0.646341 0.070153
vn 0.379908 -0.922360 0.070153
vn 0.996712 0.076452 0.026853
vn -0.234259 0.967350 -0.096733
vn -0.996712 0.076452 -0.026853
vn -0.379908 -0.922360 -0.070153
vn 0.759817 -0.646341 -0.070153
vn 0.851285 0.524016 -0.026853
vn 0.234259 0.967350 0.096733
vn -0.851285 0.524016 0.026853
vn -0.759817 -0.646341 0.070153
vn 0.379908 -0.922360 0.070153
vn 0.996712 0.076452 0.026853
vn -0.234304 0.967338 -0.096737
vn -0.996711 0.076461 -0.026854
vn -0.379899 -0.922364 -0.070158
vn 0.759810 -0.646349 -0.070158
vn 0.851315 0.523967 -0.026852
vn 0.234307 0.967338 0.096738
vn -0.851303 0.523987 0.026852
vn -0.759810 -0.646349 0.070159
vn 0.379899 -0.922364 0.070157
vn 0.996712 0.076447 0.026853
vn -0.234310 0.967337 -0.096737
vn -0.996712 0.076447 -0.026853
vn -0.379908 -0.922360 -0.070158
vn 0.759817 -0.646341 -0.070158
vn 0.851315 0.523967 -0.026852
vn 0.234310 0.967337 0.096737
vn -0.851315 0.523967 0.026852
vn -0.759817 -0.646341 0.070158
vn 0.379908 -0.922360 0.070158
vn 0.996712 0.076447 0.026853
vn -0.234259 0.967350 -0.096733
vn -0.996712 0.076452 -0.026853
vn -0.379908 -0.922360 -0.070153
vn 0.759817 -0.646341 -0.070153
vn 0.851285 0.524016 -0.026853
vn 0.234259 0.967350 0.096733
vn -0.851285 0.524016 0.026853
vn -0.759817 -0.646341 0.070153
vn 0.379908 -0.922360 0.070153
vn 0.996712 0.076452 0.026853
f 1//1 2//2 7//7
f 1//1 7//7 6//6
f 2//2 3//3 8//8
f 2//2 8//8 7//7
f 3//3 4//4 9//9
f 3//3 9//9 8//8
f 4//4 5//5 10//10
f 4//4 10//10 9//9
f 5//5 1//1 6//6
f 5//5 6//6 10//10
f 1//1 3//3 2//2
f 1//1 4//4 3//3
f 1//1 5//5 4//4
f 6//6 7//7 8//8
f 6//6 8//8 9//9
f 6//6 9//9 10//10
f 11//11 12//12 17//17
f 11//11 17//17 16//16
f 12//12 13//13 18//18
f 12//12 18//18 17//17
f 13//13 14//14 19//19
f 13//13 19//19 18//18
f 14//14 15//15 20//20
f 14//14 20//20 19//19
f 15//15 11//11 16//16
f 15//15 16//16 20//20
f 11//11 13//13 12//12
f 11//11 14//14 13//13
f 11//11 15//15 14//14
f 16//16 17//17 18//18
f 16//16 18//18 19//19
f 16//16 19//19 20//20
f 21//21 22//22 27//27
f 21//21 27//27 26//26
f 22//22 23//23 28//28
f 22//22 28//28 27//27
f 23//23 24//24 29//29
f 23//23 29//29 28//28
f 24//24 25//25 30//30
f 24//24 30//30 29//29
f 25//25 21//21 26//26
f 25//25 26//26 30//30
f 21//21 23//23 22//22
f 21//21 24//24 23//23
f 21//21 25//25 24//24
f 26//26 27//27 28//28
f 26//26 28//28 29//29
f 26//26 29//29 30//30
f 31//31 32//32 37//37
f 31//31 37//37 36//36
f 32//32 33//33 38//38
f 32//32 38//38 37//37
f 33//33 34//34 39//39
f 33//33 39//39 38//38
f 34//34 35//35 40//40
f 34//34 40//40 39//39
f 35//35 31//31 36//36
f 35//35 36//36 40//40
f 31//31 33//33 32//32
f 31//31 34//34 33//33
f 31//31 35//35 34//34
f 36//36 37//37 38//38
f 36//36 38//38 39//39
f 36//36 39//39 40//40
f 41//41 42//42 47//47
f 41//41 47//47 46//46
f 42//42 43//43 48//48
f 42//42 48//48 47//47
f 43//43 44//44 49//49
f 43//43 49//49 48//48
f 44//44 45//45 50//50
f 44//44 50//50 49//49
f 45//45 41//41 46//46
f 45//45 46//46 50//50
f 41//41 43//43 42//42
f 41//41 44//44 43//43
f 41//41 45//45 44//44
f 46//46 47//47 48//48
f 46//46 48//48 49//49
f 46//46 49//49 50//50
f 51//51 52//52 57//57
f 51//51 57//57 56//56
f 52//52 53//53 58//58
f 52//52 58//58 57//57
f 53//53 54//54 59//59
f 53//53 59//59 58//58
f 54//54 55//55 60//60
f 54//54 60//60 59//59
f 55//55 51//51 56//56
f 55//55 56//56 60//60
f 51//51 53//53 52//52
f 51//51 54//54 53//53
f 51//51 55//55 54//54
f 56//56 57//57 58//58
f 56//56 58//58 59//59
f 56//56 59//59 60//60
f 61//61 62//62 67//67
f 61//61 67//67 66//66
f 62//62 63//63 68//68
f 62//62 68//68 67//67
f 63//63 64//64 69//69
f 63//63 69//69 68//68
f 64//64 65//65 70//70
f 64//64 70//70 69//69
f 65//65 61//61 66//66
f 65//65 66//66 70//70
f 61//61 63//63 62//62
f 61//61 64//64 63//63
f 61//61 65//65 64//64
f 66//66 67//67 68//68
f 66//66 68//68 69//69
f 66//66 69//69 70//70
f 71//71 72//72 77//77
f 71//71 77//77 76//76
f 72//72 73//73 78//78
f 72//72 78//78 77//77
f 73//73 74//74 79//79
f 73//73 79//79 78//78
f 74//74 75//75 80//80
f 74//74 80//80 79//79
f 75//75 71//71 76//76
f 75//75 76//76 80//80
f 71//71 73//73 72//72
f 71//71 74//74 73//73
f 71//71 75//75 74//74
f 76//76 77//77 78//78
f 76//76 78//78 79//79
f 76//76 79//79 80//80
f 81//81 82//82 88//88
f 81//81 88//88 87//87
f 82//82 83//83 89//89
f 82//82 89//89 88//88
f 83//83 84//84 90//90
f 83//83 90//90 89//89
f 84//84 85//85 91//91
f 84//84 91//91 90//90
f 85//85 86//86 92//92
f 85//85 92//92 91//91
f 86//86 81//81 87//87
f 86//86 87//87 92//92
f 81//81 83//83 82//82
f 81//81 84//84 83//83
f 81//81 85//85 84//84
f 81//81 86//86 85//85
f 87//87 88//88 89//89
f 87//87 89//89 90//90
f 87//87 90//90 91//91
f 87//87 91//91 92//92
f 93//93 94//94 99//99
f 93//93 99//99 98//98
f 94//94 95//95 100//100
f 94//94 100//100 99//99
f 95//95 96//96 101//101
f 95//95 101//101 100//100
f 96//96 97//97 102//102
f 96//96 102//102 101//101
f 97//97 93//93 98//98
f 97//97 98//98 102//102
f 93//93 95//95 94//94
f 93//93 96//96 95//95
f 93//93 97//97 96//96
f 98//98 99//99 100//100
f 98//98 100//100 101//101
f 98//98 101//101 102//102
f 103//103 104//104 109//109
f 103//103 109//109 108//108
f 104//104 105//105 110//110
f 104//104 110//110 109//109
f 105//105 106//106 111//111
f 105//105 111//111 110//110
f 106//106 107//107 112//112
f 106//106 112//112 111//111
f 107//107 103//103 108//108
f 107//107 108//108 112//112
f 103//103 105//105 104//104
f 103//103 106//106 105//105
f 103//103 107//107 106//106
f 108//108 109//109 110//110
f 108//108 110//110 111//111
f 108//108 111//111 112//112
f 113//113 114//114 119//119
f 113//113 119//119 118//118
f 114//114 115//115 120//120
f 114//114 120//120 119//119
f 115//115 116//116 121//121
f 115//115 121//121 120//120
f 116//116 117//117 122//122
f 116//116 122//122 121//121
f 117//117 113//113 118//118
f 117//117 118//118 122//122
f 113//113 115//115 114//114
f 113//113 116//116 115//115
f 113//113 117//117 116//116
f 118//118 119//119 120//120
f 118//118 120//120 121//121
f 118//118 121//121 122//122
f 123//123 124//124 129//129
f 123//123 129//129 128//128
f 124//124 125//125 130//130
f 124//124 130//130 129//129
f 125//125 126//126 131//131
f 125//125 131//131 130//130
f 126//126 127//127 132//132
f 126//126 132//132 131//131
f 127//127 123//123 128//128
f 127//127 128//128 132//132
f 123//123 125//125 124//124
f 123//123 126//126 125//125
f 123//123 127//127 126//126
f 128//128 129//129 130//130
f 128//128 130//130 131//131
f 128//128 131//131 132//132
f 133//133 134//134 139//139
f 133//133 139//139 138//138
f 134//134 135//135 140//140
f 134//134 140//140 139//139
f 135//135 136//136 141//141
f 135//135 141//141 140//140
f 136//136 137//137 142//142
f 136//136 142//142 141//141
f 137//137 133//133 138//138
f 137//137 138//138 142//142
f 133//133 135//135 134//134
f 133//133 136//136 135//135
f 133//133 137//137 136//136
f 138//138 139//139 140//140
f 138//138 140//140 141//141
f 138//138 141//141 142//142
f 143//143 144//144 149//149
f 143//143 149//149 148//148
f 144//144 145//145 150//150
f 144//144 150//150 149//149
f 145//145 146//146 151//151
f 145//145 151//151 150//150
f 146//146 147//147 152//152
f 146//146 152//152 151//151
f 147//147 143//143 148//148
f 147//147 148//148 152//152
f 143//143 145//145 144//144
f 143//143 146//146 145//145
f 143//143 147//147 146//146
f 148//148 149//149 150//150
f 148//148 150//150 151//151
f 148//148 151//151 152//152
f 153//153 154//154 159//159
f 153//153 159//159 158//158
f 154//154 155//155 160//160
f 154//154 160//160 159//159
f 155//155 156//156 161//161
f 155//155 161//161 160//160
f 156//156 157//157 162//162
f 156//156 162//162 161//161
f 157//157 153//153 158//158
f 157//157 158//158 162//162
f 153//153 155//155 154//154
f 153//153 156//156 155//155
f 153//153 157//157 156//156
f 158//158 159//159 160//160
f 158//158 160//160 161//161
f 158//158 161//161 162//162
f 163//163 164//164 169//169
f 163//163 169//169 168//168
f 164//164 165//165 170//170
f 164//164 170//170 169//169
f 165//165 166//166 171//171
f 165//165 171//171 170//170
f 166//166 167//167 172//172
f 166//166 172//172 171//171
f 167//167 163//163 168//168
f 167//167 168//168 172//172
f 163//163 165//165 164//164
f 163//163 166//166 165//165
f 163//163 167//167 166//166
f 168//168 169//169 170//170
f 168//168 170//170 171//171
f 168//168 171//171 172//172
f 173//173 174//174 179//179
f 173//173 179//179 178//178
f 174//174 175//175 180//180
f 174//174 180//180 179//179
f 175//175 176//176 181//181
f 175//175 181//181 180//180
f 176//176 177//177 182//182
f 176//176 182//182 181//181
f 177//177 173//173 178//178
f 177//177 178//178 182//182
f 173//173 175//175 174//174
f 173//173 176//176 175//175
f 173//173 177//177 176//176
f 178//178 179//179 180//180
f 178//178 180//180 181//181
f 178//178 181//181 182//182
f 183//183 184//184 190//190
f 183//183 190//190 189//189
f 184//184 185//185 191//191
f 184//184 191//191 190//190
f 185//185 186//186 192//192
f 185//185 192//192 191//191
f 186//186 187//187 193//193
f 186//186 193//193 192//192
f 187//187 188//188 194//194
f 187//187 194//194 193//193
f 188//188 183//183 189//189
f 188//188 189//189 194//194
f 183//183 185//185 184//184
f 183//183 186//186 185//185
f 183//183 187//187 186//186
f 183//183 188//188 187//187
f 189//189 190//190 191//191
f 189//189 191//191 192//192
f 189//189 192//192 193//193
f 189//189 193//193 194//194
f 195//195 196//196 201//201
f 195//195 201//201 200//200
f 196//196 197//197 202//202
f 196//196 202//202 201//201
f 197//197 198//198 203//203
f 197//197 203//203 202//202
f 198//198 199//199 204//204
f 198//198 204//204 203//203
f 199//199 195//195 200//200
f 199//199 200//200 204//204
f 195//195 197//197 196//196
f 195//195 198//198 197//197
f 195//195 199//199 198//198
f 200//200 201//201 202//202
f 200//200 202//202 203//203
f 200//200 203//203 204//204
f 205//205 206//206 211//211
f 205//205 211//211 210//210
f 206//206 207//207 212//212
f 206//206 212//212 211//211
f 207//207 208//208 213//213
f 207//207 213//213 212//212
f 208//208 209//209 214//214
f 208//208 214//214 213//213
f 209//209 205//205 210//210
f 209//209 210//210 214//214
f 205//205 207//207 206//206
f 205//205 208//208 207//207
f 205//205 209//209 208//208
f 210//210 211//211 212//212
f 210//210 212//212 213//213
f 210//210 213//213 214//214
f 215//215 216//216 221//221
f 215//215 221//221 220//220
f 216//216 217//217 222//222
f 216//216 222//222 221//221
f 217//217 218//218 223//223
f 217//217 223//223 222//222
f 218//218 219//219 224//224
f 218//218 224//224 223//223
f 219//219 215//215 220//220
f 219//219 220//220 224//224
f 215//215 217//217 216//216
f 215//215 218//218 217//217
f 215//215 219//219 218//218
f 220//220 221//221 222//222
f 220//220 222//222 223//223
f 220//220 223//223 224//224
f 225//225 226//226 231//231
f 225//225 231//231 230//230
f 226//226 227//227 232//232
f 226//226 232//232 231//231
f 227//227 228//228 233//233
f 227//227 233//233 232//232
f 228//228 229//229 234//234
f 228//228 234//234 233//233
f 229//229 225//225 230//230
f 229//229 230//230 234//234
f 225//225 227//227 226//226
f 225//225 228//228 227//227
f 225//225 229//229 228//228
f 230//230 231//231 232//232
f 230//230 232//232 233//233
f 230//230 233//233 234//234
f 235//235 236//236 241//241
f 235//235 241//241 240//240
f 236//236 237//237 242//242
f 236//236 242//242 241//241
f 237//237 238//238 243//243
f 237//237 243//243 242//242
f 238//238 239//239 244//244
f 238//238 244//244 243//243
f 239//239 235//235 240//240
f 239//239 240//240 244//244
f 235//235 237//237 236//236
f 235//235 238//238 237//237
f 235//235 239//239 238//238
f 240//240 241//241 242//242
f 240//240 242//242 243//243
f 240//240 243//243 244//244
f 245//245 246//246 251//251
f 245//245 251//251 250//250
f 246//246 247//247 252//252
f 246//246 252//252 251//251
f 247//247 248//248 253//253
f 247//247 253//253 252//252
f 248//248 249//249 254//254
f 248//248 254//254 253//253
f 249//249 245//245 250//250
f 249//249 250//250 254//254
f 245//245 247//247 246//246
f 245//245 248//248 247//247
f 245//245 249//249 248//248
f 250//250 251//251 252//252
f 250//250 252//252 253//253
f 250//250 253//253 254//254
f 255//255 256//256 261//261
f 255//255 261//261 260//260
f 256//256 257//257 262//262
f 256//256 262//262 261//261
f 257//257 258//258 263//263
f 257//257 263//263 262//262
f 258//258 259//259 264//264
f 258//258 264//264 263//263
f 259//259 255//255 260//260
f 259//259 260//260 264//264
f 255//255 257//257 256//256
f 255//255 258//258 257//257
f 255//255 259//259 258//258
f 260//260 261//261 262//262
f 260//260 262//262 263//263
f 260//260 263//263 264//264
f 265//265 266//266 271//271
f 265//265 271//271 270//270
f 266//266 267//267 272//272
f 266//266 272//272 271//271
f 267//267 268//268 273//273
f 267//267 273//273 272//272
f 268//268 269//269 274//274
f 268//268 274//274 273//273
f 269//269 265//265 270//270
f 269//269 270//270 274//274
f 265//265 267//267 266//266
f 265//265 268//268 267//267
f 265//265 269//269 268//268
f 270//270 271//271 272//272
f 270//270 272//272 273//273
f 270//270 273//273 274//274
f 275//275 276//276 281//281
f 275//275 281//281 280//280
f 276//276 277//277 282//282
f 276//276 282//282 281//281
f 277//277 278//278 283//283
f 277//277 283//283 282//282
f 278//278 279//279 284//284
f 278//278 284//284 283//283
f 279//279 275//275 280//280
f 279//279 280//280 284//284
f 275//275 277//277 276//276
f 275//275 278//278 277//277
f 275//275 279//279 278//278
f 280//280 281//281 282//282
f 280//280 282//282 283//283
f 280//280 283//283 284//284
f 285//285 286//286 292//292
f 285//285 292//292 291//291
f 286//286 287//287 293//293
f 286//286 293//293 292//292
f 287//287 288//288 294//294
f 287//287 294//294 293//293
f 288//288 289//289 295//295
f 288//288 295//295 294//294
f 289//289 290//290 296//296
f 289//289 296//296 295//295
f 290//290 285//285 291//291
f 290//290 291//291 296//296
f 285//285 287//287 286//286
f 285//285 288//288 287//287
f 285//285 289//289 288//288
f 285//285 290//290 289//289
f 291//291 292//292 293//293
f 291//291 293//293 294//294
f 291//291 294//294 295//295
f 291//291 295//295 296//296
f 297//297 298//298 303//303
f 297//297 303//303 302//302
f 298//298 299//299 304//304
f 298//298 304//304 303//303
f 299//299 300//300 305//305
f 299//299 305//305 304//304
f 300//300 301//301 306//306
f 300//300 306//306 305//305
f 301//301 297//297 302//302
f 301//301 302//302 306//306
f 297//297 299//299 298//298
f 297//297 300//300 299//299
f 297//297 301//301 300//300
f 302//302 303//303 304//304
f 302//302 304//304 305//305
f 302//302 305//305 306//306
f 307//307 308//308 313//313
f 307//307 313//313 312//312
f 308//308 309//309 314//314
f 308//308 314//314 313//313
f 309//309 310//310 315//315
f 309//309 315//315 314//314
f 310//310 311//311 316//316
f 310//310 316//316 315//315
f 311//311 307//307 312//312
f 311//311 312//312 316//316
f 307//307 309//309 308//308
f 307//307 310//310 309//309
f 307//307 311//311 310//310
f 312//312 313//313 314//314
f 312//312 314//314 315//315
f 312//312 315//315 316//316
f 317//317 318//318 323//323
f 317//317 323//323 322//322
f 318//318 319//319 324//324
f 318//318 324//324 323//323
f 319//319 320//320 325//325
f 319//319 325//325 324//324
f 320//320 321//321 326//326
f 320//320 326//326 325//325
f 321//321 317//317 322//322
f 321//321 322//322 326//326
f 317//317 319//319 318//318
f 317//317 320//320 319//319
f 317//317 321//321 320//320
f 322//322 323//323 324//324
f 322//322 324//324 325//325
f 322//322 325//325 326//326
f 327//327 328//328 333//333
f 327//327 333//333 332//332
f 328//328 329//329 334//334
f 328//328 334//334 333//333
f 329//329 330//330 335//335
f 329//329 335//335 334//334
f 330//330 331//331 336//336
f 330//330 336//336 335//335
f 331//331 327//327 332//332
f 331//331 332//332 336//336
f 327//327 329//329 328//328
f 327//327 330//330 329//329
f 327//327 331//331 330//330
f 332//332 333//333 334//334
f 332//332 334//334 335//335
f 332//332 335//335 336//336
f 337//337 338//338 343//343
f 337//337 343//343 342//342
f 338//338 339//339 344//344
f 338//338 344//344 343//343
f 339//339 340//340 345//345
f 339//339 345//345 344//344
f 340//340 341//341 346//346
f 340//340 346//346 345//345
f 341//341 337//337 342//342
f 341//341 342//342 346//346
f 337//337 339//339 338//338
f 337//337 340//340 339//339
f 337//337 341//341 340//340
f 342//342 343//343 344//344
f 342//342 344//344 345//345
f 342//342 345//345 346//346
f 347//347 348//348 353//353
f 347//347 353//353 352//352
f 348//348 349//349 354//354
f 348//348 354//354 353//353
f 349//349 350//350 355//355
f 349//349 355//355 354//354
f 350//350 351//351 356//356
f 350//350 356//356 355//355
f 351//351 347//347 352//352
f 351//351 352//352 356//356
f 347//347 349//349 348//348
f 347//347 350//350 349//349
f 347//347 351//351 350//350
f 352//352 353//353 354//354
f 352//352 354//354 355//355
f 352//352 355//355 356//356
f 357//357 358//358 363//363
f 357//357 363//363 362//362
f 358//358 359//359 364//364
f 358//358 364//364 363//363
f 359//359 360//360 365//365
f 359//359 365//365 364//364
f 360//360 361//361 366//366
f 360//360 366//366 365//365
f 361//361 357//357 362//362
f 361//361 362//362 366//366
f 357//357 359//359 358//358
f 357//357 360//360 359//359
f 357//357 361//361 360//360
f 362//362 363//363 364//364
f 362//362 364//364 365//365
f 362//362 365//365 366//366
f 367//367 368//368 373//373
f 367//367 373//373 372//372
f 368//368 369//369 374//374
f 368//368 374//374 373//373
f 369//369 370//370 375//375
f 369//369 375//375 374//374
f 370//370 371//371 376//376
f 370//370 376//376 375//375
f 371//371 367//367 372//372
f 371//371 372//372 376//376
f 367//367 369//369 368//368
f 367//367 370//370 369//369
f 367//367 371//371 370//370
f 372//372 373//373 374//374
f 372//372 374//374 375//375
f 372//372 375//375 376//376
f 377//377 378//378 383//383
f 377//377 383//383 382//382
f 378//378 379//379 384//384
f 378//378 384//384 383//383
f 379//379 380//380 385//385
f 379//379 385//385 384//384
f 380//380 381//381 386//386
f 380//380 386//386 385//385
f 381//381 377//377 382//382
f 381//381 382//382 386//386
f 377//377 379//379 378//378
f 377//377 380//380 379//379
f 377//377 381//381 380//380
f 382//382 383//383 384//384
f 382//382 384//384 385//385
f 382//382 385//385 386//386
f 387//387 388//388 394//394
f 387//387 394//394 393//393
f 388//388 389//389 395//395
f 388//388 395//395 394//394
f 389//389 390//390 396//396
f 389//389 396//396 395//395
f 390//390 391//391 397//397
f 390//390 397//397 396//396
f 391//391 392//392 398//398
f 391//391 398//398 397//397
f 392//392 387//387 393//393
f 392//392 393//393 398//398
f 387//387 389//389 388//388
f 387//387 390//390 389//389
f 387//387 391//391 390//390
f 387//387 392//392 391//391
f 393//393 394//394 395//395
f 393//393 395//395 396//396
f 393//393 396//396 397//397
f 393//393 397//397 398//398
f 399//399 400//400 405//405
f 399//399 405//405 404//404
f 400//400 401//401 406//406
f 400//400 406//406 405//405
f 401//401 402//402 407//407
f 401//401 407//407 406//406
f 402//402 403//403 408//408
f 402//402 408//408 407//407
f 403//403 399//399 404//404
f 403//403 404//404 408//408
f 399//399 401//401 400//400
f 399//399 402//402 401//401
f 399//399 403//403 402//402
f 404//404 405//405 406//406
f 404//404 406//406 407//407
f 404//404 407//407 408//408
f 409//409 410//410 415//415
f 409//409 415//415 414//414
f 410//410 411//411 416//416
f 410//410 416//416 415//415
f 411//411 412//412 417//417
f 411//411 417//417 416//416
f 412//412 413//413 418//418
f 412//412 418//418 417//417
f 413//413 409//409 414//414
f 413//413 414//414 418//418
f 409//409 411//411 410//410
f 409//409 412//412 411//411
f 409//409 413//413 412//412
f 414//414 415//415 416//416
f 414//414 416//416 417//417
f 414//414 417//417 418//418
f 419//419 420//420 425//425
f 419//419 425//425 424//424
f 420//420 421//421 426//426
f 420//420 426//426 425//425
f 421//421 422//422 427//427
f 421//421 427//427 426//426
f 422//422 423//423 428//428
f 422//422 428//428 427//427
f 423//423 419//419 424//424
f 423//423 424//424 428//428
f 419//419 421//421 420//420
f 419//419 422//422 421//421
f 419//419 423//423 422//422
f 424//424 425//425 426//426
f 424//424 426//426 427//427
f 424//424 427//427 428//428
f 429//429 430//430 435//435
f 429//429 435//435 434//434
f 430//430 431//431 436//436
f 430//430 436//436 435//435
f 431//431 432//432 437//437
f 431//431 437//437 436//436
f 432//432 433//433 438//438
f 432//432 438//438 437//437
f 433//433 429//429 434//434
f 433//433 434//434 438//438
f 429//429 431//431 430//430
f 429//429 432//432 431//431
f 429//429 433//433 432//432
f 434//434 435//435 436//436
f 434//434 436//436 437//437
f 434//434 437//437 438//438
f 439//439 440//440 445//445
f 439//439 445//445 444//444
f 440//440 441//441 446//446
f 440//440 446//446 445//445
f 441//441 442//442 447//447
f 441//441 447//447 446//446
f 442//442 443//443 448//448
f 442//442 448//448 447//447
f 443//443 439//439 444//444
f 443//443 444//444 448//448
f 439//439 441//441 440//440
f 439//439 442//442 441//441
f 439//439 443//443 442//442
f 444//444 445//445 446//446
f 444//444 446//446 447//447
f 444//444 447//447 448//448
f 449//449 450//450 455//455
f 449//449 455//455 454//454
f 450//450 451//451 456//456
f 450//450 456//456 455//455
f 451//451 452//452 457//457
f 451//451 457//457 456//456
f 452//452 453//453 458//458
f 452//452 458//458 457//457
f 453//453 449//449 454//454
f 453//453 454//454 458//458
f 449//449 451//451 450//450
f 449//449 452//452 451//451
f 449//449 453//453 452//452
f 454//454 455//455 456//456
f 454//454 456//456 457//457
f 454//454 457//457 458//458
f 459//459 460//460 465//465
f 459//459 465//465 464//464
f 460//460 461//461 466//466
f 460//460 466//466 465//465
f 461//461 462//462 467//467
f 461//461 467//467 466//466
f 462//462 463//463 468//468
f 462//462 468//468 467//467
f 463//463 459//459 464//464
f 463//463 464//464 468//468
f 459//459 461//461 460//460
f 459//459 462//462 461//461
f 459//459 463//463 462//462
f 464//464 465//465 466//466
f 464//464 466//466 467//467
f 464//464 467//467 468//468
f 469//469 470//470 475//475
f 469//469 475//475 474//474
f 470//470 471//471 476//476
f 470//470 476//476 475//475
f 471//471 472//472 477//477
f 471//471 477//477 476//476
f 472//472 473//473 478//478
f 472//472 478//478 477//477
f 473//473 469//469 474//474
f 473//473 474//474 478//478
f 469//469 471//471 470//470
f 469//469 472//472 471//471
f 469//469 473//473 472//472
f 474//474 475//475 476//476
f 474//474 476//476 477//477
f 474//474 477//477 478//478
f 479//479 480//480 485//485
f 479//479 485//485 484//484
f 480//480 481//481 486//486
f 480//480 486//486 485//485
f 481//481 482//482 487//487
f 481//481 487//487 486//486
f 482//482 483//483 488//488
f 482//482 488//488 487//487
f 483//483 479//479 484//484
f 483//483 484//484 488//488
f 479//479 481//481 480//480
f 479//479 482//482 481//481
f 479//479 483//483 482//482
f 484//484 485//485 486//486
f 484//484 486//486 487//487
f 484//484 487//487 488//488
f 489//489 490//490 496//496
f 489//489 496//496 495//495
f 490//490 491//491 497//497
f 490//490 497//497 496//496
f 491//491 492//492 498//498
f 491//491 498//498 497//497
f 492//492 493//493 499//499
f 492//492 499//499 498//498
f 493//493 494//494 500//500
f 493//493 500//500 499//499
f 494//494 489//489 495//495
f 494//494 495//495 500//500
f 489//489 491//491 490//490
f 489//489 492//492 491//491
f 489//489 493//493 492//492
f 489//489 494//494 493//493
f 495//495 496//496 497//497
f 495//495 497//497 498//498
f 495//495 498//498 499//499
f 495//495 499//499 500//500
f 501//501 502//502 507//507
f 501//501 507//507 506//506
f 502//502 503//503 508//508
f 502//502 508//508 507//507
f 503//503 504//504 509//509
f 503//503 509//509 508//508
f 504//504 505//505 510//510
f 504//504 510//510 509//509
f 505//505 501//501 506//506
f 505//505 506//506 510//510
f 501//501 503//503 502//502
f 501//501 504//504 503//503
f 501//501 505//505 504//504
f 506//506 507//507 508//508
f 506//506 508//508 509//509
f 506//506 509//509 510//510
f 511//511 512//512 517//517
f 511//511 517//517 516//516
f 512//512 513//513 518//518
f 512//512 518//518 517//517
f 513//513 514//514 519//519
f 513//513 519//519 518//518
f 514//514 515//515 520//520
f 514//514 520//520 519//519
f 515//515 511//511 516//516
f 515//515 516//516 520//520
f 511//511 513//513 512//512
f 511//511 514//514 513//513
f 511//511 515//515 514//514
f 516//516 517//517 518//518
f 516//516 518//518 519//519
f 516//516 519//519 520//520
f 521//521 522//522 527//527
f 521//521 527//527 526//526
f 522//522 523//523 528//528
f 522//522 528//528 527//527
f 523//523 524//524 529//529
f 523//523 529//529 528//528
f 524//524 525//525 530//530
f 524//524 530//530 529//529
f 525//525 521//521 526//526
f 525//525 526//526 530//530
f 521//521 523//523 522//522
f 521//521 524//524 523//523
f 521//521 525//525 524//524
f 526//526 527//527 528//528
f 526//526 528//528 529//529
f 526//526 529//529 530//530
f 531//531 532//532 537//537
f 531//531 537//537 536//536
f 532//532 533//533 538//538
f 532//532 538//538 537//537
f 533//533 534//534 539//539
f 533//533 539//539 538//538
f 534//534 535//535 540//540
f 534//534 540//540 539//539
f 535//535 531//531 536//536
f 535//535 536//536 540//540
f 531//531 533//533 532//532
f 531//531 534//534 533//533
f 531//531 535//535 534//534
f 536//536 537//537 538//538
f 536//536 538//538 539//539
f 536//536 539//539 540//540
f 541//541 542//542 547//547
f 541//541 547//547 546//546
f 542//542 543//543 548//548
f 542//542 548//548 547//547
f 543//543 544//544 549//549
f 543//543 549//549 548//548
f 544//544 545//545 550//550
f 544//544 550//550 549//549
f 545//545 541//541 546//546
f 545//545 546//546 550//550
f 541//541 543//543 542//542
f 541//541 544//544 543//543
f 541//541 545//545 544//544
f 546//546 547//547 548//548
f 546//546 548//548 549//549
f 546//546 549//549 550//550
f 551//551 552//552 557//557
f 551//551 557//557 556//556
f 552//552 553//553 558//558
f 552//552 558//558 557//557
f 553//553 554//554 559//559
f 553//553 559//559 558//558
f 554//554 555//555 560//560
f 554//554 560//560 559//559
f 555//555 551//551 556//556
f 555//555 556//556 560//560
f 551//551 553//553 552//552
f 551//551 554//554 553//553
f 551//551 555//555 554//554
f 556//556 557//557 558//558
f 556//556 558//558 559//559
f 556//556 559//559 560//560
f 561//561 562//562 567//567
f 561//561 567//567 566//566
f 562//562 563//563 568//568
f 562//562 568//568 567//567
f 563//563 564//564 569//569
f 563//563 569//569 568//568
f 564//564 565//565 570//570
f 564//564 570//570 569//569
f 565//565 561//561 566//566
f 565//565 566//566 570//570
f 561//561 563//563 562//562
f 561//561 564//564 563//563
f 561//561 565//565 564//564
f 566//566 567//567 568//568
f 566//566 568//568 569//569
f 566//566 569//569 570//570
f 571//571 572//572 577//577
f 571//571 577//577 576//576
f 572//572 573//573 578//578
f 572//572 578//578 577//577
f 573//573 574//574 579//579
f 573//573 579//579 578//578
f 574//574 575//575 580//580
f 574//574 580//580 579//579
f 575//575 571//571 576//576
f 575//575 576//576 580//580
f 571//571 573//573 572//572
f 571//571 574//574 573//573
f 571//571 575//575 574//574
f 576//576 577//577 578//578
f 576//576 578//578 579//579
f 576//576 579//579 580//580
f 581//581 582//582 587//587
f 581//581 587//587 586//586
f 582//582 583//583 588//588
f 582//582 588//588 587//587
f 583//583 584//584 589//589
f 583//583 589//589 588//588
f 584//584 585//585 590//590
f 584//584 590//590 589//589
f 585//585 581//581 586//586
f 585//585 586//586 590//590
f 581//581 583//583 582//582
f 581//581 584//584 583//583
f 581//581 585//585 584//584
f 586//586 587//587 588//588
f 586//586 588//588 589//589
f 586//586 589//589 590//590
f 591//591 592//592 598//598
f 591//591 598//598 597//597
f 592//592 593//593 599//599
f 592//592 599//599 598//598
f 593//593 594//594 600//600
f 593//593 600//600 599//599
f 594//594 595//595 601//601
f 594//594 601//601 600//600
f 595//595 596//596 602//602
f 595//595 602//602 601//601
f 596//596 591//591 597//597
f 596//596 597//597 602//602
f 591//591 593//593 592//592
f 591//591 594//594 593//593
f 591//591 595//595 594//594
f 591//591 596//596 595//595
f 597//597 598//598 599//599
f 597//597 599//599 600//600
f 597//597 600//600 601//601
f 597//597 601//601 602//602
f 603//603 604//604 609//609
f 603//603 609//609 608//608
f 604//604 605//605 610//610
f 604//604 610//610 609//609
f 605//605 606//606 611//611
f 605//605 611//611 610//610
f 606//606 607//607 612//612
f 606//606 612//612 611//611
f 607//607 603//603 608//608
f 607//607 608//608 612//612
f 603//603 605//605 604//604
f 603//603 606//606 605//605
f 603//603 607//607 606//606
f 608//608 609//609 610//610
f 608//608 610//610 611//611
f 608//608 611//611 612//612
f 613//613 614//614 619//619
f 613//613 619//619 618//618
f 614//614 615//615 620//620
f 614//614 620//620 619//619
f 615//615 616//616 621//621
f 615//615 621//621 620//620
f 616//616 617//617 622//622
f 616//616 622//622 621//621
f 617//617 613//613 618//618
f 617//617 618//618 622//622
f 613//613 615//615 614//614
f 613//613 616//616 615//615
f 613//613 617//617 616//616
f 618//618 619//619 620//620
f 618//618 620//620 621//621
f 618//618 621//621 622//622
f 623//623 624//624 629//629
f 623//623 629//629 628//628
f 624//624 625//625 630//630
f 624//624 630//630 629//629
f 625//625 626//626 631//631
f 625//625 631//631 630//630
f 626//626 627//627 632//632
f 626//626 632//632 631//631
f 627//627 623//623 628//628
f 627//627 628//628 632//632
f 623//623 625//625 624//624
f 623//623 626//626 625//625
f 623//623 627//627 626//626
f 628//628 629//629 630//630
f 628//628 630//630 631//631
f 628//628 631//631 632//632
f 633//633 634//634 639//639
f 633//633 639//639 638//638
f 634//634 635//635 640//640
f 634//634 640//640 639//639
f 635//635 636//636 641//641
f 635//635 641//641 640//640
f 636//636 637//637 642//642
f 636//636 642//642 641//641
f 637//637 633//633 638//638
f 637//637 638//638 642//642
f 633//633 635//635 634//634
f 633//633 636//636 635//635
f 633//633 637//637 636//636
f 638//638 639//639 640//640
f 638//638 640//640 641//641
f 638//638 641//641 642//642
f 643//643 644//644 649//649
f 643//643 649//649 648//648
f 644//644 645//645 650//650
f 644//644 650//650 649//649
f 645//645 646//646 651//651
f 645//645 651//651 650//650
f 646//646 647//647 652//652
f 646//646 652//652 651//651
f 647//647 643//643 648//648
f 647//647 648//648 652//652
f 643//643 645//645 644//644
f 643//643 646//646 645//645
f 643//643 647//647 646//646
f 648//648 649//649 650//650
f 648//648 650//650 651//651
f 648//648 651//651 652//652
f 653//653 654//654 659//659
f 653//653 659//659 658//658
f 654//654 655//655 660//660
f 654//654 660//660 659//659
f 655//655 656//656 661//661
f 655//655 661//661 660//660
f 656//656 657//657 662//662
f 656//656 662//662 661//661
f 657//657 653//653 658//658
f 657//657 658//658 662//662
f 653//653 655//655 654//654
f 653//653 656//656 655//655
f 653//653 657//657 656//656
f 658//658 659//659 660//660
f 658//658 660//660 661//661
f 658//658 661//661 662//662
f 663//663 664//664 669//669
f 663//663 669//669 668//668
f 664//664 665//665 670//670
f 664//664 670//670 669//669
f 665//665 666//666 671//671
f 665//665 671//671 670//670
f 666//666 667//667 672//672
f 666//666 672//672 671//671
f 667//667 663//663 668//668
f 667//667 668//668 672//672
f 663//663 665//665 664//664
f 663//663 666//666 665//665
f 663//663 667//667 666//666
f 668//668 669//669 670//670
f 668//668 670//670 671//671
f 668//668 671//671 672//672
f 673//673 674//674 679//679
f 673//673 679//679 678//678
f 674//674 675//675 680//680
f 674//674 680//680 679//679
f 675//675 676//676 681//681
f 675//675 681//681 680//680
f 676//676 677//677 682//682
f 676//676 682//682 681//681
f 677//677 673//673 678//678
f 677//677 678//678 682//682
f 673//673 675//675 674//674
f 673//673 676//676 675//675
f 673//673 677//677 676//676
f 678//678 679//679 680//680
f 678//678 680//680 681//681
f 678//678 681//681 682//682
f 683//683 684//684 689//689
f 683//683 689//689 688//688
f 684//684 685//685 690//690
f 684//684 690//690 689//689
f 685//685 686//686 691//691
f 685//685 691//691 690//690
f 686//686 687//687 692//692
f 686//686 692//692 691//691
f 687//687 683//683 688//688
f 687//687 688//688 692//692
f 683//683 685//685 684//684
f 683//683 686//686 685//685
f 683//683 687//687 686//686
f 688//688 689//689 690//690
f 688//688 690//690 691//691
f 688//688 691//691 692//692
f 693//693 694//694 700//700
f 693//693 700//700 699//699
f 694//694 695//695 701//701
f 694//694 701//701 700//700
f 695//695 696//696 702//702
f 695//695 702//702 701//701
f 696//696 697//697 703//703
f 696//696 703//703 702//702
f 697//697 698//698 704//704
f 697//697 704//704 703//703
f 698//698 693//693 699//699
f 698//698 699//699 704//704
f 693//693 695//695 694//694
f 693//693 696//696 695//695
f 693//693 697//697 696//696
f 693//693 698//698 697//697
f 699//699 700//700 701//701
f 699//699 701//701 702//702
f 699//699 702//702 703//703
f 699//699 703//703 704//704
f 705//705 706//706 711//711
f 705//705 711//711 710//710
f 706//706 707//707 712//712
f 706//706 712//712 711//711
f 707//707 708//708 713//713
f 707//707 713//713 712//712
f 708//708 709//709 714//714
f 708//708 714//714 713//713
f 709//709 705//705 710//710
f 709//709 710//710 714//714
f 705//705 707//707 706//706
f 705//705 708//708 707//707
f 705//705 709//709 708//708
f 710//710 711//711 712//712
f 710//710 712//712 713//713
f 710//710 713//713 714//714
f 715//715 716//716 721//721
f 715//715 721//721 720//720
f 716//716 717//717 722//722
f 716//716 722//722 721//721
f 717//717 718//718 723//723
f 717//717 723//723 722//722
f 718//718 719//719 724//724
f 718//718 724//724 723//723
f 719//719 715//715 720//720
f 719//719 720//720 724//724
f 715//715 717//717 716//716
f 715//715 718//718 717//717
f 715//715 719//719 718//718
f 720//720 721//721 722//722
f 720//720 722//722 723//723
f 720//720 723//723 724//724
f 725//725 726//726 731//731
f 725//725 731//731 730//730
f 726//726 727//727 732//732
f 726//726 732//732 731//731
f 727//727 728//728 733//733
f 727//727 733//733 732//732
f 728//728 729//729 734//734
f 728//728 734//734 733//733
f 729//729 725//725 730//730
f 729//729 730//730 734//734
f 725//725 727//727 726//726
f 725//725 728//728 727//727
f 725//725 729//729 728//728
f 730//730 731//731 732//732
f 730//730 732//732 733//733
f 730//730 733//733 734//734
f 735//735 736//736 741//741
f 735//735 741//741 740//740
f 736//736 737//737 742//742
f 736//736 742//742 741//741
f 737//737 738//738 743//743
f 737//737 743//743 742//742
f 738//738 739//739 744//744
f 738//738 744//744 743//743
f 739//739 735//735 740//740
f 739//739 740//740 744//744
f 735//735 737//737 736//736
f 735//735 738//738 737//737
f 735//735 739//739 738//738
f 740//740 741//741 742//742
f 740//740 742//742 743//743
f 740//740 743//743 744//744
f 745//745 746//746 751//751
f 745//745 751//751 750//750
f 746//746 747//747 752//752
f 746//746 752//752 751//751
f 747//747 748//748 753//753
f 747//747 753//753 752//752
f 748//748 749//749 754//754
f 748//748 754//754 753//753
f 749//749 745//745 750//750
f 749//749 750//750 754//754
f 745//745 747//747 746//746
f 745//745 748//748 747//747
f 745//745 749//749 748//748
f 750//750 751//751 752//752
f 750//750 752//752 753//753
f 750//750 753//753 754//754
f 755//755 756//756 761//761
f 755//755 761//761 760//760
f 756//756 757//757 762//762
f 756//756 762//762 761//761
f 757//757 758//758 763//763
f 757//757 763//763 762//762
f 758//758 759//759 764//764
f 758//758 764//764 763//763
f 759//759 755//755 760//760
f 759//759 760//760 764//764
f 755//755 757//757 756//756
f 755//755 758//758 757//757
f 755//755 759//759 758//758
f 760//760 761//761 762//762
f 760//760 762//762 763//763
f 760//760 763//763 764//764
f 765//765 766//766 771//771
f 765//765 771//771 770//770
f 766//766 767//767 772//772
f 766//766 772//772 771//771
f 767//767 768//768 773//773
f 767//767 773//773 772//772
f 768//768 769//769 774//774
f 768//768 774//774 773//773
f 769//769 765//765 770//770
f 769//769 770//770 774//774
f 765//765 767//767 766//766
f 765//765 768//768 767//767
f 765//765 769//769 768//768
f 770//770 771//771 772//772
f 770//770 772//772 773//773
f 770//770 773//773 774//774
f 775//775 776//776 781//781
f 775//775 781//781 780//780
f 776//776 777//777 782//782
f 776//776 782//782 781//781
f 777//777 778//778 783//783
f 777//777 783//783 782//782
f 778//778 779//779 784//784
f 778//778 784//784 783//783
f 779//779 775//775 780//780
f 779//779 780//780 784//784
f 775//775 777//777 776//776
f 775//775 778//778 777//777
f 775//775 779//779 778//778
f 780//780 781//781 782//782
f 780//780 782//782 783//783
f 780//780 783//783 784//784
f 785//785 786//786 791//791
f 785//785 791//791 790//790
f 786//786 787//787 792//792
f 786//786 792//792 791//791
f 787//787 788//788 793//793
f 787//787 793//793 792//792
f 788//788 789//789 794//794
f 788//788 794//794 793//793
f 789//789 785//785 790//790
f 789//789 790//790 794//794
f 785//785 787//787 786//786
f 785//785 788//788 787//787
f 785//785 789//789 788//788
f 790//790 791//791 792//792
f 790//790 792//792 793//793
f 790//790 793//793 794//794
f 795//795 796//796 802//802
f 795//795 802//802 801//801
f 796//796 797//797 803//803
f 796//796 803//803 802//802
f 797//797 798//798 804//804
f 797//797 804//804 803//803
f 798//798 799//799 805//805
f 798//798 805//805 804//804
f 799//799 800//800 806//806
f 799//799 806//806 805//805
f 800//800 795//795 801//801
f 800//800 801//801 806//806
f 795//795 797//797 796//796
f 795//795 798//798 797//797
f 795//795 799//799 798//798
f 795//795 800//800 799//799
f 801//801 802//802 803//803
f 801//801 803//803 804//804
f 801//801 804//804 805//805
f 801//801 805//805 806//806
f 807//807 808//808 813//813
f 807//807 813//813 812//812
f 808//808 809//809 814//814
f 808//808 814//814 813//813
f 809//809 810//810 815//815
f 809//809 815//815 814//814
f 810//810 811//811 816//816
f 810//810 816//816 815//815
f 811//811 807//807 812//812
f 811//811 812//812 816//816
f 807//807 809//809 808//808
f 807//807 810//810 809//809
f 807//807 811//811 810//810
f 812//812 813//813 814//814
f 812//812 814//814 815//815
f 812//812 815//815 816//816
f 817//817 818//818 823//823
f 817//817 823//823 822//822
f 818//818 819//819 824//824
f 818//818 824//824 823//823
f 819//819 820//820 825//825
f 819//819 825//825 824//824
f 820//820 821//821 826//826
f 820//820 826//826 825//825
f 821//821 817//817 822//822
f 821//821 822//822 826//826
f 817//817 819//819 818//818
f 817//817 820//820 819//819
f 817//817 821//821 820//820
f 822//822 823//823 824//824
f 822//822 824//824 825//825
f 822//822 825//825 826//826
f 827//827 828//828 833//833
f 827//827 833//833 832//832
f 828//828 829//829 834//834
f 828//828 834//834 833//833
f 829//829 830//830 835//835
f 829//829 835//835 834//834
f 830//830 831//831 836//836
f 830//830 836//836 835//835
f 831//831 827//827 832//832
f 831//831 832//832 836//836
f 827//827 829//829 828//828
f 827//827 830//830 829//829
f 827//827 831//831 830//830
f 832//832 833//833 834//834
f 832//832 834//834 835//835
f 832//832 835//835 836//836
f 837//837 838//838 843//843
f 837//837 843//843 842//842
f 838//838 839//839 844//844
f 838//838 844//844 843//843
f 839//839 840//840 845//845
f 839//839 845//845 844//844
f 840//840 841//841 846//846
f 840//840 846//846 845//845
f 841//841 837//837 842//842
f 841//841 842//842 846//846
f 837//837 839//839 838//838
f 837//837 840//840 839//839
f 837//837 841//841 840//840
f 842//842 843//843 844//844
f 842//842 844//844 845//845
f 842//842 845//845 846//846
f 847//847 848//848 853//853
f 847//847 853//853 852//852
f 848//848 849//849 854//854
f 848//848 854//854 853//853
f 849//849 850//850 855//855
f 849//849 855//855 854//854
f 850//850 851//851 856//856
f 850//850 856//856 855//855
f 851//851 847//847 852//852
f 851//851 852//852 856//856
f 847//847 849//849 848//848
f 847//847 850//850 849//849
f 847//847 851//851 850//850
f 852//852 853//853 854//854
f 852//852 854//854 855//855
f 852//852 855//855 856//856
f 857//857 858//858 863//863
f 857//857 863//863 862//862
f 858//858 859//859 864//864
f 858//858 864//864 863//863
f 859//859 860//860 865//865
f 859//859 865//865 864//864
f 860//860 861//861 866//866
f 860//860 866//866 865//865
f 861//861 857//857 862//862
f 861//861 862//862 866//866
f 857//857 859//859 858//858
f 857//857 860//860 859//859
f 857//857 861//861 860//860
f 862//862 863//863 864//864
f 862//862 864//864 865//865
f 862//862 865//865 866//866
f 867//867 868//868 873//873
f 867//867 873//873 872//872
f 868//868 869//869 874//874
f 868//868 874//874 873//873
f 869//869 870//870 875//875
f 869//869 875//875 874//874
f 870//870 871//871 876//876
f 870//870 876//876 875//875
f 871//871 867//867 872//872
f 871//871 872//872 876//876
f 867//867 869//869 868//868
f 867//867 870//870 869//869
f 867//867 871//871 870//870
f 872//872 873//873 874//874
f 872//872 874//874 875//875
f 872//872 875//875 876//876
f 877//877 878//878 883//883
f 877//877 883//883 882//882
f 878//878 879//879 884//884
f 878//878 884//884 883//883
f 879//879 880//880 885//885
f 879//879 885//885 884//884
f 880//880 881//881 886//886
f 880//880 886//886 885//885
f 881//881 877//877 882//882
f 881//881 882//882 886//886
f 877//877 879//879 878//878
f 877//877 880//880 879//879
f 877//877 881//881 880//880
f 882//882 883//883 884//884
f 882//882 884//884 885//885
f 882//882 885//885 886//886
f 887//887 888//888 893//893
f 887//887 893//893 892//892
f 888//888 889//889 894//894
f 888//888 894//894 893//893
f 889//889 890//890 895//895
f 889//889 895//895 894//894
f 890//890 891//891 896//896
f 890//890 896//896 895//895
f 891//891 887//887 892//892
f 891//891 892//892 896//896
f 887//887 889//889 888//888
f 887//887 890//890 889//889
f 887//887 891//891 890//890
f 892//892 893//893 894//894
f 892//892 894//894 895//895
f 892//892 895//895 896//896
f 897//897 898//898 904//904
f 897//897 904//904 903//903
f 898//898 899//899 905//905
f 898//898 905//905 904//904
f 899//899 900//900 906//906
f 899//899 906//906 905//905
f 900//900 901//901 907//907
f 900//900 907//907 906//906
f 901//901 902//902 908//908
f 901//901 908//908 907//907
f 902//902 897//897 903//903
f 902//902 903//903 908//908
f 897//897 899//899 898//898
f 897//897 900//900 899//899
f 897//897 901//901 900//900
f 897//897 902//902 901//901
f 903//903 904//904 905//905
f 903//903 905//905 906//906
f 903//903 906//906 907//907
f 903//903 907//907 908//908
f 909//909 910//910 915//915
f 909//909 915//915 914//914
f 910//910 911//911 916//916
f 910//910 916//916 915//915
f 911//911 912//912 917//917
f 911//911 917//917 916//916
f 912//912 913//913 918//918
f 912//912 918//918 917//917
f 913//913 909//909 914//914
f 913//913 914//914 918//918
f 909//909 911//911 910//910
f 909//909 912//912 911//911
f 909//909 913//913 912//912
f 914//914 915//915 916//916
f 914//914 916//916 917//917
f 914//914 917//917 918//918
f 919//919 920//920 925//925
f 919//919 925//925 924//924
f 920//920 921//921 926//926
f 920//920 926//926 925//925
f 921//921 922//922 927//927
f 921//921 927//927 926//926
f 922//922 923//923 928//928
f 922//922 928//928 927//927
f 923//923 919//919 924//924
f 923//923 924//924 928//928
f 919//919 921//921 920//920
f 919//919 922//922 921//921
f 919//919 923//923 922//922
f 924//924 925//925 926//926
f 924//924 926//926 927//927
f 924//924 927//927 928//928
f 929//929 930//930 935//935
f 929//929 935//935 934//934
f 930//930 931//931 936//936
f 930//930 936//936 935//935
f 931//931 932//932 937//937
f 931//931 937//937 936//936
f 932//932 933//933 938//938
f 932//932 938//938 937//937
f 933//933 929//929 934//934
f 933//933 934//934 938//938
f 929//929 931//931 930//930
f 929//929 932//932 931//931
f 929//929 933//933 932//932
f 934//934 935//935 936//936
f 934//934 936//936 937//937
f 934//934 937//937 938//938
f 939//939 940//940 945//945
f 939//939 945//945 944//944
f 940//940 941//941 946//946
f 940//940 946//946 945//945
f 941//941 942//942 947//947
f 941//941 947//947 946//946
f 942//942 943//943 948//948
f 942//942 948//948 947//947
f 943//943 939//939 944//944
f 943//943 944//944 948//948
f 939//939 941//941 940//940
f 939//939 942//942 941//941
f 939//939 943//943 942//942
f 944//944 945//945 946//946
f 944//944 946//946 947//947
f 944//944 947//947 948//948
f 949//949 950//950 955//955
f 949//949 955//955 954//954
f 950//950 951//951 956//956
f 950//950 956//956 955//955
f 951//951 952//952 957//957
f 951//951 957//957 956//956
f 952//952 953//953 958//958
f 952//952 958//958 957//957
f 953//953 949//949 954//954
f 953//953 954//954 958//958
f 949//949 951//951 950//950
f 949//949 952//952 951//951
f 949//949 953//953 952//952
f 954//954 955//955 956//956
f 954//954 956//956 957//957
f 954//954 957//957 958//958
f 959//959 960//960 965//965
f 959//959 965//965 964//964
f 960//960 961//961 966//966
f 960//960 966//966 965//965
f 961//961 962//962 967//967
f 961//961 967//967 966//966
f 962//962 963//963 968//968
f 962//962 968//968 967//967
f 963//963 959//959 964//964
f 963//963 964//964 968//968
f 959//959 961//961 960//960
f 959//959 962//962 961//961
f 959//959 963//963 962//962
f 964//964 965//965 966//966
f 964//964 966//966 967//967
f 964//964 967//967 968//968
f 969//969 970//970 975//975
f 969//969 975//975 974//974
f 970//970 971//971 976//976
f 970//970 976//976 975//975
f 971//971 972//972 977//977
f 971//971 977//977 976//976
f 972//972 973//973 978//978
f 972//972 978//978 977//977
f 973//973 969//969 974//974
f 973//973 974//974 978//978
f 969//969 971//971 970//970
f 969//969 972//972 971//971
f 969//969 973//973 972//972
f 974//974 975//975 976//976
f 974//974 976//976 977//977
f 974//974 977//977 978//978
f 979//979 980//980 985//985
f 979//979 985//985 984//984
f 980//980 981//981 986//986
f 980//980 986//986 985//985
f 981//981 982//982 987//987
f 981//981 987//987 986//986
f 982//982 983//983 988//988
f 982//982 988//988 987//987
f 983//983 979//979 984//984
f 983//983 984//984 988//988
f 979//979 981//981 980//980
f 979//979 982//982 981//981
f 979//979 983//983 982//982
f 984//984 985//985 986//986
f 984//984 986//986 987//987
f 984//984 987//987 988//988
f 989//989 990//990 995//995
f 989//989 995//995 994//994
f 990//990 991//991 996//996
f 990//990 996//996 995//995
f 991//991 992//992 997//997
f 991//991 997//997 996//996
f 992//992 993//993 998//998
f 992//992 998//998 997//997
f 993//993 989//989 994//994
f 993//993 994//994 998//998
f 989//989 991//991 990//990
f 989//989 992//992 991//991
f 989//989 993//993 992//992
f 994//994 995//995 996//996
f 994//994 996//996 997//997
f 994//994 997//997 998//998
f 999//999 1000//1000 1006//1006
f 999//999 1006//1006 1005//1005
f 1000//1000 1001//1001 1007//1007
f 1000//1000 1007//1007 1006//1006
f 1001//1001 1002//1002 1008//1008
f 1001//1001 1008//1008 1007//1007
f 1002//1002 1003//1003 1009//1009
f 1002//1002 1009//1009 1008//1008
f 1003//1003 1004//1004 1010//1010
f 1003//1003 1010//1010 1009//1009
f 1004//1004 999//999 1005//1005
f 1004//1004 1005//1005 1010//1010
f 999//999 1001//1001 1000//1000
f 999//999 1002//1002 1001//1001
f 999//999 1003//1003 1002//1002
f 999//999 1004//1004 1003//1003
f 1005//1005 1006//1006 1007//1007
f 1005//1005 1007//1007 1008//1008
f 1005//1005 1008//1008 1009//1009
f 1005//1005 1009//1009 1010//1010
f 1011//1011 1012//1012 1017//1017
f 1011//1011 1017//1017 1016//1016
f 1012//1012 1013//1013 1018//1018
f 1012//1012 1018//1018 1017//1017
f 1013//1013 1014//1014 1019//1019
f 1013//1013 1019//1019 1018//1018
f 1014//1014 1015//1015 1020//1020
f 1014//1014 1020//1020 1019//1019
f 1015//1015 1011//1011 1016//1016
f 1015//1015 1016//1016 1020//1020
f 1011//1011 1013//1013 1012//1012
f 1011//1011 1014//1014 1013//1013
f 1011//1011 1015//1015 1014//1014
f 1016//1016 1017//1017 1018//1018
f 1016//1016 1018//1018 1019//1019
f 1016//1016 1019//1019 1020//1020
f 1021//1021 1022//1022 1027//1027
f 1021//1021 1027//1027 1026//1026
f 1022//1022 1023//1023 1028//1028
f 1022//1022 1028//1028 1027//1027
f 1023//1023 1024//1024 1029//1029
f 1023//1023 1029//1029 1028//1028
f 1024//1024 1025//1025 1030//1030
f 1024//1024 1030//1030 1029//1029
f 1025//1025 1021//1021 1026//1026
f 1025//1025 1026//1026 1030//1030
f 1021//1021 1023//1023 1022//1022
f 1021//1021 1024//1024 1023//1023
f 1021//1021 1025//1025 1024//1024
f 1026//1026 1027//1027 1028//1028
f 1026//1026 1028//1028 1029//1029
f 1026//1026 1029//1029 1030//1030
f 1031//1031 1032//1032 1037//1037
f 1031//1031 1037//1037 1036//1036
f 1032//1032 1033//1033 1038//1038
f 1032//1032 1038//1038 1037//1037
f 1033//1033 1034//1034 1039//1039
f 1033//1033 1039//1039 1038//1038
f 1034//1034 1035//1035 1040//1040
f 1034//1034 1040//1040 1039//1039
f 1035//1035 1031//1031 1036//1036
f 1035//1035 1036//1036 1040//1040
f 1031//1031 1033//1033 1032//1032
f 1031//1031 1034//1034 1033//1033
f 1031//1031 1035//1035 1034//1034
f 1036//1036 1037//1037 1038//1038
f 1036//1036 1038//1038 1039//1039
f 1036//1036 1039//1039 1040//1040
f 1041//1041 1042//1042 1047//1047
f 1041//1041 1047//1047 1046//1046
f 1042//1042 1043//1043 1048//1048
f 1042//1042 1048//1048 1047//1047
f 1043//1043 1044//1044 1049//1049
f 1043//1043 1049//1049 1048//1048
f 1044//1044 1045//1045 1050//1050
f 1044//1044 1050//1050 1049//1049
f 1045//1045 1041//1041 1046//1046
f 1045//1045 1046//1046 1050//1050
f 1041//1041 1043//1043 1042//1042
f 1041//1041 1044//1044 1043//1043
f 1041//1041 1045//1045 1044//1044
f 1046//1046 1047//1047 1048//1048
f 1046//1046 1048//1048 1049//1049
f 1046//1046 1049//1049 1050//1050
f 1051//1051 1052//1052 1057//1057
f 1051//1051 1057//1057 1056//1056
f 1052//1052 1053//1053 1058//1058
f 1052//1052 1058//1058 1057//1057
f 1053//1053 1054//1054 1059//1059
f 1053//1053 1059//1059 1058//1058
f 1054//1054 1055//1055 1060//1060
f 1054//1054 1060//1060 1059//1059
f 1055//1055 1051//1051 1056//1056
f 1055//1055 1056//1056 1060//1060
f 1051//1051 1053//1053 1052//1052
f 1051//1051 1054//1054 1053//1053
f 1051//1051 1055//1055 1054//1054
f 1056//1056 1057//1057 1058//1058
f 1056//1056 1058//1058 1059//1059
f 1056//1056 1059//1059 1060//1060
f 1061//1061 1062//1062 1067//1067
f 1061//1061 1067//1067 1066//1066
f 1062//1062 1063//1063 1068//1068
f 1062//1062 1068//1068 1067//1067
f 1063//1063 1064//1064 1069//1069
f 1063//1063 1069//1069 1068//1068
f 1064//1064 1065//1065 1070//1070
f 1064//1064 1070//1070 1069//1069
f 1065//1065 1061//1061 1066//1066
f 1065//1065 1066//1066 1070//1070
f 1061//1061 1063//1063 1062//1062
f 1061//1061 1064//1064 1063//1063
f 1061//1061 1065//1065 1064//1064
f 1066//1066 1067//1067 1068//1068
f 1066//1066 1068//1068 1069//1069
f 1066//1066 1069//1069 1070//1070
f 1071//1071 1072//1072 1077//1077
f 1071//1071 1077//1077 1076//1076
f 1072//1072 1073//1073 1078//1078
f 1072//1072 1078//1078 1077//1077
f 1073//1073 1074//1074 1079//1079
f 1073//1073 1079//1079 1078//1078
f 1074//1074 1075//1075 1080//1080
f 1074//1074 1080//1080 1079//1079
f 1075//1075 1071//1071 1076//1076
f 1075//1075 1076//1076 1080//1080
f 1071//1071 1073//1073 1072//1072
f 1071//1071 1074//1074 1073//1073
f 1071//1071 1075//1075 1074//1074
f 1076//1076 1077//1077 1078//1078
f 1076//1076 1078//1078 1079//1079
f 1076//1076 1079//1079 1080//1080
f 1081//1081 1082//1082 1087//1087
f 1081//1081 1087//1087 1086//1086
f 1082//1082 1083//1083 1088//1088
f 1082//1082 1088//1088 1087//1087
f 1083//1083 1084//1084 1089//1089
f 1083//1083 1089//1089 1088//1088
f 1084//1084 1085//1085 1090//1090
f 1084//1084 1090//1090 1089//1089
f 1085//1085 1081//1081 1086//1086
f 1085//1085 1086//1086 1090//1090
f 1081//1081 1083//1083 1082//1082
f 1081//1081 1084//1084 1083//1083
f 1081//1081 1085//1085 1084//1084
f 1086//1086 1087//1087 1088//1088
f 1086//1086 1088//1088 1089//1089
f 1086//1086 1089//1089 1090//1090
f 1091//1091 1092//1092 1097//1097
f 1091//1091 1097//1097 1096//1096
f 1092//1092 1093//1093 1098//1098
f 1092//1092 1098//1098 1097//1097
f 1093//1093 1094//1094 1099//1099
f 1093//1093 1099//1099 1098//1098
f 1094//1094 1095//1095 1100//1100
f 1094//1094 1100//1100 1099//1099
f 1095//1095 1091//1091 1096//1096
f 1095//1095 1096//1096 1100//1100
f 1091//1091 1093//1093 1092//1092
f 1091//1091 1094//1094 1093//1093
f 1091//1091 1095//1095 1094//1094
f 1096//1096 1097//1097 1098//1098
f 1096//1096 1098//1098 1099//1099
f 1096//1096 1099//1099 1100//1100
f 1101//1101 1102//1102 1108//1108
f 1101//1101 1108//1108 1107//1107
f 1102//1102 1103//1103 1109//1109
f 1102//1102 1109//1109 1108//1108
f 1103//1103 1104//1104 1110//1110
f 1103//1103 1110//1110 1109//1109
f 1104//1104 1105//1105 1111//1111
f 1104//1104 1111//1111 1110//1110
f 1105//1105 1106//1106 1112//1112
f 1105//1105 1112//1112 1111//1111
f 1106//1106 1101//1101 1107//1107
f 1106//1106 1107//1107 1112//1112
f 1101//1101 1103//1103 1102//1102
f 1101//1101 1104//1104 1103//1103
f 1101//1101 1105//1105 1104//1104
f 1101//1101 1106//1106 1105//1105
f 1107//1107 1108//1108 1109//1109
f 1107//1107 1109//1109 1110//1110
f 1107//1107 1110//1110 1111//1111
f 1107//1107 1111//1111 1112//1112
f 1113//1113 1114//1114 1119//1119
f 1113//1113 1119//1119 1118//1118
f 1114//1114 1115//1115 1120//1120
f 1114//1114 1120//1120 1119//1119
f 1115//1115 1116//1116 1121//1121
f 1115//1115 1121//1121 1120//1120
f 1116//1116 1117//1117 1122//1122
f 1116//1116 1122//1122 1121//1121
f 1117//1117 1113//1113 1118//1118
f 1117//1117 1118//1118 1122//1122
f 1113//1113 1115//1115 1114//1114
f 1113//1113 1116//1116 1115//1115
f 1113//1113 1117//1117 1116//1116
f 1118//1118 1119//1119 1120//1120
f 1118//1118 1120//1120 1121//1121
f 1118//1118 1121//1121 1122//1122
f 1123//1123 1124//1124 1129//1129
f 1123//1123 1129//1129 1128//1128
f 1124//1124 1125//1125 1130//1130
f 1124//1124 1130//1130 1129//1129
f 1125//1125 1126//1126 1131//1131
f 1125//1125 1131//1131 1130//1130
f 1126//1126 1127//1127 1132//1132
f 1126//1126 1132//1132 1131//1131
f 1127//1127 1123//1123 1128//1128
f 1127//1127 1128//1128 1132//1132
f 1123//1123 1125//1125 1124//1124
f 1123//1123 1126//1126 1125//1125
f 1123//1123 1127//1127 1126//1126
f 1128//1128 1129//1129 1130//1130
f 1128//1128 1130//1130 1131//1131
f 1128//1128 1131//1131 1132//1132
f 1133//1133 1134//1134 1139//1139
f 1133//1133 1139//1139 1138//1138
f 1134//1134 1135//1135 1140//1140
f 1134//1134 1140//1140 1139//1139
f 1135//1135 1136//1136 1141//1141
f 1135//1135 1141//1141 1140//1140
f 1136//1136 1137//1137 1142//1142
f 1136//1136 1142//1142 1141//1141
f 1137//1137 1133//1133 1138//1138
f 1137//1137 1138//1138 1142//1142
f 1133//1133 1135//1135 1134//1134
f 1133//1133 1136//1136 1135//1135
f 1133//1133 1137//1137 1136//1136
f 1138//1138 1139//1139 1140//1140
f 1138//1138 1140//1140 1141//1141
f 1138//1138 1141//1141 1142//1142
f 1143//1143 1144//1144 1149//1149
f 1143//1143 1149//1149 1148//1148
f 1144//1144 1145//1145 1150//1150
f 1144//1144 1150//1150 1149//1149
f 1145//1145 1146//1146 1151//1151
f 1145//1145 1151//1151 1150//1150
f 1146//1146 1147//1147 1152//1152
f 1146//1146 1152//1152 1151//1151
f 1147//1147 1143//1143 1148//1148
f 1147//1147 1148//1148 1152//1152
f 1143//1143 1145//1145 1144//1144
f 1143//1143 1146//1146 1145//1145
f 1143//1143 1147//1147 1146//1146
f 1148//1148 1149//1149 1150//1150
f 1148//1148 1150//1150 1151//1151
f 1148//1148 1151//1151 1152//1152
f 1153//1153 1154//1154 1159//1159
f 1153//1153 1159//1159 1158//1158
f 1154//1154 1155//1155 1160//1160
f 1154//1154 1160//1160 1159//1159
f 1155//1155 1156//1156 1161//1161
f 1155//1155 1161//1161 1160//1160
f 1156//1156 1157//1157 1162//1162
f 1156//1156 1162//1162 1161//1161
f 1157//1157 1153//1153 1158//1158
f 1157//1157 1158//1158 1162//1162
f 1153//1153 1155//1155 1154//1154
f 1153//1153 1156//1156 1155//1155
f 1153//1153 1157//1157 1156//1156
f 1158//1158 1159//1159 1160//1160
f 1158//1158 1160//1160 1161//1161
f 1158//1158 1161//1161 1162//1162
f 1163//1163 1164//1164 1169//1169
f 1163//1163 1169//1169 1168//1168
f 1164//1164 1165//1165 1170//1170
f 1164//1164 1170//1170 1169//1169
f 1165//1165 1166//1166 1171//1171
f 1165//1165 1171//1171 1170//1170
f 1166//1166 1167//1167 1172//1172
f 1166//1166 1172//1172 1171//1171
f 1167//1167 1163//1163 1168//1168
f 1167//1167 1168//1168 1172//1172
f 1163//1163 1165//1165 1164//1164
f 1163//1163 1166//1166 1165//1165
f 1163//1163 1167//1167 1166//1166
f 1168//1168 1169//1169 1170//1170
f 1168//1168 1170//1170 1171//1171
f 1168//1168 1171//1171 1172//1172
f 1173//1173 1174//1174 1179//1179
f 1173//1173 1179//1179 1178//1178
f 1174//1174 1175//1175 1180//1180
f 1174//1174 1180//1180 1179//1179
f 1175//1175 1176//1176 1181//1181
f 1175//1175 1181//1181 1180//1180
f 1176//1176 1177//1177 1182//1182
f 1176//1176 1182//1182 1181//1181
f 1177//1177 1173//1173 1178//1178
f 1177//1177 1178//1178 1182//1182
f 1173//1173 1175//1175 1174//1174
f 1173//1173 1176//1176 1175//1175
f 1173//1173 1177//1177 1176//1176
f 1178//1178 1179//1179 1180//1180
f 1178//1178 1180//1180 1181//1181
f 1178//1178 1181//1181 1182//1182
f 1183//1183 1184//1184 1189//1189
f 1183//1183 1189//1189 1188//1188
f 1184//1184 1185//1185 1190//1190
f 1184//1184 1190//1190 1189//1189
f 1185//1185 1186//1186 1191//1191
f 1185//1185 1191//1191 1190//1190
f 1186//1186 1187//1187 1192//1192
f 1186//1186 1192//1192 1191//1191
f 1187//1187 1183//1183 1188//1188
f 1187//1187 1188//1188 1192//1192
f 1183//1183 1185//1185 1184//1184
f 1183//1183 1186//1186 1185//1185
f 1183//1183 1187//1187 1186//1186
f 1188//1188 1189//1189 1190//1190
f 1188//1188 1190//1190 1191//1191
f 1188//1188 1191//1191 1192//1192
f 1193//1193 1194//1194 1199//1199
f 1193//1193 1199//1199 1198//1198
f 1194//1194 1195//1195 1200//1200
f 1194//1194 1200//1200 1199//1199
f 1195//1195 1196//1196 1201//1201
f 1195//1195 1201//1201 1200//1200
f 1196//1196 1197//1197 1202//1202
f 1196//1196 1202//1202 1201//1201
f 1197//1197 1193//1193 1198//1198
f 1197//1197 1198//1198 1202//1202
f 1193//1193 1195//1195 1194//1194
f 1193//1193 1196//1196 1195//1195
f 1193//1193 1197//1197 1196//1196
f 1198//1198 1199//1199 1200//1200
f 1198//1198 1200//1200 1201//1201
f 1198//1198 1201//1201 1202//1202
f 1203//1203 1204//1204 1210//1210
f 1203//1203 1210//1210 1209//1209
f 1204//1204 1205//1205 1211//1211
f 1204//1204 1211//1211 1210//1210
f 1205//1205 1206//1206 1212//1212
f 1205//1205 1212//1212 1211//1211
f 1206//1206 1207//1207 1213//1213
f 1206//1206 1213//1213 1212//1212
f 1207//1207 1208//1208 1214//1214
f 1207//1207 1214//1214 1213//1213
f 1208//1208 1203//1203 1209//1209
f 1208//1208 1209//1209 1214//1214
f 1203//1203 1205//1205 1204//1204
f 1203//1203 1206//1206 1205//1205
f 1203//1203 1207//1207 1206//1206
f 1203//1203 1208//1208 1207//1207
f 1209//1209 1210//1210 1211//1211
f 1209//1209 1211//1211 1212//1212
f 1209//1209 1212//1212 1213//1213
f 1209//1209 1213//1213 1214//1214
f 1215//1215 1216//1216 1221//1221
f 1215//1215 1221//1221 1220//1220
f 1216//1216 1217//1217 1222//1222
f 1216//1216 1222//1222 1221//1221
f 1217//1217 1218//1218 1223//1223
f 1217//1217 1223//1223 1222//1222
f 1218//1218 1219//1219 1224//1224
f 1218//1218 1224//1224 1223//1223
f 1219//1219 1215//1215 1220//1220
f 1219//1219 1220//1220 1224//1224
f 1215//1215 1217//1217 1216//1216
f 1215//1215 1218//1218 1217//1217
f 1215//1215 1219//1219 1218//1218
f 1220//1220 1221//1221 1222//1222
f 1220//1220 1222//1222 1223//1223
f 1220//1220 1223//1223 1224//1224
f 1225//1225 1226//1226 1231//1231
f 1225//1225 1231//1231 1230//1230
f 1226//1226 1227//1227 1232//1232
f 1226//1226 1232//1232 1231//1231
f 1227//1227 1228//1228 1233//1233
f 1227//1227 1233//1233 1232//1232
f 1228//1228 1229//1229 1234//1234
f 1228//1228 1234//1234 1233//1233
f 1229//1229 1225//1225 1230//1230
f 1229//1229 1230//1230 1234//1234
f 1225//1225 1227//1227 1226//1226
f 1225//1225 1228//1228 1227//1227
f 1225//1225 1229//1229 1228//1228
f 1230//1230 1231//1231 1232//1232
f 1230//1230 1232//1232 1233//1233
f 1230//1230 1233//1233 1234//1234
f 1235//1235 1236//1236 1241//1241
f 1235//1235 1241//1241 1240//1240
f 1236//1236 1237//1237 1242//1242
f 1236//1236 1242//1242 1241//1241
f 1237//1237 1238//1238 1243//1243
f 1237//1237 1243//1243 1242//1242
f 1238//1238 1239//1239 1244//1244
f 1238//1238 1244//1244 1243//1243
f 1239//1239 1235//1235 1240//1240
f 1239//1239 1240//1240 1244//1244
f 1235//1235 1237//1237 1236//1236
f 1235//1235 1238//1238 1237//1237
f 1235//1235 1239//1239 1238//1238
f 1240//1240 1241//1241 1242//1242
f 1240//1240 1242//1242 1243//1243
f 1240//1240 1243//1243 1244//1244
f 1245//1245 1246//1246 1251//1251
f 1245//1245 1251//1251 1250//1250
f 1246//1246 1247//1247 1252//1252
f 1246//1246 1252//1252 1251//1251
f 1247//1247 1248//1248 1253//1253
f 1247//1247 1253//1253 1252//1252
f 1248//1248 1249//1249 1254//1254
f 1248//1248 1254//1254 1253//1253
f 1249//1249 1245//1245 1250//1250
f 1249//1249 1250//1250 1254//1254
f 1245//1245 1247//1247 1246//1246
f 1245//1245 1248//1248 1247//1247
f 1245//1245 1249//1249 1248//1248
f 1250//1250 1251//1251 1252//1252
f 1250//1250 1252//1252 1253//1253
f 1250//1250 1253//1253 1254//1254
f 1255//1255 1256//1256 1261//1261
f 1255//1255 1261//1261 1260//1260
f 1256//1256 1257//1257 1262//1262
f 1256//1256 1262//1262 1261//1261
f 1257//1257 1258//1258 1263//1263
f 1257//1257 1263//1263 1262//1262
f 1258//1258 1259//1259 1264//1264
f 1258//1258 1264//1264 1263//1263
f 1259//1259 1255//1255 1260//1260
f 1259//1259 1260//1260 1264//1264
f 1255//1255 1257//1257 1256//1256
f 1255//1255 1258//1258 1257//1257
f 1255//1255 1259//1259 1258//1258
f 1260//1260 1261//1261 1262//1262
f 1260//1260 1262//1262 1263//1263
f 1260//1260 1263//1263 1264//1264
f 1265//1265 1266//1266 1271//1271
f 1265//1265 1271//1271 1270//1270
f 1266//1266 1267//1267 1272//1272
f 1266//1266 1272//1272 1271//1271
f 1267//1267 1268//1268 1273//1273
f 1267//1267 1273//1273 1272//1272
f 1268//1268 1269//1269 1274//1274
f 1268//1268 1274//1274 1273//1273
f 1269//1269 1265//1265 1270//1270
f 1269//1269 1270//1270 1274//1274
f 1265//1265 1267//1267 1266//1266
f 1265//1265 1268//1268 1267//1267
f 1265//1265 1269//1269 1268//1268
f 1270//1270 1271//1271 1272//1272
f 1270//1270 1272//1272 1273//1273
f 1270//1270 1273//1273 1274//1274
f 1275//1275 1276//1276 1281//1281
f 1275//1275 1281//1281 1280//1280
f 1276//1276 1277//1277 1282//1282
f 1276//1276 1282//1282 1281//1281
f 1277//1277 1278//1278 1283//1283
f 1277//1277 1283//1283 1282//1282
f 1278//1278 1279//1279 1284//1284
f 1278//1278 1284//1284 1283//1283
f 1279//1279 1275//1275 1280//1280
f 1279//1279 1280//1280 1284//1284
f 1275//1275 1277//1277 1276//1276
f 1275//1275 1278//1278 1277//1277
f 1275//1275 1279//1279 1278//1278
f 1280//1280 1281//1281 1282//1282
f 1280//1280 1282//1282 1283//1283
f 1280//1280 1283//1283 1284//1284
f 1285//1285 1286//1286 1291//1291
f 1285//1285 1291//1291 1290//1290
f 1286//1286 1287//1287 1292//1292
f 1286//1286 1292//1292 1291//1291
f 1287//1287 1288//1288 1293//1293
f 1287//1287 1293//1293 1292//1292
f 1288//1288 1289//1289 1294//1294
f 1288//1288 1294//1294 1293//1293
f 1289//1289 1285//1285 1290//1290
f 1289//1289 1290//1290 1294//1294
f 1285//1285 1287//1287 1286//1286
f 1285//1285 1288//1288 1287//1287
f 1285//1285 1289//1289 1288//1288
f 1290//1290 1291//1291 1292//1292
f 1290//1290 1292//1292 1293//1293
f 1290//1290 1293//1293 1294//1294
f 1295//1295 1296//1296 1301//1301
f 1295//1295 1301//1301 1300//1300
f 1296//1296 1297//1297 1302//1302
f 1296//1296 1302//1302 1301//1301
f 1297//1297 1298//1298 1303//1303
f 1297//1297 1303//1303 1302//1302
f 1298//1298 1299//1299 1304//1304
f 1298//1298 1304//1304 1303//1303
f 1299//1299 1295//1295 1300//1300
f 1299//1299 1300//1300 1304//1304
f 1295//1295 1297//1297 1296//1296
f 1295//1295 1298//1298 1297//1297
f 1295//1295 1299//1299 1298//1298
f 1300//1300 1301//1301 1302//1302
f 1300//1300 1302//1302 1303//1303
f 1300//1300 1303//1303 1304//1304
f 1305//1305 1306//1306 1312//1312
f 1305//1305 1312//1312 1311//1311
f 1306//1306 1307//1307 1313//1313
f 1306//1306 1313//1313 1312//1312
f 1307//1307 1308//1308 1314//1314
f 1307//1307 1314//1314 1313//1313
f 1308//1308 1309//1309 1315//1315
f 1308//1308 1315//1315 1314//1314
f 1309//1309 1310//1310 1316//1316
f 1309//1309 1316//1316 1315//1315
f 1310//1310 1305//1305 1311//1311
f 1310//1310 1311//1311 1316//1316
f 1305//1305 1307//1307 1306//1306
f 1305//1305 1308//1308 1307//1307
f 1305//1305 1309//1309 1308//1308
f 1305//1305 1310//1310 1309//1309
f 1311//1311 1312//1312 1313//1313
f 1311//1311 1313//1313 1314//1314
f 1311//1311 1314//1314 1315//1315
f 1311//1311 1315//1315 1316//1316
f 1317//1317 1318//1318 1323//1323
f 1317//1317 1323//1323 1322//1322
f 1318//1318 1319//1319 1324//1324
f 1318//1318 1324//1324 1323//1323
f 1319//1319 1320//1320 1325//1325
f 1319//1319 1325//1325 1324//1324
f 1320//1320 1321//1321 1326//1326
f 1320//1320 1326//1326 1325//1325
f 1321//1321 1317//1317 1322//1322
f 1321//1321 1322//1322 1326//1326
f 1317//1317 1319//1319 1318//1318
f 1317//1317 1320//1320 1319//1319
f 1317//1317 1321//1321 1320//1320
f 1322//1322 1323//1323 1324//1324
f 1322//1322 1324//1324 1325//1325
f 1322//1322 1325//1325 1326//1326
f 1327//1327 1328//1328 1333//1333
f 1327//1327 1333//1333 1332//1332
f 1328//1328 1329//1329 1334//1334
f 1328//1328 1334//1334 1333//1333
f 1329//1329 1330//1330 1335//1335
f 1329//1329 1335//1335 1334//1334
f 1330//1330 1331//1331 1336//1336
f 1330//1330 1336//1336 1335//1335
f 1331//1331 1327//1327 1332//1332
f 1331//1331 1332//1332 1336//1336
f 1327//1327 1329//1329 1328//1328
f 1327//1327 1330//1330 1329//1329
f 1327//1327 1331//1331 1330//1330
f 1332//1332 1333//1333 1334//1334
f 1332//1332 1334//1334 1335//1335
f 1332//1332 1335//1335 1336//1336
f 1337//1337 1338//1338 1343//1343
f 1337//1337 1343//1343 1342//1342
f 1338//1338 1339//1339 1344//1344
f 1338//1338 1344//1344 1343//1343
f 1339//1339 1340//1340 1345//1345
f 1339//1339 1345//1345 1344//1344
f 1340//1340 1341//1341 1346//1346
f 1340//1340 1346//1346 1345//1345
f 1341//1341 1337//1337 1342//1342
f 1341//1341 1342//1342 1346//1346
f 1337//1337 1339//1339 1338//1338
f 1337//1337 1340//1340 1339//1339
f 1337//1337 1341//1341 1340//1340
f 1342//1342 1343//1343 1344//1344
f 1342//1342 1344//1344 1345//1345
f 1342//1342 1345//1345 1346//1346
f 1347//1347 1348//1348 1353//1353
f 1347//1347 1353//1353 1352//1352
f 1348//1348 1349//1349 1354//1354
f 1348//1348 1354//1354 1353//1353
f 1349//1349 1350//1350 1355//1355
f 1349//1349 1355//1355 1354//1354
f 1350//1350 1351//1351 1356//1356
f 1350//1350 1356//1356 1355//1355
f 1351//1351 1347//1347 1352//1352
f 1351//1351 1352//1352 1356//1356
f 1347//1347 1349//1349 1348//1348
f 1347//1347 1350//1350 1349//1349
f 1347//1347 1351//1351 1350//1350
f 1352//1352 1353//1353 1354//1354
f 1352//1352 1354//1354 1355//1355
f 1352//1352 1355//1355 1356//1356
f 1357//1357 1358//1358 1363//1363
f 1357//1357 1363//1363 1362//1362
f 1358//1358 1359//1359 1364//1364
f 1358//1358 1364//1364 1363//1363
f 1359//1359 1360//1360 1365//1365
f 1359//1359 1365//1365 1364//1364
f 1360//1360 1361//1361 1366//1366
f 1360//1360 1366//1366 1365//1365
f 1361//1361 1357//1357 1362//1362
f 1361//1361 1362//1362 1366//1366
f 1357//1357 1359//1359 1358//1358
f 1357//1357 1360//1360 1359//1359
f 1357//1357 1361//1361 1360//1360
f 1362//1362 1363//1363 1364//1364
f 1362//1362 1364//1364 1365//1365
f 1362//1362 1365//1365 1366//1366
f 1367//1367 1368//1368 1373//1373
f 1367//1367 1373//1373 1372//1372
f 1368//1368 1369//1369 1374//1374
f 1368//1368 1374//1374 1373//1373
f 1369//1369 1370//1370 1375//1375
f 1369//1369 1375//1375 1374//1374
f 1370//1370 1371//1371 1376//1376
f 1370//1370 1376//1376 1375//1375
f 1371//1371 1367//1367 1372//1372
f 1371//1371 1372//1372 1376//1376
f 1367//1367 1369//1369 1368//1368
f 1367//1367 1370//1370 1369//1369
f 1367//1367 1371//1371 1370//1370
f 1372//1372 1373//1373 1374//1374
f 1372//1372 1374//1374 1375//1375
f 1372//1372 1375//1375 1376//1376
f 1377//1377 1378//1378 1383//1383
f 1377//1377 1383//1383 1382//1382
f 1378//1378 1379//1379 1384//1384
f 1378//1378 1384//1384 1383//1383
f 1379//1379 1380//1380 1385//1385
f 1379//1379 1385//1385 1384//1384
f 1380//1380 1381//1381 1386//1386
f 1380//1380 1386//1386 1385//1385
f 1381//1381 1377//1377 1382//1382
f 1381//1381 1382//1382 1386//1386
f 1377//1377 1379//1379 1378//1378
f 1377//1377 1380//1380 1379//1379
f 1377//1377 1381//1381 1380//1380
f 1382//1382 1383//1383 1384//1384
f 1382//1382 1384//1384 1385//1385
f 1382//1382 1385//1385 1386//1386
f 1387//1387 1388//1388 1393//1393
f 1387//1387 1393//1393 1392//1392
f 1388//1388 1389//1389 1394//1394
f 1388//1388 1394//1394 1393//1393
f 1389//1389 1390//1390 1395//1395
f 1389//1389 1395//1395 1394//1394
f 1390//1390 1391//1391 1396//1396
f 1390//1390 1396//1396 1395//1395
f 1391//1391 1387//1387 1392//1392
f 1391//1391 1392//1392 1396//1396
f 1387//1387 1389//1389 1388//1388
f 1387//1387 1390//1390 1389//1389
f 1387//1387 1391//1391 1390//1390
f 1392//1392 1393//1393 1394//1394
f 1392//1392 1394//1394 1395//1395
f 1392//1392 1395//1395 1396//1396
f 1397//1397 1398//1398 1403//1403
f 1397//1397 1403//1403 1402//1402
f 1398//1398 1399//1399 1404//1404
f 1398//1398 1404//1404 1403//1403
f 1399//1399 1400//1400 1405//1405
f 1399//1399 1405//1405 1404//1404
f 1400//1400 1401//1401 1406//1406
f 1400//1400 1406//1406 1405//1405
f 1401//1401 1397//1397 1402//1402
f 1401//1401 1402//1402 1406//1406
f 1397//1397 1399//1399 1398//1398
f 1397//1397 1400//1400 1399//1399
f 1397//1397 1401//1401 1400//1400
f 1402//1402 1403//1403 1404//1404
f 1402//1402 1404//1404 1405//1405
f 1402//1402 1405//1405 1406//1406
f 1407//1407 1408//1408 1414//1414
f 1407//1407 1414//1414 1413//1413
f 1408//1408 1409//1409 1415//1415
f 1408//1408 1415//1415 1414//1414
f 1409//1409 1410//1410 1416//1416
f 1409//1409 1416//1416 1415//1415
f 1410//1410 1411//1411 1417//1417
f 1410//1410 1417//1417 1416//1416
f 1411//1411 1412//1412 1418//1418
f 1411//1411 1418//1418 1417//1417
f 1412//1412 1407//1407 1413//1413
f 1412//1412 1413//1413 1418//1418
f 1407//1407 1409//1409 1408//1408
f 1407//1407 1410//1410 1409//1409
f 1407//1407 1411//1411 1410//1410
f 1407//1407 1412//1412 1411//1411
f 1413//1413 1414//1414 1415//1415
f 1413//1413 1415//1415 1416//1416
f 1413//1413 1416//1416 1417//1417
f 1413//1413 1417//1417 1418//1418
f 1419//1419 1420//1420 1425//1425
f 1419//1419 1425//1425 1424//1424
f 1420//1420 1421//1421 1426//1426
f 1420//1420 1426//1426 1425//1425
f 1421//1421 1422//1422 1427//1427
f 1421//1421 1427//1427 1426//1426
f 1422//1422 1423//1423 1428//1428
f 1422//1422 1428//1428 1427//1427
f 1423//1423 1419//1419 1424//1424
f 1423//1423 1424//1424 1428//1428
f 1419//1419 1421//1421 1420//1420
f 1419//1419 1422//1422 1421//1421
f 1419//1419 1423//1423 1422//1422
f 1424//1424 1425//1425 1426//1426
f 1424//1424 1426//1426 1427//1427
f 1424//1424 1427//1427 1428//1428
f 1429//1429 1430//1430 1435//1435
f 1429//1429 1435//1435 1434//1434
f 1430//1430 1431//1431 1436//1436
f 1430//1430 1436//1436 1435//1435
f 1431//1431 1432//1432 1437//1437
f 1431//1431 1437//1437 1436//1436
f 1432//1432 1433//1433 1438//1438
f 1432//1432 1438//1438 1437//1437
f 1433//1433 1429//1429 1434//1434
f 1433//1433 1434//1434 1438//1438
f 1429//1429 1431//1431 1430//1430
f 1429//1429 1432//1432 1431//1431
f 1429//1429 1433//1433 1432//1432
f 1434//1434 1435//1435 1436//1436
f 1434//1434 1436//1436 1437//1437
f 1434//1434 1437//1437 1438//1438
f 1439//1439 1440//1440 1445//1445
f 1439//1439 1445//1445 1444//1444
f 1440//1440 1441//1441 1446//1446
f 1440//1440 1446//1446 1445//1445
f 1441//1441 1442//1442 1447//1447
f 1441//1441 1447//1447 1446//1446
f 1442//1442 1443//1443 1448//1448
f 1442//1442 1448//1448 1447//1447
f 1443//1443 1439//1439 1444//1444
f 1443//1443 1444//1444 1448//1448
f 1439//1439 1441//1441 1440//1440
f 1439//1439 1442//1442 1441//1441
f 1439//1439 1443//1443 1442//1442
f 1444//1444 1445//1445 1446//1446
f 1444//1444 1446//1446 1447//1447
f 1444//1444 1447//1447 1448//1448
f 1449//1449 1450//1450 1455//1455
f 1449//1449 1455//1455 1454//1454
f 1450//1450 1451//1451 1456//1456
f 1450//1450 1456//1456 1455//1455
f 1451//1451 1452//1452 1457//1457
f 1451//1451 1457//1457 1456//1456
f 1452//1452 1453//1453 1458//1458
f 1452//1452 1458//1458 1457//1457
f 1453//1453 1449//1449 1454//1454
f 1453//1453 1454//1454 1458//1458
f 1449//1449 1451//1451 1450//1450
f 1449//1449 1452//1452 1451//1451
f 1449//1449 1453//1453 1452//1452
f 1454//1454 1455//1455 1456//1456
f 1454//1454 1456//1456 1457//1457
f 1454//1454 1457//1457 1458//1458
f 1459//1459 1460//1460 1465//1465
f 1459//1459 1465//1465 1464//1464
f 1460//1460 1461//1461 1466//1466
f 1460//1460 1466//1466 1465//1465
f 1461//1461 1462//1462 1467//1467
f 1461//1461 1467//1467 1466//1466
f 1462//1462 1463//1463 1468//1468
f 1462//1462 1468//1468 1467//1467
f 1463//1463 1459//1459 1464//1464
f 1463//1463 1464//1464 1468//1468
f 1459//1459 1461//1461 1460//1460
f 1459//1459 1462//1462 1461//1461
f 1459//1459 1463//1463 1462//1462
f 1464//1464 1465//1465 1466//1466
f 1464//1464 1466//1466 1467//1467
f 1464//1464 1467//1467 1468//1468
f 1469//1469 1470//1470 1475//1475
f 1469//1469 1475//1475 1474//1474
f 1470//1470 1471//1471 1476//1476
f 1470//1470 1476//1476 1475//1475
f 1471//1471 1472//1472 1477//1477
f 1471//1471 1477//1477 1476//1476
f 1472//1472 1473//1473 1478//1478
f 1472//1472 1478//1478 1477//1477
f 1473//1473 1469//1469 1474//1474
f 1473//1473 1474//1474 1478//1478
f 1469//1469 1471//1471 1470//1470
f 1469//1469 1472//1472 1471//1471
f 1469//1469 1473//1473 1472//1472
f 1474//1474 1475//1475 1476//1476
f 1474//1474 1476//1476 1477//1477
f 1474//1474 1477//1477 1478//1478
f 1479//1479 1480//1480 1485//1485
f 1479//1479 1485//1485 1484//1484
f 1480//1480 1481//1481 1486//1486
f 1480//1480 1486//1486 1485//1485
f 1481//1481 1482//1482 1487//1487
f 1481//1481 1487//1487 1486//1486
f 1482//1482 1483//1483 1488//1488
f 1482//1482 1488//1488 1487//1487
f 1483//1483 1479//1479 1484//1484
f 1483//1483 1484//1484 1488//1488
f 1479//1479 1481//1481 1480//1480
f 1479//1479 1482//1482 1481//1481
f 1479//1479 1483//1483 1482//1482
f 1484//1484 1485//1485 1486//1486
f 1484//1484 1486//1486 1487//1487
f 1484//1484 1487//1487 1488//1488
f 1489//1489 1490//1490 1495//1495
f 1489//1489 1495//1495 1494//1494
f 1490//1490 1491//1491 1496//1496
f 1490//1490 1496//1496 1495//1495
f 1491//1491 1492//1492 1497//1497
f 1491//1491 1497//1497 1496//1496
f 1492//1492 1493//1493 1498//1498
f 1492//1492 1498//1498 1497//1497
f 1493//1493 1489//1489 1494//1494
f 1493//1493 1494//1494 1498//1498
f 1489//1489 1491//1491 1490//1490
f 1489//1489 1492//1492 1491//1491
f 1489//1489 1493//1493 1492//1492
f 1494//1494 1495//1495 1496//1496
f 1494//1494 1496//1496 1497//1497
f 1494//1494 1497//1497 1498//1498
f 1499//1499 1500//1500 1505//1505
f 1499//1499 1505//1505 1504//1504
f 1500//1500 1501//1501 1506//1506
f 1500//1500 1506//1506 1505//1505
f 1501//1501 1502//1502 1507//1507
f 1501//1501 1507//1507 1506//1506
f 1502//1502 1503//1503 1508//1508
f 1502//1502 1508//1508 1507//1507
f 1503//1503 1499//1499 1504//1504
f 1503//1503 1504//1504 1508//1508
f 1499//1499 1501//1501 1500//1500
f 1499//1499 1502//1502 1501//1501
f 1499//1499 1503//1503 1502//1502
f 1504//1504 1505//1505 1506//1506
f 1504//1504 1506//1506 1507//1507
f 1504//1504 1507//1507 1508//1508
f 1509//1509 1510//1510 1516//1516
f 1509//1509 1516//1516 1515//1515
f 1510//1510 1511//1511 1517//1517
f 1510//1510 1517//1517 1516//1516
f 1511//1511 1512//1512 1518//1518
f 1511//1511 1518//1518 1517//1517
f 1512//1512 1513//1513 1519//1519
f 1512//1512 1519//1519 1518//1518
f 1513//1513 1514//1514 1520//1520
f 1513//1513 1520//1520 1519//1519
f 1514//1514 1509//1509 1515//1515
f 1514//1514 1515//1515 1520//1520
f 1509//1509 1511//1511 1510//1510
f 1509//1509 1512//1512 1511//1511
f 1509//1509 1513//1513 1512//1512
f 1509//1509 1514//1514 1513//1513
f 1515//1515 1516//1516 1517//1517
f 1515//1515 1517//1517 1518//1518
f 1515//1515 1518//1518 1519//1519
f 1515//1515 1519//1519 1520//1520
f 1521//1521 1522//1522 1527//1527
f 1521//1521 1527//1527 1526//1526
f 1522//1522 1523//1523 1528//1528
f 1522//1522 1528//1528 1527//1527
f 1523//1523 1524//1524 1529//1529
f 1523//1523 1529//1529 1528//1528
f 1524//1524 1525//1525 1530//1530
f 1524//1524 1530//1530 1529//1529
f 1525//1525 1521//1521 1526//1526
f 1525//1525 1526//1526 1530//1530
f 1521//1521 1523//1523 1522//1522
f 1521//1521 1524//1524 1523//1523
f 1521//1521 1525//1525 1524//1524
f 1526//1526 1527//1527 1528//1528
f 1526//1526 1528//1528 1529//1529
f 1526//1526 1529//1529 1530//1530
f 1531//1531 1532//1532 1537//1537
f 1531//1531 1537//1537 1536//1536
f 1532//1532 1533//1533 1538//1538
f 1532//1532 1538//1538 1537//1537
f 1533//1533 1534//1534 1539//1539
f 1533//1533 1539//1539 1538//1538
f 1534//1534 1535//1535 1540//1540
f 1534//1534 1540//1540 1539//1539
f 1535//1535 1531//1531 1536//1536
f 1535//1535 1536//1536 1540//1540
f 1531//1531 1533//1533 1532//1532
f 1531//1531 1534//1534 1533//1533
f 1531//1531 1535//1535 1534//1534
f 1536//1536 1537//1537 1538//1538
f 1536//1536 1538//1538 1539//1539
f 1536//1536 1539//1539 1540//1540
f 1541//1541 1542//1542 1547//1547
f 1541//1541 1547//1547 1546//1546
f 1542//1542 1543//1543 1548//1548
f 1542//1542 1548//1548 1547//1547
f 1543//1543 1544//1544 1549//1549
f 1543//1543 1549//1549 1548//1548
f 1544//1544 1545//1545 1550//1550
f 1544//1544 1550//1550 1549//1549
f 1545//1545 1541//1541 1546//1546
f 1545//1545 1546//1546 1550//1550
f 1541//1541 1543//1543 1542//1542
f 1541//1541 1544//1544 1543//1543
f 1541//1541 1545//1545 1544//1544
f 1546//1546 1547//1547 1548//1548
f 1546//1546 1548//1548 1549//1549
f 1546//1546 1549//1549 1550//1550
f 1551//1551 1552//1552 1557//1557
f 1551//1551 1557//1557 1556//1556
f 1552//1552 1553//1553 1558//1558
f 1552//1552 1558//1558 1557//1557
f 1553//1553 1554//1554 1559//1559
f 1553//1553 1559//1559 1558//1558
f 1554//1554 1555//1555 1560//1560
f 1554//1554 1560//1560 1559//1559
f 1555//1555 1551//1551 1556//1556
f 1555//1555 1556//1556 1560//1560
f 1551//1551 1553//1553 1552//1552
f 1551//1551 1554//1554 1553//1553
f 1551//1551 1555//1555 1554//1554
f 1556//1556 1557//1557 1558//1558
f 1556//1556 1558//1558 1559//1559
f 1556//1556 1559//1559 1560//1560
f 1561//1561 1562//1562 1567//1567
f 1561//1561 1567//1567 1566//1566
f 1562//1562 1563//1563 1568//1568
f 1562//1562 1568//1568 1567//1567
f 1563//1563 1564//1564 1569//1569
f 1563//1563 1569//1569 1568//1568
f 1564//1564 1565//1565 1570//1570
f 1564//1564 1570//1570 1569//1569
f 1565//1565 1561//1561 1566//1566
f 1565//1565 1566//1566 1570//1570
f 1561//1561 1563//1563 1562//1562
f 1561//1561 1564//1564 1563//1563
f 1561//1561 1565//1565 1564//1564
f 1566//1566 1567//1567 1568//1568
f 1566//1566 1568//1568 1569//1569
f 1566//1566 1569//1569 1570//1570
f 1571//1571 1572//1572 1577//1577
f 1571//1571 1577//1577 1576//1576
f 1572//1572 1573//1573 1578//1578
f 1572//1572 1578//1578 1577//1577
f 1573//1573 1574//1574 1579//1579
f 1573//1573 1579//1579 1578//1578
f 1574//1574 1575//1575 1580//1580
f 1574//1574 1580//1580 1579//1579
f 1575//1575 1571//1571 1576//1576
f 1575//1575 1576//1576 1580//1580
f 1571//1571 1573//1573 1572//1572
f 1571//1571 1574//1574 1573//1573
f 1571//1571 1575//1575 1574//1574
f 1576//1576 1577//1577 1578//1578
f 1576//1576 1578//1578 1579//1579
f 1576//1576 1579//1579 1580//1580
f 1581//1581 1582//1582 1587//1587
f 1581//1581 1587//1587 1586//1586
f 1582//1582 1583//1583 1588//1588
f 1582//1582 1588//1588 1587//1587
f 1583//1583 1584//1584 1589//1589
f 1583//1583 1589//1589 1588//1588
f 1584//1584 1585//1585 1590//1590
f 1584//1584 1590//1590 1589//1589
f 1585//1585 1581//1581 1586//1586
f 1585//1585 1586//1586 1590//1590
f 1581//1581 1583//1583 1582//1582
f 1581//1581 1584//1584 1583//1583
f 1581//1581 1585//1585 1584//1584
f 1586//1586 1587//1587 1588//1588
f 1586//1586 1588//1588 1589//1589
f 1586//1586 1589//1589 1590//1590
f 1591//1591 1592//1592 1597//1597
f 1591//1591 1597//1597 1596//1596
f 1592//1592 1593//1593 1598//1598
f 1592//1592 1598//1598 1597//1597
f 1593//1593 1594//1594 1599//1599
f 1593//1593 1599//1599 1598//1598
f 1594//1594 1595//1595 1600//1600
f 1594//1594 1600//1600 1599//1599
f 1595//1595 1591//1591 1596//1596
f 1595//1595 1596//1596 1600//1600
f 1591//1591 1593//1593 1592//1592
f 1591//1591 1594//1594 1593//1593
f 1591//1591 1595//1595 1594//1594
f 1596//1596 1597//1597 1598//1598
f 1596//1596 1598//1598 1599//1599
f 1596//1596 1599//1599 1600//1600
f 1601//1601 1602//1602 1607//1607
f 1601//1601 1607//1607 1606//1606
f 1602//1602 1603//1603 1608//1608
f 1602//1602 1608//1608 1607//1607
f 1603//1603 1604//1604 1609//1609
f 1603//1603 1609//1609 1608//1608
f 1604//1604 1605//1605 1610//1610
f 1604//1604 1610//1610 1609//1609
f 1605//1605 1601//1601 1606//1606
f 1605//1605 1606//1606 1610//1610
f 1601//1601 1603//1603 1602//1602
f 1601//1601 1604//1604 1603//1603
f 1601//1601 1605//1605 1604//1604
f 1606//1606 1607//1607 1608//1608
f 1606//1606 1608//1608 1609//1609
f 1606//1606 1609//1609 1610//1610
f 1611//1611 1612//1612 1618//1618
f 1611//1611 1618//1618 1617//1617
f 1612//1612 1613//1613 1619//1619
f 1612//1612 1619//1619 1618//1618
f 1613//1613 1614//1614 1620//1620
f 1613//1613 1620//1620 1619//1619
f 1614//1614 1615//1615 1621//1621
f 1614//1614 1621//1621 1620//1620
f 1615//1615 1616//1616 1622//1622
f 1615//1615 1622//1622 1621//1621
f 1616//1616 1611//1611 1617//1617
f 1616//1616 1617//1617 1622//1622
f 1611//1611 1613//1613 1612//1612
f 1611//1611 1614//1614 1613//1613
f 1611//1611 1615//1615 1614//1614
f 1611//1611 1616//1616 1615//1615
f 1617//1617 1618//1618 1619//1619
f 1617//1617 1619//1619 1620//1620
f 1617//1617 1620//1620 1621//1621
f 1617//1617 1621//1621 1622//1622
f 1623//1623 1624//1624 1629//1629
f 1623//1623 1629//1629 1628//1628
f 1624//1624 1625//1625 1630//1630
f 1624//1624 1630//1630 1629//1629
f 1625//1625 1626//1626 1631//1631
f 1625//1625 1631//1631 1630//1630
f 1626//1626 1627//1627 1632//1632
f 1626//1626 1632//1632 1631//1631
f 1627//1627 1623//1623 1628//1628
f 1627//1627 1628//1628 1632//1632
f 1623//1623 1625//1625 1624//1624
f 1623//1623 1626//1626 1625//1625
f 1623//1623 1627//1627 1626//1626
f 1628//1628 1629//1629 1630//1630
f 1628//1628 1630//1630 1631//1631
f 1628//1628 1631//1631 1632//1632
f 1633//1633 1634//1634 1639//1639
f 1633//1633 1639//1639 1638//1638
f 1634//1634 1635//1635 1640//1640
f 1634//1634 1640//1640 1639//1639
f 1635//1635 1636//1636 1641//1641
f 1635//1635 1641//1641 1640//1640
f 1636//1636 1637//1637 1642//1642
f 1636//1636 1642//1642 1641//1641
f 1637//1637 1633//1633 1638//1638
f 1637//1637 1638//1638 1642//1642
f 1633//1633 1635//1635 1634//1634
f 1633//1633 1636//1636 1635//1635
f 1633//1633 1637//1637 1636//1636
f 1638//1638 1639//1639 1640//1640
f 1638//1638 1640//1640 1641//1641
f 1638//1638 1641//1641 1642//1642
f 1643//1643 1644//1644 1649//1649
f 1643//1643 1649//1649 1648//1648
f 1644//1644 1645//1645 1650//1650
f 1644//1644 1650//1650 1649//1649
f 1645//1645 1646//1646 1651//1651
f 1645//1645 1651//1651 1650//1650
f 1646//1646 1647//1647 1652//1652
f 1646//1646 1652//1652 1651//1651
f 1647//1647 1643//1643 1648//1648
f 1647//1647 1648//1648 1652//1652
f 1643//1643 1645//1645 1644//1644
f 1643//1643 1646//1646 1645//1645
f 1643//1643 1647//1647 1646//1646
f 1648//1648 1649//1649 1650//1650
f 1648//1648 1650//1650 1651//1651
f 1648//1648 1651//1651 1652//1652
f 1653//1653 1654//1654 1659//1659
f 1653//1653 1659//1659 1658//1658
f 1654//1654 1655//1655 1660//1660
f 1654//1654 1660//1660 1659//1659
f 1655//1655 1656//1656 1661//1661
f 1655//1655 1661//1661 1660//1660
f 1656//1656 1657//1657 1662//1662
f 1656//1656 1662//1662 1661//1661
f 1657//1657 1653//1653 1658//1658
f 1657//1657 1658//1658 1662//1662
f 1653//1653 1655//1655 1654//1654
f 1653//1653 1656//1656 1655//1655
f 1653//1653 1657//1657 1656//1656
f 1658//1658 1659//1659 1660//1660
f 1658//1658 1660//1660 1661//1661
f 1658//1658 1661//1661 1662//1662
f 1663//1663 1664//1664 1669//1669
f 1663//1663 1669//1669 1668//1668
f 1664//1664 1665//1665 1670//1670
f 1664//1664 1670//1670 1669//1669
f 1665//1665 1666//1666 1671//1671
f 1665//1665 1671//1671 1670//1670
f 1666//1666 1667//1667 1672//1672
f 1666//1666 1672//1672 1671//1671
f 1667//1667 1663//1663 1668//1668
f 1667//1667 1668//1668 1672//1672
f 1663//1663 1665//1665 1664//1664
f 1663//1663 1666//1666 1665//1665
f 1663//1663 1667//1667 1666//1666
f 1668//1668 1669//1669 1670//1670
f 1668//1668 1670//1670 1671//1671
f 1668//1668 1671//1671 1672//1672
f 1673//1673 1674//1674 1679//1679
f 1673//1673 1679//1679 1678//1678
f 1674//1674 1675//1675 1680//1680
f 1674//1674 1680//1680 1679//1679
f 1675//1675 1676//1676 1681//1681
f 1675//1675 1681//1681 1680//1680
f 1676//1676 1677//1677 1682//1682
f 1676//1676 1682//1682 1681//1681
f 1677//1677 1673//1673 1678//1678
f 1677//1677 1678//1678 1682//1682
f 1673//1673 1675//1675 1674//1674
f 1673//1673 1676//1676 1675//1675
f 1673//1673 1677//1677 1676//1676
f 1678//1678 1679//1679 1680//1680
f 1678//1678 1680//1680 1681//1681
f 1678//1678 1681//1681 1682//1682
f 1683//1683 1684//1684 1689//1689
f 1683//1683 1689//1689 1688//1688
f 1684//1684 1685//1685 1690//1690
f 1684//1684 1690//1690 1689//1689
f 1685//1685 1686//1686 1691//1691
f 1685//1685 1691//1691 1690//1690
f 1686//1686 1687//1687 1692//1692
f 1686//1686 1692//1692 1691//1691
f 1687//1687 1683//1683 1688//1688
f 1687//1687 1688//1688 1692//1692
f 1683//1683 1685//1685 1684//1684
f 1683//1683 1686//1686 1685//1685
f 1683//1683 1687//1687 1686//1686
f 1688//1688 1689//1689 1690//1690
f 1688//1688 1690//1690 1691//1691
f 1688//1688 1691//1691 1692//1692
f 1693//1693 1694//1694 1699//1699
f 1693//1693 1699//1699 1698//1698
f 1694//1694 1695//1695 1700//1700
f 1694//1694 1700//1700 1699//1699
f 1695//1695 1696//1696 1701//1701
f 1695//1695 1701//1701 1700//1700
f 1696//1696 1697//1697 1702//1702
f 1696//1696 1702//1702 1701//1701
f 1697//1697 1693//1693 1698//1698
f 1697//1697 1698//1698 1702//1702
f 1693//1693 1695//1695 1694//1694
f 1693//1693 1696//1696 1695//1695
f 1693//1693 1697//1697 1696//1696
f 1698//1698 1699//1699 1700//1700
f 1698//1698 1700//1700 1701//1701
f 1698//1698 1701//1701 1702//1702
f 1703//1703 1704//1704 1709//1709
f 1703//1703 1709//1709 1708//1708
f 1704//1704 1705//1705 1710//1710
f 1704//1704 1710//1710 1709//1709
f 1705//1705 1706//1706 1711//1711
f 1705//1705 1711//1711 1710//1710
f 1706//1706 1707//1707 1712//1712
f 1706//1706 1712//1712 1711//1711
f 1707//1707 1703//1703 1708//1708
f 1707//1707 1708//1708 1712//1712
f 1703//1703 1705//1705 1704//1704
f 1703//1703 1706//1706 1705//1705
f 1703//1703 1707//1707 1706//1706
f 1708//1708 1709//1709 1710//1710
f 1708//1708 1710//1710 1711//1711
f 1708//1708 1711//1711 1712//1712
f 1713//1713 1714//1714 1720//1720
f 1713//1713 1720//1720 1719//1719
f 1714//1714 1715//1715 1721//1721
f 1714//1714 1721//1721 1720//1720
f 1715//1715 1716//1716 1722//1722
f 1715//1715 1722//1722 1721//1721
f 1716//1716 1717//1717 1723//1723
f 1716//1716 1723//1723 1722//1722
f 1717//1717 1718//1718 1724//1724
f 1717//1717 1724//1724 1723//1723
f 1718//1718 1713//1713 1719//1719
f 1718//1718 1719//1719 1724//1724
f 1713//1713 1715//1715 1714//1714
f 1713//1713 1716//1716 1715//1715
f 1713//1713 1717//1717 1716//1716
f 1713//1713 1718//1718 1717//1717
f 1719//1719 1720//1720 1721//1721
f 1719//1719 1721//1721 1722//1722
f 1719//1719 1722//1722 1723//1723
f 1719//1719 1723//1723 1724//1724
f 1725//1725 1726//1726 1731//1731
f 1725//1725 1731//1731 1730//1730
f 1726//1726 1727//1727 1732//1732
f 1726//1726 1732//1732 1731//1731
f 1727//1727 1728//1728 1733//1733
f 1727//1727 1733//1733 1732//1732
f 1728//1728 1729//1729 1734//1734
f 1728//1728 1734//1734 1733//1733
f 1729//1729 1725//1725 1730//1730
f 1729//1729 1730//1730 1734//1734
f 1725//1725 1727//1727 1726//1726
f 1725//1725 1728//1728 1727//1727
f 1725//1725 1729//1729 1728//1728
f 1730//1730 1731//1731 1732//1732
f 1730//1730 1732//1732 1733//1733
f 1730//1730 1733//1733 1734//1734
f 1735//1735 1736//1736 1741//1741
f 1735//1735 1741//1741 1740//1740
f 1736//1736 1737//1737 1742//1742
f 1736//1736 1742//1742 1741//1741
f 1737//1737 1738//1738 1743//1743
f 1737//1737 1743//1743 1742//1742
f 1738//1738 1739//1739 1744//1744
f 1738//1738 1744//1744 1743//1743
f 1739//1739 1735//1735 1740//1740
f 1739//1739 1740//1740 1744//1744
f 1735//1735 1737//1737 1736//1736
f 1735//1735 1738//1738 1737//1737
f 1735//1735 1739//1739 1738//1738
f 1740//1740 1741//1741 1742//1742
f 1740//1740 1742//1742 1743//1743
f 1740//1740 1743//1743 1744//1744
f 1745//1745 1746//1746 1751//1751
f 1745//1745 1751//1751 1750//1750
f 1746//1746 1747//1747 1752//1752
f 1746//1746 1752//1752 1751//1751
f 1747//1747 1748//1748 1753//1753
f 1747//1747 1753//1753 1752//1752
f 1748//1748 1749//1749 1754//1754
f 1748//1748 1754//1754 1753//1753
f 1749//1749 1745//1745 1750//1750
f 1749//1749 1750//1750 1754//1754
f 1745//1745 1747//1747 1746//1746
f 1745//1745 1748//1748 1747//1747
f 1745//1745 1749//1749 1748//1748
f 1750//1750 1751//1751 1752//1752
f 1750//1750 1752//1752 1753//1753
f 1750//1750 1753//1753 1754//1754
f 1755//1755 1756//1756 1761//1761
f 1755//1755 1761//1761 1760//1760
f 1756//1756 1757//1757 1762//1762
f 1756//1756 1762//1762 1761//1761
f 1757//1757 1758//1758 1763//1763
f 1757//1757 1763//1763 1762//1762
f 1758//1758 1759//1759 1764//1764
f 1758//1758 1764//1764 1763//1763
f 1759//1759 1755//1755 1760//1760
f 1759//1759 1760//1760 1764//1764
f 1755//1755 1757//1757 1756//1756
f 1755//1755 1758//1758 1757//1757
f 1755//1755 1759//1759 1758//1758
f 1760//1760 1761//1761 1762//1762
f 1760//1760 1762//1762 1763//1763
f 1760//1760 1763//1763 1764//1764
f 1765//1765 1766//1766 1771//1771
f 1765//1765 1771//1771 1770//1770
f 1766//1766 1767//1767 1772//1772
f 1766//1766 1772//1772 1771//1771
f 1767//1767 1768//1768 1773//1773
f 1767//1767 1773//1773 1772//1772
f 1768//1768 1769//1769 1774//1774
f 1768//1768 1774//1774 1773//1773
f 1769//1769 1765//1765 1770//1770
f 1769//1769 1770//1770 1774//1774
f 1765//1765 1767//1767 1766//1766
f 1765//1765 1768//1768 1767//1767
f 1765//1765 1769//1769 1768//1768
f 1770//1770 1771//1771 1772//1772
f 1770//1770 1772//1772 1773//1773
f 1770//1770 1773//1773 1774//1774
f 1775//1775 1776//1776 1781//1781
f 1775//1775 1781//1781 1780//1780
f 1776//1776 1777//1777 1782//1782
f 1776//1776 1782//1782 1781//1781
f 1777//1777 1778//1778 1783//1783
f 1777//1777 1783//1783 1782//1782
f 1778//1778 1779//1779 1784//1784
f 1778//1778 1784//1784 1783//1783
f 1779//1779 1775//1775 1780//1780
f 1779//1779 1780//1780 1784//1784
f 1775//1775 1777//1777 1776//1776
f 1775//1775 1778//1778 1777//1777
f 1775//1775 1779//1779 1778//1778
f 1780//1780 1781//1781 1782//1782
f 1780//1780 1782//1782 1783//1783
f 1780//1780 1783//1783 1784//1784
f 1785//1785 1786//1786 1791//1791
f 1785//1785 1791//1791 1790//1790
f 1786//1786 1787//1787 1792//1792
f 1786//1786 1792//1792 1791//1791
f 1787//1787 1788//1788 1793//1793
f 1787//1787 1793//1793 1792//1792
f 1788//1788 1789//1789 1794//1794
f 1788//1788 1794//1794 1793//1793
f 1789//1789 1785//1785 1790//1790
f 1789//1789 1790//1790 1794//1794
f 1785//1785 1787//1787 1786//1786
f 1785//1785 1788//1788 1787//1787
f 1785//1785 1789//1789 1788//1788
f 1790//1790 1791//1791 1792//1792
f 1790//1790 1792//1792 1793//1793
f 1790//1790 1793//1793 1794//1794
f 1795//1795 1796//1796 1801//1801
f 1795//1795 1801//1801 1800//1800
f 1796//1796 1797//1797 1802//1802
f 1796//1796 1802//1802 1801//1801
f 1797//1797 1798//1798 1803//1803
f 1797//1797 1803//1803 1802//1802
f 1798//1798 1799//1799 1804//1804
f 1798//1798 1804//1804 1803//1803
f 1799//1799 1795//1795 1800//1800
f 1799//1799 1800//1800 1804//1804
f 1795//1795 1797//1797 1796//1796
f 1795//1795 1798//1798 1797//1797
f 1795//1795 1799//1799 1798//1798
f 1800//1800 1801//1801 1802//1802
f 1800//1800 1802//1802 1803//1803
f 1800//1800 1803//1803 1804//1804
f 1805//1805 1806//1806 1811//1811
f 1805//1805 1811//1811 1810//1810
f 1806//1806 1807//1807 1812//1812
f 1806//1806 1812//1812 1811//1811
f 1807//1807 1808//1808 1813//1813
f 1807//1807 1813//1813 1812//1812
f 1808//1808 1809//1809 1814//1814
f 1808//1808 1814//1814 1813//1813
f 1809//1809 1805//1805 1810//1810
f 1809//1809 1810//1810 1814//1814
f 1805//1805 1807//1807 1806//1806
f 1805//1805 1808//1808 1807//1807
f 1805//1805 1809//1809 1808//1808
f 1810//1810 1811//1811 1812//1812
f 1810//1810 1812//1812 1813//1813
f 1810//1810 1813//1813 1814//1814
f 1815//1815 1816//1816 1822//1822
f 1815//1815 1822//1822 1821//1821
f 1816//1816 1817//1817 1823//1823
f 1816//1816 1823//1823 1822//1822
f 1817//1817 1818//1818 1824//1824
f 1817//1817 1824//1824 1823//1823
f 1818//1818 1819//1819 1825//1825
f 1818//1818 1825//1825 1824//1824
f 1819//1819 1820//1820 1826//1826
f 1819//1819 1826//1826 1825//1825
f 1820//1820 1815//1815 1821//1821
f 1820//1820 1821//1821 1826//1826
f 1815//1815 1817//1817 1816//1816
f 1815//1815 1818//1818 1817//1817
f 1815//1815 1819//1819 1818//1818
f 1815//1815 1820//1820 1819//1819
f 1821//1821 1822//1822 1823//1823
f 1821//1821 1823//1823 1824//1824
f 1821//1821 1824//1824 1825//1825
f 1821//1821 1825//1825 1826//1826
f 1827//1827 1828//1828 1833//1833
f 1827//1827 1833//1833 1832//1832
f 1828//1828 1829//1829 1834//1834
f 1828//1828 1834//1834 1833//1833
f 1829//1829 1830//1830 1835//1835
f 1829//1829 1835//1835 1834//1834
f 1830//1830 1831//1831 1836//1836
f 1830//1830 1836//1836 1835//1835
f 1831//1831 1827//1827 1832//1832
f 1831//1831 1832//1832 1836//1836
f 1827//1827 1829//1829 1828//1828
f 1827//1827 1830//1830 1829//1829
f 1827//1827 1831//1831 1830//1830
f 1832//1832 1833//1833 1834//1834
f 1832//1832 1834//1834 1835//1835
f 1832//1832 1835//1835 1836//1836
f 1837//1837 1838//1838 1843//1843
f 1837//1837 1843//1843 1842//1842
f 1838//1838 1839//1839 1844//1844
f 1838//1838 1844//1844 1843//1843
f 1839//1839 1840//1840 1845//1845
f 1839//1839 1845//1845 1844//1844
f 1840//1840 1841//1841 1846//1846
f 1840//1840 1846//1846 1845//1845
f 1841//1841 1837//1837 1842//1842
f 1841//1841 1842//1842 1846//1846
f 1837//1837 1839//1839 1838//1838
f 1837//1837 1840//1840 1839//1839
f 1837//1837 1841//1841 1840//1840
f 1842//1842 1843//1843 1844//1844
f 1842//1842 1844//1844 1845//1845
f 1842//1842 1845//1845 1846//1846
f 1847//1847 1848//1848 1853//1853
f 1847//1847 1853//1853 1852//1852
f 1848//1848 1849//1849 1854//1854
f 1848//1848 1854//1854 1853//1853
f 1849//1849 1850//1850 1855//1855
f 1849//1849 1855//1855 1854//1854
f 1850//1850 1851//1851 1856//1856
f 1850//1850 1856//1856 1855//1855
f 1851//1851 1847//1847 1852//1852
f 1851//1851 1852//1852 1856//1856
f 1847//1847 1849//1849 1848//1848
f 1847//1847 1850//1850 1849//1849
f 1847//1847 1851//1851 1850//1850
f 1852//1852 1853//1853 1854//1854
f 1852//1852 1854//1854 1855//1855
f 1852//1852 1855//1855 1856//1856
f 1857//1857 1858//1858 1863//1863
f 1857//1857 1863//1863 1862//1862
f 1858//1858 1859//1859 1864//1864
f 1858//1858 1864//1864 1863//1863
f 1859//1859 1860//1860 1865//1865
f 1859//1859 1865//1865 1864//1864
f 1860//1860 1861//1861 1866//1866
f 1860//1860 1866//1866 1865//1865
f 1861//1861 1857//1857 1862//1862
f 1861//1861 1862//1862 1866//1866
f 1857//1857 1859//1859 1858//1858
f 1857//1857 1860//1860 1859//1859
f 1857//1857 1861//1861 1860//1860
f 1862//1862 1863//1863 1864//1864
f 1862//1862 1864//1864 1865//1865
f 1862//1862 1865//1865 1866//1866
f 1867//1867 1868//1868 1873//1873
f 1867//1867 1873//1873 1872//1872
f 1868//1868 1869//1869 1874//1874
f 1868//1868 1874//1874 1873//1873
f 1869//1869 1870//1870 1875//1875
f 1869//1869 1875//1875 1874//1874
f 1870//1870 1871//1871 1876//1876
f 1870//1870 1876//1876 1875//1875
f 1871//1871 1867//1867 1872//1872
f 1871//1871 1872//1872 1876//1876
f 1867//1867 1869//1869 1868//1868
f 1867//1867 1870//1870 1869//1869
f 1867//1867 1871//1871 1870//1870
f 1872//1872 1873//1873 1874//1874
f 1872//1872 1874//1874 1875//1875
f 1872//1872 1875//1875 1876//1876
f 1877//1877 1878//1878 1883//1883
f 1877//1877 1883//1883 1882//1882
f 1878//1878 1879//1879 1884//1884
f 1878//1878 1884//1884 1883//1883
f 1879//1879 1880//1880 1885//1885
f 1879//1879 1885//1885 1884//1884
f 1880//1880 1881//1881 1886//1886
f 1880//1880 1886//1886 1885//1885
f 1881//1881 1877//1877 1882//1882
f 1881//1881 1882//1882 1886//1886
f 1877//1877 1879//1879 1878//1878
f 1877//1877 1880//1880 1879//1879
f 1877//1877 1881//1881 1880//1880
f 1882//1882 1883//1883 1884//1884
f 1882//1882 1884//1884 1885//1885
f 1882//1882 1885//1885 1886//1886
f 1887//1887 1888//1888 1893//1893
f 1887//1887 1893//1893 1892//1892
f 1888//1888 1889//1889 1894//1894
f 1888//1888 1894//1894 1893//1893
f 1889//1889 1890//1890 1895//1895
f 1889//1889 1895//1895 1894//1894
f 1890//1890 1891//1891 1896//1896
f 1890//1890 1896//1896 1895//1895
f 1891//1891 1887//1887 1892//1892
f 1891//1891 1892//1892 1896//1896
f 1887//1887 1889//1889 1888//1888
f 1887//1887 1890//1890 1889//1889
f 1887//1887 1891//1891 1890//1890
f 1892//1892 1893//1893 1894//1894
f 1892//1892 1894//1894 1895//1895
f 1892//1892 1895//1895 1896//1896
f 1897//1897 1898//1898 1903//1903
f 1897//1897 1903//1903 1902//1902
f 1898//1898 1899//1899 1904//1904
f 1898//1898 1904//1904 1903//1903
f 1899//1899 1900//1900 1905//1905
f 1899//1899 1905//1905 1904//1904
f 1900//1900 1901//1901 1906//1906
f 1900//1900 1906//1906 1905//1905
f 1901//1901 1897//1897 1902//1902
f 1901//1901 1902//1902 1906//1906
f 1897//1897 1899//1899 1898//1898
f 1897//1897 1900//1900 1899//1899
f 1897//1897 1901//1901 1900//1900
f 1902//1902 1903//1903 1904//1904
f 1902//1902 1904//1904 1905//1905
f 1902//1902 1905//1905 1906//1906
f 1907//1907 1908//1908 1913//1913
f 1907//1907 1913//1913 1912//1912
f 1908//1908 1909//1909 1914//1914
f 1908//1908 1914//1914 1913//1913
f 1909//1909 1910//1910 1915//1915
f 1909//1909 1915//1915 1914//1914
f 1910//1910 1911//1911 1916//1916
f 1910//1910 1916//1916 1915//1915
f 1911//1911 1907//1907 1912//1912
f 1911//1911 1912//1912 1916//1916
f 1907//1907 1909//1909 1908//1908
f 1907//1907 1910//1910 1909//1909
f 1907//1907 1911//1911 1910//1910
f 1912//1912 1913//1913 1914//1914
f 1912//1912 1914//1914 1915//1915
f 1912//1912 1915//1915 1916//1916
f 1917//1917 1918//1918 1924//1924
f 1917//1917 1924//1924 1923//1923
f 1918//1918 1919//1919 1925//1925
f 1918//1918 1925//1925 1924//1924
f 1919//1919 1920//1920 1926//1926
f 1919//1919 1926//1926 1925//1925
f 1920//1920 1921//1921 1927//1927
f 1920//1920 1927//1927 1926//1926
f 1921//1921 1922//1922 1928//1928
f 1921//1921 1928//1928 1927//1927
f 1922//1922 1917//1917 1923//1923
f 1922//1922 1923//1923 1928//1928
f 1917//1917 1919//1919 1918//1918
f 1917//1917 1920//1920 1919//1919
f 1917//1917 1921//1921 1920//1920
f 1917//1917 1922//1922 1921//1921
f 1923//1923 1924//1924 1925//1925
f 1923//1923 1925//1925 1926//1926
f 1923//1923 1926//1926 1927//1927
f 1923//1923 1927//1927 1928//1928
f 1929//1929 1930//1930 1935//1935
f 1929//1929 1935//1935 1934//1934
f 1930//1930 1931//1931 1936//1936
f 1930//1930 1936//1936 1935//1935
f 1931//1931 1932//1932 1937//1937
f 1931//1931 1937//1937 1936//1936
f 1932//1932 1933//1933 1938//1938
f 1932//1932 1938//1938 1937//1937
f 1933//1933 1929//1929 1934//1934
f 1933//1933 1934//1934 1938//1938
f 1929//1929 1931//1931 1930//1930
f 1929//1929 1932//1932 1931//1931
f 1929//1929 1933//1933 1932//1932
f 1934//1934 1935//1935 1936//1936
f 1934//1934 1936//1936 1937//1937
f 1934//1934 1937//1937 1938//1938
f 1939//1939 1940//1940 1945//1945
f 1939//1939 1945//1945 1944//1944
f 1940//1940 1941//1941 1946//1946
f 1940//1940 1946//1946 1945//1945
f 1941//1941 1942//1942 1947//1947
f 1941//1941 1947//1947 1946//1946
f 1942//1942 1943//1943 1948//1948
f 1942//1942 1948//1948 1947//1947
f 1943//1943 1939//1939 1944//1944
f 1943//1943 1944//1944 1948//1948
f 1939//1939 1941//1941 1940//1940
f 1939//1939 1942//1942 1941//1941
f 1939//1939 1943//1943 1942//1942
f 1944//1944 1945//1945 1946//1946
f 1944//1944 1946//1946 1947//1947
f 1944//1944 1947//1947 1948//1948
f 1949//1949 1950//1950 1955//1955
f 1949//1949 1955//1955 1954//1954
f 1950//1950 1951//1951 1956//1956
f 1950//1950 1956//1956 1955//1955
f 1951//1951 1952//1952 1957//1957
f 1951//1951 1957//1957 1956//1956
f 1952//1952 1953//1953 1958//1958
f 1952//1952 1958//1958 1957//1957
f 1953//1953 1949//1949 1954//1954
f 1953//1953 1954//1954 1958//1958
f 1949//1949 1951//1951 1950//1950
f 1949//1949 1952//1952 1951//1951
f 1949//1949 1953//1953 1952//1952
f 1954//1954 1955//1955 1956//1956
f 1954//1954 1956//1956 1957//1957
f 1954//1954 1957//1957 1958//1958
f 1959//1959 1960//1960 1966//1966
f 1959//1959 1966//1966 1965//1965
f 1960//1960 1961//1961 1967//1967
f 1960//1960 1967//1967 1966//1966
f 1961//1961 1962//1962 1968//1968
f 1961//1961 1968//1968 1967//1967
f 1962//1962 1963//1963 1969//1969
f 1962//1962 1969//1969 1968//1968
f 1963//1963 1964//1964 1970//1970
f 1963//1963 1970//1970 1969//1969
f 1964//1964 1959//1959 1965//1965
f 1964//1964 1965//1965 1970//1970
f 1959//1959 1961//1961 1960//1960
f 1959//1959 1962//1962 1961//1961
f 1959//1959 1963//1963 1962//1962
f 1959//1959 1964//1964 1963//1963
f 1965//1965 1966//1966 1967//1967
f 1965//1965 1967//1967 1968//1968
f 1965//1965 1968//1968 1969//1969
f 1965//1965 1969//1969 1970//1970
f 1971//1971 1972//1972 1977//1977
f 1971//1971 1977//1977 1976//1976
f 1972//1972 1973//1973 1978//1978
f 1972//1972 1978//1978 1977//1977
f 1973//1973 1974//1974 1979//1979
f 1973//1973 1979//1979 1978//1978
f 1974//1974 1975//1975 1980//1980
f 1974//1974 1980//1980 1979//1979
f 1975//1975 1971//1971 1976//1976
f 1975//1975 1976//1976 1980//1980
f 1971//1971 1973//1973 1972//1972
f 1971//1971 1974//1974 1973//1973
f 1971//1971 1975//1975 1974//1974
f 1976//1976 1977//1977 1978//1978
f 1976//1976 1978//1978 1979//1979
f 1976//1976 1979//1979 1980//1980
f 1981//1981 1982//1982 1987//1987
f 1981//1981 1987//1987 1986//1986
f 1982//1982 1983//1983 1988//1988
f 1982//1982 1988//1988 1987//1987
f 1983//1983 1984//1984 1989//1989
f 1983//1983 1989//1989 1988//1988
f 1984//1984 1985//1985 1990//1990
f 1984//1984 1990//1990 1989//1989
f 1985//1985 1981//1981 1986//1986
f 1985//1985 1986//1986 1990//1990
f 1981//1981 1983//1983 1982//1982
f 1981//1981 1984//1984 1983//1983
f 1981//1981 1985//1985 1984//1984
f 1986//1986 1987//1987 1988//1988
f 1986//1986 1988//1988 1989//1989
f 1986//1986 1989//1989 1990//1990
f 1991//1991 1992//1992 1997//1997
f 1991//1991 1997//1997 1996//1996
f 1992//1992 1993//1993 1998//1998
f 1992//1992 1998//1998 1997//1997
f 1993//1993 1994//1994 1999//1999
f 1993//1993 1999//1999 1998//1998
f 1994//1994 1995//1995 2000//2000
f 1994//1994 2000//2000 1999//1999
f 1995//1995 1991//1991 1996//1996
f 1995//1995 1996//1996 2000//2000
f 1991//1991 1993//1993 1992//1992
f 1991//1991 1994//1994 1993//1993
f 1991//1991 1995//1995 1994//1994
f 1996//1996 1997//1997 1998//1998
f 1996//1996 1998//1998 1999//1999
f 1996//1996 1999//1999 2000//2000
f 2001//2001 2002//2002 2007//2007
f 2001//2001 2007//2007 2006//2006
f 2002//2002 2003//2003 2008//2008
f 2002//2002 2008//2008 2007//2007
f 2003//2003 2004//2004 2009//2009
f 2003//2003 2009//2009 2008//2008
f 2004//2004 2005//2005 2010//2010
f 2004//2004 2010//2010 2009//2009
f 2005//2005 2001//2001 2006//2006
f 2005//2005 2006//2006 2010//2010
f 2001//2001 2003//2003 2002//2002
f 2001//2001 2004//2004 2003//2003
f 2001//2001 2005//2005 2004//2004
f 2006//2006 2007//2007 2008//2008
f 2006//2006 2008//2008 2009//2009
f 2006//2006 2009//2009 2010//2010
f 2011//2011 2012//2012 2017//2017
f 2011//2011 2017//2017 2016//2016
f 2012//2012 2013//2013 2018//2018
f 2012//2012 2018//2018 2017//2017
f 2013//2013 2014//2014 2019//2019
f 2013//2013 2019//2019 2018//2018
f 2014//2014 2015//2015 2020//2020
f 2014//2014 2020//2020 2019//2019
f 2015//2015 2011//2011 2016//2016
f 2015//2015 2016//2016 2020//2020
f 2011//2011 2013//2013 2012//2012
f 2011//2011 2014//2014 2013//2013
f 2011//2011 2015//2015 2014//2014
f 2016//2016 2017//2017 2018//2018
f 2016//2016 2018//2018 2019//2019
f 2016//2016 2019//2019 2020//2020
f 2021//2021 2022//2022 2027//2027
f 2021//2021 2027//2027 2026//2026
f 2022//2022 2023//2023 2028//2028
f 2022//2022 2028//2028 2027//2027
f 2023//2023 2024//2024 2029//2029
f 2023//2023 2029//2029 2028//2028
f 2024//2024 2025//2025 2030//2030
f 2024//2024 2030//2030 2029//2029
f 2025//2025 2021//2021 2026//2026
f 2025//2025 2026//2026 2030//2030
f 2021//2021 2023//2023 2022//2022
f 2021//2021 2024//2024 2023//2023
f 2021//2021 2025//2025 2024//2024
f 2026//2026 2027//2027 2028//2028
f 2026//2026 2028//2028 2029//2029
f 2026//2026 2029//2029 2030//2030
f 2031//2031 2032//2032 2037//2037
f 2031//2031 2037//2037 2036//2036
f 2032//2032 2033//2033 2038//2038
f 2032//2032 2038//2038 2037//2037
f 2033//2033 2034//2034 2039//2039
f 2033//2033 2039//2039 2038//2038
f 2034//2034 2035//2035 2040//2040
f 2034//2034 2040//2040 2039//2039
f 2035//2035 2031//2031 2036//2036
f 2035//2035 2036//2036 2040//2040
f 2031//2031 2033//2033 2032//2032
f 2031//2031 2034//2034 2033//2033
f 2031//2031 2035//2035 2034//2034
f 2036//2036 2037//2037 2038//2038
f 2036//2036 2038//2038 2039//2039
f 2036//2036 2039//2039 2040//2040
f 2041//2041 2042//2042 2047//2047
f 2041//2041 2047//2047 2046//2046
f 2042//2042 2043//2043 2048//2048
f 2042//2042 2048//2048 2047//2047
f 2043//2043 2044//2044 2049//2049
f 2043//2043 2049//2049 2048//2048
f 2044//2044 2045//2045 2050//2050
f 2044//2044 2050//2050 2049//2049
f 2045//2045 2041//2041 2046//2046
f 2045//2045 2046//2046 2050//2050
f 2041//2041 2043//2043 2042//2042
f 2041//2041 2044//2044 2043//2043
f 2041//2041 2045//2045 2044//2044
f 2046//2046 2047//2047 2048//2048
f 2046//2046 2048//2048 2049//2049
f 2046//2046 2049//2049 2050//2050
f 2051//2051 2052//2052 2057//2057
f 2051//2051 2057//2057 2056//2056
f 2052//2052 2053//2053 2058//2058
f 2052//2052 2058//2058 2057//2057
f 2053//2053 2054//2054 2059//2059
f 2053//2053 2059//2059 2058//2058
f 2054//2054 2055//2055 2060//2060
f 2054//2054 2060//2060 2059//2059
f 2055//2055 2051//2051 2056//2056
f 2055//2055 2056//2056 2060//2060
f 2051//2051 2053//2053 2052//2052
f 2051//2051 2054//2054 2053//2053
f 2051//2051 2055//2055 2054//2054
f 2056//2056 2057//2057 2058//2058
f 2056//2056 2058//2058 2059//2059
f 2056//2056 2059//2059 2060//2060
f 2061//2061 2062//2062 2068//2068
f 2061//2061 2068//2068 2067//2067
f 2062//2062 2063//2063 2069//2069
f 2062//2062 2069//2069 2068//2068
f 2063//2063 2064//2064 2070//2070
f 2063//2063 2070//2070 2069//2069
f 2064//2064 2065//2065 2071//2071
f 2064//2064 2071//2071 2070//2070
f 2065//2065 2066//2066 2072//2072
f 2065//2065 2072//2072 2071//2071
f 2066//2066 2061//2061 2067//2067
f 2066//2066 2067//2067 2072//2072
f 2061//2061 2063//2063 2062//2062
f 2061//2061 2064//2064 2063//2063
f 2061//2061 2065//2065 2064//2064
f 2061//2061 2066//2066 2065//2065
f 2067//2067 2068//2068 2069//2069
f 2067//2067 2069//2069 2070//2070
f 2067//2067 2070//2070 2071//2071
f 2067//2067 2071//2071 2072//2072
f 2073//2073 2074//2074 2079//2079
f 2073//2073 2079//2079 2078//2078
f 2074//2074 2075//2075 2080//2080
f 2074//2074 2080//2080 2079//2079
f 2075//2075 2076//2076 2081//2081
f 2075//2075 2081//2081 2080//2080
f 2076//2076 2077//2077 2082//2082
f 2076//2076 2082//2082 2081//2081
f 2077//2077 2073//2073 2078//2078
f 2077//2077 2078//2078 2082//2082
f 2073//2073 2075//2075 2074//2074
f 2073//2073 2076//2076 2075//2075
f 2073//2073 2077//2077 2076//2076
f 2078//2078 2079//2079 2080//2080
f 2078//2078 2080//2080 2081//2081
f 2078//2078 2081//2081 2082//2082
f 2083//2083 2084//2084 2089//2089
f 2083//2083 2089//2089 2088//2088
f 2084//2084 2085//2085 2090//2090
f 2084//2084 2090//2090 2089//2089
f 2085//2085 2086//2086 2091//2091
f 2085//2085 2091//2091 2090//2090
f 2086//2086 2087//2087 2092//2092
f 2086//2086 2092//2092 2091//2091
f 2087//2087 2083//2083 2088//2088
f 2087//2087 2088//2088 2092//2092
f 2083//2083 2085//2085 2084//2084
f 2083//2083 2086//2086 2085//2085
f 2083//2083 2087//2087 2086//2086
f 2088//2088 2089//2089 2090//2090
f 2088//2088 2090//2090 2091//2091
f 2088//2088 2091//2091 2092//2092
f 2093//2093 2094//2094 2099//2099
f 2093//2093 2099//2099 2098//2098
f 2094//2094 2095//2095 2100//2100
f 2094//2094 2100//2100 2099//2099
f 2095//2095 2096//2096 2101//2101
f 2095//2095 2101//2101 2100//2100
f 2096//2096 2097//2097 2102//2102
f 2096//2096 2102//2102 2101//2101
f 2097//2097 2093//2093 2098//2098
f 2097//2097 2098//2098 2102//2102
f 2093//2093 2095//2095 2094//2094
f 2093//2093 2096//2096 2095//2095
f 2093//2093 2097//2097 2096//2096
f 2098//2098 2099//2099 2100//2100
f 2098//2098 2100//2100 2101//2101
f 2098//2098 2101//2101 2102//2102
f 2103//2103 2104//2104 2109//2109
f 2103//2103 2109//2109 2108//2108
f 2104//2104 2105//2105 2110//2110
f 2104//2104 2110//2110 2109//2109
f 2105//2105 2106//2106 2111//2111
f 2105//2105 2111//2111 2110//2110
f 2106//2106 2107//2107 2112//2112
f 2106//2106 2112//2112 2111//2111
f 2107//2107 2103//2103 2108//2108
f 2107//2107 2108//2108 2112//2112
f 2103//2103 2105//2105 2104//2104
f 2103//2103 2106//2106 2105//2105
f 2103//2103 2107//2107 2106//2106
f 2108//2108 2109//2109 2110//2110
f 2108//2108 2110//2110 2111//2111
f 2108//2108 2111//2111 2112//2112
f 2113//2113 2114//2114 2119//2119
f 2113//2113 2119//2119 2118//2118
f 2114//2114 2115//2115 2120//2120
f 2114//2114 2120//2120 2119//2119
f 2115//2115 2116//2116 2121//2121
f 2115//2115 2121//2121 2120//2120
f 2116//2116 2117//2117 2122//2122
f 2116//2116 2122//2122 2121//2121
f 2117//2117 2113//2113 2118//2118
f 2117//2117 2118//2118 2122//2122
f 2113//2113 2115//2115 2114//2114
f 2113//2113 2116//2116 2115//2115
f 2113//2113 2117//2117 2116//2116
f 2118//2118 2119//2119 2120//2120
f 2118//2118 2120//2120 2121//2121
f 2118//2118 2121//2121 2122//2122
f 2123//2123 2124//2124 2129//2129
f 2123//2123 2129//2129 2128//2128
f 2124//2124 2125//2125 2130//2130
f 2124//2124 2130//2130 2129//2129
f 2125//2125 2126//2126 2131//2131
f 2125//2125 2131//2131 2130//2130
f 2126//2126 2127//2127 2132//2132
f 2126//2126 2132//2132 2131//2131
f 2127//2127 2123//2123 2128//2128
f 2127//2127 2128//2128 2132//2132
f 2123//2123 2125//2125 2124//2124
f 2123//2123 2126//2126 2125//2125
f 2123//2123 2127//2127 2126//2126
f 2128//2128 2129//2129 2130//2130
f 2128//2128 2130//2130 2131//2131
f 2128//2128 2131//2131 2132//2132
f 2133//2133 2134//2134 2139//2139
f 2133//2133 2139//2139 2138//2138
f 2134//2134 2135//2135 2140//2140
f 2134//2134 2140//2140 2139//2139
f 2135//2135 2136//2136 2141//2141
f 2135//2135 2141//2141 2140//2140
f 2136//2136 2137//2137 2142//2142
f 2136//2136 2142//2142 2141//2141
f 2137//2137 2133//2133 2138//2138
f 2137//2137 2138//2138 2142//2142
f 2133//2133 2135//2135 2134//2134
f 2133//2133 2136//2136 2135//2135
f 2133//2133 2137//2137 2136//2136
f 2138//2138 2139//2139 2140//2140
f 2138//2138 2140//2140 2141//2141
f 2138//2138 2141//2141 2142//2142
f 2143//2143 2144//2144 2149//2149
f 2143//2143 2149//2149 2148//2148
f 2144//2144 2145//2145 2150//2150
f 2144//2144 2150//2150 2149//2149
f 2145//2145 2146//2146 2151//2151
f 2145//2145 2151//2151 2150//2150
f 2146//2146 2147//2147 2152//2152
f 2146//2146 2152//2152 2151//2151
f 2147//2147 2143//2143 2148//2148
f 2147//2147 2148//2148 2152//2152
f 2143//2143 2145//2145 2144//2144
f 2143//2143 2146//2146 2145//2145
f 2143//2143 2147//2147 2146//2146
f 2148//2148 2149//2149 2150//2150
f 2148//2148 2150//2150 2151//2151
f 2148//2148 2151//2151 2152//2152
f 2153//2153 2154//2154 2159//2159
f 2153//2153 2159//2159 2158//2158
f 2154//2154 2155//2155 2160//2160
f 2154//2154 2160//2160 2159//2159
f 2155//2155 2156//2156 2161//2161
f 2155//2155 2161//2161 2160//2160
f 2156//2156 2157//2157 2162//2162
f 2156//2156 2162//2162 2161//2161
f 2157//2157 2153//2153 2158//2158
f 2157//2157 2158//2158 2162//2162
f 2153//2153 2155//2155 2154//2154
f 2153//2153 2156//2156 2155//2155
f 2153//2153 2157//2157 2156//2156
f 2158//2158 2159//2159 2160//2160
f 2158//2158 2160//2160 2161//2161
f 2158//2158 2161//2161 2162//2162
f 2163//2163 2164//2164 2170//2170
f 2163//2163 2170//2170 2169//2169
f 2164//2164 2165//2165 2171//2171
f 2164//2164 2171//2171 2170//2170
f 2165//2165 2166//2166 2172//2172
f 2165//2165 2172//2172 2171//2171
f 2166//2166 2167//2167 2173//2173
f 2166//2166 2173//2173 2172//2172
f 2167//2167 2168//2168 2174//2174
f 2167//2167 2174//2174 2173//2173
f 2168//2168 2163//2163 2169//2169
f 2168//2168 2169//2169 2174//2174
f 2163//2163 2165//2165 2164//2164
f 2163//2163 2166//2166 2165//2165
f 2163//2163 2167//2167 2166//2166
f 2163//2163 2168//2168 2167//2167
f 2169//2169 2170//2170 2171//2171
f 2169//2169 2171//2171 2172//2172
f 2169//2169 2172//2172 2173//2173
f 2169//2169 2173//2173 2174//2174
f 2175//2175 2176//2176 2181//2181
f 2175//2175 2181//2181 2180//2180
f 2176//2176 2177//2177 2182//2182
f 2176//2176 2182//2182 2181//2181
f 2177//2177 2178//2178 2183//2183
f 2177//2177 2183//2183 2182//2182
f 2178//2178 2179//2179 2184//2184
f 2178//2178 2184//2184 2183//2183
f 2179//2179 2175//2175 2180//2180
f 2179//2179 2180//2180 2184//2184
f 2175//2175 2177//2177 2176//2176
f 2175//2175 2178//2178 2177//2177
f 2175//2175 2179//2179 2178//2178
f 2180//2180 2181//2181 2182//2182
f 2180//2180 2182//2182 2183//2183
f 2180//2180 2183//2183 2184//2184
f 2185//2185 2186//2186 2191//2191
f 2185//2185 2191//2191 2190//2190
f 2186//2186 2187//2187 2192//2192
f 2186//2186 2192//2192 2191//2191
f 2187//2187 2188//2188 2193//2193
f 2187//2187 2193//2193 2192//2192
f 2188//2188 2189//2189 2194//2194
f 2188//2188 2194//2194 2193//2193
f 2189//2189 2185//2185 2190//2190
f 2189//2189 2190//2190 2194//2194
f 2185//2185 2187//2187 2186//2186
f 2185//2185 2188//2188 2187//2187
f 2185//2185 2189//2189 2188//2188
f 2190//2190 2191//2191 2192//2192
f 2190//2190 2192//2192 2193//2193
f 2190//2190 2193//2193 2194//2194
f 2195//2195 2196//2196 2201//2201
f 2195//2195 2201//2201 2200//2200
f 2196//2196 2197//2197 2202//2202
f 2196//2196 2202//2202 2201//2201
f 2197//2197 2198//2198 2203//2203
f 2197//2197 2203//2203 2202//2202
f 2198//2198 2199//2199 2204//2204
f 2198//2198 2204//2204 2203//2203
f 2199//2199 2195//2195 2200//2200
f 2199//2199 2200//2200 2204//2204
f 2195//2195 2197//2197 2196//2196
f 2195//2195 2198//2198 2197//2197
f 2195//2195 2199//2199 2198//2198
f 2200//2200 2201//2201 2202//2202
f 2200//2200 2202//2202 2203//2203
f 2200//2200 2203//2203 2204//2204
f 2205//2205 2206//2206 2211//2211
f 2205//2205 2211//2211 2210//2210
f 2206//2206 2207//2207 2212//2212
f 2206//2206 2212//2212 2211//2211
f 2207//2207 2208//2208 2213//2213
f 2207//2207 2213//2213 2212//2212
f 2208//2208 2209//2209 2214//2214
f 2208//2208 2214//2214 2213//2213
f 2209//2209 2205//2205 2210//2210
f 2209//2209 2210//2210 2214//2214
f 2205//2205 2207//2207 2206//2206
f 2205//2205 2208//2208 2207//2207
f 2205//2205 2209//2209 2208//2208
f 2210//2210 2211//2211 2212//2212
f 2210//2210 2212//2212 2213//2213
f 2210//2210 2213//2213 2214//2214
f 2215//2215 2216//2216 2221//2221
f 2215//2215 2221//2221 2220//2220
f 2216//2216 2217//2217 2222//2222
f 2216//2216 2222//2222 2221//2221
f 2217//2217 2218//2218 2223//2223
f 2217//2217 2223//2223 2222//2222
f 2218//2218 2219//2219 2224//2224
f 2218//2218 2224//2224 2223//2223
f 2219//2219 2215//2215 2220//2220
f 2219//2219 2220//2220 2224//2224
f 2215//2215 2217//2217 2216//2216
f 2215//2215 2218//2218 2217//2217
f 2215//2215 2219//2219 2218//2218
f 2220//2220 2221//2221 2222//2222
f 2220//2220 2222//2222 2223//2223
f 2220//2220 2223//2223 2224//2224
f 2225//2225 2226//2226 2231//2231
f 2225//2225 2231//2231 2230//2230
f 2226//2226 2227//2227 2232//2232
f 2226//2226 2232//2232 2231//2231
f 2227//2227 2228//2228 2233//2233
f 2227//2227 2233//2233 2232//2232
f 2228//2228 2229//2229 2234//2234
f 2228//2228 2234//2234 2233//2233
f 2229//2229 2225//2225 2230//2230
f 2229//2229 2230//2230 2234//2234
f 2225//2225 2227//2227 2226//2226
f 2225//2225 2228//2228 2227//2227
f 2225//2225 2229//2229 2228//2228
f 2230//2230 2231//2231 2232//2232
f 2230//2230 2232//2232 2233//2233
f 2230//2230 2233//2233 2234//2234
f 2235//2235 2236//2236 2241//2241
f 2235//2235 2241//2241 2240//2240
f 2236//2236 2237//2237 2242//2242
f 2236//2236 2242//2242 2241//2241
f 2237//2237 2238//2238 2243//2243
f 2237//2237 2243//2243 2242//2242
f 2238//2238 2239//2239 2244//2244
f 2238//2238 2244//2244 2243//2243
f 2239//2239 2235//2235 2240//2240
f 2239//2239 2240//2240 2244//2244
f 2235//2235 2237//2237 2236//2236
f 2235//2235 2238//2238 2237//2237
f 2235//2235 2239//2239 2238//2238
f 2240//2240 2241//2241 2242//2242
f 2240//2240 2242//2242 2243//2243
f 2240//2240 2243//2243 2244//2244
f 2245//2245 2246//2246 2251//2251
f 2245//2245 2251//2251 2250//2250
f 2246//2246 2247//2247 2252//2252
f 2246//2246 2252//2252 2251//2251
f 2247//2247 2248//2248 2253//2253
f 2247//2247 2253//2253 2252//2252
f 2248//2248 2249//2249 2254//2254
f 2248//2248 2254//2254 2253//2253
f 2249//2249 2245//2245 2250//2250
f 2249//2249 2250//2250 2254//2254
f 2245//2245 2247//2247 2246//2246
f 2245//2245 2248//2248 2247//2247
f 2245//2245 2249//2249 2248//2248
f 2250//2250 2251//2251 2252//2252
f 2250//2250 2252//2252 2253//2253
f 2250//2250 2253//2253 2254//2254
f 2255//2255 2256//2256 2261//2261
f 2255//2255 2261//2261 2260//2260
f 2256//2256 2257//2257 2262//2262
f 2256//2256 2262//2262 2261//2261
f 2257//2257 2258//2258 2263//2263
f 2257//2257 2263//2263 2262//2262
f 2258//2258 2259//2259 2264//2264
f 2258//2258 2264//2264 2263//2263
f 2259//2259 2255//2255 2260//2260
f 2259//2259 2260//2260 2264//2264
f 2255//2255 2257//2257 2256//2256
f 2255//2255 2258//2258 2257//2257
f 2255//2255 2259//2259 2258//2258
f 2260//2260 2261//2261 2262//2262
f 2260//2260 2262//2262 2263//2263
f 2260//2260 2263//2263 2264//2264
f 2265//2265 2266//2266 2272//2272
f 2265//2265 2272//2272 2271//2271
f 2266//2266 2267//2267 2273//2273
f 2266//2266 2273//2273 2272//2272
f 2267//2267 2268//2268 2274//2274
f 2267//2267 2274//2274 2273//2273
f 2268//2268 2269//2269 2275//2275
f 2268//2268 2275//2275 2274//2274
f 2269//2269 2270//2270 2276//2276
f 2269//2269 2276//2276 2275//2275
f 2270//2270 2265//2265 2271//2271
f 2270//2270 2271//2271 2276//2276
f 2265//2265 2267//2267 2266//2266
f 2265//2265 2268//2268 2267//2267
f 2265//2265 2269//2269 2268//2268
f 2265//2265 2270//2270 2269//2269
f 2271//2271 2272//2272 2273//2273
f 2271//2271 2273//2273 2274//2274
f 2271//2271 2274//2274 2275//2275
f 2271//2271 2275//2275 2276//2276
f 2277//2277 2278//2278 2283//2283
f 2277//2277 2283//2283 2282//2282
f 2278//2278 2279//2279 2284//2284
f 2278//2278 2284//2284 2283//2283
f 2279//2279 2280//2280 2285//2285
f 2279//2279 2285//2285 2284//2284
f 2280//2280 2281//2281 2286//2286
f 2280//2280 2286//2286 2285//2285
f 2281//2281 2277//2277 2282//2282
f 2281//2281 2282//2282 2286//2286
f 2277//2277 2279//2279 2278//2278
f 2277//2277 2280//2280 2279//2279
f 2277//2277 2281//2281 2280//2280
f 2282//2282 2283//2283 2284//2284
f 2282//2282 2284//2284 2285//2285
f 2282//2282 2285//2285 2286//2286
f 2287//2287 2288//2288 2293//2293
f 2287//2287 2293//2293 2292//2292
f 2288//2288 2289//2289 2294//2294
f 2288//2288 2294//2294 2293//2293
f 2289//2289 2290//2290 2295//2295
f 2289//2289 2295//2295 2294//2294
f 2290//2290 2291//2291 2296//2296
f 2290//2290 2296//2296 2295//2295
f 2291//2291 2287//2287 2292//2292
f 2291//2291 2292//2292 2296//2296
f 2287//2287 2289//2289 2288//2288
f 2287//2287 2290//2290 2289//2289
f 2287//2287 2291//2291 2290//2290
f 2292//2292 2293//2293 2294//2294
f 2292//2292 2294//2294 2295//2295
f 2292//2292 2295//2295 2296//2296
f 2297//2297 2298//2298 2303//2303
f 2297//2297 2303//2303 2302//2302
f 2298//2298 2299//2299 2304//2304
f 2298//2298 2304//2304 2303//2303
f 2299//2299 2300//2300 2305//2305
f 2299//2299 2305//2305 2304//2304
f 2300//2300 2301//2301 2306//2306
f 2300//2300 2306//2306 2305//2305
f 2301//2301 2297//2297 2302//2302
f 2301//2301 2302//2302 2306//2306
f 2297//2297 2299//2299 2298//2298
f 2297//2297 2300//2300 2299//2299
f 2297//2297 2301//2301 2300//2300
f 2302//2302 2303//2303 2304//2304
f 2302//2302 2304//2304 2305//2305
f 2302//2302 2305//2305 2306//2306
f 2307//2307 2308//2308 2313//2313
f 2307//2307 2313//2313 2312//2312
f 2308//2308 2309//2309 2314//2314
f 2308//2308 2314//2314 2313//2313
f 2309//2309 2310//2310 2315//2315
f 2309//2309 2315//2315 2314//2314
f 2310//2310 2311//2311 2316//2316
f 2310//2310 2316//2316 2315//2315
f 2311//2311 2307//2307 2312//2312
f 2311//2311 2312//2312 2316//2316
f 2307//2307 2309//2309 2308//2308
f 2307//2307 2310//2310 2309//2309
f 2307//2307 2311//2311 2310//2310
f 2312//2312 2313//2313 2314//2314
f 2312//2312 2314//2314 2315//2315
f 2312//2312 2315//2315 2316//2316
f 2317//2317 2318//2318 2323//2323
f 2317//2317 2323//2323 2322//2322
f 2318//2318 2319//2319 2324//2324
f 2318//2318 2324//2324 2323//2323
f 2319//2319 2320//2320 2325//2325
f 2319//2319 2325//2325 2324//2324
f 2320//2320 2321//2321 2326//2326
f 2320//2320 2326//2326 2325//2325
f 2321//2321 2317//2317 2322//2322
f 2321//2321 2322//2322 2326//2326
f 2317//2317 2319//2319 2318//2318
f 2317//2317 2320//2320 2319//2319
f 2317//2317 2321//2321 2320//2320
f 2322//2322 2323//2323 2324//2324
f 2322//2322 2324//2324 2325//2325
f 2322//2322 2325//2325 2326//2326
f 2327//2327 2328//2328 2333//2333
f 2327//2327 2333//2333 2332//2332
f 2328//2328 2329//2329 2334//2334
f 2328//2328 2334//2334 2333//2333
f 2329//2329 2330//2330 2335//2335
f 2329//2329 2335//2335 2334//2334
f 2330//2330 2331//2331 2336//2336
f 2330//2330 2336//2336 2335//2335
f 2331//2331 2327//2327 2332//2332
f 2331//2331 2332//2332 2336//2336
f 2327//2327 2329//2329 2328//2328
f 2327//2327 2330//2330 2329//2329
f 2327//2327 2331//2331 2330//2330
f 2332//2332 2333//2333 2334//2334
f 2332//2332 2334//2334 2335//2335
f 2332//2332 2335//2335 2336//2336
f 2337//2337 2338//2338 2343//2343
f 2337//2337 2343//2343 2342//2342
f 2338//2338 2339//2339 2344//2344
f 2338//2338 2344//2344 2343//2343
f 2339//2339 2340//2340 2345//2345
f 2339//2339 2345//2345 2344//2344
f 2340//2340 2341//2341 2346//2346
f 2340//2340 2346//2346 2345//2345
f 2341//2341 2337//2337 2342//2342
f 2341//2341 2342//2342 2346//2346
f 2337//2337 2339//2339 2338//2338
f 2337//2337 2340//2340 2339//2339
f 2337//2337 2341//2341 2340//2340
f 2342//2342 2343//2343 2344//2344
f 2342//2342 2344//2344 2345//2345
f 2342//2342 2345//2345 2346//2346
f 2347//2347 2348//2348 2353//2353
f 2347//2347 2353//2353 2352//2352
f 2348//2348 2349//2349 2354//2354
f 2348//2348 2354//2354 2353//2353
f 2349//2349 2350//2350 2355//2355
f 2349//2349 2355//2355 2354//2354
f 2350//2350 2351//2351 2356//2356
f 2350//2350 2356//2356 2355//2355
f 2351//2351 2347//2347 2352//2352
f 2351//2351 2352//2352 2356//2356
f 2347//2347 2349//2349 2348//2348
f 2347//2347 2350//2350 2349//2349
f 2347//2347 2351//2351 2350//2350
f 2352//2352 2353//2353 2354//2354
f 2352//2352 2354//2354 2355//2355
f 2352//2352 2355//2355 2356//2356
f 2357//2357 2358//2358 2363//2363
f 2357//2357 2363//2363 2362//2362
f 2358//2358 2359//2359 2364//2364
f 2358//2358 2364//2364 2363//2363
f 2359//2359 2360//2360 2365//2365
f 2359//2359 2365//2365 2364//2364
f 2360//2360 2361//2361 2366//2366
f 2360//2360 2366//2366 2365//2365
f 2361//2361 2357//2357 2362//2362
f 2361//2361 2362//2362 2366//2366
f 2357//2357 2359//2359 2358//2358
f 2357//2357 2360//2360 2359//2359
f 2357//2357 2361//2361 2360//2360
f 2362//2362 2363//2363 2364//2364
f 2362//2362 2364//2364 2365//2365
f 2362//2362 2365//2365 2366//2366
f 2367//2367 2368//2368 2374//2374
f 2367//2367 2374//2374 2373//2373
f 2368//2368 2369//2369 2375//2375
f 2368//2368 2375//2375 2374//2374
f 2369//2369 2370//2370 2376//2376
f 2369//2369 2376//2376 2375//2375
f 2370//2370 2371//2371 2377//2377
f 2370//2370 2377//2377 2376//2376
f 2371//2371 2372//2372 2378//2378
f 2371//2371 2378//2378 2377//2377
f 2372//2372 2367//2367 2373//2373
f 2372//2372 2373//2373 2378//2378
f 2367//2367 2369//2369 2368//2368
f 2367//2367 2370//2370 2369//2369
f 2367//2367 2371//2371 2370//2370
f 2367//2367 2372//2372 2371//2371
f 2373//2373 2374//2374 2375//2375
f 2373//2373 2375//2375 2376//2376
f 2373//2373 2376//2376 2377//2377
f 2373//2373 2377//2377 2378//2378
f 2379//2379 2380//2380 2385//2385
f 2379//2379 2385//2385 2384//2384
f 2380//2380 2381//2381 2386//2386
f 2380//2380 2386//2386 2385//2385
f 2381//2381 2382//2382 2387//2387
f 2381//2381 2387//2387 2386//2386
f 2382//2382 2383//2383 2388//2388
f 2382//2382 2388//2388 2387//2387
f 2383//2383 2379//2379 2384//2384
f 2383//2383 2384//2384 2388//2388
f 2379//2379 2381//2381 2380//2380
f 2379//2379 2382//2382 2381//2381
f 2379//2379 2383//2383 2382//2382
f 2384//2384 2385//2385 2386//2386
f 2384//2384 2386//2386 2387//2387
f 2384//2384 2387//2387 2388//2388
f 2389//2389 2390//2390 2395//2395
f 2389//2389 2395//2395 2394//2394
f 2390//2390 2391//2391 2396//2396
f 2390//2390 2396//2396 2395//2395
f 2391//2391 2392//2392 2397//2397
f 2391//2391 2397//2397 2396//2396
f 2392//2392 2393//2393 2398//2398
f 2392//2392 2398//2398 2397//2397
f 2393//2393 2389//2389 2394//2394
f 2393//2393 2394//2394 2398//2398
f 2389//2389 2391//2391 2390//2390
f 2389//2389 2392//2392 2391//2391
f 2389//2389 2393//2393 2392//2392
f 2394//2394 2395//2395 2396//2396
f 2394//2394 2396//2396 2397//2397
f 2394//2394 2397//2397 2398//2398
f 2399//2399 2400//2400 2405//2405
f 2399//2399 2405//2405 2404//2404
f 2400//2400 2401//2401 2406//2406
f 2400//2400 2406//2406 2405//2405
f 2401//2401 2402//2402 2407//2407
f 2401//2401 2407//2407 2406//2406
f 2402//2402 2403//2403 2408//2408
f 2402//2402 2408//2408 2407//2407
f 2403//2403 2399//2399 2404//2404
f 2403//2403 2404//2404 2408//2408
f 2399//2399 2401//2401 2400//2400
f 2399//2399 2402//2402 2401//2401
f 2399//2399 2403//2403 2402//2402
f 2404//2404 2405//2405 2406//2406
f 2404//2404 2406//2406 2407//2407
f 2404//2404 2407//2407 2408//2408
f 2409//2409 2410//2410 2415//2415
f 2409//2409 2415//2415 2414//2414
f 2410//2410 2411//2411 2416//2416
f 2410//2410 2416//2416 2415//2415
f 2411//2411 2412//2412 2417//2417
f 2411//2411 2417//2417 2416//2416
f 2412//2412 2413//2413 2418//2418
f 2412//2412 2418//2418 2417//2417
f 2413//2413 2409//2409 2414//2414
f 2413//2413 2414//2414 2418//2418
f 2409//2409 2411//2411 2410//2410
f 2409//2409 2412//2412 2411//2411
f 2409//2409 2413//2413 2412//2412
f 2414//2414 2415//2415 2416//2416
f 2414//2414 2416//2416 2417//2417
f 2414//2414 2417//2417 2418//2418
f 2419//2419 2420//2420 2425//2425
f 2419//2419 2425//2425 2424//2424
f 2420//2420 2421//2421 2426//2426
f 2420//2420 2426//2426 2425//2425
f 2421//2421 2422//2422 2427//2427
f 2421//2421 2427//2427 2426//2426
f 2422//2422 2423//2423 2428//2428
f 2422//2422 2428//2428 2427//2427
f 2423//2423 2419//2419 2424//2424
f 2423//2423 2424//2424 2428//2428
f 2419//2419 2421//2421 2420//2420
f 2419//2419 2422//2422 2421//2421
f 2419//2419 2423//2423 2422//2422
f 2424//2424 2425//2425 2426//2426
f 2424//2424 2426//2426 2427//2427
f 2424//2424 2427//2427 2428//2428
f 2429//2429 2430//2430 2435//2435
f 2429//2429 2435//2435 2434//2434
f 2430//2430 2431//2431 2436//2436
f 2430//2430 2436//2436 2435//2435
f 2431//2431 2432//2432 2437//2437
f 2431//2431 2437//2437 2436//2436
f 2432//2432 2433//2433 2438//2438
f 2432//2432 2438//2438 2437//2437
f 2433//2433 2429//2429 2434//2434
f 2433//2433 2434//2434 2438//2438
f 2429//2429 2431//2431 2430//2430
f 2429//2429 2432//2432 2431//2431
f 2429//2429 2433//2433 2432//2432
f 2434//2434 2435//2435 2436//2436
f 2434//2434 2436//2436 2437//2437
f 2434//2434 2437//2437 2438//2438
f 2439//2439 2440//2440 2445//2445
f 2439//2439 2445//2445 2444//2444
f 2440//2440 2441//2441 2446//2446
f 2440//2440 2446//2446 2445//2445
f 2441//2441 2442//2442 2447//2447
f 2441//2441 2447//2447 2446//2446
f 2442//2442 2443//2443 2448//2448
f 2442//2442 2448//2448 2447//2447
f 2443//2443 2439//2439 2444//2444
f 2443//2443 2444//2444 2448//2448
f 2439//2439 2441//2441 2440//2440
f 2439//2439 2442//2442 2441//2441
f 2439//2439 2443//2443 2442//2442
f 2444//2444 2445//2445 2446//2446
f 2444//2444 2446//2446 2447//2447
f 2444//2444 2447//2447 2448//2448
f 2449//2449 2450//2450 2455//2455
f 2449//2449 2455//2455 2454//2454
f 2450//2450 2451//2451 2456//2456
f 2450//2450 2456//2456 2455//2455
f 2451//2451 2452//2452 2457//2457
f 2451//2451 2457//2457 2456//2456
f 2452//2452 2453//2453 2458//2458
f 2452//2452 2458//2458 2457//2457
f 2453//2453 2449//2449 2454//2454
f 2453//2453 2454//2454 2458//2458
f 2449//2449 2451//2451 2450//2450
f 2449//2449 2452//2452 2451//2451
f 2449//2449 2453//2453 2452//2452
f 2454//2454 2455//2455 2456//2456
f 2454//2454 2456//2456 2457//2457
f 2454//2454 2457//2457 2458//2458
f 2459//2459 2460//2460 2465//2465
f 2459//2459 2465//2465 2464//2464
f 2460//2460 2461//2461 2466//2466
f 2460//2460 2466//2466 2465//2465
f 2461//2461 2462//2462 2467//2467
f 2461//2461 2467//2467 2466//2466
f 2462//2462 2463//2463 2468//2468
f 2462//2462 2468//2468 2467//2467
f 2463//2463 2459//2459 2464//2464
f 2463//2463 2464//2464 2468//2468
f 2459//2459 2461//2461 2460//2460
f 2459//2459 2462//2462 2461//2461
f 2459//2459 2463//2463 2462//2462
f 2464//2464 2465//2465 2466//2466
f 2464//2464 2466//2466 2467//2467
f 2464//2464 2467//2467 2468//2468
f 2469//2469 2470//2470 2476//2476
f 2469//2469 2476//2476 2475//2475
f 2470//2470 2471//2471 2477//2477
f 2470//2470 2477//2477 2476//2476
f 2471//2471 2472//2472 2478//2478
f 2471//2471 2478//2478 2477//2477
f 2472//2472 2473//2473 2479//2479
f 2472//2472 2479//2479 2478//2478
f 2473//2473 2474//2474 2480//2480
f 2473//2473 2480//2480 2479//2479
f 2474//2474 2469//2469 2475//2475
f 2474//2474 2475//2475 2480//2480
f 2469//2469 2471//2471 2470//2470
f 2469//2469 2472//2472 2471//2471
f 2469//2469 2473//2473 2472//2472
f 2469//2469 2474//2474 2473//2473
f 2475//2475 2476//2476 2477//2477
f 2475//2475 2477//2477 2478//2478
f 2475//2475 2478//2478 2479//2479
f 2475//2475 2479//2479 2480//2480
f 2481//2481 2482//2482 2487//2487
f 2481//2481 2487//2487 2486//2486
f 2482//2482 2483//2483 2488//2488
f 2482//2482 2488//2488 2487//2487
f 2483//2483 2484//2484 2489//2489
f 2483//2483 2489//2489 2488//2488
f 2484//2484 2485//2485 2490//2490
f 2484//2484 2490//2490 2489//2489
f 2485//2485 2481//2481 2486//2486
f 2485//2485 2486//2486 2490//2490
f 2481//2481 2483//2483 2482//2482
f 2481//2481 2484//2484 2483//2483
f 2481//2481 2485//2485 2484//2484
f 2486//2486 2487//2487 2488//2488
f 2486//2486 2488//2488 2489//2489
f 2486//2486 2489//2489 2490//2490
f 2491//2491 2492//2492 2497//2497
f 2491//2491 2497//2497 2496//2496
f 2492//2492 2493//2493 2498//2498
f 2492//2492 2498//2498 2497//2497
f 2493//2493 2494//2494 2499//2499
f 2493//2493 2499//2499 2498//2498
f 2494//2494 2495//2495 2500//2500
f 2494//2494 2500//2500 2499//2499
f 2495//2495 2491//2491 2496//2496
f 2495//2495 2496//2496 2500//2500
f 2491//2491 2493//2493 2492//2492
f 2491//2491 2494//2494 2493//2493
f 2491//2491 2495//2495 2494//2494
f 2496//2496 2497//2497 2498//2498
f 2496//2496 2498//2498 2499//2499
f 2496//2496 2499//2499 2500//2500
f 2501//2501 2502//2502 2507//2507
f 2501//2501 2507//2507 2506//2506
f 2502//2502 2503//2503 2508//2508
f 2502//2502 2508//2508 2507//2507
f 2503//2503 2504//2504 2509//2509
f 2503//2503 2509//2509 2508//2508
f 2504//2504 2505//2505 2510//2510
f 2504//2504 2510//2510 2509//2509
f 2505//2505 2501//2501 2506//2506
f 2505//2505 2506//2506 2510//2510
f 2501//2501 2503//2503 2502//2502
f 2501//2501 2504//2504 2503//2503
f 2501//2501 2505//2505 2504//2504
f 2506//2506 2507//2507 2508//2508
f 2506//2506 2508//2508 2509//2509
f 2506//2506 2509//2509 2510//2510
f 2511//2511 2512//2512 2517//2517
f 2511//2511 2517//2517 2516//2516
f 2512//2512 2513//2513 2518//2518
f 2512//2512 2518//2518 2517//2517
f 2513//2513 2514//2514 2519//2519
f 2513//2513 2519//2519 2518//2518
f 2514//2514 2515//2515 2520//2520
f 2514//2514 2520//2520 2519//2519
f 2515//2515 2511//2511 2516//2516
f 2515//2515 2516//2516 2520//2520
f 2511//2511 2513//2513 2512//2512
f 2511//2511 2514//2514 2513//2513
f 2511//2511 2515//2515 2514//2514
f 2516//2516 2517//2517 2518//2518
f 2516//2516 2518//2518 2519//2519
f 2516//2516 2519//2519 2520//2520
f 2521//2521 2522//2522 2527//2527
f 2521//2521 2527//2527 2526//2526
f 2522//2522 2523//2523 2528//2528
f 2522//2522 2528//2528 2527//2527
f 2523//2523 2524//2524 2529//2529
f 2523//2523 2529//2529 2528//2528
f 2524//2524 2525//2525 2530//2530
f 2524//2524 2530//2530 2529//2529
f 2525//2525 2521//2521 2526//2526
f 2525//2525 2526//2526 2530//2530
f 2521//2521 2523//2523 2522//2522
f 2521//2521 2524//2524 2523//2523
f 2521//2521 2525//2525 2524//2524
f 2526//2526 2527//2527 2528//2528
f 2526//2526 2528//2528 2529//2529
f 2526//2526 2529//2529 2530//2530
f 2531//2531 2532//2532 2537//2537
f 2531//2531 2537//2537 2536//2536
f 2532//2532 2533//2533 2538//2538
f 2532//2532 2538//2538 2537//2537
f 2533//2533 2534//2534 2539//2539
f 2533//2533 2539//2539 2538//2538
f 2534//2534 2535//2535 2540//2540
f 2534//2534 2540//2540 2539//2539
f 2535//2535 2531//2531 2536//2536
f 2535//2535 2536//2536 2540//2540
f 2531//2531 2533//2533 2532//2532
f 2531//2531 2534//2534 2533//2533
f 2531//2531 2535//2535 2534//2534
f 2536//2536 2537//2537 2538//2538
f 2536//2536 2538//2538 2539//2539
f 2536//2536 2539//2539 2540//2540
f 2541//2541 2542//2542 2547//2547
f 2541//2541 2547//2547 2546//2546
f 2542//2542 2543//2543 2548//2548
f 2542//2542 2548//2548 2547//2547
f 2543//2543 2544//2544 2549//2549
f 2543//2543 2549//2549 2548//2548
f 2544//2544 2545//2545 2550//2550
f 2544//2544 2550//2550 2549//2549
f 2545//2545 2541//2541 2546//2546
f 2545//2545 2546//2546 2550//2550
f 2541//2541 2543//2543 2542//2542
f 2541//2541 2544//2544 2543//2543
f 2541//2541 2545//2545 2544//2544
f 2546//2546 2547//2547 2548//2548
f 2546//2546 2548//2548 2549//2549
f 2546//2546 2549//2549 2550//2550
f 2551//2551 2552//2552 2557//2557
f 2551//2551 2557//2557 2556//2556
f 2552//2552 2553//2553 2558//2558
f 2552//2552 2558//2558 2557//2557
f 2553//2553 2554//2554 2559//2559
f 2553//2553 2559//2559 2558//2558
f 2554//2554 2555//2555 2560//2560
f 2554//2554 2560//2560 2559//2559
f 2555//2555 2551//2551 2556//2556
f 2555//2555 2556//2556 2560//2560
f 2551//2551 2553//2553 2552//2552
f 2551//2551 2554//2554 2553//2553
f 2551//2551 2555//2555 2554//2554
f 2556//2556 2557//2557 2558//2558
f 2556//2556 2558//2558 2559//2559
f 2556//2556 2559//2559 2560//2560
f 2561//2561 2562//2562 2567//2567
f 2561//2561 2567//2567 2566//2566
f 2562//2562 2563//2563 2568//2568
f 2562//2562 2568//2568 2567//2567
f 2563//2563 2564//2564 2569//2569
f 2563//2563 2569//2569 2568//2568
f 2564//2564 2565//2565 2570//2570
f 2564//2564 2570//2570 2569//2569
f 2565//2565 2561//2561 2566//2566
f 2565//2565 2566//2566 2570//2570
f 2561//2561 2563//2563 2562//2562
f 2561//2561 2564//2564 2563//2563
f 2561//2561 2565//2565 2564//2564
f 2566//2566 2567//2567 2568//2568
f 2566//2566 2568//2568 2569//2569
f 2566//2566 2569//2569 2570//2570
f 2571//2571 2572//2572 2578//2578
f 2571//2571 2578//2578 2577//2577
f 2572//2572 2573//2573 2579//2579
f 2572//2572 2579//2579 2578//2578
f 2573//2573 2574//2574 2580//2580
f 2573//2573 2580//2580 2579//2579
f 2574//2574 2575//2575 2581//2581
f 2574//2574 2581//2581 2580//2580
f 2575//2575 2576//2576 2582//2582
f 2575//2575 2582//2582 2581//2581
f 2576//2576 2571//2571 2577//2577
f 2576//2576 2577//2577 2582//2582
f 2571//2571 2573//2573 2572//2572
f 2571//2571 2574//2574 2573//2573
f 2571//2571 2575//2575 2574//2574
f 2571//2571 2576//2576 2575//2575
f 2577//2577 2578//2578 2579//2579
f 2577//2577 2579//2579 2580//2580
f 2577//2577 2580//2580 2581//2581
f 2577//2577 2581//2581 2582//2582
f 2583//2583 2584//2584 2589//2589
f 2583//2583 2589//2589 2588//2588
f 2584//2584 2585//2585 2590//2590
f 2584//2584 2590//2590 2589//2589
f 2585//2585 2586//2586 2591//2591
f 2585//2585 2591//2591 2590//2590
f 2586//2586 2587//2587 2592//2592
f 2586//2586 2592//2592 2591//2591
f 2587//2587 2583//2583 2588//2588
f 2587//2587 2588//2588 2592//2592
f 2583//2583 2585//2585 2584//2584
f 2583//2583 2586//2586 2585//2585
f 2583//2583 2587//2587 2586//2586
f 2588//2588 2589//2589 2590//2590
f 2588//2588 2590//2590 2591//2591
f 2588//2588 2591//2591 2592//2592
f 2593//2593 2594//2594 2599//2599
f 2593//2593 2599//2599 2598//2598
f 2594//2594 2595//2595 2600//2600
f 2594//2594 2600//2600 2599//2599
f 2595//2595 2596//2596 2601//2601
f 2595//2595 2601//2601 2600//2600
f 2596//2596 2597//2597 2602//2602
f 2596//2596 2602//2602 2601//2601
f 2597//2597 2593//2593 2598//2598
f 2597//2597 2598//2598 2602//2602
f 2593//2593 2595//2595 2594//2594
f 2593//2593 2596//2596 2595//2595
f 2593//2593 2597//2597 2596//2596
f 2598//2598 2599//2599 2600//2600
f 2598//2598 2600//2600 2601//2601
f 2598//2598 2601//2601 2602//2602
f 2603//2603 2604//2604 2609//2609
f 2603//2603 2609//2609 2608//2608
f 2604//2604 2605//2605 2610//2610
f 2604//2604 2610//2610 2609//2609
f 2605//2605 2606//2606 2611//2611
f 2605//2605 2611//2611 2610//2610
f 2606//2606 2607//2607 2612//2612
f 2606//2606 2612//2612 2611//2611
f 2607//2607 2603//2603 2608//2608
f 2607//2607 2608//2608 2612//2612
f 2603//2603 2605//2605 2604//2604
f 2603//2603 2606//2606 2605//2605
f 2603//2603 2607//2607 2606//2606
f 2608//2608 2609//2609 2610//2610
f 2608//2608 2610//2610 2611//2611
f 2608//2608 2611//2611 2612//2612
f 2613//2613 2614//2614 2619//2619
f 2613//2613 2619//2619 2618//2618
f 2614//2614 2615//2615 2620//2620
f 2614//2614 2620//2620 2619//2619
f 2615//2615 2616//2616 2621//2621
f 2615//2615 2621//2621 2620//2620
f 2616//2616 2617//2617 2622//2622
f 2616//2616 2622//2622 2621//2621
f 2617//2617 2613//2613 2618//2618
f 2617//2617 2618//2618 2622//2622
f 2613//2613 2615//2615 2614//2614
f 2613//2613 2616//2616 2615//2615
f 2613//2613 2617//2617 2616//2616
f 2618//2618 2619//2619 2620//2620
f 2618//2618 2620//2620 2621//2621
f 2618//2618 2621//2621 2622//2622
f 2623//2623 2624//2624 2629//2629
f 2623//2623 2629//2629 2628//2628
f 2624//2624 2625//2625 2630//2630
f 2624//2624 2630//2630 2629//2629
f 2625//2625 2626//2626 2631//2631
f 2625//2625 2631//2631 2630//2630
f 2626//2626 2627//2627 2632//2632
f 2626//2626 2632//2632 2631//2631
f 2627//2627 2623//2623 2628//2628
f 2627//2627 2628//2628 2632//2632
f 2623//2623 2625//2625 2624//2624
f 2623//2623 2626//2626 2625//2625
f 2623//2623 2627//2627 2626//2626
f 2628//2628 2629//2629 2630//2630
f 2628//2628 2630//2630 2631//2631
f 2628//2628 2631//2631 2632//2632
f 2633//2633 2634//2634 2639//2639
f 2633//2633 2639//2639 2638//2638
f 2634//2634 2635//2635 2640//2640
f 2634//2634 2640//2640 2639//2639
f 2635//2635 2636//2636 2641//2641
f 2635//2635 2641//2641 2640//2640
f 2636//2636 2637//2637 2642//2642
f 2636//2636 2642//2642 2641//2641
f 2637//2637 2633//2633 2638//2638
f 2637//2637 2638//2638 2642//2642
f 2633//2633 2635//2635 2634//2634
f 2633//2633 2636//2636 2635//2635
f 2633//2633 2637//2637 2636//2636
f 2638//2638 2639//2639 2640//2640
f 2638//2638 2640//2640 2641//2641
f 2638//2638 2641//2641 2642//2642
f 2643//2643 2644//2644 2649//2649
f 2643//2643 2649//2649 2648//2648
f 2644//2644 2645//2645 2650//2650
f 2644//2644 2650//2650 2649//2649
f 2645//2645 2646//2646 2651//2651
f 2645//2645 2651//2651 2650//2650
f 2646//2646 2647//2647 2652//2652
f 2646//2646 2652//2652 2651//2651
f 2647//2647 2643//2643 2648//2648
f 2647//2647 2648//2648 2652//2652
f 2643//2643 2645//2645 2644//2644
f 2643//2643 2646//2646 2645//2645
f 2643//2643 2647//2647 2646//2646
f 2648//2648 2649//2649 2650//2650
f 2648//2648 2650//2650 2651//2651
f 2648//2648 2651//2651 2652//2652
f 2653//2653 2654//2654 2659//2659
f 2653//2653 2659//2659 2658//2658
f 2654//2654 2655//2655 2660//2660
f 2654//2654 2660//2660 2659//2659
f 2655//2655 2656//2656 2661//2661
f 2655//2655 2661//2661 2660//2660
f 2656//2656 2657//2657 2662//2662
f 2656//2656 2662//2662 2661//2661
f 2657//2657 2653//2653 2658//2658
f 2657//2657 2658//2658 2662//2662
f 2653//2653 2655//2655 2654//2654
f 2653//2653 2656//2656 2655//2655
f 2653//2653 2657//2657 2656//2656
f 2658//2658 2659//2659 2660//2660
f 2658//2658 2660//2660 2661//2661
f 2658//2658 2661//2661 2662//2662
f 2663//2663 2664//2664 2669//2669
f 2663//2663 2669//2669 2668//2668
f 2664//2664 2665//2665 2670//2670
f 2664//2664 2670//2670 2669//2669
f 2665//2665 2666//2666 2671//2671
f 2665//2665 2671//2671 2670//2670
f 2666//2666 2667//2667 2672//2672
f 2666//2666 2672//2672 2671//2671
f 2667//2667 2663//2663 2668//2668
f 2667//2667 2668//2668 2672//2672
f 2663//2663 2665//2665 2664//2664
f 2663//2663 2666//2666 2665//2665
f 2663//2663 2667//2667 2666//2666
f 2668//2668 2669//2669 2670//2670
f 2668//2668 2670//2670 2671//2671
f 2668//2668 2671//2671 2672//2672
f 2673//2673 2674//2674 2680//2680
f 2673//2673 2680//2680 2679//2679
f 2674//2674 2675//2675 2681//2681
f 2674//2674 2681//2681 2680//2680
f 2675//2675 2676//2676 2682//2682
f 2675//2675 2682//2682 2681//2681
f 2676//2676 2677//2677 2683//2683
f 2676//2676 2683//2683 2682//2682
f 2677//2677 2678//2678 2684//2684
f 2677//2677 2684//2684 2683//2683
f 2678//2678 2673//2673 2679//2679
f 2678//2678 2679//2679 2684//2684
f 2673//2673 2675//2675 2674//2674
f 2673//2673 2676//2676 2675//2675
f 2673//2673 2677//2677 2676//2676
f 2673//2673 2678//2678 2677//2677
f 2679//2679 2680//2680 2681//2681
f 2679//2679 2681//2681 2682//2682
f 2679//2679 2682//2682 2683//2683
f 2679//2679 2683//2683 2684//2684
f 2685//2685 2686//2686 2691//2691
f 2685//2685 2691//2691 2690//2690
f 2686//2686 2687//2687 2692//2692
f 2686//2686 2692//2692 2691//2691
f 2687//2687 2688//2688 2693//2693
f 2687//2687 2693//2693 2692//2692
f 2688//2688 2689//2689 2694//2694
f 2688//2688 2694//2694 2693//2693
f 2689//2689 2685//2685 2690//2690
f 2689//2689 2690//2690 2694//2694
f 2685//2685 2687//2687 2686//2686
f 2685//2685 2688//2688 2687//2687
f 2685//2685 2689//2689 2688//2688
f 2690//2690 2691//2691 2692//2692
f 2690//2690 2692//2692 2693//2693
f 2690//2690 2693//2693 2694//2694
f 2695//2695 2696//2696 2701//2701
f 2695//2695 2701//2701 2700//2700
f 2696//2696 2697//2697 2702//2702
f 2696//2696 2702//2702 2701//2701
f 2697//2697 2698//2698 2703//2703
f 2697//2697 2703//2703 2702//2702
f 2698//2698 2699//2699 2704//2704
f 2698//2698 2704//2704 2703//2703
f 2699//2699 2695//2695 2700//2700
f 2699//2699 2700//2700 2704//2704
f 2695//2695 2697//2697 2696//2696
f 2695//2695 2698//2698 2697//2697
f 2695//2695 2699//2699 2698//2698
f 2700//2700 2701//2701 2702//2702
f 2700//2700 2702//2702 2703//2703
f 2700//2700 2703//2703 2704//2704
f 2705//2705 2706//2706 2711//2711
f 2705//2705 2711//2711 2710//2710
f 2706//2706 2707//2707 2712//2712
f 2706//2706 2712//2712 2711//2711
f 2707//2707 2708//2708 2713//2713
f 2707//2707 2713//2713 2712//2712
f 2708//2708 2709//2709 2714//2714
f 2708//2708 2714//2714 2713//2713
f 2709//2709 2705//2705 2710//2710
f 2709//2709 2710//2710 2714//2714
f 2705//2705 2707//2707 2706//2706
f 2705//2705 2708//2708 2707//2707
f 2705//2705 2709//2709 2708//2708
f 2710//2710 2711//2711 2712//2712
f 2710//2710 2712//2712 2713//2713
f 2710//2710 2713//2713 2714//2714
f 2715//2715 2716//2716 2721//2721
f 2715//2715 2721//2721 2720//2720
f 2716//2716 2717//2717 2722//2722
f 2716//2716 2722//2722 2721//2721
f 2717//2717 2718//2718 2723//2723
f 2717//2717 2723//2723 2722//2722
f 2718//2718 2719//2719 2724//2724
f 2718//2718 2724//2724 2723//2723
f 2719//2719 2715//2715 2720//2720
f 2719//2719 2720//2720 2724//2724
f 2715//2715 2717//2717 2716//2716
f 2715//2715 2718//2718 2717//2717
f 2715//2715 2719//2719 2718//2718
f 2720//2720 2721//2721 2722//2722
f 2720//2720 2722//2722 2723//2723
f 2720//2720 2723//2723 2724//2724
f 2725//2725 2726//2726 2731//2731
f 2725//2725 2731//2731 2730//2730
f 2726//2726 2727//2727 2732//2732
f 2726//2726 2732//2732 2731//2731
f 2727//2727 2728//2728 2733//2733
f 2727//2727 2733//2733 2732//2732
f 2728//2728 2729//2729 2734//2734
f 2728//2728 2734//2734 2733//2733
f 2729//2729 2725//2725 2730//2730
f 2729//2729 2730//2730 2734//2734
f 2725//2725 2727//2727 2726//2726
f 2725//2725 2728//2728 2727//2727
f 2725//2725 2729//2729 2728//2728
f 2730//2730 2731//2731 2732//2732
f 2730//2730 2732//2732 2733//2733
f 2730//2730 2733//2733 2734//2734
f 2735//2735 2736//2736 2741//2741
f 2735//2735 2741//2741 2740//2740
f 2736//2736 2737//2737 2742//2742
f 2736//2736 2742//2742 2741//2741
f 2737//2737 2738//2738 2743//2743
f 2737//2737 2743//2743 2742//2742
f 2738//2738 2739//2739 2744//2744
f 2738//2738 2744//2744 2743//2743
f 2739//2739 2735//2735 2740//2740
f 2739//2739 2740//2740 2744//2744
f 2735//2735 2737//2737 2736//2736
f 2735//2735 2738//2738 2737//2737
f 2735//2735 2739//2739 2738//2738
f 2740//2740 2741//2741 2742//2742
f 2740//2740 2742//2742 2743//2743
f 2740//2740 2743//2743 2744//2744
f 2745//2745 2746//2746 2751//2751
f 2745//2745 2751//2751 2750//2750
f 2746//2746 2747//2747 2752//2752
f 2746//2746 2752//2752 2751//2751
f 2747//2747 2748//2748 2753//2753
f 2747//2747 2753//2753 2752//2752
f 2748//2748 2749//2749 2754//2754
f 2748//2748 2754//2754 2753//2753
f 2749//2749 2745//2745 2750//2750
f 2749//2749 2750//2750 2754//2754
f 2745//2745 2747//2747 2746//2746
f 2745//2745 2748//2748 2747//2747
f 2745//2745 2749//2749 2748//2748
f 2750//2750 2751//2751 2752//2752
f 2750//2750 2752//2752 2753//2753
f 2750//2750 2753//2753 2754//2754
f 2755//2755 2756//2756 2761//2761
f 2755//2755 2761//2761 2760//2760
f 2756//2756 2757//2757 2762//2762
f 2756//2756 2762//2762 2761//2761
f 2757//2757 2758//2758 2763//2763
f 2757//2757 2763//2763 2762//2762
f 2758//2758 2759//2759 2764//2764
f 2758//2758 2764//2764 2763//2763
f 2759//2759 2755//2755 2760//2760
f 2759//2759 2760//2760 2764//2764
f 2755//2755 2757//2757 2756//2756
f 2755//2755 2758//2758 2757//2757
f 2755//2755 2759//2759 2758//2758
f 2760//2760 2761//2761 2762//2762
f 2760//2760 2762//2762 2763//2763
f 2760//2760 2763//2763 2764//2764
f 2765//2765 2766//2766 2771//2771
f 2765//2765 2771//2771 2770//2770
f 2766//2766 2767//2767 2772//2772
f 2766//2766 2772//2772 2771//2771
f 2767//2767 2768//2768 2773//2773
f 2767//2767 2773//2773 2772//2772
f 2768//2768 2769//2769 2774//2774
f 2768//2768 2774//2774 2773//2773
f 2769//2769 2765//2765 2770//2770
f 2769//2769 2770//2770 2774//2774
f 2765//2765 2767//2767 2766//2766
f 2765//2765 2768//2768 2767//2767
f 2765//2765 2769//2769 2768//2768
f 2770//2770 2771//2771 2772//2772
f 2770//2770 2772//2772 2773//2773
f 2770//2770 2773//2773 2774//2774
f 2775//2775 2776//2776 2782//2782
f 2775//2775 2782//2782 2781//2781
f 2776//2776 2777//2777 2783//2783
f 2776//2776 2783//2783 2782//2782
f 2777//2777 2778//2778 2784//2784
f 2777//2777 2784//2784 2783//2783
f 2778//2778 2779//2779 2785//2785
f 2778//2778 2785//2785 2784//2784
f 2779//2779 2780//2780 2786//2786
f 2779//2779 2786//2786 2785//2785
f 2780//2780 2775//2775 2781//2781
f 2780//2780 2781//2781 2786//2786
f 2775//2775 2777//2777 2776//2776
f 2775//2775 2778//2778 2777//2777
f 2775//2775 2779//2779 2778//2778
f 2775//2775 2780//2780 2779//2779
f 2781//2781 2782//2782 2783//2783
f 2781//2781 2783//2783 2784//2784
f 2781//2781 2784//2784 2785//2785
f 2781//2781 2785//2785 2786//2786
f 2787//2787 2788//2788 2793//2793
f 2787//2787 2793//2793 2792//2792
f 2788//2788 2789//2789 2794//2794
f 2788//2788 2794//2794 2793//2793
f 2789//2789 2790//2790 2795//2795
f 2789//2789 2795//2795 2794//2794
f 2790//2790 2791//2791 2796//2796
f 2790//2790 2796//2796 2795//2795
f 2791//2791 2787//2787 2792//2792
f 2791//2791 2792//2792 2796//2796
f 2787//2787 2789//2789 2788//2788
f 2787//2787 2790//2790 2789//2789
f 2787//2787 2791//2791 2790//2790
f 2792//2792 2793//2793 2794//2794
f 2792//2792 2794//2794 2795//2795
f 2792//2792 2795//2795 2796//2796
f 2797//2797 2798//2798 2803//2803
f 2797//2797 2803//2803 2802//2802
f 2798//2798 2799//2799 2804//2804
f 2798//2798 2804//2804 2803//2803
f 2799//2799 2800//2800 2805//2805
f 2799//2799 2805//2805 2804//2804
f 2800//2800 2801//2801 2806//2806
f 2800//2800 2806//2806 2805//2805
f 2801//2801 2797//2797 2802//2802
f 2801//2801 2802//2802 2806//2806
f 2797//2797 2799//2799 2798//2798
f 2797//2797 2800//2800 2799//2799
f 2797//2797 2801//2801 2800//2800
f 2802//2802 2803//2803 2804//2804
f 2802//2802 2804//2804 2805//2805
f 2802//2802 2805//2805 2806//2806
f 2807//2807 2808//2808 2813//2813
f 2807//2807 2813//2813 2812//2812
f 2808//2808 2809//2809 2814//2814
f 2808//2808 2814//2814 2813//2813
f 2809//2809 2810//2810 2815//2815
f 2809//2809 2815//2815 2814//2814
f 2810//2810 2811//2811 2816//2816
f 2810//2810 2816//2816 2815//2815
f 2811//2811 2807//2807 2812//2812
f 2811//2811 2812//2812 2816//2816
f 2807//2807 2809//2809 2808//2808
f 2807//2807 2810//2810 2809//2809
f 2807//2807 2811//2811 2810//2810
f 2812//2812 2813//2813 2814//2814
f 2812//2812 2814//2814 2815//2815
f 2812//2812 2815//2815 2816//2816
f 2817//2817 2818//2818 2823//2823
f 2817//2817 2823//2823 2822//2822
f 2818//2818 2819//2819 2824//2824
f 2818//2818 2824//2824 2823//2823
f 2819//2819 2820//2820 2825//2825
f 2819//2819 2825//2825 2824//2824
f 2820//2820 2821//2821 2826//2826
f 2820//2820 2826//2826 2825//2825
f 2821//2821 2817//2817 2822//2822
f 2821//2821 2822//2822 2826//2826
f 2817//2817 2819//2819 2818//2818
f 2817//2817 2820//2820 2819//2819
f 2817//2817 2821//2821 2820//2820
f 2822//2822 2823//2823 2824//2824
f 2822//2822 2824//2824 2825//2825
f 2822//2822 2825//2825 2826//2826
f 2827//2827 2828//2828 2833//2833
f 2827//2827 2833//2833 2832//2832
f 2828//2828 2829//2829 2834//2834
f 2828//2828 2834//2834 2833//2833
f 2829//2829 2830//2830 2835//2835
f 2829//2829 2835//2835 2834//2834
f 2830//2830 2831//2831 2836//2836
f 2830//2830 2836//2836 2835//2835
f 2831//2831 2827//2827 2832//2832
f 2831//2831 2832//2832 2836//2836
f 2827//2827 2829//2829 2828//2828
f 2827//2827 2830//2830 2829//2829
f 2827//2827 2831//2831 2830//2830
f 2832//2832 2833//2833 2834//2834
f 2832//2832 2834//2834 2835//2835
f 2832//2832 2835//2835 2836//2836
f 2837//2837 2838//2838 2843//2843
f 2837//2837 2843//2843 2842//2842
f 2838//2838 2839//2839 2844//2844
f 2838//2838 2844//2844 2843//2843
f 2839//2839 2840//2840 2845//2845
f 2839//2839 2845//2845 2844//2844
f 2840//2840 2841//2841 2846//2846
f 2840//2840 2846//2846 2845//2845
f 2841//2841 2837//2837 2842//2842
f 2841//2841 2842//2842 2846//2846
f 2837//2837 2839//2839 2838//2838
f 2837//2837 2840//2840 2839//2839
f 2837//2837 2841//2841 2840//2840
f 2842//2842 2843//2843 2844//2844
f 2842//2842 2844//2844 2845//2845
f 2842//2842 2845//2845 2846//2846
f 2847//2847 2848//2848 2853//2853
f 2847//2847 2853//2853 2852//2852
f 2848//2848 2849//2849 2854//2854
f 2848//2848 2854//2854 2853//2853
f 2849//2849 2850//2850 2855//2855
f 2849//2849 2855//2855 2854//2854
f 2850//2850 2851//2851 2856//2856
f 2850//2850 2856//2856 2855//2855
f 2851//2851 2847//2847 2852//2852
f 2851//2851 2852//2852 2856//2856
f 2847//2847 2849//2849 2848//2848
f 2847//2847 2850//2850 2849//2849
f 2847//2847 2851//2851 2850//2850
f 2852//2852 2853//2853 2854//2854
f 2852//2852 2854//2854 2855//2855
f 2852//2852 2855//2855 2856//2856
f 2857//2857 2858//2858 2863//2863
f 2857//2857 2863//2863 2862//2862
f 2858//2858 2859//2859 2864//2864
f 2858//2858 2864//2864 2863//2863
f 2859//2859 2860//2860 2865//2865
f 2859//2859 2865//2865 2864//2864
f 2860//2860 2861//2861 2866//2866
f 2860//2860 2866//2866 2865//2865
f 2861//2861 2857//2857 2862//2862
f 2861//2861 2862//2862 2866//2866
f 2857//2857 2859//2859 2858//2858
f 2857//2857 2860//2860 2859//2859
f 2857//2857 2861//2861 2860//2860
f 2862//2862 2863//2863 2864//2864
f 2862//2862 2864//2864 2865//2865
f 2862//2862 2865//2865 2866//2866
f 2867//2867 2868//2868 2873//2873
f 2867//2867 2873//2873 2872//2872
f 2868//2868 2869//2869 2874//2874
f 2868//2868 2874//2874 2873//2873
f 2869//2869 2870//2870 2875//2875
f 2869//2869 2875//2875 2874//2874
f 2870//2870 2871//2871 2876//2876
f 2870//2870 2876//2876 2875//2875
f 2871//2871 2867//2867 2872//2872
f 2871//2871 2872//2872 2876//2876
f 2867//2867 2869//2869 2868//2868
f 2867//2867 2870//2870 2869//2869
f 2867//2867 2871//2871 2870//2870
f 2872//2872 2873//2873 2874//2874
f 2872//2872 2874//2874 2875//2875
f 2872//2872 2875//2875 2876//2876
f 2877//2877 2878//2878 2884//2884
f 2877//2877 2884//2884 2883//2883
f 2878//2878 2879//2879 2885//2885
f 2878//2878 2885//2885 2884//2884
f 2879//2879 2880//2880 2886//2886
f 2879//2879 2886//2886 2885//2885
f 2880//2880 2881//2881 2887//2887
f 2880//2880 2887//2887 2886//2886
f 2881//2881 2882//2882 2888//2888
f 2881//2881 2888//2888 2887//2887
f 2882//2882 2877//2877 2883//2883
f 2882//2882 2883//2883 2888//2888
f 2877//2877 2879//2879 2878//2878
f 2877//2877 2880//2880 2879//2879
f 2877//2877 2881//2881 2880//2880
f 2877//2877 2882//2882 2881//2881
f 2883//2883 2884//2884 2885//2885
f 2883//2883 2885//2885 2886//2886
f 2883//2883 2886//2886 2887//2887
f 2883//2883 2887//2887 2888//2888
f 2889//2889 2890//2890 2895//2895
f 2889//2889 2895//2895 2894//2894
f 2890//2890 2891//2891 2896//2896
f 2890//2890 2896//2896 2895//2895
f 2891//2891 2892//2892 2897//2897
f 2891//2891 2897//2897 2896//2896
f 2892//2892 2893//2893 2898//2898
f 2892//2892 2898//2898 2897//2897
f 2893//2893 2889//2889 2894//2894
f 2893//2893 2894//2894 2898//2898
f 2889//2889 2891//2891 2890//2890
f 2889//2889 2892//2892 2891//2891
f 2889//2889 2893//2893 2892//2892
f 2894//2894 2895//2895 2896//2896
f 2894//2894 2896//2896 2897//2897
f 2894//2894 2897//2897 2898//2898
f 2899//2899 2900//2900 2905//2905
f 2899//2899 2905//2905 2904//2904
f 2900//2900 2901//2901 2906//2906
f 2900//2900 2906//2906 2905//2905
f 2901//2901 2902//2902 2907//2907
f 2901//2901 2907//2907 2906//2906
f 2902//2902 2903//2903 2908//2908
f 2902//2902 2908//2908 2907//2907
f 2903//2903 2899//2899 2904//2904
f 2903//2903 2904//2904 2908//2908
f 2899//2899 2901//2901 2900//2900
f 2899//2899 2902//2902 2901//2901
f 2899//2899 2903//2903 2902//2902
f 2904//2904 2905//2905 2906//2906
f 2904//2904 2906//2906 2907//2907
f 2904//2904 2907//2907 2908//2908
f 2909//2909 2910//2910 2915//2915
f 2909//2909 2915//2915 2914//2914
f 2910//2910 2911//2911 2916//2916
f 2910//2910 2916//2916 2915//2915
f 2911//2911 2912//2912 2917//2917
f 2911//2911 2917//2917 2916//2916
f 2912//2912 2913//2913 2918//2918
f 2912//2912 2918//2918 2917//2917
f 2913//2913 2909//2909 2914//2914
f 2913//2913 2914//2914 2918//2918
f 2909//2909 2911//2911 2910//2910
f 2909//2909 2912//2912 2911//2911
f 2909//2909 2913//2913 2912//2912
f 2914//2914 2915//2915 2916//2916
f 2914//2914 2916//2916 2917//2917
f 2914//2914 2917//2917 2918//2918
f 2919//2919 2920//2920 2925//2925
f 2919//2919 2925//2925 2924//2924
f 2920//2920 2921//2921 2926//2926
f 2920//2920 2926//2926 2925//2925
f 2921//2921 2922//2922 2927//2927
f 2921//2921 2927//2927 2926//2926
f 2922//2922 2923//2923 2928//2928
f 2922//2922 2928//2928 2927//2927
f 2923//2923 2919//2919 2924//2924
f 2923//2923 2924//2924 2928//2928
f 2919//2919 2921//2921 2920//2920
f 2919//2919 2922//2922 2921//2921
f 2919//2919 2923//2923 2922//2922
f 2924//2924 2925//2925 2926//2926
f 2924//2924 2926//2926 2927//2927
f 2924//2924 2927//2927 2928//2928
f 2929//2929 2930//2930 2935//2935
f 2929//2929 2935//2935 2934//2934
f 2930//2930 2931//2931 2936//2936
f 2930//2930 2936//2936 2935//2935
f 2931//2931 2932//2932 2937//2937
f 2931//2931 2937//2937 2936//2936
f 2932//2932 2933//2933 2938//2938
f 2932//2932 2938//2938 2937//2937
f 2933//2933 2929//2929 2934//2934
f 2933//2933 2934//2934 2938//2938
f 2929//2929 2931//2931 2930//2930
f 2929//2929 2932//2932 2931//2931
f 2929//2929 2933//2933 2932//2932
f 2934//2934 2935//2935 2936//2936
f 2934//2934 2936//2936 2937//2937
f 2934//2934 2937//2937 2938//2938
f 2939//2939 2940//2940 2945//2945
f 2939//2939 2945//2945 2944//2944
f 2940//2940 2941//2941 2946//2946
f 2940//2940 2946//2946 2945//2945
f 2941//2941 2942//2942 2947//2947
f 2941//2941 2947//2947 2946//2946
f 2942//2942 2943//2943 2948//2948
f 2942//2942 2948//2948 2947//2947
f 2943//2943 2939//2939 2944//2944
f 2943//2943 2944//2944 2948//2948
f 2939//2939 2941//2941 2940//2940
f 2939//2939 2942//2942 2941//2941
f 2939//2939 2943//2943 2942//2942
f 2944//2944 2945//2945 2946//2946
f 2944//2944 2946//2946 2947//2947
f 2944//2944 2947//2947 2948//2948
f 2949//2949 2950//2950 2955//2955
f 2949//2949 2955//2955 2954//2954
f 2950//2950 2951//2951 2956//2956
f 2950//2950 2956//2956 2955//2955
f 2951//2951 2952//2952 2957//2957
f 2951//2951 2957//2957 2956//2956
f 2952//2952 2953//2953 2958//2958
f 2952//2952 2958//2958 2957//2957
f 2953//2953 2949//2949 2954//2954
f 2953//2953 2954//2954 2958//2958
f 2949//2949 2951//2951 2950//2950
f 2949//2949 2952//2952 2951//2951
f 2949//2949 2953//2953 2952//2952
f 2954//2954 2955//2955 2956//2956
f 2954//2954 2956//2956 2957//2957
f 2954//2954 2957//2957 2958//2958
f 2959//2959 2960//2960 2965//2965
f 2959//2959 2965//2965 2964//2964
f 2960//2960 2961//2961 2966//2966
f 2960//2960 2966//2966 2965//2965
f 2961//2961 2962//2962 2967//2967
f 2961//2961 2967//2967 2966//2966
f 2962//2962 2963//2963 2968//2968
f 2962//2962 2968//2968 2967//2967
f 2963//2963 2959//2959 2964//2964
f 2963//2963 2964//2964 2968//2968
f 2959//2959 2961//2961 2960//2960
f 2959//2959 2962//2962 2961//2961
f 2959//2959 2963//2963 2962//2962
f 2964//2964 2965//2965 2966//2966
f 2964//2964 2966//2966 2967//2967
f 2964//2964 2967//2967 2968//2968
f 2969//2969 2970//2970 2975//2975
f 2969//2969 2975//2975 2974//2974
f 2970//2970 2971//2971 2976//2976
f 2970//2970 2976//2976 2975//2975
f 2971//2971 2972//2972 2977//2977
f 2971//2971 2977//2977 2976//2976
f 2972//2972 2973//2973 2978//2978
f 2972//2972 2978//2978 2977//2977
f 2973//2973 2969//2969 2974//2974
f 2973//2973 2974//2974 2978//2978
f 2969//2969 2971//2971 2970//2970
f 2969//2969 2972//2972 2971//2971
f 2969//2969 2973//2973 2972//2972
f 2974//2974 2975//2975 2976//2976
f 2974//2974 2976//2976 2977//2977
f 2974//2974 2977//2977 2978//2978
f 2979//2979 2980//2980 2986//2986
f 2979//2979 2986//2986 2985//2985
f 2980//2980 2981//2981 2987//2987
f 2980//2980 2987//2987 2986//2986
f 2981//2981 2982//2982 2988//2988
f 2981//2981 2988//2988 2987//2987
f 2982//2982 2983//2983 2989//2989
f 2982//2982 2989//2989 2988//2988
f 2983//2983 2984//2984 2990//2990
f 2983//2983 2990//2990 2989//2989
f 2984//2984 2979//2979 2985//2985
f 2984//2984 2985//2985 2990//2990
f 2979//2979 2981//2981 2980//2980
f 2979//2979 2982//2982 2981//2981
f 2979//2979 2983//2983 2982//2982
f 2979//2979 2984//2984 2983//2983
f 2985//2985 2986//2986 2987//2987
f 2985//2985 2987//2987 2988//2988
f 2985//2985 2988//2988 2989//2989
f 2985//2985 2989//2989 2990//2990
f 2991//2991 2992//2992 2997//2997
f 2991//2991 2997//2997 2996//2996
f 2992//2992 2993//2993 2998//2998
f 2992//2992 2998//2998 2997//2997
f 2993//2993 2994//2994 2999//2999
f 2993//2993 2999//2999 2998//2998
f 2994//2994 2995//2995 3000//3000
f 2994//2994 3000//3000 2999//2999
f 2995//2995 2991//2991 2996//2996
f 2995//2995 2996//2996 3000//3000
f 2991//2991 2993//2993 2992//2992
f 2991//2991 2994//2994 2993//2993
f 2991//2991 2995//2995 2994//2994
f 2996//2996 2997//2997 2998//2998
f 2996//2996 2998//2998 2999//2999
f 2996//2996 2999//2999 3000//3000
f 3001//3001 3002//3002 3007//3007
f 3001//3001 3007//3007 3006//3006
f 3002//3002 3003//3003 3008//3008
f 3002//3002 3008//3008 3007//3007
f 3003//3003 3004//3004 3009//3009
f 3003//3003 3009//3009 3008//3008
f 3004//3004 3005//3005 3010//3010
f 3004//3004 3010//3010 3009//3009
f 3005//3005 3001//3001 3006//3006
f 3005//3005 3006//3006 3010//3010
f 3001//3001 3003//3003 3002//3002
f 3001//3001 3004//3004 3003//3003
f 3001//3001 3005//3005 3004//3004
f 3006//3006 3007//3007 3008//3008
f 3006//3006 3008//3008 3009//3009
f 3006//3006 3009//3009 3010//3010
f 3011//3011 3012//3012 3017//3017
f 3011//3011 3017//3017 3016//3016
f 3012//3012 3013//3013 3018//3018
f 3012//3012 3018//3018 3017//3017
f 3013//3013 3014//3014 3019//3019
f 3013//3013 3019//3019 3018//3018
f 3014//3014 3015//3015 3020//3020
f 3014//3014 3020//3020 3019//3019
f 3015//3015 3011//3011 3016//3016
f 3015//3015 3016//3016 3020//3020
f 3011//3011 3013//3013 3012//3012
f 3011//3011 3014//3014 3013//3013
f 3011//3011 3015//3015 3014//3014
f 3016//3016 3017//3017 3018//3018
f 3016//3016 3018//3018 3019//3019
f 3016//3016 3019//3019 3020//3020
f 3021//3021 3022//3022 3027//3027
f 3021//3021 3027//3027 3026//3026
f 3022//3022 3023//3023 3028//3028
f 3022//3022 3028//3028 3027//3027
f 3023//3023 3024//3024 3029//3029
f 3023//3023 3029//3029 3028//3028
f 3024//3024 3025//3025 3030//3030
f 3024//3024 3030//3030 3029//3029
f 3025//3025 3021//3021 3026//3026
f 3025//3025 3026//3026 3030//3030
f 3021//3021 3023//3023 3022//3022
f 3021//3021 3024//3024 3023//3023
f 3021//3021 3025//3025 3024//3024
f 3026//3026 3027//3027 3028//3028
f 3026//3026 3028//3028 3029//3029
f 3026//3026 3029//3029 3030//3030
f 3031//3031 3032//3032 3037//3037
f 3031//3031 3037//3037 3036//3036
f 3032//3032 3033//3033 3038//3038
f 3032//3032 3038//3038 3037//3037
f 3033//3033 3034//3034 3039//3039
f 3033//3033 3039//3039 3038//3038
f 3034//3034 3035//3035 3040//3040
f 3034//3034 3040//3040 3039//3039
f 3035//3035 3031//3031 3036//3036
f 3035//3035 3036//3036 3040//3040
f 3031//3031 3033//3033 3032//3032
f 3031//3031 3034//3034 3033//3033
f 3031//3031 3035//3035 3034//3034
f 3036//3036 3037//3037 3038//3038
f 3036//3036 3038//3038 3039//3039
f 3036//3036 3039//3039 3040//3040
f 3041//3041 3042//3042 3047//3047
f 3041//3041 3047//3047 3046//3046
f 3042//3042 3043//3043 3048//3048
f 3042//3042 3048//3048 3047//3047
f 3043//3043 3044//3044 3049//3049
f 3043//3043 3049//3049 3048//3048
f 3044//3044 3045//3045 3050//3050
f 3044//3044 3050//3050 3049//3049
f 3045//3045 3041//3041 3046//3046
f 3045//3045 3046//3046 3050//3050
f 3041//3041 3043//3043 3042//3042
f 3041//3041 3044//3044 3043//3043
f 3041//3041 3045//3045 3044//3044
f 3046//3046 3047//3047 3048//3048
f 3046//3046 3048//3048 3049//3049
f 3046//3046 3049//3049 3050//3050
f 3051//3051 3052//3052 3057//3057
f 3051//3051 3057//3057 3056//3056
f 3052//3052 3053//3053 3058//3058
f 3052//3052 3058//3058 3057//3057
f 3053//3053 3054//3054 3059//3059
f 3053//3053 3059//3059 3058//3058
f 3054//3054 3055//3055 3060//3060
f 3054//3054 3060//3060 3059//3059
f 3055//3055 3051//3051 3056//3056
f 3055//3055 3056//3056 3060//3060
f 3051//3051 3053//3053 3052//3052
f 3051//3051 3054//3054 3053//3053
f 3051//3051 3055//3055 3054//3054
f 3056//3056 3057//3057 3058//3058
f 3056//3056 3058//3058 3059//3059
f 3056//3056 3059//3059 3060//3060
f 3061//3061 3062//3062 3067//3067
f 3061//3061 3067//3067 3066//3066
f 3062//3062 3063//3063 3068//3068
f 3062//3062 3068//3068 3067//3067
f 3063//3063 3064//3064 3069//3069
f 3063//3063 3069//3069 3068//3068
f 3064//3064 3065//3065 3070//3070
f 3064//3064 3070//3070 3069//3069
f 3065//3065 3061//3061 3066//3066
f 3065//3065 3066//3066 3070//3070
f 3061//3061 3063//3063 3062//3062
f 3061//3061 3064//3064 3063//3063
f 3061//3061 3065//3065 3064//3064
f 3066//3066 3067//3067 3068//3068
f 3066//3066 3068//3068 3069//3069
f 3066//3066 3069//3069 3070//3070
f 3071//3071 3072//3072 3077//3077
f 3071//3071 3077//3077 3076//3076
f 3072//3072 3073//3073 3078//3078
f 3072//3072 3078//3078 3077//3077
f 3073//3073 3074//3074 3079//3079
f 3073//3073 3079//3079 3078//3078
f 3074//3074 3075//3075 3080//3080
f 3074//3074 3080//3080 3079//3079
f 3075//3075 3071//3071 3076//3076
f 3075//3075 3076//3076 3080//3080
f 3071//3071 3073//3073 3072//3072
f 3071//3071 3074//3074 3073//3073
f 3071//3071 3075//3075 3074//3074
f 3076//3076 3077//3077 3078//3078
f 3076//3076 3078//3078 3079//3079
f 3076//3076 3079//3079 3080//3080
f 3081//3081 3082//3082 3088//3088
f 3081//3081 3088//3088 3087//3087
f 3082//3082 3083//3083 3089//3089
f 3082//3082 3089//3089 3088//3088
f 3083//3083 3084//3084 3090//3090
f 3083//3083 3090//3090 3089//3089
f 3084//3084 3085//3085 3091//3091
f 3084//3084 3091//3091 3090//3090
f 3085//3085 3086//3086 3092//3092
f 3085//3085 3092//3092 3091//3091
f 3086//3086 3081//3081 3087//3087
f 3086//3086 3087//3087 3092//3092
f 3081//3081 3083//3083 3082//3082
f 3081//3081 3084//3084 3083//3083
f 3081//3081 3085//3085 3084//3084
f 3081//3081 3086//3086 3085//3085
f 3087//3087 3088//3088 3089//3089
f 3087//3087 3089//3089 3090//3090
f 3087//3087 3090//3090 3091//3091
f 3087//3087 3091//3091 3092//3092
f 3093//3093 3094//3094 3099//3099
f 3093//3093 3099//3099 3098//3098
f 3094//3094 3095//3095 3100//3100
f 3094//3094 3100//3100 3099//3099
f 3095//3095 3096//3096 3101//3101
f 3095//3095 3101//3101 3100//3100
f 3096//3096 3097//3097 3102//3102
f 3096//3096 3102//3102 3101//3101
f 3097//3097 3093//3093 3098//3098
f 3097//3097 3098//3098 3102//3102
f 3093//3093 3095//3095 3094//3094
f 3093//3093 3096//3096 3095//3095
f 3093//3093 3097//3097 3096//3096
f 3098//3098 3099//3099 3100//3100
f 3098//3098 3100//3100 3101//3101
f 3098//3098 3101//3101 3102//3102
f 3103//3103 3104//3104 3109//3109
f 3103//3103 3109//3109 3108//3108
f 3104//3104 3105//3105 3110//3110
f 3104//3104 3110//3110 3109//3109
f 3105//3105 3106//3106 3111//3111
f 3105//3105 3111//3111 3110//3110
f 3106//3106 3107//3107 3112//3112
f 3106//3106 3112//3112 3111//3111
f 3107//3107 3103//3103 3108//3108
f 3107//3107 3108//3108 3112//3112
f 3103//3103 3105//3105 3104//3104
f 3103//3103 3106//3106 3105//3105
f 3103//3103 3107//3107 3106//3106
f 3108//3108 3109//3109 3110//3110
f 3108//3108 3110//3110 3111//3111
f 3108//3108 3111//3111 3112//3112
f 3113//3113 3114//3114 3119//3119
f 3113//3113 3119//3119 3118//3118
f 3114//3114 3115//3115 3120//3120
f 3114//3114 3120//3120 3119//3119
f 3115//3115 3116//3116 3121//3121
f 3115//3115 3121//3121 3120//3120
f 3116//3116 3117//3117 3122//3122
f 3116//3116 3122//3122 3121//3121
f 3117//3117 3113//3113 3118//3118
f 3117//3117 3118//3118 3122//3122
f 3113//3113 3115//3115 3114//3114
f 3113//3113 3116//3116 3115//3115
f 3113//3113 3117//3117 3116//3116
f 3118//3118 3119//3119 3120//3120
f 3118//3118 3120//3120 3121//3121
f 3118//3118 3121//3121 3122//3122
f 3123//3123 3124//3124 3129//3129
f 3123//3123 3129//3129 3128//3128
f 3124//3124 3125//3125 3130//3130
f 3124//3124 3130//3130 3129//3129
f 3125//3125 3126//3126 3131//3131
f 3125//3125 3131//3131 3130//3130
f 3126//3126 3127//3127 3132//3132
f 3126//3126 3132//3132 3131//3131
f 3127//3127 3123//3123 3128//3128
f 3127//3127 3128//3128 3132//3132
f 3123//3123 3125//3125 3124//3124
f 3123//3123 3126//3126 3125//3125
f 3123//3123 3127//3127 3126//3126
f 3128//3128 3129//3129 3130//3130
f 3128//3128 3130//3130 3131//3131
f 3128//3128 3131//3131 3132//3132
f 3133//3133 3134//3134 3139//3139
f 3133//3133 3139//3139 3138//3138
f 3134//3134 3135//3135 3140//3140
f 3134//3134 3140//3140 3139//3139
f 3135//3135 3136//3136 3141//3141
f 3135//3135 3141//3141 3140//3140
f 3136//3136 3137//3137 3142//3142
f 3136//3136 3142//3142 3141//3141
f 3137//3137 3133//3133 3138//3138
f 3137//3137 3138//3138 3142//3142
f 3133//3133 3135//3135 3134//3134
f 3133//3133 3136//3136 3135//3135
f 3133//3133 3137//3137 3136//3136
f 3138//3138 3139//3139 3140//3140
f 3138//3138 3140//3140 3141//3141
f 3138//3138 3141//3141 3142//3142
f 3143//3143 3144//3144 3149//3149
f 3143//3143 3149//3149 3148//3148
f 3144//3144 3145//3145 3150//3150
f 3144//3144 3150//3150 3149//3149
f 3145//3145 3146//3146 3151//3151
f 3145//3145 3151//3151 3150//3150
f 3146//3146 3147//3147 3152//3152
f 3146//3146 3152//3152 3151//3151
f 3147//3147 3143//3143 3148//3148
f 3147//3147 3148//3148 3152//3152
f 3143//3143 3145//3145 3144//3144
f 3143//3143 3146//3146 3145//3145
f 3143//3143 3147//3147 3146//3146
f 3148//3148 3149//3149 3150//3150
f 3148//3148 3150//3150 3151//3151
f 3148//3148 3151//3151 3152//3152
f 3153//3153 3154//3154 3159//3159
f 3153//3153 3159//3159 3158//3158
f 3154//3154 3155//3155 3160//3160
f 3154//3154 3160//3160 3159//3159
f 3155//3155 3156//3156 3161//3161
f 3155//3155 3161//3161 3160//3160
f 3156//3156 3157//3157 3162//3162
f 3156//3156 3162//3162 3161//3161
f 3157//3157 3153//3153 3158//3158
f 3157//3157 3158//3158 3162//3162
f 3153//3153 3155//3155 3154//3154
f 3153//3153 3156//3156 3155//3155
f 3153//3153 3157//3157 3156//3156
f 3158//3158 3159//3159 3160//3160
f 3158//3158 3160//3160 3161//3161
f 3158//3158 3161//3161 3162//3162
f 3163//3163 3164//3164 3169//3169
f 3163//3163 3169//3169 3168//3168
f 3164//3164 3165//3165 3170//3170
f 3164//3164 3170//3170 3169//3169
f 3165//3165 3166//3166 3171//3171
f 3165//3165 3171//3171 3170//3170
f 3166//3166 3167//3167 3172//3172
f 3166//3166 3172//3172 3171//3171
f 3167//3167 3163//3163 3168//3168
f 3167//3167 3168//3168 3172//3172
f 3163//3163 3165//3165 3164//3164
f 3163//3163 3166//3166 3165//3165
f 3163//3163 3167//3167 3166//3166
f 3168//3168 3169//3169 3170//3170
f 3168//3168 3170//3170 3171//3171
f 3168//3168 3171//3171 3172//3172
f 3173//3173 3174//3174 3179//3179
f 3173//3173 3179//3179 3178//3178
f 3174//3174 3175//3175 3180//3180
f 3174//3174 3180//3180 3179//3179
f 3175//3175 3176//3176 3181//3181
f 3175//3175 3181//3181 3180//3180
f 3176//3176 3177//3177 3182//3182
f 3176//3176 3182//3182 3181//3181
f 3177//3177 3173//3173 3178//3178
f 3177//3177 3178//3178 3182//3182
f 3173//3173 3175//3175 3174//3174
f 3173//3173 3176//3176 3175//3175
f 3173//3173 3177//3177 3176//3176
f 3178//3178 3179//3179 3180//3180
f 3178//3178 3180//3180 3181//3181
f 3178//3178 3181//3181 3182//3182
f 3183//3183 3184//3184 3190//3190
f 3183//3183 3190//3190 3189//3189
f 3184//3184 3185//3185 3191//3191
f 3184//3184 3191//3191 3190//3190
f 3185//3185 3186//3186 3192//3192
f 3185//3185 3192//3192 3191//3191
f 3186//3186 3187//3187 3193//3193
f 3186//3186 3193//3193 3192//3192
f 3187//3187 3188//3188 3194//3194
f 3187//3187 3194//3194 3193//3193
f 3188//3188 3183//3183 3189//3189
f 3188//3188 3189//3189 3194//3194
f 3183//3183 3185//3185 3184//3184
f 3183//3183 3186//3186 3185//3185
f 3183//3183 3187//3187 3186//3186
f 3183//3183 3188//3188 3187//3187
f 3189//3189 3190//3190 3191//3191
f 3189//3189 3191//3191 3192//3192
f 3189//3189 3192//3192 3193//3193
f 3189//3189 3193//3193 3194//3194
f 3195//3195 3196//3196 3201//3201
f 3195//3195 3201//3201 3200//3200
f 3196//3196 3197//3197 3202//3202
f 3196//3196 3202//3202 3201//3201
f 3197//3197 3198//3198 3203//3203
f 3197//3197 3203//3203 3202//3202
f 3198//3198 3199//3199 3204//3204
f 3198//3198 3204//3204 3203//3203
f 3199//3199 3195//3195 3200//3200
f 3199//3199 3200//3200 3204//3204
f 3195//3195 3197//3197 3196//3196
f 3195//3195 3198//3198 3197//3197
f 3195//3195 3199//3199 3198//3198
f 3200//3200 3201//3201 3202//3202
f 3200//3200 3202//3202 3203//3203
f 3200//3200 3203//3203 3204//3204
f 3205//3205 3206//3206 3211//3211
f 3205//3205 3211//3211 3210//3210
f 3206//3206 3207//3207 3212//3212
f 3206//3206 3212//3212 3211//3211
f 3207//3207 3208//3208 3213//3213
f 3207//3207 3213//3213 3212//3212
f 3208//3208 3209//3209 3214//3214
f 3208//3208 3214//3214 3213//3213
f 3209//3209 3205//3205 3210//3210
f 3209//3209 3210//3210 3214//3214
f 3205//3205 3207//3207 3206//3206
f 3205//3205 3208//3208 3207//3207
f 3205//3205 3209//3209 3208//3208
f 3210//3210 3211//3211 3212//3212
f 3210//3210 3212//3212 3213//3213
f 3210//3210 3213//3213 3214//3214
f 3215//3215 3216//3216 3221//3221
f 3215//3215 3221//3221 3220//3220
f 3216//3216 3217//3217 3222//3222
f 3216//3216 3222//3222 3221//3221
f 3217//3217 3218//3218 3223//3223
f 3217//3217 3223//3223 3222//3222
f 3218//3218 3219//3219 3224//3224
f 3218//3218 3224//3224 3223//3223
f 3219//3219 3215//3215 3220//3220
f 3219//3219 3220//3220 3224//3224
f 3215//3215 3217//3217 3216//3216
f 3215//3215 3218//3218 3217//3217
f 3215//3215 3219//3219 3218//3218
f 3220//3220 3221//3221 3222//3222
f 3220//3220 3222//3222 3223//3223
f 3220//3220 3223//3223 3224//3224
f 3225//3225 3226//3226 3231//3231
f 3225//3225 3231//3231 3230//3230
f 3226//3226 3227//3227 3232//3232
f 3226//3226 3232//3232 3231//3231
f 3227//3227 3228//3228 3233//3233
f 3227//3227 3233//3233 3232//3232
f 3228//3228 3229//3229 3234//3234
f 3228//3228 3234//3234 3233//3233
f 3229//3229 3225//3225 3230//3230
f 3229//3229 3230//3230 3234//3234
f 3225//3225 3227//3227 3226//3226
f 3225//3225 3228//3228 3227//3227
f 3225//3225 3229//3229 3228//3228
f 3230//3230 3231//3231 3232//3232
f 3230//3230 3232//3232 3233//3233
f 3230//3230 3233//3233 3234//3234
f 3235//3235 3236//3236 3241//3241
f 3235//3235 3241//3241 3240//3240
f 3236//3236 3237//3237 3242//3242
f 3236//3236 3242//3242 3241//3241
f 3237//3237 3238//3238 3243//3243
f 3237//3237 3243//3243 3242//3242
f 3238//3238 3239//3239 3244//3244
f 3238//3238 3244//3244 3243//3243
f 3239//3239 3235//3235 3240//3240
f 3239//3239 3240//3240 3244//3244
f 3235//3235 3237//3237 3236//3236
f 3235//3235 3238//3238 3237//3237
f 3235//3235 3239//3239 3238//3238
f 3240//3240 3241//3241 3242//3242
f 3240//3240 3242//3242 3243//3243
f 3240//3240 3243//3243 3244//3244
f 3245//3245 3246//3246 3251//3251
f 3245//3245 3251//3251 3250//3250
f 3246//3246 3247//3247 3252//3252
f 3246//3246 3252//3252 3251//3251
f 3247//3247 3248//3248 3253//3253
f 3247//3247 3253//3253 3252//3252
f 3248//3248 3249//3249 3254//3254
f 3248//3248 3254//3254 3253//3253
f 3249//3249 3245//3245 3250//3250
f 3249//3249 3250//3250 3254//3254
f 3245//3245 3247//3247 3246//3246
f 3245//3245 3248//3248 3247//3247
f 3245//3245 3249//3249 3248//3248
f 3250//3250 3251//3251 3252//3252
f 3250//3250 3252//3252 3253//3253
f 3250//3250 3253//3253 3254//3254
f 3255//3255 3256//3256 3261//3261
f 3255//3255 3261//3261 3260//3260
f 3256//3256 3257//3257 3262//3262
f 3256//3256 3262//3262 3261//3261
f 3257//3257 3258//3258 3263//3263
f 3257//3257 3263//3263 3262//3262
f 3258//3258 3259//3259 3264//3264
f 3258//3258 3264//3264 3263//3263
f 3259//3259 3255//3255 3260//3260
f 3259//3259 3260//3260 3264//3264
f 3255//3255 3257//3257 3256//3256
f 3255//3255 3258//3258 3257//3257
f 3255//3255 3259//3259 3258//3258
f 3260//3260 3261//3261 3262//3262
f 3260//3260 3262//3262 3263//3263
f 3260//3260 3263//3263 3264//3264
f 3265//3265 3266//3266 3271//3271
f 3265//3265 3271//3271 3270//3270
f 3266//3266 3267//3267 3272//3272
f 3266//3266 3272//3272 3271//3271
f 3267//3267 3268//3268 3273//3273
f 3267//3267 3273//3273 3272//3272
f 3268//3268 3269//3269 3274//3274
f 3268//3268 3274//3274 3273//3273
f 3269//3269 3265//3265 3270//3270
f 3269//3269 3270//3270 3274//3274
f 3265//3265 3267//3267 3266//3266
f 3265//3265 3268//3268 3267//3267
f 3265//3265 3269//3269 3268//3268
f 3270//3270 3271//3271 3272//3272
f 3270//3270 3272//3272 3273//3273
f 3270//3270 3273//3273 3274//3274
f 3275//3275 3276//3276 3281//3281
f 3275//3275 3281//3281 3280//3280
f 3276//3276 3277//3277 3282//3282
f 3276//3276 3282//3282 3281//3281
f 3277//3277 3278//3278 3283//3283
f 3277//3277 3283//3283 3282//3282
f 3278//3278 3279//3279 3284//3284
f 3278//3278 3284//3284 3283//3283
f 3279//3279 3275//3275 3280//3280
f 3279//3279 3280//3280 3284//3284
f 3275//3275 3277//3277 3276//3276
f 3275//3275 3278//3278 3277//3277
f 3275//3275 3279//3279 3278//3278
f 3280//3280 3281//3281 3282//3282
f 3280//3280 3282//3282 3283//3283
f 3280//3280 3283//3283 3284//3284
f 3285//3285 3286//3286 3292//3292
f 3285//3285 3292//3292 3291//3291
f 3286//3286 3287//3287 3293//3293
f 3286//3286 3293//3293 3292//3292
f 3287//3287 3288//3288 3294//3294
f 3287//3287 3294//3294 3293//3293
f 3288//3288 3289//3289 3295//3295
f 3288//3288 3295//3295 3294//3294
f 3289//3289 3290//3290 3296//3296
f 3289//3289 3296//3296 3295//3295
f 3290//3290 3285//3285 3291//3291
f 3290//3290 3291//3291 3296//3296
f 3285//3285 3287//3287 3286//3286
f 3285//3285 3288//3288 3287//3287
f 3285//3285 3289//3289 3288//3288
f 3285//3285 3290//3290 3289//3289
f 3291//3291 3292//3292 3293//3293
f 3291//3291 3293//3293 3294//3294
f 3291//3291 3294//3294 3295//3295
f 3291//3291 3295//3295 3296//3296
f 3297//3297 3298//3298 3303//3303
f 3297//3297 3303//3303 3302//3302
f 3298//3298 3299//3299 3304//3304
f 3298//3298 3304//3304 3303//3303
f 3299//3299 3300//3300 3305//3305
f 3299//3299 3305//3305 3304//3304
f 3300//3300 3301//3301 3306//3306
f 3300//3300 3306//3306 3305//3305
f 3301//3301 3297//3297 3302//3302
f 3301//3301 3302//3302 3306//3306
f 3297//3297 3299//3299 3298//3298
f 3297//3297 3300//3300 3299//3299
f 3297//3297 3301//3301 3300//3300
f 3302//3302 3303//3303 3304//3304
f 3302//3302 3304//3304 3305//3305
f 3302//3302 3305//3305 3306//3306
f 3307//3307 3308//3308 3313//3313
f 3307//3307 3313//3313 3312//3312
f 3308//3308 3309//3309 3314//3314
f 3308//3308 3314//3314 3313//3313
f 3309//3309 3310//3310 3315//3315
f 3309//3309 3315//3315 3314//3314
f 3310//3310 3311//3311 3316//3316
f 3310//3310 3316//3316 3315//3315
f 3311//3311 3307//3307 3312//3312
f 3311//3311 3312//3312 3316//3316
f 3307//3307 3309//3309 3308//3308
f 3307//3307 3310//3310 3309//3309
f 3307//3307 3311//3311 3310//3310
f 3312//3312 3313//3313 3314//3314
f 3312//3312 3314//3314 3315//3315
f 3312//3312 3315//3315 3316//3316
f 3317//3317 3318//3318 3323//3323
f 3317//3317 3323//3323 3322//3322
f 3318//3318 3319//3319 3324//3324
f 3318//3318 3324//3324 3323//3323
f 3319//3319 3320//3320 3325//3325
f 3319//3319 3325//3325 3324//3324
f 3320//3320 3321//3321 3326//3326
f 3320//3320 3326//3326 3325//3325
f 3321//3321 3317//3317 3322//3322
f 3321//3321 3322//3322 3326//3326
f 3317//3317 3319//3319 3318//3318
f 3317//3317 3320//3320 3319//3319
f 3317//3317 3321//3321 3320//3320
f 3322//3322 3323//3323 3324//3324
f 3322//3322 3324//3324 3325//3325
f 3322//3322 3325//3325 3326//3326
f 3327//3327 3328//3328 3333//3333
f 3327//3327 3333//3333 3332//3332
f 3328//3328 3329//3329 3334//3334
f 3328//3328 3334//3334 3333//3333
f 3329//3329 3330//3330 3335//3335
f 3329//3329 3335//3335 3334//3334
f 3330//3330 3331//3331 3336//3336
f 3330//3330 3336//3336 3335//3335
f 3331//3331 3327//3327 3332//3332
f 3331//3331 3332//3332 3336//3336
f 3327//3327 3329//3329 3328//3328
f 3327//3327 3330//3330 3329//3329
f 3327//3327 3331//3331 3330//3330
f 3332//3332 3333//3333 3334//3334
f 3332//3332 3334//3334 3335//3335
f 3332//3332 3335//3335 3336//3336
f 3337//3337 3338//3338 3343//3343
f 3337//3337 3343//3343 3342//3342
f 3338//3338 3339//3339 3344//3344
f 3338//3338 3344//3344 3343//3343
f 3339//3339 3340//3340 3345//3345
f 3339//3339 3345//3345 3344//3344
f 3340//3340 3341//3341 3346//3346
f 3340//3340 3346//3346 3345//3345
f 3341//3341 3337//3337 3342//3342
f 3341//3341 3342//3342 3346//3346
f 3337//3337 3339//3339 3338//3338
f 3337//3337 3340//3340 3339//3339
f 3337//3337 3341//3341 3340//3340
f 3342//3342 3343//3343 3344//3344
f 3342//3342 3344//3344 3345//3345
f 3342//3342 3345//3345 3346//3346
f 3347//3347 3348//3348 3353//3353
f 3347//3347 3353//3353 3352//3352
f 3348//3348 3349//3349 3354//3354
f 3348//3348 3354//3354 3353//3353
f 3349//3349 3350//3350 3355//3355
f 3349//3349 3355//3355 3354//3354
f 3350//3350 3351//3351 3356//3356
f 3350//3350 3356//3356 3355//3355
f 3351//3351 3347//3347 3352//3352
f 3351//3351 3352//3352 3356//3356
f 3347//3347 3349//3349 3348//3348
f 3347//3347 3350//3350 3349//3349
f 3347//3347 3351//3351 3350//3350
f 3352//3352 3353//3353 3354//3354
f 3352//3352 3354//3354 3355//3355
f 3352//3352 3355//3355 3356//3356
f 3357//3357 3358//3358 3363//3363
f 3357//3357 3363//3363 3362//3362
f 3358//3358 3359//3359 3364//3364
f 3358//3358 3364//3364 3363//3363
f 3359//3359 3360//3360 3365//3365
f 3359//3359 3365//3365 3364//3364
f 3360//3360 3361//3361 3366//3366
f 3360//3360 3366//3366 3365//3365
f 3361//3361 3357//3357 3362//3362
f 3361//3361 3362//3362 3366//3366
f 3357//3357 3359//3359 3358//3358
f 3357//3357 3360//3360 3359//3359
f 3357//3357 3361//3361 3360//3360
f 3362//3362 3363//3363 3364//3364
f 3362//3362 3364//3364 3365//3365
f 3362//3362 3365//3365 3366//3366
f 3367//3367 3368//3368 3373//3373
f 3367//3367 3373//3373 3372//3372
f 3368//3368 3369//3369 3374//3374
f 3368//3368 3374//3374 3373//3373
f 3369//3369 3370//3370 3375//3375
f 3369//3369 3375//3375 3374//3374
f 3370//3370 3371//3371 3376//3376
f 3370//3370 3376//3376 3375//3375
f 3371//3371 3367//3367 3372//3372
f 3371//3371 3372//3372 3376//3376
f 3367//3367 3369//3369 3368//3368
f 3367//3367 3370//3370 3369//3369
f 3367//3367 3371//3371 3370//3370
f 3372//3372 3373//3373 3374//3374
f 3372//3372 3374//3374 3375//3375
f 3372//3372 3375//3375 3376//3376
f 3377//3377 3378//3378 3383//3383
f 3377//3377 3383//3383 3382//3382
f 3378//3378 3379//3379 3384//3384
f 3378//3378 3384//3384 3383//3383
f 3379//3379 3380//3380 3385//3385
f 3379//3379 3385//3385 3384//3384
f 3380//3380 3381//3381 3386//3386
f 3380//3380 3386//3386 3385//3385
f 3381//3381 3377//3377 3382//3382
f 3381//3381 3382//3382 3386//3386
f 3377//3377 3379//3379 3378//3378
f 3377//3377 3380//3380 3379//3379
f 3377//3377 3381//3381 3380//3380
f 3382//3382 3383//3383 3384//3384
f 3382//3382 3384//3384 3385//3385
f 3382//3382 3385//3385 3386//3386
f 3387//3387 3388//3388 3394//3394
f 3387//3387 3394//3394 3393//3393
f 3388//3388 3389//3389 3395//3395
f 3388//3388 3395//3395 3394//3394
f 3389//3389 3390//3390 3396//3396
f 3389//3389 3396//3396 3395//3395
f 3390//3390 3391//3391 3397//3397
f 3390//3390 3397//3397 3396//3396
f 3391//3391 3392//3392 3398//3398
f 3391//3391 3398//3398 3397//3397
f 3392//3392 3387//3387 3393//3393
f 3392//3392 3393//3393 3398//3398
f 3387//3387 3389//3389 3388//3388
f 3387//3387 3390//3390 3389//3389
f 3387//3387 3391//3391 3390//3390
f 3387//3387 3392//3392 3391//3391
f 3393//3393 3394//3394 3395//3395
f 3393//3393 3395//3395 3396//3396
f 3393//3393 3396//3396 3397//3397
f 3393//3393 3397//3397 3398//3398
f 3399//3399 3400//3400 3405//3405
f 3399//3399 3405//3405 3404//3404
f 3400//3400 3401//3401 3406//3406
f 3400//3400 3406//3406 3405//3405
f 3401//3401 3402//3402 3407//3407
f 3401//3401 3407//3407 3406//3406
f 3402//3402 3403//3403 3408//3408
f 3402//3402 3408//3408 3407//3407
f 3403//3403 3399//3399 3404//3404
f 3403//3403 3404//3404 3408//3408
f 3399//3399 3401//3401 3400//3400
f 3399//3399 3402//3402 3401//3401
f 3399//3399 3403//3403 3402//3402
f 3404//3404 3405//3405 3406//3406
f 3404//3404 3406//3406 3407//3407
f 3404//3404 3407//3407 3408//3408
f 3409//3409 3410//3410 3415//3415
f 3409//3409 3415//3415 3414//3414
f 3410//3410 3411//3411 3416//3416
f 3410//3410 3416//3416 3415//3415
f 3411//3411 3412//3412 3417//3417
f 3411//3411 3417//3417 3416//3416
f 3412//3412 3413//3413 3418//3418
f 3412//3412 3418//3418 3417//3417
f 3413//3413 3409//3409 3414//3414
f 3413//3413 3414//3414 3418//3418
f 3409//3409 3411//3411 3410//3410
f 3409//3409 3412//3412 3411//3411
f 3409//3409 3413//3413 3412//3412
f 3414//3414 3415//3415 3416//3416
f 3414//3414 3416//3416 3417//3417
f 3414//3414 3417//3417 3418//3418
f 3419//3419 3420//3420 3425//3425
f 3419//3419 3425//3425 3424//3424
f 3420//3420 3421//3421 3426//3426
f 3420//3420 3426//3426 3425//3425
f 3421//3421 3422//3422 3427//3427
f 3421//3421 3427//3427 3426//3426
f 3422//3422 3423//3423 3428//3428
f 3422//3422 3428//3428 3427//3427
f 3423//3423 3419//3419 3424//3424
f 3423//3423 3424//3424 3428//3428
f 3419//3419 3421//3421 3420//3420
f 3419//3419 3422//3422 3421//3421
f 3419//3419 3423//3423 3422//3422
f 3424//3424 3425//3425 3426//3426
f 3424//3424 3426//3426 3427//3427
f 3424//3424 3427//3427 3428//3428
f 3429//3429 3430//3430 3435//3435
f 3429//3429 3435//3435 3434//3434
f 3430//3430 3431//3431 3436//3436
f 3430//3430 3436//3436 3435//3435
f 3431//3431 3432//3432 3437//3437
f 3431//3431 3437//3437 3436//3436
f 3432//3432 3433//3433 3438//3438
f 3432//3432 3438//3438 3437//3437
f 3433//3433 3429//3429 3434//3434
f 3433//3433 3434//3434 3438//3438
f 3429//3429 3431//3431 3430//3430
f 3429//3429 3432//3432 3431//3431
f 3429//3429 3433//3433 3432//3432
f 3434//3434 3435//3435 3436//3436
f 3434//3434 3436//3436 3437//3437
f 3434//3434 3437//3437 3438//3438
f 3439//3439 3440//3440 3445//3445
f 3439//3439 3445//3445 3444//3444
f 3440//3440 3441//3441 3446//3446
f 3440//3440 3446//3446 3445//3445
f 3441//3441 3442//3442 3447//3447
f 3441//3441 3447//3447 3446//3446
f 3442//3442 3443//3443 3448//3448
f 3442//3442 3448//3448 3447//3447
f 3443//3443 3439//3439 3444//3444
f 3443//3443 3444//3444 3448//3448
f 3439//3439 3441//3441 3440//3440
f 3439//3439 3442//3442 3441//3441
f 3439//3439 3443//3443 3442//3442
f 3444//3444 3445//3445 3446//3446
f 3444//3444 3446//3446 3447//3447
f 3444//3444 3447//3447 3448//3448
f 3449//3449 3450//3450 3455//3455
f 3449//3449 3455//3455 3454//3454
f 3450//3450 3451//3451 3456//3456
f 3450//3450 3456//3456 3455//3455
f 3451//3451 3452//3452 3457//3457
f 3451//3451 3457//3457 3456//3456
f 3452//3452 3453//3453 3458//3458
f 3452//3452 3458//3458 3457//3457
f 3453//3453 3449//3449 3454//3454
f 3453//3453 3454//3454 3458//3458
f 3449//3449 3451//3451 3450//3450
f 3449//3449 3452//3452 3451//3451
f 3449//3449 3453//3453 3452//3452
f 3454//3454 3455//3455 3456//3456
f 3454//3454 3456//3456 3457//3457
f 3454//3454 3457//3457 3458//3458
f 3459//3459 3460//3460 3465//3465
f 3459//3459 3465//3465 3464//3464
f 3460//3460 3461//3461 3466//3466
f 3460//3460 3466//3466 3465//3465
f 3461//3461 3462//3462 3467//3467
f 3461//3461 3467//3467 3466//3466
f 3462//3462 3463//3463 3468//3468
f 3462//3462 3468//3468 3467//3467
f 3463//3463 3459//3459 3464//3464
f 3463//3463 3464//3464 3468//3468
f 3459//3459 3461//3461 3460//3460
f 3459//3459 3462//3462 3461//3461
f 3459//3459 3463//3463 3462//3462
f 3464//3464 3465//3465 3466//3466
f 3464//3464 3466//3466 3467//3467
f 3464//3464 3467//3467 3468//3468
f 3469//3469 3470//3470 3475//3475
f 3469//3469 3475//3475 3474//3474
f 3470//3470 3471//3471 3476//3476
f 3470//3470 3476//3476 3475//3475
f 3471//3471 3472//3472 3477//3477
f 3471//3471 3477//3477 3476//3476
f 3472//3472 3473//3473 3478//3478
f 3472//3472 3478//3478 3477//3477
f 3473//3473 3469//3469 3474//3474
f 3473//3473 3474//3474 3478//3478
f 3469//3469 3471//3471 3470//3470
f 3469//3469 3472//3472 3471//3471
f 3469//3469 3473//3473 3472//3472
f 3474//3474 3475//3475 3476//3476
f 3474//3474 3476//3476 3477//3477
f 3474//3474 3477//3477 3478//3478
f 3479//3479 3480//3480 3485//3485
f 3479//3479 3485//3485 3484//3484
f 3480//3480 3481//3481 3486//3486
f 3480//3480 3486//3486 3485//3485
f 3481//3481 3482//3482 3487//3487
f 3481//3481 3487//3487 3486//3486
f 3482//3482 3483//3483 3488//3488
f 3482//3482 3488//3488 3487//3487
f 3483//3483 3479//3479 3484//3484
f 3483//3483 3484//3484 3488//3488
f 3479//3479 3481//3481 3480//3480
f 3479//3479 3482//3482 3481//3481
f 3479//3479 3483//3483 3482//3482
f 3484//3484 3485//3485 3486//3486
f 3484//3484 3486//3486 3487//3487
f 3484//3484 3487//3487 3488//3488
f 3489//3489 3490//3490 3496//3496
f 3489//3489 3496//3496 3495//3495
f 3490//3490 3491//3491 3497//3497
f 3490//3490 3497//3497 3496//3496
f 3491//3491 3492//3492 3498//3498
f 3491//3491 3498//3498 3497//3497
f 3492//3492 3493//3493 3499//3499
f 3492//3492 3499//3499 3498//3498
f 3493//3493 3494//3494 3500//3500
f 3493//3493 3500//3500 3499//3499
f 3494//3494 3489//3489 3495//3495
f 3494//3494 3495//3495 3500//3500
f 3489//3489 3491//3491 3490//3490
f 3489//3489 3492//3492 3491//3491
f 3489//3489 3493//3493 3492//3492
f 3489//3489 3494//3494 3493//3493
f 3495//3495 3496//3496 3497//3497
f 3495//3495 3497//3497 3498//3498
f 3495//3495 3498//3498 3499//3499
f 3495//3495 3499//3499 3500//3500
f 3501//3501 3502//3502 3507//3507
f 3501//3501 3507//3507 3506//3506
f 3502//3502 3503//3503 3508//3508
f 3502//3502 3508//3508 3507//3507
f 3503//3503 3504//3504 3509//3509
f 3503//3503 3509//3509 3508//3508
f 3504//3504 3505//3505 3510//3510
f 3504//3504 3510//3510 3509//3509
f 3505//3505 3501//3501 3506//3506
f 3505//3505 3506//3506 3510//3510
f 3501//3501 3503//3503 3502//3502
f 3501//3501 3504//3504 3503//3503
f 3501//3501 3505//3505 3504//3504
f 3506//3506 3507//3507 3508//3508
f 3506//3506 3508//3508 3509//3509
f 3506//3506 3509//3509 3510//3510
f 3511//3511 3512//3512 3517//3517
f 3511//3511 3517//3517 3516//3516
f 3512//3512 3513//3513 3518//3518
f 3512//3512 3518//3518 3517//3517
f 3513//3513 3514//3514 3519//3519
f 3513//3513 3519//3519 3518//3518
f 3514//3514 3515//3515 3520//3520
f 3514//3514 3520//3520 3519//3519
f 3515//3515 3511//3511 3516//3516
f 3515//3515 3516//3516 3520//3520
f 3511//3511 3513//3513 3512//3512
f 3511//3511 3514//3514 3513//3513
f 3511//3511 3515//3515 3514//3514
f 3516//3516 3517//3517 3518//3518
f 3516//3516 3518//3518 3519//3519
f 3516//3516 3519//3519 3520//3520
f 3521//3521 3522//3522 3527//3527
f 3521//3521 3527//3527 3526//3526
f 3522//3522 3523//3523 3528//3528
f 3522//3522 3528//3528 3527//3527
f 3523//3523 3524//3524 3529//3529
f 3523//3523 3529//3529 3528//3528
f 3524//3524 3525//3525 3530//3530
f 3524//3524 3530//3530 3529//3529
f 3525//3525 3521//3521 3526//3526
f 3525//3525 3526//3526 3530//3530
f 3521//3521 3523//3523 3522//3522
f 3521//3521 3524//3524 3523//3523
f 3521//3521 3525//3525 3524//3524
f 3526//3526 3527//3527 3528//3528
f 3526//3526 3528//3528 3529//3529
f 3526//3526 3529//3529 3530//3530
f 3531//3531 3532//3532 3537//3537
f 3531//3531 3537//3537 3536//3536
f 3532//3532 3533//3533 3538//3538
f 3532//3532 3538//3538 3537//3537
f 3533//3533 3534//3534 3539//3539
f 3533//3533 3539//3539 3538//3538
f 3534//3534 3535//3535 3540//3540
f 3534//3534 3540//3540 3539//3539
f 3535//3535 3531//3531 3536//3536
f 3535//3535 3536//3536 3540//3540
f 3531//3531 3533//3533 3532//3532
f 3531//3531 3534//3534 3533//3533
f 3531//3531 3535//3535 3534//3534
f 3536//3536 3537//3537 3538//3538
f 3536//3536 3538//3538 3539//3539
f 3536//3536 3539//3539 3540//3540
f 3541//3541 3542//3542 3547//3547
f 3541//3541 3547//3547 3546//3546
f 3542//3542 3543//3543 3548//3548
f 3542//3542 3548//3548 3547//3547
f 3543//3543 3544//3544 3549//3549
f 3543//3543 3549//3549 3548//3548
f 3544//3544 3545//3545 3550//3550
f 3544//3544 3550//3550 3549//3549
f 3545//3545 3541//3541 3546//3546
f 3545//3545 3546//3546 3550//3550
f 3541//3541 3543//3543 3542//3542
f 3541//3541 3544//3544 3543//3543
f 3541//3541 3545//3545 3544//3544
f 3546//3546 3547//3547 3548//3548
f 3546//3546 3548//3548 3549//3549
f 3546//3546 3549//3549 3550//3550
f 3551//3551 3552//3552 3557//3557
f 3551//3551 3557//3557 3556//3556
f 3552//3552 3553//3553 3558//3558
f 3552//3552 3558//3558 3557//3557
f 3553//3553 3554//3554 3559//3559
f 3553//3553 3559//3559 3558//3558
f 3554//3554 3555//3555 3560//3560
f 3554//3554 3560//3560 3559//3559
f 3555//3555 3551//3551 3556//3556
f 3555//3555 3556//3556 3560//3560
f 3551//3551 3553//3553 3552//3552
f 3551//3551 3554//3554 3553//3553
f 3551//3551 3555//3555 3554//3554
f 3556//3556 3557//3557 3558//3558
f 3556//3556 3558//3558 3559//3559
f 3556//3556 3559//3559 3560//3560
f 3561//3561 3562//3562 3567//3567
f 3561//3561 3567//3567 3566//3566
f 3562//3562 3563//3563 3568//3568
f 3562//3562 3568//3568 3567//3567
f 3563//3563 3564//3564 3569//3569
f 3563//3563 3569//3569 3568//3568
f 3564//3564 3565//3565 3570//3570
f 3564//3564 3570//3570 3569//3569
f 3565//3565 3561//3561 3566//3566
f 3565//3565 3566//3566 3570//3570
f 3561//3561 3563//3563 3562//3562
f 3561//3561 3564//3564 3563//3563
f 3561//3561 3565//3565 3564//3564
f 3566//3566 3567//3567 3568//3568
f 3566//3566 3568//3568 3569//3569
f 3566//3566 3569//3569 3570//3570
f 3571//3571 3572//3572 3577//3577
f 3571//3571 3577//3577 3576//3576
f 3572//3572 3573//3573 3578//3578
f 3572//3572 3578//3578 3577//3577
f 3573//3573 3574//3574 3579//3579
f 3573//3573 3579//3579 3578//3578
f 3574//3574 3575//3575 3580//3580
f 3574//3574 3580//3580 3579//3579
f 3575//3575 3571//3571 3576//3576
f 3575//3575 3576//3576 3580//3580
f 3571//3571 3573//3573 3572//3572
f 3571//3571 3574//3574 3573//3573
f 3571//3571 3575//3575 3574//3574
f 3576//3576 3577//3577 3578//3578
f 3576//3576 3578//3578 3579//3579
f 3576//3576 3579//3579 3580//3580
f 3581//3581 3582//3582 3587//3587
f 3581//3581 3587//3587 3586//3586
f 3582//3582 3583//3583 3588//3588
f 3582//3582 3588//3588 3587//3587
f 3583//3583 3584//3584 3589//3589
f 3583//3583 3589//3589 3588//3588
f 3584//3584 3585//3585 3590//3590
f 3584//3584 3590//3590 3589//3589
f 3585//3585 3581//3581 3586//3586
f 3585//3585 3586//3586 3590//3590
f 3581//3581 3583//3583 3582//3582
f 3581//3581 3584//3584 3583//3583
f 3581//3581 3585//3585 3584//3584
f 3586//3586 3587//3587 3588//3588
f 3586//3586 3588//3588 3589//3589
f 3586//3586 3589//3589 3590//3590
f 3591//3591 3592//3592 3598//3598
f 3591//3591 3598//3598 3597//3597
f 3592//3592 3593//3593 3599//3599
f 3592//3592 3599//3599 3598//3598
f 3593//3593 3594//3594 3600//3600
f 3593//3593 3600//3600 3599//3599
f 3594//3594 3595//3595 3601//3601
f 3594//3594 3601//3601 3600//3600
f 3595//3595 3596//3596 3602//3602
f 3595//3595 3602//3602 3601//3601
f 3596//3596 3591//3591 3597//3597
f 3596//3596 3597//3597 3602//3602
f 3591//3591 3593//3593 3592//3592
f 3591//3591 3594//3594 3593//3593
f 3591//3591 3595//3595 3594//3594
f 3591//3591 3596//3596 3595//3595
f 3597//3597 3598//3598 3599//3599
f 3597//3597 3599//3599 3600//3600
f 3597//3597 3600//3600 3601//3601
f 3597//3597 3601//3601 3602//3602
f 3603//3603 3604//3604 3609//3609
f 3603//3603 3609//3609 3608//3608
f 3604//3604 3605//3605 3610//3610
f 3604//3604 3610//3610 3609//3609
f 3605//3605 3606//3606 3611//3611
f 3605//3605 3611//3611 3610//3610
f 3606//3606 3607//3607 3612//3612
f 3606//3606 3612//3612 3611//3611
f 3607//3607 3603//3603 3608//3608
f 3607//3607 3608//3608 3612//3612
f 3603//3603 3605//3605 3604//3604
f 3603//3603 3606//3606 3605//3605
f 3603//3603 3607//3607 3606//3606
f 3608//3608 3609//3609 3610//3610
f 3608//3608 3610//3610 3611//3611
f 3608//3608 3611//3611 3612//3612
f 3613//3613 3614//3614 3619//3619
f 3613//3613 3619//3619 3618//3618
f 3614//3614 3615//3615 3620//3620
f 3614//3614 3620//3620 3619//3619
f 3615//3615 3616//3616 3621//3621
f 3615//3615 3621//3621 3620//3620
f 3616//3616 3617//3617 3622//3622
f 3616//3616 3622//3622 3621//3621
f 3617//3617 3613//3613 3618//3618
f 3617//3617 3618//3618 3622//3622
f 3613//3613 3615//3615 3614//3614
f 3613//3613 3616//3616 3615//3615
f 3613//3613 3617//3617 3616//3616
f 3618//3618 3619//3619 3620//3620
f 3618//3618 3620//3620 3621//3621
f 3618//3618 3621//3621 3622//3622
f 3623//3623 3624//3624 3629//3629
f 3623//3623 3629//3629 3628//3628
f 3624//3624 3625//3625 3630//3630
f 3624//3624 3630//3630 3629//3629
f 3625//3625 3626//3626 3631//3631
f 3625//3625 3631//3631 3630//3630
f 3626//3626 3627//3627 3632//3632
f 3626//3626 3632//3632 3631//3631
f 3627//3627 3623//3623 3628//3628
f 3627//3627 3628//3628 3632//3632
f 3623//3623 3625//3625 3624//3624
f 3623//3623 3626//3626 3625//3625
f 3623//3623 3627//3627 3626//3626
f 3628//3628 3629//3629 3630//3630
f 3628//3628 3630//3630 3631//3631
f 3628//3628 3631//3631 3632//3632
f 3633//3633 3634//3634 3639//3639
f 3633//3633 3639//3639 3638//3638
f 3634//3634 3635//3635 3640//3640
f 3634//3634 3640//3640 3639//3639
f 3635//3635 3636//3636 3641//3641
f 3635//3635 3641//3641 3640//3640
f 3636//3636 3637//3637 3642//3642
f 3636//3636 3642//3642 3641//3641
f 3637//3637 3633//3633 3638//3638
f 3637//3637 3638//3638 3642//3642
f 3633//3633 3635//3635 3634//3634
f 3633//3633 3636//3636 3635//3635
f 3633//3633 3637//3637 3636//3636
f 3638//3638 3639//3639 3640//3640
f 3638//3638 3640//3640 3641//3641
f 3638//3638 3641//3641 3642//3642
f 3643//3643 3644//3644 3649//3649
f 3643//3643 3649//3649 3648//3648
f 3644//3644 3645//3645 3650//3650
f 3644//3644 3650//3650 3649//3649
f 3645//3645 3646//3646 3651//3651
f 3645//3645 3651//3651 3650//3650
f 3646//3646 3647//3647 3652//3652
f 3646//3646 3652//3652 3651//3651
f 3647//3647 3643//3643 3648//3648
f 3647//3647 3648//3648 3652//3652
f 3643//3643 3645//3645 3644//3644
f 3643//3643 3646//3646 3645//3645
f 3643//3643 3647//3647 3646//3646
f 3648//3648 3649//3649 3650//3650
f 3648//3648 3650//3650 3651//3651
f 3648//3648 3651//3651 3652//3652
f 3653//3653 3654//3654 3659//3659
f 3653//3653 3659//3659 3658//3658
f 3654//3654 3655//3655 3660//3660
f 3654//3654 3660//3660 3659//3659
f 3655//3655 3656//3656 3661//3661
f 3655//3655 3661//3661 3660//3660
f 3656//3656 3657//3657 3662//3662
f 3656//3656 3662//3662 3661//3661
f 3657//3657 3653//3653 3658//3658
f 3657//3657 3658//3658 3662//3662
f 3653//3653 3655//3655 3654//3654
f 3653//3653 3656//3656 3655//3655
f 3653//3653 3657//3657 3656//3656
f 3658//3658 3659//3659 3660//3660
f 3658//3658 3660//3660 3661//3661
f 3658//3658 3661//3661 3662//3662
f 3663//3663 3664//3664 3669//3669
f 3663//3663 3669//3669 3668//3668
f 3664//3664 3665//3665 3670//3670
f 3664//3664 3670//3670 3669//3669
f 3665//3665 3666//3666 3671//3671
f 3665//3665 3671//3671 3670//3670
f 3666//3666 3667//3667 3672//3672
f 3666//3666 3672//3672 3671//3671
f 3667//3667 3663//3663 3668//3668
f 3667//3667 3668//3668 3672//3672
f 3663//3663 3665//3665 3664//3664
f 3663//3663 3666//3666 3665//3665
f 3663//3663 3667//3667 3666//3666
f 3668//3668 3669//3669 3670//3670
f 3668//3668 3670//3670 3671//3671
f 3668//3668 3671//3671 3672//3672
f 3673//3673 3674//3674 3679//3679
f 3673//3673 3679//3679 3678//3678
f 3674//3674 3675//3675 3680//3680
f 3674//3674 3680//3680 3679//3679
f 3675//3675 3676//3676 3681//3681
f 3675//3675 3681//3681 3680//3680
f 3676//3676 3677//3677 3682//3682
f 3676//3676 3682//3682 3681//3681
f 3677//3677 3673//3673 3678//3678
f 3677//3677 3678//3678 3682//3682
f 3673//3673 3675//3675 3674//3674
f 3673//3673 3676//3676 3675//3675
f 3673//3673 3677//3677 3676//3676
f 3678//3678 3679//3679 3680//3680
f 3678//3678 3680//3680 3681//3681
f 3678//3678 3681//3681 3682//3682
f 3683//3683 3684//3684 3689//3689
f 3683//3683 3689//3689 3688//3688
f 3684//3684 3685//3685 3690//3690
f 3684//3684 3690//3690 3689//3689
f 3685//3685 3686//3686 3691//3691
f 3685//3685 3691//3691 3690//3690
f 3686//3686 3687//3687 3692//3692
f 3686//3686 3692//3692 3691//3691
f 3687//3687 3683//3683 3688//3688
f 3687//3687 3688//3688 3692//3692
f 3683//3683 3685//3685 3684//3684
f 3683//3683 3686//3686 3685//3685
f 3683//3683 3687//3687 3686//3686
f 3688//3688 3689//3689 3690//3690
f 3688//3688 3690//3690 3691//3691
f 3688//3688 3691//3691 3692//3692
f 3693//3693 3694//3694 3700//3700
f 3693//3693 3700//3700 3699//3699
f 3694//3694 3695//3695 3701//3701
f 3694//3694 3701//3701 3700//3700
f 3695//3695 3696//3696 3702//3702
f 3695//3695 3702//3702 3701//3701
f 3696//3696 3697//3697 3703//3703
f 3696//3696 3703//3703 3702//3702
f 3697//3697 3698//3698 3704//3704
f 3697//3697 3704//3704 3703//3703
f 3698//3698 3693//3693 3699//3699
f 3698//3698 3699//3699 3704//3704
f 3693//3693 3695//3695 3694//3694
f 3693//3693 3696//3696 3695//3695
f 3693//3693 3697//3697 3696//3696
f 3693//3693 3698//3698 3697//3697
f 3699//3699 3700//3700 3701//3701
f 3699//3699 3701//3701 3702//3702
f 3699//3699 3702//3702 3703//3703
f 3699//3699 3703//3703 3704//3704
f 3705//3705 3706//3706 3711//3711
f 3705//3705 3711//3711 3710//3710
f 3706//3706 3707//3707 3712//3712
f 3706//3706 3712//3712 3711//3711
f 3707//3707 3708//3708 3713//3713
f 3707//3707 3713//3713 3712//3712
f 3708//3708 3709//3709 3714//3714
f 3708//3708 3714//3714 3713//3713
f 3709//3709 3705//3705 3710//3710
f 3709//3709 3710//3710 3714//3714
f 3705//3705 3707//3707 3706//3706
f 3705//3705 3708//3708 3707//3707
f 3705//3705 3709//3709 3708//3708
f 3710//3710 3711//3711 3712//3712
f 3710//3710 3712//3712 3713//3713
f 3710//3710 3713//3713 3714//3714
f 3715//3715 3716//3716 3721//3721
f 3715//3715 3721//3721 3720//3720
f 3716//3716 3717//3717 3722//3722
f 3716//3716 3722//3722 3721//3721
f 3717//3717 3718//3718 3723//3723
f 3717//3717 3723//3723 3722//3722
f 3718//3718 3719//3719 3724//3724
f 3718//3718 3724//3724 3723//3723
f 3719//3719 3715//3715 3720//3720
f 3719//3719 3720//3720 3724//3724
f 3715//3715 3717//3717 3716//3716
f 3715//3715 3718//3718 3717//3717
f 3715//3715 3719//3719 3718//3718
f 3720//3720 3721//3721 3722//3722
f 3720//3720 3722//3722 3723//3723
f 3720//3720 3723//3723 3724//3724
f 3725//3725 3726//3726 3731//3731
f 3725//3725 3731//3731 3730//3730
f 3726//3726 3727//3727 3732//3732
f 3726//3726 3732//3732 3731//3731
f 3727//3727 3728//3728 3733//3733
f 3727//3727 3733//3733 3732//3732
f 3728//3728 3729//3729 3734//3734
f 3728//3728 3734//3734 3733//3733
f 3729//3729 3725//3725 3730//3730
f 3729//3729 3730//3730 3734//3734
f 3725//3725 3727//3727 3726//3726
f 3725//3725 3728//3728 3727//3727
f 3725//3725 3729//3729 3728//3728
f 3730//3730 3731//3731 3732//3732
f 3730//3730 3732//3732 3733//3733
f 3730//3730 3733//3733 3734//3734
f 3735//3735 3736//3736 3741//3741
f 3735//3735 3741//3741 3740//3740
f 3736//3736 3737//3737 3742//3742
f 3736//3736 3742//3742 3741//3741
f 3737//3737 3738//3738 3743//3743
f 3737//3737 3743//3743 3742//3742
f 3738//3738 3739//3739 3744//3744
f 3738//3738 3744//3744 3743//3743
f 3739//3739 3735//3735 3740//3740
f 3739//3739 3740//3740 3744//3744
f 3735//3735 3737//3737 3736//3736
f 3735//3735 3738//3738 3737//3737
f 3735//3735 3739//3739 3738//3738
f 3740//3740 3741//3741 3742//3742
f 3740//3740 3742//3742 3743//3743
f 3740//3740 3743//3743 3744//3744
f 3745//3745 3746//3746 3751//3751
f 3745//3745 3751//3751 3750//3750
f 3746//3746 3747//3747 3752//3752
f 3746//3746 3752//3752 3751//3751
f 3747//3747 3748//3748 3753//3753
f 3747//3747 3753//3753 3752//3752
f 3748//3748 3749//3749 3754//3754
f 3748//3748 3754//3754 3753//3753
f 3749//3749 3745//3745 3750//3750
f 3749//3749 3750//3750 3754//3754
f 3745//3745 3747//3747 3746//3746
f 3745//3745 3748//3748 3747//3747
f 3745//3745 3749//3749 3748//3748
f 3750//3750 3751//3751 3752//3752
f 3750//3750 3752//3752 3753//3753
f 3750//3750 3753//3753 3754//3754
f 3755//3755 3756//3756 3761//3761
f 3755//3755 3761//3761 3760//3760
f 3756//3756 3757//3757 3762//3762
f 3756//3756 3762//3762 3761//3761
f 3757//3757 3758//3758 3763//3763
f 3757//3757 3763//3763 3762//3762
f 3758//3758 3759//3759 3764//3764
f 3758//3758 3764//3764 3763//3763
f 3759//3759 3755//3755 3760//3760
f 3759//3759 3760//3760 3764//3764
f 3755//3755 3757//3757 3756//3756
f 3755//3755 3758//3758 3757//3757
f 3755//3755 3759//3759 3758//3758
f 3760//3760 3761//3761 3762//3762
f 3760//3760 3762//3762 3763//3763
f 3760//3760 3763//3763 3764//3764
f 3765//3765 3766//3766 3771//3771
f 3765//3765 3771//3771 3770//3770
f 3766//3766 3767//3767 3772//3772
f 3766//3766 3772//3772 3771//3771
f 3767//3767 3768//3768 3773//3773
f 3767//3767 3773//3773 3772//3772
f 3768//3768 3769//3769 3774//3774
f 3768//3768 3774//3774 3773//3773
f 3769//3769 3765//3765 3770//3770
f 3769//3769 3770//3770 3774//3774
f 3765//3765 3767//3767 3766//3766
f 3765//3765 3768//3768 3767//3767
f 3765//3765 3769//3769 3768//3768
f 3770//3770 3771//3771 3772//3772
f 3770//3770 3772//3772 3773//3773
f 3770//3770 3773//3773 3774//3774
f 3775//3775 3776//3776 3781//3781
f 3775//3775 3781//3781 3780//3780
f 3776//3776 3777//3777 3782//3782
f 3776//3776 3782//3782 3781//3781
f 3777//3777 3778//3778 3783//3783
f 3777//3777 3783//3783 3782//3782
f 3778//3778 3779//3779 3784//3784
f 3778//3778 3784//3784 3783//3783
f 3779//3779 3775//3775 3780//3780
f 3779//3779 3780//3780 3784//3784
f 3775//3775 3777//3777 3776//3776
f 3775//3775 3778//3778 3777//3777
f 3775//3775 3779//3779 3778//3778
f 3780//3780 3781//3781 3782//3782
f 3780//3780 3782//3782 3783//3783
f 3780//3780 3783//3783 3784//3784
f 3785//3785 3786//3786 3791//3791
f 3785//3785 3791//3791 3790//3790
f 3786//3786 3787//3787 3792//3792
f 3786//3786 3792//3792 3791//3791
f 3787//3787 3788//3788 3793//3793
f 3787//3787 3793//3793 3792//3792
f 3788//3788 3789//3789 3794//3794
f 3788//3788 3794//3794 3793//3793
f 3789//3789 3785//3785 3790//3790
f 3789//3789 3790//3790 3794//3794
f 3785//3785 3787//3787 3786//3786
f 3785//3785 3788//3788 3787//3787
f 3785//3785 3789//3789 3788//3788
f 3790//3790 3791//3791 3792//3792
f 3790//3790 3792//3792 3793//3793
f 3790//3790 3793//3793 3794//3794
f 3795//3795 3796//3796 3802//3802
f 3795//3795 3802//3802 3801//3801
f 3796//3796 3797//3797 3803//3803
f 3796//3796 3803//3803 3802//3802
f 3797//3797 3798//3798 3804//3804
f 3797//3797 3804//3804 3803//3803
f 3798//3798 3799//3799 3805//3805
f 3798//3798 3805//3805 3804//3804
f 3799//3799 3800//3800 3806//3806
f 3799//3799 3806//3806 3805//3805
f 3800//3800 3795//3795 3801//3801
f 3800//3800 3801//3801 3806//3806
f 3795//3795 3797//3797 3796//3796
f 3795//3795 3798//3798 3797//3797
f 3795//3795 3799//3799 3798//3798
f 3795//3795 3800//3800 3799//3799
f 3801//3801 3802//3802 3803//3803
f 3801//3801 3803//3803 3804//3804
f 3801//3801 3804//3804 3805//3805
f 3801//3801 3805//3805 3806//3806
f 3807//3807 3808//3808 3813//3813
f 3807//3807 3813//3813 3812//3812
f 3808//3808 3809//3809 3814//3814
f 3808//3808 3814//3814 3813//3813
f 3809//3809 3810//3810 3815//3815
f 3809//3809 3815//3815 3814//3814
f 3810//3810 3811//3811 3816//3816
f 3810//3810 3816//3816 3815//3815
f 3811//3811 3807//3807 3812//3812
f 3811//3811 3812//3812 3816//3816
f 3807//3807 3809//3809 3808//3808
f 3807//3807 3810//3810 3809//3809
f 3807//3807 3811//3811 3810//3810
f 3812//3812 3813//3813 3814//3814
f 3812//3812 3814//3814 3815//3815
f 3812//3812 3815//3815 3816//3816
f 3817//3817 3818//3818 3823//3823
f 3817//3817 3823//3823 3822//3822
f 3818//3818 3819//3819 3824//3824
f 3818//3818 3824//3824 3823//3823
f 3819//3819 3820//3820 3825//3825
f 3819//3819 3825//3825 3824//3824
f 3820//3820 3821//3821 3826//3826
f 3820//3820 3826//3826 3825//3825
f 3821//3821 3817//3817 3822//3822
f 3821//3821 3822//3822 3826//3826
f 3817//3817 3819//3819 3818//3818
f 3817//3817 3820//3820 3819//3819
f 3817//3817 3821//3821 3820//3820
f 3822//3822 3823//3823 3824//3824
f 3822//3822 3824//3824 3825//3825
f 3822//3822 3825//3825 3826//3826
f 3827//3827 3828//3828 3833//3833
f 3827//3827 3833//3833 3832//3832
f 3828//3828 3829//3829 3834//3834
f 3828//3828 3834//3834 3833//3833
f 3829//3829 3830//3830 3835//3835
f 3829//3829 3835//3835 3834//3834
f 3830//3830 3831//3831 3836//3836
f 3830//3830 3836//3836 3835//3835
f 3831//3831 3827//3827 3832//3832
f 3831//3831 3832//3832 3836//3836
f 3827//3827 3829//3829 3828//3828
f 3827//3827 3830//3830 3829//3829
f 3827//3827 3831//3831 3830//3830
f 3832//3832 3833//3833 3834//3834
f 3832//3832 3834//3834 3835//3835
f 3832//3832 3835//3835 3836//3836
f 3837//3837 3838//3838 3843//3843
f 3837//3837 3843//3843 3842//3842
f 3838//3838 3839//3839 3844//3844
f 3838//3838 3844//3844 3843//3843
f 3839//3839 3840//3840 3845//3845
f 3839//3839 3845//3845 3844//3844
f 3840//3840 3841//3841 3846//3846
f 3840//3840 3846//3846 3845//3845
f 3841//3841 3837//3837 3842//3842
f 3841//3841 3842//3842 3846//3846
f 3837//3837 3839//3839 3838//3838
f 3837//3837 3840//3840 3839//3839
f 3837//3837 3841//3841 3840//3840
f 3842//3842 3843//3843 3844//3844
f 3842//3842 3844//3844 3845//3845
f 3842//3842 3845//3845 3846//3846
f 3847//3847 3848//3848 3853//3853
f 3847//3847 3853//3853 3852//3852
f 3848//3848 3849//3849 3854//3854
f 3848//3848 3854//3854 3853//3853
f 3849//3849 3850//3850 3855//3855
f 3849//3849 3855//3855 3854//3854
f 3850//3850 3851//3851 3856//3856
f 3850//3850 3856//3856 3855//3855
f 3851//3851 3847//3847 3852//3852
f 3851//3851 3852//3852 3856//3856
f 3847//3847 3849//3849 3848//3848
f 3847//3847 3850//3850 3849//3849
f 3847//3847 3851//3851 3850//3850
f 3852//3852 3853//3853 3854//3854
f 3852//3852 3854//3854 3855//3855
f 3852//3852 3855//3855 3856//3856
f 3857//3857 3858//3858 3863//3863
f 3857//3857 3863//3863 3862//3862
f 3858//3858 3859//3859 3864//3864
f 3858//3858 3864//3864 3863//3863
f 3859//3859 3860//3860 3865//3865
f 3859//3859 3865//3865 3864//3864
f 3860//3860 3861//3861 3866//3866
f 3860//3860 3866//3866 3865//3865
f 3861//3861 3857//3857 3862//3862
f 3861//3861 3862//3862 3866//3866
f 3857//3857 3859//3859 3858//3858
f 3857//3857 3860//3860 3859//3859
f 3857//3857 3861//3861 3860//3860
f 3862//3862 3863//3863 3864//3864
f 3862//3862 3864//3864 3865//3865
f 3862//3862 3865//3865 3866//3866
f 3867//3867 3868//3868 3873//3873
f 3867//3867 3873//3873 3872//3872
f 3868//3868 3869//3869 3874//3874
f 3868//3868 3874//3874 3873//3873
f 3869//3869 3870//3870 3875//3875
f 3869//3869 3875//3875 3874//3874
f 3870//3870 3871//3871 3876//3876
f 3870//3870 3876//3876 3875//3875
f 3871//3871 3867//3867 3872//3872
f 3871//3871 3872//3872 3876//3876
f 3867//3867 3869//3869 3868//3868
f 3867//3867 3870//3870 3869//3869
f 3867//3867 3871//3871 3870//3870
f 3872//3872 3873//3873 3874//3874
f 3872//3872 3874//3874 3875//3875
f 3872//3872 3875//3875 3876//3876
f 3877//3877 3878//3878 3883//3883
f 3877//3877 3883//3883 3882//3882
f 3878//3878 3879//3879 3884//3884
f 3878//3878 3884//3884 3883//3883
f 3879//3879 3880//3880 3885//3885
f 3879//3879 3885//3885 3884//3884
f 3880//3880 3881//3881 3886//3886
f 3880//3880 3886//3886 3885//3885
f 3881//3881 3877//3877 3882//3882
f 3881//3881 3882//3882 3886//3886
f 3877//3877 3879//3879 3878//3878
f 3877//3877 3880//3880 3879//3879
f 3877//3877 3881//3881 3880//3880
f 3882//3882 3883//3883 3884//3884
f 3882//3882 3884//3884 3885//3885
f 3882//3882 3885//3885 3886//3886
f 3887//3887 3888//3888 3893//3893
f 3887//3887 3893//3893 3892//3892
f 3888//3888 3889//3889 3894//3894
f 3888//3888 3894//3894 3893//3893
f 3889//3889 3890//3890 3895//3895
f 3889//3889 3895//3895 3894//3894
f 3890//3890 3891//3891 3896//3896
f 3890//3890 3896//3896 3895//3895
f 3891//3891 3887//3887 3892//3892
f 3891//3891 3892//3892 3896//3896
f 3887//3887 3889//3889 3888//3888
f 3887//3887 3890//3890 3889//3889
f 3887//3887 3891//3891 3890//3890
f 3892//3892 3893//3893 3894//3894
f 3892//3892 3894//3894 3895//3895
f 3892//3892 3895//3895 3896//3896
f 3897//3897 3898//3898 3904//3904
f 3897//3897 3904//3904 3903//3903
f 3898//3898 3899//3899 3905//3905
f 3898//3898 3905//3905 3904//3904
f 3899//3899 3900//3900 3906//3906
f 3899//3899 3906//3906 3905//3905
f 3900//3900 3901//3901 3907//3907
f 3900//3900 3907//3907 3906//3906
f 3901//3901 3902//3902 3908//3908
f 3901//3901 3908//3908 3907//3907
f 3902//3902 3897//3897 3903//3903
f 3902//3902 3903//3903 3908//3908
f 3897//3897 3899//3899 3898//3898
f 3897//3897 3900//3900 3899//3899
f 3897//3897 3901//3901 3900//3900
f 3897//3897 3902//3902 3901//3901
f 3903//3903 3904//3904 3905//3905
f 3903//3903 3905//3905 3906//3906
f 3903//3903 3906//3906 3907//3907
f 3903//3903 3907//3907 3908//3908
f 3909//3909 3910//3910 3915//3915
f 3909//3909 3915//3915 3914//3914
f 3910//3910 3911//3911 3916//3916
f 3910//3910 3916//3916 3915//3915
f 3911//3911 3912//3912 3917//3917
f 3911//3911 3917//3917 3916//3916
f 3912//3912 3913//3913 3918//3918
f 3912//3912 3918//3918 3917//3917
f 3913//3913 3909//3909 3914//3914
f 3913//3913 3914//3914 3918//3918
f 3909//3909 3911//3911 3910//3910
f 3909//3909 3912//3912 3911//3911
f 3909//3909 3913//3913 3912//3912
f 3914//3914 3915//3915 3916//3916
f 3914//3914 3916//3916 3917//3917
f 3914//3914 3917//3917 3918//3918
f 3919//3919 3920//3920 3925//3925
f 3919//3919 3925//3925 3924//3924
f 3920//3920 3921//3921 3926//3926
f 3920//3920 3926//3926 3925//3925
f 3921//3921 3922//3922 3927//3927
f 3921//3921 3927//3927 3926//3926
f 3922//3922 3923//3923 3928//3928
f 3922//3922 3928//3928 3927//3927
f 3923//3923 3919//3919 3924//3924
f 3923//3923 3924//3924 3928//3928
f 3919//3919 3921//3921 3920//3920
f 3919//3919 3922//3922 3921//3921
f 3919//3919 3923//3923 3922//3922
f 3924//3924 3925//3925 3926//3926
f 3924//3924 3926//3926 3927//3927
f 3924//3924 3927//3927 3928//3928
f 3929//3929 3930//3930 3935//3935
f 3929//3929 3935//3935 3934//3934
f 3930//3930 3931//3931 3936//3936
f 3930//3930 3936//3936 3935//3935
f 3931//3931 3932//3932 3937//3937
f 3931//3931 3937//3937 3936//3936
f 3932//3932 3933//3933 3938//3938
f 3932//3932 3938//3938 3937//3937
f 3933//3933 3929//3929 3934//3934
f 3933//3933 3934//3934 3938//3938
f 3929//3929 3931//3931 3930//3930
f 3929//3929 3932//3932 3931//3931
f 3929//3929 3933//3933 3932//3932
f 3934//3934 3935//3935 3936//3936
f 3934//3934 3936//3936 3937//3937
f 3934//3934 3937//3937 3938//3938
f 3939//3939 3940//3940 3945//3945
f 3939//3939 3945//3945 3944//3944
f 3940//3940 3941//3941 3946//3946
f 3940//3940 3946//3946 3945//3945
f 3941//3941 3942//3942 3947//3947
f 3941//3941 3947//3947 3946//3946
f 3942//3942 3943//3943 3948//3948
f 3942//3942 3948//3948 3947//3947
f 3943//3943 3939//3939 3944//3944
f 3943//3943 3944//3944 3948//3948
f 3939//3939 3941//3941 3940//3940
f 3939//3939 3942//3942 3941//3941
f 3939//3939 3943//3943 3942//3942
f 3944//3944 3945//3945 3946//3946
f 3944//3944 3946//3946 3947//3947
f 3944//3944 3947//3947 3948//3948
f 3949//3949 3950//3950 3955//3955
f 3949//3949 3955//3955 3954//3954
f 3950//3950 3951//3951 3956//3956
f 3950//3950 3956//3956 3955//3955
f 3951//3951 3952//3952 3957//3957
f 3951//3951 3957//3957 3956//3956
f 3952//3952 3953//3953 3958//3958
f 3952//3952 3958//3958 3957//3957
f 3953//3953 3949//3949 3954//3954
f 3953//3953 3954//3954 3958//3958
f 3949//3949 3951//3951 3950//3950
f 3949//3949 3952//3952 3951//3951
f 3949//3949 3953//3953 3952//3952
f 3954//3954 3955//3955 3956//3956
f 3954//3954 3956//3956 3957//3957
f 3954//3954 3957//3957 3958//3958
f 3959//3959 3960//3960 3965//3965
f 3959//3959 3965//3965 3964//3964
f 3960//3960 3961//3961 3966//3966
f 3960//3960 3966//3966 3965//3965
f 3961//3961 3962//3962 3967//3967
f 3961//3961 3967//3967 3966//3966
f 3962//3962 3963//3963 3968//3968
f 3962//3962 3968//3968 3967//3967
f 3963//3963 3959//3959 3964//3964
f 3963//3963 3964//3964 3968//3968
f 3959//3959 3961//3961 3960//3960
f 3959//3959 3962//3962 3961//3961
f 3959//3959 3963//3963 3962//3962
f 3964//3964 3965//3965 3966//3966
f 3964//3964 3966//3966 3967//3967
f 3964//3964 3967//3967 3968//3968
f 3969//3969 3970//3970 3975//3975
f 3969//3969 3975//3975 3974//3974
f 3970//3970 3971//3971 3976//3976
f 3970//3970 3976//3976 3975//3975
f 3971//3971 3972//3972 3977//3977
f 3971//3971 3977//3977 3976//3976
f 3972//3972 3973//3973 3978//3978
f 3972//3972 3978//3978 3977//3977
f 3973//3973 3969//3969 3974//3974
f 3973//3973 3974//3974 3978//3978
f 3969//3969 3971//3971 3970//3970
f 3969//3969 3972//3972 3971//3971
f 3969//3969 3973//3973 3972//3972
f 3974//3974 3975//3975 3976//3976
f 3974//3974 3976//3976 3977//3977
f 3974//3974 3977//3977 3978//3978
f 3979//3979 3980//3980 3985//3985
f 3979//3979 3985//3985 3984//3984
f 3980//3980 3981//3981 3986//3986
f 3980//3980 3986//3986 3985//3985
f 3981//3981 3982//3982 3987//3987
f 3981//3981 3987//3987 3986//3986
f 3982//3982 3983//3983 3988//3988
f 3982//3982 3988//3988 3987//3987
f 3983//3983 3979//3979 3984//3984
f 3983//3983 3984//3984 3988//3988
f 3979//3979 3981//3981 3980//3980
f 3979//3979 3982//3982 3981//3981
f 3979//3979 3983//3983 3982//3982
f 3984//3984 3985//3985 3986//3986
f 3984//3984 3986//3986 3987//3987
f 3984//3984 3987//3987 3988//3988
f 3989//3989 3990//3990 3995//3995
f 3989//3989 3995//3995 3994//3994
f 3990//3990 3991//3991 3996//3996
f 3990//3990 3996//3996 3995//3995
f 3991//3991 3992//3992 3997//3997
f 3991//3991 3997//3997 3996//3996
f 3992//3992 3993//3993 3998//3998
f 3992//3992 3998//3998 3997//3997
f 3993//3993 3989//3989 3994//3994
f 3993//3993 3994//3994 3998//3998
f 3989//3989 3991//3991 3990//3990
f 3989//3989 3992//3992 3991//3991
f 3989//3989 3993//3993 3992//3992
f 3994//3994 3995//3995 3996//3996
f 3994//3994 3996//3996 3997//3997
f 3994//3994 3997//3997 3998//3998
f 3999//3999 4000//4000 4006//4006
f 3999//3999 4006//4006 4005//4005
f 4000//4000 4001//4001 4007//4007
f 4000//4000 4007//4007 4006//4006
f 4001//4001 4002//4002 4008//4008
f 4001//4001 4008//4008 4007//4007
f 4002//4002 4003//4003 4009//4009
f 4002//4002 4009//4009 4008//4008
f 4003//4003 4004//4004 4010//4010
f 4003//4003 4010//4010 4009//4009
f 4004//4004 3999//3999 4005//4005
f 4004//4004 4005//4005 4010//4010
f 3999//3999 4001//4001 4000//4000
f 3999//3999 4002//4002 4001//4001
f 3999//3999 4003//4003 4002//4002
f 3999//3999 4004//4004 4003//4003
f 4005//4005 4006//4006 4007//4007
f 4005//4005 4007//4007 4008//4008
f 4005//4005 4008//4008 4009//4009
f 4005//4005 4009//4009 4010//4010
f 4011//4011 4012//4012 4017//4017
f 4011//4011 4017//4017 4016//4016
f 4012//4012 4013//4013 4018//4018
f 4012//4012 4018//4018 4017//4017
f 4013//4013 4014//4014 4019//4019
f 4013//4013 4019//4019 4018//4018
f 4014//4014 4015//4015 4020//4020
f 4014//4014 4020//4020 4019//4019
f 4015//4015 4011//4011 4016//4016
f 4015//4015 4016//4016 4020//4020
f 4011//4011 4013//4013 4012//4012
f 4011//4011 4014//4014 4013//4013
f 4011//4011 4015//4015 4014//4014
f 4016//4016 4017//4017 4018//4018
f 4016//4016 4018//4018 4019//4019
f 4016//4016 4019//4019 4020//4020
f 4021//4021 4022//4022 4027//4027
f 4021//4021 4027//4027 4026//4026
f 4022//4022 4023//4023 4028//4028
f 4022//4022 4028//4028 4027//4027
f 4023//4023 4024//4024 4029//4029
f 4023//4023 4029//4029 4028//4028
f 4024//4024 4025//4025 4030//4030
f 4024//4024 4030//4030 4029//4029
f 4025//4025 4021//4021 4026//4026
f 4025//4025 4026//4026 4030//4030
f 4021//4021 4023//4023 4022//4022
f 4021//4021 4024//4024 4023//4023
f 4021//4021 4025//4025 4024//4024
f 4026//4026 4027//4027 4028//4028
f 4026//4026 4028//4028 4029//4029
f 4026//4026 4029//4029 4030//4030
f 4031//4031 4032//4032 4037//4037
f 4031//4031 4037//4037 4036//4036
f 4032//4032 4033//4033 4038//4038
f 4032//4032 4038//4038 4037//4037
f 4033//4033 4034//4034 4039//4039
f 4033//4033 4039//4039 4038//4038
f 4034//4034 4035//4035 4040//4040
f 4034//4034 4040//4040 4039//4039
f 4035//4035 4031//4031 4036//4036
f 4035//4035 4036//4036 4040//4040
f 4031//4031 4033//4033 4032//4032
f 4031//4031 4034//4034 4033//4033
f 4031//4031 4035//4035 4034//4034
f 4036//4036 4037//4037 4038//4038
f 4036//4036 4038//4038 4039//4039
f 4036//4036 4039//4039 4040//4040
f 4041//4041 4042//4042 4047//4047
f 4041//4041 4047//4047 4046//4046
f 4042//4042 4043//4043 4048//4048
f 4042//4042 4048//4048 4047//4047
f 4043//4043 4044//4044 4049//4049
f 4043//4043 4049//4049 4048//4048
f 4044//4044 4045//4045 4050//4050
f 4044//4044 4050//4050 4049//4049
f 4045//4045 4041//4041 4046//4046
f 4045//4045 4046//4046 4050//4050
f 4041//4041 4043//4043 4042//4042
f 4041//4041 4044//4044 4043//4043
f 4041//4041 4045//4045 4044//4044
f 4046//4046 4047//4047 4048//4048
f 4046//4046 4048//4048 4049//4049
f 4046//4046 4049//4049 4050//4050
f 4051//4051 4052//4052 4057//4057
f 4051//4051 4057//4057 4056//4056
f 4052//4052 4053//4053 4058//4058
f 4052//4052 4058//4058 4057//4057
f 4053//4053 4054//4054 4059//4059
f 4053//4053 4059//4059 4058//4058
f 4054//4054 4055//4055 4060//4060
f 4054//4054 4060//4060 4059//4059
f 4055//4055 4051//4051 4056//4056
f 4055//4055 4056//4056 4060//4060
f 4051//4051 4053//4053 4052//4052
f 4051//4051 4054//4054 4053//4053
f 4051//4051 4055//4055 4054//4054
f 4056//4056 4057//4057 4058//4058
f 4056//4056 4058//4058 4059//4059
f 4056//4056 4059//4059 4060//4060
f 4061//4061 4062//4062 4067//4067
f 4061//4061 4067//4067 4066//4066
f 4062//4062 4063//4063 4068//4068
f 4062//4062 4068//4068 4067//4067
f 4063//4063 4064//4064 4069//4069
f 4063//4063 4069//4069 4068//4068
f 4064//4064 4065//4065 4070//4070
f 4064//4064 4070//4070 4069//4069
f 4065//4065 4061//4061 4066//4066
f 4065//4065 4066//4066 4070//4070
f 4061//4061 4063//4063 4062//4062
f 4061//4061 4064//4064 4063//4063
f 4061//4061 4065//4065 4064//4064
f 4066//4066 4067//4067 4068//4068
f 4066//4066 4068//4068 4069//4069
f 4066//4066 4069//4069 4070//4070
f 4071//4071 4072//4072 4077//4077
f 4071//4071 4077//4077 4076//4076
f 4072//4072 4073//4073 4078//4078
f 4072//4072 4078//4078 4077//4077
f 4073//4073 4074//4074 4079//4079
f 4073//4073 4079//4079 4078//4078
f 4074//4074 4075//4075 4080//4080
f 4074//4074 4080//4080 4079//4079
f 4075//4075 4071//4071 4076//4076
f 4075//4075 4076//4076 4080//4080
f 4071//4071 4073//4073 4072//4072
f 4071//4071 4074//4074 4073//4073
f 4071//4071 4075//4075 4074//4074
f 4076//4076 4077//4077 4078//4078
f 4076//4076 4078//4078 4079//4079
f 4076//4076 4079//4079 4080//4080
f 4081//4081 4082//4082 4087//4087
f 4081//4081 4087//4087 4086//4086
f 4082//4082 4083//4083 4088//4088
f 4082//4082 4088//4088 4087//4087
f 4083//4083 4084//4084 4089//4089
f 4083//4083 4089//4089 4088//4088
f 4084//4084 4085//4085 4090//4090
f 4084//4084 4090//4090 4089//4089
f 4085//4085 4081//4081 4086//4086
f 4085//4085 4086//4086 4090//4090
f 4081//4081 4083//4083 4082//4082
f 4081//4081 4084//4084 4083//4083
f 4081//4081 4085//4085 4084//4084
f 4086//4086 4087//4087 4088//4088
f 4086//4086 4088//4088 4089//4089
f 4086//4086 4089//4089 4090//4090
f 4091//4091 4092//4092 4097//4097
f 4091//4091 4097//4097 4096//4096
f 4092//4092 4093//4093 4098//4098
f 4092//4092 4098//4098 4097//4097
f 4093//4093 4094//4094 4099//4099
f 4093//4093 4099//4099 4098//4098
f 4094//4094 4095//4095 4100//4100
f 4094//4094 4100//4100 4099//4099
f 4095//4095 4091//4091 4096//4096
f 4095//4095 4096//4096 4100//4100
f 4091//4091 4093//4093 4092//4092
f 4091//4091 4094//4094 4093//4093
f 4091//4091 4095//4095 4094//4094
f 4096//4096 4097//4097 4098//4098
f 4096//4096 4098//4098 4099//4099
f 4096//4096 4099//4099 4100//4100
f 4101//4101 4102//4102 4108//4108
f 4101//4101 4108//4108 4107//4107
f 4102//4102 4103//4103 4109//4109
f 4102//4102 4109//4109 4108//4108
f 4103//4103 4104//4104 4110//4110
f 4103//4103 4110//4110 4109//4109
f 4104//4104 4105//4105 4111//4111
f 4104//4104 4111//4111 4110//4110
f 4105//4105 4106//4106 4112//4112
f 4105//4105 4112//4112 4111//4111
f 4106//4106 4101//4101 4107//4107
f 4106//4106 4107//4107 4112//4112
f 4101//4101 4103//4103 4102//4102
f 4101//4101 4104//4104 4103//4103
f 4101//4101 4105//4105 4104//4104
f 4101//4101 4106//4106 4105//4105
f 4107//4107 4108//4108 4109//4109
f 4107//4107 4109//4109 4110//4110
f 4107//4107 4110//4110 4111//4111
f 4107//4107 4111//4111 4112//4112
f 4113//4113 4114//4114 4119//4119
f 4113//4113 4119//4119 4118//4118
f 4114//4114 4115//4115 4120//4120
f 4114//4114 4120//4120 4119//4119
f 4115//4115 4116//4116 4121//4121
f 4115//4115 4121//4121 4120//4120
f 4116//4116 4117//4117 4122//4122
f 4116//4116 4122//4122 4121//4121
f 4117//4117 4113//4113 4118//4118
f 4117//4117 4118//4118 4122//4122
f 4113//4113 4115//4115 4114//4114
f 4113//4113 4116//4116 4115//4115
f 4113//4113 4117//4117 4116//4116
f 4118//4118 4119//4119 4120//4120
f 4118//4118 4120//4120 4121//4121
f 4118//4118 4121//4121 4122//4122
f 4123//4123 4124//4124 4129//4129
f 4123//4123 4129//4129 4128//4128
f 4124//4124 4125//4125 4130//4130
f 4124//4124 4130//4130 4129//4129
f 4125//4125 4126//4126 4131//4131
f 4125//4125 4131//4131 4130//4130
f 4126//4126 4127//4127 4132//4132
f 4126//4126 4132//4132 4131//4131
f 4127//4127 4123//4123 4128//4128
f 4127//4127 4128//4128 4132//4132
f 4123//4123 4125//4125 4124//4124
f 4123//4123 4126//4126 4125//4125
f 4123//4123 4127//4127 4126//4126
f 4128//4128 4129//4129 4130//4130
f 4128//4128 4130//4130 4131//4131
f 4128//4128 4131//4131 4132//4132
f 4133//4133 4134//4134 4139//4139
f 4133//4133 4139//4139 4138//4138
f 4134//4134 4135//4135 4140//4140
f 4134//4134 4140//4140 4139//4139
f 4135//4135 4136//4136 4141//4141
f 4135//4135 4141//4141 4140//4140
f 4136//4136 4137//4137 4142//4142
f 4136//4136 4142//4142 4141//4141
f 4137//4137 4133//4133 4138//4138
f 4137//4137 4138//4138 4142//4142
f 4133//4133 4135//4135 4134//4134
f 4133//4133 4136//4136 4135//4135
f 4133//4133 4137//4137 4136//4136
f 4138//4138 4139//4139 4140//4140
f 4138//4138 4140//4140 4141//4141
f 4138//4138 4141//4141 4142//4142
f 4143//4143 4144//4144 4149//4149
f 4143//4143 4149//4149 4148//4148
f 4144//4144 4145//4145 4150//4150
f 4144//4144 4150//4150 4149//4149
f 4145//4145 4146//4146 4151//4151
f 4145//4145 4151//4151 4150//4150
f 4146//4146 4147//4147 4152//4152
f 4146//4146 4152//4152 4151//4151
f 4147//4147 4143//4143 4148//4148
f 4147//4147 4148//4148 4152//4152
f 4143//4143 4145//4145 4144//4144
f 4143//4143 4146//4146 4145//4145
f 4143//4143 4147//4147 4146//4146
f 4148//4148 4149//4149 4150//4150
f 4148//4148 4150//4150 4151//4151
f 4148//4148 4151//4151 4152//4152
f 4153//4153 4154//4154 4159//4159
f 4153//4153 4159//4159 4158//4158
f 4154//4154 4155//4155 4160//4160
f 4154//4154 4160//4160 4159//4159
f 4155//4155 4156//4156 4161//4161
f 4155//4155 4161//4161 4160//4160
f 4156//4156 4157//4157 4162//4162
f 4156//4156 4162//4162 4161//4161
f 4157//4157 4153//4153 4158//4158
f 4157//4157 4158//4158 4162//4162
f 4153//4153 4155//4155 4154//4154
f 4153//4153 4156//4156 4155//4155
f 4153//4153 4157//4157 4156//4156
f 4158//4158 4159//4159 4160//4160
f 4158//4158 4160//4160 4161//4161
f 4158//4158 4161//4161 4162//4162
f 4163//4163 4164//4164 4169//4169
f 4163//4163 4169//4169 4168//4168
f 4164//4164 4165//4165 4170//4170
f 4164//4164 4170//4170 4169//4169
f 4165//4165 4166//4166 4171//4171
f 4165//4165 4171//4171 4170//4170
f 4166//4166 4167//4167 4172//4172
f 4166//4166 4172//4172 4171//4171
f 4167//4167 4163//4163 4168//4168
f 4167//4167 4168//4168 4172//4172
f 4163//4163 4165//4165 4164//4164
f 4163//4163 4166//4166 4165//4165
f 4163//4163 4167//4167 4166//4166
f 4168//4168 4169//4169 4170//4170
f 4168//4168 4170//4170 4171//4171
f 4168//4168 4171//4171 4172//4172
f 4173//4173 4174//4174 4179//4179
f 4173//4173 4179//4179 4178//4178
f 4174//4174 4175//4175 4180//4180
f 4174//4174 4180//4180 4179//4179
f 4175//4175 4176//4176 4181//4181
f 4175//4175 4181//4181 4180//4180
f 4176//4176 4177//4177 4182//4182
f 4176//4176 4182//4182 4181//4181
f 4177//4177 4173//4173 4178//4178
f 4177//4177 4178//4178 4182//4182
f 4173//4173 4175//4175 4174//4174
f 4173//4173 4176//4176 4175//4175
f 4173//4173 4177//4177 4176//4176
f 4178//4178 4179//4179 4180//4180
f 4178//4178 4180//4180 4181//4181
f 4178//4178 4181//4181 4182//4182
f 4183//4183 4184//4184 4189//4189
f 4183//4183 4189//4189 4188//4188
f 4184//4184 4185//4185 4190//4190
f 4184//4184 4190//4190 4189//4189
f 4185//4185 4186//4186 4191//4191
f 4185//4185 4191//4191 4190//4190
f 4186//4186 4187//4187 4192//4192
f 4186//4186 4192//4192 4191//4191
f 4187//4187 4183//4183 4188//4188
f 4187//4187 4188//4188 4192//4192
f 4183//4183 4185//4185 4184//4184
f 4183//4183 4186//4186 4185//4185
f 4183//4183 4187//4187 4186//4186
f 4188//4188 4189//4189 4190//4190
f 4188//4188 4190//4190 4191//4191
f 4188//4188 4191//4191 4192//4192
f 4193//4193 4194//4194 4199//4199
f 4193//4193 4199//4199 4198//4198
f 4194//4194 4195//4195 4200//4200
f 4194//4194 4200//4200 4199//4199
f 4195//4195 4196//4196 4201//4201
f 4195//4195 4201//4201 4200//4200
f 4196//4196 4197//4197 4202//4202
f 4196//4196 4202//4202 4201//4201
f 4197//4197 4193//4193 4198//4198
f 4197//4197 4198//4198 4202//4202
f 4193//4193 4195//4195 4194//4194
f 4193//4193 4196//4196 4195//4195
f 4193//4193 4197//4197 4196//4196
f 4198//4198 4199//4199 4200//4200
f 4198//4198 4200//4200 4201//4201
f 4198//4198 4201//4201 4202//4202
f 4203//4203 4204//4204 4210//4210
f 4203//4203 4210//4210 4209//4209
f 4204//4204 4205//4205 4211//4211
f 4204//4204 4211//4211 4210//4210
f 4205//4205 4206//4206 4212//4212
f 4205//4205 4212//4212 4211//4211
f 4206//4206 4207//4207 4213//4213
f 4206//4206 4213//4213 4212//4212
f 4207//4207 4208//4208 4214//4214
f 4207//4207 4214//4214 4213//4213
f 4208//4208 4203//4203 4209//4209
f 4208//4208 4209//4209 4214//4214
f 4203//4203 4205//4205 4204//4204
f 4203//4203 4206//4206 4205//4205
f 4203//4203 4207//4207 4206//4206
f 4203//4203 4208//4208 4207//4207
f 4209//4209 4210//4210 4211//4211
f 4209//4209 4211//4211 4212//4212
f 4209//4209 4212//4212 4213//4213
f 4209//4209 4213//4213 4214//4214
f 4215//4215 4216//4216 4221//4221
f 4215//4215 4221//4221 4220//4220
f 4216//4216 4217//4217 4222//4222
f 4216//4216 4222//4222 4221//4221
f 4217//4217 4218//4218 4223//4223
f 4217//4217 4223//4223 4222//4222
f 4218//4218 4219//4219 4224//4224
f 4218//4218 4224//4224 4223//4223
f 4219//4219 4215//4215 4220//4220
f 4219//4219 4220//4220 4224//4224
f 4215//4215 4217//4217 4216//4216
f 4215//4215 4218//4218 4217//4217
f 4215//4215 4219//4219 4218//4218
f 4220//4220 4221//4221 4222//4222
f 4220//4220 4222//4222 4223//4223
f 4220//4220 4223//4223 4224//4224
f 4225//4225 4226//4226 4231//4231
f 4225//4225 4231//4231 4230//4230
f 4226//4226 4227//4227 4232//4232
f 4226//4226 4232//4232 4231//4231
f 4227//4227 4228//4228 4233//4233
f 4227//4227 4233//4233 4232//4232
f 4228//4228 4229//4229 4234//4234
f 4228//4228 4234//4234 4233//4233
f 4229//4229 4225//4225 4230//4230
f 4229//4229 4230//4230 4234//4234
f 4225//4225 4227//4227 4226//4226
f 4225//4225 4228//4228 4227//4227
f 4225//4225 4229//4229 4228//4228
f 4230//4230 4231//4231 4232//4232
f 4230//4230 4232//4232 4233//4233
f 4230//4230 4233//4233 4234//4234
f 4235//4235 4236//4236 4241//4241
f 4235//4235 4241//4241 4240//4240
f 4236//4236 4237//4237 4242//4242
f 4236//4236 4242//4242 4241//4241
f 4237//4237 4238//4238 4243//4243
f 4237//4237 4243//4243 4242//4242
f 4238//4238 4239//4239 4244//4244
f 4238//4238 4244//4244 4243//4243
f 4239//4239 4235//4235 4240//4240
f 4239//4239 4240//4240 4244//4244
f 4235//4235 4237//4237 4236//4236
f 4235//4235 4238//4238 4237//4237
f 4235//4235 4239//4239 4238//4238
f 4240//4240 4241//4241 4242//4242
f 4240//4240 4242//4242 4243//4243
f 4240//4240 4243//4243 4244//4244
f 4245//4245 4246//4246 4251//4251
f 4245//4245 4251//4251 4250//4250
f 4246//4246 4247//4247 4252//4252
f 4246//4246 4252//4252 4251//4251
f 4247//4247 4248//4248 4253//4253
f 4247//4247 4253//4253 4252//4252
f 4248//4248 4249//4249 4254//4254
f 4248//4248 4254//4254 4253//4253
f 4249//4249 4245//4245 4250//4250
f 4249//4249 4250//4250 4254//4254
f 4245//4245 4247//4247 4246//4246
f 4245//4245 4248//4248 4247//4247
f 4245//4245 4249//4249 4248//4248
f 4250//4250 4251//4251 4252//4252
f 4250//4250 4252//4252 4253//4253
f 4250//4250 4253//4253 4254//4254
f 4255//4255 4256//4256 4261//4261
f 4255//4255 4261//4261 4260//4260
f 4256//4256 4257//4257 4262//4262
f 4256//4256 4262//4262 4261//4261
f 4257//4257 4258//4258 4263//4263
f 4257//4257 4263//4263 4262//4262
f 4258//4258 4259//4259 4264//4264
f 4258//4258 4264//4264 4263//4263
f 4259//4259 4255//4255 4260//4260
f 4259//4259 4260//4260 4264//4264
f 4255//4255 4257//4257 4256//4256
f 4255//4255 4258//4258 4257//4257
f 4255//4255 4259//4259 4258//4258
f 4260//4260 4261//4261 4262//4262
f 4260//4260 4262//4262 4263//4263
f 4260//4260 4263//4263 4264//4264
f 4265//4265 4266//4266 4271//4271
f 4265//4265 4271//4271 4270//4270
f 4266//4266 4267//4267 4272//4272
f 4266//4266 4272//4272 4271//4271
f 4267//4267 4268//4268 4273//4273
f 4267//4267 4273//4273 4272//4272
f 4268//4268 4269//4269 4274//4274
f 4268//4268 4274//4274 4273//4273
f 4269//4269 4265//4265 4270//4270
f 4269//4269 4270//4270 4274//4274
f 4265//4265 4267//4267 4266//4266
f 4265//4265 4268//4268 4267//4267
f 4265//4265 4269//4269 4268//4268
f 4270//4270 4271//4271 4272//4272
f 4270//4270 4272//4272 4273//4273
f 4270//4270 4273//4273 4274//4274
f 4275//4275 4276//4276 4281//4281
f 4275//4275 4281//4281 4280//4280
f 4276//4276 4277//4277 4282//4282
f 4276//4276 4282//4282 4281//4281
f 4277//4277 4278//4278 4283//4283
f 4277//4277 4283//4283 4282//4282
f 4278//4278 4279//4279 4284//4284
f 4278//4278 4284//4284 4283//4283
f 4279//4279 4275//4275 4280//4280
f 4279//4279 4280//4280 4284//4284
f 4275//4275 4277//4277 4276//4276
f 4275//4275 4278//4278 4277//4277
f 4275//4275 4279//4279 4278//4278
f 4280//4280 4281//4281 4282//4282
f 4280//4280 4282//4282 4283//4283
f 4280//4280 4283//4283 4284//4284
f 4285//4285 4286//4286 4291//4291
f 4285//4285 4291//4291 4290//4290
f 4286//4286 4287//4287 4292//4292
f 4286//4286 4292//4292 4291//4291
f 4287//4287 4288//4288 4293//4293
f 4287//4287 4293//4293 4292//4292
f 4288//4288 4289//4289 4294//4294
f 4288//4288 4294//4294 4293//4293
f 4289//4289 4285//4285 4290//4290
f 4289//4289 4290//4290 4294//4294
f 4285//4285 4287//4287 4286//4286
f 4285//4285 4288//4288 4287//4287
f 4285//4285 4289//4289 4288//4288
f 4290//4290 4291//4291 4292//4292
f 4290//4290 4292//4292 4293//4293
f 4290//4290 4293//4293 4294//4294
f 4295//4295 4296//4296 4301//4301
f 4295//4295 4301//4301 4300//4300
f 4296//4296 4297//4297 4302//4302
f 4296//4296 4302//4302 4301//4301
f 4297//4297 4298//4298 4303//4303
f 4297//4297 4303//4303 4302//4302
f 4298//4298 4299//4299 4304//4304
f 4298//4298 4304//4304 4303//4303
f 4299//4299 4295//4295 4300//4300
f 4299//4299 4300//4300 4304//4304
f 4295//4295 4297//4297 4296//4296
f 4295//4295 4298//4298 4297//4297
f 4295//4295 4299//4299 4298//4298
f 4300//4300 4301//4301 4302//4302
f 4300//4300 4302//4302 4303//4303
f 4300//4300 4303//4303 4304//4304
f 4305//4305 4306//4306 4312//4312
f 4305//4305 4312//4312 4311//4311
f 4306//4306 4307//4307 4313//4313
f 4306//4306 4313//4313 4312//4312
f 4307//4307 4308//4308 4314//4314
f 4307//4307 4314//4314 4313//4313
f 4308//4308 4309//4309 4315//4315
f 4308//4308 4315//4315 4314//4314
f 4309//4309 4310//4310 4316//4316
f 4309//4309 4316//4316 4315//4315
f 4310//4310 4305//4305 4311//4311
f 4310//4310 4311//4311 4316//4316
f 4305//4305 4307//4307 4306//4306
f 4305//4305 4308//4308 4307//4307
f 4305//4305 4309//4309 4308//4308
f 4305//4305 4310//4310 4309//4309
f 4311//4311 4312//4312 4313//4313
f 4311//4311 4313//4313 4314//4314
f 4311//4311 4314//4314 4315//4315
f 4311//4311 4315//4315 4316//4316
f 4317//4317 4318//4318 4323//4323
f 4317//4317 4323//4323 4322//4322
f 4318//4318 4319//4319 4324//4324
f 4318//4318 4324//4324 4323//4323
f 4319//4319 4320//4320 4325//4325
f 4319//4319 4325//4325 4324//4324
f 4320//4320 4321//4321 4326//4326
f 4320//4320 4326//4326 4325//4325
f 4321//4321 4317//4317 4322//4322
f 4321//4321 4322//4322 4326//4326
f 4317//4317 4319//4319 4318//4318
f 4317//4317 4320//4320 4319//4319
f 4317//4317 4321//4321 4320//4320
f 4322//4322 4323//4323 4324//4324
f 4322//4322 4324//4324 4325//4325
f 4322//4322 4325//4325 4326//4326
f 4327//4327 4328//4328 4333//4333
f 4327//4327 4333//4333 4332//4332
f 4328//4328 4329//4329 4334//4334
f 4328//4328 4334//4334 4333//4333
f 4329//4329 4330//4330 4335//4335
f 4329//4329 4335//4335 4334//4334
f 4330//4330 4331//4331 4336//4336
f 4330//4330 4336//4336 4335//4335
f 4331//4331 4327//4327 4332//4332
f 4331//4331 4332//4332 4336//4336
f 4327//4327 4329//4329 4328//4328
f 4327//4327 4330//4330 4329//4329
f 4327//4327 4331//4331 4330//4330
f 4332//4332 4333//4333 4334//4334
f 4332//4332 4334//4334 4335//4335
f 4332//4332 4335//4335 4336//4336
f 4337//4337 4338//4338 4343//4343
f 4337//4337 4343//4343 4342//4342
f 4338//4338 4339//4339 4344//4344
f 4338//4338 4344//4344 4343//4343
f 4339//4339 4340//4340 4345//4345
f 4339//4339 4345//4345 4344//4344
f 4340//4340 4341//4341 4346//4346
f 4340//4340 4346//4346 4345//4345
f 4341//4341 4337//4337 4342//4342
f 4341//4341 4342//4342 4346//4346
f 4337//4337 4339//4339 4338//4338
f 4337//4337 4340//4340 4339//4339
f 4337//4337 4341//4341 4340//4340
f 4342//4342 4343//4343 4344//4344
f 4342//4342 4344//4344 4345//4345
f 4342//4342 4345//4345 4346//4346
f 4347//4347 4348//4348 4353//4353
f 4347//4347 4353//4353 4352//4352
f 4348//4348 4349//4349 4354//4354
f 4348//4348 4354//4354 4353//4353
f 4349//4349 4350//4350 4355//4355
f 4349//4349 4355//4355 4354//4354
f 4350//4350 4351//4351 4356//4356
f 4350//4350 4356//4356 4355//4355
f 4351//4351 4347//4347 4352//4352
f 4351//4351 4352//4352 4356//4356
f 4347//4347 4349//4349 4348//4348
f 4347//4347 4350//4350 4349//4349
f 4347//4347 4351//4351 4350//4350
f 4352//4352 4353//4353 4354//4354
f 4352//4352 4354//4354 4355//4355
f 4352//4352 4355//4355 4356//4356
f 4357//4357 4358//4358 4363//4363
f 4357//4357 4363//4363 4362//4362
f 4358//4358 4359//4359 4364//4364
f 4358//4358 4364//4364 4363//4363
f 4359//4359 4360//4360 4365//4365
f 4359//4359 4365//4365 4364//4364
f 4360//4360 4361//4361 4366//4366
f 4360//4360 4366//4366 4365//4365
f 4361//4361 4357//4357 4362//4362
f 4361//4361 4362//4362 4366//4366
f 4357//4357 4359//4359 4358//4358
f 4357//4357 4360//4360 4359//4359
f 4357//4357 4361//4361 4360//4360
f 4362//4362 4363//4363 4364//4364
f 4362//4362 4364//4364 4365//4365
f 4362//4362 4365//4365 4366//4366
f 4367//4367 4368//4368 4373//4373
f 4367//4367 4373//4373 4372//4372
f 4368//4368 4369//4369 4374//4374
f 4368//4368 4374//4374 4373//4373
f 4369//4369 4370//4370 4375//4375
f 4369//4369 4375//4375 4374//4374
f 4370//4370 4371//4371 4376//4376
f 4370//4370 4376//4376 4375//4375
f 4371//4371 4367//4367 4372//4372
f 4371//4371 4372//4372 4376//4376
f 4367//4367 4369//4369 4368//4368
f 4367//4367 4370//4370 4369//4369
f 4367//4367 4371//4371 4370//4370
f 4372//4372 4373//4373 4374//4374
f 4372//4372 4374//4374 4375//4375
f 4372//4372 4375//4375 4376//4376
f 4377//4377 4378//4378 4383//4383
f 4377//4377 4383//4383 4382//4382
f 4378//4378 4379//4379 4384//4384
f 4378//4378 4384//4384 4383//4383
f 4379//4379 4380//4380 4385//4385
f 4379//4379 4385//4385 4384//4384
f 4380//4380 4381//4381 4386//4386
f 4380//4380 4386//4386 4385//4385
f 4381//4381 4377//4377 4382//4382
f 4381//4381 4382//4382 4386//4386
f 4377//4377 4379//4379 4378//4378
f 4377//4377 4380//4380 4379//4379
f 4377//4377 4381//4381 4380//4380
f 4382//4382 4383//4383 4384//4384
f 4382//4382 4384//4384 4385//4385
f 4382//4382 4385//4385 4386//4386
f 4387//4387 4388//4388 4393//4393
f 4387//4387 4393//4393 4392//4392
f 4388//4388 4389//4389 4394//4394
f 4388//4388 4394//4394 4393//4393
f 4389//4389 4390//4390 4395//4395
f 4389//4389 4395//4395 4394//4394
f 4390//4390 4391//4391 4396//4396
f 4390//4390 4396//4396 4395//4395
f 4391//4391 4387//4387 4392//4392
f 4391//4391 4392//4392 4396//4396
f 4387//4387 4389//4389 4388//4388
f 4387//4387 4390//4390 4389//4389
f 4387//4387 4391//4391 4390//4390
f 4392//4392 4393//4393 4394//4394
f 4392//4392 4394//4394 4395//4395
f 4392//4392 4395//4395 4396//4396
f 4397//4397 4398//4398 4403//4403
f 4397//4397 4403//4403 4402//4402
f 4398//4398 4399//4399 4404//4404
f 4398//4398 4404//4404 4403//4403
f 4399//4399 4400//4400 4405//4405
f 4399//4399 4405//4405 4404//4404
f 4400//4400 4401//4401 4406//4406
f 4400//4400 4406//4406 4405//4405
f 4401//4401 4397//4397 4402//4402
f 4401//4401 4402//4402 4406//4406
f 4397//4397 4399//4399 4398//4398
f 4397//4397 4400//4400 4399//4399
f 4397//4397 4401//4401 4400//4400
f 4402//4402 4403//4403 4404//4404
f 4402//4402 4404//4404 4405//4405
f 4402//4402 4405//4405 4406//4406
f 4407//4407 4408//4408 4414//4414
f 4407//4407 4414//4414 4413//4413
f 4408//4408 4409//4409 4415//4415
f 4408//4408 4415//4415 4414//4414
f 4409//4409 4410//4410 4416//4416
f 4409//4409 4416//4416 4415//4415
f 4410//4410 4411//4411 4417//4417
f 4410//4410 4417//4417 4416//4416
f 4411//4411 4412//4412 4418//4418
f 4411//4411 4418//4418 4417//4417
f 4412//4412 4407//4407 4413//4413
f 4412//4412 4413//4413 4418//4418
f 4407//4407 4409//4409 4408//4408
f 4407//4407 4410//4410 4409//4409
f 4407//4407 4411//4411 4410//4410
f 4407//4407 4412//4412 4411//4411
f 4413//4413 4414//4414 4415//4415
f 4413//4413 4415//4415 4416//4416
f 4413//4413 4416//4416 4417//4417
f 4413//4413 4417//4417 4418//4418
f 4419//4419 4420//4420 4425//4425
f 4419//4419 4425//4425 4424//4424
f 4420//4420 4421//4421 4426//4426
f 4420//4420 4426//4426 4425//4425
f 4421//4421 4422//4422 4427//4427
f 4421//4421 4427//4427 4426//4426
f 4422//4422 4423//4423 4428//4428
f 4422//4422 4428//4428 4427//4427
f 4423//4423 4419//4419 4424//4424
f 4423//4423 4424//4424 4428//4428
f 4419//4419 4421//4421 4420//4420
f 4419//4419 4422//4422 4421//4421
f 4419//4419 4423//4423 4422//4422
f 4424//4424 4425//4425 4426//4426
f 4424//4424 4426//4426 4427//4427
f 4424//4424 4427//4427 4428//4428
f 4429//4429 4430//4430 4435//4435
f 4429//4429 4435//4435 4434//4434
f 4430//4430 4431//4431 4436//4436
f 4430//4430 4436//4436 4435//4435
f 4431//4431 4432//4432 4437//4437
f 4431//4431 4437//4437 4436//4436
f 4432//4432 4433//4433 4438//4438
f 4432//4432 4438//4438 4437//4437
f 4433//4433 4429//4429 4434//4434
f 4433//4433 4434//4434 4438//4438
f 4429//4429 4431//4431 4430//4430
f 4429//4429 4432//4432 4431//4431
f 4429//4429 4433//4433 4432//4432
f 4434//4434 4435//4435 4436//4436
f 4434//4434 4436//4436 4437//4437
f 4434//4434 4437//4437 4438//4438
f 4439//4439 4440//4440 4445//4445
f 4439//4439 4445//4445 4444//4444
f 4440//4440 4441//4441 4446//4446
f 4440//4440 4446//4446 4445//4445
f 4441//4441 4442//4442 4447//4447
f 4441//4441 4447//4447 4446//4446
f 4442//4442 4443//4443 4448//4448
f 4442//4442 4448//4448 4447//4447
f 4443//4443 4439//4439 4444//4444
f 4443//4443 4444//4444 4448//4448
f 4439//4439 4441//4441 4440//4440
f 4439//4439 4442//4442 4441//4441
f 4439//4439 4443//4443 4442//4442
f 4444//4444 4445//4445 4446//4446
f 4444//4444 4446//4446 4447//4447
f 4444//4444 4447//4447 4448//4448
f 4449//4449 4450//4450 4455//4455
f 4449//4449 4455//4455 4454//4454
f 4450//4450 4451//4451 4456//4456
f 4450//4450 4456//4456 4455//4455
f 4451//4451 4452//4452 4457//4457
f 4451//4451 4457//4457 4456//4456
f 4452//4452 4453//4453 4458//4458
f 4452//4452 4458//4458 4457//4457
f 4453//4453 4449//4449 4454//4454
f 4453//4453 4454//4454 4458//4458
f 4449//4449 4451//4451 4450//4450
f 4449//4449 4452//4452 4451//4451
f 4449//4449 4453//4453 4452//4452
f 4454//4454 4455//4455 4456//4456
f 4454//4454 4456//4456 4457//4457
f 4454//4454 4457//4457 4458//4458
f 4459//4459 4460//4460 4465//4465
f 4459//4459 4465//4465 4464//4464
f 4460//4460 4461//4461 4466//4466
f 4460//4460 4466//4466 4465//4465
f 4461//4461 4462//4462 4467//4467
f 4461//4461 4467//4467 4466//4466
f 4462//4462 4463//4463 4468//4468
f 4462//4462 4468//4468 4467//4467
f 4463//4463 4459//4459 4464//4464
f 4463//4463 4464//4464 4468//4468
f 4459//4459 4461//4461 4460//4460
f 4459//4459 4462//4462 4461//4461
f 4459//4459 4463//4463 4462//4462
f 4464//4464 4465//4465 4466//4466
f 4464//4464 4466//4466 4467//4467
f 4464//4464 4467//4467 4468//4468
f 4469//4469 4470//4470 4475//4475
f 4469//4469 4475//4475 4474//4474
f 4470//4470 4471//4471 4476//4476
f 4470//4470 4476//4476 4475//4475
f 4471//4471 4472//4472 4477//4477
f 4471//4471 4477//4477 4476//4476
f 4472//4472 4473//4473 4478//4478
f 4472//4472 4478//4478 4477//4477
f 4473//4473 4469//4469 4474//4474
f 4473//4473 4474//4474 4478//4478
f 4469//4469 4471//4471 4470//4470
f 4469//4469 4472//4472 4471//4471
f 4469//4469 4473//4473 4472//4472
f 4474//4474 4475//4475 4476//4476
f 4474//4474 4476//4476 4477//4477
f 4474//4474 4477//4477 4478//4478
f 4479//4479 4480//4480 4485//4485
f 4479//4479 4485//4485 4484//4484
f 4480//4480 4481//4481 4486//4486
f 4480//4480 4486//4486 4485//4485
f 4481//4481 4482//4482 4487//4487
f 4481//4481 4487//4487 4486//4486
f 4482//4482 4483//4483 4488//4488
f 4482//4482 4488//4488 4487//4487
f 4483//4483 4479//4479 4484//4484
f 4483//4483 4484//4484 4488//4488
f 4479//4479 4481//4481 4480//4480
f 4479//4479 4482//4482 4481//4481
f 4479//4479 4483//4483 4482//4482
f 4484//4484 4485//4485 4486//4486
f 4484//4484 4486//4486 4487//4487
f 4484//4484 4487//4487 4488//4488
f 4489//4489 4490//4490 4495//4495
f 4489//4489 4495//4495 4494//4494
f 4490//4490 4491//4491 4496//4496
f 4490//4490 4496//4496 4495//4495
f 4491//4491 4492//4492 4497//4497
f 4491//4491 4497//4497 4496//4496
f 4492//4492 4493//4493 4498//4498
f 4492//4492 4498//4498 4497//4497
f 4493//4493 4489//4489 4494//4494
f 4493//4493 4494//4494 4498//4498
f 4489//4489 4491//4491 4490//4490
f 4489//4489 4492//4492 4491//4491
f 4489//4489 4493//4493 4492//4492
f 4494//4494 4495//4495 4496//4496
f 4494//4494 4496//4496 4497//4497
f 4494//4494 4497//4497 4498//4498
f 4499//4499 4500//4500 4505//4505
f 4499//4499 4505//4505 4504//4504
f 4500//4500 4501//4501 4506//4506
f 4500//4500 4506//4506 4505//4505
f 4501//4501 4502//4502 4507//4507
f 4501//4501 4507//4507 4506//4506
f 4502//4502 4503//4503 4508//4508
f 4502//4502 4508//4508 4507//4507
f 4503//4503 4499//4499 4504//4504
f 4503//4503 4504//4504 4508//4508
f 4499//4499 4501//4501 4500//4500
f 4499//4499 4502//4502 4501//4501
f 4499//4499 4503//4503 4502//4502
f 4504//4504 4505//4505 4506//4506
f 4504//4504 4506//4506 4507//4507
f 4504//4504 4507//4507 4508//4508
f 4509//4509 4510//4510 4516//4516
f 4509//4509 4516//4516 4515//4515
f 4510//4510 4511//4511 4517//4517
f 4510//4510 4517//4517 4516//4516
f 4511//4511 4512//4512 4518//4518
f 4511//4511 4518//4518 4517//4517
f 4512//4512 4513//4513 4519//4519
f 4512//4512 4519//4519 4518//4518
f 4513//4513 4514//4514 4520//4520
f 4513//4513 4520//4520 4519//4519
f 4514//4514 4509//4509 4515//4515
f 4514//4514 4515//4515 4520//4520
f 4509//4509 4511//4511 4510//4510
f 4509//4509 4512//4512 4511//4511
f 4509//4509 4513//4513 4512//4512
f 4509//4509 4514//4514 4513//4513
f 4515//4515 4516//4516 4517//4517
f 4515//4515 4517//4517 4518//4518
f 4515//4515 4518//4518 4519//4519
f 4515//4515 4519//4519 4520//4520
f 4521//4521 4522//4522 4527//4527
f 4521//4521 4527//4527 4526//4526
f 4522//4522 4523//4523 4528//4528
f 4522//4522 4528//4528 4527//4527
f 4523//4523 4524//4524 4529//4529
f 4523//4523 4529//4529 4528//4528
f 4524//4524 4525//4525 4530//4530
f 4524//4524 4530//4530 4529//4529
f 4525//4525 4521//4521 4526//4526
f 4525//4525 4526//4526 4530//4530
f 4521//4521 4523//4523 4522//4522
f 4521//4521 4524//4524 4523//4523
f 4521//4521 4525//4525 4524//4524
f 4526//4526 4527//4527 4528//4528
f 4526//4526 4528//4528 4529//4529
f 4526//4526 4529//4529 4530//4530
f 4531//4531 4532//4532 4537//4537
f 4531//4531 4537//4537 4536//4536
f 4532//4532 4533//4533 4538//4538
f 4532//4532 4538//4538 4537//4537
f 4533//4533 4534//4534 4539//4539
f 4533//4533 4539//4539 4538//4538
f 4534//4534 4535//4535 4540//4540
f 4534//4534 4540//4540 4539//4539
f 4535//4535 4531//4531 4536//4536
f 4535//4535 4536//4536 4540//4540
f 4531//4531 4533//4533 4532//4532
f 4531//4531 4534//4534 4533//4533
f 4531//4531 4535//4535 4534//4534
f 4536//4536 4537//4537 4538//4538
f 4536//4536 4538//4538 4539//4539
f 4536//4536 4539//4539 4540//4540
f 4541//4541 4542//4542 4547//4547
f 4541//4541 4547//4547 4546//4546
f 4542//4542 4543//4543 4548//4548
f 4542//4542 4548//4548 4547//4547
f 4543//4543 4544//4544 4549//4549
f 4543//4543 4549//4549 4548//4548
f 4544//4544 4545//4545 4550//4550
f 4544//4544 4550//4550 4549//4549
f 4545//4545 4541//4541 4546//4546
f 4545//4545 4546//4546 4550//4550
f 4541//4541 4543//4543 4542//4542
f 4541//4541 4544//4544 4543//4543
f 4541//4541 4545//4545 4544//4544
f 4546//4546 4547//4547 4548//4548
f 4546//4546 4548//4548 4549//4549
f 4546//4546 4549//4549 4550//4550
f 4551//4551 4552//4552 4557//4557
f 4551//4551 4557//4557 4556//4556
f 4552//4552 4553//4553 4558//4558
f 4552//4552 4558//4558 4557//4557
f 4553//4553 4554//4554 4559//4559
f 4553//4553 4559//4559 4558//4558
f 4554//4554 4555//4555 4560//4560
f 4554//4554 4560//4560 4559//4559
f 4555//4555 4551//4551 4556//4556
f 4555//4555 4556//4556 4560//4560
f 4551//4551 4553//4553 4552//4552
f 4551//4551 4554//4554 4553//4553
f 4551//4551 4555//4555 4554//4554
f 4556//4556 4557//4557 4558//4558
f 4556//4556 4558//4558 4559//4559
f 4556//4556 4559//4559 4560//4560
f 4561//4561 4562//4562 4567//4567
f 4561//4561 4567//4567 4566//4566
f 4562//4562 4563//4563 4568//4568
f 4562//4562 4568//4568 4567//4567
f 4563//4563 4564//4564 4569//4569
f 4563//4563 4569//4569 4568//4568
f 4564//4564 4565//4565 4570//4570
f 4564//4564 4570//4570 4569//4569
f 4565//4565 4561//4561 4566//4566
f 4565//4565 4566//4566 4570//4570
f 4561//4561 4563//4563 4562//4562
f 4561//4561 4564//4564 4563//4563
f 4561//4561 4565//4565 4564//4564
f 4566//4566 4567//4567 4568//4568
f 4566//4566 4568//4568 4569//4569
f 4566//4566 4569//4569 4570//4570
f 4571//4571 4572//4572 4577//4577
f 4571//4571 4577//4577 4576//4576
f 4572//4572 4573//4573 4578//4578
f 4572//4572 4578//4578 4577//4577
f 4573//4573 4574//4574 4579//4579
f 4573//4573 4579//4579 4578//4578
f 4574//4574 4575//4575 4580//4580
f 4574//4574 4580//4580 4579//4579
f 4575//4575 4571//4571 4576//4576
f 4575//4575 4576//4576 4580//4580
f 4571//4571 4573//4573 4572//4572
f 4571//4571 4574//4574 4573//4573
f 4571//4571 4575//4575 4574//4574
f 4576//4576 4577//4577 4578//4578
f 4576//4576 4578//4578 4579//4579
f 4576//4576 4579//4579 4580//4580
f 4581//4581 4582//4582 4587//4587
f 4581//4581 4587//4587 4586//4586
f 4582//4582 4583//4583 4588//4588
f 4582//4582 4588//4588 4587//4587
f 4583//4583 4584//4584 4589//4589
f 4583//4583 4589//4589 4588//4588
f 4584//4584 4585//4585 4590//4590
f 4584//4584 4590//4590 4589//4589
f 4585//4585 4581//4581 4586//4586
f 4585//4585 4586//4586 4590//4590
f 4581//4581 4583//4583 4582//4582
f 4581//4581 4584//4584 4583//4583
f 4581//4581 4585//4585 4584//4584
f 4586//4586 4587//4587 4588//4588
f 4586//4586 4588//4588 4589//4589
f 4586//4586 4589//4589 4590//4590
f 4591//4591 4592//4592 4597//4597
f 4591//4591 4597//4597 4596//4596
f 4592//4592 4593//4593 4598//4598
f 4592//4592 4598//4598 4597//4597
f 4593//4593 4594//4594 4599//4599
f 4593//4593 4599//4599 4598//4598
f 4594//4594 4595//4595 4600//4600
f 4594//4594 4600//4600 4599//4599
f 4595//4595 4591//4591 4596//4596
f 4595//4595 4596//4596 4600//4600
f 4591//4591 4593//4593 4592//4592
f 4591//4591 4594//4594 4593//4593
f 4591//4591 4595//4595 4594//4594
f 4596//4596 4597//4597 4598//4598
f 4596//4596 4598//4598 4599//4599
f 4596//4596 4599//4599 4600//4600
f 4601//4601 4602//4602 4607//4607
f 4601//4601 4607//4607 4606//4606
f 4602//4602 4603//4603 4608//4608
f 4602//4602 4608//4608 4607//4607
f 4603//4603 4604//4604 4609//4609
f 4603//4603 4609//4609 4608//4608
f 4604//4604 4605//4605 4610//4610
f 4604//4604 4610//4610 4609//4609
f 4605//4605 4601//4601 4606//4606
f 4605//4605 4606//4606 4610//4610
f 4601//4601 4603//4603 4602//4602
f 4601//4601 4604//4604 4603//4603
f 4601//4601 4605//4605 4604//4604
f 4606//4606 4607//4607 4608//4608
f 4606//4606 4608//4608 4609//4609
f 4606//4606 4609//4609 4610//4610
f 4611//4611 4612//4612 4618//4618
f 4611//4611 4618//4618 4617//4617
f 4612//4612 4613//4613 4619//4619
f 4612//4612 4619//4619 4618//4618
f 4613//4613 4614//4614 4620//4620
f 4613//4613 4620//4620 4619//4619
f 4614//4614 4615//4615 4621//4621
f 4614//4614 4621//4621 4620//4620
f 4615//4615 4616//4616 4622//4622
f 4615//4615 4622//4622 4621//4621
f 4616//4616 4611//4611 4617//4617
f 4616//4616 4617//4617 4622//4622
f 4611//4611 4613//4613 4612//4612
f 4611//4611 4614//4614 4613//4613
f 4611//4611 4615//4615 4614//4614
f 4611//4611 4616//4616 4615//4615
f 4617//4617 4618//4618 4619//4619
f 4617//4617 4619//4619 4620//4620
f 4617//4617 4620//4620 4621//4621
f 4617//4617 4621//4621 4622//4622
f 4623//4623 4624//4624 4629//4629
f 4623//4623 4629//4629 4628//4628
f 4624//4624 4625//4625 4630//4630
f 4624//4624 4630//4630 4629//4629
f 4625//4625 4626//4626 4631//4631
f 4625//4625 4631//4631 4630//4630
f 4626//4626 4627//4627 4632//4632
f 4626//4626 4632//4632 4631//4631
f 4627//4627 4623//4623 4628//4628
f 4627//4627 4628//4628 4632//4632
f 4623//4623 4625//4625 4624//4624
f 4623//4623 4626//4626 4625//4625
f 4623//4623 4627//4627 4626//4626
f 4628//4628 4629//4629 4630//4630
f 4628//4628 4630//4630 4631//4631
f 4628//4628 4631//4631 4632//4632
f 4633//4633 4634//4634 4639//4639
f 4633//4633 4639//4639 4638//4638
f 4634//4634 4635//4635 4640//4640
f 4634//4634 4640//4640 4639//4639
f 4635//4635 4636//4636 4641//4641
f 4635//4635 4641//4641 4640//4640
f 4636//4636 4637//4637 4642//4642
f 4636//4636 4642//4642 4641//4641
f 4637//4637 4633//4633 4638//4638
f 4637//4637 4638//4638 4642//4642
f 4633//4633 4635//4635 4634//4634
f 4633//4633 4636//4636 4635//4635
f 4633//4633 4637//4637 4636//4636
f 4638//4638 4639//4639 4640//4640
f 4638//4638 4640//4640 4641//4641
f 4638//4638 4641//4641 4642//4642
f 4643//4643 4644//4644 4649//4649
f 4643//4643 4649//4649 4648//4648
f 4644//4644 4645//4645 4650//4650
f 4644//4644 4650//4650 4649//4649
f 4645//4645 4646//4646 4651//4651
f 4645//4645 4651//4651 4650//4650
f 4646//4646 4647//4647 4652//4652
f 4646//4646 4652//4652 4651//4651
f 4647//4647 4643//4643 4648//4648
f 4647//4647 4648//4648 4652//4652
f 4643//4643 4645//4645 4644//4644
f 4643//4643 4646//4646 4645//4645
f 4643//4643 4647//4647 4646//4646
f 4648//4648 4649//4649 4650//4650
f 4648//4648 4650//4650 4651//4651
f 4648//4648 4651//4651 4652//4652
f 4653//4653 4654//4654 4659//4659
f 4653//4653 4659//4659 4658//4658
f 4654//4654 4655//4655 4660//4660
f 4654//4654 4660//4660 4659//4659
f 4655//4655 4656//4656 4661//4661
f 4655//4655 4661//4661 4660//4660
f 4656//4656 4657//4657 4662//4662
f 4656//4656 4662//4662 4661//4661
f 4657//4657 4653//4653 4658//4658
f 4657//4657 4658//4658 4662//4662
f 4653//4653 4655//4655 4654//4654
f 4653//4653 4656//4656 4655//4655
f 4653//4653 4657//4657 4656//4656
f 4658//4658 4659//4659 4660//4660
f 4658//4658 4660//4660 4661//4661
f 4658//4658 4661//4661 4662//4662
f 4663//4663 4664//4664 4669//4669
f 4663//4663 4669//4669 4668//4668
f 4664//4664 4665//4665 4670//4670
f 4664//4664 4670//4670 4669//4669
f 4665//4665 4666//4666 4671//4671
f 4665//4665 4671//4671 4670//4670
f 4666//4666 4667//4667 4672//4672
f 4666//4666 4672//4672 4671//4671
f 4667//4667 4663//4663 4668//4668
f 4667//4667 4668//4668 4672//4672
f 4663//4663 4665//4665 4664//4664
f 4663//4663 4666//4666 4665//4665
f 4663//4663 4667//4667 4666//4666
f 4668//4668 4669//4669 4670//4670
f 4668//4668 4670//4670 4671//4671
f 4668//4668 4671//4671 4672//4672
f 4673//4673 4674//4674 4679//4679
f 4673//4673 4679//4679 4678//4678
f 4674//4674 4675//4675 4680//4680
f 4674//4674 4680//4680 4679//4679
f 4675//4675 4676//4676 4681//4681
f 4675//4675 4681//4681 4680//4680
f 4676//4676 4677//4677 4682//4682
f 4676//4676 4682//4682 4681//4681
f 4677//4677 4673//4673 4678//4678
f 4677//4677 4678//4678 4682//4682
f 4673//4673 4675//4675 4674//4674
f 4673//4673 4676//4676 4675//4675
f 4673//4673 4677//4677 4676//4676
f 4678//4678 4679//4679 4680//4680
f 4678//4678 4680//4680 4681//4681
f 4678//4678 4681//4681 4682//4682
f 4683//4683 4684//4684 4689//4689
f 4683//4683 4689//4689 4688//4688
f 4684//4684 4685//4685 4690//4690
f 4684//4684 4690//4690 4689//4689
f 4685//4685 4686//4686 4691//4691
f 4685//4685 4691//4691 4690//4690
f 4686//4686 4687//4687 4692//4692
f 4686//4686 4692//4692 4691//4691
f 4687//4687 4683//4683 4688//4688
f 4687//4687 4688//4688 4692//4692
f 4683//4683 4685//4685 4684//4684
f 4683//4683 4686//4686 4685//4685
f 4683//4683 4687//4687 4686//4686
f 4688//4688 4689//4689 4690//4690
f 4688//4688 4690//4690 4691//4691
f 4688//4688 4691//4691 4692//4692
f 4693//4693 4694//4694 4699//4699
f 4693//4693 4699//4699 4698//4698
f 4694//4694 4695//4695 4700//4700
f 4694//4694 4700//4700 4699//4699
f 4695//4695 4696//4696 4701//4701
f 4695//4695 4701//4701 4700//4700
f 4696//4696 4697//4697 4702//4702
f 4696//4696 4702//4702 4701//4701
f 4697//4697 4693//4693 4698//4698
f 4697//4697 4698//4698 4702//4702
f 4693//4693 4695//4695 4694//4694
f 4693//4693 4696//4696 4695//4695
f 4693//4693 4697//4697 4696//4696
f 4698//4698 4699//4699 4700//4700
f 4698//4698 4700//4700 4701//4701
f 4698//4698 4701//4701 4702//4702
f 4703//4703 4704//4704 4709//4709
f 4703//4703 4709//4709 4708//4708
f 4704//4704 4705//4705 4710//4710
f 4704//4704 4710//4710 4709//4709
f 4705//4705 4706//4706 4711//4711
f 4705//4705 4711//4711 4710//4710
f 4706//4706 4707//4707 4712//4712
f 4706//4706 4712//4712 4711//4711
f 4707//4707 4703//4703 4708//4708
f 4707//4707 4708//4708 4712//4712
f 4703//4703 4705//4705 4704//4704
f 4703//4703 4706//4706 4705//4705
f 4703//4703 4707//4707 4706//4706
f 4708//4708 4709//4709 4710//4710
f 4708//4708 4710//4710 4711//4711
f 4708//4708 4711//4711 4712//4712
f 4713//4713 4714//4714 4720//4720
f 4713//4713 4720//4720 4719//4719
f 4714//4714 4715//4715 4721//4721
f 4714//4714 4721//4721 4720//4720
f 4715//4715 4716//4716 4722//4722
f 4715//4715 4722//4722 4721//4721
f 4716//4716 4717//4717 4723//4723
f 4716//4716 4723//4723 4722//4722
f 4717//4717 4718//4718 4724//4724
f 4717//4717 4724//4724 4723//4723
f 4718//4718 4713//4713 4719//4719
f 4718//4718 4719//4719 4724//4724
f 4713//4713 4715//4715 4714//4714
f 4713//4713 4716//4716 4715//4715
f 4713//4713 4717//4717 4716//4716
f 4713//4713 4718//4718 4717//4717
f 4719//4719 4720//4720 4721//4721
f 4719//4719 4721//4721 4722//4722
f 4719//4719 4722//4722 4723//4723
f 4719//4719 4723//4723 4724//4724
f 4725//4725 4726//4726 4731//4731
f 4725//4725 4731//4731 4730//4730
f 4726//4726 4727//4727 4732//4732
f 4726//4726 4732//4732 4731//4731
f 4727//4727 4728//4728 4733//4733
f 4727//4727 4733//4733 4732//4732
f 4728//4728 4729//4729 4734//4734
f 4728//4728 4734//4734 4733//4733
f 4729//4729 4725//4725 4730//4730
f 4729//4729 4730//4730 4734//4734
f 4725//4725 4727//4727 4726//4726
f 4725//4725 4728//4728 4727//4727
f 4725//4725 4729//4729 4728//4728
f 4730//4730 4731//4731 4732//4732
f 4730//4730 4732//4732 4733//4733
f 4730//4730 4733//4733 4734//4734
f 4735//4735 4736//4736 4741//4741
f 4735//4735 4741//4741 4740//4740
f 4736//4736 4737//4737 4742//4742
f 4736//4736 4742//4742 4741//4741
f 4737//4737 4738//4738 4743//4743
f 4737//4737 4743//4743 4742//4742
f 4738//4738 4739//4739 4744//4744
f 4738//4738 4744//4744 4743//4743
f 4739//4739 4735//4735 4740//4740
f 4739//4739 4740//4740 4744//4744
f 4735//4735 4737//4737 4736//4736
f 4735//4735 4738//4738 4737//4737
f 4735//4735 4739//4739 4738//4738
f 4740//4740 4741//4741 4742//4742
f 4740//4740 4742//4742 4743//4743
f 4740//4740 4743//4743 4744//4744
f 4745//4745 4746//4746 4751//4751
f 4745//4745 4751//4751 4750//4750
f 4746//4746 4747//4747 4752//4752
f 4746//4746 4752//4752 4751//4751
f 4747//4747 4748//4748 4753//4753
f 4747//4747 4753//4753 4752//4752
f 4748//4748 4749//4749 4754//4754
f 4748//4748 4754//4754 4753//4753
f 4749//4749 4745//4745 4750//4750
f 4749//4749 4750//4750 4754//4754
f 4745//4745 4747//4747 4746//4746
f 4745//4745 4748//4748 4747//4747
f 4745//4745 4749//4749 4748//4748
f 4750//4750 4751//4751 4752//4752
f 4750//4750 4752//4752 4753//4753
f 4750//4750 4753//4753 4754//4754
f 4755//4755 4756//4756 4761//4761
f 4755//4755 4761//4761 4760//4760
f 4756//4756 4757//4757 4762//4762
f 4756//4756 4762//4762 4761//4761
f 4757//4757 4758//4758 4763//4763
f 4757//4757 4763//4763 4762//4762
f 4758//4758 4759//4759 4764//4764
f 4758//4758 4764//4764 4763//4763
f 4759//4759 4755//4755 4760//4760
f 4759//4759 4760//4760 4764//4764
f 4755//4755 4757//4757 4756//4756
f 4755//4755 4758//4758 4757//4757
f 4755//4755 4759//4759 4758//4758
f 4760//4760 4761//4761 4762//4762
f 4760//4760 4762//4762 4763//4763
f 4760//4760 4763//4763 4764//4764
f 4765//4765 4766//4766 4771//4771
f 4765//4765 4771//4771 4770//4770
f 4766//4766 4767//4767 4772//4772
f 4766//4766 4772//4772 4771//4771
f 4767//4767 4768//4768 4773//4773
f 4767//4767 4773//4773 4772//4772
f 4768//4768 4769//4769 4774//4774
f 4768//4768 4774//4774 4773//4773
f 4769//4769 4765//4765 4770//4770
f 4769//4769 4770//4770 4774//4774
f 4765//4765 4767//4767 4766//4766
f 4765//4765 4768//4768 4767//4767
f 4765//4765 4769//4769 4768//4768
f 4770//4770 4771//4771 4772//4772
f 4770//4770 4772//4772 4773//4773
f 4770//4770 4773//4773 4774//4774
f 4775//4775 4776//4776 4781//4781
f 4775//4775 4781//4781 4780//4780
f 4776//4776 4777//4777 4782//4782
f 4776//4776 4782//4782 4781//4781
f 4777//4777 4778//4778 4783//4783
f 4777//4777 4783//4783 4782//4782
f 4778//4778 4779//4779 4784//4784
f 4778//4778 4784//4784 4783//4783
f 4779//4779 4775//4775 4780//4780
f 4779//4779 4780//4780 4784//4784
f 4775//4775 4777//4777 4776//4776
f 4775//4775 4778//4778 4777//4777
f 4775//4775 4779//4779 4778//4778
f 4780//4780 4781//4781 4782//4782
f 4780//4780 4782//4782 4783//4783
f 4780//4780 4783//4783 4784//4784
f 4785//4785 4786//4786 4791//4791
f 4785//4785 4791//4791 4790//4790
f 4786//4786 4787//4787 4792//4792
f 4786//4786 4792//4792 4791//4791
f 4787//4787 4788//4788 4793//4793
f 4787//4787 4793//4793 4792//4792
f 4788//4788 4789//4789 4794//4794
f 4788//4788 4794//4794 4793//4793
f 4789//4789 4785//4785 4790//4790
f 4789//4789 4790//4790 4794//4794
f 4785//4785 4787//4787 4786//4786
f 4785//4785 4788//4788 4787//4787
f 4785//4785 4789//4789 4788//4788
f 4790//4790 4791//4791 4792//4792
f 4790//4790 4792//4792 4793//4793
f 4790//4790 4793//4793 4794//4794
f 4795//4795 4796//4796 4801//4801
f 4795//4795 4801//4801 4800//4800
f 4796//4796 4797//4797 4802//4802
f 4796//4796 4802//4802 4801//4801
f 4797//4797 4798//4798 4803//4803
f 4797//4797 4803//4803 4802//4802
f 4798//4798 4799//4799 4804//4804
f 4798//4798 4804//4804 4803//4803
f 4799//4799 4795//4795 4800//4800
f 4799//4799 4800//4800 4804//4804
f 4795//4795 4797//4797 4796//4796
f 4795//4795 4798//4798 4797//4797
f 4795//4795 4799//4799 4798//4798
f 4800//4800 4801//4801 4802//4802
f 4800//4800 4802//4802 4803//4803
f 4800//4800 4803//4803 4804//4804
f 4805//4805 4806//4806 4811//4811
f 4805//4805 4811//4811 4810//4810
f 4806//4806 4807//4807 4812//4812
f 4806//4806 4812//4812 4811//4811
f 4807//4807 4808//4808 4813//4813
f 4807//4807 4813//4813 4812//4812
f 4808//4808 4809//4809 4814//4814
f 4808//4808 4814//4814 4813//4813
f 4809//4809 4805//4805 4810//4810
f 4809//4809 4810//4810 4814//4814
f 4805//4805 4807//4807 4806//4806
f 4805//4805 4808//4808 4807//4807
f 4805//4805 4809//4809 4808//4808
f 4810//4810 4811//4811 4812//4812
f 4810//4810 4812//4812 4813//4813
f 4810//4810 4813//4813 4814//4814
f 4815//4815 4816//4816 4822//4822
f 4815//4815 4822//4822 4821//4821
f 4816//4816 4817//4817 4823//4823
f 4816//4816 4823//4823 4822//4822
f 4817//4817 4818//4818 4824//4824
f 4817//4817 4824//4824 4823//4823
f 4818//4818 4819//4819 4825//4825
f 4818//4818 4825//4825 4824//4824
f 4819//4819 4820//4820 4826//4826
f 4819//4819 4826//4826 4825//4825
f 4820//4820 4815//4815 4821//4821
f 4820//4820 4821//4821 4826//4826
f 4815//4815 4817//4817 4816//4816
f 4815//4815 4818//4818 4817//4817
f 4815//4815 4819//4819 4818//4818
f 4815//4815 4820//4820 4819//4819
f 4821//4821 4822//4822 4823//4823
f 4821//4821 4823//4823 4824//4824
f 4821//4821 4824//4824 4825//4825
f 4821//4821 4825//4825 4826//4826
f 4827//4827 4828//4828 4833//4833
f 4827//4827 4833//4833 4832//4832
f 4828//4828 4829//4829 4834//4834
f 4828//4828 4834//4834 4833//4833
f 4829//4829 4830//4830 4835//4835
f 4829//4829 4835//4835 4834//4834
f 4830//4830 4831//4831 4836//4836
f 4830//4830 4836//4836 4835//4835
f 4831//4831 4827//4827 4832//4832
f 4831//4831 4832//4832 4836//4836
f 4827//4827 4829//4829 4828//4828
f 4827//4827 4830//4830 4829//4829
f 4827//4827 4831//4831 4830//4830
f 4832//4832 4833//4833 4834//4834
f 4832//4832 4834//4834 4835//4835
f 4832//4832 4835//4835 4836//4836
f 4837//4837 4838//4838 4843//4843
f 4837//4837 4843//4843 4842//4842
f 4838//4838 4839//4839 4844//4844
f 4838//4838 4844//4844 4843//4843
f 4839//4839 4840//4840 4845//4845
f 4839//4839 4845//4845 4844//4844
f 4840//4840 4841//4841 4846//4846
f 4840//4840 4846//4846 4845//4845
f 4841//4841 4837//4837 4842//4842
f 4841//4841 4842//4842 4846//4846
f 4837//4837 4839//4839 4838//4838
f 4837//4837 4840//4840 4839//4839
f 4837//4837 4841//4841 4840//4840
f 4842//4842 4843//4843 4844//4844
f 4842//4842 4844//4844 4845//4845
f 4842//4842 4845//4845 4846//4846
f 4847//4847 4848//4848 4853//4853
f 4847//4847 4853//4853 4852//4852
f 4848//4848 4849//4849 4854//4854
f 4848//4848 4854//4854 4853//4853
f 4849//4849 4850//4850 4855//4855
f 4849//4849 4855//4855 4854//4854
f 4850//4850 4851//4851 4856//4856
f 4850//4850 4856//4856 4855//4855
f 4851//4851 4847//4847 4852//4852
f 4851//4851 4852//4852 4856//4856
f 4847//4847 4849//4849 4848//4848
f 4847//4847 4850//4850 4849//4849
f 4847//4847 4851//4851 4850//4850
f 4852//4852 4853//4853 4854//4854
f 4852//4852 4854//4854 4855//4855
f 4852//4852 4855//4855 4856//4856
f 4857//4857 4858//4858 4863//4863
f 4857//4857 4863//4863 4862//4862
f 4858//4858 4859//4859 4864//4864
f 4858//4858 4864//4864 4863//4863
f 4859//4859 4860//4860 4865//4865
f 4859//4859 4865//4865 4864//4864
f 4860//4860 4861//4861 4866//4866
f 4860//4860 4866//4866 4865//4865
f 4861//4861 4857//4857 4862//4862
f 4861//4861 4862//4862 4866//4866
f 4857//4857 4859//4859 4858//4858
f 4857//4857 4860//4860 4859//4859
f 4857//4857 4861//4861 4860//4860
f 4862//4862 4863//4863 4864//4864
f 4862//4862 4864//4864 4865//4865
f 4862//4862 4865//4865 4866//4866
f 4867//4867 4868//4868 4873//4873
f 4867//4867 4873//4873 4872//4872
f 4868//4868 4869//4869 4874//4874
f 4868//4868 4874//4874 4873//4873
f 4869//4869 4870//4870 4875//4875
f 4869//4869 4875//4875 4874//4874
f 4870//4870 4871//4871 4876//4876
f 4870//4870 4876//4876 4875//4875
f 4871//4871 4867//4867 4872//4872
f 4871//4871 4872//4872 4876//4876
f 4867//4867 4869//4869 4868//4868
f 4867//4867 4870//4870 4869//4869
f 4867//4867 4871//4871 4870//4870
f 4872//4872 4873//4873 4874//4874
f 4872//4872 4874//4874 4875//4875
f 4872//4872 4875//4875 4876//4876
f 4877//4877 4878//4878 4883//4883
f 4877//4877 4883//4883 4882//4882
f 4878//4878 4879//4879 4884//4884
f 4878//4878 4884//4884 4883//4883
f 4879//4879 4880//4880 4885//4885
f 4879//4879 4885//4885 4884//4884
f 4880//4880 4881//4881 4886//4886
f 4880//4880 4886//4886 4885//4885
f 4881//4881 4877//4877 4882//4882
f 4881//4881 4882//4882 4886//4886
f 4877//4877 4879//4879 4878//4878
f 4877//4877 4880//4880 4879//4879
f 4877//4877 4881//4881 4880//4880
f 4882//4882 4883//4883 4884//4884
f 4882//4882 4884//4884 4885//4885
f 4882//4882 4885//4885 4886//4886
f 4887//4887 4888//4888 4893//4893
f 4887//4887 4893//4893 4892//4892
f 4888//4888 4889//4889 4894//4894
f 4888//4888 4894//4894 4893//4893
f 4889//4889 4890//4890 4895//4895
f 4889//4889 4895//4895 4894//4894
f 4890//4890 4891//4891 4896//4896
f 4890//4890 4896//4896 4895//4895
f 4891//4891 4887//4887 4892//4892
f 4891//4891 4892//4892 4896//4896
f 4887//4887 4889//4889 4888//4888
f 4887//4887 4890//4890 4889//4889
f 4887//4887 4891//4891 4890//4890
f 4892//4892 4893//4893 4894//4894
f 4892//4892 4894//4894 4895//4895
f 4892//4892 4895//4895 4896//4896
f 4897//4897 4898//4898 4903//4903
f 4897//4897 4903//4903 4902//4902
f 4898//4898 4899//4899 4904//4904
f 4898//4898 4904//4904 4903//4903
f 4899//4899 4900//4900 4905//4905
f 4899//4899 4905//4905 4904//4904
f 4900//4900 4901//4901 4906//4906
f 4900//4900 4906//4906 4905//4905
f 4901//4901 4897//4897 4902//4902
f 4901//4901 4902//4902 4906//4906
f 4897//4897 4899//4899 4898//4898
f 4897//4897 4900//4900 4899//4899
f 4897//4897 4901//4901 4900//4900
f 4902//4902 4903//4903 4904//4904
f 4902//4902 4904//4904 4905//4905
f 4902//4902 4905//4905 4906//4906
f 4907//4907 4908//4908 4913//4913
f 4907//4907 4913//4913 4912//4912
f 4908//4908 4909//4909 4914//4914
f 4908//4908 4914//4914 4913//4913
f 4909//4909 4910//4910 4915//4915
f 4909//4909 4915//4915 4914//4914
f 4910//4910 4911//4911 4916//4916
f 4910//4910 4916//4916 4915//4915
f 4911//4911 4907//4907 4912//4912
f 4911//4911 4912//4912 4916//4916
f 4907//4907 4909//4909 4908//4908
f 4907//4907 4910//4910 4909//4909
f 4907//4907 4911//4911 4910//4910
f 4912//4912 4913//4913 4914//4914
f 4912//4912 4914//4914 4915//4915
f 4912//4912 4915//4915 4916//4916
f 4917//4917 4918//4918 4924//4924
f 4917//4917 4924//4924 4923//4923
f 4918//4918 4919//4919 4925//4925
f 4918//4918 4925//4925 4924//4924
f 4919//4919 4920//4920 4926//4926
f 4919//4919 4926//4926 4925//4925
f 4920//4920 4921//4921 4927//4927
f 4920//4920 4927//4927 4926//4926
f 4921//4921 4922//4922 4928//4928
f 4921//4921 4928//4928 4927//4927
f 4922//4922 4917//4917 4923//4923
f 4922//4922 4923//4923 4928//4928
f 4917//4917 4919//4919 4918//4918
f 4917//4917 4920//4920 4919//4919
f 4917//4917 4921//4921 4920//4920
f 4917//4917 4922//4922 4921//4921
f 4923//4923 4924//4924 4925//4925
f 4923//4923 4925//4925 4926//4926
f 4923//4923 4926//4926 4927//4927
f 4923//4923 4927//4927 4928//4928
f 4929//4929 4930//4930 4935//4935
f 4929//4929 4935//4935 4934//4934
f 4930//4930 4931//4931 4936//4936
f 4930//4930 4936//4936 4935//4935
f 4931//4931 4932//4932 4937//4937
f 4931//4931 4937//4937 4936//4936
f 4932//4932 4933//4933 4938//4938
f 4932//4932 4938//4938 4937//4937
f 4933//4933 4929//4929 4934//4934
f 4933//4933 4934//4934 4938//4938
f 4929//4929 4931//4931 4930//4930
f 4929//4929 4932//4932 4931//4931
f 4929//4929 4933//4933 4932//4932
f 4934//4934 4935//4935 4936//4936
f 4934//4934 4936//4936 4937//4937
f 4934//4934 4937//4937 4938//4938
f 4939//4939 4940//4940 4945//4945
f 4939//4939 4945//4945 4944//4944
f 4940//4940 4941//4941 4946//4946
f 4940//4940 4946//4946 4945//4945
f 4941//4941 4942//4942 4947//4947
f 4941//4941 4947//4947 4946//4946
f 4942//4942 4943//4943 4948//4948
f 4942//4942 4948//4948 4947//4947
f 4943//4943 4939//4939 4944//4944
f 4943//4943 4944//4944 4948//4948
f 4939//4939 4941//4941 4940//4940
f 4939//4939 4942//4942 4941//4941
f 4939//4939 4943//4943 4942//4942
f 4944//4944 4945//4945 4946//4946
f 4944//4944 4946//4946 4947//4947
f 4944//4944 4947//4947 4948//4948
f 4949//4949 4950//4950 4955//4955
f 4949//4949 4955//4955 4954//4954
f 4950//4950 4951//4951 4956//4956
f 4950//4950 4956//4956 4955//4955
f 4951//4951 4952//4952 4957//4957
f 4951//4951 4957//4957 4956//4956
f 4952//4952 4953//4953 4958//4958
f 4952//4952 4958//4958 4957//4957
f 4953//4953 4949//4949 4954//4954
f 4953//4953 4954//4954 4958//4958
f 4949//4949 4951//4951 4950//4950
f 4949//4949 4952//4952 4951//4951
f 4949//4949 4953//4953 4952//4952
f 4954//4954 4955//4955 4956//4956
f 4954//4954 4956//4956 4957//4957
f 4954//4954 4957//4957 4958//4958
f 4959//4959 4960//4960 4965//4965
f 4959//4959 4965//4965 4964//4964
f 4960//4960 4961//4961 4966//4966
f 4960//4960 4966//4966 4965//4965
f 4961//4961 4962//4962 4967//4967
f 4961//4961 4967//4967 4966//4966
f 4962//4962 4963//4963 4968//4968
f 4962//4962 4968//4968 4967//4967
f 4963//4963 4959//4959 4964//4964
f 4963//4963 4964//4964 4968//4968
f 4959//4959 4961//4961 4960//4960
f 4959//4959 4962//4962 4961//4961
f 4959//4959 4963//4963 4962//4962
f 4964//4964 4965//4965 4966//4966
f 4964//4964 4966//4966 4967//4967
f 4964//4964 4967//4967 4968//4968
f 4969//4969 4970//4970 4975//4975
f 4969//4969 4975//4975 4974//4974
f 4970//4970 4971//4971 4976//4976
f 4970//4970 4976//4976 4975//4975
f 4971//4971 4972//4972 4977//4977
f 4971//4971 4977//4977 4976//4976
f 4972//4972 4973//4973 4978//4978
f 4972//4972 4978//4978 4977//4977
f 4973//4973 4969//4969 4974//4974
f 4973//4973 4974//4974 4978//4978
f 4969//4969 4971//4971 4970//4970
f 4969//4969 4972//4972 4971//4971
f 4969//4969 4973//4973 4972//4972
f 4974//4974 4975//4975 4976//4976
f 4974//4974 4976//4976 4977//4977
f 4974//4974 4977//4977 4978//4978
f 4979//4979 4980//4980 4985//4985
f 4979//4979 4985//4985 4984//4984
f 4980//4980 4981//4981 4986//4986
f 4980//4980 4986//4986 4985//4985
f 4981//4981 4982//4982 4987//4987
f 4981//4981 4987//4987 4986//4986
f 4982//4982 4983//4983 4988//4988
f 4982//4982 4988//4988 4987//4987
f 4983//4983 4979//4979 4984//4984
f 4983//4983 4984//4984 4988//4988
f 4979//4979 4981//4981 4980//4980
f 4979//4979 4982//4982 4981//4981
f 4979//4979 4983//4983 4982//4982
f 4984//4984 4985//4985 4986//4986
f 4984//4984 4986//4986 4987//4987
f 4984//4984 4987//4987 4988//4988
f 4989//4989 4990//4990 4995//4995
f 4989//4989 4995//4995 4994//4994
f 4990//4990 4991//4991 4996//4996
f 4990//4990 4996//4996 4995//4995
f 4991//4991 4992//4992 4997//4997
f 4991//4991 4997//4997 4996//4996
f 4992//4992 4993//4993 4998//4998
f 4992//4992 4998//4998 4997//4997
f 4993//4993 4989//4989 4994//4994
f 4993//4993 4994//4994 4998//4998
f 4989//4989 4991//4991 4990//4990
f 4989//4989 4992//4992 4991//4991
f 4989//4989 4993//4993 4992//4992
f 4994//4994 4995//4995 4996//4996
f 4994//4994 4996//4996 4997//4997
f 4994//4994 4997//4997 4998//4998
f 4999//4999 5000//5000 5005//5005
f 4999//4999 5005//5005 5004//5004
f 5000//5000 5001//5001 5006//5006
f 5000//5000 5006//5006 5005//5005
f 5001//5001 5002//5002 5007//5007
f 5001//5001 5007//5007 5006//5006
f 5002//5002 5003//5003 5008//5008
f 5002//5002 5008//5008 5007//5007
f 5003//5003 4999//4999 5004//5004
f 5003//5003 5004//5004 5008//5008
f 4999//4999 5001//5001 5000//5000
f 4999//4999 5002//5002 5001//5001
f 4999//4999 5003//5003 5002//5002
f 5004//5004 5005//5005 5006//5006
f 5004//5004 5006//5006 5007//5007
f 5004//5004 5007//5007 5008//5008
f 5009//5009 5010//5010 5015//5015
f 5009//5009 5015//5015 5014//5014
f 5010//5010 5011//5011 5016//5016
f 5010//5010 5016//5016 5015//5015
f 5011//5011 5012//5012 5017//5017
f 5011//5011 5017//5017 5016//5016
f 5012//5012 5013//5013 5018//5018
f 5012//5012 5018//5018 5017//5017
f 5013//5013 5009//5009 5014//5014
f 5013//5013 5014//5014 5018//5018
f 5009//5009 5011//5011 5010//5010
f 5009//5009 5012//5012 5011//5011
f 5009//5009 5013//5013 5012//5012
f 5014//5014 5015//5015 5016//5016
f 5014//5014 5016//5016 5017//5017
f 5014//5014 5017//5017 5018//5018
f 5019//5019 5020//5020 5026//5026
f 5019//5019 5026//5026 5025//5025
f 5020//5020 5021//5021 5027//5027
f 5020//5020 5027//5027 5026//5026
f 5021//5021 5022//5022 5028//5028
f 5021//5021 5028//5028 5027//5027
f 5022//5022 5023//5023 5029//5029
f 5022//5022 5029//5029 5028//5028
f 5023//5023 5024//5024 5030//5030
f 5023//5023 5030//5030 5029//5029
f 5024//5024 5019//5019 5025//5025
f 5024//5024 5025//5025 5030//5030
f 5019//5019 5021//5021 5020//5020
f 5019//5019 5022//5022 5021//5021
f 5019//5019 5023//5023 5022//5022
f 5019//5019 5024//5024 5023//5023
f 5025//5025 5026//5026 5027//5027
f 5025//5025 5027//5027 5028//5028
f 5025//5025 5028//5028 5029//5029
f 5025//5025 5029//5029 5030//5030
f 5031//5031 5032//5032 5037//5037
f 5031//5031 5037//5037 5036//5036
f 5032//5032 5033//5033 5038//5038
f 5032//5032 5038//5038 5037//5037
f 5033//5033 5034//5034 5039//5039
f 5033//5033 5039//5039 5038//5038
f 5034//5034 5035//5035 5040//5040
f 5034//5034 5040//5040 5039//5039
f 5035//5035 5031//5031 5036//5036
f 5035//5035 5036//5036 5040//5040
f 5031//5031 5033//5033 5032//5032
f 5031//5031 5034//5034 5033//5033
f 5031//5031 5035//5035 5034//5034
f 5036//5036 5037//5037 5038//5038
f 5036//5036 5038//5038 5039//5039
f 5036//5036 5039//5039 5040//5040
f 5041//5041 5042//5042 5047//5047
f 5041//5041 5047//5047 5046//5046
f 5042//5042 5043//5043 5048//5048
f 5042//5042 5048//5048 5047//5047
f 5043//5043 5044//5044 5049//5049
f 5043//5043 5049//5049 5048//5048
f 5044//5044 5045//5045 5050//5050
f 5044//5044 5050//5050 5049//5049
f 5045//5045 5041//5041 5046//5046
f 5045//5045 5046//5046 5050//5050
f 5041//5041 5043//5043 5042//5042
f 5041//5041 5044//5044 5043//5043
f 5041//5041 5045//5045 5044//5044
f 5046//5046 5047//5047 5048//5048
f 5046//5046 5048//5048 5049//5049
f 5046//5046 5049//5049 5050//5050
f 5051//5051 5052//5052 5057//5057
f 5051//5051 5057//5057 5056//5056
f 5052//5052 5053//5053 5058//5058
f 5052//5052 5058//5058 5057//5057
f 5053//5053 5054//5054 5059//5059
f 5053//5053 5059//5059 5058//5058
f 5054//5054 5055//5055 5060//5060
f 5054//5054 5060//5060 5059//5059
f 5055//5055 5051//5051 5056//5056
f 5055//5055 5056//5056 5060//5060
f 5051//5051 5053//5053 5052//5052
f 5051//5051 5054//5054 5053//5053
f 5051//5051 5055//5055 5054//5054
f 5056//5056 5057//5057 5058//5058
f 5056//5056 5058//5058 5059//5059
f 5056//5056 5059//5059 5060//5060
f 5061//5061 5062//5062 5067//5067
f 5061//5061 5067//5067 5066//5066
f 5062//5062 5063//5063 5068//5068
f 5062//5062 5068//5068 5067//5067
f 5063//5063 5064//5064 5069//5069
f 5063//5063 5069//5069 5068//5068
f 5064//5064 5065//5065 5070//5070
f 5064//5064 5070//5070 5069//5069
f 5065//5065 5061//5061 5066//5066
f 5065//5065 5066//5066 5070//5070
f 5061//5061 5063//5063 5062//5062
f 5061//5061 5064//5064 5063//5063
f 5061//5061 5065//5065 5064//5064
f 5066//5066 5067//5067 5068//5068
f 5066//5066 5068//5068 5069//5069
f 5066//5066 5069//5069 5070//5070
f 5071//5071 5072//5072 5077//5077
f 5071//5071 5077//5077 5076//5076
f 5072//5072 5073//5073 5078//5078
f 5072//5072 5078//5078 5077//5077
f 5073//5073 5074//5074 5079//5079
f 5073//5073 5079//5079 5078//5078
f 5074//5074 5075//5075 5080//5080
f 5074//5074 5080//5080 5079//5079
f 5075//5075 5071//5071 5076//5076
f 5075//5075 5076//5076 5080//5080
f 5071//5071 5073//5073 5072//5072
f 5071//5071 5074//5074 5073//5073
f 5071//5071 5075//5075 5074//5074
f 5076//5076 5077//5077 5078//5078
f 5076//5076 5078//5078 5079//5079
f 5076//5076 5079//5079 5080//5080
f 5081//5081 5082//5082 5087//5087
f 5081//5081 5087//5087 5086//5086
f 5082//5082 5083//5083 5088//5088
f 5082//5082 5088//5088 5087//5087
f 5083//5083 5084//5084 5089//5089
f 5083//5083 5089//5089 5088//5088
f 5084//5084 5085//5085 5090//5090
f 5084//5084 5090//5090 5089//5089
f 5085//5085 5081//5081 5086//5086
f 5085//5085 5086//5086 5090//5090
f 5081//5081 5083//5083 5082//5082
f 5081//5081 5084//5084 5083//5083
f 5081//5081 5085//5085 5084//5084
f 5086//5086 5087//5087 5088//5088
f 5086//5086 5088//5088 5089//5089
f 5086//5086 5089//5089 5090//5090
f 5091//5091 5092//5092 5097//5097
f 5091//5091 5097//5097 5096//5096
f 5092//5092 5093//5093 5098//5098
f 5092//5092 5098//5098 5097//5097
f 5093//5093 5094//5094 5099//5099
f 5093//5093 5099//5099 5098//5098
f 5094//5094 5095//5095 5100//5100
f 5094//5094 5100//5100 5099//5099
f 5095//5095 5091//5091 5096//5096
f 5095//5095 5096//5096 5100//5100
f 5091//5091 5093//5093 5092//5092
f 5091//5091 5094//5094 5093//5093
f 5091//5091 5095//5095 5094//5094
f 5096//5096 5097//5097 5098//5098
f 5096//5096 5098//5098 5099//5099
f 5096//5096 5099//5099 5100//5100
f 5101//5101 5102//5102 5107//5107
f 5101//5101 5107//5107 5106//5106
f 5102//5102 5103//5103 5108//5108
f 5102//5102 5108//5108 5107//5107
f 5103//5103 5104//5104 5109//5109
f 5103//5103 5109//5109 5108//5108
f 5104//5104 5105//5105 5110//5110
f 5104//5104 5110//5110 5109//5109
f 5105//5105 5101//5101 5106//5106
f 5105//5105 5106//5106 5110//5110
f 5101//5101 5103//5103 5102//5102
f 5101//5101 5104//5104 5103//5103
f 5101//5101 5105//5105 5104//5104
f 5106//5106 5107//5107 5108//5108
f 5106//5106 5108//5108 5109//5109
f 5106//5106 5109//5109 5110//5110
f 5111//5111 5112//5112 5117//5117
f 5111//5111 5117//5117 5116//5116
f 5112//5112 5113//5113 5118//5118
f 5112//5112 5118//5118 5117//5117
f 5113//5113 5114//5114 5119//5119
f 5113//5113 5119//5119 5118//5118
f 5114//5114 5115//5115 5120//5120
f 5114//5114 5120//5120 5119//5119
f 5115//5115 5111//5111 5116//5116
f 5115//5115 5116//5116 5120//5120
f 5111//5111 5113//5113 5112//5112
f 5111//5111 5114//5114 5113//5113
f 5111//5111 5115//5115 5114//5114
f 5116//5116 5117//5117 5118//5118
f 5116//5116 5118//5118 5119//5119
f 5116//5116 5119//5119 5120//5120
f 5121//5121 5122//5122 5128//5128
f 5121//5121 5128//5128 5127//5127
f 5122//5122 5123//5123 5129//5129
f 5122//5122 5129//5129 5128//5128
f 5123//5123 5124//5124 5130//5130
f 5123//5123 5130//5130 5129//5129
f 5124//5124 5125//5125 5131//5131
f 5124//5124 5131//5131 5130//5130
f 5125//5125 5126//5126 5132//5132
f 5125//5125 5132//5132 5131//5131
f 5126//5126 5121//5121 5127//5127
f 5126//5126 5127//5127 5132//5132
f 5121//5121 5123//5123 5122//5122
f 5121//5121 5124//5124 5123//5123
f 5121//5121 5125//5125 5124//5124
f 5121//5121 5126//5126 5125//5125
f 5127//5127 5128//5128 5129//5129
f 5127//5127 5129//5129 5130//5130
f 5127//5127 5130//5130 5131//5131
f 5127//5127 5131//5131 5132//5132
f 5133//5133 5134//5134 5139//5139
f 5133//5133 5139//5139 5138//5138
f 5134//5134 5135//5135 5140//5140
f 5134//5134 5140//5140 5139//5139
f 5135//5135 5136//5136 5141//5141
f 5135//5135 5141//5141 5140//5140
f 5136//5136 5137//5137 5142//5142
f 5136//5136 5142//5142 5141//5141
f 5137//5137 5133//5133 5138//5138
f 5137//5137 5138//5138 5142//5142
f 5133//5133 5135//5135 5134//5134
f 5133//5133 5136//5136 5135//5135
f 5133//5133 5137//5137 5136//5136
f 5138//5138 5139//5139 5140//5140
f 5138//5138 5140//5140 5141//5141
f 5138//5138 5141//5141 5142//5142
f 5143//5143 5144//5144 5149//5149
f 5143//5143 5149//5149 5148//5148
f 5144//5144 5145//5145 5150//5150
f 5144//5144 5150//5150 5149//5149
f 5145//5145 5146//5146 5151//5151
f 5145//5145 5151//5151 5150//5150
f 5146//5146 5147//5147 5152//5152
f 5146//5146 5152//5152 5151//5151
f 5147//5147 5143//5143 5148//5148
f 5147//5147 5148//5148 5152//5152
f 5143//5143 5145//5145 5144//5144
f 5143//5143 5146//5146 5145//5145
f 5143//5143 5147//5147 5146//5146
f 5148//5148 5149//5149 5150//5150
f 5148//5148 5150//5150 5151//5151
f 5148//5148 5151//5151 5152//5152
f 5153//5153 5154//5154 5159//5159
f 5153//5153 5159//5159 5158//5158
f 5154//5154 5155//5155 5160//5160
f 5154//5154 5160//5160 5159//5159
f 5155//5155 5156//5156 5161//5161
f 5155//5155 5161//5161 5160//5160
f 5156//5156 5157//5157 5162//5162
f 5156//5156 5162//5162 5161//5161
f 5157//5157 5153//5153 5158//5158
f 5157//5157 5158//5158 5162//5162
f 5153//5153 5155//5155 5154//5154
f 5153//5153 5156//5156 5155//5155
f 5153//5153 5157//5157 5156//5156
f 5158//5158 5159//5159 5160//5160
f 5158//5158 5160//5160 5161//5161
f 5158//5158 5161//5161 5162//5162
f 5163//5163 5164//5164 5169//5169
f 5163//5163 5169//5169 5168//5168
f 5164//5164 5165//5165 5170//5170
f 5164//5164 5170//5170 5169//5169
f 5165//5165 5166//5166 5171//5171
f 5165//5165 5171//5171 5170//5170
f 5166//5166 5167//5167 5172//5172
f 5166//5166 5172//5172 5171//5171
f 5167//5167 5163//5163 5168//5168
f 5167//5167 5168//5168 5172//5172
f 5163//5163 5165//5165 5164//5164
f 5163//5163 5166//5166 5165//5165
f 5163//5163 5167//5167 5166//5166
f 5168//5168 5169//5169 5170//5170
f 5168//5168 5170//5170 5171//5171
f 5168//5168 5171//5171 5172//5172
f 5173//5173 5174//5174 5179//5179
f 5173//5173 5179//5179 5178//5178
f 5174//5174 5175//5175 5180//5180
f 5174//5174 5180//5180 5179//5179
f 5175//5175 5176//5176 5181//5181
f 5175//5175 5181//5181 5180//5180
f 5176//5176 5177//5177 5182//5182
f 5176//5176 5182//5182 5181//5181
f 5177//5177 5173//5173 5178//5178
f 5177//5177 5178//5178 5182//5182
f 5173//5173 5175//5175 5174//5174
f 5173//5173 5176//5176 5175//5175
f 5173//5173 5177//5177 5176//5176
f 5178//5178 5179//5179 5180//5180
f 5178//5178 5180//5180 5181//5181
f 5178//5178 5181//5181 5182//5182
f 5183//5183 5184//5184 5189//5189
f 5183//5183 5189//5189 5188//5188
f 5184//5184 5185//5185 5190//5190
f 5184//5184 5190//5190 5189//5189
f 5185//5185 5186//5186 5191//5191
f 5185//5185 5191//5191 5190//5190
f 5186//5186 5187//5187 5192//5192
f 5186//5186 5192//5192 5191//5191
f 5187//5187 5183//5183 5188//5188
f 5187//5187 5188//5188 5192//5192
f 5183//5183 5185//5185 5184//5184
f 5183//5183 5186//5186 5185//5185
f 5183//5183 5187//5187 5186//5186
f 5188//5188 5189//5189 5190//5190
f 5188//5188 5190//5190 5191//5191
f 5188//5188 5191//5191 5192//5192
f 5193//5193 5194//5194 5199//5199
f 5193//5193 5199//5199 5198//5198
f 5194//5194 5195//5195 5200//5200
f 5194//5194 5200//5200 5199//5199
f 5195//5195 5196//5196 5201//5201
f 5195//5195 5201//5201 5200//5200
f 5196//5196 5197//5197 5202//5202
f 5196//5196 5202//5202 5201//5201
f 5197//5197 5193//5193 5198//5198
f 5197//5197 5198//5198 5202//5202
f 5193//5193 5195//5195 5194//5194
f 5193//5193 5196//5196 5195//5195
f 5193//5193 5197//5197 5196//5196
f 5198//5198 5199//5199 5200//5200
f 5198//5198 5200//5200 5201//5201
f 5198//5198 5201//5201 5202//5202
f 5203//5203 5204//5204 5209//5209
f 5203//5203 5209//5209 5208//5208
f 5204//5204 5205//5205 5210//5210
f 5204//5204 5210//5210 5209//5209
f 5205//5205 5206//5206 5211//5211
f 5205//5205 5211//5211 5210//5210
f 5206//5206 5207//5207 5212//5212
f 5206//5206 5212//5212 5211//5211
f 5207//5207 5203//5203 5208//5208
f 5207//5207 5208//5208 5212//5212
f 5203//5203 5205//5205 5204//5204
f 5203//5203 5206//5206 5205//5205
f 5203//5203 5207//5207 5206//5206
f 5208//5208 5209//5209 5210//5210
f 5208//5208 5210//5210 5211//5211
f 5208//5208 5211//5211 5212//5212
f 5213//5213 5214//5214 5219//5219
f 5213//5213 5219//5219 5218//5218
f 5214//5214 5215//5215 5220//5220
f 5214//5214 5220//5220 5219//5219
f 5215//5215 5216//5216 5221//5221
f 5215//5215 5221//5221 5220//5220
f 5216//5216 5217//5217 5222//5222
f 5216//5216 5222//5222 5221//5221
f 5217//5217 5213//5213 5218//5218
f 5217//5217 5218//5218 5222//5222
f 5213//5213 5215//5215 5214//5214
f 5213//5213 5216//5216 5215//5215
f 5213//5213 5217//5217 5216//5216
f 5218//5218 5219//5219 5220//5220
f 5218//5218 5220//5220 5221//5221
f 5218//5218 5221//5221 5222//5222
f 5223//5223 5224//5224 5230//5230
f 5223//5223 5230//5230 5229//5229
f 5224//5224 5225//5225 5231//5231
f 5224//5224 5231//5231 5230//5230
f 5225//5225 5226//5226 5232//5232
f 5225//5225 5232//5232 5231//5231
f 5226//5226 5227//5227 5233//5233
f 5226//5226 5233//5233 5232//5232
f 5227//5227 5228//5228 5234//5234
f 5227//5227 5234//5234 5233//5233
f 5228//5228 5223//5223 5229//5229
f 5228//5228 5229//5229 5234//5234
f 5223//5223 5225//5225 5224//5224
f 5223//5223 5226//5226 5225//5225
f 5223//5223 5227//5227 5226//5226
f 5223//5223 5228//5228 5227//5227
f 5229//5229 5230//5230 5231//5231
f 5229//5229 5231//5231 5232//5232
f 5229//5229 5232//5232 5233//5233
f 5229//5229 5233//5233 5234//5234
f 5235//5235 5236//5236 5241//5241
f 5235//5235 5241//5241 5240//5240
f 5236//5236 5237//5237 5242//5242
f 5236//5236 5242//5242 5241//5241
f 5237//5237 5238//5238 5243//5243
f 5237//5237 5243//5243 5242//5242
f 5238//5238 5239//5239 5244//5244
f 5238//5238 5244//5244 5243//5243
f 5239//5239 5235//5235 5240//5240
f 5239//5239 5240//5240 5244//5244
f 5235//5235 5237//5237 5236//5236
f 5235//5235 5238//5238 5237//5237
f 5235//5235 5239//5239 5238//5238
f 5240//5240 5241//5241 5242//5242
f 5240//5240 5242//5242 5243//5243
f 5240//5240 5243//5243 5244//5244
f 5245//5245 5246//5246 5251//5251
f 5245//5245 5251//5251 5250//5250
f 5246//5246 5247//5247 5252//5252
f 5246//5246 5252//5252 5251//5251
f 5247//5247 5248//5248 5253//5253
f 5247//5247 5253//5253 5252//5252
f 5248//5248 5249//5249 5254//5254
f 5248//5248 5254//5254 5253//5253
f 5249//5249 5245//5245 5250//5250
f 5249//5249 5250//5250 5254//5254
f 5245//5245 5247//5247 5246//5246
f 5245//5245 5248//5248 5247//5247
f 5245//5245 5249//5249 5248//5248
f 5250//5250 5251//5251 5252//5252
f 5250//5250 5252//5252 5253//5253
f 5250//5250 5253//5253 5254//5254
f 5255//5255 5256//5256 5261//5261
f 5255//5255 5261//5261 5260//5260
f 5256//5256 5257//5257 5262//5262
f 5256//5256 5262//5262 5261//5261
f 5257//5257 5258//5258 5263//5263
f 5257//5257 5263//5263 5262//5262
f 5258//5258 5259//5259 5264//5264
f 5258//5258 5264//5264 5263//5263
f 5259//5259 5255//5255 5260//5260
f 5259//5259 5260//5260 5264//5264
f 5255//5255 5257//5257 5256//5256
f 5255//5255 5258//5258 5257//5257
f 5255//5255 5259//5259 5258//5258
f 5260//5260 5261//5261 5262//5262
f 5260//5260 5262//5262 5263//5263
f 5260//5260 5263//5263 5264//5264
f 5265//5265 5266//5266 5271//5271
f 5265//5265 5271//5271 5270//5270
f 5266//5266 5267//5267 5272//5272
f 5266//5266 5272//5272 5271//5271
f 5267//5267 5268//5268 5273//5273
f 5267//5267 5273//5273 5272//5272
f 5268//5268 5269//5269 5274//5274
f 5268//5268 5274//5274 5273//5273
f 5269//5269 5265//5265 5270//5270
f 5269//5269 5270//5270 5274//5274
f 5265//5265 5267//5267 5266//5266
f 5265//5265 5268//5268 5267//5267
f 5265//5265 5269//5269 5268//5268
f 5270//5270 5271//5271 5272//5272
f 5270//5270 5272//5272 5273//5273
f 5270//5270 5273//5273 5274//5274
f 5275//5275 5276//5276 5281//5281
f 5275//5275 5281//5281 5280//5280
f 5276//5276 5277//5277 5282//5282
f 5276//5276 5282//5282 5281//5281
f 5277//5277 5278//5278 5283//5283
f 5277//5277 5283//5283 5282//5282
f 5278//5278 5279//5279 5284//5284
f 5278//5278 5284//5284 5283//5283
f 5279//5279 5275//5275 5280//5280
f 5279//5279 5280//5280 5284//5284
f 5275//5275 5277//5277 5276//5276
f 5275//5275 5278//5278 5277//5277
f 5275//5275 5279//5279 5278//5278
f 5280//5280 5281//5281 5282//5282
f 5280//5280 5282//5282 5283//5283
f 5280//5280 5283//5283 5284//5284
f 5285//5285 5286//5286 5291//5291
f 5285//5285 5291//5291 5290//5290
f 5286//5286 5287//5287 5292//5292
f 5286//5286 5292//5292 5291//5291
f 5287//5287 5288//5288 5293//5293
f 5287//5287 5293//5293 5292//5292
f 5288//5288 5289//5289 5294//5294
f 5288//5288 5294//5294 5293//5293
f 5289//5289 5285//5285 5290//5290
f 5289//5289 5290//5290 5294//5294
f 5285//5285 5287//5287 5286//5286
f 5285//5285 5288//5288 5287//5287
f 5285//5285 5289//5289 5288//5288
f 5290//5290 5291//5291 5292//5292
f 5290//5290 5292//5292 5293//5293
f 5290//5290 5293//5293 5294//5294
f 5295//5295 5296//5296 5301//5301
f 5295//5295 5301//5301 5300//5300
f 5296//5296 5297//5297 5302//5302
f 5296//5296 5302//5302 5301//5301
f 5297//5297 5298//5298 5303//5303
f 5297//5297 5303//5303 5302//5302
f 5298//5298 5299//5299 5304//5304
f 5298//5298 5304//5304 5303//5303
f 5299//5299 5295//5295 5300//5300
f 5299//5299 5300//5300 5304//5304
f 5295//5295 5297//5297 5296//5296
f 5295//5295 5298//5298 5297//5297
f 5295//5295 5299//5299 5298//5298
f 5300//5300 5301//5301 5302//5302
f 5300//5300 5302//5302 5303//5303
f 5300//5300 5303//5303 5304//5304
f 5305//5305 5306//5306 5311//5311
f 5305//5305 5311//5311 5310//5310
f 5306//5306 5307//5307 5312//5312
f 5306//5306 5312//5312 5311//5311
f 5307//5307 5308//5308 5313//5313
f 5307//5307 5313//5313 5312//5312
f 5308//5308 5309//5309 5314//5314
f 5308//5308 5314//5314 5313//5313
f 5309//5309 5305//5305 5310//5310
f 5309//5309 5310//5310 5314//5314
f 5305//5305 5307//5307 5306//5306
f 5305//5305 5308//5308 5307//5307
f 5305//5305 5309//5309 5308//5308
f 5310//5310 5311//5311 5312//5312
f 5310//5310 5312//5312 5313//5313
f 5310//5310 5313//5313 5314//5314
f 5315//5315 5316//5316 5321//5321
f 5315//5315 5321//5321 5320//5320
f 5316//5316 5317//5317 5322//5322
f 5316//5316 5322//5322 5321//5321
f 5317//5317 5318//5318 5323//5323
f 5317//5317 5323//5323 5322//5322
f 5318//5318 5319//5319 5324//5324
f 5318//5318 5324//5324 5323//5323
f 5319//5319 5315//5315 5320//5320
f 5319//5319 5320//5320 5324//5324
f 5315//5315 5317//5317 5316//5316
f 5315//5315 5318//5318 5317//5317
f 5315//5315 5319//5319 5318//5318
f 5320//5320 5321//5321 5322//5322
f 5320//5320 5322//5322 5323//5323
f 5320//5320 5323//5323 5324//5324
f 5325//5325 5326//5326 5332//5332
f 5325//5325 5332//5332 5331//5331
f 5326//5326 5327//5327 5333//5333
f 5326//5326 5333//5333 5332//5332
f 5327//5327 5328//5328 5334//5334
f 5327//5327 5334//5334 5333//5333
f 5328//5328 5329//5329 5335//5335
f 5328//5328 5335//5335 5334//5334
f 5329//5329 5330//5330 5336//5336
f 5329//5329 5336//5336 5335//5335
f 5330//5330 5325//5325 5331//5331
f 5330//5330 5331//5331 5336//5336
f 5325//5325 5327//5327 5326//5326
f 5325//5325 5328//5328 5327//5327
f 5325//5325 5329//5329 5328//5328
f 5325//5325 5330//5330 5329//5329
f 5331//5331 5332//5332 5333//5333
f 5331//5331 5333//5333 5334//5334
f 5331//5331 5334//5334 5335//5335
f 5331//5331 5335//5335 5336//5336
f 5337//5337 5338//5338 5343//5343
f 5337//5337 5343//5343 5342//5342
f 5338//5338 5339//5339 5344//5344
f 5338//5338 5344//5344 5343//5343
f 5339//5339 5340//5340 5345//5345
f 5339//5339 5345//5345 5344//5344
f 5340//5340 5341//5341 5346//5346
f 5340//5340 5346//5346 5345//5345
f 5341//5341 5337//5337 5342//5342
f 5341//5341 5342//5342 5346//5346
f 5337//5337 5339//5339 5338//5338
f 5337//5337 5340//5340 5339//5339
f 5337//5337 5341//5341 5340//5340
f 5342//5342 5343//5343 5344//5344
f 5342//5342 5344//5344 5345//5345
f 5342//5342 5345//5345 5346//5346
f 5347//5347 5348//5348 5353//5353
f 5347//5347 5353//5353 5352//5352
f 5348//5348 5349//5349 5354//5354
f 5348//5348 5354//5354 5353//5353
f 5349//5349 5350//5350 5355//5355
f 5349//5349 5355//5355 5354//5354
f 5350//5350 5351//5351 5356//5356
f 5350//5350 5356//5356 5355//5355
f 5351//5351 5347//5347 5352//5352
f 5351//5351 5352//5352 5356//5356
f 5347//5347 5349//5349 5348//5348
f 5347//5347 5350//5350 5349//5349
f 5347//5347 5351//5351 5350//5350
f 5352//5352 5353//5353 5354//5354
f 5352//5352 5354//5354 5355//5355
f 5352//5352 5355//5355 5356//5356
f 5357//5357 5358//5358 5363//5363
f 5357//5357 5363//5363 5362//5362
f 5358//5358 5359//5359 5364//5364
f 5358//5358 5364//5364 5363//5363
f 5359//5359 5360//5360 5365//5365
f 5359//5359 5365//5365 5364//5364
f 5360//5360 5361//5361 5366//5366
f 5360//5360 5366//5366 5365//5365
f 5361//5361 5357//5357 5362//5362
f 5361//5361 5362//5362 5366//5366
f 5357//5357 5359//5359 5358//5358
f 5357//5357 5360//5360 5359//5359
f 5357//5357 5361//5361 5360//5360
f 5362//5362 5363//5363 5364//5364
f 5362//5362 5364//5364 5365//5365
f 5362//5362 5365//5365 5366//5366
f 5367//5367 5368//5368 5373//5373
f 5367//5367 5373//5373 5372//5372
f 5368//5368 5369//5369 5374//5374
f 5368//5368 5374//5374 5373//5373
f 5369//5369 5370//5370 5375//5375
f 5369//5369 5375//5375 5374//5374
f 5370//5370 5371//5371 5376//5376
f 5370//5370 5376//5376 5375//5375
f 5371//5371 5367//5367 5372//5372
f 5371//5371 5372//5372 5376//5376
f 5367//5367 5369//5369 5368//5368
f 5367//5367 5370//5370 5369//5369
f 5367//5367 5371//5371 5370//5370
f 5372//5372 5373//5373 5374//5374
f 5372//5372 5374//5374 5375//5375
f 5372//5372 5375//5375 5376//5376
f 5377//5377 5378//5378 5383//5383
f 5377//5377 5383//5383 5382//5382
f 5378//5378 5379//5379 5384//5384
f 5378//5378 5384//5384 5383//5383
f 5379//5379 5380//5380 5385//5385
f 5379//5379 5385//5385 5384//5384
f 5380//5380 5381//5381 5386//5386
f 5380//5380 5386//5386 5385//5385
f 5381//5381 5377//5377 5382//5382
f 5381//5381 5382//5382 5386//5386
f 5377//5377 5379//5379 5378//5378
f 5377//5377 5380//5380 5379//5379
f 5377//5377 5381//5381 5380//5380
f 5382//5382 5383//5383 5384//5384
f 5382//5382 5384//5384 5385//5385
f 5382//5382 5385//5385 5386//5386
f 5387//5387 5388//5388 5393//5393
f 5387//5387 5393//5393 5392//5392
f 5388//5388 5389//5389 5394//5394
f 5388//5388 5394//5394 5393//5393
f 5389//5389 5390//5390 5395//5395
f 5389//5389 5395//5395 5394//5394
f 5390//5390 5391//5391 5396//5396
f 5390//5390 5396//5396 5395//5395
f 5391//5391 5387//5387 5392//5392
f 5391//5391 5392//5392 5396//5396
f 5387//5387 5389//5389 5388//5388
f 5387//5387 5390//5390 5389//5389
f 5387//5387 5391//5391 5390//5390
f 5392//5392 5393//5393 5394//5394
f 5392//5392 5394//5394 5395//5395
f 5392//5392 5395//5395 5396//5396
f 5397//5397 5398//5398 5403//5403
f 5397//5397 5403//5403 5402//5402
f 5398//5398 5399//5399 5404//5404
f 5398//5398 5404//5404 5403//5403
f 5399//5399 5400//5400 5405//5405
f 5399//5399 5405//5405 5404//5404
f 5400//5400 5401//5401 5406//5406
f 5400//5400 5406//5406 5405//5405
f 5401//5401 5397//5397 5402//5402
f 5401//5401 5402//5402 5406//5406
f 5397//5397 5399//5399 5398//5398
f 5397//5397 5400//5400 5399//5399
f 5397//5397 5401//5401 5400//5400
f 5402//5402 5403//5403 5404//5404
f 5402//5402 5404//5404 5405//5405
f 5402//5402 5405//5405 5406//5406
f 5407//5407 5408//5408 5413//5413
f 5407//5407 5413//5413 5412//5412
f 5408//5408 5409//5409 5414//5414
f 5408//5408 5414//5414 5413//5413
f 5409//5409 5410//5410 5415//5415
f 5409//5409 5415//5415 5414//5414
f 5410//5410 5411//5411 5416//5416
f 5410//5410 5416//5416 5415//5415
f 5411//5411 5407//5407 5412//5412
f 5411//5411 5412//5412 5416//5416
f 5407//5407 5409//5409 5408//5408
f 5407//5407 5410//5410 5409//5409
f 5407//5407 5411//5411 5410//5410
f 5412//5412 5413//5413 5414//5414
f 5412//5412 5414//5414 5415//5415
f 5412//5412 5415//5415 5416//5416
f 5417//5417 5418//5418 5423//5423
f 5417//5417 5423//5423 5422//5422
f 5418//5418 5419//5419 5424//5424
f 5418//5418 5424//5424 5423//5423
f 5419//5419 5420//5420 5425//5425
f 5419//5419 5425//5425 5424//5424
f 5420//5420 5421//5421 5426//5426
f 5420//5420 5426//5426 5425//5425
f 5421//5421 5417//5417 5422//5422
f 5421//5421 5422//5422 5426//5426
f 5417//5417 5419//5419 5418//5418
f 5417//5417 5420//5420 5419//5419
f 5417//5417 5421//5421 5420//5420
f 5422//5422 5423//5423 5424//5424
f 5422//5422 5424//5424 5425//5425
f 5422//5422 5425//5425 5426//5426
f 5427//5427 5428//5428 5434//5434
f 5427//5427 5434//5434 5433//5433
f 5428//5428 5429//5429 5435//5435
f 5428//5428 5435//5435 5434//5434
f 5429//5429 5430//5430 5436//5436
f 5429//5429 5436//5436 5435//5435
f 5430//5430 5431//5431 5437//5437
f 5430//5430 5437//5437 5436//5436
f 5431//5431 5432//5432 5438//5438
f 5431//5431 5438//5438 5437//5437
f 5432//5432 5427//5427 5433//5433
f 5432//5432 5433//5433 5438//5438
f 5427//5427 5429//5429 5428//5428
f 5427//5427 5430//5430 5429//5429
f 5427//5427 5431//5431 5430//5430
f 5427//5427 5432//5432 5431//5431
f 5433//5433 5434//5434 5435//5435
f 5433//5433 5435//5435 5436//5436
f 5433//5433 5436//5436 5437//5437
f 5433//5433 5437//5437 5438//5438
f 5439//5439 5440//5440 5445//5445
f 5439//5439 5445//5445 5444//5444
f 5440//5440 5441//5441 5446//5446
f 5440//5440 5446//5446 5445//5445
f 5441//5441 5442//5442 5447//5447
f 5441//5441 5447//5447 5446//5446
f 5442//5442 5443//5443 5448//5448
f 5442//5442 5448//5448 5447//5447
f 5443//5443 5439//5439 5444//5444
f 5443//5443 5444//5444 5448//5448
f 5439//5439 5441//5441 5440//5440
f 5439//5439 5442//5442 5441//5441
f 5439//5439 5443//5443 5442//5442
f 5444//5444 5445//5445 5446//5446
f 5444//5444 5446//5446 5447//5447
f 5444//5444 5447//5447 5448//5448
f 5449//5449 5450//5450 5455//5455
f 5449//5449 5455//5455 5454//5454
f 5450//5450 5451//5451 5456//5456
f 5450//5450 5456//5456 5455//5455
f 5451//5451 5452//5452 5457//5457
f 5451//5451 5457//5457 5456//5456
f 5452//5452 5453//5453 5458//5458
f 5452//5452 5458//5458 5457//5457
f 5453//5453 5449//5449 5454//5454
f 5453//5453 5454//5454 5458//5458
f 5449//5449 5451//5451 5450//5450
f 5449//5449 5452//5452 5451//5451
f 5449//5449 5453//5453 5452//5452
f 5454//5454 5455//5455 5456//5456
f 5454//5454 5456//5456 5457//5457
f 5454//5454 5457//5457 5458//5458
f 5459//5459 5460//5460 5465//5465
f 5459//5459 5465//5465 5464//5464
f 5460//5460 5461//5461 5466//5466
f 5460//5460 5466//5466 5465//5465
f 5461//5461 5462//5462 5467//5467
f 5461//5461 5467//5467 5466//5466
f 5462//5462 5463//5463 5468//5468
f 5462//5462 5468//5468 5467//5467
f 5463//5463 5459//5459 5464//5464
f 5463//5463 5464//5464 5468//5468
f 5459//5459 5461//5461 5460//5460
f 5459//5459 5462//5462 5461//5461
f 5459//5459 5463//5463 5462//5462
f 5464//5464 5465//5465 5466//5466
f 5464//5464 5466//5466 5467//5467
f 5464//5464 5467//5467 5468//5468
f 5469//5469 5470//5470 5475//5475
f 5469//5469 5475//5475 5474//5474
f 5470//5470 5471//5471 5476//5476
f 5470//5470 5476//5476 5475//5475
f 5471//5471 5472//5472 5477//5477
f 5471//5471 5477//5477 5476//5476
f 5472//5472 5473//5473 5478//5478
f 5472//5472 5478//5478 5477//5477
f 5473//5473 5469//5469 5474//5474
f 5473//5473 5474//5474 5478//5478
f 5469//5469 5471//5471 5470//5470
f 5469//5469 5472//5472 5471//5471
f 5469//5469 5473//5473 5472//5472
f 5474//5474 5475//5475 5476//5476
f 5474//5474 5476//5476 5477//5477
f 5474//5474 5477//5477 5478//5478
f 5479//5479 5480//5480 5485//5485
f 5479//5479 5485//5485 5484//5484
f 5480//5480 5481//5481 5486//5486
f 5480//5480 5486//5486 5485//5485
f 5481//5481 5482//5482 5487//5487
f 5481//5481 5487//5487 5486//5486
f 5482//5482 5483//5483 5488//5488
f 5482//5482 5488//5488 5487//5487
f 5483//5483 5479//5479 5484//5484
f 5483//5483 5484//5484 5488//5488
f 5479//5479 5481//5481 5480//5480
f 5479//5479 5482//5482 5481//5481
f 5479//5479 5483//5483 5482//5482
f 5484//5484 5485//5485 5486//5486
f 5484//5484 5486//5486 5487//5487
f 5484//5484 5487//5487 5488//5488
f 5489//5489 5490//5490 5495//5495
f 5489//5489 5495//5495 5494//5494
f 5490//5490 5491//5491 5496//5496
f 5490//5490 5496//5496 5495//5495
f 5491//5491 5492//5492 5497//5497
f 5491//5491 5497//5497 5496//5496
f 5492//5492 5493//5493 5498//5498
f 5492//5492 5498//5498 5497//5497
f 5493//5493 5489//5489 5494//5494
f 5493//5493 5494//5494 5498//5498
f 5489//5489 5491//5491 5490//5490
f 5489//5489 5492//5492 5491//5491
f 5489//5489 5493//5493 5492//5492
f 5494//5494 5495//5495 5496//5496
f 5494//5494 5496//5496 5497//5497
f 5494//5494 5497//5497 5498//5498
f 5499//5499 5500//5500 5505//5505
f 5499//5499 5505//5505 5504//5504
f 5500//5500 5501//5501 5506//5506
f 5500//5500 5506//5506 5505//5505
f 5501//5501 5502//5502 5507//5507
f 5501//5501 5507//5507 5506//5506
f 5502//5502 5503//5503 5508//5508
f 5502//5502 5508//5508 5507//5507
f 5503//5503 5499//5499 5504//5504
f 5503//5503 5504//5504 5508//5508
f 5499//5499 5501//5501 5500//5500
f 5499//5499 5502//5502 5501//5501
f 5499//5499 5503//5503 5502//5502
f 5504//5504 5505//5505 5506//5506
f 5504//5504 5506//5506 5507//5507
f 5504//5504 5507//5507 5508//5508
f 5509//5509 5510//5510 5515//5515
f 5509//5509 5515//5515 5514//5514
f 5510//5510 5511//5511 5516//5516
f 5510//5510 5516//5516 5515//5515
f 5511//5511 5512//5512 5517//5517
f 5511//5511 5517//5517 5516//5516
f 5512//5512 5513//5513 5518//5518
f 5512//5512 5518//5518 5517//5517
f 5513//5513 5509//5509 5514//5514
f 5513//5513 5514//5514 5518//5518
f 5509//5509 5511//5511 5510//5510
f 5509//5509 5512//5512 5511//5511
f 5509//5509 5513//5513 5512//5512
f 5514//5514 5515//5515 5516//5516
f 5514//5514 5516//5516 5517//5517
f 5514//5514 5517//5517 5518//5518
f 5519//5519 5520//5520 5525//5525
f 5519//5519 5525//5525 5524//5524
f 5520//5520 5521//5521 5526//5526
f 5520//5520 5526//5526 5525//5525
f 5521//5521 5522//5522 5527//5527
f 5521//5521 5527//5527 5526//5526
f 5522//5522 5523//5523 5528//5528
f 5522//5522 5528//5528 5527//5527
f 5523//5523 5519//5519 5524//5524
f 5523//5523 5524//5524 5528//5528
f 5519//5519 5521//5521 5520//5520
f 5519//5519 5522//5522 5521//5521
f 5519//5519 5523//5523 5522//5522
f 5524//5524 5525//5525 5526//5526
f 5524//5524 5526//5526 5527//5527
f 5524//5524 5527//5527 5528//5528
f 5529//5529 5530//5530 5536//5536
f 5529//5529 5536//5536 5535//5535
f 5530//5530 5531//5531 5537//5537
f 5530//5530 5537//5537 5536//5536
f 5531//5531 5532//5532 5538//5538
f 5531//5531 5538//5538 5537//5537
f 5532//5532 5533//5533 5539//5539
f 5532//5532 5539//5539 5538//5538
f 5533//5533 5534//5534 5540//5540
f 5533//5533 5540//5540 5539//5539
f 5534//5534 5529//5529 5535//5535
f 5534//5534 5535//5535 5540//5540
f 5529//5529 5531//5531 5530//5530
f 5529//5529 5532//5532 5531//5531
f 5529//5529 5533//5533 5532//5532
f 5529//5529 5534//5534 5533//5533
f 5535//5535 5536//5536 5537//5537
f 5535//5535 5537//5537 5538//5538
f 5535//5535 5538//5538 5539//5539
f 5535//5535 5539//5539 5540//5540
f 5541//5541 5542//5542 5547//5547
f 5541//5541 5547//5547 5546//5546
f 5542//5542 5543//5543 5548//5548
f 5542//5542 5548//5548 5547//5547
f 5543//5543 5544//5544 5549//5549
f 5543//5543 5549//5549 5548//5548
f 5544//5544 5545//5545 5550//5550
f 5544//5544 5550//5550 5549//5549
f 5545//5545 5541//5541 5546//5546
f 5545//5545 5546//5546 5550//5550
f 5541//5541 5543//5543 5542//5542
f 5541//5541 5544//5544 5543//5543
f 5541//5541 5545//5545 5544//5544
f 5546//5546 5547//5547 5548//5548
f 5546//5546 5548//5548 5549//5549
f 5546//5546 5549//5549 5550//5550
f 5551//5551 5552//5552 5557//5557
f 5551//5551 5557//5557 5556//5556
f 5552//5552 5553//5553 5558//5558
f 5552//5552 5558//5558 5557//5557
f 5553//5553 5554//5554 5559//5559
f 5553//5553 5559//5559 5558//5558
f 5554//5554 5555//5555 5560//5560
f 5554//5554 5560//5560 5559//5559
f 5555//5555 5551//5551 5556//5556
f 5555//5555 5556//5556 5560//5560
f 5551//5551 5553//5553 5552//5552
f 5551//5551 5554//5554 5553//5553
f 5551//5551 5555//5555 5554//5554
f 5556//5556 5557//5557 5558//5558
f 5556//5556 5558//5558 5559//5559
f 5556//5556 5559//5559 5560//5560
f 5561//5561 5562//5562 5567//5567
f 5561//5561 5567//5567 5566//5566
f 5562//5562 5563//5563 5568//5568
f 5562//5562 5568//5568 5567//5567
f 5563//5563 5564//5564 5569//5569
f 5563//5563 5569//5569 5568//5568
f 5564//5564 5565//5565 5570//5570
f 5564//5564 5570//5570 5569//5569
f 5565//5565 5561//5561 5566//5566
f 5565//5565 5566//5566 5570//5570
f 5561//5561 5563//5563 5562//5562
f 5561//5561 5564//5564 5563//5563
f 5561//5561 5565//5565 5564//5564
f 5566//5566 5567//5567 5568//5568
f 5566//5566 5568//5568 5569//5569
f 5566//5566 5569//5569 5570//5570
f 5571//5571 5572//5572 5577//5577
f 5571//5571 5577//5577 5576//5576
f 5572//5572 5573//5573 5578//5578
f 5572//5572 5578//5578 5577//5577
f 5573//5573 5574//5574 5579//5579
f 5573//5573 5579//5579 5578//5578
f 5574//5574 5575//5575 5580//5580
f 5574//5574 5580//5580 5579//5579
f 5575//5575 5571//5571 5576//5576
f 5575//5575 5576//5576 5580//5580
f 5571//5571 5573//5573 5572//5572
f 5571//5571 5574//5574 5573//5573
f 5571//5571 5575//5575 5574//5574
f 5576//5576 5577//5577 5578//5578
f 5576//5576 5578//5578 5579//5579
f 5576//5576 5579//5579 5580//5580
f 5581//5581 5582//5582 5587//5587
f 5581//5581 5587//5587 5586//5586
f 5582//5582 5583//5583 5588//5588
f 5582//5582 5588//5588 5587//5587
f 5583//5583 5584//5584 5589//5589
f 5583//5583 5589//5589 5588//5588
f 5584//5584 5585//5585 5590//5590
f 5584//5584 5590//5590 5589//5589
f 5585//5585 5581//5581 5586//5586
f 5585//5585 5586//5586 5590//5590
f 5581//5581 5583//5583 5582//5582
f 5581//5581 5584//5584 5583//5583
f 5581//5581 5585//5585 5584//5584
f 5586//5586 5587//5587 5588//5588
f 5586//5586 5588//5588 5589//5589
f 5586//5586 5589//5589 5590//5590
f 5591//5591 5592//5592 5597//5597
f 5591//5591 5597//5597 5596//5596
f 5592//5592 5593//5593 5598//5598
f 5592//5592 5598//5598 5597//5597
f 5593//5593 5594//5594 5599//5599
f 5593//5593 5599//5599 5598//5598
f 5594//5594 5595//5595 5600//5600
f 5594//5594 5600//5600 5599//5599
f 5595//5595 5591//5591 5596//5596
f 5595//5595 5596//5596 5600//5600
f 5591//5591 5593//5593 5592//5592
f 5591//5591 5594//5594 5593//5593
f 5591//5591 5595//5595 5594//5594
f 5596//5596 5597//5597 5598//5598
f 5596//5596 5598//5598 5599//5599
f 5596//5596 5599//5599 5600//5600
f 5601//5601 5602//5602 5607//5607
f 5601//5601 5607//5607 5606//5606
f 5602//5602 5603//5603 5608//5608
f 5602//5602 5608//5608 5607//5607
f 5603//5603 5604//5604 5609//5609
f 5603//5603 5609//5609 5608//5608
f 5604//5604 5605//5605 5610//5610
f 5604//5604 5610//5610 5609//5609
f 5605//5605 5601//5601 5606//5606
f 5605//5605 5606//5606 5610//5610
f 5601//5601 5603//5603 5602//5602
f 5601//5601 5604//5604 5603//5603
f 5601//5601 5605//5605 5604//5604
f 5606//5606 5607//5607 5608//5608
f 5606//5606 5608//5608 5609//5609
f 5606//5606 5609//5609 5610//5610
f 5611//5611 5612//5612 5617//5617
f 5611//5611 5617//5617 5616//5616
f 5612//5612 5613//5613 5618//5618
f 5612//5612 5618//5618 5617//5617
f 5613//5613 5614//5614 5619//5619
f 5613//5613 5619//5619 5618//5618
f 5614//5614 5615//5615 5620//5620
f 5614//5614 5620//5620 5619//5619
f 5615//5615 5611//5611 5616//5616
f 5615//5615 5616//5616 5620//5620
f 5611//5611 5613//5613 5612//5612
f 5611//5611 5614//5614 5613//5613
f 5611//5611 5615//5615 5614//5614
f 5616//5616 5617//5617 5618//5618
f 5616//5616 5618//5618 5619//5619
f 5616//5616 5619//5619 5620//5620
f 5621//5621 5622//5622 5627//5627
f 5621//5621 5627//5627 5626//5626
f 5622//5622 5623//5623 5628//5628
f 5622//5622 5628//5628 5627//5627
f 5623//5623 5624//5624 5629//5629
f 5623//5623 5629//5629 5628//5628
f 5624//5624 5625//5625 5630//5630
f 5624//5624 5630//5630 5629//5629
f 5625//5625 5621//5621 5626//5626
f 5625//5625 5626//5626 5630//5630
f 5621//5621 5623//5623 5622//5622
f 5621//5621 5624//5624 5623//5623
f 5621//5621 5625//5625 5624//5624
f 5626//5626 5627//5627 5628//5628
f 5626//5626 5628//5628 5629//5629
f 5626//5626 5629//5629 5630//5630
f 5631//5631 5632//5632 5638//5638
f 5631//5631 5638//5638 5637//5637
f 5632//5632 5633//5633 5639//5639
f 5632//5632 5639//5639 5638//5638
f 5633//5633 5634//5634 5640//5640
f 5633//5633 5640//5640 5639//5639
f 5634//5634 5635//5635 5641//5641
f 5634//5634 5641//5641 5640//5640
f 5635//5635 5636//5636 5642//5642
f 5635//5635 5642//5642 5641//5641
f 5636//5636 5631//5631 5637//5637
f 5636//5636 5637//5637 5642//5642
f 5631//5631 5633//5633 5632//5632
f 5631//5631 5634//5634 5633//5633
f 5631//5631 5635//5635 5634//5634
f 5631//5631 5636//5636 5635//5635
f 5637//5637 5638//5638 5639//5639
f 5637//5637 5639//5639 5640//5640
f 5637//5637 5640//5640 5641//5641
f 5637//5637 5641//5641 5642//5642
f 5643//5643 5644//5644 5649//5649
f 5643//5643 5649//5649 5648//5648
f 5644//5644 5645//5645 5650//5650
f 5644//5644 5650//5650 5649//5649
f 5645//5645 5646//5646 5651//5651
f 5645//5645 5651//5651 5650//5650
f 5646//5646 5647//5647 5652//5652
f 5646//5646 5652//5652 5651//5651
f 5647//5647 5643//5643 5648//5648
f 5647//5647 5648//5648 5652//5652
f 5643//5643 5645//5645 5644//5644
f 5643//5643 5646//5646 5645//5645
f 5643//5643 5647//5647 5646//5646
f 5648//5648 5649//5649 5650//5650
f 5648//5648 5650//5650 5651//5651
f 5648//5648 5651//5651 5652//5652
f 5653//5653 5654//5654 5659//5659
f 5653//5653 5659//5659 5658//5658
f 5654//5654 5655//5655 5660//5660
f 5654//5654 5660//5660 5659//5659
f 5655//5655 5656//5656 5661//5661
f 5655//5655 5661//5661 5660//5660
f 5656//5656 5657//5657 5662//5662
f 5656//5656 5662//5662 5661//5661
f 5657//5657 5653//5653 5658//5658
f 5657//5657 5658//5658 5662//5662
f 5653//5653 5655//5655 5654//5654
f 5653//5653 5656//5656 5655//5655
f 5653//5653 5657//5657 5656//5656
f 5658//5658 5659//5659 5660//5660
f 5658//5658 5660//5660 5661//5661
f 5658//5658 5661//5661 5662//5662
f 5663//5663 5664//5664 5669//5669
f 5663//5663 5669//5669 5668//5668
f 5664//5664 5665//5665 5670//5670
f 5664//5664 5670//5670 5669//5669
f 5665//5665 5666//5666 5671//5671
f 5665//5665 5671//5671 5670//5670
f 5666//5666 5667//5667 5672//5672
f 5666//5666 5672//5672 5671//5671
f 5667//5667 5663//5663 5668//5668
f 5667//5667 5668//5668 5672//5672
f 5663//5663 5665//5665 5664//5664
f 5663//5663 5666//5666 5665//5665
f 5663//5663 5667//5667 5666//5666
f 5668//5668 5669//5669 5670//5670
f 5668//5668 5670//5670 5671//5671
f 5668//5668 5671//5671 5672//5672
f 5673//5673 5674//5674 5679//5679
f 5673//5673 5679//5679 5678//5678
f 5674//5674 5675//5675 5680//5680
f 5674//5674 5680//5680 5679//5679
f 5675//5675 5676//5676 5681//5681
f 5675//5675 5681//5681 5680//5680
f 5676//5676 5677//5677 5682//5682
f 5676//5676 5682//5682 5681//5681
f 5677//5677 5673//5673 5678//5678
f 5677//5677 5678//5678 5682//5682
f 5673//5673 5675//5675 5674//5674
f 5673//5673 5676//5676 5675//5675
f 5673//5673 5677//5677 5676//5676
f 5678//5678 5679//5679 5680//5680
f 5678//5678 5680//5680 5681//5681
f 5678//5678 5681//5681 5682//5682
f 5683//5683 5684//5684 5689//5689
f 5683//5683 5689//5689 5688//5688
f 5684//5684 5685//5685 5690//5690
f 5684//5684 5690//5690 5689//5689
f 5685//5685 5686//5686 5691//5691
f 5685//5685 5691//5691 5690//5690
f 5686//5686 5687//5687 5692//5692
f 5686//5686 5692//5692 5691//5691
f 5687//5687 5683//5683 5688//5688
f 5687//5687 5688//5688 5692//5692
f 5683//5683 5685//5685 5684//5684
f 5683//5683 5686//5686 5685//5685
f 5683//5683 5687//5687 5686//5686
f 5688//5688 5689//5689 5690//5690
f 5688//5688 5690//5690 5691//5691
f 5688//5688 5691//5691 5692//5692
f 5693//5693 5694//5694 5699//5699
f 5693//5693 5699//5699 5698//5698
f 5694//5694 5695//5695 5700//5700
f 5694//5694 5700//5700 5699//5699
f 5695//5695 5696//5696 5701//5701
f 5695//5695 5701//5701 5700//5700
f 5696//5696 5697//5697 5702//5702
f 5696//5696 5702//5702 5701//5701
f 5697//5697 5693//5693 5698//5698
f 5697//5697 5698//5698 5702//5702
f 5693//5693 5695//5695 5694//5694
f 5693//5693 5696//5696 5695//5695
f 5693//5693 5697//5697 5696//5696
f 5698//5698 5699//5699 5700//5700
f 5698//5698 5700//5700 5701//5701
f 5698//5698 5701//5701 5702//5702
f 5703//5703 5704//5704 5709//5709
f 5703//5703 5709//5709 5708//5708
f 5704//5704 5705//5705 5710//5710
f 5704//5704 5710//5710 5709//5709
f 5705//5705 5706//5706 5711//5711
f 5705//5705 5711//5711 5710//5710
f 5706//5706 5707//5707 5712//5712
f 5706//5706 5712//5712 5711//5711
f 5707//5707 5703//5703 5708//5708
f 5707//5707 5708//5708 5712//5712
f 5703//5703 5705//5705 5704//5704
f 5703//5703 5706//5706 5705//5705
f 5703//5703 5707//5707 5706//5706
f 5708//5708 5709//5709 5710//5710
f 5708//5708 5710//5710 5711//5711
f 5708//5708 5711//5711 5712//5712
f 5713//5713 5714//5714 5719//5719
f 5713//5713 5719//5719 5718//5718
f 5714//5714 5715//5715 5720//5720
f 5714//5714 5720//5720 5719//5719
f 5715//5715 5716//5716 5721//5721
f 5715//5715 5721//5721 5720//5720
f 5716//5716 5717//5717 5722//5722
f 5716//5716 5722//5722 5721//5721
f 5717//5717 5713//5713 5718//5718
f 5717//5717 5718//5718 5722//5722
f 5713//5713 5715//5715 5714//5714
f 5713//5713 5716//5716 5715//5715
f 5713//5713 5717//5717 5716//5716
f 5718//5718 5719//5719 5720//5720
f 5718//5718 5720//5720 5721//5721
f 5718//5718 5721//5721 5722//5722
f 5723//5723 5724//5724 5729//5729
f 5723//5723 5729//5729 5728//5728
f 5724//5724 5725//5725 5730//5730
f 5724//5724 5730//5730 5729//5729
f 5725//5725 5726//5726 5731//5731
f 5725//5725 5731//5731 5730//5730
f 5726//5726 5727//5727 5732//5732
f 5726//5726 5732//5732 5731//5731
f 5727//5727 5723//5723 5728//5728
f 5727//5727 5728//5728 5732//5732
f 5723//5723 5725//5725 5724//5724
f 5723//5723 5726//5726 5725//5725
f 5723//5723 5727//5727 5726//5726
f 5728//5728 5729//5729 5730//5730
f 5728//5728 5730//5730 5731//5731
f 5728//5728 5731//5731 5732//5732
f 5733//5733 5734//5734 5740//5740
f 5733//5733 5740//5740 5739//5739
f 5734//5734 5735//5735 5741//5741
f 5734//5734 5741//5741 5740//5740
f 5735//5735 5736//5736 5742//5742
f 5735//5735 5742//5742 5741//5741
f 5736//5736 5737//5737 5743//5743
f 5736//5736 5743//5743 5742//5742
f 5737//5737 5738//5738 5744//5744
f 5737//5737 5744//5744 5743//5743
f 5738//5738 5733//5733 5739//5739
f 5738//5738 5739//5739 5744//5744
f 5733//5733 5735//5735 5734//5734
f 5733//5733 5736//5736 5735//5735
f 5733//5733 5737//5737 5736//5736
f 5733//5733 5738//5738 5737//5737
f 5739//5739 5740//5740 5741//5741
f 5739//5739 5741//5741 5742//5742
f 5739//5739 5742//5742 5743//5743
f 5739//5739 5743//5743 5744//5744
f 5745//5745 5746//5746 5751//5751
f 5745//5745 5751//5751 5750//5750
f 5746//5746 5747//5747 5752//5752
f 5746//5746 5752//5752 5751//5751
f 5747//5747 5748//5748 5753//5753
f 5747//5747 5753//5753 5752//5752
f 5748//5748 5749//5749 5754//5754
f 5748//5748 5754//5754 5753//5753
f 5749//5749 5745//5745 5750//5750
f 5749//5749 5750//5750 5754//5754
f 5745//5745 5747//5747 5746//5746
f 5745//5745 5748//5748 5747//5747
f 5745//5745 5749//5749 5748//5748
f 5750//5750 5751//5751 5752//5752
f 5750//5750 5752//5752 5753//5753
f 5750//5750 5753//5753 5754//5754
f 5755//5755 5756//5756 5761//5761
f 5755//5755 5761//5761 5760//5760
f 5756//5756 5757//5757 5762//5762
f 5756//5756 5762//5762 5761//5761
f 5757//5757 5758//5758 5763//5763
f 5757//5757 5763//5763 5762//5762
f 5758//5758 5759//5759 5764//5764
f 5758//5758 5764//5764 5763//5763
f 5759//5759 5755//5755 5760//5760
f 5759//5759 5760//5760 5764//5764
f 5755//5755 5757//5757 5756//5756
f 5755//5755 5758//5758 5757//5757
f 5755//5755 5759//5759 5758//5758
f 5760//5760 5761//5761 5762//5762
f 5760//5760 5762//5762 5763//5763
f 5760//5760 5763//5763 5764//5764
f 5765//5765 5766//5766 5771//5771
f 5765//5765 5771//5771 5770//5770
f 5766//5766 5767//5767 5772//5772
f 5766//5766 5772//5772 5771//5771
f 5767//5767 5768//5768 5773//5773
f 5767//5767 5773//5773 5772//5772
f 5768//5768 5769//5769 5774//5774
f 5768//5768 5774//5774 5773//5773
f 5769//5769 5765//5765 5770//5770
f 5769//5769 5770//5770 5774//5774
f 5765//5765 5767//5767 5766//5766
f 5765//5765 5768//5768 5767//5767
f 5765//5765 5769//5769 5768//5768
f 5770//5770 5771//5771 5772//5772
f 5770//5770 5772//5772 5773//5773
f 5770//5770 5773//5773 5774//5774
f 5775//5775 5776//5776 5781//5781
f 5775//5775 5781//5781 5780//5780
f 5776//5776 5777//5777 5782//5782
f 5776//5776 5782//5782 5781//5781
f 5777//5777 5778//5778 5783//5783
f 5777//5777 5783//5783 5782//5782
f 5778//5778 5779//5779 5784//5784
f 5778//5778 5784//5784 5783//5783
f 5779//5779 5775//5775 5780//5780
f 5779//5779 5780//5780 5784//5784
f 5775//5775 5777//5777 5776//5776
f 5775//5775 5778//5778 5777//5777
f 5775//5775 5779//5779 5778//5778
f 5780//5780 5781//5781 5782//5782
f 5780//5780 5782//5782 5783//5783
f 5780//5780 5783//5783 5784//5784
f 5785//5785 5786//5786 5791//5791
f 5785//5785 5791//5791 5790//5790
f 5786//5786 5787//5787 5792//5792
f 5786//5786 5792//5792 5791//5791
f 5787//5787 5788//5788 5793//5793
f 5787//5787 5793//5793 5792//5792
f 5788//5788 5789//5789 5794//5794
f 5788//5788 5794//5794 5793//5793
f 5789//5789 5785//5785 5790//5790
f 5789//5789 5790//5790 5794//5794
f 5785//5785 5787//5787 5786//5786
f 5785//5785 5788//5788 5787//5787
f 5785//5785 5789//5789 5788//5788
f 5790//5790 5791//5791 5792//5792
f 5790//5790 5792//5792 5793//5793
f 5790//5790 5793//5793 5794//5794
f 5795//5795 5796//5796 5801//5801
f 5795//5795 5801//5801 5800//5800
f 5796//5796 5797//5797 5802//5802
f 5796//5796 5802//5802 5801//5801
f 5797//5797 5798//5798 5803//5803
f 5797//5797 5803//5803 5802//5802
f 5798//5798 5799//5799 5804//5804
f 5798//5798 5804//5804 5803//5803
f 5799//5799 5795//5795 5800//5800
f 5799//5799 5800//5800 5804//5804
f 5795//5795 5797//5797 5796//5796
f 5795//5795 5798//5798 5797//5797
f 5795//5795 5799//5799 5798//5798
f 5800//5800 5801//5801 5802//5802
f 5800//5800 5802//5802 5803//5803
f 5800//5800 5803//5803 5804//5804
f 5805//5805 5806//5806 5811//5811
f 5805//5805 5811//5811 5810//5810
f 5806//5806 5807//5807 5812//5812
f 5806//5806 5812//5812 5811//5811
f 5807//5807 5808//5808 5813//5813
f 5807//5807 5813//5813 5812//5812
f 5808//5808 5809//5809 5814//5814
f 5808//5808 5814//5814 5813//5813
f 5809//5809 5805//5805 5810//5810
f 5809//5809 5810//5810 5814//5814
f 5805//5805 5807//5807 5806//5806
f 5805//5805 5808//5808 5807//5807
f 5805//5805 5809//5809 5808//5808
f 5810//5810 5811//5811 5812//5812
f 5810//5810 5812//5812 5813//5813
f 5810//5810 5813//5813 5814//5814
f 5815//5815 5816//5816 5821//5821
f 5815//5815 5821//5821 5820//5820
f 5816//5816 5817//5817 5822//5822
f 5816//5816 5822//5822 5821//5821
f 5817//5817 5818//5818 5823//5823
f 5817//5817 5823//5823 5822//5822
f 5818//5818 5819//5819 5824//5824
f 5818//5818 5824//5824 5823//5823
f 5819//5819 5815//5815 5820//5820
f 5819//5819 5820//5820 5824//5824
f 5815//5815 5817//5817 5816//5816
f 5815//5815 5818//5818 5817//5817
f 5815//5815 5819//5819 5818//5818
f 5820//5820 5821//5821 5822//5822
f 5820//5820 5822//5822 5823//5823
f 5820//5820 5823//5823 5824//5824
f 5825//5825 5826//5826 5831//5831
f 5825//5825 5831//5831 5830//5830
f 5826//5826 5827//5827 5832//5832
f 5826//5826 5832//5832 5831//5831
f 5827//5827 5828//5828 5833//5833
f 5827//5827 5833//5833 5832//5832
f 5828//5828 5829//5829 5834//5834
f 5828//5828 5834//5834 5833//5833
f 5829//5829 5825//5825 5830//5830
f 5829//5829 5830//5830 5834//5834
f 5825//5825 5827//5827 5826//5826
f 5825//5825 5828//5828 5827//5827
f 5825//5825 5829//5829 5828//5828
f 5830//5830 5831//5831 5832//5832
f 5830//5830 5832//5832 5833//5833
f 5830//5830 5833//5833 5834//5834
f 5835//5835 5836//5836 5842//5842
f 5835//5835 5842//5842 5841//5841
f 5836//5836 5837//5837 5843//5843
f 5836//5836 5843//5843 5842//5842
f 5837//5837 5838//5838 5844//5844
f 5837//5837 5844//5844 5843//5843
f 5838//5838 5839//5839 5845//5845
f 5838//5838 5845//5845 5844//5844
f 5839//5839 5840//5840 5846//5846
f 5839//5839 5846//5846 5845//5845
f 5840//5840 5835//5835 5841//5841
f 5840//5840 5841//5841 5846//5846
f 5835//5835 5837//5837 5836//5836
f 5835//5835 5838//5838 5837//5837
f 5835//5835 5839//5839 5838//5838
f 5835//5835 5840//5840 5839//5839
f 5841//5841 5842//5842 5843//5843
f 5841//5841 5843//5843 5844//5844
f 5841//5841 5844//5844 5845//5845
f 5841//5841 5845//5845 5846//5846
f 5847//5847 5848//5848 5853//5853
f 5847//5847 5853//5853 5852//5852
f 5848//5848 5849//5849 5854//5854
f 5848//5848 5854//5854 5853//5853
f 5849//5849 5850//5850 5855//5855
f 5849//5849 5855//5855 5854//5854
f 5850//5850 5851//5851 5856//5856
f 5850//5850 5856//5856 5855//5855
f 5851//5851 5847//5847 5852//5852
f 5851//5851 5852//5852 5856//5856
f 5847//5847 5849//5849 5848//5848
f 5847//5847 5850//5850 5849//5849
f 5847//5847 5851//5851 5850//5850
f 5852//5852 5853//5853 5854//5854
f 5852//5852 5854//5854 5855//5855
f 5852//5852 5855//5855 5856//5856
f 5857//5857 5858//5858 5863//5863
f 5857//5857 5863//5863 5862//5862
f 5858//5858 5859//5859 5864//5864
f 5858//5858 5864//5864 5863//5863
f 5859//5859 5860//5860 5865//5865
f 5859//5859 5865//5865 5864//5864
f 5860//5860 5861//5861 5866//5866
f 5860//5860 5866//5866 5865//5865
f 5861//5861 5857//5857 5862//5862
f 5861//5861 5862//5862 5866//5866
f 5857//5857 5859//5859 5858//5858
f 5857//5857 5860//5860 5859//5859
f 5857//5857 5861//5861 5860//5860
f 5862//5862 5863//5863 5864//5864
f 5862//5862 5864//5864 5865//5865
f 5862//5862 5865//5865 5866//5866
f 5867//5867 5868//5868 5873//5873
f 5867//5867 5873//5873 5872//5872
f 5868//5868 5869//5869 5874//5874
f 5868//5868 5874//5874 5873//5873
f 5869//5869 5870//5870 5875//5875
f 5869//5869 5875//5875 5874//5874
f 5870//5870 5871//5871 5876//5876
f 5870//5870 5876//5876 5875//5875
f 5871//5871 5867//5867 5872//5872
f 5871//5871 5872//5872 5876//5876
f 5867//5867 5869//5869 5868//5868
f 5867//5867 5870//5870 5869//5869
f 5867//5867 5871//5871 5870//5870
f 5872//5872 5873//5873 5874//5874
f 5872//5872 5874//5874 5875//5875
f 5872//5872 5875//5875 5876//5876
f 5877//5877 5878//5878 5883//5883
f 5877//5877 5883//5883 5882//5882
f 5878//5878 5879//5879 5884//5884
f 5878//5878 5884//5884 5883//5883
f 5879//5879 5880//5880 5885//5885
f 5879//5879 5885//5885 5884//5884
f 5880//5880 5881//5881 5886//5886
f 5880//5880 5886//5886 5885//5885
f 5881//5881 5877//5877 5882//5882
f 5881//5881 5882//5882 5886//5886
f 5877//5877 5879//5879 5878//5878
f 5877//5877 5880//5880 5879//5879
f 5877//5877 5881//5881 5880//5880
f 5882//5882 5883//5883 5884//5884
f 5882//5882 5884//5884 5885//5885
f 5882//5882 5885//5885 5886//5886
f 5887//5887 5888//5888 5893//5893
f 5887//5887 5893//5893 5892//5892
f 5888//5888 5889//5889 5894//5894
f 5888//5888 5894//5894 5893//5893
f 5889//5889 5890//5890 5895//5895
f 5889//5889 5895//5895 5894//5894
f 5890//5890 5891//5891 5896//5896
f 5890//5890 5896//5896 5895//5895
f 5891//5891 5887//5887 5892//5892
f 5891//5891 5892//5892 5896//5896
f 5887//5887 5889//5889 5888//5888
f 5887//5887 5890//5890 5889//5889
f 5887//5887 5891//5891 5890//5890
f 5892//5892 5893//5893 5894//5894
f 5892//5892 5894//5894 5895//5895
f 5892//5892 5895//5895 5896//5896
f 5897//5897 5898//5898 5903//5903
f 5897//5897 5903//5903 5902//5902
f 5898//5898 5899//5899 5904//5904
f 5898//5898 5904//5904 5903//5903
f 5899//5899 5900//5900 5905//5905
f 5899//5899 5905//5905 5904//5904
f 5900//5900 5901//5901 5906//5906
f 5900//5900 5906//5906 5905//5905
f 5901//5901 5897//5897 5902//5902
f 5901//5901 5902//5902 5906//5906
f 5897//5897 5899//5899 5898//5898
f 5897//5897 5900//5900 5899//5899
f 5897//5897 5901//5901 5900//5900
f 5902//5902 5903//5903 5904//5904
f 5902//5902 5904//5904 5905//5905
f 5902//5902 5905//5905 5906//5906
f 5907//5907 5908//5908 5913//5913
f 5907//5907 5913//5913 5912//5912
f 5908//5908 5909//5909 5914//5914
f 5908//5908 5914//5914 5913//5913
f 5909//5909 5910//5910 5915//5915
f 5909//5909 5915//5915 5914//5914
f 5910//5910 5911//5911 5916//5916
f 5910//5910 5916//5916 5915//5915
f 5911//5911 5907//5907 5912//5912
f 5911//5911 5912//5912 5916//5916
f 5907//5907 5909//5909 5908//5908
f 5907//5907 5910//5910 5909//5909
f 5907//5907 5911//5911 5910//5910
f 5912//5912 5913//5913 5914//5914
f 5912//5912 5914//5914 5915//5915
f 5912//5912 5915//5915 5916//5916
f 5917//5917 5918//5918 5923//5923
f 5917//5917 5923//5923 5922//5922
f 5918//5918 5919//5919 5924//5924
f 5918//5918 5924//5924 5923//5923
f 5919//5919 5920//5920 5925//5925
f 5919//5919 5925//5925 5924//5924
f 5920//5920 5921//5921 5926//5926
f 5920//5920 5926//5926 5925//5925
f 5921//5921 5917//5917 5922//5922
f 5921//5921 5922//5922 5926//5926
f 5917//5917 5919//5919 5918//5918
f 5917//5917 5920//5920 5919//5919
f 5917//5917 5921//5921 5920//5920
f 5922//5922 5923//5923 5924//5924
f 5922//5922 5924//5924 5925//5925
f 5922//5922 5925//5925 5926//5926
f 5927//5927 5928//5928 5933//5933
f 5927//5927 5933//5933 5932//5932
f 5928//5928 5929//5929 5934//5934
f 5928//5928 5934//5934 5933//5933
f 5929//5929 5930//5930 5935//5935
f 5929//5929 5935//5935 5934//5934
f 5930//5930 5931//5931 5936//5936
f 5930//5930 5936//5936 5935//5935
f 5931//5931 5927//5927 5932//5932
f 5931//5931 5932//5932 5936//5936
f 5927//5927 5929//5929 5928//5928
f 5927//5927 5930//5930 5929//5929
f 5927//5927 5931//5931 5930//5930
f 5932//5932 5933//5933 5934//5934
f 5932//5932 5934//5934 5935//5935
f 5932//5932 5935//5935 5936//5936
f 5937//5937 5938//5938 5944//5944
f 5937//5937 5944//5944 5943//5943
f 5938//5938 5939//5939 5945//5945
f 5938//5938 5945//5945 5944//5944
f 5939//5939 5940//5940 5946//5946
f 5939//5939 5946//5946 5945//5945
f 5940//5940 5941//5941 5947//5947
f 5940//5940 5947//5947 5946//5946
f 5941//5941 5942//5942 5948//5948
f 5941//5941 5948//5948 5947//5947
f 5942//5942 5937//5937 5943//5943
f 5942//5942 5943//5943 5948//5948
f 5937//5937 5939//5939 5938//5938
f 5937//5937 5940//5940 5939//5939
f 5937//5937 5941//5941 5940//5940
f 5937//5937 5942//5942 5941//5941
f 5943//5943 5944//5944 5945//5945
f 5943//5943 5945//5945 5946//5946
f 5943//5943 5946//5946 5947//5947
f 5943//5943 5947//5947 5948//5948
f 5949//5949 5950//5950 5955//5955
f 5949//5949 5955//5955 5954//5954
f 5950//5950 5951//5951 5956//5956
f 5950//5950 5956//5956 5955//5955
f 5951//5951 5952//5952 5957//5957
f 5951//5951 5957//5957 5956//5956
f 5952//5952 5953//5953 5958//5958
f 5952//5952 5958//5958 5957//5957
f 5953//5953 5949//5949 5954//5954
f 5953//5953 5954//5954 5958//5958
f 5949//5949 5951//5951 5950//5950
f 5949//5949 5952//5952 5951//5951
f 5949//5949 5953//5953 5952//5952
f 5954//5954 5955//5955 5956//5956
f 5954//5954 5956//5956 5957//5957
f 5954//5954 5957//5957 5958//5958
f 5959//5959 5960//5960 5965//5965
f 5959//5959 5965//5965 5964//5964
f 5960//5960 5961//5961 5966//5966
f 5960//5960 5966//5966 5965//5965
f 5961//5961 5962//5962 5967//5967
f 5961//5961 5967//5967 5966//5966
f 5962//5962 5963//5963 5968//5968
f 5962//5962 5968//5968 5967//5967
f 5963//5963 5959//5959 5964//5964
f 5963//5963 5964//5964 5968//5968
f 5959//5959 5961//5961 5960//5960
f 5959//5959 5962//5962 5961//5961
f 5959//5959 5963//5963 5962//5962
f 5964//5964 5965//5965 5966//5966
f 5964//5964 5966//5966 5967//5967
f 5964//5964 5967//5967 5968//5968
f 5969//5969 5970//5970 5975//5975
f 5969//5969 5975//5975 5974//5974
f 5970//5970 5971//5971 5976//5976
f 5970//5970 5976//5976 5975//5975
f 5971//5971 5972//5972 5977//5977
f 5971//5971 5977//5977 5976//5976
f 5972//5972 5973//5973 5978//5978
f 5972//5972 5978//5978 5977//5977
f 5973//5973 5969//5969 5974//5974
f 5973//5973 5974//5974 5978//5978
f 5969//5969 5971//5971 5970//5970
f 5969//5969 5972//5972 5971//5971
f 5969//5969 5973//5973 5972//5972
f 5974//5974 5975//5975 5976//5976
f 5974//5974 5976//5976 5977//5977
f 5974//5974 5977//5977 5978//5978
f 5979//5979 5980//5980 5985//5985
f 5979//5979 5985//5985 5984//5984
f 5980//5980 5981//5981 5986//5986
f 5980//5980 5986//5986 5985//5985
f 5981//5981 5982//5982 5987//5987
f 5981//5981 5987//5987 5986//5986
f 5982//5982 5983//5983 5988//5988
f 5982//5982 5988//5988 5987//5987
f 5983//5983 5979//5979 5984//5984
f 5983//5983 5984//5984 5988//5988
f 5979//5979 5981//5981 5980//5980
f 5979//5979 5982//5982 5981//5981
f 5979//5979 5983//5983 5982//5982
f 5984//5984 5985//5985 5986//5986
f 5984//5984 5986//5986 5987//5987
f 5984//5984 5987//5987 5988//5988
f 5989//5989 5990//5990 5995//5995
f 5989//5989 5995//5995 5994//5994
f 5990//5990 5991//5991 5996//5996
f 5990//5990 5996//5996 5995//5995
f 5991//5991 5992//5992 5997//5997
f 5991//5991 5997//5997 5996//5996
f 5992//5992 5993//5993 5998//5998
f 5992//5992 5998//5998 5997//5997
f 5993//5993 5989//5989 5994//5994
f 5993//5993 5994//5994 5998//5998
f 5989//5989 5991//5991 5990//5990
f 5989//5989 5992//5992 5991//5991
f 5989//5989 5993//5993 5992//5992
f 5994//5994 5995//5995 5996//5996
f 5994//5994 5996//5996 5997//5997
f 5994//5994 5997//5997 5998//5998
f 5999//5999 6000//6000 6005//6005
f 5999//5999 6005//6005 6004//6004
f 6000//6000 6001//6001 6006//6006
f 6000//6000 6006//6006 6005//6005
f 6001//6001 6002//6002 6007//6007
f 6001//6001 6007//6007 6006//6006
f 6002//6002 6003//6003 6008//6008
f 6002//6002 6008//6008 6007//6007
f 6003//6003 5999//5999 6004//6004
f 6003//6003 6004//6004 6008//6008
f 5999//5999 6001//6001 6000//6000
f 5999//5999 6002//6002 6001//6001
f 5999//5999 6003//6003 6002//6002
f 6004//6004 6005//6005 6006//6006
f 6004//6004 6006//6006 6007//6007
f 6004//6004 6007//6007 6008//6008
f 6009//6009 6010//6010 6015//6015
f 6009//6009 6015//6015 6014//6014
f 6010//6010 6011//6011 6016//6016
f 6010//6010 6016//6016 6015//6015
f 6011//6011 6012//6012 6017//6017
f 6011//6011 6017//6017 6016//6016
f 6012//6012 6013//6013 6018//6018
f 6012//6012 6018//6018 6017//6017
f 6013//6013 6009//6009 6014//6014
f 6013//6013 6014//6014 6018//6018
f 6009//6009 6011//6011 6010//6010
f 6009//6009 6012//6012 6011//6011
f 6009//6009 6013//6013 6012//6012
f 6014//6014 6015//6015 6016//6016
f 6014//6014 6016//6016 6017//6017
f 6014//6014 6017//6017 6018//6018
f 6019//6019 6020//6020 6025//6025
f 6019//6019 6025//6025 6024//6024
f 6020//6020 6021//6021 6026//6026
f 6020//6020 6026//6026 6025//6025
f 6021//6021 6022//6022 6027//6027
f 6021//6021 6027//6027 6026//6026
f 6022//6022 6023//6023 6028//6028
f 6022//6022 6028//6028 6027//6027
f 6023//6023 6019//6019 6024//6024
f 6023//6023 6024//6024 6028//6028
f 6019//6019 6021//6021 6020//6020
f 6019//6019 6022//6022 6021//6021
f 6019//6019 6023//6023 6022//6022
f 6024//6024 6025//6025 6026//6026
f 6024//6024 6026//6026 6027//6027
f 6024//6024 6027//6027 6028//6028
f 6029//6029 6030//6030 6035//6035
f 6029//6029 6035//6035 6034//6034
f 6030//6030 6031//6031 6036//6036
f 6030//6030 6036//6036 6035//6035
f 6031//6031 6032//6032 6037//6037
f 6031//6031 6037//6037 6036//6036
f 6032//6032 6033//6033 6038//6038
f 6032//6032 6038//6038 6037//6037
f 6033//6033 6029//6029 6034//6034
f 6033//6033 6034//6034 6038//6038
f 6029//6029 6031//6031 6030//6030
f 6029//6029 6032//6032 6031//6031
f 6029//6029 6033//6033 6032//6032
f 6034//6034 6035//6035 6036//6036
f 6034//6034 6036//6036 6037//6037
f 6034//6034 6037//6037 6038//6038
f 6039//6039 6040//6040 6046//6046
f 6039//6039 6046//6046 6045//6045
f 6040//6040 6041//6041 6047//6047
f 6040//6040 6047//6047 6046//6046
f 6041//6041 6042//6042 6048//6048
f 6041//6041 6048//6048 6047//6047
f 6042//6042 6043//6043 6049//6049
f 6042//6042 6049//6049 6048//6048
f 6043//6043 6044//6044 6050//6050
f 6043//6043 6050//6050 6049//6049
f 6044//6044 6039//6039 6045//6045
f 6044//6044 6045//6045 6050//6050
f 6039//6039 6041//6041 6040//6040
f 6039//6039 6042//6042 6041//6041
f 6039//6039 6043//6043 6042//6042
f 6039//6039 6044//6044 6043//6043
f 6045//6045 6046//6046 6047//6047
f 6045//6045 6047//6047 6048//6048
f 6045//6045 6048//6048 6049//6049
f 6045//6045 6049//6049 6050//6050
f 6051//6051 6052//6052 6057//6057
f 6051//6051 6057//6057 6056//6056
f 6052//6052 6053//6053 6058//6058
f 6052//6052 6058//6058 6057//6057
f 6053//6053 6054//6054 6059//6059
f 6053//6053 6059//6059 6058//6058
f 6054//6054 6055//6055 6060//6060
f 6054//6054 6060//6060 6059//6059
f 6055//6055 6051//6051 6056//6056
f 6055//6055 6056//6056 6060//6060
f 6051//6051 6053//6053 6052//6052
f 6051//6051 6054//6054 6053//6053
f 6051//6051 6055//6055 6054//6054
f 6056//6056 6057//6057 6058//6058
f 6056//6056 6058//6058 6059//6059
f 6056//6056 6059//6059 6060//6060
f 6061//6061 6062//6062 6067//6067
f 6061//6061 6067//6067 6066//6066
f 6062//6062 6063//6063 6068//6068
f 6062//6062 6068//6068 6067//6067
f 6063//6063 6064//6064 6069//6069
f 6063//6063 6069//6069 6068//6068
f 6064//6064 6065//6065 6070//6070
f 6064//6064 6070//6070 6069//6069
f 6065//6065 6061//6061 6066//6066
f 6065//6065 6066//6066 6070//6070
f 6061//6061 6063//6063 6062//6062
f 6061//6061 6064//6064 6063//6063
f 6061//6061 6065//6065 6064//6064
f 6066//6066 6067//6067 6068//6068
f 6066//6066 6068//6068 6069//6069
f 6066//6066 6069//6069 6070//6070
f 6071//6071 6072//6072 6077//6077
f 6071//6071 6077//6077 6076//6076
f 6072//6072 6073//6073 6078//6078
f 6072//6072 6078//6078 6077//6077
f 6073//6073 6074//6074 6079//6079
f 6073//6073 6079//6079 6078//6078
f 6074//6074 6075//6075 6080//6080
f 6074//6074 6080//6080 6079//6079
f 6075//6075 6071//6071 6076//6076
f 6075//6075 6076//6076 6080//6080
f 6071//6071 6073//6073 6072//6072
f 6071//6071 6074//6074 6073//6073
f 6071//6071 6075//6075 6074//6074
f 6076//6076 6077//6077 6078//6078
f 6076//6076 6078//6078 6079//6079
f 6076//6076 6079//6079 6080//6080
f 6081//6081 6082//6082 6087//6087
f 6081//6081 6087//6087 6086//6086
f 6082//6082 6083//6083 6088//6088
f 6082//6082 6088//6088 6087//6087
f 6083//6083 6084//6084 6089//6089
f 6083//6083 6089//6089 6088//6088
f 6084//6084 6085//6085 6090//6090
f 6084//6084 6090//6090 6089//6089
f 6085//6085 6081//6081 6086//6086
f 6085//6085 6086//6086 6090//6090
f 6081//6081 6083//6083 6082//6082
f 6081//6081 6084//6084 6083//6083
f 6081//6081 6085//6085 6084//6084
f 6086//6086 6087//6087 6088//6088
f 6086//6086 6088//6088 6089//6089
f 6086//6086 6089//6089 6090//6090
f 6091//6091 6092//6092 6097//6097
f 6091//6091 6097//6097 6096//6096
f 6092//6092 6093//6093 6098//6098
f 6092//6092 6098//6098 6097//6097
f 6093//6093 6094//6094 6099//6099
f 6093//6093 6099//6099 6098//6098
f 6094//6094 6095//6095 6100//6100
f 6094//6094 6100//6100 6099//6099
f 6095//6095 6091//6091 6096//6096
f 6095//6095 6096//6096 6100//6100
f 6091//6091 6093//6093 6092//6092
f 6091//6091 6094//6094 6093//6093
f 6091//6091 6095//6095 6094//6094
f 6096//6096 6097//6097 6098//6098
f 6096//6096 6098//6098 6099//6099
f 6096//6096 6099//6099 6100//6100
f 6101//6101 6102//6102 6107//6107
f 6101//6101 6107//6107 6106//6106
f 6102//6102 6103//6103 6108//6108
f 6102//6102 6108//6108 6107//6107
f 6103//6103 6104//6104 6109//6109
f 6103//6103 6109//6109 6108//6108
f 6104//6104 6105//6105 6110//6110
f 6104//6104 6110//6110 6109//6109
f 6105//6105 6101//6101 6106//6106
f 6105//6105 6106//6106 6110//6110
f 6101//6101 6103//6103 6102//6102
f 6101//6101 6104//6104 6103//6103
f 6101//6101 6105//6105 6104//6104
f 6106//6106 6107//6107 6108//6108
f 6106//6106 6108//6108 6109//6109
f 6106//6106 6109//6109 6110//6110
f 6111//6111 6112//6112 6117//6117
f 6111//6111 6117//6117 6116//6116
f 6112//6112 6113//6113 6118//6118
f 6112//6112 6118//6118 6117//6117
f 6113//6113 6114//6114 6119//6119
f 6113//6113 6119//6119 6118//6118
f 6114//6114 6115//6115 6120//6120
f 6114//6114 6120//6120 6119//6119
f 6115//6115 6111//6111 6116//6116
f 6115//6115 6116//6116 6120//6120
f 6111//6111 6113//6113 6112//6112
f 6111//6111 6114//6114 6113//6113
f 6111//6111 6115//6115 6114//6114
f 6116//6116 6117//6117 6118//6118
f 6116//6116 6118//6118 6119//6119
f 6116//6116 6119//6119 6120//6120
f 6121//6121 6122//6122 6127//6127
f 6121//6121 6127//6127 6126//6126
f 6122//6122 6123//6123 6128//6128
f 6122//6122 6128//6128 6127//6127
f 6123//6123 6124//6124 6129//6129
f 6123//6123 6129//6129 6128//6128
f 6124//6124 6125//6125 6130//6130
f 6124//6124 6130//6130 6129//6129
f 6125//6125 6121//6121 6126//6126
f 6125//6125 6126//6126 6130//6130
f 6121//6121 6123//6123 6122//6122
f 6121//6121 6124//6124 6123//6123
f 6121//6121 6125//6125 6124//6124
f 6126//6126 6127//6127 6128//6128
f 6126//6126 6128//6128 6129//6129
f 6126//6126 6129//6129 6130//6130
f 6131//6131 6132//6132 6137//6137
f 6131//6131 6137//6137 6136//6136
f 6132//6132 6133//6133 6138//6138
f 6132//6132 6138//6138 6137//6137
f 6133//6133 6134//6134 6139//6139
f 6133//6133 6139//6139 6138//6138
f 6134//6134 6135//6135 6140//6140
f 6134//6134 6140//6140 6139//6139
f 6135//6135 6131//6131 6136//6136
f 6135//6135 6136//6136 6140//6140
f 6131//6131 6133//6133 6132//6132
f 6131//6131 6134//6134 6133//6133
f 6131//6131 6135//6135 6134//6134
f 6136//6136 6137//6137 6138//6138
f 6136//6136 6138//6138 6139//6139
f 6136//6136 6139//6139 6140//6140
f 6141//6141 6142//6142 6148//6148
f 6141//6141 6148//6148 6147//6147
f 6142//6142 6143//6143 6149//6149
f 6142//6142 6149//6149 6148//6148
f 6143//6143 6144//6144 6150//6150
f 6143//6143 6150//6150 6149//6149
f 6144//6144 6145//6145 6151//6151
f 6144//6144 6151//6151 6150//6150
f 6145//6145 6146//6146 6152//6152
f 6145//6145 6152//6152 6151//6151
f 6146//6146 6141//6141 6147//6147
f 6146//6146 6147//6147 6152//6152
f 6141//6141 6143//6143 6142//6142
f 6141//6141 6144//6144 6143//6143
f 6141//6141 6145//6145 6144//6144
f 6141//6141 6146//6146 6145//6145
f 6147//6147 6148//6148 6149//6149
f 6147//6147 6149//6149 6150//6150
f 6147//6147 6150//6150 6151//6151
f 6147//6147 6151//6151 6152//6152
f 6153//6153 6154//6154 6159//6159
f 6153//6153 6159//6159 6158//6158
f 6154//6154 6155//6155 6160//6160
f 6154//6154 6160//6160 6159//6159
f 6155//6155 6156//6156 6161//6161
f 6155//6155 6161//6161 6160//6160
f 6156//6156 6157//6157 6162//6162
f 6156//6156 6162//6162 6161//6161
f 6157//6157 6153//6153 6158//6158
f 6157//6157 6158//6158 6162//6162
f 6153//6153 6155//6155 6154//6154
f 6153//6153 6156//6156 6155//6155
f 6153//6153 6157//6157 6156//6156
f 6158//6158 6159//6159 6160//6160
f 6158//6158 6160//6160 6161//6161
f 6158//6158 6161//6161 6162//6162
f 6163//6163 6164//6164 6169//6169
f 6163//6163 6169//6169 6168//6168
f 6164//6164 6165//6165 6170//6170
f 6164//6164 6170//6170 6169//6169
f 6165//6165 6166//6166 6171//6171
f 6165//6165 6171//6171 6170//6170
f 6166//6166 6167//6167 6172//6172
f 6166//6166 6172//6172 6171//6171
f 6167//6167 6163//6163 6168//6168
f 6167//6167 6168//6168 6172//6172
f 6163//6163 6165//6165 6164//6164
f 6163//6163 6166//6166 6165//6165
f 6163//6163 6167//6167 6166//6166
f 6168//6168 6169//6169 6170//6170
f 6168//6168 6170//6170 6171//6171
f 6168//6168 6171//6171 6172//6172
f 6173//6173 6174//6174 6179//6179
f 6173//6173 6179//6179 6178//6178
f 6174//6174 6175//6175 6180//6180
f 6174//6174 6180//6180 6179//6179
f 6175//6175 6176//6176 6181//6181
f 6175//6175 6181//6181 6180//6180
f 6176//6176 6177//6177 6182//6182
f 6176//6176 6182//6182 6181//6181
f 6177//6177 6173//6173 6178//6178
f 6177//6177 6178//6178 6182//6182
f 6173//6173 6175//6175 6174//6174
f 6173//6173 6176//6176 6175//6175
f 6173//6173 6177//6177 6176//6176
f 6178//6178 6179//6179 6180//6180
f 6178//6178 6180//6180 6181//6181
f 6178//6178 6181//6181 6182//6182
f 6183//6183 6184//6184 6189//6189
f 6183//6183 6189//6189 6188//6188
f 6184//6184 6185//6185 6190//6190
f 6184//6184 6190//6190 6189//6189
f 6185//6185 6186//6186 6191//6191
f 6185//6185 6191//6191 6190//6190
f 6186//6186 6187//6187 6192//6192
f 6186//6186 6192//6192 6191//6191
f 6187//6187 6183//6183 6188//6188
f 6187//6187 6188//6188 6192//6192
f 6183//6183 6185//6185 6184//6184
f 6183//6183 6186//6186 6185//6185
f 6183//6183 6187//6187 6186//6186
f 6188//6188 6189//6189 6190//6190
f 6188//6188 6190//6190 6191//6191
f 6188//6188 6191//6191 6192//6192
f 6193//6193 6194//6194 6199//6199
f 6193//6193 6199//6199 6198//6198
f 6194//6194 6195//6195 6200//6200
f 6194//6194 6200//6200 6199//6199
f 6195//6195 6196//6196 6201//6201
f 6195//6195 6201//6201 6200//6200
f 6196//6196 6197//6197 6202//6202
f 6196//6196 6202//6202 6201//6201
f 6197//6197 6193//6193 6198//6198
f 6197//6197 6198//6198 6202//6202
f 6193//6193 6195//6195 6194//6194
f 6193//6193 6196//6196 6195//6195
f 6193//6193 6197//6197 6196//6196
f 6198//6198 6199//6199 6200//6200
f 6198//6198 6200//6200 6201//6201
f 6198//6198 6201//6201 6202//6202
f 6203//6203 6204//6204 6209//6209
f 6203//6203 6209//6209 6208//6208
f 6204//6204 6205//6205 6210//6210
f 6204//6204 6210//6210 6209//6209
f 6205//6205 6206//6206 6211//6211
f 6205//6205 6211//6211 6210//6210
f 6206//6206 6207//6207 6212//6212
f 6206//6206 6212//6212 6211//6211
f 6207//6207 6203//6203 6208//6208
f 6207//6207 6208//6208 6212//6212
f 6203//6203 6205//6205 6204//6204
f 6203//6203 6206//6206 6205//6205
f 6203//6203 6207//6207 6206//6206
f 6208//6208 6209//6209 6210//6210
f 6208//6208 6210//6210 6211//6211
f 6208//6208 6211//6211 6212//6212
f 6213//6213 6214//6214 6219//6219
f 6213//6213 6219//6219 6218//6218
f 6214//6214 6215//6215 6220//6220
f 6214//6214 6220//6220 6219//6219
f 6215//6215 6216//6216 6221//6221
f 6215//6215 6221//6221 6220//6220
f 6216//6216 6217//6217 6222//6222
f 6216//6216 6222//6222 6221//6221
f 6217//6217 6213//6213 6218//6218
f 6217//6217 6218//6218 6222//6222
f 6213//6213 6215//6215 6214//6214
f 6213//6213 6216//6216 6215//6215
f 6213//6213 6217//6217 6216//6216
f 6218//6218 6219//6219 6220//6220
f 6218//6218 6220//6220 6221//6221
f 6218//6218 6221//6221 6222//6222
f 6223//6223 6224//6224 6229//6229
f 6223//6223 6229//6229 6228//6228
f 6224//6224 6225//6225 6230//6230
f 6224//6224 6230//6230 6229//6229
f 6225//6225 6226//6226 6231//6231
f 6225//6225 6231//6231 6230//6230
f 6226//6226 6227//6227 6232//6232
f 6226//6226 6232//6232 6231//6231
f 6227//6227 6223//6223 6228//6228
f 6227//6227 6228//6228 6232//6232
f 6223//6223 6225//6225 6224//6224
f 6223//6223 6226//6226 6225//6225
f 6223//6223 6227//6227 6226//6226
f 6228//6228 6229//6229 6230//6230
f 6228//6228 6230//6230 6231//6231
f 6228//6228 6231//6231 6232//6232
f 6233//6233 6234//6234 6239//6239
f 6233//6233 6239//6239 6238//6238
f 6234//6234 6235//6235 6240//6240
f 6234//6234 6240//6240 6239//6239
f 6235//6235 6236//6236 6241//6241
f 6235//6235 6241//6241 6240//6240
f 6236//6236 6237//6237 6242//6242
f 6236//6236 6242//6242 6241//6241
f 6237//6237 6233//6233 6238//6238
f 6237//6237 6238//6238 6242//6242
f 6233//6233 6235//6235 6234//6234
f 6233//6233 6236//6236 6235//6235
f 6233//6233 6237//6237 6236//6236
f 6238//6238 6239//6239 6240//6240
f 6238//6238 6240//6240 6241//6241
f 6238//6238 6241//6241 6242//6242
f 6243//6243 6244//6244 6250//6250
f 6243//6243 6250//6250 6249//6249
f 6244//6244 6245//6245 6251//6251
f 6244//6244 6251//6251 6250//6250
f 6245//6245 6246//6246 6252//6252
f 6245//6245 6252//6252 6251//6251
f 6246//6246 6247//6247 6253//6253
f 6246//6246 6253//6253 6252//6252
f 6247//6247 6248//6248 6254//6254
f 6247//6247 6254//6254 6253//6253
f 6248//6248 6243//6243 6249//6249
f 6248//6248 6249//6249 6254//6254
f 6243//6243 6245//6245 6244//6244
f 6243//6243 6246//6246 6245//6245
f 6243//6243 6247//6247 6246//6246
f 6243//6243 6248//6248 6247//6247
f 6249//6249 6250//6250 6251//6251
f 6249//6249 6251//6251 6252//6252
f 6249//6249 6252//6252 6253//6253
f 6249//6249 6253//6253 6254//6254
f 6255//6255 6256//6256 6261//6261
f 6255//6255 6261//6261 6260//6260
f 6256//6256 6257//6257 6262//6262
f 6256//6256 6262//6262 6261//6261
f 6257//6257 6258//6258 6263//6263
f 6257//6257 6263//6263 6262//6262
f 6258//6258 6259//6259 6264//6264
f 6258//6258 6264//6264 6263//6263
f 6259//6259 6255//6255 6260//6260
f 6259//6259 6260//6260 6264//6264
f 6255//6255 6257//6257 6256//6256
f 6255//6255 6258//6258 6257//6257
f 6255//6255 6259//6259 6258//6258
f 6260//6260 6261//6261 6262//6262
f 6260//6260 6262//6262 6263//6263
f 6260//6260 6263//6263 6264//6264
f 6265//6265 6266//6266 6271//6271
f 6265//6265 6271//6271 6270//6270
f 6266//6266 6267//6267 6272//6272
f 6266//6266 6272//6272 6271//6271
f 6267//6267 6268//6268 6273//6273
f 6267//6267 6273//6273 6272//6272
f 6268//6268 6269//6269 6274//6274
f 6268//6268 6274//6274 6273//6273
f 6269//6269 6265//6265 6270//6270
f 6269//6269 6270//6270 6274//6274
f 6265//6265 6267//6267 6266//6266
f 6265//6265 6268//6268 6267//6267
f 6265//6265 6269//6269 6268//6268
f 6270//6270 6271//6271 6272//6272
f 6270//6270 6272//6272 6273//6273
f 6270//6270 6273//6273 6274//6274
f 6275//6275 6276//6276 6281//6281
f 6275//6275 6281//6281 6280//6280
f 6276//6276 6277//6277 6282//6282
f 6276//6276 6282//6282 6281//6281
f 6277//6277 6278//6278 6283//6283
f 6277//6277 6283//6283 6282//6282
f 6278//6278 6279//6279 6284//6284
f 6278//6278 6284//6284 6283//6283
f 6279//6279 6275//6275 6280//6280
f 6279//6279 6280//6280 6284//6284
f 6275//6275 6277//6277 6276//6276
f 6275//6275 6278//6278 6277//6277
f 6275//6275 6279//6279 6278//6278
f 6280//6280 6281//6281 6282//6282
f 6280//6280 6282//6282 6283//6283
f 6280//6280 6283//6283 6284//6284
f 6285//6285 6286//6286 6291//6291
f 6285//6285 6291//6291 6290//6290
f 6286//6286 6287//6287 6292//6292
f 6286//6286 6292//6292 6291//6291
f 6287//6287 6288//6288 6293//6293
f 6287//6287 6293//6293 6292//6292
f 6288//6288 6289//6289 6294//6294
f 6288//6288 6294//6294 6293//6293
f 6289//6289 6285//6285 6290//6290
f 6289//6289 6290//6290 6294//6294
f 6285//6285 6287//6287 6286//6286
f 6285//6285 6288//6288 6287//6287
f 6285//6285 6289//6289 6288//6288
f 6290//6290 6291//6291 6292//6292
f 6290//6290 6292//6292 6293//6293
f 6290//6290 6293//6293 6294//6294
f 6295//6295 6296//6296 6301//6301
f 6295//6295 6301//6301 6300//6300
f 6296//6296 6297//6297 6302//6302
f 6296//6296 6302//6302 6301//6301
f 6297//6297 6298//6298 6303//6303
f 6297//6297 6303//6303 6302//6302
f 6298//6298 6299//6299 6304//6304
f 6298//6298 6304//6304 6303//6303
f 6299//6299 6295//6295 6300//6300
f 6299//6299 6300//6300 6304//6304
f 6295//6295 6297//6297 6296//6296
f 6295//6295 6298//6298 6297//6297
f 6295//6295 6299//6299 6298//6298
f 6300//6300 6301//6301 6302//6302
f 6300//6300 6302//6302 6303//6303
f 6300//6300 6303//6303 6304//6304
f 6305//6305 6306//6306 6311//6311
f 6305//6305 6311//6311 6310//6310
f 6306//6306 6307//6307 6312//6312
f 6306//6306 6312//6312 6311//6311
f 6307//6307 6308//6308 6313//6313
f 6307//6307 6313//6313 6312//6312
f 6308//6308 6309//6309 6314//6314
f 6308//6308 6314//6314 6313//6313
f 6309//6309 6305//6305 6310//6310
f 6309//6309 6310//6310 6314//6314
f 6305//6305 6307//6307 6306//6306
f 6305//6305 6308//6308 6307//6307
f 6305//6305 6309//6309 6308//6308
f 6310//6310 6311//6311 6312//6312
f 6310//6310 6312//6312 6313//6313
f 6310//6310 6313//6313 6314//6314
f 6315//6315 6316//6316 6321//6321
f 6315//6315 6321//6321 6320//6320
f 6316//6316 6317//6317 6322//6322
f 6316//6316 6322//6322 6321//6321
f 6317//6317 6318//6318 6323//6323
f 6317//6317 6323//6323 6322//6322
f 6318//6318 6319//6319 6324//6324
f 6318//6318 6324//6324 6323//6323
f 6319//6319 6315//6315 6320//6320
f 6319//6319 6320//6320 6324//6324
f 6315//6315 6317//6317 6316//6316
f 6315//6315 6318//6318 6317//6317
f 6315//6315 6319//6319 6318//6318
f 6320//6320 6321//6321 6322//6322
f 6320//6320 6322//6322 6323//6323
f 6320//6320 6323//6323 6324//6324
f 6325//6325 6326//6326 6331//6331
f 6325//6325 6331//6331 6330//6330
f 6326//6326 6327//6327 6332//6332
f 6326//6326 6332//6332 6331//6331
f 6327//6327 6328//6328 6333//6333
f 6327//6327 6333//6333 6332//6332
f 6328//6328 6329//6329 6334//6334
f 6328//6328 6334//6334 6333//6333
f 6329//6329 6325//6325 6330//6330
f 6329//6329 6330//6330 6334//6334
f 6325//6325 6327//6327 6326//6326
f 6325//6325 6328//6328 6327//6327
f 6325//6325 6329//6329 6328//6328
f 6330//6330 6331//6331 6332//6332
f 6330//6330 6332//6332 6333//6333
f 6330//6330 6333//6333 6334//6334
f 6335//6335 6336//6336 6341//6341
f 6335//6335 6341//6341 6340//6340
f 6336//6336 6337//6337 6342//6342
f 6336//6336 6342//6342 6341//6341
f 6337//6337 6338//6338 6343//6343
f 6337//6337 6343//6343 6342//6342
f 6338//6338 6339//6339 6344//6344
f 6338//6338 6344//6344 6343//6343
f 6339//6339 6335//6335 6340//6340
f 6339//6339 6340//6340 6344//6344
f 6335//6335 6337//6337 6336//6336
f 6335//6335 6338//6338 6337//6337
f 6335//6335 6339//6339 6338//6338
f 6340//6340 6341//6341 6342//6342
f 6340//6340 6342//6342 6343//6343
f 6340//6340 6343//6343 6344//6344
f 6345//6345 6346//6346 6352//6352
f 6345//6345 6352//6352 6351//6351
f 6346//6346 6347//6347 6353//6353
f 6346//6346 6353//6353 6352//6352
f 6347//6347 6348//6348 6354//6354
f 6347//6347 6354//6354 6353//6353
f 6348//6348 6349//6349 6355//6355
f 6348//6348 6355//6355 6354//6354
f 6349//6349 6350//6350 6356//6356
f 6349//6349 6356//6356 6355//6355
f 6350//6350 6345//6345 6351//6351
f 6350//6350 6351//6351 6356//6356
f 6345//6345 6347//6347 6346//6346
f 6345//6345 6348//6348 6347//6347
f 6345//6345 6349//6349 6348//6348
f 6345//6345 6350//6350 6349//6349
f 6351//6351 6352//6352 6353//6353
f 6351//6351 6353//6353 6354//6354
f 6351//6351 6354//6354 6355//6355
f 6351//6351 6355//6355 6356//6356
f 6357//6357 6358//6358 6363//6363
f 6357//6357 6363//6363 6362//6362
f 6358//6358 6359//6359 6364//6364
f 6358//6358 6364//6364 6363//6363
f 6359//6359 6360//6360 6365//6365
f 6359//6359 6365//6365 6364//6364
f 6360//6360 6361//6361 6366//6366
f 6360//6360 6366//6366 6365//6365
f 6361//6361 6357//6357 6362//6362
f 6361//6361 6362//6362 6366//6366
f 6357//6357 6359//6359 6358//6358
f 6357//6357 6360//6360 6359//6359
f 6357//6357 6361//6361 6360//6360
f 6362//6362 6363//6363 6364//6364
f 6362//6362 6364//6364 6365//6365
f 6362//6362 6365//6365 6366//6366
f 6367//6367 6368//6368 6373//6373
f 6367//6367 6373//6373 6372//6372
f 6368//6368 6369//6369 6374//6374
f 6368//6368 6374//6374 6373//6373
f 6369//6369 6370//6370 6375//6375
f 6369//6369 6375//6375 6374//6374
f 6370//6370 6371//6371 6376//6376
f 6370//6370 6376//6376 6375//6375
f 6371//6371 6367//6367 6372//6372
f 6371//6371 6372//6372 6376//6376
f 6367//6367 6369//6369 6368//6368
f 6367//6367 6370//6370 6369//6369
f 6367//6367 6371//6371 6370//6370
f 6372//6372 6373//6373 6374//6374
f 6372//6372 6374//6374 6375//6375
f 6372//6372 6375//6375 6376//6376
f 6377//6377 6378//6378 6383//6383
f 6377//6377 6383//6383 6382//6382
f 6378//6378 6379//6379 6384//6384
f 6378//6378 6384//6384 6383//6383
f 6379//6379 6380//6380 6385//6385
f 6379//6379 6385//6385 6384//6384
f 6380//6380 6381//6381 6386//6386
f 6380//6380 6386//6386 6385//6385
f 6381//6381 6377//6377 6382//6382
f 6381//6381 6382//6382 6386//6386
f 6377//6377 6379//6379 6378//6378
f 6377//6377 6380//6380 6379//6379
f 6377//6377 6381//6381 6380//6380
f 6382//6382 6383//6383 6384//6384
f 6382//6382 6384//6384 6385//6385
f 6382//6382 6385//6385 6386//6386
f 6387//6387 6388//6388 6393//6393
f 6387//6387 6393//6393 6392//6392
f 6388//6388 6389//6389 6394//6394
f 6388//6388 6394//6394 6393//6393
f 6389//6389 6390//6390 6395//6395
f 6389//6389 6395//6395 6394//6394
f 6390//6390 6391//6391 6396//6396
f 6390//6390 6396//6396 6395//6395
f 6391//6391 6387//6387 6392//6392
f 6391//6391 6392//6392 6396//6396
f 6387//6387 6389//6389 6388//6388
f 6387//6387 6390//6390 6389//6389
f 6387//6387 6391//6391 6390//6390
f 6392//6392 6393//6393 6394//6394
f 6392//6392 6394//6394 6395//6395
f 6392//6392 6395//6395 6396//6396
f 6397//6397 6398//6398 6403//6403
f 6397//6397 6403//6403 6402//6402
f 6398//6398 6399//6399 6404//6404
f 6398//6398 6404//6404 6403//6403
f 6399//6399 6400//6400 6405//6405
f 6399//6399 6405//6405 6404//6404
f 6400//6400 6401//6401 6406//6406
f 6400//6400 6406//6406 6405//6405
f 6401//6401 6397//6397 6402//6402
f 6401//6401 6402//6402 6406//6406
f 6397//6397 6399//6399 6398//6398
f 6397//6397 6400//6400 6399//6399
f 6397//6397 6401//6401 6400//6400
f 6402//6402 6403//6403 6404//6404
f 6402//6402 6404//6404 6405//6405
f 6402//6402 6405//6405 6406//6406
f 6407//6407 6408//6408 6413//6413
f 6407//6407 6413//6413 6412//6412
f 6408//6408 6409//6409 6414//6414
f 6408//6408 6414//6414 6413//6413
f 6409//6409 6410//6410 6415//6415
f 6409//6409 6415//6415 6414//6414
f 6410//6410 6411//6411 6416//6416
f 6410//6410 6416//6416 6415//6415
f 6411//6411 6407//6407 6412//6412
f 6411//6411 6412//6412 6416//6416
f 6407//6407 6409//6409 6408//6408
f 6407//6407 6410//6410 6409//6409
f 6407//6407 6411//6411 6410//6410
f 6412//6412 6413//6413 6414//6414
f 6412//6412 6414//6414 6415//6415
f 6412//6412 6415//6415 6416//6416
f 6417//6417 6418//6418 6423//6423
f 6417//6417 6423//6423 6422//6422
f 6418//6418 6419//6419 6424//6424
f 6418//6418 6424//6424 6423//6423
f 6419//6419 6420//6420 6425//6425
f 6419//6419 6425//6425 6424//6424
f 6420//6420 6421//6421 6426//6426
f 6420//6420 6426//6426 6425//6425
f 6421//6421 6417//6417 6422//6422
f 6421//6421 6422//6422 6426//6426
f 6417//6417 6419//6419 6418//6418
f 6417//6417 6420//6420 6419//6419
f 6417//6417 6421//6421 6420//6420
f 6422//6422 6423//6423 6424//6424
f 6422//6422 6424//6424 6425//6425
f 6422//6422 6425//6425 6426//6426
f 6427//6427 6428//6428 6433//6433
f 6427//6427 6433//6433 6432//6432
f 6428//6428 6429//6429 6434//6434
f 6428//6428 6434//6434 6433//6433
f 6429//6429 6430//6430 6435//6435
f 6429//6429 6435//6435 6434//6434
f 6430//6430 6431//6431 6436//6436
f 6430//6430 6436//6436 6435//6435
f 6431//6431 6427//6427 6432//6432
f 6431//6431 6432//6432 6436//6436
f 6427//6427 6429//6429 6428//6428
f 6427//6427 6430//6430 6429//6429
f 6427//6427 6431//6431 6430//6430
f 6432//6432 6433//6433 6434//6434
f 6432//6432 6434//6434 6435//6435
f 6432//6432 6435//6435 6436//6436
f 6437//6437 6438//6438 6443//6443
f 6437//6437 6443//6443 6442//6442
f 6438//6438 6439//6439 6444//6444
f 6438//6438 6444//6444 6443//6443
f 6439//6439 6440//6440 6445//6445
f 6439//6439 6445//6445 6444//6444
f 6440//6440 6441//6441 6446//6446
f 6440//6440 6446//6446 6445//6445
f 6441//6441 6437//6437 6442//6442
f 6441//6441 6442//6442 6446//6446
f 6437//6437 6439//6439 6438//6438
f 6437//6437 6440//6440 6439//6439
f 6437//6437 6441//6441 6440//6440
f 6442//6442 6443//6443 6444//6444
f 6442//6442 6444//6444 6445//6445
f 6442//6442 6445//6445 6446//6446
f 6447//6447 6448//6448 6454//6454
f 6447//6447 6454//6454 6453//6453
f 6448//6448 6449//6449 6455//6455
f 6448//6448 6455//6455 6454//6454
f 6449//6449 6450//6450 6456//6456
f 6449//6449 6456//6456 6455//6455
f 6450//6450 6451//6451 6457//6457
f 6450//6450 6457//6457 6456//6456
f 6451//6451 6452//6452 6458//6458
f 6451//6451 6458//6458 6457//6457
f 6452//6452 6447//6447 6453//6453
f 6452//6452 6453//6453 6458//6458
f 6447//6447 6449//6449 6448//6448
f 6447//6447 6450//6450 6449//6449
f 6447//6447 6451//6451 6450//6450
f 6447//6447 6452//6452 6451//6451
f 6453//6453 6454//6454 6455//6455
f 6453//6453 6455//6455 6456//6456
f 6453//6453 6456//6456 6457//6457
f 6453//6453 6457//6457 6458//6458
f 6459//6459 6460//6460 6465//6465
f 6459//6459 6465//6465 6464//6464
f 6460//6460 6461//6461 6466//6466
f 6460//6460 6466//6466 6465//6465
f 6461//6461 6462//6462 6467//6467
f 6461//6461 6467//6467 6466//6466
f 6462//6462 6463//6463 6468//6468
f 6462//6462 6468//6468 6467//6467
f 6463//6463 6459//6459 6464//6464
f 6463//6463 6464//6464 6468//6468
f 6459//6459 6461//6461 6460//6460
f 6459//6459 6462//6462 6461//6461
f 6459//6459 6463//6463 6462//6462
f 6464//6464 6465//6465 6466//6466
f 6464//6464 6466//6466 6467//6467
f 6464//6464 6467//6467 6468//6468
f 6469//6469 6470//6470 6475//6475
f 6469//6469 6475//6475 6474//6474
f 6470//6470 6471//6471 6476//6476
f 6470//6470 6476//6476 6475//6475
f 6471//6471 6472//6472 6477//6477
f 6471//6471 6477//6477 6476//6476
f 6472//6472 6473//6473 6478//6478
f 6472//6472 6478//6478 6477//6477
f 6473//6473 6469//6469 6474//6474
f 6473//6473 6474//6474 6478//6478
f 6469//6469 6471//6471 6470//6470
f 6469//6469 6472//6472 6471//6471
f 6469//6469 6473//6473 6472//6472
f 6474//6474 6475//6475 6476//6476
f 6474//6474 6476//6476 6477//6477
f 6474//6474 6477//6477 6478//6478
f 6479//6479 6480//6480 6485//6485
f 6479//6479 6485//6485 6484//6484
f 6480//6480 6481//6481 6486//6486
f 6480//6480 6486//6486 6485//6485
f 6481//6481 6482//6482 6487//6487
f 6481//6481 6487//6487 6486//6486
f 6482//6482 6483//6483 6488//6488
f 6482//6482 6488//6488 6487//6487
f 6483//6483 6479//6479 6484//6484
f 6483//6483 6484//6484 6488//6488
f 6479//6479 6481//6481 6480//6480
f 6479//6479 6482//6482 6481//6481
f 6479//6479 6483//6483 6482//6482
f 6484//6484 6485//6485 6486//6486
f 6484//6484 6486//6486 6487//6487
f 6484//6484 6487//6487 6488//6488
f 6489//6489 6490//6490 6495//6495
f 6489//6489 6495//6495 6494//6494
f 6490//6490 6491//6491 6496//6496
f 6490//6490 6496//6496 6495//6495
f 6491//6491 6492//6492 6497//6497
f 6491//6491 6497//6497 6496//6496
f 6492//6492 6493//6493 6498//6498
f 6492//6492 6498//6498 6497//6497
f 6493//6493 6489//6489 6494//6494
f 6493//6493 6494//6494 6498//6498
f 6489//6489 6491//6491 6490//6490
f 6489//6489 6492//6492 6491//6491
f 6489//6489 6493//6493 6492//6492
f 6494//6494 6495//6495 6496//6496
f 6494//6494 6496//6496 6497//6497
f 6494//6494 6497//6497 6498//6498
f 6499//6499 6500//6500 6505//6505
f 6499//6499 6505//6505 6504//6504
f 6500//6500 6501//6501 6506//6506
f 6500//6500 6506//6506 6505//6505
f 6501//6501 6502//6502 6507//6507
f 6501//6501 6507//6507 6506//6506
f 6502//6502 6503//6503 6508//6508
f 6502//6502 6508//6508 6507//6507
f 6503//6503 6499//6499 6504//6504
f 6503//6503 6504//6504 6508//6508
f 6499//6499 6501//6501 6500//6500
f 6499//6499 6502//6502 6501//6501
f 6499//6499 6503//6503 6502//6502
f 6504//6504 6505//6505 6506//6506
f 6504//6504 6506//6506 6507//6507
f 6504//6504 6507//6507 6508//6508
f 6509//6509 6510//6510 6515//6515
f 6509//6509 6515//6515 6514//6514
f 6510//6510 6511//6511 6516//6516
f 6510//6510 6516//6516 6515//6515
f 6511//6511 6512//6512 6517//6517
f 6511//6511 6517//6517 6516//6516
f 6512//6512 6513//6513 6518//6518
f 6512//6512 6518//6518 6517//6517
f 6513//6513 6509//6509 6514//6514
f 6513//6513 6514//6514 6518//6518
f 6509//6509 6511//6511 6510//6510
f 6509//6509 6512//6512 6511//6511
f 6509//6509 6513//6513 6512//6512
f 6514//6514 6515//6515 6516//6516
f 6514//6514 6516//6516 6517//6517
f 6514//6514 6517//6517 6518//6518
f 6519//6519 6520//6520 6525//6525
f 6519//6519 6525//6525 6524//6524
f 6520//6520 6521//6521 6526//6526
f 6520//6520 6526//6526 6525//6525
f 6521//6521 6522//6522 6527//6527
f 6521//6521 6527//6527 6526//6526
f 6522//6522 6523//6523 6528//6528
f 6522//6522 6528//6528 6527//6527
f 6523//6523 6519//6519 6524//6524
f 6523//6523 6524//6524 6528//6528
f 6519//6519 6521//6521 6520//6520
f 6519//6519 6522//6522 6521//6521
f 6519//6519 6523//6523 6522//6522
f 6524//6524 6525//6525 6526//6526
f 6524//6524 6526//6526 6527//6527
f 6524//6524 6527//6527 6528//6528
f 6529//6529 6530//6530 6535//6535
f 6529//6529 6535//6535 6534//6534
f 6530//6530 6531//6531 6536//6536
f 6530//6530 6536//6536 6535//6535
f 6531//6531 6532//6532 6537//6537
f 6531//6531 6537//6537 6536//6536
f 6532//6532 6533//6533 6538//6538
f 6532//6532 6538//6538 6537//6537
f 6533//6533 6529//6529 6534//6534
f 6533//6533 6534//6534 6538//6538
f 6529//6529 6531//6531 6530//6530
f 6529//6529 6532//6532 6531//6531
f 6529//6529 6533//6533 6532//6532
f 6534//6534 6535//6535 6536//6536
f 6534//6534 6536//6536 6537//6537
f 6534//6534 6537//6537 6538//6538
f 6539//6539 6540//6540 6545//6545
f 6539//6539 6545//6545 6544//6544
f 6540//6540 6541//6541 6546//6546
f 6540//6540 6546//6546 6545//6545
f 6541//6541 6542//6542 6547//6547
f 6541//6541 6547//6547 6546//6546
f 6542//6542 6543//6543 6548//6548
f 6542//6542 6548//6548 6547//6547
f 6543//6543 6539//6539 6544//6544
f 6543//6543 6544//6544 6548//6548
f 6539//6539 6541//6541 6540//6540
f 6539//6539 6542//6542 6541//6541
f 6539//6539 6543//6543 6542//6542
f 6544//6544 6545//6545 6546//6546
f 6544//6544 6546//6546 6547//6547
f 6544//6544 6547//6547 6548//6548
f 6549//6549 6550//6550 6556//6556
f 6549//6549 6556//6556 6555//6555
f 6550//6550 6551//6551 6557//6557
f 6550//6550 6557//6557 6556//6556
f 6551//6551 6552//6552 6558//6558
f 6551//6551 6558//6558 6557//6557
f 6552//6552 6553//6553 6559//6559
f 6552//6552 6559//6559 6558//6558
f 6553//6553 6554//6554 6560//6560
f 6553//6553 6560//6560 6559//6559
f 6554//6554 6549//6549 6555//6555
f 6554//6554 6555//6555 6560//6560
f 6549//6549 6551//6551 6550//6550
f 6549//6549 6552//6552 6551//6551
f 6549//6549 6553//6553 6552//6552
f 6549//6549 6554//6554 6553//6553
f 6555//6555 6556//6556 6557//6557
f 6555//6555 6557//6557 6558//6558
f 6555//6555 6558//6558 6559//6559
f 6555//6555 6559//6559 6560//6560
f 6561//6561 6562//6562 6567//6567
f 6561//6561 6567//6567 6566//6566
f 6562//6562 6563//6563 6568//6568
f 6562//6562 6568//6568 6567//6567
f 6563//6563 6564//6564 6569//6569
f 6563//6563 6569//6569 6568//6568
f 6564//6564 6565//6565 6570//6570
f 6564//6564 6570//6570 6569//6569
f 6565//6565 6561//6561 6566//6566
f 6565//6565 6566//6566 6570//6570
f 6561//6561 6563//6563 6562//6562
f 6561//6561 6564//6564 6563//6563
f 6561//6561 6565//6565 6564//6564
f 6566//6566 6567//6567 6568//6568
f 6566//6566 6568//6568 6569//6569
f 6566//6566 6569//6569 6570//6570
f 6571//6571 6572//6572 6577//6577
f 6571//6571 6577//6577 6576//6576
f 6572//6572 6573//6573 6578//6578
f 6572//6572 6578//6578 6577//6577
f 6573//6573 6574//6574 6579//6579
f 6573//6573 6579//6579 6578//6578
f 6574//6574 6575//6575 6580//6580
f 6574//6574 6580//6580 6579//6579
f 6575//6575 6571//6571 6576//6576
f 6575//6575 6576//6576 6580//6580
f 6571//6571 6573//6573 6572//6572
f 6571//6571 6574//6574 6573//6573
f 6571//6571 6575//6575 6574//6574
f 6576//6576 6577//6577 6578//6578
f 6576//6576 6578//6578 6579//6579
f 6576//6576 6579//6579 6580//6580
f 6581//6581 6582//6582 6587//6587
f 6581//6581 6587//6587 6586//6586
f 6582//6582 6583//6583 6588//6588
f 6582//6582 6588//6588 6587//6587
f 6583//6583 6584//6584 6589//6589
f 6583//6583 6589//6589 6588//6588
f 6584//6584 6585//6585 6590//6590
f 6584//6584 6590//6590 6589//6589
f 6585//6585 6581//6581 6586//6586
f 6585//6585 6586//6586 6590//6590
f 6581//6581 6583//6583 6582//6582
f 6581//6581 6584//6584 6583//6583
f 6581//6581 6585//6585 6584//6584
f 6586//6586 6587//6587 6588//6588
f 6586//6586 6588//6588 6589//6589
f 6586//6586 6589//6589 6590//6590
f 6591//6591 6592//6592 6597//6597
f 6591//6591 6597//6597 6596//6596
f 6592//6592 6593//6593 6598//6598
f 6592//6592 6598//6598 6597//6597
f 6593//6593 6594//6594 6599//6599
f 6593//6593 6599//6599 6598//6598
f 6594//6594 6595//6595 6600//6600
f 6594//6594 6600//6600 6599//6599
f 6595//6595 6591//6591 6596//6596
f 6595//6595 6596//6596 6600//6600
f 6591//6591 6593//6593 6592//6592
f 6591//6591 6594//6594 6593//6593
f 6591//6591 6595//6595 6594//6594
f 6596//6596 6597//6597 6598//6598
f 6596//6596 6598//6598 6599//6599
f 6596//6596 6599//6599 6600//6600
f 6601//6601 6602//6602 6607//6607
f 6601//6601 6607//6607 6606//6606
f 6602//6602 6603//6603 6608//6608
f 6602//6602 6608//6608 6607//6607
f 6603//6603 6604//6604 6609//6609
f 6603//6603 6609//6609 6608//6608
f 6604//6604 6605//6605 6610//6610
f 6604//6604 6610//6610 6609//6609
f 6605//6605 6601//6601 6606//6606
f 6605//6605 6606//6606 6610//6610
f 6601//6601 6603//6603 6602//6602
f 6601//6601 6604//6604 6603//6603
f 6601//6601 6605//6605 6604//6604
f 6606//6606 6607//6607 6608//6608
f 6606//6606 6608//6608 6609//6609
f 6606//6606 6609//6609 6610//6610
f 6611//6611 6612//6612 6617//6617
f 6611//6611 6617//6617 6616//6616
f 6612//6612 6613//6613 6618//6618
f 6612//6612 6618//6618 6617//6617
f 6613//6613 6614//6614 6619//6619
f 6613//6613 6619//6619 6618//6618
f 6614//6614 6615//6615 6620//6620
f 6614//6614 6620//6620 6619//6619
f 6615//6615 6611//6611 6616//6616
f 6615//6615 6616//6616 6620//6620
f 6611//6611 6613//6613 6612//6612
f 6611//6611 6614//6614 6613//6613
f 6611//6611 6615//6615 6614//6614
f 6616//6616 6617//6617 6618//6618
f 6616//6616 6618//6618 6619//6619
f 6616//6616 6619//6619 6620//6620
f 6621//6621 6622//6622 6627//6627
f 6621//6621 6627//6627 6626//6626
f 6622//6622 6623//6623 6628//6628
f 6622//6622 6628//6628 6627//6627
f 6623//6623 6624//6624 6629//6629
f 6623//6623 6629//6629 6628//6628
f 6624//6624 6625//6625 6630//6630
f 6624//6624 6630//6630 6629//6629
f 6625//6625 6621//6621 6626//6626
f 6625//6625 6626//6626 6630//6630
f 6621//6621 6623//6623 6622//6622
f 6621//6621 6624//6624 6623//6623
f 6621//6621 6625//6625 6624//6624
f 6626//6626 6627//6627 6628//6628
f 6626//6626 6628//6628 6629//6629
f 6626//6626 6629//6629 6630//6630
f 6631//6631 6632//6632 6637//6637
f 6631//6631 6637//6637 6636//6636
f 6632//6632 6633//6633 6638//6638
f 6632//6632 6638//6638 6637//6637
f 6633//6633 6634//6634 6639//6639
f 6633//6633 6639//6639 6638//6638
f 6634//6634 6635//6635 6640//6640
f 6634//6634 6640//6640 6639//6639
f 6635//6635 6631//6631 6636//6636
f 6635//6635 6636//6636 6640//6640
f 6631//6631 6633//6633 6632//6632
f 6631//6631 6634//6634 6633//6633
f 6631//6631 6635//6635 6634//6634
f 6636//6636 6637//6637 6638//6638
f 6636//6636 6638//6638 6639//6639
f 6636//6636 6639//6639 6640//6640
f 6641//6641 6642//6642 6647//6647
f 6641//6641 6647//6647 6646//6646
f 6642//6642 6643//6643 6648//6648
f 6642//6642 6648//6648 6647//6647
f 6643//6643 6644//6644 6649//6649
f 6643//6643 6649//6649 6648//6648
f 6644//6644 6645//6645 6650//6650
f 6644//6644 6650//6650 6649//6649
f 6645//6645 6641//6641 6646//6646
f 6645//6645 6646//6646 6650//6650
f 6641//6641 6643//6643 6642//6642
f 6641//6641 6644//6644 6643//6643
f 6641//6641 6645//6645 6644//6644
f 6646//6646 6647//6647 6648//6648
f 6646//6646 6648//6648 6649//6649
f 6646//6646 6649//6649 6650//6650
f 6651//6651 6652//6652 6658//6658
f 6651//6651 6658//6658 6657//6657
f 6652//6652 6653//6653 6659//6659
f 6652//6652 6659//6659 6658//6658
f 6653//6653 6654//6654 6660//6660
f 6653//6653 6660//6660 6659//6659
f 6654//6654 6655//6655 6661//6661
f 6654//6654 6661//6661 6660//6660
f 6655//6655 6656//6656 6662//6662
f 6655//6655 6662//6662 6661//6661
f 6656//6656 6651//6651 6657//6657
f 6656//6656 6657//6657 6662//6662
f 6651//6651 6653//6653 6652//6652
f 6651//6651 6654//6654 6653//6653
f 6651//6651 6655//6655 6654//6654
f 6651//6651 6656//6656 6655//6655
f 6657//6657 6658//6658 6659//6659
f 6657//6657 6659//6659 6660//6660
f 6657//6657 6660//6660 6661//6661
f 6657//6657 6661//6661 6662//6662
f 6663//6663 6664//6664 6669//6669
f 6663//6663 6669//6669 6668//6668
f 6664//6664 6665//6665 6670//6670
f 6664//6664 6670//6670 6669//6669
f 6665//6665 6666//6666 6671//6671
f 6665//6665 6671//6671 6670//6670
f 6666//6666 6667//6667 6672//6672
f 6666//6666 6672//6672 6671//6671
f 6667//6667 6663//6663 6668//6668
f 6667//6667 6668//6668 6672//6672
f 6663//6663 6665//6665 6664//6664
f 6663//6663 6666//6666 6665//6665
f 6663//6663 6667//6667 6666//6666
f 6668//6668 6669//6669 6670//6670
f 6668//6668 6670//6670 6671//6671
f 6668//6668 6671//6671 6672//6672
f 6673//6673 6674//6674 6679//6679
f 6673//6673 6679//6679 6678//6678
f 6674//6674 6675//6675 6680//6680
f 6674//6674 6680//6680 6679//6679
f 6675//6675 6676//6676 6681//6681
f 6675//6675 6681//6681 6680//6680
f 6676//6676 6677//6677 6682//6682
f 6676//6676 6682//6682 6681//6681
f 6677//6677 6673//6673 6678//6678
f 6677//6677 6678//6678 6682//6682
f 6673//6673 6675//6675 6674//6674
f 6673//6673 6676//6676 6675//6675
f 6673//6673 6677//6677 6676//6676
f 6678//6678 6679//6679 6680//6680
f 6678//6678 6680//6680 6681//6681
f 6678//6678 6681//6681 6682//6682
f 6683//6683 6684//6684 6689//6689
f 6683//6683 6689//6689 6688//6688
f 6684//6684 6685//6685 6690//6690
f 6684//6684 6690//6690 6689//6689
f 6685//6685 6686//6686 6691//6691
f 6685//6685 6691//6691 6690//6690
f 6686//6686 6687//6687 6692//6692
f 6686//6686 6692//6692 6691//6691
f 6687//6687 6683//6683 6688//6688
f 6687//6687 6688//6688 6692//6692
f 6683//6683 6685//6685 6684//6684
f 6683//6683 6686//6686 6685//6685
f 6683//6683 6687//6687 6686//6686
f 6688//6688 6689//6689 6690//6690
f 6688//6688 6690//6690 6691//6691
f 6688//6688 6691//6691 6692//6692
f 6693//6693 6694//6694 6699//6699
f 6693//6693 6699//6699 6698//6698
f 6694//6694 6695//6695 6700//6700
f 6694//6694 6700//6700 6699//6699
f 6695//6695 6696//6696 6701//6701
f 6695//6695 6701//6701 6700//6700
f 6696//6696 6697//6697 6702//6702
f 6696//6696 6702//6702 6701//6701
f 6697//6697 6693//6693 6698//6698
f 6697//6697 6698//6698 6702//6702
f 6693//6693 6695//6695 6694//6694
f 6693//6693 6696//6696 6695//6695
f 6693//6693 6697//6697 6696//6696
f 6698//6698 6699//6699 6700//6700
f 6698//6698 6700//6700 6701//6701
f 6698//6698 6701//6701 6702//6702
f 6703//6703 6704//6704 6709//6709
f 6703//6703 6709//6709 6708//6708
f 6704//6704 6705//6705 6710//6710
f 6704//6704 6710//6710 6709//6709
f 6705//6705 6706//6706 6711//6711
f 6705//6705 6711//6711 6710//6710
f 6706//6706 6707//6707 6712//6712
f 6706//6706 6712//6712 6711//6711
f 6707//6707 6703//6703 6708//6708
f 6707//6707 6708//6708 6712//6712
f 6703//6703 6705//6705 6704//6704
f 6703//6703 6706//6706 6705//6705
f 6703//6703 6707//6707 6706//6706
f 6708//6708 6709//6709 6710//6710
f 6708//6708 6710//6710 6711//6711
f 6708//6708 6711//6711 6712//6712
f 6713//6713 6714//6714 6719//6719
f 6713//6713 6719//6719 6718//6718
f 6714//6714 6715//6715 6720//6720
f 6714//6714 6720//6720 6719//6719
f 6715//6715 6716//6716 6721//6721
f 6715//6715 6721//6721 6720//6720
f 6716//6716 6717//6717 6722//6722
f 6716//6716 6722//6722 6721//6721
f 6717//6717 6713//6713 6718//6718
f 6717//6717 6718//6718 6722//6722
f 6713//6713 6715//6715 6714//6714
f 6713//6713 6716//6716 6715//6715
f 6713//6713 6717//6717 6716//6716
f 6718//6718 6719//6719 6720//6720
f 6718//6718 6720//6720 6721//6721
f 6718//6718 6721//6721 6722//6722
f 6723//6723 6724//6724 6729//6729
f 6723//6723 6729//6729 6728//6728
f 6724//6724 6725//6725 6730//6730
f 6724//6724 6730//6730 6729//6729
f 6725//6725 6726//6726 6731//6731
f 6725//6725 6731//6731 6730//6730
f 6726//6726 6727//6727 6732//6732
f 6726//6726 6732//6732 6731//6731
f 6727//6727 6723//6723 6728//6728
f 6727//6727 6728//6728 6732//6732
f 6723//6723 6725//6725 6724//6724
f 6723//6723 6726//6726 6725//6725
f 6723//6723 6727//6727 6726//6726
f 6728//6728 6729//6729 6730//6730
f 6728//6728 6730//6730 6731//6731
f 6728//6728 6731//6731 6732//6732
f 6733//6733 6734//6734 6739//6739
f 6733//6733 6739//6739 6738//6738
f 6734//6734 6735//6735 6740//6740
f 6734//6734 6740//6740 6739//6739
f 6735//6735 6736//6736 6741//6741
f 6735//6735 6741//6741 6740//6740
f 6736//6736 6737//6737 6742//6742
f 6736//6736 6742//6742 6741//6741
f 6737//6737 6733//6733 6738//6738
f 6737//6737 6738//6738 6742//6742
f 6733//6733 6735//6735 6734//6734
f 6733//6733 6736//6736 6735//6735
f 6733//6733 6737//6737 6736//6736
f 6738//6738 6739//6739 6740//6740
f 6738//6738 6740//6740 6741//6741
f 6738//6738 6741//6741 6742//6742
f 6743//6743 6744//6744 6749//6749
f 6743//6743 6749//6749 6748//6748
f 6744//6744 6745//6745 6750//6750
f 6744//6744 6750//6750 6749//6749
f 6745//6745 6746//6746 6751//6751
f 6745//6745 6751//6751 6750//6750
f 6746//6746 6747//6747 6752//6752
f 6746//6746 6752//6752 6751//6751
f 6747//6747 6743//6743 6748//6748
f 6747//6747 6748//6748 6752//6752
f 6743//6743 6745//6745 6744//6744
f 6743//6743 6746//6746 6745//6745
f 6743//6743 6747//6747 6746//6746
f 6748//6748 6749//6749 6750//6750
f 6748//6748 6750//6750 6751//6751
f 6748//6748 6751//6751 6752//6752
f 6753//6753 6754//6754 6760//6760
f 6753//6753 6760//6760 6759//6759
f 6754//6754 6755//6755 6761//6761
f 6754//6754 6761//6761 6760//6760
f 6755//6755 6756//6756 6762//6762
f 6755//6755 6762//6762 6761//6761
f 6756//6756 6757//6757 6763//6763
f 6756//6756 6763//6763 6762//6762
f 6757//6757 6758//6758 6764//6764
f 6757//6757 6764//6764 6763//6763
f 6758//6758 6753//6753 6759//6759
f 6758//6758 6759//6759 6764//6764
f 6753//6753 6755//6755 6754//6754
f 6753//6753 6756//6756 6755//6755
f 6753//6753 6757//6757 6756//6756
f 6753//6753 6758//6758 6757//6757
f 6759//6759 6760//6760 6761//6761
f 6759//6759 6761//6761 6762//6762
f 6759//6759 6762//6762 6763//6763
f 6759//6759 6763//6763 6764//6764
f 6765//6765 6766//6766 6771//6771
f 6765//6765 6771//6771 6770//6770
f 6766//6766 6767//6767 6772//6772
f 6766//6766 6772//6772 6771//6771
f 6767//6767 6768//6768 6773//6773
f 6767//6767 6773//6773 6772//6772
f 6768//6768 6769//6769 6774//6774
f 6768//6768 6774//6774 6773//6773
f 6769//6769 6765//6765 6770//6770
f 6769//6769 6770//6770 6774//6774
f 6765//6765 6767//6767 6766//6766
f 6765//6765 6768//6768 6767//6767
f 6765//6765 6769//6769 6768//6768
f 6770//6770 6771//6771 6772//6772
f 6770//6770 6772//6772 6773//6773
f 6770//6770 6773//6773 6774//6774
f 6775//6775 6776//6776 6781//6781
f 6775//6775 6781//6781 6780//6780
f 6776//6776 6777//6777 6782//6782
f 6776//6776 6782//6782 6781//6781
f 6777//6777 6778//6778 6783//6783
f 6777//6777 6783//6783 6782//6782
f 6778//6778 6779//6779 6784//6784
f 6778//6778 6784//6784 6783//6783
f 6779//6779 6775//6775 6780//6780
f 6779//6779 6780//6780 6784//6784
f 6775//6775 6777//6777 6776//6776
f 6775//6775 6778//6778 6777//6777
f 6775//6775 6779//6779 6778//6778
f 6780//6780 6781//6781 6782//6782
f 6780//6780 6782//6782 6783//6783
f 6780//6780 6783//6783 6784//6784
f 6785//6785 6786//6786 6791//6791
f 6785//6785 6791//6791 6790//6790
f 6786//6786 6787//6787 6792//6792
f 6786//6786 6792//6792 6791//6791
f 6787//6787 6788//6788 6793//6793
f 6787//6787 6793//6793 6792//6792
f 6788//6788 6789//6789 6794//6794
f 6788//6788 6794//6794 6793//6793
f 6789//6789 6785//6785 6790//6790
f 6789//6789 6790//6790 6794//6794
f 6785//6785 6787//6787 6786//6786
f 6785//6785 6788//6788 6787//6787
f 6785//6785 6789//6789 6788//6788
f 6790//6790 6791//6791 6792//6792
f 6790//6790 6792//6792 6793//6793
f 6790//6790 6793//6793 6794//6794
f 6795//6795 6796//6796 6801//6801
f 6795//6795 6801//6801 6800//6800
f 6796//6796 6797//6797 6802//6802
f 6796//6796 6802//6802 6801//6801
f 6797//6797 6798//6798 6803//6803
f 6797//6797 6803//6803 6802//6802
f 6798//6798 6799//6799 6804//6804
f 6798//6798 6804//6804 6803//6803
f 6799//6799 6795//6795 6800//6800
f 6799//6799 6800//6800 6804//6804
f 6795//6795 6797//6797 6796//6796
f 6795//6795 6798//6798 6797//6797
f 6795//6795 6799//6799 6798//6798
f 6800//6800 6801//6801 6802//6802
f 6800//6800 6802//6802 6803//6803
f 6800//6800 6803//6803 6804//6804
f 6805//6805 6806//6806 6811//6811
f 6805//6805 6811//6811 6810//6810
f 6806//6806 6807//6807 6812//6812
f 6806//6806 6812//6812 6811//6811
f 6807//6807 6808//6808 6813//6813
f 6807//6807 6813//6813 6812//6812
f 6808//6808 6809//6809 6814//6814
f 6808//6808 6814//6814 6813//6813
f 6809//6809 6805//6805 6810//6810
f 6809//6809 6810//6810 6814//6814
f 6805//6805 6807//6807 6806//6806
f 6805//6805 6808//6808 6807//6807
f 6805//6805 6809//6809 6808//6808
f 6810//6810 6811//6811 6812//6812
f 6810//6810 6812//6812 6813//6813
f 6810//6810 6813//6813 6814//6814
f 6815//6815 6816//6816 6821//6821
f 6815//6815 6821//6821 6820//6820
f 6816//6816 6817//6817 6822//6822
f 6816//6816 6822//6822 6821//6821
f 6817//6817 6818//6818 6823//6823
f 6817//6817 6823//6823 6822//6822
f 6818//6818 6819//6819 6824//6824
f 6818//6818 6824//6824 6823//6823
f 6819//6819 6815//6815 6820//6820
f 6819//6819 6820//6820 6824//6824
f 6815//6815 6817//6817 6816//6816
f 6815//6815 6818//6818 6817//6817
f 6815//6815 6819//6819 6818//6818
f 6820//6820 6821//6821 6822//6822
f 6820//6820 6822//6822 6823//6823
f 6820//6820 6823//6823 6824//6824
f 6825//6825 6826//6826 6831//6831
f 6825//6825 6831//6831 6830//6830
f 6826//6826 6827//6827 6832//6832
f 6826//6826 6832//6832 6831//6831
f 6827//6827 6828//6828 6833//6833
f 6827//6827 6833//6833 6832//6832
f 6828//6828 6829//6829 6834//6834
f 6828//6828 6834//6834 6833//6833
f 6829//6829 6825//6825 6830//6830
f 6829//6829 6830//6830 6834//6834
f 6825//6825 6827//6827 6826//6826
f 6825//6825 6828//6828 6827//6827
f 6825//6825 6829//6829 6828//6828
f 6830//6830 6831//6831 6832//6832
f 6830//6830 6832//6832 6833//6833
f 6830//6830 6833//6833 6834//6834
f 6835//6835 6836//6836 6841//6841
f 6835//6835 6841//6841 6840//6840
f 6836//6836 6837//6837 6842//6842
f 6836//6836 6842//6842 6841//6841
f 6837//6837 6838//6838 6843//6843
f 6837//6837 6843//6843 6842//6842
f 6838//6838 6839//6839 6844//6844
f 6838//6838 6844//6844 6843//6843
f 6839//6839 6835//6835 6840//6840
f 6839//6839 6840//6840 6844//6844
f 6835//6835 6837//6837 6836//6836
f 6835//6835 6838//6838 6837//6837
f 6835//6835 6839//6839 6838//6838
f 6840//6840 6841//6841 6842//6842
f 6840//6840 6842//6842 6843//6843
f 6840//6840 6843//6843 6844//6844
f 6845//6845 6846//6846 6851//6851
f 6845//6845 6851//6851 6850//6850
f 6846//6846 6847//6847 6852//6852
f 6846//6846 6852//6852 6851//6851
f 6847//6847 6848//6848 6853//6853
f 6847//6847 6853//6853 6852//6852
f 6848//6848 6849//6849 6854//6854
f 6848//6848 6854//6854 6853//6853
f 6849//6849 6845//6845 6850//6850
f 6849//6849 6850//6850 6854//6854
f 6845//6845 6847//6847 6846//6846
f 6845//6845 6848//6848 6847//6847
f 6845//6845 6849//6849 6848//6848
f 6850//6850 6851//6851 6852//6852
f 6850//6850 6852//6852 6853//6853
f 6850//6850 6853//6853 6854//6854
f 6855//6855 6856//6856 6862//6862
f 6855//6855 6862//6862 6861//6861
f 6856//6856 6857//6857 6863//6863
f 6856//6856 6863//6863 6862//6862
f 6857//6857 6858//6858 6864//6864
f 6857//6857 6864//6864 6863//6863
f 6858//6858 6859//6859 6865//6865
f 6858//6858 6865//6865 6864//6864
f 6859//6859 6860//6860 6866//6866
f 6859//6859 6866//6866 6865//6865
f 6860//6860 6855//6855 6861//6861
f 6860//6860 6861//6861 6866//6866
f 6855//6855 6857//6857 6856//6856
f 6855//6855 6858//6858 6857//6857
f 6855//6855 6859//6859 6858//6858
f 6855//6855 6860//6860 6859//6859
f 6861//6861 6862//6862 6863//6863
f 6861//6861 6863//6863 6864//6864
f 6861//6861 6864//6864 6865//6865
f 6861//6861 6865//6865 6866//6866
f 6867//6867 6868//6868 6873//6873
f 6867//6867 6873//6873 6872//6872
f 6868//6868 6869//6869 6874//6874
f 6868//6868 6874//6874 6873//6873
f 6869//6869 6870//6870 6875//6875
f 6869//6869 6875//6875 6874//6874
f 6870//6870 6871//6871 6876//6876
f 6870//6870 6876//6876 6875//6875
f 6871//6871 6867//6867 6872//6872
f 6871//6871 6872//6872 6876//6876
f 6867//6867 6869//6869 6868//6868
f 6867//6867 6870//6870 6869//6869
f 6867//6867 6871//6871 6870//6870
f 6872//6872 6873//6873 6874//6874
f 6872//6872 6874//6874 6875//6875
f 6872//6872 6875//6875 6876//6876
f 6877//6877 6878//6878 6883//6883
f 6877//6877 6883//6883 6882//6882
f 6878//6878 6879//6879 6884//6884
f 6878//6878 6884//6884 6883//6883
f 6879//6879 6880//6880 6885//6885
f 6879//6879 6885//6885 6884//6884
f 6880//6880 6881//6881 6886//6886
f 6880//6880 6886//6886 6885//6885
f 6881//6881 6877//6877 6882//6882
f 6881//6881 6882//6882 6886//6886
f 6877//6877 6879//6879 6878//6878
f 6877//6877 6880//6880 6879//6879
f 6877//6877 6881//6881 6880//6880
f 6882//6882 6883//6883 6884//6884
f 6882//6882 6884//6884 6885//6885
f 6882//6882 6885//6885 6886//6886
f 6887//6887 6888//6888 6893//6893
f 6887//6887 6893//6893 6892//6892
f 6888//6888 6889//6889 6894//6894
f 6888//6888 6894//6894 6893//6893
f 6889//6889 6890//6890 6895//6895
f 6889//6889 6895//6895 6894//6894
f 6890//6890 6891//6891 6896//6896
f 6890//6890 6896//6896 6895//6895
f 6891//6891 6887//6887 6892//6892
f 6891//6891 6892//6892 6896//6896
f 6887//6887 6889//6889 6888//6888
f 6887//6887 6890//6890 6889//6889
f 6887//6887 6891//6891 6890//6890
f 6892//6892 6893//6893 6894//6894
f 6892//6892 6894//6894 6895//6895
f 6892//6892 6895//6895 6896//6896
f 6897//6897 6898//6898 6903//6903
f 6897//6897 6903//6903 6902//6902
f 6898//6898 6899//6899 6904//6904
f 6898//6898 6904//6904 6903//6903
f 6899//6899 6900//6900 6905//6905
f 6899//6899 6905//6905 6904//6904
f 6900//6900 6901//6901 6906//6906
f 6900//6900 6906//6906 6905//6905
f 6901//6901 6897//6897 6902//6902
f 6901//6901 6902//6902 6906//6906
f 6897//6897 6899//6899 6898//6898
f 6897//6897 6900//6900 6899//6899
f 6897//6897 6901//6901 6900//6900
f 6902//6902 6903//6903 6904//6904
f 6902//6902 6904//6904 6905//6905
f 6902//6902 6905//6905 6906//6906
f 6907//6907 6908//6908 6913//6913
f 6907//6907 6913//6913 6912//6912
f 6908//6908 6909//6909 6914//6914
f 6908//6908 6914//6914 6913//6913
f 6909//6909 6910//6910 6915//6915
f 6909//6909 6915//6915 6914//6914
f 6910//6910 6911//6911 6916//6916
f 6910//6910 6916//6916 6915//6915
f 6911//6911 6907//6907 6912//6912
f 6911//6911 6912//6912 6916//6916
f 6907//6907 6909//6909 6908//6908
f 6907//6907 6910//6910 6909//6909
f 6907//6907 6911//6911 6910//6910
f 6912//6912 6913//6913 6914//6914
f 6912//6912 6914//6914 6915//6915
f 6912//6912 6915//6915 6916//6916
f 6917//6917 6918//6918 6923//6923
f 6917//6917 6923//6923 6922//6922
f 6918//6918 6919//6919 6924//6924
f 6918//6918 6924//6924 6923//6923
f 6919//6919 6920//6920 6925//6925
f 6919//6919 6925//6925 6924//6924
f 6920//6920 6921//6921 6926//6926
f 6920//6920 6926//6926 6925//6925
f 6921//6921 6917//6917 6922//6922
f 6921//6921 6922//6922 6926//6926
f 6917//6917 6919//6919 6918//6918
f 6917//6917 6920//6920 6919//6919
f 6917//6917 6921//6921 6920//6920
f 6922//6922 6923//6923 6924//6924
f 6922//6922 6924//6924 6925//6925
f 6922//6922 6925//6925 6926//6926
f 6927//6927 6928//6928 6933//6933
f 6927//6927 6933//6933 6932//6932
f 6928//6928 6929//6929 6934//6934
f 6928//6928 6934//6934 6933//6933
f 6929//6929 6930//6930 6935//6935
f 6929//6929 6935//6935 6934//6934
f 6930//6930 6931//6931 6936//6936
f 6930//6930 6936//6936 6935//6935
f 6931//6931 6927//6927 6932//6932
f 6931//6931 6932//6932 6936//6936
f 6927//6927 6929//6929 6928//6928
f 6927//6927 6930//6930 6929//6929
f 6927//6927 6931//6931 6930//6930
f 6932//6932 6933//6933 6934//6934
f 6932//6932 6934//6934 6935//6935
f 6932//6932 6935//6935 6936//6936
f 6937//6937 6938//6938 6943//6943
f 6937//6937 6943//6943 6942//6942
f 6938//6938 6939//6939 6944//6944
f 6938//6938 6944//6944 6943//6943
f 6939//6939 6940//6940 6945//6945
f 6939//6939 6945//6945 6944//6944
f 6940//6940 6941//6941 6946//6946
f 6940//6940 6946//6946 6945//6945
f 6941//6941 6937//6937 6942//6942
f 6941//6941 6942//6942 6946//6946
f 6937//6937 6939//6939 6938//6938
f 6937//6937 6940//6940 6939//6939
f 6937//6937 6941//6941 6940//6940
f 6942//6942 6943//6943 6944//6944
f 6942//6942 6944//6944 6945//6945
f 6942//6942 6945//6945 6946//6946
f 6947//6947 6948//6948 6953//6953
f 6947//6947 6953//6953 6952//6952
f 6948//6948 6949//6949 6954//6954
f 6948//6948 6954//6954 6953//6953
f 6949//6949 6950//6950 6955//6955
f 6949//6949 6955//6955 6954//6954
f 6950//6950 6951//6951 6956//6956
f 6950//6950 6956//6956 6955//6955
f 6951//6951 6947//6947 6952//6952
f 6951//6951 6952//6952 6956//6956
f 6947//6947 6949//6949 6948//6948
f 6947//6947 6950//6950 6949//6949
f 6947//6947 6951//6951 6950//6950
f 6952//6952 6953//6953 6954//6954
f 6952//6952 6954//6954 6955//6955
f 6952//6952 6955//6955 6956//6956
f 6957//6957 6958//6958 6964//6964
f 6957//6957 6964//6964 6963//6963
f 6958//6958 6959//6959 6965//6965
f 6958//6958 6965//6965 6964//6964
f 6959//6959 6960//6960 6966//6966
f 6959//6959 6966//6966 6965//6965
f 6960//6960 6961//6961 6967//6967
f 6960//6960 6967//6967 6966//6966
f 6961//6961 6962//6962 6968//6968
f 6961//6961 6968//6968 6967//6967
f 6962//6962 6957//6957 6963//6963
f 6962//6962 6963//6963 6968//6968
f 6957//6957 6959//6959 6958//6958
f 6957//6957 6960//6960 6959//6959
f 6957//6957 6961//6961 6960//6960
f 6957//6957 6962//6962 6961//6961
f 6963//6963 6964//6964 6965//6965
f 6963//6963 6965//6965 6966//6966
f 6963//6963 6966//6966 6967//6967
f 6963//6963 6967//6967 6968//6968
f 6969//6969 6970//6970 6975//6975
f 6969//6969 6975//6975 6974//6974
f 6970//6970 6971//6971 6976//6976
f 6970//6970 6976//6976 6975//6975
f 6971//6971 6972//6972 6977//6977
f 6971//6971 6977//6977 6976//6976
f 6972//6972 6973//6973 6978//6978
f 6972//6972 6978//6978 6977//6977
f 6973//6973 6969//6969 6974//6974
f 6973//6973 6974//6974 6978//6978
f 6969//6969 6971//6971 6970//6970
f 6969//6969 6972//6972 6971//6971
f 6969//6969 6973//6973 6972//6972
f 6974//6974 6975//6975 6976//6976
f 6974//6974 6976//6976 6977//6977
f 6974//6974 6977//6977 6978//6978
f 6979//6979 6980//6980 6985//6985
f 6979//6979 6985//6985 6984//6984
f 6980//6980 6981//6981 6986//6986
f 6980//6980 6986//6986 6985//6985
f 6981//6981 6982//6982 6987//6987
f 6981//6981 6987//6987 6986//6986
f 6982//6982 6983//6983 6988//6988
f 6982//6982 6988//6988 6987//6987
f 6983//6983 6979//6979 6984//6984
f 6983//6983 6984//6984 6988//6988
f 6979//6979 6981//6981 6980//6980
f 6979//6979 6982//6982 6981//6981
f 6979//6979 6983//6983 6982//6982
f 6984//6984 6985//6985 6986//6986
f 6984//6984 6986//6986 6987//6987
f 6984//6984 6987//6987 6988//6988
f 6989//6989 6990//6990 6995//6995
f 6989//6989 6995//6995 6994//6994
f 6990//6990 6991//6991 6996//6996
f 6990//6990 6996//6996 6995//6995
f 6991//6991 6992//6992 6997//6997
f 6991//6991 6997//6997 6996//6996
f 6992//6992 6993//6993 6998//6998
f 6992//6992 6998//6998 6997//6997
f 6993//6993 6989//6989 6994//6994
f 6993//6993 6994//6994 6998//6998
f 6989//6989 6991//6991 6990//6990
f 6989//6989 6992//6992 6991//6991
f 6989//6989 6993//6993 6992//6992
f 6994//6994 6995//6995 6996//6996
f 6994//6994 6996//6996 6997//6997
f 6994//6994 6997//6997 6998//6998
f 6999//6999 7000//7000 7005//7005
f 6999//6999 7005//7005 7004//7004
f 7000//7000 7001//7001 7006//7006
f 7000//7000 7006//7006 7005//7005
f 7001//7001 7002//7002 7007//7007
f 7001//7001 7007//7007 7006//7006
f 7002//7002 7003//7003 7008//7008
f 7002//7002 7008//7008 7007//7007
f 7003//7003 6999//6999 7004//7004
f 7003//7003 7004//7004 7008//7008
f 6999//6999 7001//7001 7000//7000
f 6999//6999 7002//7002 7001//7001
f 6999//6999 7003//7003 7002//7002
f 7004//7004 7005//7005 7006//7006
f 7004//7004 7006//7006 7007//7007
f 7004//7004 7007//7007 7008//7008
f 7009//7009 7010//7010 7015//7015
f 7009//7009 7015//7015 7014//7014
f 7010//7010 7011//7011 7016//7016
f 7010//7010 7016//7016 7015//7015
f 7011//7011 7012//7012 7017//7017
f 7011//7011 7017//7017 7016//7016
f 7012//7012 7013//7013 7018//7018
f 7012//7012 7018//7018 7017//7017
f 7013//7013 7009//7009 7014//7014
f 7013//7013 7014//7014 7018//7018
f 7009//7009 7011//7011 7010//7010
f 7009//7009 7012//7012 7011//7011
f 7009//7009 7013//7013 7012//7012
f 7014//7014 7015//7015 7016//7016
f 7014//7014 7016//7016 7017//7017
f 7014//7014 7017//7017 7018//7018
f 7019//7019 7020//7020 7025//7025
f 7019//7019 7025//7025 7024//7024
f 7020//7020 7021//7021 7026//7026
f 7020//7020 7026//7026 7025//7025
f 7021//7021 7022//7022 7027//7027
f 7021//7021 7027//7027 7026//7026
f 7022//7022 7023//7023 7028//7028
f 7022//7022 7028//7028 7027//7027
f 7023//7023 7019//7019 7024//7024
f 7023//7023 7024//7024 7028//7028
f 7019//7019 7021//7021 7020//7020
f 7019//7019 7022//7022 7021//7021
f 7019//7019 7023//7023 7022//7022
f 7024//7024 7025//7025 7026//7026
f 7024//7024 7026//7026 7027//7027
f 7024//7024 7027//7027 7028//7028
f 7029//7029 7030//7030 7035//7035
f 7029//7029 7035//7035 7034//7034
f 7030//7030 7031//7031 7036//7036
f 7030//7030 7036//7036 7035//7035
f 7031//7031 7032//7032 7037//7037
f 7031//7031 7037//7037 7036//7036
f 7032//7032 7033//7033 7038//7038
f 7032//7032 7038//7038 7037//7037
f 7033//7033 7029//7029 7034//7034
f 7033//7033 7034//7034 7038//7038
f 7029//7029 7031//7031 7030//7030
f 7029//7029 7032//7032 7031//7031
f 7029//7029 7033//7033 7032//7032
f 7034//7034 7035//7035 7036//7036
f 7034//7034 7036//7036 7037//7037
f 7034//7034 7037//7037 7038//7038
f 7039//7039 7040//7040 7045//7045
f 7039//7039 7045//7045 7044//7044
f 7040//7040 7041//7041 7046//7046
f 7040//7040 7046//7046 7045//7045
f 7041//7041 7042//7042 7047//7047
f 7041//7041 7047//7047 7046//7046
f 7042//7042 7043//7043 7048//7048
f 7042//7042 7048//7048 7047//7047
f 7043//7043 7039//7039 7044//7044
f 7043//7043 7044//7044 7048//7048
f 7039//7039 7041//7041 7040//7040
f 7039//7039 7042//7042 7041//7041
f 7039//7039 7043//7043 7042//7042
f 7044//7044 7045//7045 7046//7046
f 7044//7044 7046//7046 7047//7047
f 7044//7044 7047//7047 7048//7048
f 7049//7049 7050//7050 7055//7055
f 7049//7049 7055//7055 7054//7054
f 7050//7050 7051//7051 7056//7056
f 7050//7050 7056//7056 7055//7055
f 7051//7051 7052//7052 7057//7057
f 7051//7051 7057//7057 7056//7056
f 7052//7052 7053//7053 7058//7058
f 7052//7052 7058//7058 7057//7057
f 7053//7053 7049//7049 7054//7054
f 7053//7053 7054//7054 7058//7058
f 7049//7049 7051//7051 7050//7050
f 7049//7049 7052//7052 7051//7051
f 7049//7049 7053//7053 7052//7052
f 7054//7054 7055//7055 7056//7056
f 7054//7054 7056//7056 7057//7057
f 7054//7054 7057//7057 7058//7058
f 7059//7059 7060//7060 7066//7066
f 7059//7059 7066//7066 7065//7065
f 7060//7060 7061//7061 7067//7067
f 7060//7060 7067//7067 7066//7066
f 7061//7061 7062//7062 7068//7068
f 7061//7061 7068//7068 7067//7067
f 7062//7062 7063//7063 7069//7069
f 7062//7062 7069//7069 7068//7068
f 7063//7063 7064//7064 7070//7070
f 7063//7063 7070//7070 7069//7069
f 7064//7064 7059//7059 7065//7065
f 7064//7064 7065//7065 7070//7070
f 7059//7059 7061//7061 7060//7060
f 7059//7059 7062//7062 7061//7061
f 7059//7059 7063//7063 7062//7062
f 7059//7059 7064//7064 7063//7063
f 7065//7065 7066//7066 7067//7067
f 7065//7065 7067//7067 7068//7068
f 7065//7065 7068//7068 7069//7069
f 7065//7065 7069//7069 7070//7070
f 7071//7071 7072//7072 7077//7077
f 7071//7071 7077//7077 7076//7076
f 7072//7072 7073//7073 7078//7078
f 7072//7072 7078//7078 7077//7077
f 7073//7073 7074//7074 7079//7079
f 7073//7073 7079//7079 7078//7078
f 7074//7074 7075//7075 7080//7080
f 7074//7074 7080//7080 7079//7079
f 7075//7075 7071//7071 7076//7076
f 7075//7075 7076//7076 7080//7080
f 7071//7071 7073//7073 7072//7072
f 7071//7071 7074//7074 7073//7073
f 7071//7071 7075//7075 7074//7074
f 7076//7076 7077//7077 7078//7078
f 7076//7076 7078//7078 7079//7079
f 7076//7076 7079//7079 7080//7080
f 7081//7081 7082//7082 7087//7087
f 7081//7081 7087//7087 7086//7086
f 7082//7082 7083//7083 7088//7088
f 7082//7082 7088//7088 7087//7087
f 7083//7083 7084//7084 7089//7089
f 7083//7083 7089//7089 7088//7088
f 7084//7084 7085//7085 7090//7090
f 7084//7084 7090//7090 7089//7089
f 7085//7085 7081//7081 7086//7086
f 7085//7085 7086//7086 7090//7090
f 7081//7081 7083//7083 7082//7082
f 7081//7081 7084//7084 7083//7083
f 7081//7081 7085//7085 7084//7084
f 7086//7086 7087//7087 7088//7088
f 7086//7086 7088//7088 7089//7089
f 7086//7086 7089//7089 7090//7090
f 7091//7091 7092//7092 7097//7097
f 7091//7091 7097//7097 7096//7096
f 7092//7092 7093//7093 7098//7098
f 7092//7092 7098//7098 7097//7097
f 7093//7093 7094//7094 7099//7099
f 7093//7093 7099//7099 7098//7098
f 7094//7094 7095//7095 7100//7100
f 7094//7094 7100//7100 7099//7099
f 7095//7095 7091//7091 7096//7096
f 7095//7095 7096//7096 7100//7100
f 7091//7091 7093//7093 7092//7092
f 7091//7091 7094//7094 7093//7093
f 7091//7091 7095//7095 7094//7094
f 7096//7096 7097//7097 7098//7098
f 7096//7096 7098//7098 7099//7099
f 7096//7096 7099//7099 7100//7100
f 7101//7101 7102//7102 7107//7107
f 7101//7101 7107//7107 7106//7106
f 7102//7102 7103//7103 7108//7108
f 7102//7102 7108//7108 7107//7107
f 7103//7103 7104//7104 7109//7109
f 7103//7103 7109//7109 7108//7108
f 7104//7104 7105//7105 7110//7110
f 7104//7104 7110//7110 7109//7109
f 7105//7105 7101//7101 7106//7106
f 7105//7105 7106//7106 7110//7110
f 7101//7101 7103//7103 7102//7102
f 7101//7101 7104//7104 7103//7103
f 7101//7101 7105//7105 7104//7104
f 7106//7106 7107//7107 7108//7108
f 7106//7106 7108//7108 7109//7109
f 7106//7106 7109//7109 7110//7110
f 7111//7111 7112//7112 7117//7117
f 7111//7111 7117//7117 7116//7116
f 7112//7112 7113//7113 7118//7118
f 7112//7112 7118//7118 7117//7117
f 7113//7113 7114//7114 7119//7119
f 7113//7113 7119//7119 7118//7118
f 7114//7114 7115//7115 7120//7120
f 7114//7114 7120//7120 7119//7119
f 7115//7115 7111//7111 7116//7116
f 7115//7115 7116//7116 7120//7120
f 7111//7111 7113//7113 7112//7112
f 7111//7111 7114//7114 7113//7113
f 7111//7111 7115//7115 7114//7114
f 7116//7116 7117//7117 7118//7118
f 7116//7116 7118//7118 7119//7119
f 7116//7116 7119//7119 7120//7120
f 7121//7121 7122//7122 7127//7127
f 7121//7121 7127//7127 7126//7126
f 7122//7122 7123//7123 7128//7128
f 7122//7122 7128//7128 7127//7127
f 7123//7123 7124//7124 7129//7129
f 7123//7123 7129//7129 7128//7128
f 7124//7124 7125//7125 7130//7130
f 7124//7124 7130//7130 7129//7129
f 7125//7125 7121//7121 7126//7126
f 7125//7125 7126//7126 7130//7130
f 7121//7121 7123//7123 7122//7122
f 7121//7121 7124//7124 7123//7123
f 7121//7121 7125//7125 7124//7124
f 7126//7126 7127//7127 7128//7128
f 7126//7126 7128//7128 7129//7129
f 7126//7126 7129//7129 7130//7130
f 7131//7131 7132//7132 7137//7137
f 7131//7131 7137//7137 7136//7136
f 7132//7132 7133//7133 7138//7138
f 7132//7132 7138//7138 7137//7137
f 7133//7133 7134//7134 7139//7139
f 7133//7133 7139//7139 7138//7138
f 7134//7134 7135//7135 7140//7140
f 7134//7134 7140//7140 7139//7139
f 7135//7135 7131//7131 7136//7136
f 7135//7135 7136//7136 7140//7140
f 7131//7131 7133//7133 7132//7132
f 7131//7131 7134//7134 7133//7133
f 7131//7131 7135//7135 7134//7134
f 7136//7136 7137//7137 7138//7138
f 7136//7136 7138//7138 7139//7139
f 7136//7136 7139//7139 7140//7140
f 7141//7141 7142//7142 7147//7147
f 7141//7141 7147//7147 7146//7146
f 7142//7142 7143//7143 7148//7148
f 7142//7142 7148//7148 7147//7147
f 7143//7143 7144//7144 7149//7149
f 7143//7143 7149//7149 7148//7148
f 7144//7144 7145//7145 7150//7150
f 7144//7144 7150//7150 7149//7149
f 7145//7145 7141//7141 7146//7146
f 7145//7145 7146//7146 7150//7150
f 7141//7141 7143//7143 7142//7142
f 7141//7141 7144//7144 7143//7143
f 7141//7141 7145//7145 7144//7144
f 7146//7146 7147//7147 7148//7148
f 7146//7146 7148//7148 7149//7149
f 7146//7146 7149//7149 7150//7150
f 7151//7151 7152//7152 7157//7157
f 7151//7151 7157//7157 7156//7156
f 7152//7152 7153//7153 7158//7158
f 7152//7152 7158//7158 7157//7157
f 7153//7153 7154//7154 7159//7159
f 7153//7153 7159//7159 7158//7158
f 7154//7154 7155//7155 7160//7160
f 7154//7154 7160//7160 7159//7159
f 7155//7155 7151//7151 7156//7156
f 7155//7155 7156//7156 7160//7160
f 7151//7151 7153//7153 7152//7152
f 7151//7151 7154//7154 7153//7153
f 7151//7151 7155//7155 7154//7154
f 7156//7156 7157//7157 7158//7158
f 7156//7156 7158//7158 7159//7159
f 7156//7156 7159//7159 7160//7160
f 7161//7161 7162//7162 7168//7168
f 7161//7161 7168//7168 7167//7167
f 7162//7162 7163//7163 7169//7169
f 7162//7162 7169//7169 7168//7168
f 7163//7163 7164//7164 7170//7170
f 7163//7163 7170//7170 7169//7169
f 7164//7164 7165//7165 7171//7171
f 7164//7164 7171//7171 7170//7170
f 7165//7165 7166//7166 7172//7172
f 7165//7165 7172//7172 7171//7171
f 7166//7166 7161//7161 7167//7167
f 7166//7166 7167//7167 7172//7172
f 7161//7161 7163//7163 7162//7162
f 7161//7161 7164//7164 7163//7163
f 7161//7161 7165//7165 7164//7164
f 7161//7161 7166//7166 7165//7165
f 7167//7167 7168//7168 7169//7169
f 7167//7167 7169//7169 7170//7170
f 7167//7167 7170//7170 7171//7171
f 7167//7167 7171//7171 7172//7172
f 7173//7173 7174//7174 7179//7179
f 7173//7173 7179//7179 7178//7178
f 7174//7174 7175//7175 7180//7180
f 7174//7174 7180//7180 7179//7179
f 7175//7175 7176//7176 7181//7181
f 7175//7175 7181//7181 7180//7180
f 7176//7176 7177//7177 7182//7182
f 7176//7176 7182//7182 7181//7181
f 7177//7177 7173//7173 7178//7178
f 7177//7177 7178//7178 7182//7182
f 7173//7173 7175//7175 7174//7174
f 7173//7173 7176//7176 7175//7175
f 7173//7173 7177//7177 7176//7176
f 7178//7178 7179//7179 7180//7180
f 7178//7178 7180//7180 7181//7181
f 7178//7178 7181//7181 7182//7182
f 7183//7183 7184//7184 7189//7189
f 7183//7183 7189//7189 7188//7188
f 7184//7184 7185//7185 7190//7190
f 7184//7184 7190//7190 7189//7189
f 7185//7185 7186//7186 7191//7191
f 7185//7185 7191//7191 7190//7190
f 7186//7186 7187//7187 7192//7192
f 7186//7186 7192//7192 7191//7191
f 7187//7187 7183//7183 7188//7188
f 7187//7187 7188//7188 7192//7192
f 7183//7183 7185//7185 7184//7184
f 7183//7183 7186//7186 7185//7185
f 7183//7183 7187//7187 7186//7186
f 7188//7188 7189//7189 7190//7190
f 7188//7188 7190//7190 7191//7191
f 7188//7188 7191//7191 7192//7192
f 7193//7193 7194//7194 7199//7199
f 7193//7193 7199//7199 7198//7198
f 7194//7194 7195//7195 7200//7200
f 7194//7194 7200//7200 7199//7199
f 7195//7195 7196//7196 7201//7201
f 7195//7195 7201//7201 7200//7200
f 7196//7196 7197//7197 7202//7202
f 7196//7196 7202//7202 7201//7201
f 7197//7197 7193//7193 7198//7198
f 7197//7197 7198//7198 7202//7202
f 7193//7193 7195//7195 7194//7194
f 7193//7193 7196//7196 7195//7195
f 7193//7193 7197//7197 7196//7196
f 7198//7198 7199//7199 7200//7200
f 7198//7198 7200//7200 7201//7201
f 7198//7198 7201//7201 7202//7202
f 7203//7203 7204//7204 7209//7209
f 7203//7203 7209//7209 7208//7208
f 7204//7204 7205//7205 7210//7210
f 7204//7204 7210//7210 7209//7209
f 7205//7205 7206//7206 7211//7211
f 7205//7205 7211//7211 7210//7210
f 7206//7206 7207//7207 7212//7212
f 7206//7206 7212//7212 7211//7211
f 7207//7207 7203//7203 7208//7208
f 7207//7207 7208//7208 7212//7212
f 7203//7203 7205//7205 7204//7204
f 7203//7203 7206//7206 7205//7205
f 7203//7203 7207//7207 7206//7206
f 7208//7208 7209//7209 7210//7210
f 7208//7208 7210//7210 7211//7211
f 7208//7208 7211//7211 7212//7212
f 7213//7213 7214//7214 7219//7219
f 7213//7213 7219//7219 7218//7218
f 7214//7214 7215//7215 7220//7220
f 7214//7214 7220//7220 7219//7219
f 7215//7215 7216//7216 7221//7221
f 7215//7215 7221//7221 7220//7220
f 7216//7216 7217//7217 7222//7222
f 7216//7216 7222//7222 7221//7221
f 7217//7217 7213//7213 7218//7218
f 7217//7217 7218//7218 7222//7222
f 7213//7213 7215//7215 7214//7214
f 7213//7213 7216//7216 7215//7215
f 7213//7213 7217//7217 7216//7216
f 7218//7218 7219//7219 7220//7220
f 7218//7218 7220//7220 7221//7221
f 7218//7218 7221//7221 7222//7222
f 7223//7223 7224//7224 7229//7229
f 7223//7223 7229//7229 7228//7228
f 7224//7224 7225//7225 7230//7230
f 7224//7224 7230//7230 7229//7229
f 7225//7225 7226//7226 7231//7231
f 7225//7225 7231//7231 7230//7230
f 7226//7226 7227//7227 7232//7232
f 7226//7226 7232//7232 7231//7231
f 7227//7227 7223//7223 7228//7228
f 7227//7227 7228//7228 7232//7232
f 7223//7223 7225//7225 7224//7224
f 7223//7223 7226//7226 7225//7225
f 7223//7223 7227//7227 7226//7226
f 7228//7228 7229//7229 7230//7230
f 7228//7228 7230//7230 7231//7231
f 7228//7228 7231//7231 7232//7232
f 7233//7233 7234//7234 7239//7239
f 7233//7233 7239//7239 7238//7238
f 7234//7234 7235//7235 7240//7240
f 7234//7234 7240//7240 7239//7239
f 7235//7235 7236//7236 7241//7241
f 7235//7235 7241//7241 7240//7240
f 7236//7236 7237//7237 7242//7242
f 7236//7236 7242//7242 7241//7241
f 7237//7237 7233//7233 7238//7238
f 7237//7237 7238//7238 7242//7242
f 7233//7233 7235//7235 7234//7234
f 7233//7233 7236//7236 7235//7235
f 7233//7233 7237//7237 7236//7236
f 7238//7238 7239//7239 7240//7240
f 7238//7238 7240//7240 7241//7241
f 7238//7238 7241//7241 7242//7242
f 7243//7243 7244//7244 7249//7249
f 7243//7243 7249//7249 7248//7248
f 7244//7244 7245//7245 7250//7250
f 7244//7244 7250//7250 7249//7249
f 7245//7245 7246//7246 7251//7251
f 7245//7245 7251//7251 7250//7250
f 7246//7246 7247//7247 7252//7252
f 7246//7246 7252//7252 7251//7251
f 7247//7247 7243//7243 7248//7248
f 7247//7247 7248//7248 7252//7252
f 7243//7243 7245//7245 7244//7244
f 7243//7243 7246//7246 7245//7245
f 7243//7243 7247//7247 7246//7246
f 7248//7248 7249//7249 7250//7250
f 7248//7248 7250//7250 7251//7251
f 7248//7248 7251//7251 7252//7252
f 7253//7253 7254//7254 7259//7259
f 7253//7253 7259//7259 7258//7258
f 7254//7254 7255//7255 7260//7260
f 7254//7254 7260//7260 7259//7259
f 7255//7255 7256//7256 7261//7261
f 7255//7255 7261//7261 7260//7260
f 7256//7256 7257//7257 7262//7262
f 7256//7256 7262//7262 7261//7261
f 7257//7257 7253//7253 7258//7258
f 7257//7257 7258//7258 7262//7262
f 7253//7253 7255//7255 7254//7254
f 7253//7253 7256//7256 7255//7255
f 7253//7253 7257//7257 7256//7256
f 7258//7258 7259//7259 7260//7260
f 7258//7258 7260//7260 7261//7261
f 7258//7258 7261//7261 7262//7262
f 7263//7263 7264//7264 7270//7270
f 7263//7263 7270//7270 7269//7269
f 7264//7264 7265//7265 7271//7271
f 7264//7264 7271//7271 7270//7270
f 7265//7265 7266//7266 7272//7272
f 7265//7265 7272//7272 7271//7271
f 7266//7266 7267//7267 7273//7273
f 7266//7266 7273//7273 7272//7272
f 7267//7267 7268//7268 7274//7274
f 7267//7267 7274//7274 7273//7273
f 7268//7268 7263//7263 7269//7269
f 7268//7268 7269//7269 7274//7274
f 7263//7263 7265//7265 7264//7264
f 7263//7263 7266//7266 7265//7265
f 7263//7263 7267//7267 7266//7266
f 7263//7263 7268//7268 7267//7267
f 7269//7269 7270//7270 7271//7271
f 7269//7269 7271//7271 7272//7272
f 7269//7269 7272//7272 7273//7273
f 7269//7269 7273//7273 7274//7274
f 7275//7275 7276//7276 7281//7281
f 7275//7275 7281//7281 7280//7280
f 7276//7276 7277//7277 7282//7282
f 7276//7276 7282//7282 7281//7281
f 7277//7277 7278//7278 7283//7283
f 7277//7277 7283//7283 7282//7282
f 7278//7278 7279//7279 7284//7284
f 7278//7278 7284//7284 7283//7283
f 7279//7279 7275//7275 7280//7280
f 7279//7279 7280//7280 7284//7284
f 7275//7275 7277//7277 7276//7276
f 7275//7275 7278//7278 7277//7277
f 7275//7275 7279//7279 7278//7278
f 7280//7280 7281//7281 7282//7282
f 7280//7280 7282//7282 7283//7283
f 7280//7280 7283//7283 7284//7284
f 7285//7285 7286//7286 7291//7291
f 7285//7285 7291//7291 7290//7290
f 7286//7286 7287//7287 7292//7292
f 7286//7286 7292//7292 7291//7291
f 7287//7287 7288//7288 7293//7293
f 7287//7287 7293//7293 7292//7292
f 7288//7288 7289//7289 7294//7294
f 7288//7288 7294//7294 7293//7293
f 7289//7289 7285//7285 7290//7290
f 7289//7289 7290//7290 7294//7294
f 7285//7285 7287//7287 7286//7286
f 7285//7285 7288//7288 7287//7287
f 7285//7285 7289//7289 7288//7288
f 7290//7290 7291//7291 7292//7292
f 7290//7290 7292//7292 7293//7293
f 7290//7290 7293//7293 7294//7294
f 7295//7295 7296//7296 7301//7301
f 7295//7295 7301//7301 7300//7300
f 7296//7296 7297//7297 7302//7302
f 7296//7296 7302//7302 7301//7301
f 7297//7297 7298//7298 7303//7303
f 7297//7297 7303//7303 7302//7302
f 7298//7298 7299//7299 7304//7304
f 7298//7298 7304//7304 7303//7303
f 7299//7299 7295//7295 7300//7300
f 7299//7299 7300//7300 7304//7304
f 7295//7295 7297//7297 7296//7296
f 7295//7295 7298//7298 7297//7297
f 7295//7295 7299//7299 7298//7298
f 7300//7300 7301//7301 7302//7302
f 7300//7300 7302//7302 7303//7303
f 7300//7300 7303//7303 7304//7304
f 7305//7305 7306//7306 7311//7311
f 7305//7305 7311//7311 7310//7310
f 7306//7306 7307//7307 7312//7312
f 7306//7306 7312//7312 7311//7311
f 7307//7307 7308//7308 7313//7313
f 7307//7307 7313//7313 7312//7312
f 7308//7308 7309//7309 7314//7314
f 7308//7308 7314//7314 7313//7313
f 7309//7309 7305//7305 7310//7310
f 7309//7309 7310//7310 7314//7314
f 7305//7305 7307//7307 7306//7306
f 7305//7305 7308//7308 7307//7307
f 7305//7305 7309//7309 7308//7308
f 7310//7310 7311//7311 7312//7312
f 7310//7310 7312//7312 7313//7313
f 7310//7310 7313//7313 7314//7314
f 7315//7315 7316//7316 7321//7321
f 7315//7315 7321//7321 7320//7320
f 7316//7316 7317//7317 7322//7322
f 7316//7316 7322//7322 7321//7321
f 7317//7317 7318//7318 7323//7323
f 7317//7317 7323//7323 7322//7322
f 7318//7318 7319//7319 7324//7324
f 7318//7318 7324//7324 7323//7323
f 7319//7319 7315//7315 7320//7320
f 7319//7319 7320//7320 7324//7324
f 7315//7315 7317//7317 7316//7316
f 7315//7315 7318//7318 7317//7317
f 7315//7315 7319//7319 7318//7318
f 7320//7320 7321//7321 7322//7322
f 7320//7320 7322//7322 7323//7323
f 7320//7320 7323//7323 7324//7324
f 7325//7325 7326//7326 7331//7331
f 7325//7325 7331//7331 7330//7330
f 7326//7326 7327//7327 7332//7332
f 7326//7326 7332//7332 7331//7331
f 7327//7327 7328//7328 7333//7333
f 7327//7327 7333//7333 7332//7332
f 7328//7328 7329//7329 7334//7334
f 7328//7328 7334//7334 7333//7333
f 7329//7329 7325//7325 7330//7330
f 7329//7329 7330//7330 7334//7334
f 7325//7325 7327//7327 7326//7326
f 7325//7325 7328//7328 7327//7327
f 7325//7325 7329//7329 7328//7328
f 7330//7330 7331//7331 7332//7332
f 7330//7330 7332//7332 7333//7333
f 7330//7330 7333//7333 7334//7334
f 7335//7335 7336//7336 7341//7341
f 7335//7335 7341//7341 7340//7340
f 7336//7336 7337//7337 7342//7342
f 7336//7336 7342//7342 7341//7341
f 7337//7337 7338//7338 7343//7343
f 7337//7337 7343//7343 7342//7342
f 7338//7338 7339//7339 7344//7344
f 7338//7338 7344//7344 7343//7343
f 7339//7339 7335//7335 7340//7340
f 7339//7339 7340//7340 7344//7344
f 7335//7335 7337//7337 7336//7336
f 7335//7335 7338//7338 7337//7337
f 7335//7335 7339//7339 7338//7338
f 7340//7340 7341//7341 7342//7342
f 7340//7340 7342//7342 7343//7343
f 7340//7340 7343//7343 7344//7344
f 7345//7345 7346//7346 7351//7351
f 7345//7345 7351//7351 7350//7350
f 7346//7346 7347//7347 7352//7352
f 7346//7346 7352//7352 7351//7351
f 7347//7347 7348//7348 7353//7353
f 7347//7347 7353//7353 7352//7352
f 7348//7348 7349//7349 7354//7354
f 7348//7348 7354//7354 7353//7353
f 7349//7349 7345//7345 7350//7350
f 7349//7349 7350//7350 7354//7354
f 7345//7345 7347//7347 7346//7346
f 7345//7345 7348//7348 7347//7347
f 7345//7345 7349//7349 7348//7348
f 7350//7350 7351//7351 7352//7352
f 7350//7350 7352//7352 7353//7353
f 7350//7350 7353//7353 7354//7354
f 7355//7355 7356//7356 7361//7361
f 7355//7355 7361//7361 7360//7360
f 7356//7356 7357//7357 7362//7362
f 7356//7356 7362//7362 7361//7361
f 7357//7357 7358//7358 7363//7363
f 7357//7357 7363//7363 7362//7362
f 7358//7358 7359//7359 7364//7364
f 7358//7358 7364//7364 7363//7363
f 7359//7359 7355//7355 7360//7360
f 7359//7359 7360//7360 7364//7364
f 7355//7355 7357//7357 7356//7356
f 7355//7355 7358//7358 7357//7357
f 7355//7355 7359//7359 7358//7358
f 7360//7360 7361//7361 7362//7362
f 7360//7360 7362//7362 7363//7363
f 7360//7360 7363//7363 7364//7364
f 7365//7365 7366//7366 7372//7372
f 7365//7365 7372//7372 7371//7371
f 7366//7366 7367//7367 7373//7373
f 7366//7366 7373//7373 7372//7372
f 7367//7367 7368//7368 7374//7374
f 7367//7367 7374//7374 7373//7373
f 7368//7368 7369//7369 7375//7375
f 7368//7368 7375//7375 7374//7374
f 7369//7369 7370//7370 7376//7376
f 7369//7369 7376//7376 7375//7375
f 7370//7370 7365//7365 7371//7371
f 7370//7370 7371//7371 7376//7376
f 7365//7365 7367//7367 7366//7366
f 7365//7365 7368//7368 7367//7367
f 7365//7365 7369//7369 7368//7368
f 7365//7365 7370//7370 7369//7369
f 7371//7371 7372//7372 7373//7373
f 7371//7371 7373//7373 7374//7374
f 7371//7371 7374//7374 7375//7375
f 7371//7371 7375//7375 7376//7376
f 7377//7377 7378//7378 7383//7383
f 7377//7377 7383//7383 7382//7382
f 7378//7378 7379//7379 7384//7384
f 7378//7378 7384//7384 7383//7383
f 7379//7379 7380//7380 7385//7385
f 7379//7379 7385//7385 7384//7384
f 7380//7380 7381//7381 7386//7386
f 7380//7380 7386//7386 7385//7385
f 7381//7381 7377//7377 7382//7382
f 7381//7381 7382//7382 7386//7386
f 7377//7377 7379//7379 7378//7378
f 7377//7377 7380//7380 7379//7379
f 7377//7377 7381//7381 7380//7380
f 7382//7382 7383//7383 7384//7384
f 7382//7382 7384//7384 7385//7385
f 7382//7382 7385//7385 7386//7386
f 7387//7387 7388//7388 7393//7393
f 7387//7387 7393//7393 7392//7392
f 7388//7388 7389//7389 7394//7394
f 7388//7388 7394//7394 7393//7393
f 7389//7389 7390//7390 7395//7395
f 7389//7389 7395//7395 7394//7394
f 7390//7390 7391//7391 7396//7396
f 7390//7390 7396//7396 7395//7395
f 7391//7391 7387//7387 7392//7392
f 7391//7391 7392//7392 7396//7396
f 7387//7387 7389//7389 7388//7388
f 7387//7387 7390//7390 7389//7389
f 7387//7387 7391//7391 7390//7390
f 7392//7392 7393//7393 7394//7394
f 7392//7392 7394//7394 7395//7395
f 7392//7392 7395//7395 7396//7396
f 7397//7397 7398//7398 7403//7403
f 7397//7397 7403//7403 7402//7402
f 7398//7398 7399//7399 7404//7404
f 7398//7398 7404//7404 7403//7403
f 7399//7399 7400//7400 7405//7405
f 7399//7399 7405//7405 7404//7404
f 7400//7400 7401//7401 7406//7406
f 7400//7400 7406//7406 7405//7405
f 7401//7401 7397//7397 7402//7402
f 7401//7401 7402//7402 7406//7406
f 7397//7397 7399//7399 7398//7398
f 7397//7397 7400//7400 7399//7399
f 7397//7397 7401//7401 7400//7400
f 7402//7402 7403//7403 7404//7404
f 7402//7402 7404//7404 7405//7405
f 7402//7402 7405//7405 7406//7406
f 7407//7407 7408//7408 7413//7413
f 7407//7407 7413//7413 7412//7412
f 7408//7408 7409//7409 7414//7414
f 7408//7408 7414//7414 7413//7413
f 7409//7409 7410//7410 7415//7415
f 7409//7409 7415//7415 7414//7414
f 7410//7410 7411//7411 7416//7416
f 7410//7410 7416//7416 7415//7415
f 7411//7411 7407//7407 7412//7412
f 7411//7411 7412//7412 7416//7416
f 7407//7407 7409//7409 7408//7408
f 7407//7407 7410//7410 7409//7409
f 7407//7407 7411//7411 7410//7410
f 7412//7412 7413//7413 7414//7414
f 7412//7412 7414//7414 7415//7415
f 7412//7412 7415//7415 7416//7416
f 7417//7417 7418//7418 7423//7423
f 7417//7417 7423//7423 7422//7422
f 7418//7418 7419//7419 7424//7424
f 7418//7418 7424//7424 7423//7423
f 7419//7419 7420//7420 7425//7425
f 7419//7419 7425//7425 7424//7424
f 7420//7420 7421//7421 7426//7426
f 7420//7420 7426//7426 7425//7425
f 7421//7421 7417//7417 7422//7422
f 7421//7421 7422//7422 7426//7426
f 7417//7417 7419//7419 7418//7418
f 7417//7417 7420//7420 7419//7419
f 7417//7417 7421//7421 7420//7420
f 7422//7422 7423//7423 7424//7424
f 7422//7422 7424//7424 7425//7425
f 7422//7422 7425//7425 7426//7426
f 7427//7427 7428//7428 7433//7433
f 7427//7427 7433//7433 7432//7432
f 7428//7428 7429//7429 7434//7434
f 7428//7428 7434//7434 7433//7433
f 7429//7429 7430//7430 7435//7435
f 7429//7429 7435//7435 7434//7434
f 7430//7430 7431//7431 7436//7436
f 7430//7430 7436//7436 7435//7435
f 7431//7431 7427//7427 7432//7432
f 7431//7431 7432//7432 7436//7436
f 7427//7427 7429//7429 7428//7428
f 7427//7427 7430//7430 7429//7429
f 7427//7427 7431//7431 7430//7430
f 7432//7432 7433//7433 7434//7434
f 7432//7432 7434//7434 7435//7435
f 7432//7432 7435//7435 7436//7436
f 7437//7437 7438//7438 7443//7443
f 7437//7437 7443//7443 7442//7442
f 7438//7438 7439//7439 7444//7444
f 7438//7438 7444//7444 7443//7443
f 7439//7439 7440//7440 7445//7445
f 7439//7439 7445//7445 7444//7444
f 7440//7440 7441//7441 7446//7446
f 7440//7440 7446//7446 7445//7445
f 7441//7441 7437//7437 7442//7442
f 7441//7441 7442//7442 7446//7446
f 7437//7437 7439//7439 7438//7438
f 7437//7437 7440//7440 7439//7439
f 7437//7437 7441//7441 7440//7440
f 7442//7442 7443//7443 7444//7444
f 7442//7442 7444//7444 7445//7445
f 7442//7442 7445//7445 7446//7446
f 7447//7447 7448//7448 7453//7453
f 7447//7447 7453//7453 7452//7452
f 7448//7448 7449//7449 7454//7454
f 7448//7448 7454//7454 7453//7453
f 7449//7449 7450//7450 7455//7455
f 7449//7449 7455//7455 7454//7454
f 7450//7450 7451//7451 7456//7456
f 7450//7450 7456//7456 7455//7455
f 7451//7451 7447//7447 7452//7452
f 7451//7451 7452//7452 7456//7456
f 7447//7447 7449//7449 7448//7448
f 7447//7447 7450//7450 7449//7449
f 7447//7447 7451//7451 7450//7450
f 7452//7452 7453//7453 7454//7454
f 7452//7452 7454//7454 7455//7455
f 7452//7452 7455//7455 7456//7456
f 7457//7457 7458//7458 7463//7463
f 7457//7457 7463//7463 7462//7462
f 7458//7458 7459//7459 7464//7464
f 7458//7458 7464//7464 7463//7463
f 7459//7459 7460//7460 7465//7465
f 7459//7459 7465//7465 7464//7464
f 7460//7460 7461//7461 7466//7466
f 7460//7460 7466//7466 7465//7465
f 7461//7461 7457//7457 7462//7462
f 7461//7461 7462//7462 7466//7466
f 7457//7457 7459//7459 7458//7458
f 7457//7457 7460//7460 7459//7459
f 7457//7457 7461//7461 7460//7460
f 7462//7462 7463//7463 7464//7464
f 7462//7462 7464//7464 7465//7465
f 7462//7462 7465//7465 7466//7466
f 7467//7467 7468//7468 7474//7474
f 7467//7467 7474//7474 7473//7473
f 7468//7468 7469//7469 7475//7475
f 7468//7468 7475//7475 7474//7474
f 7469//7469 7470//7470 7476//7476
f 7469//7469 7476//7476 7475//7475
f 7470//7470 7471//7471 7477//7477
f 7470//7470 7477//7477 7476//7476
f 7471//7471 7472//7472 7478//7478
f 7471//7471 7478//7478 7477//7477
f 7472//7472 7467//7467 7473//7473
f 7472//7472 7473//7473 7478//7478
f 7467//7467 7469//7469 7468//7468
f 7467//7467 7470//7470 7469//7469
f 7467//7467 7471//7471 7470//7470
f 7467//7467 7472//7472 7471//7471
f 7473//7473 7474//7474 7475//7475
f 7473//7473 7475//7475 7476//7476
f 7473//7473 7476//7476 7477//7477
f 7473//7473 7477//7477 7478//7478
f 7479//7479 7480//7480 7485//7485
f 7479//7479 7485//7485 7484//7484
f 7480//7480 7481//7481 7486//7486
f 7480//7480 7486//7486 7485//7485
f 7481//7481 7482//7482 7487//7487
f 7481//7481 7487//7487 7486//7486
f 7482//7482 7483//7483 7488//7488
f 7482//7482 7488//7488 7487//7487
f 7483//7483 7479//7479 7484//7484
f 7483//7483 7484//7484 7488//7488
f 7479//7479 7481//7481 7480//7480
f 7479//7479 7482//7482 7481//7481
f 7479//7479 7483//7483 7482//7482
f 7484//7484 7485//7485 7486//7486
f 7484//7484 7486//7486 7487//7487
f 7484//7484 7487//7487 7488//7488
f 7489//7489 7490//7490 7495//7495
f 7489//7489 7495//7495 7494//7494
f 7490//7490 7491//7491 7496//7496
f 7490//7490 7496//7496 7495//7495
f 7491//7491 7492//7492 7497//7497
f 7491//7491 7497//7497 7496//7496
f 7492//7492 7493//7493 7498//7498
f 7492//7492 7498//7498 7497//7497
f 7493//7493 7489//7489 7494//7494
f 7493//7493 7494//7494 7498//7498
f 7489//7489 7491//7491 7490//7490
f 7489//7489 7492//7492 7491//7491
f 7489//7489 7493//7493 7492//7492
f 7494//7494 7495//7495 7496//7496
f 7494//7494 7496//7496 7497//7497
f 7494//7494 7497//7497 7498//7498
f 7499//7499 7500//7500 7505//7505
f 7499//7499 7505//7505 7504//7504
f 7500//7500 7501//7501 7506//7506
f 7500//7500 7506//7506 7505//7505
f 7501//7501 7502//7502 7507//7507
f 7501//7501 7507//7507 7506//7506
f 7502//7502 7503//7503 7508//7508
f 7502//7502 7508//7508 7507//7507
f 7503//7503 7499//7499 7504//7504
f 7503//7503 7504//7504 7508//7508
f 7499//7499 7501//7501 7500//7500
f 7499//7499 7502//7502 7501//7501
f 7499//7499 7503//7503 7502//7502
f 7504//7504 7505//7505 7506//7506
f 7504//7504 7506//7506 7507//7507
f 7504//7504 7507//7507 7508//7508
f 7509//7509 7510//7510 7515//7515
f 7509//7509 7515//7515 7514//7514
f 7510//7510 7511//7511 7516//7516
f 7510//7510 7516//7516 7515//7515
f 7511//7511 7512//7512 7517//7517
f 7511//7511 7517//7517 7516//7516
f 7512//7512 7513//7513 7518//7518
f 7512//7512 7518//7518 7517//7517
f 7513//7513 7509//7509 7514//7514
f 7513//7513 7514//7514 7518//7518
f 7509//7509 7511//7511 7510//7510
f 7509//7509 7512//7512 7511//7511
f 7509//7509 7513//7513 7512//7512
f 7514//7514 7515//7515 7516//7516
f 7514//7514 7516//7516 7517//7517
f 7514//7514 7517//7517 7518//7518
f 7519//7519 7520//7520 7525//7525
f 7519//7519 7525//7525 7524//7524
f 7520//7520 7521//7521 7526//7526
f 7520//7520 7526//7526 7525//7525
f 7521//7521 7522//7522 7527//7527
f 7521//7521 7527//7527 7526//7526
f 7522//7522 7523//7523 7528//7528
f 7522//7522 7528//7528 7527//7527
f 7523//7523 7519//7519 7524//7524
f 7523//7523 7524//7524 7528//7528
f 7519//7519 7521//7521 7520//7520
f 7519//7519 7522//7522 7521//7521
f 7519//7519 7523//7523 7522//7522
f 7524//7524 7525//7525 7526//7526
f 7524//7524 7526//7526 7527//7527
f 7524//7524 7527//7527 7528//7528
f 7529//7529 7530//7530 7535//7535
f 7529//7529 7535//7535 7534//7534
f 7530//7530 7531//7531 7536//7536
f 7530//7530 7536//7536 7535//7535
f 7531//7531 7532//7532 7537//7537
f 7531//7531 7537//7537 7536//7536
f 7532//7532 7533//7533 7538//7538
f 7532//7532 7538//7538 7537//7537
f 7533//7533 7529//7529 7534//7534
f 7533//7533 7534//7534 7538//7538
f 7529//7529 7531//7531 7530//7530
f 7529//7529 7532//7532 7531//7531
f 7529//7529 7533//7533 7532//7532
f 7534//7534 7535//7535 7536//7536
f 7534//7534 7536//7536 7537//7537
f 7534//7534 7537//7537 7538//7538
f 7539//7539 7540//7540 7545//7545
f 7539//7539 7545//7545 7544//7544
f 7540//7540 7541//7541 7546//7546
f 7540//7540 7546//7546 7545//7545
f 7541//7541 7542//7542 7547//7547
f 7541//7541 7547//7547 7546//7546
f 7542//7542 7543//7543 7548//7548
f 7542//7542 7548//7548 7547//7547
f 7543//7543 7539//7539 7544//7544
f 7543//7543 7544//7544 7548//7548
f 7539//7539 7541//7541 7540//7540
f 7539//7539 7542//7542 7541//7541
f 7539//7539 7543//7543 7542//7542
f 7544//7544 7545//7545 7546//7546
f 7544//7544 7546//7546 7547//7547
f 7544//7544 7547//7547 7548//7548
f 7549//7549 7550//7550 7555//7555
f 7549//7549 7555//7555 7554//7554
f 7550//7550 7551//7551 7556//7556
f 7550//7550 7556//7556 7555//7555
f 7551//7551 7552//7552 7557//7557
f 7551//7551 7557//7557 7556//7556
f 7552//7552 7553//7553 7558//7558
f 7552//7552 7558//7558 7557//7557
f 7553//7553 7549//7549 7554//7554
f 7553//7553 7554//7554 7558//7558
f 7549//7549 7551//7551 7550//7550
f 7549//7549 7552//7552 7551//7551
f 7549//7549 7553//7553 7552//7552
f 7554//7554 7555//7555 7556//7556
f 7554//7554 7556//7556 7557//7557
f 7554//7554 7557//7557 7558//7558
f 7559//7559 7560//7560 7565//7565
f 7559//7559 7565//7565 7564//7564
f 7560//7560 7561//7561 7566//7566
f 7560//7560 7566//7566 7565//7565
f 7561//7561 7562//7562 7567//7567
f 7561//7561 7567//7567 7566//7566
f 7562//7562 7563//7563 7568//7568
f 7562//7562 7568//7568 7567//7567
f 7563//7563 7559//7559 7564//7564
f 7563//7563 7564//7564 7568//7568
f 7559//7559 7561//7561 7560//7560
f 7559//7559 7562//7562 7561//7561
f 7559//7559 7563//7563 7562//7562
f 7564//7564 7565//7565 7566//7566
f 7564//7564 7566//7566 7567//7567
f 7564//7564 7567//7567 7568//7568
f 7569//7569 7570//7570 7576//7576
f 7569//7569 7576//7576 7575//7575
f 7570//7570 7571//7571 7577//7577
f 7570//7570 7577//7577 7576//7576
f 7571//7571 7572//7572 7578//7578
f 7571//7571 7578//7578 7577//7577
f 7572//7572 7573//7573 7579//7579
f 7572//7572 7579//7579 7578//7578
f 7573//7573 7574//7574 7580//7580
f 7573//7573 7580//7580 7579//7579
f 7574//7574 7569//7569 7575//7575
f 7574//7574 7575//7575 7580//7580
f 7569//7569 7571//7571 7570//7570
f 7569//7569 7572//7572 7571//7571
f 7569//7569 7573//7573 7572//7572
f 7569//7569 7574//7574 7573//7573
f 7575//7575 7576//7576 7577//7577
f 7575//7575 7577//7577 7578//7578
f 7575//7575 7578//7578 7579//7579
f 7575//7575 7579//7579 7580//7580
f 7581//7581 7582//7582 7587//7587
f 7581//7581 7587//7587 7586//7586
f 7582//7582 7583//7583 7588//7588
f 7582//7582 7588//7588 7587//7587
f 7583//7583 7584//7584 7589//7589
f 7583//7583 7589//7589 7588//7588
f 7584//7584 7585//7585 7590//7590
f 7584//7584 7590//7590 7589//7589
f 7585//7585 7581//7581 7586//7586
f 7585//7585 7586//7586 7590//7590
f 7581//7581 7583//7583 7582//7582
f 7581//7581 7584//7584 7583//7583
f 7581//7581 7585//7585 7584//7584
f 7586//7586 7587//7587 7588//7588
f 7586//7586 7588//7588 7589//7589
f 7586//7586 7589//7589 7590//7590
f 7591//7591 7592//7592 7597//7597
f 7591//7591 7597//7597 7596//7596
f 7592//7592 7593//7593 7598//7598
f 7592//7592 7598//7598 7597//7597
f 7593//7593 7594//7594 7599//7599
f 7593//7593 7599//7599 7598//7598
f 7594//7594 7595//7595 7600//7600
f 7594//7594 7600//7600 7599//7599
f 7595//7595 7591//7591 7596//7596
f 7595//7595 7596//7596 7600//7600
f 7591//7591 7593//7593 7592//7592
f 7591//7591 7594//7594 7593//7593
f 7591//7591 7595//7595 7594//7594
f 7596//7596 7597//7597 7598//7598
f 7596//7596 7598//7598 7599//7599
f 7596//7596 7599//7599 7600//7600
f 7601//7601 7602//7602 7607//7607
f 7601//7601 7607//7607 7606//7606
f 7602//7602 7603//7603 7608//7608
f 7602//7602 7608//7608 7607//7607
f 7603//7603 7604//7604 7609//7609
f 7603//7603 7609//7609 7608//7608
f 7604//7604 7605//7605 7610//7610
f 7604//7604 7610//7610 7609//7609
f 7605//7605 7601//7601 7606//7606
f 7605//7605 7606//7606 7610//7610
f 7601//7601 7603//7603 7602//7602
f 7601//7601 7604//7604 7603//7603
f 7601//7601 7605//7605 7604//7604
f 7606//7606 7607//7607 7608//7608
f 7606//7606 7608//7608 7609//7609
f 7606//7606 7609//7609 7610//7610
f 7611//7611 7612//7612 7617//7617
f 7611//7611 7617//7617 7616//7616
f 7612//7612 7613//7613 7618//7618
f 7612//7612 7618//7618 7617//7617
f 7613//7613 7614//7614 7619//7619
f 7613//7613 7619//7619 7618//7618
f 7614//7614 7615//7615 7620//7620
f 7614//7614 7620//7620 7619//7619
f 7615//7615 7611//7611 7616//7616
f 7615//7615 7616//7616 7620//7620
f 7611//7611 7613//7613 7612//7612
f 7611//7611 7614//7614 7613//7613
f 7611//7611 7615//7615 7614//7614
f 7616//7616 7617//7617 7618//7618
f 7616//7616 7618//7618 7619//7619
f 7616//7616 7619//7619 7620//7620
f 7621//7621 7622//7622 7627//7627
f 7621//7621 7627//7627 7626//7626
f 7622//7622 7623//7623 7628//7628
f 7622//7622 7628//7628 7627//7627
f 7623//7623 7624//7624 7629//7629
f 7623//7623 7629//7629 7628//7628
f 7624//7624 7625//7625 7630//7630
f 7624//7624 7630//7630 7629//7629
f 7625//7625 7621//7621 7626//7626
f 7625//7625 7626//7626 7630//7630
f 7621//7621 7623//7623 7622//7622
f 7621//7621 7624//7624 7623//7623
f 7621//7621 7625//7625 7624//7624
f 7626//7626 7627//7627 7628//7628
f 7626//7626 7628//7628 7629//7629
f 7626//7626 7629//7629 7630//7630
f 7631//7631 7632//7632 7637//7637
f 7631//7631 7637//7637 7636//7636
f 7632//7632 7633//7633 7638//7638
f 7632//7632 7638//7638 7637//7637
f 7633//7633 7634//7634 7639//7639
f 7633//7633 7639//7639 7638//7638
f 7634//7634 7635//7635 7640//7640
f 7634//7634 7640//7640 7639//7639
f 7635//7635 7631//7631 7636//7636
f 7635//7635 7636//7636 7640//7640
f 7631//7631 7633//7633 7632//7632
f 7631//7631 7634//7634 7633//7633
f 7631//7631 7635//7635 7634//7634
f 7636//7636 7637//7637 7638//7638
f 7636//7636 7638//7638 7639//7639
f 7636//7636 7639//7639 7640//7640
f 7641//7641 7642//7642 7647//7647
f 7641//7641 7647//7647 7646//7646
f 7642//7642 7643//7643 7648//7648
f 7642//7642 7648//7648 7647//7647
f 7643//7643 7644//7644 7649//7649
f 7643//7643 7649//7649 7648//7648
f 7644//7644 7645//7645 7650//7650
f 7644//7644 7650//7650 7649//7649
f 7645//7645 7641//7641 7646//7646
f 7645//7645 7646//7646 7650//7650
f 7641//7641 7643//7643 7642//7642
f 7641//7641 7644//7644 7643//7643
f 7641//7641 7645//7645 7644//7644
f 7646//7646 7647//7647 7648//7648
f 7646//7646 7648//7648 7649//7649
f 7646//7646 7649//7649 7650//7650
f 7651//7651 7652//7652 7657//7657
f 7651//7651 7657//7657 7656//7656
f 7652//7652 7653//7653 7658//7658
f 7652//7652 7658//7658 7657//7657
f 7653//7653 7654//7654 7659//7659
f 7653//7653 7659//7659 7658//7658
f 7654//7654 7655//7655 7660//7660
f 7654//7654 7660//7660 7659//7659
f 7655//7655 7651//7651 7656//7656
f 7655//7655 7656//7656 7660//7660
f 7651//7651 7653//7653 7652//7652
f 7651//7651 7654//7654 7653//7653
f 7651//7651 7655//7655 7654//7654
f 7656//7656 7657//7657 7658//7658
f 7656//7656 7658//7658 7659//7659
f 7656//7656 7659//7659 7660//7660
f 7661//7661 7662//7662 7667//7667
f 7661//7661 7667//7667 7666//7666
f 7662//7662 7663//7663 7668//7668
f 7662//7662 7668//7668 7667//7667
f 7663//7663 7664//7664 7669//7669
f 7663//7663 7669//7669 7668//7668
f 7664//7664 7665//7665 7670//7670
f 7664//7664 7670//7670 7669//7669
f 7665//7665 7661//7661 7666//7666
f 7665//7665 7666//7666 7670//7670
f 7661//7661 7663//7663 7662//7662
f 7661//7661 7664//7664 7663//7663
f 7661//7661 7665//7665 7664//7664
f 7666//7666 7667//7667 7668//7668
f 7666//7666 7668//7668 7669//7669
f 7666//7666 7669//7669 7670//7670
f 7671//7671 7672//7672 7678//7678
f 7671//7671 7678//7678 7677//7677
f 7672//7672 7673//7673 7679//7679
f 7672//7672 7679//7679 7678//7678
f 7673//7673 7674//7674 7680//7680
f 7673//7673 7680//7680 7679//7679
f 7674//7674 7675//7675 7681//7681
f 7674//7674 7681//7681 7680//7680
f 7675//7675 7676//7676 7682//7682
f 7675//7675 7682//7682 7681//7681
f 7676//7676 7671//7671 7677//7677
f 7676//7676 7677//7677 7682//7682
f 7671//7671 7673//7673 7672//7672
f 7671//7671 7674//7674 7673//7673
f 7671//7671 7675//7675 7674//7674
f 7671//7671 7676//7676 7675//7675
f 7677//7677 7678//7678 7679//7679
f 7677//7677 7679//7679 7680//7680
f 7677//7677 7680//7680 7681//7681
f 7677//7677 7681//7681 7682//7682
f 7683//7683 7684//7684 7689//7689
f 7683//7683 7689//7689 7688//7688
f 7684//7684 7685//7685 7690//7690
f 7684//7684 7690//7690 7689//7689
f 7685//7685 7686//7686 7691//7691
f 7685//7685 7691//7691 7690//7690
f 7686//7686 7687//7687 7692//7692
f 7686//7686 7692//7692 7691//7691
f 7687//7687 7683//7683 7688//7688
f 7687//7687 7688//7688 7692//7692
f 7683//7683 7685//7685 7684//7684
f 7683//7683 7686//7686 7685//7685
f 7683//7683 7687//7687 7686//7686
f 7688//7688 7689//7689 7690//7690
f 7688//7688 7690//7690 7691//7691
f 7688//7688 7691//7691 7692//7692
f 7693//7693 7694//7694 7699//7699
f 7693//7693 7699//7699 7698//7698
f 7694//7694 7695//7695 7700//7700
f 7694//7694 7700//7700 7699//7699
f 7695//7695 7696//7696 7701//7701
f 7695//7695 7701//7701 7700//7700
f 7696//7696 7697//7697 7702//7702
f 7696//7696 7702//7702 7701//7701
f 7697//7697 7693//7693 7698//7698
f 7697//7697 7698//7698 7702//7702
f 7693//7693 7695//7695 7694//7694
f 7693//7693 7696//7696 7695//7695
f 7693//7693 7697//7697 7696//7696
f 7698//7698 7699//7699 7700//7700
f 7698//7698 7700//7700 7701//7701
f 7698//7698 7701//7701 7702//7702
f 7703//7703 7704//7704 7709//7709
f 7703//7703 7709//7709 7708//7708
f 7704//7704 7705//7705 7710//7710
f 7704//7704 7710//7710 7709//7709
f 7705//7705 7706//7706 7711//7711
f 7705//7705 7711//7711 7710//7710
f 7706//7706 7707//7707 7712//7712
f 7706//7706 7712//7712 7711//7711
f 7707//7707 7703//7703 7708//7708
f 7707//7707 7708//7708 7712//7712
f 7703//7703 7705//7705 7704//7704
f 7703//7703 7706//7706 7705//7705
f 7703//7703 7707//7707 7706//7706
f 7708//7708 7709//7709 7710//7710
f 7708//7708 7710//7710 7711//7711
f 7708//7708 7711//7711 7712//7712
f 7713//7713 7714//7714 7719//7719
f 7713//7713 7719//7719 7718//7718
f 7714//7714 7715//7715 7720//7720
f 7714//7714 7720//7720 7719//7719
f 7715//7715 7716//7716 7721//7721
f 7715//7715 7721//7721 7720//7720
f 7716//7716 7717//7717 7722//7722
f 7716//7716 7722//7722 7721//7721
f 7717//7717 7713//7713 7718//7718
f 7717//7717 7718//7718 7722//7722
f 7713//7713 7715//7715 7714//7714
f 7713//7713 7716//7716 7715//7715
f 7713//7713 7717//7717 7716//7716
f 7718//7718 7719//7719 7720//7720
f 7718//7718 7720//7720 7721//7721
f 7718//7718 7721//7721 7722//7722
f 7723//7723 7724//7724 7729//7729
f 7723//7723 7729//7729 7728//7728
f 7724//7724 7725//7725 7730//7730
f 7724//7724 7730//7730 7729//7729
f 7725//7725 7726//7726 7731//7731
f 7725//7725 7731//7731 7730//7730
f 7726//7726 7727//7727 7732//7732
f 7726//7726 7732//7732 7731//7731
f 7727//7727 7723//7723 7728//7728
f 7727//7727 7728//7728 7732//7732
f 7723//7723 7725//7725 7724//7724
f 7723//7723 7726//7726 7725//7725
f 7723//7723 7727//7727 7726//7726
f 7728//7728 7729//7729 7730//7730
f 7728//7728 7730//7730 7731//7731
f 7728//7728 7731//7731 7732//7732
f 7733//7733 7734//7734 7739//7739
f 7733//7733 7739//7739 7738//7738
f 7734//7734 7735//7735 7740//7740
f 7734//7734 7740//7740 7739//7739
f 7735//7735 7736//7736 7741//7741
f 7735//7735 7741//7741 7740//7740
f 7736//7736 7737//7737 7742//7742
f 7736//7736 7742//7742 7741//7741
f 7737//7737 7733//7733 7738//7738
f 7737//7737 7738//7738 7742//7742
f 7733//7733 7735//7735 7734//7734
f 7733//7733 7736//7736 7735//7735
f 7733//7733 7737//7737 7736//7736
f 7738//7738 7739//7739 7740//7740
f 7738//7738 7740//7740 7741//7741
f 7738//7738 7741//7741 7742//7742
f 7743//7743 7744//7744 7749//7749
f 7743//7743 7749//7749 7748//7748
f 7744//7744 7745//7745 7750//7750
f 7744//7744 7750//7750 7749//7749
f 7745//7745 7746//7746 7751//7751
f 7745//7745 7751//7751 7750//7750
f 7746//7746 7747//7747 7752//7752
f 7746//7746 7752//7752 7751//7751
f 7747//7747 7743//7743 7748//7748
f 7747//7747 7748//7748 7752//7752
f 7743//7743 7745//7745 7744//7744
f 7743//7743 7746//7746 7745//7745
f 7743//7743 7747//7747 7746//7746
f 7748//7748 7749//7749 7750//7750
f 7748//7748 7750//7750 7751//7751
f 7748//7748 7751//7751 7752//7752
f 7753//7753 7754//7754 7759//7759
f 7753//7753 7759//7759 7758//7758
f 7754//7754 7755//7755 7760//7760
f 7754//7754 7760//7760 7759//7759
f 7755//7755 7756//7756 7761//7761
f 7755//7755 7761//7761 7760//7760
f 7756//7756 7757//7757 7762//7762
f 7756//7756 7762//7762 7761//7761
f 7757//7757 7753//7753 7758//7758
f 7757//7757 7758//7758 7762//7762
f 7753//7753 7755//7755 7754//7754
f 7753//7753 7756//7756 7755//7755
f 7753//7753 7757//7757 7756//7756
f 7758//7758 7759//7759 7760//7760
f 7758//7758 7760//7760 7761//7761
f 7758//7758 7761//7761 7762//7762
f 7763//7763 7764//7764 7769//7769
f 7763//7763 7769//7769 7768//7768
f 7764//7764 7765//7765 7770//7770
f 7764//7764 7770//7770 7769//7769
f 7765//7765 7766//7766 7771//7771
f 7765//7765 7771//7771 7770//7770
f 7766//7766 7767//7767 7772//7772
f 7766//7766 7772//7772 7771//7771
f 7767//7767 7763//7763 7768//7768
f 7767//7767 7768//7768 7772//7772
f 7763//7763 7765//7765 7764//7764
f 7763//7763 7766//7766 7765//7765
f 7763//7763 7767//7767 7766//7766
f 7768//7768 7769//7769 7770//7770
f 7768//7768 7770//7770 7771//7771
f 7768//7768 7771//7771 7772//7772
f 7773//7773 7774//7774 7780//7780
f 7773//7773 7780//7780 7779//7779
f 7774//7774 7775//7775 7781//7781
f 7774//7774 7781//7781 7780//7780
f 7775//7775 7776//7776 7782//7782
f 7775//7775 7782//7782 7781//7781
f 7776//7776 7777//7777 7783//7783
f 7776//7776 7783//7783 7782//7782
f 7777//7777 7778//7778 7784//7784
f 7777//7777 7784//7784 7783//7783
f 7778//7778 7773//7773 7779//7779
f 7778//7778 7779//7779 7784//7784
f 7773//7773 7775//7775 7774//7774
f 7773//7773 7776//7776 7775//7775
f 7773//7773 7777//7777 7776//7776
f 7773//7773 7778//7778 7777//7777
f 7779//7779 7780//7780 7781//7781
f 7779//7779 7781//7781 7782//7782
f 7779//7779 7782//7782 7783//7783
f 7779//7779 7783//7783 7784//7784
f 7785//7785 7786//7786 7791//7791
f 7785//7785 7791//7791 7790//7790
f 7786//7786 7787//7787 7792//7792
f 7786//7786 7792//7792 7791//7791
f 7787//7787 7788//7788 7793//7793
f 7787//7787 7793//7793 7792//7792
f 7788//7788 7789//7789 7794//7794
f 7788//7788 7794//7794 7793//7793
f 7789//7789 7785//7785 7790//7790
f 7789//7789 7790//7790 7794//7794
f 7785//7785 7787//7787 7786//7786
f 7785//7785 7788//7788 7787//7787
f 7785//7785 7789//7789 7788//7788
f 7790//7790 7791//7791 7792//7792
f 7790//7790 7792//7792 7793//7793
f 7790//7790 7793//7793 7794//7794
f 7795//7795 7796//7796 7801//7801
f 7795//7795 7801//7801 7800//7800
f 7796//7796 7797//7797 7802//7802
f 7796//7796 7802//7802 7801//7801
f 7797//7797 7798//7798 7803//7803
f 7797//7797 7803//7803 7802//7802
f 7798//7798 7799//7799 7804//7804
f 7798//7798 7804//7804 7803//7803
f 7799//7799 7795//7795 7800//7800
f 7799//7799 7800//7800 7804//7804
f 7795//7795 7797//7797 7796//7796
f 7795//7795 7798//7798 7797//7797
f 7795//7795 7799//7799 7798//7798
f 7800//7800 7801//7801 7802//7802
f 7800//7800 7802//7802 7803//7803
f 7800//7800 7803//7803 7804//7804
f 7805//7805 7806//7806 7811//7811
f 7805//7805 7811//7811 7810//7810
f 7806//7806 7807//7807 7812//7812
f 7806//7806 7812//7812 7811//7811
f 7807//7807 7808//7808 7813//7813
f 7807//7807 7813//7813 7812//7812
f 7808//7808 7809//7809 7814//7814
f 7808//7808 7814//7814 7813//7813
f 7809//7809 7805//7805 7810//7810
f 7809//7809 7810//7810 7814//7814
f 7805//7805 7807//7807 7806//7806
f 7805//7805 7808//7808 7807//7807
f 7805//7805 7809//7809 7808//7808
f 7810//7810 7811//7811 7812//7812
f 7810//7810 7812//7812 7813//7813
f 7810//7810 7813//7813 7814//7814
f 7815//7815 7816//7816 7821//7821
f 7815//7815 7821//7821 7820//7820
f 7816//7816 7817//7817 7822//7822
f 7816//7816 7822//7822 7821//7821
f 7817//7817 7818//7818 7823//7823
f 7817//7817 7823//7823 7822//7822
f 7818//7818 7819//7819 7824//7824
f 7818//7818 7824//7824 7823//7823
f 7819//7819 7815//7815 7820//7820
f 7819//7819 7820//7820 7824//7824
f 7815//7815 7817//7817 7816//7816
f 7815//7815 7818//7818 7817//7817
f 7815//7815 7819//7819 7818//7818
f 7820//7820 7821//7821 7822//7822
f 7820//7820 7822//7822 7823//7823
f 7820//7820 7823//7823 7824//7824
f 7825//7825 7826//7826 7831//7831
f 7825//7825 7831//7831 7830//7830
f 7826//7826 7827//7827 7832//7832
f 7826//7826 7832//7832 7831//7831
f 7827//7827 7828//7828 7833//7833
f 7827//7827 7833//7833 7832//7832
f 7828//7828 7829//7829 7834//7834
f 7828//7828 7834//7834 7833//7833
f 7829//7829 7825//7825 7830//7830
f 7829//7829 7830//7830 7834//7834
f 7825//7825 7827//7827 7826//7826
f 7825//7825 7828//7828 7827//7827
f 7825//7825 7829//7829 7828//7828
f 7830//7830 7831//7831 7832//7832
f 7830//7830 7832//7832 7833//7833
f 7830//7830 7833//7833 7834//7834
f 7835//7835 7836//7836 7841//7841
f 7835//7835 7841//7841 7840//7840
f 7836//7836 7837//7837 7842//7842
f 7836//7836 7842//7842 7841//7841
f 7837//7837 7838//7838 7843//7843
f 7837//7837 7843//7843 7842//7842
f 7838//7838 7839//7839 7844//7844
f 7838//7838 7844//7844 7843//7843
f 7839//7839 7835//7835 7840//7840
f 7839//7839 7840//7840 7844//7844
f 7835//7835 7837//7837 7836//7836
f 7835//7835 7838//7838 7837//7837
f 7835//7835 7839//7839 7838//7838
f 7840//7840 7841//7841 7842//7842
f 7840//7840 7842//7842 7843//7843
f 7840//7840 7843//7843 7844//7844
f 7845//7845 7846//7846 7851//7851
f 7845//7845 7851//7851 7850//7850
f 7846//7846 7847//7847 7852//7852
f 7846//7846 7852//7852 7851//7851
f 7847//7847 7848//7848 7853//7853
f 7847//7847 7853//7853 7852//7852
f 7848//7848 7849//7849 7854//7854
f 7848//7848 7854//7854 7853//7853
f 7849//7849 7845//7845 7850//7850
f 7849//7849 7850//7850 7854//7854
f 7845//7845 7847//7847 7846//7846
f 7845//7845 7848//7848 7847//7847
f 7845//7845 7849//7849 7848//7848
f 7850//7850 7851//7851 7852//7852
f 7850//7850 7852//7852 7853//7853
f 7850//7850 7853//7853 7854//7854
f 7855//7855 7856//7856 7861//7861
f 7855//7855 7861//7861 7860//7860
f 7856//7856 7857//7857 7862//7862
f 7856//7856 7862//7862 7861//7861
f 7857//7857 7858//7858 7863//7863
f 7857//7857 7863//7863 7862//7862
f 7858//7858 7859//7859 7864//7864
f 7858//7858 7864//7864 7863//7863
f 7859//7859 7855//7855 7860//7860
f 7859//7859 7860//7860 7864//7864
f 7855//7855 7857//7857 7856//7856
f 7855//7855 7858//7858 7857//7857
f 7855//7855 7859//7859 7858//7858
f 7860//7860 7861//7861 7862//7862
f 7860//7860 7862//7862 7863//7863
f 7860//7860 7863//7863 7864//7864
f 7865//7865 7866//7866 7871//7871
f 7865//7865 7871//7871 7870//7870
f 7866//7866 7867//7867 7872//7872
f 7866//7866 7872//7872 7871//7871
f 7867//7867 7868//7868 7873//7873
f 7867//7867 7873//7873 7872//7872
f 7868//7868 7869//7869 7874//7874
f 7868//7868 7874//7874 7873//7873
f 7869//7869 7865//7865 7870//7870
f 7869//7869 7870//7870 7874//7874
f 7865//7865 7867//7867 7866//7866
f 7865//7865 7868//7868 7867//7867
f 7865//7865 7869//7869 7868//7868
f 7870//7870 7871//7871 7872//7872
f 7870//7870 7872//7872 7873//7873
f 7870//7870 7873//7873 7874//7874
f 7875//7875 7876//7876 7882//7882
f 7875//7875 7882//7882 7881//7881
f 7876//7876 7877//7877 7883//7883
f 7876//7876 7883//7883 7882//7882
f 7877//7877 7878//7878 7884//7884
f 7877//7877 7884//7884 7883//7883
f 7878//7878 7879//7879 7885//7885
f 7878//7878 7885//7885 7884//7884
f 7879//7879 7880//7880 7886//7886
f 7879//7879 7886//7886 7885//7885
f 7880//7880 7875//7875 7881//7881
f 7880//7880 7881//7881 7886//7886
f 7875//7875 7877//7877 7876//7876
f 7875//7875 7878//7878 7877//7877
f 7875//7875 7879//7879 7878//7878
f 7875//7875 7880//7880 7879//7879
f 7881//7881 7882//7882 7883//7883
f 7881//7881 7883//7883 7884//7884
f 7881//7881 7884//7884 7885//7885
f 7881//7881 7885//7885 7886//7886
f 7887//7887 7888//7888 7893//7893
f 7887//7887 7893//7893 7892//7892
f 7888//7888 7889//7889 7894//7894
f 7888//7888 7894//7894 7893//7893
f 7889//7889 7890//7890 7895//7895
f 7889//7889 7895//7895 7894//7894
f 7890//7890 7891//7891 7896//7896
f 7890//7890 7896//7896 7895//7895
f 7891//7891 7887//7887 7892//7892
f 7891//7891 7892//7892 7896//7896
f 7887//7887 7889//7889 7888//7888
f 7887//7887 7890//7890 7889//7889
f 7887//7887 7891//7891 7890//7890
f 7892//7892 7893//7893 7894//7894
f 7892//7892 7894//7894 7895//7895
f 7892//7892 7895//7895 7896//7896
f 7897//7897 7898//7898 7903//7903
f 7897//7897 7903//7903 7902//7902
f 7898//7898 7899//7899 7904//7904
f 7898//7898 7904//7904 7903//7903
f 7899//7899 7900//7900 7905//7905
f 7899//7899 7905//7905 7904//7904
f 7900//7900 7901//7901 7906//7906
f 7900//7900 7906//7906 7905//7905
f 7901//7901 7897//7897 7902//7902
f 7901//7901 7902//7902 7906//7906
f 7897//7897 7899//7899 7898//7898
f 7897//7897 7900//7900 7899//7899
f 7897//7897 7901//7901 7900//7900
f 7902//7902 7903//7903 7904//7904
f 7902//7902 7904//7904 7905//7905
f 7902//7902 7905//7905 7906//7906
f 7907//7907 7908//7908 7913//7913
f 7907//7907 7913//7913 7912//7912
f 7908//7908 7909//7909 7914//7914
f 7908//7908 7914//7914 7913//7913
f 7909//7909 7910//7910 7915//7915
f 7909//7909 7915//7915 7914//7914
f 7910//7910 7911//7911 7916//7916
f 7910//7910 7916//7916 7915//7915
f 7911//7911 7907//7907 7912//7912
f 7911//7911 7912//7912 7916//7916
f 7907//7907 7909//7909 7908//7908
f 7907//7907 7910//7910 7909//7909
f 7907//7907 7911//7911 7910//7910
f 7912//7912 7913//7913 7914//7914
f 7912//7912 7914//7914 7915//7915
f 7912//7912 7915//7915 7916//7916
f 7917//7917 7918//7918 7923//7923
f 7917//7917 7923//7923 7922//7922
f 7918//7918 7919//7919 7924//7924
f 7918//7918 7924//7924 7923//7923
f 7919//7919 7920//7920 7925//7925
f 7919//7919 7925//7925 7924//7924
f 7920//7920 7921//7921 7926//7926
f 7920//7920 7926//7926 7925//7925
f 7921//7921 7917//7917 7922//7922
f 7921//7921 7922//7922 7926//7926
f 7917//7917 7919//7919 7918//7918
f 7917//7917 7920//7920 7919//7919
f 7917//7917 7921//7921 7920//7920
f 7922//7922 7923//7923 7924//7924
f 7922//7922 7924//7924 7925//7925
f 7922//7922 7925//7925 7926//7926
f 7927//7927 7928//7928 7933//7933
f 7927//7927 7933//7933 7932//7932
f 7928//7928 7929//7929 7934//7934
f 7928//7928 7934//7934 7933//7933
f 7929//7929 7930//7930 7935//7935
f 7929//7929 7935//7935 7934//7934
f 7930//7930 7931//7931 7936//7936
f 7930//7930 7936//7936 7935//7935
f 7931//7931 7927//7927 7932//7932
f 7931//7931 7932//7932 7936//7936
f 7927//7927 7929//7929 7928//7928
f 7927//7927 7930//7930 7929//7929
f 7927//7927 7931//7931 7930//7930
f 7932//7932 7933//7933 7934//7934
f 7932//7932 7934//7934 7935//7935
f 7932//7932 7935//7935 7936//7936
f 7937//7937 7938//7938 7943//7943
f 7937//7937 7943//7943 7942//7942
f 7938//7938 7939//7939 7944//7944
f 7938//7938 7944//7944 7943//7943
f 7939//7939 7940//7940 7945//7945
f 7939//7939 7945//7945 7944//7944
f 7940//7940 7941//7941 7946//7946
f 7940//7940 7946//7946 7945//7945
f 7941//7941 7937//7937 7942//7942
f 7941//7941 7942//7942 7946//7946
f 7937//7937 7939//7939 7938//7938
f 7937//7937 7940//7940 7939//7939
f 7937//7937 7941//7941 7940//7940
f 7942//7942 7943//7943 7944//7944
f 7942//7942 7944//7944 7945//7945
f 7942//7942 7945//7945 7946//7946
f 7947//7947 7948//7948 7953//7953
f 7947//7947 7953//7953 7952//7952
f 7948//7948 7949//7949 7954//7954
f 7948//7948 7954//7954 7953//7953
f 7949//7949 7950//7950 7955//7955
f 7949//7949 7955//7955 7954//7954
f 7950//7950 7951//7951 7956//7956
f 7950//7950 7956//7956 7955//7955
f 7951//7951 7947//7947 7952//7952
f 7951//7951 7952//7952 7956//7956
f 7947//7947 7949//7949 7948//7948
f 7947//7947 7950//7950 7949//7949
f 7947//7947 7951//7951 7950//7950
f 7952//7952 7953//7953 7954//7954
f 7952//7952 7954//7954 7955//7955
f 7952//7952 7955//7955 7956//7956
f 7957//7957 7958//7958 7963//7963
f 7957//7957 7963//7963 7962//7962
f 7958//7958 7959//7959 7964//7964
f 7958//7958 7964//7964 7963//7963
f 7959//7959 7960//7960 7965//7965
f 7959//7959 7965//7965 7964//7964
f 7960//7960 7961//7961 7966//7966
f 7960//7960 7966//7966 7965//7965
f 7961//7961 7957//7957 7962//7962
f 7961//7961 7962//7962 7966//7966
f 7957//7957 7959//7959 7958//7958
f 7957//7957 7960//7960 7959//7959
f 7957//7957 7961//7961 7960//7960
f 7962//7962 7963//7963 7964//7964
f 7962//7962 7964//7964 7965//7965
f 7962//7962 7965//7965 7966//7966
f 7967//7967 7968//7968 7973//7973
f 7967//7967 7973//7973 7972//7972
f 7968//7968 7969//7969 7974//7974
f 7968//7968 7974//7974 7973//7973
f 7969//7969 7970//7970 7975//7975
f 7969//7969 7975//7975 7974//7974
f 7970//7970 7971//7971 7976//7976
f 7970//7970 7976//7976 7975//7975
f 7971//7971 7967//7967 7972//7972
f 7971//7971 7972//7972 7976//7976
f 7967//7967 7969//7969 7968//7968
f 7967//7967 7970//7970 7969//7969
f 7967//7967 7971//7971 7970//7970
f 7972//7972 7973//7973 7974//7974
f 7972//7972 7974//7974 7975//7975
f 7972//7972 7975//7975 7976//7976
f 7977//7977 7978//7978 7984//7984
f 7977//7977 7984//7984 7983//7983
f 7978//7978 7979//7979 7985//7985
f 7978//7978 7985//7985 7984//7984
f 7979//7979 7980//7980 7986//7986
f 7979//7979 7986//7986 7985//7985
f 7980//7980 7981//7981 7987//7987
f 7980//7980 7987//7987 7986//7986
f 7981//7981 7982//7982 7988//7988
f 7981//7981 7988//7988 7987//7987
f 7982//7982 7977//7977 7983//7983
f 7982//7982 7983//7983 7988//7988
f 7977//7977 7979//7979 7978//7978
f 7977//7977 7980//7980 7979//7979
f 7977//7977 7981//7981 7980//7980
f 7977//7977 7982//7982 7981//7981
f 7983//7983 7984//7984 7985//7985
f 7983//7983 7985//7985 7986//7986
f 7983//7983 7986//7986 7987//7987
f 7983//7983 7987//7987 7988//7988
f 7989//7989 7990//7990 7995//7995
f 7989//7989 7995//7995 7994//7994
f 7990//7990 7991//7991 7996//7996
f 7990//7990 7996//7996 7995//7995
f 7991//7991 7992//7992 7997//7997
f 7991//7991 7997//7997 7996//7996
f 7992//7992 7993//7993 7998//7998
f 7992//7992 7998//7998 7997//7997
f 7993//7993 7989//7989 7994//7994
f 7993//7993 7994//7994 7998//7998
f 7989//7989 7991//7991 7990//7990
f 7989//7989 7992//7992 7991//7991
f 7989//7989 7993//7993 7992//7992
f 7994//7994 7995//7995 7996//7996
f 7994//7994 7996//7996 7997//7997
f 7994//7994 7997//7997 7998//7998
f 7999//7999 8000//8000 8005//8005
f 7999//7999 8005//8005 8004//8004
f 8000//8000 8001//8001 8006//8006
f 8000//8000 8006//8006 8005//8005
f 8001//8001 8002//8002 8007//8007
f 8001//8001 8007//8007 8006//8006
f 8002//8002 8003//8003 8008//8008
f 8002//8002 8008//8008 8007//8007
f 8003//8003 7999//7999 8004//8004
f 8003//8003 8004//8004 8008//8008
f 7999//7999 8001//8001 8000//8000
f 7999//7999 8002//8002 8001//8001
f 7999//7999 8003//8003 8002//8002
f 8004//8004 8005//8005 8006//8006
f 8004//8004 8006//8006 8007//8007
f 8004//8004 8007//8007 8008//8008
f 8009//8009 8010//8010 8015//8015
f 8009//8009 8015//8015 8014//8014
f 8010//8010 8011//8011 8016//8016
f 8010//8010 8016//8016 8015//8015
f 8011//8011 8012//8012 8017//8017
f 8011//8011 8017//8017 8016//8016
f 8012//8012 8013//8013 8018//8018
f 8012//8012 8018//8018 8017//8017
f 8013//8013 8009//8009 8014//8014
f 8013//8013 8014//8014 8018//8018
f 8009//8009 8011//8011 8010//8010
f 8009//8009 8012//8012 8011//8011
f 8009//8009 8013//8013 8012//8012
f 8014//8014 8015//8015 8016//8016
f 8014//8014 8016//8016 8017//8017
f 8014//8014 8017//8017 8018//8018
f 8019//8019 8020//8020 8025//8025
f 8019//8019 8025//8025 8024//8024
f 8020//8020 8021//8021 8026//8026
f 8020//8020 8026//8026 8025//8025
f 8021//8021 8022//8022 8027//8027
f 8021//8021 8027//8027 8026//8026
f 8022//8022 8023//8023 8028//8028
f 8022//8022 8028//8028 8027//8027
f 8023//8023 8019//8019 8024//8024
f 8023//8023 8024//8024 8028//8028
f 8019//8019 8021//8021 8020//8020
f 8019//8019 8022//8022 8021//8021
f 8019//8019 8023//8023 8022//8022
f 8024//8024 8025//8025 8026//8026
f 8024//8024 8026//8026 8027//8027
f 8024//8024 8027//8027 8028//8028
f 8029//8029 8030//8030 8035//8035
f 8029//8029 8035//8035 8034//8034
f 8030//8030 8031//8031 8036//8036
f 8030//8030 8036//8036 8035//8035
f 8031//8031 8032//8032 8037//8037
f 8031//8031 8037//8037 8036//8036
f 8032//8032 8033//8033 8038//8038
f 8032//8032 8038//8038 8037//8037
f 8033//8033 8029//8029 8034//8034
f 8033//8033 8034//8034 8038//8038
f 8029//8029 8031//8031 8030//8030
f 8029//8029 8032//8032 8031//8031
f 8029//8029 8033//8033 8032//8032
f 8034//8034 8035//8035 8036//8036
f 8034//8034 8036//8036 8037//8037
f 8034//8034 8037//8037 8038//8038
f 8039//8039 8040//8040 8045//8045
f 8039//8039 8045//8045 8044//8044
f 8040//8040 8041//8041 8046//8046
f 8040//8040 8046//8046 8045//8045
f 8041//8041 8042//8042 8047//8047
f 8041//8041 8047//8047 8046//8046
f 8042//8042 8043//8043 8048//8048
f 8042//8042 8048//8048 8047//8047
f 8043//8043 8039//8039 8044//8044
f 8043//8043 8044//8044 8048//8048
f 8039//8039 8041//8041 8040//8040
f 8039//8039 8042//8042 8041//8041
f 8039//8039 8043//8043 8042//8042
f 8044//8044 8045//8045 8046//8046
f 8044//8044 8046//8046 8047//8047
f 8044//8044 8047//8047 8048//8048
f 8049//8049 8050//8050 8055//8055
f 8049//8049 8055//8055 8054//8054
f 8050//8050 8051//8051 8056//8056
f 8050//8050 8056//8056 8055//8055
f 8051//8051 8052//8052 8057//8057
f 8051//8051 8057//8057 8056//8056
f 8052//8052 8053//8053 8058//8058
f 8052//8052 8058//8058 8057//8057
f 8053//8053 8049//8049 8054//8054
f 8053//8053 8054//8054 8058//8058
f 8049//8049 8051//8051 8050//8050
f 8049//8049 8052//8052 8051//8051
f 8049//8049 8053//8053 8052//8052
f 8054//8054 8055//8055 8056//8056
f 8054//8054 8056//8056 8057//8057
f 8054//8054 8057//8057 8058//8058
f 8059//8059 8060//8060 8065//8065
f 8059//8059 8065//8065 8064//8064
f 8060//8060 8061//8061 8066//8066
f 8060//8060 8066//8066 8065//8065
f 8061//8061 8062//8062 8067//8067
f 8061//8061 8067//8067 8066//8066
f 8062//8062 8063//8063 8068//8068
f 8062//8062 8068//8068 8067//8067
f 8063//8063 8059//8059 8064//8064
f 8063//8063 8064//8064 8068//8068
f 8059//8059 8061//8061 8060//8060
f 8059//8059 8062//8062 8061//8061
f 8059//8059 8063//8063 8062//8062
f 8064//8064 8065//8065 8066//8066
f 8064//8064 8066//8066 8067//8067
f 8064//8064 8067//8067 8068//8068
f 8069//8069 8070//8070 8075//8075
f 8069//8069 8075//8075 8074//8074
f 8070//8070 8071//8071 8076//8076
f 8070//8070 8076//8076 8075//8075
f 8071//8071 8072//8072 8077//8077
f 8071//8071 8077//8077 8076//8076
f 8072//8072 8073//8073 8078//8078
f 8072//8072 8078//8078 8077//8077
f 8073//8073 8069//8069 8074//8074
f 8073//8073 8074//8074 8078//8078
f 8069//8069 8071//8071 8070//8070
f 8069//8069 8072//8072 8071//8071
f 8069//8069 8073//8073 8072//8072
f 8074//8074 8075//8075 8076//8076
f 8074//8074 8076//8076 8077//8077
f 8074//8074 8077//8077 8078//8078
f 8079//8079 8080//8080 8086//8086
f 8079//8079 8086//8086 8085//8085
f 8080//8080 8081//8081 8087//8087
f 8080//8080 8087//8087 8086//8086
f 8081//8081 8082//8082 8088//8088
f 8081//8081 8088//8088 8087//8087
f 8082//8082 8083//8083 8089//8089
f 8082//8082 8089//8089 8088//8088
f 8083//8083 8084//8084 8090//8090
f 8083//8083 8090//8090 8089//8089
f 8084//8084 8079//8079 8085//8085
f 8084//8084 8085//8085 8090//8090
f 8079//8079 8081//8081 8080//8080
f 8079//8079 8082//8082 8081//8081
f 8079//8079 8083//8083 8082//8082
f 8079//8079 8084//8084 8083//8083
f 8085//8085 8086//8086 8087//8087
f 8085//8085 8087//8087 8088//8088
f 8085//8085 8088//8088 8089//8089
f 8085//8085 8089//8089 8090//8090
f 8091//8091 8092//8092 8097//8097
f 8091//8091 8097//8097 8096//8096
f 8092//8092 8093//8093 8098//8098
f 8092//8092 8098//8098 8097//8097
f 8093//8093 8094//8094 8099//8099
f 8093//8093 8099//8099 8098//8098
f 8094//8094 8095//8095 8100//8100
f 8094//8094 8100//8100 8099//8099
f 8095//8095 8091//8091 8096//8096
f 8095//8095 8096//8096 8100//8100
f 8091//8091 8093//8093 8092//8092
f 8091//8091 8094//8094 8093//8093
f 8091//8091 8095//8095 8094//8094
f 8096//8096 8097//8097 8098//8098
f 8096//8096 8098//8098 8099//8099
f 8096//8096 8099//8099 8100//8100
f 8101//8101 8102//8102 8107//8107
f 8101//8101 8107//8107 8106//8106
f 8102//8102 8103//8103 8108//8108
f 8102//8102 8108//8108 8107//8107
f 8103//8103 8104//8104 8109//8109
f 8103//8103 8109//8109 8108//8108
f 8104//8104 8105//8105 8110//8110
f 8104//8104 8110//8110 8109//8109
f 8105//8105 8101//8101 8106//8106
f 8105//8105 8106//8106 8110//8110
f 8101//8101 8103//8103 8102//8102
f 8101//8101 8104//8104 8103//8103
f 8101//8101 8105//8105 8104//8104
f 8106//8106 8107//8107 8108//8108
f 8106//8106 8108//8108 8109//8109
f 8106//8106 8109//8109 8110//8110
f 8111//8111 8112//8112 8117//8117
f 8111//8111 8117//8117 8116//8116
f 8112//8112 8113//8113 8118//8118
f 8112//8112 8118//8118 8117//8117
f 8113//8113 8114//8114 8119//8119
f 8113//8113 8119//8119 8118//8118
f 8114//8114 8115//8115 8120//8120
f 8114//8114 8120//8120 8119//8119
f 8115//8115 8111//8111 8116//8116
f 8115//8115 8116//8116 8120//8120
f 8111//8111 8113//8113 8112//8112
f 8111//8111 8114//8114 8113//8113
f 8111//8111 8115//8115 8114//8114
f 8116//8116 8117//8117 8118//8118
f 8116//8116 8118//8118 8119//8119
f 8116//8116 8119//8119 8120//8120
f 8121//8121 8122//8122 8127//8127
f 8121//8121 8127//8127 8126//8126
f 8122//8122 8123//8123 8128//8128
f 8122//8122 8128//8128 8127//8127
f 8123//8123 8124//8124 8129//8129
f 8123//8123 8129//8129 8128//8128
f 8124//8124 8125//8125 8130//8130
f 8124//8124 8130//8130 8129//8129
f 8125//8125 8121//8121 8126//8126
f 8125//8125 8126//8126 8130//8130
f 8121//8121 8123//8123 8122//8122
f 8121//8121 8124//8124 8123//8123
f 8121//8121 8125//8125 8124//8124
f 8126//8126 8127//8127 8128//8128
f 8126//8126 8128//8128 8129//8129
f 8126//8126 8129//8129 8130//8130
f 8131//8131 8132//8132 8137//8137
f 8131//8131 8137//8137 8136//8136
f 8132//8132 8133//8133 8138//8138
f 8132//8132 8138//8138 8137//8137
f 8133//8133 8134//8134 8139//8139
f 8133//8133 8139//8139 8138//8138
f 8134//8134 8135//8135 8140//8140
f 8134//8134 8140//8140 8139//8139
f 8135//8135 8131//8131 8136//8136
f 8135//8135 8136//8136 8140//8140
f 8131//8131 8133//8133 8132//8132
f 8131//8131 8134//8134 8133//8133
f 8131//8131 8135//8135 8134//8134
f 8136//8136 8137//8137 8138//8138
f 8136//8136 8138//8138 8139//8139
f 8136//8136 8139//8139 8140//8140
f 8141//8141 8142//8142 8147//8147
f 8141//8141 8147//8147 8146//8146
f 8142//8142 8143//8143 8148//8148
f 8142//8142 8148//8148 8147//8147
f 8143//8143 8144//8144 8149//8149
f 8143//8143 8149//8149 8148//8148
f 8144//8144 8145//8145 8150//8150
f 8144//8144 8150//8150 8149//8149
f 8145//8145 8141//8141 8146//8146
f 8145//8145 8146//8146 8150//8150
f 8141//8141 8143//8143 8142//8142
f 8141//8141 8144//8144 8143//8143
f 8141//8141 8145//8145 8144//8144
f 8146//8146 8147//8147 8148//8148
f 8146//8146 8148//8148 8149//8149
f 8146//8146 8149//8149 8150//8150
f 8151//8151 8152//8152 8157//8157
f 8151//8151 8157//8157 8156//8156
f 8152//8152 8153//8153 8158//8158
f 8152//8152 8158//8158 8157//8157
f 8153//8153 8154//8154 8159//8159
f 8153//8153 8159//8159 8158//8158
f 8154//8154 8155//8155 8160//8160
f 8154//8154 8160//8160 8159//8159
f 8155//8155 8151//8151 8156//8156
f 8155//8155 8156//8156 8160//8160
f 8151//8151 8153//8153 8152//8152
f 8151//8151 8154//8154 8153//8153
f 8151//8151 8155//8155 8154//8154
f 8156//8156 8157//8157 8158//8158
f 8156//8156 8158//8158 8159//8159
f 8156//8156 8159//8159 8160//8160
f 8161//8161 8162//8162 8167//8167
f 8161//8161 8167//8167 8166//8166
f 8162//8162 8163//8163 8168//8168
f 8162//8162 8168//8168 8167//8167
f 8163//8163 8164//8164 8169//8169
f 8163//8163 8169//8169 8168//8168
f 8164//8164 8165//8165 8170//8170
f 8164//8164 8170//8170 8169//8169
f 8165//8165 8161//8161 8166//8166
f 8165//8165 8166//8166 8170//8170
f 8161//8161 8163//8163 8162//8162
f 8161//8161 8164//8164 8163//8163
f 8161//8161 8165//8165 8164//8164
f 8166//8166 8167//8167 8168//8168
f 8166//8166 8168//8168 8169//8169
f 8166//8166 8169//8169 8170//8170
f 8171//8171 8172//8172 8177//8177
f 8171//8171 8177//8177 8176//8176
f 8172//8172 8173//8173 8178//8178
f 8172//8172 8178//8178 8177//8177
f 8173//8173 8174//8174 8179//8179
f 8173//8173 8179//8179 8178//8178
f 8174//8174 8175//8175 8180//8180
f 8174//8174 8180//8180 8179//8179
f 8175//8175 8171//8171 8176//8176
f 8175//8175 8176//8176 8180//8180
f 8171//8171 8173//8173 8172//8172
f 8171//8171 8174//8174 8173//8173
f 8171//8171 8175//8175 8174//8174
f 8176//8176 8177//8177 8178//8178
f 8176//8176 8178//8178 8179//8179
f 8176//8176 8179//8179 8180//8180
f 8181//8181 8182//8182 8188//8188
f 8181//8181 8188//8188 8187//8187
f 8182//8182 8183//8183 8189//8189
f 8182//8182 8189//8189 8188//8188
f 8183//8183 8184//8184 8190//8190
f 8183//8183 8190//8190 8189//8189
f 8184//8184 8185//8185 8191//8191
f 8184//8184 8191//8191 8190//8190
f 8185//8185 8186//8186 8192//8192
f 8185//8185 8192//8192 8191//8191
f 8186//8186 8181//8181 8187//8187
f 8186//8186 8187//8187 8192//8192
f 8181//8181 8183//8183 8182//8182
f 8181//8181 8184//8184 8183//8183
f 8181//8181 8185//8185 8184//8184
f 8181//8181 8186//8186 8185//8185
f 8187//8187 8188//8188 8189//8189
f 8187//8187 8189//8189 8190//8190
f 8187//8187 8190//8190 8191//8191
f 8187//8187 8191//8191 8192//8192
f 8193//8193 8194//8194 8199//8199
f 8193//8193 8199//8199 8198//8198
f 8194//8194 8195//8195 8200//8200
f 8194//8194 8200//8200 8199//8199
f 8195//8195 8196//8196 8201//8201
f 8195//8195 8201//8201 8200//8200
f 8196//8196 8197//8197 8202//8202
f 8196//8196 8202//8202 8201//8201
f 8197//8197 8193//8193 8198//8198
f 8197//8197 8198//8198 8202//8202
f 8193//8193 8195//8195 8194//8194
f 8193//8193 8196//8196 8195//8195
f 8193//8193 8197//8197 8196//8196
f 8198//8198 8199//8199 8200//8200
f 8198//8198 8200//8200 8201//8201
f 8198//8198 8201//8201 8202//8202
f 8203//8203 8204//8204 8209//8209
f 8203//8203 8209//8209 8208//8208
f 8204//8204 8205//8205 8210//8210
f 8204//8204 8210//8210 8209//8209
f 8205//8205 8206//8206 8211//8211
f 8205//8205 8211//8211 8210//8210
f 8206//8206 8207//8207 8212//8212
f 8206//8206 8212//8212 8211//8211
f 8207//8207 8203//8203 8208//8208
f 8207//8207 8208//8208 8212//8212
f 8203//8203 8205//8205 8204//8204
f 8203//8203 8206//8206 8205//8205
f 8203//8203 8207//8207 8206//8206
f 8208//8208 8209//8209 8210//8210
f 8208//8208 8210//8210 8211//8211
f 8208//8208 8211//8211 8212//8212
f 8213//8213 8214//8214 8219//8219
f 8213//8213 8219//8219 8218//8218
f 8214//8214 8215//8215 8220//8220
f 8214//8214 8220//8220 8219//8219
f 8215//8215 8216//8216 8221//8221
f 8215//8215 8221//8221 8220//8220
f 8216//8216 8217//8217 8222//8222
f 8216//8216 8222//8222 8221//8221
f 8217//8217 8213//8213 8218//8218
f 8217//8217 8218//8218 8222//8222
f 8213//8213 8215//8215 8214//8214
f 8213//8213 8216//8216 8215//8215
f 8213//8213 8217//8217 8216//8216
f 8218//8218 8219//8219 8220//8220
f 8218//8218 8220//8220 8221//8221
f 8218//8218 8221//8221 8222//8222
f 8223//8223 8224//8224 8229//8229
f 8223//8223 8229//8229 8228//8228
f 8224//8224 8225//8225 8230//8230
f 8224//8224 8230//8230 8229//8229
f 8225//8225 8226//8226 8231//8231
f 8225//8225 8231//8231 8230//8230
f 8226//8226 8227//8227 8232//8232
f 8226//8226 8232//8232 8231//8231
f 8227//8227 8223//8223 8228//8228
f 8227//8227 8228//8228 8232//8232
f 8223//8223 8225//8225 8224//8224
f 8223//8223 8226//8226 8225//8225
f 8223//8223 8227//8227 8226//8226
f 8228//8228 8229//8229 8230//8230
f 8228//8228 8230//8230 8231//8231
f 8228//8228 8231//8231 8232//8232
f 8233//8233 8234//8234 8239//8239
f 8233//8233 8239//8239 8238//8238
f 8234//8234 8235//8235 8240//8240
f 8234//8234 8240//8240 8239//8239
f 8235//8235 8236//8236 8241//8241
f 8235//8235 8241//8241 8240//8240
f 8236//8236 8237//8237 8242//8242
f 8236//8236 8242//8242 8241//8241
f 8237//8237 8233//8233 8238//8238
f 8237//8237 8238//8238 8242//8242
f 8233//8233 8235//8235 8234//8234
f 8233//8233 8236//8236 8235//8235
f 8233//8233 8237//8237 8236//8236
f 8238//8238 8239//8239 8240//8240
f 8238//8238 8240//8240 8241//8241
f 8238//8238 8241//8241 8242//8242
f 8243//8243 8244//8244 8249//8249
f 8243//8243 8249//8249 8248//8248
f 8244//8244 8245//8245 8250//8250
f 8244//8244 8250//8250 8249//8249
f 8245//8245 8246//8246 8251//8251
f 8245//8245 8251//8251 8250//8250
f 8246//8246 8247//8247 8252//8252
f 8246//8246 8252//8252 8251//8251
f 8247//8247 8243//8243 8248//8248
f 8247//8247 8248//8248 8252//8252
f 8243//8243 8245//8245 8244//8244
f 8243//8243 8246//8246 8245//8245
f 8243//8243 8247//8247 8246//8246
f 8248//8248 8249//8249 8250//8250
f 8248//8248 8250//8250 8251//8251
f 8248//8248 8251//8251 8252//8252
f 8253//8253 8254//8254 8259//8259
f 8253//8253 8259//8259 8258//8258
f 8254//8254 8255//8255 8260//8260
f 8254//8254 8260//8260 8259//8259
f 8255//8255 8256//8256 8261//8261
f 8255//8255 8261//8261 8260//8260
f 8256//8256 8257//8257 8262//8262
f 8256//8256 8262//8262 8261//8261
f 8257//8257 8253//8253 8258//8258
f 8257//8257 8258//8258 8262//8262
f 8253//8253 8255//8255 8254//8254
f 8253//8253 8256//8256 8255//8255
f 8253//8253 8257//8257 8256//8256
f 8258//8258 8259//8259 8260//8260
f 8258//8258 8260//8260 8261//8261
f 8258//8258 8261//8261 8262//8262
f 8263//8263 8264//8264 8269//8269
f 8263//8263 8269//8269 8268//8268
f 8264//8264 8265//8265 8270//8270
f 8264//8264 8270//8270 8269//8269
f 8265//8265 8266//8266 8271//8271
f 8265//8265 8271//8271 8270//8270
f 8266//8266 8267//8267 8272//8272
f 8266//8266 8272//8272 8271//8271
f 8267//8267 8263//8263 8268//8268
f 8267//8267 8268//8268 8272//8272
f 8263//8263 8265//8265 8264//8264
f 8263//8263 8266//8266 8265//8265
f 8263//8263 8267//8267 8266//8266
f 8268//8268 8269//8269 8270//8270
f 8268//8268 8270//8270 8271//8271
f 8268//8268 8271//8271 8272//8272
f 8273//8273 8274//8274 8279//8279
f 8273//8273 8279//8279 8278//8278
f 8274//8274 8275//8275 8280//8280
f 8274//8274 8280//8280 8279//8279
f 8275//8275 8276//8276 8281//8281
f 8275//8275 8281//8281 8280//8280
f 8276//8276 8277//8277 8282//8282
f 8276//8276 8282//8282 8281//8281
f 8277//8277 8273//8273 8278//8278
f 8277//8277 8278//8278 8282//8282
f 8273//8273 8275//8275 8274//8274
f 8273//8273 8276//8276 8275//8275
f 8273//8273 8277//8277 8276//8276
f 8278//8278 8279//8279 8280//8280
f 8278//8278 8280//8280 8281//8281
f 8278//8278 8281//8281 8282//8282
f 8283//8283 8284//8284 8290//8290
f 8283//8283 8290//8290 8289//8289
f 8284//8284 8285//8285 8291//8291
f 8284//8284 8291//8291 8290//8290
f 8285//8285 8286//8286 8292//8292
f 8285//8285 8292//8292 8291//8291
f 8286//8286 8287//8287 8293//8293
f 8286//8286 8293//8293 8292//8292
f 8287//8287 8288//8288 8294//8294
f 8287//8287 8294//8294 8293//8293
f 8288//8288 8283//8283 8289//8289
f 8288//8288 8289//8289 8294//8294
f 8283//8283 8285//8285 8284//8284
f 8283//8283 8286//8286 8285//8285
f 8283//8283 8287//8287 8286//8286
f 8283//8283 8288//8288 8287//8287
f 8289//8289 8290//8290 8291//8291
f 8289//8289 8291//8291 8292//8292
f 8289//8289 8292//8292 8293//8293
f 8289//8289 8293//8293 8294//8294
f 8295//8295 8296//8296 8301//8301
f 8295//8295 8301//8301 8300//8300
f 8296//8296 8297//8297 8302//8302
f 8296//8296 8302//8302 8301//8301
f 8297//8297 8298//8298 8303//8303
f 8297//8297 8303//8303 8302//8302
f 8298//8298 8299//8299 8304//8304
f 8298//8298 8304//8304 8303//8303
f 8299//8299 8295//8295 8300//8300
f 8299//8299 8300//8300 8304//8304
f 8295//8295 8297//8297 8296//8296
f 8295//8295 8298//8298 8297//8297
f 8295//8295 8299//8299 8298//8298
f 8300//8300 8301//8301 8302//8302
f 8300//8300 8302//8302 8303//8303
f 8300//8300 8303//8303 8304//8304
f 8305//8305 8306//8306 8311//8311
f 8305//8305 8311//8311 8310//8310
f 8306//8306 8307//8307 8312//8312
f 8306//8306 8312//8312 8311//8311
f 8307//8307 8308//8308 8313//8313
f 8307//8307 8313//8313 8312//8312
f 8308//8308 8309//8309 8314//8314
f 8308//8308 8314//8314 8313//8313
f 8309//8309 8305//8305 8310//8310
f 8309//8309 8310//8310 8314//8314
f 8305//8305 8307//8307 8306//8306
f 8305//8305 8308//8308 8307//8307
f 8305//8305 8309//8309 8308//8308
f 8310//8310 8311//8311 8312//8312
f 8310//8310 8312//8312 8313//8313
f 8310//8310 8313//8313 8314//8314
f 8315//8315 8316//8316 8321//8321
f 8315//8315 8321//8321 8320//8320
f 8316//8316 8317//8317 8322//8322
f 8316//8316 8322//8322 8321//8321
f 8317//8317 8318//8318 8323//8323
f 8317//8317 8323//8323 8322//8322
f 8318//8318 8319//8319 8324//8324
f 8318//8318 8324//8324 8323//8323
f 8319//8319 8315//8315 8320//8320
f 8319//8319 8320//8320 8324//8324
f 8315//8315 8317//8317 8316//8316
f 8315//8315 8318//8318 8317//8317
f 8315//8315 8319//8319 8318//8318
f 8320//8320 8321//8321 8322//8322
f 8320//8320 8322//8322 8323//8323
f 8320//8320 8323//8323 8324//8324
f 8325//8325 8326//8326 8331//8331
f 8325//8325 8331//8331 8330//8330
f 8326//8326 8327//8327 8332//8332
f 8326//8326 8332//8332 8331//8331
f 8327//8327 8328//8328 8333//8333
f 8327//8327 8333//8333 8332//8332
f 8328//8328 8329//8329 8334//8334
f 8328//8328 8334//8334 8333//8333
f 8329//8329 8325//8325 8330//8330
f 8329//8329 8330//8330 8334//8334
f 8325//8325 8327//8327 8326//8326
f 8325//8325 8328//8328 8327//8327
f 8325//8325 8329//8329 8328//8328
f 8330//8330 8331//8331 8332//8332
f 8330//8330 8332//8332 8333//8333
f 8330//8330 8333//8333 8334//8334
f 8335//8335 8336//8336 8341//8341
f 8335//8335 8341//8341 8340//8340
f 8336//8336 8337//8337 8342//8342
f 8336//8336 8342//8342 8341//8341
f 8337//8337 8338//8338 8343//8343
f 8337//8337 8343//8343 8342//8342
f 8338//8338 8339//8339 8344//8344
f 8338//8338 8344//8344 8343//8343
f 8339//8339 8335//8335 8340//8340
f 8339//8339 8340//8340 8344//8344
f 8335//8335 8337//8337 8336//8336
f 8335//8335 8338//8338 8337//8337
f 8335//8335 8339//8339 8338//8338
f 8340//8340 8341//8341 8342//8342
f 8340//8340 8342//8342 8343//8343
f 8340//8340 8343//8343 8344//8344
f 8345//8345 8346//8346 8351//8351
f 8345//8345 8351//8351 8350//8350
f 8346//8346 8347//8347 8352//8352
f 8346//8346 8352//8352 8351//8351
f 8347//8347 8348//8348 8353//8353
f 8347//8347 8353//8353 8352//8352
f 8348//8348 8349//8349 8354//8354
f 8348//8348 8354//8354 8353//8353
f 8349//8349 8345//8345 8350//8350
f 8349//8349 8350//8350 8354//8354
f 8345//8345 8347//8347 8346//8346
f 8345//8345 8348//8348 8347//8347
f 8345//8345 8349//8349 8348//8348
f 8350//8350 8351//8351 8352//8352
f 8350//8350 8352//8352 8353//8353
f 8350//8350 8353//8353 8354//8354
f 8355//8355 8356//8356 8361//8361
f 8355//8355 8361//8361 8360//8360
f 8356//8356 8357//8357 8362//8362
f 8356//8356 8362//8362 8361//8361
f 8357//8357 8358//8358 8363//8363
f 8357//8357 8363//8363 8362//8362
f 8358//8358 8359//8359 8364//8364
f 8358//8358 8364//8364 8363//8363
f 8359//8359 8355//8355 8360//8360
f 8359//8359 8360//8360 8364//8364
f 8355//8355 8357//8357 8356//8356
f 8355//8355 8358//8358 8357//8357
f 8355//8355 8359//8359 8358//8358
f 8360//8360 8361//8361 8362//8362
f 8360//8360 8362//8362 8363//8363
f 8360//8360 8363//8363 8364//8364
f 8365//8365 8366//8366 8371//8371
f 8365//8365 8371//8371 8370//8370
f 8366//8366 8367//8367 8372//8372
f 8366//8366 8372//8372 8371//8371
f 8367//8367 8368//8368 8373//8373
f 8367//8367 8373//8373 8372//8372
f 8368//8368 8369//8369 8374//8374
f 8368//8368 8374//8374 8373//8373
f 8369//8369 8365//8365 8370//8370
f 8369//8369 8370//8370 8374//8374
f 8365//8365 8367//8367 8366//8366
f 8365//8365 8368//8368 8367//8367
f 8365//8365 8369//8369 8368//8368
f 8370//8370 8371//8371 8372//8372
f 8370//8370 8372//8372 8373//8373
f 8370//8370 8373//8373 8374//8374
f 8375//8375 8376//8376 8381//8381
f 8375//8375 8381//8381 8380//8380
f 8376//8376 8377//8377 8382//8382
f 8376//8376 8382//8382 8381//8381
f 8377//8377 8378//8378 8383//8383
f 8377//8377 8383//8383 8382//8382
f 8378//8378 8379//8379 8384//8384
f 8378//8378 8384//8384 8383//8383
f 8379//8379 8375//8375 8380//8380
f 8379//8379 8380//8380 8384//8384
f 8375//8375 8377//8377 8376//8376
f 8375//8375 8378//8378 8377//8377
f 8375//8375 8379//8379 8378//8378
f 8380//8380 8381//8381 8382//8382
f 8380//8380 8382//8382 8383//8383
f 8380//8380 8383//8383 8384//8384
f 8385//8385 8386//8386 8392//8392
f 8385//8385 8392//8392 8391//8391
f 8386//8386 8387//8387 8393//8393
f 8386//8386 8393//8393 8392//8392
f 8387//8387 8388//8388 8394//8394
f 8387//8387 8394//8394 8393//8393
f 8388//8388 8389//8389 8395//8395
f 8388//8388 8395//8395 8394//8394
f 8389//8389 8390//8390 8396//8396
f 8389//8389 8396//8396 8395//8395
f 8390//8390 8385//8385 8391//8391
f 8390//8390 8391//8391 8396//8396
f 8385//8385 8387//8387 8386//8386
f 8385//8385 8388//8388 8387//8387
f 8385//8385 8389//8389 8388//8388
f 8385//8385 8390//8390 8389//8389
f 8391//8391 8392//8392 8393//8393
f 8391//8391 8393//8393 8394//8394
f 8391//8391 8394//8394 8395//8395
f 8391//8391 8395//8395 8396//8396
f 8397//8397 8398//8398 8403//8403
f 8397//8397 8403//8403 8402//8402
f 8398//8398 8399//8399 8404//8404
f 8398//8398 8404//8404 8403//8403
f 8399//8399 8400//8400 8405//8405
f 8399//8399 8405//8405 8404//8404
f 8400//8400 8401//8401 8406//8406
f 8400//8400 8406//8406 8405//8405
f 8401//8401 8397//8397 8402//8402
f 8401//8401 8402//8402 8406//8406
f 8397//8397 8399//8399 8398//8398
f 8397//8397 8400//8400 8399//8399
f 8397//8397 8401//8401 8400//8400
f 8402//8402 8403//8403 8404//8404
f 8402//8402 8404//8404 8405//8405
f 8402//8402 8405//8405 8406//8406
f 8407//8407 8408//8408 8413//8413
f 8407//8407 8413//8413 8412//8412
f 8408//8408 8409//8409 8414//8414
f 8408//8408 8414//8414 8413//8413
f 8409//8409 8410//8410 8415//8415
f 8409//8409 8415//8415 8414//8414
f 8410//8410 8411//8411 8416//8416
f 8410//8410 8416//8416 8415//8415
f 8411//8411 8407//8407 8412//8412
f 8411//8411 8412//8412 8416//8416
f 8407//8407 8409//8409 8408//8408
f 8407//8407 8410//8410 8409//8409
f 8407//8407 8411//8411 8410//8410
f 8412//8412 8413//8413 8414//8414
f 8412//8412 8414//8414 8415//8415
f 8412//8412 8415//8415 8416//8416
f 8417//8417 8418//8418 8423//8423
f 8417//8417 8423//8423 8422//8422
f 8418//8418 8419//8419 8424//8424
f 8418//8418 8424//8424 8423//8423
f 8419//8419 8420//8420 8425//8425
f 8419//8419 8425//8425 8424//8424
f 8420//8420 8421//8421 8426//8426
f 8420//8420 8426//8426 8425//8425
f 8421//8421 8417//8417 8422//8422
f 8421//8421 8422//8422 8426//8426
f 8417//8417 8419//8419 8418//8418
f 8417//8417 8420//8420 8419//8419
f 8417//8417 8421//8421 8420//8420
f 8422//8422 8423//8423 8424//8424
f 8422//8422 8424//8424 8425//8425
f 8422//8422 8425//8425 8426//8426
f 8427//8427 8428//8428 8433//8433
f 8427//8427 8433//8433 8432//8432
f 8428//8428 8429//8429 8434//8434
f 8428//8428 8434//8434 8433//8433
f 8429//8429 8430//8430 8435//8435
f 8429//8429 8435//8435 8434//8434
f 8430//8430 8431//8431 8436//8436
f 8430//8430 8436//8436 8435//8435
f 8431//8431 8427//8427 8432//8432
f 8431//8431 8432//8432 8436//8436
f 8427//8427 8429//8429 8428//8428
f 8427//8427 8430//8430 8429//8429
f 8427//8427 8431//8431 8430//8430
f 8432//8432 8433//8433 8434//8434
f 8432//8432 8434//8434 8435//8435
f 8432//8432 8435//8435 8436//8436
f 8437//8437 8438//8438 8443//8443
f 8437//8437 8443//8443 8442//8442
f 8438//8438 8439//8439 8444//8444
f 8438//8438 8444//8444 8443//8443
f 8439//8439 8440//8440 8445//8445
f 8439//8439 8445//8445 8444//8444
f 8440//8440 8441//8441 8446//8446
f 8440//8440 8446//8446 8445//8445
f 8441//8441 8437//8437 8442//8442
f 8441//8441 8442//8442 8446//8446
f 8437//8437 8439//8439 8438//8438
f 8437//8437 8440//8440 8439//8439
f 8437//8437 8441//8441 8440//8440
f 8442//8442 8443//8443 8444//8444
f 8442//8442 8444//8444 8445//8445
f 8442//8442 8445//8445 8446//8446
f 8447//8447 8448//8448 8453//8453
f 8447//8447 8453//8453 8452//8452
f 8448//8448 8449//8449 8454//8454
f 8448//8448 8454//8454 8453//8453
f 8449//8449 8450//8450 8455//8455
f 8449//8449 8455//8455 8454//8454
f 8450//8450 8451//8451 8456//8456
f 8450//8450 8456//8456 8455//8455
f 8451//8451 8447//8447 8452//8452
f 8451//8451 8452//8452 8456//8456
f 8447//8447 8449//8449 8448//8448
f 8447//8447 8450//8450 8449//8449
f 8447//8447 8451//8451 8450//8450
f 8452//8452 8453//8453 8454//8454
f 8452//8452 8454//8454 8455//8455
f 8452//8452 8455//8455 8456//8456
f 8457//8457 8458//8458 8463//8463
f 8457//8457 8463//8463 8462//8462
f 8458//8458 8459//8459 8464//8464
f 8458//8458 8464//8464 8463//8463
f 8459//8459 8460//8460 8465//8465
f 8459//8459 8465//8465 8464//8464
f 8460//8460 8461//8461 8466//8466
f 8460//8460 8466//8466 8465//8465
f 8461//8461 8457//8457 8462//8462
f 8461//8461 8462//8462 8466//8466
f 8457//8457 8459//8459 8458//8458
f 8457//8457 8460//8460 8459//8459
f 8457//8457 8461//8461 8460//8460
f 8462//8462 8463//8463 8464//8464
f 8462//8462 8464//8464 8465//8465
f 8462//8462 8465//8465 8466//8466
f 8467//8467 8468//8468 8473//8473
f 8467//8467 8473//8473 8472//8472
f 8468//8468 8469//8469 8474//8474
f 8468//8468 8474//8474 8473//8473
f 8469//8469 8470//8470 8475//8475
f 8469//8469 8475//8475 8474//8474
f 8470//8470 8471//8471 8476//8476
f 8470//8470 8476//8476 8475//8475
f 8471//8471 8467//8467 8472//8472
f 8471//8471 8472//8472 8476//8476
f 8467//8467 8469//8469 8468//8468
f 8467//8467 8470//8470 8469//8469
f 8467//8467 8471//8471 8470//8470
f 8472//8472 8473//8473 8474//8474
f 8472//8472 8474//8474 8475//8475
f 8472//8472 8475//8475 8476//8476
f 8477//8477 8478//8478 8483//8483
f 8477//8477 8483//8483 8482//8482
f 8478//8478 8479//8479 8484//8484
f 8478//8478 8484//8484 8483//8483
f 8479//8479 8480//8480 8485//8485
f 8479//8479 8485//8485 8484//8484
f 8480//8480 8481//8481 8486//8486
f 8480//8480 8486//8486 8485//8485
f 8481//8481 8477//8477 8482//8482
f 8481//8481 8482//8482 8486//8486
f 8477//8477 8479//8479 8478//8478
f 8477//8477 8480//8480 8479//8479
f 8477//8477 8481//8481 8480//8480
f 8482//8482 8483//8483 8484//8484
f 8482//8482 8484//8484 8485//8485
f 8482//8482 8485//8485 8486//8486
f 8487//8487 8488//8488 8493//8493
f 8487//8487 8493//8493 8492//8492
f 8488//8488 8489//8489 8494//8494
f 8488//8488 8494//8494 8493//8493
f 8489//8489 8490//8490 8495//8495
f 8489//8489 8495//8495 8494//8494
f 8490//8490 8491//8491 8496//8496
f 8490//8490 8496//8496 8495//8495
f 8491//8491 8487//8487 8492//8492
f 8491//8491 8492//8492 8496//8496
f 8487//8487 8489//8489 8488//8488
f 8487//8487 8490//8490 8489//8489
f 8487//8487 8491//8491 8490//8490
f 8492//8492 8493//8493 8494//8494
f 8492//8492 8494//8494 8495//8495
f 8492//8492 8495//8495 8496//8496
f 8497//8497 8498//8498 8503//8503
f 8497//8497 8503//8503 8502//8502
f 8498//8498 8499//8499 8504//8504
f 8498//8498 8504//8504 8503//8503
f 8499//8499 8500//8500 8505//8505
f 8499//8499 8505//8505 8504//8504
f 8500//8500 8501//8501 8506//8506
f 8500//8500 8506//8506 8505//8505
f 8501//8501 8497//8497 8502//8502
f 8501//8501 8502//8502 8506//8506
f 8497//8497 8499//8499 8498//8498
f 8497//8497 8500//8500 8499//8499
f 8497//8497 8501//8501 8500//8500
f 8502//8502 8503//8503 8504//8504
f 8502//8502 8504//8504 8505//8505
f 8502//8502 8505//8505 8506//8506
f 8507//8507 8508//8508 8513//8513
f 8507//8507 8513//8513 8512//8512
f 8508//8508 8509//8509 8514//8514
f 8508//8508 8514//8514 8513//8513
f 8509//8509 8510//8510 8515//8515
f 8509//8509 8515//8515 8514//8514
f 8510//8510 8511//8511 8516//8516
f 8510//8510 8516//8516 8515//8515
f 8511//8511 8507//8507 8512//8512
f 8511//8511 8512//8512 8516//8516
f 8507//8507 8509//8509 8508//8508
f 8507//8507 8510//8510 8509//8509
f 8507//8507 8511//8511 8510//8510
f 8512//8512 8513//8513 8514//8514
f 8512//8512 8514//8514 8515//8515
f 8512//8512 8515//8515 8516//8516
f 8517//8517 8518//8518 8523//8523
f 8517//8517 8523//8523 8522//8522
f 8518//8518 8519//8519 8524//8524
f 8518//8518 8524//8524 8523//8523
f 8519//8519 8520//8520 8525//8525
f 8519//8519 8525//8525 8524//8524
f 8520//8520 8521//8521 8526//8526
f 8520//8520 8526//8526 8525//8525
f 8521//8521 8517//8517 8522//8522
f 8521//8521 8522//8522 8526//8526
f 8517//8517 8519//8519 8518//8518
f 8517//8517 8520//8520 8519//8519
f 8517//8517 8521//8521 8520//8520
f 8522//8522 8523//8523 8524//8524
f 8522//8522 8524//8524 8525//8525
f 8522//8522 8525//8525 8526//8526
f 8527//8527 8528//8528 8533//8533
f 8527//8527 8533//8533 8532//8532
f 8528//8528 8529//8529 8534//8534
f 8528//8528 8534//8534 8533//8533
f 8529//8529 8530//8530 8535//8535
f 8529//8529 8535//8535 8534//8534
f 8530//8530 8531//8531 8536//8536
f 8530//8530 8536//8536 8535//8535
f 8531//8531 8527//8527 8532//8532
f 8531//8531 8532//8532 8536//8536
f 8527//8527 8529//8529 8528//8528
f 8527//8527 8530//8530 8529//8529
f 8527//8527 8531//8531 8530//8530
f 8532//8532 8533//8533 8534//8534
f 8532//8532 8534//8534 8535//8535
f 8532//8532 8535//8535 8536//8536
f 8537//8537 8538//8538 8543//8543
f 8537//8537 8543//8543 8542//8542
f 8538//8538 8539//8539 8544//8544
f 8538//8538 8544//8544 8543//8543
f 8539//8539 8540//8540 8545//8545
f 8539//8539 8545//8545 8544//8544
f 8540//8540 8541//8541 8546//8546
f 8540//8540 8546//8546 8545//8545
f 8541//8541 8537//8537 8542//8542
f 8541//8541 8542//8542 8546//8546
f 8537//8537 8539//8539 8538//8538
f 8537//8537 8540//8540 8539//8539
f 8537//8537 8541//8541 8540//8540
f 8542//8542 8543//8543 8544//8544
f 8542//8542 8544//8544 8545//8545
f 8542//8542 8545//8545 8546//8546
f 8547//8547 8548//8548 8553//8553
f 8547//8547 8553//8553 8552//8552
f 8548//8548 8549//8549 8554//8554
f 8548//8548 8554//8554 8553//8553
f 8549//8549 8550//8550 8555//8555
f 8549//8549 8555//8555 8554//8554
f 8550//8550 8551//8551 8556//8556
f 8550//8550 8556//8556 8555//8555
f 8551//8551 8547//8547 8552//8552
f 8551//8551 8552//8552 8556//8556
f 8547//8547 8549//8549 8548//8548
f 8547//8547 8550//8550 8549//8549
f 8547//8547 8551//8551 8550//8550
f 8552//8552 8553//8553 8554//8554
f 8552//8552 8554//8554 8555//8555
f 8552//8552 8555//8555 8556//8556
f 8557//8557 8558//8558 8563//8563
f 8557//8557 8563//8563 8562//8562
f 8558//8558 8559//8559 8564//8564
f 8558//8558 8564//8564 8563//8563
f 8559//8559 8560//8560 8565//8565
f 8559//8559 8565//8565 8564//8564
f 8560//8560 8561//8561 8566//8566
f 8560//8560 8566//8566 8565//8565
f 8561//8561 8557//8557 8562//8562
f 8561//8561 8562//8562 8566//8566
f 8557//8557 8559//8559 8558//8558
f 8557//8557 8560//8560 8559//8559
f 8557//8557 8561//8561 8560//8560
f 8562//8562 8563//8563 8564//8564
f 8562//8562 8564//8564 8565//8565
f 8562//8562 8565//8565 8566//8566
f 8567//8567 8568//8568 8573//8573
f 8567//8567 8573//8573 8572//8572
f 8568//8568 8569//8569 8574//8574
f 8568//8568 8574//8574 8573//8573
f 8569//8569 8570//8570 8575//8575
f 8569//8569 8575//8575 8574//8574
f 8570//8570 8571//8571 8576//8576
f 8570//8570 8576//8576 8575//8575
f 8571//8571 8567//8567 8572//8572
f 8571//8571 8572//8572 8576//8576
f 8567//8567 8569//8569 8568//8568
f 8567//8567 8570//8570 8569//8569
f 8567//8567 8571//8571 8570//8570
f 8572//8572 8573//8573 8574//8574
f 8572//8572 8574//8574 8575//8575
f 8572//8572 8575//8575 8576//8576
