# Dongfeng sandbox; metres; X right, Y far, Z up
mtllib scene.mtl
usemtl white
v 0.350000 0.904000 0.012000
v 0.346536 0.902000 0.012004
v 0.346536 0.898000 0.012004
v 0.350000 0.896000 0.012000
v 0.353464 0.898000 0.011996
v 0.353464 0.902000 0.011996
v 0.350048 0.903500 0.051091
v 0.347017 0.901750 0.051095
v 0.347017 0.898250 0.051095
v 0.350048 0.896500 0.051091
v 0.353079 0.898250 0.051087
v 0.353079 0.901750 0.051087
v 0.350048 0.904000 0.051091
v 0.346584 0.902000 0.051121
v 0.346584 0.898000 0.051121
v 0.350048 0.896000 0.051091
v 0.353512 0.898000 0.051061
v 0.353512 0.902000 0.051061
v 0.350385 0.903500 0.090182
v 0.347354 0.901750 0.090208
v 0.347354 0.898250 0.090208
v 0.350385 0.896500 0.090182
v 0.353416 0.898250 0.090156
v 0.353416 0.901750 0.090156
v 0.350385 0.904000 0.090182
v 0.346922 0.902000 0.090263
v 0.346922 0.898000 0.090263
v 0.350385 0.896000 0.090182
v 0.353848 0.898000 0.090101
v 0.353848 0.902000 0.090101
v 0.351298 0.903500 0.129273
v 0.348268 0.901750 0.129344
v 0.348268 0.898250 0.129344
v 0.351298 0.896500 0.129273
v 0.354329 0.898250 0.129202
v 0.354329 0.901750 0.129202
v 0.351298 0.904000 0.129273
v 0.347838 0.902000 0.129430
v 0.347838 0.898000 0.129430
v 0.351298 0.896000 0.129273
v 0.354759 0.898000 0.129115
v 0.354759 0.902000 0.129115
v 0.353077 0.903500 0.168364
v 0.350049 0.901750 0.168501
v 0.350049 0.898250 0.168501
v 0.353077 0.896500 0.168364
v 0.356105 0.898250 0.168226
v 0.356105 0.901750 0.168226
v 0.353077 0.904000 0.168364
v 0.349623 0.902000 0.168623
v 0.349623 0.898000 0.168623
v 0.353077 0.896000 0.168364
v 0.356532 0.898000 0.168104
v 0.356532 0.902000 0.168104
v 0.356011 0.903500 0.207455
v 0.352988 0.901750 0.207681
v 0.352988 0.898250 0.207681
v 0.356011 0.896500 0.207455
v 0.359033 0.898250 0.207228
v 0.359033 0.901750 0.207228
v 0.356011 0.904000 0.207455
v 0.352568 0.902000 0.207840
v 0.352568 0.898000 0.207840
v 0.356011 0.896000 0.207455
v 0.359453 0.898000 0.207069
v 0.359453 0.902000 0.207069
v 0.360386 0.903500 0.246545
v 0.357374 0.901750 0.246883
v 0.357374 0.898250 0.246883
v 0.360386 0.896500 0.246545
v 0.363398 0.898250 0.246208
v 0.363398 0.901750 0.246208
v 0.360386 0.904000 0.246545
v 0.356964 0.902000 0.247080
v 0.356964 0.898000 0.247080
v 0.360386 0.896000 0.246545
v 0.363809 0.898000 0.246011
v 0.363809 0.902000 0.246011
v 0.366493 0.903500 0.285636
v 0.363498 0.901750 0.286104
v 0.363498 0.898250 0.286104
v 0.366493 0.896500 0.285636
v 0.369488 0.898250 0.285169
v 0.369488 0.901750 0.285169
v 0.366493 0.904000 0.285636
v 0.363101 0.902000 0.286341
v 0.363101 0.898000 0.286341
v 0.366493 0.896000 0.285636
v 0.369884 0.898000 0.284931
v 0.369884 0.902000 0.284931
v 0.374619 0.903500 0.324727
v 0.371651 0.901750 0.325344
v 0.371651 0.898250 0.325344
v 0.374619 0.896500 0.324727
v 0.377587 0.898250 0.324110
v 0.377587 0.901750 0.324110
v 0.374619 0.904000 0.324727
v 0.371272 0.902000 0.325621
v 0.371272 0.898000 0.325621
v 0.374619 0.896000 0.324727
v 0.377966 0.898000 0.323834
v 0.377966 0.902000 0.323834
v 0.385053 0.903500 0.363818
v 0.382125 0.901750 0.364600
v 0.382125 0.898250 0.364600
v 0.385053 0.896500 0.363818
v 0.387982 0.898250 0.363036
v 0.387982 0.901750 0.363036
v 0.385053 0.904000 0.363818
v 0.381767 0.902000 0.364914
v 0.381767 0.898000 0.364914
v 0.385053 0.896000 0.363818
v 0.388340 0.898000 0.362723
v 0.388340 0.902000 0.362723
v 0.398084 0.903500 0.402909
v 0.395209 0.901750 0.403868
v 0.395209 0.898250 0.403868
v 0.398084 0.896500 0.402909
v 0.400960 0.898250 0.401951
v 0.400960 0.901750 0.401951
v 0.398084 0.904000 0.402909
v 0.394876 0.902000 0.404215
v 0.394876 0.898000 0.404215
v 0.398084 0.896000 0.402909
v 0.401293 0.898000 0.401603
v 0.401293 0.902000 0.401603
v 0.414000 0.903500 0.442000
v 0.411193 0.901750 0.443143
v 0.411193 0.898250 0.443143
v 0.414000 0.896500 0.442000
v 0.416807 0.898250 0.440857
v 0.416807 0.901750 0.440857
v 0.414000 0.900000 0.402000
v 0.423405 0.900000 0.409639
v 0.420650 0.906650 0.409639
v 0.414000 0.909405 0.409639
v 0.407350 0.906650 0.409639
v 0.404595 0.900000 0.409639
v 0.407350 0.893350 0.409639
v 0.414000 0.890595 0.409639
v 0.420650 0.893350 0.409639
v 0.429217 0.900000 0.429639
v 0.424760 0.910760 0.429639
v 0.414000 0.915217 0.429639
v 0.403240 0.910760 0.429639
v 0.398783 0.900000 0.429639
v 0.403240 0.889240 0.429639
v 0.414000 0.884783 0.429639
v 0.424760 0.889240 0.429639
v 0.429217 0.900000 0.454361
v 0.424760 0.910760 0.454361
v 0.414000 0.915217 0.454361
v 0.403240 0.910760 0.454361
v 0.398783 0.900000 0.454361
v 0.403240 0.889240 0.454361
v 0.414000 0.884783 0.454361
v 0.424760 0.889240 0.454361
v 0.423405 0.900000 0.474361
v 0.420650 0.906650 0.474361
v 0.414000 0.909405 0.474361
v 0.407350 0.906650 0.474361
v 0.404595 0.900000 0.474361
v 0.407350 0.893350 0.474361
v 0.414000 0.890595 0.474361
v 0.420650 0.893350 0.474361
v 0.414000 0.900000 0.482000
v 0.350000 0.904000 0.012000
v 0.346536 0.902000 0.012000
v 0.346536 0.898000 0.012000
v 0.350000 0.896000 0.012000
v 0.353464 0.898000 0.012000
v 0.353464 0.902000 0.012000
v 0.350000 0.904000 0.334500
v 0.346536 0.902000 0.334500
v 0.346536 0.898000 0.334500
v 0.350000 0.896000 0.334500
v 0.353464 0.898000 0.334500
v 0.353464 0.902000 0.334500
v 0.350000 2.004000 0.012000
v 0.346536 2.002000 0.012004
v 0.346536 1.998000 0.012004
v 0.350000 1.996000 0.012000
v 0.353464 1.998000 0.011996
v 0.353464 2.002000 0.011996
v 0.350048 2.003500 0.051091
v 0.347017 2.001750 0.051095
v 0.347017 1.998250 0.051095
v 0.350048 1.996500 0.051091
v 0.353079 1.998250 0.051087
v 0.353079 2.001750 0.051087
v 0.350048 2.004000 0.051091
v 0.346584 2.002000 0.051121
v 0.346584 1.998000 0.051121
v 0.350048 1.996000 0.051091
v 0.353512 1.998000 0.051061
v 0.353512 2.002000 0.051061
v 0.350385 2.003500 0.090182
v 0.347354 2.001750 0.090208
v 0.347354 1.998250 0.090208
v 0.350385 1.996500 0.090182
v 0.353416 1.998250 0.090156
v 0.353416 2.001750 0.090156
v 0.350385 2.004000 0.090182
v 0.346922 2.002000 0.090263
v 0.346922 1.998000 0.090263
v 0.350385 1.996000 0.090182
v 0.353848 1.998000 0.090101
v 0.353848 2.002000 0.090101
v 0.351298 2.003500 0.129273
v 0.348268 2.001750 0.129344
v 0.348268 1.998250 0.129344
v 0.351298 1.996500 0.129273
v 0.354329 1.998250 0.129202
v 0.354329 2.001750 0.129202
v 0.351298 2.004000 0.129273
v 0.347838 2.002000 0.129430
v 0.347838 1.998000 0.129430
v 0.351298 1.996000 0.129273
v 0.354759 1.998000 0.129115
v 0.354759 2.002000 0.129115
v 0.353077 2.003500 0.168364
v 0.350049 2.001750 0.168501
v 0.350049 1.998250 0.168501
v 0.353077 1.996500 0.168364
v 0.356105 1.998250 0.168226
v 0.356105 2.001750 0.168226
v 0.353077 2.004000 0.168364
v 0.349623 2.002000 0.168623
v 0.349623 1.998000 0.168623
v 0.353077 1.996000 0.168364
v 0.356532 1.998000 0.168104
v 0.356532 2.002000 0.168104
v 0.356011 2.003500 0.207455
v 0.352988 2.001750 0.207681
v 0.352988 1.998250 0.207681
v 0.356011 1.996500 0.207455
v 0.359033 1.998250 0.207228
v 0.359033 2.001750 0.207228
v 0.356011 2.004000 0.207455
v 0.352568 2.002000 0.207840
v 0.352568 1.998000 0.207840
v 0.356011 1.996000 0.207455
v 0.359453 1.998000 0.207069
v 0.359453 2.002000 0.207069
v 0.360386 2.003500 0.246545
v 0.357374 2.001750 0.246883
v 0.357374 1.998250 0.246883
v 0.360386 1.996500 0.246545
v 0.363398 1.998250 0.246208
v 0.363398 2.001750 0.246208
v 0.360386 2.004000 0.246545
v 0.356964 2.002000 0.247080
v 0.356964 1.998000 0.247080
v 0.360386 1.996000 0.246545
v 0.363809 1.998000 0.246011
v 0.363809 2.002000 0.246011
v 0.366493 2.003500 0.285636
v 0.363498 2.001750 0.286104
v 0.363498 1.998250 0.286104
v 0.366493 1.996500 0.285636
v 0.369488 1.998250 0.285169
v 0.369488 2.001750 0.285169
v 0.366493 2.004000 0.285636
v 0.363101 2.002000 0.286341
v 0.363101 1.998000 0.286341
v 0.366493 1.996000 0.285636
v 0.369884 1.998000 0.284931
v 0.369884 2.002000 0.284931
v 0.374619 2.003500 0.324727
v 0.371651 2.001750 0.325344
v 0.371651 1.998250 0.325344
v 0.374619 1.996500 0.324727
v 0.377587 1.998250 0.324110
v 0.377587 2.001750 0.324110
v 0.374619 2.004000 0.324727
v 0.371272 2.002000 0.325621
v 0.371272 1.998000 0.325621
v 0.374619 1.996000 0.324727
v 0.377966 1.998000 0.323834
v 0.377966 2.002000 0.323834
v 0.385053 2.003500 0.363818
v 0.382125 2.001750 0.364600
v 0.382125 1.998250 0.364600
v 0.385053 1.996500 0.363818
v 0.387982 1.998250 0.363036
v 0.387982 2.001750 0.363036
v 0.385053 2.004000 0.363818
v 0.381767 2.002000 0.364914
v 0.381767 1.998000 0.364914
v 0.385053 1.996000 0.363818
v 0.388340 1.998000 0.362723
v 0.388340 2.002000 0.362723
v 0.398084 2.003500 0.402909
v 0.395209 2.001750 0.403868
v 0.395209 1.998250 0.403868
v 0.398084 1.996500 0.402909
v 0.400960 1.998250 0.401951
v 0.400960 2.001750 0.401951
v 0.398084 2.004000 0.402909
v 0.394876 2.002000 0.404215
v 0.394876 1.998000 0.404215
v 0.398084 1.996000 0.402909
v 0.401293 1.998000 0.401603
v 0.401293 2.002000 0.401603
v 0.414000 2.003500 0.442000
v 0.411193 2.001750 0.443143
v 0.411193 1.998250 0.443143
v 0.414000 1.996500 0.442000
v 0.416807 1.998250 0.440857
v 0.416807 2.001750 0.440857
v 0.414000 2.000000 0.402000
v 0.423405 2.000000 0.409639
v 0.420650 2.006650 0.409639
v 0.414000 2.009405 0.409639
v 0.407350 2.006650 0.409639
v 0.404595 2.000000 0.409639
v 0.407350 1.993350 0.409639
v 0.414000 1.990595 0.409639
v 0.420650 1.993350 0.409639
v 0.429217 2.000000 0.429639
v 0.424760 2.010760 0.429639
v 0.414000 2.015217 0.429639
v 0.403240 2.010760 0.429639
v 0.398783 2.000000 0.429639
v 0.403240 1.989240 0.429639
v 0.414000 1.984783 0.429639
v 0.424760 1.989240 0.429639
v 0.429217 2.000000 0.454361
v 0.424760 2.010760 0.454361
v 0.414000 2.015217 0.454361
v 0.403240 2.010760 0.454361
v 0.398783 2.000000 0.454361
v 0.403240 1.989240 0.454361
v 0.414000 1.984783 0.454361
v 0.424760 1.989240 0.454361
v 0.423405 2.000000 0.474361
v 0.420650 2.006650 0.474361
v 0.414000 2.009405 0.474361
v 0.407350 2.006650 0.474361
v 0.404595 2.000000 0.474361
v 0.407350 1.993350 0.474361
v 0.414000 1.990595 0.474361
v 0.420650 1.993350 0.474361
v 0.414000 2.000000 0.482000
v 0.350000 2.004000 0.012000
v 0.346536 2.002000 0.012000
v 0.346536 1.998000 0.012000
v 0.350000 1.996000 0.012000
v 0.353464 1.998000 0.012000
v 0.353464 2.002000 0.012000
v 0.350000 2.004000 0.334500
v 0.346536 2.002000 0.334500
v 0.346536 1.998000 0.334500
v 0.350000 1.996000 0.334500
v 0.353464 1.998000 0.334500
v 0.353464 2.002000 0.334500
v 0.350000 3.154000 0.012000
v 0.346536 3.152000 0.012004
v 0.346536 3.148000 0.012004
v 0.350000 3.146000 0.012000
v 0.353464 3.148000 0.011996
v 0.353464 3.152000 0.011996
v 0.350048 3.153500 0.051091
v 0.347017 3.151750 0.051095
v 0.347017 3.148250 0.051095
v 0.350048 3.146500 0.051091
v 0.353079 3.148250 0.051087
v 0.353079 3.151750 0.051087
v 0.350048 3.154000 0.051091
v 0.346584 3.152000 0.051121
v 0.346584 3.148000 0.051121
v 0.350048 3.146000 0.051091
v 0.353512 3.148000 0.051061
v 0.353512 3.152000 0.051061
v 0.350385 3.153500 0.090182
v 0.347354 3.151750 0.090208
v 0.347354 3.148250 0.090208
v 0.350385 3.146500 0.090182
v 0.353416 3.148250 0.090156
v 0.353416 3.151750 0.090156
v 0.350385 3.154000 0.090182
v 0.346922 3.152000 0.090263
v 0.346922 3.148000 0.090263
v 0.350385 3.146000 0.090182
v 0.353848 3.148000 0.090101
v 0.353848 3.152000 0.090101
v 0.351298 3.153500 0.129273
v 0.348268 3.151750 0.129344
v 0.348268 3.148250 0.129344
v 0.351298 3.146500 0.129273
v 0.354329 3.148250 0.129202
v 0.354329 3.151750 0.129202
v 0.351298 3.154000 0.129273
v 0.347838 3.152000 0.129430
v 0.347838 3.148000 0.129430
v 0.351298 3.146000 0.129273
v 0.354759 3.148000 0.129115
v 0.354759 3.152000 0.129115
v 0.353077 3.153500 0.168364
v 0.350049 3.151750 0.168501
v 0.350049 3.148250 0.168501
v 0.353077 3.146500 0.168364
v 0.356105 3.148250 0.168226
v 0.356105 3.151750 0.168226
v 0.353077 3.154000 0.168364
v 0.349623 3.152000 0.168623
v 0.349623 3.148000 0.168623
v 0.353077 3.146000 0.168364
v 0.356532 3.148000 0.168104
v 0.356532 3.152000 0.168104
v 0.356011 3.153500 0.207455
v 0.352988 3.151750 0.207681
v 0.352988 3.148250 0.207681
v 0.356011 3.146500 0.207455
v 0.359033 3.148250 0.207228
v 0.359033 3.151750 0.207228
v 0.356011 3.154000 0.207455
v 0.352568 3.152000 0.207840
v 0.352568 3.148000 0.207840
v 0.356011 3.146000 0.207455
v 0.359453 3.148000 0.207069
v 0.359453 3.152000 0.207069
v 0.360386 3.153500 0.246545
v 0.357374 3.151750 0.246883
v 0.357374 3.148250 0.246883
v 0.360386 3.146500 0.246545
v 0.363398 3.148250 0.246208
v 0.363398 3.151750 0.246208
v 0.360386 3.154000 0.246545
v 0.356964 3.152000 0.247080
v 0.356964 3.148000 0.247080
v 0.360386 3.146000 0.246545
v 0.363809 3.148000 0.246011
v 0.363809 3.152000 0.246011
v 0.366493 3.153500 0.285636
v 0.363498 3.151750 0.286104
v 0.363498 3.148250 0.286104
v 0.366493 3.146500 0.285636
v 0.369488 3.148250 0.285169
v 0.369488 3.151750 0.285169
v 0.366493 3.154000 0.285636
v 0.363101 3.152000 0.286341
v 0.363101 3.148000 0.286341
v 0.366493 3.146000 0.285636
v 0.369884 3.148000 0.284931
v 0.369884 3.152000 0.284931
v 0.374619 3.153500 0.324727
v 0.371651 3.151750 0.325344
v 0.371651 3.148250 0.325344
v 0.374619 3.146500 0.324727
v 0.377587 3.148250 0.324110
v 0.377587 3.151750 0.324110
v 0.374619 3.154000 0.324727
v 0.371272 3.152000 0.325621
v 0.371272 3.148000 0.325621
v 0.374619 3.146000 0.324727
v 0.377966 3.148000 0.323834
v 0.377966 3.152000 0.323834
v 0.385053 3.153500 0.363818
v 0.382125 3.151750 0.364600
v 0.382125 3.148250 0.364600
v 0.385053 3.146500 0.363818
v 0.387982 3.148250 0.363036
v 0.387982 3.151750 0.363036
v 0.385053 3.154000 0.363818
v 0.381767 3.152000 0.364914
v 0.381767 3.148000 0.364914
v 0.385053 3.146000 0.363818
v 0.388340 3.148000 0.362723
v 0.388340 3.152000 0.362723
v 0.398084 3.153500 0.402909
v 0.395209 3.151750 0.403868
v 0.395209 3.148250 0.403868
v 0.398084 3.146500 0.402909
v 0.400960 3.148250 0.401951
v 0.400960 3.151750 0.401951
v 0.398084 3.154000 0.402909
v 0.394876 3.152000 0.404215
v 0.394876 3.148000 0.404215
v 0.398084 3.146000 0.402909
v 0.401293 3.148000 0.401603
v 0.401293 3.152000 0.401603
v 0.414000 3.153500 0.442000
v 0.411193 3.151750 0.443143
v 0.411193 3.148250 0.443143
v 0.414000 3.146500 0.442000
v 0.416807 3.148250 0.440857
v 0.416807 3.151750 0.440857
v 0.414000 3.150000 0.402000
v 0.423405 3.150000 0.409639
v 0.420650 3.156650 0.409639
v 0.414000 3.159405 0.409639
v 0.407350 3.156650 0.409639
v 0.404595 3.150000 0.409639
v 0.407350 3.143350 0.409639
v 0.414000 3.140595 0.409639
v 0.420650 3.143350 0.409639
v 0.429217 3.150000 0.429639
v 0.424760 3.160760 0.429639
v 0.414000 3.165217 0.429639
v 0.403240 3.160760 0.429639
v 0.398783 3.150000 0.429639
v 0.403240 3.139240 0.429639
v 0.414000 3.134783 0.429639
v 0.424760 3.139240 0.429639
v 0.429217 3.150000 0.454361
v 0.424760 3.160760 0.454361
v 0.414000 3.165217 0.454361
v 0.403240 3.160760 0.454361
v 0.398783 3.150000 0.454361
v 0.403240 3.139240 0.454361
v 0.414000 3.134783 0.454361
v 0.424760 3.139240 0.454361
v 0.423405 3.150000 0.474361
v 0.420650 3.156650 0.474361
v 0.414000 3.159405 0.474361
v 0.407350 3.156650 0.474361
v 0.404595 3.150000 0.474361
v 0.407350 3.143350 0.474361
v 0.414000 3.140595 0.474361
v 0.420650 3.143350 0.474361
v 0.414000 3.150000 0.482000
v 0.350000 3.154000 0.012000
v 0.346536 3.152000 0.012000
v 0.346536 3.148000 0.012000
v 0.350000 3.146000 0.012000
v 0.353464 3.148000 0.012000
v 0.353464 3.152000 0.012000
v 0.350000 3.154000 0.334500
v 0.346536 3.152000 0.334500
v 0.346536 3.148000 0.334500
v 0.350000 3.146000 0.334500
v 0.353464 3.148000 0.334500
v 0.353464 3.152000 0.334500
v 1.280000 0.784000 0.012000
v 1.276536 0.782000 0.011996
v 1.276536 0.778000 0.011996
v 1.280000 0.776000 0.012000
v 1.283464 0.778000 0.012004
v 1.283464 0.782000 0.012004
v 1.279952 0.783500 0.051091
v 1.276921 0.781750 0.051087
v 1.276921 0.778250 0.051087
v 1.279952 0.776500 0.051091
v 1.282983 0.778250 0.051095
v 1.282983 0.781750 0.051095
v 1.279952 0.784000 0.051091
v 1.276488 0.782000 0.051061
v 1.276488 0.778000 0.051061
v 1.279952 0.776000 0.051091
v 1.283416 0.778000 0.051121
v 1.283416 0.782000 0.051121
v 1.279615 0.783500 0.090182
v 1.276584 0.781750 0.090156
v 1.276584 0.778250 0.090156
v 1.279615 0.776500 0.090182
v 1.282646 0.778250 0.090208
v 1.282646 0.781750 0.090208
v 1.279615 0.784000 0.090182
v 1.276152 0.782000 0.090101
v 1.276152 0.778000 0.090101
v 1.279615 0.776000 0.090182
v 1.283078 0.778000 0.090263
v 1.283078 0.782000 0.090263
v 1.278702 0.783500 0.129273
v 1.275671 0.781750 0.129202
v 1.275671 0.778250 0.129202
v 1.278702 0.776500 0.129273
v 1.281732 0.778250 0.129344
v 1.281732 0.781750 0.129344
v 1.278702 0.784000 0.129273
v 1.275241 0.782000 0.129115
v 1.275241 0.778000 0.129115
v 1.278702 0.776000 0.129273
v 1.282162 0.778000 0.129430
v 1.282162 0.782000 0.129430
v 1.276923 0.783500 0.168364
v 1.273895 0.781750 0.168226
v 1.273895 0.778250 0.168226
v 1.276923 0.776500 0.168364
v 1.279951 0.778250 0.168501
v 1.279951 0.781750 0.168501
v 1.276923 0.784000 0.168364
v 1.273468 0.782000 0.168104
v 1.273468 0.778000 0.168104
v 1.276923 0.776000 0.168364
v 1.280377 0.778000 0.168623
v 1.280377 0.782000 0.168623
v 1.273989 0.783500 0.207455
v 1.270967 0.781750 0.207228
v 1.270967 0.778250 0.207228
v 1.273989 0.776500 0.207455
v 1.277012 0.778250 0.207681
v 1.277012 0.781750 0.207681
v 1.273989 0.784000 0.207455
v 1.270547 0.782000 0.207069
v 1.270547 0.778000 0.207069
v 1.273989 0.776000 0.207455
v 1.277432 0.778000 0.207840
v 1.277432 0.782000 0.207840
v 1.269614 0.783500 0.246545
v 1.266602 0.781750 0.246208
v 1.266602 0.778250 0.246208
v 1.269614 0.776500 0.246545
v 1.272626 0.778250 0.246883
v 1.272626 0.781750 0.246883
v 1.269614 0.784000 0.246545
v 1.266191 0.782000 0.246011
v 1.266191 0.778000 0.246011
v 1.269614 0.776000 0.246545
v 1.273036 0.778000 0.247080
v 1.273036 0.782000 0.247080
v 1.263507 0.783500 0.285636
v 1.260512 0.781750 0.285169
v 1.260512 0.778250 0.285169
v 1.263507 0.776500 0.285636
v 1.266502 0.778250 0.286104
v 1.266502 0.781750 0.286104
v 1.263507 0.784000 0.285636
v 1.260116 0.782000 0.284931
v 1.260116 0.778000 0.284931
v 1.263507 0.776000 0.285636
v 1.266899 0.778000 0.286341
v 1.266899 0.782000 0.286341
v 1.255381 0.783500 0.324727
v 1.252413 0.781750 0.324110
v 1.252413 0.778250 0.324110
v 1.255381 0.776500 0.324727
v 1.258349 0.778250 0.325344
v 1.258349 0.781750 0.325344
v 1.255381 0.784000 0.324727
v 1.252034 0.782000 0.323834
v 1.252034 0.778000 0.323834
v 1.255381 0.776000 0.324727
v 1.258728 0.778000 0.325621
v 1.258728 0.782000 0.325621
v 1.244947 0.783500 0.363818
v 1.242018 0.781750 0.363036
v 1.242018 0.778250 0.363036
v 1.244947 0.776500 0.363818
v 1.247875 0.778250 0.364600
v 1.247875 0.781750 0.364600
v 1.244947 0.784000 0.363818
v 1.241660 0.782000 0.362723
v 1.241660 0.778000 0.362723
v 1.244947 0.776000 0.363818
v 1.248233 0.778000 0.364914
v 1.248233 0.782000 0.364914
v 1.231916 0.783500 0.402909
v 1.229040 0.781750 0.401951
v 1.229040 0.778250 0.401951
v 1.231916 0.776500 0.402909
v 1.234791 0.778250 0.403868
v 1.234791 0.781750 0.403868
v 1.231916 0.784000 0.402909
v 1.228707 0.782000 0.401603
v 1.228707 0.778000 0.401603
v 1.231916 0.776000 0.402909
v 1.235124 0.778000 0.404215
v 1.235124 0.782000 0.404215
v 1.216000 0.783500 0.442000
v 1.213193 0.781750 0.440857
v 1.213193 0.778250 0.440857
v 1.216000 0.776500 0.442000
v 1.218807 0.778250 0.443143
v 1.218807 0.781750 0.443143
v 1.216000 0.780000 0.402000
v 1.225405 0.780000 0.409639
v 1.222650 0.786650 0.409639
v 1.216000 0.789405 0.409639
v 1.209350 0.786650 0.409639
v 1.206595 0.780000 0.409639
v 1.209350 0.773350 0.409639
v 1.216000 0.770595 0.409639
v 1.222650 0.773350 0.409639
v 1.231217 0.780000 0.429639
v 1.226760 0.790760 0.429639
v 1.216000 0.795217 0.429639
v 1.205240 0.790760 0.429639
v 1.200783 0.780000 0.429639
v 1.205240 0.769240 0.429639
v 1.216000 0.764783 0.429639
v 1.226760 0.769240 0.429639
v 1.231217 0.780000 0.454361
v 1.226760 0.790760 0.454361
v 1.216000 0.795217 0.454361
v 1.205240 0.790760 0.454361
v 1.200783 0.780000 0.454361
v 1.205240 0.769240 0.454361
v 1.216000 0.764783 0.454361
v 1.226760 0.769240 0.454361
v 1.225405 0.780000 0.474361
v 1.222650 0.786650 0.474361
v 1.216000 0.789405 0.474361
v 1.209350 0.786650 0.474361
v 1.206595 0.780000 0.474361
v 1.209350 0.773350 0.474361
v 1.216000 0.770595 0.474361
v 1.222650 0.773350 0.474361
v 1.216000 0.780000 0.482000
v 1.280000 0.784000 0.012000
v 1.276536 0.782000 0.012000
v 1.276536 0.778000 0.012000
v 1.280000 0.776000 0.012000
v 1.283464 0.778000 0.012000
v 1.283464 0.782000 0.012000
v 1.280000 0.784000 0.334500
v 1.276536 0.782000 0.334500
v 1.276536 0.778000 0.334500
v 1.280000 0.776000 0.334500
v 1.283464 0.778000 0.334500
v 1.283464 0.782000 0.334500
v 1.280000 1.904000 0.012000
v 1.276536 1.902000 0.011996
v 1.276536 1.898000 0.011996
v 1.280000 1.896000 0.012000
v 1.283464 1.898000 0.012004
v 1.283464 1.902000 0.012004
v 1.279952 1.903500 0.051091
v 1.276921 1.901750 0.051087
v 1.276921 1.898250 0.051087
v 1.279952 1.896500 0.051091
v 1.282983 1.898250 0.051095
v 1.282983 1.901750 0.051095
v 1.279952 1.904000 0.051091
v 1.276488 1.902000 0.051061
v 1.276488 1.898000 0.051061
v 1.279952 1.896000 0.051091
v 1.283416 1.898000 0.051121
v 1.283416 1.902000 0.051121
v 1.279615 1.903500 0.090182
v 1.276584 1.901750 0.090156
v 1.276584 1.898250 0.090156
v 1.279615 1.896500 0.090182
v 1.282646 1.898250 0.090208
v 1.282646 1.901750 0.090208
v 1.279615 1.904000 0.090182
v 1.276152 1.902000 0.090101
v 1.276152 1.898000 0.090101
v 1.279615 1.896000 0.090182
v 1.283078 1.898000 0.090263
v 1.283078 1.902000 0.090263
v 1.278702 1.903500 0.129273
v 1.275671 1.901750 0.129202
v 1.275671 1.898250 0.129202
v 1.278702 1.896500 0.129273
v 1.281732 1.898250 0.129344
v 1.281732 1.901750 0.129344
v 1.278702 1.904000 0.129273
v 1.275241 1.902000 0.129115
v 1.275241 1.898000 0.129115
v 1.278702 1.896000 0.129273
v 1.282162 1.898000 0.129430
v 1.282162 1.902000 0.129430
v 1.276923 1.903500 0.168364
v 1.273895 1.901750 0.168226
v 1.273895 1.898250 0.168226
v 1.276923 1.896500 0.168364
v 1.279951 1.898250 0.168501
v 1.279951 1.901750 0.168501
v 1.276923 1.904000 0.168364
v 1.273468 1.902000 0.168104
v 1.273468 1.898000 0.168104
v 1.276923 1.896000 0.168364
v 1.280377 1.898000 0.168623
v 1.280377 1.902000 0.168623
v 1.273989 1.903500 0.207455
v 1.270967 1.901750 0.207228
v 1.270967 1.898250 0.207228
v 1.273989 1.896500 0.207455
v 1.277012 1.898250 0.207681
v 1.277012 1.901750 0.207681
v 1.273989 1.904000 0.207455
v 1.270547 1.902000 0.207069
v 1.270547 1.898000 0.207069
v 1.273989 1.896000 0.207455
v 1.277432 1.898000 0.207840
v 1.277432 1.902000 0.207840
v 1.269614 1.903500 0.246545
v 1.266602 1.901750 0.246208
v 1.266602 1.898250 0.246208
v 1.269614 1.896500 0.246545
v 1.272626 1.898250 0.246883
v 1.272626 1.901750 0.246883
v 1.269614 1.904000 0.246545
v 1.266191 1.902000 0.246011
v 1.266191 1.898000 0.246011
v 1.269614 1.896000 0.246545
v 1.273036 1.898000 0.247080
v 1.273036 1.902000 0.247080
v 1.263507 1.903500 0.285636
v 1.260512 1.901750 0.285169
v 1.260512 1.898250 0.285169
v 1.263507 1.896500 0.285636
v 1.266502 1.898250 0.286104
v 1.266502 1.901750 0.286104
v 1.263507 1.904000 0.285636
v 1.260116 1.902000 0.284931
v 1.260116 1.898000 0.284931
v 1.263507 1.896000 0.285636
v 1.266899 1.898000 0.286341
v 1.266899 1.902000 0.286341
v 1.255381 1.903500 0.324727
v 1.252413 1.901750 0.324110
v 1.252413 1.898250 0.324110
v 1.255381 1.896500 0.324727
v 1.258349 1.898250 0.325344
v 1.258349 1.901750 0.325344
v 1.255381 1.904000 0.324727
v 1.252034 1.902000 0.323834
v 1.252034 1.898000 0.323834
v 1.255381 1.896000 0.324727
v 1.258728 1.898000 0.325621
v 1.258728 1.902000 0.325621
v 1.244947 1.903500 0.363818
v 1.242018 1.901750 0.363036
v 1.242018 1.898250 0.363036
v 1.244947 1.896500 0.363818
v 1.247875 1.898250 0.364600
v 1.247875 1.901750 0.364600
v 1.244947 1.904000 0.363818
v 1.241660 1.902000 0.362723
v 1.241660 1.898000 0.362723
v 1.244947 1.896000 0.363818
v 1.248233 1.898000 0.364914
v 1.248233 1.902000 0.364914
v 1.231916 1.903500 0.402909
v 1.229040 1.901750 0.401951
v 1.229040 1.898250 0.401951
v 1.231916 1.896500 0.402909
v 1.234791 1.898250 0.403868
v 1.234791 1.901750 0.403868
v 1.231916 1.904000 0.402909
v 1.228707 1.902000 0.401603
v 1.228707 1.898000 0.401603
v 1.231916 1.896000 0.402909
v 1.235124 1.898000 0.404215
v 1.235124 1.902000 0.404215
v 1.216000 1.903500 0.442000
v 1.213193 1.901750 0.440857
v 1.213193 1.898250 0.440857
v 1.216000 1.896500 0.442000
v 1.218807 1.898250 0.443143
v 1.218807 1.901750 0.443143
v 1.216000 1.900000 0.402000
v 1.225405 1.900000 0.409639
v 1.222650 1.906650 0.409639
v 1.216000 1.909405 0.409639
v 1.209350 1.906650 0.409639
v 1.206595 1.900000 0.409639
v 1.209350 1.893350 0.409639
v 1.216000 1.890595 0.409639
v 1.222650 1.893350 0.409639
v 1.231217 1.900000 0.429639
v 1.226760 1.910760 0.429639
v 1.216000 1.915217 0.429639
v 1.205240 1.910760 0.429639
v 1.200783 1.900000 0.429639
v 1.205240 1.889240 0.429639
v 1.216000 1.884783 0.429639
v 1.226760 1.889240 0.429639
v 1.231217 1.900000 0.454361
v 1.226760 1.910760 0.454361
v 1.216000 1.915217 0.454361
v 1.205240 1.910760 0.454361
v 1.200783 1.900000 0.454361
v 1.205240 1.889240 0.454361
v 1.216000 1.884783 0.454361
v 1.226760 1.889240 0.454361
v 1.225405 1.900000 0.474361
v 1.222650 1.906650 0.474361
v 1.216000 1.909405 0.474361
v 1.209350 1.906650 0.474361
v 1.206595 1.900000 0.474361
v 1.209350 1.893350 0.474361
v 1.216000 1.890595 0.474361
v 1.222650 1.893350 0.474361
v 1.216000 1.900000 0.482000
v 1.280000 1.904000 0.012000
v 1.276536 1.902000 0.012000
v 1.276536 1.898000 0.012000
v 1.280000 1.896000 0.012000
v 1.283464 1.898000 0.012000
v 1.283464 1.902000 0.012000
v 1.280000 1.904000 0.334500
v 1.276536 1.902000 0.334500
v 1.276536 1.898000 0.334500
v 1.280000 1.896000 0.334500
v 1.283464 1.898000 0.334500
v 1.283464 1.902000 0.334500
v 1.290000 3.284000 0.012000
v 1.286536 3.282000 0.011996
v 1.286536 3.278000 0.011996
v 1.290000 3.276000 0.012000
v 1.293464 3.278000 0.012004
v 1.293464 3.282000 0.012004
v 1.289952 3.283500 0.051091
v 1.286921 3.281750 0.051087
v 1.286921 3.278250 0.051087
v 1.289952 3.276500 0.051091
v 1.292983 3.278250 0.051095
v 1.292983 3.281750 0.051095
v 1.289952 3.284000 0.051091
v 1.286488 3.282000 0.051061
v 1.286488 3.278000 0.051061
v 1.289952 3.276000 0.051091
v 1.293416 3.278000 0.051121
v 1.293416 3.282000 0.051121
v 1.289615 3.283500 0.090182
v 1.286584 3.281750 0.090156
v 1.286584 3.278250 0.090156
v 1.289615 3.276500 0.090182
v 1.292646 3.278250 0.090208
v 1.292646 3.281750 0.090208
v 1.289615 3.284000 0.090182
v 1.286152 3.282000 0.090101
v 1.286152 3.278000 0.090101
v 1.289615 3.276000 0.090182
v 1.293079 3.278000 0.090263
v 1.293079 3.282000 0.090263
v 1.288702 3.283500 0.129273
v 1.285671 3.281750 0.129202
v 1.285671 3.278250 0.129202
v 1.288702 3.276500 0.129273
v 1.291732 3.278250 0.129344
v 1.291732 3.281750 0.129344
v 1.288702 3.284000 0.129273
v 1.285241 3.282000 0.129115
v 1.285241 3.278000 0.129115
v 1.288702 3.276000 0.129273
v 1.292162 3.278000 0.129430
v 1.292162 3.282000 0.129430
v 1.286923 3.283500 0.168364
v 1.283895 3.281750 0.168226
v 1.283895 3.278250 0.168226
v 1.286923 3.276500 0.168364
v 1.289951 3.278250 0.168501
v 1.289951 3.281750 0.168501
v 1.286923 3.284000 0.168364
v 1.283468 3.282000 0.168104
v 1.283468 3.278000 0.168104
v 1.286923 3.276000 0.168364
v 1.290377 3.278000 0.168623
v 1.290377 3.282000 0.168623
v 1.283989 3.283500 0.207455
v 1.280967 3.281750 0.207228
v 1.280967 3.278250 0.207228
v 1.283989 3.276500 0.207455
v 1.287012 3.278250 0.207681
v 1.287012 3.281750 0.207681
v 1.283989 3.284000 0.207455
v 1.280547 3.282000 0.207069
v 1.280547 3.278000 0.207069
v 1.283989 3.276000 0.207455
v 1.287432 3.278000 0.207840
v 1.287432 3.282000 0.207840
v 1.279614 3.283500 0.246545
v 1.276602 3.281750 0.246208
v 1.276602 3.278250 0.246208
v 1.279614 3.276500 0.246545
v 1.282626 3.278250 0.246883
v 1.282626 3.281750 0.246883
v 1.279614 3.284000 0.246545
v 1.276191 3.282000 0.246011
v 1.276191 3.278000 0.246011
v 1.279614 3.276000 0.246545
v 1.283036 3.278000 0.247080
v 1.283036 3.282000 0.247080
v 1.273507 3.283500 0.285636
v 1.270512 3.281750 0.285169
v 1.270512 3.278250 0.285169
v 1.273507 3.276500 0.285636
v 1.276502 3.278250 0.286104
v 1.276502 3.281750 0.286104
v 1.273507 3.284000 0.285636
v 1.270115 3.282000 0.284931
v 1.270115 3.278000 0.284931
v 1.273507 3.276000 0.285636
v 1.276899 3.278000 0.286341
v 1.276899 3.282000 0.286341
v 1.265381 3.283500 0.324727
v 1.262413 3.281750 0.324110
v 1.262413 3.278250 0.324110
v 1.265381 3.276500 0.324727
v 1.268349 3.278250 0.325344
v 1.268349 3.281750 0.325344
v 1.265381 3.284000 0.324727
v 1.262034 3.282000 0.323834
v 1.262034 3.278000 0.323834
v 1.265381 3.276000 0.324727
v 1.268728 3.278000 0.325621
v 1.268728 3.282000 0.325621
v 1.254947 3.283500 0.363818
v 1.252018 3.281750 0.363036
v 1.252018 3.278250 0.363036
v 1.254947 3.276500 0.363818
v 1.257875 3.278250 0.364600
v 1.257875 3.281750 0.364600
v 1.254947 3.284000 0.363818
v 1.251660 3.282000 0.362723
v 1.251660 3.278000 0.362723
v 1.254947 3.276000 0.363818
v 1.258233 3.278000 0.364914
v 1.258233 3.282000 0.364914
v 1.241916 3.283500 0.402909
v 1.239040 3.281750 0.401951
v 1.239040 3.278250 0.401951
v 1.241916 3.276500 0.402909
v 1.244791 3.278250 0.403868
v 1.244791 3.281750 0.403868
v 1.241916 3.284000 0.402909
v 1.238708 3.282000 0.401603
v 1.238708 3.278000 0.401603
v 1.241916 3.276000 0.402909
v 1.245124 3.278000 0.404215
v 1.245124 3.282000 0.404215
v 1.226000 3.283500 0.442000
v 1.223193 3.281750 0.440857
v 1.223193 3.278250 0.440857
v 1.226000 3.276500 0.442000
v 1.228807 3.278250 0.443143
v 1.228807 3.281750 0.443143
v 1.226000 3.280000 0.402000
v 1.235405 3.280000 0.409639
v 1.232650 3.286650 0.409639
v 1.226000 3.289405 0.409639
v 1.219350 3.286650 0.409639
v 1.216595 3.280000 0.409639
v 1.219350 3.273350 0.409639
v 1.226000 3.270596 0.409639
v 1.232650 3.273350 0.409639
v 1.241217 3.280000 0.429639
v 1.236760 3.290760 0.429639
v 1.226000 3.295217 0.429639
v 1.215240 3.290760 0.429639
v 1.210783 3.280000 0.429639
v 1.215240 3.269240 0.429639
v 1.226000 3.264783 0.429639
v 1.236760 3.269240 0.429639
v 1.241217 3.280000 0.454361
v 1.236760 3.290760 0.454361
v 1.226000 3.295217 0.454361
v 1.215240 3.290760 0.454361
v 1.210783 3.280000 0.454361
v 1.215240 3.269240 0.454361
v 1.226000 3.264783 0.454361
v 1.236760 3.269240 0.454361
v 1.235405 3.280000 0.474361
v 1.232650 3.286650 0.474361
v 1.226000 3.289405 0.474361
v 1.219350 3.286650 0.474361
v 1.216595 3.280000 0.474361
v 1.219350 3.273350 0.474361
v 1.226000 3.270596 0.474361
v 1.232650 3.273350 0.474361
v 1.226000 3.280000 0.482000
v 1.290000 3.284000 0.012000
v 1.286536 3.282000 0.012000
v 1.286536 3.278000 0.012000
v 1.290000 3.276000 0.012000
v 1.293464 3.278000 0.012000
v 1.293464 3.282000 0.012000
v 1.290000 3.284000 0.334500
v 1.286536 3.282000 0.334500
v 1.286536 3.278000 0.334500
v 1.290000 3.276000 0.334500
v 1.293464 3.278000 0.334500
v 1.293464 3.282000 0.334500
v 2.950000 0.904000 0.012000
v 2.946536 0.902000 0.011996
v 2.946536 0.898000 0.011996
v 2.950000 0.896000 0.012000
v 2.953464 0.898000 0.012004
v 2.953464 0.902000 0.012004
v 2.949952 0.903500 0.051091
v 2.946921 0.901750 0.051087
v 2.946921 0.898250 0.051087
v 2.949952 0.896500 0.051091
v 2.952983 0.898250 0.051095
v 2.952983 0.901750 0.051095
v 2.949952 0.904000 0.051091
v 2.946488 0.902000 0.051061
v 2.946488 0.898000 0.051061
v 2.949952 0.896000 0.051091
v 2.953416 0.898000 0.051121
v 2.953416 0.902000 0.051121
v 2.949615 0.903500 0.090182
v 2.946584 0.901750 0.090156
v 2.946584 0.898250 0.090156
v 2.949615 0.896500 0.090182
v 2.952646 0.898250 0.090208
v 2.952646 0.901750 0.090208
v 2.949615 0.904000 0.090182
v 2.946152 0.902000 0.090101
v 2.946152 0.898000 0.090101
v 2.949615 0.896000 0.090182
v 2.953079 0.898000 0.090263
v 2.953079 0.902000 0.090263
v 2.948702 0.903500 0.129273
v 2.945672 0.901750 0.129202
v 2.945672 0.898250 0.129202
v 2.948702 0.896500 0.129273
v 2.951732 0.898250 0.129344
v 2.951732 0.901750 0.129344
v 2.948702 0.904000 0.129273
v 2.945241 0.902000 0.129115
v 2.945241 0.898000 0.129115
v 2.948702 0.896000 0.129273
v 2.952162 0.898000 0.129430
v 2.952162 0.902000 0.129430
v 2.946923 0.903500 0.168364
v 2.943895 0.901750 0.168226
v 2.943895 0.898250 0.168226
v 2.946923 0.896500 0.168364
v 2.949950 0.898250 0.168501
v 2.949950 0.901750 0.168501
v 2.946923 0.904000 0.168364
v 2.943468 0.902000 0.168104
v 2.943468 0.898000 0.168104
v 2.946923 0.896000 0.168364
v 2.950377 0.898000 0.168623
v 2.950377 0.902000 0.168623
v 2.943990 0.903500 0.207455
v 2.940967 0.901750 0.207228
v 2.940967 0.898250 0.207228
v 2.943990 0.896500 0.207455
v 2.947012 0.898250 0.207681
v 2.947012 0.901750 0.207681
v 2.943990 0.904000 0.207455
v 2.940547 0.902000 0.207069
v 2.940547 0.898000 0.207069
v 2.943990 0.896000 0.207455
v 2.947432 0.898000 0.207840
v 2.947432 0.902000 0.207840
v 2.939614 0.903500 0.246545
v 2.936602 0.901750 0.246208
v 2.936602 0.898250 0.246208
v 2.939614 0.896500 0.246545
v 2.942626 0.898250 0.246883
v 2.942626 0.901750 0.246883
v 2.939614 0.904000 0.246545
v 2.936191 0.902000 0.246011
v 2.936191 0.898000 0.246011
v 2.939614 0.896000 0.246545
v 2.943036 0.898000 0.247080
v 2.943036 0.902000 0.247080
v 2.933507 0.903500 0.285636
v 2.930512 0.901750 0.285169
v 2.930512 0.898250 0.285169
v 2.933507 0.896500 0.285636
v 2.936502 0.898250 0.286104
v 2.936502 0.901750 0.286104
v 2.933507 0.904000 0.285636
v 2.930115 0.902000 0.284931
v 2.930115 0.898000 0.284931
v 2.933507 0.896000 0.285636
v 2.936899 0.898000 0.286341
v 2.936899 0.902000 0.286341
v 2.925381 0.903500 0.324727
v 2.922413 0.901750 0.324110
v 2.922413 0.898250 0.324110
v 2.925381 0.896500 0.324727
v 2.928349 0.898250 0.325344
v 2.928349 0.901750 0.325344
v 2.925381 0.904000 0.324727
v 2.922034 0.902000 0.323834
v 2.922034 0.898000 0.323834
v 2.925381 0.896000 0.324727
v 2.928728 0.898000 0.325621
v 2.928728 0.902000 0.325621
v 2.914947 0.903500 0.363818
v 2.912018 0.901750 0.363036
v 2.912018 0.898250 0.363036
v 2.914947 0.896500 0.363818
v 2.917875 0.898250 0.364600
v 2.917875 0.901750 0.364600
v 2.914947 0.904000 0.363818
v 2.911660 0.902000 0.362723
v 2.911660 0.898000 0.362723
v 2.914947 0.896000 0.363818
v 2.918233 0.898000 0.364914
v 2.918233 0.902000 0.364914
v 2.901916 0.903500 0.402909
v 2.899040 0.901750 0.401951
v 2.899040 0.898250 0.401951
v 2.901916 0.896500 0.402909
v 2.904791 0.898250 0.403868
v 2.904791 0.901750 0.403868
v 2.901916 0.904000 0.402909
v 2.898707 0.902000 0.401603
v 2.898707 0.898000 0.401603
v 2.901916 0.896000 0.402909
v 2.905124 0.898000 0.404215
v 2.905124 0.902000 0.404215
v 2.886000 0.903500 0.442000
v 2.883193 0.901750 0.440857
v 2.883193 0.898250 0.440857
v 2.886000 0.896500 0.442000
v 2.888807 0.898250 0.443143
v 2.888807 0.901750 0.443143
v 2.886000 0.900000 0.402000
v 2.895405 0.900000 0.409639
v 2.892650 0.906650 0.409639
v 2.886000 0.909405 0.409639
v 2.879350 0.906650 0.409639
v 2.876595 0.900000 0.409639
v 2.879350 0.893350 0.409639
v 2.886000 0.890595 0.409639
v 2.892650 0.893350 0.409639
v 2.901217 0.900000 0.429639
v 2.896760 0.910760 0.429639
v 2.886000 0.915217 0.429639
v 2.875240 0.910760 0.429639
v 2.870783 0.900000 0.429639
v 2.875240 0.889240 0.429639
v 2.886000 0.884783 0.429639
v 2.896760 0.889240 0.429639
v 2.901217 0.900000 0.454361
v 2.896760 0.910760 0.454361
v 2.886000 0.915217 0.454361
v 2.875240 0.910760 0.454361
v 2.870783 0.900000 0.454361
v 2.875240 0.889240 0.454361
v 2.886000 0.884783 0.454361
v 2.896760 0.889240 0.454361
v 2.895405 0.900000 0.474361
v 2.892650 0.906650 0.474361
v 2.886000 0.909405 0.474361
v 2.879350 0.906650 0.474361
v 2.876595 0.900000 0.474361
v 2.879350 0.893350 0.474361
v 2.886000 0.890595 0.474361
v 2.892650 0.893350 0.474361
v 2.886000 0.900000 0.482000
v 2.950000 0.904000 0.012000
v 2.946536 0.902000 0.012000
v 2.946536 0.898000 0.012000
v 2.950000 0.896000 0.012000
v 2.953464 0.898000 0.012000
v 2.953464 0.902000 0.012000
v 2.950000 0.904000 0.334500
v 2.946536 0.902000 0.334500
v 2.946536 0.898000 0.334500
v 2.950000 0.896000 0.334500
v 2.953464 0.898000 0.334500
v 2.953464 0.902000 0.334500
v 2.950000 2.004000 0.012000
v 2.946536 2.002000 0.011996
v 2.946536 1.998000 0.011996
v 2.950000 1.996000 0.012000
v 2.953464 1.998000 0.012004
v 2.953464 2.002000 0.012004
v 2.949952 2.003500 0.051091
v 2.946921 2.001750 0.051087
v 2.946921 1.998250 0.051087
v 2.949952 1.996500 0.051091
v 2.952983 1.998250 0.051095
v 2.952983 2.001750 0.051095
v 2.949952 2.004000 0.051091
v 2.946488 2.002000 0.051061
v 2.946488 1.998000 0.051061
v 2.949952 1.996000 0.051091
v 2.953416 1.998000 0.051121
v 2.953416 2.002000 0.051121
v 2.949615 2.003500 0.090182
v 2.946584 2.001750 0.090156
v 2.946584 1.998250 0.090156
v 2.949615 1.996500 0.090182
v 2.952646 1.998250 0.090208
v 2.952646 2.001750 0.090208
v 2.949615 2.004000 0.090182
v 2.946152 2.002000 0.090101
v 2.946152 1.998000 0.090101
v 2.949615 1.996000 0.090182
v 2.953079 1.998000 0.090263
v 2.953079 2.002000 0.090263
v 2.948702 2.003500 0.129273
v 2.945672 2.001750 0.129202
v 2.945672 1.998250 0.129202
v 2.948702 1.996500 0.129273
v 2.951732 1.998250 0.129344
v 2.951732 2.001750 0.129344
v 2.948702 2.004000 0.129273
v 2.945241 2.002000 0.129115
v 2.945241 1.998000 0.129115
v 2.948702 1.996000 0.129273
v 2.952162 1.998000 0.129430
v 2.952162 2.002000 0.129430
v 2.946923 2.003500 0.168364
v 2.943895 2.001750 0.168226
v 2.943895 1.998250 0.168226
v 2.946923 1.996500 0.168364
v 2.949950 1.998250 0.168501
v 2.949950 2.001750 0.168501
v 2.946923 2.004000 0.168364
v 2.943468 2.002000 0.168104
v 2.943468 1.998000 0.168104
v 2.946923 1.996000 0.168364
v 2.950377 1.998000 0.168623
v 2.950377 2.002000 0.168623
v 2.943990 2.003500 0.207455
v 2.940967 2.001750 0.207228
v 2.940967 1.998250 0.207228
v 2.943990 1.996500 0.207455
v 2.947012 1.998250 0.207681
v 2.947012 2.001750 0.207681
v 2.943990 2.004000 0.207455
v 2.940547 2.002000 0.207069
v 2.940547 1.998000 0.207069
v 2.943990 1.996000 0.207455
v 2.947432 1.998000 0.207840
v 2.947432 2.002000 0.207840
v 2.939614 2.003500 0.246545
v 2.936602 2.001750 0.246208
v 2.936602 1.998250 0.246208
v 2.939614 1.996500 0.246545
v 2.942626 1.998250 0.246883
v 2.942626 2.001750 0.246883
v 2.939614 2.004000 0.246545
v 2.936191 2.002000 0.246011
v 2.936191 1.998000 0.246011
v 2.939614 1.996000 0.246545
v 2.943036 1.998000 0.247080
v 2.943036 2.002000 0.247080
v 2.933507 2.003500 0.285636
v 2.930512 2.001750 0.285169
v 2.930512 1.998250 0.285169
v 2.933507 1.996500 0.285636
v 2.936502 1.998250 0.286104
v 2.936502 2.001750 0.286104
v 2.933507 2.004000 0.285636
v 2.930115 2.002000 0.284931
v 2.930115 1.998000 0.284931
v 2.933507 1.996000 0.285636
v 2.936899 1.998000 0.286341
v 2.936899 2.002000 0.286341
v 2.925381 2.003500 0.324727
v 2.922413 2.001750 0.324110
v 2.922413 1.998250 0.324110
v 2.925381 1.996500 0.324727
v 2.928349 1.998250 0.325344
v 2.928349 2.001750 0.325344
v 2.925381 2.004000 0.324727
v 2.922034 2.002000 0.323834
v 2.922034 1.998000 0.323834
v 2.925381 1.996000 0.324727
v 2.928728 1.998000 0.325621
v 2.928728 2.002000 0.325621
v 2.914947 2.003500 0.363818
v 2.912018 2.001750 0.363036
v 2.912018 1.998250 0.363036
v 2.914947 1.996500 0.363818
v 2.917875 1.998250 0.364600
v 2.917875 2.001750 0.364600
v 2.914947 2.004000 0.363818
v 2.911660 2.002000 0.362723
v 2.911660 1.998000 0.362723
v 2.914947 1.996000 0.363818
v 2.918233 1.998000 0.364914
v 2.918233 2.002000 0.364914
v 2.901916 2.003500 0.402909
v 2.899040 2.001750 0.401951
v 2.899040 1.998250 0.401951
v 2.901916 1.996500 0.402909
v 2.904791 1.998250 0.403868
v 2.904791 2.001750 0.403868
v 2.901916 2.004000 0.402909
v 2.898707 2.002000 0.401603
v 2.898707 1.998000 0.401603
v 2.901916 1.996000 0.402909
v 2.905124 1.998000 0.404215
v 2.905124 2.002000 0.404215
v 2.886000 2.003500 0.442000
v 2.883193 2.001750 0.440857
v 2.883193 1.998250 0.440857
v 2.886000 1.996500 0.442000
v 2.888807 1.998250 0.443143
v 2.888807 2.001750 0.443143
v 2.886000 2.000000 0.402000
v 2.895405 2.000000 0.409639
v 2.892650 2.006650 0.409639
v 2.886000 2.009405 0.409639
v 2.879350 2.006650 0.409639
v 2.876595 2.000000 0.409639
v 2.879350 1.993350 0.409639
v 2.886000 1.990595 0.409639
v 2.892650 1.993350 0.409639
v 2.901217 2.000000 0.429639
v 2.896760 2.010760 0.429639
v 2.886000 2.015217 0.429639
v 2.875240 2.010760 0.429639
v 2.870783 2.000000 0.429639
v 2.875240 1.989240 0.429639
v 2.886000 1.984783 0.429639
v 2.896760 1.989240 0.429639
v 2.901217 2.000000 0.454361
v 2.896760 2.010760 0.454361
v 2.886000 2.015217 0.454361
v 2.875240 2.010760 0.454361
v 2.870783 2.000000 0.454361
v 2.875240 1.989240 0.454361
v 2.886000 1.984783 0.454361
v 2.896760 1.989240 0.454361
v 2.895405 2.000000 0.474361
v 2.892650 2.006650 0.474361
v 2.886000 2.009405 0.474361
v 2.879350 2.006650 0.474361
v 2.876595 2.000000 0.474361
v 2.879350 1.993350 0.474361
v 2.886000 1.990595 0.474361
v 2.892650 1.993350 0.474361
v 2.886000 2.000000 0.482000
v 2.950000 2.004000 0.012000
v 2.946536 2.002000 0.012000
v 2.946536 1.998000 0.012000
v 2.950000 1.996000 0.012000
v 2.953464 1.998000 0.012000
v 2.953464 2.002000 0.012000
v 2.950000 2.004000 0.334500
v 2.946536 2.002000 0.334500
v 2.946536 1.998000 0.334500
v 2.950000 1.996000 0.334500
v 2.953464 1.998000 0.334500
v 2.953464 2.002000 0.334500
v 2.950000 3.154000 0.012000
v 2.946536 3.152000 0.011996
v 2.946536 3.148000 0.011996
v 2.950000 3.146000 0.012000
v 2.953464 3.148000 0.012004
v 2.953464 3.152000 0.012004
v 2.949952 3.153500 0.051091
v 2.946921 3.151750 0.051087
v 2.946921 3.148250 0.051087
v 2.949952 3.146500 0.051091
v 2.952983 3.148250 0.051095
v 2.952983 3.151750 0.051095
v 2.949952 3.154000 0.051091
v 2.946488 3.152000 0.051061
v 2.946488 3.148000 0.051061
v 2.949952 3.146000 0.051091
v 2.953416 3.148000 0.051121
v 2.953416 3.152000 0.051121
v 2.949615 3.153500 0.090182
v 2.946584 3.151750 0.090156
v 2.946584 3.148250 0.090156
v 2.949615 3.146500 0.090182
v 2.952646 3.148250 0.090208
v 2.952646 3.151750 0.090208
v 2.949615 3.154000 0.090182
v 2.946152 3.152000 0.090101
v 2.946152 3.148000 0.090101
v 2.949615 3.146000 0.090182
v 2.953079 3.148000 0.090263
v 2.953079 3.152000 0.090263
v 2.948702 3.153500 0.129273
v 2.945672 3.151750 0.129202
v 2.945672 3.148250 0.129202
v 2.948702 3.146500 0.129273
v 2.951732 3.148250 0.129344
v 2.951732 3.151750 0.129344
v 2.948702 3.154000 0.129273
v 2.945241 3.152000 0.129115
v 2.945241 3.148000 0.129115
v 2.948702 3.146000 0.129273
v 2.952162 3.148000 0.129430
v 2.952162 3.152000 0.129430
v 2.946923 3.153500 0.168364
v 2.943895 3.151750 0.168226
v 2.943895 3.148250 0.168226
v 2.946923 3.146500 0.168364
v 2.949950 3.148250 0.168501
v 2.949950 3.151750 0.168501
v 2.946923 3.154000 0.168364
v 2.943468 3.152000 0.168104
v 2.943468 3.148000 0.168104
v 2.946923 3.146000 0.168364
v 2.950377 3.148000 0.168623
v 2.950377 3.152000 0.168623
v 2.943990 3.153500 0.207455
v 2.940967 3.151750 0.207228
v 2.940967 3.148250 0.207228
v 2.943990 3.146500 0.207455
v 2.947012 3.148250 0.207681
v 2.947012 3.151750 0.207681
v 2.943990 3.154000 0.207455
v 2.940547 3.152000 0.207069
v 2.940547 3.148000 0.207069
v 2.943990 3.146000 0.207455
v 2.947432 3.148000 0.207840
v 2.947432 3.152000 0.207840
v 2.939614 3.153500 0.246545
v 2.936602 3.151750 0.246208
v 2.936602 3.148250 0.246208
v 2.939614 3.146500 0.246545
v 2.942626 3.148250 0.246883
v 2.942626 3.151750 0.246883
v 2.939614 3.154000 0.246545
v 2.936191 3.152000 0.246011
v 2.936191 3.148000 0.246011
v 2.939614 3.146000 0.246545
v 2.943036 3.148000 0.247080
v 2.943036 3.152000 0.247080
v 2.933507 3.153500 0.285636
v 2.930512 3.151750 0.285169
v 2.930512 3.148250 0.285169
v 2.933507 3.146500 0.285636
v 2.936502 3.148250 0.286104
v 2.936502 3.151750 0.286104
v 2.933507 3.154000 0.285636
v 2.930115 3.152000 0.284931
v 2.930115 3.148000 0.284931
v 2.933507 3.146000 0.285636
v 2.936899 3.148000 0.286341
v 2.936899 3.152000 0.286341
v 2.925381 3.153500 0.324727
v 2.922413 3.151750 0.324110
v 2.922413 3.148250 0.324110
v 2.925381 3.146500 0.324727
v 2.928349 3.148250 0.325344
v 2.928349 3.151750 0.325344
v 2.925381 3.154000 0.324727
v 2.922034 3.152000 0.323834
v 2.922034 3.148000 0.323834
v 2.925381 3.146000 0.324727
v 2.928728 3.148000 0.325621
v 2.928728 3.152000 0.325621
v 2.914947 3.153500 0.363818
v 2.912018 3.151750 0.363036
v 2.912018 3.148250 0.363036
v 2.914947 3.146500 0.363818
v 2.917875 3.148250 0.364600
v 2.917875 3.151750 0.364600
v 2.914947 3.154000 0.363818
v 2.911660 3.152000 0.362723
v 2.911660 3.148000 0.362723
v 2.914947 3.146000 0.363818
v 2.918233 3.148000 0.364914
v 2.918233 3.152000 0.364914
v 2.901916 3.153500 0.402909
v 2.899040 3.151750 0.401951
v 2.899040 3.148250 0.401951
v 2.901916 3.146500 0.402909
v 2.904791 3.148250 0.403868
v 2.904791 3.151750 0.403868
v 2.901916 3.154000 0.402909
v 2.898707 3.152000 0.401603
v 2.898707 3.148000 0.401603
v 2.901916 3.146000 0.402909
v 2.905124 3.148000 0.404215
v 2.905124 3.152000 0.404215
v 2.886000 3.153500 0.442000
v 2.883193 3.151750 0.440857
v 2.883193 3.148250 0.440857
v 2.886000 3.146500 0.442000
v 2.888807 3.148250 0.443143
v 2.888807 3.151750 0.443143
v 2.886000 3.150000 0.402000
v 2.895405 3.150000 0.409639
v 2.892650 3.156650 0.409639
v 2.886000 3.159405 0.409639
v 2.879350 3.156650 0.409639
v 2.876595 3.150000 0.409639
v 2.879350 3.143350 0.409639
v 2.886000 3.140595 0.409639
v 2.892650 3.143350 0.409639
v 2.901217 3.150000 0.429639
v 2.896760 3.160760 0.429639
v 2.886000 3.165217 0.429639
v 2.875240 3.160760 0.429639
v 2.870783 3.150000 0.429639
v 2.875240 3.139240 0.429639
v 2.886000 3.134783 0.429639
v 2.896760 3.139240 0.429639
v 2.901217 3.150000 0.454361
v 2.896760 3.160760 0.454361
v 2.886000 3.165217 0.454361
v 2.875240 3.160760 0.454361
v 2.870783 3.150000 0.454361
v 2.875240 3.139240 0.454361
v 2.886000 3.134783 0.454361
v 2.896760 3.139240 0.454361
v 2.895405 3.150000 0.474361
v 2.892650 3.156650 0.474361
v 2.886000 3.159405 0.474361
v 2.879350 3.156650 0.474361
v 2.876595 3.150000 0.474361
v 2.879350 3.143350 0.474361
v 2.886000 3.140595 0.474361
v 2.892650 3.143350 0.474361
v 2.886000 3.150000 0.482000
v 2.950000 3.154000 0.012000
v 2.946536 3.152000 0.012000
v 2.946536 3.148000 0.012000
v 2.950000 3.146000 0.012000
v 2.953464 3.148000 0.012000
v 2.953464 3.152000 0.012000
v 2.950000 3.154000 0.334500
v 2.946536 3.152000 0.334500
v 2.946536 3.148000 0.334500
v 2.950000 3.146000 0.334500
v 2.953464 3.148000 0.334500
v 2.953464 3.152000 0.334500
v 2.020000 0.804000 0.012000
v 2.016536 0.802000 0.012004
v 2.016536 0.798000 0.012004
v 2.020000 0.796000 0.012000
v 2.023464 0.798000 0.011996
v 2.023464 0.802000 0.011996
v 2.020048 0.803500 0.051091
v 2.017017 0.801750 0.051095
v 2.017017 0.798250 0.051095
v 2.020048 0.796500 0.051091
v 2.023079 0.798250 0.051087
v 2.023079 0.801750 0.051087
v 2.020048 0.804000 0.051091
v 2.016584 0.802000 0.051121
v 2.016584 0.798000 0.051121
v 2.020048 0.796000 0.051091
v 2.023512 0.798000 0.051061
v 2.023512 0.802000 0.051061
v 2.020385 0.803500 0.090182
v 2.017354 0.801750 0.090208
v 2.017354 0.798250 0.090208
v 2.020385 0.796500 0.090182
v 2.023416 0.798250 0.090156
v 2.023416 0.801750 0.090156
v 2.020385 0.804000 0.090182
v 2.016922 0.802000 0.090263
v 2.016922 0.798000 0.090263
v 2.020385 0.796000 0.090182
v 2.023848 0.798000 0.090101
v 2.023848 0.802000 0.090101
v 2.021298 0.803500 0.129273
v 2.018268 0.801750 0.129344
v 2.018268 0.798250 0.129344
v 2.021298 0.796500 0.129273
v 2.024328 0.798250 0.129202
v 2.024328 0.801750 0.129202
v 2.021298 0.804000 0.129273
v 2.017838 0.802000 0.129430
v 2.017838 0.798000 0.129430
v 2.021298 0.796000 0.129273
v 2.024759 0.798000 0.129115
v 2.024759 0.802000 0.129115
v 2.023077 0.803500 0.168364
v 2.020049 0.801750 0.168501
v 2.020049 0.798250 0.168501
v 2.023077 0.796500 0.168364
v 2.026105 0.798250 0.168226
v 2.026105 0.801750 0.168226
v 2.023077 0.804000 0.168364
v 2.019623 0.802000 0.168623
v 2.019623 0.798000 0.168623
v 2.023077 0.796000 0.168364
v 2.026532 0.798000 0.168104
v 2.026532 0.802000 0.168104
v 2.026011 0.803500 0.207455
v 2.022988 0.801750 0.207681
v 2.022988 0.798250 0.207681
v 2.026011 0.796500 0.207455
v 2.029033 0.798250 0.207228
v 2.029033 0.801750 0.207228
v 2.026011 0.804000 0.207455
v 2.022568 0.802000 0.207840
v 2.022568 0.798000 0.207840
v 2.026011 0.796000 0.207455
v 2.029453 0.798000 0.207069
v 2.029453 0.802000 0.207069
v 2.030386 0.803500 0.246545
v 2.027374 0.801750 0.246883
v 2.027374 0.798250 0.246883
v 2.030386 0.796500 0.246545
v 2.033398 0.798250 0.246208
v 2.033398 0.801750 0.246208
v 2.030386 0.804000 0.246545
v 2.026963 0.802000 0.247080
v 2.026963 0.798000 0.247080
v 2.030386 0.796000 0.246545
v 2.033809 0.798000 0.246011
v 2.033809 0.802000 0.246011
v 2.036493 0.803500 0.285636
v 2.033498 0.801750 0.286104
v 2.033498 0.798250 0.286104
v 2.036493 0.796500 0.285636
v 2.039488 0.798250 0.285169
v 2.039488 0.801750 0.285169
v 2.036493 0.804000 0.285636
v 2.033101 0.802000 0.286341
v 2.033101 0.798000 0.286341
v 2.036493 0.796000 0.285636
v 2.039885 0.798000 0.284931
v 2.039885 0.802000 0.284931
v 2.044619 0.803500 0.324727
v 2.041651 0.801750 0.325344
v 2.041651 0.798250 0.325344
v 2.044619 0.796500 0.324727
v 2.047587 0.798250 0.324110
v 2.047587 0.801750 0.324110
v 2.044619 0.804000 0.324727
v 2.041272 0.802000 0.325621
v 2.041272 0.798000 0.325621
v 2.044619 0.796000 0.324727
v 2.047966 0.798000 0.323834
v 2.047966 0.802000 0.323834
v 2.055053 0.803500 0.363818
v 2.052125 0.801750 0.364600
v 2.052125 0.798250 0.364600
v 2.055053 0.796500 0.363818
v 2.057982 0.798250 0.363036
v 2.057982 0.801750 0.363036
v 2.055053 0.804000 0.363818
v 2.051767 0.802000 0.364914
v 2.051767 0.798000 0.364914
v 2.055053 0.796000 0.363818
v 2.058340 0.798000 0.362723
v 2.058340 0.802000 0.362723
v 2.068084 0.803500 0.402909
v 2.065209 0.801750 0.403868
v 2.065209 0.798250 0.403868
v 2.068084 0.796500 0.402909
v 2.070960 0.798250 0.401951
v 2.070960 0.801750 0.401951
v 2.068084 0.804000 0.402909
v 2.064876 0.802000 0.404215
v 2.064876 0.798000 0.404215
v 2.068084 0.796000 0.402909
v 2.071292 0.798000 0.401603
v 2.071292 0.802000 0.401603
v 2.084000 0.803500 0.442000
v 2.081193 0.801750 0.443143
v 2.081193 0.798250 0.443143
v 2.084000 0.796500 0.442000
v 2.086807 0.798250 0.440857
v 2.086807 0.801750 0.440857
v 2.084000 0.800000 0.402000
v 2.093405 0.800000 0.409639
v 2.090650 0.806650 0.409639
v 2.084000 0.809405 0.409639
v 2.077350 0.806650 0.409639
v 2.074595 0.800000 0.409639
v 2.077350 0.793350 0.409639
v 2.084000 0.790595 0.409639
v 2.090650 0.793350 0.409639
v 2.099217 0.800000 0.429639
v 2.094760 0.810760 0.429639
v 2.084000 0.815217 0.429639
v 2.073240 0.810760 0.429639
v 2.068783 0.800000 0.429639
v 2.073240 0.789240 0.429639
v 2.084000 0.784783 0.429639
v 2.094760 0.789240 0.429639
v 2.099217 0.800000 0.454361
v 2.094760 0.810760 0.454361
v 2.084000 0.815217 0.454361
v 2.073240 0.810760 0.454361
v 2.068783 0.800000 0.454361
v 2.073240 0.789240 0.454361
v 2.084000 0.784783 0.454361
v 2.094760 0.789240 0.454361
v 2.093405 0.800000 0.474361
v 2.090650 0.806650 0.474361
v 2.084000 0.809405 0.474361
v 2.077350 0.806650 0.474361
v 2.074595 0.800000 0.474361
v 2.077350 0.793350 0.474361
v 2.084000 0.790595 0.474361
v 2.090650 0.793350 0.474361
v 2.084000 0.800000 0.482000
v 2.020000 0.804000 0.012000
v 2.016536 0.802000 0.012000
v 2.016536 0.798000 0.012000
v 2.020000 0.796000 0.012000
v 2.023464 0.798000 0.012000
v 2.023464 0.802000 0.012000
v 2.020000 0.804000 0.334500
v 2.016536 0.802000 0.334500
v 2.016536 0.798000 0.334500
v 2.020000 0.796000 0.334500
v 2.023464 0.798000 0.334500
v 2.023464 0.802000 0.334500
v 2.020000 1.944000 0.012000
v 2.016536 1.942000 0.012004
v 2.016536 1.938000 0.012004
v 2.020000 1.936000 0.012000
v 2.023464 1.938000 0.011996
v 2.023464 1.942000 0.011996
v 2.020048 1.943500 0.051091
v 2.017017 1.941750 0.051095
v 2.017017 1.938250 0.051095
v 2.020048 1.936500 0.051091
v 2.023079 1.938250 0.051087
v 2.023079 1.941750 0.051087
v 2.020048 1.944000 0.051091
v 2.016584 1.942000 0.051121
v 2.016584 1.938000 0.051121
v 2.020048 1.936000 0.051091
v 2.023512 1.938000 0.051061
v 2.023512 1.942000 0.051061
v 2.020385 1.943500 0.090182
v 2.017354 1.941750 0.090208
v 2.017354 1.938250 0.090208
v 2.020385 1.936500 0.090182
v 2.023416 1.938250 0.090156
v 2.023416 1.941750 0.090156
v 2.020385 1.944000 0.090182
v 2.016922 1.942000 0.090263
v 2.016922 1.938000 0.090263
v 2.020385 1.936000 0.090182
v 2.023848 1.938000 0.090101
v 2.023848 1.942000 0.090101
v 2.021298 1.943500 0.129273
v 2.018268 1.941750 0.129344
v 2.018268 1.938250 0.129344
v 2.021298 1.936500 0.129273
v 2.024328 1.938250 0.129202
v 2.024328 1.941750 0.129202
v 2.021298 1.944000 0.129273
v 2.017838 1.942000 0.129430
v 2.017838 1.938000 0.129430
v 2.021298 1.936000 0.129273
v 2.024759 1.938000 0.129115
v 2.024759 1.942000 0.129115
v 2.023077 1.943500 0.168364
v 2.020049 1.941750 0.168501
v 2.020049 1.938250 0.168501
v 2.023077 1.936500 0.168364
v 2.026105 1.938250 0.168226
v 2.026105 1.941750 0.168226
v 2.023077 1.944000 0.168364
v 2.019623 1.942000 0.168623
v 2.019623 1.938000 0.168623
v 2.023077 1.936000 0.168364
v 2.026532 1.938000 0.168104
v 2.026532 1.942000 0.168104
v 2.026011 1.943500 0.207455
v 2.022988 1.941750 0.207681
v 2.022988 1.938250 0.207681
v 2.026011 1.936500 0.207455
v 2.029033 1.938250 0.207228
v 2.029033 1.941750 0.207228
v 2.026011 1.944000 0.207455
v 2.022568 1.942000 0.207840
v 2.022568 1.938000 0.207840
v 2.026011 1.936000 0.207455
v 2.029453 1.938000 0.207069
v 2.029453 1.942000 0.207069
v 2.030386 1.943500 0.246545
v 2.027374 1.941750 0.246883
v 2.027374 1.938250 0.246883
v 2.030386 1.936500 0.246545
v 2.033398 1.938250 0.246208
v 2.033398 1.941750 0.246208
v 2.030386 1.944000 0.246545
v 2.026963 1.942000 0.247080
v 2.026963 1.938000 0.247080
v 2.030386 1.936000 0.246545
v 2.033809 1.938000 0.246011
v 2.033809 1.942000 0.246011
v 2.036493 1.943500 0.285636
v 2.033498 1.941750 0.286104
v 2.033498 1.938250 0.286104
v 2.036493 1.936500 0.285636
v 2.039488 1.938250 0.285169
v 2.039488 1.941750 0.285169
v 2.036493 1.944000 0.285636
v 2.033101 1.942000 0.286341
v 2.033101 1.938000 0.286341
v 2.036493 1.936000 0.285636
v 2.039885 1.938000 0.284931
v 2.039885 1.942000 0.284931
v 2.044619 1.943500 0.324727
v 2.041651 1.941750 0.325344
v 2.041651 1.938250 0.325344
v 2.044619 1.936500 0.324727
v 2.047587 1.938250 0.324110
v 2.047587 1.941750 0.324110
v 2.044619 1.944000 0.324727
v 2.041272 1.942000 0.325621
v 2.041272 1.938000 0.325621
v 2.044619 1.936000 0.324727
v 2.047966 1.938000 0.323834
v 2.047966 1.942000 0.323834
v 2.055053 1.943500 0.363818
v 2.052125 1.941750 0.364600
v 2.052125 1.938250 0.364600
v 2.055053 1.936500 0.363818
v 2.057982 1.938250 0.363036
v 2.057982 1.941750 0.363036
v 2.055053 1.944000 0.363818
v 2.051767 1.942000 0.364914
v 2.051767 1.938000 0.364914
v 2.055053 1.936000 0.363818
v 2.058340 1.938000 0.362723
v 2.058340 1.942000 0.362723
v 2.068084 1.943500 0.402909
v 2.065209 1.941750 0.403868
v 2.065209 1.938250 0.403868
v 2.068084 1.936500 0.402909
v 2.070960 1.938250 0.401951
v 2.070960 1.941750 0.401951
v 2.068084 1.944000 0.402909
v 2.064876 1.942000 0.404215
v 2.064876 1.938000 0.404215
v 2.068084 1.936000 0.402909
v 2.071292 1.938000 0.401603
v 2.071292 1.942000 0.401603
v 2.084000 1.943500 0.442000
v 2.081193 1.941750 0.443143
v 2.081193 1.938250 0.443143
v 2.084000 1.936500 0.442000
v 2.086807 1.938250 0.440857
v 2.086807 1.941750 0.440857
v 2.084000 1.940000 0.402000
v 2.093405 1.940000 0.409639
v 2.090650 1.946650 0.409639
v 2.084000 1.949405 0.409639
v 2.077350 1.946650 0.409639
v 2.074595 1.940000 0.409639
v 2.077350 1.933350 0.409639
v 2.084000 1.930595 0.409639
v 2.090650 1.933350 0.409639
v 2.099217 1.940000 0.429639
v 2.094760 1.950760 0.429639
v 2.084000 1.955217 0.429639
v 2.073240 1.950760 0.429639
v 2.068783 1.940000 0.429639
v 2.073240 1.929240 0.429639
v 2.084000 1.924783 0.429639
v 2.094760 1.929240 0.429639
v 2.099217 1.940000 0.454361
v 2.094760 1.950760 0.454361
v 2.084000 1.955217 0.454361
v 2.073240 1.950760 0.454361
v 2.068783 1.940000 0.454361
v 2.073240 1.929240 0.454361
v 2.084000 1.924783 0.454361
v 2.094760 1.929240 0.454361
v 2.093405 1.940000 0.474361
v 2.090650 1.946650 0.474361
v 2.084000 1.949405 0.474361
v 2.077350 1.946650 0.474361
v 2.074595 1.940000 0.474361
v 2.077350 1.933350 0.474361
v 2.084000 1.930595 0.474361
v 2.090650 1.933350 0.474361
v 2.084000 1.940000 0.482000
v 2.020000 1.944000 0.012000
v 2.016536 1.942000 0.012000
v 2.016536 1.938000 0.012000
v 2.020000 1.936000 0.012000
v 2.023464 1.938000 0.012000
v 2.023464 1.942000 0.012000
v 2.020000 1.944000 0.334500
v 2.016536 1.942000 0.334500
v 2.016536 1.938000 0.334500
v 2.020000 1.936000 0.334500
v 2.023464 1.938000 0.334500
v 2.023464 1.942000 0.334500
v 2.060000 3.284000 0.012000
v 2.056536 3.282000 0.012004
v 2.056536 3.278000 0.012004
v 2.060000 3.276000 0.012000
v 2.063464 3.278000 0.011996
v 2.063464 3.282000 0.011996
v 2.060048 3.283500 0.051091
v 2.057017 3.281750 0.051095
v 2.057017 3.278250 0.051095
v 2.060048 3.276500 0.051091
v 2.063079 3.278250 0.051087
v 2.063079 3.281750 0.051087
v 2.060048 3.284000 0.051091
v 2.056584 3.282000 0.051121
v 2.056584 3.278000 0.051121
v 2.060048 3.276000 0.051091
v 2.063512 3.278000 0.051061
v 2.063512 3.282000 0.051061
v 2.060385 3.283500 0.090182
v 2.057354 3.281750 0.090208
v 2.057354 3.278250 0.090208
v 2.060385 3.276500 0.090182
v 2.063416 3.278250 0.090156
v 2.063416 3.281750 0.090156
v 2.060385 3.284000 0.090182
v 2.056921 3.282000 0.090263
v 2.056921 3.278000 0.090263
v 2.060385 3.276000 0.090182
v 2.063848 3.278000 0.090101
v 2.063848 3.282000 0.090101
v 2.061298 3.283500 0.129273
v 2.058268 3.281750 0.129344
v 2.058268 3.278250 0.129344
v 2.061298 3.276500 0.129273
v 2.064328 3.278250 0.129202
v 2.064328 3.281750 0.129202
v 2.061298 3.284000 0.129273
v 2.057838 3.282000 0.129430
v 2.057838 3.278000 0.129430
v 2.061298 3.276000 0.129273
v 2.064759 3.278000 0.129115
v 2.064759 3.282000 0.129115
v 2.063077 3.283500 0.168364
v 2.060050 3.281750 0.168501
v 2.060050 3.278250 0.168501
v 2.063077 3.276500 0.168364
v 2.066105 3.278250 0.168226
v 2.066105 3.281750 0.168226
v 2.063077 3.284000 0.168364
v 2.059623 3.282000 0.168623
v 2.059623 3.278000 0.168623
v 2.063077 3.276000 0.168364
v 2.066532 3.278000 0.168104
v 2.066532 3.282000 0.168104
v 2.066010 3.283500 0.207455
v 2.062988 3.281750 0.207681
v 2.062988 3.278250 0.207681
v 2.066010 3.276500 0.207455
v 2.069033 3.278250 0.207228
v 2.069033 3.281750 0.207228
v 2.066010 3.284000 0.207455
v 2.062568 3.282000 0.207840
v 2.062568 3.278000 0.207840
v 2.066010 3.276000 0.207455
v 2.069453 3.278000 0.207069
v 2.069453 3.282000 0.207069
v 2.070386 3.283500 0.246545
v 2.067374 3.281750 0.246883
v 2.067374 3.278250 0.246883
v 2.070386 3.276500 0.246545
v 2.073398 3.278250 0.246208
v 2.073398 3.281750 0.246208
v 2.070386 3.284000 0.246545
v 2.066964 3.282000 0.247080
v 2.066964 3.278000 0.247080
v 2.070386 3.276000 0.246545
v 2.073809 3.278000 0.246011
v 2.073809 3.282000 0.246011
v 2.076493 3.283500 0.285636
v 2.073498 3.281750 0.286104
v 2.073498 3.278250 0.286104
v 2.076493 3.276500 0.285636
v 2.079488 3.278250 0.285169
v 2.079488 3.281750 0.285169
v 2.076493 3.284000 0.285636
v 2.073101 3.282000 0.286341
v 2.073101 3.278000 0.286341
v 2.076493 3.276000 0.285636
v 2.079885 3.278000 0.284931
v 2.079885 3.282000 0.284931
v 2.084619 3.283500 0.324727
v 2.081651 3.281750 0.325344
v 2.081651 3.278250 0.325344
v 2.084619 3.276500 0.324727
v 2.087587 3.278250 0.324110
v 2.087587 3.281750 0.324110
v 2.084619 3.284000 0.324727
v 2.081272 3.282000 0.325621
v 2.081272 3.278000 0.325621
v 2.084619 3.276000 0.324727
v 2.087966 3.278000 0.323834
v 2.087966 3.282000 0.323834
v 2.095053 3.283500 0.363818
v 2.092125 3.281750 0.364600
v 2.092125 3.278250 0.364600
v 2.095053 3.276500 0.363818
v 2.097982 3.278250 0.363036
v 2.097982 3.281750 0.363036
v 2.095053 3.284000 0.363818
v 2.091767 3.282000 0.364914
v 2.091767 3.278000 0.364914
v 2.095053 3.276000 0.363818
v 2.098340 3.278000 0.362723
v 2.098340 3.282000 0.362723
v 2.108084 3.283500 0.402909
v 2.105209 3.281750 0.403868
v 2.105209 3.278250 0.403868
v 2.108084 3.276500 0.402909
v 2.110960 3.278250 0.401951
v 2.110960 3.281750 0.401951
v 2.108084 3.284000 0.402909
v 2.104876 3.282000 0.404215
v 2.104876 3.278000 0.404215
v 2.108084 3.276000 0.402909
v 2.111293 3.278000 0.401603
v 2.111293 3.282000 0.401603
v 2.124000 3.283500 0.442000
v 2.121193 3.281750 0.443143
v 2.121193 3.278250 0.443143
v 2.124000 3.276500 0.442000
v 2.126807 3.278250 0.440857
v 2.126807 3.281750 0.440857
v 2.124000 3.280000 0.402000
v 2.133404 3.280000 0.409639
v 2.130650 3.286650 0.409639
v 2.124000 3.289405 0.409639
v 2.117350 3.286650 0.409639
v 2.114595 3.280000 0.409639
v 2.117350 3.273350 0.409639
v 2.124000 3.270596 0.409639
v 2.130650 3.273350 0.409639
v 2.139217 3.280000 0.429639
v 2.134760 3.290760 0.429639
v 2.124000 3.295217 0.429639
v 2.113240 3.290760 0.429639
v 2.108783 3.280000 0.429639
v 2.113240 3.269240 0.429639
v 2.124000 3.264783 0.429639
v 2.134760 3.269240 0.429639
v 2.139217 3.280000 0.454361
v 2.134760 3.290760 0.454361
v 2.124000 3.295217 0.454361
v 2.113240 3.290760 0.454361
v 2.108783 3.280000 0.454361
v 2.113240 3.269240 0.454361
v 2.124000 3.264783 0.454361
v 2.134760 3.269240 0.454361
v 2.133404 3.280000 0.474361
v 2.130650 3.286650 0.474361
v 2.124000 3.289405 0.474361
v 2.117350 3.286650 0.474361
v 2.114595 3.280000 0.474361
v 2.117350 3.273350 0.474361
v 2.124000 3.270596 0.474361
v 2.130650 3.273350 0.474361
v 2.124000 3.280000 0.482000
v 2.060000 3.284000 0.012000
v 2.056536 3.282000 0.012000
v 2.056536 3.278000 0.012000
v 2.060000 3.276000 0.012000
v 2.063464 3.278000 0.012000
v 2.063464 3.282000 0.012000
v 2.060000 3.284000 0.334500
v 2.056536 3.282000 0.334500
v 2.056536 3.278000 0.334500
v 2.060000 3.276000 0.334500
v 2.063464 3.278000 0.334500
v 2.063464 3.282000 0.334500
v 2.530000 2.759000 0.011995
v 2.526536 2.757000 0.011998
v 2.526536 2.753000 0.012002
v 2.530000 2.751000 0.012005
v 2.533464 2.753000 0.012002
v 2.533464 2.757000 0.011998
v 2.530000 2.758548 0.051087
v 2.526969 2.756798 0.051089
v 2.526969 2.753298 0.051093
v 2.530000 2.751548 0.051095
v 2.533031 2.753298 0.051093
v 2.533031 2.756798 0.051089
v 2.530000 2.759048 0.051056
v 2.526536 2.757048 0.051074
v 2.526536 2.753048 0.051108
v 2.530000 2.751048 0.051125
v 2.533464 2.753048 0.051108
v 2.533464 2.757048 0.051074
v 2.530000 2.758884 0.090152
v 2.526969 2.757135 0.090167
v 2.526969 2.753635 0.090197
v 2.530000 2.751885 0.090212
v 2.533031 2.753635 0.090197
v 2.533031 2.757135 0.090167
v 2.530000 2.759384 0.090088
v 2.526536 2.757384 0.090135
v 2.526536 2.753385 0.090229
v 2.530000 2.751386 0.090275
v 2.533464 2.753385 0.090229
v 2.533464 2.757384 0.090135
v 2.530000 2.759797 0.129191
v 2.526969 2.758048 0.129232
v 2.526969 2.754549 0.129314
v 2.530000 2.752799 0.129355
v 2.533031 2.754549 0.129314
v 2.533031 2.758048 0.129232
v 2.530000 2.760294 0.129091
v 2.526536 2.758296 0.129182
v 2.526536 2.754300 0.129364
v 2.530000 2.752302 0.129455
v 2.533464 2.754300 0.129364
v 2.533464 2.758296 0.129182
v 2.530000 2.761574 0.168205
v 2.526969 2.759825 0.168284
v 2.526969 2.756329 0.168443
v 2.530000 2.754581 0.168523
v 2.533031 2.756329 0.168443
v 2.533031 2.759825 0.168284
v 2.530000 2.762066 0.168064
v 2.526536 2.760072 0.168214
v 2.526536 2.756083 0.168513
v 2.530000 2.754089 0.168663
v 2.533464 2.756083 0.168513
v 2.533464 2.760072 0.168214
v 2.530000 2.764501 0.207193
v 2.526969 2.762756 0.207324
v 2.526969 2.759265 0.207585
v 2.530000 2.757520 0.207716
v 2.533031 2.759265 0.207585
v 2.533031 2.762756 0.207324
v 2.530000 2.764986 0.207010
v 2.526536 2.762998 0.207232
v 2.526536 2.759023 0.207677
v 2.530000 2.757035 0.207900
v 2.533464 2.759023 0.207677
v 2.533464 2.762998 0.207232
v 2.530000 2.768864 0.246156
v 2.526969 2.767125 0.246351
v 2.526969 2.763647 0.246740
v 2.530000 2.761908 0.246935
v 2.533031 2.763647 0.246740
v 2.533031 2.767125 0.246351
v 2.530000 2.769338 0.245928
v 2.526536 2.767362 0.246237
v 2.526536 2.763410 0.246854
v 2.530000 2.761434 0.247163
v 2.533464 2.763410 0.246854
v 2.533464 2.767362 0.246237
v 2.530000 2.774951 0.285096
v 2.526969 2.773222 0.285366
v 2.526969 2.769764 0.285906
v 2.530000 2.768035 0.286177
v 2.533031 2.769764 0.285906
v 2.533031 2.773222 0.285366
v 2.530000 2.775409 0.284822
v 2.526536 2.773451 0.285229
v 2.526536 2.769535 0.286043
v 2.530000 2.767577 0.286450
v 2.533464 2.769535 0.286043
v 2.533464 2.773451 0.285229
v 2.530000 2.783046 0.324015
v 2.526969 2.781332 0.324371
v 2.526969 2.777906 0.325083
v 2.530000 2.776192 0.325440
v 2.533031 2.777906 0.325083
v 2.533031 2.781332 0.324371
v 2.530000 2.783484 0.323696
v 2.526536 2.781551 0.324211
v 2.526536 2.777687 0.325243
v 2.530000 2.775754 0.325759
v 2.533464 2.777687 0.325243
v 2.533464 2.781551 0.324211
v 2.530000 2.793435 0.362916
v 2.526969 2.791744 0.363367
v 2.526969 2.788363 0.364269
v 2.530000 2.786672 0.364721
v 2.533031 2.788363 0.364269
v 2.533031 2.791744 0.363367
v 2.530000 2.793848 0.362553
v 2.526536 2.791951 0.363186
v 2.526536 2.788156 0.364451
v 2.530000 2.786259 0.365083
v 2.533464 2.788156 0.364451
v 2.533464 2.791951 0.363186
v 2.530000 2.806405 0.401802
v 2.526969 2.804744 0.402356
v 2.526969 2.801424 0.403462
v 2.530000 2.799764 0.404016
v 2.533031 2.801424 0.403462
v 2.533031 2.804744 0.402356
v 2.530000 2.806789 0.401401
v 2.526536 2.804936 0.402155
v 2.526536 2.801232 0.403663
v 2.530000 2.799379 0.404417
v 2.533464 2.801232 0.403663
v 2.533464 2.804936 0.402155
v 2.530000 2.822242 0.440680
v 2.526969 2.820621 0.441340
v 2.526969 2.817379 0.442660
v 2.530000 2.815758 0.443320
v 2.533031 2.817379 0.442660
v 2.533031 2.820621 0.441340
v 2.530000 2.819000 0.402000
v 2.539405 2.819000 0.409639
v 2.536650 2.825650 0.409639
v 2.530000 2.828405 0.409639
v 2.523350 2.825650 0.409639
v 2.520596 2.819000 0.409639
v 2.523350 2.812350 0.409639
v 2.530000 2.809595 0.409639
v 2.536650 2.812350 0.409639
v 2.545217 2.819000 0.429639
v 2.540760 2.829760 0.429639
v 2.530000 2.834217 0.429639
v 2.519240 2.829760 0.429639
v 2.514783 2.819000 0.429639
v 2.519240 2.808240 0.429639
v 2.530000 2.803783 0.429639
v 2.540760 2.808240 0.429639
v 2.545217 2.819000 0.454361
v 2.540760 2.829760 0.454361
v 2.530000 2.834217 0.454361
v 2.519240 2.829760 0.454361
v 2.514783 2.819000 0.454361
v 2.519240 2.808240 0.454361
v 2.530000 2.803783 0.454361
v 2.540760 2.808240 0.454361
v 2.539405 2.819000 0.474361
v 2.536650 2.825650 0.474361
v 2.530000 2.828405 0.474361
v 2.523350 2.825650 0.474361
v 2.520596 2.819000 0.474361
v 2.523350 2.812350 0.474361
v 2.530000 2.809595 0.474361
v 2.536650 2.812350 0.474361
v 2.530000 2.819000 0.482000
v 2.530000 2.759000 0.012000
v 2.526536 2.757000 0.012000
v 2.526536 2.753000 0.012000
v 2.530000 2.751000 0.012000
v 2.533464 2.753000 0.012000
v 2.533464 2.757000 0.012000
v 2.530000 2.759000 0.334500
v 2.526536 2.757000 0.334500
v 2.526536 2.753000 0.334500
v 2.530000 2.751000 0.334500
v 2.533464 2.753000 0.334500
v 2.533464 2.757000 0.334500
v 0.900000 4.160517 0.012000
v 0.896536 4.158517 0.012004
v 0.896536 4.154517 0.012004
v 0.900000 4.152517 0.012000
v 0.903464 4.154517 0.011996
v 0.903464 4.158517 0.011996
v 0.900048 4.160017 0.051091
v 0.897017 4.158267 0.051095
v 0.897017 4.154768 0.051095
v 0.900048 4.153017 0.051091
v 0.903079 4.154768 0.051087
v 0.903079 4.158267 0.051087
v 0.900048 4.160517 0.051091
v 0.896584 4.158517 0.051121
v 0.896584 4.154517 0.051121
v 0.900048 4.152517 0.051091
v 0.903512 4.154517 0.051061
v 0.903512 4.158517 0.051061
v 0.900385 4.160017 0.090182
v 0.897354 4.158267 0.090208
v 0.897354 4.154768 0.090208
v 0.900385 4.153017 0.090182
v 0.903416 4.154768 0.090156
v 0.903416 4.158267 0.090156
v 0.900385 4.160517 0.090182
v 0.896922 4.158517 0.090263
v 0.896922 4.154517 0.090263
v 0.900385 4.152517 0.090182
v 0.903848 4.154517 0.090101
v 0.903848 4.158517 0.090101
v 0.901298 4.160017 0.129273
v 0.898268 4.158267 0.129344
v 0.898268 4.154768 0.129344
v 0.901298 4.153017 0.129273
v 0.904329 4.154768 0.129202
v 0.904329 4.158267 0.129202
v 0.901298 4.160517 0.129273
v 0.897838 4.158517 0.129430
v 0.897838 4.154517 0.129430
v 0.901298 4.152517 0.129273
v 0.904759 4.154517 0.129115
v 0.904759 4.158517 0.129115
v 0.903077 4.160017 0.168364
v 0.900049 4.158267 0.168501
v 0.900049 4.154768 0.168501
v 0.903077 4.153017 0.168364
v 0.906105 4.154768 0.168226
v 0.906105 4.158267 0.168226
v 0.903077 4.160517 0.168364
v 0.899623 4.158517 0.168623
v 0.899623 4.154517 0.168623
v 0.903077 4.152517 0.168364
v 0.906532 4.154517 0.168104
v 0.906532 4.158517 0.168104
v 0.906011 4.160017 0.207455
v 0.902988 4.158267 0.207681
v 0.902988 4.154768 0.207681
v 0.906011 4.153017 0.207455
v 0.909033 4.154768 0.207228
v 0.909033 4.158267 0.207228
v 0.906011 4.160517 0.207455
v 0.902568 4.158517 0.207840
v 0.902568 4.154517 0.207840
v 0.906011 4.152517 0.207455
v 0.909453 4.154517 0.207069
v 0.909453 4.158517 0.207069
v 0.910386 4.160017 0.246545
v 0.907374 4.158267 0.246883
v 0.907374 4.154768 0.246883
v 0.910386 4.153017 0.246545
v 0.913398 4.154768 0.246208
v 0.913398 4.158267 0.246208
v 0.910386 4.160517 0.246545
v 0.906964 4.158517 0.247080
v 0.906964 4.154517 0.247080
v 0.910386 4.152517 0.246545
v 0.913809 4.154517 0.246011
v 0.913809 4.158517 0.246011
v 0.916493 4.160017 0.285636
v 0.913498 4.158267 0.286104
v 0.913498 4.154768 0.286104
v 0.916493 4.153017 0.285636
v 0.919488 4.154768 0.285169
v 0.919488 4.158267 0.285169
v 0.916493 4.160517 0.285636
v 0.913101 4.158517 0.286341
v 0.913101 4.154517 0.286341
v 0.916493 4.152517 0.285636
v 0.919884 4.154517 0.284931
v 0.919884 4.158517 0.284931
v 0.924619 4.160017 0.324727
v 0.921651 4.158267 0.325344
v 0.921651 4.154768 0.325344
v 0.924619 4.153017 0.324727
v 0.927587 4.154768 0.324110
v 0.927587 4.158267 0.324110
v 0.924619 4.160517 0.324727
v 0.921272 4.158517 0.325621
v 0.921272 4.154517 0.325621
v 0.924619 4.152517 0.324727
v 0.927966 4.154517 0.323834
v 0.927966 4.158517 0.323834
v 0.935053 4.160017 0.363818
v 0.932125 4.158267 0.364600
v 0.932125 4.154768 0.364600
v 0.935053 4.153017 0.363818
v 0.937982 4.154768 0.363036
v 0.937982 4.158267 0.363036
v 0.935053 4.160517 0.363818
v 0.931767 4.158517 0.364914
v 0.931767 4.154517 0.364914
v 0.935053 4.152517 0.363818
v 0.938340 4.154517 0.362723
v 0.938340 4.158517 0.362723
v 0.948084 4.160017 0.402909
v 0.945209 4.158267 0.403868
v 0.945209 4.154768 0.403868
v 0.948084 4.153017 0.402909
v 0.950960 4.154768 0.401951
v 0.950960 4.158267 0.401951
v 0.948084 4.160517 0.402909
v 0.944876 4.158517 0.404215
v 0.944876 4.154517 0.404215
v 0.948084 4.152517 0.402909
v 0.951293 4.154517 0.401603
v 0.951293 4.158517 0.401603
v 0.964000 4.160017 0.442000
v 0.961193 4.158267 0.443143
v 0.961193 4.154768 0.443143
v 0.964000 4.153017 0.442000
v 0.966807 4.154768 0.440857
v 0.966807 4.158267 0.440857
v 0.964000 4.156518 0.402000
v 0.973405 4.156518 0.409639
v 0.970650 4.163167 0.409639
v 0.964000 4.165922 0.409639
v 0.957350 4.163167 0.409639
v 0.954595 4.156518 0.409639
v 0.957350 4.149867 0.409639
v 0.964000 4.147113 0.409639
v 0.970650 4.149867 0.409639
v 0.979217 4.156518 0.429639
v 0.974760 4.167277 0.429639
v 0.964000 4.171734 0.429639
v 0.953240 4.167277 0.429639
v 0.948783 4.156518 0.429639
v 0.953240 4.145757 0.429639
v 0.964000 4.141300 0.429639
v 0.974760 4.145757 0.429639
v 0.979217 4.156518 0.454361
v 0.974760 4.167277 0.454361
v 0.964000 4.171734 0.454361
v 0.953240 4.167277 0.454361
v 0.948783 4.156518 0.454361
v 0.953240 4.145757 0.454361
v 0.964000 4.141300 0.454361
v 0.974760 4.145757 0.454361
v 0.973405 4.156518 0.474361
v 0.970650 4.163167 0.474361
v 0.964000 4.165922 0.474361
v 0.957350 4.163167 0.474361
v 0.954595 4.156518 0.474361
v 0.957350 4.149867 0.474361
v 0.964000 4.147113 0.474361
v 0.970650 4.149867 0.474361
v 0.964000 4.156518 0.482000
v 0.900000 4.160517 0.012000
v 0.896536 4.158517 0.012000
v 0.896536 4.154517 0.012000
v 0.900000 4.152517 0.012000
v 0.903464 4.154517 0.012000
v 0.903464 4.158517 0.012000
v 0.900000 4.160517 0.334500
v 0.896536 4.158517 0.334500
v 0.896536 4.154517 0.334500
v 0.900000 4.152517 0.334500
v 0.903464 4.154517 0.334500
v 0.903464 4.158517 0.334500
v 2.400000 4.156115 0.014000
v 2.396536 4.154115 0.013996
v 2.396536 4.150115 0.013996
v 2.400000 4.148115 0.014000
v 2.403464 4.150115 0.014004
v 2.403464 4.154115 0.014004
v 2.399952 4.155615 0.053091
v 2.396921 4.153865 0.053087
v 2.396921 4.150365 0.053087
v 2.399952 4.148615 0.053091
v 2.402983 4.150365 0.053095
v 2.402983 4.153865 0.053095
v 2.399952 4.156115 0.053091
v 2.396488 4.154115 0.053061
v 2.396488 4.150115 0.053061
v 2.399952 4.148115 0.053091
v 2.403416 4.150115 0.053121
v 2.403416 4.154115 0.053121
v 2.399615 4.155615 0.092182
v 2.396584 4.153865 0.092156
v 2.396584 4.150365 0.092156
v 2.399615 4.148615 0.092182
v 2.402646 4.150365 0.092208
v 2.402646 4.153865 0.092208
v 2.399615 4.156115 0.092182
v 2.396152 4.154115 0.092101
v 2.396152 4.150115 0.092101
v 2.399615 4.148115 0.092182
v 2.403079 4.150115 0.092263
v 2.403079 4.154115 0.092263
v 2.398702 4.155615 0.131273
v 2.395671 4.153865 0.131202
v 2.395671 4.150365 0.131202
v 2.398702 4.148615 0.131273
v 2.401732 4.150365 0.131344
v 2.401732 4.153865 0.131344
v 2.398702 4.156115 0.131273
v 2.395241 4.154115 0.131115
v 2.395241 4.150115 0.131115
v 2.398702 4.148115 0.131273
v 2.402162 4.150115 0.131430
v 2.402162 4.154115 0.131430
v 2.396923 4.155615 0.170364
v 2.393895 4.153865 0.170226
v 2.393895 4.150365 0.170226
v 2.396923 4.148615 0.170364
v 2.399951 4.150365 0.170501
v 2.399951 4.153865 0.170501
v 2.396923 4.156115 0.170364
v 2.393468 4.154115 0.170104
v 2.393468 4.150115 0.170104
v 2.396923 4.148115 0.170364
v 2.400377 4.150115 0.170623
v 2.400377 4.154115 0.170623
v 2.393990 4.155615 0.209455
v 2.390967 4.153865 0.209228
v 2.390967 4.150365 0.209228
v 2.393990 4.148615 0.209455
v 2.397012 4.150365 0.209681
v 2.397012 4.153865 0.209681
v 2.393990 4.156115 0.209455
v 2.390547 4.154115 0.209069
v 2.390547 4.150115 0.209069
v 2.393990 4.148115 0.209455
v 2.397432 4.150115 0.209840
v 2.397432 4.154115 0.209840
v 2.389614 4.155615 0.248545
v 2.386601 4.153865 0.248208
v 2.386601 4.150365 0.248208
v 2.389614 4.148615 0.248545
v 2.392626 4.150365 0.248883
v 2.392626 4.153865 0.248883
v 2.389614 4.156115 0.248545
v 2.386191 4.154115 0.248011
v 2.386191 4.150115 0.248011
v 2.389614 4.148115 0.248545
v 2.393036 4.150115 0.249080
v 2.393036 4.154115 0.249080
v 2.383507 4.155615 0.287636
v 2.380512 4.153865 0.287169
v 2.380512 4.150365 0.287169
v 2.383507 4.148615 0.287636
v 2.386502 4.150365 0.288104
v 2.386502 4.153865 0.288104
v 2.383507 4.156115 0.287636
v 2.380116 4.154115 0.286931
v 2.380116 4.150115 0.286931
v 2.383507 4.148115 0.287636
v 2.386899 4.150115 0.288341
v 2.386899 4.154115 0.288341
v 2.375381 4.155615 0.326727
v 2.372413 4.153865 0.326110
v 2.372413 4.150365 0.326110
v 2.375381 4.148615 0.326727
v 2.378349 4.150365 0.327344
v 2.378349 4.153865 0.327344
v 2.375381 4.156115 0.326727
v 2.372034 4.154115 0.325834
v 2.372034 4.150115 0.325834
v 2.375381 4.148115 0.326727
v 2.378728 4.150115 0.327621
v 2.378728 4.154115 0.327621
v 2.364947 4.155615 0.365818
v 2.362018 4.153865 0.365036
v 2.362018 4.150365 0.365036
v 2.364947 4.148615 0.365818
v 2.367875 4.150365 0.366600
v 2.367875 4.153865 0.366600
v 2.364947 4.156115 0.365818
v 2.361660 4.154115 0.364723
v 2.361660 4.150115 0.364723
v 2.364947 4.148115 0.365818
v 2.368233 4.150115 0.366914
v 2.368233 4.154115 0.366914
v 2.351916 4.155615 0.404909
v 2.349040 4.153865 0.403951
v 2.349040 4.150365 0.403951
v 2.351916 4.148615 0.404909
v 2.354791 4.150365 0.405868
v 2.354791 4.153865 0.405868
v 2.351916 4.156115 0.404909
v 2.348707 4.154115 0.403603
v 2.348707 4.150115 0.403603
v 2.351916 4.148115 0.404909
v 2.355124 4.150115 0.406215
v 2.355124 4.154115 0.406215
v 2.336000 4.155615 0.444000
v 2.333193 4.153865 0.442857
v 2.333193 4.150365 0.442857
v 2.336000 4.148615 0.444000
v 2.338807 4.150365 0.445143
v 2.338807 4.153865 0.445143
v 2.336000 4.152115 0.404000
v 2.345405 4.152115 0.411639
v 2.342650 4.158765 0.411639
v 2.336000 4.161520 0.411639
v 2.329350 4.158765 0.411639
v 2.326596 4.152115 0.411639
v 2.329350 4.145465 0.411639
v 2.336000 4.142711 0.411639
v 2.342650 4.145465 0.411639
v 2.351217 4.152115 0.431639
v 2.346760 4.162875 0.431639
v 2.336000 4.167332 0.431639
v 2.325240 4.162875 0.431639
v 2.320783 4.152115 0.431639
v 2.325240 4.141355 0.431639
v 2.336000 4.136898 0.431639
v 2.346760 4.141355 0.431639
v 2.351217 4.152115 0.456361
v 2.346760 4.162875 0.456361
v 2.336000 4.167332 0.456361
v 2.325240 4.162875 0.456361
v 2.320783 4.152115 0.456361
v 2.325240 4.141355 0.456361
v 2.336000 4.136898 0.456361
v 2.346760 4.141355 0.456361
v 2.345405 4.152115 0.476361
v 2.342650 4.158765 0.476361
v 2.336000 4.161520 0.476361
v 2.329350 4.158765 0.476361
v 2.326596 4.152115 0.476361
v 2.329350 4.145465 0.476361
v 2.336000 4.142711 0.476361
v 2.342650 4.145465 0.476361
v 2.336000 4.152115 0.484000
v 2.400000 4.156115 0.014000
v 2.396536 4.154115 0.014000
v 2.396536 4.150115 0.014000
v 2.400000 4.148115 0.014000
v 2.403464 4.150115 0.014000
v 2.403464 4.154115 0.014000
v 2.400000 4.156115 0.336500
v 2.396536 4.154115 0.336500
v 2.396536 4.150115 0.336500
v 2.400000 4.148115 0.336500
v 2.403464 4.150115 0.336500
v 2.403464 4.154115 0.336500
v 1.650000 4.504000 0.011995
v 1.646536 4.502000 0.011998
v 1.646536 4.498000 0.012002
v 1.650000 4.496000 0.012005
v 1.653464 4.498000 0.012002
v 1.653464 4.502000 0.011998
v 1.650000 4.503548 0.051087
v 1.646969 4.501798 0.051089
v 1.646969 4.498298 0.051093
v 1.650000 4.496548 0.051095
v 1.653031 4.498298 0.051093
v 1.653031 4.501798 0.051089
v 1.650000 4.504048 0.051056
v 1.646536 4.502048 0.051074
v 1.646536 4.498048 0.051108
v 1.650000 4.496048 0.051125
v 1.653464 4.498048 0.051108
v 1.653464 4.502048 0.051074
v 1.650000 4.503884 0.090152
v 1.646969 4.502135 0.090167
v 1.646969 4.498635 0.090197
v 1.650000 4.496885 0.090212
v 1.653031 4.498635 0.090197
v 1.653031 4.502135 0.090167
v 1.650000 4.504384 0.090088
v 1.646536 4.502384 0.090135
v 1.646536 4.498385 0.090229
v 1.650000 4.496386 0.090275
v 1.653464 4.498385 0.090229
v 1.653464 4.502384 0.090135
v 1.650000 4.504797 0.129191
v 1.646969 4.503048 0.129232
v 1.646969 4.499549 0.129314
v 1.650000 4.497799 0.129355
v 1.653031 4.499549 0.129314
v 1.653031 4.503048 0.129232
v 1.650000 4.505294 0.129091
v 1.646536 4.503296 0.129182
v 1.646536 4.499300 0.129364
v 1.650000 4.497303 0.129455
v 1.653464 4.499300 0.129364
v 1.653464 4.503296 0.129182
v 1.650000 4.506574 0.168205
v 1.646969 4.504826 0.168284
v 1.646969 4.501329 0.168443
v 1.650000 4.499581 0.168523
v 1.653031 4.501329 0.168443
v 1.653031 4.504826 0.168284
v 1.650000 4.507066 0.168064
v 1.646536 4.505072 0.168214
v 1.646536 4.501083 0.168513
v 1.650000 4.499089 0.168663
v 1.653464 4.501083 0.168513
v 1.653464 4.505072 0.168214
v 1.650000 4.509501 0.207193
v 1.646969 4.507756 0.207324
v 1.646969 4.504265 0.207585
v 1.650000 4.502521 0.207716
v 1.653031 4.504265 0.207585
v 1.653031 4.507756 0.207324
v 1.650000 4.509986 0.207010
v 1.646536 4.507998 0.207232
v 1.646536 4.504023 0.207677
v 1.650000 4.502035 0.207900
v 1.653464 4.504023 0.207677
v 1.653464 4.507998 0.207232
v 1.650000 4.513865 0.246156
v 1.646969 4.512125 0.246351
v 1.646969 4.508647 0.246740
v 1.650000 4.506908 0.246935
v 1.653031 4.508647 0.246740
v 1.653031 4.512125 0.246351
v 1.650000 4.514338 0.245928
v 1.646536 4.512362 0.246237
v 1.646536 4.508410 0.246854
v 1.650000 4.506434 0.247163
v 1.653464 4.508410 0.246854
v 1.653464 4.512362 0.246237
v 1.650000 4.519951 0.285096
v 1.646969 4.518222 0.285366
v 1.646969 4.514764 0.285906
v 1.650000 4.513035 0.286177
v 1.653031 4.514764 0.285906
v 1.653031 4.518222 0.285366
v 1.650000 4.520409 0.284822
v 1.646536 4.518451 0.285229
v 1.646536 4.514535 0.286043
v 1.650000 4.512577 0.286450
v 1.653464 4.514535 0.286043
v 1.653464 4.518451 0.285229
v 1.650000 4.528046 0.324015
v 1.646969 4.526332 0.324371
v 1.646969 4.522906 0.325083
v 1.650000 4.521193 0.325440
v 1.653031 4.522906 0.325083
v 1.653031 4.526332 0.324371
v 1.650000 4.528484 0.323696
v 1.646536 4.526551 0.324211
v 1.646536 4.522687 0.325243
v 1.650000 4.520754 0.325759
v 1.653464 4.522687 0.325243
v 1.653464 4.526551 0.324211
v 1.650000 4.538435 0.362916
v 1.646969 4.536744 0.363367
v 1.646969 4.533362 0.364269
v 1.650000 4.531672 0.364721
v 1.653031 4.533362 0.364269
v 1.653031 4.536744 0.363367
v 1.650000 4.538848 0.362553
v 1.646536 4.536951 0.363186
v 1.646536 4.533156 0.364451
v 1.650000 4.531259 0.365083
v 1.653464 4.533156 0.364451
v 1.653464 4.536951 0.363186
v 1.650000 4.551404 0.401802
v 1.646969 4.549744 0.402356
v 1.646969 4.546424 0.403462
v 1.650000 4.544764 0.404016
v 1.653031 4.546424 0.403462
v 1.653031 4.549744 0.402356
v 1.650000 4.551789 0.401401
v 1.646536 4.549936 0.402155
v 1.646536 4.546232 0.403663
v 1.650000 4.544379 0.404417
v 1.653464 4.546232 0.403663
v 1.653464 4.549936 0.402155
v 1.650000 4.567242 0.440680
v 1.646969 4.565621 0.441340
v 1.646969 4.562379 0.442660
v 1.650000 4.560759 0.443320
v 1.653031 4.562379 0.442660
v 1.653031 4.565621 0.441340
v 1.650000 4.564000 0.402000
v 1.659405 4.564000 0.409639
v 1.656650 4.570650 0.409639
v 1.650000 4.573405 0.409639
v 1.643350 4.570650 0.409639
v 1.640595 4.564000 0.409639
v 1.643350 4.557350 0.409639
v 1.650000 4.554595 0.409639
v 1.656650 4.557350 0.409639
v 1.665217 4.564000 0.429639
v 1.660760 4.574760 0.429639
v 1.650000 4.579217 0.429639
v 1.639240 4.574760 0.429639
v 1.634783 4.564000 0.429639
v 1.639240 4.553240 0.429639
v 1.650000 4.548783 0.429639
v 1.660760 4.553240 0.429639
v 1.665217 4.564000 0.454361
v 1.660760 4.574760 0.454361
v 1.650000 4.579217 0.454361
v 1.639240 4.574760 0.454361
v 1.634783 4.564000 0.454361
v 1.639240 4.553240 0.454361
v 1.650000 4.548783 0.454361
v 1.660760 4.553240 0.454361
v 1.659405 4.564000 0.474361
v 1.656650 4.570650 0.474361
v 1.650000 4.573405 0.474361
v 1.643350 4.570650 0.474361
v 1.640595 4.564000 0.474361
v 1.643350 4.557350 0.474361
v 1.650000 4.554595 0.474361
v 1.656650 4.557350 0.474361
v 1.650000 4.564000 0.482000
v 1.650000 4.504000 0.012000
v 1.646536 4.502000 0.012000
v 1.646536 4.498000 0.012000
v 1.650000 4.496000 0.012000
v 1.653464 4.498000 0.012000
v 1.653464 4.502000 0.012000
v 1.650000 4.504000 0.334500
v 1.646536 4.502000 0.334500
v 1.646536 4.498000 0.334500
v 1.650000 4.496000 0.334500
v 1.653464 4.498000 0.334500
v 1.653464 4.502000 0.334500
v 0.977500 5.002500 0.130000
v 0.977500 5.047500 0.130000
v 1.022500 5.047500 0.130000
v 1.022500 5.002500 0.130000
v 0.977500 5.002500 0.570000
v 1.022500 5.002500 0.570000
v 1.022500 5.047500 0.570000
v 0.977500 5.047500 0.570000
v 0.977500 5.002500 0.130000
v 1.022500 5.002500 0.130000
v 1.022500 5.002500 0.570000
v 0.977500 5.002500 0.570000
v 1.022500 5.002500 0.130000
v 1.022500 5.047500 0.130000
v 1.022500 5.047500 0.570000
v 1.022500 5.002500 0.570000
v 1.022500 5.047500 0.130000
v 0.977500 5.047500 0.130000
v 0.977500 5.047500 0.570000
v 1.022500 5.047500 0.570000
v 0.977500 5.047500 0.130000
v 0.977500 5.002500 0.130000
v 0.977500 5.002500 0.570000
v 0.977500 5.047500 0.570000
v 0.977500 5.367500 0.130000
v 0.977500 5.412500 0.130000
v 1.022500 5.412500 0.130000
v 1.022500 5.367500 0.130000
v 0.977500 5.367500 0.570000
v 1.022500 5.367500 0.570000
v 1.022500 5.412500 0.570000
v 0.977500 5.412500 0.570000
v 0.977500 5.367500 0.130000
v 1.022500 5.367500 0.130000
v 1.022500 5.367500 0.570000
v 0.977500 5.367500 0.570000
v 1.022500 5.367500 0.130000
v 1.022500 5.412500 0.130000
v 1.022500 5.412500 0.570000
v 1.022500 5.367500 0.570000
v 1.022500 5.412500 0.130000
v 0.977500 5.412500 0.130000
v 0.977500 5.412500 0.570000
v 1.022500 5.412500 0.570000
v 0.977500 5.412500 0.130000
v 0.977500 5.367500 0.130000
v 0.977500 5.367500 0.570000
v 0.977500 5.412500 0.570000
v 2.277500 5.002500 0.130000
v 2.277500 5.047500 0.130000
v 2.322500 5.047500 0.130000
v 2.322500 5.002500 0.130000
v 2.277500 5.002500 0.570000
v 2.322500 5.002500 0.570000
v 2.322500 5.047500 0.570000
v 2.277500 5.047500 0.570000
v 2.277500 5.002500 0.130000
v 2.322500 5.002500 0.130000
v 2.322500 5.002500 0.570000
v 2.277500 5.002500 0.570000
v 2.322500 5.002500 0.130000
v 2.322500 5.047500 0.130000
v 2.322500 5.047500 0.570000
v 2.322500 5.002500 0.570000
v 2.322500 5.047500 0.130000
v 2.277500 5.047500 0.130000
v 2.277500 5.047500 0.570000
v 2.322500 5.047500 0.570000
v 2.277500 5.047500 0.130000
v 2.277500 5.002500 0.130000
v 2.277500 5.002500 0.570000
v 2.277500 5.047500 0.570000
v 2.277500 5.367500 0.130000
v 2.277500 5.412500 0.130000
v 2.322500 5.412500 0.130000
v 2.322500 5.367500 0.130000
v 2.277500 5.367500 0.570000
v 2.322500 5.367500 0.570000
v 2.322500 5.412500 0.570000
v 2.277500 5.412500 0.570000
v 2.277500 5.367500 0.130000
v 2.322500 5.367500 0.130000
v 2.322500 5.367500 0.570000
v 2.277500 5.367500 0.570000
v 2.322500 5.367500 0.130000
v 2.322500 5.412500 0.130000
v 2.322500 5.412500 0.570000
v 2.322500 5.367500 0.570000
v 2.322500 5.412500 0.130000
v 2.277500 5.412500 0.130000
v 2.277500 5.412500 0.570000
v 2.322500 5.412500 0.570000
v 2.277500 5.412500 0.130000
v 2.277500 5.367500 0.130000
v 2.277500 5.367500 0.570000
v 2.277500 5.412500 0.570000
v 0.384000 4.293469 0.096463
v 0.380989 4.291689 0.096573
v 0.380989 4.288220 0.096110
v 0.384000 4.286530 0.095537
v 0.387011 4.288311 0.095427
v 0.387011 4.291780 0.095890
v 0.421492 4.250132 0.421449
v 0.418480 4.248352 0.421559
v 0.418480 4.244883 0.421097
v 0.421492 4.243194 0.420524
v 0.424503 4.244974 0.420414
v 0.424503 4.248443 0.420877
v 0.524500 4.042000 0.002000
v 0.524500 4.108000 0.002000
v 0.595500 4.108000 0.002000
v 0.595500 4.042000 0.002000
v 0.524500 4.042000 0.014000
v 0.595500 4.042000 0.014000
v 0.595500 4.108000 0.014000
v 0.524500 4.108000 0.014000
v 0.524500 4.042000 0.002000
v 0.595500 4.042000 0.002000
v 0.595500 4.042000 0.014000
v 0.524500 4.042000 0.014000
v 0.595500 4.042000 0.002000
v 0.595500 4.108000 0.002000
v 0.595500 4.108000 0.014000
v 0.595500 4.042000 0.014000
v 0.595500 4.108000 0.002000
v 0.524500 4.108000 0.002000
v 0.524500 4.108000 0.014000
v 0.595500 4.108000 0.014000
v 0.524500 4.108000 0.002000
v 0.524500 4.042000 0.002000
v 0.524500 4.042000 0.014000
v 0.524500 4.108000 0.014000
v 0.529000 4.046500 0.014000
v 0.529000 4.103500 0.014000
v 0.591000 4.103500 0.014000
v 0.591000 4.046500 0.014000
v 0.529000 4.046500 0.089000
v 0.591000 4.046500 0.089000
v 0.591000 4.103500 0.089000
v 0.529000 4.103500 0.089000
v 0.529000 4.046500 0.014000
v 0.591000 4.046500 0.014000
v 0.591000 4.046500 0.089000
v 0.529000 4.046500 0.089000
v 0.591000 4.046500 0.014000
v 0.591000 4.103500 0.014000
v 0.591000 4.103500 0.089000
v 0.591000 4.046500 0.089000
v 0.591000 4.103500 0.014000
v 0.529000 4.103500 0.014000
v 0.529000 4.103500 0.089000
v 0.591000 4.103500 0.089000
v 0.529000 4.103500 0.014000
v 0.529000 4.046500 0.014000
v 0.529000 4.046500 0.089000
v 0.529000 4.103500 0.089000
v 2.695000 4.073485 0.095676
v 2.691986 4.071772 0.096154
v 2.691986 4.068287 0.096477
v 2.695000 4.066515 0.096324
v 2.698014 4.068228 0.095846
v 2.698014 4.071713 0.095523
v 2.730526 4.104742 0.432368
v 2.727511 4.103028 0.432845
v 2.727511 4.099544 0.433168
v 2.730526 4.097772 0.433015
v 2.733541 4.099485 0.432538
v 2.733541 4.102970 0.432214
v 2.882000 4.241000 0.002000
v 2.882000 4.309000 0.002000
v 2.954000 4.309000 0.002000
v 2.954000 4.241000 0.002000
v 2.882000 4.241000 0.006000
v 2.954000 4.241000 0.006000
v 2.954000 4.309000 0.006000
v 2.882000 4.309000 0.006000
v 2.882000 4.241000 0.002000
v 2.954000 4.241000 0.002000
v 2.954000 4.241000 0.006000
v 2.882000 4.241000 0.006000
v 2.954000 4.241000 0.002000
v 2.954000 4.309000 0.002000
v 2.954000 4.309000 0.006000
v 2.954000 4.241000 0.006000
v 2.954000 4.309000 0.002000
v 2.882000 4.309000 0.002000
v 2.882000 4.309000 0.006000
v 2.954000 4.309000 0.006000
v 2.882000 4.309000 0.002000
v 2.882000 4.241000 0.002000
v 2.882000 4.241000 0.006000
v 2.882000 4.309000 0.006000
v 2.887000 4.246500 0.006000
v 2.887000 4.303500 0.006000
v 2.949000 4.303500 0.006000
v 2.949000 4.246500 0.006000
v 2.887000 4.246500 0.081000
v 2.949000 4.246500 0.081000
v 2.949000 4.303500 0.081000
v 2.887000 4.303500 0.081000
v 2.887000 4.246500 0.006000
v 2.949000 4.246500 0.006000
v 2.949000 4.246500 0.081000
v 2.887000 4.246500 0.081000
v 2.949000 4.246500 0.006000
v 2.949000 4.303500 0.006000
v 2.949000 4.303500 0.081000
v 2.949000 4.246500 0.081000
v 2.949000 4.303500 0.006000
v 2.887000 4.303500 0.006000
v 2.887000 4.303500 0.081000
v 2.949000 4.303500 0.081000
v 2.887000 4.303500 0.006000
v 2.887000 4.246500 0.006000
v 2.887000 4.246500 0.081000
v 2.887000 4.303500 0.081000
vn -0.170014 0.966204 -0.193764
vn -0.939280 0.342491 -0.021296
vn -0.763274 -0.639601 -0.091233
vn 0.171515 -0.976987 -0.126805
vn 0.935376 -0.341119 -0.093322
vn 0.766204 0.642172 -0.023394
vn 0.202438 0.963219 0.176715
vn -0.744157 0.666728 0.041281
vn -0.945799 -0.309964 0.096882
vn -0.203749 -0.971222 0.123347
vn 0.741513 -0.664206 0.094806
vn 0.949556 0.311137 0.039197
vn -0.171440 0.966205 -0.192498
vn -0.939411 0.342491 -0.014363
vn -0.763927 -0.639601 -0.085594
vn 0.170575 -0.976987 -0.128062
vn 0.934663 -0.341117 -0.100219
vn 0.766012 0.642170 -0.029047
vn 0.203738 0.963220 0.175210
vn -0.743832 0.666728 0.046770
vn -0.945059 -0.309963 0.103856
vn -0.202834 -0.971222 0.124843
vn 0.742195 -0.664205 0.089327
vn 0.949820 0.311136 0.032187
vn -0.174262 0.966214 -0.189903
vn -0.939520 0.342492 -0.000494
vn -0.765107 -0.639603 -0.074291
vn 0.168667 -0.976991 -0.130536
vn 0.933085 -0.341119 -0.113979
vn 0.765498 0.642173 -0.040342
vn 0.206301 0.963227 0.172144
vn -0.743061 0.666729 0.057732
vn -0.943426 -0.309964 0.117768
vn -0.200970 -0.971226 0.127794
vn 0.743431 -0.664208 0.078344
vn 0.950191 0.311139 0.018158
vn -0.178417 0.966242 -0.185861
vn -0.939302 0.342491 0.020299
vn -0.766566 -0.639605 -0.057285
vn 0.165746 -0.977003 -0.134139
vn 0.930345 -0.341122 -0.134514
vn 0.764420 0.642173 -0.057242
vn 0.210056 0.963250 0.167409
vn -0.741607 0.666728 0.074118
vn -0.940602 -0.309964 0.138528
vn -0.198103 -0.971237 0.132114
vn 0.744983 -0.664213 0.061813
vn 0.950360 0.311138 -0.002887
vn -0.183793 0.966306 -0.180203
vn -0.938297 0.342491 0.047952
vn -0.767918 -0.639616 -0.034554
vn 0.161751 -0.977031 -0.138736
vn 0.926013 -0.341126 -0.161656
vn 0.762410 0.642172 -0.079658
vn 0.214877 0.963303 0.160857
vn -0.739113 0.666731 0.095824
vn -0.936148 -0.309972 0.165963
vn -0.194153 -0.971263 0.137670
vn 0.746479 -0.664223 0.039709
vn 0.949862 0.311138 -0.030906
vn -0.190210 0.966429 -0.172728
vn -0.935908 0.342493 0.082310
vn -0.768655 -0.639634 -0.006138
vn 0.156626 -0.977084 -0.144138
vn 0.919544 -0.341135 -0.195106
vn 0.758996 0.642175 -0.107410
vn 0.220572 0.963406 0.152309
vn -0.735134 0.666734 0.122653
vn -0.929519 -0.309979 0.199769
vn -0.189045 -0.971313 0.144269
vn 0.747418 -0.664245 0.012061
vn 0.948085 0.311143 -0.065759
vn -0.197410 0.966637 -0.163222
vn -0.931427 0.342492 0.123054
vn -0.768150 -0.639665 0.027818
vn 0.150337 -0.977173 -0.150103
vn 0.910316 -0.341155 -0.234389
vn 0.753629 0.642178 -0.140182
vn 0.226868 0.963579 0.141589
vn -0.729149 0.666740 0.154272
vn -0.920087 -0.309997 0.239462
vn -0.182719 -0.971397 0.151663
vn 0.747188 -0.664281 -0.020995
vn 0.944303 0.311145 -0.107150
vn -0.205035 0.966958 -0.151502
vn -0.924077 0.342494 0.169646
vn -0.765690 -0.639713 0.066984
vn 0.142900 -0.977311 -0.156342
vn 0.897701 -0.341178 -0.278801
vn 0.745728 0.642178 -0.177474
vn 0.233403 0.963844 0.128559
vn -0.720612 0.666749 0.190168
vn -0.907218 -0.310022 0.284329
vn -0.175159 -0.971527 0.159547
vn 0.745094 -0.664332 -0.059154
vn 0.937709 0.311147 -0.154564
vn -0.212631 0.967415 -0.137461
vn -0.913090 0.342499 0.221273
vn -0.760527 -0.639782 0.110803
vn 0.134392 -0.977508 -0.162533
vn 0.881129 -0.341214 -0.327390
vn 0.734731 0.642182 -0.218568
vn 0.239725 0.964223 0.113161
vn -0.709013 0.666765 0.229619
vn -0.890342 -0.310057 0.333400
vn -0.166415 -0.971712 0.167578
vn 0.740393 -0.664409 -0.101880
vn 0.927497 0.311154 -0.207202
vn -0.219672 0.968027 -0.121113
vn -0.897809 0.342498 0.276829
vn -0.751970 -0.639869 0.158455
vn 0.124981 -0.977771 -0.168357
vn 0.860194 -0.341264 -0.378953
vn 0.720190 0.642189 -0.262525
vn 0.245318 0.964731 0.095465
vn -0.693964 0.666779 0.271699
vn -0.869057 -0.310101 0.385458
vn -0.156626 -0.971958 0.175400
vn 0.732398 -0.664512 -0.148380
vn 0.912962 0.311164 -0.263963
vn -0.225593 0.968799 -0.102644
vn -0.877787 0.342500 0.334939
vn -0.739462 -0.639985 0.208845
vn 0.114916 -0.978102 -0.173526
vn 0.834742 -0.341325 -0.432092
vn 0.701848 0.642196 -0.308210
vn 0.249654 0.965371 0.075712
vn -0.675250 0.666802 0.315298
vn -0.843206 -0.310164 0.439091
vn -0.146014 -0.972270 0.182679
vn 0.720562 -0.664640 -0.197596
vn 0.893612 0.311174 -0.323464
vn 0.000000 0.000000 -1.000000
vn 0.901659 0.137906 -0.409869
vn 0.540055 0.735083 -0.409870
vn -0.137907 0.901658 -0.409870
vn -0.735084 0.540053 -0.409870
vn -0.901659 -0.137907 -0.409869
vn -0.540054 -0.735085 -0.409869
vn 0.137907 -0.901659 -0.409869
vn 0.735084 -0.540055 -0.409869
vn 0.992045 0.040144 -0.119311
vn 0.673096 0.729867 -0.119312
vn -0.040144 0.992045 -0.119312
vn -0.729869 0.673094 -0.119312
vn -0.992045 -0.040144 -0.119312
vn -0.673095 -0.729869 -0.119311
vn 0.040145 -0.992045 -0.119311
vn 0.729868 -0.673096 -0.119311
vn 0.992045 -0.040144 0.119311
vn 0.729870 0.673094 0.119312
vn 0.040144 0.992045 0.119312
vn -0.673096 0.729867 0.119312
vn -0.992045 0.040144 0.119311
vn -0.729867 -0.673096 0.119311
vn -0.040145 -0.992045 0.119311
vn 0.673095 -0.729868 0.119311
vn 0.901659 -0.137906 0.409869
vn 0.735085 0.540053 0.409869
vn 0.137907 0.901658 0.409870
vn -0.540055 0.735083 0.409870
vn -0.901659 0.137907 0.409869
vn -0.735083 -0.540056 0.409869
vn -0.137907 -0.901659 0.409869
vn 0.540054 -0.735085 0.409869
vn 0.000000 0.000000 1.000000
vn -0.188924 0.981690 -0.024352
vn -0.944903 0.327325 -0.004060
vn -0.755871 -0.654607 -0.012179
vn 0.188955 -0.981851 -0.016237
vn 0.944841 -0.327303 -0.012179
vn 0.755921 0.654650 -0.004060
vn 0.188924 0.981690 0.024352
vn -0.755921 0.654650 0.004060
vn -0.944841 -0.327303 0.012179
vn -0.188955 -0.981851 0.016237
vn 0.755871 -0.654607 0.012179
vn 0.944903 0.327325 0.004060
vn -0.170014 0.966204 -0.193763
vn -0.939278 0.342495 -0.021296
vn -0.763276 -0.639598 -0.091232
vn 0.171515 -0.976987 -0.126804
vn 0.935376 -0.341119 -0.093322
vn 0.766201 0.642175 -0.023394
vn 0.202427 0.963221 0.176714
vn -0.744149 0.666737 0.041282
vn -0.945799 -0.309964 0.096881
vn -0.203749 -0.971222 0.123346
vn 0.741511 -0.664209 0.094805
vn 0.949556 0.311137 0.039198
vn -0.171440 0.966206 -0.192497
vn -0.939410 0.342495 -0.014362
vn -0.763929 -0.639598 -0.085594
vn 0.170575 -0.976987 -0.128061
vn 0.934663 -0.341117 -0.100219
vn 0.766009 0.642173 -0.029047
vn 0.203726 0.963222 0.175210
vn -0.743824 0.666737 0.046771
vn -0.945059 -0.309963 0.103855
vn -0.202834 -0.971222 0.124842
vn 0.742192 -0.664208 0.089327
vn 0.949820 0.311136 0.032188
vn -0.174262 0.966214 -0.189902
vn -0.939519 0.342496 -0.000494
vn -0.765109 -0.639600 -0.074291
vn 0.168667 -0.976991 -0.130535
vn 0.933085 -0.341119 -0.113979
vn 0.765495 0.642175 -0.040342
vn 0.206290 0.963230 0.172144
vn -0.743053 0.666738 0.057732
vn -0.943426 -0.309964 0.117767
vn -0.200970 -0.971226 0.127793
vn 0.743428 -0.664211 0.078343
vn 0.950191 0.311139 0.018159
vn -0.178417 0.966242 -0.185860
vn -0.939300 0.342495 0.020299
vn -0.766568 -0.639603 -0.057284
vn 0.165747 -0.977003 -0.134138
vn 0.930345 -0.341122 -0.134514
vn 0.764418 0.642175 -0.057241
vn 0.210045 0.963252 0.167409
vn -0.741599 0.666737 0.074118
vn -0.940602 -0.309964 0.138527
vn -0.198103 -0.971237 0.132113
vn 0.744981 -0.664216 0.061813
vn 0.950360 0.311138 -0.002887
vn -0.183792 0.966306 -0.180202
vn -0.938295 0.342494 0.047952
vn -0.767920 -0.639613 -0.034554
vn 0.161751 -0.977031 -0.138735
vn 0.926013 -0.341126 -0.161656
vn 0.762408 0.642175 -0.079658
vn 0.214865 0.963306 0.160857
vn -0.739105 0.666740 0.095824
vn -0.936149 -0.309972 0.165962
vn -0.194153 -0.971263 0.137669
vn 0.746476 -0.664226 0.039709
vn 0.949862 0.311138 -0.030906
vn -0.190210 0.966429 -0.172727
vn -0.935907 0.342496 0.082310
vn -0.768658 -0.639631 -0.006137
vn 0.156626 -0.977084 -0.144137
vn 0.919544 -0.341135 -0.195106
vn 0.758994 0.642178 -0.107410
vn 0.220560 0.963408 0.152310
vn -0.735126 0.666743 0.122653
vn -0.929519 -0.309979 0.199768
vn -0.189045 -0.971313 0.144268
vn 0.747415 -0.664248 0.012061
vn 0.948085 0.311143 -0.065758
vn -0.197410 0.966638 -0.163221
vn -0.931426 0.342496 0.123054
vn -0.768153 -0.639662 0.027818
vn 0.150337 -0.977174 -0.150102
vn 0.910316 -0.341155 -0.234389
vn 0.753626 0.642181 -0.140181
vn 0.226856 0.963581 0.141590
vn -0.729141 0.666749 0.154272
vn -0.920087 -0.309997 0.239462
vn -0.182719 -0.971397 0.151662
vn 0.747185 -0.664284 -0.020996
vn 0.944303 0.311145 -0.107150
vn -0.205034 0.966958 -0.151501
vn -0.924076 0.342498 0.169646
vn -0.765692 -0.639710 0.066984
vn 0.142900 -0.977311 -0.156341
vn 0.897701 -0.341178 -0.278801
vn 0.745726 0.642181 -0.177473
vn 0.233392 0.963847 0.128561
vn -0.720604 0.666759 0.190167
vn -0.907218 -0.310022 0.284328
vn -0.175160 -0.971527 0.159546
vn 0.745091 -0.664335 -0.059154
vn 0.937709 0.311147 -0.154564
vn -0.212631 0.967415 -0.137460
vn -0.913088 0.342503 0.221273
vn -0.760529 -0.639780 0.110805
vn 0.134392 -0.977508 -0.162532
vn 0.881129 -0.341214 -0.327390
vn 0.734729 0.642185 -0.218567
vn 0.239713 0.964226 0.113163
vn -0.709005 0.666774 0.229618
vn -0.890342 -0.310057 0.333399
vn -0.166415 -0.971712 0.167577
vn 0.740390 -0.664412 -0.101880
vn 0.927497 0.311154 -0.207202
vn -0.219671 0.968027 -0.121113
vn -0.897807 0.342502 0.276829
vn -0.751973 -0.639866 0.158457
vn 0.124982 -0.977771 -0.168356
vn 0.860194 -0.341264 -0.378953
vn 0.720188 0.642192 -0.262524
vn 0.245307 0.964733 0.095469
vn -0.693956 0.666788 0.271697
vn -0.869057 -0.310101 0.385457
vn -0.156626 -0.971958 0.175400
vn 0.732396 -0.664515 -0.148380
vn 0.912962 0.311164 -0.263963
vn -0.225593 0.968799 -0.102643
vn -0.877786 0.342504 0.334938
vn -0.739464 -0.639982 0.208846
vn 0.114916 -0.978102 -0.173525
vn 0.834742 -0.341325 -0.432092
vn 0.701846 0.642199 -0.308209
vn 0.249643 0.965373 0.075716
vn -0.675242 0.666811 0.315295
vn -0.843207 -0.310164 0.439091
vn -0.146014 -0.972270 0.182678
vn 0.720559 -0.664643 -0.197596
vn 0.893612 0.311174 -0.323463
vn 0.000000 0.000000 -1.000000
vn 0.901659 0.137906 -0.409869
vn 0.540053 0.735084 -0.409870
vn -0.137902 0.901660 -0.409869
vn -0.735086 0.540051 -0.409870
vn -0.901659 -0.137907 -0.409869
vn -0.540055 -0.735084 -0.409869
vn 0.137909 -0.901659 -0.409869
vn 0.735084 -0.540055 -0.409869
vn 0.992045 0.040144 -0.119311
vn 0.673092 0.729871 -0.119313
vn -0.040139 0.992045 -0.119310
vn -0.729868 0.673095 -0.119312
vn -0.992045 -0.040144 -0.119312
vn -0.673097 -0.729867 -0.119311
vn 0.040147 -0.992045 -0.119312
vn 0.729868 -0.673095 -0.119311
vn 0.992045 -0.040144 0.119311
vn 0.729869 0.673094 0.119312
vn 0.040139 0.992045 0.119310
vn -0.673092 0.729871 0.119313
vn -0.992045 0.040144 0.119311
vn -0.729868 -0.673096 0.119311
vn -0.040147 -0.992045 0.119312
vn 0.673098 -0.729866 0.119311
vn 0.901659 -0.137906 0.409869
vn 0.735086 0.540051 0.409870
vn 0.137901 0.901660 0.409869
vn -0.540053 0.735084 0.409870
vn -0.901659 0.137906 0.409870
vn -0.735083 -0.540056 0.409869
vn -0.137909 -0.901659 0.409869
vn 0.540055 -0.735084 0.409869
vn 0.000000 0.000000 1.000000
vn -0.188913 0.981692 -0.024352
vn -0.944903 0.327325 -0.004060
vn -0.755873 -0.654604 -0.012179
vn 0.188955 -0.981851 -0.016237
vn 0.944842 -0.327299 -0.012179
vn 0.755914 0.654659 -0.004060
vn 0.188913 0.981692 0.024352
vn -0.755914 0.654659 0.004060
vn -0.944842 -0.327299 0.012179
vn -0.188955 -0.981851 0.016237
vn 0.755873 -0.654604 0.012179
vn 0.944903 0.327325 0.004060
vn -0.170014 0.966204 -0.193767
vn -0.939280 0.342491 -0.021296
vn -0.763276 -0.639598 -0.091231
vn 0.171515 -0.976987 -0.126803
vn 0.935376 -0.341119 -0.093322
vn 0.766206 0.642169 -0.023395
vn 0.202450 0.963217 0.176712
vn -0.744160 0.666725 0.041279
vn -0.945798 -0.309967 0.096883
vn -0.203761 -0.971219 0.123351
vn 0.741516 -0.664203 0.094807
vn 0.949555 0.311141 0.039196
vn -0.171440 0.966205 -0.192500
vn -0.939411 0.342491 -0.014363
vn -0.763929 -0.639598 -0.085592
vn 0.170575 -0.976988 -0.128060
vn 0.934663 -0.341117 -0.100219
vn 0.766014 0.642167 -0.029048
vn 0.203750 0.963218 0.175207
vn -0.743835 0.666725 0.046768
vn -0.945058 -0.309967 0.103857
vn -0.202845 -0.971219 0.124846
vn 0.742197 -0.664202 0.089329
vn 0.949819 0.311140 0.032186
vn -0.174262 0.966214 -0.189906
vn -0.939520 0.342492 -0.000494
vn -0.765109 -0.639600 -0.074289
vn 0.168667 -0.976991 -0.130534
vn 0.933085 -0.341119 -0.113979
vn 0.765500 0.642170 -0.040343
vn 0.206313 0.963225 0.172141
vn -0.743064 0.666726 0.057730
vn -0.943425 -0.309967 0.117768
vn -0.200981 -0.971223 0.127798
vn 0.743434 -0.664205 0.078345
vn 0.950190 0.311143 0.018157
vn -0.178417 0.966241 -0.185864
vn -0.939302 0.342491 0.020298
vn -0.766568 -0.639603 -0.057282
vn 0.165747 -0.977003 -0.134137
vn 0.930345 -0.341122 -0.134514
vn 0.764422 0.642170 -0.057242
vn 0.210068 0.963248 0.167406
vn -0.741610 0.666725 0.074116
vn -0.940601 -0.309968 0.138529
vn -0.198114 -0.971234 0.132118
vn 0.744986 -0.664210 0.061815
vn 0.950359 0.311141 -0.002888
vn -0.183793 0.966305 -0.180206
vn -0.938297 0.342491 0.047952
vn -0.767920 -0.639613 -0.034552
vn 0.161752 -0.977031 -0.138734
vn 0.926013 -0.341126 -0.161656
vn 0.762413 0.642169 -0.079659
vn 0.214888 0.963301 0.160853
vn -0.739116 0.666728 0.095822
vn -0.936147 -0.309975 0.165964
vn -0.194164 -0.971260 0.137674
vn 0.746482 -0.664220 0.039711
vn 0.949861 0.311142 -0.030907
vn -0.190211 0.966428 -0.172730
vn -0.935908 0.342493 0.082309
vn -0.768658 -0.639631 -0.006135
vn 0.156626 -0.977084 -0.144136
vn 0.919544 -0.341135 -0.195106
vn 0.758998 0.642172 -0.107411
vn 0.220583 0.963404 0.152304
vn -0.735137 0.666731 0.122652
vn -0.929517 -0.309983 0.199770
vn -0.189056 -0.971310 0.144274
vn 0.747421 -0.664242 0.012063
vn 0.948084 0.311147 -0.065760
vn -0.197410 0.966637 -0.163225
vn -0.931427 0.342492 0.123054
vn -0.768152 -0.639662 0.027820
vn 0.150337 -0.977174 -0.150101
vn 0.910316 -0.341155 -0.234389
vn 0.753631 0.642175 -0.140183
vn 0.226879 0.963577 0.141584
vn -0.729152 0.666737 0.154271
vn -0.920085 -0.310000 0.239463
vn -0.182729 -0.971394 0.151668
vn 0.747191 -0.664278 -0.020994
vn 0.944302 0.311149 -0.107151
vn -0.205035 0.966958 -0.151505
vn -0.924077 0.342494 0.169645
vn -0.765692 -0.639710 0.066986
vn 0.142900 -0.977311 -0.156340
vn 0.897701 -0.341178 -0.278801
vn 0.745731 0.642175 -0.177475
vn 0.233414 0.963842 0.128554
vn -0.720615 0.666746 0.190167
vn -0.907216 -0.310025 0.284329
vn -0.175170 -0.971524 0.159553
vn 0.745096 -0.664328 -0.059153
vn 0.937707 0.311150 -0.154565
vn -0.212632 0.967415 -0.137464
vn -0.913090 0.342499 0.221272
vn -0.760529 -0.639780 0.110806
vn 0.134392 -0.977508 -0.162532
vn 0.881129 -0.341214 -0.327390
vn 0.734733 0.642179 -0.218569
vn 0.239735 0.964222 0.113155
vn -0.709016 0.666762 0.229619
vn -0.890341 -0.310061 0.333401
vn -0.166425 -0.971709 0.167585
vn 0.740396 -0.664406 -0.101879
vn 0.927495 0.311158 -0.207203
vn -0.219672 0.968026 -0.121116
vn -0.897809 0.342498 0.276829
vn -0.751972 -0.639866 0.158458
vn 0.124982 -0.977771 -0.168355
vn 0.860194 -0.341264 -0.378953
vn 0.720192 0.642186 -0.262526
vn 0.245328 0.964729 0.095459
vn -0.693967 0.666776 0.271698
vn -0.869055 -0.310105 0.385458
vn -0.156636 -0.971955 0.175407
vn 0.732401 -0.664509 -0.148379
vn 0.912961 0.311168 -0.263964
vn -0.225594 0.968799 -0.102647
vn -0.877787 0.342500 0.334938
vn -0.739463 -0.639982 0.208847
vn 0.114916 -0.978102 -0.173524
vn 0.834741 -0.341325 -0.432092
vn 0.701850 0.642193 -0.308211
vn 0.249664 0.965369 0.075705
vn -0.675253 0.666799 0.315297
vn -0.843205 -0.310168 0.439092
vn -0.146023 -0.972267 0.182687
vn 0.720565 -0.664637 -0.197596
vn 0.893610 0.311178 -0.323464
vn 0.000000 0.000000 -1.000000
vn 0.901659 0.137906 -0.409870
vn 0.540052 0.735087 -0.409867
vn -0.137909 0.901660 -0.409867
vn -0.735081 0.540060 -0.409868
vn -0.901659 -0.137906 -0.409869
vn -0.540058 -0.735080 -0.409871
vn 0.137909 -0.901658 -0.409871
vn 0.735086 -0.540051 -0.409870
vn 0.992045 0.040144 -0.119311
vn 0.673095 0.729869 -0.119310
vn -0.040147 0.992045 -0.119312
vn -0.729865 0.673099 -0.119311
vn -0.992045 -0.040144 -0.119311
vn -0.673100 -0.729864 -0.119311
vn 0.040147 -0.992045 -0.119312
vn 0.729871 -0.673092 -0.119311
vn 0.992045 -0.040144 0.119311
vn 0.729866 0.673098 0.119311
vn 0.040147 0.992045 0.119312
vn -0.673094 0.729869 0.119310
vn -0.992045 0.040144 0.119312
vn -0.729870 -0.673093 0.119311
vn -0.040147 -0.992045 0.119312
vn 0.673101 -0.729863 0.119311
vn 0.901660 -0.137905 0.409868
vn 0.735081 0.540060 0.409867
vn 0.137909 0.901660 0.409867
vn -0.540052 0.735087 0.409867
vn -0.901658 0.137907 0.409870
vn -0.735086 -0.540051 0.409870
vn -0.137909 -0.901658 0.409871
vn 0.540058 -0.735080 0.409871
vn 0.000000 0.000000 1.000000
vn -0.188935 0.981688 -0.024352
vn -0.944903 0.327325 -0.004060
vn -0.755878 -0.654599 -0.012179
vn 0.188966 -0.981849 -0.016238
vn 0.944841 -0.327303 -0.012179
vn 0.755928 0.654642 -0.004060
vn 0.188935 0.981688 0.024352
vn -0.755928 0.654642 0.004060
vn -0.944841 -0.327303 0.012179
vn -0.188966 -0.981849 0.016238
vn 0.755878 -0.654599 0.012179
vn 0.944903 0.327325 0.004060
vn -0.169537 0.966204 -0.194181
vn -0.939225 0.342491 -0.023607
vn -0.763046 -0.639603 -0.093110
vn 0.171827 -0.976987 -0.126383
vn 0.935603 -0.341119 -0.091020
vn 0.766262 0.642168 -0.021509
vn 0.202004 0.963219 0.177212
vn -0.744255 0.666730 0.039450
vn -0.946034 -0.309966 0.094556
vn -0.204053 -0.971222 0.122845
vn 0.741281 -0.664203 0.096629
vn 0.949459 0.311131 0.041534
vn -0.168101 0.966205 -0.195423
vn -0.939025 0.342491 -0.030536
vn -0.762344 -0.639596 -0.098737
vn 0.172753 -0.976988 -0.125106
vn 0.936249 -0.341119 -0.084109
vn 0.766394 0.642175 -0.015852
vn 0.200691 0.963220 0.178692
vn -0.744532 0.666723 0.033954
vn -0.946710 -0.309955 0.087565
vn -0.204954 -0.971222 0.121331
vn 0.740542 -0.664210 0.102096
vn 0.949123 0.311142 0.048539
vn -0.165200 0.966214 -0.197836
vn -0.938473 0.342490 -0.044383
vn -0.760801 -0.639603 -0.109951
vn 0.174583 -0.976991 -0.122515
vn 0.937391 -0.341119 -0.070264
vn 0.766551 0.642167 -0.004537
vn 0.198035 0.963227 0.181593
vn -0.744947 0.666729 0.022957
vn -0.947897 -0.309966 0.073567
vn -0.206723 -0.971226 0.118266
vn 0.738964 -0.664204 0.112986
vn 0.948308 0.311131 0.062527
vn -0.160799 0.966241 -0.201300
vn -0.937262 0.342491 -0.065109
vn -0.758195 -0.639603 -0.126681
vn 0.177246 -0.977003 -0.118527
vn 0.938721 -0.341112 -0.049448
vn 0.766461 0.642171 0.012432
vn 0.193982 0.963249 0.185800
vn -0.745275 0.666726 0.006445
vn -0.949298 -0.309961 0.052512
vn -0.209283 -0.971237 0.113573
vn 0.736290 -0.664211 0.129230
vn 0.946691 0.311146 0.083450
vn -0.154844 0.966305 -0.205613
vn -0.934948 0.342485 -0.092604
vn -0.754169 -0.639609 -0.148761
vn 0.180642 -0.977031 -0.113044
vn 0.939766 -0.341131 -0.021661
vn 0.765753 0.642181 0.035005
vn 0.188465 0.963304 0.191120
vn -0.745143 0.666724 -0.015546
vn -0.950434 -0.309966 0.024404
vn -0.212524 -0.971263 0.107156
vn 0.732187 -0.664231 0.150660
vn 0.943836 0.311147 0.111186
vn -0.147313 0.966429 -0.210508
vn -0.930947 0.342485 -0.126657
vn -0.748278 -0.639630 -0.175934
vn 0.184621 -0.977083 -0.105941
vn 0.939922 -0.341140 0.013035
vn 0.763963 0.642171 0.063063
vn 0.181438 0.963406 0.197306
vn -0.744062 0.666730 -0.042921
vn -0.950682 -0.309982 -0.010691
vn -0.216267 -0.971312 0.098900
vn 0.726257 -0.664242 0.177015
vn 0.939164 0.311132 0.145492
vn -0.138224 0.966637 -0.215653
vn -0.924579 0.342495 -0.166888
vn -0.740034 -0.639667 -0.207789
vn 0.188956 -0.977173 -0.097099
vn 0.938434 -0.341145 0.054420
vn 0.760482 0.642171 0.096349
vn 0.172877 0.963578 0.204038
vn -0.741459 0.666742 -0.075463
vn -0.949283 -0.309997 -0.052567
vn -0.220268 -0.971397 0.088708
vn 0.717997 -0.664275 0.207892
vn 0.931992 0.311145 0.185958
vn -0.127670 0.966958 -0.220666
vn -0.915128 0.342496 -0.212688
vn -0.728951 -0.639711 -0.243723
vn 0.193365 -0.977312 -0.086438
vn 0.934440 -0.341181 0.102063
vn 0.754671 0.642184 0.134429
vn 0.162830 0.963844 0.210928
vn -0.736701 0.666748 -0.112779
vn -0.945374 -0.310016 -0.100788
vn -0.224232 -0.971527 0.076522
vn 0.706933 -0.664338 0.242695
vn 0.921618 0.311155 0.231953
vn -0.115847 0.967415 -0.225140
vn -0.901903 0.342496 -0.263189
vn -0.714586 -0.639777 -0.282937
vn 0.197511 -0.977508 -0.073940
vn 0.927074 -0.341215 0.155259
vn 0.745916 0.642187 0.176650
vn 0.151444 0.964224 0.217572
vn -0.729135 0.666759 -0.154255
vn -0.938059 -0.310051 -0.154643
vn -0.227791 -0.971711 0.062356
vn 0.692674 -0.664413 0.280639
vn 0.907378 0.311160 0.282567
vn -0.103063 0.968027 -0.228695
vn -0.884339 0.342492 -0.317244
vn -0.696642 -0.639870 -0.324433
vn 0.201001 -0.977771 -0.059692
vn 0.915521 -0.341267 0.212973
vn 0.733659 0.642193 0.222109
vn 0.138968 0.964731 0.223566
vn -0.718186 0.666778 -0.199036
vn -0.926513 -0.310108 -0.213089
vn -0.230542 -0.971958 0.046341
vn 0.674937 -0.664515 0.320749
vn 0.888740 0.311166 0.336626
vn -0.089737 0.968799 -0.231032
vn -0.862103 0.342506 -0.373456
vn -0.675039 -0.639985 -0.367070
vn 0.203440 -0.978102 -0.043907
vn 0.899163 -0.341327 0.273866
vn 0.717528 0.642200 0.269689
vn 0.125767 0.965371 0.228565
vn -0.703448 0.666803 -0.246038
vn -0.910111 -0.310159 -0.274771
vn -0.232090 -0.972270 0.028734
vn 0.653655 -0.664644 0.361917
vn 0.865411 0.311179 0.392722
vn 0.000000 0.000000 -1.000000
vn 0.901659 0.137905 -0.409870
vn 0.540052 0.735085 -0.409871
vn -0.137907 0.901658 -0.409871
vn -0.735086 0.540052 -0.409869
vn -0.901660 -0.137905 -0.409868
vn -0.540055 -0.735084 -0.409868
vn 0.137907 -0.901659 -0.409868
vn 0.735082 -0.540057 -0.409870
vn 0.992045 0.040143 -0.119311
vn 0.673094 0.729869 -0.119312
vn -0.040144 0.992045 -0.119312
vn -0.729871 0.673092 -0.119312
vn -0.992045 -0.040143 -0.119311
vn -0.673096 -0.729867 -0.119311
vn 0.040145 -0.992045 -0.119311
vn 0.729867 -0.673097 -0.119312
vn 0.992045 -0.040143 0.119311
vn 0.729868 0.673095 0.119312
vn 0.040144 0.992045 0.119312
vn -0.673097 0.729866 0.119312
vn -0.992045 0.040143 0.119311
vn -0.729870 -0.673094 0.119311
vn -0.040145 -0.992045 0.119312
vn 0.673093 -0.729870 0.119311
vn 0.901659 -0.137905 0.409870
vn 0.735083 0.540055 0.409871
vn 0.137906 0.901659 0.409870
vn -0.540056 0.735082 0.409869
vn -0.901660 0.137905 0.409868
vn -0.735085 -0.540054 0.409868
vn -0.137907 -0.901659 0.409869
vn 0.540050 -0.735087 0.409870
vn 0.000000 0.000000 1.000000
vn -0.188924 0.981690 -0.024352
vn -0.944903 0.327325 -0.004060
vn -0.755871 -0.654607 -0.012179
vn 0.188955 -0.981851 -0.016237
vn 0.944841 -0.327303 -0.012179
vn 0.755921 0.654650 -0.004060
vn 0.188924 0.981690 0.024352
vn -0.755921 0.654650 0.004060
vn -0.944841 -0.327303 0.012179
vn -0.188955 -0.981851 0.016237
vn 0.755871 -0.654607 0.012179
vn 0.944903 0.327325 0.004060
vn -0.169537 0.966205 -0.194179
vn -0.939225 0.342491 -0.023606
vn -0.763043 -0.639606 -0.093111
vn 0.171827 -0.976986 -0.126384
vn 0.935602 -0.341123 -0.091021
vn 0.766264 0.642166 -0.021507
vn 0.202015 0.963216 0.177212
vn -0.744258 0.666727 0.039451
vn -0.946033 -0.309970 0.094556
vn -0.204053 -0.971222 0.122844
vn 0.741278 -0.664206 0.096628
vn 0.949458 0.311135 0.041533
vn -0.168101 0.966205 -0.195421
vn -0.939025 0.342491 -0.030535
vn -0.762341 -0.639599 -0.098737
vn 0.172753 -0.976988 -0.125107
vn 0.936248 -0.341123 -0.084110
vn 0.766396 0.642172 -0.015850
vn 0.200702 0.963218 0.178691
vn -0.744535 0.666720 0.033954
vn -0.946709 -0.309958 0.087565
vn -0.204954 -0.971222 0.121331
vn 0.740539 -0.664213 0.102095
vn 0.949122 0.311145 0.048539
vn -0.165200 0.966215 -0.197834
vn -0.938473 0.342490 -0.044383
vn -0.760799 -0.639606 -0.109952
vn 0.174583 -0.976991 -0.122516
vn 0.937389 -0.341122 -0.070265
vn 0.766554 0.642164 -0.004536
vn 0.198046 0.963225 0.181593
vn -0.744950 0.666726 0.022957
vn -0.947896 -0.309970 0.073567
vn -0.206723 -0.971226 0.118265
vn 0.738961 -0.664207 0.112986
vn 0.948307 0.311134 0.062527
vn -0.160800 0.966242 -0.201298
vn -0.937262 0.342491 -0.065109
vn -0.758192 -0.639606 -0.126682
vn 0.177246 -0.977003 -0.118528
vn 0.938720 -0.341115 -0.049450
vn 0.766463 0.642168 0.012433
vn 0.193993 0.963247 0.185800
vn -0.745278 0.666723 0.006445
vn -0.949297 -0.309965 0.052512
vn -0.209283 -0.971237 0.113572
vn 0.736287 -0.664214 0.129230
vn 0.946690 0.311150 0.083449
vn -0.154844 0.966306 -0.205611
vn -0.934948 0.342485 -0.092604
vn -0.754166 -0.639612 -0.148762
vn 0.180642 -0.977031 -0.113045
vn 0.939765 -0.341135 -0.021662
vn 0.765756 0.642178 0.035007
vn 0.188476 0.963301 0.191121
vn -0.745145 0.666721 -0.015546
vn -0.950433 -0.309970 0.024404
vn -0.212524 -0.971263 0.107155
vn 0.732185 -0.664234 0.150660
vn 0.943834 0.311150 0.111185
vn -0.147314 0.966429 -0.210506
vn -0.930947 0.342485 -0.126657
vn -0.748276 -0.639633 -0.175934
vn 0.184621 -0.977083 -0.105942
vn 0.939921 -0.341144 0.013033
vn 0.763965 0.642168 0.063065
vn 0.181450 0.963403 0.197307
vn -0.744065 0.666727 -0.042921
vn -0.950681 -0.309985 -0.010691
vn -0.216267 -0.971312 0.098899
vn 0.726254 -0.664245 0.177015
vn 0.939163 0.311136 0.145492
vn -0.138224 0.966638 -0.215651
vn -0.924579 0.342495 -0.166887
vn -0.740032 -0.639669 -0.207789
vn 0.188956 -0.977173 -0.097100
vn 0.938433 -0.341149 0.054419
vn 0.760484 0.642169 0.096351
vn 0.172889 0.963575 0.204039
vn -0.741461 0.666739 -0.075463
vn -0.949282 -0.310000 -0.052567
vn -0.220268 -0.971397 0.088708
vn 0.717995 -0.664278 0.207891
vn 0.931990 0.311148 0.185958
vn -0.127670 0.966958 -0.220664
vn -0.915129 0.342496 -0.212687
vn -0.728948 -0.639714 -0.243723
vn 0.193365 -0.977312 -0.086439
vn 0.934439 -0.341185 0.102062
vn 0.754673 0.642182 0.134431
vn 0.162841 0.963842 0.210930
vn -0.736704 0.666745 -0.112779
vn -0.945373 -0.310020 -0.100788
vn -0.224231 -0.971527 0.076521
vn 0.706931 -0.664341 0.242694
vn 0.921617 0.311158 0.231953
vn -0.115847 0.967415 -0.225138
vn -0.901903 0.342496 -0.263188
vn -0.714583 -0.639779 -0.282937
vn 0.197511 -0.977508 -0.073941
vn 0.927073 -0.341219 0.155258
vn 0.745918 0.642184 0.176652
vn 0.151455 0.964221 0.217575
vn -0.729138 0.666756 -0.154256
vn -0.938058 -0.310054 -0.154642
vn -0.227791 -0.971712 0.062355
vn 0.692672 -0.664416 0.280637
vn 0.907377 0.311164 0.282567
vn -0.103064 0.968028 -0.228693
vn -0.884339 0.342492 -0.317243
vn -0.696640 -0.639872 -0.324433
vn 0.201002 -0.977771 -0.059692
vn 0.915520 -0.341271 0.212972
vn 0.733661 0.642190 0.222112
vn 0.138979 0.964729 0.223569
vn -0.718189 0.666775 -0.199037
vn -0.926512 -0.310111 -0.213088
vn -0.230542 -0.971959 0.046340
vn 0.674935 -0.664518 0.320748
vn 0.888739 0.311169 0.336626
vn -0.089738 0.968799 -0.231031
vn -0.862103 0.342506 -0.373455
vn -0.675037 -0.639988 -0.367070
vn 0.203440 -0.978102 -0.043908
vn 0.899162 -0.341331 0.273864
vn 0.717530 0.642197 0.269691
vn 0.125777 0.965369 0.228569
vn -0.703451 0.666800 -0.246039
vn -0.910110 -0.310163 -0.274770
vn -0.232089 -0.972270 0.028733
vn 0.653652 -0.664647 0.361915
vn 0.865410 0.311183 0.392722
vn 0.000000 0.000000 -1.000000
vn 0.901659 0.137905 -0.409870
vn 0.540052 0.735085 -0.409870
vn -0.137909 0.901659 -0.409869
vn -0.735085 0.540054 -0.409868
vn -0.901660 -0.137905 -0.409868
vn -0.540054 -0.735085 -0.409868
vn 0.137905 -0.901660 -0.409868
vn 0.735082 -0.540057 -0.409870
vn 0.992045 0.040143 -0.119311
vn 0.673096 0.729868 -0.119311
vn -0.040147 0.992045 -0.119312
vn -0.729870 0.673093 -0.119311
vn -0.992045 -0.040143 -0.119311
vn -0.673094 -0.729869 -0.119312
vn 0.040143 -0.992045 -0.119311
vn 0.729866 -0.673097 -0.119312
vn 0.992045 -0.040143 0.119311
vn 0.729867 0.673096 0.119312
vn 0.040147 0.992045 0.119312
vn -0.673099 0.729865 0.119311
vn -0.992045 0.040143 0.119311
vn -0.729869 -0.673094 0.119312
vn -0.040143 -0.992045 0.119311
vn 0.673091 -0.729872 0.119312
vn 0.901659 -0.137905 0.409871
vn 0.735082 0.540057 0.409870
vn 0.137908 0.901659 0.409869
vn -0.540056 0.735083 0.409869
vn -0.901660 0.137905 0.409868
vn -0.735085 -0.540054 0.409868
vn -0.137905 -0.901660 0.409868
vn 0.540049 -0.735088 0.409869
vn 0.000000 0.000000 1.000000
vn -0.188935 0.981688 -0.024352
vn -0.944903 0.327325 -0.004060
vn -0.755869 -0.654610 -0.012179
vn 0.188955 -0.981851 -0.016237
vn 0.944840 -0.327306 -0.012179
vn 0.755928 0.654642 -0.004060
vn 0.188935 0.981688 0.024352
vn -0.755928 0.654642 0.004060
vn -0.944840 -0.327306 0.012179
vn -0.188955 -0.981851 0.016237
vn 0.755869 -0.654610 0.012179
vn 0.944903 0.327325 0.004060
vn -0.169537 0.966205 -0.194179
vn -0.939222 0.342498 -0.023606
vn -0.763048 -0.639600 -0.093110
vn 0.171825 -0.976987 -0.126382
vn 0.935603 -0.341119 -0.091023
vn 0.766249 0.642184 -0.021509
vn 0.201990 0.963222 0.177212
vn -0.744247 0.666739 0.039451
vn -0.946033 -0.309970 0.094555
vn -0.204062 -0.971220 0.122844
vn 0.741278 -0.664207 0.096627
vn 0.949454 0.311146 0.041532
vn -0.168101 0.966205 -0.195420
vn -0.939022 0.342499 -0.030535
vn -0.762346 -0.639593 -0.098736
vn 0.172753 -0.976988 -0.125105
vn 0.936249 -0.341119 -0.084109
vn 0.766387 0.642184 -0.015851
vn 0.200679 0.963222 0.178691
vn -0.744524 0.666732 0.033955
vn -0.946709 -0.309958 0.087564
vn -0.204966 -0.971220 0.121329
vn 0.740545 -0.664207 0.102094
vn 0.949122 0.311145 0.048540
vn -0.165198 0.966215 -0.197834
vn -0.938470 0.342497 -0.044382
vn -0.760804 -0.639601 -0.109951
vn 0.174581 -0.976991 -0.122515
vn 0.937387 -0.341129 -0.070264
vn 0.766538 0.642183 -0.004536
vn 0.198021 0.963230 0.181591
vn -0.744939 0.666738 0.022958
vn -0.947896 -0.309970 0.073566
vn -0.206734 -0.971223 0.118263
vn 0.738961 -0.664208 0.112985
vn 0.948307 0.311134 0.062531
vn -0.160798 0.966242 -0.201298
vn -0.937260 0.342499 -0.065108
vn -0.758197 -0.639601 -0.126681
vn 0.177244 -0.977003 -0.118528
vn 0.938717 -0.341122 -0.049449
vn 0.766448 0.642187 0.012433
vn 0.193968 0.963253 0.185797
vn -0.745267 0.666735 0.006446
vn -0.949297 -0.309965 0.052512
vn -0.209295 -0.971235 0.113571
vn 0.736287 -0.664215 0.129229
vn 0.946690 0.311150 0.083453
vn -0.154844 0.966306 -0.205611
vn -0.934946 0.342493 -0.092603
vn -0.754171 -0.639606 -0.148761
vn 0.180642 -0.977031 -0.113044
vn 0.939766 -0.341131 -0.021661
vn 0.765746 0.642190 0.035006
vn 0.188453 0.963306 0.191119
vn -0.745135 0.666733 -0.015544
vn -0.950433 -0.309970 0.024403
vn -0.212535 -0.971261 0.107153
vn 0.732190 -0.664228 0.150658
vn 0.943834 0.311150 0.111186
vn -0.147314 0.966430 -0.210505
vn -0.930944 0.342492 -0.126656
vn -0.748281 -0.639628 -0.175933
vn 0.184619 -0.977084 -0.105940
vn 0.939922 -0.341140 0.013032
vn 0.763950 0.642187 0.063061
vn 0.181425 0.963408 0.197305
vn -0.744054 0.666739 -0.042919
vn -0.950681 -0.309985 -0.010692
vn -0.216276 -0.971310 0.098898
vn 0.726254 -0.664245 0.177014
vn 0.939159 0.311147 0.145491
vn -0.138223 0.966638 -0.215651
vn -0.924576 0.342502 -0.166887
vn -0.740037 -0.639664 -0.207789
vn 0.188954 -0.977174 -0.097100
vn 0.938430 -0.341155 0.054420
vn 0.760469 0.642187 0.096349
vn 0.172864 0.963581 0.204034
vn -0.741451 0.666751 -0.075461
vn -0.949282 -0.310000 -0.052567
vn -0.220279 -0.971395 0.088705
vn 0.717994 -0.664278 0.207891
vn 0.931990 0.311148 0.185962
vn -0.127670 0.966958 -0.220664
vn -0.915126 0.342504 -0.212686
vn -0.728953 -0.639708 -0.243723
vn 0.193365 -0.977312 -0.086438
vn 0.934440 -0.341181 0.102063
vn 0.754663 0.642193 0.134429
vn 0.162819 0.963847 0.210925
vn -0.736693 0.666757 -0.112776
vn -0.945372 -0.310020 -0.100789
vn -0.224243 -0.971525 0.076517
vn 0.706937 -0.664335 0.242693
vn 0.921617 0.311158 0.231954
vn -0.115846 0.967416 -0.225135
vn -0.901900 0.342503 -0.263187
vn -0.714583 -0.639780 -0.282935
vn 0.197514 -0.977508 -0.073941
vn 0.927074 -0.341215 0.155259
vn 0.745915 0.642189 0.176649
vn 0.151433 0.964226 0.217569
vn -0.729122 0.666775 -0.154249
vn -0.938054 -0.310065 -0.154639
vn -0.227802 -0.971709 0.062351
vn 0.692684 -0.664404 0.280636
vn 0.907380 0.311154 0.282568
vn -0.103065 0.968027 -0.228694
vn -0.884334 0.342510 -0.317240
vn -0.696644 -0.639866 -0.324435
vn 0.201001 -0.977771 -0.059691
vn 0.915524 -0.341257 0.212977
vn 0.733657 0.642195 0.222111
vn 0.138961 0.964733 0.223564
vn -0.718178 0.666788 -0.199033
vn -0.926515 -0.310100 -0.213090
vn -0.230552 -0.971956 0.046333
vn 0.674945 -0.664506 0.320751
vn 0.888738 0.311169 0.336627
vn -0.089739 0.968799 -0.231030
vn -0.862103 0.342504 -0.373457
vn -0.675047 -0.639977 -0.367072
vn 0.203442 -0.978102 -0.043905
vn 0.899163 -0.341327 0.273866
vn 0.717521 0.642209 0.269687
vn 0.125756 0.965373 0.228560
vn -0.703446 0.666805 -0.246038
vn -0.910109 -0.310163 -0.274774
vn -0.232102 -0.972267 0.028727
vn 0.653658 -0.664641 0.361916
vn 0.865410 0.311183 0.392723
vn 0.000000 0.000000 -1.000000
vn 0.901659 0.137905 -0.409870
vn 0.540050 0.735087 -0.409871
vn -0.137902 0.901660 -0.409870
vn -0.735088 0.540049 -0.409869
vn -0.901659 -0.137907 -0.409868
vn -0.540053 -0.735086 -0.409867
vn 0.137909 -0.901660 -0.409867
vn 0.735079 -0.540061 -0.409869
vn 0.992045 0.040143 -0.119310
vn 0.673090 0.729873 -0.119313
vn -0.040139 0.992045 -0.119310
vn -0.729871 0.673092 -0.119312
vn -0.992045 -0.040143 -0.119311
vn -0.673096 -0.729868 -0.119310
vn 0.040147 -0.992045 -0.119312
vn 0.729864 -0.673099 -0.119312
vn 0.992045 -0.040143 0.119311
vn 0.729868 0.673095 0.119313
vn 0.040139 0.992045 0.119310
vn -0.673093 0.729870 0.119313
vn -0.992045 0.040143 0.119310
vn -0.729867 -0.673096 0.119311
vn -0.040147 -0.992045 0.119312
vn 0.673093 -0.729871 0.119310
vn 0.901659 -0.137907 0.409870
vn 0.735084 0.540052 0.409871
vn 0.137901 0.901660 0.409869
vn -0.540055 0.735084 0.409869
vn -0.901660 0.137906 0.409868
vn -0.735082 -0.540059 0.409867
vn -0.137909 -0.901660 0.409867
vn 0.540049 -0.735089 0.409868
vn 0.000000 0.000000 1.000000
vn -0.188913 0.981692 -0.024352
vn -0.944901 0.327331 -0.004060
vn -0.755878 -0.654599 -0.012178
vn 0.188966 -0.981849 -0.016237
vn 0.944841 -0.327303 -0.012179
vn 0.755909 0.654664 -0.004060
vn 0.188913 0.981692 0.024352
vn -0.755909 0.654664 0.004060
vn -0.944841 -0.327303 0.012179
vn -0.188966 -0.981849 0.016237
vn 0.755878 -0.654599 0.012178
vn 0.944901 0.327331 0.004060
vn -0.169538 0.966204 -0.194183
vn -0.939221 0.342501 -0.023605
vn -0.763045 -0.639603 -0.093113
vn 0.171827 -0.976987 -0.126383
vn 0.935607 -0.341109 -0.091017
vn 0.766268 0.642161 -0.021508
vn 0.202008 0.963218 0.177213
vn -0.744255 0.666730 0.039450
vn -0.946037 -0.309955 0.094555
vn -0.204053 -0.971222 0.122844
vn 0.741287 -0.664196 0.096630
vn 0.949459 0.311131 0.041534
vn -0.168103 0.966204 -0.195425
vn -0.939025 0.342491 -0.030533
vn -0.762350 -0.639589 -0.098736
vn 0.172753 -0.976988 -0.125106
vn 0.936249 -0.341119 -0.084109
vn 0.766394 0.642175 -0.015852
vn 0.200693 0.963220 0.178690
vn -0.744538 0.666716 0.033955
vn -0.946714 -0.309944 0.087565
vn -0.204957 -0.971222 0.121331
vn 0.740542 -0.664210 0.102096
vn 0.949123 0.311142 0.048539
vn -0.165204 0.966213 -0.197840
vn -0.938476 0.342479 -0.044382
vn -0.760818 -0.639583 -0.109951
vn 0.174581 -0.976991 -0.122513
vn 0.937387 -0.341129 -0.070264
vn 0.766539 0.642181 -0.004536
vn 0.198035 0.963227 0.181591
vn -0.744965 0.666708 0.022954
vn -0.947905 -0.309944 0.073561
vn -0.206728 -0.971224 0.118266
vn 0.738951 -0.664217 0.112990
vn 0.948304 0.311142 0.062531
vn -0.160798 0.966241 -0.201301
vn -0.937266 0.342481 -0.065108
vn -0.758201 -0.639597 -0.126678
vn 0.177246 -0.977003 -0.118529
vn 0.938714 -0.341132 -0.049449
vn 0.766455 0.642178 0.012432
vn 0.193980 0.963251 0.185796
vn -0.745281 0.666719 0.006446
vn -0.949298 -0.309961 0.052512
vn -0.209288 -0.971236 0.113574
vn 0.736284 -0.664218 0.129229
vn 0.946694 0.311135 0.083455
vn -0.154844 0.966306 -0.205611
vn -0.934952 0.342475 -0.092606
vn -0.754169 -0.639609 -0.148759
vn 0.180644 -0.977031 -0.113043
vn 0.939766 -0.341131 -0.021664
vn 0.765753 0.642181 0.035003
vn 0.188463 0.963304 0.191120
vn -0.745143 0.666724 -0.015546
vn -0.950431 -0.309977 0.024404
vn -0.212524 -0.971263 0.107158
vn 0.732188 -0.664231 0.150658
vn 0.943836 0.311147 0.111183
vn -0.147317 0.966428 -0.210509
vn -0.930947 0.342485 -0.126657
vn -0.748284 -0.639624 -0.175936
vn 0.184623 -0.977083 -0.105940
vn 0.939926 -0.341130 0.013038
vn 0.763968 0.642164 0.063065
vn 0.181443 0.963405 0.197308
vn -0.744068 0.666724 -0.042923
vn -0.950686 -0.309971 -0.010695
vn -0.216270 -0.971312 0.098899
vn 0.726262 -0.664235 0.177017
vn 0.939164 0.311132 0.145492
vn -0.138226 0.966637 -0.215652
vn -0.924583 0.342485 -0.166887
vn -0.740040 -0.639660 -0.207787
vn 0.188958 -0.977173 -0.097099
vn 0.938434 -0.341145 0.054418
vn 0.760482 0.642171 0.096347
vn 0.172877 0.963578 0.204037
vn -0.741465 0.666735 -0.075464
vn -0.949283 -0.309997 -0.052567
vn -0.220271 -0.971397 0.088709
vn 0.717998 -0.664275 0.207890
vn 0.931992 0.311145 0.185956
vn -0.127670 0.966958 -0.220666
vn -0.915125 0.342506 -0.212685
vn -0.728945 -0.639717 -0.243723
vn 0.193367 -0.977311 -0.086439
vn 0.934444 -0.341171 0.102067
vn 0.754682 0.642171 0.134432
vn 0.162834 0.963843 0.210929
vn -0.736695 0.666755 -0.112776
vn -0.945374 -0.310016 -0.100786
vn -0.224232 -0.971527 0.076520
vn 0.706945 -0.664325 0.242696
vn 0.921622 0.311144 0.231953
vn -0.115846 0.967415 -0.225140
vn -0.901902 0.342496 -0.263192
vn -0.714585 -0.639776 -0.282939
vn 0.197509 -0.977509 -0.073939
vn 0.927074 -0.341215 0.155259
vn 0.745911 0.642193 0.176649
vn 0.151442 0.964224 0.217573
vn -0.729135 0.666759 -0.154257
vn -0.938058 -0.310051 -0.154645
vn -0.227788 -0.971712 0.062357
vn 0.692668 -0.664419 0.280640
vn 0.907375 0.311171 0.282567
vn -0.103064 0.968027 -0.228694
vn -0.884342 0.342482 -0.317247
vn -0.696647 -0.639864 -0.324434
vn 0.201003 -0.977770 -0.059690
vn 0.915521 -0.341267 0.212973
vn 0.733659 0.642193 0.222109
vn 0.138968 0.964731 0.223566
vn -0.718191 0.666772 -0.199039
vn -0.926513 -0.310108 -0.213091
vn -0.230544 -0.971958 0.046340
vn 0.674937 -0.664515 0.320749
vn 0.888740 0.311166 0.336626
vn -0.089738 0.968798 -0.231034
vn -0.862104 0.342506 -0.373453
vn -0.675045 -0.639979 -0.367071
vn 0.203440 -0.978102 -0.043907
vn 0.899163 -0.341327 0.273866
vn 0.717528 0.642200 0.269689
vn 0.125768 0.965371 0.228564
vn -0.703454 0.666796 -0.246040
vn -0.910114 -0.310148 -0.274772
vn -0.232092 -0.972269 0.028733
vn 0.653655 -0.664644 0.361917
vn 0.865411 0.311179 0.392722
vn 0.000000 0.000000 -1.000000
vn 0.901658 0.137908 -0.409871
vn 0.540052 0.735085 -0.409871
vn -0.137907 0.901658 -0.409871
vn -0.735087 0.540051 -0.409868
vn -0.901660 -0.137909 -0.409867
vn -0.540060 -0.735081 -0.409867
vn 0.137906 -0.901660 -0.409868
vn 0.735080 -0.540059 -0.409871
vn 0.992045 0.040147 -0.119312
vn 0.673093 0.729870 -0.119311
vn -0.040144 0.992045 -0.119312
vn -0.729870 0.673093 -0.119311
vn -0.992045 -0.040147 -0.119312
vn -0.673098 -0.729865 -0.119311
vn 0.040145 -0.992045 -0.119311
vn 0.729863 -0.673101 -0.119311
vn 0.992045 -0.040147 0.119312
vn 0.729865 0.673099 0.119311
vn 0.040144 0.992045 0.119311
vn -0.673099 0.729864 0.119312
vn -0.992045 0.040147 0.119312
vn -0.729869 -0.673095 0.119310
vn -0.040145 -0.992045 0.119312
vn 0.673092 -0.729871 0.119310
vn 0.901658 -0.137909 0.409871
vn 0.735081 0.540057 0.409872
vn 0.137906 0.901659 0.409870
vn -0.540061 0.735080 0.409868
vn -0.901660 0.137909 0.409867
vn -0.735086 -0.540053 0.409867
vn -0.137907 -0.901659 0.409869
vn 0.540050 -0.735087 0.409870
vn 0.000000 0.000000 1.000000
vn -0.188922 0.981690 -0.024352
vn -0.944900 0.327335 -0.004060
vn -0.755860 -0.654620 -0.012179
vn 0.188957 -0.981851 -0.016237
vn 0.944844 -0.327293 -0.012178
vn 0.755932 0.654638 -0.004060
vn 0.188926 0.981689 0.024352
vn -0.755910 0.654663 0.004060
vn -0.944838 -0.327313 0.012179
vn -0.188953 -0.981852 0.016237
vn 0.755882 -0.654594 0.012178
vn 0.944907 0.327314 0.004060
vn -0.169539 0.966204 -0.194182
vn -0.939219 0.342505 -0.023605
vn -0.763048 -0.639600 -0.093112
vn 0.171827 -0.976987 -0.126382
vn 0.935607 -0.341109 -0.091017
vn 0.766265 0.642164 -0.021507
vn 0.201997 0.963220 0.177212
vn -0.744247 0.666739 0.039451
vn -0.946037 -0.309955 0.094554
vn -0.204053 -0.971222 0.122843
vn 0.741284 -0.664199 0.096629
vn 0.949459 0.311131 0.041534
vn -0.168103 0.966204 -0.195424
vn -0.939023 0.342495 -0.030533
vn -0.762352 -0.639586 -0.098735
vn 0.172753 -0.976988 -0.125105
vn 0.936249 -0.341119 -0.084109
vn 0.766392 0.642178 -0.015852
vn 0.200682 0.963222 0.178690
vn -0.744530 0.666725 0.033956
vn -0.946714 -0.309944 0.087564
vn -0.204957 -0.971222 0.121330
vn 0.740539 -0.664213 0.102095
vn 0.949123 0.311142 0.048539
vn -0.165204 0.966213 -0.197839
vn -0.938475 0.342483 -0.044382
vn -0.760821 -0.639580 -0.109951
vn 0.174581 -0.976991 -0.122512
vn 0.937387 -0.341129 -0.070264
vn 0.766537 0.642184 -0.004536
vn 0.198023 0.963230 0.181590
vn -0.744957 0.666717 0.022955
vn -0.947905 -0.309944 0.073560
vn -0.206728 -0.971224 0.118265
vn 0.738949 -0.664220 0.112989
vn 0.948304 0.311142 0.062532
vn -0.160798 0.966241 -0.201300
vn -0.937265 0.342485 -0.065108
vn -0.758203 -0.639594 -0.126678
vn 0.177246 -0.977003 -0.118528
vn 0.938714 -0.341132 -0.049449
vn 0.766452 0.642181 0.012432
vn 0.193968 0.963253 0.185795
vn -0.745273 0.666728 0.006447
vn -0.949298 -0.309962 0.052511
vn -0.209288 -0.971236 0.113573
vn 0.736281 -0.664221 0.129228
vn 0.946694 0.311135 0.083455
vn -0.154844 0.966306 -0.205610
vn -0.934951 0.342479 -0.092606
vn -0.754171 -0.639606 -0.148759
vn 0.180644 -0.977031 -0.113042
vn 0.939766 -0.341131 -0.021664
vn 0.765751 0.642184 0.035003
vn 0.188451 0.963307 0.191119
vn -0.745135 0.666733 -0.015544
vn -0.950431 -0.309977 0.024404
vn -0.212524 -0.971263 0.107157
vn 0.732185 -0.664234 0.150657
vn 0.943836 0.311147 0.111183
vn -0.147317 0.966428 -0.210508
vn -0.930946 0.342489 -0.126657
vn -0.748286 -0.639621 -0.175935
vn 0.184623 -0.977083 -0.105939
vn 0.939926 -0.341130 0.013038
vn 0.763966 0.642167 0.063065
vn 0.181431 0.963407 0.197306
vn -0.744060 0.666733 -0.042921
vn -0.950686 -0.309971 -0.010696
vn -0.216270 -0.971312 0.098898
vn 0.726260 -0.664238 0.177016
vn 0.939164 0.311132 0.145493
vn -0.138226 0.966637 -0.215651
vn -0.924581 0.342488 -0.166887
vn -0.740043 -0.639657 -0.207786
vn 0.188958 -0.977173 -0.097098
vn 0.938434 -0.341145 0.054418
vn 0.760480 0.642174 0.096347
vn 0.172866 0.963580 0.204035
vn -0.741457 0.666744 -0.075461
vn -0.949283 -0.309997 -0.052568
vn -0.220271 -0.971397 0.088709
vn 0.717995 -0.664278 0.207889
vn 0.931992 0.311145 0.185956
vn -0.127670 0.966958 -0.220665
vn -0.915124 0.342510 -0.212685
vn -0.728948 -0.639714 -0.243723
vn 0.193367 -0.977311 -0.086438
vn 0.934444 -0.341171 0.102067
vn 0.754679 0.642174 0.134432
vn 0.162823 0.963846 0.210926
vn -0.736687 0.666764 -0.112774
vn -0.945374 -0.310016 -0.100787
vn -0.224232 -0.971527 0.076519
vn 0.706942 -0.664328 0.242694
vn 0.921622 0.311144 0.231954
vn -0.115847 0.967415 -0.225139
vn -0.901901 0.342499 -0.263191
vn -0.714588 -0.639773 -0.282939
vn 0.197509 -0.977509 -0.073938
vn 0.927074 -0.341215 0.155259
vn 0.745908 0.642196 0.176649
vn 0.151431 0.964226 0.217569
vn -0.729127 0.666768 -0.154254
vn -0.938058 -0.310051 -0.154646
vn -0.227788 -0.971712 0.062356
vn 0.692666 -0.664422 0.280639
vn 0.907374 0.311171 0.282568
vn -0.103064 0.968027 -0.228694
vn -0.884341 0.342486 -0.317246
vn -0.696650 -0.639861 -0.324434
vn 0.201003 -0.977770 -0.059689
vn 0.915521 -0.341267 0.212973
vn 0.733657 0.642196 0.222109
vn 0.138958 0.964734 0.223562
vn -0.718184 0.666781 -0.199036
vn -0.926512 -0.310108 -0.213092
vn -0.230544 -0.971958 0.046340
vn 0.674935 -0.664518 0.320748
vn 0.888740 0.311166 0.336627
vn -0.089738 0.968798 -0.231034
vn -0.862102 0.342509 -0.373453
vn -0.675047 -0.639976 -0.367072
vn 0.203440 -0.978102 -0.043906
vn 0.899163 -0.341327 0.273866
vn 0.717526 0.642203 0.269688
vn 0.125757 0.965373 0.228559
vn -0.703446 0.666805 -0.246036
vn -0.910114 -0.310148 -0.274773
vn -0.232092 -0.972269 0.028732
vn 0.653652 -0.664647 0.361915
vn 0.865411 0.311179 0.392723
vn 0.000000 0.000000 -1.000000
vn 0.901658 0.137908 -0.409871
vn 0.540050 0.735087 -0.409871
vn -0.137901 0.901659 -0.409870
vn -0.735089 0.540049 -0.409868
vn -0.901660 -0.137909 -0.409867
vn -0.540061 -0.735080 -0.409868
vn 0.137908 -0.901659 -0.409868
vn 0.735080 -0.540059 -0.409871
vn 0.992045 0.040147 -0.119312
vn 0.673089 0.729874 -0.119312
vn -0.040139 0.992045 -0.119310
vn -0.729870 0.673094 -0.119311
vn -0.992045 -0.040147 -0.119312
vn -0.673101 -0.729863 -0.119310
vn 0.040147 -0.992045 -0.119311
vn 0.729863 -0.673101 -0.119311
vn 0.992045 -0.040147 0.119312
vn 0.729864 0.673100 0.119311
vn 0.040139 0.992045 0.119310
vn -0.673095 0.729868 0.119313
vn -0.992045 0.040147 0.119312
vn -0.729869 -0.673095 0.119310
vn -0.040147 -0.992045 0.119312
vn 0.673095 -0.729869 0.119310
vn 0.901658 -0.137909 0.409871
vn 0.735082 0.540054 0.409872
vn 0.137900 0.901660 0.409869
vn -0.540059 0.735081 0.409868
vn -0.901660 0.137908 0.409867
vn -0.735086 -0.540053 0.409867
vn -0.137909 -0.901658 0.409870
vn 0.540052 -0.735085 0.409870
vn 0.000000 0.000000 1.000000
vn -0.188911 0.981692 -0.024352
vn -0.944900 0.327335 -0.004060
vn -0.755862 -0.654617 -0.012179
vn 0.188957 -0.981851 -0.016237
vn 0.944846 -0.327289 -0.012178
vn 0.755925 0.654646 -0.004060
vn 0.188915 0.981691 0.024352
vn -0.755902 0.654672 0.004060
vn -0.944839 -0.327310 0.012179
vn -0.188953 -0.981852 0.016237
vn 0.755885 -0.654592 0.012178
vn 0.944907 0.327314 0.004060
vn -0.169538 0.966203 -0.194186
vn -0.939221 0.342501 -0.023605
vn -0.763048 -0.639600 -0.093110
vn 0.171827 -0.976987 -0.126381
vn 0.935607 -0.341109 -0.091017
vn 0.766270 0.642159 -0.021508
vn 0.202020 0.963216 0.177210
vn -0.744258 0.666727 0.039449
vn -0.946036 -0.309959 0.094556
vn -0.204064 -0.971219 0.122847
vn 0.741289 -0.664193 0.096631
vn 0.949458 0.311135 0.041532
vn -0.168103 0.966204 -0.195428
vn -0.939025 0.342491 -0.030534
vn -0.762352 -0.639586 -0.098733
vn 0.172754 -0.976988 -0.125104
vn 0.936249 -0.341119 -0.084109
vn 0.766396 0.642172 -0.015852
vn 0.200705 0.963218 0.178687
vn -0.744541 0.666713 0.033953
vn -0.946713 -0.309947 0.087566
vn -0.204968 -0.971219 0.121335
vn 0.740544 -0.664207 0.102098
vn 0.949122 0.311145 0.048538
vn -0.165204 0.966212 -0.197843
vn -0.938476 0.342480 -0.044383
vn -0.760821 -0.639580 -0.109949
vn 0.174581 -0.976992 -0.122511
vn 0.937387 -0.341129 -0.070264
vn 0.766542 0.642178 -0.004536
vn 0.198046 0.963226 0.181588
vn -0.744968 0.666705 0.022952
vn -0.947903 -0.309948 0.073562
vn -0.206739 -0.971222 0.118269
vn 0.738954 -0.664214 0.112992
vn 0.948303 0.311145 0.062530
vn -0.160797 0.966241 -0.201303
vn -0.937266 0.342481 -0.065109
vn -0.758204 -0.639594 -0.126676
vn 0.177246 -0.977003 -0.118527
vn 0.938714 -0.341132 -0.049449
vn 0.766457 0.642175 0.012432
vn 0.193991 0.963249 0.185793
vn -0.745284 0.666716 0.006444
vn -0.949297 -0.309965 0.052513
vn -0.209300 -0.971233 0.113577
vn 0.736287 -0.664215 0.129231
vn 0.946693 0.311139 0.083453
vn -0.154844 0.966306 -0.205613
vn -0.934952 0.342475 -0.092607
vn -0.754172 -0.639607 -0.148757
vn 0.180644 -0.977031 -0.113042
vn 0.939766 -0.341131 -0.021664
vn 0.765756 0.642178 0.035003
vn 0.188474 0.963302 0.191118
vn -0.745145 0.666721 -0.015548
vn -0.950429 -0.309981 0.024406
vn -0.212535 -0.971260 0.107160
vn 0.732190 -0.664228 0.150660
vn 0.943835 0.311150 0.111181
vn -0.147316 0.966428 -0.210512
vn -0.930947 0.342485 -0.126658
vn -0.748286 -0.639621 -0.175934
vn 0.184623 -0.977083 -0.105938
vn 0.939926 -0.341130 0.013038
vn 0.763971 0.642161 0.063065
vn 0.181455 0.963403 0.197306
vn -0.744071 0.666721 -0.042925
vn -0.950685 -0.309974 -0.010694
vn -0.216282 -0.971309 0.098901
vn 0.726265 -0.664232 0.177019
vn 0.939163 0.311136 0.145491
vn -0.138225 0.966637 -0.215655
vn -0.924583 0.342485 -0.166888
vn -0.740043 -0.639657 -0.207785
vn 0.188958 -0.977173 -0.097097
vn 0.938434 -0.341145 0.054418
vn 0.760485 0.642168 0.096347
vn 0.172889 0.963576 0.204036
vn -0.741467 0.666732 -0.075466
vn -0.949282 -0.310000 -0.052566
vn -0.220283 -0.971394 0.088711
vn 0.718000 -0.664272 0.207892
vn 0.931991 0.311149 0.185955
vn -0.127669 0.966957 -0.220669
vn -0.915125 0.342506 -0.212686
vn -0.728948 -0.639715 -0.243721
vn 0.193367 -0.977311 -0.086437
vn 0.934444 -0.341171 0.102067
vn 0.754684 0.642168 0.134432
vn 0.162846 0.963841 0.210929
vn -0.736698 0.666752 -0.112778
vn -0.945373 -0.310020 -0.100785
vn -0.224244 -0.971524 0.076521
vn 0.706947 -0.664322 0.242698
vn 0.921621 0.311148 0.231952
vn -0.115846 0.967414 -0.225143
vn -0.901902 0.342496 -0.263192
vn -0.714588 -0.639774 -0.282938
vn 0.197509 -0.977509 -0.073937
vn 0.927074 -0.341215 0.155259
vn 0.745913 0.642190 0.176649
vn 0.151454 0.964222 0.217573
vn -0.729137 0.666756 -0.154260
vn -0.938057 -0.310054 -0.154644
vn -0.227800 -0.971709 0.062358
vn 0.692670 -0.664415 0.280642
vn 0.907374 0.311175 0.282566
vn -0.103063 0.968027 -0.228697
vn -0.884342 0.342482 -0.317247
vn -0.696650 -0.639861 -0.324432
vn 0.201003 -0.977771 -0.059688
vn 0.915521 -0.341267 0.212973
vn 0.733662 0.642190 0.222110
vn 0.138980 0.964729 0.223567
vn -0.718193 0.666769 -0.199042
vn -0.926512 -0.310111 -0.213090
vn -0.230556 -0.971955 0.046340
vn 0.674939 -0.664512 0.320752
vn 0.888739 0.311169 0.336625
vn -0.089737 0.968798 -0.231037
vn -0.862103 0.342506 -0.373454
vn -0.675048 -0.639976 -0.367070
vn 0.203440 -0.978103 -0.043905
vn 0.899163 -0.341327 0.273866
vn 0.717531 0.642197 0.269690
vn 0.125780 0.965369 0.228566
vn -0.703456 0.666793 -0.246042
vn -0.910114 -0.310152 -0.274771
vn -0.232104 -0.972266 0.028732
vn 0.653657 -0.664641 0.361919
vn 0.865411 0.311183 0.392721
vn 0.000000 0.000000 -1.000000
vn 0.901658 0.137908 -0.409872
vn 0.540049 0.735089 -0.409868
vn -0.137909 0.901659 -0.409868
vn -0.735083 0.540058 -0.409866
vn -0.901660 -0.137908 -0.409866
vn -0.540064 -0.735077 -0.409869
vn 0.137907 -0.901658 -0.409870
vn 0.735082 -0.540054 -0.409872
vn 0.992045 0.040147 -0.119312
vn 0.673092 0.729872 -0.119310
vn -0.040147 0.992045 -0.119312
vn -0.729866 0.673098 -0.119310
vn -0.992045 -0.040147 -0.119311
vn -0.673104 -0.729861 -0.119311
vn 0.040147 -0.992045 -0.119311
vn 0.729866 -0.673098 -0.119310
vn 0.992045 -0.040147 0.119311
vn 0.729861 0.673104 0.119311
vn 0.040147 0.992045 0.119311
vn -0.673098 0.729866 0.119310
vn -0.992045 0.040147 0.119312
vn -0.729872 -0.673092 0.119310
vn -0.040147 -0.992045 0.119312
vn 0.673098 -0.729866 0.119310
vn 0.901658 -0.137907 0.409870
vn 0.735077 0.540064 0.409870
vn 0.137908 0.901660 0.409866
vn -0.540058 0.735083 0.409866
vn -0.901659 0.137909 0.409868
vn -0.735089 -0.540049 0.409868
vn -0.137908 -0.901658 0.409872
vn 0.540054 -0.735082 0.409872
vn 0.000000 0.000000 1.000000
vn -0.188933 0.981688 -0.024352
vn -0.944900 0.327335 -0.004060
vn -0.755867 -0.654612 -0.012179
vn 0.188968 -0.981849 -0.016238
vn 0.944844 -0.327293 -0.012178
vn 0.755939 0.654629 -0.004060
vn 0.188937 0.981687 0.024352
vn -0.755917 0.654655 0.004060
vn -0.944838 -0.327313 0.012179
vn -0.188964 -0.981850 0.016237
vn 0.755889 -0.654586 0.012178
vn 0.944907 0.327314 0.004060
vn -0.170012 0.966205 -0.193762
vn -0.939283 0.342480 -0.021300
vn -0.763272 -0.639603 -0.091231
vn 0.171516 -0.976987 -0.126804
vn 0.935372 -0.341131 -0.093323
vn 0.766203 0.642172 -0.023393
vn 0.202440 0.963219 0.176713
vn -0.744156 0.666730 0.041280
vn -0.945794 -0.309979 0.096881
vn -0.203750 -0.971222 0.123349
vn 0.741507 -0.664213 0.094805
vn 0.949558 0.311133 0.039199
vn -0.171439 0.966206 -0.192497
vn -0.939411 0.342491 -0.014362
vn -0.763925 -0.639603 -0.085593
vn 0.170577 -0.976987 -0.128064
vn 0.934662 -0.341121 -0.100216
vn 0.766021 0.642159 -0.029045
vn 0.203746 0.963218 0.175208
vn -0.743831 0.666730 0.046771
vn -0.945058 -0.309967 0.103857
vn -0.202837 -0.971222 0.124842
vn 0.742200 -0.664199 0.089325
vn 0.949825 0.311121 0.032189
vn -0.174266 0.966213 -0.189906
vn -0.939518 0.342500 -0.000492
vn -0.765112 -0.639596 -0.074294
vn 0.168667 -0.976991 -0.130535
vn 0.933088 -0.341110 -0.113975
vn 0.765505 0.642165 -0.040339
vn 0.206313 0.963225 0.172143
vn -0.743067 0.666722 0.057730
vn -0.943432 -0.309946 0.117765
vn -0.200972 -0.971226 0.127792
vn 0.743433 -0.664206 0.078347
vn 0.950189 0.311144 0.018160
vn -0.178414 0.966243 -0.185858
vn -0.939306 0.342481 0.020297
vn -0.766562 -0.639611 -0.057281
vn 0.165747 -0.977003 -0.134139
vn 0.930340 -0.341134 -0.134519
vn 0.764418 0.642175 -0.057244
vn 0.210056 0.963250 0.167408
vn -0.741602 0.666733 0.074118
vn -0.940595 -0.309985 0.138530
vn -0.198101 -0.971237 0.132117
vn 0.744976 -0.664221 0.061811
vn 0.950361 0.311137 -0.002889
vn -0.183794 0.966306 -0.180201
vn -0.938295 0.342496 0.047949
vn -0.767912 -0.639623 -0.034558
vn 0.161752 -0.977031 -0.138734
vn 0.926018 -0.341113 -0.161655
vn 0.762417 0.642164 -0.079658
vn 0.214883 0.963302 0.160859
vn -0.739107 0.666737 0.095822
vn -0.936146 -0.309979 0.165962
vn -0.194149 -0.971264 0.137670
vn 0.746481 -0.664221 0.039711
vn 0.949859 0.311149 -0.030909
vn -0.190211 0.966430 -0.172724
vn -0.935911 0.342485 0.082307
vn -0.768652 -0.639637 -0.006137
vn 0.156630 -0.977083 -0.144138
vn 0.919545 -0.341132 -0.195105
vn 0.759007 0.642161 -0.107411
vn 0.220578 0.963404 0.152308
vn -0.735131 0.666737 0.122652
vn -0.929514 -0.309994 0.199768
vn -0.189046 -0.971313 0.144270
vn 0.747424 -0.664238 0.012058
vn 0.948088 0.311134 -0.065760
vn -0.197409 0.966638 -0.163222
vn -0.931423 0.342505 0.123053
vn -0.768143 -0.639674 0.027814
vn 0.150337 -0.977174 -0.150103
vn 0.910319 -0.341147 -0.234387
vn 0.753637 0.642169 -0.140182
vn 0.226876 0.963577 0.141588
vn -0.729141 0.666748 0.154271
vn -0.920086 -0.309998 0.239464
vn -0.182716 -0.971398 0.151661
vn 0.747191 -0.664277 -0.020995
vn 0.944302 0.311147 -0.107151
vn -0.205035 0.966958 -0.151504
vn -0.924080 0.342486 0.169647
vn -0.765696 -0.639704 0.066987
vn 0.142899 -0.977311 -0.156341
vn 0.897696 -0.341192 -0.278801
vn 0.745726 0.642182 -0.177472
vn 0.233407 0.963844 0.128554
vn -0.720619 0.666741 0.190169
vn -0.907219 -0.310018 0.284328
vn -0.175162 -0.971526 0.159549
vn 0.745085 -0.664341 -0.059152
vn 0.937710 0.311146 -0.154561
vn -0.212633 0.967415 -0.137462
vn -0.913091 0.342496 0.221272
vn -0.760531 -0.639777 0.110804
vn 0.134390 -0.977509 -0.162530
vn 0.881128 -0.341216 -0.327392
vn 0.734725 0.642189 -0.218567
vn 0.239727 0.964223 0.113160
vn -0.709018 0.666760 0.229619
vn -0.890344 -0.310054 0.333398
vn -0.166414 -0.971712 0.167579
vn 0.740382 -0.664422 -0.101874
vn 0.927491 0.311172 -0.207201
vn -0.219673 0.968027 -0.121110
vn -0.897814 0.342483 0.276832
vn -0.751975 -0.639862 0.158462
vn 0.124986 -0.977770 -0.168359
vn 0.860192 -0.341268 -0.378953
vn 0.720200 0.642177 -0.262528
vn 0.245326 0.964729 0.095460
vn -0.693969 0.666772 0.271702
vn -0.869054 -0.310108 0.385458
vn -0.156631 -0.971957 0.175403
vn 0.732403 -0.664505 -0.148386
vn 0.912967 0.311147 -0.263966
vn -0.225595 0.968799 -0.102641
vn -0.877786 0.342505 0.334938
vn -0.739456 -0.639991 0.208842
vn 0.114919 -0.978101 -0.173528
vn 0.834748 -0.341311 -0.432091
vn 0.701867 0.642172 -0.308216
vn 0.249667 0.965368 0.075708
vn -0.675245 0.666808 0.315296
vn -0.843204 -0.310171 0.439092
vn -0.146015 -0.972270 0.182678
vn 0.720576 -0.664622 -0.197605
vn 0.893615 0.311160 -0.323468
vn 0.000000 0.000000 -1.000000
vn 0.901660 0.137909 -0.409867
vn 0.540060 0.735081 -0.409867
vn -0.137906 0.901660 -0.409868
vn -0.735080 0.540059 -0.409871
vn -0.901658 -0.137908 -0.409871
vn -0.540051 -0.735086 -0.409870
vn 0.137905 -0.901659 -0.409870
vn 0.735087 -0.540051 -0.409868
vn 0.992045 0.040147 -0.119312
vn 0.673098 0.729865 -0.119311
vn -0.040145 0.992045 -0.119311
vn -0.729863 0.673101 -0.119311
vn -0.992045 -0.040147 -0.119312
vn -0.673092 -0.729871 -0.119311
vn 0.040143 -0.992045 -0.119311
vn 0.729869 -0.673094 -0.119310
vn 0.992045 -0.040147 0.119312
vn 0.729869 0.673095 0.119310
vn 0.040145 0.992045 0.119312
vn -0.673092 0.729871 0.119310
vn -0.992045 0.040147 0.119312
vn -0.729864 -0.673100 0.119311
vn -0.040143 -0.992045 0.119310
vn 0.673098 -0.729866 0.119312
vn 0.901660 -0.137909 0.409867
vn 0.735086 0.540053 0.409867
vn 0.137907 0.901659 0.409869
vn -0.540050 0.735087 0.409870
vn -0.901658 0.137909 0.409871
vn -0.735081 -0.540057 0.409872
vn -0.137904 -0.901660 0.409869
vn 0.540060 -0.735081 0.409868
vn 0.000000 0.000000 1.000000
vn -0.188931 0.981688 -0.024352
vn -0.944907 0.327313 -0.004060
vn -0.755882 -0.654594 -0.012179
vn 0.188953 -0.981852 -0.016237
vn 0.944838 -0.327313 -0.012179
vn 0.755915 0.654658 -0.004060
vn 0.188927 0.981689 0.024352
vn -0.755937 0.654632 0.004060
vn -0.944844 -0.327293 0.012178
vn -0.188957 -0.981851 0.016238
vn 0.755860 -0.654620 0.012179
vn 0.944900 0.327333 0.004060
vn -0.170012 0.966205 -0.193764
vn -0.939285 0.342476 -0.021300
vn -0.763275 -0.639600 -0.091232
vn 0.171516 -0.976986 -0.126806
vn 0.935374 -0.341125 -0.093322
vn 0.766203 0.642172 -0.023394
vn 0.202434 0.963220 0.176716
vn -0.744158 0.666727 0.041280
vn -0.945796 -0.309974 0.096881
vn -0.203750 -0.971221 0.123349
vn 0.741513 -0.664207 0.094806
vn 0.949559 0.311128 0.039200
vn -0.171439 0.966205 -0.192499
vn -0.939413 0.342488 -0.014362
vn -0.763928 -0.639600 -0.085594
vn 0.170577 -0.976986 -0.128065
vn 0.934664 -0.341116 -0.100216
vn 0.766021 0.642159 -0.029046
vn 0.203740 0.963219 0.175210
vn -0.743834 0.666726 0.046771
vn -0.945059 -0.309962 0.103857
vn -0.202837 -0.971222 0.124843
vn 0.742205 -0.664193 0.089325
vn 0.949827 0.311116 0.032189
vn -0.174266 0.966212 -0.189908
vn -0.939519 0.342496 -0.000492
vn -0.765115 -0.639593 -0.074295
vn 0.168667 -0.976991 -0.130536
vn 0.933090 -0.341105 -0.113974
vn 0.765505 0.642164 -0.040340
vn 0.206307 0.963225 0.172146
vn -0.743070 0.666719 0.057731
vn -0.943434 -0.309941 0.117765
vn -0.200972 -0.971226 0.127793
vn 0.743438 -0.664200 0.078347
vn 0.950191 0.311138 0.018160
vn -0.178413 0.966243 -0.185860
vn -0.939307 0.342477 0.020297
vn -0.766564 -0.639608 -0.057282
vn 0.165747 -0.977003 -0.134141
vn 0.930342 -0.341128 -0.134518
vn 0.764418 0.642175 -0.057245
vn 0.210050 0.963251 0.167411
vn -0.741605 0.666730 0.074119
vn -0.940597 -0.309980 0.138530
vn -0.198101 -0.971237 0.132117
vn 0.744982 -0.664215 0.061811
vn 0.950363 0.311131 -0.002889
vn -0.183794 0.966306 -0.180203
vn -0.938296 0.342492 0.047949
vn -0.767914 -0.639620 -0.034558
vn 0.161752 -0.977031 -0.138736
vn 0.926020 -0.341107 -0.161655
vn 0.762417 0.642164 -0.079659
vn 0.214877 0.963302 0.160862
vn -0.739110 0.666734 0.095822
vn -0.936148 -0.309974 0.165962
vn -0.194149 -0.971264 0.137670
vn 0.746486 -0.664215 0.039711
vn 0.949860 0.311143 -0.030909
vn -0.190211 0.966429 -0.172726
vn -0.935913 0.342481 0.082307
vn -0.768655 -0.639634 -0.006137
vn 0.156630 -0.977083 -0.144140
vn 0.919547 -0.341126 -0.195104
vn 0.759007 0.642161 -0.107412
vn 0.220572 0.963405 0.152312
vn -0.735134 0.666734 0.122652
vn -0.929516 -0.309989 0.199768
vn -0.189046 -0.971312 0.144270
vn 0.747429 -0.664232 0.012058
vn 0.948090 0.311129 -0.065760
vn -0.197409 0.966637 -0.163224
vn -0.931424 0.342501 0.123054
vn -0.768146 -0.639671 0.027813
vn 0.150336 -0.977173 -0.150104
vn 0.910322 -0.341141 -0.234387
vn 0.753637 0.642169 -0.140183
vn 0.226871 0.963577 0.141592
vn -0.729144 0.666745 0.154272
vn -0.920088 -0.309993 0.239464
vn -0.182716 -0.971398 0.151662
vn 0.747197 -0.664271 -0.020996
vn 0.944304 0.311141 -0.107151
vn -0.205035 0.966957 -0.151506
vn -0.924081 0.342482 0.169647
vn -0.765699 -0.639701 0.066987
vn 0.142899 -0.977311 -0.156343
vn 0.897698 -0.341187 -0.278801
vn 0.745725 0.642182 -0.177473
vn 0.233402 0.963845 0.128558
vn -0.720622 0.666738 0.190170
vn -0.907221 -0.310013 0.284328
vn -0.175162 -0.971526 0.159549
vn 0.745090 -0.664335 -0.059153
vn 0.937711 0.311140 -0.154561
vn -0.212633 0.967414 -0.137463
vn -0.913092 0.342492 0.221272
vn -0.760534 -0.639774 0.110804
vn 0.134390 -0.977508 -0.162532
vn 0.881130 -0.341210 -0.327392
vn 0.734725 0.642189 -0.218567
vn 0.239722 0.964224 0.113164
vn -0.709020 0.666757 0.229620
vn -0.890346 -0.310048 0.333398
vn -0.166414 -0.971712 0.167580
vn 0.740387 -0.664416 -0.101875
vn 0.927493 0.311167 -0.207201
vn -0.219674 0.968026 -0.121112
vn -0.897815 0.342479 0.276832
vn -0.751977 -0.639859 0.158462
vn 0.124985 -0.977770 -0.168360
vn 0.860195 -0.341262 -0.378953
vn 0.720200 0.642177 -0.262529
vn 0.245321 0.964730 0.095464
vn -0.693972 0.666769 0.271703
vn -0.869056 -0.310103 0.385458
vn -0.156630 -0.971957 0.175404
vn 0.732409 -0.664499 -0.148388
vn 0.912969 0.311142 -0.263966
vn -0.225596 0.968799 -0.102643
vn -0.877787 0.342501 0.334938
vn -0.739459 -0.639989 0.208842
vn 0.114919 -0.978101 -0.173529
vn 0.834750 -0.341305 -0.432091
vn 0.701867 0.642172 -0.308217
vn 0.249662 0.965369 0.075713
vn -0.675247 0.666805 0.315297
vn -0.843205 -0.310166 0.439092
vn -0.146014 -0.972270 0.182679
vn 0.720581 -0.664616 -0.197607
vn 0.893617 0.311155 -0.323468
vn 0.000000 0.000000 -1.000000
vn 0.901660 0.137909 -0.409867
vn 0.540058 0.735082 -0.409867
vn -0.137904 0.901660 -0.409868
vn -0.735080 0.540059 -0.409871
vn -0.901658 -0.137908 -0.409871
vn -0.540052 -0.735084 -0.409871
vn 0.137905 -0.901658 -0.409871
vn 0.735089 -0.540049 -0.409868
vn 0.992045 0.040147 -0.119312
vn 0.673096 0.729867 -0.119311
vn -0.040143 0.992045 -0.119310
vn -0.729862 0.673102 -0.119311
vn -0.992045 -0.040147 -0.119312
vn -0.673093 -0.729870 -0.119311
vn 0.040143 -0.992045 -0.119311
vn 0.729871 -0.673093 -0.119310
vn 0.992045 -0.040147 0.119312
vn 0.729868 0.673096 0.119310
vn 0.040143 0.992045 0.119311
vn -0.673090 0.729873 0.119311
vn -0.992045 0.040147 0.119312
vn -0.729865 -0.673099 0.119311
vn -0.040143 -0.992045 0.119310
vn 0.673099 -0.729864 0.119312
vn 0.901660 -0.137908 0.409867
vn 0.735086 0.540053 0.409867
vn 0.137905 0.901659 0.409869
vn -0.540049 0.735088 0.409869
vn -0.901658 0.137909 0.409871
vn -0.735082 -0.540054 0.409872
vn -0.137904 -0.901659 0.409870
vn 0.540061 -0.735079 0.409869
vn 0.000000 0.000000 1.000000
vn -0.188926 0.981689 -0.024352
vn -0.944908 0.327311 -0.004060
vn -0.755885 -0.654592 -0.012179
vn 0.188953 -0.981852 -0.016237
vn 0.944839 -0.327310 -0.012179
vn 0.755912 0.654661 -0.004060
vn 0.188922 0.981690 0.024352
vn -0.755934 0.654635 0.004060
vn -0.944846 -0.327289 0.012178
vn -0.188957 -0.981851 0.016238
vn 0.755862 -0.654617 0.012179
vn 0.944901 0.327331 0.004060
vn -0.170016 0.966204 -0.193763
vn -0.939281 0.342488 -0.021293
vn -0.763287 -0.639586 -0.091230
vn 0.171516 -0.976987 -0.126805
vn 0.935373 -0.341129 -0.093322
vn 0.766193 0.642184 -0.023393
vn 0.202427 0.963222 0.176711
vn -0.744159 0.666725 0.041282
vn -0.945801 -0.309959 0.096880
vn -0.203766 -0.971218 0.123345
vn 0.741513 -0.664207 0.094803
vn 0.949557 0.311135 0.039201
vn -0.171439 0.966206 -0.192494
vn -0.939408 0.342499 -0.014361
vn -0.763928 -0.639600 -0.085593
vn 0.170574 -0.976988 -0.128062
vn 0.934662 -0.341119 -0.100221
vn 0.766000 0.642184 -0.029048
vn 0.203724 0.963223 0.175210
vn -0.743823 0.666739 0.046772
vn -0.945057 -0.309969 0.103856
vn -0.202844 -0.971220 0.124841
vn 0.742193 -0.664207 0.089324
vn 0.949817 0.311145 0.032186
vn -0.174262 0.966215 -0.189899
vn -0.939515 0.342508 -0.000492
vn -0.765103 -0.639607 -0.074291
vn 0.168671 -0.976990 -0.130538
vn 0.933089 -0.341109 -0.113974
vn 0.765507 0.642162 -0.040340
vn 0.206296 0.963228 0.172144
vn -0.743047 0.666745 0.057734
vn -0.943424 -0.309970 0.117769
vn -0.200983 -0.971224 0.127790
vn 0.743451 -0.664187 0.078338
vn 0.950196 0.311123 0.018159
vn -0.178417 0.966242 -0.185859
vn -0.939295 0.342509 0.020301
vn -0.766564 -0.639608 -0.057286
vn 0.165747 -0.977003 -0.134140
vn 0.930349 -0.341112 -0.134512
vn 0.764420 0.642173 -0.057241
vn 0.210049 0.963251 0.167410
vn -0.741594 0.666742 0.074119
vn -0.940602 -0.309965 0.138529
vn -0.198113 -0.971235 0.132111
vn 0.744994 -0.664202 0.061810
vn 0.950360 0.311139 -0.002888
vn -0.183798 0.966305 -0.180202
vn -0.938292 0.342503 0.047955
vn -0.767926 -0.639606 -0.034555
vn 0.161752 -0.977031 -0.138735
vn 0.926019 -0.341111 -0.161655
vn 0.762407 0.642176 -0.079657
vn 0.214871 0.963304 0.160858
vn -0.739111 0.666733 0.095824
vn -0.936153 -0.309959 0.165961
vn -0.194165 -0.971261 0.137668
vn 0.746486 -0.664215 0.039708
vn 0.949858 0.311150 -0.030908
vn -0.190214 0.966429 -0.172724
vn -0.935908 0.342492 0.082313
vn -0.768666 -0.639621 -0.006133
vn 0.156630 -0.977083 -0.144139
vn 0.919546 -0.341130 -0.195104
vn 0.758997 0.642173 -0.107409
vn 0.220566 0.963407 0.152308
vn -0.735135 0.666733 0.122655
vn -0.929521 -0.309975 0.199768
vn -0.189062 -0.971310 0.144268
vn 0.747429 -0.664232 0.012055
vn 0.948088 0.311136 -0.065759
vn -0.197413 0.966637 -0.163217
vn -0.931428 0.342492 0.123051
vn -0.768157 -0.639657 0.027818
vn 0.150340 -0.977173 -0.150102
vn 0.910320 -0.341145 -0.234387
vn 0.753627 0.642180 -0.140180
vn 0.226859 0.963580 0.141592
vn -0.729145 0.666744 0.154270
vn -0.920087 -0.310000 0.239457
vn -0.182732 -0.971394 0.151663
vn 0.747196 -0.664272 -0.020998
vn 0.944302 0.311148 -0.107150
vn -0.205034 0.966958 -0.151501
vn -0.924077 0.342494 0.169647
vn -0.765699 -0.639701 0.066988
vn 0.142899 -0.977311 -0.156342
vn 0.897696 -0.341191 -0.278801
vn 0.745716 0.642193 -0.177470
vn 0.233390 0.963847 0.128558
vn -0.720611 0.666750 0.190168
vn -0.907219 -0.310020 0.284327
vn -0.175174 -0.971524 0.159548
vn 0.745090 -0.664335 -0.059155
vn 0.937709 0.311148 -0.154560
vn -0.212628 0.967417 -0.137456
vn -0.913088 0.342504 0.221272
vn -0.760522 -0.639788 0.110804
vn 0.134393 -0.977508 -0.162534
vn 0.881128 -0.341214 -0.327392
vn 0.734726 0.642188 -0.218568
vn 0.239710 0.964226 0.113165
vn -0.708998 0.666782 0.229617
vn -0.890335 -0.310076 0.333400
vn -0.166426 -0.971710 0.167580
vn 0.740397 -0.664402 -0.101887
vn 0.927497 0.311153 -0.207204
vn -0.219673 0.968027 -0.121108
vn -0.897805 0.342510 0.276828
vn -0.751968 -0.639873 0.158453
vn 0.124983 -0.977771 -0.168357
vn 0.860200 -0.341247 -0.378954
vn 0.720191 0.642188 -0.262525
vn 0.245310 0.964732 0.095471
vn -0.693951 0.666794 0.271695
vn -0.869054 -0.310110 0.385457
vn -0.156635 -0.971957 0.175401
vn 0.732408 -0.664499 -0.148387
vn 0.912959 0.311170 -0.263966
vn -0.225589 0.968800 -0.102643
vn -0.877783 0.342512 0.334937
vn -0.739459 -0.639989 0.208843
vn 0.114917 -0.978101 -0.173528
vn 0.834742 -0.341328 -0.432089
vn 0.701849 0.642197 -0.308207
vn 0.249645 0.965373 0.075715
vn -0.675237 0.666817 0.315294
vn -0.843204 -0.310173 0.439091
vn -0.146026 -0.972268 0.182681
vn 0.720570 -0.664629 -0.197603
vn 0.893617 0.311162 -0.323462
vn 0.000000 0.000000 -1.000000
vn 0.901660 0.137909 -0.409867
vn 0.540059 0.735081 -0.409868
vn -0.137900 0.901660 -0.409869
vn -0.735082 0.540054 -0.409872
vn -0.901658 -0.137910 -0.409871
vn -0.540049 -0.735089 -0.409868
vn 0.137909 -0.901659 -0.409868
vn 0.735083 -0.540058 -0.409866
vn 0.992045 0.040147 -0.119311
vn 0.673095 0.729868 -0.119313
vn -0.040139 0.992045 -0.119310
vn -0.729864 0.673100 -0.119311
vn -0.992045 -0.040147 -0.119312
vn -0.673092 -0.729872 -0.119310
vn 0.040147 -0.992045 -0.119312
vn 0.729866 -0.673098 -0.119310
vn 0.992045 -0.040147 0.119312
vn 0.729870 0.673094 0.119311
vn 0.040139 0.992045 0.119310
vn -0.673089 0.729874 0.119313
vn -0.992045 0.040147 0.119311
vn -0.729861 -0.673104 0.119311
vn -0.040147 -0.992045 0.119311
vn 0.673098 -0.729866 0.119310
vn 0.901659 -0.137910 0.409867
vn 0.735089 0.540049 0.409868
vn 0.137901 0.901659 0.409870
vn -0.540050 0.735087 0.409871
vn -0.901658 0.137909 0.409871
vn -0.735077 -0.540064 0.409870
vn -0.137908 -0.901660 0.409866
vn 0.540058 -0.735083 0.409866
vn 0.000000 0.000000 1.000000
vn -0.188915 0.981691 -0.024352
vn -0.944904 0.327321 -0.004060
vn -0.755889 -0.654586 -0.012178
vn 0.188964 -0.981850 -0.016237
vn 0.944838 -0.327313 -0.012179
vn 0.755898 0.654677 -0.004060
vn 0.188911 0.981692 0.024351
vn -0.755920 0.654651 0.004060
vn -0.944844 -0.327293 0.012178
vn -0.188968 -0.981849 0.016237
vn 0.755867 -0.654612 0.012179
vn 0.944897 0.327342 0.004060
vn -0.169777 0.965964 -0.195163
vn -0.939257 0.342452 -0.022872
vn -0.763174 -0.639699 -0.091384
vn 0.171672 -0.977141 -0.125394
vn 0.935487 -0.341242 -0.091751
vn 0.766232 0.642144 -0.023237
vn 0.202233 0.963434 0.175777
vn -0.744221 0.666762 0.039545
vn -0.945920 -0.309841 0.096096
vn -0.203918 -0.971066 0.124291
vn 0.741396 -0.664088 0.096534
vn 0.949508 0.311184 0.039987
vn -0.169761 0.964503 -0.202276
vn -0.939258 0.342270 -0.025398
vn -0.763166 -0.640365 -0.086658
vn 0.171678 -0.978039 -0.118175
vn 0.935486 -0.341914 -0.089226
vn 0.766224 0.641964 -0.027976
vn 0.202240 0.964704 0.168657
vn -0.744222 0.667034 0.034622
vn -0.945921 -0.309120 0.098377
vn -0.203902 -0.970127 0.131446
vn 0.741398 -0.663356 0.101428
vn 0.949507 0.311475 0.037688
vn -0.169779 0.961419 -0.216446
vn -0.939257 0.341863 -0.030440
vn -0.763174 -0.641567 -0.077176
vn 0.171673 -0.979681 -0.103699
vn 0.935489 -0.343190 -0.084150
vn 0.766231 0.641474 -0.037440
vn 0.202242 0.967094 0.154360
vn -0.744225 0.667470 0.024764
vn -0.945921 -0.307642 0.102906
vn -0.203926 -0.968080 0.145723
vn 0.741401 -0.661787 0.111185
vn 0.949507 0.311996 0.033077
vn -0.169797 0.956429 -0.237511
vn -0.939255 0.341112 -0.037975
vn -0.763187 -0.643109 -0.062900
vn 0.171688 -0.981740 -0.081915
vn 0.935493 -0.344971 -0.076472
vn 0.766238 0.640482 -0.051597
vn 0.202232 0.970291 0.132806
vn -0.744216 0.667865 0.009969
vn -0.945929 -0.305293 0.109610
vn -0.203914 -0.964639 0.167003
vn 0.741397 -0.659185 0.125720
vn 0.949510 0.312646 0.026140
vn -0.169786 0.949124 -0.265210
vn -0.939257 0.339848 -0.047951
vn -0.763184 -0.644696 -0.043798
vn 0.171670 -0.983739 -0.052783
vn 0.935508 -0.347060 -0.066131
vn 0.766224 0.638708 -0.070374
vn 0.202240 0.973808 0.103906
vn -0.744216 0.667868 -0.009747
vn -0.945943 -0.301958 0.118374
vn -0.203916 -0.959354 0.195084
vn 0.741407 -0.655229 0.144885
vn 0.949512 0.313278 0.016863
vn -0.169807 0.938983 -0.299127
vn -0.939261 0.337871 -0.060271
vn -0.763221 -0.645831 -0.019883
vn 0.171702 -0.985013 -0.016351
vn 0.935537 -0.349217 -0.053086
vn 0.766232 0.635710 -0.093607
vn 0.202274 0.976991 0.067638
vn -0.744226 0.667047 -0.034300
vn -0.945975 -0.297465 0.129017
vn -0.203939 -0.951671 0.229634
vn 0.741446 -0.649530 0.168428
vn 0.949517 0.313671 0.005259
vn -0.169852 0.925459 -0.338637
vn -0.939261 0.334958 -0.074779
vn -0.763256 -0.646037 0.008746
vn 0.171726 -0.984769 0.027223
vn 0.935580 -0.351136 -0.037324
vn 0.766231 0.631063 -0.121035
vn 0.202298 0.979028 0.024083
vn -0.744229 0.664899 -0.063507
vn -0.946025 -0.291674 0.141291
vn -0.203944 -0.940980 0.270119
vn 0.741480 -0.641716 0.195977
vn 0.949526 0.313569 -0.008616
vn -0.169902 0.908037 -0.382887
vn -0.939267 0.330841 -0.091226
vn -0.763302 -0.644686 0.041829
vn 0.171721 -0.982091 0.077520
vn 0.935651 -0.352417 -0.018926
vn 0.766234 0.624271 -0.152222
vn 0.202354 0.978956 -0.026428
vn -0.744240 0.660830 -0.097005
vn -0.946100 -0.284451 0.154864
vn -0.203972 -0.926654 0.315765
vn 0.741531 -0.631356 0.226982
vn 0.949540 0.312677 -0.024628
vn -0.169975 0.886301 -0.430789
vn -0.939272 0.325307 -0.109283
vn -0.763385 -0.641103 0.078928
vn 0.171770 -0.976001 0.133854
vn 0.935751 -0.352657 0.001937
vn 0.766231 0.614881 -0.186576
vn 0.202439 0.975746 -0.083302
vn -0.744257 0.654257 -0.134269
vn -0.946209 -0.275706 0.169336
vn -0.204015 -0.908153 0.365562
vn 0.741628 -0.618071 0.260722
vn 0.949558 0.310690 -0.042558
vn -0.170113 0.860041 -0.481031
vn -0.939278 0.318184 -0.128517
vn -0.763500 -0.634681 0.119360
vn 0.171825 -0.965598 0.195183
vn 0.935881 -0.351431 0.024938
vn 0.766253 0.602494 -0.223288
vn 0.202539 0.968394 -0.145572
vn -0.744277 0.644664 -0.174530
vn -0.946354 -0.265457 0.184249
vn -0.204061 -0.885118 0.418241
vn 0.741731 -0.601683 0.296330
vn 0.949586 0.307303 -0.062066
vn -0.170231 0.829350 -0.532165
vn -0.939289 0.309369 -0.148411
vn -0.763633 -0.624940 0.162219
vn 0.171865 -0.950158 0.260119
vn 0.936051 -0.348349 0.049604
vn 0.766257 0.586948 -0.261424
vn 0.202690 0.956042 -0.211898
vn -0.744306 0.631665 -0.216813
vn -0.946535 -0.253817 0.199119
vn -0.204143 -0.857450 0.472340
vn 0.741878 -0.582123 0.332791
vn 0.949616 0.302305 -0.082709
vn 0.000000 0.000000 -1.000000
vn 0.901660 0.137902 -0.409869
vn 0.540050 0.735086 -0.409871
vn -0.137903 0.901659 -0.409869
vn -0.735089 0.540049 -0.409868
vn -0.901660 -0.137909 -0.409867
vn -0.540059 -0.735081 -0.409868
vn 0.137902 -0.901660 -0.409869
vn 0.735086 -0.540050 -0.409871
vn 0.992045 0.040139 -0.119310
vn 0.673091 0.729872 -0.119314
vn -0.040139 0.992045 -0.119311
vn -0.729870 0.673094 -0.119311
vn -0.992045 -0.040146 -0.119312
vn -0.673095 -0.729868 -0.119313
vn 0.040139 -0.992045 -0.119310
vn 0.729872 -0.673091 -0.119314
vn 0.992045 -0.040139 0.119310
vn 0.729872 0.673091 0.119314
vn 0.040139 0.992045 0.119310
vn -0.673095 0.729868 0.119313
vn -0.992045 0.040146 0.119312
vn -0.729870 -0.673094 0.119311
vn -0.040139 -0.992045 0.119310
vn 0.673091 -0.729872 0.119314
vn 0.901660 -0.137902 0.409869
vn 0.735086 0.540050 0.409871
vn 0.137902 0.901660 0.409869
vn -0.540059 0.735081 0.409868
vn -0.901660 0.137909 0.409867
vn -0.735089 -0.540049 0.409868
vn -0.137903 -0.901659 0.409869
vn 0.540050 -0.735086 0.409871
vn 0.000000 0.000000 1.000000
vn -0.188937 0.981687 -0.024352
vn -0.944907 0.327314 -0.004060
vn -0.755889 -0.654586 -0.012178
vn 0.188964 -0.981850 -0.016237
vn 0.944838 -0.327313 -0.012179
vn 0.755917 0.654655 -0.004060
vn 0.188933 0.981688 0.024352
vn -0.755939 0.654629 0.004060
vn -0.944844 -0.327293 0.012178
vn -0.188968 -0.981849 0.016238
vn 0.755867 -0.654612 0.012179
vn 0.944900 0.327335 0.004060
vn -0.170014 0.966203 -0.193771
vn -0.939280 0.342491 -0.021298
vn -0.763297 -0.639574 -0.091229
vn 0.171560 -0.976979 -0.126804
vn 0.935377 -0.341119 -0.093320
vn 0.766206 0.642169 -0.023399
vn 0.202427 0.963221 0.176716
vn -0.744151 0.666735 0.041278
vn -0.945806 -0.309943 0.096883
vn -0.203738 -0.971223 0.123353
vn 0.741527 -0.664191 0.094807
vn 0.949558 0.311133 0.039196
vn -0.171440 0.966204 -0.192505
vn -0.939411 0.342491 -0.014365
vn -0.763950 -0.639574 -0.085590
vn 0.170620 -0.976980 -0.128062
vn 0.934663 -0.341120 -0.100217
vn 0.766013 0.642169 -0.029051
vn 0.203726 0.963222 0.175211
vn -0.743826 0.666735 0.046767
vn -0.945066 -0.309942 0.103856
vn -0.202823 -0.971224 0.124849
vn 0.742207 -0.664191 0.089329
vn 0.949821 0.311132 0.032186
vn -0.174262 0.966213 -0.189909
vn -0.939521 0.342490 -0.000497
vn -0.765129 -0.639578 -0.074286
vn 0.168714 -0.976983 -0.130536
vn 0.933085 -0.341119 -0.113977
vn 0.765502 0.642168 -0.040347
vn 0.206289 0.963229 0.172145
vn -0.743053 0.666738 0.057728
vn -0.943431 -0.309948 0.117768
vn -0.200959 -0.971227 0.127800
vn 0.743446 -0.664191 0.078344
vn 0.950193 0.311133 0.018156
vn -0.178418 0.966240 -0.185869
vn -0.939302 0.342491 0.020296
vn -0.766589 -0.639578 -0.057280
vn 0.165791 -0.976995 -0.134140
vn 0.930345 -0.341122 -0.134512
vn 0.764421 0.642171 -0.057246
vn 0.210045 0.963252 0.167411
vn -0.741600 0.666735 0.074114
vn -0.940609 -0.309944 0.138528
vn -0.198091 -0.971239 0.132120
vn 0.744995 -0.664199 0.061815
vn 0.950361 0.311137 -0.002889
vn -0.183793 0.966305 -0.180210
vn -0.938297 0.342491 0.047950
vn -0.767939 -0.639590 -0.034549
vn 0.161796 -0.977023 -0.138738
vn 0.926013 -0.341126 -0.161654
vn 0.762411 0.642171 -0.079663
vn 0.214865 0.963306 0.160859
vn -0.739105 0.666740 0.095820
vn -0.936154 -0.309954 0.165964
vn -0.194140 -0.971265 0.137675
vn 0.746491 -0.664209 0.039710
vn 0.949862 0.311138 -0.030908
vn -0.190211 0.966428 -0.172734
vn -0.935909 0.342490 0.082308
vn -0.768677 -0.639608 -0.006130
vn 0.156672 -0.977076 -0.144142
vn 0.919544 -0.341135 -0.195104
vn 0.759001 0.642168 -0.107415
vn 0.220561 0.963408 0.152311
vn -0.735126 0.666743 0.122650
vn -0.929524 -0.309964 0.199771
vn -0.189033 -0.971314 0.144274
vn 0.747434 -0.664226 0.012060
vn 0.948088 0.311134 -0.065761
vn -0.197411 0.966636 -0.163228
vn -0.931427 0.342495 0.123051
vn -0.768170 -0.639641 0.027824
vn 0.150382 -0.977166 -0.150109
vn 0.910318 -0.341150 -0.234386
vn 0.753633 0.642172 -0.140187
vn 0.226858 0.963580 0.141592
vn -0.729140 0.666751 0.154267
vn -0.920092 -0.309979 0.239464
vn -0.182706 -0.971399 0.151666
vn 0.747204 -0.664263 -0.020996
vn 0.944304 0.311141 -0.107153
vn -0.205036 0.966957 -0.151509
vn -0.924077 0.342496 0.169643
vn -0.765709 -0.639689 0.066991
vn 0.142944 -0.977303 -0.156349
vn 0.897703 -0.341176 -0.278800
vn 0.745730 0.642175 -0.177479
vn 0.233392 0.963846 0.128563
vn -0.720603 0.666760 0.190162
vn -0.907223 -0.310004 0.284331
vn -0.175146 -0.971529 0.159550
vn 0.745107 -0.664316 -0.059155
vn 0.937709 0.311146 -0.154566
vn -0.212633 0.967414 -0.137467
vn -0.913091 0.342496 0.221271
vn -0.760548 -0.639755 0.110814
vn 0.134436 -0.977500 -0.162544
vn 0.881130 -0.341214 -0.327389
vn 0.734732 0.642179 -0.218573
vn 0.239714 0.964226 0.113164
vn -0.709008 0.666772 0.229615
vn -0.890348 -0.310039 0.333402
vn -0.166403 -0.971713 0.167581
vn 0.740406 -0.664393 -0.101883
vn 0.927497 0.311151 -0.207205
vn -0.219673 0.968026 -0.121119
vn -0.897810 0.342498 0.276827
vn -0.751988 -0.639847 0.158465
vn 0.125025 -0.977763 -0.168371
vn 0.860196 -0.341262 -0.378951
vn 0.720193 0.642183 -0.262530
vn 0.245308 0.964733 0.095471
vn -0.693955 0.666791 0.271693
vn -0.869060 -0.310088 0.385461
vn -0.156612 -0.971960 0.175402
vn 0.732414 -0.664493 -0.148385
vn 0.912964 0.311158 -0.263966
vn -0.225595 0.968798 -0.102651
vn -0.877786 0.342505 0.334935
vn -0.739478 -0.639962 0.208854
vn 0.114958 -0.978094 -0.173542
vn 0.834744 -0.341323 -0.432090
vn 0.701851 0.642191 -0.308215
vn 0.249644 0.965373 0.075718
vn -0.675241 0.666814 0.315291
vn -0.843211 -0.310146 0.439094
vn -0.146000 -0.972272 0.182679
vn 0.720576 -0.664623 -0.197600
vn 0.893612 0.311171 -0.323465
vn 0.000000 0.000000 -1.000000
vn 0.901658 0.137905 -0.409872
vn 0.540044 0.735091 -0.409870
vn -0.137909 0.901660 -0.409867
vn -0.735078 0.540065 -0.409867
vn -0.901660 -0.137903 -0.409867
vn -0.540057 -0.735077 -0.409877
vn 0.137908 -0.901656 -0.409875
vn 0.735087 -0.540048 -0.409873
vn 0.992045 0.040144 -0.119313
vn 0.673093 0.729870 -0.119311
vn -0.040150 0.992044 -0.119315
vn -0.729864 0.673100 -0.119312
vn -0.992045 -0.040144 -0.119310
vn -0.673107 -0.729857 -0.119312
vn 0.040150 -0.992044 -0.119315
vn 0.729874 -0.673089 -0.119312
vn 0.992045 -0.040143 0.119311
vn 0.729863 0.673101 0.119313
vn 0.040150 0.992044 0.119315
vn -0.673095 0.729869 0.119310
vn -0.992045 0.040144 0.119312
vn -0.729875 -0.673088 0.119312
vn -0.040150 -0.992044 0.119315
vn 0.673105 -0.729859 0.119312
vn 0.901660 -0.137903 0.409869
vn 0.735076 0.540066 0.409868
vn 0.137909 0.901660 0.409867
vn -0.540046 0.735090 0.409869
vn -0.901659 0.137905 0.409870
vn -0.735088 -0.540046 0.409872
vn -0.137908 -0.901656 0.409875
vn 0.540055 -0.735079 0.409878
vn 0.000000 0.000000 1.000000
vn -0.188913 0.981692 -0.024352
vn -0.944906 0.327318 -0.004060
vn -0.755869 -0.654610 -0.012179
vn 0.188944 -0.981854 -0.016237
vn 0.944843 -0.327296 -0.012179
vn 0.755918 0.654653 -0.004060
vn 0.188913 0.981692 0.024352
vn -0.755918 0.654653 0.004060
vn -0.944843 -0.327296 0.012179
vn -0.188944 -0.981854 0.016237
vn 0.755869 -0.654610 0.012179
vn 0.944906 0.327318 0.004060
vn -0.169538 0.966202 -0.194190
vn -0.939221 0.342501 -0.023607
vn -0.763048 -0.639600 -0.093108
vn 0.171828 -0.976987 -0.126375
vn 0.935607 -0.341109 -0.091015
vn 0.766270 0.642159 -0.021512
vn 0.201997 0.963221 0.177207
vn -0.744247 0.666739 0.039447
vn -0.946039 -0.309952 0.094556
vn -0.204041 -0.971224 0.122850
vn 0.741278 -0.664205 0.096635
vn 0.949460 0.311128 0.041532
vn -0.168099 0.966204 -0.195428
vn -0.939025 0.342491 -0.030541
vn -0.762341 -0.639600 -0.098733
vn 0.172754 -0.976989 -0.125098
vn 0.936250 -0.341120 -0.084107
vn 0.766396 0.642172 -0.015856
vn 0.200677 0.963224 0.178687
vn -0.744518 0.666739 0.033950
vn -0.946708 -0.309962 0.087566
vn -0.204940 -0.971224 0.121338
vn 0.740533 -0.664218 0.102101
vn 0.949125 0.311138 0.048537
vn -0.165200 0.966213 -0.197843
vn -0.938476 0.342479 -0.044390
vn -0.760810 -0.639594 -0.109948
vn 0.174581 -0.976992 -0.122505
vn 0.937387 -0.341129 -0.070262
vn 0.766542 0.642178 -0.004540
vn 0.198019 0.963232 0.181587
vn -0.744945 0.666731 0.022950
vn -0.947899 -0.309963 0.073562
vn -0.206711 -0.971227 0.118273
vn 0.738943 -0.664225 0.112995
vn 0.948305 0.311138 0.062529
vn -0.160797 0.966240 -0.201307
vn -0.937266 0.342481 -0.065111
vn -0.758204 -0.639594 -0.126674
vn 0.177246 -0.977004 -0.118521
vn 0.938714 -0.341133 -0.049447
vn 0.766457 0.642175 0.012428
vn 0.193969 0.963254 0.185789
vn -0.745273 0.666728 0.006443
vn -0.949299 -0.309958 0.052513
vn -0.209277 -0.971238 0.113580
vn 0.736275 -0.664227 0.129234
vn 0.946696 0.311131 0.083453
vn -0.154840 0.966305 -0.205618
vn -0.934944 0.342496 -0.092605
vn -0.754160 -0.639620 -0.148756
vn 0.180644 -0.977031 -0.113039
vn 0.939766 -0.341132 -0.021656
vn 0.765768 0.642164 0.035003
vn 0.188456 0.963307 0.191113
vn -0.745122 0.666746 -0.015545
vn -0.950432 -0.309974 0.024411
vn -0.212512 -0.971265 0.107161
vn 0.732191 -0.664227 0.150662
vn 0.943844 0.311121 0.111185
vn -0.147308 0.966429 -0.210513
vn -0.930939 0.342506 -0.126661
vn -0.748263 -0.639648 -0.175933
vn 0.184618 -0.977084 -0.105934
vn 0.939926 -0.341130 0.013040
vn 0.763971 0.642161 0.063061
vn 0.181427 0.963408 0.197302
vn -0.744036 0.666760 -0.042921
vn -0.950680 -0.309989 -0.010687
vn -0.216249 -0.971316 0.098907
vn 0.726253 -0.664244 0.177022
vn 0.939165 0.311129 0.145491
vn -0.138221 0.966636 -0.215660
vn -0.924575 0.342505 -0.166885
vn -0.740032 -0.639671 -0.207783
vn 0.188957 -0.977174 -0.097094
vn 0.938434 -0.341145 0.054425
vn 0.760496 0.642155 0.096348
vn 0.172871 0.963581 0.204029
vn -0.741445 0.666758 -0.075461
vn -0.949285 -0.309993 -0.052560
vn -0.220260 -0.971399 0.088714
vn 0.718000 -0.664271 0.207894
vn 0.932000 0.311120 0.185959
vn -0.127664 0.966958 -0.220668
vn -0.915123 0.342507 -0.212693
vn -0.728936 -0.639729 -0.243719
vn 0.193366 -0.977312 -0.086432
vn 0.934443 -0.341171 0.102069
vn 0.754685 0.642168 0.134429
vn 0.162820 0.963847 0.210923
vn -0.736674 0.666777 -0.112777
vn -0.945368 -0.310035 -0.100783
vn -0.224216 -0.971530 0.076530
vn 0.706936 -0.664334 0.242699
vn 0.921624 0.311140 0.231952
vn -0.115844 0.967414 -0.225147
vn -0.901901 0.342496 -0.263194
vn -0.714589 -0.639774 -0.282936
vn 0.197511 -0.977509 -0.073933
vn 0.927073 -0.341215 0.155266
vn 0.745924 0.642177 0.176651
vn 0.151436 0.964227 0.217564
vn -0.729126 0.666768 -0.154258
vn -0.938060 -0.310047 -0.154645
vn -0.227783 -0.971713 0.062363
vn 0.692670 -0.664415 0.280644
vn 0.907382 0.311146 0.282571
vn -0.103060 0.968026 -0.228701
vn -0.884335 0.342502 -0.317244
vn -0.696641 -0.639873 -0.324429
vn 0.200997 -0.977772 -0.059686
vn 0.915521 -0.341267 0.212975
vn 0.733663 0.642190 0.222106
vn 0.138959 0.964734 0.223557
vn -0.718172 0.666794 -0.199033
vn -0.926515 -0.310104 -0.213086
vn -0.230530 -0.971961 0.046350
vn 0.674927 -0.664524 0.320751
vn 0.888741 0.311162 0.336625
vn -0.089734 0.968798 -0.231036
vn -0.862101 0.342506 -0.373460
vn -0.675038 -0.639989 -0.367066
vn 0.203438 -0.978103 -0.043900
vn 0.899162 -0.341327 0.273868
vn 0.717532 0.642197 0.269686
vn 0.125757 0.965374 0.228555
vn -0.703434 0.666818 -0.246036
vn -0.910109 -0.310166 -0.274769
vn -0.232078 -0.972272 0.028745
vn 0.653645 -0.664653 0.361918
vn 0.865413 0.311176 0.392721
vn 0.000000 0.000000 -1.000000
vn 0.901659 0.137900 -0.409871
vn 0.540042 0.735093 -0.409871
vn -0.137910 0.901659 -0.409867
vn -0.735080 0.540063 -0.409865
vn -0.901661 -0.137905 -0.409866
vn -0.540062 -0.735075 -0.409876
vn 0.137909 -0.901656 -0.409875
vn 0.735088 -0.540046 -0.409873
vn 0.992045 0.040139 -0.119311
vn 0.673094 0.729870 -0.119311
vn -0.040150 0.992044 -0.119315
vn -0.729865 0.673099 -0.119311
vn -0.992045 -0.040146 -0.119311
vn -0.673110 -0.729855 -0.119312
vn 0.040150 -0.992044 -0.119314
vn 0.729878 -0.673085 -0.119314
vn 0.992045 -0.040138 0.119309
vn 0.729866 0.673097 0.119314
vn 0.040150 0.992044 0.119314
vn -0.673098 0.729866 0.119310
vn -0.992045 0.040146 0.119313
vn -0.729876 -0.673087 0.119311
vn -0.040150 -0.992044 0.119315
vn 0.673106 -0.729858 0.119312
vn 0.901661 -0.137898 0.409868
vn 0.735078 0.540064 0.409867
vn 0.137909 0.901660 0.409866
vn -0.540051 0.735088 0.409867
vn -0.901659 0.137907 0.409868
vn -0.735090 -0.540045 0.409870
vn -0.137910 -0.901656 0.409875
vn 0.540053 -0.735080 0.409878
vn 0.000000 0.000000 1.000000
vn -0.188911 0.981692 -0.024352
vn -0.944902 0.327328 -0.004060
vn -0.755857 -0.654623 -0.012179
vn 0.188946 -0.981853 -0.016237
vn 0.944847 -0.327286 -0.012178
vn 0.755930 0.654640 -0.004060
vn 0.188915 0.981691 0.024352
vn -0.755907 0.654666 0.004060
vn -0.944840 -0.327306 0.012179
vn -0.188942 -0.981854 0.016237
vn 0.755880 -0.654597 0.012179
vn 0.944909 0.327307 0.004060
vn -0.169777 0.965964 -0.195164
vn -0.939253 0.342462 -0.022870
vn -0.763168 -0.639706 -0.091383
vn 0.171670 -0.977142 -0.125393
vn 0.935490 -0.341231 -0.091754
vn 0.766232 0.642144 -0.023240
vn 0.202256 0.963429 0.175776
vn -0.744226 0.666756 0.039544
vn -0.945917 -0.309848 0.096101
vn -0.203937 -0.971062 0.124294
vn 0.741407 -0.664076 0.096535
vn 0.949502 0.311202 0.039981
vn -0.169739 0.964507 -0.202273
vn -0.939252 0.342288 -0.025397
vn -0.763161 -0.640372 -0.086657
vn 0.171676 -0.978040 -0.118171
vn 0.935489 -0.341904 -0.089227
vn 0.766204 0.641987 -0.027980
vn 0.202217 0.964709 0.168656
vn -0.744194 0.667065 0.034624
vn -0.945921 -0.309120 0.098378
vn -0.203898 -0.970128 0.131443
vn 0.741398 -0.663357 0.101426
vn 0.949501 0.311493 0.037683
vn -0.169779 0.961418 -0.216450
vn -0.939250 0.341881 -0.030440
vn -0.763179 -0.641563 -0.077173
vn 0.171671 -0.979682 -0.103694
vn 0.935495 -0.343173 -0.084151
vn 0.766221 0.641485 -0.037445
vn 0.202218 0.967099 0.154358
vn -0.744208 0.667489 0.024764
vn -0.945921 -0.307642 0.102909
vn -0.203944 -0.968076 0.145727
vn 0.741412 -0.661775 0.111185
vn 0.949504 0.312007 0.033072
vn -0.169775 0.956434 -0.237508
vn -0.939251 0.341123 -0.037974
vn -0.763191 -0.643105 -0.062902
vn 0.171709 -0.981736 -0.081918
vn 0.935496 -0.344961 -0.076475
vn 0.766228 0.640493 -0.051599
vn 0.202232 0.970290 0.132812
vn -0.744199 0.667884 0.009972
vn -0.945931 -0.305286 0.109611
vn -0.203909 -0.964641 0.166999
vn 0.741408 -0.659174 0.125716
vn 0.949504 0.312664 0.026135
vn -0.169764 0.949128 -0.265208
vn -0.939259 0.339843 -0.047950
vn -0.763158 -0.644726 -0.043801
vn 0.171645 -0.983744 -0.052783
vn 0.935512 -0.347050 -0.066134
vn 0.766224 0.638708 -0.070376
vn 0.202263 0.973803 0.103909
vn -0.744221 0.667863 -0.009744
vn -0.945943 -0.301958 0.118377
vn -0.203888 -0.959361 0.195081
vn 0.741396 -0.655240 0.144887
vn 0.949508 0.313289 0.016858
vn -0.169807 0.938983 -0.299128
vn -0.939260 0.337875 -0.060269
vn -0.763206 -0.645850 -0.019884
vn 0.171677 -0.985018 -0.016352
vn 0.935543 -0.349199 -0.053090
vn 0.766232 0.635709 -0.093609
vn 0.202297 0.976986 0.067641
vn -0.744241 0.667030 -0.034298
vn -0.945973 -0.297471 0.129022
vn -0.203957 -0.951667 0.229635
vn 0.741457 -0.649519 0.168427
vn 0.949514 0.313682 0.005253
vn -0.169852 0.925460 -0.338637
vn -0.939257 0.334969 -0.074779
vn -0.763241 -0.646055 0.008748
vn 0.171702 -0.984773 0.027227
vn 0.935584 -0.351126 -0.037328
vn 0.766231 0.631062 -0.121037
vn 0.202298 0.979028 0.024082
vn -0.744223 0.664906 -0.063506
vn -0.946022 -0.291680 0.141295
vn -0.203939 -0.940981 0.270119
vn 0.741470 -0.641727 0.195980
vn 0.949523 0.313579 -0.008622
vn -0.169902 0.908038 -0.382885
vn -0.939258 0.330866 -0.091229
vn -0.763307 -0.644681 0.041831
vn 0.171719 -0.982091 0.077525
vn 0.935655 -0.352407 -0.018931
vn 0.766224 0.624282 -0.152225
vn 0.202331 0.978960 -0.026432
vn -0.744212 0.660861 -0.097009
vn -0.946097 -0.284457 0.154866
vn -0.203990 -0.926651 0.315764
vn 0.741532 -0.631357 0.226980
vn 0.949534 0.312694 -0.024635
vn -0.169997 0.886298 -0.430787
vn -0.939268 0.325319 -0.109283
vn -0.763379 -0.641111 0.078927
vn 0.171768 -0.976002 0.133849
vn 0.935754 -0.352647 0.001930
vn 0.766241 0.614871 -0.186573
vn 0.202461 0.975741 -0.083296
vn -0.744273 0.654241 -0.134265
vn -0.946206 -0.275712 0.169343
vn -0.204033 -0.908149 0.365562
vn 0.741639 -0.618060 0.260718
vn 0.949555 0.310700 -0.042566
vn -0.170113 0.860042 -0.481030
vn -0.939274 0.318194 -0.128518
vn -0.763494 -0.634688 0.119361
vn 0.171823 -0.965598 0.195184
vn 0.935885 -0.351422 0.024933
vn 0.766253 0.602493 -0.223290
vn 0.202539 0.968394 -0.145571
vn -0.744271 0.644670 -0.174530
vn -0.946353 -0.265456 0.184251
vn -0.204056 -0.885119 0.418241
vn 0.741731 -0.601683 0.296330
vn 0.949582 0.307312 -0.062074
vn -0.170231 0.829348 -0.532168
vn -0.939286 0.309379 -0.148415
vn -0.763627 -0.624946 0.162224
vn 0.171863 -0.950157 0.260124
vn 0.936055 -0.348340 0.049599
vn 0.766257 0.586946 -0.261429
vn 0.202690 0.956041 -0.211901
vn -0.744300 0.631671 -0.216818
vn -0.946535 -0.253815 0.199123
vn -0.204138 -0.857449 0.472345
vn 0.741878 -0.582121 0.332794
vn 0.949613 0.302313 -0.082719
vn 0.000000 0.000000 -1.000000
vn 0.901659 0.137910 -0.409869
vn 0.540061 0.735082 -0.409865
vn -0.137909 0.901660 -0.409867
vn -0.735086 0.540054 -0.409867
vn -0.901660 -0.137904 -0.409868
vn -0.540049 -0.735086 -0.409874
vn 0.137894 -0.901660 -0.409872
vn 0.735087 -0.540047 -0.409873
vn 0.992045 0.040147 -0.119313
vn 0.673095 0.729869 -0.119310
vn -0.040143 0.992045 -0.119309
vn -0.729869 0.673095 -0.119310
vn -0.992045 -0.040142 -0.119310
vn -0.673090 -0.729872 -0.119316
vn 0.040135 -0.992045 -0.119311
vn 0.729869 -0.673094 -0.119313
vn 0.992045 -0.040146 0.119311
vn 0.729865 0.673099 0.119309
vn 0.040143 0.992045 0.119309
vn -0.673096 0.729868 0.119310
vn -0.992045 0.040143 0.119312
vn -0.729873 -0.673090 0.119314
vn -0.040135 -0.992045 0.119311
vn 0.673089 -0.729873 0.119316
vn 0.901659 -0.137908 0.409869
vn 0.735084 0.540056 0.409868
vn 0.137909 0.901660 0.409867
vn -0.540061 0.735082 0.409865
vn -0.901659 0.137907 0.409868
vn -0.735089 -0.540045 0.409872
vn -0.137894 -0.901660 0.409872
vn 0.540049 -0.735086 0.409874
vn 0.000000 0.000000 1.000000
vn -0.188956 0.981683 -0.024352
vn -0.944901 0.327331 -0.004060
vn -0.755888 -0.654588 -0.012178
vn 0.188987 -0.981845 -0.016238
vn 0.944839 -0.327310 -0.012179
vn 0.755938 0.654631 -0.004059
vn 0.188956 0.981683 0.024352
vn -0.755938 0.654631 0.004059
vn -0.944839 -0.327310 0.012179
vn -0.188987 -0.981845 0.016238
vn 0.755888 -0.654588 0.012178
vn 0.944901 0.327331 0.004060
vn 0.000000 0.000000 -1.000000
vn 0.000000 0.000000 -1.000000
vn 0.000000 0.000000 -1.000000
vn 0.000000 0.000000 -1.000000
vn 0.000000 0.000000 1.000000
vn 0.000000 0.000000 1.000000
vn 0.000000 0.000000 1.000000
vn 0.000000 0.000000 1.000000
vn 0.000000 -1.000000 0.000000
vn 0.000000 -1.000000 0.000000
vn 0.000000 -1.000000 0.000000
vn 0.000000 -1.000000 0.000000
vn 1.000000 0.000000 0.000000
vn 1.000000 0.000000 0.000000
vn 1.000000 0.000000 0.000000
vn 1.000000 0.000000 0.000000
vn 0.000000 1.000000 0.000000
vn 0.000000 1.000000 0.000000
vn 0.000000 1.000000 0.000000
vn 0.000000 1.000000 0.000000
vn -1.000000 0.000000 0.000000
vn -1.000000 0.000000 0.000000
vn -1.000000 0.000000 0.000000
vn -1.000000 0.000000 0.000000
vn 0.000000 0.000000 -1.000000
vn 0.000000 0.000000 -1.000000
vn 0.000000 0.000000 -1.000000
vn 0.000000 0.000000 -1.000000
vn 0.000000 0.000000 1.000000
vn 0.000000 0.000000 1.000000
vn 0.000000 0.000000 1.000000
vn 0.000000 0.000000 1.000000
vn 0.000000 -1.000000 0.000000
vn 0.000000 -1.000000 0.000000
vn 0.000000 -1.000000 0.000000
vn 0.000000 -1.000000 0.000000
vn 1.000000 0.000000 0.000000
vn 1.000000 0.000000 0.000000
vn 1.000000 0.000000 0.000000
vn 1.000000 0.000000 0.000000
vn 0.000000 1.000000 0.000000
vn 0.000000 1.000000 0.000000
vn 0.000000 1.000000 0.000000
vn 0.000000 1.000000 0.000000
vn -1.000000 0.000000 0.000000
vn -1.000000 0.000000 0.000000
vn -1.000000 0.000000 0.000000
vn -1.000000 0.000000 0.000000
vn 0.000000 0.000000 -1.000000
vn 0.000000 0.000000 -1.000000
vn 0.000000 0.000000 -1.000000
vn 0.000000 0.000000 -1.000000
vn 0.000000 0.000000 1.000000
vn 0.000000 0.000000 1.000000
vn 0.000000 0.000000 1.000000
vn 0.000000 0.000000 1.000000
vn 0.000000 -1.000000 0.000000
vn 0.000000 -1.000000 0.000000
vn 0.000000 -1.000000 0.000000
vn 0.000000 -1.000000 0.000000
vn 1.000000 0.000000 0.000000
vn 1.000000 0.000000 0.000000
vn 1.000000 0.000000 0.000000
vn 1.000000 0.000000 0.000000
vn 0.000000 1.000000 0.000000
vn 0.000000 1.000000 0.000000
vn 0.000000 1.000000 0.000000
vn 0.000000 1.000000 0.000000
vn -1.000000 0.000000 0.000000
vn -1.000000 0.000000 0.000000
vn -1.000000 0.000000 0.000000
vn -1.000000 0.000000 0.000000
vn 0.000000 0.000000 -1.000000
vn 0.000000 0.000000 -1.000000
vn 0.000000 0.000000 -1.000000
vn 0.000000 0.000000 -1.000000
vn 0.000000 0.000000 1.000000
vn 0.000000 0.000000 1.000000
vn 0.000000 0.000000 1.000000
vn 0.000000 0.000000 1.000000
vn 0.000000 -1.000000 0.000000
vn 0.000000 -1.000000 0.000000
vn 0.000000 -1.000000 0.000000
vn 0.000000 -1.000000 0.000000
vn 1.000000 0.000000 0.000000
vn 1.000000 0.000000 0.000000
vn 1.000000 0.000000 0.000000
vn 1.000000 0.000000 0.000000
vn 0.000000 1.000000 0.000000
vn 0.000000 1.000000 0.000000
vn 0.000000 1.000000 0.000000
vn 0.000000 1.000000 0.000000
vn -1.000000 0.000000 0.000000
vn -1.000000 0.000000 0.000000
vn -1.000000 0.000000 0.000000
vn -1.000000 0.000000 0.000000
vn -0.190074 0.973053 0.130538
vn -0.939184 0.310712 0.146256
vn -0.752169 -0.658867 -0.011662
vn 0.186154 -0.968611 -0.164740
vn 0.937561 -0.308873 -0.159924
vn 0.750628 0.660722 -0.002013
vn 0.190111 0.973251 0.128998
vn -0.750653 0.637078 0.175078
vn -0.937555 -0.340004 0.073395
vn -0.186190 -0.977927 -0.094828
vn 0.752195 -0.638870 -0.161395
vn 0.939178 0.338196 -0.059723
vn 0.000000 0.000000 -1.000000
vn 0.000000 0.000000 -1.000000
vn 0.000000 0.000000 -1.000000
vn 0.000000 0.000000 -1.000000
vn 0.000000 0.000000 1.000000
vn 0.000000 0.000000 1.000000
vn 0.000000 0.000000 1.000000
vn 0.000000 0.000000 1.000000
vn 0.000000 -1.000000 0.000000
vn 0.000000 -1.000000 0.000000
vn 0.000000 -1.000000 0.000000
vn 0.000000 -1.000000 0.000000
vn 1.000000 0.000000 0.000000
vn 1.000000 0.000000 0.000000
vn 1.000000 0.000000 0.000000
vn 1.000000 0.000000 0.000000
vn 0.000000 1.000000 0.000000
vn 0.000000 1.000000 0.000000
vn 0.000000 1.000000 0.000000
vn 0.000000 1.000000 0.000000
vn -1.000000 0.000000 0.000000
vn -1.000000 0.000000 0.000000
vn -1.000000 0.000000 0.000000
vn -1.000000 0.000000 0.000000
vn 0.000000 0.000000 -1.000000
vn 0.000000 0.000000 -1.000000
vn 0.000000 0.000000 -1.000000
vn 0.000000 0.000000 -1.000000
vn 0.000000 0.000000 1.000000
vn 0.000000 0.000000 1.000000
vn 0.000000 0.000000 1.000000
vn 0.000000 0.000000 1.000000
vn 0.000000 -1.000000 0.000000
vn 0.000000 -1.000000 0.000000
vn 0.000000 -1.000000 0.000000
vn 0.000000 -1.000000 0.000000
vn 1.000000 0.000000 0.000000
vn 1.000000 0.000000 0.000000
vn 1.000000 0.000000 0.000000
vn 1.000000 0.000000 0.000000
vn 0.000000 1.000000 0.000000
vn 0.000000 1.000000 0.000000
vn 0.000000 1.000000 0.000000
vn 0.000000 1.000000 0.000000
vn -1.000000 0.000000 0.000000
vn -1.000000 0.000000 0.000000
vn -1.000000 0.000000 0.000000
vn -1.000000 0.000000 0.000000
vn -0.190066 0.977535 -0.091106
vn -0.940085 0.334742 0.064715
vn -0.752814 -0.645440 0.129146
vn 0.186518 -0.980752 0.057759
vn 0.938637 -0.335956 -0.078059
vn 0.751406 0.644270 -0.142498
vn 0.189944 0.977625 -0.090388
vn -0.751431 0.659462 0.021468
vn -0.938628 -0.315874 0.138571
vn -0.186548 -0.974618 0.123772
vn 0.752815 -0.658182 -0.008124
vn 0.940084 0.317112 -0.125229
vn 0.000000 0.000000 -1.000000
vn 0.000000 0.000000 -1.000000
vn 0.000000 0.000000 -1.000000
vn 0.000000 0.000000 -1.000000
vn 0.000000 0.000000 1.000000
vn 0.000000 0.000000 1.000000
vn 0.000000 0.000000 1.000000
vn 0.000000 0.000000 1.000000
vn 0.000000 -1.000000 0.000000
vn 0.000000 -1.000000 0.000000
vn 0.000000 -1.000000 0.000000
vn 0.000000 -1.000000 0.000000
vn 1.000000 0.000000 0.000000
vn 1.000000 0.000000 0.000000
vn 1.000000 0.000000 0.000000
vn 1.000000 0.000000 0.000000
vn 0.000000 1.000000 0.000000
vn 0.000000 1.000000 0.000000
vn 0.000000 1.000000 0.000000
vn 0.000000 1.000000 0.000000
vn -1.000000 0.000000 0.000000
vn -1.000000 0.000000 0.000000
vn -1.000000 0.000000 0.000000
vn -1.000000 0.000000 0.000000
vn 0.000000 0.000000 -1.000000
vn 0.000000 0.000000 -1.000000
vn 0.000000 0.000000 -1.000000
vn 0.000000 0.000000 -1.000000
vn 0.000000 0.000000 1.000000
vn 0.000000 0.000000 1.000000
vn 0.000000 0.000000 1.000000
vn 0.000000 0.000000 1.000000
vn 0.000000 -1.000000 0.000000
vn 0.000000 -1.000000 0.000000
vn 0.000000 -1.000000 0.000000
vn 0.000000 -1.000000 0.000000
vn 1.000000 0.000000 0.000000
vn 1.000000 0.000000 0.000000
vn 1.000000 0.000000 0.000000
vn 1.000000 0.000000 0.000000
vn 0.000000 1.000000 0.000000
vn 0.000000 1.000000 0.000000
vn 0.000000 1.000000 0.000000
vn 0.000000 1.000000 0.000000
vn -1.000000 0.000000 0.000000
vn -1.000000 0.000000 0.000000
vn -1.000000 0.000000 0.000000
vn -1.000000 0.000000 0.000000
f 1//1 2//2 8//8
f 1//1 8//8 7//7
f 2//2 3//3 9//9
f 2//2 9//9 8//8
f 3//3 4//4 10//10
f 3//3 10//10 9//9
f 4//4 5//5 11//11
f 4//4 11//11 10//10
f 5//5 6//6 12//12
f 5//5 12//12 11//11
f 6//6 1//1 7//7
f 6//6 7//7 12//12
f 1//1 3//3 2//2
f 1//1 4//4 3//3
f 1//1 5//5 4//4
f 1//1 6//6 5//5
f 7//7 8//8 9//9
f 7//7 9//9 10//10
f 7//7 10//10 11//11
f 7//7 11//11 12//12
f 13//13 14//14 20//20
f 13//13 20//20 19//19
f 14//14 15//15 21//21
f 14//14 21//21 20//20
f 15//15 16//16 22//22
f 15//15 22//22 21//21
f 16//16 17//17 23//23
f 16//16 23//23 22//22
f 17//17 18//18 24//24
f 17//17 24//24 23//23
f 18//18 13//13 19//19
f 18//18 19//19 24//24
f 13//13 15//15 14//14
f 13//13 16//16 15//15
f 13//13 17//17 16//16
f 13//13 18//18 17//17
f 19//19 20//20 21//21
f 19//19 21//21 22//22
f 19//19 22//22 23//23
f 19//19 23//23 24//24
f 25//25 26//26 32//32
f 25//25 32//32 31//31
f 26//26 27//27 33//33
f 26//26 33//33 32//32
f 27//27 28//28 34//34
f 27//27 34//34 33//33
f 28//28 29//29 35//35
f 28//28 35//35 34//34
f 29//29 30//30 36//36
f 29//29 36//36 35//35
f 30//30 25//25 31//31
f 30//30 31//31 36//36
f 25//25 27//27 26//26
f 25//25 28//28 27//27
f 25//25 29//29 28//28
f 25//25 30//30 29//29
f 31//31 32//32 33//33
f 31//31 33//33 34//34
f 31//31 34//34 35//35
f 31//31 35//35 36//36
f 37//37 38//38 44//44
f 37//37 44//44 43//43
f 38//38 39//39 45//45
f 38//38 45//45 44//44
f 39//39 40//40 46//46
f 39//39 46//46 45//45
f 40//40 41//41 47//47
f 40//40 47//47 46//46
f 41//41 42//42 48//48
f 41//41 48//48 47//47
f 42//42 37//37 43//43
f 42//42 43//43 48//48
f 37//37 39//39 38//38
f 37//37 40//40 39//39
f 37//37 41//41 40//40
f 37//37 42//42 41//41
f 43//43 44//44 45//45
f 43//43 45//45 46//46
f 43//43 46//46 47//47
f 43//43 47//47 48//48
f 49//49 50//50 56//56
f 49//49 56//56 55//55
f 50//50 51//51 57//57
f 50//50 57//57 56//56
f 51//51 52//52 58//58
f 51//51 58//58 57//57
f 52//52 53//53 59//59
f 52//52 59//59 58//58
f 53//53 54//54 60//60
f 53//53 60//60 59//59
f 54//54 49//49 55//55
f 54//54 55//55 60//60
f 49//49 51//51 50//50
f 49//49 52//52 51//51
f 49//49 53//53 52//52
f 49//49 54//54 53//53
f 55//55 56//56 57//57
f 55//55 57//57 58//58
f 55//55 58//58 59//59
f 55//55 59//59 60//60
f 61//61 62//62 68//68
f 61//61 68//68 67//67
f 62//62 63//63 69//69
f 62//62 69//69 68//68
f 63//63 64//64 70//70
f 63//63 70//70 69//69
f 64//64 65//65 71//71
f 64//64 71//71 70//70
f 65//65 66//66 72//72
f 65//65 72//72 71//71
f 66//66 61//61 67//67
f 66//66 67//67 72//72
f 61//61 63//63 62//62
f 61//61 64//64 63//63
f 61//61 65//65 64//64
f 61//61 66//66 65//65
f 67//67 68//68 69//69
f 67//67 69//69 70//70
f 67//67 70//70 71//71
f 67//67 71//71 72//72
f 73//73 74//74 80//80
f 73//73 80//80 79//79
f 74//74 75//75 81//81
f 74//74 81//81 80//80
f 75//75 76//76 82//82
f 75//75 82//82 81//81
f 76//76 77//77 83//83
f 76//76 83//83 82//82
f 77//77 78//78 84//84
f 77//77 84//84 83//83
f 78//78 73//73 79//79
f 78//78 79//79 84//84
f 73//73 75//75 74//74
f 73//73 76//76 75//75
f 73//73 77//77 76//76
f 73//73 78//78 77//77
f 79//79 80//80 81//81
f 79//79 81//81 82//82
f 79//79 82//82 83//83
f 79//79 83//83 84//84
f 85//85 86//86 92//92
f 85//85 92//92 91//91
f 86//86 87//87 93//93
f 86//86 93//93 92//92
f 87//87 88//88 94//94
f 87//87 94//94 93//93
f 88//88 89//89 95//95
f 88//88 95//95 94//94
f 89//89 90//90 96//96
f 89//89 96//96 95//95
f 90//90 85//85 91//91
f 90//90 91//91 96//96
f 85//85 87//87 86//86
f 85//85 88//88 87//87
f 85//85 89//89 88//88
f 85//85 90//90 89//89
f 91//91 92//92 93//93
f 91//91 93//93 94//94
f 91//91 94//94 95//95
f 91//91 95//95 96//96
f 97//97 98//98 104//104
f 97//97 104//104 103//103
f 98//98 99//99 105//105
f 98//98 105//105 104//104
f 99//99 100//100 106//106
f 99//99 106//106 105//105
f 100//100 101//101 107//107
f 100//100 107//107 106//106
f 101//101 102//102 108//108
f 101//101 108//108 107//107
f 102//102 97//97 103//103
f 102//102 103//103 108//108
f 97//97 99//99 98//98
f 97//97 100//100 99//99
f 97//97 101//101 100//100
f 97//97 102//102 101//101
f 103//103 104//104 105//105
f 103//103 105//105 106//106
f 103//103 106//106 107//107
f 103//103 107//107 108//108
f 109//109 110//110 116//116
f 109//109 116//116 115//115
f 110//110 111//111 117//117
f 110//110 117//117 116//116
f 111//111 112//112 118//118
f 111//111 118//118 117//117
f 112//112 113//113 119//119
f 112//112 119//119 118//118
f 113//113 114//114 120//120
f 113//113 120//120 119//119
f 114//114 109//109 115//115
f 114//114 115//115 120//120
f 109//109 111//111 110//110
f 109//109 112//112 111//111
f 109//109 113//113 112//112
f 109//109 114//114 113//113
f 115//115 116//116 117//117
f 115//115 117//117 118//118
f 115//115 118//118 119//119
f 115//115 119//119 120//120
f 121//121 122//122 128//128
f 121//121 128//128 127//127
f 122//122 123//123 129//129
f 122//122 129//129 128//128
f 123//123 124//124 130//130
f 123//123 130//130 129//129
f 124//124 125//125 131//131
f 124//124 131//131 130//130
f 125//125 126//126 132//132
f 125//125 132//132 131//131
f 126//126 121//121 127//127
f 126//126 127//127 132//132
f 121//121 123//123 122//122
f 121//121 124//124 123//123
f 121//121 125//125 124//124
f 121//121 126//126 125//125
f 127//127 128//128 129//129
f 127//127 129//129 130//130
f 127//127 130//130 131//131
f 127//127 131//131 132//132
f 133//133 135//135 134//134
f 133//133 136//136 135//135
f 133//133 137//137 136//136
f 133//133 138//138 137//137
f 133//133 139//139 138//138
f 133//133 140//140 139//139
f 133//133 141//141 140//140
f 133//133 134//134 141//141
f 134//134 135//135 143//143
f 134//134 143//143 142//142
f 135//135 136//136 144//144
f 135//135 144//144 143//143
f 136//136 137//137 145//145
f 136//136 145//145 144//144
f 137//137 138//138 146//146
f 137//137 146//146 145//145
f 138//138 139//139 147//147
f 138//138 147//147 146//146
f 139//139 140//140 148//148
f 139//139 148//148 147//147
f 140//140 141//141 149//149
f 140//140 149//149 148//148
f 141//141 134//134 142//142
f 141//141 142//142 149//149
f 142//142 143//143 151//151
f 142//142 151//151 150//150
f 143//143 144//144 152//152
f 143//143 152//152 151//151
f 144//144 145//145 153//153
f 144//144 153//153 152//152
f 145//145 146//146 154//154
f 145//145 154//154 153//153
f 146//146 147//147 155//155
f 146//146 155//155 154//154
f 147//147 148//148 156//156
f 147//147 156//156 155//155
f 148//148 149//149 157//157
f 148//148 157//157 156//156
f 149//149 142//142 150//150
f 149//149 150//150 157//157
f 150//150 151//151 159//159
f 150//150 159//159 158//158
f 151//151 152//152 160//160
f 151//151 160//160 159//159
f 152//152 153//153 161//161
f 152//152 161//161 160//160
f 153//153 154//154 162//162
f 153//153 162//162 161//161
f 154//154 155//155 163//163
f 154//154 163//163 162//162
f 155//155 156//156 164//164
f 155//155 164//164 163//163
f 156//156 157//157 165//165
f 156//156 165//165 164//164
f 157//157 150//150 158//158
f 157//157 158//158 165//165
f 166//166 158//158 159//159
f 166//166 159//159 160//160
f 166//166 160//160 161//161
f 166//166 161//161 162//162
f 166//166 162//162 163//163
f 166//166 163//163 164//164
f 166//166 164//164 165//165
f 166//166 165//165 158//158
f 167//167 168//168 174//174
f 167//167 174//174 173//173
f 168//168 169//169 175//175
f 168//168 175//175 174//174
f 169//169 170//170 176//176
f 169//169 176//176 175//175
f 170//170 171//171 177//177
f 170//170 177//177 176//176
f 171//171 172//172 178//178
f 171//171 178//178 177//177
f 172//172 167//167 173//173
f 172//172 173//173 178//178
f 167//167 169//169 168//168
f 167//167 170//170 169//169
f 167//167 171//171 170//170
f 167//167 172//172 171//171
f 173//173 174//174 175//175
f 173//173 175//175 176//176
f 173//173 176//176 177//177
f 173//173 177//177 178//178
f 179//179 180//180 186//186
f 179//179 186//186 185//185
f 180//180 181//181 187//187
f 180//180 187//187 186//186
f 181//181 182//182 188//188
f 181//181 188//188 187//187
f 182//182 183//183 189//189
f 182//182 189//189 188//188
f 183//183 184//184 190//190
f 183//183 190//190 189//189
f 184//184 179//179 185//185
f 184//184 185//185 190//190
f 179//179 181//181 180//180
f 179//179 182//182 181//181
f 179//179 183//183 182//182
f 179//179 184//184 183//183
f 185//185 186//186 187//187
f 185//185 187//187 188//188
f 185//185 188//188 189//189
f 185//185 189//189 190//190
f 191//191 192//192 198//198
f 191//191 198//198 197//197
f 192//192 193//193 199//199
f 192//192 199//199 198//198
f 193//193 194//194 200//200
f 193//193 200//200 199//199
f 194//194 195//195 201//201
f 194//194 201//201 200//200
f 195//195 196//196 202//202
f 195//195 202//202 201//201
f 196//196 191//191 197//197
f 196//196 197//197 202//202
f 191//191 193//193 192//192
f 191//191 194//194 193//193
f 191//191 195//195 194//194
f 191//191 196//196 195//195
f 197//197 198//198 199//199
f 197//197 199//199 200//200
f 197//197 200//200 201//201
f 197//197 201//201 202//202
f 203//203 204//204 210//210
f 203//203 210//210 209//209
f 204//204 205//205 211//211
f 204//204 211//211 210//210
f 205//205 206//206 212//212
f 205//205 212//212 211//211
f 206//206 207//207 213//213
f 206//206 213//213 212//212
f 207//207 208//208 214//214
f 207//207 214//214 213//213
f 208//208 203//203 209//209
f 208//208 209//209 214//214
f 203//203 205//205 204//204
f 203//203 206//206 205//205
f 203//203 207//207 206//206
f 203//203 208//208 207//207
f 209//209 210//210 211//211
f 209//209 211//211 212//212
f 209//209 212//212 213//213
f 209//209 213//213 214//214
f 215//215 216//216 222//222
f 215//215 222//222 221//221
f 216//216 217//217 223//223
f 216//216 223//223 222//222
f 217//217 218//218 224//224
f 217//217 224//224 223//223
f 218//218 219//219 225//225
f 218//218 225//225 224//224
f 219//219 220//220 226//226
f 219//219 226//226 225//225
f 220//220 215//215 221//221
f 220//220 221//221 226//226
f 215//215 217//217 216//216
f 215//215 218//218 217//217
f 215//215 219//219 218//218
f 215//215 220//220 219//219
f 221//221 222//222 223//223
f 221//221 223//223 224//224
f 221//221 224//224 225//225
f 221//221 225//225 226//226
f 227//227 228//228 234//234
f 227//227 234//234 233//233
f 228//228 229//229 235//235
f 228//228 235//235 234//234
f 229//229 230//230 236//236
f 229//229 236//236 235//235
f 230//230 231//231 237//237
f 230//230 237//237 236//236
f 231//231 232//232 238//238
f 231//231 238//238 237//237
f 232//232 227//227 233//233
f 232//232 233//233 238//238
f 227//227 229//229 228//228
f 227//227 230//230 229//229
f 227//227 231//231 230//230
f 227//227 232//232 231//231
f 233//233 234//234 235//235
f 233//233 235//235 236//236
f 233//233 236//236 237//237
f 233//233 237//237 238//238
f 239//239 240//240 246//246
f 239//239 246//246 245//245
f 240//240 241//241 247//247
f 240//240 247//247 246//246
f 241//241 242//242 248//248
f 241//241 248//248 247//247
f 242//242 243//243 249//249
f 242//242 249//249 248//248
f 243//243 244//244 250//250
f 243//243 250//250 249//249
f 244//244 239//239 245//245
f 244//244 245//245 250//250
f 239//239 241//241 240//240
f 239//239 242//242 241//241
f 239//239 243//243 242//242
f 239//239 244//244 243//243
f 245//245 246//246 247//247
f 245//245 247//247 248//248
f 245//245 248//248 249//249
f 245//245 249//249 250//250
f 251//251 252//252 258//258
f 251//251 258//258 257//257
f 252//252 253//253 259//259
f 252//252 259//259 258//258
f 253//253 254//254 260//260
f 253//253 260//260 259//259
f 254//254 255//255 261//261
f 254//254 261//261 260//260
f 255//255 256//256 262//262
f 255//255 262//262 261//261
f 256//256 251//251 257//257
f 256//256 257//257 262//262
f 251//251 253//253 252//252
f 251//251 254//254 253//253
f 251//251 255//255 254//254
f 251//251 256//256 255//255
f 257//257 258//258 259//259
f 257//257 259//259 260//260
f 257//257 260//260 261//261
f 257//257 261//261 262//262
f 263//263 264//264 270//270
f 263//263 270//270 269//269
f 264//264 265//265 271//271
f 264//264 271//271 270//270
f 265//265 266//266 272//272
f 265//265 272//272 271//271
f 266//266 267//267 273//273
f 266//266 273//273 272//272
f 267//267 268//268 274//274
f 267//267 274//274 273//273
f 268//268 263//263 269//269
f 268//268 269//269 274//274
f 263//263 265//265 264//264
f 263//263 266//266 265//265
f 263//263 267//267 266//266
f 263//263 268//268 267//267
f 269//269 270//270 271//271
f 269//269 271//271 272//272
f 269//269 272//272 273//273
f 269//269 273//273 274//274
f 275//275 276//276 282//282
f 275//275 282//282 281//281
f 276//276 277//277 283//283
f 276//276 283//283 282//282
f 277//277 278//278 284//284
f 277//277 284//284 283//283
f 278//278 279//279 285//285
f 278//278 285//285 284//284
f 279//279 280//280 286//286
f 279//279 286//286 285//285
f 280//280 275//275 281//281
f 280//280 281//281 286//286
f 275//275 277//277 276//276
f 275//275 278//278 277//277
f 275//275 279//279 278//278
f 275//275 280//280 279//279
f 281//281 282//282 283//283
f 281//281 283//283 284//284
f 281//281 284//284 285//285
f 281//281 285//285 286//286
f 287//287 288//288 294//294
f 287//287 294//294 293//293
f 288//288 289//289 295//295
f 288//288 295//295 294//294
f 289//289 290//290 296//296
f 289//289 296//296 295//295
f 290//290 291//291 297//297
f 290//290 297//297 296//296
f 291//291 292//292 298//298
f 291//291 298//298 297//297
f 292//292 287//287 293//293
f 292//292 293//293 298//298
f 287//287 289//289 288//288
f 287//287 290//290 289//289
f 287//287 291//291 290//290
f 287//287 292//292 291//291
f 293//293 294//294 295//295
f 293//293 295//295 296//296
f 293//293 296//296 297//297
f 293//293 297//297 298//298
f 299//299 300//300 306//306
f 299//299 306//306 305//305
f 300//300 301//301 307//307
f 300//300 307//307 306//306
f 301//301 302//302 308//308
f 301//301 308//308 307//307
f 302//302 303//303 309//309
f 302//302 309//309 308//308
f 303//303 304//304 310//310
f 303//303 310//310 309//309
f 304//304 299//299 305//305
f 304//304 305//305 310//310
f 299//299 301//301 300//300
f 299//299 302//302 301//301
f 299//299 303//303 302//302
f 299//299 304//304 303//303
f 305//305 306//306 307//307
f 305//305 307//307 308//308
f 305//305 308//308 309//309
f 305//305 309//309 310//310
f 311//311 313//313 312//312
f 311//311 314//314 313//313
f 311//311 315//315 314//314
f 311//311 316//316 315//315
f 311//311 317//317 316//316
f 311//311 318//318 317//317
f 311//311 319//319 318//318
f 311//311 312//312 319//319
f 312//312 313//313 321//321
f 312//312 321//321 320//320
f 313//313 314//314 322//322
f 313//313 322//322 321//321
f 314//314 315//315 323//323
f 314//314 323//323 322//322
f 315//315 316//316 324//324
f 315//315 324//324 323//323
f 316//316 317//317 325//325
f 316//316 325//325 324//324
f 317//317 318//318 326//326
f 317//317 326//326 325//325
f 318//318 319//319 327//327
f 318//318 327//327 326//326
f 319//319 312//312 320//320
f 319//319 320//320 327//327
f 320//320 321//321 329//329
f 320//320 329//329 328//328
f 321//321 322//322 330//330
f 321//321 330//330 329//329
f 322//322 323//323 331//331
f 322//322 331//331 330//330
f 323//323 324//324 332//332
f 323//323 332//332 331//331
f 324//324 325//325 333//333
f 324//324 333//333 332//332
f 325//325 326//326 334//334
f 325//325 334//334 333//333
f 326//326 327//327 335//335
f 326//326 335//335 334//334
f 327//327 320//320 328//328
f 327//327 328//328 335//335
f 328//328 329//329 337//337
f 328//328 337//337 336//336
f 329//329 330//330 338//338
f 329//329 338//338 337//337
f 330//330 331//331 339//339
f 330//330 339//339 338//338
f 331//331 332//332 340//340
f 331//331 340//340 339//339
f 332//332 333//333 341//341
f 332//332 341//341 340//340
f 333//333 334//334 342//342
f 333//333 342//342 341//341
f 334//334 335//335 343//343
f 334//334 343//343 342//342
f 335//335 328//328 336//336
f 335//335 336//336 343//343
f 344//344 336//336 337//337
f 344//344 337//337 338//338
f 344//344 338//338 339//339
f 344//344 339//339 340//340
f 344//344 340//340 341//341
f 344//344 341//341 342//342
f 344//344 342//342 343//343
f 344//344 343//343 336//336
f 345//345 346//346 352//352
f 345//345 352//352 351//351
f 346//346 347//347 353//353
f 346//346 353//353 352//352
f 347//347 348//348 354//354
f 347//347 354//354 353//353
f 348//348 349//349 355//355
f 348//348 355//355 354//354
f 349//349 350//350 356//356
f 349//349 356//356 355//355
f 350//350 345//345 351//351
f 350//350 351//351 356//356
f 345//345 347//347 346//346
f 345//345 348//348 347//347
f 345//345 349//349 348//348
f 345//345 350//350 349//349
f 351//351 352//352 353//353
f 351//351 353//353 354//354
f 351//351 354//354 355//355
f 351//351 355//355 356//356
f 357//357 358//358 364//364
f 357//357 364//364 363//363
f 358//358 359//359 365//365
f 358//358 365//365 364//364
f 359//359 360//360 366//366
f 359//359 366//366 365//365
f 360//360 361//361 367//367
f 360//360 367//367 366//366
f 361//361 362//362 368//368
f 361//361 368//368 367//367
f 362//362 357//357 363//363
f 362//362 363//363 368//368
f 357//357 359//359 358//358
f 357//357 360//360 359//359
f 357//357 361//361 360//360
f 357//357 362//362 361//361
f 363//363 364//364 365//365
f 363//363 365//365 366//366
f 363//363 366//366 367//367
f 363//363 367//367 368//368
f 369//369 370//370 376//376
f 369//369 376//376 375//375
f 370//370 371//371 377//377
f 370//370 377//377 376//376
f 371//371 372//372 378//378
f 371//371 378//378 377//377
f 372//372 373//373 379//379
f 372//372 379//379 378//378
f 373//373 374//374 380//380
f 373//373 380//380 379//379
f 374//374 369//369 375//375
f 374//374 375//375 380//380
f 369//369 371//371 370//370
f 369//369 372//372 371//371
f 369//369 373//373 372//372
f 369//369 374//374 373//373
f 375//375 376//376 377//377
f 375//375 377//377 378//378
f 375//375 378//378 379//379
f 375//375 379//379 380//380
f 381//381 382//382 388//388
f 381//381 388//388 387//387
f 382//382 383//383 389//389
f 382//382 389//389 388//388
f 383//383 384//384 390//390
f 383//383 390//390 389//389
f 384//384 385//385 391//391
f 384//384 391//391 390//390
f 385//385 386//386 392//392
f 385//385 392//392 391//391
f 386//386 381//381 387//387
f 386//386 387//387 392//392
f 381//381 383//383 382//382
f 381//381 384//384 383//383
f 381//381 385//385 384//384
f 381//381 386//386 385//385
f 387//387 388//388 389//389
f 387//387 389//389 390//390
f 387//387 390//390 391//391
f 387//387 391//391 392//392
f 393//393 394//394 400//400
f 393//393 400//400 399//399
f 394//394 395//395 401//401
f 394//394 401//401 400//400
f 395//395 396//396 402//402
f 395//395 402//402 401//401
f 396//396 397//397 403//403
f 396//396 403//403 402//402
f 397//397 398//398 404//404
f 397//397 404//404 403//403
f 398//398 393//393 399//399
f 398//398 399//399 404//404
f 393//393 395//395 394//394
f 393//393 396//396 395//395
f 393//393 397//397 396//396
f 393//393 398//398 397//397
f 399//399 400//400 401//401
f 399//399 401//401 402//402
f 399//399 402//402 403//403
f 399//399 403//403 404//404
f 405//405 406//406 412//412
f 405//405 412//412 411//411
f 406//406 407//407 413//413
f 406//406 413//413 412//412
f 407//407 408//408 414//414
f 407//407 414//414 413//413
f 408//408 409//409 415//415
f 408//408 415//415 414//414
f 409//409 410//410 416//416
f 409//409 416//416 415//415
f 410//410 405//405 411//411
f 410//410 411//411 416//416
f 405//405 407//407 406//406
f 405//405 408//408 407//407
f 405//405 409//409 408//408
f 405//405 410//410 409//409
f 411//411 412//412 413//413
f 411//411 413//413 414//414
f 411//411 414//414 415//415
f 411//411 415//415 416//416
f 417//417 418//418 424//424
f 417//417 424//424 423//423
f 418//418 419//419 425//425
f 418//418 425//425 424//424
f 419//419 420//420 426//426
f 419//419 426//426 425//425
f 420//420 421//421 427//427
f 420//420 427//427 426//426
f 421//421 422//422 428//428
f 421//421 428//428 427//427
f 422//422 417//417 423//423
f 422//422 423//423 428//428
f 417//417 419//419 418//418
f 417//417 420//420 419//419
f 417//417 421//421 420//420
f 417//417 422//422 421//421
f 423//423 424//424 425//425
f 423//423 425//425 426//426
f 423//423 426//426 427//427
f 423//423 427//427 428//428
f 429//429 430//430 436//436
f 429//429 436//436 435//435
f 430//430 431//431 437//437
f 430//430 437//437 436//436
f 431//431 432//432 438//438
f 431//431 438//438 437//437
f 432//432 433//433 439//439
f 432//432 439//439 438//438
f 433//433 434//434 440//440
f 433//433 440//440 439//439
f 434//434 429//429 435//435
f 434//434 435//435 440//440
f 429//429 431//431 430//430
f 429//429 432//432 431//431
f 429//429 433//433 432//432
f 429//429 434//434 433//433
f 435//435 436//436 437//437
f 435//435 437//437 438//438
f 435//435 438//438 439//439
f 435//435 439//439 440//440
f 441//441 442//442 448//448
f 441//441 448//448 447//447
f 442//442 443//443 449//449
f 442//442 449//449 448//448
f 443//443 444//444 450//450
f 443//443 450//450 449//449
f 444//444 445//445 451//451
f 444//444 451//451 450//450
f 445//445 446//446 452//452
f 445//445 452//452 451//451
f 446//446 441//441 447//447
f 446//446 447//447 452//452
f 441//441 443//443 442//442
f 441//441 444//444 443//443
f 441//441 445//445 444//444
f 441//441 446//446 445//445
f 447//447 448//448 449//449
f 447//447 449//449 450//450
f 447//447 450//450 451//451
f 447//447 451//451 452//452
f 453//453 454//454 460//460
f 453//453 460//460 459//459
f 454//454 455//455 461//461
f 454//454 461//461 460//460
f 455//455 456//456 462//462
f 455//455 462//462 461//461
f 456//456 457//457 463//463
f 456//456 463//463 462//462
f 457//457 458//458 464//464
f 457//457 464//464 463//463
f 458//458 453//453 459//459
f 458//458 459//459 464//464
f 453//453 455//455 454//454
f 453//453 456//456 455//455
f 453//453 457//457 456//456
f 453//453 458//458 457//457
f 459//459 460//460 461//461
f 459//459 461//461 462//462
f 459//459 462//462 463//463
f 459//459 463//463 464//464
f 465//465 466//466 472//472
f 465//465 472//472 471//471
f 466//466 467//467 473//473
f 466//466 473//473 472//472
f 467//467 468//468 474//474
f 467//467 474//474 473//473
f 468//468 469//469 475//475
f 468//468 475//475 474//474
f 469//469 470//470 476//476
f 469//469 476//476 475//475
f 470//470 465//465 471//471
f 470//470 471//471 476//476
f 465//465 467//467 466//466
f 465//465 468//468 467//467
f 465//465 469//469 468//468
f 465//465 470//470 469//469
f 471//471 472//472 473//473
f 471//471 473//473 474//474
f 471//471 474//474 475//475
f 471//471 475//475 476//476
f 477//477 478//478 484//484
f 477//477 484//484 483//483
f 478//478 479//479 485//485
f 478//478 485//485 484//484
f 479//479 480//480 486//486
f 479//479 486//486 485//485
f 480//480 481//481 487//487
f 480//480 487//487 486//486
f 481//481 482//482 488//488
f 481//481 488//488 487//487
f 482//482 477//477 483//483
f 482//482 483//483 488//488
f 477//477 479//479 478//478
f 477//477 480//480 479//479
f 477//477 481//481 480//480
f 477//477 482//482 481//481
f 483//483 484//484 485//485
f 483//483 485//485 486//486
f 483//483 486//486 487//487
f 483//483 487//487 488//488
f 489//489 491//491 490//490
f 489//489 492//492 491//491
f 489//489 493//493 492//492
f 489//489 494//494 493//493
f 489//489 495//495 494//494
f 489//489 496//496 495//495
f 489//489 497//497 496//496
f 489//489 490//490 497//497
f 490//490 491//491 499//499
f 490//490 499//499 498//498
f 491//491 492//492 500//500
f 491//491 500//500 499//499
f 492//492 493//493 501//501
f 492//492 501//501 500//500
f 493//493 494//494 502//502
f 493//493 502//502 501//501
f 494//494 495//495 503//503
f 494//494 503//503 502//502
f 495//495 496//496 504//504
f 495//495 504//504 503//503
f 496//496 497//497 505//505
f 496//496 505//505 504//504
f 497//497 490//490 498//498
f 497//497 498//498 505//505
f 498//498 499//499 507//507
f 498//498 507//507 506//506
f 499//499 500//500 508//508
f 499//499 508//508 507//507
f 500//500 501//501 509//509
f 500//500 509//509 508//508
f 501//501 502//502 510//510
f 501//501 510//510 509//509
f 502//502 503//503 511//511
f 502//502 511//511 510//510
f 503//503 504//504 512//512
f 503//503 512//512 511//511
f 504//504 505//505 513//513
f 504//504 513//513 512//512
f 505//505 498//498 506//506
f 505//505 506//506 513//513
f 506//506 507//507 515//515
f 506//506 515//515 514//514
f 507//507 508//508 516//516
f 507//507 516//516 515//515
f 508//508 509//509 517//517
f 508//508 517//517 516//516
f 509//509 510//510 518//518
f 509//509 518//518 517//517
f 510//510 511//511 519//519
f 510//510 519//519 518//518
f 511//511 512//512 520//520
f 511//511 520//520 519//519
f 512//512 513//513 521//521
f 512//512 521//521 520//520
f 513//513 506//506 514//514
f 513//513 514//514 521//521
f 522//522 514//514 515//515
f 522//522 515//515 516//516
f 522//522 516//516 517//517
f 522//522 517//517 518//518
f 522//522 518//518 519//519
f 522//522 519//519 520//520
f 522//522 520//520 521//521
f 522//522 521//521 514//514
f 523//523 524//524 530//530
f 523//523 530//530 529//529
f 524//524 525//525 531//531
f 524//524 531//531 530//530
f 525//525 526//526 532//532
f 525//525 532//532 531//531
f 526//526 527//527 533//533
f 526//526 533//533 532//532
f 527//527 528//528 534//534
f 527//527 534//534 533//533
f 528//528 523//523 529//529
f 528//528 529//529 534//534
f 523//523 525//525 524//524
f 523//523 526//526 525//525
f 523//523 527//527 526//526
f 523//523 528//528 527//527
f 529//529 530//530 531//531
f 529//529 531//531 532//532
f 529//529 532//532 533//533
f 529//529 533//533 534//534
f 535//535 536//536 542//542
f 535//535 542//542 541//541
f 536//536 537//537 543//543
f 536//536 543//543 542//542
f 537//537 538//538 544//544
f 537//537 544//544 543//543
f 538//538 539//539 545//545
f 538//538 545//545 544//544
f 539//539 540//540 546//546
f 539//539 546//546 545//545
f 540//540 535//535 541//541
f 540//540 541//541 546//546
f 535//535 537//537 536//536
f 535//535 538//538 537//537
f 535//535 539//539 538//538
f 535//535 540//540 539//539
f 541//541 542//542 543//543
f 541//541 543//543 544//544
f 541//541 544//544 545//545
f 541//541 545//545 546//546
f 547//547 548//548 554//554
f 547//547 554//554 553//553
f 548//548 549//549 555//555
f 548//548 555//555 554//554
f 549//549 550//550 556//556
f 549//549 556//556 555//555
f 550//550 551//551 557//557
f 550//550 557//557 556//556
f 551//551 552//552 558//558
f 551//551 558//558 557//557
f 552//552 547//547 553//553
f 552//552 553//553 558//558
f 547//547 549//549 548//548
f 547//547 550//550 549//549
f 547//547 551//551 550//550
f 547//547 552//552 551//551
f 553//553 554//554 555//555
f 553//553 555//555 556//556
f 553//553 556//556 557//557
f 553//553 557//557 558//558
f 559//559 560//560 566//566
f 559//559 566//566 565//565
f 560//560 561//561 567//567
f 560//560 567//567 566//566
f 561//561 562//562 568//568
f 561//561 568//568 567//567
f 562//562 563//563 569//569
f 562//562 569//569 568//568
f 563//563 564//564 570//570
f 563//563 570//570 569//569
f 564//564 559//559 565//565
f 564//564 565//565 570//570
f 559//559 561//561 560//560
f 559//559 562//562 561//561
f 559//559 563//563 562//562
f 559//559 564//564 563//563
f 565//565 566//566 567//567
f 565//565 567//567 568//568
f 565//565 568//568 569//569
f 565//565 569//569 570//570
f 571//571 572//572 578//578
f 571//571 578//578 577//577
f 572//572 573//573 579//579
f 572//572 579//579 578//578
f 573//573 574//574 580//580
f 573//573 580//580 579//579
f 574//574 575//575 581//581
f 574//574 581//581 580//580
f 575//575 576//576 582//582
f 575//575 582//582 581//581
f 576//576 571//571 577//577
f 576//576 577//577 582//582
f 571//571 573//573 572//572
f 571//571 574//574 573//573
f 571//571 575//575 574//574
f 571//571 576//576 575//575
f 577//577 578//578 579//579
f 577//577 579//579 580//580
f 577//577 580//580 581//581
f 577//577 581//581 582//582
f 583//583 584//584 590//590
f 583//583 590//590 589//589
f 584//584 585//585 591//591
f 584//584 591//591 590//590
f 585//585 586//586 592//592
f 585//585 592//592 591//591
f 586//586 587//587 593//593
f 586//586 593//593 592//592
f 587//587 588//588 594//594
f 587//587 594//594 593//593
f 588//588 583//583 589//589
f 588//588 589//589 594//594
f 583//583 585//585 584//584
f 583//583 586//586 585//585
f 583//583 587//587 586//586
f 583//583 588//588 587//587
f 589//589 590//590 591//591
f 589//589 591//591 592//592
f 589//589 592//592 593//593
f 589//589 593//593 594//594
f 595//595 596//596 602//602
f 595//595 602//602 601//601
f 596//596 597//597 603//603
f 596//596 603//603 602//602
f 597//597 598//598 604//604
f 597//597 604//604 603//603
f 598//598 599//599 605//605
f 598//598 605//605 604//604
f 599//599 600//600 606//606
f 599//599 606//606 605//605
f 600//600 595//595 601//601
f 600//600 601//601 606//606
f 595//595 597//597 596//596
f 595//595 598//598 597//597
f 595//595 599//599 598//598
f 595//595 600//600 599//599
f 601//601 602//602 603//603
f 601//601 603//603 604//604
f 601//601 604//604 605//605
f 601//601 605//605 606//606
f 607//607 608//608 614//614
f 607//607 614//614 613//613
f 608//608 609//609 615//615
f 608//608 615//615 614//614
f 609//609 610//610 616//616
f 609//609 616//616 615//615
f 610//610 611//611 617//617
f 610//610 617//617 616//616
f 611//611 612//612 618//618
f 611//611 618//618 617//617
f 612//612 607//607 613//613
f 612//612 613//613 618//618
f 607//607 609//609 608//608
f 607//607 610//610 609//609
f 607//607 611//611 610//610
f 607//607 612//612 611//611
f 613//613 614//614 615//615
f 613//613 615//615 616//616
f 613//613 616//616 617//617
f 613//613 617//617 618//618
f 619//619 620//620 626//626
f 619//619 626//626 625//625
f 620//620 621//621 627//627
f 620//620 627//627 626//626
f 621//621 622//622 628//628
f 621//621 628//628 627//627
f 622//622 623//623 629//629
f 622//622 629//629 628//628
f 623//623 624//624 630//630
f 623//623 630//630 629//629
f 624//624 619//619 625//625
f 624//624 625//625 630//630
f 619//619 621//621 620//620
f 619//619 622//622 621//621
f 619//619 623//623 622//622
f 619//619 624//624 623//623
f 625//625 626//626 627//627
f 625//625 627//627 628//628
f 625//625 628//628 629//629
f 625//625 629//629 630//630
f 631//631 632//632 638//638
f 631//631 638//638 637//637
f 632//632 633//633 639//639
f 632//632 639//639 638//638
f 633//633 634//634 640//640
f 633//633 640//640 639//639
f 634//634 635//635 641//641
f 634//634 641//641 640//640
f 635//635 636//636 642//642
f 635//635 642//642 641//641
f 636//636 631//631 637//637
f 636//636 637//637 642//642
f 631//631 633//633 632//632
f 631//631 634//634 633//633
f 631//631 635//635 634//634
f 631//631 636//636 635//635
f 637//637 638//638 639//639
f 637//637 639//639 640//640
f 637//637 640//640 641//641
f 637//637 641//641 642//642
f 643//643 644//644 650//650
f 643//643 650//650 649//649
f 644//644 645//645 651//651
f 644//644 651//651 650//650
f 645//645 646//646 652//652
f 645//645 652//652 651//651
f 646//646 647//647 653//653
f 646//646 653//653 652//652
f 647//647 648//648 654//654
f 647//647 654//654 653//653
f 648//648 643//643 649//649
f 648//648 649//649 654//654
f 643//643 645//645 644//644
f 643//643 646//646 645//645
f 643//643 647//647 646//646
f 643//643 648//648 647//647
f 649//649 650//650 651//651
f 649//649 651//651 652//652
f 649//649 652//652 653//653
f 649//649 653//653 654//654
f 655//655 656//656 662//662
f 655//655 662//662 661//661
f 656//656 657//657 663//663
f 656//656 663//663 662//662
f 657//657 658//658 664//664
f 657//657 664//664 663//663
f 658//658 659//659 665//665
f 658//658 665//665 664//664
f 659//659 660//660 666//666
f 659//659 666//666 665//665
f 660//660 655//655 661//661
f 660//660 661//661 666//666
f 655//655 657//657 656//656
f 655//655 658//658 657//657
f 655//655 659//659 658//658
f 655//655 660//660 659//659
f 661//661 662//662 663//663
f 661//661 663//663 664//664
f 661//661 664//664 665//665
f 661//661 665//665 666//666
f 667//667 669//669 668//668
f 667//667 670//670 669//669
f 667//667 671//671 670//670
f 667//667 672//672 671//671
f 667//667 673//673 672//672
f 667//667 674//674 673//673
f 667//667 675//675 674//674
f 667//667 668//668 675//675
f 668//668 669//669 677//677
f 668//668 677//677 676//676
f 669//669 670//670 678//678
f 669//669 678//678 677//677
f 670//670 671//671 679//679
f 670//670 679//679 678//678
f 671//671 672//672 680//680
f 671//671 680//680 679//679
f 672//672 673//673 681//681
f 672//672 681//681 680//680
f 673//673 674//674 682//682
f 673//673 682//682 681//681
f 674//674 675//675 683//683
f 674//674 683//683 682//682
f 675//675 668//668 676//676
f 675//675 676//676 683//683
f 676//676 677//677 685//685
f 676//676 685//685 684//684
f 677//677 678//678 686//686
f 677//677 686//686 685//685
f 678//678 679//679 687//687
f 678//678 687//687 686//686
f 679//679 680//680 688//688
f 679//679 688//688 687//687
f 680//680 681//681 689//689
f 680//680 689//689 688//688
f 681//681 682//682 690//690
f 681//681 690//690 689//689
f 682//682 683//683 691//691
f 682//682 691//691 690//690
f 683//683 676//676 684//684
f 683//683 684//684 691//691
f 684//684 685//685 693//693
f 684//684 693//693 692//692
f 685//685 686//686 694//694
f 685//685 694//694 693//693
f 686//686 687//687 695//695
f 686//686 695//695 694//694
f 687//687 688//688 696//696
f 687//687 696//696 695//695
f 688//688 689//689 697//697
f 688//688 697//697 696//696
f 689//689 690//690 698//698
f 689//689 698//698 697//697
f 690//690 691//691 699//699
f 690//690 699//699 698//698
f 691//691 684//684 692//692
f 691//691 692//692 699//699
f 700//700 692//692 693//693
f 700//700 693//693 694//694
f 700//700 694//694 695//695
f 700//700 695//695 696//696
f 700//700 696//696 697//697
f 700//700 697//697 698//698
f 700//700 698//698 699//699
f 700//700 699//699 692//692
f 701//701 702//702 708//708
f 701//701 708//708 707//707
f 702//702 703//703 709//709
f 702//702 709//709 708//708
f 703//703 704//704 710//710
f 703//703 710//710 709//709
f 704//704 705//705 711//711
f 704//704 711//711 710//710
f 705//705 706//706 712//712
f 705//705 712//712 711//711
f 706//706 701//701 707//707
f 706//706 707//707 712//712
f 701//701 703//703 702//702
f 701//701 704//704 703//703
f 701//701 705//705 704//704
f 701//701 706//706 705//705
f 707//707 708//708 709//709
f 707//707 709//709 710//710
f 707//707 710//710 711//711
f 707//707 711//711 712//712
f 713//713 714//714 720//720
f 713//713 720//720 719//719
f 714//714 715//715 721//721
f 714//714 721//721 720//720
f 715//715 716//716 722//722
f 715//715 722//722 721//721
f 716//716 717//717 723//723
f 716//716 723//723 722//722
f 717//717 718//718 724//724
f 717//717 724//724 723//723
f 718//718 713//713 719//719
f 718//718 719//719 724//724
f 713//713 715//715 714//714
f 713//713 716//716 715//715
f 713//713 717//717 716//716
f 713//713 718//718 717//717
f 719//719 720//720 721//721
f 719//719 721//721 722//722
f 719//719 722//722 723//723
f 719//719 723//723 724//724
f 725//725 726//726 732//732
f 725//725 732//732 731//731
f 726//726 727//727 733//733
f 726//726 733//733 732//732
f 727//727 728//728 734//734
f 727//727 734//734 733//733
f 728//728 729//729 735//735
f 728//728 735//735 734//734
f 729//729 730//730 736//736
f 729//729 736//736 735//735
f 730//730 725//725 731//731
f 730//730 731//731 736//736
f 725//725 727//727 726//726
f 725//725 728//728 727//727
f 725//725 729//729 728//728
f 725//725 730//730 729//729
f 731//731 732//732 733//733
f 731//731 733//733 734//734
f 731//731 734//734 735//735
f 731//731 735//735 736//736
f 737//737 738//738 744//744
f 737//737 744//744 743//743
f 738//738 739//739 745//745
f 738//738 745//745 744//744
f 739//739 740//740 746//746
f 739//739 746//746 745//745
f 740//740 741//741 747//747
f 740//740 747//747 746//746
f 741//741 742//742 748//748
f 741//741 748//748 747//747
f 742//742 737//737 743//743
f 742//742 743//743 748//748
f 737//737 739//739 738//738
f 737//737 740//740 739//739
f 737//737 741//741 740//740
f 737//737 742//742 741//741
f 743//743 744//744 745//745
f 743//743 745//745 746//746
f 743//743 746//746 747//747
f 743//743 747//747 748//748
f 749//749 750//750 756//756
f 749//749 756//756 755//755
f 750//750 751//751 757//757
f 750//750 757//757 756//756
f 751//751 752//752 758//758
f 751//751 758//758 757//757
f 752//752 753//753 759//759
f 752//752 759//759 758//758
f 753//753 754//754 760//760
f 753//753 760//760 759//759
f 754//754 749//749 755//755
f 754//754 755//755 760//760
f 749//749 751//751 750//750
f 749//749 752//752 751//751
f 749//749 753//753 752//752
f 749//749 754//754 753//753
f 755//755 756//756 757//757
f 755//755 757//757 758//758
f 755//755 758//758 759//759
f 755//755 759//759 760//760
f 761//761 762//762 768//768
f 761//761 768//768 767//767
f 762//762 763//763 769//769
f 762//762 769//769 768//768
f 763//763 764//764 770//770
f 763//763 770//770 769//769
f 764//764 765//765 771//771
f 764//764 771//771 770//770
f 765//765 766//766 772//772
f 765//765 772//772 771//771
f 766//766 761//761 767//767
f 766//766 767//767 772//772
f 761//761 763//763 762//762
f 761//761 764//764 763//763
f 761//761 765//765 764//764
f 761//761 766//766 765//765
f 767//767 768//768 769//769
f 767//767 769//769 770//770
f 767//767 770//770 771//771
f 767//767 771//771 772//772
f 773//773 774//774 780//780
f 773//773 780//780 779//779
f 774//774 775//775 781//781
f 774//774 781//781 780//780
f 775//775 776//776 782//782
f 775//775 782//782 781//781
f 776//776 777//777 783//783
f 776//776 783//783 782//782
f 777//777 778//778 784//784
f 777//777 784//784 783//783
f 778//778 773//773 779//779
f 778//778 779//779 784//784
f 773//773 775//775 774//774
f 773//773 776//776 775//775
f 773//773 777//777 776//776
f 773//773 778//778 777//777
f 779//779 780//780 781//781
f 779//779 781//781 782//782
f 779//779 782//782 783//783
f 779//779 783//783 784//784
f 785//785 786//786 792//792
f 785//785 792//792 791//791
f 786//786 787//787 793//793
f 786//786 793//793 792//792
f 787//787 788//788 794//794
f 787//787 794//794 793//793
f 788//788 789//789 795//795
f 788//788 795//795 794//794
f 789//789 790//790 796//796
f 789//789 796//796 795//795
f 790//790 785//785 791//791
f 790//790 791//791 796//796
f 785//785 787//787 786//786
f 785//785 788//788 787//787
f 785//785 789//789 788//788
f 785//785 790//790 789//789
f 791//791 792//792 793//793
f 791//791 793//793 794//794
f 791//791 794//794 795//795
f 791//791 795//795 796//796
f 797//797 798//798 804//804
f 797//797 804//804 803//803
f 798//798 799//799 805//805
f 798//798 805//805 804//804
f 799//799 800//800 806//806
f 799//799 806//806 805//805
f 800//800 801//801 807//807
f 800//800 807//807 806//806
f 801//801 802//802 808//808
f 801//801 808//808 807//807
f 802//802 797//797 803//803
f 802//802 803//803 808//808
f 797//797 799//799 798//798
f 797//797 800//800 799//799
f 797//797 801//801 800//800
f 797//797 802//802 801//801
f 803//803 804//804 805//805
f 803//803 805//805 806//806
f 803//803 806//806 807//807
f 803//803 807//807 808//808
f 809//809 810//810 816//816
f 809//809 816//816 815//815
f 810//810 811//811 817//817
f 810//810 817//817 816//816
f 811//811 812//812 818//818
f 811//811 818//818 817//817
f 812//812 813//813 819//819
f 812//812 819//819 818//818
f 813//813 814//814 820//820
f 813//813 820//820 819//819
f 814//814 809//809 815//815
f 814//814 815//815 820//820
f 809//809 811//811 810//810
f 809//809 812//812 811//811
f 809//809 813//813 812//812
f 809//809 814//814 813//813
f 815//815 816//816 817//817
f 815//815 817//817 818//818
f 815//815 818//818 819//819
f 815//815 819//819 820//820
f 821//821 822//822 828//828
f 821//821 828//828 827//827
f 822//822 823//823 829//829
f 822//822 829//829 828//828
f 823//823 824//824 830//830
f 823//823 830//830 829//829
f 824//824 825//825 831//831
f 824//824 831//831 830//830
f 825//825 826//826 832//832
f 825//825 832//832 831//831
f 826//826 821//821 827//827
f 826//826 827//827 832//832
f 821//821 823//823 822//822
f 821//821 824//824 823//823
f 821//821 825//825 824//824
f 821//821 826//826 825//825
f 827//827 828//828 829//829
f 827//827 829//829 830//830
f 827//827 830//830 831//831
f 827//827 831//831 832//832
f 833//833 834//834 840//840
f 833//833 840//840 839//839
f 834//834 835//835 841//841
f 834//834 841//841 840//840
f 835//835 836//836 842//842
f 835//835 842//842 841//841
f 836//836 837//837 843//843
f 836//836 843//843 842//842
f 837//837 838//838 844//844
f 837//837 844//844 843//843
f 838//838 833//833 839//839
f 838//838 839//839 844//844
f 833//833 835//835 834//834
f 833//833 836//836 835//835
f 833//833 837//837 836//836
f 833//833 838//838 837//837
f 839//839 840//840 841//841
f 839//839 841//841 842//842
f 839//839 842//842 843//843
f 839//839 843//843 844//844
f 845//845 847//847 846//846
f 845//845 848//848 847//847
f 845//845 849//849 848//848
f 845//845 850//850 849//849
f 845//845 851//851 850//850
f 845//845 852//852 851//851
f 845//845 853//853 852//852
f 845//845 846//846 853//853
f 846//846 847//847 855//855
f 846//846 855//855 854//854
f 847//847 848//848 856//856
f 847//847 856//856 855//855
f 848//848 849//849 857//857
f 848//848 857//857 856//856
f 849//849 850//850 858//858
f 849//849 858//858 857//857
f 850//850 851//851 859//859
f 850//850 859//859 858//858
f 851//851 852//852 860//860
f 851//851 860//860 859//859
f 852//852 853//853 861//861
f 852//852 861//861 860//860
f 853//853 846//846 854//854
f 853//853 854//854 861//861
f 854//854 855//855 863//863
f 854//854 863//863 862//862
f 855//855 856//856 864//864
f 855//855 864//864 863//863
f 856//856 857//857 865//865
f 856//856 865//865 864//864
f 857//857 858//858 866//866
f 857//857 866//866 865//865
f 858//858 859//859 867//867
f 858//858 867//867 866//866
f 859//859 860//860 868//868
f 859//859 868//868 867//867
f 860//860 861//861 869//869
f 860//860 869//869 868//868
f 861//861 854//854 862//862
f 861//861 862//862 869//869
f 862//862 863//863 871//871
f 862//862 871//871 870//870
f 863//863 864//864 872//872
f 863//863 872//872 871//871
f 864//864 865//865 873//873
f 864//864 873//873 872//872
f 865//865 866//866 874//874
f 865//865 874//874 873//873
f 866//866 867//867 875//875
f 866//866 875//875 874//874
f 867//867 868//868 876//876
f 867//867 876//876 875//875
f 868//868 869//869 877//877
f 868//868 877//877 876//876
f 869//869 862//862 870//870
f 869//869 870//870 877//877
f 878//878 870//870 871//871
f 878//878 871//871 872//872
f 878//878 872//872 873//873
f 878//878 873//873 874//874
f 878//878 874//874 875//875
f 878//878 875//875 876//876
f 878//878 876//876 877//877
f 878//878 877//877 870//870
f 879//879 880//880 886//886
f 879//879 886//886 885//885
f 880//880 881//881 887//887
f 880//880 887//887 886//886
f 881//881 882//882 888//888
f 881//881 888//888 887//887
f 882//882 883//883 889//889
f 882//882 889//889 888//888
f 883//883 884//884 890//890
f 883//883 890//890 889//889
f 884//884 879//879 885//885
f 884//884 885//885 890//890
f 879//879 881//881 880//880
f 879//879 882//882 881//881
f 879//879 883//883 882//882
f 879//879 884//884 883//883
f 885//885 886//886 887//887
f 885//885 887//887 888//888
f 885//885 888//888 889//889
f 885//885 889//889 890//890
f 891//891 892//892 898//898
f 891//891 898//898 897//897
f 892//892 893//893 899//899
f 892//892 899//899 898//898
f 893//893 894//894 900//900
f 893//893 900//900 899//899
f 894//894 895//895 901//901
f 894//894 901//901 900//900
f 895//895 896//896 902//902
f 895//895 902//902 901//901
f 896//896 891//891 897//897
f 896//896 897//897 902//902
f 891//891 893//893 892//892
f 891//891 894//894 893//893
f 891//891 895//895 894//894
f 891//891 896//896 895//895
f 897//897 898//898 899//899
f 897//897 899//899 900//900
f 897//897 900//900 901//901
f 897//897 901//901 902//902
f 903//903 904//904 910//910
f 903//903 910//910 909//909
f 904//904 905//905 911//911
f 904//904 911//911 910//910
f 905//905 906//906 912//912
f 905//905 912//912 911//911
f 906//906 907//907 913//913
f 906//906 913//913 912//912
f 907//907 908//908 914//914
f 907//907 914//914 913//913
f 908//908 903//903 909//909
f 908//908 909//909 914//914
f 903//903 905//905 904//904
f 903//903 906//906 905//905
f 903//903 907//907 906//906
f 903//903 908//908 907//907
f 909//909 910//910 911//911
f 909//909 911//911 912//912
f 909//909 912//912 913//913
f 909//909 913//913 914//914
f 915//915 916//916 922//922
f 915//915 922//922 921//921
f 916//916 917//917 923//923
f 916//916 923//923 922//922
f 917//917 918//918 924//924
f 917//917 924//924 923//923
f 918//918 919//919 925//925
f 918//918 925//925 924//924
f 919//919 920//920 926//926
f 919//919 926//926 925//925
f 920//920 915//915 921//921
f 920//920 921//921 926//926
f 915//915 917//917 916//916
f 915//915 918//918 917//917
f 915//915 919//919 918//918
f 915//915 920//920 919//919
f 921//921 922//922 923//923
f 921//921 923//923 924//924
f 921//921 924//924 925//925
f 921//921 925//925 926//926
f 927//927 928//928 934//934
f 927//927 934//934 933//933
f 928//928 929//929 935//935
f 928//928 935//935 934//934
f 929//929 930//930 936//936
f 929//929 936//936 935//935
f 930//930 931//931 937//937
f 930//930 937//937 936//936
f 931//931 932//932 938//938
f 931//931 938//938 937//937
f 932//932 927//927 933//933
f 932//932 933//933 938//938
f 927//927 929//929 928//928
f 927//927 930//930 929//929
f 927//927 931//931 930//930
f 927//927 932//932 931//931
f 933//933 934//934 935//935
f 933//933 935//935 936//936
f 933//933 936//936 937//937
f 933//933 937//937 938//938
f 939//939 940//940 946//946
f 939//939 946//946 945//945
f 940//940 941//941 947//947
f 940//940 947//947 946//946
f 941//941 942//942 948//948
f 941//941 948//948 947//947
f 942//942 943//943 949//949
f 942//942 949//949 948//948
f 943//943 944//944 950//950
f 943//943 950//950 949//949
f 944//944 939//939 945//945
f 944//944 945//945 950//950
f 939//939 941//941 940//940
f 939//939 942//942 941//941
f 939//939 943//943 942//942
f 939//939 944//944 943//943
f 945//945 946//946 947//947
f 945//945 947//947 948//948
f 945//945 948//948 949//949
f 945//945 949//949 950//950
f 951//951 952//952 958//958
f 951//951 958//958 957//957
f 952//952 953//953 959//959
f 952//952 959//959 958//958
f 953//953 954//954 960//960
f 953//953 960//960 959//959
f 954//954 955//955 961//961
f 954//954 961//961 960//960
f 955//955 956//956 962//962
f 955//955 962//962 961//961
f 956//956 951//951 957//957
f 956//956 957//957 962//962
f 951//951 953//953 952//952
f 951//951 954//954 953//953
f 951//951 955//955 954//954
f 951//951 956//956 955//955
f 957//957 958//958 959//959
f 957//957 959//959 960//960
f 957//957 960//960 961//961
f 957//957 961//961 962//962
f 963//963 964//964 970//970
f 963//963 970//970 969//969
f 964//964 965//965 971//971
f 964//964 971//971 970//970
f 965//965 966//966 972//972
f 965//965 972//972 971//971
f 966//966 967//967 973//973
f 966//966 973//973 972//972
f 967//967 968//968 974//974
f 967//967 974//974 973//973
f 968//968 963//963 969//969
f 968//968 969//969 974//974
f 963//963 965//965 964//964
f 963//963 966//966 965//965
f 963//963 967//967 966//966
f 963//963 968//968 967//967
f 969//969 970//970 971//971
f 969//969 971//971 972//972
f 969//969 972//972 973//973
f 969//969 973//973 974//974
f 975//975 976//976 982//982
f 975//975 982//982 981//981
f 976//976 977//977 983//983
f 976//976 983//983 982//982
f 977//977 978//978 984//984
f 977//977 984//984 983//983
f 978//978 979//979 985//985
f 978//978 985//985 984//984
f 979//979 980//980 986//986
f 979//979 986//986 985//985
f 980//980 975//975 981//981
f 980//980 981//981 986//986
f 975//975 977//977 976//976
f 975//975 978//978 977//977
f 975//975 979//979 978//978
f 975//975 980//980 979//979
f 981//981 982//982 983//983
f 981//981 983//983 984//984
f 981//981 984//984 985//985
f 981//981 985//985 986//986
f 987//987 988//988 994//994
f 987//987 994//994 993//993
f 988//988 989//989 995//995
f 988//988 995//995 994//994
f 989//989 990//990 996//996
f 989//989 996//996 995//995
f 990//990 991//991 997//997
f 990//990 997//997 996//996
f 991//991 992//992 998//998
f 991//991 998//998 997//997
f 992//992 987//987 993//993
f 992//992 993//993 998//998
f 987//987 989//989 988//988
f 987//987 990//990 989//989
f 987//987 991//991 990//990
f 987//987 992//992 991//991
f 993//993 994//994 995//995
f 993//993 995//995 996//996
f 993//993 996//996 997//997
f 993//993 997//997 998//998
f 999//999 1000//1000 1006//1006
f 999//999 1006//1006 1005//1005
f 1000//1000 1001//1001 1007//1007
f 1000//1000 1007//1007 1006//1006
f 1001//1001 1002//1002 1008//1008
f 1001//1001 1008//1008 1007//1007
f 1002//1002 1003//1003 1009//1009
f 1002//1002 1009//1009 1008//1008
f 1003//1003 1004//1004 1010//1010
f 1003//1003 1010//1010 1009//1009
f 1004//1004 999//999 1005//1005
f 1004//1004 1005//1005 1010//1010
f 999//999 1001//1001 1000//1000
f 999//999 1002//1002 1001//1001
f 999//999 1003//1003 1002//1002
f 999//999 1004//1004 1003//1003
f 1005//1005 1006//1006 1007//1007
f 1005//1005 1007//1007 1008//1008
f 1005//1005 1008//1008 1009//1009
f 1005//1005 1009//1009 1010//1010
f 1011//1011 1012//1012 1018//1018
f 1011//1011 1018//1018 1017//1017
f 1012//1012 1013//1013 1019//1019
f 1012//1012 1019//1019 1018//1018
f 1013//1013 1014//1014 1020//1020
f 1013//1013 1020//1020 1019//1019
f 1014//1014 1015//1015 1021//1021
f 1014//1014 1021//1021 1020//1020
f 1015//1015 1016//1016 1022//1022
f 1015//1015 1022//1022 1021//1021
f 1016//1016 1011//1011 1017//1017
f 1016//1016 1017//1017 1022//1022
f 1011//1011 1013//1013 1012//1012
f 1011//1011 1014//1014 1013//1013
f 1011//1011 1015//1015 1014//1014
f 1011//1011 1016//1016 1015//1015
f 1017//1017 1018//1018 1019//1019
f 1017//1017 1019//1019 1020//1020
f 1017//1017 1020//1020 1021//1021
f 1017//1017 1021//1021 1022//1022
f 1023//1023 1025//1025 1024//1024
f 1023//1023 1026//1026 1025//1025
f 1023//1023 1027//1027 1026//1026
f 1023//1023 1028//1028 1027//1027
f 1023//1023 1029//1029 1028//1028
f 1023//1023 1030//1030 1029//1029
f 1023//1023 1031//1031 1030//1030
f 1023//1023 1024//1024 1031//1031
f 1024//1024 1025//1025 1033//1033
f 1024//1024 1033//1033 1032//1032
f 1025//1025 1026//1026 1034//1034
f 1025//1025 1034//1034 1033//1033
f 1026//1026 1027//1027 1035//1035
f 1026//1026 1035//1035 1034//1034
f 1027//1027 1028//1028 1036//1036
f 1027//1027 1036//1036 1035//1035
f 1028//1028 1029//1029 1037//1037
f 1028//1028 1037//1037 1036//1036
f 1029//1029 1030//1030 1038//1038
f 1029//1029 1038//1038 1037//1037
f 1030//1030 1031//1031 1039//1039
f 1030//1030 1039//1039 1038//1038
f 1031//1031 1024//1024 1032//1032
f 1031//1031 1032//1032 1039//1039
f 1032//1032 1033//1033 1041//1041
f 1032//1032 1041//1041 1040//1040
f 1033//1033 1034//1034 1042//1042
f 1033//1033 1042//1042 1041//1041
f 1034//1034 1035//1035 1043//1043
f 1034//1034 1043//1043 1042//1042
f 1035//1035 1036//1036 1044//1044
f 1035//1035 1044//1044 1043//1043
f 1036//1036 1037//1037 1045//1045
f 1036//1036 1045//1045 1044//1044
f 1037//1037 1038//1038 1046//1046
f 1037//1037 1046//1046 1045//1045
f 1038//1038 1039//1039 1047//1047
f 1038//1038 1047//1047 1046//1046
f 1039//1039 1032//1032 1040//1040
f 1039//1039 1040//1040 1047//1047
f 1040//1040 1041//1041 1049//1049
f 1040//1040 1049//1049 1048//1048
f 1041//1041 1042//1042 1050//1050
f 1041//1041 1050//1050 1049//1049
f 1042//1042 1043//1043 1051//1051
f 1042//1042 1051//1051 1050//1050
f 1043//1043 1044//1044 1052//1052
f 1043//1043 1052//1052 1051//1051
f 1044//1044 1045//1045 1053//1053
f 1044//1044 1053//1053 1052//1052
f 1045//1045 1046//1046 1054//1054
f 1045//1045 1054//1054 1053//1053
f 1046//1046 1047//1047 1055//1055
f 1046//1046 1055//1055 1054//1054
f 1047//1047 1040//1040 1048//1048
f 1047//1047 1048//1048 1055//1055
f 1056//1056 1048//1048 1049//1049
f 1056//1056 1049//1049 1050//1050
f 1056//1056 1050//1050 1051//1051
f 1056//1056 1051//1051 1052//1052
f 1056//1056 1052//1052 1053//1053
f 1056//1056 1053//1053 1054//1054
f 1056//1056 1054//1054 1055//1055
f 1056//1056 1055//1055 1048//1048
f 1057//1057 1058//1058 1064//1064
f 1057//1057 1064//1064 1063//1063
f 1058//1058 1059//1059 1065//1065
f 1058//1058 1065//1065 1064//1064
f 1059//1059 1060//1060 1066//1066
f 1059//1059 1066//1066 1065//1065
f 1060//1060 1061//1061 1067//1067
f 1060//1060 1067//1067 1066//1066
f 1061//1061 1062//1062 1068//1068
f 1061//1061 1068//1068 1067//1067
f 1062//1062 1057//1057 1063//1063
f 1062//1062 1063//1063 1068//1068
f 1057//1057 1059//1059 1058//1058
f 1057//1057 1060//1060 1059//1059
f 1057//1057 1061//1061 1060//1060
f 1057//1057 1062//1062 1061//1061
f 1063//1063 1064//1064 1065//1065
f 1063//1063 1065//1065 1066//1066
f 1063//1063 1066//1066 1067//1067
f 1063//1063 1067//1067 1068//1068
f 1069//1069 1070//1070 1076//1076
f 1069//1069 1076//1076 1075//1075
f 1070//1070 1071//1071 1077//1077
f 1070//1070 1077//1077 1076//1076
f 1071//1071 1072//1072 1078//1078
f 1071//1071 1078//1078 1077//1077
f 1072//1072 1073//1073 1079//1079
f 1072//1072 1079//1079 1078//1078
f 1073//1073 1074//1074 1080//1080
f 1073//1073 1080//1080 1079//1079
f 1074//1074 1069//1069 1075//1075
f 1074//1074 1075//1075 1080//1080
f 1069//1069 1071//1071 1070//1070
f 1069//1069 1072//1072 1071//1071
f 1069//1069 1073//1073 1072//1072
f 1069//1069 1074//1074 1073//1073
f 1075//1075 1076//1076 1077//1077
f 1075//1075 1077//1077 1078//1078
f 1075//1075 1078//1078 1079//1079
f 1075//1075 1079//1079 1080//1080
f 1081//1081 1082//1082 1088//1088
f 1081//1081 1088//1088 1087//1087
f 1082//1082 1083//1083 1089//1089
f 1082//1082 1089//1089 1088//1088
f 1083//1083 1084//1084 1090//1090
f 1083//1083 1090//1090 1089//1089
f 1084//1084 1085//1085 1091//1091
f 1084//1084 1091//1091 1090//1090
f 1085//1085 1086//1086 1092//1092
f 1085//1085 1092//1092 1091//1091
f 1086//1086 1081//1081 1087//1087
f 1086//1086 1087//1087 1092//1092
f 1081//1081 1083//1083 1082//1082
f 1081//1081 1084//1084 1083//1083
f 1081//1081 1085//1085 1084//1084
f 1081//1081 1086//1086 1085//1085
f 1087//1087 1088//1088 1089//1089
f 1087//1087 1089//1089 1090//1090
f 1087//1087 1090//1090 1091//1091
f 1087//1087 1091//1091 1092//1092
f 1093//1093 1094//1094 1100//1100
f 1093//1093 1100//1100 1099//1099
f 1094//1094 1095//1095 1101//1101
f 1094//1094 1101//1101 1100//1100
f 1095//1095 1096//1096 1102//1102
f 1095//1095 1102//1102 1101//1101
f 1096//1096 1097//1097 1103//1103
f 1096//1096 1103//1103 1102//1102
f 1097//1097 1098//1098 1104//1104
f 1097//1097 1104//1104 1103//1103
f 1098//1098 1093//1093 1099//1099
f 1098//1098 1099//1099 1104//1104
f 1093//1093 1095//1095 1094//1094
f 1093//1093 1096//1096 1095//1095
f 1093//1093 1097//1097 1096//1096
f 1093//1093 1098//1098 1097//1097
f 1099//1099 1100//1100 1101//1101
f 1099//1099 1101//1101 1102//1102
f 1099//1099 1102//1102 1103//1103
f 1099//1099 1103//1103 1104//1104
f 1105//1105 1106//1106 1112//1112
f 1105//1105 1112//1112 1111//1111
f 1106//1106 1107//1107 1113//1113
f 1106//1106 1113//1113 1112//1112
f 1107//1107 1108//1108 1114//1114
f 1107//1107 1114//1114 1113//1113
f 1108//1108 1109//1109 1115//1115
f 1108//1108 1115//1115 1114//1114
f 1109//1109 1110//1110 1116//1116
f 1109//1109 1116//1116 1115//1115
f 1110//1110 1105//1105 1111//1111
f 1110//1110 1111//1111 1116//1116
f 1105//1105 1107//1107 1106//1106
f 1105//1105 1108//1108 1107//1107
f 1105//1105 1109//1109 1108//1108
f 1105//1105 1110//1110 1109//1109
f 1111//1111 1112//1112 1113//1113
f 1111//1111 1113//1113 1114//1114
f 1111//1111 1114//1114 1115//1115
f 1111//1111 1115//1115 1116//1116
f 1117//1117 1118//1118 1124//1124
f 1117//1117 1124//1124 1123//1123
f 1118//1118 1119//1119 1125//1125
f 1118//1118 1125//1125 1124//1124
f 1119//1119 1120//1120 1126//1126
f 1119//1119 1126//1126 1125//1125
f 1120//1120 1121//1121 1127//1127
f 1120//1120 1127//1127 1126//1126
f 1121//1121 1122//1122 1128//1128
f 1121//1121 1128//1128 1127//1127
f 1122//1122 1117//1117 1123//1123
f 1122//1122 1123//1123 1128//1128
f 1117//1117 1119//1119 1118//1118
f 1117//1117 1120//1120 1119//1119
f 1117//1117 1121//1121 1120//1120
f 1117//1117 1122//1122 1121//1121
f 1123//1123 1124//1124 1125//1125
f 1123//1123 1125//1125 1126//1126
f 1123//1123 1126//1126 1127//1127
f 1123//1123 1127//1127 1128//1128
f 1129//1129 1130//1130 1136//1136
f 1129//1129 1136//1136 1135//1135
f 1130//1130 1131//1131 1137//1137
f 1130//1130 1137//1137 1136//1136
f 1131//1131 1132//1132 1138//1138
f 1131//1131 1138//1138 1137//1137
f 1132//1132 1133//1133 1139//1139
f 1132//1132 1139//1139 1138//1138
f 1133//1133 1134//1134 1140//1140
f 1133//1133 1140//1140 1139//1139
f 1134//1134 1129//1129 1135//1135
f 1134//1134 1135//1135 1140//1140
f 1129//1129 1131//1131 1130//1130
f 1129//1129 1132//1132 1131//1131
f 1129//1129 1133//1133 1132//1132
f 1129//1129 1134//1134 1133//1133
f 1135//1135 1136//1136 1137//1137
f 1135//1135 1137//1137 1138//1138
f 1135//1135 1138//1138 1139//1139
f 1135//1135 1139//1139 1140//1140
f 1141//1141 1142//1142 1148//1148
f 1141//1141 1148//1148 1147//1147
f 1142//1142 1143//1143 1149//1149
f 1142//1142 1149//1149 1148//1148
f 1143//1143 1144//1144 1150//1150
f 1143//1143 1150//1150 1149//1149
f 1144//1144 1145//1145 1151//1151
f 1144//1144 1151//1151 1150//1150
f 1145//1145 1146//1146 1152//1152
f 1145//1145 1152//1152 1151//1151
f 1146//1146 1141//1141 1147//1147
f 1146//1146 1147//1147 1152//1152
f 1141//1141 1143//1143 1142//1142
f 1141//1141 1144//1144 1143//1143
f 1141//1141 1145//1145 1144//1144
f 1141//1141 1146//1146 1145//1145
f 1147//1147 1148//1148 1149//1149
f 1147//1147 1149//1149 1150//1150
f 1147//1147 1150//1150 1151//1151
f 1147//1147 1151//1151 1152//1152
f 1153//1153 1154//1154 1160//1160
f 1153//1153 1160//1160 1159//1159
f 1154//1154 1155//1155 1161//1161
f 1154//1154 1161//1161 1160//1160
f 1155//1155 1156//1156 1162//1162
f 1155//1155 1162//1162 1161//1161
f 1156//1156 1157//1157 1163//1163
f 1156//1156 1163//1163 1162//1162
f 1157//1157 1158//1158 1164//1164
f 1157//1157 1164//1164 1163//1163
f 1158//1158 1153//1153 1159//1159
f 1158//1158 1159//1159 1164//1164
f 1153//1153 1155//1155 1154//1154
f 1153//1153 1156//1156 1155//1155
f 1153//1153 1157//1157 1156//1156
f 1153//1153 1158//1158 1157//1157
f 1159//1159 1160//1160 1161//1161
f 1159//1159 1161//1161 1162//1162
f 1159//1159 1162//1162 1163//1163
f 1159//1159 1163//1163 1164//1164
f 1165//1165 1166//1166 1172//1172
f 1165//1165 1172//1172 1171//1171
f 1166//1166 1167//1167 1173//1173
f 1166//1166 1173//1173 1172//1172
f 1167//1167 1168//1168 1174//1174
f 1167//1167 1174//1174 1173//1173
f 1168//1168 1169//1169 1175//1175
f 1168//1168 1175//1175 1174//1174
f 1169//1169 1170//1170 1176//1176
f 1169//1169 1176//1176 1175//1175
f 1170//1170 1165//1165 1171//1171
f 1170//1170 1171//1171 1176//1176
f 1165//1165 1167//1167 1166//1166
f 1165//1165 1168//1168 1167//1167
f 1165//1165 1169//1169 1168//1168
f 1165//1165 1170//1170 1169//1169
f 1171//1171 1172//1172 1173//1173
f 1171//1171 1173//1173 1174//1174
f 1171//1171 1174//1174 1175//1175
f 1171//1171 1175//1175 1176//1176
f 1177//1177 1178//1178 1184//1184
f 1177//1177 1184//1184 1183//1183
f 1178//1178 1179//1179 1185//1185
f 1178//1178 1185//1185 1184//1184
f 1179//1179 1180//1180 1186//1186
f 1179//1179 1186//1186 1185//1185
f 1180//1180 1181//1181 1187//1187
f 1180//1180 1187//1187 1186//1186
f 1181//1181 1182//1182 1188//1188
f 1181//1181 1188//1188 1187//1187
f 1182//1182 1177//1177 1183//1183
f 1182//1182 1183//1183 1188//1188
f 1177//1177 1179//1179 1178//1178
f 1177//1177 1180//1180 1179//1179
f 1177//1177 1181//1181 1180//1180
f 1177//1177 1182//1182 1181//1181
f 1183//1183 1184//1184 1185//1185
f 1183//1183 1185//1185 1186//1186
f 1183//1183 1186//1186 1187//1187
f 1183//1183 1187//1187 1188//1188
f 1189//1189 1190//1190 1196//1196
f 1189//1189 1196//1196 1195//1195
f 1190//1190 1191//1191 1197//1197
f 1190//1190 1197//1197 1196//1196
f 1191//1191 1192//1192 1198//1198
f 1191//1191 1198//1198 1197//1197
f 1192//1192 1193//1193 1199//1199
f 1192//1192 1199//1199 1198//1198
f 1193//1193 1194//1194 1200//1200
f 1193//1193 1200//1200 1199//1199
f 1194//1194 1189//1189 1195//1195
f 1194//1194 1195//1195 1200//1200
f 1189//1189 1191//1191 1190//1190
f 1189//1189 1192//1192 1191//1191
f 1189//1189 1193//1193 1192//1192
f 1189//1189 1194//1194 1193//1193
f 1195//1195 1196//1196 1197//1197
f 1195//1195 1197//1197 1198//1198
f 1195//1195 1198//1198 1199//1199
f 1195//1195 1199//1199 1200//1200
f 1201//1201 1203//1203 1202//1202
f 1201//1201 1204//1204 1203//1203
f 1201//1201 1205//1205 1204//1204
f 1201//1201 1206//1206 1205//1205
f 1201//1201 1207//1207 1206//1206
f 1201//1201 1208//1208 1207//1207
f 1201//1201 1209//1209 1208//1208
f 1201//1201 1202//1202 1209//1209
f 1202//1202 1203//1203 1211//1211
f 1202//1202 1211//1211 1210//1210
f 1203//1203 1204//1204 1212//1212
f 1203//1203 1212//1212 1211//1211
f 1204//1204 1205//1205 1213//1213
f 1204//1204 1213//1213 1212//1212
f 1205//1205 1206//1206 1214//1214
f 1205//1205 1214//1214 1213//1213
f 1206//1206 1207//1207 1215//1215
f 1206//1206 1215//1215 1214//1214
f 1207//1207 1208//1208 1216//1216
f 1207//1207 1216//1216 1215//1215
f 1208//1208 1209//1209 1217//1217
f 1208//1208 1217//1217 1216//1216
f 1209//1209 1202//1202 1210//1210
f 1209//1209 1210//1210 1217//1217
f 1210//1210 1211//1211 1219//1219
f 1210//1210 1219//1219 1218//1218
f 1211//1211 1212//1212 1220//1220
f 1211//1211 1220//1220 1219//1219
f 1212//1212 1213//1213 1221//1221
f 1212//1212 1221//1221 1220//1220
f 1213//1213 1214//1214 1222//1222
f 1213//1213 1222//1222 1221//1221
f 1214//1214 1215//1215 1223//1223
f 1214//1214 1223//1223 1222//1222
f 1215//1215 1216//1216 1224//1224
f 1215//1215 1224//1224 1223//1223
f 1216//1216 1217//1217 1225//1225
f 1216//1216 1225//1225 1224//1224
f 1217//1217 1210//1210 1218//1218
f 1217//1217 1218//1218 1225//1225
f 1218//1218 1219//1219 1227//1227
f 1218//1218 1227//1227 1226//1226
f 1219//1219 1220//1220 1228//1228
f 1219//1219 1228//1228 1227//1227
f 1220//1220 1221//1221 1229//1229
f 1220//1220 1229//1229 1228//1228
f 1221//1221 1222//1222 1230//1230
f 1221//1221 1230//1230 1229//1229
f 1222//1222 1223//1223 1231//1231
f 1222//1222 1231//1231 1230//1230
f 1223//1223 1224//1224 1232//1232
f 1223//1223 1232//1232 1231//1231
f 1224//1224 1225//1225 1233//1233
f 1224//1224 1233//1233 1232//1232
f 1225//1225 1218//1218 1226//1226
f 1225//1225 1226//1226 1233//1233
f 1234//1234 1226//1226 1227//1227
f 1234//1234 1227//1227 1228//1228
f 1234//1234 1228//1228 1229//1229
f 1234//1234 1229//1229 1230//1230
f 1234//1234 1230//1230 1231//1231
f 1234//1234 1231//1231 1232//1232
f 1234//1234 1232//1232 1233//1233
f 1234//1234 1233//1233 1226//1226
f 1235//1235 1236//1236 1242//1242
f 1235//1235 1242//1242 1241//1241
f 1236//1236 1237//1237 1243//1243
f 1236//1236 1243//1243 1242//1242
f 1237//1237 1238//1238 1244//1244
f 1237//1237 1244//1244 1243//1243
f 1238//1238 1239//1239 1245//1245
f 1238//1238 1245//1245 1244//1244
f 1239//1239 1240//1240 1246//1246
f 1239//1239 1246//1246 1245//1245
f 1240//1240 1235//1235 1241//1241
f 1240//1240 1241//1241 1246//1246
f 1235//1235 1237//1237 1236//1236
f 1235//1235 1238//1238 1237//1237
f 1235//1235 1239//1239 1238//1238
f 1235//1235 1240//1240 1239//1239
f 1241//1241 1242//1242 1243//1243
f 1241//1241 1243//1243 1244//1244
f 1241//1241 1244//1244 1245//1245
f 1241//1241 1245//1245 1246//1246
f 1247//1247 1248//1248 1254//1254
f 1247//1247 1254//1254 1253//1253
f 1248//1248 1249//1249 1255//1255
f 1248//1248 1255//1255 1254//1254
f 1249//1249 1250//1250 1256//1256
f 1249//1249 1256//1256 1255//1255
f 1250//1250 1251//1251 1257//1257
f 1250//1250 1257//1257 1256//1256
f 1251//1251 1252//1252 1258//1258
f 1251//1251 1258//1258 1257//1257
f 1252//1252 1247//1247 1253//1253
f 1252//1252 1253//1253 1258//1258
f 1247//1247 1249//1249 1248//1248
f 1247//1247 1250//1250 1249//1249
f 1247//1247 1251//1251 1250//1250
f 1247//1247 1252//1252 1251//1251
f 1253//1253 1254//1254 1255//1255
f 1253//1253 1255//1255 1256//1256
f 1253//1253 1256//1256 1257//1257
f 1253//1253 1257//1257 1258//1258
f 1259//1259 1260//1260 1266//1266
f 1259//1259 1266//1266 1265//1265
f 1260//1260 1261//1261 1267//1267
f 1260//1260 1267//1267 1266//1266
f 1261//1261 1262//1262 1268//1268
f 1261//1261 1268//1268 1267//1267
f 1262//1262 1263//1263 1269//1269
f 1262//1262 1269//1269 1268//1268
f 1263//1263 1264//1264 1270//1270
f 1263//1263 1270//1270 1269//1269
f 1264//1264 1259//1259 1265//1265
f 1264//1264 1265//1265 1270//1270
f 1259//1259 1261//1261 1260//1260
f 1259//1259 1262//1262 1261//1261
f 1259//1259 1263//1263 1262//1262
f 1259//1259 1264//1264 1263//1263
f 1265//1265 1266//1266 1267//1267
f 1265//1265 1267//1267 1268//1268
f 1265//1265 1268//1268 1269//1269
f 1265//1265 1269//1269 1270//1270
f 1271//1271 1272//1272 1278//1278
f 1271//1271 1278//1278 1277//1277
f 1272//1272 1273//1273 1279//1279
f 1272//1272 1279//1279 1278//1278
f 1273//1273 1274//1274 1280//1280
f 1273//1273 1280//1280 1279//1279
f 1274//1274 1275//1275 1281//1281
f 1274//1274 1281//1281 1280//1280
f 1275//1275 1276//1276 1282//1282
f 1275//1275 1282//1282 1281//1281
f 1276//1276 1271//1271 1277//1277
f 1276//1276 1277//1277 1282//1282
f 1271//1271 1273//1273 1272//1272
f 1271//1271 1274//1274 1273//1273
f 1271//1271 1275//1275 1274//1274
f 1271//1271 1276//1276 1275//1275
f 1277//1277 1278//1278 1279//1279
f 1277//1277 1279//1279 1280//1280
f 1277//1277 1280//1280 1281//1281
f 1277//1277 1281//1281 1282//1282
f 1283//1283 1284//1284 1290//1290
f 1283//1283 1290//1290 1289//1289
f 1284//1284 1285//1285 1291//1291
f 1284//1284 1291//1291 1290//1290
f 1285//1285 1286//1286 1292//1292
f 1285//1285 1292//1292 1291//1291
f 1286//1286 1287//1287 1293//1293
f 1286//1286 1293//1293 1292//1292
f 1287//1287 1288//1288 1294//1294
f 1287//1287 1294//1294 1293//1293
f 1288//1288 1283//1283 1289//1289
f 1288//1288 1289//1289 1294//1294
f 1283//1283 1285//1285 1284//1284
f 1283//1283 1286//1286 1285//1285
f 1283//1283 1287//1287 1286//1286
f 1283//1283 1288//1288 1287//1287
f 1289//1289 1290//1290 1291//1291
f 1289//1289 1291//1291 1292//1292
f 1289//1289 1292//1292 1293//1293
f 1289//1289 1293//1293 1294//1294
f 1295//1295 1296//1296 1302//1302
f 1295//1295 1302//1302 1301//1301
f 1296//1296 1297//1297 1303//1303
f 1296//1296 1303//1303 1302//1302
f 1297//1297 1298//1298 1304//1304
f 1297//1297 1304//1304 1303//1303
f 1298//1298 1299//1299 1305//1305
f 1298//1298 1305//1305 1304//1304
f 1299//1299 1300//1300 1306//1306
f 1299//1299 1306//1306 1305//1305
f 1300//1300 1295//1295 1301//1301
f 1300//1300 1301//1301 1306//1306
f 1295//1295 1297//1297 1296//1296
f 1295//1295 1298//1298 1297//1297
f 1295//1295 1299//1299 1298//1298
f 1295//1295 1300//1300 1299//1299
f 1301//1301 1302//1302 1303//1303
f 1301//1301 1303//1303 1304//1304
f 1301//1301 1304//1304 1305//1305
f 1301//1301 1305//1305 1306//1306
f 1307//1307 1308//1308 1314//1314
f 1307//1307 1314//1314 1313//1313
f 1308//1308 1309//1309 1315//1315
f 1308//1308 1315//1315 1314//1314
f 1309//1309 1310//1310 1316//1316
f 1309//1309 1316//1316 1315//1315
f 1310//1310 1311//1311 1317//1317
f 1310//1310 1317//1317 1316//1316
f 1311//1311 1312//1312 1318//1318
f 1311//1311 1318//1318 1317//1317
f 1312//1312 1307//1307 1313//1313
f 1312//1312 1313//1313 1318//1318
f 1307//1307 1309//1309 1308//1308
f 1307//1307 1310//1310 1309//1309
f 1307//1307 1311//1311 1310//1310
f 1307//1307 1312//1312 1311//1311
f 1313//1313 1314//1314 1315//1315
f 1313//1313 1315//1315 1316//1316
f 1313//1313 1316//1316 1317//1317
f 1313//1313 1317//1317 1318//1318
f 1319//1319 1320//1320 1326//1326
f 1319//1319 1326//1326 1325//1325
f 1320//1320 1321//1321 1327//1327
f 1320//1320 1327//1327 1326//1326
f 1321//1321 1322//1322 1328//1328
f 1321//1321 1328//1328 1327//1327
f 1322//1322 1323//1323 1329//1329
f 1322//1322 1329//1329 1328//1328
f 1323//1323 1324//1324 1330//1330
f 1323//1323 1330//1330 1329//1329
f 1324//1324 1319//1319 1325//1325
f 1324//1324 1325//1325 1330//1330
f 1319//1319 1321//1321 1320//1320
f 1319//1319 1322//1322 1321//1321
f 1319//1319 1323//1323 1322//1322
f 1319//1319 1324//1324 1323//1323
f 1325//1325 1326//1326 1327//1327
f 1325//1325 1327//1327 1328//1328
f 1325//1325 1328//1328 1329//1329
f 1325//1325 1329//1329 1330//1330
f 1331//1331 1332//1332 1338//1338
f 1331//1331 1338//1338 1337//1337
f 1332//1332 1333//1333 1339//1339
f 1332//1332 1339//1339 1338//1338
f 1333//1333 1334//1334 1340//1340
f 1333//1333 1340//1340 1339//1339
f 1334//1334 1335//1335 1341//1341
f 1334//1334 1341//1341 1340//1340
f 1335//1335 1336//1336 1342//1342
f 1335//1335 1342//1342 1341//1341
f 1336//1336 1331//1331 1337//1337
f 1336//1336 1337//1337 1342//1342
f 1331//1331 1333//1333 1332//1332
f 1331//1331 1334//1334 1333//1333
f 1331//1331 1335//1335 1334//1334
f 1331//1331 1336//1336 1335//1335
f 1337//1337 1338//1338 1339//1339
f 1337//1337 1339//1339 1340//1340
f 1337//1337 1340//1340 1341//1341
f 1337//1337 1341//1341 1342//1342
f 1343//1343 1344//1344 1350//1350
f 1343//1343 1350//1350 1349//1349
f 1344//1344 1345//1345 1351//1351
f 1344//1344 1351//1351 1350//1350
f 1345//1345 1346//1346 1352//1352
f 1345//1345 1352//1352 1351//1351
f 1346//1346 1347//1347 1353//1353
f 1346//1346 1353//1353 1352//1352
f 1347//1347 1348//1348 1354//1354
f 1347//1347 1354//1354 1353//1353
f 1348//1348 1343//1343 1349//1349
f 1348//1348 1349//1349 1354//1354
f 1343//1343 1345//1345 1344//1344
f 1343//1343 1346//1346 1345//1345
f 1343//1343 1347//1347 1346//1346
f 1343//1343 1348//1348 1347//1347
f 1349//1349 1350//1350 1351//1351
f 1349//1349 1351//1351 1352//1352
f 1349//1349 1352//1352 1353//1353
f 1349//1349 1353//1353 1354//1354
f 1355//1355 1356//1356 1362//1362
f 1355//1355 1362//1362 1361//1361
f 1356//1356 1357//1357 1363//1363
f 1356//1356 1363//1363 1362//1362
f 1357//1357 1358//1358 1364//1364
f 1357//1357 1364//1364 1363//1363
f 1358//1358 1359//1359 1365//1365
f 1358//1358 1365//1365 1364//1364
f 1359//1359 1360//1360 1366//1366
f 1359//1359 1366//1366 1365//1365
f 1360//1360 1355//1355 1361//1361
f 1360//1360 1361//1361 1366//1366
f 1355//1355 1357//1357 1356//1356
f 1355//1355 1358//1358 1357//1357
f 1355//1355 1359//1359 1358//1358
f 1355//1355 1360//1360 1359//1359
f 1361//1361 1362//1362 1363//1363
f 1361//1361 1363//1363 1364//1364
f 1361//1361 1364//1364 1365//1365
f 1361//1361 1365//1365 1366//1366
f 1367//1367 1368//1368 1374//1374
f 1367//1367 1374//1374 1373//1373
f 1368//1368 1369//1369 1375//1375
f 1368//1368 1375//1375 1374//1374
f 1369//1369 1370//1370 1376//1376
f 1369//1369 1376//1376 1375//1375
f 1370//1370 1371//1371 1377//1377
f 1370//1370 1377//1377 1376//1376
f 1371//1371 1372//1372 1378//1378
f 1371//1371 1378//1378 1377//1377
f 1372//1372 1367//1367 1373//1373
f 1372//1372 1373//1373 1378//1378
f 1367//1367 1369//1369 1368//1368
f 1367//1367 1370//1370 1369//1369
f 1367//1367 1371//1371 1370//1370
f 1367//1367 1372//1372 1371//1371
f 1373//1373 1374//1374 1375//1375
f 1373//1373 1375//1375 1376//1376
f 1373//1373 1376//1376 1377//1377
f 1373//1373 1377//1377 1378//1378
f 1379//1379 1381//1381 1380//1380
f 1379//1379 1382//1382 1381//1381
f 1379//1379 1383//1383 1382//1382
f 1379//1379 1384//1384 1383//1383
f 1379//1379 1385//1385 1384//1384
f 1379//1379 1386//1386 1385//1385
f 1379//1379 1387//1387 1386//1386
f 1379//1379 1380//1380 1387//1387
f 1380//1380 1381//1381 1389//1389
f 1380//1380 1389//1389 1388//1388
f 1381//1381 1382//1382 1390//1390
f 1381//1381 1390//1390 1389//1389
f 1382//1382 1383//1383 1391//1391
f 1382//1382 1391//1391 1390//1390
f 1383//1383 1384//1384 1392//1392
f 1383//1383 1392//1392 1391//1391
f 1384//1384 1385//1385 1393//1393
f 1384//1384 1393//1393 1392//1392
f 1385//1385 1386//1386 1394//1394
f 1385//1385 1394//1394 1393//1393
f 1386//1386 1387//1387 1395//1395
f 1386//1386 1395//1395 1394//1394
f 1387//1387 1380//1380 1388//1388
f 1387//1387 1388//1388 1395//1395
f 1388//1388 1389//1389 1397//1397
f 1388//1388 1397//1397 1396//1396
f 1389//1389 1390//1390 1398//1398
f 1389//1389 1398//1398 1397//1397
f 1390//1390 1391//1391 1399//1399
f 1390//1390 1399//1399 1398//1398
f 1391//1391 1392//1392 1400//1400
f 1391//1391 1400//1400 1399//1399
f 1392//1392 1393//1393 1401//1401
f 1392//1392 1401//1401 1400//1400
f 1393//1393 1394//1394 1402//1402
f 1393//1393 1402//1402 1401//1401
f 1394//1394 1395//1395 1403//1403
f 1394//1394 1403//1403 1402//1402
f 1395//1395 1388//1388 1396//1396
f 1395//1395 1396//1396 1403//1403
f 1396//1396 1397//1397 1405//1405
f 1396//1396 1405//1405 1404//1404
f 1397//1397 1398//1398 1406//1406
f 1397//1397 1406//1406 1405//1405
f 1398//1398 1399//1399 1407//1407
f 1398//1398 1407//1407 1406//1406
f 1399//1399 1400//1400 1408//1408
f 1399//1399 1408//1408 1407//1407
f 1400//1400 1401//1401 1409//1409
f 1400//1400 1409//1409 1408//1408
f 1401//1401 1402//1402 1410//1410
f 1401//1401 1410//1410 1409//1409
f 1402//1402 1403//1403 1411//1411
f 1402//1402 1411//1411 1410//1410
f 1403//1403 1396//1396 1404//1404
f 1403//1403 1404//1404 1411//1411
f 1412//1412 1404//1404 1405//1405
f 1412//1412 1405//1405 1406//1406
f 1412//1412 1406//1406 1407//1407
f 1412//1412 1407//1407 1408//1408
f 1412//1412 1408//1408 1409//1409
f 1412//1412 1409//1409 1410//1410
f 1412//1412 1410//1410 1411//1411
f 1412//1412 1411//1411 1404//1404
f 1413//1413 1414//1414 1420//1420
f 1413//1413 1420//1420 1419//1419
f 1414//1414 1415//1415 1421//1421
f 1414//1414 1421//1421 1420//1420
f 1415//1415 1416//1416 1422//1422
f 1415//1415 1422//1422 1421//1421
f 1416//1416 1417//1417 1423//1423
f 1416//1416 1423//1423 1422//1422
f 1417//1417 1418//1418 1424//1424
f 1417//1417 1424//1424 1423//1423
f 1418//1418 1413//1413 1419//1419
f 1418//1418 1419//1419 1424//1424
f 1413//1413 1415//1415 1414//1414
f 1413//1413 1416//1416 1415//1415
f 1413//1413 1417//1417 1416//1416
f 1413//1413 1418//1418 1417//1417
f 1419//1419 1420//1420 1421//1421
f 1419//1419 1421//1421 1422//1422
f 1419//1419 1422//1422 1423//1423
f 1419//1419 1423//1423 1424//1424
f 1425//1425 1426//1426 1432//1432
f 1425//1425 1432//1432 1431//1431
f 1426//1426 1427//1427 1433//1433
f 1426//1426 1433//1433 1432//1432
f 1427//1427 1428//1428 1434//1434
f 1427//1427 1434//1434 1433//1433
f 1428//1428 1429//1429 1435//1435
f 1428//1428 1435//1435 1434//1434
f 1429//1429 1430//1430 1436//1436
f 1429//1429 1436//1436 1435//1435
f 1430//1430 1425//1425 1431//1431
f 1430//1430 1431//1431 1436//1436
f 1425//1425 1427//1427 1426//1426
f 1425//1425 1428//1428 1427//1427
f 1425//1425 1429//1429 1428//1428
f 1425//1425 1430//1430 1429//1429
f 1431//1431 1432//1432 1433//1433
f 1431//1431 1433//1433 1434//1434
f 1431//1431 1434//1434 1435//1435
f 1431//1431 1435//1435 1436//1436
f 1437//1437 1438//1438 1444//1444
f 1437//1437 1444//1444 1443//1443
f 1438//1438 1439//1439 1445//1445
f 1438//1438 1445//1445 1444//1444
f 1439//1439 1440//1440 1446//1446
f 1439//1439 1446//1446 1445//1445
f 1440//1440 1441//1441 1447//1447
f 1440//1440 1447//1447 1446//1446
f 1441//1441 1442//1442 1448//1448
f 1441//1441 1448//1448 1447//1447
f 1442//1442 1437//1437 1443//1443
f 1442//1442 1443//1443 1448//1448
f 1437//1437 1439//1439 1438//1438
f 1437//1437 1440//1440 1439//1439
f 1437//1437 1441//1441 1440//1440
f 1437//1437 1442//1442 1441//1441
f 1443//1443 1444//1444 1445//1445
f 1443//1443 1445//1445 1446//1446
f 1443//1443 1446//1446 1447//1447
f 1443//1443 1447//1447 1448//1448
f 1449//1449 1450//1450 1456//1456
f 1449//1449 1456//1456 1455//1455
f 1450//1450 1451//1451 1457//1457
f 1450//1450 1457//1457 1456//1456
f 1451//1451 1452//1452 1458//1458
f 1451//1451 1458//1458 1457//1457
f 1452//1452 1453//1453 1459//1459
f 1452//1452 1459//1459 1458//1458
f 1453//1453 1454//1454 1460//1460
f 1453//1453 1460//1460 1459//1459
f 1454//1454 1449//1449 1455//1455
f 1454//1454 1455//1455 1460//1460
f 1449//1449 1451//1451 1450//1450
f 1449//1449 1452//1452 1451//1451
f 1449//1449 1453//1453 1452//1452
f 1449//1449 1454//1454 1453//1453
f 1455//1455 1456//1456 1457//1457
f 1455//1455 1457//1457 1458//1458
f 1455//1455 1458//1458 1459//1459
f 1455//1455 1459//1459 1460//1460
f 1461//1461 1462//1462 1468//1468
f 1461//1461 1468//1468 1467//1467
f 1462//1462 1463//1463 1469//1469
f 1462//1462 1469//1469 1468//1468
f 1463//1463 1464//1464 1470//1470
f 1463//1463 1470//1470 1469//1469
f 1464//1464 1465//1465 1471//1471
f 1464//1464 1471//1471 1470//1470
f 1465//1465 1466//1466 1472//1472
f 1465//1465 1472//1472 1471//1471
f 1466//1466 1461//1461 1467//1467
f 1466//1466 1467//1467 1472//1472
f 1461//1461 1463//1463 1462//1462
f 1461//1461 1464//1464 1463//1463
f 1461//1461 1465//1465 1464//1464
f 1461//1461 1466//1466 1465//1465
f 1467//1467 1468//1468 1469//1469
f 1467//1467 1469//1469 1470//1470
f 1467//1467 1470//1470 1471//1471
f 1467//1467 1471//1471 1472//1472
f 1473//1473 1474//1474 1480//1480
f 1473//1473 1480//1480 1479//1479
f 1474//1474 1475//1475 1481//1481
f 1474//1474 1481//1481 1480//1480
f 1475//1475 1476//1476 1482//1482
f 1475//1475 1482//1482 1481//1481
f 1476//1476 1477//1477 1483//1483
f 1476//1476 1483//1483 1482//1482
f 1477//1477 1478//1478 1484//1484
f 1477//1477 1484//1484 1483//1483
f 1478//1478 1473//1473 1479//1479
f 1478//1478 1479//1479 1484//1484
f 1473//1473 1475//1475 1474//1474
f 1473//1473 1476//1476 1475//1475
f 1473//1473 1477//1477 1476//1476
f 1473//1473 1478//1478 1477//1477
f 1479//1479 1480//1480 1481//1481
f 1479//1479 1481//1481 1482//1482
f 1479//1479 1482//1482 1483//1483
f 1479//1479 1483//1483 1484//1484
f 1485//1485 1486//1486 1492//1492
f 1485//1485 1492//1492 1491//1491
f 1486//1486 1487//1487 1493//1493
f 1486//1486 1493//1493 1492//1492
f 1487//1487 1488//1488 1494//1494
f 1487//1487 1494//1494 1493//1493
f 1488//1488 1489//1489 1495//1495
f 1488//1488 1495//1495 1494//1494
f 1489//1489 1490//1490 1496//1496
f 1489//1489 1496//1496 1495//1495
f 1490//1490 1485//1485 1491//1491
f 1490//1490 1491//1491 1496//1496
f 1485//1485 1487//1487 1486//1486
f 1485//1485 1488//1488 1487//1487
f 1485//1485 1489//1489 1488//1488
f 1485//1485 1490//1490 1489//1489
f 1491//1491 1492//1492 1493//1493
f 1491//1491 1493//1493 1494//1494
f 1491//1491 1494//1494 1495//1495
f 1491//1491 1495//1495 1496//1496
f 1497//1497 1498//1498 1504//1504
f 1497//1497 1504//1504 1503//1503
f 1498//1498 1499//1499 1505//1505
f 1498//1498 1505//1505 1504//1504
f 1499//1499 1500//1500 1506//1506
f 1499//1499 1506//1506 1505//1505
f 1500//1500 1501//1501 1507//1507
f 1500//1500 1507//1507 1506//1506
f 1501//1501 1502//1502 1508//1508
f 1501//1501 1508//1508 1507//1507
f 1502//1502 1497//1497 1503//1503
f 1502//1502 1503//1503 1508//1508
f 1497//1497 1499//1499 1498//1498
f 1497//1497 1500//1500 1499//1499
f 1497//1497 1501//1501 1500//1500
f 1497//1497 1502//1502 1501//1501
f 1503//1503 1504//1504 1505//1505
f 1503//1503 1505//1505 1506//1506
f 1503//1503 1506//1506 1507//1507
f 1503//1503 1507//1507 1508//1508
f 1509//1509 1510//1510 1516//1516
f 1509//1509 1516//1516 1515//1515
f 1510//1510 1511//1511 1517//1517
f 1510//1510 1517//1517 1516//1516
f 1511//1511 1512//1512 1518//1518
f 1511//1511 1518//1518 1517//1517
f 1512//1512 1513//1513 1519//1519
f 1512//1512 1519//1519 1518//1518
f 1513//1513 1514//1514 1520//1520
f 1513//1513 1520//1520 1519//1519
f 1514//1514 1509//1509 1515//1515
f 1514//1514 1515//1515 1520//1520
f 1509//1509 1511//1511 1510//1510
f 1509//1509 1512//1512 1511//1511
f 1509//1509 1513//1513 1512//1512
f 1509//1509 1514//1514 1513//1513
f 1515//1515 1516//1516 1517//1517
f 1515//1515 1517//1517 1518//1518
f 1515//1515 1518//1518 1519//1519
f 1515//1515 1519//1519 1520//1520
f 1521//1521 1522//1522 1528//1528
f 1521//1521 1528//1528 1527//1527
f 1522//1522 1523//1523 1529//1529
f 1522//1522 1529//1529 1528//1528
f 1523//1523 1524//1524 1530//1530
f 1523//1523 1530//1530 1529//1529
f 1524//1524 1525//1525 1531//1531
f 1524//1524 1531//1531 1530//1530
f 1525//1525 1526//1526 1532//1532
f 1525//1525 1532//1532 1531//1531
f 1526//1526 1521//1521 1527//1527
f 1526//1526 1527//1527 1532//1532
f 1521//1521 1523//1523 1522//1522
f 1521//1521 1524//1524 1523//1523
f 1521//1521 1525//1525 1524//1524
f 1521//1521 1526//1526 1525//1525
f 1527//1527 1528//1528 1529//1529
f 1527//1527 1529//1529 1530//1530
f 1527//1527 1530//1530 1531//1531
f 1527//1527 1531//1531 1532//1532
f 1533//1533 1534//1534 1540//1540
f 1533//1533 1540//1540 1539//1539
f 1534//1534 1535//1535 1541//1541
f 1534//1534 1541//1541 1540//1540
f 1535//1535 1536//1536 1542//1542
f 1535//1535 1542//1542 1541//1541
f 1536//1536 1537//1537 1543//1543
f 1536//1536 1543//1543 1542//1542
f 1537//1537 1538//1538 1544//1544
f 1537//1537 1544//1544 1543//1543
f 1538//1538 1533//1533 1539//1539
f 1538//1538 1539//1539 1544//1544
f 1533//1533 1535//1535 1534//1534
f 1533//1533 1536//1536 1535//1535
f 1533//1533 1537//1537 1536//1536
f 1533//1533 1538//1538 1537//1537
f 1539//1539 1540//1540 1541//1541
f 1539//1539 1541//1541 1542//1542
f 1539//1539 1542//1542 1543//1543
f 1539//1539 1543//1543 1544//1544
f 1545//1545 1546//1546 1552//1552
f 1545//1545 1552//1552 1551//1551
f 1546//1546 1547//1547 1553//1553
f 1546//1546 1553//1553 1552//1552
f 1547//1547 1548//1548 1554//1554
f 1547//1547 1554//1554 1553//1553
f 1548//1548 1549//1549 1555//1555
f 1548//1548 1555//1555 1554//1554
f 1549//1549 1550//1550 1556//1556
f 1549//1549 1556//1556 1555//1555
f 1550//1550 1545//1545 1551//1551
f 1550//1550 1551//1551 1556//1556
f 1545//1545 1547//1547 1546//1546
f 1545//1545 1548//1548 1547//1547
f 1545//1545 1549//1549 1548//1548
f 1545//1545 1550//1550 1549//1549
f 1551//1551 1552//1552 1553//1553
f 1551//1551 1553//1553 1554//1554
f 1551//1551 1554//1554 1555//1555
f 1551//1551 1555//1555 1556//1556
f 1557//1557 1559//1559 1558//1558
f 1557//1557 1560//1560 1559//1559
f 1557//1557 1561//1561 1560//1560
f 1557//1557 1562//1562 1561//1561
f 1557//1557 1563//1563 1562//1562
f 1557//1557 1564//1564 1563//1563
f 1557//1557 1565//1565 1564//1564
f 1557//1557 1558//1558 1565//1565
f 1558//1558 1559//1559 1567//1567
f 1558//1558 1567//1567 1566//1566
f 1559//1559 1560//1560 1568//1568
f 1559//1559 1568//1568 1567//1567
f 1560//1560 1561//1561 1569//1569
f 1560//1560 1569//1569 1568//1568
f 1561//1561 1562//1562 1570//1570
f 1561//1561 1570//1570 1569//1569
f 1562//1562 1563//1563 1571//1571
f 1562//1562 1571//1571 1570//1570
f 1563//1563 1564//1564 1572//1572
f 1563//1563 1572//1572 1571//1571
f 1564//1564 1565//1565 1573//1573
f 1564//1564 1573//1573 1572//1572
f 1565//1565 1558//1558 1566//1566
f 1565//1565 1566//1566 1573//1573
f 1566//1566 1567//1567 1575//1575
f 1566//1566 1575//1575 1574//1574
f 1567//1567 1568//1568 1576//1576
f 1567//1567 1576//1576 1575//1575
f 1568//1568 1569//1569 1577//1577
f 1568//1568 1577//1577 1576//1576
f 1569//1569 1570//1570 1578//1578
f 1569//1569 1578//1578 1577//1577
f 1570//1570 1571//1571 1579//1579
f 1570//1570 1579//1579 1578//1578
f 1571//1571 1572//1572 1580//1580
f 1571//1571 1580//1580 1579//1579
f 1572//1572 1573//1573 1581//1581
f 1572//1572 1581//1581 1580//1580
f 1573//1573 1566//1566 1574//1574
f 1573//1573 1574//1574 1581//1581
f 1574//1574 1575//1575 1583//1583
f 1574//1574 1583//1583 1582//1582
f 1575//1575 1576//1576 1584//1584
f 1575//1575 1584//1584 1583//1583
f 1576//1576 1577//1577 1585//1585
f 1576//1576 1585//1585 1584//1584
f 1577//1577 1578//1578 1586//1586
f 1577//1577 1586//1586 1585//1585
f 1578//1578 1579//1579 1587//1587
f 1578//1578 1587//1587 1586//1586
f 1579//1579 1580//1580 1588//1588
f 1579//1579 1588//1588 1587//1587
f 1580//1580 1581//1581 1589//1589
f 1580//1580 1589//1589 1588//1588
f 1581//1581 1574//1574 1582//1582
f 1581//1581 1582//1582 1589//1589
f 1590//1590 1582//1582 1583//1583
f 1590//1590 1583//1583 1584//1584
f 1590//1590 1584//1584 1585//1585
f 1590//1590 1585//1585 1586//1586
f 1590//1590 1586//1586 1587//1587
f 1590//1590 1587//1587 1588//1588
f 1590//1590 1588//1588 1589//1589
f 1590//1590 1589//1589 1582//1582
f 1591//1591 1592//1592 1598//1598
f 1591//1591 1598//1598 1597//1597
f 1592//1592 1593//1593 1599//1599
f 1592//1592 1599//1599 1598//1598
f 1593//1593 1594//1594 1600//1600
f 1593//1593 1600//1600 1599//1599
f 1594//1594 1595//1595 1601//1601
f 1594//1594 1601//1601 1600//1600
f 1595//1595 1596//1596 1602//1602
f 1595//1595 1602//1602 1601//1601
f 1596//1596 1591//1591 1597//1597
f 1596//1596 1597//1597 1602//1602
f 1591//1591 1593//1593 1592//1592
f 1591//1591 1594//1594 1593//1593
f 1591//1591 1595//1595 1594//1594
f 1591//1591 1596//1596 1595//1595
f 1597//1597 1598//1598 1599//1599
f 1597//1597 1599//1599 1600//1600
f 1597//1597 1600//1600 1601//1601
f 1597//1597 1601//1601 1602//1602
f 1603//1603 1604//1604 1610//1610
f 1603//1603 1610//1610 1609//1609
f 1604//1604 1605//1605 1611//1611
f 1604//1604 1611//1611 1610//1610
f 1605//1605 1606//1606 1612//1612
f 1605//1605 1612//1612 1611//1611
f 1606//1606 1607//1607 1613//1613
f 1606//1606 1613//1613 1612//1612
f 1607//1607 1608//1608 1614//1614
f 1607//1607 1614//1614 1613//1613
f 1608//1608 1603//1603 1609//1609
f 1608//1608 1609//1609 1614//1614
f 1603//1603 1605//1605 1604//1604
f 1603//1603 1606//1606 1605//1605
f 1603//1603 1607//1607 1606//1606
f 1603//1603 1608//1608 1607//1607
f 1609//1609 1610//1610 1611//1611
f 1609//1609 1611//1611 1612//1612
f 1609//1609 1612//1612 1613//1613
f 1609//1609 1613//1613 1614//1614
f 1615//1615 1616//1616 1622//1622
f 1615//1615 1622//1622 1621//1621
f 1616//1616 1617//1617 1623//1623
f 1616//1616 1623//1623 1622//1622
f 1617//1617 1618//1618 1624//1624
f 1617//1617 1624//1624 1623//1623
f 1618//1618 1619//1619 1625//1625
f 1618//1618 1625//1625 1624//1624
f 1619//1619 1620//1620 1626//1626
f 1619//1619 1626//1626 1625//1625
f 1620//1620 1615//1615 1621//1621
f 1620//1620 1621//1621 1626//1626
f 1615//1615 1617//1617 1616//1616
f 1615//1615 1618//1618 1617//1617
f 1615//1615 1619//1619 1618//1618
f 1615//1615 1620//1620 1619//1619
f 1621//1621 1622//1622 1623//1623
f 1621//1621 1623//1623 1624//1624
f 1621//1621 1624//1624 1625//1625
f 1621//1621 1625//1625 1626//1626
f 1627//1627 1628//1628 1634//1634
f 1627//1627 1634//1634 1633//1633
f 1628//1628 1629//1629 1635//1635
f 1628//1628 1635//1635 1634//1634
f 1629//1629 1630//1630 1636//1636
f 1629//1629 1636//1636 1635//1635
f 1630//1630 1631//1631 1637//1637
f 1630//1630 1637//1637 1636//1636
f 1631//1631 1632//1632 1638//1638
f 1631//1631 1638//1638 1637//1637
f 1632//1632 1627//1627 1633//1633
f 1632//1632 1633//1633 1638//1638
f 1627//1627 1629//1629 1628//1628
f 1627//1627 1630//1630 1629//1629
f 1627//1627 1631//1631 1630//1630
f 1627//1627 1632//1632 1631//1631
f 1633//1633 1634//1634 1635//1635
f 1633//1633 1635//1635 1636//1636
f 1633//1633 1636//1636 1637//1637
f 1633//1633 1637//1637 1638//1638
f 1639//1639 1640//1640 1646//1646
f 1639//1639 1646//1646 1645//1645
f 1640//1640 1641//1641 1647//1647
f 1640//1640 1647//1647 1646//1646
f 1641//1641 1642//1642 1648//1648
f 1641//1641 1648//1648 1647//1647
f 1642//1642 1643//1643 1649//1649
f 1642//1642 1649//1649 1648//1648
f 1643//1643 1644//1644 1650//1650
f 1643//1643 1650//1650 1649//1649
f 1644//1644 1639//1639 1645//1645
f 1644//1644 1645//1645 1650//1650
f 1639//1639 1641//1641 1640//1640
f 1639//1639 1642//1642 1641//1641
f 1639//1639 1643//1643 1642//1642
f 1639//1639 1644//1644 1643//1643
f 1645//1645 1646//1646 1647//1647
f 1645//1645 1647//1647 1648//1648
f 1645//1645 1648//1648 1649//1649
f 1645//1645 1649//1649 1650//1650
f 1651//1651 1652//1652 1658//1658
f 1651//1651 1658//1658 1657//1657
f 1652//1652 1653//1653 1659//1659
f 1652//1652 1659//1659 1658//1658
f 1653//1653 1654//1654 1660//1660
f 1653//1653 1660//1660 1659//1659
f 1654//1654 1655//1655 1661//1661
f 1654//1654 1661//1661 1660//1660
f 1655//1655 1656//1656 1662//1662
f 1655//1655 1662//1662 1661//1661
f 1656//1656 1651//1651 1657//1657
f 1656//1656 1657//1657 1662//1662
f 1651//1651 1653//1653 1652//1652
f 1651//1651 1654//1654 1653//1653
f 1651//1651 1655//1655 1654//1654
f 1651//1651 1656//1656 1655//1655
f 1657//1657 1658//1658 1659//1659
f 1657//1657 1659//1659 1660//1660
f 1657//1657 1660//1660 1661//1661
f 1657//1657 1661//1661 1662//1662
f 1663//1663 1664//1664 1670//1670
f 1663//1663 1670//1670 1669//1669
f 1664//1664 1665//1665 1671//1671
f 1664//1664 1671//1671 1670//1670
f 1665//1665 1666//1666 1672//1672
f 1665//1665 1672//1672 1671//1671
f 1666//1666 1667//1667 1673//1673
f 1666//1666 1673//1673 1672//1672
f 1667//1667 1668//1668 1674//1674
f 1667//1667 1674//1674 1673//1673
f 1668//1668 1663//1663 1669//1669
f 1668//1668 1669//1669 1674//1674
f 1663//1663 1665//1665 1664//1664
f 1663//1663 1666//1666 1665//1665
f 1663//1663 1667//1667 1666//1666
f 1663//1663 1668//1668 1667//1667
f 1669//1669 1670//1670 1671//1671
f 1669//1669 1671//1671 1672//1672
f 1669//1669 1672//1672 1673//1673
f 1669//1669 1673//1673 1674//1674
f 1675//1675 1676//1676 1682//1682
f 1675//1675 1682//1682 1681//1681
f 1676//1676 1677//1677 1683//1683
f 1676//1676 1683//1683 1682//1682
f 1677//1677 1678//1678 1684//1684
f 1677//1677 1684//1684 1683//1683
f 1678//1678 1679//1679 1685//1685
f 1678//1678 1685//1685 1684//1684
f 1679//1679 1680//1680 1686//1686
f 1679//1679 1686//1686 1685//1685
f 1680//1680 1675//1675 1681//1681
f 1680//1680 1681//1681 1686//1686
f 1675//1675 1677//1677 1676//1676
f 1675//1675 1678//1678 1677//1677
f 1675//1675 1679//1679 1678//1678
f 1675//1675 1680//1680 1679//1679
f 1681//1681 1682//1682 1683//1683
f 1681//1681 1683//1683 1684//1684
f 1681//1681 1684//1684 1685//1685
f 1681//1681 1685//1685 1686//1686
f 1687//1687 1688//1688 1694//1694
f 1687//1687 1694//1694 1693//1693
f 1688//1688 1689//1689 1695//1695
f 1688//1688 1695//1695 1694//1694
f 1689//1689 1690//1690 1696//1696
f 1689//1689 1696//1696 1695//1695
f 1690//1690 1691//1691 1697//1697
f 1690//1690 1697//1697 1696//1696
f 1691//1691 1692//1692 1698//1698
f 1691//1691 1698//1698 1697//1697
f 1692//1692 1687//1687 1693//1693
f 1692//1692 1693//1693 1698//1698
f 1687//1687 1689//1689 1688//1688
f 1687//1687 1690//1690 1689//1689
f 1687//1687 1691//1691 1690//1690
f 1687//1687 1692//1692 1691//1691
f 1693//1693 1694//1694 1695//1695
f 1693//1693 1695//1695 1696//1696
f 1693//1693 1696//1696 1697//1697
f 1693//1693 1697//1697 1698//1698
f 1699//1699 1700//1700 1706//1706
f 1699//1699 1706//1706 1705//1705
f 1700//1700 1701//1701 1707//1707
f 1700//1700 1707//1707 1706//1706
f 1701//1701 1702//1702 1708//1708
f 1701//1701 1708//1708 1707//1707
f 1702//1702 1703//1703 1709//1709
f 1702//1702 1709//1709 1708//1708
f 1703//1703 1704//1704 1710//1710
f 1703//1703 1710//1710 1709//1709
f 1704//1704 1699//1699 1705//1705
f 1704//1704 1705//1705 1710//1710
f 1699//1699 1701//1701 1700//1700
f 1699//1699 1702//1702 1701//1701
f 1699//1699 1703//1703 1702//1702
f 1699//1699 1704//1704 1703//1703
f 1705//1705 1706//1706 1707//1707
f 1705//1705 1707//1707 1708//1708
f 1705//1705 1708//1708 1709//1709
f 1705//1705 1709//1709 1710//1710
f 1711//1711 1712//1712 1718//1718
f 1711//1711 1718//1718 1717//1717
f 1712//1712 1713//1713 1719//1719
f 1712//1712 1719//1719 1718//1718
f 1713//1713 1714//1714 1720//1720
f 1713//1713 1720//1720 1719//1719
f 1714//1714 1715//1715 1721//1721
f 1714//1714 1721//1721 1720//1720
f 1715//1715 1716//1716 1722//1722
f 1715//1715 1722//1722 1721//1721
f 1716//1716 1711//1711 1717//1717
f 1716//1716 1717//1717 1722//1722
f 1711//1711 1713//1713 1712//1712
f 1711//1711 1714//1714 1713//1713
f 1711//1711 1715//1715 1714//1714
f 1711//1711 1716//1716 1715//1715
f 1717//1717 1718//1718 1719//1719
f 1717//1717 1719//1719 1720//1720
f 1717//1717 1720//1720 1721//1721
f 1717//1717 1721//1721 1722//1722
f 1723//1723 1724//1724 1730//1730
f 1723//1723 1730//1730 1729//1729
f 1724//1724 1725//1725 1731//1731
f 1724//1724 1731//1731 1730//1730
f 1725//1725 1726//1726 1732//1732
f 1725//1725 1732//1732 1731//1731
f 1726//1726 1727//1727 1733//1733
f 1726//1726 1733//1733 1732//1732
f 1727//1727 1728//1728 1734//1734
f 1727//1727 1734//1734 1733//1733
f 1728//1728 1723//1723 1729//1729
f 1728//1728 1729//1729 1734//1734
f 1723//1723 1725//1725 1724//1724
f 1723//1723 1726//1726 1725//1725
f 1723//1723 1727//1727 1726//1726
f 1723//1723 1728//1728 1727//1727
f 1729//1729 1730//1730 1731//1731
f 1729//1729 1731//1731 1732//1732
f 1729//1729 1732//1732 1733//1733
f 1729//1729 1733//1733 1734//1734
f 1735//1735 1737//1737 1736//1736
f 1735//1735 1738//1738 1737//1737
f 1735//1735 1739//1739 1738//1738
f 1735//1735 1740//1740 1739//1739
f 1735//1735 1741//1741 1740//1740
f 1735//1735 1742//1742 1741//1741
f 1735//1735 1743//1743 1742//1742
f 1735//1735 1736//1736 1743//1743
f 1736//1736 1737//1737 1745//1745
f 1736//1736 1745//1745 1744//1744
f 1737//1737 1738//1738 1746//1746
f 1737//1737 1746//1746 1745//1745
f 1738//1738 1739//1739 1747//1747
f 1738//1738 1747//1747 1746//1746
f 1739//1739 1740//1740 1748//1748
f 1739//1739 1748//1748 1747//1747
f 1740//1740 1741//1741 1749//1749
f 1740//1740 1749//1749 1748//1748
f 1741//1741 1742//1742 1750//1750
f 1741//1741 1750//1750 1749//1749
f 1742//1742 1743//1743 1751//1751
f 1742//1742 1751//1751 1750//1750
f 1743//1743 1736//1736 1744//1744
f 1743//1743 1744//1744 1751//1751
f 1744//1744 1745//1745 1753//1753
f 1744//1744 1753//1753 1752//1752
f 1745//1745 1746//1746 1754//1754
f 1745//1745 1754//1754 1753//1753
f 1746//1746 1747//1747 1755//1755
f 1746//1746 1755//1755 1754//1754
f 1747//1747 1748//1748 1756//1756
f 1747//1747 1756//1756 1755//1755
f 1748//1748 1749//1749 1757//1757
f 1748//1748 1757//1757 1756//1756
f 1749//1749 1750//1750 1758//1758
f 1749//1749 1758//1758 1757//1757
f 1750//1750 1751//1751 1759//1759
f 1750//1750 1759//1759 1758//1758
f 1751//1751 1744//1744 1752//1752
f 1751//1751 1752//1752 1759//1759
f 1752//1752 1753//1753 1761//1761
f 1752//1752 1761//1761 1760//1760
f 1753//1753 1754//1754 1762//1762
f 1753//1753 1762//1762 1761//1761
f 1754//1754 1755//1755 1763//1763
f 1754//1754 1763//1763 1762//1762
f 1755//1755 1756//1756 1764//1764
f 1755//1755 1764//1764 1763//1763
f 1756//1756 1757//1757 1765//1765
f 1756//1756 1765//1765 1764//1764
f 1757//1757 1758//1758 1766//1766
f 1757//1757 1766//1766 1765//1765
f 1758//1758 1759//1759 1767//1767
f 1758//1758 1767//1767 1766//1766
f 1759//1759 1752//1752 1760//1760
f 1759//1759 1760//1760 1767//1767
f 1768//1768 1760//1760 1761//1761
f 1768//1768 1761//1761 1762//1762
f 1768//1768 1762//1762 1763//1763
f 1768//1768 1763//1763 1764//1764
f 1768//1768 1764//1764 1765//1765
f 1768//1768 1765//1765 1766//1766
f 1768//1768 1766//1766 1767//1767
f 1768//1768 1767//1767 1760//1760
f 1769//1769 1770//1770 1776//1776
f 1769//1769 1776//1776 1775//1775
f 1770//1770 1771//1771 1777//1777
f 1770//1770 1777//1777 1776//1776
f 1771//1771 1772//1772 1778//1778
f 1771//1771 1778//1778 1777//1777
f 1772//1772 1773//1773 1779//1779
f 1772//1772 1779//1779 1778//1778
f 1773//1773 1774//1774 1780//1780
f 1773//1773 1780//1780 1779//1779
f 1774//1774 1769//1769 1775//1775
f 1774//1774 1775//1775 1780//1780
f 1769//1769 1771//1771 1770//1770
f 1769//1769 1772//1772 1771//1771
f 1769//1769 1773//1773 1772//1772
f 1769//1769 1774//1774 1773//1773
f 1775//1775 1776//1776 1777//1777
f 1775//1775 1777//1777 1778//1778
f 1775//1775 1778//1778 1779//1779
f 1775//1775 1779//1779 1780//1780
f 1781//1781 1782//1782 1788//1788
f 1781//1781 1788//1788 1787//1787
f 1782//1782 1783//1783 1789//1789
f 1782//1782 1789//1789 1788//1788
f 1783//1783 1784//1784 1790//1790
f 1783//1783 1790//1790 1789//1789
f 1784//1784 1785//1785 1791//1791
f 1784//1784 1791//1791 1790//1790
f 1785//1785 1786//1786 1792//1792
f 1785//1785 1792//1792 1791//1791
f 1786//1786 1781//1781 1787//1787
f 1786//1786 1787//1787 1792//1792
f 1781//1781 1783//1783 1782//1782
f 1781//1781 1784//1784 1783//1783
f 1781//1781 1785//1785 1784//1784
f 1781//1781 1786//1786 1785//1785
f 1787//1787 1788//1788 1789//1789
f 1787//1787 1789//1789 1790//1790
f 1787//1787 1790//1790 1791//1791
f 1787//1787 1791//1791 1792//1792
f 1793//1793 1794//1794 1800//1800
f 1793//1793 1800//1800 1799//1799
f 1794//1794 1795//1795 1801//1801
f 1794//1794 1801//1801 1800//1800
f 1795//1795 1796//1796 1802//1802
f 1795//1795 1802//1802 1801//1801
f 1796//1796 1797//1797 1803//1803
f 1796//1796 1803//1803 1802//1802
f 1797//1797 1798//1798 1804//1804
f 1797//1797 1804//1804 1803//1803
f 1798//1798 1793//1793 1799//1799
f 1798//1798 1799//1799 1804//1804
f 1793//1793 1795//1795 1794//1794
f 1793//1793 1796//1796 1795//1795
f 1793//1793 1797//1797 1796//1796
f 1793//1793 1798//1798 1797//1797
f 1799//1799 1800//1800 1801//1801
f 1799//1799 1801//1801 1802//1802
f 1799//1799 1802//1802 1803//1803
f 1799//1799 1803//1803 1804//1804
f 1805//1805 1806//1806 1812//1812
f 1805//1805 1812//1812 1811//1811
f 1806//1806 1807//1807 1813//1813
f 1806//1806 1813//1813 1812//1812
f 1807//1807 1808//1808 1814//1814
f 1807//1807 1814//1814 1813//1813
f 1808//1808 1809//1809 1815//1815
f 1808//1808 1815//1815 1814//1814
f 1809//1809 1810//1810 1816//1816
f 1809//1809 1816//1816 1815//1815
f 1810//1810 1805//1805 1811//1811
f 1810//1810 1811//1811 1816//1816
f 1805//1805 1807//1807 1806//1806
f 1805//1805 1808//1808 1807//1807
f 1805//1805 1809//1809 1808//1808
f 1805//1805 1810//1810 1809//1809
f 1811//1811 1812//1812 1813//1813
f 1811//1811 1813//1813 1814//1814
f 1811//1811 1814//1814 1815//1815
f 1811//1811 1815//1815 1816//1816
f 1817//1817 1818//1818 1824//1824
f 1817//1817 1824//1824 1823//1823
f 1818//1818 1819//1819 1825//1825
f 1818//1818 1825//1825 1824//1824
f 1819//1819 1820//1820 1826//1826
f 1819//1819 1826//1826 1825//1825
f 1820//1820 1821//1821 1827//1827
f 1820//1820 1827//1827 1826//1826
f 1821//1821 1822//1822 1828//1828
f 1821//1821 1828//1828 1827//1827
f 1822//1822 1817//1817 1823//1823
f 1822//1822 1823//1823 1828//1828
f 1817//1817 1819//1819 1818//1818
f 1817//1817 1820//1820 1819//1819
f 1817//1817 1821//1821 1820//1820
f 1817//1817 1822//1822 1821//1821
f 1823//1823 1824//1824 1825//1825
f 1823//1823 1825//1825 1826//1826
f 1823//1823 1826//1826 1827//1827
f 1823//1823 1827//1827 1828//1828
f 1829//1829 1830//1830 1836//1836
f 1829//1829 1836//1836 1835//1835
f 1830//1830 1831//1831 1837//1837
f 1830//1830 1837//1837 1836//1836
f 1831//1831 1832//1832 1838//1838
f 1831//1831 1838//1838 1837//1837
f 1832//1832 1833//1833 1839//1839
f 1832//1832 1839//1839 1838//1838
f 1833//1833 1834//1834 1840//1840
f 1833//1833 1840//1840 1839//1839
f 1834//1834 1829//1829 1835//1835
f 1834//1834 1835//1835 1840//1840
f 1829//1829 1831//1831 1830//1830
f 1829//1829 1832//1832 1831//1831
f 1829//1829 1833//1833 1832//1832
f 1829//1829 1834//1834 1833//1833
f 1835//1835 1836//1836 1837//1837
f 1835//1835 1837//1837 1838//1838
f 1835//1835 1838//1838 1839//1839
f 1835//1835 1839//1839 1840//1840
f 1841//1841 1842//1842 1848//1848
f 1841//1841 1848//1848 1847//1847
f 1842//1842 1843//1843 1849//1849
f 1842//1842 1849//1849 1848//1848
f 1843//1843 1844//1844 1850//1850
f 1843//1843 1850//1850 1849//1849
f 1844//1844 1845//1845 1851//1851
f 1844//1844 1851//1851 1850//1850
f 1845//1845 1846//1846 1852//1852
f 1845//1845 1852//1852 1851//1851
f 1846//1846 1841//1841 1847//1847
f 1846//1846 1847//1847 1852//1852
f 1841//1841 1843//1843 1842//1842
f 1841//1841 1844//1844 1843//1843
f 1841//1841 1845//1845 1844//1844
f 1841//1841 1846//1846 1845//1845
f 1847//1847 1848//1848 1849//1849
f 1847//1847 1849//1849 1850//1850
f 1847//1847 1850//1850 1851//1851
f 1847//1847 1851//1851 1852//1852
f 1853//1853 1854//1854 1860//1860
f 1853//1853 1860//1860 1859//1859
f 1854//1854 1855//1855 1861//1861
f 1854//1854 1861//1861 1860//1860
f 1855//1855 1856//1856 1862//1862
f 1855//1855 1862//1862 1861//1861
f 1856//1856 1857//1857 1863//1863
f 1856//1856 1863//1863 1862//1862
f 1857//1857 1858//1858 1864//1864
f 1857//1857 1864//1864 1863//1863
f 1858//1858 1853//1853 1859//1859
f 1858//1858 1859//1859 1864//1864
f 1853//1853 1855//1855 1854//1854
f 1853//1853 1856//1856 1855//1855
f 1853//1853 1857//1857 1856//1856
f 1853//1853 1858//1858 1857//1857
f 1859//1859 1860//1860 1861//1861
f 1859//1859 1861//1861 1862//1862
f 1859//1859 1862//1862 1863//1863
f 1859//1859 1863//1863 1864//1864
f 1865//1865 1866//1866 1872//1872
f 1865//1865 1872//1872 1871//1871
f 1866//1866 1867//1867 1873//1873
f 1866//1866 1873//1873 1872//1872
f 1867//1867 1868//1868 1874//1874
f 1867//1867 1874//1874 1873//1873
f 1868//1868 1869//1869 1875//1875
f 1868//1868 1875//1875 1874//1874
f 1869//1869 1870//1870 1876//1876
f 1869//1869 1876//1876 1875//1875
f 1870//1870 1865//1865 1871//1871
f 1870//1870 1871//1871 1876//1876
f 1865//1865 1867//1867 1866//1866
f 1865//1865 1868//1868 1867//1867
f 1865//1865 1869//1869 1868//1868
f 1865//1865 1870//1870 1869//1869
f 1871//1871 1872//1872 1873//1873
f 1871//1871 1873//1873 1874//1874
f 1871//1871 1874//1874 1875//1875
f 1871//1871 1875//1875 1876//1876
f 1877//1877 1878//1878 1884//1884
f 1877//1877 1884//1884 1883//1883
f 1878//1878 1879//1879 1885//1885
f 1878//1878 1885//1885 1884//1884
f 1879//1879 1880//1880 1886//1886
f 1879//1879 1886//1886 1885//1885
f 1880//1880 1881//1881 1887//1887
f 1880//1880 1887//1887 1886//1886
f 1881//1881 1882//1882 1888//1888
f 1881//1881 1888//1888 1887//1887
f 1882//1882 1877//1877 1883//1883
f 1882//1882 1883//1883 1888//1888
f 1877//1877 1879//1879 1878//1878
f 1877//1877 1880//1880 1879//1879
f 1877//1877 1881//1881 1880//1880
f 1877//1877 1882//1882 1881//1881
f 1883//1883 1884//1884 1885//1885
f 1883//1883 1885//1885 1886//1886
f 1883//1883 1886//1886 1887//1887
f 1883//1883 1887//1887 1888//1888
f 1889//1889 1890//1890 1896//1896
f 1889//1889 1896//1896 1895//1895
f 1890//1890 1891//1891 1897//1897
f 1890//1890 1897//1897 1896//1896
f 1891//1891 1892//1892 1898//1898
f 1891//1891 1898//1898 1897//1897
f 1892//1892 1893//1893 1899//1899
f 1892//1892 1899//1899 1898//1898
f 1893//1893 1894//1894 1900//1900
f 1893//1893 1900//1900 1899//1899
f 1894//1894 1889//1889 1895//1895
f 1894//1894 1895//1895 1900//1900
f 1889//1889 1891//1891 1890//1890
f 1889//1889 1892//1892 1891//1891
f 1889//1889 1893//1893 1892//1892
f 1889//1889 1894//1894 1893//1893
f 1895//1895 1896//1896 1897//1897
f 1895//1895 1897//1897 1898//1898
f 1895//1895 1898//1898 1899//1899
f 1895//1895 1899//1899 1900//1900
f 1901//1901 1902//1902 1908//1908
f 1901//1901 1908//1908 1907//1907
f 1902//1902 1903//1903 1909//1909
f 1902//1902 1909//1909 1908//1908
f 1903//1903 1904//1904 1910//1910
f 1903//1903 1910//1910 1909//1909
f 1904//1904 1905//1905 1911//1911
f 1904//1904 1911//1911 1910//1910
f 1905//1905 1906//1906 1912//1912
f 1905//1905 1912//1912 1911//1911
f 1906//1906 1901//1901 1907//1907
f 1906//1906 1907//1907 1912//1912
f 1901//1901 1903//1903 1902//1902
f 1901//1901 1904//1904 1903//1903
f 1901//1901 1905//1905 1904//1904
f 1901//1901 1906//1906 1905//1905
f 1907//1907 1908//1908 1909//1909
f 1907//1907 1909//1909 1910//1910
f 1907//1907 1910//1910 1911//1911
f 1907//1907 1911//1911 1912//1912
f 1913//1913 1915//1915 1914//1914
f 1913//1913 1916//1916 1915//1915
f 1913//1913 1917//1917 1916//1916
f 1913//1913 1918//1918 1917//1917
f 1913//1913 1919//1919 1918//1918
f 1913//1913 1920//1920 1919//1919
f 1913//1913 1921//1921 1920//1920
f 1913//1913 1914//1914 1921//1921
f 1914//1914 1915//1915 1923//1923
f 1914//1914 1923//1923 1922//1922
f 1915//1915 1916//1916 1924//1924
f 1915//1915 1924//1924 1923//1923
f 1916//1916 1917//1917 1925//1925
f 1916//1916 1925//1925 1924//1924
f 1917//1917 1918//1918 1926//1926
f 1917//1917 1926//1926 1925//1925
f 1918//1918 1919//1919 1927//1927
f 1918//1918 1927//1927 1926//1926
f 1919//1919 1920//1920 1928//1928
f 1919//1919 1928//1928 1927//1927
f 1920//1920 1921//1921 1929//1929
f 1920//1920 1929//1929 1928//1928
f 1921//1921 1914//1914 1922//1922
f 1921//1921 1922//1922 1929//1929
f 1922//1922 1923//1923 1931//1931
f 1922//1922 1931//1931 1930//1930
f 1923//1923 1924//1924 1932//1932
f 1923//1923 1932//1932 1931//1931
f 1924//1924 1925//1925 1933//1933
f 1924//1924 1933//1933 1932//1932
f 1925//1925 1926//1926 1934//1934
f 1925//1925 1934//1934 1933//1933
f 1926//1926 1927//1927 1935//1935
f 1926//1926 1935//1935 1934//1934
f 1927//1927 1928//1928 1936//1936
f 1927//1927 1936//1936 1935//1935
f 1928//1928 1929//1929 1937//1937
f 1928//1928 1937//1937 1936//1936
f 1929//1929 1922//1922 1930//1930
f 1929//1929 1930//1930 1937//1937
f 1930//1930 1931//1931 1939//1939
f 1930//1930 1939//1939 1938//1938
f 1931//1931 1932//1932 1940//1940
f 1931//1931 1940//1940 1939//1939
f 1932//1932 1933//1933 1941//1941
f 1932//1932 1941//1941 1940//1940
f 1933//1933 1934//1934 1942//1942
f 1933//1933 1942//1942 1941//1941
f 1934//1934 1935//1935 1943//1943
f 1934//1934 1943//1943 1942//1942
f 1935//1935 1936//1936 1944//1944
f 1935//1935 1944//1944 1943//1943
f 1936//1936 1937//1937 1945//1945
f 1936//1936 1945//1945 1944//1944
f 1937//1937 1930//1930 1938//1938
f 1937//1937 1938//1938 1945//1945
f 1946//1946 1938//1938 1939//1939
f 1946//1946 1939//1939 1940//1940
f 1946//1946 1940//1940 1941//1941
f 1946//1946 1941//1941 1942//1942
f 1946//1946 1942//1942 1943//1943
f 1946//1946 1943//1943 1944//1944
f 1946//1946 1944//1944 1945//1945
f 1946//1946 1945//1945 1938//1938
f 1947//1947 1948//1948 1954//1954
f 1947//1947 1954//1954 1953//1953
f 1948//1948 1949//1949 1955//1955
f 1948//1948 1955//1955 1954//1954
f 1949//1949 1950//1950 1956//1956
f 1949//1949 1956//1956 1955//1955
f 1950//1950 1951//1951 1957//1957
f 1950//1950 1957//1957 1956//1956
f 1951//1951 1952//1952 1958//1958
f 1951//1951 1958//1958 1957//1957
f 1952//1952 1947//1947 1953//1953
f 1952//1952 1953//1953 1958//1958
f 1947//1947 1949//1949 1948//1948
f 1947//1947 1950//1950 1949//1949
f 1947//1947 1951//1951 1950//1950
f 1947//1947 1952//1952 1951//1951
f 1953//1953 1954//1954 1955//1955
f 1953//1953 1955//1955 1956//1956
f 1953//1953 1956//1956 1957//1957
f 1953//1953 1957//1957 1958//1958
f 1959//1959 1960//1960 1966//1966
f 1959//1959 1966//1966 1965//1965
f 1960//1960 1961//1961 1967//1967
f 1960//1960 1967//1967 1966//1966
f 1961//1961 1962//1962 1968//1968
f 1961//1961 1968//1968 1967//1967
f 1962//1962 1963//1963 1969//1969
f 1962//1962 1969//1969 1968//1968
f 1963//1963 1964//1964 1970//1970
f 1963//1963 1970//1970 1969//1969
f 1964//1964 1959//1959 1965//1965
f 1964//1964 1965//1965 1970//1970
f 1959//1959 1961//1961 1960//1960
f 1959//1959 1962//1962 1961//1961
f 1959//1959 1963//1963 1962//1962
f 1959//1959 1964//1964 1963//1963
f 1965//1965 1966//1966 1967//1967
f 1965//1965 1967//1967 1968//1968
f 1965//1965 1968//1968 1969//1969
f 1965//1965 1969//1969 1970//1970
f 1971//1971 1972//1972 1978//1978
f 1971//1971 1978//1978 1977//1977
f 1972//1972 1973//1973 1979//1979
f 1972//1972 1979//1979 1978//1978
f 1973//1973 1974//1974 1980//1980
f 1973//1973 1980//1980 1979//1979
f 1974//1974 1975//1975 1981//1981
f 1974//1974 1981//1981 1980//1980
f 1975//1975 1976//1976 1982//1982
f 1975//1975 1982//1982 1981//1981
f 1976//1976 1971//1971 1977//1977
f 1976//1976 1977//1977 1982//1982
f 1971//1971 1973//1973 1972//1972
f 1971//1971 1974//1974 1973//1973
f 1971//1971 1975//1975 1974//1974
f 1971//1971 1976//1976 1975//1975
f 1977//1977 1978//1978 1979//1979
f 1977//1977 1979//1979 1980//1980
f 1977//1977 1980//1980 1981//1981
f 1977//1977 1981//1981 1982//1982
f 1983//1983 1984//1984 1990//1990
f 1983//1983 1990//1990 1989//1989
f 1984//1984 1985//1985 1991//1991
f 1984//1984 1991//1991 1990//1990
f 1985//1985 1986//1986 1992//1992
f 1985//1985 1992//1992 1991//1991
f 1986//1986 1987//1987 1993//1993
f 1986//1986 1993//1993 1992//1992
f 1987//1987 1988//1988 1994//1994
f 1987//1987 1994//1994 1993//1993
f 1988//1988 1983//1983 1989//1989
f 1988//1988 1989//1989 1994//1994
f 1983//1983 1985//1985 1984//1984
f 1983//1983 1986//1986 1985//1985
f 1983//1983 1987//1987 1986//1986
f 1983//1983 1988//1988 1987//1987
f 1989//1989 1990//1990 1991//1991
f 1989//1989 1991//1991 1992//1992
f 1989//1989 1992//1992 1993//1993
f 1989//1989 1993//1993 1994//1994
f 1995//1995 1996//1996 2002//2002
f 1995//1995 2002//2002 2001//2001
f 1996//1996 1997//1997 2003//2003
f 1996//1996 2003//2003 2002//2002
f 1997//1997 1998//1998 2004//2004
f 1997//1997 2004//2004 2003//2003
f 1998//1998 1999//1999 2005//2005
f 1998//1998 2005//2005 2004//2004
f 1999//1999 2000//2000 2006//2006
f 1999//1999 2006//2006 2005//2005
f 2000//2000 1995//1995 2001//2001
f 2000//2000 2001//2001 2006//2006
f 1995//1995 1997//1997 1996//1996
f 1995//1995 1998//1998 1997//1997
f 1995//1995 1999//1999 1998//1998
f 1995//1995 2000//2000 1999//1999
f 2001//2001 2002//2002 2003//2003
f 2001//2001 2003//2003 2004//2004
f 2001//2001 2004//2004 2005//2005
f 2001//2001 2005//2005 2006//2006
f 2007//2007 2008//2008 2014//2014
f 2007//2007 2014//2014 2013//2013
f 2008//2008 2009//2009 2015//2015
f 2008//2008 2015//2015 2014//2014
f 2009//2009 2010//2010 2016//2016
f 2009//2009 2016//2016 2015//2015
f 2010//2010 2011//2011 2017//2017
f 2010//2010 2017//2017 2016//2016
f 2011//2011 2012//2012 2018//2018
f 2011//2011 2018//2018 2017//2017
f 2012//2012 2007//2007 2013//2013
f 2012//2012 2013//2013 2018//2018
f 2007//2007 2009//2009 2008//2008
f 2007//2007 2010//2010 2009//2009
f 2007//2007 2011//2011 2010//2010
f 2007//2007 2012//2012 2011//2011
f 2013//2013 2014//2014 2015//2015
f 2013//2013 2015//2015 2016//2016
f 2013//2013 2016//2016 2017//2017
f 2013//2013 2017//2017 2018//2018
f 2019//2019 2020//2020 2026//2026
f 2019//2019 2026//2026 2025//2025
f 2020//2020 2021//2021 2027//2027
f 2020//2020 2027//2027 2026//2026
f 2021//2021 2022//2022 2028//2028
f 2021//2021 2028//2028 2027//2027
f 2022//2022 2023//2023 2029//2029
f 2022//2022 2029//2029 2028//2028
f 2023//2023 2024//2024 2030//2030
f 2023//2023 2030//2030 2029//2029
f 2024//2024 2019//2019 2025//2025
f 2024//2024 2025//2025 2030//2030
f 2019//2019 2021//2021 2020//2020
f 2019//2019 2022//2022 2021//2021
f 2019//2019 2023//2023 2022//2022
f 2019//2019 2024//2024 2023//2023
f 2025//2025 2026//2026 2027//2027
f 2025//2025 2027//2027 2028//2028
f 2025//2025 2028//2028 2029//2029
f 2025//2025 2029//2029 2030//2030
f 2031//2031 2032//2032 2038//2038
f 2031//2031 2038//2038 2037//2037
f 2032//2032 2033//2033 2039//2039
f 2032//2032 2039//2039 2038//2038
f 2033//2033 2034//2034 2040//2040
f 2033//2033 2040//2040 2039//2039
f 2034//2034 2035//2035 2041//2041
f 2034//2034 2041//2041 2040//2040
f 2035//2035 2036//2036 2042//2042
f 2035//2035 2042//2042 2041//2041
f 2036//2036 2031//2031 2037//2037
f 2036//2036 2037//2037 2042//2042
f 2031//2031 2033//2033 2032//2032
f 2031//2031 2034//2034 2033//2033
f 2031//2031 2035//2035 2034//2034
f 2031//2031 2036//2036 2035//2035
f 2037//2037 2038//2038 2039//2039
f 2037//2037 2039//2039 2040//2040
f 2037//2037 2040//2040 2041//2041
f 2037//2037 2041//2041 2042//2042
f 2043//2043 2044//2044 2050//2050
f 2043//2043 2050//2050 2049//2049
f 2044//2044 2045//2045 2051//2051
f 2044//2044 2051//2051 2050//2050
f 2045//2045 2046//2046 2052//2052
f 2045//2045 2052//2052 2051//2051
f 2046//2046 2047//2047 2053//2053
f 2046//2046 2053//2053 2052//2052
f 2047//2047 2048//2048 2054//2054
f 2047//2047 2054//2054 2053//2053
f 2048//2048 2043//2043 2049//2049
f 2048//2048 2049//2049 2054//2054
f 2043//2043 2045//2045 2044//2044
f 2043//2043 2046//2046 2045//2045
f 2043//2043 2047//2047 2046//2046
f 2043//2043 2048//2048 2047//2047
f 2049//2049 2050//2050 2051//2051
f 2049//2049 2051//2051 2052//2052
f 2049//2049 2052//2052 2053//2053
f 2049//2049 2053//2053 2054//2054
f 2055//2055 2056//2056 2062//2062
f 2055//2055 2062//2062 2061//2061
f 2056//2056 2057//2057 2063//2063
f 2056//2056 2063//2063 2062//2062
f 2057//2057 2058//2058 2064//2064
f 2057//2057 2064//2064 2063//2063
f 2058//2058 2059//2059 2065//2065
f 2058//2058 2065//2065 2064//2064
f 2059//2059 2060//2060 2066//2066
f 2059//2059 2066//2066 2065//2065
f 2060//2060 2055//2055 2061//2061
f 2060//2060 2061//2061 2066//2066
f 2055//2055 2057//2057 2056//2056
f 2055//2055 2058//2058 2057//2057
f 2055//2055 2059//2059 2058//2058
f 2055//2055 2060//2060 2059//2059
f 2061//2061 2062//2062 2063//2063
f 2061//2061 2063//2063 2064//2064
f 2061//2061 2064//2064 2065//2065
f 2061//2061 2065//2065 2066//2066
f 2067//2067 2068//2068 2074//2074
f 2067//2067 2074//2074 2073//2073
f 2068//2068 2069//2069 2075//2075
f 2068//2068 2075//2075 2074//2074
f 2069//2069 2070//2070 2076//2076
f 2069//2069 2076//2076 2075//2075
f 2070//2070 2071//2071 2077//2077
f 2070//2070 2077//2077 2076//2076
f 2071//2071 2072//2072 2078//2078
f 2071//2071 2078//2078 2077//2077
f 2072//2072 2067//2067 2073//2073
f 2072//2072 2073//2073 2078//2078
f 2067//2067 2069//2069 2068//2068
f 2067//2067 2070//2070 2069//2069
f 2067//2067 2071//2071 2070//2070
f 2067//2067 2072//2072 2071//2071
f 2073//2073 2074//2074 2075//2075
f 2073//2073 2075//2075 2076//2076
f 2073//2073 2076//2076 2077//2077
f 2073//2073 2077//2077 2078//2078
f 2079//2079 2080//2080 2086//2086
f 2079//2079 2086//2086 2085//2085
f 2080//2080 2081//2081 2087//2087
f 2080//2080 2087//2087 2086//2086
f 2081//2081 2082//2082 2088//2088
f 2081//2081 2088//2088 2087//2087
f 2082//2082 2083//2083 2089//2089
f 2082//2082 2089//2089 2088//2088
f 2083//2083 2084//2084 2090//2090
f 2083//2083 2090//2090 2089//2089
f 2084//2084 2079//2079 2085//2085
f 2084//2084 2085//2085 2090//2090
f 2079//2079 2081//2081 2080//2080
f 2079//2079 2082//2082 2081//2081
f 2079//2079 2083//2083 2082//2082
f 2079//2079 2084//2084 2083//2083
f 2085//2085 2086//2086 2087//2087
f 2085//2085 2087//2087 2088//2088
f 2085//2085 2088//2088 2089//2089
f 2085//2085 2089//2089 2090//2090
f 2091//2091 2093//2093 2092//2092
f 2091//2091 2094//2094 2093//2093
f 2091//2091 2095//2095 2094//2094
f 2091//2091 2096//2096 2095//2095
f 2091//2091 2097//2097 2096//2096
f 2091//2091 2098//2098 2097//2097
f 2091//2091 2099//2099 2098//2098
f 2091//2091 2092//2092 2099//2099
f 2092//2092 2093//2093 2101//2101
f 2092//2092 2101//2101 2100//2100
f 2093//2093 2094//2094 2102//2102
f 2093//2093 2102//2102 2101//2101
f 2094//2094 2095//2095 2103//2103
f 2094//2094 2103//2103 2102//2102
f 2095//2095 2096//2096 2104//2104
f 2095//2095 2104//2104 2103//2103
f 2096//2096 2097//2097 2105//2105
f 2096//2096 2105//2105 2104//2104
f 2097//2097 2098//2098 2106//2106
f 2097//2097 2106//2106 2105//2105
f 2098//2098 2099//2099 2107//2107
f 2098//2098 2107//2107 2106//2106
f 2099//2099 2092//2092 2100//2100
f 2099//2099 2100//2100 2107//2107
f 2100//2100 2101//2101 2109//2109
f 2100//2100 2109//2109 2108//2108
f 2101//2101 2102//2102 2110//2110
f 2101//2101 2110//2110 2109//2109
f 2102//2102 2103//2103 2111//2111
f 2102//2102 2111//2111 2110//2110
f 2103//2103 2104//2104 2112//2112
f 2103//2103 2112//2112 2111//2111
f 2104//2104 2105//2105 2113//2113
f 2104//2104 2113//2113 2112//2112
f 2105//2105 2106//2106 2114//2114
f 2105//2105 2114//2114 2113//2113
f 2106//2106 2107//2107 2115//2115
f 2106//2106 2115//2115 2114//2114
f 2107//2107 2100//2100 2108//2108
f 2107//2107 2108//2108 2115//2115
f 2108//2108 2109//2109 2117//2117
f 2108//2108 2117//2117 2116//2116
f 2109//2109 2110//2110 2118//2118
f 2109//2109 2118//2118 2117//2117
f 2110//2110 2111//2111 2119//2119
f 2110//2110 2119//2119 2118//2118
f 2111//2111 2112//2112 2120//2120
f 2111//2111 2120//2120 2119//2119
f 2112//2112 2113//2113 2121//2121
f 2112//2112 2121//2121 2120//2120
f 2113//2113 2114//2114 2122//2122
f 2113//2113 2122//2122 2121//2121
f 2114//2114 2115//2115 2123//2123
f 2114//2114 2123//2123 2122//2122
f 2115//2115 2108//2108 2116//2116
f 2115//2115 2116//2116 2123//2123
f 2124//2124 2116//2116 2117//2117
f 2124//2124 2117//2117 2118//2118
f 2124//2124 2118//2118 2119//2119
f 2124//2124 2119//2119 2120//2120
f 2124//2124 2120//2120 2121//2121
f 2124//2124 2121//2121 2122//2122
f 2124//2124 2122//2122 2123//2123
f 2124//2124 2123//2123 2116//2116
f 2125//2125 2126//2126 2132//2132
f 2125//2125 2132//2132 2131//2131
f 2126//2126 2127//2127 2133//2133
f 2126//2126 2133//2133 2132//2132
f 2127//2127 2128//2128 2134//2134
f 2127//2127 2134//2134 2133//2133
f 2128//2128 2129//2129 2135//2135
f 2128//2128 2135//2135 2134//2134
f 2129//2129 2130//2130 2136//2136
f 2129//2129 2136//2136 2135//2135
f 2130//2130 2125//2125 2131//2131
f 2130//2130 2131//2131 2136//2136
f 2125//2125 2127//2127 2126//2126
f 2125//2125 2128//2128 2127//2127
f 2125//2125 2129//2129 2128//2128
f 2125//2125 2130//2130 2129//2129
f 2131//2131 2132//2132 2133//2133
f 2131//2131 2133//2133 2134//2134
f 2131//2131 2134//2134 2135//2135
f 2131//2131 2135//2135 2136//2136
f 2137//2137 2138//2138 2144//2144
f 2137//2137 2144//2144 2143//2143
f 2138//2138 2139//2139 2145//2145
f 2138//2138 2145//2145 2144//2144
f 2139//2139 2140//2140 2146//2146
f 2139//2139 2146//2146 2145//2145
f 2140//2140 2141//2141 2147//2147
f 2140//2140 2147//2147 2146//2146
f 2141//2141 2142//2142 2148//2148
f 2141//2141 2148//2148 2147//2147
f 2142//2142 2137//2137 2143//2143
f 2142//2142 2143//2143 2148//2148
f 2137//2137 2139//2139 2138//2138
f 2137//2137 2140//2140 2139//2139
f 2137//2137 2141//2141 2140//2140
f 2137//2137 2142//2142 2141//2141
f 2143//2143 2144//2144 2145//2145
f 2143//2143 2145//2145 2146//2146
f 2143//2143 2146//2146 2147//2147
f 2143//2143 2147//2147 2148//2148
f 2149//2149 2150//2150 2156//2156
f 2149//2149 2156//2156 2155//2155
f 2150//2150 2151//2151 2157//2157
f 2150//2150 2157//2157 2156//2156
f 2151//2151 2152//2152 2158//2158
f 2151//2151 2158//2158 2157//2157
f 2152//2152 2153//2153 2159//2159
f 2152//2152 2159//2159 2158//2158
f 2153//2153 2154//2154 2160//2160
f 2153//2153 2160//2160 2159//2159
f 2154//2154 2149//2149 2155//2155
f 2154//2154 2155//2155 2160//2160
f 2149//2149 2151//2151 2150//2150
f 2149//2149 2152//2152 2151//2151
f 2149//2149 2153//2153 2152//2152
f 2149//2149 2154//2154 2153//2153
f 2155//2155 2156//2156 2157//2157
f 2155//2155 2157//2157 2158//2158
f 2155//2155 2158//2158 2159//2159
f 2155//2155 2159//2159 2160//2160
f 2161//2161 2162//2162 2168//2168
f 2161//2161 2168//2168 2167//2167
f 2162//2162 2163//2163 2169//2169
f 2162//2162 2169//2169 2168//2168
f 2163//2163 2164//2164 2170//2170
f 2163//2163 2170//2170 2169//2169
f 2164//2164 2165//2165 2171//2171
f 2164//2164 2171//2171 2170//2170
f 2165//2165 2166//2166 2172//2172
f 2165//2165 2172//2172 2171//2171
f 2166//2166 2161//2161 2167//2167
f 2166//2166 2167//2167 2172//2172
f 2161//2161 2163//2163 2162//2162
f 2161//2161 2164//2164 2163//2163
f 2161//2161 2165//2165 2164//2164
f 2161//2161 2166//2166 2165//2165
f 2167//2167 2168//2168 2169//2169
f 2167//2167 2169//2169 2170//2170
f 2167//2167 2170//2170 2171//2171
f 2167//2167 2171//2171 2172//2172
f 2173//2173 2174//2174 2180//2180
f 2173//2173 2180//2180 2179//2179
f 2174//2174 2175//2175 2181//2181
f 2174//2174 2181//2181 2180//2180
f 2175//2175 2176//2176 2182//2182
f 2175//2175 2182//2182 2181//2181
f 2176//2176 2177//2177 2183//2183
f 2176//2176 2183//2183 2182//2182
f 2177//2177 2178//2178 2184//2184
f 2177//2177 2184//2184 2183//2183
f 2178//2178 2173//2173 2179//2179
f 2178//2178 2179//2179 2184//2184
f 2173//2173 2175//2175 2174//2174
f 2173//2173 2176//2176 2175//2175
f 2173//2173 2177//2177 2176//2176
f 2173//2173 2178//2178 2177//2177
f 2179//2179 2180//2180 2181//2181
f 2179//2179 2181//2181 2182//2182
f 2179//2179 2182//2182 2183//2183
f 2179//2179 2183//2183 2184//2184
f 2185//2185 2186//2186 2192//2192
f 2185//2185 2192//2192 2191//2191
f 2186//2186 2187//2187 2193//2193
f 2186//2186 2193//2193 2192//2192
f 2187//2187 2188//2188 2194//2194
f 2187//2187 2194//2194 2193//2193
f 2188//2188 2189//2189 2195//2195
f 2188//2188 2195//2195 2194//2194
f 2189//2189 2190//2190 2196//2196
f 2189//2189 2196//2196 2195//2195
f 2190//2190 2185//2185 2191//2191
f 2190//2190 2191//2191 2196//2196
f 2185//2185 2187//2187 2186//2186
f 2185//2185 2188//2188 2187//2187
f 2185//2185 2189//2189 2188//2188
f 2185//2185 2190//2190 2189//2189
f 2191//2191 2192//2192 2193//2193
f 2191//2191 2193//2193 2194//2194
f 2191//2191 2194//2194 2195//2195
f 2191//2191 2195//2195 2196//2196
f 2197//2197 2198//2198 2204//2204
f 2197//2197 2204//2204 2203//2203
f 2198//2198 2199//2199 2205//2205
f 2198//2198 2205//2205 2204//2204
f 2199//2199 2200//2200 2206//2206
f 2199//2199 2206//2206 2205//2205
f 2200//2200 2201//2201 2207//2207
f 2200//2200 2207//2207 2206//2206
f 2201//2201 2202//2202 2208//2208
f 2201//2201 2208//2208 2207//2207
f 2202//2202 2197//2197 2203//2203
f 2202//2202 2203//2203 2208//2208
f 2197//2197 2199//2199 2198//2198
f 2197//2197 2200//2200 2199//2199
f 2197//2197 2201//2201 2200//2200
f 2197//2197 2202//2202 2201//2201
f 2203//2203 2204//2204 2205//2205
f 2203//2203 2205//2205 2206//2206
f 2203//2203 2206//2206 2207//2207
f 2203//2203 2207//2207 2208//2208
f 2209//2209 2210//2210 2216//2216
f 2209//2209 2216//2216 2215//2215
f 2210//2210 2211//2211 2217//2217
f 2210//2210 2217//2217 2216//2216
f 2211//2211 2212//2212 2218//2218
f 2211//2211 2218//2218 2217//2217
f 2212//2212 2213//2213 2219//2219
f 2212//2212 2219//2219 2218//2218
f 2213//2213 2214//2214 2220//2220
f 2213//2213 2220//2220 2219//2219
f 2214//2214 2209//2209 2215//2215
f 2214//2214 2215//2215 2220//2220
f 2209//2209 2211//2211 2210//2210
f 2209//2209 2212//2212 2211//2211
f 2209//2209 2213//2213 2212//2212
f 2209//2209 2214//2214 2213//2213
f 2215//2215 2216//2216 2217//2217
f 2215//2215 2217//2217 2218//2218
f 2215//2215 2218//2218 2219//2219
f 2215//2215 2219//2219 2220//2220
f 2221//2221 2222//2222 2228//2228
f 2221//2221 2228//2228 2227//2227
f 2222//2222 2223//2223 2229//2229
f 2222//2222 2229//2229 2228//2228
f 2223//2223 2224//2224 2230//2230
f 2223//2223 2230//2230 2229//2229
f 2224//2224 2225//2225 2231//2231
f 2224//2224 2231//2231 2230//2230
f 2225//2225 2226//2226 2232//2232
f 2225//2225 2232//2232 2231//2231
f 2226//2226 2221//2221 2227//2227
f 2226//2226 2227//2227 2232//2232
f 2221//2221 2223//2223 2222//2222
f 2221//2221 2224//2224 2223//2223
f 2221//2221 2225//2225 2224//2224
f 2221//2221 2226//2226 2225//2225
f 2227//2227 2228//2228 2229//2229
f 2227//2227 2229//2229 2230//2230
f 2227//2227 2230//2230 2231//2231
f 2227//2227 2231//2231 2232//2232
f 2233//2233 2234//2234 2240//2240
f 2233//2233 2240//2240 2239//2239
f 2234//2234 2235//2235 2241//2241
f 2234//2234 2241//2241 2240//2240
f 2235//2235 2236//2236 2242//2242
f 2235//2235 2242//2242 2241//2241
f 2236//2236 2237//2237 2243//2243
f 2236//2236 2243//2243 2242//2242
f 2237//2237 2238//2238 2244//2244
f 2237//2237 2244//2244 2243//2243
f 2238//2238 2233//2233 2239//2239
f 2238//2238 2239//2239 2244//2244
f 2233//2233 2235//2235 2234//2234
f 2233//2233 2236//2236 2235//2235
f 2233//2233 2237//2237 2236//2236
f 2233//2233 2238//2238 2237//2237
f 2239//2239 2240//2240 2241//2241
f 2239//2239 2241//2241 2242//2242
f 2239//2239 2242//2242 2243//2243
f 2239//2239 2243//2243 2244//2244
f 2245//2245 2246//2246 2252//2252
f 2245//2245 2252//2252 2251//2251
f 2246//2246 2247//2247 2253//2253
f 2246//2246 2253//2253 2252//2252
f 2247//2247 2248//2248 2254//2254
f 2247//2247 2254//2254 2253//2253
f 2248//2248 2249//2249 2255//2255
f 2248//2248 2255//2255 2254//2254
f 2249//2249 2250//2250 2256//2256
f 2249//2249 2256//2256 2255//2255
f 2250//2250 2245//2245 2251//2251
f 2250//2250 2251//2251 2256//2256
f 2245//2245 2247//2247 2246//2246
f 2245//2245 2248//2248 2247//2247
f 2245//2245 2249//2249 2248//2248
f 2245//2245 2250//2250 2249//2249
f 2251//2251 2252//2252 2253//2253
f 2251//2251 2253//2253 2254//2254
f 2251//2251 2254//2254 2255//2255
f 2251//2251 2255//2255 2256//2256
f 2257//2257 2258//2258 2264//2264
f 2257//2257 2264//2264 2263//2263
f 2258//2258 2259//2259 2265//2265
f 2258//2258 2265//2265 2264//2264
f 2259//2259 2260//2260 2266//2266
f 2259//2259 2266//2266 2265//2265
f 2260//2260 2261//2261 2267//2267
f 2260//2260 2267//2267 2266//2266
f 2261//2261 2262//2262 2268//2268
f 2261//2261 2268//2268 2267//2267
f 2262//2262 2257//2257 2263//2263
f 2262//2262 2263//2263 2268//2268
f 2257//2257 2259//2259 2258//2258
f 2257//2257 2260//2260 2259//2259
f 2257//2257 2261//2261 2260//2260
f 2257//2257 2262//2262 2261//2261
f 2263//2263 2264//2264 2265//2265
f 2263//2263 2265//2265 2266//2266
f 2263//2263 2266//2266 2267//2267
f 2263//2263 2267//2267 2268//2268
f 2269//2269 2271//2271 2270//2270
f 2269//2269 2272//2272 2271//2271
f 2269//2269 2273//2273 2272//2272
f 2269//2269 2274//2274 2273//2273
f 2269//2269 2275//2275 2274//2274
f 2269//2269 2276//2276 2275//2275
f 2269//2269 2277//2277 2276//2276
f 2269//2269 2270//2270 2277//2277
f 2270//2270 2271//2271 2279//2279
f 2270//2270 2279//2279 2278//2278
f 2271//2271 2272//2272 2280//2280
f 2271//2271 2280//2280 2279//2279
f 2272//2272 2273//2273 2281//2281
f 2272//2272 2281//2281 2280//2280
f 2273//2273 2274//2274 2282//2282
f 2273//2273 2282//2282 2281//2281
f 2274//2274 2275//2275 2283//2283
f 2274//2274 2283//2283 2282//2282
f 2275//2275 2276//2276 2284//2284
f 2275//2275 2284//2284 2283//2283
f 2276//2276 2277//2277 2285//2285
f 2276//2276 2285//2285 2284//2284
f 2277//2277 2270//2270 2278//2278
f 2277//2277 2278//2278 2285//2285
f 2278//2278 2279//2279 2287//2287
f 2278//2278 2287//2287 2286//2286
f 2279//2279 2280//2280 2288//2288
f 2279//2279 2288//2288 2287//2287
f 2280//2280 2281//2281 2289//2289
f 2280//2280 2289//2289 2288//2288
f 2281//2281 2282//2282 2290//2290
f 2281//2281 2290//2290 2289//2289
f 2282//2282 2283//2283 2291//2291
f 2282//2282 2291//2291 2290//2290
f 2283//2283 2284//2284 2292//2292
f 2283//2283 2292//2292 2291//2291
f 2284//2284 2285//2285 2293//2293
f 2284//2284 2293//2293 2292//2292
f 2285//2285 2278//2278 2286//2286
f 2285//2285 2286//2286 2293//2293
f 2286//2286 2287//2287 2295//2295
f 2286//2286 2295//2295 2294//2294
f 2287//2287 2288//2288 2296//2296
f 2287//2287 2296//2296 2295//2295
f 2288//2288 2289//2289 2297//2297
f 2288//2288 2297//2297 2296//2296
f 2289//2289 2290//2290 2298//2298
f 2289//2289 2298//2298 2297//2297
f 2290//2290 2291//2291 2299//2299
f 2290//2290 2299//2299 2298//2298
f 2291//2291 2292//2292 2300//2300
f 2291//2291 2300//2300 2299//2299
f 2292//2292 2293//2293 2301//2301
f 2292//2292 2301//2301 2300//2300
f 2293//2293 2286//2286 2294//2294
f 2293//2293 2294//2294 2301//2301
f 2302//2302 2294//2294 2295//2295
f 2302//2302 2295//2295 2296//2296
f 2302//2302 2296//2296 2297//2297
f 2302//2302 2297//2297 2298//2298
f 2302//2302 2298//2298 2299//2299
f 2302//2302 2299//2299 2300//2300
f 2302//2302 2300//2300 2301//2301
f 2302//2302 2301//2301 2294//2294
f 2303//2303 2304//2304 2310//2310
f 2303//2303 2310//2310 2309//2309
f 2304//2304 2305//2305 2311//2311
f 2304//2304 2311//2311 2310//2310
f 2305//2305 2306//2306 2312//2312
f 2305//2305 2312//2312 2311//2311
f 2306//2306 2307//2307 2313//2313
f 2306//2306 2313//2313 2312//2312
f 2307//2307 2308//2308 2314//2314
f 2307//2307 2314//2314 2313//2313
f 2308//2308 2303//2303 2309//2309
f 2308//2308 2309//2309 2314//2314
f 2303//2303 2305//2305 2304//2304
f 2303//2303 2306//2306 2305//2305
f 2303//2303 2307//2307 2306//2306
f 2303//2303 2308//2308 2307//2307
f 2309//2309 2310//2310 2311//2311
f 2309//2309 2311//2311 2312//2312
f 2309//2309 2312//2312 2313//2313
f 2309//2309 2313//2313 2314//2314
f 2315//2315 2316//2316 2322//2322
f 2315//2315 2322//2322 2321//2321
f 2316//2316 2317//2317 2323//2323
f 2316//2316 2323//2323 2322//2322
f 2317//2317 2318//2318 2324//2324
f 2317//2317 2324//2324 2323//2323
f 2318//2318 2319//2319 2325//2325
f 2318//2318 2325//2325 2324//2324
f 2319//2319 2320//2320 2326//2326
f 2319//2319 2326//2326 2325//2325
f 2320//2320 2315//2315 2321//2321
f 2320//2320 2321//2321 2326//2326
f 2315//2315 2317//2317 2316//2316
f 2315//2315 2318//2318 2317//2317
f 2315//2315 2319//2319 2318//2318
f 2315//2315 2320//2320 2319//2319
f 2321//2321 2322//2322 2323//2323
f 2321//2321 2323//2323 2324//2324
f 2321//2321 2324//2324 2325//2325
f 2321//2321 2325//2325 2326//2326
f 2327//2327 2328//2328 2334//2334
f 2327//2327 2334//2334 2333//2333
f 2328//2328 2329//2329 2335//2335
f 2328//2328 2335//2335 2334//2334
f 2329//2329 2330//2330 2336//2336
f 2329//2329 2336//2336 2335//2335
f 2330//2330 2331//2331 2337//2337
f 2330//2330 2337//2337 2336//2336
f 2331//2331 2332//2332 2338//2338
f 2331//2331 2338//2338 2337//2337
f 2332//2332 2327//2327 2333//2333
f 2332//2332 2333//2333 2338//2338
f 2327//2327 2329//2329 2328//2328
f 2327//2327 2330//2330 2329//2329
f 2327//2327 2331//2331 2330//2330
f 2327//2327 2332//2332 2331//2331
f 2333//2333 2334//2334 2335//2335
f 2333//2333 2335//2335 2336//2336
f 2333//2333 2336//2336 2337//2337
f 2333//2333 2337//2337 2338//2338
f 2339//2339 2340//2340 2346//2346
f 2339//2339 2346//2346 2345//2345
f 2340//2340 2341//2341 2347//2347
f 2340//2340 2347//2347 2346//2346
f 2341//2341 2342//2342 2348//2348
f 2341//2341 2348//2348 2347//2347
f 2342//2342 2343//2343 2349//2349
f 2342//2342 2349//2349 2348//2348
f 2343//2343 2344//2344 2350//2350
f 2343//2343 2350//2350 2349//2349
f 2344//2344 2339//2339 2345//2345
f 2344//2344 2345//2345 2350//2350
f 2339//2339 2341//2341 2340//2340
f 2339//2339 2342//2342 2341//2341
f 2339//2339 2343//2343 2342//2342
f 2339//2339 2344//2344 2343//2343
f 2345//2345 2346//2346 2347//2347
f 2345//2345 2347//2347 2348//2348
f 2345//2345 2348//2348 2349//2349
f 2345//2345 2349//2349 2350//2350
f 2351//2351 2352//2352 2358//2358
f 2351//2351 2358//2358 2357//2357
f 2352//2352 2353//2353 2359//2359
f 2352//2352 2359//2359 2358//2358
f 2353//2353 2354//2354 2360//2360
f 2353//2353 2360//2360 2359//2359
f 2354//2354 2355//2355 2361//2361
f 2354//2354 2361//2361 2360//2360
f 2355//2355 2356//2356 2362//2362
f 2355//2355 2362//2362 2361//2361
f 2356//2356 2351//2351 2357//2357
f 2356//2356 2357//2357 2362//2362
f 2351//2351 2353//2353 2352//2352
f 2351//2351 2354//2354 2353//2353
f 2351//2351 2355//2355 2354//2354
f 2351//2351 2356//2356 2355//2355
f 2357//2357 2358//2358 2359//2359
f 2357//2357 2359//2359 2360//2360
f 2357//2357 2360//2360 2361//2361
f 2357//2357 2361//2361 2362//2362
f 2363//2363 2364//2364 2370//2370
f 2363//2363 2370//2370 2369//2369
f 2364//2364 2365//2365 2371//2371
f 2364//2364 2371//2371 2370//2370
f 2365//2365 2366//2366 2372//2372
f 2365//2365 2372//2372 2371//2371
f 2366//2366 2367//2367 2373//2373
f 2366//2366 2373//2373 2372//2372
f 2367//2367 2368//2368 2374//2374
f 2367//2367 2374//2374 2373//2373
f 2368//2368 2363//2363 2369//2369
f 2368//2368 2369//2369 2374//2374
f 2363//2363 2365//2365 2364//2364
f 2363//2363 2366//2366 2365//2365
f 2363//2363 2367//2367 2366//2366
f 2363//2363 2368//2368 2367//2367
f 2369//2369 2370//2370 2371//2371
f 2369//2369 2371//2371 2372//2372
f 2369//2369 2372//2372 2373//2373
f 2369//2369 2373//2373 2374//2374
f 2375//2375 2376//2376 2382//2382
f 2375//2375 2382//2382 2381//2381
f 2376//2376 2377//2377 2383//2383
f 2376//2376 2383//2383 2382//2382
f 2377//2377 2378//2378 2384//2384
f 2377//2377 2384//2384 2383//2383
f 2378//2378 2379//2379 2385//2385
f 2378//2378 2385//2385 2384//2384
f 2379//2379 2380//2380 2386//2386
f 2379//2379 2386//2386 2385//2385
f 2380//2380 2375//2375 2381//2381
f 2380//2380 2381//2381 2386//2386
f 2375//2375 2377//2377 2376//2376
f 2375//2375 2378//2378 2377//2377
f 2375//2375 2379//2379 2378//2378
f 2375//2375 2380//2380 2379//2379
f 2381//2381 2382//2382 2383//2383
f 2381//2381 2383//2383 2384//2384
f 2381//2381 2384//2384 2385//2385
f 2381//2381 2385//2385 2386//2386
f 2387//2387 2388//2388 2394//2394
f 2387//2387 2394//2394 2393//2393
f 2388//2388 2389//2389 2395//2395
f 2388//2388 2395//2395 2394//2394
f 2389//2389 2390//2390 2396//2396
f 2389//2389 2396//2396 2395//2395
f 2390//2390 2391//2391 2397//2397
f 2390//2390 2397//2397 2396//2396
f 2391//2391 2392//2392 2398//2398
f 2391//2391 2398//2398 2397//2397
f 2392//2392 2387//2387 2393//2393
f 2392//2392 2393//2393 2398//2398
f 2387//2387 2389//2389 2388//2388
f 2387//2387 2390//2390 2389//2389
f 2387//2387 2391//2391 2390//2390
f 2387//2387 2392//2392 2391//2391
f 2393//2393 2394//2394 2395//2395
f 2393//2393 2395//2395 2396//2396
f 2393//2393 2396//2396 2397//2397
f 2393//2393 2397//2397 2398//2398
f 2399//2399 2400//2400 2406//2406
f 2399//2399 2406//2406 2405//2405
f 2400//2400 2401//2401 2407//2407
f 2400//2400 2407//2407 2406//2406
f 2401//2401 2402//2402 2408//2408
f 2401//2401 2408//2408 2407//2407
f 2402//2402 2403//2403 2409//2409
f 2402//2402 2409//2409 2408//2408
f 2403//2403 2404//2404 2410//2410
f 2403//2403 2410//2410 2409//2409
f 2404//2404 2399//2399 2405//2405
f 2404//2404 2405//2405 2410//2410
f 2399//2399 2401//2401 2400//2400
f 2399//2399 2402//2402 2401//2401
f 2399//2399 2403//2403 2402//2402
f 2399//2399 2404//2404 2403//2403
f 2405//2405 2406//2406 2407//2407
f 2405//2405 2407//2407 2408//2408
f 2405//2405 2408//2408 2409//2409
f 2405//2405 2409//2409 2410//2410
f 2411//2411 2412//2412 2418//2418
f 2411//2411 2418//2418 2417//2417
f 2412//2412 2413//2413 2419//2419
f 2412//2412 2419//2419 2418//2418
f 2413//2413 2414//2414 2420//2420
f 2413//2413 2420//2420 2419//2419
f 2414//2414 2415//2415 2421//2421
f 2414//2414 2421//2421 2420//2420
f 2415//2415 2416//2416 2422//2422
f 2415//2415 2422//2422 2421//2421
f 2416//2416 2411//2411 2417//2417
f 2416//2416 2417//2417 2422//2422
f 2411//2411 2413//2413 2412//2412
f 2411//2411 2414//2414 2413//2413
f 2411//2411 2415//2415 2414//2414
f 2411//2411 2416//2416 2415//2415
f 2417//2417 2418//2418 2419//2419
f 2417//2417 2419//2419 2420//2420
f 2417//2417 2420//2420 2421//2421
f 2417//2417 2421//2421 2422//2422
f 2423//2423 2424//2424 2430//2430
f 2423//2423 2430//2430 2429//2429
f 2424//2424 2425//2425 2431//2431
f 2424//2424 2431//2431 2430//2430
f 2425//2425 2426//2426 2432//2432
f 2425//2425 2432//2432 2431//2431
f 2426//2426 2427//2427 2433//2433
f 2426//2426 2433//2433 2432//2432
f 2427//2427 2428//2428 2434//2434
f 2427//2427 2434//2434 2433//2433
f 2428//2428 2423//2423 2429//2429
f 2428//2428 2429//2429 2434//2434
f 2423//2423 2425//2425 2424//2424
f 2423//2423 2426//2426 2425//2425
f 2423//2423 2427//2427 2426//2426
f 2423//2423 2428//2428 2427//2427
f 2429//2429 2430//2430 2431//2431
f 2429//2429 2431//2431 2432//2432
f 2429//2429 2432//2432 2433//2433
f 2429//2429 2433//2433 2434//2434
f 2435//2435 2436//2436 2442//2442
f 2435//2435 2442//2442 2441//2441
f 2436//2436 2437//2437 2443//2443
f 2436//2436 2443//2443 2442//2442
f 2437//2437 2438//2438 2444//2444
f 2437//2437 2444//2444 2443//2443
f 2438//2438 2439//2439 2445//2445
f 2438//2438 2445//2445 2444//2444
f 2439//2439 2440//2440 2446//2446
f 2439//2439 2446//2446 2445//2445
f 2440//2440 2435//2435 2441//2441
f 2440//2440 2441//2441 2446//2446
f 2435//2435 2437//2437 2436//2436
f 2435//2435 2438//2438 2437//2437
f 2435//2435 2439//2439 2438//2438
f 2435//2435 2440//2440 2439//2439
f 2441//2441 2442//2442 2443//2443
f 2441//2441 2443//2443 2444//2444
f 2441//2441 2444//2444 2445//2445
f 2441//2441 2445//2445 2446//2446
f 2447//2447 2449//2449 2448//2448
f 2447//2447 2450//2450 2449//2449
f 2447//2447 2451//2451 2450//2450
f 2447//2447 2452//2452 2451//2451
f 2447//2447 2453//2453 2452//2452
f 2447//2447 2454//2454 2453//2453
f 2447//2447 2455//2455 2454//2454
f 2447//2447 2448//2448 2455//2455
f 2448//2448 2449//2449 2457//2457
f 2448//2448 2457//2457 2456//2456
f 2449//2449 2450//2450 2458//2458
f 2449//2449 2458//2458 2457//2457
f 2450//2450 2451//2451 2459//2459
f 2450//2450 2459//2459 2458//2458
f 2451//2451 2452//2452 2460//2460
f 2451//2451 2460//2460 2459//2459
f 2452//2452 2453//2453 2461//2461
f 2452//2452 2461//2461 2460//2460
f 2453//2453 2454//2454 2462//2462
f 2453//2453 2462//2462 2461//2461
f 2454//2454 2455//2455 2463//2463
f 2454//2454 2463//2463 2462//2462
f 2455//2455 2448//2448 2456//2456
f 2455//2455 2456//2456 2463//2463
f 2456//2456 2457//2457 2465//2465
f 2456//2456 2465//2465 2464//2464
f 2457//2457 2458//2458 2466//2466
f 2457//2457 2466//2466 2465//2465
f 2458//2458 2459//2459 2467//2467
f 2458//2458 2467//2467 2466//2466
f 2459//2459 2460//2460 2468//2468
f 2459//2459 2468//2468 2467//2467
f 2460//2460 2461//2461 2469//2469
f 2460//2460 2469//2469 2468//2468
f 2461//2461 2462//2462 2470//2470
f 2461//2461 2470//2470 2469//2469
f 2462//2462 2463//2463 2471//2471
f 2462//2462 2471//2471 2470//2470
f 2463//2463 2456//2456 2464//2464
f 2463//2463 2464//2464 2471//2471
f 2464//2464 2465//2465 2473//2473
f 2464//2464 2473//2473 2472//2472
f 2465//2465 2466//2466 2474//2474
f 2465//2465 2474//2474 2473//2473
f 2466//2466 2467//2467 2475//2475
f 2466//2466 2475//2475 2474//2474
f 2467//2467 2468//2468 2476//2476
f 2467//2467 2476//2476 2475//2475
f 2468//2468 2469//2469 2477//2477
f 2468//2468 2477//2477 2476//2476
f 2469//2469 2470//2470 2478//2478
f 2469//2469 2478//2478 2477//2477
f 2470//2470 2471//2471 2479//2479
f 2470//2470 2479//2479 2478//2478
f 2471//2471 2464//2464 2472//2472
f 2471//2471 2472//2472 2479//2479
f 2480//2480 2472//2472 2473//2473
f 2480//2480 2473//2473 2474//2474
f 2480//2480 2474//2474 2475//2475
f 2480//2480 2475//2475 2476//2476
f 2480//2480 2476//2476 2477//2477
f 2480//2480 2477//2477 2478//2478
f 2480//2480 2478//2478 2479//2479
f 2480//2480 2479//2479 2472//2472
f 2481//2481 2482//2482 2488//2488
f 2481//2481 2488//2488 2487//2487
f 2482//2482 2483//2483 2489//2489
f 2482//2482 2489//2489 2488//2488
f 2483//2483 2484//2484 2490//2490
f 2483//2483 2490//2490 2489//2489
f 2484//2484 2485//2485 2491//2491
f 2484//2484 2491//2491 2490//2490
f 2485//2485 2486//2486 2492//2492
f 2485//2485 2492//2492 2491//2491
f 2486//2486 2481//2481 2487//2487
f 2486//2486 2487//2487 2492//2492
f 2481//2481 2483//2483 2482//2482
f 2481//2481 2484//2484 2483//2483
f 2481//2481 2485//2485 2484//2484
f 2481//2481 2486//2486 2485//2485
f 2487//2487 2488//2488 2489//2489
f 2487//2487 2489//2489 2490//2490
f 2487//2487 2490//2490 2491//2491
f 2487//2487 2491//2491 2492//2492
f 2493//2493 2494//2494 2500//2500
f 2493//2493 2500//2500 2499//2499
f 2494//2494 2495//2495 2501//2501
f 2494//2494 2501//2501 2500//2500
f 2495//2495 2496//2496 2502//2502
f 2495//2495 2502//2502 2501//2501
f 2496//2496 2497//2497 2503//2503
f 2496//2496 2503//2503 2502//2502
f 2497//2497 2498//2498 2504//2504
f 2497//2497 2504//2504 2503//2503
f 2498//2498 2493//2493 2499//2499
f 2498//2498 2499//2499 2504//2504
f 2493//2493 2495//2495 2494//2494
f 2493//2493 2496//2496 2495//2495
f 2493//2493 2497//2497 2496//2496
f 2493//2493 2498//2498 2497//2497
f 2499//2499 2500//2500 2501//2501
f 2499//2499 2501//2501 2502//2502
f 2499//2499 2502//2502 2503//2503
f 2499//2499 2503//2503 2504//2504
f 2505//2505 2506//2506 2512//2512
f 2505//2505 2512//2512 2511//2511
f 2506//2506 2507//2507 2513//2513
f 2506//2506 2513//2513 2512//2512
f 2507//2507 2508//2508 2514//2514
f 2507//2507 2514//2514 2513//2513
f 2508//2508 2509//2509 2515//2515
f 2508//2508 2515//2515 2514//2514
f 2509//2509 2510//2510 2516//2516
f 2509//2509 2516//2516 2515//2515
f 2510//2510 2505//2505 2511//2511
f 2510//2510 2511//2511 2516//2516
f 2505//2505 2507//2507 2506//2506
f 2505//2505 2508//2508 2507//2507
f 2505//2505 2509//2509 2508//2508
f 2505//2505 2510//2510 2509//2509
f 2511//2511 2512//2512 2513//2513
f 2511//2511 2513//2513 2514//2514
f 2511//2511 2514//2514 2515//2515
f 2511//2511 2515//2515 2516//2516
f 2517//2517 2518//2518 2524//2524
f 2517//2517 2524//2524 2523//2523
f 2518//2518 2519//2519 2525//2525
f 2518//2518 2525//2525 2524//2524
f 2519//2519 2520//2520 2526//2526
f 2519//2519 2526//2526 2525//2525
f 2520//2520 2521//2521 2527//2527
f 2520//2520 2527//2527 2526//2526
f 2521//2521 2522//2522 2528//2528
f 2521//2521 2528//2528 2527//2527
f 2522//2522 2517//2517 2523//2523
f 2522//2522 2523//2523 2528//2528
f 2517//2517 2519//2519 2518//2518
f 2517//2517 2520//2520 2519//2519
f 2517//2517 2521//2521 2520//2520
f 2517//2517 2522//2522 2521//2521
f 2523//2523 2524//2524 2525//2525
f 2523//2523 2525//2525 2526//2526
f 2523//2523 2526//2526 2527//2527
f 2523//2523 2527//2527 2528//2528
f 2529//2529 2530//2530 2536//2536
f 2529//2529 2536//2536 2535//2535
f 2530//2530 2531//2531 2537//2537
f 2530//2530 2537//2537 2536//2536
f 2531//2531 2532//2532 2538//2538
f 2531//2531 2538//2538 2537//2537
f 2532//2532 2533//2533 2539//2539
f 2532//2532 2539//2539 2538//2538
f 2533//2533 2534//2534 2540//2540
f 2533//2533 2540//2540 2539//2539
f 2534//2534 2529//2529 2535//2535
f 2534//2534 2535//2535 2540//2540
f 2529//2529 2531//2531 2530//2530
f 2529//2529 2532//2532 2531//2531
f 2529//2529 2533//2533 2532//2532
f 2529//2529 2534//2534 2533//2533
f 2535//2535 2536//2536 2537//2537
f 2535//2535 2537//2537 2538//2538
f 2535//2535 2538//2538 2539//2539
f 2535//2535 2539//2539 2540//2540
f 2541//2541 2542//2542 2548//2548
f 2541//2541 2548//2548 2547//2547
f 2542//2542 2543//2543 2549//2549
f 2542//2542 2549//2549 2548//2548
f 2543//2543 2544//2544 2550//2550
f 2543//2543 2550//2550 2549//2549
f 2544//2544 2545//2545 2551//2551
f 2544//2544 2551//2551 2550//2550
f 2545//2545 2546//2546 2552//2552
f 2545//2545 2552//2552 2551//2551
f 2546//2546 2541//2541 2547//2547
f 2546//2546 2547//2547 2552//2552
f 2541//2541 2543//2543 2542//2542
f 2541//2541 2544//2544 2543//2543
f 2541//2541 2545//2545 2544//2544
f 2541//2541 2546//2546 2545//2545
f 2547//2547 2548//2548 2549//2549
f 2547//2547 2549//2549 2550//2550
f 2547//2547 2550//2550 2551//2551
f 2547//2547 2551//2551 2552//2552
f 2553//2553 2554//2554 2560//2560
f 2553//2553 2560//2560 2559//2559
f 2554//2554 2555//2555 2561//2561
f 2554//2554 2561//2561 2560//2560
f 2555//2555 2556//2556 2562//2562
f 2555//2555 2562//2562 2561//2561
f 2556//2556 2557//2557 2563//2563
f 2556//2556 2563//2563 2562//2562
f 2557//2557 2558//2558 2564//2564
f 2557//2557 2564//2564 2563//2563
f 2558//2558 2553//2553 2559//2559
f 2558//2558 2559//2559 2564//2564
f 2553//2553 2555//2555 2554//2554
f 2553//2553 2556//2556 2555//2555
f 2553//2553 2557//2557 2556//2556
f 2553//2553 2558//2558 2557//2557
f 2559//2559 2560//2560 2561//2561
f 2559//2559 2561//2561 2562//2562
f 2559//2559 2562//2562 2563//2563
f 2559//2559 2563//2563 2564//2564
f 2565//2565 2566//2566 2572//2572
f 2565//2565 2572//2572 2571//2571
f 2566//2566 2567//2567 2573//2573
f 2566//2566 2573//2573 2572//2572
f 2567//2567 2568//2568 2574//2574
f 2567//2567 2574//2574 2573//2573
f 2568//2568 2569//2569 2575//2575
f 2568//2568 2575//2575 2574//2574
f 2569//2569 2570//2570 2576//2576
f 2569//2569 2576//2576 2575//2575
f 2570//2570 2565//2565 2571//2571
f 2570//2570 2571//2571 2576//2576
f 2565//2565 2567//2567 2566//2566
f 2565//2565 2568//2568 2567//2567
f 2565//2565 2569//2569 2568//2568
f 2565//2565 2570//2570 2569//2569
f 2571//2571 2572//2572 2573//2573
f 2571//2571 2573//2573 2574//2574
f 2571//2571 2574//2574 2575//2575
f 2571//2571 2575//2575 2576//2576
f 2577//2577 2578//2578 2584//2584
f 2577//2577 2584//2584 2583//2583
f 2578//2578 2579//2579 2585//2585
f 2578//2578 2585//2585 2584//2584
f 2579//2579 2580//2580 2586//2586
f 2579//2579 2586//2586 2585//2585
f 2580//2580 2581//2581 2587//2587
f 2580//2580 2587//2587 2586//2586
f 2581//2581 2582//2582 2588//2588
f 2581//2581 2588//2588 2587//2587
f 2582//2582 2577//2577 2583//2583
f 2582//2582 2583//2583 2588//2588
f 2577//2577 2579//2579 2578//2578
f 2577//2577 2580//2580 2579//2579
f 2577//2577 2581//2581 2580//2580
f 2577//2577 2582//2582 2581//2581
f 2583//2583 2584//2584 2585//2585
f 2583//2583 2585//2585 2586//2586
f 2583//2583 2586//2586 2587//2587
f 2583//2583 2587//2587 2588//2588
f 2589//2589 2590//2590 2596//2596
f 2589//2589 2596//2596 2595//2595
f 2590//2590 2591//2591 2597//2597
f 2590//2590 2597//2597 2596//2596
f 2591//2591 2592//2592 2598//2598
f 2591//2591 2598//2598 2597//2597
f 2592//2592 2593//2593 2599//2599
f 2592//2592 2599//2599 2598//2598
f 2593//2593 2594//2594 2600//2600
f 2593//2593 2600//2600 2599//2599
f 2594//2594 2589//2589 2595//2595
f 2594//2594 2595//2595 2600//2600
f 2589//2589 2591//2591 2590//2590
f 2589//2589 2592//2592 2591//2591
f 2589//2589 2593//2593 2592//2592
f 2589//2589 2594//2594 2593//2593
f 2595//2595 2596//2596 2597//2597
f 2595//2595 2597//2597 2598//2598
f 2595//2595 2598//2598 2599//2599
f 2595//2595 2599//2599 2600//2600
f 2601//2601 2602//2602 2608//2608
f 2601//2601 2608//2608 2607//2607
f 2602//2602 2603//2603 2609//2609
f 2602//2602 2609//2609 2608//2608
f 2603//2603 2604//2604 2610//2610
f 2603//2603 2610//2610 2609//2609
f 2604//2604 2605//2605 2611//2611
f 2604//2604 2611//2611 2610//2610
f 2605//2605 2606//2606 2612//2612
f 2605//2605 2612//2612 2611//2611
f 2606//2606 2601//2601 2607//2607
f 2606//2606 2607//2607 2612//2612
f 2601//2601 2603//2603 2602//2602
f 2601//2601 2604//2604 2603//2603
f 2601//2601 2605//2605 2604//2604
f 2601//2601 2606//2606 2605//2605
f 2607//2607 2608//2608 2609//2609
f 2607//2607 2609//2609 2610//2610
f 2607//2607 2610//2610 2611//2611
f 2607//2607 2611//2611 2612//2612
f 2613//2613 2614//2614 2620//2620
f 2613//2613 2620//2620 2619//2619
f 2614//2614 2615//2615 2621//2621
f 2614//2614 2621//2621 2620//2620
f 2615//2615 2616//2616 2622//2622
f 2615//2615 2622//2622 2621//2621
f 2616//2616 2617//2617 2623//2623
f 2616//2616 2623//2623 2622//2622
f 2617//2617 2618//2618 2624//2624
f 2617//2617 2624//2624 2623//2623
f 2618//2618 2613//2613 2619//2619
f 2618//2618 2619//2619 2624//2624
f 2613//2613 2615//2615 2614//2614
f 2613//2613 2616//2616 2615//2615
f 2613//2613 2617//2617 2616//2616
f 2613//2613 2618//2618 2617//2617
f 2619//2619 2620//2620 2621//2621
f 2619//2619 2621//2621 2622//2622
f 2619//2619 2622//2622 2623//2623
f 2619//2619 2623//2623 2624//2624
f 2625//2625 2627//2627 2626//2626
f 2625//2625 2628//2628 2627//2627
f 2625//2625 2629//2629 2628//2628
f 2625//2625 2630//2630 2629//2629
f 2625//2625 2631//2631 2630//2630
f 2625//2625 2632//2632 2631//2631
f 2625//2625 2633//2633 2632//2632
f 2625//2625 2626//2626 2633//2633
f 2626//2626 2627//2627 2635//2635
f 2626//2626 2635//2635 2634//2634
f 2627//2627 2628//2628 2636//2636
f 2627//2627 2636//2636 2635//2635
f 2628//2628 2629//2629 2637//2637
f 2628//2628 2637//2637 2636//2636
f 2629//2629 2630//2630 2638//2638
f 2629//2629 2638//2638 2637//2637
f 2630//2630 2631//2631 2639//2639
f 2630//2630 2639//2639 2638//2638
f 2631//2631 2632//2632 2640//2640
f 2631//2631 2640//2640 2639//2639
f 2632//2632 2633//2633 2641//2641
f 2632//2632 2641//2641 2640//2640
f 2633//2633 2626//2626 2634//2634
f 2633//2633 2634//2634 2641//2641
f 2634//2634 2635//2635 2643//2643
f 2634//2634 2643//2643 2642//2642
f 2635//2635 2636//2636 2644//2644
f 2635//2635 2644//2644 2643//2643
f 2636//2636 2637//2637 2645//2645
f 2636//2636 2645//2645 2644//2644
f 2637//2637 2638//2638 2646//2646
f 2637//2637 2646//2646 2645//2645
f 2638//2638 2639//2639 2647//2647
f 2638//2638 2647//2647 2646//2646
f 2639//2639 2640//2640 2648//2648
f 2639//2639 2648//2648 2647//2647
f 2640//2640 2641//2641 2649//2649
f 2640//2640 2649//2649 2648//2648
f 2641//2641 2634//2634 2642//2642
f 2641//2641 2642//2642 2649//2649
f 2642//2642 2643//2643 2651//2651
f 2642//2642 2651//2651 2650//2650
f 2643//2643 2644//2644 2652//2652
f 2643//2643 2652//2652 2651//2651
f 2644//2644 2645//2645 2653//2653
f 2644//2644 2653//2653 2652//2652
f 2645//2645 2646//2646 2654//2654
f 2645//2645 2654//2654 2653//2653
f 2646//2646 2647//2647 2655//2655
f 2646//2646 2655//2655 2654//2654
f 2647//2647 2648//2648 2656//2656
f 2647//2647 2656//2656 2655//2655
f 2648//2648 2649//2649 2657//2657
f 2648//2648 2657//2657 2656//2656
f 2649//2649 2642//2642 2650//2650
f 2649//2649 2650//2650 2657//2657
f 2658//2658 2650//2650 2651//2651
f 2658//2658 2651//2651 2652//2652
f 2658//2658 2652//2652 2653//2653
f 2658//2658 2653//2653 2654//2654
f 2658//2658 2654//2654 2655//2655
f 2658//2658 2655//2655 2656//2656
f 2658//2658 2656//2656 2657//2657
f 2658//2658 2657//2657 2650//2650
f 2659//2659 2660//2660 2666//2666
f 2659//2659 2666//2666 2665//2665
f 2660//2660 2661//2661 2667//2667
f 2660//2660 2667//2667 2666//2666
f 2661//2661 2662//2662 2668//2668
f 2661//2661 2668//2668 2667//2667
f 2662//2662 2663//2663 2669//2669
f 2662//2662 2669//2669 2668//2668
f 2663//2663 2664//2664 2670//2670
f 2663//2663 2670//2670 2669//2669
f 2664//2664 2659//2659 2665//2665
f 2664//2664 2665//2665 2670//2670
f 2659//2659 2661//2661 2660//2660
f 2659//2659 2662//2662 2661//2661
f 2659//2659 2663//2663 2662//2662
f 2659//2659 2664//2664 2663//2663
f 2665//2665 2666//2666 2667//2667
f 2665//2665 2667//2667 2668//2668
f 2665//2665 2668//2668 2669//2669
f 2665//2665 2669//2669 2670//2670
f 2671//2671 2672//2672 2678//2678
f 2671//2671 2678//2678 2677//2677
f 2672//2672 2673//2673 2679//2679
f 2672//2672 2679//2679 2678//2678
f 2673//2673 2674//2674 2680//2680
f 2673//2673 2680//2680 2679//2679
f 2674//2674 2675//2675 2681//2681
f 2674//2674 2681//2681 2680//2680
f 2675//2675 2676//2676 2682//2682
f 2675//2675 2682//2682 2681//2681
f 2676//2676 2671//2671 2677//2677
f 2676//2676 2677//2677 2682//2682
f 2671//2671 2673//2673 2672//2672
f 2671//2671 2674//2674 2673//2673
f 2671//2671 2675//2675 2674//2674
f 2671//2671 2676//2676 2675//2675
f 2677//2677 2678//2678 2679//2679
f 2677//2677 2679//2679 2680//2680
f 2677//2677 2680//2680 2681//2681
f 2677//2677 2681//2681 2682//2682
f 2683//2683 2684//2684 2690//2690
f 2683//2683 2690//2690 2689//2689
f 2684//2684 2685//2685 2691//2691
f 2684//2684 2691//2691 2690//2690
f 2685//2685 2686//2686 2692//2692
f 2685//2685 2692//2692 2691//2691
f 2686//2686 2687//2687 2693//2693
f 2686//2686 2693//2693 2692//2692
f 2687//2687 2688//2688 2694//2694
f 2687//2687 2694//2694 2693//2693
f 2688//2688 2683//2683 2689//2689
f 2688//2688 2689//2689 2694//2694
f 2683//2683 2685//2685 2684//2684
f 2683//2683 2686//2686 2685//2685
f 2683//2683 2687//2687 2686//2686
f 2683//2683 2688//2688 2687//2687
f 2689//2689 2690//2690 2691//2691
f 2689//2689 2691//2691 2692//2692
f 2689//2689 2692//2692 2693//2693
f 2689//2689 2693//2693 2694//2694
f 2695//2695 2696//2696 2702//2702
f 2695//2695 2702//2702 2701//2701
f 2696//2696 2697//2697 2703//2703
f 2696//2696 2703//2703 2702//2702
f 2697//2697 2698//2698 2704//2704
f 2697//2697 2704//2704 2703//2703
f 2698//2698 2699//2699 2705//2705
f 2698//2698 2705//2705 2704//2704
f 2699//2699 2700//2700 2706//2706
f 2699//2699 2706//2706 2705//2705
f 2700//2700 2695//2695 2701//2701
f 2700//2700 2701//2701 2706//2706
f 2695//2695 2697//2697 2696//2696
f 2695//2695 2698//2698 2697//2697
f 2695//2695 2699//2699 2698//2698
f 2695//2695 2700//2700 2699//2699
f 2701//2701 2702//2702 2703//2703
f 2701//2701 2703//2703 2704//2704
f 2701//2701 2704//2704 2705//2705
f 2701//2701 2705//2705 2706//2706
f 2707//2707 2708//2708 2714//2714
f 2707//2707 2714//2714 2713//2713
f 2708//2708 2709//2709 2715//2715
f 2708//2708 2715//2715 2714//2714
f 2709//2709 2710//2710 2716//2716
f 2709//2709 2716//2716 2715//2715
f 2710//2710 2711//2711 2717//2717
f 2710//2710 2717//2717 2716//2716
f 2711//2711 2712//2712 2718//2718
f 2711//2711 2718//2718 2717//2717
f 2712//2712 2707//2707 2713//2713
f 2712//2712 2713//2713 2718//2718
f 2707//2707 2709//2709 2708//2708
f 2707//2707 2710//2710 2709//2709
f 2707//2707 2711//2711 2710//2710
f 2707//2707 2712//2712 2711//2711
f 2713//2713 2714//2714 2715//2715
f 2713//2713 2715//2715 2716//2716
f 2713//2713 2716//2716 2717//2717
f 2713//2713 2717//2717 2718//2718
f 2719//2719 2720//2720 2726//2726
f 2719//2719 2726//2726 2725//2725
f 2720//2720 2721//2721 2727//2727
f 2720//2720 2727//2727 2726//2726
f 2721//2721 2722//2722 2728//2728
f 2721//2721 2728//2728 2727//2727
f 2722//2722 2723//2723 2729//2729
f 2722//2722 2729//2729 2728//2728
f 2723//2723 2724//2724 2730//2730
f 2723//2723 2730//2730 2729//2729
f 2724//2724 2719//2719 2725//2725
f 2724//2724 2725//2725 2730//2730
f 2719//2719 2721//2721 2720//2720
f 2719//2719 2722//2722 2721//2721
f 2719//2719 2723//2723 2722//2722
f 2719//2719 2724//2724 2723//2723
f 2725//2725 2726//2726 2727//2727
f 2725//2725 2727//2727 2728//2728
f 2725//2725 2728//2728 2729//2729
f 2725//2725 2729//2729 2730//2730
f 2731//2731 2732//2732 2738//2738
f 2731//2731 2738//2738 2737//2737
f 2732//2732 2733//2733 2739//2739
f 2732//2732 2739//2739 2738//2738
f 2733//2733 2734//2734 2740//2740
f 2733//2733 2740//2740 2739//2739
f 2734//2734 2735//2735 2741//2741
f 2734//2734 2741//2741 2740//2740
f 2735//2735 2736//2736 2742//2742
f 2735//2735 2742//2742 2741//2741
f 2736//2736 2731//2731 2737//2737
f 2736//2736 2737//2737 2742//2742
f 2731//2731 2733//2733 2732//2732
f 2731//2731 2734//2734 2733//2733
f 2731//2731 2735//2735 2734//2734
f 2731//2731 2736//2736 2735//2735
f 2737//2737 2738//2738 2739//2739
f 2737//2737 2739//2739 2740//2740
f 2737//2737 2740//2740 2741//2741
f 2737//2737 2741//2741 2742//2742
f 2743//2743 2744//2744 2750//2750
f 2743//2743 2750//2750 2749//2749
f 2744//2744 2745//2745 2751//2751
f 2744//2744 2751//2751 2750//2750
f 2745//2745 2746//2746 2752//2752
f 2745//2745 2752//2752 2751//2751
f 2746//2746 2747//2747 2753//2753
f 2746//2746 2753//2753 2752//2752
f 2747//2747 2748//2748 2754//2754
f 2747//2747 2754//2754 2753//2753
f 2748//2748 2743//2743 2749//2749
f 2748//2748 2749//2749 2754//2754
f 2743//2743 2745//2745 2744//2744
f 2743//2743 2746//2746 2745//2745
f 2743//2743 2747//2747 2746//2746
f 2743//2743 2748//2748 2747//2747
f 2749//2749 2750//2750 2751//2751
f 2749//2749 2751//2751 2752//2752
f 2749//2749 2752//2752 2753//2753
f 2749//2749 2753//2753 2754//2754
f 2755//2755 2756//2756 2762//2762
f 2755//2755 2762//2762 2761//2761
f 2756//2756 2757//2757 2763//2763
f 2756//2756 2763//2763 2762//2762
f 2757//2757 2758//2758 2764//2764
f 2757//2757 2764//2764 2763//2763
f 2758//2758 2759//2759 2765//2765
f 2758//2758 2765//2765 2764//2764
f 2759//2759 2760//2760 2766//2766
f 2759//2759 2766//2766 2765//2765
f 2760//2760 2755//2755 2761//2761
f 2760//2760 2761//2761 2766//2766
f 2755//2755 2757//2757 2756//2756
f 2755//2755 2758//2758 2757//2757
f 2755//2755 2759//2759 2758//2758
f 2755//2755 2760//2760 2759//2759
f 2761//2761 2762//2762 2763//2763
f 2761//2761 2763//2763 2764//2764
f 2761//2761 2764//2764 2765//2765
f 2761//2761 2765//2765 2766//2766
f 2767//2767 2768//2768 2774//2774
f 2767//2767 2774//2774 2773//2773
f 2768//2768 2769//2769 2775//2775
f 2768//2768 2775//2775 2774//2774
f 2769//2769 2770//2770 2776//2776
f 2769//2769 2776//2776 2775//2775
f 2770//2770 2771//2771 2777//2777
f 2770//2770 2777//2777 2776//2776
f 2771//2771 2772//2772 2778//2778
f 2771//2771 2778//2778 2777//2777
f 2772//2772 2767//2767 2773//2773
f 2772//2772 2773//2773 2778//2778
f 2767//2767 2769//2769 2768//2768
f 2767//2767 2770//2770 2769//2769
f 2767//2767 2771//2771 2770//2770
f 2767//2767 2772//2772 2771//2771
f 2773//2773 2774//2774 2775//2775
f 2773//2773 2775//2775 2776//2776
f 2773//2773 2776//2776 2777//2777
f 2773//2773 2777//2777 2778//2778
f 2779//2779 2780//2780 2786//2786
f 2779//2779 2786//2786 2785//2785
f 2780//2780 2781//2781 2787//2787
f 2780//2780 2787//2787 2786//2786
f 2781//2781 2782//2782 2788//2788
f 2781//2781 2788//2788 2787//2787
f 2782//2782 2783//2783 2789//2789
f 2782//2782 2789//2789 2788//2788
f 2783//2783 2784//2784 2790//2790
f 2783//2783 2790//2790 2789//2789
f 2784//2784 2779//2779 2785//2785
f 2784//2784 2785//2785 2790//2790
f 2779//2779 2781//2781 2780//2780
f 2779//2779 2782//2782 2781//2781
f 2779//2779 2783//2783 2782//2782
f 2779//2779 2784//2784 2783//2783
f 2785//2785 2786//2786 2787//2787
f 2785//2785 2787//2787 2788//2788
f 2785//2785 2788//2788 2789//2789
f 2785//2785 2789//2789 2790//2790
f 2791//2791 2792//2792 2798//2798
f 2791//2791 2798//2798 2797//2797
f 2792//2792 2793//2793 2799//2799
f 2792//2792 2799//2799 2798//2798
f 2793//2793 2794//2794 2800//2800
f 2793//2793 2800//2800 2799//2799
f 2794//2794 2795//2795 2801//2801
f 2794//2794 2801//2801 2800//2800
f 2795//2795 2796//2796 2802//2802
f 2795//2795 2802//2802 2801//2801
f 2796//2796 2791//2791 2797//2797
f 2796//2796 2797//2797 2802//2802
f 2791//2791 2793//2793 2792//2792
f 2791//2791 2794//2794 2793//2793
f 2791//2791 2795//2795 2794//2794
f 2791//2791 2796//2796 2795//2795
f 2797//2797 2798//2798 2799//2799
f 2797//2797 2799//2799 2800//2800
f 2797//2797 2800//2800 2801//2801
f 2797//2797 2801//2801 2802//2802
f 2803//2803 2805//2805 2804//2804
f 2803//2803 2806//2806 2805//2805
f 2803//2803 2807//2807 2806//2806
f 2803//2803 2808//2808 2807//2807
f 2803//2803 2809//2809 2808//2808
f 2803//2803 2810//2810 2809//2809
f 2803//2803 2811//2811 2810//2810
f 2803//2803 2804//2804 2811//2811
f 2804//2804 2805//2805 2813//2813
f 2804//2804 2813//2813 2812//2812
f 2805//2805 2806//2806 2814//2814
f 2805//2805 2814//2814 2813//2813
f 2806//2806 2807//2807 2815//2815
f 2806//2806 2815//2815 2814//2814
f 2807//2807 2808//2808 2816//2816
f 2807//2807 2816//2816 2815//2815
f 2808//2808 2809//2809 2817//2817
f 2808//2808 2817//2817 2816//2816
f 2809//2809 2810//2810 2818//2818
f 2809//2809 2818//2818 2817//2817
f 2810//2810 2811//2811 2819//2819
f 2810//2810 2819//2819 2818//2818
f 2811//2811 2804//2804 2812//2812
f 2811//2811 2812//2812 2819//2819
f 2812//2812 2813//2813 2821//2821
f 2812//2812 2821//2821 2820//2820
f 2813//2813 2814//2814 2822//2822
f 2813//2813 2822//2822 2821//2821
f 2814//2814 2815//2815 2823//2823
f 2814//2814 2823//2823 2822//2822
f 2815//2815 2816//2816 2824//2824
f 2815//2815 2824//2824 2823//2823
f 2816//2816 2817//2817 2825//2825
f 2816//2816 2825//2825 2824//2824
f 2817//2817 2818//2818 2826//2826
f 2817//2817 2826//2826 2825//2825
f 2818//2818 2819//2819 2827//2827
f 2818//2818 2827//2827 2826//2826
f 2819//2819 2812//2812 2820//2820
f 2819//2819 2820//2820 2827//2827
f 2820//2820 2821//2821 2829//2829
f 2820//2820 2829//2829 2828//2828
f 2821//2821 2822//2822 2830//2830
f 2821//2821 2830//2830 2829//2829
f 2822//2822 2823//2823 2831//2831
f 2822//2822 2831//2831 2830//2830
f 2823//2823 2824//2824 2832//2832
f 2823//2823 2832//2832 2831//2831
f 2824//2824 2825//2825 2833//2833
f 2824//2824 2833//2833 2832//2832
f 2825//2825 2826//2826 2834//2834
f 2825//2825 2834//2834 2833//2833
f 2826//2826 2827//2827 2835//2835
f 2826//2826 2835//2835 2834//2834
f 2827//2827 2820//2820 2828//2828
f 2827//2827 2828//2828 2835//2835
f 2836//2836 2828//2828 2829//2829
f 2836//2836 2829//2829 2830//2830
f 2836//2836 2830//2830 2831//2831
f 2836//2836 2831//2831 2832//2832
f 2836//2836 2832//2832 2833//2833
f 2836//2836 2833//2833 2834//2834
f 2836//2836 2834//2834 2835//2835
f 2836//2836 2835//2835 2828//2828
f 2837//2837 2838//2838 2844//2844
f 2837//2837 2844//2844 2843//2843
f 2838//2838 2839//2839 2845//2845
f 2838//2838 2845//2845 2844//2844
f 2839//2839 2840//2840 2846//2846
f 2839//2839 2846//2846 2845//2845
f 2840//2840 2841//2841 2847//2847
f 2840//2840 2847//2847 2846//2846
f 2841//2841 2842//2842 2848//2848
f 2841//2841 2848//2848 2847//2847
f 2842//2842 2837//2837 2843//2843
f 2842//2842 2843//2843 2848//2848
f 2837//2837 2839//2839 2838//2838
f 2837//2837 2840//2840 2839//2839
f 2837//2837 2841//2841 2840//2840
f 2837//2837 2842//2842 2841//2841
f 2843//2843 2844//2844 2845//2845
f 2843//2843 2845//2845 2846//2846
f 2843//2843 2846//2846 2847//2847
f 2843//2843 2847//2847 2848//2848
f 2849//2849 2850//2850 2851//2851
f 2849//2849 2851//2851 2852//2852
f 2853//2853 2854//2854 2855//2855
f 2853//2853 2855//2855 2856//2856
f 2857//2857 2858//2858 2859//2859
f 2857//2857 2859//2859 2860//2860
f 2861//2861 2862//2862 2863//2863
f 2861//2861 2863//2863 2864//2864
f 2865//2865 2866//2866 2867//2867
f 2865//2865 2867//2867 2868//2868
f 2869//2869 2870//2870 2871//2871
f 2869//2869 2871//2871 2872//2872
f 2873//2873 2874//2874 2875//2875
f 2873//2873 2875//2875 2876//2876
f 2877//2877 2878//2878 2879//2879
f 2877//2877 2879//2879 2880//2880
f 2881//2881 2882//2882 2883//2883
f 2881//2881 2883//2883 2884//2884
f 2885//2885 2886//2886 2887//2887
f 2885//2885 2887//2887 2888//2888
f 2889//2889 2890//2890 2891//2891
f 2889//2889 2891//2891 2892//2892
f 2893//2893 2894//2894 2895//2895
f 2893//2893 2895//2895 2896//2896
f 2897//2897 2898//2898 2899//2899
f 2897//2897 2899//2899 2900//2900
f 2901//2901 2902//2902 2903//2903
f 2901//2901 2903//2903 2904//2904
f 2905//2905 2906//2906 2907//2907
f 2905//2905 2907//2907 2908//2908
f 2909//2909 2910//2910 2911//2911
f 2909//2909 2911//2911 2912//2912
f 2913//2913 2914//2914 2915//2915
f 2913//2913 2915//2915 2916//2916
f 2917//2917 2918//2918 2919//2919
f 2917//2917 2919//2919 2920//2920
f 2921//2921 2922//2922 2923//2923
f 2921//2921 2923//2923 2924//2924
f 2925//2925 2926//2926 2927//2927
f 2925//2925 2927//2927 2928//2928
f 2929//2929 2930//2930 2931//2931
f 2929//2929 2931//2931 2932//2932
f 2933//2933 2934//2934 2935//2935
f 2933//2933 2935//2935 2936//2936
f 2937//2937 2938//2938 2939//2939
f 2937//2937 2939//2939 2940//2940
f 2941//2941 2942//2942 2943//2943
f 2941//2941 2943//2943 2944//2944
f 2945//2945 2946//2946 2952//2952
f 2945//2945 2952//2952 2951//2951
f 2946//2946 2947//2947 2953//2953
f 2946//2946 2953//2953 2952//2952
f 2947//2947 2948//2948 2954//2954
f 2947//2947 2954//2954 2953//2953
f 2948//2948 2949//2949 2955//2955
f 2948//2948 2955//2955 2954//2954
f 2949//2949 2950//2950 2956//2956
f 2949//2949 2956//2956 2955//2955
f 2950//2950 2945//2945 2951//2951
f 2950//2950 2951//2951 2956//2956
f 2945//2945 2947//2947 2946//2946
f 2945//2945 2948//2948 2947//2947
f 2945//2945 2949//2949 2948//2948
f 2945//2945 2950//2950 2949//2949
f 2951//2951 2952//2952 2953//2953
f 2951//2951 2953//2953 2954//2954
f 2951//2951 2954//2954 2955//2955
f 2951//2951 2955//2955 2956//2956
f 2957//2957 2958//2958 2959//2959
f 2957//2957 2959//2959 2960//2960
f 2961//2961 2962//2962 2963//2963
f 2961//2961 2963//2963 2964//2964
f 2965//2965 2966//2966 2967//2967
f 2965//2965 2967//2967 2968//2968
f 2969//2969 2970//2970 2971//2971
f 2969//2969 2971//2971 2972//2972
f 2973//2973 2974//2974 2975//2975
f 2973//2973 2975//2975 2976//2976
f 2977//2977 2978//2978 2979//2979
f 2977//2977 2979//2979 2980//2980
f 2981//2981 2982//2982 2983//2983
f 2981//2981 2983//2983 2984//2984
f 2985//2985 2986//2986 2987//2987
f 2985//2985 2987//2987 2988//2988
f 2989//2989 2990//2990 2991//2991
f 2989//2989 2991//2991 2992//2992
f 2993//2993 2994//2994 2995//2995
f 2993//2993 2995//2995 2996//2996
f 2997//2997 2998//2998 2999//2999
f 2997//2997 2999//2999 3000//3000
f 3001//3001 3002//3002 3003//3003
f 3001//3001 3003//3003 3004//3004
f 3005//3005 3006//3006 3012//3012
f 3005//3005 3012//3012 3011//3011
f 3006//3006 3007//3007 3013//3013
f 3006//3006 3013//3013 3012//3012
f 3007//3007 3008//3008 3014//3014
f 3007//3007 3014//3014 3013//3013
f 3008//3008 3009//3009 3015//3015
f 3008//3008 3015//3015 3014//3014
f 3009//3009 3010//3010 3016//3016
f 3009//3009 3016//3016 3015//3015
f 3010//3010 3005//3005 3011//3011
f 3010//3010 3011//3011 3016//3016
f 3005//3005 3007//3007 3006//3006
f 3005//3005 3008//3008 3007//3007
f 3005//3005 3009//3009 3008//3008
f 3005//3005 3010//3010 3009//3009
f 3011//3011 3012//3012 3013//3013
f 3011//3011 3013//3013 3014//3014
f 3011//3011 3014//3014 3015//3015
f 3011//3011 3015//3015 3016//3016
f 3017//3017 3018//3018 3019//3019
f 3017//3017 3019//3019 3020//3020
f 3021//3021 3022//3022 3023//3023
f 3021//3021 3023//3023 3024//3024
f 3025//3025 3026//3026 3027//3027
f 3025//3025 3027//3027 3028//3028
f 3029//3029 3030//3030 3031//3031
f 3029//3029 3031//3031 3032//3032
f 3033//3033 3034//3034 3035//3035
f 3033//3033 3035//3035 3036//3036
f 3037//3037 3038//3038 3039//3039
f 3037//3037 3039//3039 3040//3040
f 3041//3041 3042//3042 3043//3043
f 3041//3041 3043//3043 3044//3044
f 3045//3045 3046//3046 3047//3047
f 3045//3045 3047//3047 3048//3048
f 3049//3049 3050//3050 3051//3051
f 3049//3049 3051//3051 3052//3052
f 3053//3053 3054//3054 3055//3055
f 3053//3053 3055//3055 3056//3056
f 3057//3057 3058//3058 3059//3059
f 3057//3057 3059//3059 3060//3060
f 3061//3061 3062//3062 3063//3063
f 3061//3061 3063//3063 3064//3064
