# Dongfeng sandbox; metres; X right, Y far, Z up
mtllib scene.mtl
usemtl steel
v 0.332500 0.882500 0.012000
v 0.332500 0.917500 0.012000
v 0.367500 0.917500 0.012000
v 0.367500 0.882500 0.012000
v 0.332500 0.882500 0.024000
v 0.367500 0.882500 0.024000
v 0.367500 0.917500 0.024000
v 0.332500 0.917500 0.024000
v 0.332500 0.882500 0.012000
v 0.367500 0.882500 0.012000
v 0.367500 0.882500 0.024000
v 0.332500 0.882500 0.024000
v 0.367500 0.882500 0.012000
v 0.367500 0.917500 0.012000
v 0.367500 0.917500 0.024000
v 0.367500 0.882500 0.024000
v 0.367500 0.917500 0.012000
v 0.332500 0.917500 0.012000
v 0.332500 0.917500 0.024000
v 0.367500 0.917500 0.024000
v 0.332500 0.917500 0.012000
v 0.332500 0.882500 0.012000
v 0.332500 0.882500 0.024000
v 0.332500 0.917500 0.024000
v 0.332500 1.982500 0.012000
v 0.332500 2.017500 0.012000
v 0.367500 2.017500 0.012000
v 0.367500 1.982500 0.012000
v 0.332500 1.982500 0.024000
v 0.367500 1.982500 0.024000
v 0.367500 2.017500 0.024000
v 0.332500 2.017500 0.024000
v 0.332500 1.982500 0.012000
v 0.367500 1.982500 0.012000
v 0.367500 1.982500 0.024000
v 0.332500 1.982500 0.024000
v 0.367500 1.982500 0.012000
v 0.367500 2.017500 0.012000
v 0.367500 2.017500 0.024000
v 0.367500 1.982500 0.024000
v 0.367500 2.017500 0.012000
v 0.332500 2.017500 0.012000
v 0.332500 2.017500 0.024000
v 0.367500 2.017500 0.024000
v 0.332500 2.017500 0.012000
v 0.332500 1.982500 0.012000
v 0.332500 1.982500 0.024000
v 0.332500 2.017500 0.024000
v 0.332500 3.132500 0.012000
v 0.332500 3.167500 0.012000
v 0.367500 3.167500 0.012000
v 0.367500 3.132500 0.012000
v 0.332500 3.132500 0.024000
v 0.367500 3.132500 0.024000
v 0.367500 3.167500 0.024000
v 0.332500 3.167500 0.024000
v 0.332500 3.132500 0.012000
v 0.367500 3.132500 0.012000
v 0.367500 3.132500 0.024000
v 0.332500 3.132500 0.024000
v 0.367500 3.132500 0.012000
v 0.367500 3.167500 0.012000
v 0.367500 3.167500 0.024000
v 0.367500 3.132500 0.024000
v 0.367500 3.167500 0.012000
v 0.332500 3.167500 0.012000
v 0.332500 3.167500 0.024000
v 0.367500 3.167500 0.024000
v 0.332500 3.167500 0.012000
v 0.332500 3.132500 0.012000
v 0.332500 3.132500 0.024000
v 0.332500 3.167500 0.024000
v 1.262500 0.762500 0.012000
v 1.262500 0.797500 0.012000
v 1.297500 0.797500 0.012000
v 1.297500 0.762500 0.012000
v 1.262500 0.762500 0.024000
v 1.297500 0.762500 0.024000
v 1.297500 0.797500 0.024000
v 1.262500 0.797500 0.024000
v 1.262500 0.762500 0.012000
v 1.297500 0.762500 0.012000
v 1.297500 0.762500 0.024000
v 1.262500 0.762500 0.024000
v 1.297500 0.762500 0.012000
v 1.297500 0.797500 0.012000
v 1.297500 0.797500 0.024000
v 1.297500 0.762500 0.024000
v 1.297500 0.797500 0.012000
v 1.262500 0.797500 0.012000
v 1.262500 0.797500 0.024000
v 1.297500 0.797500 0.024000
v 1.262500 0.797500 0.012000
v 1.262500 0.762500 0.012000
v 1.262500 0.762500 0.024000
v 1.262500 0.797500 0.024000
v 1.262500 1.882500 0.012000
v 1.262500 1.917500 0.012000
v 1.297500 1.917500 0.012000
v 1.297500 1.882500 0.012000
v 1.262500 1.882500 0.024000
v 1.297500 1.882500 0.024000
v 1.297500 1.917500 0.024000
v 1.262500 1.917500 0.024000
v 1.262500 1.882500 0.012000
v 1.297500 1.882500 0.012000
v 1.297500 1.882500 0.024000
v 1.262500 1.882500 0.024000
v 1.297500 1.882500 0.012000
v 1.297500 1.917500 0.012000
v 1.297500 1.917500 0.024000
v 1.297500 1.882500 0.024000
v 1.297500 1.917500 0.012000
v 1.262500 1.917500 0.012000
v 1.262500 1.917500 0.024000
v 1.297500 1.917500 0.024000
v 1.262500 1.917500 0.012000
v 1.262500 1.882500 0.012000
v 1.262500 1.882500 0.024000
v 1.262500 1.917500 0.024000
v 1.272500 3.262500 0.012000
v 1.272500 3.297500 0.012000
v 1.307500 3.297500 0.012000
v 1.307500 3.262500 0.012000
v 1.272500 3.262500 0.024000
v 1.307500 3.262500 0.024000
v 1.307500 3.297500 0.024000
v 1.272500 3.297500 0.024000
v 1.272500 3.262500 0.012000
v 1.307500 3.262500 0.012000
v 1.307500 3.262500 0.024000
v 1.272500 3.262500 0.024000
v 1.307500 3.262500 0.012000
v 1.307500 3.297500 0.012000
v 1.307500 3.297500 0.024000
v 1.307500 3.262500 0.024000
v 1.307500 3.297500 0.012000
v 1.272500 3.297500 0.012000
v 1.272500 3.297500 0.024000
v 1.307500 3.297500 0.024000
v 1.272500 3.297500 0.012000
v 1.272500 3.262500 0.012000
v 1.272500 3.262500 0.024000
v 1.272500 3.297500 0.024000
v 2.932500 0.882500 0.012000
v 2.932500 0.917500 0.012000
v 2.967500 0.917500 0.012000
v 2.967500 0.882500 0.012000
v 2.932500 0.882500 0.024000
v 2.967500 0.882500 0.024000
v 2.967500 0.917500 0.024000
v 2.932500 0.917500 0.024000
v 2.932500 0.882500 0.012000
v 2.967500 0.882500 0.012000
v 2.967500 0.882500 0.024000
v 2.932500 0.882500 0.024000
v 2.967500 0.882500 0.012000
v 2.967500 0.917500 0.012000
v 2.967500 0.917500 0.024000
v 2.967500 0.882500 0.024000
v 2.967500 0.917500 0.012000
v 2.932500 0.917500 0.012000
v 2.932500 0.917500 0.024000
v 2.967500 0.917500 0.024000
v 2.932500 0.917500 0.012000
v 2.932500 0.882500 0.012000
v 2.932500 0.882500 0.024000
v 2.932500 0.917500 0.024000
v 2.932500 1.982500 0.012000
v 2.932500 2.017500 0.012000
v 2.967500 2.017500 0.012000
v 2.967500 1.982500 0.012000
v 2.932500 1.982500 0.024000
v 2.967500 1.982500 0.024000
v 2.967500 2.017500 0.024000
v 2.932500 2.017500 0.024000
v 2.932500 1.982500 0.012000
v 2.967500 1.982500 0.012000
v 2.967500 1.982500 0.024000
v 2.932500 1.982500 0.024000
v 2.967500 1.982500 0.012000
v 2.967500 2.017500 0.012000
v 2.967500 2.017500 0.024000
v 2.967500 1.982500 0.024000
v 2.967500 2.017500 0.012000
v 2.932500 2.017500 0.012000
v 2.932500 2.017500 0.024000
v 2.967500 2.017500 0.024000
v 2.932500 2.017500 0.012000
v 2.932500 1.982500 0.012000
v 2.932500 1.982500 0.024000
v 2.932500 2.017500 0.024000
v 2.932500 3.132500 0.012000
v 2.932500 3.167500 0.012000
v 2.967500 3.167500 0.012000
v 2.967500 3.132500 0.012000
v 2.932500 3.132500 0.024000
v 2.967500 3.132500 0.024000
v 2.967500 3.167500 0.024000
v 2.932500 3.167500 0.024000
v 2.932500 3.132500 0.012000
v 2.967500 3.132500 0.012000
v 2.967500 3.132500 0.024000
v 2.932500 3.132500 0.024000
v 2.967500 3.132500 0.012000
v 2.967500 3.167500 0.012000
v 2.967500 3.167500 0.024000
v 2.967500 3.132500 0.024000
v 2.967500 3.167500 0.012000
v 2.932500 3.167500 0.012000
v 2.932500 3.167500 0.024000
v 2.967500 3.167500 0.024000
v 2.932500 3.167500 0.012000
v 2.932500 3.132500 0.012000
v 2.932500 3.132500 0.024000
v 2.932500 3.167500 0.024000
v 2.002500 0.782500 0.012000
v 2.002500 0.817500 0.012000
v 2.037500 0.817500 0.012000
v 2.037500 0.782500 0.012000
v 2.002500 0.782500 0.024000
v 2.037500 0.782500 0.024000
v 2.037500 0.817500 0.024000
v 2.002500 0.817500 0.024000
v 2.002500 0.782500 0.012000
v 2.037500 0.782500 0.012000
v 2.037500 0.782500 0.024000
v 2.002500 0.782500 0.024000
v 2.037500 0.782500 0.012000
v 2.037500 0.817500 0.012000
v 2.037500 0.817500 0.024000
v 2.037500 0.782500 0.024000
v 2.037500 0.817500 0.012000
v 2.002500 0.817500 0.012000
v 2.002500 0.817500 0.024000
v 2.037500 0.817500 0.024000
v 2.002500 0.817500 0.012000
v 2.002500 0.782500 0.012000
v 2.002500 0.782500 0.024000
v 2.002500 0.817500 0.024000
v 2.002500 1.922500 0.012000
v 2.002500 1.957500 0.012000
v 2.037500 1.957500 0.012000
v 2.037500 1.922500 0.012000
v 2.002500 1.922500 0.024000
v 2.037500 1.922500 0.024000
v 2.037500 1.957500 0.024000
v 2.002500 1.957500 0.024000
v 2.002500 1.922500 0.012000
v 2.037500 1.922500 0.012000
v 2.037500 1.922500 0.024000
v 2.002500 1.922500 0.024000
v 2.037500 1.922500 0.012000
v 2.037500 1.957500 0.012000
v 2.037500 1.957500 0.024000
v 2.037500 1.922500 0.024000
v 2.037500 1.957500 0.012000
v 2.002500 1.957500 0.012000
v 2.002500 1.957500 0.024000
v 2.037500 1.957500 0.024000
v 2.002500 1.957500 0.012000
v 2.002500 1.922500 0.012000
v 2.002500 1.922500 0.024000
v 2.002500 1.957500 0.024000
v 2.042500 3.262500 0.012000
v 2.042500 3.297500 0.012000
v 2.077500 3.297500 0.012000
v 2.077500 3.262500 0.012000
v 2.042500 3.262500 0.024000
v 2.077500 3.262500 0.024000
v 2.077500 3.297500 0.024000
v 2.042500 3.297500 0.024000
v 2.042500 3.262500 0.012000
v 2.077500 3.262500 0.012000
v 2.077500 3.262500 0.024000
v 2.042500 3.262500 0.024000
v 2.077500 3.262500 0.012000
v 2.077500 3.297500 0.012000
v 2.077500 3.297500 0.024000
v 2.077500 3.262500 0.024000
v 2.077500 3.297500 0.012000
v 2.042500 3.297500 0.012000
v 2.042500 3.297500 0.024000
v 2.077500 3.297500 0.024000
v 2.042500 3.297500 0.012000
v 2.042500 3.262500 0.012000
v 2.042500 3.262500 0.024000
v 2.042500 3.297500 0.024000
v 2.512500 2.737500 0.012000
v 2.512500 2.772500 0.012000
v 2.547500 2.772500 0.012000
v 2.547500 2.737500 0.012000
v 2.512500 2.737500 0.024000
v 2.547500 2.737500 0.024000
v 2.547500 2.772500 0.024000
v 2.512500 2.772500 0.024000
v 2.512500 2.737500 0.012000
v 2.547500 2.737500 0.012000
v 2.547500 2.737500 0.024000
v 2.512500 2.737500 0.024000
v 2.547500 2.737500 0.012000
v 2.547500 2.772500 0.012000
v 2.547500 2.772500 0.024000
v 2.547500 2.737500 0.024000
v 2.547500 2.772500 0.012000
v 2.512500 2.772500 0.012000
v 2.512500 2.772500 0.024000
v 2.547500 2.772500 0.024000
v 2.512500 2.772500 0.012000
v 2.512500 2.737500 0.012000
v 2.512500 2.737500 0.024000
v 2.512500 2.772500 0.024000
v 0.882500 4.139017 0.012000
v 0.882500 4.174017 0.012000
v 0.917500 4.174017 0.012000
v 0.917500 4.139017 0.012000
v 0.882500 4.139017 0.024000
v 0.917500 4.139017 0.024000
v 0.917500 4.174017 0.024000
v 0.882500 4.174017 0.024000
v 0.882500 4.139017 0.012000
v 0.917500 4.139017 0.012000
v 0.917500 4.139017 0.024000
v 0.882500 4.139017 0.024000
v 0.917500 4.139017 0.012000
v 0.917500 4.174017 0.012000
v 0.917500 4.174017 0.024000
v 0.917500 4.139017 0.024000
v 0.917500 4.174017 0.012000
v 0.882500 4.174017 0.012000
v 0.882500 4.174017 0.024000
v 0.917500 4.174017 0.024000
v 0.882500 4.174017 0.012000
v 0.882500 4.139017 0.012000
v 0.882500 4.139017 0.024000
v 0.882500 4.174017 0.024000
v 2.382500 4.134615 0.014000
v 2.382500 4.169615 0.014000
v 2.417500 4.169615 0.014000
v 2.417500 4.134615 0.014000
v 2.382500 4.134615 0.026000
v 2.417500 4.134615 0.026000
v 2.417500 4.169615 0.026000
v 2.382500 4.169615 0.026000
v 2.382500 4.134615 0.014000
v 2.417500 4.134615 0.014000
v 2.417500 4.134615 0.026000
v 2.382500 4.134615 0.026000
v 2.417500 4.134615 0.014000
v 2.417500 4.169615 0.014000
v 2.417500 4.169615 0.026000
v 2.417500 4.134615 0.026000
v 2.417500 4.169615 0.014000
v 2.382500 4.169615 0.014000
v 2.382500 4.169615 0.026000
v 2.417500 4.169615 0.026000
v 2.382500 4.169615 0.014000
v 2.382500 4.134615 0.014000
v 2.382500 4.134615 0.026000
v 2.382500 4.169615 0.026000
v 1.632500 4.482500 0.012000
v 1.632500 4.517500 0.012000
v 1.667500 4.517500 0.012000
v 1.667500 4.482500 0.012000
v 1.632500 4.482500 0.024000
v 1.667500 4.482500 0.024000
v 1.667500 4.517500 0.024000
v 1.632500 4.517500 0.024000
v 1.632500 4.482500 0.012000
v 1.667500 4.482500 0.012000
v 1.667500 4.482500 0.024000
v 1.632500 4.482500 0.024000
v 1.667500 4.482500 0.012000
v 1.667500 4.517500 0.012000
v 1.667500 4.517500 0.024000
v 1.667500 4.482500 0.024000
v 1.667500 4.517500 0.012000
v 1.632500 4.517500 0.012000
v 1.632500 4.517500 0.024000
v 1.667500 4.517500 0.024000
v 1.632500 4.517500 0.012000
v 1.632500 4.482500 0.012000
v 1.632500 4.482500 0.024000
v 1.632500 4.517500 0.024000
v 0.410000 2.056000 0.010000
v 0.405757 2.054243 0.010000
v 0.404000 2.050000 0.010000
v 0.405757 2.045757 0.010000
v 0.410000 2.044000 0.010000
v 0.414243 2.045757 0.010000
v 0.416000 2.050000 0.010000
v 0.414243 2.054243 0.010000
v 0.410000 2.056000 0.260000
v 0.405757 2.054243 0.260000
v 0.404000 2.050000 0.260000
v 0.405757 2.045757 0.260000
v 0.410000 2.044000 0.260000
v 0.414243 2.045757 0.260000
v 0.416000 2.050000 0.260000
v 0.414243 2.054243 0.260000
v 0.410000 2.045000 0.260000
v 0.410000 2.046464 0.256464
v 0.410000 2.050000 0.255000
v 0.410000 2.053535 0.256464
v 0.410000 2.055000 0.260000
v 0.410000 2.053535 0.263536
v 0.410000 2.050000 0.265000
v 0.410000 2.046464 0.263536
v 0.650000 2.045000 0.260000
v 0.650000 2.046464 0.256464
v 0.650000 2.050000 0.255000
v 0.650000 2.053535 0.256464
v 0.650000 2.055000 0.260000
v 0.650000 2.053535 0.263536
v 0.650000 2.050000 0.265000
v 0.650000 2.046464 0.263536
v 1.260000 2.066000 0.010000
v 1.255757 2.064243 0.010000
v 1.254000 2.060000 0.010000
v 1.255757 2.055757 0.010000
v 1.260000 2.054000 0.010000
v 1.264243 2.055757 0.010000
v 1.266000 2.060000 0.010000
v 1.264243 2.064243 0.010000
v 1.260000 2.066000 0.260000
v 1.255757 2.064243 0.260000
v 1.254000 2.060000 0.260000
v 1.255757 2.055757 0.260000
v 1.260000 2.054000 0.260000
v 1.264243 2.055757 0.260000
v 1.266000 2.060000 0.260000
v 1.264243 2.064243 0.260000
v 1.265000 2.060000 0.260000
v 1.263535 2.060000 0.256464
v 1.260000 2.060000 0.255000
v 1.256464 2.060000 0.256464
v 1.255000 2.060000 0.260000
v 1.256464 2.060000 0.263536
v 1.260000 2.060000 0.265000
v 1.263535 2.060000 0.263536
v 1.265000 2.300000 0.260000
v 1.263535 2.300000 0.256464
v 1.260000 2.300000 0.255000
v 1.256464 2.300000 0.256464
v 1.255000 2.300000 0.260000
v 1.256464 2.300000 0.263536
v 1.260000 2.300000 0.265000
v 1.263535 2.300000 0.263536
v 2.040000 2.776000 0.010000
v 2.035757 2.774243 0.010000
v 2.034000 2.770000 0.010000
v 2.035757 2.765757 0.010000
v 2.040000 2.764000 0.010000
v 2.044243 2.765757 0.010000
v 2.046000 2.770000 0.010000
v 2.044243 2.774243 0.010000
v 2.040000 2.776000 0.260000
v 2.035757 2.774243 0.260000
v 2.034000 2.770000 0.260000
v 2.035757 2.765757 0.260000
v 2.040000 2.764000 0.260000
v 2.044243 2.765757 0.260000
v 2.046000 2.770000 0.260000
v 2.044243 2.774243 0.260000
v 2.035000 2.770000 0.260000
v 2.036464 2.770000 0.256464
v 2.040000 2.770000 0.255000
v 2.043535 2.770000 0.256464
v 2.045000 2.770000 0.260000
v 2.043535 2.770000 0.263536
v 2.040000 2.770000 0.265000
v 2.036464 2.770000 0.263536
v 2.035000 2.530000 0.260000
v 2.036464 2.530000 0.256464
v 2.040000 2.530000 0.255000
v 2.043535 2.530000 0.256464
v 2.045000 2.530000 0.260000
v 2.043535 2.530000 0.263536
v 2.040000 2.530000 0.265000
v 2.036464 2.530000 0.263536
v 2.890000 2.776000 0.010000
v 2.885757 2.774243 0.010000
v 2.884000 2.770000 0.010000
v 2.885757 2.765757 0.010000
v 2.890000 2.764000 0.010000
v 2.894243 2.765757 0.010000
v 2.896000 2.770000 0.010000
v 2.894243 2.774243 0.010000
v 2.890000 2.776000 0.260000
v 2.885757 2.774243 0.260000
v 2.884000 2.770000 0.260000
v 2.885757 2.765757 0.260000
v 2.890000 2.764000 0.260000
v 2.894243 2.765757 0.260000
v 2.896000 2.770000 0.260000
v 2.894243 2.774243 0.260000
v 2.890000 2.775000 0.260000
v 2.890000 2.773535 0.256464
v 2.890000 2.770000 0.255000
v 2.890000 2.766464 0.256464
v 2.890000 2.765000 0.260000
v 2.890000 2.766464 0.263536
v 2.890000 2.770000 0.265000
v 2.890000 2.773535 0.263536
v 2.650000 2.775000 0.260000
v 2.650000 2.773535 0.256464
v 2.650000 2.770000 0.255000
v 2.650000 2.766464 0.256464
v 2.650000 2.765000 0.260000
v 2.650000 2.766464 0.263536
v 2.650000 2.770000 0.265000
v 2.650000 2.773535 0.263536
v 0.420000 2.776000 0.010000
v 0.415757 2.774243 0.010000
v 0.414000 2.770000 0.010000
v 0.415757 2.765757 0.010000
v 0.420000 2.764000 0.010000
v 0.424243 2.765757 0.010000
v 0.426000 2.770000 0.010000
v 0.424243 2.774243 0.010000
v 0.420000 2.776000 0.260000
v 0.415757 2.774243 0.260000
v 0.414000 2.770000 0.260000
v 0.415757 2.765757 0.260000
v 0.420000 2.764000 0.260000
v 0.424243 2.765757 0.260000
v 0.426000 2.770000 0.260000
v 0.424243 2.774243 0.260000
v 0.420000 2.765000 0.260000
v 0.420000 2.766464 0.256464
v 0.420000 2.770000 0.255000
v 0.420000 2.773535 0.256464
v 0.420000 2.775000 0.260000
v 0.420000 2.773535 0.263536
v 0.420000 2.770000 0.265000
v 0.420000 2.766464 0.263536
v 0.660000 2.765000 0.260000
v 0.660000 2.766464 0.256464
v 0.660000 2.770000 0.255000
v 0.660000 2.773535 0.256464
v 0.660000 2.775000 0.260000
v 0.660000 2.773535 0.263536
v 0.660000 2.770000 0.265000
v 0.660000 2.766464 0.263536
v 2.880000 2.056000 0.010000
v 2.875757 2.054243 0.010000
v 2.874000 2.050000 0.010000
v 2.875757 2.045757 0.010000
v 2.880000 2.044000 0.010000
v 2.884243 2.045757 0.010000
v 2.886000 2.050000 0.010000
v 2.884243 2.054243 0.010000
v 2.880000 2.056000 0.260000
v 2.875757 2.054243 0.260000
v 2.874000 2.050000 0.260000
v 2.875757 2.045757 0.260000
v 2.880000 2.044000 0.260000
v 2.884243 2.045757 0.260000
v 2.886000 2.050000 0.260000
v 2.884243 2.054243 0.260000
v 2.880000 2.055000 0.260000
v 2.880000 2.053535 0.256464
v 2.880000 2.050000 0.255000
v 2.880000 2.046464 0.256464
v 2.880000 2.045000 0.260000
v 2.880000 2.046464 0.263536
v 2.880000 2.050000 0.265000
v 2.880000 2.053535 0.263536
v 2.640000 2.055000 0.260000
v 2.640000 2.053535 0.256464
v 2.640000 2.050000 0.255000
v 2.640000 2.046464 0.256464
v 2.640000 2.045000 0.260000
v 2.640000 2.046464 0.263536
v 2.640000 2.050000 0.265000
v 2.640000 2.053535 0.263536
v 0.075000 3.376000 0.010000
v 0.070757 3.374243 0.010000
v 0.069000 3.370000 0.010000
v 0.070757 3.365757 0.010000
v 0.075000 3.364000 0.010000
v 0.079243 3.365757 0.010000
v 0.081000 3.370000 0.010000
v 0.079243 3.374243 0.010000
v 0.075000 3.376000 0.260000
v 0.070757 3.374243 0.260000
v 0.069000 3.370000 0.260000
v 0.070757 3.365757 0.260000
v 0.075000 3.364000 0.260000
v 0.079243 3.365757 0.260000
v 0.081000 3.370000 0.260000
v 0.079243 3.374243 0.260000
v 0.075000 3.365000 0.260000
v 0.075000 3.366464 0.256464
v 0.075000 3.370000 0.255000
v 0.075000 3.373536 0.256464
v 0.075000 3.375000 0.260000
v 0.075000 3.373536 0.263536
v 0.075000 3.370000 0.265000
v 0.075000 3.366464 0.263536
v 0.315000 3.365000 0.260000
v 0.315000 3.366464 0.256464
v 0.315000 3.370000 0.255000
v 0.315000 3.373536 0.256464
v 0.315000 3.375000 0.260000
v 0.315000 3.373536 0.263536
v 0.315000 3.370000 0.265000
v 0.315000 3.366464 0.263536
v 3.225000 3.506000 0.010000
v 3.220757 3.504243 0.010000
v 3.219000 3.500000 0.010000
v 3.220757 3.495757 0.010000
v 3.225000 3.494000 0.010000
v 3.229243 3.495757 0.010000
v 3.231000 3.500000 0.010000
v 3.229243 3.504243 0.010000
v 3.225000 3.506000 0.260000
v 3.220757 3.504243 0.260000
v 3.219000 3.500000 0.260000
v 3.220757 3.495757 0.260000
v 3.225000 3.494000 0.260000
v 3.229243 3.495757 0.260000
v 3.231000 3.500000 0.260000
v 3.229243 3.504243 0.260000
v 3.225000 3.505000 0.260000
v 3.225000 3.503536 0.256464
v 3.225000 3.500000 0.255000
v 3.225000 3.496464 0.256464
v 3.225000 3.495000 0.260000
v 3.225000 3.496464 0.263536
v 3.225000 3.500000 0.265000
v 3.225000 3.503536 0.263536
v 2.985000 3.505000 0.260000
v 2.985000 3.503536 0.256464
v 2.985000 3.500000 0.255000
v 2.985000 3.496464 0.256464
v 2.985000 3.495000 0.260000
v 2.985000 3.496464 0.263536
v 2.985000 3.500000 0.265000
v 2.985000 3.503536 0.263536
v 0.967500 4.992500 0.130000
v 0.967500 5.057500 0.130000
v 1.032500 5.057500 0.130000
v 1.032500 4.992500 0.130000
v 0.967500 4.992500 0.150000
v 1.032500 4.992500 0.150000
v 1.032500 5.057500 0.150000
v 0.967500 5.057500 0.150000
v 0.967500 4.992500 0.130000
v 1.032500 4.992500 0.130000
v 1.032500 4.992500 0.150000
v 0.967500 4.992500 0.150000
v 1.032500 4.992500 0.130000
v 1.032500 5.057500 0.130000
v 1.032500 5.057500 0.150000
v 1.032500 4.992500 0.150000
v 1.032500 5.057500 0.130000
v 0.967500 5.057500 0.130000
v 0.967500 5.057500 0.150000
v 1.032500 5.057500 0.150000
v 0.967500 5.057500 0.130000
v 0.967500 4.992500 0.130000
v 0.967500 4.992500 0.150000
v 0.967500 5.057500 0.150000
v 0.967500 5.357500 0.130000
v 0.967500 5.422500 0.130000
v 1.032500 5.422500 0.130000
v 1.032500 5.357500 0.130000
v 0.967500 5.357500 0.150000
v 1.032500 5.357500 0.150000
v 1.032500 5.422500 0.150000
v 0.967500 5.422500 0.150000
v 0.967500 5.357500 0.130000
v 1.032500 5.357500 0.130000
v 1.032500 5.357500 0.150000
v 0.967500 5.357500 0.150000
v 1.032500 5.357500 0.130000
v 1.032500 5.422500 0.130000
v 1.032500 5.422500 0.150000
v 1.032500 5.357500 0.150000
v 1.032500 5.422500 0.130000
v 0.967500 5.422500 0.130000
v 0.967500 5.422500 0.150000
v 1.032500 5.422500 0.150000
v 0.967500 5.422500 0.130000
v 0.967500 5.357500 0.130000
v 0.967500 5.357500 0.150000
v 0.967500 5.422500 0.150000
v 0.968000 5.025000 0.570000
v 0.965927 5.025000 0.567147
v 0.962573 5.025000 0.568237
v 0.962573 5.025000 0.571763
v 0.965927 5.025000 0.572853
v 0.968000 5.390000 0.570000
v 0.965927 5.390000 0.567147
v 0.962573 5.390000 0.568237
v 0.962573 5.390000 0.571763
v 0.965927 5.390000 0.572853
v 0.968000 5.025000 0.615000
v 0.965927 5.025000 0.612147
v 0.962573 5.025000 0.613237
v 0.962573 5.025000 0.616763
v 0.965927 5.025000 0.617853
v 0.968000 5.390000 0.615000
v 0.965927 5.390000 0.612147
v 0.962573 5.390000 0.613237
v 0.962573 5.390000 0.616763
v 0.965927 5.390000 0.617853
v 0.967200 5.025000 0.570000
v 0.965000 5.026545 0.568434
v 0.962800 5.025000 0.570000
v 0.965000 5.023455 0.571566
v 0.967200 5.070625 0.615000
v 0.965000 5.072170 0.613434
v 0.962800 5.070625 0.615000
v 0.965000 5.069080 0.616566
v 0.967200 5.025000 0.615000
v 0.965000 5.023455 0.613434
v 0.962800 5.025000 0.615000
v 0.965000 5.026545 0.616566
v 0.967200 5.070625 0.570000
v 0.965000 5.069080 0.568434
v 0.962800 5.070625 0.570000
v 0.965000 5.072170 0.571566
v 0.967200 5.070625 0.570000
v 0.965000 5.072170 0.568434
v 0.962800 5.070625 0.570000
v 0.965000 5.069080 0.571566
v 0.967200 5.116250 0.615000
v 0.965000 5.117795 0.613434
v 0.962800 5.116250 0.615000
v 0.965000 5.114705 0.616566
v 0.967200 5.070625 0.615000
v 0.965000 5.069080 0.613434
v 0.962800 5.070625 0.615000
v 0.965000 5.072170 0.616566
v 0.967200 5.116250 0.570000
v 0.965000 5.114705 0.568434
v 0.962800 5.116250 0.570000
v 0.965000 5.117795 0.571566
v 0.967200 5.116250 0.570000
v 0.965000 5.117795 0.568434
v 0.962800 5.116250 0.570000
v 0.965000 5.114705 0.571566
v 0.967200 5.161875 0.615000
v 0.965000 5.163420 0.613434
v 0.962800 5.161875 0.615000
v 0.965000 5.160330 0.616566
v 0.967200 5.116250 0.615000
v 0.965000 5.114705 0.613434
v 0.962800 5.116250 0.615000
v 0.965000 5.117795 0.616566
v 0.967200 5.161875 0.570000
v 0.965000 5.160330 0.568434
v 0.962800 5.161875 0.570000
v 0.965000 5.163420 0.571566
v 0.967200 5.161875 0.570000
v 0.965000 5.163420 0.568434
v 0.962800 5.161875 0.570000
v 0.965000 5.160330 0.571566
v 0.967200 5.207500 0.615000
v 0.965000 5.209045 0.613434
v 0.962800 5.207500 0.615000
v 0.965000 5.205955 0.616566
v 0.967200 5.161875 0.615000
v 0.965000 5.160330 0.613434
v 0.962800 5.161875 0.615000
v 0.965000 5.163420 0.616566
v 0.967200 5.207500 0.570000
v 0.965000 5.205955 0.568434
v 0.962800 5.207500 0.570000
v 0.965000 5.209045 0.571566
v 0.967200 5.207500 0.570000
v 0.965000 5.209045 0.568434
v 0.962800 5.207500 0.570000
v 0.965000 5.205955 0.571566
v 0.967200 5.253125 0.615000
v 0.965000 5.254670 0.613434
v 0.962800 5.253125 0.615000
v 0.965000 5.251580 0.616566
v 0.967200 5.207500 0.615000
v 0.965000 5.205955 0.613434
v 0.962800 5.207500 0.615000
v 0.965000 5.209045 0.616566
v 0.967200 5.253125 0.570000
v 0.965000 5.251580 0.568434
v 0.962800 5.253125 0.570000
v 0.965000 5.254670 0.571566
v 0.967200 5.253125 0.570000
v 0.965000 5.254670 0.568434
v 0.962800 5.253125 0.570000
v 0.965000 5.251580 0.571566
v 0.967200 5.298750 0.615000
v 0.965000 5.300295 0.613434
v 0.962800 5.298750 0.615000
v 0.965000 5.297205 0.616566
v 0.967200 5.253125 0.615000
v 0.965000 5.251580 0.613434
v 0.962800 5.253125 0.615000
v 0.965000 5.254670 0.616566
v 0.967200 5.298750 0.570000
v 0.965000 5.297205 0.568434
v 0.962800 5.298750 0.570000
v 0.965000 5.300295 0.571566
v 0.967200 5.298750 0.570000
v 0.965000 5.300295 0.568434
v 0.962800 5.298750 0.570000
v 0.965000 5.297205 0.571566
v 0.967200 5.344375 0.615000
v 0.965000 5.345920 0.613434
v 0.962800 5.344375 0.615000
v 0.965000 5.342830 0.616566
v 0.967200 5.298750 0.615000
v 0.965000 5.297205 0.613434
v 0.962800 5.298750 0.615000
v 0.965000 5.300295 0.616566
v 0.967200 5.344375 0.570000
v 0.965000 5.342830 0.568434
v 0.962800 5.344375 0.570000
v 0.965000 5.345920 0.571566
v 0.967200 5.344375 0.570000
v 0.965000 5.345920 0.568434
v 0.962800 5.344375 0.570000
v 0.965000 5.342830 0.571566
v 0.967200 5.390000 0.615000
v 0.965000 5.391545 0.613434
v 0.962800 5.390000 0.615000
v 0.965000 5.388455 0.616566
v 0.967200 5.344375 0.615000
v 0.965000 5.342830 0.613434
v 0.962800 5.344375 0.615000
v 0.965000 5.345920 0.616566
v 0.967200 5.390000 0.570000
v 0.965000 5.388455 0.568434
v 0.962800 5.390000 0.570000
v 0.965000 5.391545 0.571566
v 1.038000 5.025000 0.570000
v 1.035927 5.025000 0.567147
v 1.032573 5.025000 0.568237
v 1.032573 5.025000 0.571763
v 1.035927 5.025000 0.572853
v 1.038000 5.390000 0.570000
v 1.035927 5.390000 0.567147
v 1.032573 5.390000 0.568237
v 1.032573 5.390000 0.571763
v 1.035927 5.390000 0.572853
v 1.038000 5.025000 0.615000
v 1.035927 5.025000 0.612147
v 1.032573 5.025000 0.613237
v 1.032573 5.025000 0.616763
v 1.035927 5.025000 0.617853
v 1.038000 5.390000 0.615000
v 1.035927 5.390000 0.612147
v 1.032573 5.390000 0.613237
v 1.032573 5.390000 0.616763
v 1.035927 5.390000 0.617853
v 1.037200 5.025000 0.570000
v 1.035000 5.026545 0.568434
v 1.032800 5.025000 0.570000
v 1.035000 5.023455 0.571566
v 1.037200 5.070625 0.615000
v 1.035000 5.072170 0.613434
v 1.032800 5.070625 0.615000
v 1.035000 5.069080 0.616566
v 1.037200 5.025000 0.615000
v 1.035000 5.023455 0.613434
v 1.032800 5.025000 0.615000
v 1.035000 5.026545 0.616566
v 1.037200 5.070625 0.570000
v 1.035000 5.069080 0.568434
v 1.032800 5.070625 0.570000
v 1.035000 5.072170 0.571566
v 1.037200 5.070625 0.570000
v 1.035000 5.072170 0.568434
v 1.032800 5.070625 0.570000
v 1.035000 5.069080 0.571566
v 1.037200 5.116250 0.615000
v 1.035000 5.117795 0.613434
v 1.032800 5.116250 0.615000
v 1.035000 5.114705 0.616566
v 1.037200 5.070625 0.615000
v 1.035000 5.069080 0.613434
v 1.032800 5.070625 0.615000
v 1.035000 5.072170 0.616566
v 1.037200 5.116250 0.570000
v 1.035000 5.114705 0.568434
v 1.032800 5.116250 0.570000
v 1.035000 5.117795 0.571566
v 1.037200 5.116250 0.570000
v 1.035000 5.117795 0.568434
v 1.032800 5.116250 0.570000
v 1.035000 5.114705 0.571566
v 1.037200 5.161875 0.615000
v 1.035000 5.163420 0.613434
v 1.032800 5.161875 0.615000
v 1.035000 5.160330 0.616566
v 1.037200 5.116250 0.615000
v 1.035000 5.114705 0.613434
v 1.032800 5.116250 0.615000
v 1.035000 5.117795 0.616566
v 1.037200 5.161875 0.570000
v 1.035000 5.160330 0.568434
v 1.032800 5.161875 0.570000
v 1.035000 5.163420 0.571566
v 1.037200 5.161875 0.570000
v 1.035000 5.163420 0.568434
v 1.032800 5.161875 0.570000
v 1.035000 5.160330 0.571566
v 1.037200 5.207500 0.615000
v 1.035000 5.209045 0.613434
v 1.032800 5.207500 0.615000
v 1.035000 5.205955 0.616566
v 1.037200 5.161875 0.615000
v 1.035000 5.160330 0.613434
v 1.032800 5.161875 0.615000
v 1.035000 5.163420 0.616566
v 1.037200 5.207500 0.570000
v 1.035000 5.205955 0.568434
v 1.032800 5.207500 0.570000
v 1.035000 5.209045 0.571566
v 1.037200 5.207500 0.570000
v 1.035000 5.209045 0.568434
v 1.032800 5.207500 0.570000
v 1.035000 5.205955 0.571566
v 1.037200 5.253125 0.615000
v 1.035000 5.254670 0.613434
v 1.032800 5.253125 0.615000
v 1.035000 5.251580 0.616566
v 1.037200 5.207500 0.615000
v 1.035000 5.205955 0.613434
v 1.032800 5.207500 0.615000
v 1.035000 5.209045 0.616566
v 1.037200 5.253125 0.570000
v 1.035000 5.251580 0.568434
v 1.032800 5.253125 0.570000
v 1.035000 5.254670 0.571566
v 1.037200 5.253125 0.570000
v 1.035000 5.254670 0.568434
v 1.032800 5.253125 0.570000
v 1.035000 5.251580 0.571566
v 1.037200 5.298750 0.615000
v 1.035000 5.300295 0.613434
v 1.032800 5.298750 0.615000
v 1.035000 5.297205 0.616566
v 1.037200 5.253125 0.615000
v 1.035000 5.251580 0.613434
v 1.032800 5.253125 0.615000
v 1.035000 5.254670 0.616566
v 1.037200 5.298750 0.570000
v 1.035000 5.297205 0.568434
v 1.032800 5.298750 0.570000
v 1.035000 5.300295 0.571566
v 1.037200 5.298750 0.570000
v 1.035000 5.300295 0.568434
v 1.032800 5.298750 0.570000
v 1.035000 5.297205 0.571566
v 1.037200 5.344375 0.615000
v 1.035000 5.345920 0.613434
v 1.032800 5.344375 0.615000
v 1.035000 5.342830 0.616566
v 1.037200 5.298750 0.615000
v 1.035000 5.297205 0.613434
v 1.032800 5.298750 0.615000
v 1.035000 5.300295 0.616566
v 1.037200 5.344375 0.570000
v 1.035000 5.342830 0.568434
v 1.032800 5.344375 0.570000
v 1.035000 5.345920 0.571566
v 1.037200 5.344375 0.570000
v 1.035000 5.345920 0.568434
v 1.032800 5.344375 0.570000
v 1.035000 5.342830 0.571566
v 1.037200 5.390000 0.615000
v 1.035000 5.391545 0.613434
v 1.032800 5.390000 0.615000
v 1.035000 5.388455 0.616566
v 1.037200 5.344375 0.615000
v 1.035000 5.342830 0.613434
v 1.032800 5.344375 0.615000
v 1.035000 5.345920 0.616566
v 1.037200 5.390000 0.570000
v 1.035000 5.388455 0.568434
v 1.032800 5.390000 0.570000
v 1.035000 5.391545 0.571566
v 0.965000 5.022800 0.615000
v 0.965000 5.025000 0.612800
v 0.965000 5.027200 0.615000
v 0.965000 5.025000 0.617200
v 1.035000 5.022800 0.615000
v 1.035000 5.025000 0.612800
v 1.035000 5.027200 0.615000
v 1.035000 5.025000 0.617200
v 0.965000 5.083633 0.615000
v 0.965000 5.085834 0.612800
v 0.965000 5.088033 0.615000
v 0.965000 5.085834 0.617200
v 1.035000 5.083633 0.615000
v 1.035000 5.085834 0.612800
v 1.035000 5.088033 0.615000
v 1.035000 5.085834 0.617200
v 0.965000 5.144467 0.615000
v 0.965000 5.146667 0.612800
v 0.965000 5.148867 0.615000
v 0.965000 5.146667 0.617200
v 1.035000 5.144467 0.615000
v 1.035000 5.146667 0.612800
v 1.035000 5.148867 0.615000
v 1.035000 5.146667 0.617200
v 0.965000 5.205300 0.615000
v 0.965000 5.207500 0.612800
v 0.965000 5.209700 0.615000
v 0.965000 5.207500 0.617200
v 1.035000 5.205300 0.615000
v 1.035000 5.207500 0.612800
v 1.035000 5.209700 0.615000
v 1.035000 5.207500 0.617200
v 0.965000 5.266133 0.615000
v 0.965000 5.268333 0.612800
v 0.965000 5.270534 0.615000
v 0.965000 5.268333 0.617200
v 1.035000 5.266133 0.615000
v 1.035000 5.268333 0.612800
v 1.035000 5.270534 0.615000
v 1.035000 5.268333 0.617200
v 0.965000 5.326967 0.615000
v 0.965000 5.329167 0.612800
v 0.965000 5.331367 0.615000
v 0.965000 5.329167 0.617200
v 1.035000 5.326967 0.615000
v 1.035000 5.329167 0.612800
v 1.035000 5.331367 0.615000
v 1.035000 5.329167 0.617200
v 0.965000 5.387800 0.615000
v 0.965000 5.390000 0.612800
v 0.965000 5.392200 0.615000
v 0.965000 5.390000 0.617200
v 1.035000 5.387800 0.615000
v 1.035000 5.390000 0.612800
v 1.035000 5.392200 0.615000
v 1.035000 5.390000 0.617200
v 2.267500 4.992500 0.130000
v 2.267500 5.057500 0.130000
v 2.332500 5.057500 0.130000
v 2.332500 4.992500 0.130000
v 2.267500 4.992500 0.150000
v 2.332500 4.992500 0.150000
v 2.332500 5.057500 0.150000
v 2.267500 5.057500 0.150000
v 2.267500 4.992500 0.130000
v 2.332500 4.992500 0.130000
v 2.332500 4.992500 0.150000
v 2.267500 4.992500 0.150000
v 2.332500 4.992500 0.130000
v 2.332500 5.057500 0.130000
v 2.332500 5.057500 0.150000
v 2.332500 4.992500 0.150000
v 2.332500 5.057500 0.130000
v 2.267500 5.057500 0.130000
v 2.267500 5.057500 0.150000
v 2.332500 5.057500 0.150000
v 2.267500 5.057500 0.130000
v 2.267500 4.992500 0.130000
v 2.267500 4.992500 0.150000
v 2.267500 5.057500 0.150000
v 2.267500 5.357500 0.130000
v 2.267500 5.422500 0.130000
v 2.332500 5.422500 0.130000
v 2.332500 5.357500 0.130000
v 2.267500 5.357500 0.150000
v 2.332500 5.357500 0.150000
v 2.332500 5.422500 0.150000
v 2.267500 5.422500 0.150000
v 2.267500 5.357500 0.130000
v 2.332500 5.357500 0.130000
v 2.332500 5.357500 0.150000
v 2.267500 5.357500 0.150000
v 2.332500 5.357500 0.130000
v 2.332500 5.422500 0.130000
v 2.332500 5.422500 0.150000
v 2.332500 5.357500 0.150000
v 2.332500 5.422500 0.130000
v 2.267500 5.422500 0.130000
v 2.267500 5.422500 0.150000
v 2.332500 5.422500 0.150000
v 2.267500 5.422500 0.130000
v 2.267500 5.357500 0.130000
v 2.267500 5.357500 0.150000
v 2.267500 5.422500 0.150000
v 2.268000 5.025000 0.570000
v 2.265927 5.025000 0.567147
v 2.262573 5.025000 0.568237
v 2.262573 5.025000 0.571763
v 2.265927 5.025000 0.572853
v 2.268000 5.390000 0.570000
v 2.265927 5.390000 0.567147
v 2.262573 5.390000 0.568237
v 2.262573 5.390000 0.571763
v 2.265927 5.390000 0.572853
v 2.268000 5.025000 0.615000
v 2.265927 5.025000 0.612147
v 2.262573 5.025000 0.613237
v 2.262573 5.025000 0.616763
v 2.265927 5.025000 0.617853
v 2.268000 5.390000 0.615000
v 2.265927 5.390000 0.612147
v 2.262573 5.390000 0.613237
v 2.262573 5.390000 0.616763
v 2.265927 5.390000 0.617853
v 2.267200 5.025000 0.570000
v 2.265000 5.026545 0.568434
v 2.262800 5.025000 0.570000
v 2.265000 5.023455 0.571566
v 2.267200 5.070625 0.615000
v 2.265000 5.072170 0.613434
v 2.262800 5.070625 0.615000
v 2.265000 5.069080 0.616566
v 2.267200 5.025000 0.615000
v 2.265000 5.023455 0.613434
v 2.262800 5.025000 0.615000
v 2.265000 5.026545 0.616566
v 2.267200 5.070625 0.570000
v 2.265000 5.069080 0.568434
v 2.262800 5.070625 0.570000
v 2.265000 5.072170 0.571566
v 2.267200 5.070625 0.570000
v 2.265000 5.072170 0.568434
v 2.262800 5.070625 0.570000
v 2.265000 5.069080 0.571566
v 2.267200 5.116250 0.615000
v 2.265000 5.117795 0.613434
v 2.262800 5.116250 0.615000
v 2.265000 5.114705 0.616566
v 2.267200 5.070625 0.615000
v 2.265000 5.069080 0.613434
v 2.262800 5.070625 0.615000
v 2.265000 5.072170 0.616566
v 2.267200 5.116250 0.570000
v 2.265000 5.114705 0.568434
v 2.262800 5.116250 0.570000
v 2.265000 5.117795 0.571566
v 2.267200 5.116250 0.570000
v 2.265000 5.117795 0.568434
v 2.262800 5.116250 0.570000
v 2.265000 5.114705 0.571566
v 2.267200 5.161875 0.615000
v 2.265000 5.163420 0.613434
v 2.262800 5.161875 0.615000
v 2.265000 5.160330 0.616566
v 2.267200 5.116250 0.615000
v 2.265000 5.114705 0.613434
v 2.262800 5.116250 0.615000
v 2.265000 5.117795 0.616566
v 2.267200 5.161875 0.570000
v 2.265000 5.160330 0.568434
v 2.262800 5.161875 0.570000
v 2.265000 5.163420 0.571566
v 2.267200 5.161875 0.570000
v 2.265000 5.163420 0.568434
v 2.262800 5.161875 0.570000
v 2.265000 5.160330 0.571566
v 2.267200 5.207500 0.615000
v 2.265000 5.209045 0.613434
v 2.262800 5.207500 0.615000
v 2.265000 5.205955 0.616566
v 2.267200 5.161875 0.615000
v 2.265000 5.160330 0.613434
v 2.262800 5.161875 0.615000
v 2.265000 5.163420 0.616566
v 2.267200 5.207500 0.570000
v 2.265000 5.205955 0.568434
v 2.262800 5.207500 0.570000
v 2.265000 5.209045 0.571566
v 2.267200 5.207500 0.570000
v 2.265000 5.209045 0.568434
v 2.262800 5.207500 0.570000
v 2.265000 5.205955 0.571566
v 2.267200 5.253125 0.615000
v 2.265000 5.254670 0.613434
v 2.262800 5.253125 0.615000
v 2.265000 5.251580 0.616566
v 2.267200 5.207500 0.615000
v 2.265000 5.205955 0.613434
v 2.262800 5.207500 0.615000
v 2.265000 5.209045 0.616566
v 2.267200 5.253125 0.570000
v 2.265000 5.251580 0.568434
v 2.262800 5.253125 0.570000
v 2.265000 5.254670 0.571566
v 2.267200 5.253125 0.570000
v 2.265000 5.254670 0.568434
v 2.262800 5.253125 0.570000
v 2.265000 5.251580 0.571566
v 2.267200 5.298750 0.615000
v 2.265000 5.300295 0.613434
v 2.262800 5.298750 0.615000
v 2.265000 5.297205 0.616566
v 2.267200 5.253125 0.615000
v 2.265000 5.251580 0.613434
v 2.262800 5.253125 0.615000
v 2.265000 5.254670 0.616566
v 2.267200 5.298750 0.570000
v 2.265000 5.297205 0.568434
v 2.262800 5.298750 0.570000
v 2.265000 5.300295 0.571566
v 2.267200 5.298750 0.570000
v 2.265000 5.300295 0.568434
v 2.262800 5.298750 0.570000
v 2.265000 5.297205 0.571566
v 2.267200 5.344375 0.615000
v 2.265000 5.345920 0.613434
v 2.262800 5.344375 0.615000
v 2.265000 5.342830 0.616566
v 2.267200 5.298750 0.615000
v 2.265000 5.297205 0.613434
v 2.262800 5.298750 0.615000
v 2.265000 5.300295 0.616566
v 2.267200 5.344375 0.570000
v 2.265000 5.342830 0.568434
v 2.262800 5.344375 0.570000
v 2.265000 5.345920 0.571566
v 2.267200 5.344375 0.570000
v 2.265000 5.345920 0.568434
v 2.262800 5.344375 0.570000
v 2.265000 5.342830 0.571566
v 2.267200 5.390000 0.615000
v 2.265000 5.391545 0.613434
v 2.262800 5.390000 0.615000
v 2.265000 5.388455 0.616566
v 2.267200 5.344375 0.615000
v 2.265000 5.342830 0.613434
v 2.262800 5.344375 0.615000
v 2.265000 5.345920 0.616566
v 2.267200 5.390000 0.570000
v 2.265000 5.388455 0.568434
v 2.262800 5.390000 0.570000
v 2.265000 5.391545 0.571566
v 2.338000 5.025000 0.570000
v 2.335927 5.025000 0.567147
v 2.332573 5.025000 0.568237
v 2.332573 5.025000 0.571763
v 2.335927 5.025000 0.572853
v 2.338000 5.390000 0.570000
v 2.335927 5.390000 0.567147
v 2.332573 5.390000 0.568237
v 2.332573 5.390000 0.571763
v 2.335927 5.390000 0.572853
v 2.338000 5.025000 0.615000
v 2.335927 5.025000 0.612147
v 2.332573 5.025000 0.613237
v 2.332573 5.025000 0.616763
v 2.335927 5.025000 0.617853
v 2.338000 5.390000 0.615000
v 2.335927 5.390000 0.612147
v 2.332573 5.390000 0.613237
v 2.332573 5.390000 0.616763
v 2.335927 5.390000 0.617853
v 2.337200 5.025000 0.570000
v 2.335000 5.026545 0.568434
v 2.332800 5.025000 0.570000
v 2.335000 5.023455 0.571566
v 2.337200 5.070625 0.615000
v 2.335000 5.072170 0.613434
v 2.332800 5.070625 0.615000
v 2.335000 5.069080 0.616566
v 2.337200 5.025000 0.615000
v 2.335000 5.023455 0.613434
v 2.332800 5.025000 0.615000
v 2.335000 5.026545 0.616566
v 2.337200 5.070625 0.570000
v 2.335000 5.069080 0.568434
v 2.332800 5.070625 0.570000
v 2.335000 5.072170 0.571566
v 2.337200 5.070625 0.570000
v 2.335000 5.072170 0.568434
v 2.332800 5.070625 0.570000
v 2.335000 5.069080 0.571566
v 2.337200 5.116250 0.615000
v 2.335000 5.117795 0.613434
v 2.332800 5.116250 0.615000
v 2.335000 5.114705 0.616566
v 2.337200 5.070625 0.615000
v 2.335000 5.069080 0.613434
v 2.332800 5.070625 0.615000
v 2.335000 5.072170 0.616566
v 2.337200 5.116250 0.570000
v 2.335000 5.114705 0.568434
v 2.332800 5.116250 0.570000
v 2.335000 5.117795 0.571566
v 2.337200 5.116250 0.570000
v 2.335000 5.117795 0.568434
v 2.332800 5.116250 0.570000
v 2.335000 5.114705 0.571566
v 2.337200 5.161875 0.615000
v 2.335000 5.163420 0.613434
v 2.332800 5.161875 0.615000
v 2.335000 5.160330 0.616566
v 2.337200 5.116250 0.615000
v 2.335000 5.114705 0.613434
v 2.332800 5.116250 0.615000
v 2.335000 5.117795 0.616566
v 2.337200 5.161875 0.570000
v 2.335000 5.160330 0.568434
v 2.332800 5.161875 0.570000
v 2.335000 5.163420 0.571566
v 2.337200 5.161875 0.570000
v 2.335000 5.163420 0.568434
v 2.332800 5.161875 0.570000
v 2.335000 5.160330 0.571566
v 2.337200 5.207500 0.615000
v 2.335000 5.209045 0.613434
v 2.332800 5.207500 0.615000
v 2.335000 5.205955 0.616566
v 2.337200 5.161875 0.615000
v 2.335000 5.160330 0.613434
v 2.332800 5.161875 0.615000
v 2.335000 5.163420 0.616566
v 2.337200 5.207500 0.570000
v 2.335000 5.205955 0.568434
v 2.332800 5.207500 0.570000
v 2.335000 5.209045 0.571566
v 2.337200 5.207500 0.570000
v 2.335000 5.209045 0.568434
v 2.332800 5.207500 0.570000
v 2.335000 5.205955 0.571566
v 2.337200 5.253125 0.615000
v 2.335000 5.254670 0.613434
v 2.332800 5.253125 0.615000
v 2.335000 5.251580 0.616566
v 2.337200 5.207500 0.615000
v 2.335000 5.205955 0.613434
v 2.332800 5.207500 0.615000
v 2.335000 5.209045 0.616566
v 2.337200 5.253125 0.570000
v 2.335000 5.251580 0.568434
v 2.332800 5.253125 0.570000
v 2.335000 5.254670 0.571566
v 2.337200 5.253125 0.570000
v 2.335000 5.254670 0.568434
v 2.332800 5.253125 0.570000
v 2.335000 5.251580 0.571566
v 2.337200 5.298750 0.615000
v 2.335000 5.300295 0.613434
v 2.332800 5.298750 0.615000
v 2.335000 5.297205 0.616566
v 2.337200 5.253125 0.615000
v 2.335000 5.251580 0.613434
v 2.332800 5.253125 0.615000
v 2.335000 5.254670 0.616566
v 2.337200 5.298750 0.570000
v 2.335000 5.297205 0.568434
v 2.332800 5.298750 0.570000
v 2.335000 5.300295 0.571566
v 2.337200 5.298750 0.570000
v 2.335000 5.300295 0.568434
v 2.332800 5.298750 0.570000
v 2.335000 5.297205 0.571566
v 2.337200 5.344375 0.615000
v 2.335000 5.345920 0.613434
v 2.332800 5.344375 0.615000
v 2.335000 5.342830 0.616566
v 2.337200 5.298750 0.615000
v 2.335000 5.297205 0.613434
v 2.332800 5.298750 0.615000
v 2.335000 5.300295 0.616566
v 2.337200 5.344375 0.570000
v 2.335000 5.342830 0.568434
v 2.332800 5.344375 0.570000
v 2.335000 5.345920 0.571566
v 2.337200 5.344375 0.570000
v 2.335000 5.345920 0.568434
v 2.332800 5.344375 0.570000
v 2.335000 5.342830 0.571566
v 2.337200 5.390000 0.615000
v 2.335000 5.391545 0.613434
v 2.332800 5.390000 0.615000
v 2.335000 5.388455 0.616566
v 2.337200 5.344375 0.615000
v 2.335000 5.342830 0.613434
v 2.332800 5.344375 0.615000
v 2.335000 5.345920 0.616566
v 2.337200 5.390000 0.570000
v 2.335000 5.388455 0.568434
v 2.332800 5.390000 0.570000
v 2.335000 5.391545 0.571566
v 2.265000 5.022800 0.615000
v 2.265000 5.025000 0.612800
v 2.265000 5.027200 0.615000
v 2.265000 5.025000 0.617200
v 2.335000 5.022800 0.615000
v 2.335000 5.025000 0.612800
v 2.335000 5.027200 0.615000
v 2.335000 5.025000 0.617200
v 2.265000 5.083633 0.615000
v 2.265000 5.085834 0.612800
v 2.265000 5.088033 0.615000
v 2.265000 5.085834 0.617200
v 2.335000 5.083633 0.615000
v 2.335000 5.085834 0.612800
v 2.335000 5.088033 0.615000
v 2.335000 5.085834 0.617200
v 2.265000 5.144467 0.615000
v 2.265000 5.146667 0.612800
v 2.265000 5.148867 0.615000
v 2.265000 5.146667 0.617200
v 2.335000 5.144467 0.615000
v 2.335000 5.146667 0.612800
v 2.335000 5.148867 0.615000
v 2.335000 5.146667 0.617200
v 2.265000 5.205300 0.615000
v 2.265000 5.207500 0.612800
v 2.265000 5.209700 0.615000
v 2.265000 5.207500 0.617200
v 2.335000 5.205300 0.615000
v 2.335000 5.207500 0.612800
v 2.335000 5.209700 0.615000
v 2.335000 5.207500 0.617200
v 2.265000 5.266133 0.615000
v 2.265000 5.268333 0.612800
v 2.265000 5.270534 0.615000
v 2.265000 5.268333 0.617200
v 2.335000 5.266133 0.615000
v 2.335000 5.268333 0.612800
v 2.335000 5.270534 0.615000
v 2.335000 5.268333 0.617200
v 2.265000 5.326967 0.615000
v 2.265000 5.329167 0.612800
v 2.265000 5.331367 0.615000
v 2.265000 5.329167 0.617200
v 2.335000 5.326967 0.615000
v 2.335000 5.329167 0.612800
v 2.335000 5.331367 0.615000
v 2.335000 5.329167 0.617200
v 2.265000 5.387800 0.615000
v 2.265000 5.390000 0.612800
v 2.265000 5.392200 0.615000
v 2.265000 5.390000 0.617200
v 2.335000 5.387800 0.615000
v 2.335000 5.390000 0.612800
v 2.335000 5.392200 0.615000
v 2.335000 5.390000 0.617200
vn 0.000000 0.000000 -1.000000
vn 0.000000 0.000000 -1.000000
vn 0.000000 0.000000 -1.000000
vn 0.000000 0.000000 -1.000000
vn 0.000000 0.000000 1.000000
vn 0.000000 0.000000 1.000000
vn 0.000000 0.000000 1.000000
vn 0.000000 0.000000 1.000000
vn 0.000000 -1.000000 0.000000
vn 0.000000 -1.000000 0.000000
vn 0.000000 -1.000000 0.000000
vn 0.000000 -1.000000 0.000000
vn 1.000000 0.000000 0.000000
vn 1.000000 0.000000 0.000000
vn 1.000000 0.000000 0.000000
vn 1.000000 0.000000 0.000000
vn 0.000000 1.000000 0.000000
vn 0.000000 1.000000 0.000000
vn 0.000000 1.000000 0.000000
vn 0.000000 1.000000 0.000000
vn -1.000000 0.000000 0.000000
vn -1.000000 0.000000 0.000000
vn -1.000000 0.000000 0.000000
vn -1.000000 0.000000 0.000000
vn 0.000000 0.000000 -1.000000
vn 0.000000 0.000000 -1.000000
vn 0.000000 0.000000 -1.000000
vn 0.000000 0.000000 -1.000000
vn 0.000000 0.000000 1.000000
vn 0.000000 0.000000 1.000000
vn 0.000000 0.000000 1.000000
vn 0.000000 0.000000 1.000000
vn 0.000000 -1.000000 0.000000
vn 0.000000 -1.000000 0.000000
vn 0.000000 -1.000000 0.000000
vn 0.000000 -1.000000 0.000000
vn 1.000000 0.000000 0.000000
vn 1.000000 0.000000 0.000000
vn 1.000000 0.000000 0.000000
vn 1.000000 0.000000 0.000000
vn 0.000000 1.000000 0.000000
vn 0.000000 1.000000 0.000000
vn 0.000000 1.000000 0.000000
vn 0.000000 1.000000 0.000000
vn -1.000000 0.000000 0.000000
vn -1.000000 0.000000 0.000000
vn -1.000000 0.000000 0.000000
vn -1.000000 0.000000 0.000000
vn 0.000000 0.000000 -1.000000
vn 0.000000 0.000000 -1.000000
vn 0.000000 0.000000 -1.000000
vn 0.000000 0.000000 -1.000000
vn 0.000000 0.000000 1.000000
vn 0.000000 0.000000 1.000000
vn 0.000000 0.000000 1.000000
vn 0.000000 0.000000 1.000000
vn 0.000000 -1.000000 0.000000
vn 0.000000 -1.000000 0.000000
vn 0.000000 -1.000000 0.000000
vn 0.000000 -1.000000 0.000000
vn 1.000000 0.000000 0.000000
vn 1.000000 0.000000 0.000000
vn 1.000000 0.000000 0.000000
vn 1.000000 0.000000 0.000000
vn 0.000000 1.000000 0.000000
vn 0.000000 1.000000 0.000000
vn 0.000000 1.000000 0.000000
vn 0.000000 1.000000 0.000000
vn -1.000000 0.000000 0.000000
vn -1.000000 0.000000 0.000000
vn -1.000000 0.000000 0.000000
vn -1.000000 0.000000 0.000000
vn 0.000000 0.000000 -1.000000
vn 0.000000 0.000000 -1.000000
vn 0.000000 0.000000 -1.000000
vn 0.000000 0.000000 -1.000000
vn 0.000000 0.000000 1.000000
vn 0.000000 0.000000 1.000000
vn 0.000000 0.000000 1.000000
vn 0.000000 0.000000 1.000000
vn 0.000000 -1.000000 0.000000
vn 0.000000 -1.000000 0.000000
vn 0.000000 -1.000000 0.000000
vn 0.000000 -1.000000 0.000000
vn 1.000000 0.000000 0.000000
vn 1.000000 0.000000 0.000000
vn 1.000000 0.000000 0.000000
vn 1.000000 0.000000 0.000000
vn 0.000000 1.000000 0.000000
vn 0.000000 1.000000 0.000000
vn 0.000000 1.000000 0.000000
vn 0.000000 1.000000 0.000000
vn -1.000000 0.000000 0.000000
vn -1.000000 0.000000 0.000000
vn -1.000000 0.000000 0.000000
vn -1.000000 0.000000 0.000000
vn 0.000000 0.000000 -1.000000
vn 0.000000 0.000000 -1.000000
vn 0.000000 0.000000 -1.000000
vn 0.000000 0.000000 -1.000000
vn 0.000000 0.000000 1.000000
vn 0.000000 0.000000 1.000000
vn 0.000000 0.000000 1.000000
vn 0.000000 0.000000 1.000000
vn 0.000000 -1.000000 0.000000
vn 0.000000 -1.000000 0.000000
vn 0.000000 -1.000000 0.000000
vn 0.000000 -1.000000 0.000000
vn 1.000000 0.000000 0.000000
vn 1.000000 0.000000 0.000000
vn 1.000000 0.000000 0.000000
vn 1.000000 0.000000 0.000000
vn 0.000000 1.000000 0.000000
vn 0.000000 1.000000 0.000000
vn 0.000000 1.000000 0.000000
vn 0.000000 1.000000 0.000000
vn -1.000000 0.000000 0.000000
vn -1.000000 0.000000 0.000000
vn -1.000000 0.000000 0.000000
vn -1.000000 0.000000 0.000000
vn 0.000000 0.000000 -1.000000
vn 0.000000 0.000000 -1.000000
vn 0.000000 0.000000 -1.000000
vn 0.000000 0.000000 -1.000000
vn 0.000000 0.000000 1.000000
vn 0.000000 0.000000 1.000000
vn 0.000000 0.000000 1.000000
vn 0.000000 0.000000 1.000000
vn 0.000000 -1.000000 0.000000
vn 0.000000 -1.000000 0.000000
vn 0.000000 -1.000000 0.000000
vn 0.000000 -1.000000 0.000000
vn 1.000000 0.000000 0.000000
vn 1.000000 0.000000 0.000000
vn 1.000000 0.000000 0.000000
vn 1.000000 0.000000 0.000000
vn 0.000000 1.000000 0.000000
vn 0.000000 1.000000 0.000000
vn 0.000000 1.000000 0.000000
vn 0.000000 1.000000 0.000000
vn -1.000000 0.000000 0.000000
vn -1.000000 0.000000 0.000000
vn -1.000000 0.000000 0.000000
vn -1.000000 0.000000 0.000000
vn 0.000000 0.000000 -1.000000
vn 0.000000 0.000000 -1.000000
vn 0.000000 0.000000 -1.000000
vn 0.000000 0.000000 -1.000000
vn 0.000000 0.000000 1.000000
vn 0.000000 0.000000 1.000000
vn 0.000000 0.000000 1.000000
vn 0.000000 0.000000 1.000000
vn 0.000000 -1.000000 0.000000
vn 0.000000 -1.000000 0.000000
vn 0.000000 -1.000000 0.000000
vn 0.000000 -1.000000 0.000000
vn 1.000000 0.000000 0.000000
vn 1.000000 0.000000 0.000000
vn 1.000000 0.000000 0.000000
vn 1.000000 0.000000 0.000000
vn 0.000000 1.000000 0.000000
vn 0.000000 1.000000 0.000000
vn 0.000000 1.000000 0.000000
vn 0.000000 1.000000 0.000000
vn -1.000000 0.000000 0.000000
vn -1.000000 0.000000 0.000000
vn -1.000000 0.000000 0.000000
vn -1.000000 0.000000 0.000000
vn 0.000000 0.000000 -1.000000
vn 0.000000 0.000000 -1.000000
vn 0.000000 0.000000 -1.000000
vn 0.000000 0.000000 -1.000000
vn 0.000000 0.000000 1.000000
vn 0.000000 0.000000 1.000000
vn 0.000000 0.000000 1.000000
vn 0.000000 0.000000 1.000000
vn 0.000000 -1.000000 0.000000
vn 0.000000 -1.000000 0.000000
vn 0.000000 -1.000000 0.000000
vn 0.000000 -1.000000 0.000000
vn 1.000000 0.000000 0.000000
vn 1.000000 0.000000 0.000000
vn 1.000000 0.000000 0.000000
vn 1.000000 0.000000 0.000000
vn 0.000000 1.000000 0.000000
vn 0.000000 1.000000 0.000000
vn 0.000000 1.000000 0.000000
vn 0.000000 1.000000 0.000000
vn -1.000000 0.000000 0.000000
vn -1.000000 0.000000 0.000000
vn -1.000000 0.000000 0.000000
vn -1.000000 0.000000 0.000000
vn 0.000000 0.000000 -1.000000
vn 0.000000 0.000000 -1.000000
vn 0.000000 0.000000 -1.000000
vn 0.000000 0.000000 -1.000000
vn 0.000000 0.000000 1.000000
vn 0.000000 0.000000 1.000000
vn 0.000000 0.000000 1.000000
vn 0.000000 0.000000 1.000000
vn 0.000000 -1.000000 0.000000
vn 0.000000 -1.000000 0.000000
vn 0.000000 -1.000000 0.000000
vn 0.000000 -1.000000 0.000000
vn 1.000000 0.000000 0.000000
vn 1.000000 0.000000 0.000000
vn 1.000000 0.000000 0.000000
vn 1.000000 0.000000 0.000000
vn 0.000000 1.000000 0.000000
vn 0.000000 1.000000 0.000000
vn 0.000000 1.000000 0.000000
vn 0.000000 1.000000 0.000000
vn -1.000000 0.000000 0.000000
vn -1.000000 0.000000 0.000000
vn -1.000000 0.000000 0.000000
vn -1.000000 0.000000 0.000000
vn 0.000000 0.000000 -1.000000
vn 0.000000 0.000000 -1.000000
vn 0.000000 0.000000 -1.000000
vn 0.000000 0.000000 -1.000000
vn 0.000000 0.000000 1.000000
vn 0.000000 0.000000 1.000000
vn 0.000000 0.000000 1.000000
vn 0.000000 0.000000 1.000000
vn 0.000000 -1.000000 0.000000
vn 0.000000 -1.000000 0.000000
vn 0.000000 -1.000000 0.000000
vn 0.000000 -1.000000 0.000000
vn 1.000000 0.000000 0.000000
vn 1.000000 0.000000 0.000000
vn 1.000000 0.000000 0.000000
vn 1.000000 0.000000 0.000000
vn 0.000000 1.000000 0.000000
vn 0.000000 1.000000 0.000000
vn 0.000000 1.000000 0.000000
vn 0.000000 1.000000 0.000000
vn -1.000000 0.000000 0.000000
vn -1.000000 0.000000 0.000000
vn -1.000000 0.000000 0.000000
vn -1.000000 0.000000 0.000000
vn 0.000000 0.000000 -1.000000
vn 0.000000 0.000000 -1.000000
vn 0.000000 0.000000 -1.000000
vn 0.000000 0.000000 -1.000000
vn 0.000000 0.000000 1.000000
vn 0.000000 0.000000 1.000000
vn 0.000000 0.000000 1.000000
vn 0.000000 0.000000 1.000000
vn 0.000000 -1.000000 0.000000
vn 0.000000 -1.000000 0.000000
vn 0.000000 -1.000000 0.000000
vn 0.000000 -1.000000 0.000000
vn 1.000000 0.000000 0.000000
vn 1.000000 0.000000 0.000000
vn 1.000000 0.000000 0.000000
vn 1.000000 0.000000 0.000000
vn 0.000000 1.000000 0.000000
vn 0.000000 1.000000 0.000000
vn 0.000000 1.000000 0.000000
vn 0.000000 1.000000 0.000000
vn -1.000000 0.000000 0.000000
vn -1.000000 0.000000 0.000000
vn -1.000000 0.000000 0.000000
vn -1.000000 0.000000 0.000000
vn 0.000000 0.000000 -1.000000
vn 0.000000 0.000000 -1.000000
vn 0.000000 0.000000 -1.000000
vn 0.000000 0.000000 -1.000000
vn 0.000000 0.000000 1.000000
vn 0.000000 0.000000 1.000000
vn 0.000000 0.000000 1.000000
vn 0.000000 0.000000 1.000000
vn 0.000000 -1.000000 0.000000
vn 0.000000 -1.000000 0.000000
vn 0.000000 -1.000000 0.000000
vn 0.000000 -1.000000 0.000000
vn 1.000000 0.000000 0.000000
vn 1.000000 0.000000 0.000000
vn 1.000000 0.000000 0.000000
vn 1.000000 0.000000 0.000000
vn 0.000000 1.000000 0.000000
vn 0.000000 1.000000 0.000000
vn 0.000000 1.000000 0.000000
vn 0.000000 1.000000 0.000000
vn -1.000000 0.000000 0.000000
vn -1.000000 0.000000 0.000000
vn -1.000000 0.000000 0.000000
vn -1.000000 0.000000 0.000000
vn 0.000000 0.000000 -1.000000
vn 0.000000 0.000000 -1.000000
vn 0.000000 0.000000 -1.000000
vn 0.000000 0.000000 -1.000000
vn 0.000000 0.000000 1.000000
vn 0.000000 0.000000 1.000000
vn 0.000000 0.000000 1.000000
vn 0.000000 0.000000 1.000000
vn 0.000000 -1.000000 0.000000
vn 0.000000 -1.000000 0.000000
vn 0.000000 -1.000000 0.000000
vn 0.000000 -1.000000 0.000000
vn 1.000000 0.000000 0.000000
vn 1.000000 0.000000 0.000000
vn 1.000000 0.000000 0.000000
vn 1.000000 0.000000 0.000000
vn 0.000000 1.000000 0.000000
vn 0.000000 1.000000 0.000000
vn 0.000000 1.000000 0.000000
vn 0.000000 1.000000 0.000000
vn -1.000000 0.000000 0.000000
vn -1.000000 0.000000 0.000000
vn -1.000000 0.000000 0.000000
vn -1.000000 0.000000 0.000000
vn 0.000000 0.000000 -1.000000
vn 0.000000 0.000000 -1.000000
vn 0.000000 0.000000 -1.000000
vn 0.000000 0.000000 -1.000000
vn 0.000000 0.000000 1.000000
vn 0.000000 0.000000 1.000000
vn 0.000000 0.000000 1.000000
vn 0.000000 0.000000 1.000000
vn 0.000000 -1.000000 0.000000
vn 0.000000 -1.000000 0.000000
vn 0.000000 -1.000000 0.000000
vn 0.000000 -1.000000 0.000000
vn 1.000000 0.000000 0.000000
vn 1.000000 0.000000 0.000000
vn 1.000000 0.000000 0.000000
vn 1.000000 0.000000 0.000000
vn 0.000000 1.000000 0.000000
vn 0.000000 1.000000 0.000000
vn 0.000000 1.000000 0.000000
vn 0.000000 1.000000 0.000000
vn -1.000000 0.000000 0.000000
vn -1.000000 0.000000 0.000000
vn -1.000000 0.000000 0.000000
vn -1.000000 0.000000 0.000000
vn 0.000000 0.000000 -1.000000
vn 0.000000 0.000000 -1.000000
vn 0.000000 0.000000 -1.000000
vn 0.000000 0.000000 -1.000000
vn 0.000000 0.000000 1.000000
vn 0.000000 0.000000 1.000000
vn 0.000000 0.000000 1.000000
vn 0.000000 0.000000 1.000000
vn 0.000000 -1.000000 0.000000
vn 0.000000 -1.000000 0.000000
vn 0.000000 -1.000000 0.000000
vn 0.000000 -1.000000 0.000000
vn 1.000000 0.000000 0.000000
vn 1.000000 0.000000 0.000000
vn 1.000000 0.000000 0.000000
vn 1.000000 0.000000 0.000000
vn 0.000000 1.000000 0.000000
vn 0.000000 1.000000 0.000000
vn 0.000000 1.000000 0.000000
vn 0.000000 1.000000 0.000000
vn -1.000000 0.000000 0.000000
vn -1.000000 0.000000 0.000000
vn -1.000000 0.000000 0.000000
vn -1.000000 0.000000 0.000000
vn 0.000000 0.000000 -1.000000
vn 0.000000 0.000000 -1.000000
vn 0.000000 0.000000 -1.000000
vn 0.000000 0.000000 -1.000000
vn 0.000000 0.000000 1.000000
vn 0.000000 0.000000 1.000000
vn 0.000000 0.000000 1.000000
vn 0.000000 0.000000 1.000000
vn 0.000000 -1.000000 0.000000
vn 0.000000 -1.000000 0.000000
vn 0.000000 -1.000000 0.000000
vn 0.000000 -1.000000 0.000000
vn 1.000000 0.000000 0.000000
vn 1.000000 0.000000 0.000000
vn 1.000000 0.000000 0.000000
vn 1.000000 0.000000 0.000000
vn 0.000000 1.000000 0.000000
vn 0.000000 1.000000 0.000000
vn 0.000000 1.000000 0.000000
vn 0.000000 1.000000 0.000000
vn -1.000000 0.000000 0.000000
vn -1.000000 0.000000 0.000000
vn -1.000000 0.000000 0.000000
vn -1.000000 0.000000 0.000000
vn -0.136501 0.988617 -0.063272
vn -0.797169 0.603738 -0.004642
vn -0.990478 -0.136755 -0.015848
vn -0.603532 -0.796880 -0.027047
vn 0.136707 -0.990105 -0.031684
vn 0.796885 -0.603525 -0.027047
vn 0.990478 0.136755 -0.015848
vn 0.603744 0.797165 -0.004642
vn 0.136501 0.988617 0.063272
vn -0.603746 0.797163 0.004642
vn -0.990478 0.136755 0.015848
vn -0.796886 -0.603524 0.027047
vn -0.136707 -0.990105 0.031684
vn 0.603529 -0.796882 0.027047
vn 0.990478 -0.136755 0.015848
vn 0.797168 0.603740 0.004642
vn -0.054950 -0.989107 -0.136558
vn -0.004030 -0.603749 -0.797164
vn -0.013757 0.136761 -0.990509
vn -0.023480 0.796944 -0.603597
vn -0.027506 0.990226 0.136734
vn -0.023480 0.603577 0.796959
vn -0.013757 -0.136761 0.990509
vn -0.004030 -0.797179 0.603730
vn 0.054950 -0.989107 0.136558
vn 0.004030 -0.797179 -0.603730
vn 0.013757 -0.136761 -0.990509
vn 0.023480 0.603577 -0.796959
vn 0.027506 0.990226 -0.136734
vn 0.023480 0.796944 0.603597
vn 0.013757 0.136761 0.990509
vn 0.004030 -0.603749 0.797164
vn -0.136501 0.988617 -0.063272
vn -0.797166 0.603743 -0.004642
vn -0.990478 -0.136758 -0.015848
vn -0.603528 -0.796883 -0.027047
vn 0.136706 -0.990105 -0.031684
vn 0.796883 -0.603528 -0.027047
vn 0.990478 0.136758 -0.015848
vn 0.603743 0.797166 -0.004642
vn 0.136501 0.988617 0.063272
vn -0.603743 0.797166 0.004642
vn -0.990478 0.136758 0.015848
vn -0.796883 -0.603528 0.027047
vn -0.136706 -0.990105 0.031684
vn 0.603528 -0.796883 0.027047
vn 0.990478 -0.136758 0.015848
vn 0.797166 0.603743 0.004642
vn 0.989105 -0.054950 -0.136569
vn 0.603744 -0.004030 -0.797168
vn -0.136761 -0.013757 -0.990509
vn -0.796955 -0.023480 -0.603583
vn -0.990227 -0.027506 0.136724
vn -0.603582 -0.023481 0.796955
vn 0.136761 -0.013757 0.990509
vn 0.797168 -0.004030 0.603744
vn 0.989105 0.054950 0.136569
vn 0.797168 0.004030 -0.603744
vn 0.136761 0.013757 -0.990509
vn -0.603582 0.023481 -0.796955
vn -0.990227 0.027506 -0.136724
vn -0.796955 0.023480 0.603583
vn -0.136761 0.013757 0.990509
vn 0.603744 0.004030 0.797168
vn -0.136501 0.988617 -0.063272
vn -0.797166 0.603743 -0.004642
vn -0.990478 -0.136758 -0.015848
vn -0.603528 -0.796883 -0.027047
vn 0.136706 -0.990105 -0.031684
vn 0.796883 -0.603528 -0.027047
vn 0.990478 0.136758 -0.015848
vn 0.603743 0.797166 -0.004642
vn 0.136501 0.988617 0.063272
vn -0.603743 0.797166 0.004642
vn -0.990478 0.136758 0.015848
vn -0.796883 -0.603528 0.027047
vn -0.136706 -0.990105 0.031684
vn 0.603528 -0.796883 0.027047
vn 0.990478 -0.136758 0.015848
vn 0.797166 0.603743 0.004642
vn -0.989107 0.054950 -0.136558
vn -0.603749 0.004030 -0.797164
vn 0.136761 0.013757 -0.990509
vn 0.796944 0.023480 -0.603597
vn 0.990226 0.027506 0.136734
vn 0.603577 0.023480 0.796959
vn -0.136761 0.013757 0.990509
vn -0.797179 0.004030 0.603730
vn -0.989107 -0.054950 0.136558
vn -0.797179 -0.004030 -0.603730
vn -0.136761 -0.013757 -0.990509
vn 0.603577 -0.023480 -0.796959
vn 0.990226 -0.027506 -0.136734
vn 0.796944 -0.023480 0.603597
vn 0.136761 -0.013757 0.990509
vn -0.603749 -0.004030 0.797164
vn -0.136503 0.988617 -0.063272
vn -0.797166 0.603743 -0.004642
vn -0.990478 -0.136758 -0.015848
vn -0.603528 -0.796883 -0.027047
vn 0.136711 -0.990104 -0.031684
vn 0.796892 -0.603516 -0.027046
vn 0.990478 0.136758 -0.015847
vn 0.603760 0.797152 -0.004642
vn 0.136506 0.988617 0.063273
vn -0.603743 0.797166 0.004642
vn -0.990478 0.136758 0.015848
vn -0.796883 -0.603528 0.027047
vn -0.136709 -0.990104 0.031683
vn 0.603546 -0.796869 0.027047
vn 0.990478 -0.136758 0.015847
vn 0.797175 0.603731 0.004642
vn 0.054950 0.989104 -0.136580
vn 0.004030 0.603738 -0.797172
vn 0.013757 -0.136761 -0.990509
vn 0.023481 -0.796965 -0.603568
vn 0.027506 -0.990229 0.136713
vn 0.023481 -0.603587 0.796951
vn 0.013757 0.136761 0.990509
vn 0.004030 0.797157 0.603758
vn -0.054950 0.989104 0.136580
vn -0.004030 0.797157 -0.603758
vn -0.013757 0.136761 -0.990509
vn -0.023481 -0.603587 -0.796951
vn -0.027506 -0.990229 -0.136713
vn -0.023481 -0.796965 0.603568
vn -0.013757 -0.136761 0.990509
vn -0.004030 0.603738 0.797172
vn -0.136501 0.988617 -0.063272
vn -0.797169 0.603738 -0.004642
vn -0.990478 -0.136755 -0.015848
vn -0.603532 -0.796880 -0.027047
vn 0.136707 -0.990105 -0.031684
vn 0.796885 -0.603525 -0.027047
vn 0.990478 0.136755 -0.015848
vn 0.603744 0.797165 -0.004642
vn 0.136501 0.988617 0.063272
vn -0.603746 0.797163 0.004642
vn -0.990478 0.136755 0.015848
vn -0.796886 -0.603524 0.027047
vn -0.136707 -0.990105 0.031684
vn 0.603529 -0.796882 0.027047
vn 0.990478 -0.136755 0.015848
vn 0.797168 0.603740 0.004642
vn -0.054950 -0.989107 -0.136558
vn -0.004030 -0.603749 -0.797164
vn -0.013757 0.136761 -0.990509
vn -0.023480 0.796944 -0.603597
vn -0.027506 0.990226 0.136734
vn -0.023480 0.603577 0.796959
vn -0.013757 -0.136761 0.990509
vn -0.004030 -0.797179 0.603730
vn 0.054950 -0.989107 0.136558
vn 0.004030 -0.797179 -0.603730
vn 0.013757 -0.136761 -0.990509
vn 0.023480 0.603577 -0.796959
vn 0.027506 0.990226 -0.136734
vn 0.023480 0.796944 0.603597
vn 0.013757 0.136761 0.990509
vn 0.004030 -0.603749 0.797164
vn -0.136503 0.988617 -0.063272
vn -0.797166 0.603743 -0.004642
vn -0.990478 -0.136758 -0.015848
vn -0.603528 -0.796883 -0.027047
vn 0.136711 -0.990104 -0.031684
vn 0.796892 -0.603516 -0.027046
vn 0.990478 0.136758 -0.015847
vn 0.603760 0.797152 -0.004642
vn 0.136506 0.988617 0.063273
vn -0.603743 0.797166 0.004642
vn -0.990478 0.136758 0.015848
vn -0.796883 -0.603528 0.027047
vn -0.136709 -0.990104 0.031683
vn 0.603546 -0.796869 0.027047
vn 0.990478 -0.136758 0.015847
vn 0.797175 0.603731 0.004642
vn 0.054950 0.989104 -0.136580
vn 0.004030 0.603738 -0.797172
vn 0.013757 -0.136761 -0.990509
vn 0.023481 -0.796965 -0.603568
vn 0.027506 -0.990229 0.136713
vn 0.023481 -0.603587 0.796951
vn 0.013757 0.136761 0.990509
vn 0.004030 0.797157 0.603758
vn -0.054950 0.989104 0.136580
vn -0.004030 0.797157 -0.603758
vn -0.013757 0.136761 -0.990509
vn -0.023481 -0.603587 -0.796951
vn -0.027506 -0.990229 -0.136713
vn -0.023481 -0.796965 0.603568
vn -0.013757 -0.136761 0.990509
vn -0.004030 0.603738 0.797172
vn -0.136501 0.988617 -0.063270
vn -0.797168 0.603740 -0.004642
vn -0.990477 -0.136761 -0.015848
vn -0.603518 -0.796890 -0.027047
vn 0.136707 -0.990105 -0.031683
vn 0.796872 -0.603543 -0.027047
vn 0.990478 0.136759 -0.015847
vn 0.603745 0.797164 -0.004642
vn 0.136502 0.988617 0.063270
vn -0.603745 0.797164 0.004642
vn -0.990478 0.136759 0.015848
vn -0.796871 -0.603543 0.027047
vn -0.136707 -0.990105 0.031683
vn 0.603519 -0.796890 0.027047
vn 0.990477 -0.136761 0.015848
vn 0.797168 0.603739 0.004642
vn -0.054951 -0.989107 -0.136558
vn -0.004030 -0.603749 -0.797164
vn -0.013757 0.136755 -0.990509
vn -0.023481 0.796955 -0.603582
vn -0.027506 0.990229 0.136713
vn -0.023480 0.603566 0.796967
vn -0.013757 -0.136758 0.990509
vn -0.004030 -0.797179 0.603730
vn 0.054951 -0.989107 0.136558
vn 0.004030 -0.797179 -0.603730
vn 0.013757 -0.136758 -0.990509
vn 0.023480 0.603566 -0.796967
vn 0.027506 0.990229 -0.136713
vn 0.023481 0.796955 0.603582
vn 0.013757 0.136755 0.990509
vn 0.004030 -0.603749 0.797164
vn -0.136501 0.988617 -0.063271
vn -0.797184 0.603719 -0.004642
vn -0.990480 -0.136740 -0.015847
vn -0.603537 -0.796876 -0.027047
vn 0.136706 -0.990105 -0.031684
vn 0.796883 -0.603528 -0.027047
vn 0.990478 0.136758 -0.015848
vn 0.603743 0.797166 -0.004642
vn 0.136501 0.988617 0.063271
vn -0.603751 0.797159 0.004642
vn -0.990480 0.136740 0.015847
vn -0.796901 -0.603505 0.027047
vn -0.136706 -0.990105 0.031684
vn 0.603528 -0.796883 0.027047
vn 0.990478 -0.136758 0.015848
vn 0.797166 0.603743 0.004642
vn 0.054951 0.989104 -0.136580
vn 0.004030 0.603738 -0.797172
vn 0.013757 -0.136761 -0.990509
vn 0.023481 -0.796944 -0.603597
vn 0.027507 -0.990226 0.136734
vn 0.023481 -0.603577 0.796959
vn 0.013757 0.136761 0.990509
vn 0.004030 0.797157 0.603758
vn -0.054951 0.989104 0.136580
vn -0.004030 0.797157 -0.603758
vn -0.013757 0.136761 -0.990509
vn -0.023481 -0.603577 -0.796959
vn -0.027507 -0.990226 -0.136734
vn -0.023481 -0.796944 0.603597
vn -0.013757 -0.136761 0.990509
vn -0.004030 0.603738 0.797172
vn 0.000000 0.000000 -1.000000
vn 0.000000 0.000000 -1.000000
vn 0.000000 0.000000 -1.000000
vn 0.000000 0.000000 -1.000000
vn 0.000000 0.000000 1.000000
vn 0.000000 0.000000 1.000000
vn 0.000000 0.000000 1.000000
vn 0.000000 0.000000 1.000000
vn 0.000000 -1.000000 0.000000
vn 0.000000 -1.000000 0.000000
vn 0.000000 -1.000000 0.000000
vn 0.000000 -1.000000 0.000000
vn 1.000000 0.000000 0.000000
vn 1.000000 0.000000 0.000000
vn 1.000000 0.000000 0.000000
vn 1.000000 0.000000 0.000000
vn 0.000000 1.000000 0.000000
vn 0.000000 1.000000 0.000000
vn 0.000000 1.000000 0.000000
vn 0.000000 1.000000 0.000000
vn -1.000000 0.000000 0.000000
vn -1.000000 0.000000 0.000000
vn -1.000000 0.000000 0.000000
vn -1.000000 0.000000 0.000000
vn 0.000000 0.000000 -1.000000
vn 0.000000 0.000000 -1.000000
vn 0.000000 0.000000 -1.000000
vn 0.000000 0.000000 -1.000000
vn 0.000000 0.000000 1.000000
vn 0.000000 0.000000 1.000000
vn 0.000000 0.000000 1.000000
vn 0.000000 0.000000 1.000000
vn 0.000000 -1.000000 0.000000
vn 0.000000 -1.000000 0.000000
vn 0.000000 -1.000000 0.000000
vn 0.000000 -1.000000 0.000000
vn 1.000000 0.000000 0.000000
vn 1.000000 0.000000 0.000000
vn 1.000000 0.000000 0.000000
vn 1.000000 0.000000 0.000000
vn 0.000000 1.000000 0.000000
vn 0.000000 1.000000 0.000000
vn 0.000000 1.000000 0.000000
vn 0.000000 1.000000 0.000000
vn -1.000000 0.000000 0.000000
vn -1.000000 0.000000 0.000000
vn -1.000000 0.000000 0.000000
vn -1.000000 0.000000 0.000000
vn 0.971818 -0.013313 -0.235355
vn 0.076477 -0.003680 -0.997065
vn -0.924593 -0.009633 -0.380835
vn -0.647901 -0.009633 0.761664
vn 0.524186 -0.003680 0.851596
vn 0.971818 0.013313 0.235355
vn 0.524186 0.003680 -0.851596
vn -0.647901 0.009633 -0.761664
vn -0.924593 0.009633 0.380835
vn 0.076477 0.003680 0.997065
vn 0.971818 -0.013313 -0.235355
vn 0.076477 -0.003680 -0.997065
vn -0.924593 -0.009633 -0.380835
vn -0.647901 -0.009633 0.761664
vn 0.524186 -0.003680 0.851596
vn 0.971818 0.013313 0.235355
vn 0.524186 0.003680 -0.851596
vn -0.647901 0.009633 -0.761664
vn -0.924593 0.009633 0.380835
vn 0.076477 0.003680 0.997065
vn 0.947792 0.190959 -0.255391
vn -0.316167 0.650565 -0.690510
vn -0.947790 -0.252740 0.194467
vn 0.316115 -0.681485 0.660037
vn 0.947788 -0.190967 0.255400
vn 0.316160 0.681477 -0.660025
vn -0.947789 0.252740 -0.194469
vn -0.316167 -0.650565 0.690510
vn 0.947787 -0.252745 -0.194472
vn -0.316118 -0.681485 -0.660036
vn -0.947795 0.190953 0.255386
vn 0.316164 0.650565 0.690510
vn 0.947786 0.252746 0.194475
vn 0.316164 -0.650565 -0.690510
vn -0.947791 -0.190962 -0.255395
vn -0.316162 0.681476 0.660024
vn 0.947788 0.190967 -0.255400
vn -0.316167 0.650561 -0.690513
vn -0.947789 -0.252740 0.194469
vn 0.316160 -0.681473 0.660028
vn 0.947788 -0.190967 0.255402
vn 0.316160 0.681473 -0.660028
vn -0.947795 0.252728 -0.194457
vn -0.316124 -0.650573 0.690521
vn 0.947787 -0.252745 -0.194474
vn -0.316162 -0.681473 -0.660027
vn -0.947791 0.190961 0.255394
vn 0.316164 0.650562 0.690514
vn 0.947792 0.252733 0.194463
vn 0.316122 -0.650574 -0.690522
vn -0.947790 -0.190961 -0.255397
vn -0.316162 0.681473 0.660027
vn 0.947792 0.190959 -0.255391
vn -0.316167 0.650565 -0.690510
vn -0.947790 -0.252740 0.194467
vn 0.316115 -0.681485 0.660037
vn 0.947788 -0.190967 0.255400
vn 0.316160 0.681477 -0.660025
vn -0.947789 0.252740 -0.194469
vn -0.316167 -0.650565 0.690510
vn 0.947787 -0.252745 -0.194472
vn -0.316118 -0.681485 -0.660036
vn -0.947795 0.190953 0.255386
vn 0.316164 0.650565 0.690510
vn 0.947786 0.252746 0.194475
vn 0.316164 -0.650565 -0.690510
vn -0.947791 -0.190962 -0.255395
vn -0.316162 0.681476 0.660024
vn 0.947788 0.190967 -0.255400
vn -0.316167 0.650561 -0.690513
vn -0.947789 -0.252740 0.194469
vn 0.316160 -0.681473 0.660028
vn 0.947788 -0.190967 0.255402
vn 0.316160 0.681473 -0.660028
vn -0.947795 0.252728 -0.194457
vn -0.316124 -0.650573 0.690521
vn 0.947787 -0.252745 -0.194474
vn -0.316162 -0.681473 -0.660027
vn -0.947791 0.190961 0.255394
vn 0.316164 0.650562 0.690514
vn 0.947792 0.252733 0.194463
vn 0.316122 -0.650574 -0.690522
vn -0.947790 -0.190961 -0.255397
vn -0.316162 0.681473 0.660027
vn 0.947788 0.190967 -0.255402
vn -0.316125 0.650573 -0.690521
vn -0.947795 -0.252728 0.194457
vn 0.316160 -0.681473 0.660028
vn 0.947788 -0.190967 0.255400
vn 0.316160 0.681473 -0.660028
vn -0.947789 0.252739 -0.194469
vn -0.316167 -0.650561 0.690513
vn 0.947792 -0.252733 -0.194463
vn -0.316162 -0.681473 -0.660027
vn -0.947790 0.190962 0.255397
vn 0.316122 0.650574 0.690522
vn 0.947787 0.252745 0.194474
vn 0.316164 -0.650562 -0.690514
vn -0.947791 -0.190961 -0.255394
vn -0.316162 0.681473 0.660027
vn 0.947788 0.190967 -0.255400
vn -0.316167 0.650565 -0.690510
vn -0.947789 -0.252740 0.194469
vn 0.316160 -0.681477 0.660025
vn 0.947792 -0.190959 0.255391
vn 0.316115 0.681485 -0.660037
vn -0.947790 0.252740 -0.194467
vn -0.316167 -0.650565 0.690510
vn 0.947786 -0.252746 -0.194475
vn -0.316162 -0.681476 -0.660024
vn -0.947791 0.190962 0.255395
vn 0.316164 0.650565 0.690511
vn 0.947787 0.252745 0.194473
vn 0.316164 -0.650565 -0.690511
vn -0.947795 -0.190953 -0.255386
vn -0.316118 0.681485 0.660036
vn 0.947792 0.190958 -0.255392
vn -0.316167 0.650561 -0.690513
vn -0.947795 -0.252728 0.194457
vn 0.316160 -0.681473 0.660028
vn 0.947792 -0.190958 0.255392
vn 0.316160 0.681473 -0.660028
vn -0.947795 0.252728 -0.194457
vn -0.316167 -0.650561 0.690513
vn 0.947792 -0.252733 -0.194463
vn -0.316162 -0.681473 -0.660027
vn -0.947795 0.190952 0.255387
vn 0.316164 0.650562 0.690514
vn 0.947792 0.252733 0.194463
vn 0.316164 -0.650562 -0.690514
vn -0.947795 -0.190952 -0.255387
vn -0.316162 0.681473 0.660027
vn 0.947792 0.190959 -0.255391
vn -0.316167 0.650565 -0.690510
vn -0.947795 -0.252729 0.194456
vn 0.316160 -0.681477 0.660025
vn 0.947792 -0.190959 0.255391
vn 0.316160 0.681477 -0.660025
vn -0.947795 0.252729 -0.194456
vn -0.316167 -0.650565 0.690510
vn 0.947792 -0.252734 -0.194462
vn -0.316162 -0.681476 -0.660024
vn -0.947795 0.190953 0.255386
vn 0.316164 0.650565 0.690510
vn 0.947792 0.252734 0.194462
vn 0.316164 -0.650565 -0.690511
vn -0.947795 -0.190953 -0.255386
vn -0.316162 0.681476 0.660024
vn 0.971818 -0.013312 -0.235355
vn 0.076478 -0.003680 -0.997065
vn -0.924595 -0.009633 -0.380829
vn -0.647907 -0.009633 0.761658
vn 0.524189 -0.003680 0.851594
vn 0.971818 0.013312 0.235355
vn 0.524189 0.003680 -0.851594
vn -0.647907 0.009633 -0.761658
vn -0.924595 0.009633 0.380829
vn 0.076478 0.003680 0.997065
vn 0.971818 -0.013312 -0.235355
vn 0.076478 -0.003680 -0.997065
vn -0.924595 -0.009633 -0.380829
vn -0.647907 -0.009633 0.761658
vn 0.524189 -0.003680 0.851594
vn 0.971818 0.013312 0.235355
vn 0.524189 0.003680 -0.851594
vn -0.647907 0.009633 -0.761658
vn -0.924595 0.009633 0.380829
vn 0.076478 0.003680 0.997065
vn 0.947792 0.190958 -0.255392
vn -0.316162 0.650566 -0.690511
vn -0.947787 -0.252746 0.194472
vn 0.316113 -0.681486 0.660038
vn 0.947788 -0.190967 0.255401
vn 0.316157 0.681478 -0.660025
vn -0.947786 0.252746 -0.194475
vn -0.316162 -0.650566 0.690511
vn 0.947787 -0.252746 -0.194472
vn -0.316113 -0.681486 -0.660038
vn -0.947792 0.190958 0.255392
vn 0.316162 0.650566 0.690511
vn 0.947786 0.252746 0.194475
vn 0.316162 -0.650566 -0.690511
vn -0.947788 -0.190967 -0.255401
vn -0.316157 0.681478 0.660025
vn 0.947788 0.190966 -0.255400
vn -0.316162 0.650562 -0.690515
vn -0.947787 -0.252745 0.194474
vn 0.316157 -0.681474 0.660029
vn 0.947788 -0.190967 0.255403
vn 0.316157 0.681474 -0.660029
vn -0.947792 0.252733 -0.194463
vn -0.316119 -0.650574 0.690523
vn 0.947787 -0.252745 -0.194474
vn -0.316157 -0.681474 -0.660029
vn -0.947788 0.190966 0.255400
vn 0.316162 0.650562 0.690515
vn 0.947792 0.252733 0.194463
vn 0.316119 -0.650574 -0.690523
vn -0.947788 -0.190967 -0.255403
vn -0.316157 0.681474 0.660029
vn 0.947792 0.190958 -0.255392
vn -0.316162 0.650566 -0.690511
vn -0.947787 -0.252746 0.194472
vn 0.316113 -0.681486 0.660038
vn 0.947788 -0.190967 0.255401
vn 0.316157 0.681478 -0.660025
vn -0.947786 0.252746 -0.194475
vn -0.316162 -0.650566 0.690511
vn 0.947787 -0.252746 -0.194472
vn -0.316113 -0.681486 -0.660038
vn -0.947792 0.190958 0.255392
vn 0.316162 0.650566 0.690511
vn 0.947786 0.252746 0.194475
vn 0.316162 -0.650566 -0.690511
vn -0.947788 -0.190967 -0.255401
vn -0.316157 0.681478 0.660025
vn 0.947788 0.190966 -0.255400
vn -0.316162 0.650562 -0.690515
vn -0.947787 -0.252745 0.194474
vn 0.316157 -0.681474 0.660029
vn 0.947788 -0.190967 0.255403
vn 0.316157 0.681474 -0.660029
vn -0.947792 0.252733 -0.194463
vn -0.316119 -0.650574 0.690523
vn 0.947787 -0.252745 -0.194474
vn -0.316157 -0.681474 -0.660029
vn -0.947788 0.190966 0.255400
vn 0.316162 0.650562 0.690515
vn 0.947792 0.252733 0.194463
vn 0.316119 -0.650574 -0.690523
vn -0.947788 -0.190967 -0.255403
vn -0.316157 0.681474 0.660029
vn 0.947788 0.190967 -0.255403
vn -0.316120 0.650574 -0.690523
vn -0.947792 -0.252733 0.194463
vn 0.316157 -0.681474 0.660029
vn 0.947788 -0.190966 0.255400
vn 0.316157 0.681474 -0.660029
vn -0.947787 0.252745 -0.194474
vn -0.316162 -0.650562 0.690515
vn 0.947792 -0.252733 -0.194463
vn -0.316157 -0.681474 -0.660029
vn -0.947788 0.190967 0.255403
vn 0.316120 0.650574 0.690523
vn 0.947787 0.252745 0.194474
vn 0.316162 -0.650562 -0.690515
vn -0.947788 -0.190966 -0.255400
vn -0.316157 0.681474 0.660029
vn 0.947788 0.190967 -0.255401
vn -0.316162 0.650566 -0.690511
vn -0.947786 -0.252746 0.194475
vn 0.316157 -0.681478 0.660025
vn 0.947792 -0.190958 0.255392
vn 0.316113 0.681486 -0.660038
vn -0.947787 0.252746 -0.194472
vn -0.316162 -0.650566 0.690511
vn 0.947786 -0.252746 -0.194475
vn -0.316157 -0.681478 -0.660025
vn -0.947788 0.190967 0.255401
vn 0.316162 0.650566 0.690511
vn 0.947787 0.252746 0.194472
vn 0.316162 -0.650566 -0.690511
vn -0.947792 -0.190958 -0.255392
vn -0.316113 0.681486 0.660038
vn 0.947792 0.190958 -0.255393
vn -0.316162 0.650562 -0.690515
vn -0.947792 -0.252733 0.194463
vn 0.316157 -0.681474 0.660029
vn 0.947792 -0.190957 0.255393
vn 0.316157 0.681474 -0.660029
vn -0.947792 0.252733 -0.194463
vn -0.316162 -0.650562 0.690515
vn 0.947792 -0.252733 -0.194463
vn -0.316157 -0.681474 -0.660029
vn -0.947792 0.190957 0.255393
vn 0.316162 0.650562 0.690515
vn 0.947792 0.252733 0.194463
vn 0.316162 -0.650562 -0.690515
vn -0.947792 -0.190957 -0.255393
vn -0.316157 0.681474 0.660029
vn 0.947792 0.190958 -0.255392
vn -0.316162 0.650566 -0.690511
vn -0.947792 -0.252735 0.194461
vn 0.316157 -0.681478 0.660025
vn 0.947792 -0.190958 0.255392
vn 0.316157 0.681478 -0.660025
vn -0.947792 0.252735 -0.194461
vn -0.316162 -0.650566 0.690511
vn 0.947792 -0.252735 -0.194461
vn -0.316157 -0.681478 -0.660025
vn -0.947792 0.190958 0.255392
vn 0.316162 0.650566 0.690511
vn 0.947792 0.252735 0.194461
vn 0.316162 -0.650566 -0.690511
vn -0.947792 -0.190958 -0.255392
vn -0.316157 0.681478 0.660025
vn -0.039725 -0.947929 -0.315994
vn -0.019873 0.316150 -0.948501
vn -0.039725 0.947929 0.315994
vn -0.019873 -0.316150 0.948501
vn 0.039725 -0.947929 0.315994
vn 0.019873 -0.316150 -0.948501
vn 0.039725 0.947929 -0.315994
vn 0.019873 0.316150 0.948501
vn -0.039721 -0.947930 -0.315994
vn -0.019874 0.316191 -0.948487
vn -0.039722 0.947950 0.315932
vn -0.019873 -0.316170 0.948494
vn 0.039721 -0.947930 0.315994
vn 0.019873 -0.316170 -0.948494
vn 0.039722 0.947950 -0.315932
vn 0.019874 0.316191 0.948487
vn -0.039722 -0.947950 -0.315932
vn -0.019873 0.316170 -0.948494
vn -0.039721 0.947930 0.315994
vn -0.019874 -0.316191 0.948487
vn 0.039722 -0.947950 0.315932
vn 0.019874 -0.316191 -0.948487
vn 0.039721 0.947930 -0.315994
vn 0.019873 0.316170 0.948494
vn -0.039725 -0.947929 -0.315994
vn -0.019873 0.316150 -0.948501
vn -0.039725 0.947929 0.315994
vn -0.019873 -0.316150 0.948501
vn 0.039725 -0.947929 0.315994
vn 0.019873 -0.316150 -0.948501
vn 0.039725 0.947929 -0.315994
vn 0.019873 0.316150 0.948501
vn -0.039725 -0.947929 -0.315994
vn -0.019873 0.316150 -0.948501
vn -0.039725 0.947929 0.315994
vn -0.019873 -0.316150 0.948501
vn 0.039725 -0.947929 0.315994
vn 0.019873 -0.316150 -0.948501
vn 0.039725 0.947929 -0.315994
vn 0.019873 0.316150 0.948501
vn -0.039721 -0.947930 -0.315994
vn -0.019874 0.316191 -0.948487
vn -0.039722 0.947950 0.315932
vn -0.019873 -0.316170 0.948494
vn 0.039721 -0.947930 0.315994
vn 0.019873 -0.316170 -0.948494
vn 0.039722 0.947950 -0.315932
vn 0.019874 0.316191 0.948487
vn -0.039722 -0.947950 -0.315932
vn -0.019873 0.316170 -0.948494
vn -0.039721 0.947930 0.315994
vn -0.019874 -0.316191 0.948487
vn 0.039722 -0.947950 0.315932
vn 0.019874 -0.316191 -0.948487
vn 0.039721 0.947930 -0.315994
vn 0.019873 0.316170 0.948494
vn 0.000000 0.000000 -1.000000
vn 0.000000 0.000000 -1.000000
vn 0.000000 0.000000 -1.000000
vn 0.000000 0.000000 -1.000000
vn 0.000000 0.000000 1.000000
vn 0.000000 0.000000 1.000000
vn 0.000000 0.000000 1.000000
vn 0.000000 0.000000 1.000000
vn 0.000000 -1.000000 0.000000
vn 0.000000 -1.000000 0.000000
vn 0.000000 -1.000000 0.000000
vn 0.000000 -1.000000 0.000000
vn 1.000000 0.000000 0.000000
vn 1.000000 0.000000 0.000000
vn 1.000000 0.000000 0.000000
vn 1.000000 0.000000 0.000000
vn 0.000000 1.000000 0.000000
vn 0.000000 1.000000 0.000000
vn 0.000000 1.000000 0.000000
vn 0.000000 1.000000 0.000000
vn -1.000000 0.000000 0.000000
vn -1.000000 0.000000 0.000000
vn -1.000000 0.000000 0.000000
vn -1.000000 0.000000 0.000000
vn 0.000000 0.000000 -1.000000
vn 0.000000 0.000000 -1.000000
vn 0.000000 0.000000 -1.000000
vn 0.000000 0.000000 -1.000000
vn 0.000000 0.000000 1.000000
vn 0.000000 0.000000 1.000000
vn 0.000000 0.000000 1.000000
vn 0.000000 0.000000 1.000000
vn 0.000000 -1.000000 0.000000
vn 0.000000 -1.000000 0.000000
vn 0.000000 -1.000000 0.000000
vn 0.000000 -1.000000 0.000000
vn 1.000000 0.000000 0.000000
vn 1.000000 0.000000 0.000000
vn 1.000000 0.000000 0.000000
vn 1.000000 0.000000 0.000000
vn 0.000000 1.000000 0.000000
vn 0.000000 1.000000 0.000000
vn 0.000000 1.000000 0.000000
vn 0.000000 1.000000 0.000000
vn -1.000000 0.000000 0.000000
vn -1.000000 0.000000 0.000000
vn -1.000000 0.000000 0.000000
vn -1.000000 0.000000 0.000000
vn 0.971821 -0.013312 -0.235342
vn 0.076479 -0.003680 -0.997064
vn -0.924595 -0.009633 -0.380829
vn -0.647907 -0.009633 0.761658
vn 0.524201 -0.003680 0.851587
vn 0.971821 0.013312 0.235342
vn 0.524201 0.003680 -0.851587
vn -0.647907 0.009633 -0.761658
vn -0.924595 0.009633 0.380829
vn 0.076479 0.003680 0.997064
vn 0.971821 -0.013312 -0.235342
vn 0.076479 -0.003680 -0.997064
vn -0.924595 -0.009633 -0.380829
vn -0.647907 -0.009633 0.761658
vn 0.524201 -0.003680 0.851587
vn 0.971821 0.013312 0.235342
vn 0.524201 0.003680 -0.851587
vn -0.647907 0.009633 -0.761658
vn -0.924595 0.009633 0.380829
vn 0.076479 0.003680 0.997064
vn 0.947797 0.190948 -0.255381
vn -0.316157 0.650567 -0.690512
vn -0.947782 -0.252756 0.194483
vn 0.316118 -0.681485 0.660036
vn 0.947793 -0.190956 0.255390
vn 0.316162 0.681477 -0.660024
vn -0.947781 0.252757 -0.194486
vn -0.316157 -0.650567 0.690512
vn 0.947792 -0.252735 -0.194461
vn -0.316108 -0.681487 -0.660039
vn -0.947787 0.190969 0.255403
vn 0.316167 0.650564 0.690510
vn 0.947792 0.252735 0.194463
vn 0.316167 -0.650564 -0.690510
vn -0.947783 -0.190978 -0.255412
vn -0.316152 0.681479 0.660026
vn 0.947793 0.190955 -0.255389
vn -0.316157 0.650564 -0.690515
vn -0.947782 -0.252756 0.194485
vn 0.316162 -0.681473 0.660027
vn 0.947793 -0.190956 0.255392
vn 0.316162 0.681473 -0.660027
vn -0.947787 0.252744 -0.194474
vn -0.316114 -0.650576 0.690524
vn 0.947792 -0.252735 -0.194463
vn -0.316152 -0.681475 -0.660030
vn -0.947783 0.190977 0.255411
vn 0.316167 0.650561 0.690514
vn 0.947797 0.252723 0.194451
vn 0.316124 -0.650573 -0.690522
vn -0.947783 -0.190978 -0.255413
vn -0.316152 0.681475 0.660030
vn 0.947797 0.190948 -0.255381
vn -0.316157 0.650567 -0.690512
vn -0.947782 -0.252756 0.194483
vn 0.316118 -0.681485 0.660036
vn 0.947793 -0.190956 0.255390
vn 0.316162 0.681477 -0.660024
vn -0.947781 0.252757 -0.194486
vn -0.316157 -0.650567 0.690512
vn 0.947792 -0.252735 -0.194461
vn -0.316108 -0.681487 -0.660039
vn -0.947787 0.190969 0.255403
vn 0.316167 0.650564 0.690510
vn 0.947792 0.252735 0.194463
vn 0.316167 -0.650564 -0.690510
vn -0.947783 -0.190978 -0.255412
vn -0.316152 0.681479 0.660026
vn 0.947793 0.190955 -0.255389
vn -0.316157 0.650564 -0.690515
vn -0.947782 -0.252756 0.194485
vn 0.316162 -0.681473 0.660027
vn 0.947793 -0.190956 0.255392
vn 0.316162 0.681473 -0.660027
vn -0.947787 0.252744 -0.194474
vn -0.316114 -0.650576 0.690524
vn 0.947792 -0.252735 -0.194463
vn -0.316152 -0.681475 -0.660030
vn -0.947783 0.190977 0.255411
vn 0.316167 0.650561 0.690514
vn 0.947797 0.252723 0.194451
vn 0.316124 -0.650573 -0.690522
vn -0.947783 -0.190978 -0.255413
vn -0.316152 0.681475 0.660030
vn 0.947793 0.190956 -0.255392
vn -0.316115 0.650576 -0.690523
vn -0.947787 -0.252744 0.194474
vn 0.316162 -0.681473 0.660027
vn 0.947793 -0.190955 0.255389
vn 0.316162 0.681473 -0.660027
vn -0.947782 0.252756 -0.194485
vn -0.316157 -0.650564 0.690515
vn 0.947797 -0.252723 -0.194451
vn -0.316152 -0.681475 -0.660030
vn -0.947782 0.190978 0.255413
vn 0.316125 0.650573 0.690522
vn 0.947792 0.252735 0.194463
vn 0.316167 -0.650561 -0.690514
vn -0.947783 -0.190977 -0.255411
vn -0.316152 0.681475 0.660030
vn 0.947793 0.190956 -0.255390
vn -0.316157 0.650567 -0.690512
vn -0.947781 -0.252757 0.194486
vn 0.316162 -0.681477 0.660024
vn 0.947797 -0.190947 0.255381
vn 0.316118 0.681485 -0.660036
vn -0.947782 0.252756 -0.194483
vn -0.316157 -0.650567 0.690512
vn 0.947792 -0.252735 -0.194463
vn -0.316152 -0.681479 -0.660026
vn -0.947783 0.190978 0.255412
vn 0.316167 0.650564 0.690510
vn 0.947792 0.252735 0.194461
vn 0.316167 -0.650564 -0.690510
vn -0.947787 -0.190969 -0.255402
vn -0.316108 0.681487 0.660039
vn 0.947797 0.190947 -0.255382
vn -0.316157 0.650564 -0.690515
vn -0.947787 -0.252744 0.194474
vn 0.316162 -0.681473 0.660027
vn 0.947797 -0.190946 0.255382
vn 0.316162 0.681473 -0.660027
vn -0.947787 0.252744 -0.194474
vn -0.316157 -0.650564 0.690515
vn 0.947797 -0.252723 -0.194451
vn -0.316152 -0.681475 -0.660030
vn -0.947787 0.190968 0.255404
vn 0.316167 0.650561 0.690514
vn 0.947797 0.252723 0.194451
vn 0.316167 -0.650561 -0.690514
vn -0.947787 -0.190968 -0.255403
vn -0.316152 0.681475 0.660030
vn 0.947797 0.190948 -0.255381
vn -0.316157 0.650567 -0.690512
vn -0.947787 -0.252745 0.194472
vn 0.316162 -0.681477 0.660024
vn 0.947797 -0.190947 0.255381
vn 0.316162 0.681477 -0.660024
vn -0.947787 0.252745 -0.194472
vn -0.316157 -0.650567 0.690512
vn 0.947797 -0.252724 -0.194450
vn -0.316152 -0.681479 -0.660026
vn -0.947787 0.190969 0.255403
vn 0.316167 0.650564 0.690510
vn 0.947797 0.252724 0.194450
vn 0.316167 -0.650564 -0.690510
vn -0.947787 -0.190969 -0.255402
vn -0.316152 0.681479 0.660026
vn 0.971815 -0.013313 -0.235368
vn 0.076477 -0.003680 -0.997065
vn -0.924595 -0.009634 -0.380829
vn -0.647907 -0.009634 0.761658
vn 0.524177 -0.003680 0.851601
vn 0.971815 0.013313 0.235368
vn 0.524177 0.003680 -0.851601
vn -0.647907 0.009634 -0.761658
vn -0.924595 0.009634 0.380829
vn 0.076477 0.003680 0.997065
vn 0.971815 -0.013313 -0.235368
vn 0.076477 -0.003680 -0.997065
vn -0.924595 -0.009634 -0.380829
vn -0.647907 -0.009634 0.761658
vn 0.524177 -0.003680 0.851601
vn 0.971815 0.013313 0.235368
vn 0.524177 0.003680 -0.851601
vn -0.647907 0.009634 -0.761658
vn -0.924595 0.009634 0.380829
vn 0.076477 0.003680 0.997065
vn 0.947797 0.190948 -0.255381
vn -0.316157 0.650567 -0.690512
vn -0.947782 -0.252756 0.194483
vn 0.316118 -0.681485 0.660036
vn 0.947793 -0.190956 0.255390
vn 0.316162 0.681477 -0.660024
vn -0.947781 0.252757 -0.194486
vn -0.316157 -0.650567 0.690512
vn 0.947792 -0.252735 -0.194461
vn -0.316108 -0.681487 -0.660039
vn -0.947787 0.190969 0.255403
vn 0.316167 0.650564 0.690510
vn 0.947792 0.252735 0.194463
vn 0.316167 -0.650564 -0.690510
vn -0.947783 -0.190978 -0.255412
vn -0.316152 0.681479 0.660026
vn 0.947793 0.190955 -0.255389
vn -0.316157 0.650564 -0.690515
vn -0.947782 -0.252756 0.194485
vn 0.316162 -0.681473 0.660027
vn 0.947793 -0.190956 0.255392
vn 0.316162 0.681473 -0.660027
vn -0.947787 0.252744 -0.194474
vn -0.316114 -0.650576 0.690524
vn 0.947792 -0.252735 -0.194463
vn -0.316152 -0.681475 -0.660030
vn -0.947783 0.190977 0.255411
vn 0.316167 0.650561 0.690514
vn 0.947797 0.252723 0.194451
vn 0.316124 -0.650573 -0.690522
vn -0.947783 -0.190978 -0.255413
vn -0.316152 0.681475 0.660030
vn 0.947797 0.190948 -0.255381
vn -0.316157 0.650567 -0.690512
vn -0.947782 -0.252756 0.194483
vn 0.316118 -0.681485 0.660036
vn 0.947793 -0.190956 0.255390
vn 0.316162 0.681477 -0.660024
vn -0.947781 0.252757 -0.194486
vn -0.316157 -0.650567 0.690512
vn 0.947792 -0.252735 -0.194461
vn -0.316108 -0.681487 -0.660039
vn -0.947787 0.190969 0.255403
vn 0.316167 0.650564 0.690510
vn 0.947792 0.252735 0.194463
vn 0.316167 -0.650564 -0.690510
vn -0.947783 -0.190978 -0.255412
vn -0.316152 0.681479 0.660026
vn 0.947793 0.190955 -0.255389
vn -0.316157 0.650564 -0.690515
vn -0.947782 -0.252756 0.194485
vn 0.316162 -0.681473 0.660027
vn 0.947793 -0.190956 0.255392
vn 0.316162 0.681473 -0.660027
vn -0.947787 0.252744 -0.194474
vn -0.316114 -0.650576 0.690524
vn 0.947792 -0.252735 -0.194463
vn -0.316152 -0.681475 -0.660030
vn -0.947783 0.190977 0.255411
vn 0.316167 0.650561 0.690514
vn 0.947797 0.252723 0.194451
vn 0.316124 -0.650573 -0.690522
vn -0.947783 -0.190978 -0.255413
vn -0.316152 0.681475 0.660030
vn 0.947793 0.190956 -0.255392
vn -0.316115 0.650576 -0.690523
vn -0.947787 -0.252744 0.194474
vn 0.316162 -0.681473 0.660027
vn 0.947793 -0.190955 0.255389
vn 0.316162 0.681473 -0.660027
vn -0.947782 0.252756 -0.194485
vn -0.316157 -0.650564 0.690515
vn 0.947797 -0.252723 -0.194451
vn -0.316152 -0.681475 -0.660030
vn -0.947782 0.190978 0.255413
vn 0.316125 0.650573 0.690522
vn 0.947792 0.252735 0.194463
vn 0.316167 -0.650561 -0.690514
vn -0.947783 -0.190977 -0.255411
vn -0.316152 0.681475 0.660030
vn 0.947793 0.190956 -0.255390
vn -0.316157 0.650567 -0.690512
vn -0.947781 -0.252757 0.194486
vn 0.316162 -0.681477 0.660024
vn 0.947797 -0.190947 0.255381
vn 0.316118 0.681485 -0.660036
vn -0.947782 0.252756 -0.194483
vn -0.316157 -0.650567 0.690512
vn 0.947792 -0.252735 -0.194463
vn -0.316152 -0.681479 -0.660026
vn -0.947783 0.190978 0.255412
vn 0.316167 0.650564 0.690510
vn 0.947792 0.252735 0.194461
vn 0.316167 -0.650564 -0.690510
vn -0.947787 -0.190969 -0.255402
vn -0.316108 0.681487 0.660039
vn 0.947797 0.190947 -0.255382
vn -0.316157 0.650564 -0.690515
vn -0.947787 -0.252744 0.194474
vn 0.316162 -0.681473 0.660027
vn 0.947797 -0.190946 0.255382
vn 0.316162 0.681473 -0.660027
vn -0.947787 0.252744 -0.194474
vn -0.316157 -0.650564 0.690515
vn 0.947797 -0.252723 -0.194451
vn -0.316152 -0.681475 -0.660030
vn -0.947787 0.190968 0.255404
vn 0.316167 0.650561 0.690514
vn 0.947797 0.252723 0.194451
vn 0.316167 -0.650561 -0.690514
vn -0.947787 -0.190968 -0.255403
vn -0.316152 0.681475 0.660030
vn 0.947797 0.190948 -0.255381
vn -0.316157 0.650567 -0.690512
vn -0.947787 -0.252745 0.194472
vn 0.316162 -0.681477 0.660024
vn 0.947797 -0.190947 0.255381
vn 0.316162 0.681477 -0.660024
vn -0.947787 0.252745 -0.194472
vn -0.316157 -0.650567 0.690512
vn 0.947797 -0.252724 -0.194450
vn -0.316152 -0.681479 -0.660026
vn -0.947787 0.190969 0.255403
vn 0.316167 0.650564 0.690510
vn 0.947797 0.252724 0.194450
vn 0.316167 -0.650564 -0.690510
vn -0.947787 -0.190969 -0.255402
vn -0.316152 0.681479 0.660026
vn -0.039725 -0.947929 -0.315994
vn -0.019873 0.316150 -0.948501
vn -0.039725 0.947929 0.315994
vn -0.019873 -0.316150 0.948501
vn 0.039725 -0.947929 0.315994
vn 0.019873 -0.316150 -0.948501
vn 0.039725 0.947929 -0.315994
vn 0.019873 0.316150 0.948501
vn -0.039721 -0.947930 -0.315994
vn -0.019874 0.316191 -0.948487
vn -0.039722 0.947950 0.315932
vn -0.019873 -0.316170 0.948494
vn 0.039721 -0.947930 0.315994
vn 0.019873 -0.316170 -0.948494
vn 0.039722 0.947950 -0.315932
vn 0.019874 0.316191 0.948487
vn -0.039722 -0.947950 -0.315932
vn -0.019873 0.316170 -0.948494
vn -0.039721 0.947930 0.315994
vn -0.019874 -0.316191 0.948487
vn 0.039722 -0.947950 0.315932
vn 0.019874 -0.316191 -0.948487
vn 0.039721 0.947930 -0.315994
vn 0.019873 0.316170 0.948494
vn -0.039725 -0.947929 -0.315994
vn -0.019873 0.316150 -0.948501
vn -0.039725 0.947929 0.315994
vn -0.019873 -0.316150 0.948501
vn 0.039725 -0.947929 0.315994
vn 0.019873 -0.316150 -0.948501
vn 0.039725 0.947929 -0.315994
vn 0.019873 0.316150 0.948501
vn -0.039725 -0.947929 -0.315994
vn -0.019873 0.316150 -0.948501
vn -0.039725 0.947929 0.315994
vn -0.019873 -0.316150 0.948501
vn 0.039725 -0.947929 0.315994
vn 0.019873 -0.316150 -0.948501
vn 0.039725 0.947929 -0.315994
vn 0.019873 0.316150 0.948501
vn -0.039721 -0.947930 -0.315994
vn -0.019874 0.316191 -0.948487
vn -0.039722 0.947950 0.315932
vn -0.019873 -0.316170 0.948494
vn 0.039721 -0.947930 0.315994
vn 0.019873 -0.316170 -0.948494
vn 0.039722 0.947950 -0.315932
vn 0.019874 0.316191 0.948487
vn -0.039722 -0.947950 -0.315932
vn -0.019873 0.316170 -0.948494
vn -0.039721 0.947930 0.315994
vn -0.019874 -0.316191 0.948487
vn 0.039722 -0.947950 0.315932
vn 0.019874 -0.316191 -0.948487
vn 0.039721 0.947930 -0.315994
vn 0.019873 0.316170 0.948494
f 1//1 2//2 3//3
f 1//1 3//3 4//4
f 5//5 6//6 7//7
f 5//5 7//7 8//8
f 9//9 10//10 11//11
f 9//9 11//11 12//12
f 13//13 14//14 15//15
f 13//13 15//15 16//16
f 17//17 18//18 19//19
f 17//17 19//19 20//20
f 21//21 22//22 23//23
f 21//21 23//23 24//24
f 25//25 26//26 27//27
f 25//25 27//27 28//28
f 29//29 30//30 31//31
f 29//29 31//31 32//32
f 33//33 34//34 35//35
f 33//33 35//35 36//36
f 37//37 38//38 39//39
f 37//37 39//39 40//40
f 41//41 42//42 43//43
f 41//41 43//43 44//44
f 45//45 46//46 47//47
f 45//45 47//47 48//48
f 49//49 50//50 51//51
f 49//49 51//51 52//52
f 53//53 54//54 55//55
f 53//53 55//55 56//56
f 57//57 58//58 59//59
f 57//57 59//59 60//60
f 61//61 62//62 63//63
f 61//61 63//63 64//64
f 65//65 66//66 67//67
f 65//65 67//67 68//68
f 69//69 70//70 71//71
f 69//69 71//71 72//72
f 73//73 74//74 75//75
f 73//73 75//75 76//76
f 77//77 78//78 79//79
f 77//77 79//79 80//80
f 81//81 82//82 83//83
f 81//81 83//83 84//84
f 85//85 86//86 87//87
f 85//85 87//87 88//88
f 89//89 90//90 91//91
f 89//89 91//91 92//92
f 93//93 94//94 95//95
f 93//93 95//95 96//96
f 97//97 98//98 99//99
f 97//97 99//99 100//100
f 101//101 102//102 103//103
f 101//101 103//103 104//104
f 105//105 106//106 107//107
f 105//105 107//107 108//108
f 109//109 110//110 111//111
f 109//109 111//111 112//112
f 113//113 114//114 115//115
f 113//113 115//115 116//116
f 117//117 118//118 119//119
f 117//117 119//119 120//120
f 121//121 122//122 123//123
f 121//121 123//123 124//124
f 125//125 126//126 127//127
f 125//125 127//127 128//128
f 129//129 130//130 131//131
f 129//129 131//131 132//132
f 133//133 134//134 135//135
f 133//133 135//135 136//136
f 137//137 138//138 139//139
f 137//137 139//139 140//140
f 141//141 142//142 143//143
f 141//141 143//143 144//144
f 145//145 146//146 147//147
f 145//145 147//147 148//148
f 149//149 150//150 151//151
f 149//149 151//151 152//152
f 153//153 154//154 155//155
f 153//153 155//155 156//156
f 157//157 158//158 159//159
f 157//157 159//159 160//160
f 161//161 162//162 163//163
f 161//161 163//163 164//164
f 165//165 166//166 167//167
f 165//165 167//167 168//168
f 169//169 170//170 171//171
f 169//169 171//171 172//172
f 173//173 174//174 175//175
f 173//173 175//175 176//176
f 177//177 178//178 179//179
f 177//177 179//179 180//180
f 181//181 182//182 183//183
f 181//181 183//183 184//184
f 185//185 186//186 187//187
f 185//185 187//187 188//188
f 189//189 190//190 191//191
f 189//189 191//191 192//192
f 193//193 194//194 195//195
f 193//193 195//195 196//196
f 197//197 198//198 199//199
f 197//197 199//199 200//200
f 201//201 202//202 203//203
f 201//201 203//203 204//204
f 205//205 206//206 207//207
f 205//205 207//207 208//208
f 209//209 210//210 211//211
f 209//209 211//211 212//212
f 213//213 214//214 215//215
f 213//213 215//215 216//216
f 217//217 218//218 219//219
f 217//217 219//219 220//220
f 221//221 222//222 223//223
f 221//221 223//223 224//224
f 225//225 226//226 227//227
f 225//225 227//227 228//228
f 229//229 230//230 231//231
f 229//229 231//231 232//232
f 233//233 234//234 235//235
f 233//233 235//235 236//236
f 237//237 238//238 239//239
f 237//237 239//239 240//240
f 241//241 242//242 243//243
f 241//241 243//243 244//244
f 245//245 246//246 247//247
f 245//245 247//247 248//248
f 249//249 250//250 251//251
f 249//249 251//251 252//252
f 253//253 254//254 255//255
f 253//253 255//255 256//256
f 257//257 258//258 259//259
f 257//257 259//259 260//260
f 261//261 262//262 263//263
f 261//261 263//263 264//264
f 265//265 266//266 267//267
f 265//265 267//267 268//268
f 269//269 270//270 271//271
f 269//269 271//271 272//272
f 273//273 274//274 275//275
f 273//273 275//275 276//276
f 277//277 278//278 279//279
f 277//277 279//279 280//280
f 281//281 282//282 283//283
f 281//281 283//283 284//284
f 285//285 286//286 287//287
f 285//285 287//287 288//288
f 289//289 290//290 291//291
f 289//289 291//291 292//292
f 293//293 294//294 295//295
f 293//293 295//295 296//296
f 297//297 298//298 299//299
f 297//297 299//299 300//300
f 301//301 302//302 303//303
f 301//301 303//303 304//304
f 305//305 306//306 307//307
f 305//305 307//307 308//308
f 309//309 310//310 311//311
f 309//309 311//311 312//312
f 313//313 314//314 315//315
f 313//313 315//315 316//316
f 317//317 318//318 319//319
f 317//317 319//319 320//320
f 321//321 322//322 323//323
f 321//321 323//323 324//324
f 325//325 326//326 327//327
f 325//325 327//327 328//328
f 329//329 330//330 331//331
f 329//329 331//331 332//332
f 333//333 334//334 335//335
f 333//333 335//335 336//336
f 337//337 338//338 339//339
f 337//337 339//339 340//340
f 341//341 342//342 343//343
f 341//341 343//343 344//344
f 345//345 346//346 347//347
f 345//345 347//347 348//348
f 349//349 350//350 351//351
f 349//349 351//351 352//352
f 353//353 354//354 355//355
f 353//353 355//355 356//356
f 357//357 358//358 359//359
f 357//357 359//359 360//360
f 361//361 362//362 363//363
f 361//361 363//363 364//364
f 365//365 366//366 367//367
f 365//365 367//367 368//368
f 369//369 370//370 371//371
f 369//369 371//371 372//372
f 373//373 374//374 375//375
f 373//373 375//375 376//376
f 377//377 378//378 379//379
f 377//377 379//379 380//380
f 381//381 382//382 383//383
f 381//381 383//383 384//384
f 385//385 386//386 394//394
f 385//385 394//394 393//393
f 386//386 387//387 395//395
f 386//386 395//395 394//394
f 387//387 388//388 396//396
f 387//387 396//396 395//395
f 388//388 389//389 397//397
f 388//388 397//397 396//396
f 389//389 390//390 398//398
f 389//389 398//398 397//397
f 390//390 391//391 399//399
f 390//390 399//399 398//398
f 391//391 392//392 400//400
f 391//391 400//400 399//399
f 392//392 385//385 393//393
f 392//392 393//393 400//400
f 385//385 387//387 386//386
f 385//385 388//388 387//387
f 385//385 389//389 388//388
f 385//385 390//390 389//389
f 385//385 391//391 390//390
f 385//385 392//392 391//391
f 393//393 394//394 395//395
f 393//393 395//395 396//396
f 393//393 396//396 397//397
f 393//393 397//397 398//398
f 393//393 398//398 399//399
f 393//393 399//399 400//400
f 401//401 402//402 410//410
f 401//401 410//410 409//409
f 402//402 403//403 411//411
f 402//402 411//411 410//410
f 403//403 404//404 412//412
f 403//403 412//412 411//411
f 404//404 405//405 413//413
f 404//404 413//413 412//412
f 405//405 406//406 414//414
f 405//405 414//414 413//413
f 406//406 407//407 415//415
f 406//406 415//415 414//414
f 407//407 408//408 416//416
f 407//407 416//416 415//415
f 408//408 401//401 409//409
f 408//408 409//409 416//416
f 401//401 403//403 402//402
f 401//401 404//404 403//403
f 401//401 405//405 404//404
f 401//401 406//406 405//405
f 401//401 407//407 406//406
f 401//401 408//408 407//407
f 409//409 410//410 411//411
f 409//409 411//411 412//412
f 409//409 412//412 413//413
f 409//409 413//413 414//414
f 409//409 414//414 415//415
f 409//409 415//415 416//416
f 417//417 418//418 426//426
f 417//417 426//426 425//425
f 418//418 419//419 427//427
f 418//418 427//427 426//426
f 419//419 420//420 428//428
f 419//419 428//428 427//427
f 420//420 421//421 429//429
f 420//420 429//429 428//428
f 421//421 422//422 430//430
f 421//421 430//430 429//429
f 422//422 423//423 431//431
f 422//422 431//431 430//430
f 423//423 424//424 432//432
f 423//423 432//432 431//431
f 424//424 417//417 425//425
f 424//424 425//425 432//432
f 417//417 419//419 418//418
f 417//417 420//420 419//419
f 417//417 421//421 420//420
f 417//417 422//422 421//421
f 417//417 423//423 422//422
f 417//417 424//424 423//423
f 425//425 426//426 427//427
f 425//425 427//427 428//428
f 425//425 428//428 429//429
f 425//425 429//429 430//430
f 425//425 430//430 431//431
f 425//425 431//431 432//432
f 433//433 434//434 442//442
f 433//433 442//442 441//441
f 434//434 435//435 443//443
f 434//434 443//443 442//442
f 435//435 436//436 444//444
f 435//435 444//444 443//443
f 436//436 437//437 445//445
f 436//436 445//445 444//444
f 437//437 438//438 446//446
f 437//437 446//446 445//445
f 438//438 439//439 447//447
f 438//438 447//447 446//446
f 439//439 440//440 448//448
f 439//439 448//448 447//447
f 440//440 433//433 441//441
f 440//440 441//441 448//448
f 433//433 435//435 434//434
f 433//433 436//436 435//435
f 433//433 437//437 436//436
f 433//433 438//438 437//437
f 433//433 439//439 438//438
f 433//433 440//440 439//439
f 441//441 442//442 443//443
f 441//441 443//443 444//444
f 441//441 444//444 445//445
f 441//441 445//445 446//446
f 441//441 446//446 447//447
f 441//441 447//447 448//448
f 449//449 450//450 458//458
f 449//449 458//458 457//457
f 450//450 451//451 459//459
f 450//450 459//459 458//458
f 451//451 452//452 460//460
f 451//451 460//460 459//459
f 452//452 453//453 461//461
f 452//452 461//461 460//460
f 453//453 454//454 462//462
f 453//453 462//462 461//461
f 454//454 455//455 463//463
f 454//454 463//463 462//462
f 455//455 456//456 464//464
f 455//455 464//464 463//463
f 456//456 449//449 457//457
f 456//456 457//457 464//464
f 449//449 451//451 450//450
f 449//449 452//452 451//451
f 449//449 453//453 452//452
f 449//449 454//454 453//453
f 449//449 455//455 454//454
f 449//449 456//456 455//455
f 457//457 458//458 459//459
f 457//457 459//459 460//460
f 457//457 460//460 461//461
f 457//457 461//461 462//462
f 457//457 462//462 463//463
f 457//457 463//463 464//464
f 465//465 466//466 474//474
f 465//465 474//474 473//473
f 466//466 467//467 475//475
f 466//466 475//475 474//474
f 467//467 468//468 476//476
f 467//467 476//476 475//475
f 468//468 469//469 477//477
f 468//468 477//477 476//476
f 469//469 470//470 478//478
f 469//469 478//478 477//477
f 470//470 471//471 479//479
f 470//470 479//479 478//478
f 471//471 472//472 480//480
f 471//471 480//480 479//479
f 472//472 465//465 473//473
f 472//472 473//473 480//480
f 465//465 467//467 466//466
f 465//465 468//468 467//467
f 465//465 469//469 468//468
f 465//465 470//470 469//469
f 465//465 471//471 470//470
f 465//465 472//472 471//471
f 473//473 474//474 475//475
f 473//473 475//475 476//476
f 473//473 476//476 477//477
f 473//473 477//477 478//478
f 473//473 478//478 479//479
f 473//473 479//479 480//480
f 481//481 482//482 490//490
f 481//481 490//490 489//489
f 482//482 483//483 491//491
f 482//482 491//491 490//490
f 483//483 484//484 492//492
f 483//483 492//492 491//491
f 484//484 485//485 493//493
f 484//484 493//493 492//492
f 485//485 486//486 494//494
f 485//485 494//494 493//493
f 486//486 487//487 495//495
f 486//486 495//495 494//494
f 487//487 488//488 496//496
f 487//487 496//496 495//495
f 488//488 481//481 489//489
f 488//488 489//489 496//496
f 481//481 483//483 482//482
f 481//481 484//484 483//483
f 481//481 485//485 484//484
f 481//481 486//486 485//485
f 481//481 487//487 486//486
f 481//481 488//488 487//487
f 489//489 490//490 491//491
f 489//489 491//491 492//492
f 489//489 492//492 493//493
f 489//489 493//493 494//494
f 489//489 494//494 495//495
f 489//489 495//495 496//496
f 497//497 498//498 506//506
f 497//497 506//506 505//505
f 498//498 499//499 507//507
f 498//498 507//507 506//506
f 499//499 500//500 508//508
f 499//499 508//508 507//507
f 500//500 501//501 509//509
f 500//500 509//509 508//508
f 501//501 502//502 510//510
f 501//501 510//510 509//509
f 502//502 503//503 511//511
f 502//502 511//511 510//510
f 503//503 504//504 512//512
f 503//503 512//512 511//511
f 504//504 497//497 505//505
f 504//504 505//505 512//512
f 497//497 499//499 498//498
f 497//497 500//500 499//499
f 497//497 501//501 500//500
f 497//497 502//502 501//501
f 497//497 503//503 502//502
f 497//497 504//504 503//503
f 505//505 506//506 507//507
f 505//505 507//507 508//508
f 505//505 508//508 509//509
f 505//505 509//509 510//510
f 505//505 510//510 511//511
f 505//505 511//511 512//512
f 513//513 514//514 522//522
f 513//513 522//522 521//521
f 514//514 515//515 523//523
f 514//514 523//523 522//522
f 515//515 516//516 524//524
f 515//515 524//524 523//523
f 516//516 517//517 525//525
f 516//516 525//525 524//524
f 517//517 518//518 526//526
f 517//517 526//526 525//525
f 518//518 519//519 527//527
f 518//518 527//527 526//526
f 519//519 520//520 528//528
f 519//519 528//528 527//527
f 520//520 513//513 521//521
f 520//520 521//521 528//528
f 513//513 515//515 514//514
f 513//513 516//516 515//515
f 513//513 517//517 516//516
f 513//513 518//518 517//517
f 513//513 519//519 518//518
f 513//513 520//520 519//519
f 521//521 522//522 523//523
f 521//521 523//523 524//524
f 521//521 524//524 525//525
f 521//521 525//525 526//526
f 521//521 526//526 527//527
f 521//521 527//527 528//528
f 529//529 530//530 538//538
f 529//529 538//538 537//537
f 530//530 531//531 539//539
f 530//530 539//539 538//538
f 531//531 532//532 540//540
f 531//531 540//540 539//539
f 532//532 533//533 541//541
f 532//532 541//541 540//540
f 533//533 534//534 542//542
f 533//533 542//542 541//541
f 534//534 535//535 543//543
f 534//534 543//543 542//542
f 535//535 536//536 544//544
f 535//535 544//544 543//543
f 536//536 529//529 537//537
f 536//536 537//537 544//544
f 529//529 531//531 530//530
f 529//529 532//532 531//531
f 529//529 533//533 532//532
f 529//529 534//534 533//533
f 529//529 535//535 534//534
f 529//529 536//536 535//535
f 537//537 538//538 539//539
f 537//537 539//539 540//540
f 537//537 540//540 541//541
f 537//537 541//541 542//542
f 537//537 542//542 543//543
f 537//537 543//543 544//544
f 545//545 546//546 554//554
f 545//545 554//554 553//553
f 546//546 547//547 555//555
f 546//546 555//555 554//554
f 547//547 548//548 556//556
f 547//547 556//556 555//555
f 548//548 549//549 557//557
f 548//548 557//557 556//556
f 549//549 550//550 558//558
f 549//549 558//558 557//557
f 550//550 551//551 559//559
f 550//550 559//559 558//558
f 551//551 552//552 560//560
f 551//551 560//560 559//559
f 552//552 545//545 553//553
f 552//552 553//553 560//560
f 545//545 547//547 546//546
f 545//545 548//548 547//547
f 545//545 549//549 548//548
f 545//545 550//550 549//549
f 545//545 551//551 550//550
f 545//545 552//552 551//551
f 553//553 554//554 555//555
f 553//553 555//555 556//556
f 553//553 556//556 557//557
f 553//553 557//557 558//558
f 553//553 558//558 559//559
f 553//553 559//559 560//560
f 561//561 562//562 570//570
f 561//561 570//570 569//569
f 562//562 563//563 571//571
f 562//562 571//571 570//570
f 563//563 564//564 572//572
f 563//563 572//572 571//571
f 564//564 565//565 573//573
f 564//564 573//573 572//572
f 565//565 566//566 574//574
f 565//565 574//574 573//573
f 566//566 567//567 575//575
f 566//566 575//575 574//574
f 567//567 568//568 576//576
f 567//567 576//576 575//575
f 568//568 561//561 569//569
f 568//568 569//569 576//576
f 561//561 563//563 562//562
f 561//561 564//564 563//563
f 561//561 565//565 564//564
f 561//561 566//566 565//565
f 561//561 567//567 566//566
f 561//561 568//568 567//567
f 569//569 570//570 571//571
f 569//569 571//571 572//572
f 569//569 572//572 573//573
f 569//569 573//573 574//574
f 569//569 574//574 575//575
f 569//569 575//575 576//576
f 577//577 578//578 586//586
f 577//577 586//586 585//585
f 578//578 579//579 587//587
f 578//578 587//587 586//586
f 579//579 580//580 588//588
f 579//579 588//588 587//587
f 580//580 581//581 589//589
f 580//580 589//589 588//588
f 581//581 582//582 590//590
f 581//581 590//590 589//589
f 582//582 583//583 591//591
f 582//582 591//591 590//590
f 583//583 584//584 592//592
f 583//583 592//592 591//591
f 584//584 577//577 585//585
f 584//584 585//585 592//592
f 577//577 579//579 578//578
f 577//577 580//580 579//579
f 577//577 581//581 580//580
f 577//577 582//582 581//581
f 577//577 583//583 582//582
f 577//577 584//584 583//583
f 585//585 586//586 587//587
f 585//585 587//587 588//588
f 585//585 588//588 589//589
f 585//585 589//589 590//590
f 585//585 590//590 591//591
f 585//585 591//591 592//592
f 593//593 594//594 602//602
f 593//593 602//602 601//601
f 594//594 595//595 603//603
f 594//594 603//603 602//602
f 595//595 596//596 604//604
f 595//595 604//604 603//603
f 596//596 597//597 605//605
f 596//596 605//605 604//604
f 597//597 598//598 606//606
f 597//597 606//606 605//605
f 598//598 599//599 607//607
f 598//598 607//607 606//606
f 599//599 600//600 608//608
f 599//599 608//608 607//607
f 600//600 593//593 601//601
f 600//600 601//601 608//608
f 593//593 595//595 594//594
f 593//593 596//596 595//595
f 593//593 597//597 596//596
f 593//593 598//598 597//597
f 593//593 599//599 598//598
f 593//593 600//600 599//599
f 601//601 602//602 603//603
f 601//601 603//603 604//604
f 601//601 604//604 605//605
f 601//601 605//605 606//606
f 601//601 606//606 607//607
f 601//601 607//607 608//608
f 609//609 610//610 618//618
f 609//609 618//618 617//617
f 610//610 611//611 619//619
f 610//610 619//619 618//618
f 611//611 612//612 620//620
f 611//611 620//620 619//619
f 612//612 613//613 621//621
f 612//612 621//621 620//620
f 613//613 614//614 622//622
f 613//613 622//622 621//621
f 614//614 615//615 623//623
f 614//614 623//623 622//622
f 615//615 616//616 624//624
f 615//615 624//624 623//623
f 616//616 609//609 617//617
f 616//616 617//617 624//624
f 609//609 611//611 610//610
f 609//609 612//612 611//611
f 609//609 613//613 612//612
f 609//609 614//614 613//613
f 609//609 615//615 614//614
f 609//609 616//616 615//615
f 617//617 618//618 619//619
f 617//617 619//619 620//620
f 617//617 620//620 621//621
f 617//617 621//621 622//622
f 617//617 622//622 623//623
f 617//617 623//623 624//624
f 625//625 626//626 634//634
f 625//625 634//634 633//633
f 626//626 627//627 635//635
f 626//626 635//635 634//634
f 627//627 628//628 636//636
f 627//627 636//636 635//635
f 628//628 629//629 637//637
f 628//628 637//637 636//636
f 629//629 630//630 638//638
f 629//629 638//638 637//637
f 630//630 631//631 639//639
f 630//630 639//639 638//638
f 631//631 632//632 640//640
f 631//631 640//640 639//639
f 632//632 625//625 633//633
f 632//632 633//633 640//640
f 625//625 627//627 626//626
f 625//625 628//628 627//627
f 625//625 629//629 628//628
f 625//625 630//630 629//629
f 625//625 631//631 630//630
f 625//625 632//632 631//631
f 633//633 634//634 635//635
f 633//633 635//635 636//636
f 633//633 636//636 637//637
f 633//633 637//637 638//638
f 633//633 638//638 639//639
f 633//633 639//639 640//640
f 641//641 642//642 643//643
f 641//641 643//643 644//644
f 645//645 646//646 647//647
f 645//645 647//647 648//648
f 649//649 650//650 651//651
f 649//649 651//651 652//652
f 653//653 654//654 655//655
f 653//653 655//655 656//656
f 657//657 658//658 659//659
f 657//657 659//659 660//660
f 661//661 662//662 663//663
f 661//661 663//663 664//664
f 665//665 666//666 667//667
f 665//665 667//667 668//668
f 669//669 670//670 671//671
f 669//669 671//671 672//672
f 673//673 674//674 675//675
f 673//673 675//675 676//676
f 677//677 678//678 679//679
f 677//677 679//679 680//680
f 681//681 682//682 683//683
f 681//681 683//683 684//684
f 685//685 686//686 687//687
f 685//685 687//687 688//688
f 689//689 690//690 695//695
f 689//689 695//695 694//694
f 690//690 691//691 696//696
f 690//690 696//696 695//695
f 691//691 692//692 697//697
f 691//691 697//697 696//696
f 692//692 693//693 698//698
f 692//692 698//698 697//697
f 693//693 689//689 694//694
f 693//693 694//694 698//698
f 689//689 691//691 690//690
f 689//689 692//692 691//691
f 689//689 693//693 692//692
f 694//694 695//695 696//696
f 694//694 696//696 697//697
f 694//694 697//697 698//698
f 699//699 700//700 705//705
f 699//699 705//705 704//704
f 700//700 701//701 706//706
f 700//700 706//706 705//705
f 701//701 702//702 707//707
f 701//701 707//707 706//706
f 702//702 703//703 708//708
f 702//702 708//708 707//707
f 703//703 699//699 704//704
f 703//703 704//704 708//708
f 699//699 701//701 700//700
f 699//699 702//702 701//701
f 699//699 703//703 702//702
f 704//704 705//705 706//706
f 704//704 706//706 707//707
f 704//704 707//707 708//708
f 709//709 710//710 714//714
f 709//709 714//714 713//713
f 710//710 711//711 715//715
f 710//710 715//715 714//714
f 711//711 712//712 716//716
f 711//711 716//716 715//715
f 712//712 709//709 713//713
f 712//712 713//713 716//716
f 709//709 711//711 710//710
f 709//709 712//712 711//711
f 713//713 714//714 715//715
f 713//713 715//715 716//716
f 717//717 718//718 722//722
f 717//717 722//722 721//721
f 718//718 719//719 723//723
f 718//718 723//723 722//722
f 719//719 720//720 724//724
f 719//719 724//724 723//723
f 720//720 717//717 721//721
f 720//720 721//721 724//724
f 717//717 719//719 718//718
f 717//717 720//720 719//719
f 721//721 722//722 723//723
f 721//721 723//723 724//724
f 725//725 726//726 730//730
f 725//725 730//730 729//729
f 726//726 727//727 731//731
f 726//726 731//731 730//730
f 727//727 728//728 732//732
f 727//727 732//732 731//731
f 728//728 725//725 729//729
f 728//728 729//729 732//732
f 725//725 727//727 726//726
f 725//725 728//728 727//727
f 729//729 730//730 731//731
f 729//729 731//731 732//732
f 733//733 734//734 738//738
f 733//733 738//738 737//737
f 734//734 735//735 739//739
f 734//734 739//739 738//738
f 735//735 736//736 740//740
f 735//735 740//740 739//739
f 736//736 733//733 737//737
f 736//736 737//737 740//740
f 733//733 735//735 734//734
f 733//733 736//736 735//735
f 737//737 738//738 739//739
f 737//737 739//739 740//740
f 741//741 742//742 746//746
f 741//741 746//746 745//745
f 742//742 743//743 747//747
f 742//742 747//747 746//746
f 743//743 744//744 748//748
f 743//743 748//748 747//747
f 744//744 741//741 745//745
f 744//744 745//745 748//748
f 741//741 743//743 742//742
f 741//741 744//744 743//743
f 745//745 746//746 747//747
f 745//745 747//747 748//748
f 749//749 750//750 754//754
f 749//749 754//754 753//753
f 750//750 751//751 755//755
f 750//750 755//755 754//754
f 751//751 752//752 756//756
f 751//751 756//756 755//755
f 752//752 749//749 753//753
f 752//752 753//753 756//756
f 749//749 751//751 750//750
f 749//749 752//752 751//751
f 753//753 754//754 755//755
f 753//753 755//755 756//756
f 757//757 758//758 762//762
f 757//757 762//762 761//761
f 758//758 759//759 763//763
f 758//758 763//763 762//762
f 759//759 760//760 764//764
f 759//759 764//764 763//763
f 760//760 757//757 761//761
f 760//760 761//761 764//764
f 757//757 759//759 758//758
f 757//757 760//760 759//759
f 761//761 762//762 763//763
f 761//761 763//763 764//764
f 765//765 766//766 770//770
f 765//765 770//770 769//769
f 766//766 767//767 771//771
f 766//766 771//771 770//770
f 767//767 768//768 772//772
f 767//767 772//772 771//771
f 768//768 765//765 769//769
f 768//768 769//769 772//772
f 765//765 767//767 766//766
f 765//765 768//768 767//767
f 769//769 770//770 771//771
f 769//769 771//771 772//772
f 773//773 774//774 778//778
f 773//773 778//778 777//777
f 774//774 775//775 779//779
f 774//774 779//779 778//778
f 775//775 776//776 780//780
f 775//775 780//780 779//779
f 776//776 773//773 777//777
f 776//776 777//777 780//780
f 773//773 775//775 774//774
f 773//773 776//776 775//775
f 777//777 778//778 779//779
f 777//777 779//779 780//780
f 781//781 782//782 786//786
f 781//781 786//786 785//785
f 782//782 783//783 787//787
f 782//782 787//787 786//786
f 783//783 784//784 788//788
f 783//783 788//788 787//787
f 784//784 781//781 785//785
f 784//784 785//785 788//788
f 781//781 783//783 782//782
f 781//781 784//784 783//783
f 785//785 786//786 787//787
f 785//785 787//787 788//788
f 789//789 790//790 794//794
f 789//789 794//794 793//793
f 790//790 791//791 795//795
f 790//790 795//795 794//794
f 791//791 792//792 796//796
f 791//791 796//796 795//795
f 792//792 789//789 793//793
f 792//792 793//793 796//796
f 789//789 791//791 790//790
f 789//789 792//792 791//791
f 793//793 794//794 795//795
f 793//793 795//795 796//796
f 797//797 798//798 802//802
f 797//797 802//802 801//801
f 798//798 799//799 803//803
f 798//798 803//803 802//802
f 799//799 800//800 804//804
f 799//799 804//804 803//803
f 800//800 797//797 801//801
f 800//800 801//801 804//804
f 797//797 799//799 798//798
f 797//797 800//800 799//799
f 801//801 802//802 803//803
f 801//801 803//803 804//804
f 805//805 806//806 810//810
f 805//805 810//810 809//809
f 806//806 807//807 811//811
f 806//806 811//811 810//810
f 807//807 808//808 812//812
f 807//807 812//812 811//811
f 808//808 805//805 809//809
f 808//808 809//809 812//812
f 805//805 807//807 806//806
f 805//805 808//808 807//807
f 809//809 810//810 811//811
f 809//809 811//811 812//812
f 813//813 814//814 818//818
f 813//813 818//818 817//817
f 814//814 815//815 819//819
f 814//814 819//819 818//818
f 815//815 816//816 820//820
f 815//815 820//820 819//819
f 816//816 813//813 817//817
f 816//816 817//817 820//820
f 813//813 815//815 814//814
f 813//813 816//816 815//815
f 817//817 818//818 819//819
f 817//817 819//819 820//820
f 821//821 822//822 826//826
f 821//821 826//826 825//825
f 822//822 823//823 827//827
f 822//822 827//827 826//826
f 823//823 824//824 828//828
f 823//823 828//828 827//827
f 824//824 821//821 825//825
f 824//824 825//825 828//828
f 821//821 823//823 822//822
f 821//821 824//824 823//823
f 825//825 826//826 827//827
f 825//825 827//827 828//828
f 829//829 830//830 834//834
f 829//829 834//834 833//833
f 830//830 831//831 835//835
f 830//830 835//835 834//834
f 831//831 832//832 836//836
f 831//831 836//836 835//835
f 832//832 829//829 833//833
f 832//832 833//833 836//836
f 829//829 831//831 830//830
f 829//829 832//832 831//831
f 833//833 834//834 835//835
f 833//833 835//835 836//836
f 837//837 838//838 843//843
f 837//837 843//843 842//842
f 838//838 839//839 844//844
f 838//838 844//844 843//843
f 839//839 840//840 845//845
f 839//839 845//845 844//844
f 840//840 841//841 846//846
f 840//840 846//846 845//845
f 841//841 837//837 842//842
f 841//841 842//842 846//846
f 837//837 839//839 838//838
f 837//837 840//840 839//839
f 837//837 841//841 840//840
f 842//842 843//843 844//844
f 842//842 844//844 845//845
f 842//842 845//845 846//846
f 847//847 848//848 853//853
f 847//847 853//853 852//852
f 848//848 849//849 854//854
f 848//848 854//854 853//853
f 849//849 850//850 855//855
f 849//849 855//855 854//854
f 850//850 851//851 856//856
f 850//850 856//856 855//855
f 851//851 847//847 852//852
f 851//851 852//852 856//856
f 847//847 849//849 848//848
f 847//847 850//850 849//849
f 847//847 851//851 850//850
f 852//852 853//853 854//854
f 852//852 854//854 855//855
f 852//852 855//855 856//856
f 857//857 858//858 862//862
f 857//857 862//862 861//861
f 858//858 859//859 863//863
f 858//858 863//863 862//862
f 859//859 860//860 864//864
f 859//859 864//864 863//863
f 860//860 857//857 861//861
f 860//860 861//861 864//864
f 857//857 859//859 858//858
f 857//857 860//860 859//859
f 861//861 862//862 863//863
f 861//861 863//863 864//864
f 865//865 866//866 870//870
f 865//865 870//870 869//869
f 866//866 867//867 871//871
f 866//866 871//871 870//870
f 867//867 868//868 872//872
f 867//867 872//872 871//871
f 868//868 865//865 869//869
f 868//868 869//869 872//872
f 865//865 867//867 866//866
f 865//865 868//868 867//867
f 869//869 870//870 871//871
f 869//869 871//871 872//872
f 873//873 874//874 878//878
f 873//873 878//878 877//877
f 874//874 875//875 879//879
f 874//874 879//879 878//878
f 875//875 876//876 880//880
f 875//875 880//880 879//879
f 876//876 873//873 877//877
f 876//876 877//877 880//880
f 873//873 875//875 874//874
f 873//873 876//876 875//875
f 877//877 878//878 879//879
f 877//877 879//879 880//880
f 881//881 882//882 886//886
f 881//881 886//886 885//885
f 882//882 883//883 887//887
f 882//882 887//887 886//886
f 883//883 884//884 888//888
f 883//883 888//888 887//887
f 884//884 881//881 885//885
f 884//884 885//885 888//888
f 881//881 883//883 882//882
f 881//881 884//884 883//883
f 885//885 886//886 887//887
f 885//885 887//887 888//888
f 889//889 890//890 894//894
f 889//889 894//894 893//893
f 890//890 891//891 895//895
f 890//890 895//895 894//894
f 891//891 892//892 896//896
f 891//891 896//896 895//895
f 892//892 889//889 893//893
f 892//892 893//893 896//896
f 889//889 891//891 890//890
f 889//889 892//892 891//891
f 893//893 894//894 895//895
f 893//893 895//895 896//896
f 897//897 898//898 902//902
f 897//897 902//902 901//901
f 898//898 899//899 903//903
f 898//898 903//903 902//902
f 899//899 900//900 904//904
f 899//899 904//904 903//903
f 900//900 897//897 901//901
f 900//900 901//901 904//904
f 897//897 899//899 898//898
f 897//897 900//900 899//899
f 901//901 902//902 903//903
f 901//901 903//903 904//904
f 905//905 906//906 910//910
f 905//905 910//910 909//909
f 906//906 907//907 911//911
f 906//906 911//911 910//910
f 907//907 908//908 912//912
f 907//907 912//912 911//911
f 908//908 905//905 909//909
f 908//908 909//909 912//912
f 905//905 907//907 906//906
f 905//905 908//908 907//907
f 909//909 910//910 911//911
f 909//909 911//911 912//912
f 913//913 914//914 918//918
f 913//913 918//918 917//917
f 914//914 915//915 919//919
f 914//914 919//919 918//918
f 915//915 916//916 920//920
f 915//915 920//920 919//919
f 916//916 913//913 917//917
f 916//916 917//917 920//920
f 913//913 915//915 914//914
f 913//913 916//916 915//915
f 917//917 918//918 919//919
f 917//917 919//919 920//920
f 921//921 922//922 926//926
f 921//921 926//926 925//925
f 922//922 923//923 927//927
f 922//922 927//927 926//926
f 923//923 924//924 928//928
f 923//923 928//928 927//927
f 924//924 921//921 925//925
f 924//924 925//925 928//928
f 921//921 923//923 922//922
f 921//921 924//924 923//923
f 925//925 926//926 927//927
f 925//925 927//927 928//928
f 929//929 930//930 934//934
f 929//929 934//934 933//933
f 930//930 931//931 935//935
f 930//930 935//935 934//934
f 931//931 932//932 936//936
f 931//931 936//936 935//935
f 932//932 929//929 933//933
f 932//932 933//933 936//936
f 929//929 931//931 930//930
f 929//929 932//932 931//931
f 933//933 934//934 935//935
f 933//933 935//935 936//936
f 937//937 938//938 942//942
f 937//937 942//942 941//941
f 938//938 939//939 943//943
f 938//938 943//943 942//942
f 939//939 940//940 944//944
f 939//939 944//944 943//943
f 940//940 937//937 941//941
f 940//940 941//941 944//944
f 937//937 939//939 938//938
f 937//937 940//940 939//939
f 941//941 942//942 943//943
f 941//941 943//943 944//944
f 945//945 946//946 950//950
f 945//945 950//950 949//949
f 946//946 947//947 951//951
f 946//946 951//951 950//950
f 947//947 948//948 952//952
f 947//947 952//952 951//951
f 948//948 945//945 949//949
f 948//948 949//949 952//952
f 945//945 947//947 946//946
f 945//945 948//948 947//947
f 949//949 950//950 951//951
f 949//949 951//951 952//952
f 953//953 954//954 958//958
f 953//953 958//958 957//957
f 954//954 955//955 959//959
f 954//954 959//959 958//958
f 955//955 956//956 960//960
f 955//955 960//960 959//959
f 956//956 953//953 957//957
f 956//956 957//957 960//960
f 953//953 955//955 954//954
f 953//953 956//956 955//955
f 957//957 958//958 959//959
f 957//957 959//959 960//960
f 961//961 962//962 966//966
f 961//961 966//966 965//965
f 962//962 963//963 967//967
f 962//962 967//967 966//966
f 963//963 964//964 968//968
f 963//963 968//968 967//967
f 964//964 961//961 965//965
f 964//964 965//965 968//968
f 961//961 963//963 962//962
f 961//961 964//964 963//963
f 965//965 966//966 967//967
f 965//965 967//967 968//968
f 969//969 970//970 974//974
f 969//969 974//974 973//973
f 970//970 971//971 975//975
f 970//970 975//975 974//974
f 971//971 972//972 976//976
f 971//971 976//976 975//975
f 972//972 969//969 973//973
f 972//972 973//973 976//976
f 969//969 971//971 970//970
f 969//969 972//972 971//971
f 973//973 974//974 975//975
f 973//973 975//975 976//976
f 977//977 978//978 982//982
f 977//977 982//982 981//981
f 978//978 979//979 983//983
f 978//978 983//983 982//982
f 979//979 980//980 984//984
f 979//979 984//984 983//983
f 980//980 977//977 981//981
f 980//980 981//981 984//984
f 977//977 979//979 978//978
f 977//977 980//980 979//979
f 981//981 982//982 983//983
f 981//981 983//983 984//984
f 985//985 986//986 990//990
f 985//985 990//990 989//989
f 986//986 987//987 991//991
f 986//986 991//991 990//990
f 987//987 988//988 992//992
f 987//987 992//992 991//991
f 988//988 985//985 989//989
f 988//988 989//989 992//992
f 985//985 987//987 986//986
f 985//985 988//988 987//987
f 989//989 990//990 991//991
f 989//989 991//991 992//992
f 993//993 994//994 998//998
f 993//993 998//998 997//997
f 994//994 995//995 999//999
f 994//994 999//999 998//998
f 995//995 996//996 1000//1000
f 995//995 1000//1000 999//999
f 996//996 993//993 997//997
f 996//996 997//997 1000//1000
f 993//993 995//995 994//994
f 993//993 996//996 995//995
f 997//997 998//998 999//999
f 997//997 999//999 1000//1000
f 1001//1001 1002//1002 1006//1006
f 1001//1001 1006//1006 1005//1005
f 1002//1002 1003//1003 1007//1007
f 1002//1002 1007//1007 1006//1006
f 1003//1003 1004//1004 1008//1008
f 1003//1003 1008//1008 1007//1007
f 1004//1004 1001//1001 1005//1005
f 1004//1004 1005//1005 1008//1008
f 1001//1001 1003//1003 1002//1002
f 1001//1001 1004//1004 1003//1003
f 1005//1005 1006//1006 1007//1007
f 1005//1005 1007//1007 1008//1008
f 1009//1009 1010//1010 1014//1014
f 1009//1009 1014//1014 1013//1013
f 1010//1010 1011//1011 1015//1015
f 1010//1010 1015//1015 1014//1014
f 1011//1011 1012//1012 1016//1016
f 1011//1011 1016//1016 1015//1015
f 1012//1012 1009//1009 1013//1013
f 1012//1012 1013//1013 1016//1016
f 1009//1009 1011//1011 1010//1010
f 1009//1009 1012//1012 1011//1011
f 1013//1013 1014//1014 1015//1015
f 1013//1013 1015//1015 1016//1016
f 1017//1017 1018//1018 1022//1022
f 1017//1017 1022//1022 1021//1021
f 1018//1018 1019//1019 1023//1023
f 1018//1018 1023//1023 1022//1022
f 1019//1019 1020//1020 1024//1024
f 1019//1019 1024//1024 1023//1023
f 1020//1020 1017//1017 1021//1021
f 1020//1020 1021//1021 1024//1024
f 1017//1017 1019//1019 1018//1018
f 1017//1017 1020//1020 1019//1019
f 1021//1021 1022//1022 1023//1023
f 1021//1021 1023//1023 1024//1024
f 1025//1025 1026//1026 1030//1030
f 1025//1025 1030//1030 1029//1029
f 1026//1026 1027//1027 1031//1031
f 1026//1026 1031//1031 1030//1030
f 1027//1027 1028//1028 1032//1032
f 1027//1027 1032//1032 1031//1031
f 1028//1028 1025//1025 1029//1029
f 1028//1028 1029//1029 1032//1032
f 1025//1025 1027//1027 1026//1026
f 1025//1025 1028//1028 1027//1027
f 1029//1029 1030//1030 1031//1031
f 1029//1029 1031//1031 1032//1032
f 1033//1033 1034//1034 1038//1038
f 1033//1033 1038//1038 1037//1037
f 1034//1034 1035//1035 1039//1039
f 1034//1034 1039//1039 1038//1038
f 1035//1035 1036//1036 1040//1040
f 1035//1035 1040//1040 1039//1039
f 1036//1036 1033//1033 1037//1037
f 1036//1036 1037//1037 1040//1040
f 1033//1033 1035//1035 1034//1034
f 1033//1033 1036//1036 1035//1035
f 1037//1037 1038//1038 1039//1039
f 1037//1037 1039//1039 1040//1040
f 1041//1041 1042//1042 1043//1043
f 1041//1041 1043//1043 1044//1044
f 1045//1045 1046//1046 1047//1047
f 1045//1045 1047//1047 1048//1048
f 1049//1049 1050//1050 1051//1051
f 1049//1049 1051//1051 1052//1052
f 1053//1053 1054//1054 1055//1055
f 1053//1053 1055//1055 1056//1056
f 1057//1057 1058//1058 1059//1059
f 1057//1057 1059//1059 1060//1060
f 1061//1061 1062//1062 1063//1063
f 1061//1061 1063//1063 1064//1064
f 1065//1065 1066//1066 1067//1067
f 1065//1065 1067//1067 1068//1068
f 1069//1069 1070//1070 1071//1071
f 1069//1069 1071//1071 1072//1072
f 1073//1073 1074//1074 1075//1075
f 1073//1073 1075//1075 1076//1076
f 1077//1077 1078//1078 1079//1079
f 1077//1077 1079//1079 1080//1080
f 1081//1081 1082//1082 1083//1083
f 1081//1081 1083//1083 1084//1084
f 1085//1085 1086//1086 1087//1087
f 1085//1085 1087//1087 1088//1088
f 1089//1089 1090//1090 1095//1095
f 1089//1089 1095//1095 1094//1094
f 1090//1090 1091//1091 1096//1096
f 1090//1090 1096//1096 1095//1095
f 1091//1091 1092//1092 1097//1097
f 1091//1091 1097//1097 1096//1096
f 1092//1092 1093//1093 1098//1098
f 1092//1092 1098//1098 1097//1097
f 1093//1093 1089//1089 1094//1094
f 1093//1093 1094//1094 1098//1098
f 1089//1089 1091//1091 1090//1090
f 1089//1089 1092//1092 1091//1091
f 1089//1089 1093//1093 1092//1092
f 1094//1094 1095//1095 1096//1096
f 1094//1094 1096//1096 1097//1097
f 1094//1094 1097//1097 1098//1098
f 1099//1099 1100//1100 1105//1105
f 1099//1099 1105//1105 1104//1104
f 1100//1100 1101//1101 1106//1106
f 1100//1100 1106//1106 1105//1105
f 1101//1101 1102//1102 1107//1107
f 1101//1101 1107//1107 1106//1106
f 1102//1102 1103//1103 1108//1108
f 1102//1102 1108//1108 1107//1107
f 1103//1103 1099//1099 1104//1104
f 1103//1103 1104//1104 1108//1108
f 1099//1099 1101//1101 1100//1100
f 1099//1099 1102//1102 1101//1101
f 1099//1099 1103//1103 1102//1102
f 1104//1104 1105//1105 1106//1106
f 1104//1104 1106//1106 1107//1107
f 1104//1104 1107//1107 1108//1108
f 1109//1109 1110//1110 1114//1114
f 1109//1109 1114//1114 1113//1113
f 1110//1110 1111//1111 1115//1115
f 1110//1110 1115//1115 1114//1114
f 1111//1111 1112//1112 1116//1116
f 1111//1111 1116//1116 1115//1115
f 1112//1112 1109//1109 1113//1113
f 1112//1112 1113//1113 1116//1116
f 1109//1109 1111//1111 1110//1110
f 1109//1109 1112//1112 1111//1111
f 1113//1113 1114//1114 1115//1115
f 1113//1113 1115//1115 1116//1116
f 1117//1117 1118//1118 1122//1122
f 1117//1117 1122//1122 1121//1121
f 1118//1118 1119//1119 1123//1123
f 1118//1118 1123//1123 1122//1122
f 1119//1119 1120//1120 1124//1124
f 1119//1119 1124//1124 1123//1123
f 1120//1120 1117//1117 1121//1121
f 1120//1120 1121//1121 1124//1124
f 1117//1117 1119//1119 1118//1118
f 1117//1117 1120//1120 1119//1119
f 1121//1121 1122//1122 1123//1123
f 1121//1121 1123//1123 1124//1124
f 1125//1125 1126//1126 1130//1130
f 1125//1125 1130//1130 1129//1129
f 1126//1126 1127//1127 1131//1131
f 1126//1126 1131//1131 1130//1130
f 1127//1127 1128//1128 1132//1132
f 1127//1127 1132//1132 1131//1131
f 1128//1128 1125//1125 1129//1129
f 1128//1128 1129//1129 1132//1132
f 1125//1125 1127//1127 1126//1126
f 1125//1125 1128//1128 1127//1127
f 1129//1129 1130//1130 1131//1131
f 1129//1129 1131//1131 1132//1132
f 1133//1133 1134//1134 1138//1138
f 1133//1133 1138//1138 1137//1137
f 1134//1134 1135//1135 1139//1139
f 1134//1134 1139//1139 1138//1138
f 1135//1135 1136//1136 1140//1140
f 1135//1135 1140//1140 1139//1139
f 1136//1136 1133//1133 1137//1137
f 1136//1136 1137//1137 1140//1140
f 1133//1133 1135//1135 1134//1134
f 1133//1133 1136//1136 1135//1135
f 1137//1137 1138//1138 1139//1139
f 1137//1137 1139//1139 1140//1140
f 1141//1141 1142//1142 1146//1146
f 1141//1141 1146//1146 1145//1145
f 1142//1142 1143//1143 1147//1147
f 1142//1142 1147//1147 1146//1146
f 1143//1143 1144//1144 1148//1148
f 1143//1143 1148//1148 1147//1147
f 1144//1144 1141//1141 1145//1145
f 1144//1144 1145//1145 1148//1148
f 1141//1141 1143//1143 1142//1142
f 1141//1141 1144//1144 1143//1143
f 1145//1145 1146//1146 1147//1147
f 1145//1145 1147//1147 1148//1148
f 1149//1149 1150//1150 1154//1154
f 1149//1149 1154//1154 1153//1153
f 1150//1150 1151//1151 1155//1155
f 1150//1150 1155//1155 1154//1154
f 1151//1151 1152//1152 1156//1156
f 1151//1151 1156//1156 1155//1155
f 1152//1152 1149//1149 1153//1153
f 1152//1152 1153//1153 1156//1156
f 1149//1149 1151//1151 1150//1150
f 1149//1149 1152//1152 1151//1151
f 1153//1153 1154//1154 1155//1155
f 1153//1153 1155//1155 1156//1156
f 1157//1157 1158//1158 1162//1162
f 1157//1157 1162//1162 1161//1161
f 1158//1158 1159//1159 1163//1163
f 1158//1158 1163//1163 1162//1162
f 1159//1159 1160//1160 1164//1164
f 1159//1159 1164//1164 1163//1163
f 1160//1160 1157//1157 1161//1161
f 1160//1160 1161//1161 1164//1164
f 1157//1157 1159//1159 1158//1158
f 1157//1157 1160//1160 1159//1159
f 1161//1161 1162//1162 1163//1163
f 1161//1161 1163//1163 1164//1164
f 1165//1165 1166//1166 1170//1170
f 1165//1165 1170//1170 1169//1169
f 1166//1166 1167//1167 1171//1171
f 1166//1166 1171//1171 1170//1170
f 1167//1167 1168//1168 1172//1172
f 1167//1167 1172//1172 1171//1171
f 1168//1168 1165//1165 1169//1169
f 1168//1168 1169//1169 1172//1172
f 1165//1165 1167//1167 1166//1166
f 1165//1165 1168//1168 1167//1167
f 1169//1169 1170//1170 1171//1171
f 1169//1169 1171//1171 1172//1172
f 1173//1173 1174//1174 1178//1178
f 1173//1173 1178//1178 1177//1177
f 1174//1174 1175//1175 1179//1179
f 1174//1174 1179//1179 1178//1178
f 1175//1175 1176//1176 1180//1180
f 1175//1175 1180//1180 1179//1179
f 1176//1176 1173//1173 1177//1177
f 1176//1176 1177//1177 1180//1180
f 1173//1173 1175//1175 1174//1174
f 1173//1173 1176//1176 1175//1175
f 1177//1177 1178//1178 1179//1179
f 1177//1177 1179//1179 1180//1180
f 1181//1181 1182//1182 1186//1186
f 1181//1181 1186//1186 1185//1185
f 1182//1182 1183//1183 1187//1187
f 1182//1182 1187//1187 1186//1186
f 1183//1183 1184//1184 1188//1188
f 1183//1183 1188//1188 1187//1187
f 1184//1184 1181//1181 1185//1185
f 1184//1184 1185//1185 1188//1188
f 1181//1181 1183//1183 1182//1182
f 1181//1181 1184//1184 1183//1183
f 1185//1185 1186//1186 1187//1187
f 1185//1185 1187//1187 1188//1188
f 1189//1189 1190//1190 1194//1194
f 1189//1189 1194//1194 1193//1193
f 1190//1190 1191//1191 1195//1195
f 1190//1190 1195//1195 1194//1194
f 1191//1191 1192//1192 1196//1196
f 1191//1191 1196//1196 1195//1195
f 1192//1192 1189//1189 1193//1193
f 1192//1192 1193//1193 1196//1196
f 1189//1189 1191//1191 1190//1190
f 1189//1189 1192//1192 1191//1191
f 1193//1193 1194//1194 1195//1195
f 1193//1193 1195//1195 1196//1196
f 1197//1197 1198//1198 1202//1202
f 1197//1197 1202//1202 1201//1201
f 1198//1198 1199//1199 1203//1203
f 1198//1198 1203//1203 1202//1202
f 1199//1199 1200//1200 1204//1204
f 1199//1199 1204//1204 1203//1203
f 1200//1200 1197//1197 1201//1201
f 1200//1200 1201//1201 1204//1204
f 1197//1197 1199//1199 1198//1198
f 1197//1197 1200//1200 1199//1199
f 1201//1201 1202//1202 1203//1203
f 1201//1201 1203//1203 1204//1204
f 1205//1205 1206//1206 1210//1210
f 1205//1205 1210//1210 1209//1209
f 1206//1206 1207//1207 1211//1211
f 1206//1206 1211//1211 1210//1210
f 1207//1207 1208//1208 1212//1212
f 1207//1207 1212//1212 1211//1211
f 1208//1208 1205//1205 1209//1209
f 1208//1208 1209//1209 1212//1212
f 1205//1205 1207//1207 1206//1206
f 1205//1205 1208//1208 1207//1207
f 1209//1209 1210//1210 1211//1211
f 1209//1209 1211//1211 1212//1212
f 1213//1213 1214//1214 1218//1218
f 1213//1213 1218//1218 1217//1217
f 1214//1214 1215//1215 1219//1219
f 1214//1214 1219//1219 1218//1218
f 1215//1215 1216//1216 1220//1220
f 1215//1215 1220//1220 1219//1219
f 1216//1216 1213//1213 1217//1217
f 1216//1216 1217//1217 1220//1220
f 1213//1213 1215//1215 1214//1214
f 1213//1213 1216//1216 1215//1215
f 1217//1217 1218//1218 1219//1219
f 1217//1217 1219//1219 1220//1220
f 1221//1221 1222//1222 1226//1226
f 1221//1221 1226//1226 1225//1225
f 1222//1222 1223//1223 1227//1227
f 1222//1222 1227//1227 1226//1226
f 1223//1223 1224//1224 1228//1228
f 1223//1223 1228//1228 1227//1227
f 1224//1224 1221//1221 1225//1225
f 1224//1224 1225//1225 1228//1228
f 1221//1221 1223//1223 1222//1222
f 1221//1221 1224//1224 1223//1223
f 1225//1225 1226//1226 1227//1227
f 1225//1225 1227//1227 1228//1228
f 1229//1229 1230//1230 1234//1234
f 1229//1229 1234//1234 1233//1233
f 1230//1230 1231//1231 1235//1235
f 1230//1230 1235//1235 1234//1234
f 1231//1231 1232//1232 1236//1236
f 1231//1231 1236//1236 1235//1235
f 1232//1232 1229//1229 1233//1233
f 1232//1232 1233//1233 1236//1236
f 1229//1229 1231//1231 1230//1230
f 1229//1229 1232//1232 1231//1231
f 1233//1233 1234//1234 1235//1235
f 1233//1233 1235//1235 1236//1236
f 1237//1237 1238//1238 1243//1243
f 1237//1237 1243//1243 1242//1242
f 1238//1238 1239//1239 1244//1244
f 1238//1238 1244//1244 1243//1243
f 1239//1239 1240//1240 1245//1245
f 1239//1239 1245//1245 1244//1244
f 1240//1240 1241//1241 1246//1246
f 1240//1240 1246//1246 1245//1245
f 1241//1241 1237//1237 1242//1242
f 1241//1241 1242//1242 1246//1246
f 1237//1237 1239//1239 1238//1238
f 1237//1237 1240//1240 1239//1239
f 1237//1237 1241//1241 1240//1240
f 1242//1242 1243//1243 1244//1244
f 1242//1242 1244//1244 1245//1245
f 1242//1242 1245//1245 1246//1246
f 1247//1247 1248//1248 1253//1253
f 1247//1247 1253//1253 1252//1252
f 1248//1248 1249//1249 1254//1254
f 1248//1248 1254//1254 1253//1253
f 1249//1249 1250//1250 1255//1255
f 1249//1249 1255//1255 1254//1254
f 1250//1250 1251//1251 1256//1256
f 1250//1250 1256//1256 1255//1255
f 1251//1251 1247//1247 1252//1252
f 1251//1251 1252//1252 1256//1256
f 1247//1247 1249//1249 1248//1248
f 1247//1247 1250//1250 1249//1249
f 1247//1247 1251//1251 1250//1250
f 1252//1252 1253//1253 1254//1254
f 1252//1252 1254//1254 1255//1255
f 1252//1252 1255//1255 1256//1256
f 1257//1257 1258//1258 1262//1262
f 1257//1257 1262//1262 1261//1261
f 1258//1258 1259//1259 1263//1263
f 1258//1258 1263//1263 1262//1262
f 1259//1259 1260//1260 1264//1264
f 1259//1259 1264//1264 1263//1263
f 1260//1260 1257//1257 1261//1261
f 1260//1260 1261//1261 1264//1264
f 1257//1257 1259//1259 1258//1258
f 1257//1257 1260//1260 1259//1259
f 1261//1261 1262//1262 1263//1263
f 1261//1261 1263//1263 1264//1264
f 1265//1265 1266//1266 1270//1270
f 1265//1265 1270//1270 1269//1269
f 1266//1266 1267//1267 1271//1271
f 1266//1266 1271//1271 1270//1270
f 1267//1267 1268//1268 1272//1272
f 1267//1267 1272//1272 1271//1271
f 1268//1268 1265//1265 1269//1269
f 1268//1268 1269//1269 1272//1272
f 1265//1265 1267//1267 1266//1266
f 1265//1265 1268//1268 1267//1267
f 1269//1269 1270//1270 1271//1271
f 1269//1269 1271//1271 1272//1272
f 1273//1273 1274//1274 1278//1278
f 1273//1273 1278//1278 1277//1277
f 1274//1274 1275//1275 1279//1279
f 1274//1274 1279//1279 1278//1278
f 1275//1275 1276//1276 1280//1280
f 1275//1275 1280//1280 1279//1279
f 1276//1276 1273//1273 1277//1277
f 1276//1276 1277//1277 1280//1280
f 1273//1273 1275//1275 1274//1274
f 1273//1273 1276//1276 1275//1275
f 1277//1277 1278//1278 1279//1279
f 1277//1277 1279//1279 1280//1280
f 1281//1281 1282//1282 1286//1286
f 1281//1281 1286//1286 1285//1285
f 1282//1282 1283//1283 1287//1287
f 1282//1282 1287//1287 1286//1286
f 1283//1283 1284//1284 1288//1288
f 1283//1283 1288//1288 1287//1287
f 1284//1284 1281//1281 1285//1285
f 1284//1284 1285//1285 1288//1288
f 1281//1281 1283//1283 1282//1282
f 1281//1281 1284//1284 1283//1283
f 1285//1285 1286//1286 1287//1287
f 1285//1285 1287//1287 1288//1288
f 1289//1289 1290//1290 1294//1294
f 1289//1289 1294//1294 1293//1293
f 1290//1290 1291//1291 1295//1295
f 1290//1290 1295//1295 1294//1294
f 1291//1291 1292//1292 1296//1296
f 1291//1291 1296//1296 1295//1295
f 1292//1292 1289//1289 1293//1293
f 1292//1292 1293//1293 1296//1296
f 1289//1289 1291//1291 1290//1290
f 1289//1289 1292//1292 1291//1291
f 1293//1293 1294//1294 1295//1295
f 1293//1293 1295//1295 1296//1296
f 1297//1297 1298//1298 1302//1302
f 1297//1297 1302//1302 1301//1301
f 1298//1298 1299//1299 1303//1303
f 1298//1298 1303//1303 1302//1302
f 1299//1299 1300//1300 1304//1304
f 1299//1299 1304//1304 1303//1303
f 1300//1300 1297//1297 1301//1301
f 1300//1300 1301//1301 1304//1304
f 1297//1297 1299//1299 1298//1298
f 1297//1297 1300//1300 1299//1299
f 1301//1301 1302//1302 1303//1303
f 1301//1301 1303//1303 1304//1304
f 1305//1305 1306//1306 1310//1310
f 1305//1305 1310//1310 1309//1309
f 1306//1306 1307//1307 1311//1311
f 1306//1306 1311//1311 1310//1310
f 1307//1307 1308//1308 1312//1312
f 1307//1307 1312//1312 1311//1311
f 1308//1308 1305//1305 1309//1309
f 1308//1308 1309//1309 1312//1312
f 1305//1305 1307//1307 1306//1306
f 1305//1305 1308//1308 1307//1307
f 1309//1309 1310//1310 1311//1311
f 1309//1309 1311//1311 1312//1312
f 1313//1313 1314//1314 1318//1318
f 1313//1313 1318//1318 1317//1317
f 1314//1314 1315//1315 1319//1319
f 1314//1314 1319//1319 1318//1318
f 1315//1315 1316//1316 1320//1320
f 1315//1315 1320//1320 1319//1319
f 1316//1316 1313//1313 1317//1317
f 1316//1316 1317//1317 1320//1320
f 1313//1313 1315//1315 1314//1314
f 1313//1313 1316//1316 1315//1315
f 1317//1317 1318//1318 1319//1319
f 1317//1317 1319//1319 1320//1320
f 1321//1321 1322//1322 1326//1326
f 1321//1321 1326//1326 1325//1325
f 1322//1322 1323//1323 1327//1327
f 1322//1322 1327//1327 1326//1326
f 1323//1323 1324//1324 1328//1328
f 1323//1323 1328//1328 1327//1327
f 1324//1324 1321//1321 1325//1325
f 1324//1324 1325//1325 1328//1328
f 1321//1321 1323//1323 1322//1322
f 1321//1321 1324//1324 1323//1323
f 1325//1325 1326//1326 1327//1327
f 1325//1325 1327//1327 1328//1328
f 1329//1329 1330//1330 1334//1334
f 1329//1329 1334//1334 1333//1333
f 1330//1330 1331//1331 1335//1335
f 1330//1330 1335//1335 1334//1334
f 1331//1331 1332//1332 1336//1336
f 1331//1331 1336//1336 1335//1335
f 1332//1332 1329//1329 1333//1333
f 1332//1332 1333//1333 1336//1336
f 1329//1329 1331//1331 1330//1330
f 1329//1329 1332//1332 1331//1331
f 1333//1333 1334//1334 1335//1335
f 1333//1333 1335//1335 1336//1336
f 1337//1337 1338//1338 1342//1342
f 1337//1337 1342//1342 1341//1341
f 1338//1338 1339//1339 1343//1343
f 1338//1338 1343//1343 1342//1342
f 1339//1339 1340//1340 1344//1344
f 1339//1339 1344//1344 1343//1343
f 1340//1340 1337//1337 1341//1341
f 1340//1340 1341//1341 1344//1344
f 1337//1337 1339//1339 1338//1338
f 1337//1337 1340//1340 1339//1339
f 1341//1341 1342//1342 1343//1343
f 1341//1341 1343//1343 1344//1344
f 1345//1345 1346//1346 1350//1350
f 1345//1345 1350//1350 1349//1349
f 1346//1346 1347//1347 1351//1351
f 1346//1346 1351//1351 1350//1350
f 1347//1347 1348//1348 1352//1352
f 1347//1347 1352//1352 1351//1351
f 1348//1348 1345//1345 1349//1349
f 1348//1348 1349//1349 1352//1352
f 1345//1345 1347//1347 1346//1346
f 1345//1345 1348//1348 1347//1347
f 1349//1349 1350//1350 1351//1351
f 1349//1349 1351//1351 1352//1352
f 1353//1353 1354//1354 1358//1358
f 1353//1353 1358//1358 1357//1357
f 1354//1354 1355//1355 1359//1359
f 1354//1354 1359//1359 1358//1358
f 1355//1355 1356//1356 1360//1360
f 1355//1355 1360//1360 1359//1359
f 1356//1356 1353//1353 1357//1357
f 1356//1356 1357//1357 1360//1360
f 1353//1353 1355//1355 1354//1354
f 1353//1353 1356//1356 1355//1355
f 1357//1357 1358//1358 1359//1359
f 1357//1357 1359//1359 1360//1360
f 1361//1361 1362//1362 1366//1366
f 1361//1361 1366//1366 1365//1365
f 1362//1362 1363//1363 1367//1367
f 1362//1362 1367//1367 1366//1366
f 1363//1363 1364//1364 1368//1368
f 1363//1363 1368//1368 1367//1367
f 1364//1364 1361//1361 1365//1365
f 1364//1364 1365//1365 1368//1368
f 1361//1361 1363//1363 1362//1362
f 1361//1361 1364//1364 1363//1363
f 1365//1365 1366//1366 1367//1367
f 1365//1365 1367//1367 1368//1368
f 1369//1369 1370//1370 1374//1374
f 1369//1369 1374//1374 1373//1373
f 1370//1370 1371//1371 1375//1375
f 1370//1370 1375//1375 1374//1374
f 1371//1371 1372//1372 1376//1376
f 1371//1371 1376//1376 1375//1375
f 1372//1372 1369//1369 1373//1373
f 1372//1372 1373//1373 1376//1376
f 1369//1369 1371//1371 1370//1370
f 1369//1369 1372//1372 1371//1371
f 1373//1373 1374//1374 1375//1375
f 1373//1373 1375//1375 1376//1376
f 1377//1377 1378//1378 1382//1382
f 1377//1377 1382//1382 1381//1381
f 1378//1378 1379//1379 1383//1383
f 1378//1378 1383//1383 1382//1382
f 1379//1379 1380//1380 1384//1384
f 1379//1379 1384//1384 1383//1383
f 1380//1380 1377//1377 1381//1381
f 1380//1380 1381//1381 1384//1384
f 1377//1377 1379//1379 1378//1378
f 1377//1377 1380//1380 1379//1379
f 1381//1381 1382//1382 1383//1383
f 1381//1381 1383//1383 1384//1384
f 1385//1385 1386//1386 1390//1390
f 1385//1385 1390//1390 1389//1389
f 1386//1386 1387//1387 1391//1391
f 1386//1386 1391//1391 1390//1390
f 1387//1387 1388//1388 1392//1392
f 1387//1387 1392//1392 1391//1391
f 1388//1388 1385//1385 1389//1389
f 1388//1388 1389//1389 1392//1392
f 1385//1385 1387//1387 1386//1386
f 1385//1385 1388//1388 1387//1387
f 1389//1389 1390//1390 1391//1391
f 1389//1389 1391//1391 1392//1392
f 1393//1393 1394//1394 1398//1398
f 1393//1393 1398//1398 1397//1397
f 1394//1394 1395//1395 1399//1399
f 1394//1394 1399//1399 1398//1398
f 1395//1395 1396//1396 1400//1400
f 1395//1395 1400//1400 1399//1399
f 1396//1396 1393//1393 1397//1397
f 1396//1396 1397//1397 1400//1400
f 1393//1393 1395//1395 1394//1394
f 1393//1393 1396//1396 1395//1395
f 1397//1397 1398//1398 1399//1399
f 1397//1397 1399//1399 1400//1400
f 1401//1401 1402//1402 1406//1406
f 1401//1401 1406//1406 1405//1405
f 1402//1402 1403//1403 1407//1407
f 1402//1402 1407//1407 1406//1406
f 1403//1403 1404//1404 1408//1408
f 1403//1403 1408//1408 1407//1407
f 1404//1404 1401//1401 1405//1405
f 1404//1404 1405//1405 1408//1408
f 1401//1401 1403//1403 1402//1402
f 1401//1401 1404//1404 1403//1403
f 1405//1405 1406//1406 1407//1407
f 1405//1405 1407//1407 1408//1408
f 1409//1409 1410//1410 1414//1414
f 1409//1409 1414//1414 1413//1413
f 1410//1410 1411//1411 1415//1415
f 1410//1410 1415//1415 1414//1414
f 1411//1411 1412//1412 1416//1416
f 1411//1411 1416//1416 1415//1415
f 1412//1412 1409//1409 1413//1413
f 1412//1412 1413//1413 1416//1416
f 1409//1409 1411//1411 1410//1410
f 1409//1409 1412//1412 1411//1411
f 1413//1413 1414//1414 1415//1415
f 1413//1413 1415//1415 1416//1416
f 1417//1417 1418//1418 1422//1422
f 1417//1417 1422//1422 1421//1421
f 1418//1418 1419//1419 1423//1423
f 1418//1418 1423//1423 1422//1422
f 1419//1419 1420//1420 1424//1424
f 1419//1419 1424//1424 1423//1423
f 1420//1420 1417//1417 1421//1421
f 1420//1420 1421//1421 1424//1424
f 1417//1417 1419//1419 1418//1418
f 1417//1417 1420//1420 1419//1419
f 1421//1421 1422//1422 1423//1423
f 1421//1421 1423//1423 1424//1424
f 1425//1425 1426//1426 1430//1430
f 1425//1425 1430//1430 1429//1429
f 1426//1426 1427//1427 1431//1431
f 1426//1426 1431//1431 1430//1430
f 1427//1427 1428//1428 1432//1432
f 1427//1427 1432//1432 1431//1431
f 1428//1428 1425//1425 1429//1429
f 1428//1428 1429//1429 1432//1432
f 1425//1425 1427//1427 1426//1426
f 1425//1425 1428//1428 1427//1427
f 1429//1429 1430//1430 1431//1431
f 1429//1429 1431//1431 1432//1432
f 1433//1433 1434//1434 1438//1438
f 1433//1433 1438//1438 1437//1437
f 1434//1434 1435//1435 1439//1439
f 1434//1434 1439//1439 1438//1438
f 1435//1435 1436//1436 1440//1440
f 1435//1435 1440//1440 1439//1439
f 1436//1436 1433//1433 1437//1437
f 1436//1436 1437//1437 1440//1440
f 1433//1433 1435//1435 1434//1434
f 1433//1433 1436//1436 1435//1435
f 1437//1437 1438//1438 1439//1439
f 1437//1437 1439//1439 1440//1440
