# Dongfeng sandbox; metres; X right, Y far, Z up
mtllib scene.mtl
usemtl leaf0
v 1.229864 0.515068 0.064191
v 1.242255 0.515068 0.070366
v 1.237590 0.524756 0.070366
v 1.227106 0.527149 0.070366
v 1.218699 0.520444 0.070366
v 1.218699 0.509691 0.070366
v 1.227106 0.502987 0.070366
v 1.237590 0.505380 0.070366
v 1.247388 0.515068 0.085273
v 1.240790 0.528769 0.085273
v 1.225964 0.532153 0.085273
v 1.214075 0.522671 0.085273
v 1.214075 0.507464 0.085273
v 1.225964 0.497983 0.085273
v 1.240790 0.501367 0.085273
v 1.242255 0.515068 0.100181
v 1.237590 0.524756 0.100181
v 1.227106 0.527149 0.100181
v 1.218699 0.520444 0.100181
v 1.218699 0.509691 0.100181
v 1.227106 0.502987 0.100181
v 1.237590 0.505380 0.100181
v 1.229864 0.515068 0.106355
v 1.243883 0.505722 0.095814
v 1.256275 0.505722 0.101989
v 1.251609 0.515410 0.101989
v 1.241126 0.517803 0.101989
v 1.232719 0.511098 0.101989
v 1.232719 0.500345 0.101989
v 1.241126 0.493641 0.101989
v 1.251609 0.496033 0.101989
v 1.261408 0.505722 0.116896
v 1.254810 0.519423 0.116896
v 1.239984 0.522807 0.116896
v 1.228094 0.513325 0.116896
v 1.228094 0.498118 0.116896
v 1.239984 0.488636 0.116896
v 1.254810 0.492020 0.116896
v 1.256275 0.505722 0.131804
v 1.251609 0.515410 0.131804
v 1.241126 0.517803 0.131804
v 1.232719 0.511098 0.131804
v 1.232719 0.500345 0.131804
v 1.241126 0.493641 0.131804
v 1.251609 0.496033 0.131804
v 1.243883 0.505722 0.137978
v 1.295000 0.730553 0.063438
v 1.309855 0.730553 0.070840
v 1.304262 0.742167 0.070840
v 1.291695 0.745035 0.070840
v 1.281617 0.736998 0.070840
v 1.281617 0.724108 0.070840
v 1.291695 0.716071 0.070840
v 1.304262 0.718939 0.070840
v 1.316007 0.730553 0.088710
v 1.308098 0.746977 0.088710
v 1.290325 0.751034 0.088710
v 1.276073 0.739668 0.088710
v 1.276073 0.721438 0.088710
v 1.290325 0.710072 0.088710
v 1.308098 0.714129 0.088710
v 1.309855 0.730553 0.106580
v 1.304262 0.742167 0.106580
v 1.291695 0.745035 0.106580
v 1.281617 0.736998 0.106580
v 1.281617 0.724108 0.106580
v 1.291695 0.716071 0.106580
v 1.304262 0.718939 0.106580
v 1.295000 0.730553 0.113982
v 1.282395 0.730553 0.059226
v 1.293536 0.730553 0.064778
v 1.289342 0.739263 0.064778
v 1.279916 0.741415 0.064778
v 1.272358 0.735387 0.064778
v 1.272358 0.725719 0.064778
v 1.279916 0.719692 0.064778
v 1.289342 0.721843 0.064778
v 1.298151 0.730553 0.078180
v 1.292219 0.742871 0.078180
v 1.278890 0.745914 0.078180
v 1.268200 0.737389 0.078180
v 1.268200 0.723717 0.078180
v 1.278890 0.715193 0.078180
v 1.292219 0.718235 0.078180
v 1.293536 0.730553 0.091583
v 1.289342 0.739263 0.091583
v 1.279916 0.741415 0.091583
v 1.272358 0.735387 0.091583
v 1.272358 0.725719 0.091583
v 1.279916 0.719692 0.091583
v 1.289342 0.721843 0.091583
v 1.282395 0.730553 0.097134
v 1.305504 0.735805 0.068914
v 1.315902 0.735805 0.074095
v 1.311987 0.743935 0.074095
v 1.303190 0.745942 0.074095
v 1.296135 0.740317 0.074095
v 1.296135 0.731293 0.074095
v 1.303190 0.725668 0.074095
v 1.311987 0.727675 0.074095
v 1.320209 0.735805 0.086604
v 1.314672 0.747302 0.086604
v 1.302232 0.750142 0.086604
v 1.292255 0.742185 0.086604
v 1.292255 0.729425 0.086604
v 1.302232 0.721469 0.086604
v 1.314672 0.724308 0.086604
v 1.315902 0.735805 0.099113
v 1.311987 0.743935 0.099113
v 1.303190 0.745942 0.099113
v 1.296135 0.740317 0.099113
v 1.296135 0.731293 0.099113
v 1.303190 0.725668 0.099113
v 1.311987 0.727675 0.099113
v 1.305504 0.735805 0.104295
v 1.279478 0.845553 0.069464
v 1.293198 0.845553 0.076300
v 1.288032 0.856280 0.076300
v 1.276425 0.858929 0.076300
v 1.267117 0.851506 0.076300
v 1.267117 0.839600 0.076300
v 1.276425 0.832177 0.076300
v 1.288032 0.834827 0.076300
v 1.298881 0.845553 0.092805
v 1.291575 0.860723 0.092805
v 1.275160 0.864469 0.092805
v 1.261997 0.853972 0.092805
v 1.261997 0.837135 0.092805
v 1.275160 0.826637 0.092805
v 1.291575 0.830383 0.092805
v 1.293198 0.845553 0.109310
v 1.288032 0.856280 0.109310
v 1.276425 0.858929 0.109310
v 1.267117 0.851506 0.109310
v 1.267117 0.839600 0.109310
v 1.276425 0.832177 0.109310
v 1.288032 0.834827 0.109310
v 1.279478 0.845553 0.116147
v 1.295000 0.960553 0.061000
v 1.309107 0.960553 0.068030
v 1.303795 0.971582 0.068030
v 1.291861 0.974306 0.068030
v 1.282290 0.966674 0.068030
v 1.282290 0.954432 0.068030
v 1.291861 0.946800 0.068030
v 1.303795 0.949524 0.068030
v 1.314950 0.960553 0.085000
v 1.307439 0.976151 0.085000
v 1.290561 0.980003 0.085000
v 1.277026 0.969209 0.085000
v 1.277026 0.951897 0.085000
v 1.290561 0.941103 0.085000
v 1.307439 0.944956 0.085000
v 1.309107 0.960553 0.101971
v 1.303795 0.971582 0.101971
v 1.291861 0.974306 0.101971
v 1.282290 0.966674 0.101971
v 1.282290 0.954432 0.101971
v 1.291861 0.946800 0.101971
v 1.303795 0.949524 0.101971
v 1.295000 0.960553 0.109000
v 1.283030 0.960553 0.057000
v 1.293610 0.960553 0.062272
v 1.289627 0.968825 0.062272
v 1.280676 0.970868 0.062272
v 1.273498 0.965144 0.062272
v 1.273498 0.955963 0.062272
v 1.280676 0.950238 0.062272
v 1.289627 0.952281 0.062272
v 1.297992 0.960553 0.075000
v 1.292359 0.972251 0.075000
v 1.279701 0.975141 0.075000
v 1.269549 0.967045 0.075000
v 1.269549 0.954061 0.075000
v 1.279701 0.945966 0.075000
v 1.292359 0.948855 0.075000
v 1.293610 0.960553 0.087728
v 1.289627 0.968825 0.087728
v 1.280676 0.970868 0.087728
v 1.273498 0.965144 0.087728
v 1.273498 0.955963 0.087728
v 1.280676 0.950238 0.087728
v 1.289627 0.952281 0.087728
v 1.283030 0.960553 0.093000
v 1.304975 0.965541 0.066200
v 1.314850 0.965541 0.071121
v 1.311132 0.973261 0.071121
v 1.302778 0.975168 0.071121
v 1.296078 0.969825 0.071121
v 1.296078 0.961256 0.071121
v 1.302778 0.955913 0.071121
v 1.311132 0.957820 0.071121
v 1.318940 0.965541 0.083000
v 1.313682 0.976459 0.083000
v 1.301867 0.979156 0.083000
v 1.292393 0.971600 0.083000
v 1.292393 0.959481 0.083000
v 1.301867 0.951926 0.083000
v 1.313682 0.954622 0.083000
v 1.314850 0.965541 0.094880
v 1.311132 0.973261 0.094880
v 1.302778 0.975168 0.094880
v 1.296078 0.969825 0.094880
v 1.296078 0.961256 0.094880
v 1.302778 0.955913 0.094880
v 1.311132 0.957820 0.094880
v 1.304975 0.965541 0.099800
v 1.280330 1.075553 0.066473
v 1.293297 1.075553 0.072934
v 1.288415 1.085691 0.072934
v 1.277445 1.088194 0.072934
v 1.268648 1.081179 0.072934
v 1.268648 1.069927 0.072934
v 1.277445 1.062912 0.072934
v 1.288415 1.065416 0.072934
v 1.298667 1.075553 0.088532
v 1.291763 1.089890 0.088532
v 1.276250 1.093431 0.088532
v 1.263809 1.083509 0.088532
v 1.263809 1.067597 0.088532
v 1.276250 1.057676 0.088532
v 1.291763 1.061217 0.088532
v 1.293297 1.075553 0.104131
v 1.288415 1.085691 0.104131
v 1.277445 1.088194 0.104131
v 1.268648 1.081179 0.104131
v 1.268648 1.069927 0.104131
v 1.277445 1.062912 0.104131
v 1.288415 1.065416 0.104131
v 1.280330 1.075553 0.110592
v 1.295000 1.190553 0.062846
v 1.309673 1.190553 0.070157
v 1.304148 1.202025 0.070157
v 1.291735 1.204858 0.070157
v 1.281780 1.196919 0.070157
v 1.281780 1.184187 0.070157
v 1.291735 1.176248 0.070157
v 1.304148 1.179081 0.070157
v 1.315750 1.190553 0.087809
v 1.307938 1.206777 0.087809
v 1.290383 1.210783 0.087809
v 1.276304 1.199556 0.087809
v 1.276304 1.181550 0.087809
v 1.290383 1.170323 0.087809
v 1.307938 1.174330 0.087809
v 1.309673 1.190553 0.105460
v 1.304148 1.202025 0.105460
v 1.291735 1.204858 0.105460
v 1.281780 1.196919 0.105460
v 1.281780 1.184187 0.105460
v 1.291735 1.176248 0.105460
v 1.304148 1.179081 0.105460
v 1.295000 1.190553 0.112772
v 1.295000 1.182253 0.086769
v 1.306005 1.182253 0.092252
v 1.301861 1.190857 0.092252
v 1.292551 1.192982 0.092252
v 1.285085 1.187028 0.092252
v 1.285085 1.177478 0.092252
v 1.292551 1.171524 0.092252
v 1.301861 1.173649 0.092252
v 1.310563 1.182253 0.105491
v 1.304703 1.194420 0.105491
v 1.291537 1.197426 0.105491
v 1.280978 1.189005 0.105491
v 1.280978 1.175501 0.105491
v 1.291537 1.167080 0.105491
v 1.304703 1.170085 0.105491
v 1.306005 1.182253 0.118730
v 1.301861 1.190857 0.118730
v 1.292551 1.192982 0.118730
v 1.285085 1.187028 0.118730
v 1.285085 1.177478 0.118730
v 1.292551 1.171524 0.118730
v 1.301861 1.173649 0.118730
v 1.295000 1.182253 0.124213
v 1.282185 1.305553 0.059964
v 1.293512 1.305553 0.065608
v 1.289247 1.314409 0.065608
v 1.279665 1.316596 0.065608
v 1.271980 1.310468 0.065608
v 1.271980 1.300639 0.065608
v 1.279665 1.294510 0.065608
v 1.289247 1.296698 0.065608
v 1.298204 1.305553 0.079234
v 1.292173 1.318077 0.079234
v 1.278621 1.321170 0.079234
v 1.267753 1.312503 0.079234
v 1.267753 1.298603 0.079234
v 1.278621 1.289936 0.079234
v 1.292173 1.293030 0.079234
v 1.293512 1.305553 0.092860
v 1.289247 1.314409 0.092860
v 1.279665 1.316596 0.092860
v 1.271980 1.310468 0.092860
v 1.271980 1.300639 0.092860
v 1.279665 1.294510 0.092860
v 1.289247 1.296698 0.092860
v 1.282185 1.305553 0.098504
v 1.305679 1.310893 0.069813
v 1.316250 1.310893 0.075081
v 1.312270 1.319158 0.075081
v 1.303326 1.321199 0.075081
v 1.296154 1.315479 0.075081
v 1.296154 1.306306 0.075081
v 1.303326 1.300586 0.075081
v 1.312270 1.302627 0.075081
v 1.320629 1.310893 0.087799
v 1.315000 1.322581 0.087799
v 1.302352 1.325468 0.087799
v 1.292209 1.317379 0.087799
v 1.292209 1.304406 0.087799
v 1.302352 1.296317 0.087799
v 1.315000 1.299204 0.087799
v 1.316250 1.310893 0.100516
v 1.312270 1.319158 0.100516
v 1.303326 1.321199 0.100516
v 1.296154 1.315479 0.100516
v 1.296154 1.306306 0.100516
v 1.303326 1.300586 0.100516
v 1.312270 1.302627 0.100516
v 1.305679 1.310893 0.105784
v 1.295000 1.412904 0.081143
v 1.305142 1.412904 0.086197
v 1.301324 1.420833 0.086197
v 1.292743 1.422791 0.086197
v 1.285862 1.417304 0.086197
v 1.285862 1.408503 0.086197
v 1.292743 1.403016 0.086197
v 1.301324 1.404974 0.086197
v 1.309343 1.412904 0.098398
v 1.303943 1.424117 0.098398
v 1.291808 1.426887 0.098398
v 1.282077 1.419127 0.098398
v 1.282077 1.406680 0.098398
v 1.291808 1.398920 0.098398
v 1.303943 1.401690 0.098398
v 1.305142 1.412904 0.110599
v 1.301324 1.420833 0.110599
v 1.292743 1.422791 0.110599
v 1.285862 1.417304 0.110599
v 1.285862 1.408503 0.110599
v 1.292743 1.403016 0.110599
v 1.301324 1.404974 0.110599
v 1.295000 1.412904 0.115653
v 1.295000 1.535553 0.060280
v 1.308886 1.535553 0.067200
v 1.303658 1.546410 0.067200
v 1.291910 1.549091 0.067200
v 1.282489 1.541578 0.067200
v 1.282489 1.529528 0.067200
v 1.291910 1.522015 0.067200
v 1.303658 1.524697 0.067200
v 1.314638 1.535553 0.083905
v 1.307244 1.550907 0.083905
v 1.290630 1.554699 0.083905
v 1.277307 1.544074 0.083905
v 1.277307 1.527033 0.083905
v 1.290630 1.516408 0.083905
v 1.307244 1.520200 0.083905
v 1.308886 1.535553 0.100610
v 1.303658 1.546410 0.100610
v 1.291910 1.549091 0.100610
v 1.282489 1.541578 0.100610
v 1.282489 1.529528 0.100610
v 1.291910 1.522015 0.100610
v 1.303658 1.524697 0.100610
v 1.295000 1.535553 0.107529
v 1.281080 1.650553 0.063843
v 1.293384 1.650553 0.069974
v 1.288751 1.660173 0.069974
v 1.278342 1.662549 0.069974
v 1.269994 1.655892 0.069974
v 1.269994 1.645215 0.069974
v 1.278342 1.638558 0.069974
v 1.288751 1.640934 0.069974
v 1.298480 1.650553 0.084775
v 1.291929 1.664157 0.084775
v 1.277208 1.667517 0.084775
v 1.265403 1.658103 0.084775
v 1.265403 1.643003 0.084775
v 1.277208 1.633589 0.084775
v 1.291929 1.636949 0.084775
v 1.293384 1.650553 0.099577
v 1.288751 1.660173 0.099577
v 1.278342 1.662549 0.099577
v 1.269994 1.655892 0.099577
v 1.269994 1.645215 0.099577
v 1.278342 1.638558 0.099577
v 1.288751 1.640934 0.099577
v 1.281080 1.650553 0.105708
v 1.306600 1.656353 0.074542
v 1.318084 1.656353 0.080264
v 1.313760 1.665331 0.080264
v 1.304045 1.667549 0.080264
v 1.296254 1.661336 0.080264
v 1.296254 1.651371 0.080264
v 1.304045 1.645158 0.080264
v 1.313760 1.647375 0.080264
v 1.322840 1.656353 0.094079
v 1.316726 1.669050 0.094079
v 1.302986 1.672186 0.094079
v 1.291968 1.663400 0.094079
v 1.291968 1.649307 0.094079
v 1.302986 1.640520 0.094079
v 1.316726 1.643656 0.094079
v 1.318084 1.656353 0.107894
v 1.313760 1.665331 0.107894
v 1.304045 1.667549 0.107894
v 1.296254 1.661336 0.107894
v 1.296254 1.651371 0.107894
v 1.304045 1.645158 0.107894
v 1.313760 1.647375 0.107894
v 1.306600 1.656353 0.113616
v 1.282087 1.765553 0.060307
v 1.293501 1.765553 0.065995
v 1.289203 1.774476 0.065995
v 1.279548 1.776680 0.065995
v 1.271804 1.770505 0.065995
v 1.271804 1.760601 0.065995
v 1.279548 1.754426 0.065995
v 1.289203 1.756630 0.065995
v 1.298228 1.765553 0.079725
v 1.292151 1.778172 0.079725
v 1.278496 1.781289 0.079725
v 1.267545 1.772556 0.079725
v 1.267545 1.758550 0.079725
v 1.278496 1.749817 0.079725
v 1.292151 1.752934 0.079725
v 1.293501 1.765553 0.093455
v 1.289203 1.774476 0.093455
v 1.279548 1.776680 0.093455
v 1.271804 1.770505 0.093455
v 1.271804 1.760601 0.093455
v 1.279548 1.754426 0.093455
v 1.289203 1.756630 0.093455
v 1.282087 1.765553 0.099142
v 1.305761 1.770933 0.070232
v 1.316413 1.770933 0.075540
v 1.312402 1.779262 0.075540
v 1.303390 1.781319 0.075540
v 1.296163 1.775555 0.075540
v 1.296163 1.766312 0.075540
v 1.303390 1.760548 0.075540
v 1.312402 1.762605 0.075540
v 1.320825 1.770933 0.088355
v 1.315153 1.782712 0.088355
v 1.302408 1.785620 0.088355
v 1.292188 1.777470 0.088355
v 1.292188 1.764397 0.088355
v 1.302408 1.756246 0.088355
v 1.315153 1.759155 0.088355
v 1.316413 1.770933 0.101170
v 1.312402 1.779262 0.101170
v 1.303390 1.781319 0.101170
v 1.296163 1.775555 0.101170
v 1.296163 1.766312 0.101170
v 1.303390 1.760548 0.101170
v 1.312402 1.762605 0.101170
v 1.305761 1.770933 0.106478
v 1.295000 1.756945 0.089434
v 1.306413 1.756945 0.095121
v 1.302116 1.765868 0.095121
v 1.292460 1.768072 0.095121
v 1.284717 1.761897 0.095121
v 1.284717 1.751993 0.095121
v 1.292460 1.745818 0.095121
v 1.302116 1.748021 0.095121
v 1.311141 1.756945 0.108851
v 1.305064 1.769564 0.108851
v 1.291408 1.772681 0.108851
v 1.280458 1.763948 0.108851
v 1.280458 1.749942 0.108851
v 1.291408 1.741209 0.108851
v 1.305064 1.744325 0.108851
v 1.306413 1.756945 0.122581
v 1.302116 1.765868 0.122581
v 1.292460 1.768072 0.122581
v 1.284717 1.761897 0.122581
v 1.284717 1.751993 0.122581
v 1.292460 1.745818 0.122581
v 1.302116 1.748021 0.122581
v 1.295000 1.756945 0.128269
v 1.308413 1.887259 0.083844
v 1.321690 1.887259 0.090461
v 1.316691 1.897640 0.090461
v 1.305458 1.900204 0.090461
v 1.296450 1.893020 0.090461
v 1.296450 1.881498 0.090461
v 1.305458 1.874315 0.090461
v 1.316691 1.876878 0.090461
v 1.327190 1.887259 0.106434
v 1.320120 1.901940 0.106434
v 1.304234 1.905566 0.106434
v 1.291494 1.895407 0.106434
v 1.291494 1.879112 0.106434
v 1.304234 1.868953 0.106434
v 1.320120 1.872579 0.106434
v 1.321690 1.887259 0.122407
v 1.316691 1.897640 0.122407
v 1.305458 1.900204 0.122407
v 1.296450 1.893020 0.122407
v 1.296450 1.881498 0.122407
v 1.305458 1.874315 0.122407
v 1.316691 1.876878 0.122407
v 1.308413 1.887259 0.129023
v 1.288235 1.994696 0.069763
v 1.305029 1.994696 0.078131
v 1.298706 2.007826 0.078131
v 1.284498 2.011069 0.078131
v 1.273104 2.001982 0.078131
v 1.273104 1.987409 0.078131
v 1.284498 1.978323 0.078131
v 1.298706 1.981566 0.078131
v 1.311985 1.994696 0.098334
v 1.303043 2.013264 0.098334
v 1.282950 2.017851 0.098334
v 1.266837 2.005001 0.098334
v 1.266837 1.984391 0.098334
v 1.282950 1.971541 0.098334
v 1.303043 1.976127 0.098334
v 1.305029 1.994696 0.118538
v 1.298706 2.007826 0.118538
v 1.284498 2.011069 0.118538
v 1.273104 2.001982 0.118538
v 1.273104 1.987409 0.118538
v 1.284498 1.978323 0.118538
v 1.298706 1.981566 0.118538
v 1.288235 1.994696 0.126906
v 1.198511 2.046260 0.090574
v 1.210099 2.046260 0.096349
v 1.205736 2.055320 0.096349
v 1.195932 2.057557 0.096349
v 1.188070 2.051288 0.096349
v 1.188070 2.041232 0.096349
v 1.195932 2.034962 0.096349
v 1.205736 2.037200 0.096349
v 1.214899 2.046260 0.110289
v 1.208728 2.059072 0.110289
v 1.194864 2.062237 0.110289
v 1.183745 2.053370 0.110289
v 1.183745 2.039149 0.110289
v 1.194864 2.030282 0.110289
v 1.208728 2.033447 0.110289
v 1.210099 2.046260 0.124230
v 1.205736 2.055320 0.124230
v 1.195932 2.057557 0.124230
v 1.188070 2.051288 0.124230
v 1.188070 2.041232 0.124230
v 1.195932 2.034962 0.124230
v 1.205736 2.037200 0.124230
v 1.198511 2.046260 0.130004
v 0.853511 2.045082 0.100754
v 0.866660 2.045082 0.107306
v 0.861709 2.055363 0.107306
v 0.850585 2.057902 0.107306
v 0.841664 2.050787 0.107306
v 0.841664 2.039377 0.107306
v 0.850585 2.032263 0.107306
v 0.861709 2.034802 0.107306
v 0.872106 2.045082 0.123124
v 0.865105 2.059621 0.123124
v 0.849373 2.063212 0.123124
v 0.836757 2.053151 0.123124
v 0.836757 2.037014 0.123124
v 0.849373 2.026953 0.123124
v 0.865105 2.030544 0.123124
v 0.866660 2.045082 0.138943
v 0.861709 2.055363 0.138943
v 0.850585 2.057902 0.138943
v 0.841664 2.050787 0.138943
v 0.841664 2.039377 0.138943
v 0.850585 2.032263 0.138943
v 0.861709 2.034802 0.138943
v 0.853511 2.045082 0.145495
v 0.748887 2.060188 0.068259
v 0.759159 2.060188 0.073378
v 0.755291 2.068219 0.073378
v 0.746601 2.070202 0.073378
v 0.739632 2.064645 0.073378
v 0.739632 2.055731 0.073378
v 0.746601 2.050174 0.073378
v 0.755291 2.052157 0.073378
v 0.763413 2.060188 0.085735
v 0.757944 2.071546 0.085735
v 0.745654 2.074351 0.085735
v 0.735799 2.066491 0.085735
v 0.735799 2.053885 0.085735
v 0.745654 2.046026 0.085735
v 0.757944 2.048831 0.085735
v 0.759159 2.060188 0.098092
v 0.755291 2.068219 0.098092
v 0.746601 2.070202 0.098092
v 0.739632 2.064645 0.098092
v 0.739632 2.055731 0.098092
v 0.746601 2.050174 0.098092
v 0.755291 2.052157 0.098092
v 0.748887 2.060188 0.103211
v 0.623511 2.045671 0.095665
v 0.635879 2.045671 0.101828
v 0.631222 2.055341 0.101828
v 0.620758 2.057729 0.101828
v 0.612367 2.051038 0.101828
v 0.612367 2.040304 0.101828
v 0.620758 2.033612 0.101828
v 0.631222 2.036001 0.101828
v 0.641003 2.045671 0.116708
v 0.634417 2.059347 0.116708
v 0.619618 2.062724 0.116708
v 0.607751 2.053260 0.116708
v 0.607751 2.038081 0.116708
v 0.619618 2.028617 0.116708
v 0.634417 2.031995 0.116708
v 0.635879 2.045671 0.131588
v 0.631222 2.055341 0.131588
v 0.620758 2.057729 0.131588
v 0.612367 2.051038 0.131588
v 0.612367 2.040304 0.131588
v 0.620758 2.033612 0.131588
v 0.631222 2.036001 0.131588
v 0.623511 2.045671 0.137751
v 0.509157 2.048563 0.062902
v 0.523847 2.048563 0.070222
v 0.518316 2.060048 0.070222
v 0.505888 2.062885 0.070222
v 0.495921 2.054937 0.070222
v 0.495921 2.042189 0.070222
v 0.505888 2.034241 0.070222
v 0.518316 2.037078 0.070222
v 0.529931 2.048563 0.087894
v 0.522110 2.064806 0.087894
v 0.504534 2.068817 0.087894
v 0.490439 2.057577 0.087894
v 0.490439 2.039549 0.087894
v 0.504534 2.028309 0.087894
v 0.522110 2.032320 0.087894
v 0.523847 2.048563 0.105567
v 0.518316 2.060048 0.105567
v 0.505888 2.062885 0.105567
v 0.495921 2.054937 0.105567
v 0.495921 2.042189 0.105567
v 0.505888 2.034241 0.105567
v 0.518316 2.037078 0.105567
v 0.509157 2.048563 0.112887
v 0.426326 1.965003 0.091390
v 0.438039 1.965003 0.097227
v 0.433629 1.974161 0.097227
v 0.423720 1.976423 0.097227
v 0.415773 1.970085 0.097227
v 0.415773 1.959921 0.097227
v 0.423720 1.953583 0.097227
v 0.433629 1.955845 0.097227
v 0.442891 1.965003 0.111318
v 0.436654 1.977954 0.111318
v 0.422640 1.981153 0.111318
v 0.411401 1.972190 0.111318
v 0.411401 1.957816 0.111318
v 0.422640 1.948853 0.111318
v 0.436654 1.952052 0.111318
v 0.438039 1.965003 0.125409
v 0.433629 1.974161 0.125409
v 0.423720 1.976423 0.125409
v 0.415773 1.970085 0.125409
v 0.415773 1.959921 0.125409
v 0.423720 1.953583 0.125409
v 0.433629 1.955845 0.125409
v 0.426326 1.965003 0.131246
v 0.415000 1.745377 0.072090
v 0.432508 1.745377 0.080814
v 0.425916 1.759066 0.080814
v 0.411104 1.762446 0.080814
v 0.399226 1.752974 0.080814
v 0.399226 1.737781 0.080814
v 0.411104 1.728309 0.080814
v 0.425916 1.731689 0.080814
v 0.439760 1.745377 0.101875
v 0.430437 1.764735 0.101875
v 0.409490 1.769516 0.101875
v 0.392692 1.756120 0.101875
v 0.392692 1.734635 0.101875
v 0.409490 1.721239 0.101875
v 0.430437 1.726020 0.101875
v 0.432508 1.745377 0.122937
v 0.425916 1.759066 0.122937
v 0.411104 1.762446 0.122937
v 0.399226 1.752974 0.122937
v 0.399226 1.737781 0.122937
v 0.411104 1.728309 0.122937
v 0.425916 1.731689 0.122937
v 0.415000 1.745377 0.131661
v 0.400144 1.745377 0.067125
v 0.413275 1.745377 0.073668
v 0.408331 1.755643 0.073668
v 0.397222 1.758179 0.073668
v 0.388314 1.751075 0.073668
v 0.388314 1.739680 0.073668
v 0.397222 1.732576 0.073668
v 0.408331 1.735111 0.073668
v 0.418714 1.745377 0.089465
v 0.411722 1.759896 0.089465
v 0.396012 1.763481 0.089465
v 0.383414 1.753435 0.089465
v 0.383414 1.737320 0.089465
v 0.396012 1.727273 0.089465
v 0.411722 1.730859 0.089465
v 0.413275 1.745377 0.105261
v 0.408331 1.755643 0.105261
v 0.397222 1.758179 0.105261
v 0.388314 1.751075 0.105261
v 0.388314 1.739680 0.105261
v 0.397222 1.732576 0.105261
v 0.408331 1.735111 0.105261
v 0.400144 1.745377 0.111804
v 0.399540 1.515378 0.069246
v 0.413205 1.515378 0.076055
v 0.408060 1.526061 0.076055
v 0.396499 1.528700 0.076055
v 0.387228 1.521307 0.076055
v 0.387228 1.509449 0.076055
v 0.396499 1.502055 0.076055
v 0.408060 1.504694 0.076055
v 0.418865 1.515378 0.092494
v 0.411589 1.530486 0.092494
v 0.395240 1.534218 0.092494
v 0.382129 1.523762 0.092494
v 0.382129 1.506993 0.092494
v 0.395240 1.496537 0.092494
v 0.411589 1.500268 0.092494
v 0.413205 1.515378 0.108933
v 0.408060 1.526061 0.108933
v 0.396499 1.528700 0.108933
v 0.387228 1.521307 0.108933
v 0.387228 1.509449 0.108933
v 0.396499 1.502055 0.108933
v 0.408060 1.504694 0.108933
v 0.399540 1.515378 0.115743
v 0.425686 1.405721 0.069850
v 0.436265 1.405721 0.075121
v 0.432282 1.413991 0.075121
v 0.423332 1.416034 0.075121
v 0.416155 1.410311 0.075121
v 0.416155 1.401131 0.075121
v 0.423332 1.395407 0.075121
v 0.432282 1.397450 0.075121
v 0.440647 1.405721 0.087848
v 0.435014 1.417417 0.087848
v 0.422357 1.420306 0.087848
v 0.412207 1.412212 0.087848
v 0.412207 1.399229 0.087848
v 0.422357 1.391135 0.087848
v 0.435014 1.394024 0.087848
v 0.436265 1.405721 0.100574
v 0.432282 1.413991 0.100574
v 0.423332 1.416034 0.100574
v 0.416155 1.410311 0.100574
v 0.416155 1.401131 0.100574
v 0.423332 1.395407 0.100574
v 0.432282 1.397450 0.100574
v 0.425686 1.405721 0.105845
v 0.415000 1.055377 0.059699
v 0.428708 1.055377 0.066530
v 0.423547 1.066095 0.066530
v 0.411950 1.068742 0.066530
v 0.402650 1.061325 0.066530
v 0.402650 1.049430 0.066530
v 0.411950 1.042013 0.066530
v 0.423547 1.044660 0.066530
v 0.434386 1.055377 0.083021
v 0.427087 1.070534 0.083021
v 0.410686 1.074277 0.083021
v 0.397534 1.063789 0.083021
v 0.397534 1.046966 0.083021
v 0.410686 1.036478 0.083021
v 0.427087 1.040221 0.083021
v 0.428708 1.055377 0.099512
v 0.423547 1.066095 0.099512
v 0.411950 1.068742 0.099512
v 0.402650 1.061325 0.099512
v 0.402650 1.049430 0.099512
v 0.411950 1.042013 0.099512
v 0.423547 1.044660 0.099512
v 0.415000 1.055377 0.106342
v 0.415000 0.931767 0.089450
v 0.426416 0.931767 0.095138
v 0.422118 0.940692 0.095138
v 0.412460 0.942897 0.095138
v 0.404715 0.936720 0.095138
v 0.404715 0.926814 0.095138
v 0.412460 0.920638 0.095138
v 0.422118 0.922842 0.095138
v 0.431144 0.931767 0.108871
v 0.425066 0.944389 0.108871
v 0.411408 0.947507 0.108871
v 0.400455 0.938772 0.108871
v 0.400455 0.924762 0.108871
v 0.411408 0.916028 0.108871
v 0.425066 0.919145 0.108871
v 0.426416 0.931767 0.122604
v 0.422118 0.940692 0.122604
v 0.412460 0.942897 0.122604
v 0.404715 0.936720 0.122604
v 0.404715 0.926814 0.122604
v 0.412460 0.920638 0.122604
v 0.422118 0.922842 0.122604
v 0.415000 0.931767 0.128293
v 0.428100 0.830657 0.068183
v 0.438357 0.830657 0.073294
v 0.434495 0.838676 0.073294
v 0.425818 0.840657 0.073294
v 0.418859 0.835107 0.073294
v 0.418859 0.826206 0.073294
v 0.425818 0.820657 0.073294
v 0.434495 0.822637 0.073294
v 0.442606 0.830657 0.085633
v 0.437144 0.841998 0.085633
v 0.424872 0.844799 0.085633
v 0.415031 0.836951 0.085633
v 0.415031 0.824363 0.085633
v 0.424872 0.816515 0.085633
v 0.437144 0.819316 0.085633
v 0.438357 0.830657 0.097973
v 0.434495 0.838676 0.097973
v 0.425818 0.840657 0.097973
v 0.418859 0.835107 0.097973
v 0.418859 0.826206 0.097973
v 0.425818 0.820657 0.097973
v 0.434495 0.822637 0.097973
v 0.428100 0.830657 0.103084
v 0.435650 0.714718 0.055354
v 0.445815 0.714718 0.060420
v 0.441988 0.722666 0.060420
v 0.433388 0.724629 0.060420
v 0.426491 0.719129 0.060420
v 0.426491 0.710307 0.060420
v 0.433388 0.704807 0.060420
v 0.441988 0.706770 0.060420
v 0.450026 0.714718 0.072649
v 0.444613 0.725958 0.072649
v 0.432451 0.728734 0.072649
v 0.422697 0.720956 0.072649
v 0.422697 0.708480 0.072649
v 0.432451 0.700702 0.072649
v 0.444613 0.703478 0.072649
v 0.445815 0.714718 0.084878
v 0.441988 0.722666 0.084878
v 0.433388 0.724629 0.084878
v 0.426491 0.719129 0.084878
v 0.426491 0.710307 0.084878
v 0.433388 0.704807 0.084878
v 0.441988 0.706770 0.084878
v 0.435650 0.714718 0.089944
v 0.507220 0.617199 0.072054
v 0.524717 0.617199 0.080772
v 0.518129 0.630878 0.080772
v 0.503327 0.634257 0.080772
v 0.491456 0.624790 0.080772
v 0.491456 0.609607 0.080772
v 0.503327 0.600141 0.080772
v 0.518129 0.603520 0.080772
v 0.531964 0.617199 0.101821
v 0.522648 0.636545 0.101821
v 0.501714 0.641323 0.101821
v 0.484927 0.627935 0.101821
v 0.484927 0.606463 0.101821
v 0.501714 0.593075 0.101821
v 0.522648 0.597853 0.101821
v 0.524717 0.617199 0.122870
v 0.518129 0.630878 0.122870
v 0.503327 0.634257 0.122870
v 0.491456 0.624790 0.122870
v 0.491456 0.609607 0.122870
v 0.503327 0.600141 0.122870
v 0.518129 0.603520 0.122870
v 0.507220 0.617199 0.131588
v 0.592597 0.540919 0.059875
v 0.606359 0.540919 0.066732
v 0.601177 0.551678 0.066732
v 0.589535 0.554335 0.066732
v 0.580198 0.546890 0.066732
v 0.580198 0.534948 0.066732
v 0.589535 0.527502 0.066732
v 0.601177 0.530159 0.066732
v 0.612059 0.540919 0.083288
v 0.604731 0.556135 0.083288
v 0.588266 0.559893 0.083288
v 0.575062 0.549363 0.083288
v 0.575062 0.532474 0.083288
v 0.588266 0.521945 0.083288
v 0.604731 0.525703 0.083288
v 0.606359 0.540919 0.099843
v 0.601177 0.551678 0.099843
v 0.589535 0.554335 0.099843
v 0.580198 0.546890 0.099843
v 0.580198 0.534948 0.099843
v 0.589535 0.527502 0.099843
v 0.601177 0.530159 0.099843
v 0.592597 0.540919 0.106700
v 0.696220 0.492178 0.063789
v 0.711182 0.492178 0.071245
v 0.705548 0.503875 0.071245
v 0.692890 0.506765 0.071245
v 0.682739 0.498669 0.071245
v 0.682739 0.485686 0.071245
v 0.692890 0.477591 0.071245
v 0.705548 0.480480 0.071245
v 0.717379 0.492178 0.089245
v 0.709412 0.508721 0.089245
v 0.691511 0.512807 0.089245
v 0.677155 0.501358 0.089245
v 0.677155 0.482997 0.089245
v 0.691511 0.471548 0.089245
v 0.709412 0.475634 0.089245
v 0.711182 0.492178 0.107244
v 0.705548 0.503875 0.107244
v 0.692890 0.506765 0.107244
v 0.682739 0.498669 0.107244
v 0.682739 0.485686 0.107244
v 0.692890 0.477591 0.107244
v 0.705548 0.480480 0.107244
v 0.696220 0.492178 0.114700
v 0.706799 0.497468 0.069305
v 0.717273 0.497468 0.074524
v 0.713330 0.505656 0.074524
v 0.704469 0.507678 0.074524
v 0.697363 0.502012 0.074524
v 0.697363 0.492923 0.074524
v 0.704469 0.487257 0.074524
v 0.713330 0.489279 0.074524
v 0.721611 0.497468 0.087123
v 0.716034 0.509048 0.087123
v 0.703503 0.511908 0.087123
v 0.693454 0.503894 0.087123
v 0.693454 0.491041 0.087123
v 0.703503 0.483027 0.087123
v 0.716034 0.485887 0.087123
v 0.717273 0.497468 0.099723
v 0.713330 0.505656 0.099723
v 0.704469 0.507678 0.099723
v 0.697363 0.502012 0.099723
v 0.697363 0.492923 0.099723
v 0.704469 0.487257 0.099723
v 0.713330 0.489279 0.099723
v 0.706799 0.497468 0.104942
v 0.797658 0.475086 0.056683
v 0.808158 0.475086 0.061916
v 0.804205 0.483295 0.061916
v 0.795321 0.485323 0.061916
v 0.788197 0.479642 0.061916
v 0.788197 0.470530 0.061916
v 0.795321 0.464849 0.061916
v 0.804205 0.466877 0.061916
v 0.812507 0.475086 0.074548
v 0.806916 0.486696 0.074548
v 0.794353 0.489563 0.074548
v 0.784279 0.481529 0.074548
v 0.784279 0.468643 0.074548
v 0.794353 0.460609 0.074548
v 0.806916 0.463476 0.074548
v 0.808158 0.475086 0.087180
v 0.804205 0.483295 0.087180
v 0.795321 0.485323 0.087180
v 0.788197 0.479642 0.087180
v 0.788197 0.470530 0.087180
v 0.795321 0.464849 0.087180
v 0.804205 0.466877 0.087180
v 0.797658 0.475086 0.092412
v 0.937014 0.481239 0.079050
v 0.949367 0.481239 0.085206
v 0.944716 0.490897 0.085206
v 0.934265 0.493283 0.085206
v 0.925884 0.486599 0.085206
v 0.925884 0.475879 0.085206
v 0.934265 0.469196 0.085206
v 0.944716 0.471581 0.085206
v 0.954484 0.481239 0.100067
v 0.947906 0.494898 0.100067
v 0.933126 0.498271 0.100067
v 0.921274 0.488819 0.100067
v 0.921274 0.473659 0.100067
v 0.933126 0.464207 0.100067
v 0.947906 0.467581 0.100067
v 0.949367 0.481239 0.114928
v 0.944716 0.490897 0.114928
v 0.934265 0.493283 0.114928
v 0.925884 0.486599 0.114928
v 0.925884 0.475879 0.114928
v 0.934265 0.469196 0.114928
v 0.944716 0.471581 0.114928
v 0.937014 0.481239 0.121083
v 0.924535 0.465017 0.101318
v 0.937771 0.465017 0.107913
v 0.932787 0.475365 0.107913
v 0.921590 0.477921 0.107913
v 0.912610 0.470760 0.107913
v 0.912610 0.459275 0.107913
v 0.921590 0.452114 0.107913
v 0.932787 0.454669 0.107913
v 0.943253 0.465017 0.123835
v 0.936206 0.479651 0.123835
v 0.920370 0.483266 0.123835
v 0.907671 0.473139 0.123835
v 0.907671 0.456896 0.123835
v 0.920370 0.446769 0.123835
v 0.936206 0.450383 0.123835
v 0.937771 0.465017 0.139758
v 0.932787 0.475365 0.139758
v 0.921590 0.477921 0.139758
v 0.912610 0.470760 0.139758
v 0.912610 0.459275 0.139758
v 0.921590 0.452114 0.139758
v 0.932787 0.454669 0.139758
v 0.924535 0.465017 0.146353
v 2.488822 0.475000 0.063562
v 2.503714 0.475000 0.070983
v 2.498107 0.486643 0.070983
v 2.485508 0.489519 0.070983
v 2.475404 0.481462 0.070983
v 2.475404 0.468538 0.070983
v 2.485508 0.460481 0.070983
v 2.498107 0.463356 0.070983
v 2.509883 0.475000 0.088899
v 2.501953 0.491466 0.088899
v 2.484135 0.495533 0.088899
v 2.469846 0.484138 0.088899
v 2.469846 0.465862 0.088899
v 2.484135 0.454467 0.088899
v 2.501953 0.458534 0.088899
v 2.503714 0.475000 0.106815
v 2.498107 0.486643 0.106815
v 2.485508 0.489519 0.106815
v 2.475404 0.481462 0.106815
v 2.475404 0.468538 0.106815
v 2.485508 0.460481 0.106815
v 2.498107 0.463356 0.106815
v 2.488822 0.475000 0.114236
v 2.476185 0.475000 0.059340
v 2.487354 0.475000 0.064905
v 2.483149 0.483733 0.064905
v 2.473699 0.485889 0.064905
v 2.466121 0.479846 0.064905
v 2.466121 0.470154 0.064905
v 2.473699 0.464111 0.064905
v 2.483149 0.466267 0.064905
v 2.491981 0.475000 0.078342
v 2.486033 0.487350 0.078342
v 2.472670 0.490400 0.078342
v 2.461953 0.481854 0.078342
v 2.461953 0.468146 0.078342
v 2.472670 0.459600 0.078342
v 2.486033 0.462650 0.078342
v 2.487354 0.475000 0.091779
v 2.483149 0.483733 0.091779
v 2.473699 0.485889 0.091779
v 2.466121 0.479846 0.091779
v 2.466121 0.470154 0.091779
v 2.473699 0.464111 0.091779
v 2.483149 0.466267 0.091779
v 2.476185 0.475000 0.097345
v 2.499352 0.480265 0.069052
v 2.509777 0.480265 0.074247
v 2.505852 0.488416 0.074247
v 2.497033 0.490429 0.074247
v 2.489960 0.484788 0.074247
v 2.489960 0.475742 0.074247
v 2.497033 0.470102 0.074247
v 2.505852 0.472115 0.074247
v 2.514095 0.480265 0.086788
v 2.508544 0.491792 0.086788
v 2.496072 0.494639 0.086788
v 2.486069 0.486662 0.086788
v 2.486069 0.473869 0.086788
v 2.496072 0.465892 0.086788
v 2.508544 0.468739 0.086788
v 2.509777 0.480265 0.099329
v 2.505852 0.488416 0.099329
v 2.497033 0.490429 0.099329
v 2.489960 0.484788 0.099329
v 2.489960 0.475742 0.099329
v 2.497033 0.470102 0.099329
v 2.505852 0.472115 0.099329
v 2.499352 0.480265 0.104524
v 2.612899 0.497105 0.069950
v 2.623497 0.497105 0.075231
v 2.619507 0.505391 0.075231
v 2.610541 0.507437 0.075231
v 2.603350 0.501703 0.075231
v 2.603350 0.492507 0.075231
v 2.610541 0.486773 0.075231
v 2.619507 0.488819 0.075231
v 2.627887 0.497105 0.087981
v 2.622244 0.508823 0.087981
v 2.609564 0.511717 0.087981
v 2.599395 0.503608 0.087981
v 2.599395 0.490602 0.087981
v 2.609564 0.482493 0.087981
v 2.622244 0.485387 0.087981
v 2.623497 0.497105 0.100730
v 2.619507 0.505391 0.100730
v 2.610541 0.507437 0.100730
v 2.603350 0.501703 0.100730
v 2.603350 0.492507 0.100730
v 2.610541 0.486773 0.100730
v 2.619507 0.488819 0.100730
v 2.612899 0.497105 0.106011
v 2.694402 0.540024 0.055783
v 2.704675 0.540024 0.060902
v 2.700807 0.548056 0.060902
v 2.692116 0.550040 0.060902
v 2.685146 0.544481 0.060902
v 2.685146 0.535566 0.060902
v 2.692116 0.530008 0.060902
v 2.700807 0.531992 0.060902
v 2.708931 0.540024 0.073261
v 2.703460 0.551383 0.073261
v 2.691169 0.554188 0.073261
v 2.681312 0.546328 0.073261
v 2.681312 0.533720 0.073261
v 2.691169 0.525859 0.073261
v 2.703460 0.528665 0.073261
v 2.704675 0.540024 0.085620
v 2.700807 0.548056 0.085620
v 2.692116 0.550040 0.085620
v 2.685146 0.544481 0.085620
v 2.685146 0.535566 0.085620
v 2.692116 0.530008 0.085620
v 2.700807 0.531992 0.085620
v 2.694402 0.540024 0.090739
v 2.715711 0.544867 0.064716
v 2.725299 0.544867 0.069494
v 2.721689 0.552363 0.069494
v 2.713577 0.554215 0.069494
v 2.707072 0.549027 0.069494
v 2.707072 0.540706 0.069494
v 2.713577 0.535519 0.069494
v 2.721689 0.537370 0.069494
v 2.729271 0.544867 0.081029
v 2.724165 0.555468 0.081029
v 2.712693 0.558087 0.081029
v 2.703494 0.550750 0.081029
v 2.703494 0.538983 0.081029
v 2.712693 0.531646 0.081029
v 2.724165 0.534265 0.081029
v 2.725299 0.544867 0.092564
v 2.721689 0.552363 0.092564
v 2.713577 0.554215 0.092564
v 2.707072 0.549027 0.092564
v 2.707072 0.540706 0.092564
v 2.713577 0.535519 0.092564
v 2.721689 0.537370 0.092564
v 2.715711 0.544867 0.097342
v 2.882004 0.814136 0.099024
v 2.894888 0.814136 0.105444
v 2.890037 0.824209 0.105444
v 2.879137 0.826696 0.105444
v 2.870396 0.819726 0.105444
v 2.870396 0.808546 0.105444
v 2.879137 0.801575 0.105444
v 2.890037 0.804063 0.105444
v 2.900225 0.814136 0.120943
v 2.893364 0.828381 0.120943
v 2.877950 0.831899 0.120943
v 2.865588 0.822041 0.120943
v 2.865588 0.806230 0.120943
v 2.877950 0.796372 0.120943
v 2.893364 0.799890 0.120943
v 2.894888 0.814136 0.136442
v 2.890037 0.824209 0.136442
v 2.879137 0.826696 0.136442
v 2.870396 0.819726 0.136442
v 2.870396 0.808546 0.136442
v 2.879137 0.801575 0.136442
v 2.890037 0.804063 0.136442
v 2.882004 0.814136 0.142862
v 2.885000 0.938734 0.072567
v 2.902654 0.938734 0.081365
v 2.896007 0.952537 0.081365
v 2.881072 0.955946 0.081365
v 2.869094 0.946394 0.081365
v 2.869094 0.931074 0.081365
v 2.881072 0.921523 0.081365
v 2.896007 0.924932 0.081365
v 2.909967 0.938734 0.102603
v 2.900567 0.958254 0.102603
v 2.879444 0.963075 0.102603
v 2.862506 0.949567 0.102603
v 2.862506 0.927902 0.102603
v 2.879444 0.914393 0.102603
v 2.900567 0.919214 0.102603
v 2.902654 0.938734 0.123841
v 2.896007 0.952537 0.123841
v 2.881072 0.955946 0.123841
v 2.869094 0.946394 0.123841
v 2.869094 0.931074 0.123841
v 2.881072 0.921523 0.123841
v 2.896007 0.924932 0.123841
v 2.885000 0.938734 0.132638
v 2.885000 1.045248 0.088377
v 2.896251 1.045248 0.093983
v 2.892015 1.054045 0.093983
v 2.882496 1.056217 0.093983
v 2.874863 1.050130 0.093983
v 2.874863 1.040366 0.093983
v 2.882496 1.034279 0.093983
v 2.892015 1.036452 0.093983
v 2.900912 1.045248 0.107518
v 2.894921 1.057688 0.107518
v 2.881459 1.060761 0.107518
v 2.870664 1.052152 0.107518
v 2.870664 1.038344 0.107518
v 2.881459 1.029736 0.107518
v 2.894921 1.032808 0.107518
v 2.896251 1.045248 0.121053
v 2.892015 1.054045 0.121053
v 2.882496 1.056217 0.121053
v 2.874863 1.050130 0.121053
v 2.874863 1.040366 0.121053
v 2.882496 1.034279 0.121053
v 2.892015 1.036452 0.121053
v 2.885000 1.045248 0.126660
v 2.885000 1.283734 0.074824
v 2.903346 1.283734 0.083966
v 2.896439 1.298078 0.083966
v 2.880918 1.301620 0.083966
v 2.868471 1.291694 0.083966
v 2.868471 1.275774 0.083966
v 2.880918 1.265848 0.083966
v 2.896439 1.269391 0.083966
v 2.910945 1.283734 0.106037
v 2.901177 1.304019 0.106037
v 2.879227 1.309029 0.106037
v 2.861624 1.294992 0.106037
v 2.861624 1.272477 0.106037
v 2.879227 1.258439 0.106037
v 2.901177 1.263449 0.106037
v 2.903346 1.283734 0.128107
v 2.896439 1.298078 0.128107
v 2.880918 1.301620 0.128107
v 2.868471 1.291694 0.128107
v 2.868471 1.275774 0.128107
v 2.880918 1.265848 0.128107
v 2.896439 1.269391 0.128107
v 2.885000 1.283734 0.137249
v 2.873447 1.513734 0.055536
v 2.883658 1.513734 0.060625
v 2.879814 1.521718 0.060625
v 2.871175 1.523690 0.060625
v 2.864247 1.518165 0.060625
v 2.864247 1.509304 0.060625
v 2.871175 1.503779 0.060625
v 2.879814 1.505751 0.060625
v 2.887888 1.513734 0.072909
v 2.882451 1.525025 0.072909
v 2.870234 1.527813 0.072909
v 2.860436 1.520000 0.072909
v 2.860436 1.507468 0.072909
v 2.870234 1.499655 0.072909
v 2.882451 1.502444 0.072909
v 2.883658 1.513734 0.085194
v 2.879814 1.521718 0.085194
v 2.871175 1.523690 0.085194
v 2.864247 1.518165 0.085194
v 2.864247 1.509304 0.085194
v 2.871175 1.503779 0.085194
v 2.879814 1.505751 0.085194
v 2.873447 1.513734 0.090282
v 2.894561 1.633515 0.064075
v 2.904026 1.633515 0.068791
v 2.900462 1.640915 0.068791
v 2.892455 1.642742 0.068791
v 2.886033 1.637621 0.068791
v 2.886033 1.629408 0.068791
v 2.892455 1.624287 0.068791
v 2.900462 1.626115 0.068791
v 2.907946 1.633515 0.080177
v 2.902907 1.643980 0.080177
v 2.891582 1.646564 0.080177
v 2.882501 1.639322 0.080177
v 2.882501 1.627707 0.080177
v 2.891582 1.620465 0.080177
v 2.902907 1.623050 0.080177
v 2.904026 1.633515 0.091564
v 2.900462 1.640915 0.091564
v 2.892455 1.642742 0.091564
v 2.886033 1.637621 0.091564
v 2.886033 1.629408 0.091564
v 2.892455 1.624287 0.091564
v 2.900462 1.626115 0.091564
v 2.894561 1.633515 0.096280
v 2.885000 1.743734 0.074472
v 2.903238 1.743734 0.083560
v 2.896371 1.757994 0.083560
v 2.880942 1.761515 0.083560
v 2.868568 1.751648 0.083560
v 2.868568 1.735821 0.083560
v 2.880942 1.725953 0.083560
v 2.896371 1.729475 0.083560
v 2.910793 1.743734 0.105501
v 2.901082 1.763900 0.105501
v 2.879261 1.768880 0.105501
v 2.861761 1.754925 0.105501
v 2.861761 1.732543 0.105501
v 2.879261 1.718588 0.105501
v 2.901082 1.723569 0.105501
v 2.903238 1.743734 0.127442
v 2.896371 1.757994 0.127442
v 2.880942 1.761515 0.127442
v 2.868568 1.751648 0.127442
v 2.868568 1.735821 0.127442
v 2.880942 1.725953 0.127442
v 2.896371 1.729475 0.127442
v 2.885000 1.743734 0.136530
v 2.869524 1.743734 0.069301
v 2.883203 1.743734 0.076117
v 2.878053 1.754429 0.076117
v 2.866480 1.757070 0.076117
v 2.857200 1.749669 0.076117
v 2.857200 1.737799 0.076117
v 2.866480 1.730399 0.076117
v 2.878053 1.733040 0.076117
v 2.888869 1.743734 0.092573
v 2.881585 1.758859 0.092573
v 2.865220 1.762594 0.092573
v 2.852095 1.752128 0.092573
v 2.852095 1.735341 0.092573
v 2.865220 1.724875 0.092573
v 2.881585 1.728610 0.092573
v 2.883203 1.743734 0.109028
v 2.878053 1.754429 0.109028
v 2.866480 1.757070 0.109028
v 2.857200 1.749669 0.109028
v 2.857200 1.737799 0.109028
v 2.866480 1.730399 0.109028
v 2.878053 1.733040 0.109028
v 2.869524 1.743734 0.115844
v 2.885000 1.858734 0.070790
v 2.902109 1.858734 0.079316
v 2.895667 1.872111 0.079316
v 2.881193 1.875414 0.079316
v 2.869585 1.866158 0.079316
v 2.869585 1.851311 0.079316
v 2.881193 1.842054 0.079316
v 2.895667 1.845358 0.079316
v 2.909196 1.858734 0.099898
v 2.900086 1.877651 0.099898
v 2.879616 1.882324 0.099898
v 2.863200 1.869233 0.099898
v 2.863200 1.848236 0.099898
v 2.879616 1.835145 0.099898
v 2.900086 1.839817 0.099898
v 2.902109 1.858734 0.120481
v 2.895667 1.872111 0.120481
v 2.881193 1.875414 0.120481
v 2.869585 1.866158 0.120481
v 2.869585 1.851311 0.120481
v 2.881193 1.842054 0.120481
v 2.895667 1.845358 0.120481
v 2.885000 1.858734 0.129006
v 2.870482 1.858734 0.065939
v 2.883314 1.858734 0.072333
v 2.878483 1.868767 0.072333
v 2.867627 1.871244 0.072333
v 2.858921 1.864302 0.072333
v 2.858921 1.853167 0.072333
v 2.867627 1.846224 0.072333
v 2.878483 1.848702 0.072333
v 2.888629 1.858734 0.087770
v 2.881797 1.872922 0.087770
v 2.866444 1.876426 0.087770
v 2.854132 1.866608 0.087770
v 2.854132 1.850861 0.087770
v 2.866444 1.841042 0.087770
v 2.881797 1.844546 0.087770
v 2.883314 1.858734 0.103207
v 2.878483 1.868767 0.103207
v 2.867627 1.871244 0.103207
v 2.858921 1.864302 0.103207
v 2.858921 1.853167 0.103207
v 2.867627 1.846224 0.103207
v 2.878483 1.848702 0.103207
v 2.870482 1.858734 0.109601
v 2.897098 1.864783 0.077097
v 2.909075 1.864783 0.083065
v 2.904565 1.874147 0.083065
v 2.894433 1.876459 0.083065
v 2.886308 1.869980 0.083065
v 2.886308 1.859587 0.083065
v 2.894433 1.853107 0.083065
v 2.904565 1.855420 0.083065
v 2.914035 1.864783 0.097473
v 2.907658 1.878025 0.097473
v 2.893329 1.881296 0.097473
v 2.881838 1.872132 0.097473
v 2.881838 1.857435 0.097473
v 2.893329 1.848271 0.097473
v 2.907658 1.851541 0.097473
v 2.909075 1.864783 0.111880
v 2.904565 1.874147 0.111880
v 2.894433 1.876459 0.111880
v 2.886308 1.869980 0.111880
v 2.886308 1.859587 0.111880
v 2.894433 1.853107 0.111880
v 2.904565 1.855420 0.111880
v 2.897098 1.864783 0.117848
v 2.874263 1.963279 0.093029
v 2.886227 1.963279 0.098991
v 2.881723 1.972634 0.098991
v 2.871600 1.974944 0.098991
v 2.863483 1.968471 0.098991
v 2.863483 1.958088 0.098991
v 2.871600 1.951615 0.098991
v 2.881723 1.953925 0.098991
v 2.891183 1.963279 0.113384
v 2.884813 1.976508 0.113384
v 2.870498 1.979776 0.113384
v 2.859018 1.970621 0.113384
v 2.859018 1.955938 0.113384
v 2.870498 1.946783 0.113384
v 2.884813 1.950051 0.113384
v 2.886227 1.963279 0.127778
v 2.881723 1.972634 0.127778
v 2.871600 1.974944 0.127778
v 2.863483 1.968471 0.127778
v 2.863483 1.958088 0.127778
v 2.871600 1.951615 0.127778
v 2.881723 1.953925 0.127778
v 2.874263 1.963279 0.133739
v 2.792406 2.048062 0.061516
v 2.806671 2.048062 0.068624
v 2.801300 2.059215 0.068624
v 2.789232 2.061970 0.068624
v 2.779554 2.054251 0.068624
v 2.779554 2.041873 0.068624
v 2.789232 2.034155 0.068624
v 2.801300 2.036909 0.068624
v 2.812580 2.048062 0.085785
v 2.804984 2.063835 0.085785
v 2.787917 2.067730 0.085785
v 2.774230 2.056815 0.085785
v 2.774230 2.039309 0.085785
v 2.787917 2.028394 0.085785
v 2.804984 2.032290 0.085785
v 2.806671 2.048062 0.102946
v 2.801300 2.059215 0.102946
v 2.789232 2.061970 0.102946
v 2.779554 2.054251 0.102946
v 2.779554 2.041873 0.102946
v 2.789232 2.034155 0.102946
v 2.801300 2.036909 0.102946
v 2.792406 2.048062 0.110055
v 2.664508 2.055000 0.062804
v 2.676551 2.055000 0.068805
v 2.672017 2.064415 0.068805
v 2.661829 2.066740 0.068805
v 2.653659 2.060225 0.068805
v 2.653659 2.049775 0.068805
v 2.661829 2.043260 0.068805
v 2.672017 2.045585 0.068805
v 2.681539 2.055000 0.083292
v 2.675127 2.068315 0.083292
v 2.660719 2.071603 0.083292
v 2.649165 2.062389 0.083292
v 2.649165 2.047611 0.083292
v 2.660719 2.038397 0.083292
v 2.675127 2.041685 0.083292
v 2.676551 2.055000 0.097778
v 2.672017 2.064415 0.097778
v 2.661829 2.066740 0.097778
v 2.653659 2.060225 0.097778
v 2.653659 2.049775 0.097778
v 2.661829 2.043260 0.097778
v 2.672017 2.045585 0.097778
v 2.664508 2.055000 0.103779
v 2.448133 2.045070 0.100857
v 2.461298 2.045070 0.107417
v 2.456341 2.055363 0.107417
v 2.445203 2.057905 0.107417
v 2.436271 2.050782 0.107417
v 2.436271 2.039358 0.107417
v 2.445203 2.032236 0.107417
v 2.456341 2.034778 0.107417
v 2.466751 2.045070 0.123254
v 2.459741 2.059627 0.123254
v 2.443990 2.063221 0.123254
v 2.431359 2.053149 0.123254
v 2.431359 2.036993 0.123254
v 2.443990 2.026919 0.123254
v 2.459741 2.030514 0.123254
v 2.461298 2.045070 0.139092
v 2.456341 2.055363 0.139092
v 2.445203 2.057905 0.139092
v 2.436271 2.050782 0.139092
v 2.436271 2.039358 0.139092
v 2.445203 2.032236 0.139092
v 2.456341 2.034778 0.139092
v 2.448133 2.045070 0.145652
v 2.333133 2.055000 0.073956
v 2.351213 2.055000 0.082965
v 2.344405 2.069135 0.082965
v 2.329109 2.072627 0.082965
v 2.316843 2.062845 0.082965
v 2.316843 2.047155 0.082965
v 2.329109 2.037373 0.082965
v 2.344405 2.040864 0.082965
v 2.358701 2.055000 0.104716
v 2.349075 2.074991 0.104716
v 2.327443 2.079928 0.104716
v 2.310096 2.066094 0.104716
v 2.310096 2.043906 0.104716
v 2.327443 2.030072 0.104716
v 2.349075 2.035009 0.104716
v 2.351213 2.055000 0.126466
v 2.344405 2.069135 0.126466
v 2.329109 2.072627 0.126466
v 2.316843 2.062845 0.126466
v 2.316843 2.047155 0.126466
v 2.329109 2.037373 0.126466
v 2.344405 2.040864 0.126466
v 2.333133 2.055000 0.135475
v 2.317791 2.055000 0.068829
v 2.331351 2.055000 0.075586
v 2.326246 2.065602 0.075586
v 2.314774 2.068220 0.075586
v 2.305574 2.060884 0.075586
v 2.305574 2.049117 0.075586
v 2.314774 2.041780 0.075586
v 2.326246 2.044398 0.075586
v 2.336968 2.055000 0.091899
v 2.329748 2.069993 0.091899
v 2.313524 2.073696 0.091899
v 2.300514 2.063320 0.091899
v 2.300514 2.046679 0.091899
v 2.313524 2.036304 0.091899
v 2.329748 2.040007 0.091899
v 2.331351 2.055000 0.108212
v 2.326246 2.065602 0.108212
v 2.314774 2.068220 0.108212
v 2.305574 2.060884 0.108212
v 2.305574 2.049117 0.108212
v 2.314774 2.041780 0.108212
v 2.326246 2.044398 0.108212
v 2.317791 2.055000 0.114969
v 2.103133 2.055000 0.061851
v 2.117500 2.055000 0.069011
v 2.112091 2.066233 0.069011
v 2.099936 2.069008 0.069011
v 2.090188 2.061234 0.069011
v 2.090188 2.048766 0.069011
v 2.099936 2.040992 0.069011
v 2.112091 2.043767 0.069011
v 2.123452 2.055000 0.086295
v 2.115801 2.070886 0.086295
v 2.098611 2.074810 0.086295
v 2.084826 2.063816 0.086295
v 2.084826 2.046184 0.086295
v 2.098611 2.035190 0.086295
v 2.115801 2.039114 0.086295
v 2.117500 2.055000 0.103580
v 2.112091 2.066233 0.103580
v 2.099936 2.069008 0.103580
v 2.090188 2.061234 0.103580
v 2.090188 2.048766 0.103580
v 2.099936 2.040992 0.103580
v 2.112091 2.043767 0.103580
v 2.103133 2.055000 0.110739
v 2.113292 2.060080 0.067147
v 2.123350 2.060080 0.072159
v 2.119563 2.067943 0.072159
v 2.111054 2.069885 0.072159
v 2.104231 2.064444 0.072159
v 2.104231 2.055716 0.072159
v 2.111054 2.050274 0.072159
v 2.119563 2.052217 0.072159
v 2.127516 2.060080 0.084258
v 2.122160 2.071200 0.084258
v 2.110127 2.073946 0.084258
v 2.100477 2.066251 0.084258
v 2.100477 2.053909 0.084258
v 2.110127 2.046213 0.084258
v 2.122160 2.048959 0.084258
v 2.123350 2.060080 0.096357
v 2.119563 2.067943 0.096357
v 2.111054 2.069885 0.096357
v 2.104231 2.064444 0.096357
v 2.104231 2.055716 0.096357
v 2.111054 2.050274 0.096357
v 2.119563 2.052217 0.096357
v 2.113292 2.060080 0.101369
v 2.103133 2.046872 0.085277
v 2.113909 2.046872 0.090646
v 2.109851 2.055297 0.090646
v 2.100735 2.057378 0.090646
v 2.093424 2.051548 0.090646
v 2.093424 2.042197 0.090646
v 2.100735 2.036367 0.090646
v 2.109851 2.038447 0.090646
v 2.118372 2.046872 0.103610
v 2.112634 2.058787 0.103610
v 2.099741 2.061730 0.103610
v 2.089402 2.053484 0.103610
v 2.089402 2.040260 0.103610
v 2.099741 2.032015 0.103610
v 2.112634 2.034958 0.103610
v 2.113909 2.046872 0.116573
v 2.109851 2.055297 0.116573
v 2.100735 2.057378 0.116573
v 2.093424 2.051548 0.116573
v 2.093424 2.042197 0.116573
v 2.100735 2.036367 0.116573
v 2.109851 2.038447 0.116573
v 2.103133 2.046872 0.121943
v 2.012354 1.996230 0.060042
v 2.026167 1.996230 0.066925
v 2.020966 2.007029 0.066925
v 2.009280 2.009696 0.066925
v 1.999909 2.002223 0.066925
v 1.999909 1.990237 0.066925
v 2.009280 1.982763 0.066925
v 2.020966 1.985430 0.066925
v 2.031888 1.996230 0.083542
v 2.024534 2.011503 0.083542
v 2.008007 2.015275 0.083542
v 1.994754 2.004705 0.083542
v 1.994754 1.987754 0.083542
v 2.008007 1.977185 0.083542
v 2.024534 1.980957 0.083542
v 2.026167 1.996230 0.100159
v 2.020966 2.007029 0.100159
v 2.009280 2.009696 0.100159
v 1.999909 2.002223 0.100159
v 1.999909 1.990237 0.100159
v 2.009280 1.982763 0.100159
v 2.020966 1.985430 0.100159
v 2.012354 1.996230 0.107042
v 2.012354 1.988416 0.082563
v 2.022714 1.988416 0.087725
v 2.018813 1.996516 0.087725
v 2.010049 1.998516 0.087725
v 2.003020 1.992911 0.087725
v 2.003020 1.983921 0.087725
v 2.010049 1.978316 0.087725
v 2.018813 1.980316 0.087725
v 2.027005 1.988416 0.100188
v 2.021489 1.999871 0.100188
v 2.009094 2.002700 0.100188
v 1.999154 1.994773 0.100188
v 1.999154 1.982059 0.100188
v 2.009094 1.974132 0.100188
v 2.021489 1.976961 0.100188
v 2.022714 1.988416 0.112651
v 2.018813 1.996516 0.112651
v 2.010049 1.998516 0.112651
v 2.003020 1.992911 0.112651
v 2.003020 1.983921 0.112651
v 2.010049 1.978316 0.112651
v 2.018813 1.980316 0.112651
v 2.012354 1.988416 0.117813
v 2.005000 1.873976 0.086079
v 2.015899 1.873976 0.091510
v 2.011795 1.882497 0.091510
v 2.002575 1.884602 0.091510
v 1.995180 1.878705 0.091510
v 1.995180 1.869247 0.091510
v 2.002575 1.863350 0.091510
v 2.011795 1.865455 0.091510
v 2.020413 1.873976 0.104622
v 2.014610 1.886027 0.104622
v 2.001570 1.889003 0.104622
v 1.991113 1.880664 0.104622
v 1.991113 1.867288 0.104622
v 2.001570 1.858949 0.104622
v 2.014610 1.861925 0.104622
v 2.015899 1.873976 0.117733
v 2.011795 1.882497 0.117733
v 2.002575 1.884602 0.117733
v 1.995180 1.878705 0.117733
v 1.995180 1.869247 0.117733
v 2.002575 1.863350 0.117733
v 2.011795 1.865455 0.117733
v 2.005000 1.873976 0.123164
v 1.992931 1.767196 0.057349
v 2.003598 1.767196 0.062665
v 1.999582 1.775537 0.062665
v 1.990557 1.777597 0.062665
v 1.983319 1.771825 0.062665
v 1.983319 1.762568 0.062665
v 1.990557 1.756796 0.062665
v 1.999582 1.758856 0.062665
v 2.008017 1.767196 0.075499
v 2.002337 1.778992 0.075499
v 1.989573 1.781905 0.075499
v 1.979338 1.773742 0.075499
v 1.979338 1.760650 0.075499
v 1.989573 1.752488 0.075499
v 2.002337 1.755401 0.075499
v 2.003598 1.767196 0.088332
v 1.999582 1.775537 0.088332
v 1.990557 1.777597 0.088332
v 1.983319 1.771825 0.088332
v 1.983319 1.762568 0.088332
v 1.990557 1.756796 0.088332
v 1.999582 1.758856 0.088332
v 1.992931 1.767196 0.093648
v 2.005000 1.759150 0.084574
v 2.015668 1.759150 0.089889
v 2.011652 1.767491 0.089889
v 2.002626 1.769551 0.089889
v 1.995388 1.763779 0.089889
v 1.995388 1.754521 0.089889
v 2.002626 1.748749 0.089889
v 2.011652 1.750809 0.089889
v 2.020087 1.759150 0.102723
v 2.014406 1.770945 0.102723
v 2.001643 1.773859 0.102723
v 1.991407 1.765696 0.102723
v 1.991407 1.752604 0.102723
v 2.001643 1.744441 0.102723
v 2.014406 1.747355 0.102723
v 2.015668 1.759150 0.115557
v 2.011652 1.767491 0.115557
v 2.002626 1.769551 0.115557
v 1.995388 1.763779 0.115557
v 1.995388 1.754521 0.115557
v 2.002626 1.748749 0.115557
v 2.011652 1.750809 0.115557
v 2.005000 1.759150 0.120873
v 1.991340 1.537196 0.062929
v 2.003414 1.537196 0.068946
v 1.998868 1.546636 0.068946
v 1.988653 1.548967 0.068946
v 1.980462 1.542435 0.068946
v 1.980462 1.531958 0.068946
v 1.988653 1.525425 0.068946
v 1.998868 1.527757 0.068946
v 2.008415 1.537196 0.083471
v 2.001986 1.550546 0.083471
v 1.987541 1.553843 0.083471
v 1.975956 1.544605 0.083471
v 1.975956 1.529788 0.083471
v 1.987541 1.520550 0.083471
v 2.001986 1.523847 0.083471
v 2.003414 1.537196 0.097996
v 1.998868 1.546636 0.097996
v 1.988653 1.548967 0.097996
v 1.980462 1.542435 0.097996
v 1.980462 1.531958 0.097996
v 1.988653 1.525425 0.097996
v 1.998868 1.527757 0.097996
v 1.991340 1.537196 0.104012
v 2.016968 1.313180 0.076428
v 2.028815 1.313180 0.082331
v 2.024354 1.322443 0.082331
v 2.014331 1.324730 0.082331
v 2.006294 1.318321 0.082331
v 2.006294 1.308040 0.082331
v 2.014331 1.301630 0.082331
v 2.024354 1.303918 0.082331
v 2.033722 1.313180 0.096584
v 2.027414 1.326279 0.096584
v 2.013239 1.329515 0.096584
v 2.001872 1.320450 0.096584
v 2.001872 1.305911 0.096584
v 2.013239 1.296846 0.096584
v 2.027414 1.300081 0.096584
v 2.028815 1.313180 0.110836
v 2.024354 1.322443 0.110836
v 2.014331 1.324730 0.110836
v 2.006294 1.318321 0.110836
v 2.006294 1.308040 0.110836
v 2.014331 1.301630 0.110836
v 2.024354 1.303918 0.110836
v 2.016968 1.313180 0.116740
v 2.005000 1.297622 0.097783
v 2.017694 1.297622 0.104109
v 2.012914 1.307546 0.104109
v 2.002175 1.309998 0.104109
v 1.993564 1.303130 0.104109
v 1.993564 1.292115 0.104109
v 2.002175 1.285247 0.104109
v 2.012914 1.287698 0.104109
v 2.022951 1.297622 0.119379
v 2.016192 1.311657 0.119379
v 2.001005 1.315124 0.119379
v 1.988826 1.305411 0.119379
v 1.988826 1.289833 0.119379
v 2.001005 1.280121 0.119379
v 2.016192 1.283587 0.119379
v 2.017694 1.297622 0.134649
v 2.012914 1.307546 0.134649
v 2.002175 1.309998 0.134649
v 1.993564 1.303130 0.134649
v 1.993564 1.292115 0.134649
v 2.002175 1.285247 0.134649
v 2.012914 1.287698 0.134649
v 2.005000 1.297622 0.140975
v 2.005000 1.066871 0.104279
v 2.018690 1.066871 0.111100
v 2.013535 1.077574 0.111100
v 2.001954 1.080217 0.111100
v 1.992666 1.072811 0.111100
v 1.992666 1.060931 0.111100
v 2.001954 1.053525 0.111100
v 2.013535 1.056168 0.111100
v 2.024360 1.066871 0.127569
v 2.017071 1.082007 0.127569
v 2.000692 1.085746 0.127569
v 1.987557 1.075271 0.127569
v 1.987557 1.058471 0.127569
v 2.000692 1.047997 0.127569
v 2.017071 1.051735 0.127569
v 2.018690 1.066871 0.144037
v 2.013535 1.077574 0.144037
v 2.001954 1.080217 0.144037
v 1.992666 1.072811 0.144037
v 1.992666 1.060931 0.144037
v 2.001954 1.053525 0.144037
v 2.013535 1.056168 0.144037
v 2.005000 1.066871 0.150859
v 2.005000 0.962196 0.065071
v 2.020355 0.962196 0.072723
v 2.014574 0.974202 0.072723
v 2.001583 0.977167 0.072723
v 1.991165 0.968859 0.072723
v 1.991165 0.955534 0.072723
v 2.001583 0.947226 0.072723
v 2.014574 0.950191 0.072723
v 2.026716 0.962196 0.091195
v 2.018539 0.979174 0.091195
v 2.000168 0.983368 0.091195
v 1.985435 0.971618 0.091195
v 1.985435 0.952774 0.091195
v 2.000168 0.941025 0.091195
v 2.018539 0.945218 0.091195
v 2.020355 0.962196 0.109668
v 2.014574 0.974202 0.109668
v 2.001583 0.977167 0.109668
v 1.991165 0.968859 0.109668
v 1.991165 0.955534 0.109668
v 2.001583 0.947226 0.109668
v 2.014574 0.950191 0.109668
v 2.005000 0.962196 0.117319
v 2.017892 0.853642 0.081173
v 2.030655 0.853642 0.087533
v 2.025850 0.863621 0.087533
v 2.015052 0.866085 0.087533
v 2.006393 0.859180 0.087533
v 2.006393 0.848105 0.087533
v 2.015052 0.841200 0.087533
v 2.025850 0.843664 0.087533
v 2.035941 0.853642 0.102887
v 2.029146 0.867754 0.102887
v 2.013876 0.871239 0.102887
v 2.001631 0.861474 0.102887
v 2.001631 0.845811 0.102887
v 2.013876 0.836046 0.102887
v 2.029146 0.839531 0.102887
v 2.030655 0.853642 0.118240
v 2.025850 0.863621 0.118240
v 2.015052 0.866085 0.118240
v 2.006393 0.859180 0.118240
v 2.006393 0.848105 0.118240
v 2.015052 0.841200 0.118240
v 2.025850 0.843664 0.118240
v 2.017892 0.853642 0.124600
v 1.990043 0.732196 0.067482
v 2.003263 0.732196 0.074069
v 1.998286 0.742533 0.074069
v 1.987101 0.745085 0.074069
v 1.978132 0.737933 0.074069
v 1.978132 0.726460 0.074069
v 1.987101 0.719307 0.074069
v 1.998286 0.721860 0.074069
v 2.008739 0.732196 0.089974
v 2.001700 0.746814 0.089974
v 1.985882 0.750424 0.089974
v 1.973198 0.740308 0.089974
v 1.973198 0.724084 0.089974
v 1.985882 0.713969 0.089974
v 2.001700 0.717579 0.089974
v 2.003263 0.732196 0.105878
v 1.998286 0.742533 0.105878
v 1.987101 0.745085 0.105878
v 1.978132 0.737933 0.105878
v 1.978132 0.726460 0.105878
v 1.987101 0.719307 0.105878
v 1.998286 0.721860 0.105878
v 1.990043 0.732196 0.112466
v 2.054955 0.516230 0.068829
v 2.071462 0.516230 0.077055
v 2.065247 0.529136 0.077055
v 2.051281 0.532324 0.077055
v 2.040082 0.523392 0.077055
v 2.040082 0.509067 0.077055
v 2.051281 0.500136 0.077055
v 2.065247 0.503324 0.077055
v 2.078300 0.516230 0.096914
v 2.069510 0.534482 0.096914
v 2.049760 0.538990 0.096914
v 2.033921 0.526359 0.096914
v 2.033921 0.506101 0.096914
v 2.049760 0.493470 0.096914
v 2.069510 0.497978 0.096914
v 2.071462 0.516230 0.116773
v 2.065247 0.529136 0.116773
v 2.051281 0.532324 0.116773
v 2.040082 0.523392 0.116773
v 2.040082 0.509067 0.116773
v 2.051281 0.500136 0.116773
v 2.065247 0.503324 0.116773
v 2.054955 0.516230 0.124998
v 2.040947 0.516230 0.064148
v 2.053328 0.516230 0.070318
v 2.048667 0.525909 0.070318
v 2.038193 0.528300 0.070318
v 2.029793 0.521602 0.070318
v 2.029793 0.510858 0.070318
v 2.038193 0.504160 0.070318
v 2.048667 0.506550 0.070318
v 2.058456 0.516230 0.085212
v 2.051864 0.529919 0.085212
v 2.037051 0.533300 0.085212
v 2.025172 0.523827 0.085212
v 2.025172 0.508633 0.085212
v 2.037051 0.499160 0.085212
v 2.051864 0.502541 0.085212
v 2.053328 0.516230 0.100106
v 2.048667 0.525909 0.100106
v 2.038193 0.528300 0.100106
v 2.029793 0.521602 0.100106
v 2.029793 0.510858 0.100106
v 2.038193 0.504160 0.100106
v 2.048667 0.506550 0.100106
v 2.040947 0.516230 0.106275
v 2.274535 0.464570 0.105181
v 2.288363 0.464570 0.112072
v 2.283157 0.475381 0.112072
v 2.271458 0.478052 0.112072
v 2.262077 0.470570 0.112072
v 2.262077 0.458571 0.112072
v 2.271458 0.451089 0.112072
v 2.283157 0.453759 0.112072
v 2.294091 0.464570 0.128707
v 2.286728 0.479860 0.128707
v 2.270184 0.483636 0.128707
v 2.256916 0.473055 0.128707
v 2.256916 0.456085 0.128707
v 2.270184 0.445505 0.128707
v 2.286728 0.449281 0.128707
v 2.288363 0.464570 0.145342
v 2.283157 0.475381 0.145342
v 2.271458 0.478052 0.145342
v 2.262077 0.470570 0.145342
v 2.262077 0.458571 0.145342
v 2.271458 0.451089 0.145342
v 2.283157 0.453759 0.145342
v 2.274535 0.464570 0.152233
v 1.143105 2.765000 0.069111
v 1.156736 2.765000 0.075904
v 1.151604 2.775657 0.075904
v 1.140072 2.778289 0.075904
v 1.130824 2.770914 0.075904
v 1.130824 2.759086 0.075904
v 1.140072 2.751711 0.075904
v 1.151604 2.754343 0.075904
v 1.162382 2.765000 0.092302
v 1.155124 2.780071 0.092302
v 1.138816 2.783794 0.092302
v 1.125737 2.773364 0.092302
v 1.125737 2.756636 0.092302
v 1.138816 2.746206 0.092302
v 1.155124 2.749928 0.092302
v 1.156736 2.765000 0.108700
v 1.151604 2.775657 0.108700
v 1.140072 2.778289 0.108700
v 1.130824 2.770914 0.108700
v 1.130824 2.759086 0.108700
v 1.140072 2.751711 0.108700
v 1.151604 2.754343 0.108700
v 1.143105 2.765000 0.115493
v 1.245699 2.810358 0.066698
v 1.258722 2.810358 0.073187
v 1.253819 2.820539 0.073187
v 1.242801 2.823054 0.073187
v 1.233966 2.816008 0.073187
v 1.233966 2.804707 0.073187
v 1.242801 2.797661 0.073187
v 1.253819 2.800176 0.073187
v 1.264116 2.810358 0.088854
v 1.257182 2.824757 0.088854
v 1.241601 2.828313 0.088854
v 1.229105 2.818349 0.088854
v 1.229105 2.802367 0.088854
v 1.241601 2.792402 0.088854
v 1.257182 2.795959 0.088854
v 1.258722 2.810358 0.104521
v 1.253819 2.820539 0.104521
v 1.242801 2.823054 0.104521
v 1.233966 2.816008 0.104521
v 1.233966 2.804707 0.104521
v 1.242801 2.797661 0.104521
v 1.253819 2.800176 0.104521
v 1.245699 2.810358 0.111010
v 1.295000 3.031766 0.066633
v 1.310834 3.031766 0.074523
v 1.304873 3.044146 0.074523
v 1.291476 3.047203 0.074523
v 1.280734 3.038636 0.074523
v 1.280734 3.024896 0.074523
v 1.291476 3.016329 0.074523
v 1.304873 3.019386 0.074523
v 1.317393 3.031766 0.093572
v 1.308962 3.049273 0.093572
v 1.290017 3.053597 0.093572
v 1.274825 3.041482 0.093572
v 1.274825 3.022050 0.093572
v 1.290017 3.009934 0.093572
v 1.308962 3.014258 0.093572
v 1.310834 3.031766 0.112621
v 1.304873 3.044146 0.112621
v 1.291476 3.047203 0.112621
v 1.280734 3.038636 0.112621
v 1.280734 3.024896 0.112621
v 1.291476 3.016329 0.112621
v 1.304873 3.019386 0.112621
v 1.295000 3.031766 0.120511
v 1.295000 3.022809 0.092450
v 1.306876 3.022809 0.098367
v 1.302404 3.032094 0.098367
v 1.292357 3.034387 0.098367
v 1.284300 3.027961 0.098367
v 1.284300 3.017656 0.098367
v 1.292357 3.011231 0.098367
v 1.302404 3.013524 0.098367
v 1.311795 3.022809 0.112654
v 1.305471 3.035939 0.112654
v 1.291263 3.039182 0.112654
v 1.279868 3.030096 0.112654
v 1.279868 3.015522 0.112654
v 1.291263 3.006435 0.112654
v 1.305471 3.009678 0.112654
v 1.306876 3.022809 0.126940
v 1.302404 3.032094 0.126940
v 1.292357 3.034387 0.126940
v 1.284300 3.027961 0.126940
v 1.284300 3.017656 0.126940
v 1.292357 3.011231 0.126940
v 1.302404 3.013524 0.126940
v 1.295000 3.022809 0.132858
v 1.304837 3.151684 0.065490
v 1.314574 3.151684 0.070342
v 1.310908 3.159298 0.070342
v 1.302670 3.161178 0.070342
v 1.296063 3.155909 0.070342
v 1.296063 3.147459 0.070342
v 1.302670 3.142191 0.070342
v 1.310908 3.144071 0.070342
v 1.318608 3.151684 0.082057
v 1.313423 3.162451 0.082057
v 1.301772 3.165110 0.082057
v 1.292429 3.157660 0.082057
v 1.292429 3.145709 0.082057
v 1.301772 3.138258 0.082057
v 1.313423 3.140917 0.082057
v 1.314574 3.151684 0.093772
v 1.310908 3.159298 0.093772
v 1.302670 3.161178 0.093772
v 1.296063 3.155909 0.093772
v 1.296063 3.147459 0.093772
v 1.302670 3.142191 0.093772
v 1.310908 3.144071 0.093772
v 1.304837 3.151684 0.098624
v 1.295000 3.138897 0.083043
v 1.305433 3.138897 0.088242
v 1.301505 3.147054 0.088242
v 1.292678 3.149068 0.088242
v 1.285600 3.143424 0.088242
v 1.285600 3.134370 0.088242
v 1.292678 3.128725 0.088242
v 1.301505 3.130739 0.088242
v 1.309755 3.138897 0.100794
v 1.304200 3.150433 0.100794
v 1.291717 3.153282 0.100794
v 1.281706 3.145298 0.100794
v 1.281706 3.132495 0.100794
v 1.291717 3.124511 0.100794
v 1.304200 3.127361 0.100794
v 1.305433 3.138897 0.113345
v 1.301505 3.147054 0.113345
v 1.292678 3.149068 0.113345
v 1.285600 3.143424 0.113345
v 1.285600 3.134370 0.113345
v 1.292678 3.128725 0.113345
v 1.301505 3.130739 0.113345
v 1.295000 3.138897 0.118544
v 1.295000 3.261766 0.071024
v 1.312181 3.261766 0.079586
v 1.305712 3.275198 0.079586
v 1.291177 3.278516 0.079586
v 1.279521 3.269221 0.079586
v 1.279521 3.254311 0.079586
v 1.291177 3.245016 0.079586
v 1.305712 3.248333 0.079586
v 1.319298 3.261766 0.100254
v 1.310149 3.280762 0.100254
v 1.289593 3.285454 0.100254
v 1.273109 3.272308 0.100254
v 1.273109 3.251224 0.100254
v 1.289593 3.238078 0.100254
v 1.310149 3.242769 0.100254
v 1.312181 3.261766 0.120923
v 1.305712 3.275198 0.120923
v 1.291177 3.278516 0.120923
v 1.279521 3.269221 0.120923
v 1.279521 3.254311 0.120923
v 1.291177 3.245016 0.120923
v 1.305712 3.248333 0.120923
v 1.295000 3.261766 0.129484
v 1.264566 3.360556 0.103405
v 1.278122 3.360556 0.110159
v 1.273018 3.371154 0.110159
v 1.261550 3.373772 0.110159
v 1.252353 3.366438 0.110159
v 1.252353 3.354675 0.110159
v 1.261550 3.347341 0.110159
v 1.273018 3.349958 0.110159
v 1.283736 3.360556 0.126467
v 1.276519 3.375544 0.126467
v 1.260300 3.379246 0.126467
v 1.247294 3.368874 0.126467
v 1.247294 3.352238 0.126467
v 1.260300 3.341866 0.126467
v 1.276519 3.345568 0.126467
v 1.278122 3.360556 0.142774
v 1.273018 3.371154 0.142774
v 1.261550 3.373772 0.142774
v 1.252353 3.366438 0.142774
v 1.252353 3.354675 0.142774
v 1.261550 3.347341 0.142774
v 1.273018 3.349958 0.142774
v 1.264566 3.360556 0.149529
v 1.161063 3.442141 0.070542
v 1.175054 3.442141 0.077514
v 1.169786 3.453080 0.077514
v 1.157949 3.455782 0.077514
v 1.148457 3.448212 0.077514
v 1.148457 3.436071 0.077514
v 1.157949 3.428501 0.077514
v 1.169786 3.431202 0.077514
v 1.180850 3.442141 0.094346
v 1.173400 3.457611 0.094346
v 1.156660 3.461432 0.094346
v 1.143235 3.450727 0.094346
v 1.143235 3.433556 0.094346
v 1.156660 3.422851 0.094346
v 1.173400 3.426671 0.094346
v 1.175054 3.442141 0.111177
v 1.169786 3.453080 0.111177
v 1.157949 3.455782 0.111177
v 1.148457 3.448212 0.111177
v 1.148457 3.436071 0.111177
v 1.157949 3.428501 0.111177
v 1.169786 3.431202 0.111177
v 1.161063 3.442141 0.118149
v 1.190083 3.448737 0.082708
v 1.203142 3.448737 0.089215
v 1.198225 3.458946 0.089215
v 1.187178 3.461468 0.089215
v 1.178318 3.454403 0.089215
v 1.178318 3.443071 0.089215
v 1.187178 3.436006 0.089215
v 1.198225 3.438527 0.089215
v 1.208551 3.448737 0.104925
v 1.201598 3.463176 0.104925
v 1.185974 3.466742 0.104925
v 1.173445 3.456750 0.104925
v 1.173445 3.440724 0.104925
v 1.185974 3.430732 0.104925
v 1.201598 3.434298 0.104925
v 1.203142 3.448737 0.120635
v 1.198225 3.458946 0.120635
v 1.187178 3.461468 0.120635
v 1.178318 3.454403 0.120635
v 1.178318 3.443071 0.120635
v 1.187178 3.436006 0.120635
v 1.198225 3.438527 0.120635
v 1.190083 3.448737 0.127142
v 1.063479 3.455000 0.068742
v 1.079960 3.455000 0.076954
v 1.073754 3.467885 0.076954
v 1.059811 3.471068 0.076954
v 1.048630 3.462151 0.076954
v 1.048630 3.447849 0.076954
v 1.059811 3.438932 0.076954
v 1.073754 3.442115 0.076954
v 1.086786 3.455000 0.096781
v 1.078011 3.473222 0.096781
v 1.058292 3.477723 0.096781
v 1.042479 3.465113 0.096781
v 1.042479 3.444887 0.096781
v 1.058292 3.432277 0.096781
v 1.078011 3.436777 0.096781
v 1.079960 3.455000 0.116607
v 1.073754 3.467885 0.116607
v 1.059811 3.471068 0.116607
v 1.048630 3.462151 0.116607
v 1.048630 3.447849 0.116607
v 1.059811 3.438932 0.116607
v 1.073754 3.442115 0.116607
v 1.063479 3.455000 0.124820
v 1.049494 3.455000 0.064068
v 1.061855 3.455000 0.070228
v 1.057201 3.464664 0.070228
v 1.046744 3.467051 0.070228
v 1.038358 3.460363 0.070228
v 1.038358 3.449637 0.070228
v 1.046744 3.442949 0.070228
v 1.057201 3.445336 0.070228
v 1.066975 3.455000 0.085098
v 1.060393 3.468667 0.085098
v 1.045604 3.472042 0.085098
v 1.033745 3.462584 0.085098
v 1.033745 3.447415 0.085098
v 1.045604 3.437958 0.085098
v 1.060393 3.441333 0.085098
v 1.061855 3.455000 0.099968
v 1.057201 3.464664 0.099968
v 1.046744 3.467051 0.099968
v 1.038358 3.460363 0.099968
v 1.038358 3.449637 0.099968
v 1.046744 3.442949 0.099968
v 1.057201 3.445336 0.099968
v 1.049494 3.455000 0.106127
v 0.948479 3.447400 0.080718
v 0.958556 3.447400 0.085739
v 0.954762 3.455278 0.085739
v 0.946236 3.457224 0.085739
v 0.939400 3.451772 0.085739
v 0.939400 3.443027 0.085739
v 0.946236 3.437575 0.085739
v 0.954762 3.439521 0.085739
v 0.962730 3.447400 0.097862
v 0.957364 3.458541 0.097862
v 0.945308 3.461293 0.097862
v 0.935639 3.453583 0.097862
v 0.935639 3.441216 0.097862
v 0.945308 3.433506 0.097862
v 0.957364 3.436258 0.097862
v 0.958556 3.447400 0.109985
v 0.954762 3.455278 0.109985
v 0.946236 3.457224 0.109985
v 0.939400 3.451772 0.109985
v 0.939400 3.443027 0.109985
v 0.946236 3.437575 0.109985
v 0.954762 3.439521 0.109985
v 0.948479 3.447400 0.115006
v 0.833479 3.455000 0.068531
v 0.849895 3.455000 0.076711
v 0.843714 3.467835 0.076711
v 0.829826 3.471005 0.076711
v 0.818688 3.462123 0.076711
v 0.818688 3.447877 0.076711
v 0.829826 3.438995 0.076711
v 0.843714 3.442165 0.076711
v 0.856695 3.455000 0.096460
v 0.847954 3.473151 0.096460
v 0.828313 3.477634 0.096460
v 0.812562 3.465073 0.096460
v 0.812562 3.444927 0.096460
v 0.828313 3.432366 0.096460
v 0.847954 3.436849 0.096460
v 0.849895 3.455000 0.116209
v 0.843714 3.467835 0.116209
v 0.829826 3.471005 0.116209
v 0.818688 3.462123 0.116209
v 0.818688 3.447877 0.116209
v 0.829826 3.438995 0.116209
v 0.843714 3.442165 0.116209
v 0.833479 3.455000 0.124390
v 0.819549 3.455000 0.063876
v 0.831861 3.455000 0.070011
v 0.827226 3.464626 0.070011
v 0.816809 3.467004 0.070011
v 0.808456 3.460342 0.070011
v 0.808456 3.449658 0.070011
v 0.816809 3.442997 0.070011
v 0.827226 3.445374 0.070011
v 0.836961 3.455000 0.084823
v 0.830405 3.468613 0.084823
v 0.815674 3.471976 0.084823
v 0.803861 3.462555 0.084823
v 0.803861 3.447445 0.084823
v 0.815674 3.438024 0.084823
v 0.830405 3.441387 0.084823
v 0.831861 3.455000 0.099635
v 0.827226 3.464626 0.099635
v 0.816809 3.467004 0.099635
v 0.808456 3.460342 0.099635
v 0.808456 3.449658 0.099635
v 0.816809 3.442997 0.099635
v 0.827226 3.445374 0.099635
v 0.819549 3.455000 0.105770
v 0.730627 3.461074 0.077353
v 0.742652 3.461074 0.083345
v 0.738124 3.470476 0.083345
v 0.727951 3.472798 0.083345
v 0.719792 3.466292 0.083345
v 0.719792 3.455856 0.083345
v 0.727951 3.449350 0.083345
v 0.738124 3.451672 0.083345
v 0.747634 3.461074 0.097812
v 0.741230 3.474370 0.097812
v 0.726842 3.477654 0.097812
v 0.715304 3.468453 0.097812
v 0.715304 3.453695 0.097812
v 0.726842 3.444493 0.097812
v 0.741230 3.447777 0.097812
v 0.742652 3.461074 0.112279
v 0.738124 3.470476 0.112279
v 0.727951 3.472798 0.112279
v 0.719792 3.466292 0.112279
v 0.719792 3.455856 0.112279
v 0.727951 3.449350 0.112279
v 0.738124 3.451672 0.112279
v 0.730627 3.461074 0.118272
v 0.588443 3.455000 0.067756
v 0.601733 3.455000 0.074378
v 0.596729 3.465390 0.074378
v 0.585486 3.467956 0.074378
v 0.576470 3.460766 0.074378
v 0.576470 3.449234 0.074378
v 0.585486 3.442044 0.074378
v 0.596729 3.444610 0.074378
v 0.607238 3.455000 0.090366
v 0.600161 3.469694 0.090366
v 0.584261 3.473323 0.090366
v 0.571510 3.463155 0.090366
v 0.571510 3.446846 0.090366
v 0.584261 3.436677 0.090366
v 0.600161 3.440306 0.090366
v 0.601733 3.455000 0.106353
v 0.596729 3.465390 0.106353
v 0.585486 3.467956 0.106353
v 0.576470 3.460766 0.106353
v 0.576470 3.449234 0.106353
v 0.585486 3.442044 0.106353
v 0.596729 3.444610 0.106353
v 0.588443 3.455000 0.112975
v 0.616008 3.461265 0.079312
v 0.628412 3.461265 0.085493
v 0.623742 3.470962 0.085493
v 0.613248 3.473357 0.085493
v 0.604833 3.466646 0.085493
v 0.604833 3.455883 0.085493
v 0.613248 3.449172 0.085493
v 0.623742 3.451567 0.085493
v 0.633550 3.461265 0.100414
v 0.626945 3.474979 0.100414
v 0.612105 3.478366 0.100414
v 0.600204 3.468876 0.100414
v 0.600204 3.453654 0.100414
v 0.612105 3.444163 0.100414
v 0.626945 3.447550 0.100414
v 0.628412 3.461265 0.115336
v 0.623742 3.470962 0.115336
v 0.613248 3.473357 0.115336
v 0.604833 3.466646 0.115336
v 0.604833 3.455883 0.115336
v 0.613248 3.449172 0.115336
v 0.623742 3.451567 0.115336
v 0.616008 3.461265 0.121517
v 0.492159 3.433890 0.076824
v 0.511118 3.433890 0.086271
v 0.503980 3.448713 0.086271
v 0.487940 3.452374 0.086271
v 0.475077 3.442116 0.086271
v 0.475077 3.425664 0.086271
v 0.487940 3.415406 0.086271
v 0.503980 3.419067 0.086271
v 0.518971 3.433890 0.109079
v 0.508876 3.454853 0.109079
v 0.486192 3.460030 0.109079
v 0.468001 3.445524 0.109079
v 0.468001 3.422256 0.109079
v 0.486192 3.407749 0.109079
v 0.508876 3.412927 0.109079
v 0.511118 3.433890 0.131888
v 0.503980 3.448713 0.131888
v 0.487940 3.452374 0.131888
v 0.475077 3.442116 0.131888
v 0.475077 3.425664 0.131888
v 0.487940 3.415406 0.131888
v 0.503980 3.419067 0.131888
v 0.492159 3.433890 0.141335
v 0.476071 3.433890 0.071448
v 0.490290 3.433890 0.078533
v 0.484937 3.445007 0.078533
v 0.472907 3.447753 0.078533
v 0.463260 3.440059 0.078533
v 0.463260 3.427720 0.078533
v 0.472907 3.420027 0.078533
v 0.484937 3.422773 0.078533
v 0.496180 3.433890 0.095639
v 0.488609 3.449612 0.095639
v 0.471596 3.453495 0.095639
v 0.457953 3.442615 0.095639
v 0.457953 3.425165 0.095639
v 0.471596 3.414285 0.095639
v 0.488609 3.418168 0.095639
v 0.490290 3.433890 0.112746
v 0.484937 3.445007 0.112746
v 0.472907 3.447753 0.112746
v 0.463260 3.440059 0.112746
v 0.463260 3.427720 0.112746
v 0.472907 3.420027 0.112746
v 0.484937 3.422773 0.112746
v 0.476071 3.433890 0.119831
v 0.505565 3.440593 0.083812
v 0.518836 3.440593 0.090426
v 0.513839 3.450969 0.090426
v 0.502612 3.453532 0.090426
v 0.493608 3.446351 0.090426
v 0.493608 3.434835 0.090426
v 0.502612 3.427654 0.090426
v 0.513839 3.430217 0.090426
v 0.524334 3.440593 0.106391
v 0.517267 3.455267 0.106391
v 0.501388 3.458891 0.106391
v 0.488655 3.448736 0.106391
v 0.488655 3.432450 0.106391
v 0.501388 3.422295 0.106391
v 0.517267 3.425919 0.106391
v 0.518836 3.440593 0.122357
v 0.513839 3.450969 0.122357
v 0.502612 3.453532 0.122357
v 0.493608 3.446351 0.122357
v 0.493608 3.434835 0.122357
v 0.502612 3.427654 0.122357
v 0.513839 3.430217 0.122357
v 0.505565 3.440593 0.128970
v 0.433141 3.351275 0.070454
v 0.443836 3.351275 0.075784
v 0.439809 3.359637 0.075784
v 0.430761 3.361702 0.075784
v 0.423505 3.355916 0.075784
v 0.423505 3.346635 0.075784
v 0.430761 3.340848 0.075784
v 0.439809 3.342913 0.075784
v 0.448266 3.351275 0.088650
v 0.442572 3.363101 0.088650
v 0.429775 3.366021 0.088650
v 0.419514 3.357838 0.088650
v 0.419514 3.344712 0.088650
v 0.429775 3.336529 0.088650
v 0.442572 3.339450 0.088650
v 0.443836 3.351275 0.101517
v 0.439809 3.359637 0.101517
v 0.430761 3.361702 0.101517
v 0.423505 3.355916 0.101517
v 0.423505 3.346635 0.101517
v 0.430761 3.340848 0.101517
v 0.439809 3.342913 0.101517
v 0.433141 3.351275 0.106846
v 0.401953 3.231633 0.060779
v 0.413485 3.231633 0.066525
v 0.409143 3.240649 0.066525
v 0.399387 3.242876 0.066525
v 0.391563 3.236637 0.066525
v 0.391563 3.226629 0.066525
v 0.399387 3.220390 0.066525
v 0.409143 3.222617 0.066525
v 0.418262 3.231633 0.080399
v 0.412121 3.244384 0.080399
v 0.398324 3.247533 0.080399
v 0.387259 3.238709 0.080399
v 0.387259 3.224557 0.080399
v 0.398324 3.215733 0.080399
v 0.412121 3.218882 0.080399
v 0.413485 3.231633 0.094272
v 0.409143 3.240649 0.094272
v 0.399387 3.242876 0.094272
v 0.391563 3.236637 0.094272
v 0.391563 3.226629 0.094272
v 0.399387 3.220390 0.094272
v 0.409143 3.222617 0.094272
v 0.401953 3.231633 0.100018
v 0.425859 3.122063 0.070738
v 0.436609 3.122063 0.076095
v 0.432562 3.130467 0.076095
v 0.423467 3.132543 0.076095
v 0.416174 3.126727 0.076095
v 0.416174 3.117399 0.076095
v 0.423467 3.111582 0.076095
v 0.432562 3.113658 0.076095
v 0.441062 3.122063 0.089027
v 0.435338 3.133949 0.089027
v 0.422476 3.136884 0.089027
v 0.412162 3.128659 0.089027
v 0.412162 3.115466 0.089027
v 0.422476 3.107241 0.089027
v 0.435338 3.110177 0.089027
v 0.436609 3.122063 0.101959
v 0.432562 3.130467 0.101959
v 0.423467 3.132543 0.101959
v 0.416174 3.126727 0.101959
v 0.416174 3.117399 0.101959
v 0.423467 3.111582 0.101959
v 0.432562 3.113658 0.101959
v 0.425859 3.122063 0.107316
v 0.415000 3.107946 0.090115
v 0.426518 3.107946 0.095855
v 0.422181 3.116951 0.095855
v 0.412437 3.119175 0.095855
v 0.404623 3.112943 0.095855
v 0.404623 3.102948 0.095855
v 0.412437 3.096717 0.095855
v 0.422181 3.098941 0.095855
v 0.431289 3.107946 0.109711
v 0.425156 3.120681 0.109711
v 0.411375 3.123826 0.109711
v 0.400324 3.115013 0.109711
v 0.400324 3.100878 0.109711
v 0.411375 3.092066 0.109711
v 0.425156 3.095211 0.109711
v 0.426518 3.107946 0.123567
v 0.422181 3.116951 0.123567
v 0.412437 3.119175 0.123567
v 0.404623 3.112943 0.123567
v 0.404623 3.102948 0.123567
v 0.412437 3.096717 0.123567
v 0.422181 3.098941 0.123567
v 0.415000 3.107946 0.129306
v 0.415000 2.886633 0.063510
v 0.429877 2.886633 0.070924
v 0.424275 2.898264 0.070924
v 0.411690 2.901137 0.070924
v 0.401597 2.893088 0.070924
v 0.401597 2.880178 0.070924
v 0.411690 2.872129 0.070924
v 0.424275 2.875002 0.070924
v 0.436039 2.886633 0.088820
v 0.428117 2.903082 0.088820
v 0.410318 2.907144 0.088820
v 0.396045 2.895761 0.088820
v 0.396045 2.877505 0.088820
v 0.410318 2.866122 0.088820
v 0.428117 2.870184 0.088820
v 0.429877 2.886633 0.106717
v 0.424275 2.898264 0.106717
v 0.411690 2.901137 0.106717
v 0.401597 2.893088 0.106717
v 0.401597 2.880178 0.106717
v 0.411690 2.872129 0.106717
v 0.424275 2.875002 0.106717
v 0.415000 2.886633 0.114130
v 0.425519 2.891893 0.068994
v 0.435933 2.891893 0.074183
v 0.432012 2.900034 0.074183
v 0.423202 2.902045 0.074183
v 0.416137 2.896411 0.074183
v 0.416137 2.887374 0.074183
v 0.423202 2.881740 0.074183
v 0.432012 2.883751 0.074183
v 0.440247 2.891893 0.086711
v 0.434702 2.903407 0.086711
v 0.422242 2.906251 0.086711
v 0.412251 2.898283 0.086711
v 0.412251 2.885503 0.086711
v 0.422242 2.877535 0.086711
v 0.434702 2.880379 0.086711
v 0.435933 2.891893 0.099239
v 0.432012 2.900034 0.099239
v 0.423202 2.902045 0.099239
v 0.416137 2.896411 0.099239
v 0.416137 2.887374 0.099239
v 0.423202 2.881740 0.099239
v 0.432012 2.883751 0.099239
v 0.425519 2.891893 0.104428
v 0.687999 2.765000 0.059952
v 0.701785 2.765000 0.066821
v 0.696595 2.775778 0.066821
v 0.684932 2.778440 0.066821
v 0.675579 2.770981 0.066821
v 0.675579 2.759019 0.066821
v 0.684932 2.751560 0.066821
v 0.696595 2.754222 0.066821
v 0.707495 2.765000 0.083405
v 0.700155 2.780242 0.083405
v 0.683661 2.784007 0.083405
v 0.670435 2.773459 0.083405
v 0.670435 2.756541 0.083405
v 0.683661 2.745993 0.083405
v 0.700155 2.749758 0.083405
v 0.701785 2.765000 0.099989
v 0.696595 2.775778 0.099989
v 0.684932 2.778440 0.099989
v 0.675579 2.770981 0.099989
v 0.675579 2.759019 0.099989
v 0.684932 2.751560 0.099989
v 0.696595 2.754222 0.099989
v 0.687999 2.765000 0.106858
v 0.815175 2.771087 0.077492
v 0.827227 2.771087 0.083498
v 0.822689 2.780511 0.083498
v 0.812493 2.782838 0.083498
v 0.804315 2.776317 0.083498
v 0.804315 2.765858 0.083498
v 0.812493 2.759337 0.083498
v 0.822689 2.761664 0.083498
v 0.832220 2.771087 0.097998
v 0.825802 2.784414 0.097998
v 0.811382 2.787705 0.097998
v 0.799818 2.778483 0.097998
v 0.799818 2.763692 0.097998
v 0.811382 2.754470 0.097998
v 0.825802 2.757761 0.097998
v 0.827227 2.771087 0.112497
v 0.822689 2.780511 0.112497
v 0.812493 2.782838 0.112497
v 0.804315 2.776317 0.112497
v 0.804315 2.765858 0.112497
v 0.812493 2.759337 0.112497
v 0.822689 2.761664 0.112497
v 0.815175 2.771087 0.118503
v 0.905254 2.765000 0.059719
v 0.916520 2.765000 0.065333
v 0.912278 2.773807 0.065333
v 0.902748 2.775983 0.065333
v 0.895105 2.769888 0.065333
v 0.895105 2.760112 0.065333
v 0.902748 2.754017 0.065333
v 0.912278 2.756193 0.065333
v 0.921186 2.765000 0.078885
v 0.915187 2.777456 0.078885
v 0.901709 2.780532 0.078885
v 0.890901 2.771912 0.078885
v 0.890901 2.758088 0.078885
v 0.901709 2.749468 0.078885
v 0.915187 2.752544 0.078885
v 0.916520 2.765000 0.092437
v 0.912278 2.773807 0.092437
v 0.902748 2.775983 0.092437
v 0.895105 2.769888 0.092437
v 0.895105 2.760112 0.092437
v 0.902748 2.754017 0.092437
v 0.912278 2.756193 0.092437
v 0.905254 2.765000 0.098050
v 1.148000 2.757257 0.081952
v 1.158266 2.757257 0.087068
v 1.154400 2.765283 0.087068
v 1.145715 2.767266 0.087068
v 1.138750 2.761711 0.087068
v 1.138750 2.752803 0.087068
v 1.145715 2.747248 0.087068
v 1.154400 2.749230 0.087068
v 1.162518 2.757257 0.099418
v 1.157052 2.768608 0.099418
v 1.144769 2.771411 0.099418
v 1.134919 2.763556 0.099418
v 1.134919 2.750957 0.099418
v 1.144769 2.743102 0.099418
v 1.157052 2.745906 0.099418
v 1.158266 2.757257 0.111768
v 1.154400 2.765283 0.111768
v 1.145715 2.767266 0.111768
v 1.138750 2.761711 0.111768
v 1.138750 2.752803 0.111768
v 1.145715 2.747248 0.111768
v 1.154400 2.749230 0.111768
v 1.148000 2.757257 0.116884
v 2.768527 2.765000 0.075292
v 2.787016 2.765000 0.084505
v 2.780055 2.779456 0.084505
v 2.764413 2.783026 0.084505
v 2.751868 2.773022 0.084505
v 2.751868 2.756978 0.084505
v 2.764413 2.746974 0.084505
v 2.780055 2.750544 0.084505
v 2.794675 2.765000 0.106748
v 2.784830 2.785444 0.106748
v 2.762708 2.790493 0.106748
v 2.744968 2.776345 0.106748
v 2.744968 2.753655 0.106748
v 2.762708 2.739507 0.106748
v 2.784830 2.744556 0.106748
v 2.787016 2.765000 0.128991
v 2.780055 2.779456 0.128991
v 2.764413 2.783026 0.128991
v 2.751868 2.773022 0.128991
v 2.751868 2.756978 0.128991
v 2.764413 2.746974 0.128991
v 2.780055 2.750544 0.128991
v 2.768527 2.765000 0.138204
v 2.781601 2.771537 0.082107
v 2.794544 2.771537 0.088556
v 2.789670 2.781656 0.088556
v 2.778721 2.784155 0.088556
v 2.769940 2.777153 0.088556
v 2.769940 2.765921 0.088556
v 2.778721 2.758919 0.088556
v 2.789670 2.761418 0.088556
v 2.799905 2.771537 0.104127
v 2.793013 2.785847 0.104127
v 2.777528 2.789382 0.104127
v 2.765110 2.779479 0.104127
v 2.765110 2.763595 0.104127
v 2.777528 2.753692 0.104127
v 2.793013 2.757227 0.104127
v 2.794544 2.771537 0.119697
v 2.789670 2.781656 0.119697
v 2.778721 2.784155 0.119697
v 2.769940 2.777153 0.119697
v 2.769940 2.765921 0.119697
v 2.778721 2.758919 0.119697
v 2.789670 2.761418 0.119697
v 2.781601 2.771537 0.126146
v 2.870159 2.928159 0.067073
v 2.883277 2.928159 0.073609
v 2.878338 2.938415 0.073609
v 2.867240 2.940948 0.073609
v 2.858341 2.933851 0.073609
v 2.858341 2.922468 0.073609
v 2.867240 2.915371 0.073609
v 2.878338 2.917904 0.073609
v 2.888710 2.928159 0.089390
v 2.881726 2.942663 0.089390
v 2.866031 2.946245 0.089390
v 2.853445 2.936208 0.089390
v 2.853445 2.920110 0.089390
v 2.866031 2.910074 0.089390
v 2.881726 2.913656 0.089390
v 2.883277 2.928159 0.105170
v 2.878338 2.938415 0.105170
v 2.867240 2.940948 0.105170
v 2.858341 2.933851 0.105170
v 2.858341 2.922468 0.105170
v 2.867240 2.915371 0.105170
v 2.878338 2.917904 0.105170
v 2.870159 2.928159 0.111707
v 2.885000 3.043159 0.062230
v 2.899484 3.043159 0.069448
v 2.894031 3.054484 0.069448
v 2.881777 3.057280 0.069448
v 2.871950 3.049444 0.069448
v 2.871950 3.036875 0.069448
v 2.881777 3.029038 0.069448
v 2.894031 3.031835 0.069448
v 2.905484 3.043159 0.086872
v 2.897771 3.059174 0.086872
v 2.880442 3.063129 0.086872
v 2.866545 3.052047 0.086872
v 2.866545 3.034272 0.086872
v 2.880442 3.023189 0.086872
v 2.897771 3.027145 0.086872
v 2.899484 3.043159 0.104297
v 2.894031 3.054484 0.104297
v 2.881777 3.057280 0.104297
v 2.871950 3.049444 0.104297
v 2.871950 3.036875 0.104297
v 2.881777 3.029038 0.104297
v 2.894031 3.031835 0.104297
v 2.885000 3.043159 0.111514
v 2.898412 3.279866 0.083842
v 2.911689 3.279866 0.090458
v 2.906690 3.290246 0.090458
v 2.895458 3.292810 0.090458
v 2.886450 3.285626 0.090458
v 2.886450 3.274105 0.090458
v 2.895458 3.266921 0.090458
v 2.906690 3.269485 0.090458
v 2.917189 3.279866 0.106431
v 2.910119 3.294546 0.106431
v 2.894234 3.298172 0.106431
v 2.881495 3.288013 0.106431
v 2.881495 3.271719 0.106431
v 2.894234 3.261559 0.106431
v 2.910119 3.265185 0.106431
v 2.911689 3.279866 0.122403
v 2.906690 3.290246 0.122403
v 2.895458 3.292810 0.122403
v 2.886450 3.285626 0.122403
v 2.886450 3.274105 0.122403
v 2.895458 3.266921 0.122403
v 2.906690 3.269485 0.122403
v 2.898412 3.279866 0.129019
v 2.838730 3.381289 0.062350
v 2.850658 3.381289 0.068294
v 2.846167 3.390615 0.068294
v 2.836076 3.392918 0.068294
v 2.827983 3.386465 0.068294
v 2.827983 3.376114 0.068294
v 2.836076 3.369661 0.068294
v 2.846167 3.371964 0.068294
v 2.855598 3.381289 0.082643
v 2.849247 3.394478 0.082643
v 2.834976 3.397735 0.082643
v 2.823532 3.388608 0.082643
v 2.823532 3.373971 0.082643
v 2.834976 3.364844 0.082643
v 2.849247 3.368101 0.082643
v 2.850658 3.381289 0.096992
v 2.846167 3.390615 0.096992
v 2.836076 3.392918 0.096992
v 2.827983 3.386465 0.096992
v 2.827983 3.376114 0.096992
v 2.836076 3.369661 0.096992
v 2.846167 3.371964 0.096992
v 2.838730 3.381289 0.102936
v 2.852225 3.372293 0.092790
v 2.864153 3.372293 0.098733
v 2.859662 3.381618 0.098733
v 2.849571 3.383922 0.098733
v 2.841478 3.377468 0.098733
v 2.841478 3.367118 0.098733
v 2.849571 3.360664 0.098733
v 2.859662 3.362967 0.098733
v 2.869093 3.372293 0.113082
v 2.862742 3.385481 0.113082
v 2.848471 3.388738 0.113082
v 2.837027 3.379612 0.113082
v 2.837027 3.364974 0.113082
v 2.848471 3.355847 0.113082
v 2.862742 3.359105 0.113082
v 2.864153 3.372293 0.127432
v 2.859662 3.381618 0.127432
v 2.849571 3.383922 0.127432
v 2.841478 3.377468 0.127432
v 2.841478 3.367118 0.127432
v 2.849571 3.360664 0.127432
v 2.859662 3.362967 0.127432
v 2.852225 3.372293 0.133375
v 2.760598 3.447134 0.073199
v 2.778446 3.447134 0.082093
v 2.771726 3.461089 0.082093
v 2.756626 3.464535 0.082093
v 2.744518 3.454879 0.082093
v 2.744518 3.439391 0.082093
v 2.756626 3.429734 0.082093
v 2.771726 3.433181 0.082093
v 2.785839 3.447134 0.103564
v 2.776335 3.466869 0.103564
v 2.754982 3.471742 0.103564
v 2.737857 3.458086 0.103564
v 2.737857 3.436183 0.103564
v 2.754982 3.422527 0.103564
v 2.776335 3.427401 0.103564
v 2.778446 3.447134 0.125035
v 2.771726 3.461089 0.125035
v 2.756626 3.464535 0.125035
v 2.744518 3.454879 0.125035
v 2.744518 3.439391 0.125035
v 2.756626 3.429734 0.125035
v 2.771726 3.433181 0.125035
v 2.760598 3.447134 0.133929
v 2.760598 3.437038 0.102299
v 2.773984 3.437038 0.108969
v 2.768944 3.447504 0.108969
v 2.757619 3.450089 0.108969
v 2.748538 3.442846 0.108969
v 2.748538 3.431230 0.108969
v 2.757619 3.423988 0.108969
v 2.768944 3.426573 0.108969
v 2.779529 3.437038 0.125073
v 2.772401 3.451839 0.125073
v 2.756386 3.455494 0.125073
v 2.743542 3.445252 0.125073
v 2.743542 3.428825 0.125073
v 2.756386 3.418582 0.125073
v 2.772401 3.422238 0.125073
v 2.773984 3.437038 0.141176
v 2.768944 3.447504 0.141176
v 2.757619 3.450089 0.141176
v 2.748538 3.442846 0.141176
v 2.748538 3.431230 0.141176
v 2.757619 3.423988 0.141176
v 2.768944 3.426573 0.141176
v 2.760598 3.437038 0.147846
v 2.646389 3.455000 0.069655
v 2.663149 3.455000 0.078007
v 2.656839 3.468104 0.078007
v 2.642659 3.471341 0.078007
v 2.631287 3.462272 0.078007
v 2.631287 3.447728 0.078007
v 2.642659 3.438659 0.078007
v 2.656839 3.441896 0.078007
v 2.670092 3.455000 0.098170
v 2.661167 3.473532 0.098170
v 2.641114 3.478109 0.098170
v 2.625032 3.465285 0.098170
v 2.625032 3.444715 0.098170
v 2.641114 3.431891 0.098170
v 2.661167 3.436468 0.098170
v 2.663149 3.455000 0.118334
v 2.656839 3.468104 0.118334
v 2.642659 3.471341 0.118334
v 2.631287 3.462272 0.118334
v 2.631287 3.447728 0.118334
v 2.642659 3.438659 0.118334
v 2.656839 3.441896 0.118334
v 2.646389 3.455000 0.126686
v 2.658240 3.460926 0.075833
v 2.669973 3.460926 0.081679
v 2.665555 3.470099 0.081679
v 2.655629 3.472364 0.081679
v 2.647670 3.466017 0.081679
v 2.647670 3.455835 0.081679
v 2.655629 3.449487 0.081679
v 2.665555 3.451753 0.081679
v 2.674833 3.460926 0.095794
v 2.668585 3.473898 0.095794
v 2.654548 3.477102 0.095794
v 2.643291 3.468125 0.095794
v 2.643291 3.453727 0.095794
v 2.654548 3.444749 0.095794
v 2.668585 3.447953 0.095794
v 2.669973 3.460926 0.109908
v 2.665555 3.470099 0.109908
v 2.655629 3.472364 0.109908
v 2.647670 3.466017 0.109908
v 2.647670 3.455835 0.109908
v 2.655629 3.449487 0.109908
v 2.665555 3.451753 0.109908
v 2.658240 3.460926 0.115755
v 2.646389 3.445518 0.096982
v 2.658959 3.445518 0.103246
v 2.654226 3.455347 0.103246
v 2.643591 3.457774 0.103246
v 2.635063 3.450973 0.103246
v 2.635063 3.440064 0.103246
v 2.643591 3.433263 0.103246
v 2.654226 3.435690 0.103246
v 2.664166 3.445518 0.118369
v 2.657473 3.459418 0.118369
v 2.642432 3.462851 0.118369
v 2.630371 3.453232 0.118369
v 2.630371 3.437805 0.118369
v 2.642432 3.428187 0.118369
v 2.657473 3.431619 0.118369
v 2.658959 3.445518 0.133491
v 2.654226 3.455347 0.133491
v 2.643591 3.457774 0.133491
v 2.635063 3.450973 0.133491
v 2.635063 3.440064 0.133491
v 2.643591 3.433263 0.133491
v 2.654226 3.435690 0.133491
v 2.646389 3.445518 0.139755
v 2.516896 3.455000 0.065850
v 2.529706 3.455000 0.072233
v 2.524883 3.465015 0.072233
v 2.514046 3.467488 0.072233
v 2.505355 3.460558 0.072233
v 2.505355 3.449442 0.072233
v 2.514046 3.442512 0.072233
v 2.524883 3.444985 0.072233
v 2.535012 3.455000 0.087643
v 2.528191 3.469163 0.087643
v 2.512865 3.472661 0.087643
v 2.500575 3.462860 0.087643
v 2.500575 3.447140 0.087643
v 2.512865 3.437339 0.087643
v 2.528191 3.440837 0.087643
v 2.529706 3.455000 0.103053
v 2.524883 3.465015 0.103053
v 2.514046 3.467488 0.103053
v 2.505355 3.460558 0.103053
v 2.505355 3.449442 0.103053
v 2.514046 3.442512 0.103053
v 2.524883 3.444985 0.103053
v 2.516896 3.455000 0.109435
v 2.531389 3.445338 0.098539
v 2.544198 3.445338 0.104922
v 2.539375 3.455353 0.104922
v 2.528538 3.457827 0.104922
v 2.519848 3.450896 0.104922
v 2.519848 3.439781 0.104922
v 2.528538 3.432850 0.104922
v 2.539375 3.435324 0.104922
v 2.549504 3.445338 0.120332
v 2.542683 3.459502 0.120332
v 2.527357 3.463000 0.120332
v 2.515067 3.453198 0.120332
v 2.515067 3.437479 0.120332
v 2.527357 3.427677 0.120332
v 2.542683 3.431175 0.120332
v 2.544198 3.445338 0.135742
v 2.539375 3.455353 0.135742
v 2.528538 3.457827 0.135742
v 2.519848 3.450896 0.135742
v 2.519848 3.439781 0.135742
v 2.528538 3.432850 0.135742
v 2.539375 3.435324 0.135742
v 2.531389 3.445338 0.142125
v 2.313506 3.461059 0.077199
v 2.325502 3.461059 0.083177
v 2.320986 3.470438 0.083177
v 2.310837 3.472754 0.083177
v 2.302698 3.466264 0.083177
v 2.302698 3.455854 0.083177
v 2.310837 3.449364 0.083177
v 2.320986 3.451680 0.083177
v 2.330471 3.461059 0.097608
v 2.324084 3.474323 0.097608
v 2.309731 3.477599 0.097608
v 2.298221 3.468420 0.097608
v 2.298221 3.453698 0.097608
v 2.309731 3.444519 0.097608
v 2.324084 3.447795 0.097608
v 2.325502 3.461059 0.112040
v 2.320986 3.470438 0.112040
v 2.310837 3.472754 0.112040
v 2.302698 3.466264 0.112040
v 2.302698 3.455854 0.112040
v 2.310837 3.449364 0.112040
v 2.320986 3.451680 0.112040
v 2.313506 3.461059 0.118017
v 2.186421 3.454013 0.069324
v 2.203080 3.454013 0.077625
v 2.196808 3.467038 0.077625
v 2.182714 3.470255 0.077625
v 2.171411 3.461242 0.077625
v 2.171411 3.446785 0.077625
v 2.182714 3.437772 0.077625
v 2.196808 3.440989 0.077625
v 2.209981 3.454013 0.097667
v 2.201110 3.472433 0.097667
v 2.181178 3.476983 0.097667
v 2.165194 3.464236 0.097667
v 2.165194 3.443791 0.097667
v 2.181178 3.431044 0.097667
v 2.201110 3.435593 0.097667
v 2.203080 3.454013 0.117708
v 2.196808 3.467038 0.117708
v 2.182714 3.470255 0.117708
v 2.171411 3.461242 0.117708
v 2.171411 3.446785 0.117708
v 2.182714 3.437772 0.117708
v 2.196808 3.440989 0.117708
v 2.186421 3.454013 0.126009
v 2.027051 3.327015 0.074893
v 2.038602 3.327015 0.080650
v 2.034253 3.336046 0.080650
v 2.024480 3.338277 0.080650
v 2.016643 3.332027 0.080650
v 2.016643 3.322003 0.080650
v 2.024480 3.315753 0.080650
v 2.034253 3.317984 0.080650
v 2.043387 3.327015 0.094546
v 2.037236 3.339787 0.094546
v 2.023416 3.342942 0.094546
v 2.012332 3.334103 0.094546
v 2.012332 3.319927 0.094546
v 2.023416 3.311088 0.094546
v 2.037236 3.314243 0.094546
v 2.038602 3.327015 0.108442
v 2.034253 3.336046 0.108442
v 2.024480 3.338277 0.108442
v 2.016643 3.332027 0.108442
v 2.016643 3.322003 0.108442
v 2.024480 3.315753 0.108442
v 2.034253 3.317984 0.108442
v 2.027051 3.327015 0.114199
v 1.990822 3.207330 0.064749
v 2.003354 3.207330 0.070993
v 1.998635 3.217128 0.070993
v 1.988033 3.219548 0.070993
v 1.979531 3.212767 0.070993
v 1.979531 3.201892 0.070993
v 1.988033 3.195112 0.070993
v 1.998635 3.197532 0.070993
v 2.008545 3.207330 0.086070
v 2.001872 3.221186 0.086070
v 1.986878 3.224608 0.086070
v 1.974854 3.215019 0.086070
v 1.974854 3.199640 0.086070
v 1.986878 3.190051 0.086070
v 2.001872 3.193474 0.086070
v 2.003354 3.207330 0.101146
v 1.998635 3.217128 0.101146
v 1.988033 3.219548 0.101146
v 1.979531 3.212767 0.101146
v 1.979531 3.201892 0.101146
v 1.988033 3.195112 0.101146
v 1.998635 3.197532 0.101146
v 1.990822 3.207330 0.107390
v 2.005000 3.092330 0.072636
v 2.022675 3.092330 0.081443
v 2.016020 3.106149 0.081443
v 2.001067 3.109562 0.081443
v 1.989075 3.099999 0.081443
v 1.989075 3.084661 0.081443
v 2.001067 3.075098 0.081443
v 2.016020 3.078511 0.081443
v 2.029996 3.092330 0.102706
v 2.020585 3.111873 0.102706
v 1.999438 3.116699 0.102706
v 1.982479 3.103175 0.102706
v 1.982479 3.081484 0.102706
v 1.999438 3.067960 0.102706
v 2.020585 3.072787 0.102706
v 2.022675 3.092330 0.123970
v 2.016020 3.106149 0.123970
v 2.001067 3.109562 0.123970
v 1.989075 3.099999 0.123970
v 1.989075 3.084661 0.123970
v 2.001067 3.075098 0.123970
v 2.016020 3.078511 0.123970
v 2.005000 3.092330 0.132777
v 2.005000 2.977330 0.072768
v 2.022716 2.977330 0.081596
v 2.016046 2.991181 0.081596
v 2.001058 2.994601 0.081596
v 1.989039 2.985016 0.081596
v 1.989039 2.969643 0.081596
v 2.001058 2.960058 0.081596
v 2.016046 2.963479 0.081596
v 2.030054 2.977330 0.102909
v 2.020621 2.996918 0.102909
v 1.999425 3.001756 0.102909
v 1.982427 2.988200 0.102909
v 1.982427 2.966459 0.102909
v 1.999425 2.952904 0.102909
v 2.020621 2.957742 0.102909
v 2.022716 2.977330 0.124221
v 2.016046 2.991181 0.124221
v 2.001058 2.994601 0.124221
v 1.989039 2.985016 0.124221
v 1.989039 2.969643 0.124221
v 2.001058 2.960058 0.124221
v 2.016046 2.963479 0.124221
v 2.005000 2.977330 0.133049
v 1.989968 2.977330 0.067745
v 2.003254 2.977330 0.074366
v 1.998252 2.987718 0.074366
v 1.987011 2.990283 0.074366
v 1.977997 2.983095 0.074366
v 1.977997 2.971565 0.074366
v 1.987011 2.964376 0.074366
v 1.998252 2.966942 0.074366
v 2.008758 2.977330 0.090350
v 2.001683 2.992021 0.090350
v 1.985786 2.995649 0.090350
v 1.973038 2.985483 0.090350
v 1.973038 2.969177 0.090350
v 1.985786 2.959011 0.090350
v 2.001683 2.962639 0.090350
v 2.003254 2.977330 0.106334
v 1.998252 2.987718 0.106334
v 1.987011 2.990283 0.106334
v 1.977997 2.983095 0.106334
v 1.977997 2.971565 0.106334
v 1.987011 2.964376 0.106334
v 1.998252 2.966942 0.106334
v 1.989968 2.977330 0.112955
v 2.017527 2.983593 0.079299
v 2.029928 2.983593 0.085478
v 2.025259 2.993289 0.085478
v 2.014767 2.995683 0.085478
v 2.006354 2.988974 0.085478
v 2.006354 2.978213 0.085478
v 2.014767 2.971503 0.085478
v 2.025259 2.973898 0.085478
v 2.035065 2.983593 0.100397
v 2.028461 2.997305 0.100397
v 2.013624 3.000691 0.100397
v 2.001726 2.991203 0.100397
v 2.001726 2.975984 0.100397
v 2.013624 2.966495 0.100397
v 2.028461 2.969882 0.100397
v 2.029928 2.983593 0.115315
v 2.025259 2.993289 0.115315
v 2.014767 2.995683 0.115315
v 2.006354 2.988974 0.115315
v 2.006354 2.978213 0.115315
v 2.014767 2.971503 0.115315
v 2.025259 2.973898 0.115315
v 2.017527 2.983593 0.121495
v 2.181165 2.765000 0.066735
v 2.194197 2.765000 0.073229
v 2.189290 2.775189 0.073229
v 2.178265 2.777706 0.073229
v 2.169423 2.770654 0.073229
v 2.169423 2.759346 0.073229
v 2.178265 2.752294 0.073229
v 2.189290 2.754811 0.073229
v 2.199595 2.765000 0.088907
v 2.192656 2.779410 0.088907
v 2.177063 2.782969 0.088907
v 2.164559 2.772997 0.088907
v 2.164559 2.757003 0.088907
v 2.177063 2.747031 0.088907
v 2.192656 2.750590 0.088907
v 2.194197 2.765000 0.104585
v 2.189290 2.775189 0.104585
v 2.178265 2.777706 0.104585
v 2.169423 2.770654 0.104585
v 2.169423 2.759346 0.104585
v 2.178265 2.752294 0.104585
v 2.189290 2.754811 0.104585
v 2.181165 2.765000 0.111079
v 2.310909 2.765000 0.063699
v 2.325844 2.765000 0.071141
v 2.320221 2.776676 0.071141
v 2.307586 2.779560 0.071141
v 2.297454 2.771480 0.071141
v 2.297454 2.758520 0.071141
v 2.307586 2.750440 0.071141
v 2.320221 2.753324 0.071141
v 2.332030 2.765000 0.089108
v 2.324078 2.781513 0.089108
v 2.306209 2.785591 0.089108
v 2.291880 2.774164 0.089108
v 2.291880 2.755836 0.089108
v 2.306209 2.744409 0.089108
v 2.324078 2.748487 0.089108
v 2.325844 2.765000 0.107074
v 2.320221 2.776676 0.107074
v 2.307586 2.779560 0.107074
v 2.297454 2.771480 0.107074
v 2.297454 2.758520 0.107074
v 2.307586 2.750440 0.107074
v 2.320221 2.753324 0.107074
v 2.310909 2.765000 0.114516
v 2.425909 2.765000 0.065154
v 2.441290 2.765000 0.072818
v 2.435499 2.777025 0.072818
v 2.422487 2.779995 0.072818
v 2.412052 2.771673 0.072818
v 2.412052 2.758327 0.072818
v 2.422487 2.750005 0.072818
v 2.435499 2.752975 0.072818
v 2.447661 2.765000 0.091321
v 2.439471 2.782006 0.091321
v 2.421069 2.786206 0.091321
v 2.406312 2.774438 0.091321
v 2.406312 2.755562 0.091321
v 2.421069 2.743794 0.091321
v 2.439471 2.747994 0.091321
v 2.441290 2.765000 0.109824
v 2.435499 2.777025 0.109824
v 2.422487 2.779995 0.109824
v 2.412052 2.771673 0.109824
v 2.412052 2.758327 0.109824
v 2.422487 2.750005 0.109824
v 2.435499 2.752975 0.109824
v 2.425909 2.765000 0.117488
v 2.540909 2.765000 0.074868
v 2.559269 2.765000 0.084016
v 2.552356 2.779354 0.084016
v 2.536824 2.782899 0.084016
v 2.524368 2.772966 0.084016
v 2.524368 2.757034 0.084016
v 2.536824 2.747101 0.084016
v 2.552356 2.750646 0.084016
v 2.566874 2.765000 0.106103
v 2.557098 2.785300 0.106103
v 2.535132 2.790313 0.106103
v 2.517516 2.776266 0.106103
v 2.517516 2.753735 0.106103
v 2.535132 2.739686 0.106103
v 2.557098 2.744700 0.106103
v 2.559269 2.765000 0.128190
v 2.552356 2.779354 0.128190
v 2.536824 2.782899 0.128190
v 2.524368 2.772966 0.128190
v 2.524368 2.757034 0.128190
v 2.536824 2.747101 0.128190
v 2.552356 2.750646 0.128190
v 2.540909 2.765000 0.137338
v 2.665696 2.769893 0.065232
v 2.675384 2.769893 0.070060
v 2.671736 2.777468 0.070060
v 2.663540 2.779338 0.070060
v 2.656967 2.774097 0.070060
v 2.656967 2.765690 0.070060
v 2.663540 2.760448 0.070060
v 2.671736 2.762319 0.070060
v 2.679397 2.769893 0.081714
v 2.674238 2.780605 0.081714
v 2.662647 2.783251 0.081714
v 2.653352 2.775838 0.081714
v 2.653352 2.763949 0.081714
v 2.662647 2.756536 0.081714
v 2.674238 2.759181 0.081714
v 2.675384 2.769893 0.093369
v 2.671736 2.777468 0.093369
v 2.663540 2.779338 0.093369
v 2.656967 2.774097 0.093369
v 2.656967 2.765690 0.093369
v 2.663540 2.760448 0.093369
v 2.671736 2.762319 0.093369
v 2.665696 2.769893 0.098197
v 0.974767 1.916481 0.089253
v 1.002332 1.916481 0.100600
v 0.991953 1.938032 0.100600
v 0.968633 1.943355 0.100600
v 0.949931 1.928441 0.100600
v 0.949931 1.904521 0.100600
v 0.968633 1.889607 0.100600
v 0.991953 1.894930 0.100600
v 1.013750 1.916481 0.127994
v 0.999072 1.946959 0.127994
v 0.966092 1.954487 0.127994
v 0.939644 1.933395 0.127994
v 0.939644 1.899567 0.127994
v 0.966092 1.878475 0.127994
v 0.999072 1.886003 0.127994
v 1.002332 1.916481 0.155388
v 0.991953 1.938032 0.155388
v 0.968633 1.943355 0.155388
v 0.949931 1.928441 0.155388
v 0.949931 1.904521 0.155388
v 0.968633 1.889607 0.155388
v 0.991953 1.894930 0.155388
v 0.974767 1.916481 0.166735
v 0.834928 1.254764 0.100660
v 0.861049 1.254764 0.111412
v 0.851214 1.275186 0.111412
v 0.829115 1.280230 0.111412
v 0.811394 1.266097 0.111412
v 0.811394 1.243430 0.111412
v 0.829115 1.229298 0.111412
v 0.851214 1.234342 0.111412
v 0.871868 1.254764 0.137371
v 0.857960 1.283645 0.137371
v 0.826708 1.290779 0.137371
v 0.801645 1.270792 0.137371
v 0.801645 1.238736 0.137371
v 0.826708 1.218750 0.137371
v 0.857960 1.225883 0.137371
v 0.861049 1.254764 0.163330
v 0.851214 1.275186 0.163330
v 0.829115 1.280230 0.163330
v 0.811394 1.266097 0.163330
v 0.811394 1.243430 0.163330
v 0.829115 1.229298 0.163330
v 0.851214 1.234342 0.163330
v 0.834928 1.254764 0.174082
v 0.889107 1.267078 0.119423
v 0.913487 1.267078 0.129459
v 0.904308 1.286138 0.129459
v 0.883682 1.290846 0.129459
v 0.867142 1.277655 0.129459
v 0.867142 1.256500 0.129459
v 0.883682 1.243309 0.129459
v 0.904308 1.248017 0.129459
v 0.923585 1.267078 0.153687
v 0.910604 1.294034 0.153687
v 0.881435 1.300691 0.153687
v 0.858044 1.282037 0.153687
v 0.858044 1.252118 0.153687
v 0.881435 1.233464 0.153687
v 0.910604 1.240122 0.153687
v 0.913487 1.267078 0.177915
v 0.904308 1.286138 0.177915
v 0.883682 1.290846 0.177915
v 0.867142 1.277655 0.177915
v 0.867142 1.256500 0.177915
v 0.883682 1.243309 0.177915
v 0.904308 1.248017 0.177915
v 0.889107 1.267078 0.187951
v 0.864480 1.235062 0.155726
v 0.890601 1.235062 0.166479
v 0.880767 1.255484 0.166479
v 0.858668 1.260528 0.166479
v 0.840946 1.246396 0.166479
v 0.840946 1.223729 0.166479
v 0.858668 1.209596 0.166479
v 0.880767 1.214640 0.166479
v 0.901421 1.235062 0.192438
v 0.887512 1.263944 0.192438
v 0.856260 1.271077 0.192438
v 0.831198 1.251090 0.192438
v 0.831198 1.219034 0.192438
v 0.856260 1.199048 0.192438
v 0.887512 1.206181 0.192438
v 0.890601 1.235062 0.218396
v 0.880767 1.255484 0.218396
v 0.858668 1.260528 0.218396
v 0.840946 1.246396 0.218396
v 0.840946 1.223729 0.218396
v 0.858668 1.209596 0.218396
v 0.880767 1.214640 0.218396
v 0.864480 1.235062 0.229149
v 1.032510 1.626374 0.129306
v 1.053727 1.626374 0.138040
v 1.045738 1.642962 0.138040
v 1.027788 1.647058 0.138040
v 1.013394 1.635579 0.138040
v 1.013394 1.617168 0.138040
v 1.027788 1.605688 0.138040
v 1.045738 1.609785 0.138040
v 1.062515 1.626374 0.159125
v 1.051218 1.649833 0.159125
v 1.025833 1.655627 0.159125
v 1.005476 1.639392 0.159125
v 1.005476 1.613355 0.159125
v 1.025833 1.597120 0.159125
v 1.051218 1.602914 0.159125
v 1.053727 1.626374 0.180210
v 1.045738 1.642962 0.180210
v 1.027788 1.647058 0.180210
v 1.013394 1.635579 0.180210
v 1.013394 1.617168 0.180210
v 1.027788 1.605688 0.180210
v 1.045738 1.609785 0.180210
v 1.032510 1.626374 0.188944
v 0.941872 1.428086 0.097595
v 0.972534 1.428086 0.110217
v 0.960989 1.452059 0.110217
v 0.935049 1.457979 0.110217
v 0.914247 1.441390 0.110217
v 0.914247 1.414783 0.110217
v 0.935049 1.398193 0.110217
v 0.960989 1.404114 0.110217
v 0.985235 1.428086 0.140688
v 0.968908 1.461988 0.140688
v 0.932223 1.470362 0.140688
v 0.902804 1.446901 0.140688
v 0.902804 1.409272 0.140688
v 0.932223 1.385811 0.140688
v 0.968908 1.394184 0.140688
v 0.972534 1.428086 0.171160
v 0.960989 1.452059 0.171160
v 0.935049 1.457979 0.171160
v 0.914247 1.441390 0.171160
v 0.914247 1.414783 0.171160
v 0.935049 1.398193 0.171160
v 0.960989 1.404114 0.171160
v 0.941872 1.428086 0.183782
v 0.905308 1.721824 0.094101
v 0.929429 1.721824 0.104030
v 0.920347 1.740682 0.104030
v 0.899941 1.745340 0.104030
v 0.883576 1.732290 0.104030
v 0.883576 1.711358 0.104030
v 0.899941 1.698308 0.104030
v 0.920347 1.702965 0.104030
v 0.939420 1.721824 0.128001
v 0.926577 1.748494 0.128001
v 0.897717 1.755081 0.128001
v 0.874574 1.736625 0.128001
v 0.874574 1.707023 0.128001
v 0.897717 1.688567 0.128001
v 0.926577 1.695154 0.128001
v 0.929429 1.721824 0.151972
v 0.920347 1.740682 0.151972
v 0.899941 1.745340 0.151972
v 0.883576 1.732290 0.151972
v 0.883576 1.711358 0.151972
v 0.899941 1.698308 0.151972
v 0.920347 1.702965 0.151972
v 0.905308 1.721824 0.161901
v 0.955339 1.733195 0.111427
v 0.977852 1.733195 0.120695
v 0.969376 1.750796 0.120695
v 0.950330 1.755143 0.120695
v 0.935056 1.742963 0.120695
v 0.935056 1.723427 0.120695
v 0.950330 1.711246 0.120695
v 0.969376 1.715593 0.120695
v 0.987177 1.733195 0.143068
v 0.975190 1.758087 0.143068
v 0.948255 1.764234 0.143068
v 0.926654 1.747009 0.143068
v 0.926654 1.719381 0.143068
v 0.948255 1.702155 0.143068
v 0.975190 1.708303 0.143068
v 0.977852 1.733195 0.165441
v 0.969376 1.750796 0.165441
v 0.950330 1.755143 0.165441
v 0.935056 1.742963 0.165441
v 0.935056 1.723427 0.165441
v 0.950330 1.711246 0.165441
v 0.969376 1.715593 0.165441
v 0.955339 1.733195 0.174708
v 0.932598 1.703631 0.144951
v 0.956719 1.703631 0.154880
v 0.947637 1.722489 0.154880
v 0.927230 1.727147 0.154880
v 0.910866 1.714097 0.154880
v 0.910866 1.693165 0.154880
v 0.927230 1.680115 0.154880
v 0.947637 1.684772 0.154880
v 0.966710 1.703631 0.178851
v 0.953866 1.730301 0.178851
v 0.925007 1.736888 0.178851
v 0.901864 1.718432 0.178851
v 0.901864 1.688830 0.178851
v 0.925007 1.670374 0.178851
v 0.953866 1.676961 0.178851
v 0.956719 1.703631 0.202822
v 0.947637 1.722489 0.202822
v 0.927230 1.727147 0.202822
v 0.910866 1.714097 0.202822
v 0.910866 1.693165 0.202822
v 0.927230 1.680115 0.202822
v 0.947637 1.684772 0.202822
v 0.932598 1.703631 0.212751
v 0.662220 1.002717 0.091442
v 0.690598 1.002717 0.103123
v 0.679914 1.024904 0.103123
v 0.655906 1.030383 0.103123
v 0.636653 1.015030 0.103123
v 0.636653 0.990405 0.103123
v 0.655906 0.975051 0.103123
v 0.679914 0.980531 0.103123
v 0.702353 1.002717 0.131325
v 0.687242 1.034094 0.131325
v 0.653290 1.041843 0.131325
v 0.626063 1.020130 0.131325
v 0.626063 0.985304 0.131325
v 0.653290 0.963591 0.131325
v 0.687242 0.971341 0.131325
v 0.690598 1.002717 0.159526
v 0.679914 1.024904 0.159526
v 0.655906 1.030383 0.159526
v 0.636653 1.015030 0.159526
v 0.636653 0.990405 0.159526
v 0.655906 0.975051 0.159526
v 0.679914 0.980531 0.159526
v 0.662220 1.002717 0.171208
v 0.638141 1.002717 0.084795
v 0.659424 1.002717 0.093556
v 0.651411 1.019357 0.093556
v 0.633405 1.023467 0.093556
v 0.618966 1.011952 0.093556
v 0.618966 0.993483 0.093556
v 0.633405 0.981968 0.093556
v 0.651411 0.986077 0.093556
v 0.668240 1.002717 0.114707
v 0.656908 1.026250 0.114707
v 0.631444 1.032062 0.114707
v 0.611023 1.015777 0.114707
v 0.611023 0.989658 0.114707
v 0.631444 0.973373 0.114707
v 0.656908 0.979185 0.114707
v 0.659424 1.002717 0.135858
v 0.651411 1.019357 0.135858
v 0.633405 1.023467 0.135858
v 0.618966 1.011952 0.135858
v 0.618966 0.993483 0.135858
v 0.633405 0.981968 0.135858
v 0.651411 0.986077 0.135858
v 0.638141 1.002717 0.144619
v 0.662220 0.986664 0.129663
v 0.683504 0.986664 0.138424
v 0.675490 1.003304 0.138424
v 0.657485 1.007414 0.138424
v 0.643045 0.995899 0.138424
v 0.643045 0.977430 0.138424
v 0.657485 0.965915 0.138424
v 0.675490 0.970024 0.138424
v 0.692320 0.986664 0.159575
v 0.680987 1.010197 0.159575
v 0.655523 1.016009 0.159575
v 0.635102 0.999724 0.159575
v 0.635102 0.973605 0.159575
v 0.655523 0.957320 0.159575
v 0.680987 0.963132 0.159575
v 0.683504 0.986664 0.180726
v 0.675490 1.003304 0.180726
v 0.657485 1.007414 0.180726
v 0.643045 0.995899 0.180726
v 0.643045 0.977430 0.180726
v 0.657485 0.965915 0.180726
v 0.675490 0.970024 0.180726
v 0.662220 0.986664 0.189487
v 0.563301 1.412883 0.090791
v 0.586413 1.412883 0.100305
v 0.577711 1.430952 0.100305
v 0.558159 1.435415 0.100305
v 0.542479 1.422911 0.100305
v 0.542479 1.402855 0.100305
v 0.558159 1.390351 0.100305
v 0.577711 1.394814 0.100305
v 0.595986 1.412883 0.123273
v 0.583680 1.438437 0.123273
v 0.556028 1.444748 0.123273
v 0.533853 1.427064 0.123273
v 0.533853 1.398702 0.123273
v 0.556028 1.381018 0.123273
v 0.583680 1.387329 0.123273
v 0.586413 1.412883 0.146241
v 0.577711 1.430952 0.146241
v 0.558159 1.435415 0.146241
v 0.542479 1.422911 0.146241
v 0.542479 1.402855 0.146241
v 0.558159 1.390351 0.146241
v 0.577711 1.394814 0.146241
v 0.563301 1.412883 0.155754
v 1.154881 0.785301 0.106481
v 1.182777 0.785301 0.117964
v 1.172274 0.807112 0.117964
v 1.148673 0.812498 0.117964
v 1.129747 0.797405 0.117964
v 1.129747 0.773198 0.117964
v 1.148673 0.758105 0.117964
v 1.172274 0.763491 0.117964
v 1.194332 0.785301 0.145687
v 1.179478 0.816146 0.145687
v 1.146102 0.823763 0.145687
v 1.119337 0.802419 0.145687
v 1.119337 0.768184 0.145687
v 1.146102 0.746840 0.145687
v 1.179478 0.754457 0.145687
v 1.182777 0.785301 0.173410
v 1.172274 0.807112 0.173410
v 1.148673 0.812498 0.173410
v 1.129747 0.797405 0.173410
v 1.129747 0.773198 0.173410
v 1.148673 0.758105 0.173410
v 1.172274 0.763491 0.173410
v 1.154881 0.785301 0.184893
v 0.943234 1.025458 0.114503
v 0.980172 1.025458 0.129708
v 0.966264 1.054338 0.129708
v 0.935014 1.061470 0.129708
v 0.909953 1.041485 0.129708
v 0.909953 1.009431 0.129708
v 0.935014 0.989445 0.129708
v 0.966264 0.996578 0.129708
v 0.995473 1.025458 0.166418
v 0.975804 1.066300 0.166418
v 0.931609 1.076387 0.166418
v 0.896168 1.048124 0.166418
v 0.896168 1.002792 0.166418
v 0.931609 0.974529 0.166418
v 0.975804 0.984616 0.166418
v 0.980172 1.025458 0.203127
v 0.966264 1.054338 0.203127
v 0.935014 1.061470 0.203127
v 0.909953 1.041485 0.203127
v 0.909953 1.009431 0.203127
v 0.935014 0.989445 0.203127
v 0.966264 0.996578 0.203127
v 0.943234 1.025458 0.218332
v 0.969353 1.038518 0.125751
v 0.995210 1.038518 0.136395
v 0.985475 1.058734 0.136395
v 0.963599 1.063726 0.136395
v 0.946057 1.049737 0.136395
v 0.946057 1.027299 0.136395
v 0.963599 1.013309 0.136395
v 0.985475 1.018302 0.136395
v 1.005921 1.038518 0.162091
v 0.992153 1.067107 0.162091
v 0.961216 1.074168 0.162091
v 0.936407 1.054384 0.162091
v 0.936407 1.022652 0.162091
v 0.961216 1.002867 0.162091
v 0.992153 1.009928 0.162091
v 0.995210 1.038518 0.187788
v 0.985475 1.058734 0.187788
v 0.963599 1.063726 0.187788
v 0.946057 1.049737 0.187788
v 0.946057 1.027299 0.187788
v 0.963599 1.013309 0.187788
v 0.985475 1.018302 0.187788
v 0.969353 1.038518 0.198432
v 0.821112 1.719978 0.095013
v 0.850816 1.719978 0.107240
v 0.839632 1.743201 0.107240
v 0.814503 1.748937 0.107240
v 0.794351 1.732866 0.107240
v 0.794351 1.707091 0.107240
v 0.814503 1.691020 0.107240
v 0.839632 1.696755 0.107240
v 0.863119 1.719978 0.136759
v 0.847303 1.752821 0.136759
v 0.811765 1.760932 0.136759
v 0.783265 1.738205 0.136759
v 0.783265 1.701752 0.136759
v 0.811765 1.679025 0.136759
v 0.847303 1.687136 0.136759
v 0.850816 1.719978 0.166278
v 0.839632 1.743201 0.166278
v 0.814503 1.748937 0.166278
v 0.794351 1.732866 0.166278
v 0.794351 1.707091 0.166278
v 0.814503 1.691020 0.166278
v 0.839632 1.696755 0.166278
v 0.821112 1.719978 0.178505
v 0.795908 1.719978 0.088056
v 0.818186 1.719978 0.097226
v 0.809798 1.737396 0.097226
v 0.790951 1.741697 0.097226
v 0.775837 1.729644 0.097226
v 0.775837 1.710313 0.097226
v 0.790951 1.698259 0.097226
v 0.809798 1.702561 0.097226
v 0.827413 1.719978 0.119365
v 0.815551 1.744610 0.119365
v 0.788898 1.750694 0.119365
v 0.767523 1.733648 0.119365
v 0.767523 1.706309 0.119365
v 0.788898 1.689263 0.119365
v 0.815551 1.695347 0.119365
v 0.818186 1.719978 0.141504
v 0.809798 1.737396 0.141504
v 0.790951 1.741697 0.141504
v 0.775837 1.729644 0.141504
v 0.775837 1.710313 0.141504
v 0.790951 1.698259 0.141504
v 0.809798 1.702561 0.141504
v 0.795908 1.719978 0.150675
v 0.842116 1.730480 0.104058
v 0.862908 1.730480 0.112617
v 0.855080 1.746736 0.112617
v 0.837489 1.750751 0.112617
v 0.823383 1.739502 0.112617
v 0.823383 1.721459 0.112617
v 0.837489 1.710209 0.112617
v 0.855080 1.714224 0.112617
v 0.871521 1.730480 0.133280
v 0.860450 1.753470 0.133280
v 0.835573 1.759148 0.133280
v 0.815623 1.743238 0.133280
v 0.815623 1.717722 0.133280
v 0.835573 1.701813 0.133280
v 0.860450 1.707491 0.133280
v 0.862908 1.730480 0.153944
v 0.855080 1.746736 0.153944
v 0.837489 1.750751 0.153944
v 0.823383 1.739502 0.153944
v 0.823383 1.721459 0.153944
v 0.837489 1.710209 0.153944
v 0.855080 1.714224 0.153944
v 0.842116 1.730480 0.162503
v 0.898018 1.877311 0.094970
v 0.916688 1.877311 0.102655
v 0.909659 1.891908 0.102655
v 0.893863 1.895513 0.102655
v 0.881196 1.885412 0.102655
v 0.881196 1.869210 0.102655
v 0.893863 1.859109 0.102655
v 0.909659 1.862714 0.102655
v 0.924422 1.877311 0.121210
v 0.914481 1.897954 0.121210
v 0.892142 1.903053 0.121210
v 0.874229 1.888767 0.121210
v 0.874229 1.865855 0.121210
v 0.892142 1.851569 0.121210
v 0.914481 1.856668 0.121210
v 0.916688 1.877311 0.139764
v 0.909659 1.891908 0.139764
v 0.893863 1.895513 0.139764
v 0.881196 1.885412 0.139764
v 0.881196 1.869210 0.139764
v 0.893863 1.859109 0.139764
v 0.909659 1.862714 0.139764
v 0.898018 1.877311 0.147450
v 1.183351 1.241070 0.089568
v 1.211033 1.241070 0.100963
v 1.200611 1.262712 0.100963
v 1.177192 1.268058 0.100963
v 1.158411 1.253081 0.100963
v 1.158411 1.229059 0.100963
v 1.177192 1.214082 0.100963
v 1.200611 1.219427 0.100963
v 1.222499 1.241070 0.128472
v 1.207760 1.271677 0.128472
v 1.174640 1.279236 0.128472
v 1.148080 1.258056 0.128472
v 1.148080 1.224084 0.128472
v 1.174640 1.202903 0.128472
v 1.207760 1.210463 0.128472
v 1.211033 1.241070 0.155982
v 1.200611 1.262712 0.155982
v 1.177192 1.268058 0.155982
v 1.158411 1.253081 0.155982
v 1.158411 1.229059 0.155982
v 1.177192 1.214082 0.155982
v 1.200611 1.219427 0.155982
v 1.183351 1.241070 0.167377
v 1.000085 1.770768 0.115260
v 1.030658 1.770768 0.127845
v 1.019147 1.794672 0.127845
v 0.993282 1.800575 0.127845
v 0.972539 1.784034 0.127845
v 0.972539 1.757503 0.127845
v 0.993282 1.740962 0.127845
v 1.019147 1.746865 0.127845
v 1.043322 1.770768 0.158229
v 1.027043 1.804573 0.158229
v 0.990464 1.812922 0.158229
v 0.961129 1.789528 0.158229
v 0.961129 1.752009 0.158229
v 0.990464 1.728615 0.158229
v 1.027043 1.736964 0.158229
v 1.030658 1.770768 0.188612
v 1.019147 1.794672 0.188612
v 0.993282 1.800575 0.188612
v 0.972539 1.784034 0.188612
v 0.972539 1.757503 0.188612
v 0.993282 1.740962 0.188612
v 1.019147 1.746865 0.188612
v 1.000085 1.770768 0.201197
v 0.595004 1.235675 0.108840
v 0.629840 1.235675 0.123181
v 0.616724 1.262911 0.123181
v 0.587252 1.269638 0.123181
v 0.563617 1.250790 0.123181
v 0.563617 1.220560 0.123181
v 0.587252 1.201712 0.123181
v 0.616724 1.208438 0.123181
v 0.644270 1.235675 0.157801
v 0.625721 1.274193 0.157801
v 0.584041 1.283706 0.157801
v 0.550616 1.257051 0.157801
v 0.550616 1.214299 0.157801
v 0.584041 1.187644 0.157801
v 0.625721 1.197157 0.157801
v 0.629840 1.235675 0.192421
v 0.616724 1.262911 0.192421
v 0.587252 1.269638 0.192421
v 0.563617 1.250790 0.192421
v 0.563617 1.220560 0.192421
v 0.587252 1.201712 0.192421
v 0.616724 1.208438 0.192421
v 0.595004 1.235675 0.206761
v 0.595004 1.215968 0.155761
v 0.621131 1.215968 0.166516
v 0.611294 1.236395 0.166516
v 0.589190 1.241441 0.166516
v 0.571464 1.227304 0.166516
v 0.571464 1.204632 0.166516
v 0.589190 1.190496 0.166516
v 0.611294 1.195541 0.166516
v 0.631953 1.215968 0.192481
v 0.618041 1.244857 0.192481
v 0.586782 1.251992 0.192481
v 0.561713 1.232000 0.192481
v 0.561713 1.199936 0.192481
v 0.586782 1.179945 0.192481
v 0.618041 1.187080 0.192481
v 0.621131 1.215968 0.218446
v 0.611294 1.236395 0.218446
v 0.589190 1.241441 0.218446
v 0.571464 1.227304 0.218446
v 0.571464 1.204632 0.218446
v 0.589190 1.190496 0.218446
v 0.611294 1.195541 0.218446
v 0.595004 1.215968 0.229201
v 1.190056 1.387642 0.178321
v 1.220371 1.387642 0.190800
v 1.208957 1.411343 0.190800
v 1.183311 1.417197 0.190800
v 1.162743 1.400795 0.190800
v 1.162743 1.374489 0.190800
v 1.183311 1.358087 0.190800
v 1.208957 1.363941 0.190800
v 1.232928 1.387642 0.220927
v 1.216786 1.421160 0.220927
v 1.180516 1.429439 0.220927
v 1.151430 1.406243 0.220927
v 1.151430 1.369040 0.220927
v 1.180516 1.345845 0.220927
v 1.216786 1.354123 0.220927
v 1.220371 1.387642 0.251054
v 1.208957 1.411343 0.251054
v 1.183311 1.417197 0.251054
v 1.162743 1.400795 0.251054
v 1.162743 1.374489 0.251054
v 1.183311 1.358087 0.251054
v 1.208957 1.363941 0.251054
v 1.190056 1.387642 0.263532
v 1.650000 3.958070 0.165117
v 1.679076 3.958070 0.176587
v 1.668128 3.980802 0.176587
v 1.643530 3.986416 0.176587
v 1.623804 3.970685 0.176587
v 1.623804 3.945454 0.176587
v 1.643530 3.929723 0.176587
v 1.668128 3.935338 0.176587
v 1.691119 3.958070 0.204278
v 1.675637 3.990218 0.204278
v 1.640850 3.998158 0.204278
v 1.612953 3.975911 0.204278
v 1.612953 3.940229 0.204278
v 1.640850 3.917982 0.204278
v 1.675637 3.925922 0.204278
v 1.679076 3.958070 0.231969
v 1.668128 3.980802 0.231969
v 1.643530 3.986416 0.231969
v 1.623804 3.970685 0.231969
v 1.623804 3.945454 0.231969
v 1.643530 3.929723 0.231969
v 1.668128 3.935338 0.231969
v 1.650000 3.958070 0.243439
v 1.534576 3.992288 0.114863
v 1.558904 3.992288 0.124460
v 1.549744 4.011309 0.124460
v 1.529162 4.016006 0.124460
v 1.512656 4.002844 0.124460
v 1.512656 3.981732 0.124460
v 1.529162 3.968569 0.124460
v 1.549744 3.973267 0.124460
v 1.568982 3.992288 0.147631
v 1.556027 4.019187 0.147631
v 1.526920 4.025831 0.147631
v 1.503577 4.007216 0.147631
v 1.503577 3.977360 0.147631
v 1.526920 3.958745 0.147631
v 1.556027 3.965388 0.147631
v 1.558904 3.992288 0.170801
v 1.549744 4.011309 0.170801
v 1.529162 4.016006 0.170801
v 1.512656 4.002844 0.170801
v 1.512656 3.981732 0.170801
v 1.529162 3.968569 0.170801
v 1.549744 3.973267 0.170801
v 1.534576 3.992288 0.180398
v 1.590000 4.101319 0.142878
v 1.614768 4.101319 0.152649
v 1.605443 4.120683 0.152649
v 1.584489 4.125466 0.152649
v 1.567685 4.112065 0.152649
v 1.567685 4.090572 0.152649
v 1.584489 4.077171 0.152649
v 1.605443 4.081954 0.152649
v 1.625028 4.101319 0.176238
v 1.611839 4.128704 0.176238
v 1.582206 4.135468 0.176238
v 1.558441 4.116517 0.176238
v 1.558441 4.086121 0.176238
v 1.582206 4.067169 0.176238
v 1.611839 4.073933 0.176238
v 1.614768 4.101319 0.199826
v 1.605443 4.120683 0.199826
v 1.584489 4.125466 0.199826
v 1.567685 4.112065 0.199826
v 1.567685 4.090572 0.199826
v 1.584489 4.077171 0.199826
v 1.605443 4.081954 0.199826
v 1.590000 4.101319 0.209597
v 1.700000 3.850000 0.114780
v 1.738652 3.850000 0.130028
v 1.724099 3.880219 0.130028
v 1.691399 3.887683 0.130028
v 1.665176 3.866771 0.130028
v 1.665176 3.833230 0.130028
v 1.691399 3.812317 0.130028
v 1.724099 3.819781 0.130028
v 1.754662 3.850000 0.166840
v 1.734081 3.892737 0.166840
v 1.687837 3.903292 0.166840
v 1.650751 3.873717 0.166840
v 1.650751 3.826283 0.166840
v 1.687837 3.796708 0.166840
v 1.734081 3.807263 0.166840
v 1.738652 3.850000 0.203651
v 1.724099 3.880219 0.203651
v 1.691399 3.887683 0.203651
v 1.665176 3.866771 0.203651
v 1.665176 3.833230 0.203651
v 1.691399 3.812317 0.203651
v 1.724099 3.819781 0.203651
v 1.700000 3.850000 0.218899
v 1.727331 3.863666 0.126060
v 1.754388 3.863666 0.136734
v 1.744201 3.884819 0.136734
v 1.721310 3.890044 0.136734
v 1.702954 3.875405 0.136734
v 1.702954 3.851926 0.136734
v 1.721310 3.837287 0.136734
v 1.744201 3.842512 0.136734
v 1.765595 3.863666 0.162502
v 1.751188 3.893581 0.162502
v 1.718817 3.900970 0.162502
v 1.692857 3.880268 0.162502
v 1.692857 3.847064 0.162502
v 1.718817 3.826361 0.162502
v 1.751188 3.833750 0.162502
v 1.754388 3.863666 0.188270
v 1.744201 3.884819 0.188270
v 1.721310 3.890044 0.188270
v 1.702954 3.875405 0.188270
v 1.702954 3.851926 0.188270
v 1.721310 3.837287 0.188270
v 1.744201 3.842512 0.188270
v 1.727331 3.863666 0.198943
v 1.510000 3.836990 0.172506
v 1.540507 3.836990 0.184541
v 1.529021 3.860842 0.184541
v 1.503212 3.866732 0.184541
v 1.482514 3.850227 0.184541
v 1.482514 3.823754 0.184541
v 1.503212 3.807249 0.184541
v 1.529021 3.813139 0.184541
v 1.553143 3.836990 0.213595
v 1.536899 3.870721 0.213595
v 1.500400 3.879052 0.213595
v 1.471130 3.855710 0.213595
v 1.471130 3.818271 0.213595
v 1.500400 3.794929 0.213595
v 1.536899 3.803260 0.213595
v 1.540507 3.836990 0.242649
v 1.529021 3.860842 0.242649
v 1.503212 3.866732 0.242649
v 1.482514 3.850227 0.242649
v 1.482514 3.823754 0.242649
v 1.503212 3.807249 0.242649
v 1.529021 3.813139 0.242649
v 1.510000 3.836990 0.254683
v 0.046621 1.300000 0.054900
v 0.054027 1.300000 0.059908
v 0.051239 1.305790 0.059908
v 0.044973 1.307220 0.059908
v 0.039948 1.303213 0.059908
v 0.039948 1.296787 0.059908
v 0.044973 1.292780 0.059908
v 0.051239 1.294210 0.059908
v 0.057095 1.300000 0.072000
v 0.053151 1.308189 0.072000
v 0.044290 1.310211 0.072000
v 0.037184 1.304544 0.072000
v 0.037184 1.295456 0.072000
v 0.044290 1.289789 0.072000
v 0.053151 1.291811 0.072000
v 0.054027 1.300000 0.084092
v 0.051239 1.305790 0.084092
v 0.044973 1.307220 0.084092
v 0.039948 1.303213 0.084092
v 0.039948 1.296787 0.084092
v 0.044973 1.292780 0.084092
v 0.051239 1.294210 0.084092
v 0.046621 1.300000 0.089100
v 0.061983 1.303491 0.063640
v 0.068895 1.303491 0.068315
v 0.066292 1.308895 0.068315
v 0.060444 1.310230 0.068315
v 0.055755 1.306490 0.068315
v 0.055755 1.300492 0.068315
v 0.060444 1.296752 0.068315
v 0.066292 1.298087 0.068315
v 0.071758 1.303491 0.079600
v 0.068077 1.311134 0.079600
v 0.059807 1.313022 0.079600
v 0.053175 1.307733 0.079600
v 0.053175 1.299250 0.079600
v 0.059807 1.293961 0.079600
v 0.068077 1.295848 0.079600
v 0.068895 1.303491 0.090885
v 0.066292 1.308895 0.090885
v 0.060444 1.310230 0.090885
v 0.055755 1.306490 0.090885
v 0.055755 1.300492 0.090885
v 0.060444 1.296752 0.090885
v 0.066292 1.298087 0.090885
v 0.061983 1.303491 0.095560
v 0.046621 1.560000 0.054900
v 0.054027 1.560000 0.059908
v 0.051239 1.565790 0.059908
v 0.044973 1.567220 0.059908
v 0.039948 1.563213 0.059908
v 0.039948 1.556787 0.059908
v 0.044973 1.552780 0.059908
v 0.051239 1.554210 0.059908
v 0.057095 1.560000 0.072000
v 0.053151 1.568189 0.072000
v 0.044290 1.570211 0.072000
v 0.037184 1.564544 0.072000
v 0.037184 1.555456 0.072000
v 0.044290 1.549789 0.072000
v 0.053151 1.551811 0.072000
v 0.054027 1.560000 0.084092
v 0.051239 1.565790 0.084092
v 0.044973 1.567220 0.084092
v 0.039948 1.563213 0.084092
v 0.039948 1.556787 0.084092
v 0.044973 1.552780 0.084092
v 0.051239 1.554210 0.084092
v 0.046621 1.560000 0.089100
v 0.055000 1.684414 0.080550
v 0.062406 1.684414 0.085558
v 0.059618 1.690204 0.085558
v 0.053352 1.691634 0.085558
v 0.048327 1.687627 0.085558
v 0.048327 1.681201 0.085558
v 0.053352 1.677194 0.085558
v 0.059618 1.678624 0.085558
v 0.065474 1.684414 0.097650
v 0.061530 1.692603 0.097650
v 0.052669 1.694625 0.097650
v 0.045563 1.688958 0.097650
v 0.045563 1.679870 0.097650
v 0.052669 1.674203 0.097650
v 0.061530 1.676225 0.097650
v 0.062406 1.684414 0.109742
v 0.059618 1.690204 0.109742
v 0.053352 1.691634 0.109742
v 0.048327 1.687627 0.109742
v 0.048327 1.681201 0.109742
v 0.053352 1.677194 0.109742
v 0.059618 1.678624 0.109742
v 0.055000 1.684414 0.114750
v 0.046621 1.820000 0.054900
v 0.054027 1.820000 0.059908
v 0.051239 1.825790 0.059908
v 0.044973 1.827220 0.059908
v 0.039948 1.823213 0.059908
v 0.039948 1.816787 0.059908
v 0.044973 1.812780 0.059908
v 0.051239 1.814210 0.059908
v 0.057095 1.820000 0.072000
v 0.053151 1.828189 0.072000
v 0.044290 1.830211 0.072000
v 0.037184 1.824544 0.072000
v 0.037184 1.815456 0.072000
v 0.044290 1.809789 0.072000
v 0.053151 1.811811 0.072000
v 0.054027 1.820000 0.084092
v 0.051239 1.825790 0.084092
v 0.044973 1.827220 0.084092
v 0.039948 1.823213 0.084092
v 0.039948 1.816787 0.084092
v 0.044973 1.812780 0.084092
v 0.051239 1.814210 0.084092
v 0.046621 1.820000 0.089100
v 0.055000 2.074414 0.080550
v 0.062406 2.074414 0.085558
v 0.059618 2.080204 0.085558
v 0.053352 2.081634 0.085558
v 0.048327 2.077627 0.085558
v 0.048327 2.071201 0.085558
v 0.053352 2.067194 0.085558
v 0.059618 2.068624 0.085558
v 0.065474 2.074414 0.097650
v 0.061530 2.082603 0.097650
v 0.052669 2.084625 0.097650
v 0.045563 2.078958 0.097650
v 0.045563 2.069870 0.097650
v 0.052669 2.064203 0.097650
v 0.061530 2.066225 0.097650
v 0.062406 2.074414 0.109742
v 0.059618 2.080204 0.109742
v 0.053352 2.081634 0.109742
v 0.048327 2.077627 0.109742
v 0.048327 2.071201 0.109742
v 0.053352 2.067194 0.109742
v 0.059618 2.068624 0.109742
v 0.055000 2.074414 0.114750
v 0.055000 2.340000 0.058700
v 0.064875 2.340000 0.065378
v 0.061157 2.347720 0.065378
v 0.052803 2.349627 0.065378
v 0.046103 2.344285 0.065378
v 0.046103 2.335716 0.065378
v 0.052803 2.330373 0.065378
v 0.061157 2.332280 0.065378
v 0.068965 2.340000 0.081500
v 0.063707 2.350918 0.081500
v 0.051892 2.353615 0.081500
v 0.042418 2.346059 0.081500
v 0.042418 2.333941 0.081500
v 0.051892 2.326385 0.081500
v 0.063707 2.329082 0.081500
v 0.064875 2.340000 0.097622
v 0.061157 2.347720 0.097622
v 0.052803 2.349627 0.097622
v 0.046103 2.344285 0.097622
v 0.046103 2.335716 0.097622
v 0.052803 2.330373 0.097622
v 0.061157 2.332280 0.097622
v 0.055000 2.340000 0.104300
v 0.055000 2.470000 0.058700
v 0.064875 2.470000 0.065378
v 0.061157 2.477720 0.065378
v 0.052803 2.479627 0.065378
v 0.046103 2.474284 0.065378
v 0.046103 2.465715 0.065378
v 0.052803 2.460373 0.065378
v 0.061157 2.462280 0.065378
v 0.068965 2.470000 0.081500
v 0.063707 2.480918 0.081500
v 0.051892 2.483615 0.081500
v 0.042418 2.476059 0.081500
v 0.042418 2.463941 0.081500
v 0.051892 2.456385 0.081500
v 0.063707 2.459082 0.081500
v 0.064875 2.470000 0.097622
v 0.061157 2.477720 0.097622
v 0.052803 2.479627 0.097622
v 0.046103 2.474284 0.097622
v 0.046103 2.465715 0.097622
v 0.052803 2.460373 0.097622
v 0.061157 2.462280 0.097622
v 0.055000 2.470000 0.104300
v 0.055000 2.464414 0.080550
v 0.062406 2.464414 0.085558
v 0.059618 2.470204 0.085558
v 0.053352 2.471634 0.085558
v 0.048327 2.467627 0.085558
v 0.048327 2.461201 0.085558
v 0.053352 2.457194 0.085558
v 0.059618 2.458624 0.085558
v 0.065474 2.464414 0.097650
v 0.061530 2.472603 0.097650
v 0.052669 2.474625 0.097650
v 0.045563 2.468958 0.097650
v 0.045563 2.459870 0.097650
v 0.052669 2.454203 0.097650
v 0.061530 2.456225 0.097650
v 0.062406 2.464414 0.109742
v 0.059618 2.470204 0.109742
v 0.053352 2.471634 0.109742
v 0.048327 2.467627 0.109742
v 0.048327 2.461201 0.109742
v 0.053352 2.457194 0.109742
v 0.059618 2.458624 0.109742
v 0.055000 2.464414 0.114750
v 0.055000 2.600000 0.058700
v 0.064875 2.600000 0.065378
v 0.061157 2.607720 0.065378
v 0.052803 2.609627 0.065378
v 0.046103 2.604285 0.065378
v 0.046103 2.595716 0.065378
v 0.052803 2.590373 0.065378
v 0.061157 2.592280 0.065378
v 0.068965 2.600000 0.081500
v 0.063707 2.610918 0.081500
v 0.051892 2.613615 0.081500
v 0.042418 2.606059 0.081500
v 0.042418 2.593941 0.081500
v 0.051892 2.586385 0.081500
v 0.063707 2.589082 0.081500
v 0.064875 2.600000 0.097622
v 0.061157 2.607720 0.097622
v 0.052803 2.609627 0.097622
v 0.046103 2.604285 0.097622
v 0.046103 2.595716 0.097622
v 0.052803 2.590373 0.097622
v 0.061157 2.592280 0.097622
v 0.055000 2.600000 0.104300
v 0.055000 2.990000 0.058700
v 0.064875 2.990000 0.065378
v 0.061157 2.997720 0.065378
v 0.052803 2.999627 0.065378
v 0.046103 2.994284 0.065378
v 0.046103 2.985715 0.065378
v 0.052803 2.980373 0.065378
v 0.061157 2.982280 0.065378
v 0.068965 2.990000 0.081500
v 0.063707 3.000918 0.081500
v 0.051892 3.003615 0.081500
v 0.042418 2.996059 0.081500
v 0.042418 2.983941 0.081500
v 0.051892 2.976385 0.081500
v 0.063707 2.979082 0.081500
v 0.064875 2.990000 0.097622
v 0.061157 2.997720 0.097622
v 0.052803 2.999627 0.097622
v 0.046103 2.994284 0.097622
v 0.046103 2.985715 0.097622
v 0.052803 2.980373 0.097622
v 0.061157 2.982280 0.097622
v 0.055000 2.990000 0.104300
v 0.055000 3.120000 0.058700
v 0.064875 3.120000 0.065378
v 0.061157 3.127720 0.065378
v 0.052803 3.129627 0.065378
v 0.046103 3.124285 0.065378
v 0.046103 3.115716 0.065378
v 0.052803 3.110373 0.065378
v 0.061157 3.112280 0.065378
v 0.068965 3.120000 0.081500
v 0.063707 3.130918 0.081500
v 0.051892 3.133615 0.081500
v 0.042418 3.126059 0.081500
v 0.042418 3.113941 0.081500
v 0.051892 3.106385 0.081500
v 0.063707 3.109082 0.081500
v 0.064875 3.120000 0.097622
v 0.061157 3.127720 0.097622
v 0.052803 3.129627 0.097622
v 0.046103 3.124285 0.097622
v 0.046103 3.115716 0.097622
v 0.052803 3.110373 0.097622
v 0.061157 3.112280 0.097622
v 0.055000 3.120000 0.104300
v 0.046621 3.250000 0.054900
v 0.054027 3.250000 0.059908
v 0.051239 3.255790 0.059908
v 0.044973 3.257220 0.059908
v 0.039948 3.253213 0.059908
v 0.039948 3.246787 0.059908
v 0.044973 3.242780 0.059908
v 0.051239 3.244210 0.059908
v 0.057095 3.250000 0.072000
v 0.053151 3.258189 0.072000
v 0.044290 3.260211 0.072000
v 0.037184 3.254544 0.072000
v 0.037184 3.245456 0.072000
v 0.044290 3.239789 0.072000
v 0.053151 3.241811 0.072000
v 0.054027 3.250000 0.084092
v 0.051239 3.255790 0.084092
v 0.044973 3.257220 0.084092
v 0.039948 3.253213 0.084092
v 0.039948 3.246787 0.084092
v 0.044973 3.242780 0.084092
v 0.051239 3.244210 0.084092
v 0.046621 3.250000 0.089100
v 0.061983 3.253491 0.063640
v 0.068895 3.253491 0.068315
v 0.066292 3.258896 0.068315
v 0.060444 3.260230 0.068315
v 0.055755 3.256490 0.068315
v 0.055755 3.250492 0.068315
v 0.060444 3.246752 0.068315
v 0.066292 3.248087 0.068315
v 0.071758 3.253491 0.079600
v 0.068077 3.261134 0.079600
v 0.059807 3.263022 0.079600
v 0.053175 3.257733 0.079600
v 0.053175 3.249250 0.079600
v 0.059807 3.243961 0.079600
v 0.068077 3.245848 0.079600
v 0.068895 3.253491 0.090885
v 0.066292 3.258896 0.090885
v 0.060444 3.260230 0.090885
v 0.055755 3.256490 0.090885
v 0.055755 3.250492 0.090885
v 0.060444 3.246752 0.090885
v 0.066292 3.248087 0.090885
v 0.061983 3.253491 0.095560
v 0.055000 3.374414 0.080550
v 0.062406 3.374414 0.085558
v 0.059618 3.380204 0.085558
v 0.053352 3.381634 0.085558
v 0.048327 3.377627 0.085558
v 0.048327 3.371201 0.085558
v 0.053352 3.367194 0.085558
v 0.059618 3.368624 0.085558
v 0.065474 3.374414 0.097650
v 0.061530 3.382603 0.097650
v 0.052669 3.384625 0.097650
v 0.045563 3.378958 0.097650
v 0.045563 3.369870 0.097650
v 0.052669 3.364203 0.097650
v 0.061530 3.366225 0.097650
v 0.062406 3.374414 0.109742
v 0.059618 3.380204 0.109742
v 0.053352 3.381634 0.109742
v 0.048327 3.377627 0.109742
v 0.048327 3.371201 0.109742
v 0.053352 3.367194 0.109742
v 0.059618 3.368624 0.109742
v 0.055000 3.374414 0.114750
v 0.046621 3.510000 0.054900
v 0.054027 3.510000 0.059908
v 0.051239 3.515790 0.059908
v 0.044973 3.517220 0.059908
v 0.039948 3.513213 0.059908
v 0.039948 3.506787 0.059908
v 0.044973 3.502780 0.059908
v 0.051239 3.504210 0.059908
v 0.057095 3.510000 0.072000
v 0.053151 3.518189 0.072000
v 0.044290 3.520211 0.072000
v 0.037184 3.514544 0.072000
v 0.037184 3.505455 0.072000
v 0.044290 3.499789 0.072000
v 0.053151 3.501811 0.072000
v 0.054027 3.510000 0.084092
v 0.051239 3.515790 0.084092
v 0.044973 3.517220 0.084092
v 0.039948 3.513213 0.084092
v 0.039948 3.506787 0.084092
v 0.044973 3.502780 0.084092
v 0.051239 3.504210 0.084092
v 0.046621 3.510000 0.089100
v 0.055000 3.504414 0.080550
v 0.062406 3.504414 0.085558
v 0.059618 3.510204 0.085558
v 0.053352 3.511634 0.085558
v 0.048327 3.507627 0.085558
v 0.048327 3.501201 0.085558
v 0.053352 3.497194 0.085558
v 0.059618 3.498624 0.085558
v 0.065474 3.504414 0.097650
v 0.061530 3.512603 0.097650
v 0.052669 3.514625 0.097650
v 0.045563 3.508958 0.097650
v 0.045563 3.499870 0.097650
v 0.052669 3.494203 0.097650
v 0.061530 3.496225 0.097650
v 0.062406 3.504414 0.109742
v 0.059618 3.510204 0.109742
v 0.053352 3.511634 0.109742
v 0.048327 3.507627 0.109742
v 0.048327 3.501201 0.109742
v 0.053352 3.497194 0.109742
v 0.059618 3.498624 0.109742
v 0.055000 3.504414 0.114750
v 0.046621 3.640000 0.054900
v 0.054027 3.640000 0.059908
v 0.051239 3.645790 0.059908
v 0.044973 3.647220 0.059908
v 0.039948 3.643213 0.059908
v 0.039948 3.636787 0.059908
v 0.044973 3.632780 0.059908
v 0.051239 3.634210 0.059908
v 0.057095 3.640000 0.072000
v 0.053151 3.648189 0.072000
v 0.044290 3.650211 0.072000
v 0.037184 3.644544 0.072000
v 0.037184 3.635456 0.072000
v 0.044290 3.629789 0.072000
v 0.053151 3.631811 0.072000
v 0.054027 3.640000 0.084092
v 0.051239 3.645790 0.084092
v 0.044973 3.647220 0.084092
v 0.039948 3.643213 0.084092
v 0.039948 3.636787 0.084092
v 0.044973 3.632780 0.084092
v 0.051239 3.634210 0.084092
v 0.046621 3.640000 0.089100
v 0.055000 3.634414 0.080550
v 0.062406 3.634414 0.085558
v 0.059618 3.640204 0.085558
v 0.053352 3.641634 0.085558
v 0.048327 3.637627 0.085558
v 0.048327 3.631201 0.085558
v 0.053352 3.627194 0.085558
v 0.059618 3.628624 0.085558
v 0.065474 3.634414 0.097650
v 0.061530 3.642603 0.097650
v 0.052669 3.644625 0.097650
v 0.045563 3.638958 0.097650
v 0.045563 3.629870 0.097650
v 0.052669 3.624203 0.097650
v 0.061530 3.626225 0.097650
v 0.062406 3.634414 0.109742
v 0.059618 3.640204 0.109742
v 0.053352 3.641634 0.109742
v 0.048327 3.637627 0.109742
v 0.048327 3.631201 0.109742
v 0.053352 3.627194 0.109742
v 0.059618 3.628624 0.109742
v 0.055000 3.634414 0.114750
v 3.236621 1.430000 0.054900
v 3.244027 1.430000 0.059908
v 3.241239 1.435790 0.059908
v 3.234973 1.437220 0.059908
v 3.229948 1.433213 0.059908
v 3.229948 1.426787 0.059908
v 3.234973 1.422780 0.059908
v 3.241239 1.424210 0.059908
v 3.247095 1.430000 0.072000
v 3.243151 1.438189 0.072000
v 3.234290 1.440211 0.072000
v 3.227185 1.434544 0.072000
v 3.227185 1.425456 0.072000
v 3.234290 1.419789 0.072000
v 3.243151 1.421811 0.072000
v 3.244027 1.430000 0.084092
v 3.241239 1.435790 0.084092
v 3.234973 1.437220 0.084092
v 3.229948 1.433213 0.084092
v 3.229948 1.426787 0.084092
v 3.234973 1.422780 0.084092
v 3.241239 1.424210 0.084092
v 3.236621 1.430000 0.089100
v 3.251982 1.693491 0.063640
v 3.258895 1.693491 0.068315
v 3.256292 1.698896 0.068315
v 3.250444 1.700230 0.068315
v 3.245755 1.696490 0.068315
v 3.245755 1.690492 0.068315
v 3.250444 1.686752 0.068315
v 3.256292 1.688087 0.068315
v 3.261758 1.693491 0.079600
v 3.258077 1.701134 0.079600
v 3.249807 1.703022 0.079600
v 3.243175 1.697733 0.079600
v 3.243175 1.689250 0.079600
v 3.249807 1.683961 0.079600
v 3.258077 1.685848 0.079600
v 3.258895 1.693491 0.090885
v 3.256292 1.698896 0.090885
v 3.250444 1.700230 0.090885
v 3.245755 1.696490 0.090885
v 3.245755 1.690492 0.090885
v 3.250444 1.686752 0.090885
v 3.256292 1.688087 0.090885
v 3.251982 1.693491 0.095560
v 3.245000 1.814414 0.080550
v 3.252406 1.814414 0.085558
v 3.249618 1.820204 0.085558
v 3.243352 1.821634 0.085558
v 3.238327 1.817627 0.085558
v 3.238327 1.811201 0.085558
v 3.243352 1.807194 0.085558
v 3.249618 1.808624 0.085558
v 3.255474 1.814414 0.097650
v 3.251530 1.822603 0.097650
v 3.242669 1.824625 0.097650
v 3.235564 1.818958 0.097650
v 3.235564 1.809870 0.097650
v 3.242669 1.804203 0.097650
v 3.251530 1.806225 0.097650
v 3.252406 1.814414 0.109742
v 3.249618 1.820204 0.109742
v 3.243352 1.821634 0.109742
v 3.238327 1.817627 0.109742
v 3.238327 1.811201 0.109742
v 3.243352 1.807194 0.109742
v 3.249618 1.808624 0.109742
v 3.245000 1.814414 0.114750
v 3.245000 2.080000 0.058700
v 3.254875 2.080000 0.065378
v 3.251157 2.087720 0.065378
v 3.242803 2.089627 0.065378
v 3.236103 2.084285 0.065378
v 3.236103 2.075716 0.065378
v 3.242803 2.070373 0.065378
v 3.251157 2.072280 0.065378
v 3.258965 2.080000 0.081500
v 3.253707 2.090918 0.081500
v 3.241893 2.093615 0.081500
v 3.232418 2.086059 0.081500
v 3.232418 2.073941 0.081500
v 3.241893 2.066385 0.081500
v 3.253707 2.069082 0.081500
v 3.254875 2.080000 0.097622
v 3.251157 2.087720 0.097622
v 3.242803 2.089627 0.097622
v 3.236103 2.084285 0.097622
v 3.236103 2.075716 0.097622
v 3.242803 2.070373 0.097622
v 3.251157 2.072280 0.097622
v 3.245000 2.080000 0.104300
v 3.251982 2.083491 0.063640
v 3.258895 2.083491 0.068315
v 3.256292 2.088896 0.068315
v 3.250444 2.090230 0.068315
v 3.245755 2.086490 0.068315
v 3.245755 2.080492 0.068315
v 3.250444 2.076752 0.068315
v 3.256292 2.078087 0.068315
v 3.261758 2.083491 0.079600
v 3.258077 2.091134 0.079600
v 3.249807 2.093022 0.079600
v 3.243175 2.087733 0.079600
v 3.243175 2.079250 0.079600
v 3.249807 2.073961 0.079600
v 3.258077 2.075848 0.079600
v 3.258895 2.083491 0.090885
v 3.256292 2.088896 0.090885
v 3.250444 2.090230 0.090885
v 3.245755 2.086490 0.090885
v 3.245755 2.080492 0.090885
v 3.250444 2.076752 0.090885
v 3.256292 2.078087 0.090885
v 3.251982 2.083491 0.095560
v 3.245000 2.074414 0.080550
v 3.252406 2.074414 0.085558
v 3.249618 2.080204 0.085558
v 3.243352 2.081634 0.085558
v 3.238327 2.077627 0.085558
v 3.238327 2.071201 0.085558
v 3.243352 2.067194 0.085558
v 3.249618 2.068624 0.085558
v 3.255474 2.074414 0.097650
v 3.251530 2.082603 0.097650
v 3.242669 2.084625 0.097650
v 3.235564 2.078958 0.097650
v 3.235564 2.069870 0.097650
v 3.242669 2.064203 0.097650
v 3.251530 2.066225 0.097650
v 3.252406 2.074414 0.109742
v 3.249618 2.080204 0.109742
v 3.243352 2.081634 0.109742
v 3.238327 2.077627 0.109742
v 3.238327 2.071201 0.109742
v 3.243352 2.067194 0.109742
v 3.249618 2.068624 0.109742
v 3.245000 2.074414 0.114750
v 3.251982 2.343491 0.063640
v 3.258895 2.343491 0.068315
v 3.256292 2.348896 0.068315
v 3.250444 2.350230 0.068315
v 3.245755 2.346490 0.068315
v 3.245755 2.340492 0.068315
v 3.250444 2.336752 0.068315
v 3.256292 2.338087 0.068315
v 3.261758 2.343491 0.079600
v 3.258077 2.351134 0.079600
v 3.249807 2.353022 0.079600
v 3.243175 2.347733 0.079600
v 3.243175 2.339250 0.079600
v 3.249807 2.333961 0.079600
v 3.258077 2.335849 0.079600
v 3.258895 2.343491 0.090885
v 3.256292 2.348896 0.090885
v 3.250444 2.350230 0.090885
v 3.245755 2.346490 0.090885
v 3.245755 2.340492 0.090885
v 3.250444 2.336752 0.090885
v 3.256292 2.338087 0.090885
v 3.251982 2.343491 0.095560
v 3.245000 2.334414 0.080550
v 3.252406 2.334414 0.085558
v 3.249618 2.340204 0.085558
v 3.243352 2.341634 0.085558
v 3.238327 2.337627 0.085558
v 3.238327 2.331201 0.085558
v 3.243352 2.327194 0.085558
v 3.249618 2.328624 0.085558
v 3.255474 2.334414 0.097650
v 3.251530 2.342603 0.097650
v 3.242669 2.344625 0.097650
v 3.235564 2.338959 0.097650
v 3.235564 2.329870 0.097650
v 3.242669 2.324203 0.097650
v 3.251530 2.326225 0.097650
v 3.252406 2.334414 0.109742
v 3.249618 2.340204 0.109742
v 3.243352 2.341634 0.109742
v 3.238327 2.337627 0.109742
v 3.238327 2.331201 0.109742
v 3.243352 2.327194 0.109742
v 3.249618 2.328624 0.109742
v 3.245000 2.334414 0.114750
v 3.236621 2.470000 0.054900
v 3.244027 2.470000 0.059908
v 3.241239 2.475790 0.059908
v 3.234973 2.477220 0.059908
v 3.229948 2.473213 0.059908
v 3.229948 2.466787 0.059908
v 3.234973 2.462780 0.059908
v 3.241239 2.464210 0.059908
v 3.247095 2.470000 0.072000
v 3.243151 2.478189 0.072000
v 3.234290 2.480211 0.072000
v 3.227185 2.474544 0.072000
v 3.227185 2.465456 0.072000
v 3.234290 2.459789 0.072000
v 3.243151 2.461811 0.072000
v 3.244027 2.470000 0.084092
v 3.241239 2.475790 0.084092
v 3.234973 2.477220 0.084092
v 3.229948 2.473213 0.084092
v 3.229948 2.466787 0.084092
v 3.234973 2.462780 0.084092
v 3.241239 2.464210 0.084092
v 3.236621 2.470000 0.089100
v 3.236621 2.600000 0.054900
v 3.244027 2.600000 0.059908
v 3.241239 2.605790 0.059908
v 3.234973 2.607220 0.059908
v 3.229948 2.603213 0.059908
v 3.229948 2.596787 0.059908
v 3.234973 2.592780 0.059908
v 3.241239 2.594210 0.059908
v 3.247095 2.600000 0.072000
v 3.243151 2.608189 0.072000
v 3.234290 2.610211 0.072000
v 3.227185 2.604544 0.072000
v 3.227185 2.595456 0.072000
v 3.234290 2.589789 0.072000
v 3.243151 2.591811 0.072000
v 3.244027 2.600000 0.084092
v 3.241239 2.605790 0.084092
v 3.234973 2.607220 0.084092
v 3.229948 2.603213 0.084092
v 3.229948 2.596787 0.084092
v 3.234973 2.592780 0.084092
v 3.241239 2.594210 0.084092
v 3.236621 2.600000 0.089100
v 3.245000 2.860000 0.058700
v 3.254875 2.860000 0.065378
v 3.251157 2.867720 0.065378
v 3.242803 2.869627 0.065378
v 3.236103 2.864285 0.065378
v 3.236103 2.855716 0.065378
v 3.242803 2.850373 0.065378
v 3.251157 2.852280 0.065378
v 3.258965 2.860000 0.081500
v 3.253707 2.870918 0.081500
v 3.241893 2.873615 0.081500
v 3.232418 2.866059 0.081500
v 3.232418 2.853941 0.081500
v 3.241893 2.846385 0.081500
v 3.253707 2.849082 0.081500
v 3.254875 2.860000 0.097622
v 3.251157 2.867720 0.097622
v 3.242803 2.869627 0.097622
v 3.236103 2.864285 0.097622
v 3.236103 2.855716 0.097622
v 3.242803 2.850373 0.097622
v 3.251157 2.852280 0.097622
v 3.245000 2.860000 0.104300
v 3.236621 2.990000 0.054900
v 3.244027 2.990000 0.059908
v 3.241239 2.995790 0.059908
v 3.234973 2.997220 0.059908
v 3.229948 2.993213 0.059908
v 3.229948 2.986787 0.059908
v 3.234973 2.982780 0.059908
v 3.241239 2.984210 0.059908
v 3.247095 2.990000 0.072000
v 3.243151 2.998189 0.072000
v 3.234290 3.000211 0.072000
v 3.227185 2.994545 0.072000
v 3.227185 2.985456 0.072000
v 3.234290 2.979789 0.072000
v 3.243151 2.981811 0.072000
v 3.244027 2.990000 0.084092
v 3.241239 2.995790 0.084092
v 3.234973 2.997220 0.084092
v 3.229948 2.993213 0.084092
v 3.229948 2.986787 0.084092
v 3.234973 2.982780 0.084092
v 3.241239 2.984210 0.084092
v 3.236621 2.990000 0.089100
v 3.236621 3.120000 0.054900
v 3.244027 3.120000 0.059908
v 3.241239 3.125790 0.059908
v 3.234973 3.127220 0.059908
v 3.229948 3.123213 0.059908
v 3.229948 3.116787 0.059908
v 3.234973 3.112780 0.059908
v 3.241239 3.114210 0.059908
v 3.247095 3.120000 0.072000
v 3.243151 3.128189 0.072000
v 3.234290 3.130211 0.072000
v 3.227185 3.124544 0.072000
v 3.227185 3.115456 0.072000
v 3.234290 3.109789 0.072000
v 3.243151 3.111811 0.072000
v 3.244027 3.120000 0.084092
v 3.241239 3.125790 0.084092
v 3.234973 3.127220 0.084092
v 3.229948 3.123213 0.084092
v 3.229948 3.116787 0.084092
v 3.234973 3.112780 0.084092
v 3.241239 3.114210 0.084092
v 3.236621 3.120000 0.089100
v 3.251982 3.123491 0.063640
v 3.258895 3.123491 0.068315
v 3.256292 3.128896 0.068315
v 3.250444 3.130230 0.068315
v 3.245755 3.126490 0.068315
v 3.245755 3.120492 0.068315
v 3.250444 3.116752 0.068315
v 3.256292 3.118087 0.068315
v 3.261758 3.123491 0.079600
v 3.258077 3.131134 0.079600
v 3.249807 3.133022 0.079600
v 3.243175 3.127733 0.079600
v 3.243175 3.119250 0.079600
v 3.249807 3.113961 0.079600
v 3.258077 3.115849 0.079600
v 3.258895 3.123491 0.090885
v 3.256292 3.128896 0.090885
v 3.250444 3.130230 0.090885
v 3.245755 3.126490 0.090885
v 3.245755 3.120492 0.090885
v 3.250444 3.116752 0.090885
v 3.256292 3.118087 0.090885
v 3.251982 3.123491 0.095560
v 3.245000 3.250000 0.058700
v 3.254875 3.250000 0.065378
v 3.251157 3.257720 0.065378
v 3.242803 3.259627 0.065378
v 3.236103 3.254284 0.065378
v 3.236103 3.245716 0.065378
v 3.242803 3.240373 0.065378
v 3.251157 3.242280 0.065378
v 3.258965 3.250000 0.081500
v 3.253707 3.260918 0.081500
v 3.241893 3.263615 0.081500
v 3.232418 3.256059 0.081500
v 3.232418 3.243941 0.081500
v 3.241893 3.236385 0.081500
v 3.253707 3.239082 0.081500
v 3.254875 3.250000 0.097622
v 3.251157 3.257720 0.097622
v 3.242803 3.259627 0.097622
v 3.236103 3.254284 0.097622
v 3.236103 3.245716 0.097622
v 3.242803 3.240373 0.097622
v 3.251157 3.242280 0.097622
v 3.245000 3.250000 0.104300
v 3.245000 3.374414 0.080550
v 3.252406 3.374414 0.085558
v 3.249618 3.380204 0.085558
v 3.243352 3.381634 0.085558
v 3.238327 3.377627 0.085558
v 3.238327 3.371201 0.085558
v 3.243352 3.367194 0.085558
v 3.249618 3.368624 0.085558
v 3.255474 3.374414 0.097650
v 3.251530 3.382603 0.097650
v 3.242669 3.384625 0.097650
v 3.235564 3.378958 0.097650
v 3.235564 3.369870 0.097650
v 3.242669 3.364203 0.097650
v 3.251530 3.366225 0.097650
v 3.252406 3.374414 0.109742
v 3.249618 3.380204 0.109742
v 3.243352 3.381634 0.109742
v 3.238327 3.377627 0.109742
v 3.238327 3.371201 0.109742
v 3.243352 3.367194 0.109742
v 3.249618 3.368624 0.109742
v 3.245000 3.374414 0.114750
v 3.236621 3.510000 0.054900
v 3.244027 3.510000 0.059908
v 3.241239 3.515790 0.059908
v 3.234973 3.517220 0.059908
v 3.229948 3.513213 0.059908
v 3.229948 3.506787 0.059908
v 3.234973 3.502780 0.059908
v 3.241239 3.504210 0.059908
v 3.247095 3.510000 0.072000
v 3.243151 3.518189 0.072000
v 3.234290 3.520211 0.072000
v 3.227185 3.514544 0.072000
v 3.227185 3.505455 0.072000
v 3.234290 3.499789 0.072000
v 3.243151 3.501811 0.072000
v 3.244027 3.510000 0.084092
v 3.241239 3.515790 0.084092
v 3.234973 3.517220 0.084092
v 3.229948 3.513213 0.084092
v 3.229948 3.506787 0.084092
v 3.234973 3.502780 0.084092
v 3.241239 3.504210 0.084092
v 3.236621 3.510000 0.089100
v 3.236621 3.640000 0.054900
v 3.244027 3.640000 0.059908
v 3.241239 3.645790 0.059908
v 3.234973 3.647220 0.059908
v 3.229948 3.643213 0.059908
v 3.229948 3.636787 0.059908
v 3.234973 3.632780 0.059908
v 3.241239 3.634210 0.059908
v 3.247095 3.640000 0.072000
v 3.243151 3.648189 0.072000
v 3.234290 3.650211 0.072000
v 3.227185 3.644544 0.072000
v 3.227185 3.635456 0.072000
v 3.234290 3.629789 0.072000
v 3.243151 3.631811 0.072000
v 3.244027 3.640000 0.084092
v 3.241239 3.645790 0.084092
v 3.234973 3.647220 0.084092
v 3.229948 3.643213 0.084092
v 3.229948 3.636787 0.084092
v 3.234973 3.632780 0.084092
v 3.241239 3.634210 0.084092
v 3.236621 3.640000 0.089100
v 3.245000 3.634414 0.080550
v 3.252406 3.634414 0.085558
v 3.249618 3.640204 0.085558
v 3.243352 3.641634 0.085558
v 3.238327 3.637627 0.085558
v 3.238327 3.631201 0.085558
v 3.243352 3.627194 0.085558
v 3.249618 3.628624 0.085558
v 3.255474 3.634414 0.097650
v 3.251530 3.642603 0.097650
v 3.242669 3.644625 0.097650
v 3.235564 3.638958 0.097650
v 3.235564 3.629870 0.097650
v 3.242669 3.624203 0.097650
v 3.251530 3.626225 0.097650
v 3.252406 3.634414 0.109742
v 3.249618 3.640204 0.109742
v 3.243352 3.641634 0.109742
v 3.238327 3.637627 0.109742
v 3.238327 3.631201 0.109742
v 3.243352 3.627194 0.109742
v 3.249618 3.628624 0.109742
v 3.245000 3.634414 0.114750
v 0.940424 4.235370 0.054900
v 0.948888 4.235370 0.059908
v 0.945701 4.241988 0.059908
v 0.938541 4.243622 0.059908
v 0.932798 4.239043 0.059908
v 0.932798 4.231698 0.059908
v 0.938541 4.227118 0.059908
v 0.945701 4.228753 0.059908
v 0.952394 4.235370 0.072000
v 0.947887 4.244729 0.072000
v 0.937760 4.247040 0.072000
v 0.929639 4.240564 0.072000
v 0.929639 4.230176 0.072000
v 0.937760 4.223700 0.072000
v 0.947887 4.226012 0.072000
v 0.948888 4.235370 0.084092
v 0.945701 4.241988 0.084092
v 0.938541 4.243622 0.084092
v 0.932798 4.239043 0.084092
v 0.932798 4.231698 0.084092
v 0.938541 4.227118 0.084092
v 0.945701 4.228753 0.084092
v 0.940424 4.235370 0.089100
v 0.957980 4.239360 0.063640
v 0.965880 4.239360 0.068315
v 0.962905 4.245536 0.068315
v 0.956222 4.247062 0.068315
v 0.950863 4.242788 0.068315
v 0.950863 4.235932 0.068315
v 0.956222 4.231658 0.068315
v 0.962905 4.233184 0.068315
v 0.969152 4.239360 0.079600
v 0.964946 4.248095 0.079600
v 0.955494 4.250252 0.079600
v 0.947914 4.244207 0.079600
v 0.947914 4.234513 0.079600
v 0.955494 4.228468 0.079600
v 0.964946 4.230626 0.079600
v 0.965880 4.239360 0.090885
v 0.962905 4.245536 0.090885
v 0.956222 4.247062 0.090885
v 0.950863 4.242788 0.090885
v 0.950863 4.235932 0.090885
v 0.956222 4.231658 0.090885
v 0.962905 4.233184 0.090885
v 0.957980 4.239360 0.095560
v 1.080000 4.305849 0.058700
v 1.091285 4.305849 0.065378
v 1.087036 4.314672 0.065378
v 1.077489 4.316851 0.065378
v 1.069832 4.310745 0.065378
v 1.069832 4.300952 0.065378
v 1.077489 4.294847 0.065378
v 1.087036 4.297026 0.065378
v 1.095960 4.305849 0.081500
v 1.089951 4.318327 0.081500
v 1.076449 4.321409 0.081500
v 1.065621 4.312774 0.081500
v 1.065621 4.298924 0.081500
v 1.076449 4.290289 0.081500
v 1.089951 4.293371 0.081500
v 1.091285 4.305849 0.097622
v 1.087036 4.314672 0.097622
v 1.077489 4.316851 0.097622
v 1.069832 4.310745 0.097622
v 1.069832 4.300952 0.097622
v 1.077489 4.294847 0.097622
v 1.087036 4.297026 0.097622
v 1.080000 4.305849 0.104300
v 1.210000 4.381649 0.080550
v 1.218464 4.381649 0.085558
v 1.215277 4.388267 0.085558
v 1.208117 4.389901 0.085558
v 1.202374 4.385322 0.085558
v 1.202374 4.377976 0.085558
v 1.208117 4.373397 0.085558
v 1.215277 4.375031 0.085558
v 1.221970 4.381649 0.097650
v 1.217463 4.391007 0.097650
v 1.207336 4.393319 0.097650
v 1.199215 4.386843 0.097650
v 1.199215 4.376455 0.097650
v 1.207336 4.369979 0.097650
v 1.217463 4.372291 0.097650
v 1.218464 4.381649 0.109742
v 1.215277 4.388267 0.109742
v 1.208117 4.389901 0.109742
v 1.202374 4.385322 0.109742
v 1.202374 4.377976 0.109742
v 1.208117 4.373397 0.109742
v 1.215277 4.375031 0.109742
v 1.210000 4.381649 0.114750
v 1.330424 4.470037 0.054900
v 1.338888 4.470037 0.059908
v 1.335701 4.476654 0.059908
v 1.328541 4.478288 0.059908
v 1.322798 4.473709 0.059908
v 1.322798 4.466364 0.059908
v 1.328541 4.461784 0.059908
v 1.335701 4.463419 0.059908
v 1.342394 4.470037 0.072000
v 1.337887 4.479395 0.072000
v 1.327760 4.481706 0.072000
v 1.319639 4.475230 0.072000
v 1.319639 4.464843 0.072000
v 1.327760 4.458366 0.072000
v 1.337887 4.460678 0.072000
v 1.338888 4.470037 0.084092
v 1.335701 4.476654 0.084092
v 1.328541 4.478288 0.084092
v 1.322798 4.473709 0.084092
v 1.322798 4.466364 0.084092
v 1.328541 4.461784 0.084092
v 1.335701 4.463419 0.084092
v 1.330424 4.470037 0.089100
v 1.477980 4.539999 0.063640
v 1.485880 4.539999 0.068315
v 1.482905 4.546175 0.068315
v 1.476222 4.547700 0.068315
v 1.470863 4.543426 0.068315
v 1.470863 4.536571 0.068315
v 1.476222 4.532297 0.068315
v 1.482905 4.533822 0.068315
v 1.489152 4.539999 0.079600
v 1.484946 4.548733 0.079600
v 1.475494 4.550890 0.079600
v 1.467914 4.544846 0.079600
v 1.467914 4.535151 0.079600
v 1.475494 4.529107 0.079600
v 1.484946 4.531264 0.079600
v 1.485880 4.539999 0.090885
v 1.482905 4.546175 0.090885
v 1.476222 4.547700 0.090885
v 1.470863 4.543426 0.090885
v 1.470863 4.536571 0.090885
v 1.476222 4.532297 0.090885
v 1.482905 4.533822 0.090885
v 1.477980 4.539999 0.095560
v 1.850424 4.523057 0.054900
v 1.858888 4.523057 0.059908
v 1.855701 4.529675 0.059908
v 1.848541 4.531310 0.059908
v 1.842798 4.526730 0.059908
v 1.842798 4.519385 0.059908
v 1.848541 4.514806 0.059908
v 1.855701 4.516440 0.059908
v 1.862394 4.523057 0.072000
v 1.857887 4.532416 0.072000
v 1.847760 4.534728 0.072000
v 1.839639 4.528251 0.072000
v 1.839639 4.517864 0.072000
v 1.847760 4.511388 0.072000
v 1.857887 4.513699 0.072000
v 1.858888 4.523057 0.084092
v 1.855701 4.529675 0.084092
v 1.848541 4.531310 0.084092
v 1.842798 4.526730 0.084092
v 1.842798 4.519385 0.084092
v 1.848541 4.514806 0.084092
v 1.855701 4.516440 0.084092
v 1.850424 4.523057 0.089100
v 1.860000 4.516674 0.080550
v 1.868464 4.516674 0.085558
v 1.865277 4.523291 0.085558
v 1.858117 4.524926 0.085558
v 1.852374 4.520346 0.085558
v 1.852374 4.513001 0.085558
v 1.858117 4.508422 0.085558
v 1.865277 4.510056 0.085558
v 1.871970 4.516674 0.097650
v 1.867463 4.526032 0.097650
v 1.857336 4.528344 0.097650
v 1.849215 4.521867 0.097650
v 1.849215 4.511480 0.097650
v 1.857336 4.505004 0.097650
v 1.867463 4.507315 0.097650
v 1.868464 4.516674 0.109742
v 1.865277 4.523291 0.109742
v 1.858117 4.524926 0.109742
v 1.852374 4.520346 0.109742
v 1.852374 4.513001 0.109742
v 1.858117 4.508422 0.109742
v 1.865277 4.510056 0.109742
v 1.860000 4.516674 0.114750
v 1.980424 4.451931 0.054900
v 1.988888 4.451931 0.059908
v 1.985701 4.458549 0.059908
v 1.978541 4.460183 0.059908
v 1.972798 4.455604 0.059908
v 1.972798 4.448258 0.059908
v 1.978541 4.443679 0.059908
v 1.985701 4.445313 0.059908
v 1.992394 4.451931 0.072000
v 1.987887 4.461289 0.072000
v 1.977760 4.463601 0.072000
v 1.969639 4.457125 0.072000
v 1.969639 4.446737 0.072000
v 1.977760 4.440261 0.072000
v 1.987887 4.442573 0.072000
v 1.988888 4.451931 0.084092
v 1.985701 4.458549 0.084092
v 1.978541 4.460183 0.084092
v 1.972798 4.455604 0.084092
v 1.972798 4.448258 0.084092
v 1.978541 4.443679 0.084092
v 1.985701 4.445313 0.084092
v 1.980424 4.451931 0.089100
v 2.250000 4.281850 0.080550
v 2.258464 4.281850 0.085558
v 2.255277 4.288468 0.085558
v 2.248116 4.290102 0.085558
v 2.242374 4.285523 0.085558
v 2.242374 4.278178 0.085558
v 2.248116 4.273598 0.085558
v 2.255277 4.275233 0.085558
v 2.261970 4.281850 0.097650
v 2.257463 4.291209 0.097650
v 2.247336 4.293520 0.097650
v 2.239215 4.287044 0.097650
v 2.239215 4.276657 0.097650
v 2.247336 4.270180 0.097650
v 2.257463 4.272492 0.097650
v 2.258464 4.281850 0.109742
v 2.255277 4.288468 0.109742
v 2.248116 4.290102 0.109742
v 2.242374 4.285523 0.109742
v 2.242374 4.278178 0.109742
v 2.248116 4.273598 0.109742
v 2.255277 4.275233 0.109742
v 2.250000 4.281850 0.114750
vn 0.000000 0.000000 -1.000000
vn 0.823878 0.132253 -0.551121
vn 0.410280 0.726591 -0.551121
vn -0.312265 0.773793 -0.551122
vn -0.799669 0.238311 -0.551124
vn -0.684904 -0.476623 -0.551124
vn -0.054393 -0.832649 -0.551123
vn 0.617079 -0.561673 -0.551123
vn 1.000000 -0.000000 -0.000000
vn 0.623490 0.781831 -0.000000
vn -0.222521 0.974928 -0.000000
vn -0.900968 0.433885 0.000000
vn -0.900968 -0.433885 -0.000000
vn -0.222521 -0.974928 0.000000
vn 0.623491 -0.781830 -0.000000
vn 0.823878 -0.132253 0.551120
vn 0.617079 0.561674 0.551122
vn -0.054393 0.832650 0.551122
vn -0.684905 0.476623 0.551123
vn -0.799668 -0.238312 0.551124
vn -0.312265 -0.773792 0.551123
vn 0.410280 -0.726590 0.551123
vn 0.000000 0.000000 1.000000
vn 0.000000 -0.000000 -1.000000
vn 0.823876 0.132252 -0.551124
vn 0.410278 0.726592 -0.551123
vn -0.312267 0.773792 -0.551122
vn -0.799671 0.238309 -0.551121
vn -0.684907 -0.476620 -0.551122
vn -0.054392 -0.832650 -0.551122
vn 0.617077 -0.561675 -0.551124
vn 1.000000 0.000000 -0.000000
vn 0.623488 0.781833 -0.000000
vn -0.222521 0.974928 -0.000001
vn -0.900970 0.433881 0.000001
vn -0.900970 -0.433881 -0.000001
vn -0.222521 -0.974928 0.000001
vn 0.623489 -0.781832 -0.000000
vn 0.823876 -0.132252 0.551124
vn 0.617077 0.561675 0.551124
vn -0.054393 0.832650 0.551122
vn -0.684908 0.476619 0.551121
vn -0.799671 -0.238309 0.551122
vn -0.312267 -0.773791 0.551123
vn 0.410278 -0.726591 0.551124
vn 0.000000 -0.000000 1.000000
vn 0.000000 0.000000 -1.000000
vn 0.823876 0.132253 -0.551124
vn 0.410279 0.726591 -0.551124
vn -0.312266 0.773792 -0.551123
vn -0.799671 0.238310 -0.551121
vn -0.684907 -0.476621 -0.551122
vn -0.054394 -0.832649 -0.551123
vn 0.617077 -0.561674 -0.551124
vn 1.000000 0.000000 -0.000000
vn 0.623489 0.781832 0.000000
vn -0.222521 0.974928 -0.000001
vn -0.900970 0.433882 0.000000
vn -0.900970 -0.433882 -0.000000
vn -0.222521 -0.974928 0.000000
vn 0.623489 -0.781832 -0.000000
vn 0.823876 -0.132253 0.551124
vn 0.617077 0.561675 0.551124
vn -0.054392 0.832650 0.551122
vn -0.684906 0.476622 0.551121
vn -0.799671 -0.238310 0.551121
vn -0.312267 -0.773791 0.551123
vn 0.410279 -0.726591 0.551124
vn 0.000000 0.000000 1.000000
vn 0.000000 0.000000 -1.000000
vn 0.823877 0.132254 -0.551123
vn 0.410279 0.726591 -0.551124
vn -0.312267 0.773791 -0.551124
vn -0.799671 0.238311 -0.551120
vn -0.684908 -0.476620 -0.551120
vn -0.054393 -0.832650 -0.551122
vn 0.617077 -0.561677 -0.551122
vn 1.000000 0.000000 0.000000
vn 0.623489 0.781832 0.000000
vn -0.222522 0.974928 -0.000001
vn -0.900970 0.433881 -0.000000
vn -0.900970 -0.433881 -0.000000
vn -0.222522 -0.974928 0.000001
vn 0.623488 -0.781833 -0.000000
vn 0.823876 -0.132254 0.551123
vn 0.617077 0.561676 0.551123
vn -0.054393 0.832649 0.551123
vn -0.684907 0.476621 0.551121
vn -0.799672 -0.238310 0.551120
vn -0.312267 -0.773792 0.551122
vn 0.410279 -0.726592 0.551122
vn 0.000000 0.000000 1.000000
vn 0.000000 0.000000 -1.000000
vn 0.823878 0.132253 -0.551120
vn 0.410279 0.726591 -0.551123
vn -0.312266 0.773792 -0.551122
vn -0.799671 0.238310 -0.551121
vn -0.684905 -0.476622 -0.551122
vn -0.054393 -0.832649 -0.551123
vn 0.617078 -0.561676 -0.551122
vn 1.000000 0.000000 -0.000000
vn 0.623491 0.781831 0.000001
vn -0.222523 0.974927 -0.000001
vn -0.900969 0.433884 0.000000
vn -0.900969 -0.433884 -0.000000
vn -0.222521 -0.974928 0.000001
vn 0.623491 -0.781831 -0.000001
vn 0.823878 -0.132253 0.551120
vn 0.617078 0.561676 0.551122
vn -0.054393 0.832649 0.551123
vn -0.684907 0.476622 0.551121
vn -0.799670 -0.238310 0.551122
vn -0.312265 -0.773792 0.551123
vn 0.410279 -0.726591 0.551123
vn 0.000000 0.000000 1.000000
vn 0.000000 -0.000000 -1.000000
vn 0.823876 0.132254 -0.551123
vn 0.410279 0.726591 -0.551123
vn -0.312268 0.773791 -0.551122
vn -0.799670 0.238313 -0.551121
vn -0.684905 -0.476623 -0.551122
vn -0.054394 -0.832649 -0.551123
vn 0.617078 -0.561675 -0.551122
vn 1.000000 0.000000 0.000000
vn 0.623489 0.781832 -0.000000
vn -0.222523 0.974927 -0.000000
vn -0.900969 0.433884 -0.000001
vn -0.900969 -0.433884 0.000001
vn -0.222523 -0.974927 0.000000
vn 0.623489 -0.781832 0.000000
vn 0.823876 -0.132254 0.551123
vn 0.617078 0.561675 0.551122
vn -0.054394 0.832649 0.551123
vn -0.684905 0.476623 0.551122
vn -0.799670 -0.238313 0.551121
vn -0.312268 -0.773791 0.551122
vn 0.410279 -0.726591 0.551123
vn 0.000000 -0.000000 1.000000
vn 0.000000 -0.000000 -1.000000
vn 0.823877 0.132253 -0.551122
vn 0.410279 0.726591 -0.551123
vn -0.312268 0.773791 -0.551122
vn -0.799671 0.238311 -0.551121
vn -0.684906 -0.476623 -0.551121
vn -0.054392 -0.832649 -0.551123
vn 0.617078 -0.561675 -0.551123
vn 1.000000 0.000000 -0.000000
vn 0.623490 0.781831 0.000001
vn -0.222523 0.974928 -0.000000
vn -0.900969 0.433883 -0.000000
vn -0.900969 -0.433883 0.000000
vn -0.222521 -0.974928 0.000001
vn 0.623490 -0.781831 -0.000001
vn 0.823877 -0.132253 0.551122
vn 0.617078 0.561675 0.551123
vn -0.054394 0.832649 0.551123
vn -0.684907 0.476622 0.551121
vn -0.799671 -0.238311 0.551121
vn -0.312265 -0.773792 0.551122
vn 0.410279 -0.726591 0.551123
vn 0.000000 -0.000000 1.000000
vn 0.000000 0.000000 -1.000000
vn 0.823878 0.132251 -0.551121
vn 0.410278 0.726591 -0.551123
vn -0.312267 0.773791 -0.551124
vn -0.799670 0.238312 -0.551121
vn -0.684904 -0.476623 -0.551123
vn -0.054394 -0.832649 -0.551124
vn 0.617078 -0.561675 -0.551123
vn 1.000000 -0.000000 -0.000000
vn 0.623490 0.781831 0.000001
vn -0.222521 0.974928 -0.000000
vn -0.900969 0.433883 -0.000001
vn -0.900969 -0.433883 0.000001
vn -0.222521 -0.974928 0.000000
vn 0.623490 -0.781831 -0.000001
vn 0.823878 -0.132251 0.551121
vn 0.617078 0.561675 0.551123
vn -0.054394 0.832649 0.551124
vn -0.684904 0.476623 0.551123
vn -0.799670 -0.238312 0.551121
vn -0.312267 -0.773791 0.551124
vn 0.410278 -0.726591 0.551123
vn 0.000000 0.000000 1.000000
vn 0.000000 0.000000 -1.000000
vn 0.823877 0.132253 -0.551122
vn 0.410280 0.726591 -0.551123
vn -0.312267 0.773791 -0.551124
vn -0.799670 0.238308 -0.551124
vn -0.684906 -0.476620 -0.551123
vn -0.054390 -0.832649 -0.551123
vn 0.617078 -0.561675 -0.551123
vn 1.000000 0.000000 0.000000
vn 0.623490 0.781831 -0.000001
vn -0.222521 0.974928 0.000000
vn -0.900970 0.433882 0.000001
vn -0.900970 -0.433882 -0.000001
vn -0.222520 -0.974928 0.000001
vn 0.623489 -0.781832 -0.000000
vn 0.823877 -0.132253 0.551123
vn 0.617079 0.561673 0.551124
vn -0.054394 0.832649 0.551123
vn -0.684906 0.476620 0.551123
vn -0.799670 -0.238309 0.551123
vn -0.312266 -0.773791 0.551123
vn 0.410280 -0.726591 0.551122
vn 0.000000 0.000000 1.000000
vn 0.000000 0.000000 -1.000000
vn 0.823877 0.132253 -0.551123
vn 0.410277 0.726592 -0.551123
vn -0.312267 0.773792 -0.551122
vn -0.799670 0.238311 -0.551123
vn -0.684906 -0.476622 -0.551122
vn -0.054392 -0.832648 -0.551125
vn 0.617077 -0.561675 -0.551123
vn 1.000000 0.000000 -0.000000
vn 0.623489 0.781832 -0.000000
vn -0.222523 0.974927 -0.000001
vn -0.900968 0.433885 0.000000
vn -0.900969 -0.433883 0.000001
vn -0.222523 -0.974927 0.000001
vn 0.623490 -0.781831 -0.000001
vn 0.823877 -0.132253 0.551123
vn 0.617077 0.561675 0.551123
vn -0.054394 0.832650 0.551122
vn -0.684905 0.476623 0.551122
vn -0.799670 -0.238311 0.551123
vn -0.312269 -0.773790 0.551124
vn 0.410279 -0.726591 0.551124
vn 0.000000 -0.000000 1.000000
vn 0.000000 0.000000 -1.000000
vn 0.823877 0.132252 -0.551123
vn 0.410280 0.726590 -0.551124
vn -0.312267 0.773791 -0.551123
vn -0.799670 0.238309 -0.551123
vn -0.684904 -0.476623 -0.551123
vn -0.054393 -0.832650 -0.551122
vn 0.617078 -0.561674 -0.551123
vn 1.000000 -0.000000 0.000000
vn 0.623491 0.781830 0.000001
vn -0.222522 0.974928 -0.000000
vn -0.900969 0.433884 0.000001
vn -0.900968 -0.433885 -0.000001
vn -0.222519 -0.974928 -0.000001
vn 0.623491 -0.781830 -0.000000
vn 0.823877 -0.132252 0.551123
vn 0.617078 0.561674 0.551123
vn -0.054393 0.832649 0.551124
vn -0.684907 0.476621 0.551122
vn -0.799669 -0.238309 0.551124
vn -0.312266 -0.773792 0.551123
vn 0.410280 -0.726590 0.551124
vn 0.000000 0.000000 1.000000
vn 0.000000 -0.000000 -1.000000
vn 0.823877 0.132251 -0.551123
vn 0.410280 0.726593 -0.551120
vn -0.312264 0.773794 -0.551121
vn -0.799670 0.238311 -0.551122
vn -0.684905 -0.476623 -0.551122
vn -0.054392 -0.832650 -0.551122
vn 0.617079 -0.561673 -0.551123
vn 1.000000 -0.000000 -0.000000
vn 0.623489 0.781832 -0.000000
vn -0.222517 0.974929 0.000001
vn -0.900969 0.433884 0.000001
vn -0.900969 -0.433884 -0.000000
vn -0.222520 -0.974928 0.000000
vn 0.623491 -0.781831 -0.000000
vn 0.823877 -0.132251 0.551122
vn 0.617079 0.561675 0.551122
vn -0.054392 0.832652 0.551120
vn -0.684905 0.476623 0.551122
vn -0.799670 -0.238312 0.551122
vn -0.312266 -0.773792 0.551122
vn 0.410279 -0.726590 0.551124
vn 0.000000 -0.000000 1.000000
vn 0.000000 0.000000 -1.000000
vn 0.823876 0.132254 -0.551123
vn 0.410280 0.726591 -0.551122
vn -0.312268 0.773793 -0.551120
vn -0.799669 0.238311 -0.551123
vn -0.684903 -0.476625 -0.551123
vn -0.054391 -0.832649 -0.551124
vn 0.617077 -0.561676 -0.551122
vn 1.000000 0.000000 -0.000000
vn 0.623489 0.781832 -0.000001
vn -0.222524 0.974927 0.000000
vn -0.900968 0.433886 0.000001
vn -0.900967 -0.433887 -0.000000
vn -0.222519 -0.974928 0.000000
vn 0.623491 -0.781831 0.000000
vn 0.823876 -0.132254 0.551123
vn 0.617077 0.561676 0.551122
vn -0.054397 0.832650 0.551121
vn -0.684905 0.476624 0.551121
vn -0.799669 -0.238312 0.551124
vn -0.312265 -0.773793 0.551122
vn 0.410281 -0.726590 0.551123
vn 0.000000 0.000000 1.000000
vn 0.000000 -0.000000 -1.000000
vn 0.823876 0.132251 -0.551124
vn 0.410278 0.726590 -0.551125
vn -0.312269 0.773790 -0.551123
vn -0.799671 0.238310 -0.551121
vn -0.684906 -0.476622 -0.551122
vn -0.054392 -0.832650 -0.551122
vn 0.617077 -0.561674 -0.551125
vn 1.000000 0.000000 0.000000
vn 0.623490 0.781832 -0.000002
vn -0.222524 0.974927 0.000000
vn -0.900970 0.433881 0.000000
vn -0.900970 -0.433882 0.000000
vn -0.222519 -0.974928 0.000000
vn 0.623489 -0.781832 -0.000000
vn 0.823876 -0.132251 0.551125
vn 0.617079 0.561670 0.551126
vn -0.054398 0.832650 0.551122
vn -0.684908 0.476621 0.551121
vn -0.799671 -0.238311 0.551121
vn -0.312266 -0.773792 0.551123
vn 0.410278 -0.726592 0.551123
vn 0.000000 -0.000000 1.000000
vn 0.000000 0.000000 -1.000000
vn 0.823875 0.132252 -0.551125
vn 0.410280 0.726589 -0.551125
vn -0.312265 0.773792 -0.551124
vn -0.799669 0.238311 -0.551124
vn -0.684905 -0.476622 -0.551123
vn -0.054394 -0.832649 -0.551123
vn 0.617079 -0.561671 -0.551125
vn 1.000000 0.000000 0.000000
vn 0.623491 0.781831 -0.000000
vn -0.222521 0.974928 -0.000001
vn -0.900969 0.433884 0.000000
vn -0.900969 -0.433884 -0.000000
vn -0.222523 -0.974927 -0.000000
vn 0.623491 -0.781831 0.000001
vn 0.823876 -0.132252 0.551124
vn 0.617079 0.561671 0.551125
vn -0.054390 0.832648 0.551125
vn -0.684905 0.476622 0.551123
vn -0.799669 -0.238311 0.551124
vn -0.312268 -0.773790 0.551123
vn 0.410280 -0.726589 0.551125
vn 0.000000 0.000000 1.000000
vn 0.000000 0.000000 -1.000000
vn 0.823876 0.132252 -0.551123
vn 0.410276 0.726592 -0.551124
vn -0.312268 0.773792 -0.551122
vn -0.799670 0.238310 -0.551123
vn -0.684904 -0.476623 -0.551123
vn -0.054396 -0.832649 -0.551123
vn 0.617078 -0.561674 -0.551124
vn 1.000000 -0.000000 -0.000000
vn 0.623488 0.781833 0.000001
vn -0.222522 0.974928 0.000001
vn -0.900968 0.433885 0.000001
vn -0.900968 -0.433885 -0.000001
vn -0.222522 -0.974928 -0.000001
vn 0.623491 -0.781830 -0.000000
vn 0.823877 -0.132252 0.551123
vn 0.617076 0.561677 0.551122
vn -0.054396 0.832650 0.551122
vn -0.684905 0.476623 0.551122
vn -0.799669 -0.238310 0.551124
vn -0.312268 -0.773791 0.551124
vn 0.410278 -0.726590 0.551126
vn 0.000000 -0.000000 1.000000
vn 0.000000 0.000000 -1.000000
vn 0.823877 0.132253 -0.551122
vn 0.410280 0.726589 -0.551125
vn -0.312265 0.773791 -0.551124
vn -0.799670 0.238310 -0.551123
vn -0.684906 -0.476621 -0.551123
vn -0.054392 -0.832650 -0.551122
vn 0.617077 -0.561676 -0.551123
vn 1.000000 0.000000 0.000000
vn 0.623492 0.781830 -0.000000
vn -0.222521 0.974928 -0.000001
vn -0.900969 0.433883 0.000001
vn -0.900969 -0.433883 -0.000001
vn -0.222521 -0.974928 0.000001
vn 0.623489 -0.781832 -0.000000
vn 0.823877 -0.132253 0.551123
vn 0.617079 0.561672 0.551124
vn -0.054392 0.832648 0.551125
vn -0.684905 0.476621 0.551124
vn -0.799670 -0.238310 0.551123
vn -0.312265 -0.773793 0.551122
vn 0.410278 -0.726592 0.551123
vn 0.000000 -0.000000 1.000000
vn 0.000000 -0.000000 -1.000000
vn 0.823877 0.132255 -0.551122
vn 0.410280 0.726592 -0.551121
vn -0.312266 0.773793 -0.551121
vn -0.799669 0.238313 -0.551123
vn -0.684905 -0.476622 -0.551123
vn -0.054396 -0.832650 -0.551122
vn 0.617077 -0.561677 -0.551121
vn 1.000000 -0.000000 0.000000
vn 0.623489 0.781833 -0.000001
vn -0.222521 0.974928 -0.000000
vn -0.900968 0.433885 -0.000000
vn -0.900968 -0.433885 0.000000
vn -0.222523 -0.974927 -0.000001
vn 0.623488 -0.781833 0.000001
vn 0.823877 -0.132255 0.551123
vn 0.617077 0.561677 0.551121
vn -0.054393 0.832650 0.551122
vn -0.684904 0.476624 0.551123
vn -0.799669 -0.238312 0.551123
vn -0.312269 -0.773791 0.551122
vn 0.410280 -0.726592 0.551121
vn 0.000000 -0.000000 1.000000
vn 0.000000 0.000000 -1.000000
vn 0.823876 0.132253 -0.551123
vn 0.410279 0.726591 -0.551123
vn -0.312267 0.773791 -0.551124
vn -0.799671 0.238310 -0.551121
vn -0.684907 -0.476622 -0.551121
vn -0.054393 -0.832651 -0.551120
vn 0.617076 -0.561679 -0.551121
vn 1.000000 0.000000 0.000000
vn 0.623489 0.781832 -0.000000
vn -0.222520 0.974928 0.000001
vn -0.900970 0.433881 -0.000000
vn -0.900970 -0.433881 0.000000
vn -0.222520 -0.974928 -0.000001
vn 0.623486 -0.781834 -0.000001
vn 0.823876 -0.132253 0.551124
vn 0.617078 0.561675 0.551123
vn -0.054393 0.832650 0.551122
vn -0.684906 0.476621 0.551122
vn -0.799672 -0.238310 0.551120
vn -0.312267 -0.773792 0.551122
vn 0.410277 -0.726594 0.551121
vn -0.000000 0.000000 1.000000
vn -0.000000 0.000000 -1.000000
vn 0.823877 0.132251 -0.551123
vn 0.410278 0.726590 -0.551125
vn -0.312270 0.773789 -0.551124
vn -0.799670 0.238311 -0.551122
vn -0.684904 -0.476624 -0.551122
vn -0.054393 -0.832651 -0.551120
vn 0.617077 -0.561676 -0.551122
vn 1.000000 0.000000 0.000000
vn 0.623491 0.781830 0.000001
vn -0.222523 0.974927 0.000001
vn -0.900969 0.433883 -0.000000
vn -0.900968 -0.433885 -0.000001
vn -0.222518 -0.974929 -0.000001
vn 0.623489 -0.781832 -0.000000
vn 0.823876 -0.132252 0.551124
vn 0.617078 0.561674 0.551123
vn -0.054397 0.832649 0.551123
vn -0.684905 0.476623 0.551123
vn -0.799670 -0.238311 0.551122
vn -0.312265 -0.773793 0.551121
vn 0.410279 -0.726592 0.551121
vn -0.000000 0.000000 1.000000
vn -0.000000 0.000000 -1.000000
vn 0.823876 0.132253 -0.551124
vn 0.410279 0.726591 -0.551123
vn -0.312267 0.773791 -0.551124
vn -0.799669 0.238313 -0.551123
vn -0.684904 -0.476624 -0.551123
vn -0.054393 -0.832650 -0.551122
vn 0.617078 -0.561675 -0.551123
vn 1.000000 0.000000 0.000000
vn 0.623489 0.781832 0.000000
vn -0.222522 0.974928 -0.000000
vn -0.900968 0.433885 -0.000001
vn -0.900968 -0.433885 0.000001
vn -0.222522 -0.974928 0.000000
vn 0.623489 -0.781832 0.000000
vn 0.823876 -0.132253 0.551123
vn 0.617078 0.561675 0.551123
vn -0.054393 0.832649 0.551124
vn -0.684905 0.476622 0.551123
vn -0.799669 -0.238314 0.551123
vn -0.312267 -0.773792 0.551122
vn 0.410279 -0.726591 0.551123
vn -0.000000 0.000000 1.000000
vn 0.000000 0.000000 -1.000000
vn 0.823877 0.132253 -0.551122
vn 0.410279 0.726592 -0.551122
vn -0.312266 0.773792 -0.551123
vn -0.799669 0.238311 -0.551124
vn -0.684903 -0.476623 -0.551124
vn -0.054393 -0.832648 -0.551125
vn 0.617080 -0.561673 -0.551122
vn 1.000000 -0.000000 -0.000000
vn 0.623489 0.781832 0.000001
vn -0.222521 0.974928 0.000000
vn -0.900968 0.433885 -0.000000
vn -0.900968 -0.433885 0.000000
vn -0.222521 -0.974928 -0.000000
vn 0.623492 -0.781829 -0.000000
vn 0.823878 -0.132253 0.551121
vn 0.617078 0.561677 0.551121
vn -0.054393 0.832649 0.551123
vn -0.684904 0.476623 0.551123
vn -0.799668 -0.238311 0.551125
vn -0.312266 -0.773791 0.551125
vn 0.410281 -0.726589 0.551124
vn 0.000000 0.000000 1.000000
vn 0.000000 0.000000 -1.000000
vn 0.823876 0.132253 -0.551123
vn 0.410278 0.726591 -0.551123
vn -0.312267 0.773791 -0.551123
vn -0.799670 0.238310 -0.551123
vn -0.684905 -0.476622 -0.551124
vn -0.054392 -0.832649 -0.551124
vn 0.617077 -0.561675 -0.551124
vn 1.000000 0.000000 -0.000000
vn 0.623489 0.781832 0.000001
vn -0.222520 0.974928 -0.000000
vn -0.900969 0.433884 0.000000
vn -0.900968 -0.433884 -0.000001
vn -0.222520 -0.974928 0.000000
vn 0.623490 -0.781831 -0.000000
vn 0.823876 -0.132253 0.551123
vn 0.617076 0.561678 0.551122
vn -0.054391 0.832650 0.551123
vn -0.684905 0.476622 0.551123
vn -0.799669 -0.238310 0.551124
vn -0.312265 -0.773792 0.551123
vn 0.410279 -0.726591 0.551124
vn 0.000000 0.000000 1.000000
vn 0.000000 0.000000 -1.000000
vn 0.823876 0.132252 -0.551124
vn 0.410278 0.726590 -0.551124
vn -0.312260 0.773796 -0.551121
vn -0.799669 0.238311 -0.551123
vn -0.684902 -0.476625 -0.551125
vn -0.054394 -0.832651 -0.551121
vn 0.617076 -0.561677 -0.551122
vn 1.000000 0.000000 0.000001
vn 0.623490 0.781832 -0.000002
vn -0.222520 0.974928 -0.000002
vn -0.900968 0.433886 0.000002
vn -0.900968 -0.433886 0.000000
vn -0.222516 -0.974929 -0.000003
vn 0.623488 -0.781833 -0.000001
vn 0.823876 -0.132253 0.551124
vn 0.617080 0.561670 0.551125
vn -0.054392 0.832650 0.551122
vn -0.684904 0.476626 0.551121
vn -0.799670 -0.238311 0.551123
vn -0.312266 -0.773792 0.551123
vn 0.410278 -0.726593 0.551122
vn 0.000000 -0.000000 1.000000
vn 0.000000 0.000000 -1.000000
vn 0.823877 0.132253 -0.551122
vn 0.410280 0.726590 -0.551123
vn -0.312269 0.773789 -0.551125
vn -0.799670 0.238313 -0.551121
vn -0.684903 -0.476625 -0.551122
vn -0.054392 -0.832651 -0.551121
vn 0.617078 -0.561675 -0.551122
vn 1.000000 -0.000000 -0.000000
vn 0.623491 0.781831 0.000001
vn -0.222521 0.974928 0.000001
vn -0.900969 0.433883 -0.000002
vn -0.900968 -0.433885 0.000000
vn -0.222518 -0.974929 0.000001
vn 0.623487 -0.781834 0.000001
vn 0.823876 -0.132253 0.551123
vn 0.617078 0.561675 0.551123
vn -0.054393 0.832649 0.551124
vn -0.684904 0.476623 0.551123
vn -0.799670 -0.238313 0.551121
vn -0.312260 -0.773795 0.551121
vn 0.410277 -0.726593 0.551122
vn 0.000000 0.000000 1.000000
vn 0.000000 0.000000 -1.000000
vn 0.823876 0.132252 -0.551123
vn 0.410275 0.726589 -0.551128
vn -0.312271 0.773788 -0.551125
vn -0.799670 0.238312 -0.551122
vn -0.684905 -0.476625 -0.551121
vn -0.054396 -0.832652 -0.551118
vn 0.617076 -0.561678 -0.551122
vn 1.000000 -0.000000 0.000001
vn 0.623491 0.781831 0.000002
vn -0.222528 0.974926 -0.000002
vn -0.900969 0.433883 -0.000002
vn -0.900968 -0.433886 -0.000001
vn -0.222521 -0.974928 -0.000001
vn 0.623486 -0.781834 0.000001
vn 0.823876 -0.132253 0.551123
vn 0.617077 0.561673 0.551125
vn -0.054396 0.832646 0.551127
vn -0.684906 0.476622 0.551122
vn -0.799670 -0.238312 0.551122
vn -0.312268 -0.773793 0.551120
vn 0.410277 -0.726594 0.551120
vn 0.000000 0.000000 1.000000
vn 0.000000 -0.000000 -1.000000
vn 0.823877 0.132253 -0.551122
vn 0.410278 0.726594 -0.551121
vn -0.312269 0.773793 -0.551120
vn -0.799670 0.238314 -0.551121
vn -0.684906 -0.476620 -0.551124
vn -0.054393 -0.832647 -0.551127
vn 0.617080 -0.561671 -0.551124
vn 1.000000 -0.000000 -0.000001
vn 0.623487 0.781834 0.000001
vn -0.222522 0.974928 -0.000000
vn -0.900968 0.433885 -0.000001
vn -0.900969 -0.433883 0.000001
vn -0.222522 -0.974928 0.000000
vn 0.623493 -0.781829 -0.000000
vn 0.823877 -0.132252 0.551122
vn 0.617076 0.561678 0.551121
vn -0.054393 0.832652 0.551119
vn -0.684905 0.476624 0.551121
vn -0.799669 -0.238311 0.551123
vn -0.312267 -0.773789 0.551126
vn 0.410281 -0.726588 0.551125
vn 0.000000 0.000000 1.000000
vn 0.000000 0.000000 -1.000000
vn 0.823877 0.132252 -0.551123
vn 0.410278 0.726593 -0.551121
vn -0.312266 0.773792 -0.551122
vn -0.799669 0.238311 -0.551124
vn -0.684904 -0.476623 -0.551123
vn -0.054394 -0.832649 -0.551123
vn 0.617079 -0.561674 -0.551122
vn 1.000000 -0.000000 0.000000
vn 0.623488 0.781833 -0.000001
vn -0.222522 0.974928 0.000001
vn -0.900968 0.433885 0.000001
vn -0.900969 -0.433884 0.000001
vn -0.222522 -0.974928 -0.000001
vn 0.623491 -0.781830 0.000000
vn 0.823877 -0.132252 0.551122
vn 0.617079 0.561674 0.551122
vn -0.054398 0.832650 0.551121
vn -0.684905 0.476623 0.551123
vn -0.799669 -0.238313 0.551123
vn -0.312270 -0.773790 0.551123
vn 0.410281 -0.726590 0.551123
vn 0.000000 0.000000 1.000000
vn 0.000000 -0.000000 -1.000000
vn 0.823876 0.132252 -0.551123
vn 0.410279 0.726591 -0.551123
vn -0.312269 0.773791 -0.551122
vn -0.799669 0.238312 -0.551122
vn -0.684905 -0.476624 -0.551122
vn -0.054395 -0.832650 -0.551122
vn 0.617078 -0.561674 -0.551123
vn 1.000000 0.000000 0.000000
vn 0.623489 0.781832 -0.000001
vn -0.222522 0.974928 0.000001
vn -0.900968 0.433885 -0.000000
vn -0.900968 -0.433885 0.000000
vn -0.222522 -0.974928 -0.000001
vn 0.623490 -0.781832 0.000001
vn 0.823877 -0.132252 0.551123
vn 0.617078 0.561674 0.551123
vn -0.054395 0.832650 0.551122
vn -0.684905 0.476624 0.551122
vn -0.799670 -0.238312 0.551122
vn -0.312269 -0.773791 0.551122
vn 0.410280 -0.726591 0.551122
vn 0.000000 0.000000 1.000000
vn 0.000000 0.000000 -1.000000
vn 0.823877 0.132253 -0.551123
vn 0.410281 0.726590 -0.551123
vn -0.312267 0.773791 -0.551123
vn -0.799669 0.238311 -0.551123
vn -0.684906 -0.476622 -0.551122
vn -0.054392 -0.832650 -0.551122
vn 0.617077 -0.561676 -0.551122
vn 1.000000 0.000000 0.000000
vn 0.623491 0.781830 -0.000000
vn -0.222521 0.974928 -0.000000
vn -0.900969 0.433884 0.000000
vn -0.900969 -0.433884 -0.000000
vn -0.222521 -0.974928 0.000000
vn 0.623489 -0.781832 -0.000000
vn 0.823877 -0.132253 0.551123
vn 0.617079 0.561674 0.551123
vn -0.054392 0.832649 0.551123
vn -0.684905 0.476622 0.551123
vn -0.799670 -0.238311 0.551123
vn -0.312267 -0.773792 0.551122
vn 0.410280 -0.726592 0.551122
vn 0.000000 0.000000 1.000000
vn 0.000000 0.000000 -1.000000
vn 0.823877 0.132253 -0.551123
vn 0.410279 0.726590 -0.551124
vn -0.312266 0.773791 -0.551123
vn -0.799669 0.238312 -0.551123
vn -0.684904 -0.476624 -0.551122
vn -0.054394 -0.832651 -0.551121
vn 0.617077 -0.561677 -0.551122
vn 1.000000 -0.000000 0.000000
vn 0.623490 0.781831 -0.000000
vn -0.222521 0.974928 0.000000
vn -0.900968 0.433885 0.000000
vn -0.900968 -0.433885 -0.000000
vn -0.222521 -0.974928 -0.000000
vn 0.623488 -0.781833 -0.000000
vn 0.823876 -0.132253 0.551123
vn 0.617079 0.561673 0.551124
vn -0.054394 0.832649 0.551123
vn -0.684904 0.476623 0.551123
vn -0.799670 -0.238312 0.551122
vn -0.312267 -0.773793 0.551121
vn 0.410277 -0.726593 0.551122
vn 0.000000 0.000000 1.000000
vn 0.000000 0.000000 -1.000000
vn 0.823877 0.132253 -0.551123
vn 0.410280 0.726592 -0.551121
vn -0.312266 0.773793 -0.551121
vn -0.799670 0.238311 -0.551122
vn -0.684904 -0.476623 -0.551123
vn -0.054395 -0.832649 -0.551123
vn 0.617078 -0.561674 -0.551123
vn 1.000000 0.000000 -0.000000
vn 0.623489 0.781832 -0.000001
vn -0.222520 0.974928 -0.000000
vn -0.900969 0.433884 0.000000
vn -0.900969 -0.433884 0.000000
vn -0.222521 -0.974928 -0.000001
vn 0.623490 -0.781831 0.000000
vn 0.823877 -0.132252 0.551122
vn 0.617078 0.561676 0.551122
vn -0.054393 0.832651 0.551121
vn -0.684906 0.476623 0.551121
vn -0.799670 -0.238311 0.551123
vn -0.312268 -0.773790 0.551124
vn 0.410279 -0.726590 0.551124
vn 0.000000 0.000000 1.000000
vn 0.000000 -0.000000 -1.000000
vn 0.823877 0.132252 -0.551123
vn 0.410277 0.726594 -0.551122
vn -0.312266 0.773794 -0.551120
vn -0.799670 0.238312 -0.551122
vn -0.684905 -0.476622 -0.551123
vn -0.054393 -0.832650 -0.551122
vn 0.617079 -0.561673 -0.551124
vn 1.000000 0.000000 -0.000000
vn 0.623487 0.781834 0.000000
vn -0.222521 0.974928 -0.000001
vn -0.900969 0.433884 0.000000
vn -0.900969 -0.433884 -0.000000
vn -0.222521 -0.974928 0.000001
vn 0.623490 -0.781831 0.000000
vn 0.823877 -0.132252 0.551122
vn 0.617076 0.561677 0.551122
vn -0.054393 0.832651 0.551120
vn -0.684905 0.476623 0.551122
vn -0.799670 -0.238312 0.551123
vn -0.312266 -0.773792 0.551122
vn 0.410279 -0.726590 0.551124
vn 0.000000 -0.000000 1.000000
vn 0.000000 0.000000 -1.000000
vn 0.823877 0.132253 -0.551123
vn 0.410279 0.726591 -0.551123
vn -0.312267 0.773791 -0.551124
vn -0.799670 0.238311 -0.551122
vn -0.684904 -0.476624 -0.551123
vn -0.054390 -0.832650 -0.551123
vn 0.617077 -0.561676 -0.551122
vn 1.000000 -0.000000 -0.000000
vn 0.623490 0.781832 0.000001
vn -0.222520 0.974928 0.000001
vn -0.900969 0.433883 -0.000000
vn -0.900969 -0.433884 0.000000
vn -0.222518 -0.974928 0.000000
vn 0.623490 -0.781832 -0.000001
vn 0.823877 -0.132253 0.551123
vn 0.617077 0.561676 0.551123
vn -0.054393 0.832649 0.551123
vn -0.684904 0.476622 0.551124
vn -0.799670 -0.238311 0.551122
vn -0.312264 -0.773792 0.551123
vn 0.410279 -0.726591 0.551123
vn 0.000000 0.000000 1.000000
vn -0.000000 -0.000000 -1.000000
vn 0.823876 0.132253 -0.551123
vn 0.410280 0.726591 -0.551122
vn -0.312266 0.773792 -0.551123
vn -0.799670 0.238310 -0.551123
vn -0.684905 -0.476622 -0.551123
vn -0.054393 -0.832650 -0.551122
vn 0.617078 -0.561674 -0.551123
vn 1.000000 0.000000 0.000000
vn 0.623489 0.781832 -0.000001
vn -0.222520 0.974928 0.000000
vn -0.900969 0.433883 0.000000
vn -0.900969 -0.433883 -0.000000
vn -0.222520 -0.974928 -0.000000
vn 0.623489 -0.781832 0.000001
vn 0.823877 -0.132253 0.551123
vn 0.617078 0.561674 0.551123
vn -0.054393 0.832650 0.551122
vn -0.684905 0.476622 0.551123
vn -0.799670 -0.238310 0.551123
vn -0.312266 -0.773792 0.551123
vn 0.410280 -0.726591 0.551122
vn -0.000000 -0.000000 1.000000
vn 0.000000 0.000000 -1.000000
vn 0.823877 0.132253 -0.551123
vn 0.410279 0.726592 -0.551122
vn -0.312266 0.773792 -0.551123
vn -0.799669 0.238311 -0.551123
vn -0.684905 -0.476623 -0.551123
vn -0.054392 -0.832649 -0.551123
vn 0.617078 -0.561675 -0.551122
vn 1.000000 0.000000 0.000000
vn 0.623489 0.781832 -0.000000
vn -0.222521 0.974928 -0.000000
vn -0.900969 0.433884 0.000000
vn -0.900969 -0.433884 0.000000
vn -0.222521 -0.974928 0.000000
vn 0.623490 -0.781831 -0.000000
vn 0.823877 -0.132253 0.551122
vn 0.617078 0.561675 0.551122
vn -0.054393 0.832649 0.551123
vn -0.684905 0.476622 0.551123
vn -0.799669 -0.238312 0.551123
vn -0.312267 -0.773791 0.551123
vn 0.410280 -0.726591 0.551123
vn 0.000000 0.000000 1.000000
vn 0.000000 0.000000 -1.000000
vn 0.823877 0.132253 -0.551123
vn 0.410280 0.726591 -0.551123
vn -0.312267 0.773792 -0.551122
vn -0.799670 0.238311 -0.551122
vn -0.684905 -0.476623 -0.551122
vn -0.054393 -0.832649 -0.551123
vn 0.617078 -0.561674 -0.551123
vn 1.000000 0.000000 -0.000000
vn 0.623490 0.781831 -0.000000
vn -0.222522 0.974928 -0.000000
vn -0.900969 0.433884 -0.000000
vn -0.900969 -0.433884 0.000000
vn -0.222520 -0.974928 -0.000000
vn 0.623490 -0.781831 0.000000
vn 0.823877 -0.132253 0.551123
vn 0.617078 0.561674 0.551123
vn -0.054393 0.832649 0.551123
vn -0.684906 0.476623 0.551121
vn -0.799670 -0.238311 0.551122
vn -0.312266 -0.773792 0.551123
vn 0.410279 -0.726591 0.551123
vn 0.000000 0.000000 1.000000
vn 0.000000 0.000000 -1.000000
vn 0.823877 0.132253 -0.551123
vn 0.410279 0.726591 -0.551123
vn -0.312268 0.773791 -0.551123
vn -0.799670 0.238311 -0.551123
vn -0.684905 -0.476622 -0.551122
vn -0.054392 -0.832649 -0.551123
vn 0.617078 -0.561676 -0.551122
vn 1.000000 0.000000 0.000000
vn 0.623490 0.781831 0.000000
vn -0.222522 0.974928 0.000000
vn -0.900969 0.433884 -0.000000
vn -0.900969 -0.433884 0.000000
vn -0.222521 -0.974928 0.000000
vn 0.623490 -0.781831 -0.000000
vn 0.823877 -0.132253 0.551123
vn 0.617078 0.561675 0.551123
vn -0.054394 0.832649 0.551123
vn -0.684905 0.476622 0.551122
vn -0.799670 -0.238311 0.551123
vn -0.312267 -0.773791 0.551123
vn 0.410280 -0.726591 0.551122
vn 0.000000 0.000000 1.000000
vn 0.000000 -0.000000 -1.000000
vn 0.823877 0.132253 -0.551122
vn 0.410279 0.726591 -0.551123
vn -0.312266 0.773792 -0.551123
vn -0.799670 0.238311 -0.551122
vn -0.684905 -0.476623 -0.551123
vn -0.054393 -0.832649 -0.551123
vn 0.617078 -0.561674 -0.551123
vn 1.000000 0.000000 -0.000000
vn 0.623490 0.781831 0.000000
vn -0.222521 0.974928 -0.000001
vn -0.900969 0.433884 -0.000000
vn -0.900969 -0.433884 0.000000
vn -0.222521 -0.974928 0.000001
vn 0.623490 -0.781831 -0.000000
vn 0.823877 -0.132253 0.551122
vn 0.617078 0.561674 0.551123
vn -0.054393 0.832649 0.551123
vn -0.684905 0.476623 0.551123
vn -0.799670 -0.238311 0.551122
vn -0.312266 -0.773792 0.551123
vn 0.410279 -0.726591 0.551123
vn 0.000000 -0.000000 1.000000
vn -0.000000 0.000000 -1.000000
vn 0.823876 0.132253 -0.551123
vn 0.410279 0.726591 -0.551123
vn -0.312267 0.773791 -0.551123
vn -0.799670 0.238310 -0.551123
vn -0.684906 -0.476622 -0.551123
vn -0.054393 -0.832649 -0.551123
vn 0.617078 -0.561674 -0.551123
vn 1.000000 0.000000 0.000000
vn 0.623489 0.781832 -0.000000
vn -0.222521 0.974928 0.000000
vn -0.900969 0.433883 0.000001
vn -0.900969 -0.433883 -0.000000
vn -0.222521 -0.974928 0.000000
vn 0.623490 -0.781831 0.000000
vn 0.823876 -0.132253 0.551123
vn 0.617078 0.561674 0.551123
vn -0.054394 0.832650 0.551122
vn -0.684906 0.476622 0.551122
vn -0.799670 -0.238310 0.551123
vn -0.312267 -0.773791 0.551123
vn 0.410280 -0.726591 0.551123
vn -0.000000 0.000000 1.000000
vn 0.000000 -0.000000 -1.000000
vn 0.823877 0.132252 -0.551123
vn 0.410278 0.726592 -0.551123
vn -0.312268 0.773791 -0.551123
vn -0.799669 0.238310 -0.551124
vn -0.684906 -0.476621 -0.551123
vn -0.054392 -0.832649 -0.551123
vn 0.617078 -0.561675 -0.551123
vn 1.000000 0.000000 -0.000000
vn 0.623488 0.781833 0.000000
vn -0.222523 0.974927 0.000000
vn -0.900969 0.433884 0.000001
vn -0.900969 -0.433883 -0.000001
vn -0.222521 -0.974928 0.000000
vn 0.623490 -0.781831 -0.000000
vn 0.823877 -0.132252 0.551122
vn 0.617077 0.561675 0.551123
vn -0.054395 0.832650 0.551122
vn -0.684906 0.476621 0.551122
vn -0.799669 -0.238310 0.551124
vn -0.312267 -0.773791 0.551123
vn 0.410279 -0.726591 0.551123
vn 0.000000 -0.000000 1.000000
vn 0.000000 0.000000 -1.000000
vn 0.823877 0.132252 -0.551122
vn 0.410279 0.726591 -0.551123
vn -0.312266 0.773792 -0.551122
vn -0.799669 0.238312 -0.551123
vn -0.684904 -0.476623 -0.551123
vn -0.054393 -0.832649 -0.551123
vn 0.617079 -0.561674 -0.551123
vn 1.000000 0.000000 0.000000
vn 0.623490 0.781832 -0.000000
vn -0.222521 0.974928 0.000000
vn -0.900968 0.433885 -0.000000
vn -0.900969 -0.433884 0.000001
vn -0.222521 -0.974928 -0.000000
vn 0.623490 -0.781831 -0.000000
vn 0.823877 -0.132252 0.551122
vn 0.617079 0.561674 0.551123
vn -0.054393 0.832650 0.551122
vn -0.684904 0.476623 0.551123
vn -0.799669 -0.238312 0.551123
vn -0.312267 -0.773791 0.551123
vn 0.410280 -0.726591 0.551123
vn 0.000000 -0.000000 1.000000
vn 0.000000 0.000000 -1.000000
vn 0.823876 0.132252 -0.551124
vn 0.410280 0.726590 -0.551123
vn -0.312267 0.773791 -0.551123
vn -0.799670 0.238311 -0.551122
vn -0.684905 -0.476622 -0.551122
vn -0.054393 -0.832650 -0.551122
vn 0.617078 -0.561674 -0.551124
vn 1.000000 0.000000 0.000000
vn 0.623490 0.781831 -0.000001
vn -0.222521 0.974928 0.000000
vn -0.900969 0.433883 -0.000000
vn -0.900969 -0.433883 0.000000
vn -0.222521 -0.974928 -0.000000
vn 0.623489 -0.781832 0.000000
vn 0.823876 -0.132253 0.551124
vn 0.617078 0.561673 0.551124
vn -0.054393 0.832649 0.551123
vn -0.684905 0.476622 0.551123
vn -0.799670 -0.238311 0.551122
vn -0.312267 -0.773791 0.551123
vn 0.410279 -0.726591 0.551123
vn 0.000000 0.000000 1.000000
vn 0.000000 0.000000 -1.000000
vn 0.823877 0.132253 -0.551123
vn 0.410280 0.726591 -0.551122
vn -0.312267 0.773791 -0.551123
vn -0.799669 0.238310 -0.551123
vn -0.684905 -0.476621 -0.551123
vn -0.054393 -0.832649 -0.551123
vn 0.617078 -0.561675 -0.551123
vn 1.000000 0.000000 -0.000000
vn 0.623490 0.781832 0.000000
vn -0.222521 0.974928 0.000000
vn -0.900969 0.433883 0.000001
vn -0.900969 -0.433884 -0.000001
vn -0.222521 -0.974928 -0.000000
vn 0.623490 -0.781832 -0.000000
vn 0.823877 -0.132253 0.551123
vn 0.617078 0.561675 0.551122
vn -0.054393 0.832649 0.551123
vn -0.684906 0.476621 0.551123
vn -0.799669 -0.238310 0.551123
vn -0.312267 -0.773791 0.551123
vn 0.410279 -0.726591 0.551123
vn 0.000000 0.000000 1.000000
vn 0.000000 -0.000000 -1.000000
vn 0.823878 0.132253 -0.551121
vn 0.410280 0.726591 -0.551122
vn -0.312266 0.773792 -0.551122
vn -0.799668 0.238313 -0.551124
vn -0.684902 -0.476625 -0.551124
vn -0.054393 -0.832649 -0.551123
vn 0.617078 -0.561677 -0.551120
vn 1.000000 0.000000 0.000000
vn 0.623491 0.781831 0.000001
vn -0.222521 0.974928 0.000000
vn -0.900967 0.433887 -0.000000
vn -0.900967 -0.433887 0.000000
vn -0.222520 -0.974928 -0.000000
vn 0.623491 -0.781831 -0.000001
vn 0.823878 -0.132253 0.551121
vn 0.617078 0.561677 0.551121
vn -0.054393 0.832649 0.551124
vn -0.684902 0.476625 0.551124
vn -0.799668 -0.238313 0.551124
vn -0.312266 -0.773792 0.551122
vn 0.410280 -0.726591 0.551122
vn 0.000000 0.000000 1.000000
vn 0.000000 0.000000 -1.000000
vn 0.823877 0.132253 -0.551122
vn 0.410278 0.726592 -0.551123
vn -0.312267 0.773791 -0.551123
vn -0.799671 0.238312 -0.551121
vn -0.684906 -0.476621 -0.551122
vn -0.054392 -0.832650 -0.551123
vn 0.617077 -0.561676 -0.551122
vn 1.000000 -0.000000 0.000000
vn 0.623489 0.781832 0.000000
vn -0.222521 0.974928 -0.000000
vn -0.900970 0.433882 -0.000001
vn -0.900970 -0.433882 0.000001
vn -0.222521 -0.974928 0.000001
vn 0.623489 -0.781832 -0.000000
vn 0.823877 -0.132253 0.551122
vn 0.617078 0.561676 0.551122
vn -0.054393 0.832649 0.551123
vn -0.684906 0.476621 0.551123
vn -0.799671 -0.238312 0.551121
vn -0.312267 -0.773792 0.551122
vn 0.410279 -0.726592 0.551122
vn 0.000000 -0.000000 1.000000
vn 0.000000 0.000000 -1.000000
vn 0.823873 0.132252 -0.551129
vn 0.410279 0.726590 -0.551124
vn -0.312270 0.773789 -0.551124
vn -0.799671 0.238311 -0.551121
vn -0.684907 -0.476620 -0.551122
vn -0.054392 -0.832650 -0.551122
vn 0.617078 -0.561671 -0.551126
vn 1.000000 0.000000 0.000000
vn 0.623488 0.781833 -0.000003
vn -0.222522 0.974928 0.000000
vn -0.900971 0.433879 -0.000001
vn -0.900971 -0.433880 0.000001
vn -0.222521 -0.974928 -0.000000
vn 0.623487 -0.781833 0.000003
vn 0.823873 -0.132252 0.551129
vn 0.617079 0.561670 0.551127
vn -0.054393 0.832650 0.551122
vn -0.684908 0.476619 0.551122
vn -0.799671 -0.238311 0.551121
vn -0.312269 -0.773790 0.551123
vn 0.410279 -0.726591 0.551123
vn 0.000000 0.000000 1.000000
vn 0.000000 0.000000 -1.000000
vn 0.823876 0.132253 -0.551124
vn 0.410279 0.726590 -0.551124
vn -0.312267 0.773792 -0.551121
vn -0.799670 0.238312 -0.551122
vn -0.684906 -0.476623 -0.551121
vn -0.054393 -0.832650 -0.551123
vn 0.617077 -0.561677 -0.551122
vn 1.000000 0.000000 -0.000000
vn 0.623490 0.781831 0.000000
vn -0.222521 0.974928 0.000000
vn -0.900968 0.433885 0.000000
vn -0.900968 -0.433885 -0.000000
vn -0.222522 -0.974928 -0.000000
vn 0.623490 -0.781831 -0.000001
vn 0.823875 -0.132253 0.551125
vn 0.617077 0.561677 0.551122
vn -0.054393 0.832650 0.551122
vn -0.684905 0.476624 0.551122
vn -0.799670 -0.238311 0.551122
vn -0.312268 -0.773792 0.551121
vn 0.410279 -0.726590 0.551124
vn -0.000000 0.000000 1.000000
vn 0.000000 -0.000000 -1.000000
vn 0.823879 0.132254 -0.551120
vn 0.410278 0.726592 -0.551123
vn -0.312264 0.773792 -0.551123
vn -0.799669 0.238309 -0.551125
vn -0.684905 -0.476623 -0.551123
vn -0.054393 -0.832649 -0.551123
vn 0.617076 -0.561679 -0.551120
vn 1.000000 0.000000 -0.000000
vn 0.623490 0.781831 0.000002
vn -0.222520 0.974928 -0.000000
vn -0.900967 0.433887 0.000002
vn -0.900968 -0.433886 -0.000002
vn -0.222522 -0.974928 0.000001
vn 0.623490 -0.781831 -0.000002
vn 0.823879 -0.132254 0.551120
vn 0.617076 0.561679 0.551120
vn -0.054393 0.832649 0.551123
vn -0.684904 0.476623 0.551124
vn -0.799669 -0.238309 0.551125
vn -0.312266 -0.773792 0.551122
vn 0.410278 -0.726592 0.551123
vn 0.000000 0.000000 1.000000
vn 0.000000 0.000000 -1.000000
vn 0.823876 0.132257 -0.551122
vn 0.410285 0.726589 -0.551122
vn -0.312267 0.773792 -0.551122
vn -0.799671 0.238318 -0.551118
vn -0.684903 -0.476626 -0.551122
vn -0.054393 -0.832649 -0.551124
vn 0.617078 -0.561676 -0.551121
vn 1.000000 0.000000 -0.000000
vn 0.623491 0.781830 -0.000001
vn -0.222522 0.974928 -0.000000
vn -0.900969 0.433884 -0.000004
vn -0.900969 -0.433884 0.000004
vn -0.222521 -0.974928 0.000001
vn 0.623489 -0.781832 0.000001
vn 0.823876 -0.132257 0.551123
vn 0.617079 0.561675 0.551121
vn -0.054391 0.832649 0.551124
vn -0.684904 0.476625 0.551121
vn -0.799671 -0.238318 0.551118
vn -0.312266 -0.773793 0.551122
vn 0.410282 -0.726591 0.551121
vn 0.000000 0.000000 1.000000
vn -0.000000 0.000000 -1.000000
vn 0.823876 0.132254 -0.551124
vn 0.410282 0.726589 -0.551124
vn -0.312267 0.773792 -0.551122
vn -0.799669 0.238309 -0.551124
vn -0.684905 -0.476624 -0.551121
vn -0.054393 -0.832649 -0.551123
vn 0.617077 -0.561675 -0.551123
vn 1.000000 0.000000 0.000000
vn 0.623492 0.781830 -0.000001
vn -0.222522 0.974928 -0.000000
vn -0.900967 0.433887 0.000002
vn -0.900967 -0.433887 -0.000002
vn -0.222522 -0.974928 0.000000
vn 0.623491 -0.781831 0.000001
vn 0.823876 -0.132254 0.551124
vn 0.617078 0.561674 0.551123
vn -0.054393 0.832649 0.551124
vn -0.684905 0.476623 0.551122
vn -0.799669 -0.238310 0.551124
vn -0.312267 -0.773793 0.551121
vn 0.410281 -0.726590 0.551123
vn 0.000000 0.000000 1.000000
vn 0.000000 0.000000 -1.000000
vn 0.823878 0.132251 -0.551122
vn 0.410277 0.726592 -0.551123
vn -0.312265 0.773792 -0.551123
vn -0.799669 0.238311 -0.551124
vn -0.684905 -0.476622 -0.551123
vn -0.054393 -0.832649 -0.551123
vn 0.617079 -0.561673 -0.551123
vn 1.000000 -0.000000 -0.000000
vn 0.623489 0.781832 0.000001
vn -0.222520 0.974928 -0.000000
vn -0.900968 0.433885 0.000000
vn -0.900969 -0.433884 -0.000000
vn -0.222521 -0.974928 0.000000
vn 0.623490 -0.781831 -0.000001
vn 0.823878 -0.132251 0.551122
vn 0.617078 0.561674 0.551123
vn -0.054394 0.832650 0.551122
vn -0.684904 0.476623 0.551123
vn -0.799669 -0.238311 0.551124
vn -0.312266 -0.773791 0.551124
vn 0.410279 -0.726591 0.551123
vn 0.000000 -0.000000 1.000000
vn -0.000000 0.000000 -1.000000
vn 0.823876 0.132256 -0.551123
vn 0.410279 0.726593 -0.551120
vn -0.312267 0.773789 -0.551125
vn -0.799668 0.238307 -0.551126
vn -0.684905 -0.476620 -0.551125
vn -0.054395 -0.832650 -0.551122
vn 0.617076 -0.561677 -0.551122
vn 1.000000 0.000000 -0.000000
vn 0.623487 0.781834 0.000000
vn -0.222520 0.974928 0.000002
vn -0.900970 0.433881 0.000002
vn -0.900970 -0.433882 -0.000002
vn -0.222523 -0.974927 -0.000001
vn 0.623487 -0.781834 0.000000
vn 0.823877 -0.132255 0.551122
vn 0.617076 0.561679 0.551120
vn -0.054393 0.832650 0.551122
vn -0.684906 0.476618 0.551125
vn -0.799668 -0.238308 0.551126
vn -0.312268 -0.773790 0.551124
vn 0.410276 -0.726593 0.551123
vn 0.000000 -0.000000 1.000000
vn 0.000000 -0.000000 -1.000000
vn 0.823876 0.132253 -0.551123
vn 0.410278 0.726591 -0.551123
vn -0.312267 0.773792 -0.551122
vn -0.799670 0.238310 -0.551122
vn -0.684906 -0.476622 -0.551121
vn -0.054392 -0.832649 -0.551123
vn 0.617078 -0.561675 -0.551123
vn 1.000000 0.000000 -0.000000
vn 0.623489 0.781832 0.000001
vn -0.222521 0.974928 0.000000
vn -0.900969 0.433884 0.000001
vn -0.900969 -0.433884 -0.000001
vn -0.222522 -0.974928 0.000001
vn 0.623490 -0.781831 -0.000000
vn 0.823877 -0.132253 0.551123
vn 0.617076 0.561678 0.551121
vn -0.054393 0.832650 0.551122
vn -0.684906 0.476622 0.551122
vn -0.799670 -0.238310 0.551122
vn -0.312266 -0.773793 0.551121
vn 0.410279 -0.726591 0.551123
vn 0.000000 -0.000000 1.000000
vn 0.000000 0.000000 -1.000000
vn 0.823879 0.132251 -0.551120
vn 0.410281 0.726589 -0.551125
vn -0.312266 0.773793 -0.551121
vn -0.799671 0.238314 -0.551120
vn -0.684904 -0.476626 -0.551122
vn -0.054392 -0.832650 -0.551121
vn 0.617078 -0.561675 -0.551123
vn 1.000000 -0.000000 0.000000
vn 0.623494 0.781828 0.000000
vn -0.222521 0.974928 -0.000002
vn -0.900968 0.433885 -0.000001
vn -0.900968 -0.433886 0.000001
vn -0.222518 -0.974929 0.000001
vn 0.623490 -0.781831 -0.000001
vn 0.823879 -0.132251 0.551121
vn 0.617080 0.561670 0.551125
vn -0.054392 0.832649 0.551124
vn -0.684905 0.476624 0.551121
vn -0.799671 -0.238314 0.551120
vn -0.312263 -0.773795 0.551120
vn 0.410279 -0.726592 0.551122
vn 0.000000 0.000000 1.000000
vn 0.000000 0.000000 -1.000000
vn 0.823876 0.132252 -0.551125
vn 0.410280 0.726591 -0.551122
vn -0.312266 0.773793 -0.551122
vn -0.799665 0.238317 -0.551126
vn -0.684899 -0.476627 -0.551126
vn -0.054392 -0.832649 -0.551123
vn 0.617078 -0.561674 -0.551124
vn 1.000000 0.000000 0.000000
vn 0.623489 0.781832 -0.000001
vn -0.222519 0.974928 0.000000
vn -0.900966 0.433890 -0.000002
vn -0.900966 -0.433890 0.000002
vn -0.222519 -0.974928 -0.000000
vn 0.623489 -0.781832 0.000001
vn 0.823876 -0.132252 0.551124
vn 0.617078 0.561674 0.551124
vn -0.054392 0.832649 0.551123
vn -0.684899 0.476627 0.551126
vn -0.799666 -0.238317 0.551126
vn -0.312266 -0.773793 0.551122
vn 0.410280 -0.726591 0.551122
vn 0.000000 0.000000 1.000000
vn -0.000000 0.000000 -1.000000
vn 0.823877 0.132253 -0.551122
vn 0.410282 0.726590 -0.551122
vn -0.312268 0.773791 -0.551124
vn -0.799668 0.238309 -0.551125
vn -0.684904 -0.476622 -0.551124
vn -0.054394 -0.832650 -0.551122
vn 0.617079 -0.561674 -0.551122
vn 1.000000 0.000000 -0.000000
vn 0.623492 0.781830 -0.000001
vn -0.222521 0.974928 0.000001
vn -0.900969 0.433884 0.000001
vn -0.900968 -0.433885 -0.000001
vn -0.222521 -0.974928 -0.000001
vn 0.623489 -0.781832 0.000000
vn 0.823877 -0.132253 0.551122
vn 0.617080 0.561673 0.551122
vn -0.054393 0.832649 0.551123
vn -0.684905 0.476622 0.551124
vn -0.799668 -0.238309 0.551125
vn -0.312266 -0.773791 0.551123
vn 0.410279 -0.726592 0.551122
vn -0.000000 0.000000 1.000000
vn 0.000000 0.000000 -1.000000
vn 0.823874 0.132256 -0.551126
vn 0.410278 0.726592 -0.551123
vn -0.312266 0.773792 -0.551123
vn -0.799671 0.238309 -0.551122
vn -0.684908 -0.476619 -0.551122
vn -0.054391 -0.832650 -0.551123
vn 0.617073 -0.561681 -0.551122
vn 1.000000 0.000000 0.000000
vn 0.623487 0.781834 -0.000001
vn -0.222521 0.974928 -0.000001
vn -0.900970 0.433881 0.000001
vn -0.900971 -0.433880 -0.000000
vn -0.222521 -0.974928 0.000001
vn 0.623486 -0.781835 -0.000000
vn 0.823874 -0.132257 0.551126
vn 0.617075 0.561678 0.551123
vn -0.054393 0.832650 0.551122
vn -0.684907 0.476620 0.551122
vn -0.799672 -0.238309 0.551121
vn -0.312268 -0.773791 0.551122
vn 0.410277 -0.726593 0.551122
vn 0.000000 0.000000 1.000000
vn 0.000000 0.000000 -1.000000
vn 0.823875 0.132255 -0.551125
vn 0.410281 0.726591 -0.551121
vn -0.312268 0.773791 -0.551123
vn -0.799670 0.238310 -0.551122
vn -0.684906 -0.476620 -0.551123
vn -0.054393 -0.832650 -0.551122
vn 0.617078 -0.561675 -0.551123
vn 1.000000 0.000000 0.000000
vn 0.623488 0.781833 -0.000002
vn -0.222521 0.974928 0.000001
vn -0.900970 0.433881 0.000000
vn -0.900970 -0.433881 -0.000000
vn -0.222521 -0.974928 -0.000001
vn 0.623488 -0.781833 0.000002
vn 0.823875 -0.132255 0.551125
vn 0.617078 0.561675 0.551123
vn -0.054393 0.832650 0.551122
vn -0.684906 0.476620 0.551123
vn -0.799670 -0.238310 0.551122
vn -0.312268 -0.773791 0.551123
vn 0.410281 -0.726591 0.551121
vn 0.000000 -0.000000 1.000000
vn 0.000000 0.000000 -1.000000
vn 0.823876 0.132254 -0.551123
vn 0.410278 0.726591 -0.551123
vn -0.312268 0.773790 -0.551124
vn -0.799669 0.238306 -0.551126
vn -0.684906 -0.476621 -0.551122
vn -0.054393 -0.832650 -0.551122
vn 0.617076 -0.561679 -0.551122
vn 1.000000 -0.000000 -0.000000
vn 0.623490 0.781832 0.000001
vn -0.222520 0.974928 0.000001
vn -0.900968 0.433885 0.000002
vn -0.900968 -0.433885 -0.000003
vn -0.222522 -0.974928 0.000001
vn 0.623488 -0.781833 -0.000000
vn 0.823876 -0.132254 0.551124
vn 0.617076 0.561679 0.551122
vn -0.054394 0.832649 0.551124
vn -0.684905 0.476620 0.551125
vn -0.799669 -0.238307 0.551125
vn -0.312265 -0.773793 0.551121
vn 0.410277 -0.726593 0.551123
vn 0.000000 0.000000 1.000000
vn 0.000000 0.000000 -1.000000
vn 0.823876 0.132257 -0.551124
vn 0.410281 0.726592 -0.551120
vn -0.312268 0.773791 -0.551122
vn -0.799669 0.238309 -0.551125
vn -0.684905 -0.476622 -0.551123
vn -0.054395 -0.832650 -0.551121
vn 0.617077 -0.561680 -0.551119
vn 1.000000 -0.000000 0.000000
vn 0.623488 0.781833 -0.000001
vn -0.222521 0.974928 0.000002
vn -0.900969 0.433884 0.000002
vn -0.900969 -0.433884 -0.000002
vn -0.222521 -0.974928 -0.000002
vn 0.623488 -0.781833 0.000001
vn 0.823875 -0.132257 0.551124
vn 0.617076 0.561679 0.551119
vn -0.054395 0.832650 0.551122
vn -0.684905 0.476622 0.551123
vn -0.799668 -0.238309 0.551125
vn -0.312268 -0.773791 0.551122
vn 0.410281 -0.726592 0.551120
vn 0.000000 0.000000 1.000000
vn 0.000000 0.000000 -1.000000
vn 0.823878 0.132250 -0.551121
vn 0.410279 0.726590 -0.551124
vn -0.312265 0.773791 -0.551124
vn -0.799670 0.238308 -0.551123
vn -0.684907 -0.476622 -0.551120
vn -0.054392 -0.832652 -0.551119
vn 0.617077 -0.561676 -0.551123
vn 1.000000 0.000000 0.000001
vn 0.623491 0.781830 0.000001
vn -0.222520 0.974928 -0.000000
vn -0.900969 0.433883 0.000002
vn -0.900969 -0.433884 -0.000002
vn -0.222520 -0.974928 0.000000
vn 0.623488 -0.781833 -0.000001
vn 0.823878 -0.132250 0.551121
vn 0.617079 0.561673 0.551124
vn -0.054392 0.832649 0.551123
vn -0.684908 0.476620 0.551121
vn -0.799671 -0.238309 0.551122
vn -0.312266 -0.773793 0.551120
vn 0.410278 -0.726593 0.551121
vn 0.000000 0.000000 1.000000
vn 0.000000 0.000000 -1.000000
vn 0.823878 0.132251 -0.551121
vn 0.410279 0.726591 -0.551124
vn -0.312270 0.773789 -0.551124
vn -0.799668 0.238312 -0.551124
vn -0.684904 -0.476624 -0.551123
vn -0.054394 -0.832651 -0.551121
vn 0.617079 -0.561673 -0.551124
vn 1.000000 -0.000000 -0.000000
vn 0.623490 0.781831 0.000001
vn -0.222523 0.974927 0.000001
vn -0.900969 0.433884 -0.000001
vn -0.900968 -0.433886 -0.000001
vn -0.222521 -0.974928 0.000002
vn 0.623487 -0.781834 0.000001
vn 0.823878 -0.132251 0.551122
vn 0.617079 0.561673 0.551124
vn -0.054396 0.832649 0.551123
vn -0.684905 0.476622 0.551124
vn -0.799668 -0.238312 0.551124
vn -0.312262 -0.773795 0.551121
vn 0.410276 -0.726594 0.551122
vn 0.000000 0.000000 1.000000
vn 0.000000 0.000000 -1.000000
vn 0.823877 0.132253 -0.551122
vn 0.410279 0.726590 -0.551124
vn -0.312266 0.773793 -0.551121
vn -0.799671 0.238308 -0.551123
vn -0.684903 -0.476623 -0.551125
vn -0.054390 -0.832650 -0.551123
vn 0.617077 -0.561677 -0.551122
vn 1.000000 0.000000 -0.000000
vn 0.623491 0.781831 0.000002
vn -0.222521 0.974928 -0.000001
vn -0.900969 0.433884 0.000002
vn -0.900968 -0.433886 -0.000002
vn -0.222514 -0.974929 -0.000001
vn 0.623491 -0.781831 -0.000002
vn 0.823877 -0.132253 0.551122
vn 0.617077 0.561677 0.551122
vn -0.054390 0.832650 0.551122
vn -0.684907 0.476622 0.551121
vn -0.799669 -0.238308 0.551125
vn -0.312261 -0.773793 0.551124
vn 0.410279 -0.726591 0.551124
vn 0.000000 0.000000 1.000000
vn 0.000000 0.000000 -1.000000
vn 0.823875 0.132255 -0.551125
vn 0.410275 0.726591 -0.551126
vn -0.312265 0.773793 -0.551121
vn -0.799673 0.238311 -0.551118
vn -0.684910 -0.476622 -0.551117
vn -0.054387 -0.832650 -0.551122
vn 0.617074 -0.561680 -0.551122
vn 1.000000 -0.000000 0.000001
vn 0.623487 0.781834 -0.000001
vn -0.222523 0.974928 -0.000001
vn -0.900969 0.433883 -0.000000
vn -0.900970 -0.433881 0.000000
vn -0.222520 -0.974928 0.000003
vn 0.623487 -0.781834 -0.000000
vn 0.823874 -0.132256 0.551127
vn 0.617075 0.561676 0.551125
vn -0.054398 0.832650 0.551122
vn -0.684907 0.476623 0.551120
vn -0.799674 -0.238312 0.551116
vn -0.312264 -0.773795 0.551119
vn 0.410280 -0.726592 0.551121
vn 0.000000 0.000000 1.000000
vn 0.000000 0.000000 -1.000000
vn 0.823877 0.132252 -0.551122
vn 0.410279 0.726592 -0.551122
vn -0.312267 0.773791 -0.551123
vn -0.799671 0.238313 -0.551120
vn -0.684904 -0.476624 -0.551122
vn -0.054395 -0.832650 -0.551122
vn 0.617080 -0.561671 -0.551124
vn 1.000000 -0.000000 -0.000000
vn 0.623489 0.781832 0.000002
vn -0.222519 0.974928 0.000000
vn -0.900970 0.433882 -0.000002
vn -0.900969 -0.433884 0.000001
vn -0.222520 -0.974928 -0.000000
vn 0.623490 -0.781831 0.000001
vn 0.823878 -0.132251 0.551121
vn 0.617077 0.561676 0.551122
vn -0.054391 0.832650 0.551122
vn -0.684905 0.476623 0.551122
vn -0.799670 -0.238313 0.551121
vn -0.312264 -0.773792 0.551123
vn 0.410279 -0.726591 0.551123
vn 0.000000 -0.000000 1.000000
vn 0.000000 0.000000 -1.000000
vn 0.823877 0.132253 -0.551123
vn 0.410274 0.726594 -0.551124
vn -0.312265 0.773793 -0.551121
vn -0.799669 0.238309 -0.551125
vn -0.684905 -0.476619 -0.551125
vn -0.054394 -0.832649 -0.551124
vn 0.617077 -0.561676 -0.551122
vn 1.000000 -0.000000 0.000000
vn 0.623486 0.781834 0.000002
vn -0.222522 0.974928 -0.000002
vn -0.900968 0.433885 0.000002
vn -0.900969 -0.433884 -0.000002
vn -0.222520 -0.974928 -0.000003
vn 0.623492 -0.781830 -0.000001
vn 0.823878 -0.132253 0.551121
vn 0.617075 0.561679 0.551122
vn -0.054392 0.832650 0.551122
vn -0.684904 0.476623 0.551123
vn -0.799668 -0.238307 0.551127
vn -0.312269 -0.773787 0.551127
vn 0.410282 -0.726589 0.551123
vn 0.000000 0.000000 1.000000
vn 0.000000 0.000000 -1.000000
vn 0.823878 0.132253 -0.551120
vn 0.410283 0.726591 -0.551120
vn -0.312268 0.773790 -0.551124
vn -0.799669 0.238310 -0.551124
vn -0.684904 -0.476620 -0.551126
vn -0.054399 -0.832648 -0.551124
vn 0.617081 -0.561671 -0.551123
vn 1.000000 0.000000 -0.000001
vn 0.623491 0.781831 -0.000000
vn -0.222522 0.974928 -0.000001
vn -0.900971 0.433880 -0.000000
vn -0.900970 -0.433882 0.000000
vn -0.222525 -0.974927 -0.000001
vn 0.623491 -0.781831 0.000001
vn 0.823879 -0.132253 0.551119
vn 0.617080 0.561674 0.551121
vn -0.054389 0.832649 0.551124
vn -0.684907 0.476619 0.551123
vn -0.799668 -0.238310 0.551125
vn -0.312269 -0.773788 0.551126
vn 0.410279 -0.726591 0.551124
vn 0.000000 0.000000 1.000000
vn 0.000000 -0.000000 -1.000000
vn 0.823878 0.132255 -0.551121
vn 0.410276 0.726594 -0.551122
vn -0.312268 0.773794 -0.551118
vn -0.799671 0.238316 -0.551118
vn -0.684910 -0.476619 -0.551119
vn -0.054392 -0.832647 -0.551127
vn 0.617080 -0.561675 -0.551120
vn 1.000000 -0.000000 0.000000
vn 0.623487 0.781834 0.000000
vn -0.222526 0.974927 -0.000001
vn -0.900968 0.433886 -0.000002
vn -0.900970 -0.433881 0.000002
vn -0.222526 -0.974927 0.000001
vn 0.623494 -0.781828 0.000000
vn 0.823878 -0.132255 0.551121
vn 0.617077 0.561679 0.551120
vn -0.054398 0.832651 0.551120
vn -0.684905 0.476626 0.551120
vn -0.799671 -0.238314 0.551119
vn -0.312272 -0.773789 0.551123
vn 0.410287 -0.726588 0.551122
vn 0.000000 -0.000000 1.000000
vn -0.000000 -0.000000 -1.000000
vn 0.823879 0.132254 -0.551120
vn 0.410281 0.726593 -0.551119
vn -0.312264 0.773790 -0.551126
vn -0.799668 0.238313 -0.551124
vn -0.684905 -0.476621 -0.551124
vn -0.054401 -0.832648 -0.551125
vn 0.617077 -0.561675 -0.551123
vn 1.000000 0.000000 -0.000001
vn 0.623488 0.781833 0.000002
vn -0.222518 0.974929 -0.000001
vn -0.900970 0.433882 -0.000002
vn -0.900969 -0.433883 0.000002
vn -0.222528 -0.974926 0.000000
vn 0.623488 -0.781833 -0.000001
vn 0.823880 -0.132253 0.551118
vn 0.617077 0.561680 0.551119
vn -0.054387 0.832648 0.551125
vn -0.684905 0.476621 0.551124
vn -0.799669 -0.238313 0.551124
vn -0.312271 -0.773788 0.551125
vn 0.410275 -0.726593 0.551124
vn -0.000000 -0.000000 1.000000
vn 0.000000 0.000000 -1.000000
vn 0.823879 0.132249 -0.551121
vn 0.410279 0.726591 -0.551123
vn -0.312270 0.773791 -0.551122
vn -0.799668 0.238312 -0.551124
vn -0.684904 -0.476624 -0.551123
vn -0.054396 -0.832651 -0.551120
vn 0.617079 -0.561675 -0.551121
vn 1.000000 -0.000000 0.000000
vn 0.623492 0.781830 0.000001
vn -0.222523 0.974927 0.000001
vn -0.900968 0.433886 0.000000
vn -0.900967 -0.433887 -0.000000
vn -0.222521 -0.974928 -0.000001
vn 0.623489 -0.781832 -0.000001
vn 0.823878 -0.132249 0.551122
vn 0.617080 0.561672 0.551123
vn -0.054396 0.832650 0.551122
vn -0.684905 0.476623 0.551122
vn -0.799668 -0.238312 0.551124
vn -0.312268 -0.773792 0.551121
vn 0.410277 -0.726593 0.551121
vn 0.000000 0.000000 1.000000
vn 0.000000 -0.000000 -1.000000
vn 0.823879 0.132254 -0.551118
vn 0.410281 0.726590 -0.551124
vn -0.312266 0.773791 -0.551124
vn -0.799668 0.238312 -0.551125
vn -0.684904 -0.476623 -0.551124
vn -0.054392 -0.832650 -0.551122
vn 0.617076 -0.561681 -0.551118
vn 1.000000 0.000000 0.000000
vn 0.623492 0.781829 0.000002
vn -0.222521 0.974928 0.000000
vn -0.900968 0.433885 -0.000000
vn -0.900968 -0.433885 0.000000
vn -0.222521 -0.974928 -0.000000
vn 0.623489 -0.781832 -0.000002
vn 0.823879 -0.132255 0.551119
vn 0.617079 0.561677 0.551120
vn -0.054392 0.832648 0.551125
vn -0.684903 0.476623 0.551125
vn -0.799669 -0.238312 0.551123
vn -0.312267 -0.773792 0.551122
vn 0.410279 -0.726593 0.551121
vn 0.000000 -0.000000 1.000000
vn 0.000000 -0.000000 -1.000000
vn 0.823877 0.132254 -0.551122
vn 0.410281 0.726592 -0.551120
vn -0.312264 0.773793 -0.551122
vn -0.799670 0.238310 -0.551122
vn -0.684905 -0.476621 -0.551124
vn -0.054394 -0.832649 -0.551124
vn 0.617076 -0.561680 -0.551120
vn 1.000000 -0.000000 0.000000
vn 0.623489 0.781832 -0.000000
vn -0.222518 0.974928 -0.000001
vn -0.900969 0.433883 0.000000
vn -0.900969 -0.433883 0.000001
vn -0.222520 -0.974928 -0.000000
vn 0.623488 -0.781833 -0.000001
vn 0.823877 -0.132254 0.551121
vn 0.617077 0.561678 0.551120
vn -0.054390 0.832649 0.551123
vn -0.684906 0.476622 0.551123
vn -0.799670 -0.238310 0.551122
vn -0.312267 -0.773791 0.551123
vn 0.410278 -0.726593 0.551121
vn 0.000000 -0.000000 1.000000
vn 0.000000 0.000000 -1.000000
vn 0.823879 0.132253 -0.551120
vn 0.410281 0.726593 -0.551119
vn -0.312266 0.773793 -0.551121
vn -0.799670 0.238309 -0.551123
vn -0.684905 -0.476621 -0.551124
vn -0.054389 -0.832649 -0.551124
vn 0.617081 -0.561672 -0.551122
vn 1.000000 -0.000000 -0.000001
vn 0.623489 0.781832 -0.000000
vn -0.222519 0.974928 0.000001
vn -0.900969 0.433883 0.000001
vn -0.900969 -0.433883 -0.000001
vn -0.222518 -0.974929 0.000001
vn 0.623493 -0.781829 0.000000
vn 0.823879 -0.132252 0.551120
vn 0.617078 0.561676 0.551121
vn -0.054393 0.832651 0.551120
vn -0.684906 0.476621 0.551123
vn -0.799669 -0.238309 0.551124
vn -0.312262 -0.773793 0.551124
vn 0.410283 -0.726590 0.551122
vn 0.000000 0.000000 1.000000
vn 0.000000 -0.000000 -1.000000
vn 0.823882 0.132253 -0.551115
vn 0.410283 0.726590 -0.551122
vn -0.312266 0.773792 -0.551123
vn -0.799666 0.238314 -0.551126
vn -0.684901 -0.476626 -0.551125
vn -0.054393 -0.832648 -0.551125
vn 0.617082 -0.561673 -0.551120
vn 1.000000 0.000000 0.000000
vn 0.623494 0.781828 0.000001
vn -0.222523 0.974928 0.000000
vn -0.900966 0.433889 -0.000001
vn -0.900966 -0.433889 0.000001
vn -0.222523 -0.974928 -0.000000
vn 0.623494 -0.781828 -0.000001
vn 0.823882 -0.132253 0.551115
vn 0.617082 0.561673 0.551120
vn -0.054393 0.832648 0.551125
vn -0.684901 0.476626 0.551125
vn -0.799666 -0.238314 0.551126
vn -0.312266 -0.773792 0.551123
vn 0.410283 -0.726590 0.551122
vn 0.000000 -0.000000 1.000000
vn 0.000000 0.000000 -1.000000
vn 0.823876 0.132255 -0.551123
vn 0.410277 0.726592 -0.551123
vn -0.312266 0.773792 -0.551122
vn -0.799671 0.238313 -0.551120
vn -0.684906 -0.476624 -0.551120
vn -0.054393 -0.832648 -0.551125
vn 0.617078 -0.561675 -0.551123
vn 1.000000 -0.000000 -0.000000
vn 0.623488 0.781833 0.000001
vn -0.222521 0.974928 -0.000000
vn -0.900968 0.433885 -0.000002
vn -0.900969 -0.433883 0.000002
vn -0.222524 -0.974927 0.000001
vn 0.623491 -0.781830 -0.000001
vn 0.823877 -0.132254 0.551122
vn 0.617076 0.561679 0.551121
vn -0.054394 0.832649 0.551123
vn -0.684905 0.476624 0.551121
vn -0.799671 -0.238313 0.551120
vn -0.312268 -0.773791 0.551123
vn 0.410279 -0.726589 0.551125
vn -0.000000 -0.000000 1.000000
vn 0.000000 -0.000000 -1.000000
vn 0.823877 0.132253 -0.551123
vn 0.410282 0.726591 -0.551121
vn -0.312269 0.773792 -0.551121
vn -0.799672 0.238313 -0.551118
vn -0.684907 -0.476623 -0.551121
vn -0.054392 -0.832649 -0.551124
vn 0.617081 -0.561672 -0.551123
vn 1.000000 0.000000 -0.000000
vn 0.623491 0.781830 0.000000
vn -0.222521 0.974928 0.000000
vn -0.900970 0.433882 -0.000001
vn -0.900970 -0.433882 0.000001
vn -0.222521 -0.974928 -0.000000
vn 0.623494 -0.781828 0.000000
vn 0.823877 -0.132253 0.551122
vn 0.617079 0.561676 0.551121
vn -0.054392 0.832650 0.551122
vn -0.684907 0.476623 0.551120
vn -0.799672 -0.238313 0.551119
vn -0.312269 -0.773790 0.551123
vn 0.410284 -0.726588 0.551124
vn 0.000000 0.000000 1.000000
vn 0.000000 0.000000 -1.000000
vn 0.823878 0.132254 -0.551121
vn 0.410277 0.726593 -0.551122
vn -0.312268 0.773791 -0.551122
vn -0.799670 0.238308 -0.551123
vn -0.684906 -0.476619 -0.551124
vn -0.054393 -0.832649 -0.551123
vn 0.617079 -0.561676 -0.551121
vn 1.000000 0.000000 0.000000
vn 0.623488 0.781833 0.000000
vn -0.222524 0.974927 -0.000001
vn -0.900970 0.433881 0.000001
vn -0.900970 -0.433881 -0.000001
vn -0.222521 -0.974928 -0.000000
vn 0.623491 -0.781831 0.000001
vn 0.823878 -0.132254 0.551121
vn 0.617077 0.561677 0.551121
vn -0.054396 0.832649 0.551123
vn -0.684906 0.476619 0.551123
vn -0.799670 -0.238308 0.551124
vn -0.312268 -0.773790 0.551124
vn 0.410281 -0.726591 0.551121
vn 0.000000 0.000000 1.000000
vn 0.000000 0.000000 -1.000000
vn 0.823877 0.132252 -0.551122
vn 0.410278 0.726591 -0.551124
vn -0.312266 0.773793 -0.551122
vn -0.799667 0.238313 -0.551125
vn -0.684902 -0.476624 -0.551125
vn -0.054392 -0.832649 -0.551124
vn 0.617078 -0.561676 -0.551121
vn 1.000000 0.000000 0.000000
vn 0.623491 0.781831 0.000000
vn -0.222521 0.974928 -0.000000
vn -0.900967 0.433887 0.000000
vn -0.900967 -0.433887 0.000000
vn -0.222519 -0.974928 -0.000001
vn 0.623491 -0.781831 -0.000001
vn 0.823877 -0.132252 0.551123
vn 0.617078 0.561675 0.551122
vn -0.054394 0.832649 0.551123
vn -0.684902 0.476626 0.551124
vn -0.799668 -0.238312 0.551125
vn -0.312266 -0.773792 0.551123
vn 0.410281 -0.726591 0.551122
vn -0.000000 -0.000000 1.000000
vn 0.000000 0.000000 -1.000000
vn 0.823877 0.132255 -0.551122
vn 0.410280 0.726591 -0.551122
vn -0.312268 0.773791 -0.551123
vn -0.799669 0.238310 -0.551124
vn -0.684905 -0.476621 -0.551123
vn -0.054393 -0.832649 -0.551124
vn 0.617078 -0.561676 -0.551122
vn 1.000000 0.000000 0.000000
vn 0.623489 0.781832 -0.000001
vn -0.222523 0.974928 -0.000000
vn -0.900969 0.433884 0.000001
vn -0.900969 -0.433883 -0.000000
vn -0.222521 -0.974928 -0.000000
vn 0.623489 -0.781832 0.000001
vn 0.823876 -0.132255 0.551123
vn 0.617078 0.561675 0.551122
vn -0.054394 0.832649 0.551123
vn -0.684905 0.476622 0.551123
vn -0.799669 -0.238309 0.551124
vn -0.312268 -0.773791 0.551123
vn 0.410281 -0.726591 0.551121
vn 0.000000 0.000000 1.000000
vn 0.000000 -0.000000 -1.000000
vn 0.823874 0.132252 -0.551127
vn 0.410278 0.726590 -0.551125
vn -0.312266 0.773793 -0.551122
vn -0.799670 0.238314 -0.551122
vn -0.684904 -0.476625 -0.551122
vn -0.054393 -0.832650 -0.551122
vn 0.617077 -0.561673 -0.551125
vn 1.000000 0.000000 0.000000
vn 0.623489 0.781832 -0.000000
vn -0.222520 0.974928 0.000000
vn -0.900968 0.433886 -0.000001
vn -0.900968 -0.433886 0.000001
vn -0.222520 -0.974928 -0.000000
vn 0.623489 -0.781832 0.000000
vn 0.823874 -0.132252 0.551127
vn 0.617077 0.561673 0.551125
vn -0.054393 0.832650 0.551122
vn -0.684904 0.476625 0.551122
vn -0.799670 -0.238314 0.551122
vn -0.312266 -0.773793 0.551122
vn 0.410278 -0.726590 0.551125
vn 0.000000 -0.000000 1.000000
vn 0.000000 0.000000 -1.000000
vn 0.823878 0.132251 -0.551122
vn 0.410279 0.726592 -0.551122
vn -0.312268 0.773791 -0.551122
vn -0.799670 0.238312 -0.551122
vn -0.684905 -0.476622 -0.551123
vn -0.054392 -0.832649 -0.551124
vn 0.617080 -0.561672 -0.551123
vn 1.000000 -0.000000 -0.000000
vn 0.623490 0.781831 0.000000
vn -0.222521 0.974928 -0.000000
vn -0.900969 0.433883 -0.000001
vn -0.900969 -0.433883 0.000001
vn -0.222521 -0.974928 0.000001
vn 0.623492 -0.781830 -0.000000
vn 0.823878 -0.132250 0.551122
vn 0.617079 0.561674 0.551122
vn -0.054393 0.832650 0.551122
vn -0.684906 0.476622 0.551122
vn -0.799670 -0.238312 0.551122
vn -0.312267 -0.773791 0.551123
vn 0.410280 -0.726590 0.551123
vn 0.000000 0.000000 1.000000
vn 0.000000 0.000000 -1.000000
vn 0.823879 0.132253 -0.551120
vn 0.410281 0.726591 -0.551122
vn -0.312266 0.773792 -0.551123
vn -0.799669 0.238313 -0.551123
vn -0.684904 -0.476623 -0.551123
vn -0.054393 -0.832649 -0.551123
vn 0.617080 -0.561676 -0.551120
vn 1.000000 0.000000 0.000000
vn 0.623491 0.781830 0.000000
vn -0.222521 0.974928 0.000000
vn -0.900968 0.433884 -0.000001
vn -0.900969 -0.433884 0.000001
vn -0.222521 -0.974928 -0.000000
vn 0.623491 -0.781831 -0.000000
vn 0.823879 -0.132253 0.551120
vn 0.617080 0.561674 0.551121
vn -0.054393 0.832649 0.551123
vn -0.684904 0.476623 0.551124
vn -0.799669 -0.238313 0.551123
vn -0.312267 -0.773792 0.551122
vn 0.410281 -0.726591 0.551121
vn 0.000000 0.000000 1.000000
vn 0.000000 -0.000000 -1.000000
vn 0.823878 0.132252 -0.551121
vn 0.410279 0.726591 -0.551123
vn -0.312266 0.773790 -0.551125
vn -0.799667 0.238311 -0.551126
vn -0.684903 -0.476621 -0.551126
vn -0.054392 -0.832650 -0.551122
vn 0.617078 -0.561676 -0.551121
vn 1.000000 0.000000 0.000000
vn 0.623490 0.781831 0.000001
vn -0.222520 0.974928 0.000000
vn -0.900969 0.433884 0.000000
vn -0.900969 -0.433884 -0.000000
vn -0.222520 -0.974928 -0.000000
vn 0.623488 -0.781833 -0.000001
vn 0.823878 -0.132252 0.551122
vn 0.617079 0.561674 0.551122
vn -0.054391 0.832649 0.551124
vn -0.684903 0.476621 0.551126
vn -0.799667 -0.238311 0.551126
vn -0.312266 -0.773791 0.551123
vn 0.410277 -0.726593 0.551122
vn 0.000000 -0.000000 1.000000
vn 0.000000 0.000000 -1.000000
vn 0.823877 0.132252 -0.551122
vn 0.410278 0.726592 -0.551122
vn -0.312268 0.773791 -0.551123
vn -0.799668 0.238311 -0.551125
vn -0.684904 -0.476622 -0.551124
vn -0.054393 -0.832650 -0.551123
vn 0.617078 -0.561677 -0.551121
vn 1.000000 0.000000 -0.000000
vn 0.623489 0.781832 0.000001
vn -0.222521 0.974928 0.000001
vn -0.900969 0.433884 0.000001
vn -0.900969 -0.433884 -0.000000
vn -0.222521 -0.974928 -0.000001
vn 0.623489 -0.781832 -0.000001
vn 0.823877 -0.132252 0.551122
vn 0.617078 0.561676 0.551121
vn -0.054393 0.832650 0.551122
vn -0.684904 0.476622 0.551124
vn -0.799668 -0.238311 0.551125
vn -0.312268 -0.773791 0.551123
vn 0.410278 -0.726592 0.551122
vn 0.000000 0.000000 1.000000
vn 0.000000 0.000000 -1.000000
vn 0.823878 0.132253 -0.551121
vn 0.410280 0.726593 -0.551120
vn -0.312267 0.773792 -0.551122
vn -0.799670 0.238309 -0.551123
vn -0.684906 -0.476619 -0.551124
vn -0.054391 -0.832648 -0.551126
vn 0.617080 -0.561672 -0.551123
vn 1.000000 -0.000000 -0.000001
vn 0.623489 0.781832 0.000001
vn -0.222520 0.974928 -0.000000
vn -0.900970 0.433882 0.000001
vn -0.900970 -0.433882 -0.000001
vn -0.222520 -0.974928 0.000000
vn 0.623494 -0.781828 -0.000000
vn 0.823879 -0.132252 0.551120
vn 0.617077 0.561678 0.551120
vn -0.054391 0.832650 0.551122
vn -0.684907 0.476620 0.551123
vn -0.799669 -0.238309 0.551125
vn -0.312266 -0.773789 0.551126
vn 0.410283 -0.726588 0.551124
vn 0.000000 -0.000000 1.000000
vn 0.000000 -0.000000 -1.000000
vn 0.823875 0.132254 -0.551125
vn 0.410277 0.726592 -0.551123
vn -0.312264 0.773795 -0.551120
vn -0.799670 0.238311 -0.551122
vn -0.684905 -0.476621 -0.551124
vn -0.054391 -0.832648 -0.551125
vn 0.617076 -0.561676 -0.551123
vn 1.000000 -0.000000 0.000000
vn 0.623488 0.781833 0.000000
vn -0.222523 0.974928 -0.000003
vn -0.900968 0.433885 0.000001
vn -0.900969 -0.433884 0.000000
vn -0.222520 -0.974928 -0.000001
vn 0.623492 -0.781830 -0.000002
vn 0.823876 -0.132254 0.551123
vn 0.617076 0.561676 0.551123
vn -0.054389 0.832650 0.551123
vn -0.684907 0.476623 0.551120
vn -0.799669 -0.238311 0.551124
vn -0.312268 -0.773789 0.551126
vn 0.410280 -0.726589 0.551125
vn 0.000000 -0.000000 1.000000
vn 0.000000 -0.000000 -1.000000
vn 0.823876 0.132253 -0.551124
vn 0.410280 0.726591 -0.551122
vn -0.312263 0.773794 -0.551122
vn -0.799671 0.238309 -0.551121
vn -0.684904 -0.476624 -0.551122
vn -0.054391 -0.832650 -0.551122
vn 0.617075 -0.561677 -0.551124
vn 1.000000 0.000000 0.000000
vn 0.623489 0.781832 -0.000001
vn -0.222518 0.974929 -0.000001
vn -0.900969 0.433883 0.000002
vn -0.900969 -0.433884 -0.000000
vn -0.222518 -0.974929 0.000001
vn 0.623488 -0.781833 -0.000001
vn 0.823876 -0.132253 0.551124
vn 0.617078 0.561674 0.551124
vn -0.054391 0.832650 0.551122
vn -0.684907 0.476622 0.551121
vn -0.799671 -0.238310 0.551121
vn -0.312263 -0.773794 0.551121
vn 0.410275 -0.726592 0.551124
vn 0.000000 0.000000 1.000000
vn 0.000000 0.000000 -1.000000
vn 0.823876 0.132252 -0.551124
vn 0.410276 0.726592 -0.551124
vn -0.312262 0.773794 -0.551121
vn -0.799671 0.238314 -0.551120
vn -0.684906 -0.476623 -0.551121
vn -0.054391 -0.832650 -0.551122
vn 0.617080 -0.561671 -0.551124
vn 1.000000 0.000000 0.000000
vn 0.623489 0.781832 0.000001
vn -0.222518 0.974929 -0.000001
vn -0.900968 0.433885 -0.000001
vn -0.900969 -0.433884 -0.000001
vn -0.222518 -0.974929 0.000001
vn 0.623491 -0.781830 0.000002
vn 0.823876 -0.132252 0.551124
vn 0.617077 0.561675 0.551124
vn -0.054391 0.832650 0.551122
vn -0.684903 0.476626 0.551122
vn -0.799671 -0.238312 0.551121
vn -0.312262 -0.773795 0.551121
vn 0.410282 -0.726590 0.551122
vn 0.000000 0.000000 1.000000
vn 0.000000 0.000000 -1.000000
vn 0.823876 0.132253 -0.551124
vn 0.410274 0.726591 -0.551126
vn -0.312269 0.773789 -0.551124
vn -0.799670 0.238311 -0.551122
vn -0.684902 -0.476625 -0.551124
vn -0.054401 -0.832649 -0.551123
vn 0.617076 -0.561676 -0.551124
vn 1.000000 0.000000 -0.000000
vn 0.623488 0.781833 0.000000
vn -0.222525 0.974927 0.000002
vn -0.900969 0.433883 -0.000001
vn -0.900969 -0.433884 0.000001
vn -0.222525 -0.974927 -0.000002
vn 0.623488 -0.781833 -0.000000
vn 0.823876 -0.132253 0.551124
vn 0.617076 0.561676 0.551124
vn -0.054402 0.832649 0.551123
vn -0.684902 0.476625 0.551124
vn -0.799670 -0.238311 0.551122
vn -0.312269 -0.773789 0.551124
vn 0.410274 -0.726592 0.551126
vn 0.000000 -0.000000 1.000000
vn 0.000000 -0.000000 -1.000000
vn 0.823877 0.132252 -0.551123
vn 0.410275 0.726594 -0.551122
vn -0.312267 0.773795 -0.551118
vn -0.799671 0.238315 -0.551119
vn -0.684907 -0.476620 -0.551122
vn -0.054398 -0.832646 -0.551127
vn 0.617081 -0.561670 -0.551125
vn 1.000000 0.000000 -0.000001
vn 0.623487 0.781834 0.000002
vn -0.222524 0.974927 -0.000003
vn -0.900968 0.433885 -0.000001
vn -0.900969 -0.433883 0.000001
vn -0.222527 -0.974926 -0.000000
vn 0.623494 -0.781828 -0.000000
vn 0.823878 -0.132252 0.551121
vn 0.617076 0.561678 0.551121
vn -0.054390 0.832651 0.551121
vn -0.684906 0.476625 0.551119
vn -0.799670 -0.238312 0.551122
vn -0.312272 -0.773787 0.551126
vn 0.410280 -0.726587 0.551127
vn 0.000000 -0.000000 1.000000
vn 0.000000 -0.000000 -1.000000
vn 0.823876 0.132255 -0.551124
vn 0.410281 0.726591 -0.551122
vn -0.312262 0.773794 -0.551122
vn -0.799670 0.238311 -0.551122
vn -0.684904 -0.476623 -0.551124
vn -0.054388 -0.832650 -0.551123
vn 0.617077 -0.561676 -0.551122
vn 1.000000 0.000000 -0.000000
vn 0.623490 0.781832 -0.000000
vn -0.222516 0.974929 -0.000001
vn -0.900969 0.433884 0.000000
vn -0.900969 -0.433884 -0.000000
vn -0.222516 -0.974929 0.000001
vn 0.623490 -0.781832 0.000000
vn 0.823876 -0.132255 0.551124
vn 0.617077 0.561676 0.551122
vn -0.054388 0.832650 0.551123
vn -0.684904 0.476623 0.551124
vn -0.799670 -0.238311 0.551122
vn -0.312262 -0.773794 0.551122
vn 0.410281 -0.726591 0.551122
vn 0.000000 -0.000000 1.000000
vn 0.000000 -0.000000 -1.000000
vn 0.823876 0.132253 -0.551124
vn 0.410278 0.726593 -0.551122
vn -0.312267 0.773793 -0.551121
vn -0.799670 0.238310 -0.551123
vn -0.684905 -0.476623 -0.551123
vn -0.054395 -0.832651 -0.551120
vn 0.617077 -0.561677 -0.551122
vn 1.000000 -0.000000 -0.000000
vn 0.623488 0.781833 -0.000000
vn -0.222521 0.974928 0.000001
vn -0.900969 0.433884 0.000001
vn -0.900969 -0.433884 -0.000001
vn -0.222521 -0.974928 -0.000001
vn 0.623488 -0.781833 0.000000
vn 0.823876 -0.132253 0.551124
vn 0.617077 0.561677 0.551122
vn -0.054395 0.832651 0.551120
vn -0.684905 0.476623 0.551123
vn -0.799670 -0.238310 0.551123
vn -0.312267 -0.773792 0.551121
vn 0.410277 -0.726593 0.551122
vn 0.000000 0.000000 1.000000
vn 0.000000 -0.000000 -1.000000
vn 0.823876 0.132253 -0.551123
vn 0.410279 0.726591 -0.551124
vn -0.312266 0.773791 -0.551123
vn -0.799670 0.238310 -0.551123
vn -0.684906 -0.476621 -0.551123
vn -0.054395 -0.832649 -0.551124
vn 0.617078 -0.561673 -0.551124
vn 1.000000 -0.000000 -0.000000
vn 0.623489 0.781832 -0.000001
vn -0.222522 0.974928 -0.000000
vn -0.900969 0.433882 0.000000
vn -0.900970 -0.433882 -0.000000
vn -0.222522 -0.974928 0.000000
vn 0.623489 -0.781832 0.000001
vn 0.823876 -0.132253 0.551123
vn 0.617078 0.561673 0.551124
vn -0.054395 0.832649 0.551124
vn -0.684906 0.476622 0.551123
vn -0.799670 -0.238310 0.551123
vn -0.312266 -0.773791 0.551123
vn 0.410279 -0.726591 0.551124
vn 0.000000 0.000000 1.000000
vn 0.000000 0.000000 -1.000000
vn 0.823876 0.132253 -0.551123
vn 0.410274 0.726593 -0.551125
vn -0.312270 0.773789 -0.551124
vn -0.799671 0.238310 -0.551122
vn -0.684908 -0.476620 -0.551121
vn -0.054389 -0.832649 -0.551123
vn 0.617079 -0.561674 -0.551123
vn 1.000000 -0.000000 0.000000
vn 0.623488 0.781833 0.000002
vn -0.222524 0.974927 -0.000000
vn -0.900970 0.433882 -0.000001
vn -0.900970 -0.433881 -0.000001
vn -0.222521 -0.974928 0.000003
vn 0.623490 -0.781832 0.000000
vn 0.823876 -0.132253 0.551123
vn 0.617076 0.561677 0.551123
vn -0.054395 0.832648 0.551124
vn -0.684907 0.476619 0.551123
vn -0.799670 -0.238310 0.551122
vn -0.312265 -0.773793 0.551122
vn 0.410280 -0.726591 0.551122
vn 0.000000 0.000000 1.000000
vn 0.000000 0.000000 -1.000000
vn 0.823877 0.132253 -0.551123
vn 0.410280 0.726591 -0.551123
vn -0.312266 0.773792 -0.551123
vn -0.799670 0.238313 -0.551121
vn -0.684904 -0.476622 -0.551124
vn -0.054396 -0.832649 -0.551124
vn 0.617076 -0.561678 -0.551122
vn 1.000000 0.000000 0.000000
vn 0.623490 0.781831 -0.000000
vn -0.222521 0.974928 -0.000001
vn -0.900969 0.433883 -0.000001
vn -0.900969 -0.433883 0.000002
vn -0.222523 -0.974927 -0.000001
vn 0.623488 -0.781833 -0.000002
vn 0.823877 -0.132253 0.551123
vn 0.617078 0.561675 0.551123
vn -0.054391 0.832649 0.551123
vn -0.684905 0.476623 0.551122
vn -0.799670 -0.238313 0.551121
vn -0.312270 -0.773789 0.551125
vn 0.410276 -0.726592 0.551124
vn -0.000000 -0.000000 1.000000
vn -0.000000 0.000000 -1.000000
vn 0.823876 0.132253 -0.551124
vn 0.410277 0.726590 -0.551126
vn -0.312267 0.773792 -0.551122
vn -0.799671 0.238310 -0.551121
vn -0.684906 -0.476620 -0.551123
vn -0.054390 -0.832648 -0.551125
vn 0.617075 -0.561677 -0.551124
vn 1.000000 -0.000000 0.000001
vn 0.623490 0.781831 -0.000002
vn -0.222525 0.974927 -0.000002
vn -0.900970 0.433882 0.000001
vn -0.900970 -0.433882 0.000001
vn -0.222519 -0.974928 0.000001
vn 0.623488 -0.781833 -0.000002
vn 0.823875 -0.132253 0.551126
vn 0.617079 0.561670 0.551127
vn -0.054395 0.832649 0.551124
vn -0.684907 0.476621 0.551121
vn -0.799671 -0.238310 0.551122
vn -0.312267 -0.773790 0.551125
vn 0.410276 -0.726592 0.551124
vn 0.000000 -0.000000 1.000000
vn 0.000000 -0.000000 -1.000000
vn 0.823875 0.132253 -0.551125
vn 0.410270 0.726595 -0.551124
vn -0.312264 0.773795 -0.551119
vn -0.799671 0.238310 -0.551121
vn -0.684903 -0.476622 -0.551125
vn -0.054391 -0.832650 -0.551122
vn 0.617078 -0.561674 -0.551123
vn 1.000000 -0.000000 0.000000
vn 0.623484 0.781836 0.000001
vn -0.222523 0.974927 -0.000002
vn -0.900969 0.433884 0.000001
vn -0.900969 -0.433884 -0.000001
vn -0.222516 -0.974929 -0.000001
vn 0.623491 -0.781830 0.000001
vn 0.823876 -0.132253 0.551123
vn 0.617074 0.561678 0.551123
vn -0.054397 0.832651 0.551120
vn -0.684904 0.476623 0.551123
vn -0.799670 -0.238309 0.551124
vn -0.312263 -0.773792 0.551124
vn 0.410281 -0.726589 0.551124
vn 0.000000 -0.000000 1.000000
vn 0.000000 -0.000000 -1.000000
vn 0.823876 0.132253 -0.551123
vn 0.410279 0.726589 -0.551125
vn -0.312267 0.773790 -0.551125
vn -0.799670 0.238311 -0.551123
vn -0.684905 -0.476624 -0.551121
vn -0.054393 -0.832651 -0.551120
vn 0.617075 -0.561678 -0.551122
vn 1.000000 0.000000 0.000001
vn 0.623492 0.781830 0.000001
vn -0.222522 0.974928 -0.000001
vn -0.900969 0.433884 -0.000000
vn -0.900968 -0.433885 0.000000
vn -0.222522 -0.974928 0.000001
vn 0.623487 -0.781834 -0.000001
vn 0.823876 -0.132253 0.551123
vn 0.617078 0.561673 0.551124
vn -0.054393 0.832647 0.551126
vn -0.684906 0.476621 0.551123
vn -0.799670 -0.238313 0.551121
vn -0.312269 -0.773793 0.551120
vn 0.410277 -0.726593 0.551122
vn 0.000000 -0.000000 1.000000
vn -0.000000 0.000000 -1.000000
vn 0.823877 0.132252 -0.551123
vn 0.410280 0.726590 -0.551124
vn -0.312261 0.773793 -0.551123
vn -0.799669 0.238311 -0.551124
vn -0.684905 -0.476621 -0.551123
vn -0.054393 -0.832650 -0.551122
vn 0.617075 -0.561679 -0.551121
vn 1.000000 -0.000000 0.000001
vn 0.623491 0.781830 -0.000001
vn -0.222517 0.974929 -0.000001
vn -0.900968 0.433885 0.000001
vn -0.900969 -0.433882 0.000001
vn -0.222521 -0.974928 -0.000002
vn 0.623489 -0.781832 -0.000002
vn 0.823877 -0.132253 0.551123
vn 0.617079 0.561672 0.551124
vn -0.054391 0.832649 0.551124
vn -0.684903 0.476623 0.551124
vn -0.799670 -0.238311 0.551122
vn -0.312271 -0.773789 0.551123
vn 0.410279 -0.726592 0.551122
vn -0.000000 0.000000 1.000000
vn 0.000000 0.000000 -1.000000
vn 0.823877 0.132252 -0.551122
vn 0.410279 0.726591 -0.551124
vn -0.312270 0.773790 -0.551122
vn -0.799670 0.238312 -0.551123
vn -0.684905 -0.476623 -0.551122
vn -0.054391 -0.832649 -0.551124
vn 0.617078 -0.561674 -0.551124
vn 1.000000 0.000000 -0.000000
vn 0.623490 0.781831 -0.000000
vn -0.222523 0.974927 0.000002
vn -0.900968 0.433885 0.000000
vn -0.900968 -0.433885 -0.000000
vn -0.222520 -0.974928 0.000001
vn 0.623490 -0.781831 -0.000001
vn 0.823876 -0.132251 0.551124
vn 0.617078 0.561674 0.551123
vn -0.054398 0.832650 0.551121
vn -0.684905 0.476623 0.551122
vn -0.799670 -0.238312 0.551122
vn -0.312264 -0.773793 0.551122
vn 0.410279 -0.726591 0.551123
vn 0.000000 0.000000 1.000000
vn 0.000000 -0.000000 -1.000000
vn 0.823877 0.132253 -0.551123
vn 0.410281 0.726589 -0.551124
vn -0.312268 0.773789 -0.551125
vn -0.799670 0.238311 -0.551122
vn -0.684907 -0.476623 -0.551120
vn -0.054391 -0.832650 -0.551122
vn 0.617078 -0.561675 -0.551123
vn 1.000000 -0.000000 -0.000000
vn 0.623492 0.781830 0.000001
vn -0.222520 0.974928 0.000001
vn -0.900969 0.433883 -0.000001
vn -0.900969 -0.433883 -0.000001
vn -0.222523 -0.974928 0.000004
vn 0.623488 -0.781833 0.000001
vn 0.823876 -0.132253 0.551124
vn 0.617078 0.561675 0.551123
vn -0.054393 0.832648 0.551125
vn -0.684905 0.476621 0.551124
vn -0.799671 -0.238311 0.551121
vn -0.312264 -0.773795 0.551119
vn 0.410278 -0.726592 0.551122
vn 0.000000 -0.000000 1.000000
vn -0.000000 0.000000 -1.000000
vn 0.823876 0.132252 -0.551124
vn 0.410280 0.726592 -0.551122
vn -0.312269 0.773790 -0.551123
vn -0.799671 0.238311 -0.551121
vn -0.684902 -0.476625 -0.551124
vn -0.054398 -0.832649 -0.551123
vn 0.617078 -0.561672 -0.551125
vn 1.000000 -0.000000 -0.000001
vn 0.623489 0.781832 0.000000
vn -0.222523 0.974927 0.000000
vn -0.900970 0.433881 -0.000001
vn -0.900968 -0.433885 0.000001
vn -0.222523 -0.974927 0.000000
vn 0.623489 -0.781832 0.000000
vn 0.823877 -0.132252 0.551123
vn 0.617077 0.561676 0.551123
vn -0.054393 0.832649 0.551124
vn -0.684907 0.476621 0.551122
vn -0.799669 -0.238313 0.551123
vn -0.312265 -0.773792 0.551123
vn 0.410274 -0.726591 0.551127
vn -0.000000 0.000000 1.000000
vn 0.000000 -0.000000 -1.000000
vn 0.823877 0.132253 -0.551122
vn 0.410281 0.726590 -0.551123
vn -0.312265 0.773791 -0.551125
vn -0.799670 0.238310 -0.551123
vn -0.684905 -0.476621 -0.551123
vn -0.054391 -0.832648 -0.551125
vn 0.617079 -0.561673 -0.551123
vn 1.000000 0.000000 -0.000000
vn 0.623492 0.781830 0.000000
vn -0.222519 0.974928 -0.000000
vn -0.900970 0.433882 -0.000000
vn -0.900970 -0.433882 0.000000
vn -0.222519 -0.974928 0.000000
vn 0.623492 -0.781830 -0.000000
vn 0.823877 -0.132253 0.551122
vn 0.617079 0.561673 0.551123
vn -0.054391 0.832648 0.551125
vn -0.684905 0.476621 0.551123
vn -0.799670 -0.238310 0.551123
vn -0.312265 -0.773791 0.551125
vn 0.410281 -0.726590 0.551123
vn 0.000000 -0.000000 1.000000
vn 0.000000 0.000000 -1.000000
vn 0.823877 0.132253 -0.551123
vn 0.410281 0.726589 -0.551125
vn -0.312268 0.773789 -0.551125
vn -0.799670 0.238311 -0.551123
vn -0.684905 -0.476624 -0.551122
vn -0.054396 -0.832650 -0.551122
vn 0.617079 -0.561672 -0.551124
vn 1.000000 0.000000 0.000000
vn 0.623493 0.781829 0.000001
vn -0.222523 0.974928 -0.000000
vn -0.900969 0.433883 -0.000001
vn -0.900968 -0.433885 -0.000001
vn -0.222522 -0.974928 0.000000
vn 0.623489 -0.781832 0.000001
vn 0.823877 -0.132253 0.551122
vn 0.617079 0.561672 0.551124
vn -0.054392 0.832647 0.551126
vn -0.684906 0.476622 0.551123
vn -0.799670 -0.238311 0.551123
vn -0.312265 -0.773793 0.551122
vn 0.410279 -0.726592 0.551123
vn 0.000000 0.000000 1.000000
vn 0.000000 -0.000000 -1.000000
vn 0.823876 0.132252 -0.551123
vn 0.410276 0.726589 -0.551127
vn -0.312272 0.773788 -0.551125
vn -0.799669 0.238312 -0.551123
vn -0.684905 -0.476624 -0.551122
vn -0.054396 -0.832652 -0.551119
vn 0.617076 -0.561678 -0.551122
vn 1.000000 0.000000 0.000001
vn 0.623491 0.781830 0.000002
vn -0.222527 0.974927 -0.000000
vn -0.900969 0.433884 -0.000001
vn -0.900968 -0.433886 -0.000001
vn -0.222521 -0.974928 -0.000002
vn 0.623487 -0.781833 0.000000
vn 0.823876 -0.132252 0.551124
vn 0.617077 0.561674 0.551125
vn -0.054396 0.832647 0.551126
vn -0.684906 0.476622 0.551123
vn -0.799669 -0.238312 0.551123
vn -0.312269 -0.773792 0.551121
vn 0.410278 -0.726593 0.551121
vn 0.000000 0.000000 1.000000
vn 0.000000 0.000000 -1.000000
vn 0.823876 0.132252 -0.551123
vn 0.410281 0.726592 -0.551120
vn -0.312268 0.773789 -0.551126
vn -0.799670 0.238311 -0.551123
vn -0.684905 -0.476623 -0.551122
vn -0.054396 -0.832650 -0.551122
vn 0.617080 -0.561671 -0.551124
vn 1.000000 -0.000000 -0.000001
vn 0.623489 0.781832 0.000002
vn -0.222515 0.974929 0.000003
vn -0.900969 0.433883 -0.000002
vn -0.900969 -0.433883 -0.000000
vn -0.222522 -0.974928 -0.000001
vn 0.623492 -0.781830 0.000002
vn 0.823878 -0.132252 0.551122
vn 0.617076 0.561679 0.551120
vn -0.054391 0.832650 0.551123
vn -0.684903 0.476622 0.551125
vn -0.799670 -0.238311 0.551123
vn -0.312268 -0.773790 0.551123
vn 0.410282 -0.726589 0.551123
vn 0.000000 0.000000 1.000000
vn 0.000000 -0.000000 -1.000000
vn 0.823876 0.132253 -0.551124
vn 0.410280 0.726591 -0.551121
vn -0.312269 0.773790 -0.551124
vn -0.799670 0.238310 -0.551122
vn -0.684905 -0.476622 -0.551123
vn -0.054397 -0.832649 -0.551122
vn 0.617081 -0.561669 -0.551125
vn 1.000000 0.000000 -0.000001
vn 0.623489 0.781832 0.000001
vn -0.222521 0.974928 0.000001
vn -0.900970 0.433881 -0.000000
vn -0.900969 -0.433884 -0.000001
vn -0.222521 -0.974928 -0.000001
vn 0.623491 -0.781830 0.000003
vn 0.823877 -0.132252 0.551122
vn 0.617077 0.561677 0.551121
vn -0.054392 0.832649 0.551123
vn -0.684907 0.476620 0.551122
vn -0.799669 -0.238310 0.551124
vn -0.312265 -0.773792 0.551123
vn 0.410281 -0.726589 0.551124
vn 0.000000 -0.000000 1.000000
vn 0.000000 0.000000 -1.000000
vn 0.823876 0.132253 -0.551124
vn 0.410281 0.726591 -0.551121
vn -0.312266 0.773792 -0.551122
vn -0.799671 0.238311 -0.551121
vn -0.684903 -0.476623 -0.551124
vn -0.054396 -0.832651 -0.551121
vn 0.617078 -0.561676 -0.551122
vn 1.000000 0.000000 0.000000
vn 0.623490 0.781832 0.000001
vn -0.222521 0.974928 -0.000002
vn -0.900970 0.433882 -0.000000
vn -0.900968 -0.433885 0.000000
vn -0.222517 -0.974929 -0.000004
vn 0.623490 -0.781832 0.000000
vn 0.823877 -0.132253 0.551122
vn 0.617078 0.561675 0.551122
vn -0.054388 0.832649 0.551124
vn -0.684907 0.476622 0.551121
vn -0.799669 -0.238311 0.551124
vn -0.312268 -0.773790 0.551124
vn 0.410281 -0.726591 0.551121
vn 0.000000 0.000000 1.000000
vn 0.000000 -0.000000 -1.000000
vn 0.823876 0.132253 -0.551124
vn 0.410280 0.726593 -0.551121
vn -0.312268 0.773793 -0.551120
vn -0.799670 0.238311 -0.551122
vn -0.684904 -0.476623 -0.551124
vn -0.054394 -0.832647 -0.551126
vn 0.617079 -0.561671 -0.551125
vn 1.000000 0.000000 -0.000001
vn 0.623488 0.781833 -0.000001
vn -0.222524 0.974927 -0.000001
vn -0.900969 0.433883 0.000001
vn -0.900968 -0.433885 0.000001
vn -0.222523 -0.974927 0.000001
vn 0.623492 -0.781829 -0.000001
vn 0.823877 -0.132252 0.551122
vn 0.617078 0.561675 0.551122
vn -0.054394 0.832650 0.551121
vn -0.684908 0.476621 0.551120
vn -0.799669 -0.238313 0.551123
vn -0.312267 -0.773790 0.551125
vn 0.410278 -0.726589 0.551127
vn 0.000000 -0.000000 1.000000
vn 0.000000 0.000000 -1.000000
vn 0.823877 0.132253 -0.551122
vn 0.410280 0.726592 -0.551121
vn -0.312266 0.773793 -0.551121
vn -0.799670 0.238311 -0.551122
vn -0.684907 -0.476621 -0.551122
vn -0.054391 -0.832649 -0.551124
vn 0.617079 -0.561674 -0.551122
vn 1.000000 -0.000000 -0.000000
vn 0.623488 0.781833 -0.000001
vn -0.222521 0.974928 0.000000
vn -0.900968 0.433885 0.000001
vn -0.900969 -0.433883 0.000001
vn -0.222521 -0.974928 -0.000000
vn 0.623492 -0.781830 -0.000001
vn 0.823877 -0.132253 0.551123
vn 0.617079 0.561674 0.551122
vn -0.054395 0.832651 0.551120
vn -0.684906 0.476623 0.551121
vn -0.799670 -0.238311 0.551123
vn -0.312269 -0.773790 0.551124
vn 0.410282 -0.726590 0.551122
vn 0.000000 0.000000 1.000000
vn 0.000000 0.000000 -1.000000
vn 0.823876 0.132254 -0.551124
vn 0.410276 0.726595 -0.551120
vn -0.312261 0.773795 -0.551121
vn -0.799671 0.238310 -0.551121
vn -0.684902 -0.476622 -0.551127
vn -0.054385 -0.832648 -0.551126
vn 0.617078 -0.561673 -0.551124
vn 1.000000 0.000000 -0.000001
vn 0.623486 0.781835 0.000003
vn -0.222513 0.974930 -0.000001
vn -0.900970 0.433882 -0.000000
vn -0.900970 -0.433882 0.000000
vn -0.222513 -0.974930 0.000001
vn 0.623493 -0.781829 -0.000001
vn 0.823877 -0.132253 0.551122
vn 0.617074 0.561682 0.551120
vn -0.054385 0.832651 0.551121
vn -0.684903 0.476623 0.551124
vn -0.799670 -0.238310 0.551123
vn -0.312260 -0.773792 0.551126
vn 0.410280 -0.726589 0.551125
vn 0.000000 0.000000 1.000000
vn 0.000000 0.000000 -1.000000
vn 0.823876 0.132253 -0.551124
vn 0.410277 0.726593 -0.551121
vn -0.312266 0.773795 -0.551119
vn -0.799670 0.238312 -0.551122
vn -0.684905 -0.476621 -0.551123
vn -0.054393 -0.832649 -0.551124
vn 0.617081 -0.561669 -0.551125
vn 1.000000 0.000000 -0.000001
vn 0.623487 0.781834 -0.000001
vn -0.222522 0.974928 -0.000001
vn -0.900969 0.433884 0.000001
vn -0.900969 -0.433884 -0.000001
vn -0.222522 -0.974928 0.000001
vn 0.623492 -0.781830 0.000002
vn 0.823877 -0.132253 0.551123
vn 0.617077 0.561676 0.551122
vn -0.054393 0.832651 0.551120
vn -0.684906 0.476622 0.551121
vn -0.799669 -0.238311 0.551123
vn -0.312265 -0.773792 0.551123
vn 0.410280 -0.726589 0.551125
vn 0.000000 0.000000 1.000000
vn 0.000000 0.000000 -1.000000
vn 0.823878 0.132253 -0.551122
vn 0.410279 0.726590 -0.551125
vn -0.312267 0.773789 -0.551126
vn -0.799670 0.238312 -0.551122
vn -0.684906 -0.476623 -0.551121
vn -0.054395 -0.832651 -0.551120
vn 0.617077 -0.561678 -0.551120
vn 1.000000 0.000000 0.000001
vn 0.623491 0.781830 0.000001
vn -0.222519 0.974928 0.000002
vn -0.900969 0.433884 -0.000002
vn -0.900969 -0.433883 0.000000
vn -0.222519 -0.974928 -0.000002
vn 0.623487 -0.781833 0.000001
vn 0.823876 -0.132253 0.551123
vn 0.617078 0.561674 0.551123
vn -0.054395 0.832648 0.551124
vn -0.684901 0.476625 0.551125
vn -0.799671 -0.238311 0.551121
vn -0.312268 -0.773792 0.551122
vn 0.410281 -0.726593 0.551118
vn 0.000000 0.000000 1.000000
vn 0.000000 0.000000 -1.000000
vn 0.823876 0.132253 -0.551124
vn 0.410278 0.726592 -0.551122
vn -0.312266 0.773792 -0.551123
vn -0.799671 0.238312 -0.551121
vn -0.684903 -0.476623 -0.551124
vn -0.054390 -0.832646 -0.551129
vn 0.617081 -0.561669 -0.551125
vn 1.000000 -0.000000 -0.000001
vn 0.623489 0.781832 0.000002
vn -0.222520 0.974928 -0.000001
vn -0.900969 0.433883 -0.000002
vn -0.900969 -0.433883 0.000002
vn -0.222520 -0.974928 0.000001
vn 0.623495 -0.781827 -0.000001
vn 0.823877 -0.132253 0.551122
vn 0.617077 0.561677 0.551122
vn -0.054390 0.832649 0.551124
vn -0.684905 0.476624 0.551122
vn -0.799669 -0.238312 0.551123
vn -0.312264 -0.773789 0.551127
vn 0.410282 -0.726586 0.551127
vn 0.000000 0.000000 1.000000
vn 0.000000 0.000000 -1.000000
vn 0.823877 0.132255 -0.551122
vn 0.410281 0.726590 -0.551122
vn -0.312260 0.773794 -0.551123
vn -0.799668 0.238311 -0.551124
vn -0.684904 -0.476623 -0.551124
vn -0.054396 -0.832650 -0.551121
vn 0.617076 -0.561680 -0.551119
vn 1.000000 -0.000000 0.000001
vn 0.623490 0.781831 -0.000002
vn -0.222518 0.974928 -0.000000
vn -0.900968 0.433886 0.000001
vn -0.900969 -0.433883 0.000002
vn -0.222522 -0.974928 -0.000003
vn 0.623487 -0.781833 -0.000001
vn 0.823877 -0.132256 0.551122
vn 0.617080 0.561672 0.551123
vn -0.054394 0.832649 0.551123
vn -0.684901 0.476625 0.551125
vn -0.799670 -0.238312 0.551122
vn -0.312272 -0.773789 0.551123
vn 0.410280 -0.726593 0.551120
vn 0.000000 0.000000 1.000000
vn 0.000000 0.000000 -1.000000
vn 0.823874 0.132252 -0.551127
vn 0.410277 0.726592 -0.551123
vn -0.312264 0.773795 -0.551119
vn -0.799670 0.238316 -0.551120
vn -0.684904 -0.476625 -0.551123
vn -0.054396 -0.832648 -0.551125
vn 0.617080 -0.561669 -0.551126
vn 1.000000 0.000000 -0.000000
vn 0.623488 0.781833 -0.000001
vn -0.222521 0.974928 -0.000002
vn -0.900967 0.433887 -0.000001
vn -0.900968 -0.433886 0.000001
vn -0.222523 -0.974927 -0.000000
vn 0.623492 -0.781830 0.000002
vn 0.823875 -0.132252 0.551126
vn 0.617077 0.561673 0.551125
vn -0.054392 0.832650 0.551121
vn -0.684903 0.476627 0.551121
vn -0.799669 -0.238314 0.551122
vn -0.312267 -0.773791 0.551123
vn 0.410280 -0.726588 0.551126
vn 0.000000 0.000000 1.000000
vn 0.000000 0.000000 -1.000000
vn 0.823877 0.132252 -0.551122
vn 0.410275 0.726594 -0.551122
vn -0.312261 0.773797 -0.551119
vn -0.799669 0.238311 -0.551124
vn -0.684905 -0.476621 -0.551123
vn -0.054386 -0.832648 -0.551125
vn 0.617078 -0.561677 -0.551120
vn 1.000000 -0.000000 0.000000
vn 0.623487 0.781833 0.000002
vn -0.222517 0.974929 -0.000001
vn -0.900967 0.433888 0.000002
vn -0.900968 -0.433885 -0.000001
vn -0.222517 -0.974929 0.000000
vn 0.623493 -0.781829 -0.000002
vn 0.823877 -0.132252 0.551122
vn 0.617075 0.561680 0.551120
vn -0.054391 0.832651 0.551120
vn -0.684901 0.476626 0.551124
vn -0.799669 -0.238309 0.551125
vn -0.312264 -0.773792 0.551123
vn 0.410283 -0.726590 0.551122
vn 0.000000 -0.000000 1.000000
vn 0.000000 0.000000 -1.000000
vn 0.823875 0.132254 -0.551125
vn 0.410277 0.726591 -0.551124
vn -0.312263 0.773792 -0.551125
vn -0.799670 0.238309 -0.551123
vn -0.684908 -0.476618 -0.551122
vn -0.054393 -0.832650 -0.551122
vn 0.617077 -0.561674 -0.551124
vn 1.000000 0.000000 0.000000
vn 0.623488 0.781833 0.000002
vn -0.222517 0.974929 -0.000002
vn -0.900970 0.433882 0.000000
vn -0.900970 -0.433881 -0.000002
vn -0.222520 -0.974928 -0.000001
vn 0.623490 -0.781831 0.000001
vn 0.823876 -0.132254 0.551124
vn 0.617075 0.561678 0.551124
vn -0.054386 0.832649 0.551125
vn -0.684905 0.476620 0.551124
vn -0.799670 -0.238307 0.551123
vn -0.312269 -0.773789 0.551124
vn 0.410283 -0.726590 0.551122
vn 0.000000 0.000000 1.000000
vn 0.000000 -0.000000 -1.000000
vn 0.823874 0.132253 -0.551127
vn 0.410273 0.726593 -0.551125
vn -0.312267 0.773792 -0.551121
vn -0.799670 0.238310 -0.551122
vn -0.684908 -0.476617 -0.551123
vn -0.054392 -0.832648 -0.551125
vn 0.617078 -0.561673 -0.551125
vn 1.000000 0.000000 -0.000000
vn 0.623485 0.781835 -0.000001
vn -0.222523 0.974927 -0.000000
vn -0.900970 0.433882 0.000000
vn -0.900971 -0.433879 -0.000000
vn -0.222523 -0.974928 0.000000
vn 0.623490 -0.781831 0.000001
vn 0.823874 -0.132253 0.551127
vn 0.617076 0.561675 0.551124
vn -0.054396 0.832651 0.551121
vn -0.684905 0.476622 0.551124
vn -0.799670 -0.238309 0.551123
vn -0.312270 -0.773788 0.551125
vn 0.410281 -0.726589 0.551124
vn 0.000000 0.000000 1.000000
vn 0.000000 0.000000 -1.000000
vn 0.823877 0.132251 -0.551123
vn 0.410278 0.726592 -0.551123
vn -0.312266 0.773792 -0.551123
vn -0.799673 0.238310 -0.551119
vn -0.684908 -0.476622 -0.551120
vn -0.054390 -0.832650 -0.551122
vn 0.617079 -0.561672 -0.551125
vn 1.000000 -0.000000 0.000000
vn 0.623488 0.781833 -0.000001
vn -0.222522 0.974928 -0.000001
vn -0.900971 0.433879 -0.000001
vn -0.900970 -0.433881 0.000000
vn -0.222519 -0.974928 0.000004
vn 0.623488 -0.781833 0.000001
vn 0.823877 -0.132251 0.551123
vn 0.617079 0.561672 0.551125
vn -0.054396 0.832650 0.551122
vn -0.684909 0.476619 0.551121
vn -0.799673 -0.238312 0.551118
vn -0.312261 -0.773795 0.551121
vn 0.410278 -0.726592 0.551123
vn 0.000000 -0.000000 1.000000
vn 0.000000 -0.000000 -1.000000
vn 0.823878 0.132254 -0.551120
vn 0.410281 0.726595 -0.551117
vn -0.312268 0.773792 -0.551121
vn -0.799671 0.238312 -0.551121
vn -0.684906 -0.476622 -0.551121
vn -0.054396 -0.832649 -0.551123
vn 0.617081 -0.561673 -0.551121
vn 1.000000 -0.000000 -0.000001
vn 0.623487 0.781833 -0.000001
vn -0.222518 0.974928 0.000003
vn -0.900969 0.433884 -0.000001
vn -0.900970 -0.433882 0.000001
vn -0.222525 -0.974927 -0.000001
vn 0.623493 -0.781829 0.000002
vn 0.823879 -0.132254 0.551118
vn 0.617077 0.561680 0.551118
vn -0.054397 0.832652 0.551119
vn -0.684904 0.476624 0.551123
vn -0.799671 -0.238312 0.551121
vn -0.312272 -0.773789 0.551123
vn 0.410285 -0.726589 0.551121
vn 0.000000 0.000000 1.000000
vn 0.000000 -0.000000 -1.000000
vn 0.823879 0.132249 -0.551121
vn 0.410279 0.726591 -0.551124
vn -0.312272 0.773789 -0.551123
vn -0.799670 0.238313 -0.551122
vn -0.684907 -0.476623 -0.551119
vn -0.054396 -0.832652 -0.551118
vn 0.617075 -0.561680 -0.551120
vn 1.000000 -0.000000 0.000001
vn 0.623492 0.781830 0.000000
vn -0.222523 0.974927 0.000000
vn -0.900969 0.433884 -0.000001
vn -0.900969 -0.433884 0.000001
vn -0.222523 -0.974927 -0.000000
vn 0.623486 -0.781835 -0.000002
vn 0.823877 -0.132249 0.551123
vn 0.617079 0.561673 0.551123
vn -0.054396 0.832649 0.551123
vn -0.684906 0.476622 0.551122
vn -0.799671 -0.238313 0.551120
vn -0.312273 -0.773792 0.551119
vn 0.410275 -0.726596 0.551119
vn 0.000000 -0.000000 1.000000
vn 0.000000 0.000000 -1.000000
vn 0.823875 0.132252 -0.551126
vn 0.410277 0.726590 -0.551126
vn -0.312263 0.773794 -0.551121
vn -0.799671 0.238309 -0.551122
vn -0.684906 -0.476623 -0.551121
vn -0.054391 -0.832650 -0.551122
vn 0.617074 -0.561678 -0.551124
vn 1.000000 0.000000 0.000000
vn 0.623490 0.781832 -0.000001
vn -0.222519 0.974928 -0.000001
vn -0.900968 0.433885 0.000002
vn -0.900969 -0.433884 -0.000001
vn -0.222519 -0.974928 0.000001
vn 0.623488 -0.781833 -0.000001
vn 0.823874 -0.132252 0.551127
vn 0.617077 0.561673 0.551126
vn -0.054394 0.832650 0.551122
vn -0.684904 0.476624 0.551122
vn -0.799671 -0.238310 0.551121
vn -0.312266 -0.773793 0.551121
vn 0.410276 -0.726592 0.551124
vn 0.000000 0.000000 1.000000
vn 0.000000 -0.000000 -1.000000
vn 0.823876 0.132252 -0.551124
vn 0.410278 0.726590 -0.551125
vn -0.312264 0.773792 -0.551123
vn -0.799670 0.238311 -0.551122
vn -0.684909 -0.476620 -0.551119
vn -0.054395 -0.832651 -0.551120
vn 0.617078 -0.561673 -0.551125
vn 1.000000 0.000000 -0.000000
vn 0.623490 0.781831 -0.000000
vn -0.222518 0.974928 -0.000001
vn -0.900969 0.433884 0.000001
vn -0.900969 -0.433883 -0.000002
vn -0.222524 -0.974927 0.000002
vn 0.623486 -0.781834 0.000001
vn 0.823875 -0.132252 0.551125
vn 0.617078 0.561673 0.551125
vn -0.054390 0.832650 0.551122
vn -0.684905 0.476622 0.551122
vn -0.799672 -0.238309 0.551121
vn -0.312265 -0.773795 0.551119
vn 0.410276 -0.726593 0.551123
vn 0.000000 -0.000000 1.000000
vn 0.000000 0.000000 -1.000000
vn 0.823878 0.132251 -0.551121
vn 0.410278 0.726591 -0.551125
vn -0.312266 0.773792 -0.551123
vn -0.799670 0.238311 -0.551122
vn -0.684906 -0.476624 -0.551121
vn -0.054392 -0.832650 -0.551122
vn 0.617076 -0.561678 -0.551121
vn 1.000000 -0.000000 0.000001
vn 0.623491 0.781830 0.000000
vn -0.222522 0.974928 -0.000001
vn -0.900969 0.433884 -0.000000
vn -0.900969 -0.433883 0.000001
vn -0.222522 -0.974928 0.000001
vn 0.623490 -0.781832 -0.000002
vn 0.823878 -0.132251 0.551121
vn 0.617079 0.561672 0.551124
vn -0.054396 0.832648 0.551124
vn -0.684905 0.476622 0.551122
vn -0.799671 -0.238313 0.551120
vn -0.312269 -0.773791 0.551121
vn 0.410277 -0.726592 0.551123
vn 0.000000 -0.000000 1.000000
vn 0.000000 0.000000 -1.000000
vn 0.823878 0.132254 -0.551121
vn 0.410280 0.726590 -0.551124
vn -0.312263 0.773792 -0.551124
vn -0.799672 0.238308 -0.551120
vn -0.684912 -0.476616 -0.551119
vn -0.054393 -0.832650 -0.551122
vn 0.617075 -0.561682 -0.551119
vn 1.000000 0.000000 0.000001
vn 0.623490 0.781831 0.000001
vn -0.222520 0.974928 -0.000002
vn -0.900971 0.433879 0.000001
vn -0.900972 -0.433877 0.000001
vn -0.222523 -0.974927 -0.000001
vn 0.623488 -0.781833 -0.000003
vn 0.823878 -0.132255 0.551121
vn 0.617079 0.561674 0.551122
vn -0.054390 0.832649 0.551123
vn -0.684910 0.476619 0.551120
vn -0.799674 -0.238308 0.551118
vn -0.312273 -0.773788 0.551124
vn 0.410279 -0.726593 0.551121
vn 0.000000 0.000000 1.000000
vn 0.000000 -0.000000 -1.000000
vn 0.823879 0.132250 -0.551119
vn 0.410280 0.726589 -0.551125
vn -0.312270 0.773787 -0.551128
vn -0.799668 0.238308 -0.551126
vn -0.684906 -0.476619 -0.551124
vn -0.054396 -0.832649 -0.551122
vn 0.617078 -0.561677 -0.551121
vn 1.000000 0.000000 0.000001
vn 0.623493 0.781829 0.000000
vn -0.222524 0.974927 0.000000
vn -0.900970 0.433880 0.000000
vn -0.900970 -0.433880 -0.000000
vn -0.222524 -0.974927 -0.000000
vn 0.623488 -0.781833 -0.000001
vn 0.823878 -0.132251 0.551121
vn 0.617082 0.561670 0.551124
vn -0.054396 0.832647 0.551127
vn -0.684905 0.476618 0.551126
vn -0.799669 -0.238308 0.551124
vn -0.312271 -0.773789 0.551124
vn 0.410276 -0.726594 0.551121
vn 0.000000 0.000000 1.000000
vn 0.000000 -0.000000 -1.000000
vn 0.823877 0.132254 -0.551122
vn 0.410280 0.726589 -0.551125
vn -0.312265 0.773792 -0.551123
vn -0.799667 0.238311 -0.551127
vn -0.684899 -0.476627 -0.551126
vn -0.054391 -0.832649 -0.551123
vn 0.617076 -0.561680 -0.551120
vn 1.000000 -0.000000 0.000001
vn 0.623492 0.781830 -0.000000
vn -0.222524 0.974927 -0.000000
vn -0.900967 0.433888 0.000001
vn -0.900966 -0.433889 0.000000
vn -0.222518 -0.974929 -0.000002
vn 0.623490 -0.781832 -0.000002
vn 0.823877 -0.132255 0.551122
vn 0.617080 0.561673 0.551123
vn -0.054396 0.832647 0.551126
vn -0.684902 0.476625 0.551124
vn -0.799666 -0.238313 0.551127
vn -0.312265 -0.773792 0.551123
vn 0.410279 -0.726591 0.551123
vn 0.000000 -0.000000 1.000000
vn 0.000000 0.000000 -1.000000
vn 0.823877 0.132255 -0.551122
vn 0.410283 0.726592 -0.551120
vn -0.312266 0.773790 -0.551125
vn -0.799669 0.238305 -0.551126
vn -0.684904 -0.476620 -0.551126
vn -0.054391 -0.832650 -0.551123
vn 0.617075 -0.561679 -0.551122
vn 1.000000 -0.000000 -0.000000
vn 0.623489 0.781832 -0.000001
vn -0.222518 0.974929 0.000001
vn -0.900970 0.433881 0.000002
vn -0.900970 -0.433882 -0.000001
vn -0.222518 -0.974929 -0.000000
vn 0.623487 -0.781834 -0.000001
vn 0.823877 -0.132255 0.551122
vn 0.617078 0.561675 0.551123
vn -0.054391 0.832650 0.551123
vn -0.684907 0.476617 0.551124
vn -0.799669 -0.238307 0.551126
vn -0.312266 -0.773790 0.551125
vn 0.410277 -0.726593 0.551122
vn 0.000000 0.000000 1.000000
vn 0.000000 0.000000 -1.000000
vn 0.823879 0.132252 -0.551119
vn 0.410282 0.726588 -0.551125
vn -0.312265 0.773790 -0.551126
vn -0.799667 0.238315 -0.551124
vn -0.684901 -0.476628 -0.551123
vn -0.054393 -0.832651 -0.551120
vn 0.617078 -0.561678 -0.551119
vn 1.000000 -0.000000 0.000001
vn 0.623494 0.781828 0.000001
vn -0.222522 0.974928 -0.000001
vn -0.900968 0.433886 -0.000003
vn -0.900967 -0.433887 0.000002
vn -0.222522 -0.974928 0.000001
vn 0.623488 -0.781833 -0.000001
vn 0.823879 -0.132253 0.551119
vn 0.617082 0.561670 0.551122
vn -0.054392 0.832646 0.551128
vn -0.684902 0.476623 0.551126
vn -0.799668 -0.238318 0.551122
vn -0.312267 -0.773794 0.551119
vn 0.410278 -0.726594 0.551120
vn 0.000000 0.000000 1.000000
vn -0.000000 0.000000 -1.000000
vn 0.823876 0.132253 -0.551124
vn 0.410280 0.726591 -0.551123
vn -0.312262 0.773794 -0.551122
vn -0.799671 0.238315 -0.551120
vn -0.684905 -0.476623 -0.551122
vn -0.054395 -0.832649 -0.551123
vn 0.617077 -0.561676 -0.551123
vn 1.000000 0.000000 -0.000000
vn 0.623489 0.781832 -0.000001
vn -0.222518 0.974929 -0.000001
vn -0.900969 0.433884 -0.000002
vn -0.900970 -0.433882 0.000003
vn -0.222525 -0.974927 0.000001
vn 0.623488 -0.781833 -0.000001
vn 0.823876 -0.132253 0.551124
vn 0.617079 0.561673 0.551123
vn -0.054390 0.832650 0.551123
vn -0.684903 0.476625 0.551122
vn -0.799671 -0.238315 0.551118
vn -0.312270 -0.773791 0.551122
vn 0.410275 -0.726592 0.551124
vn -0.000000 0.000000 1.000000
vn 0.000000 0.000000 -1.000000
vn 0.823876 0.132252 -0.551124
vn 0.410279 0.726592 -0.551123
vn -0.312269 0.773791 -0.551122
vn -0.799671 0.238313 -0.551120
vn -0.684906 -0.476621 -0.551122
vn -0.054391 -0.832650 -0.551122
vn 0.617077 -0.561675 -0.551123
vn 1.000000 -0.000000 0.000000
vn 0.623489 0.781832 -0.000000
vn -0.222521 0.974928 -0.000001
vn -0.900970 0.433882 -0.000001
vn -0.900970 -0.433882 0.000001
vn -0.222521 -0.974928 0.000001
vn 0.623489 -0.781832 0.000000
vn 0.823876 -0.132252 0.551125
vn 0.617077 0.561675 0.551123
vn -0.054391 0.832650 0.551122
vn -0.684906 0.476621 0.551122
vn -0.799671 -0.238313 0.551120
vn -0.312269 -0.773791 0.551122
vn 0.410279 -0.726592 0.551123
vn 0.000000 0.000000 1.000000
vn -0.000000 0.000000 -1.000000
vn 0.823875 0.132252 -0.551126
vn 0.410282 0.726589 -0.551124
vn -0.312267 0.773792 -0.551122
vn -0.799670 0.238308 -0.551124
vn -0.684905 -0.476622 -0.551123
vn -0.054391 -0.832653 -0.551118
vn 0.617075 -0.561677 -0.551124
vn 1.000000 -0.000000 0.000001
vn 0.623491 0.781830 -0.000003
vn -0.222520 0.974928 -0.000001
vn -0.900969 0.433883 0.000003
vn -0.900968 -0.433885 -0.000003
vn -0.222514 -0.974929 -0.000001
vn 0.623485 -0.781835 0.000002
vn 0.823874 -0.132252 0.551128
vn 0.617079 0.561670 0.551127
vn -0.054391 0.832650 0.551122
vn -0.684908 0.476620 0.551121
vn -0.799670 -0.238308 0.551124
vn -0.312263 -0.773795 0.551120
vn 0.410279 -0.726594 0.551120
vn -0.000000 0.000000 1.000000
vn -0.000000 0.000000 -1.000000
vn 0.823878 0.132256 -0.551120
vn 0.410282 0.726590 -0.551122
vn -0.312265 0.773790 -0.551126
vn -0.799668 0.238311 -0.551125
vn -0.684903 -0.476624 -0.551124
vn -0.054392 -0.832650 -0.551122
vn 0.617075 -0.561681 -0.551119
vn 1.000000 -0.000000 0.000000
vn 0.623491 0.781831 0.000000
vn -0.222519 0.974928 0.000001
vn -0.900969 0.433884 -0.000001
vn -0.900969 -0.433884 0.000001
vn -0.222519 -0.974928 -0.000001
vn 0.623487 -0.781834 -0.000001
vn 0.823877 -0.132256 0.551122
vn 0.617078 0.561676 0.551121
vn -0.054392 0.832648 0.551125
vn -0.684902 0.476623 0.551126
vn -0.799669 -0.238312 0.551123
vn -0.312265 -0.773792 0.551123
vn 0.410279 -0.726594 0.551119
vn 0.000000 0.000000 1.000000
vn 0.000000 0.000000 -1.000000
vn 0.823878 0.132253 -0.551121
vn 0.410281 0.726593 -0.551119
vn -0.312269 0.773789 -0.551124
vn -0.799670 0.238312 -0.551122
vn -0.684903 -0.476622 -0.551125
vn -0.054393 -0.832648 -0.551125
vn 0.617080 -0.561673 -0.551121
vn 1.000000 0.000000 -0.000000
vn 0.623489 0.781832 0.000001
vn -0.222520 0.974928 0.000002
vn -0.900970 0.433882 -0.000002
vn -0.900970 -0.433882 0.000002
vn -0.222520 -0.974928 -0.000002
vn 0.623493 -0.781829 -0.000000
vn 0.823879 -0.132252 0.551120
vn 0.617078 0.561678 0.551119
vn -0.054393 0.832650 0.551122
vn -0.684904 0.476622 0.551124
vn -0.799669 -0.238311 0.551123
vn -0.312269 -0.773788 0.551127
vn 0.410283 -0.726589 0.551122
vn 0.000000 0.000000 1.000000
vn 0.000000 -0.000000 -1.000000
vn 0.823878 0.132254 -0.551121
vn 0.410276 0.726595 -0.551120
vn -0.312267 0.773792 -0.551121
vn -0.799670 0.238314 -0.551121
vn -0.684903 -0.476624 -0.551124
vn -0.054396 -0.832648 -0.551125
vn 0.617081 -0.561671 -0.551123
vn 1.000000 -0.000000 -0.000001
vn 0.623485 0.781835 0.000000
vn -0.222523 0.974927 -0.000000
vn -0.900969 0.433884 -0.000002
vn -0.900969 -0.433884 0.000002
vn -0.222523 -0.974927 0.000000
vn 0.623491 -0.781831 0.000001
vn 0.823879 -0.132254 0.551119
vn 0.617077 0.561678 0.551121
vn -0.054396 0.832651 0.551121
vn -0.684903 0.476625 0.551122
vn -0.799669 -0.238314 0.551123
vn -0.312266 -0.773790 0.551125
vn 0.410280 -0.726590 0.551124
vn 0.000000 -0.000000 1.000000
vn -0.000000 0.000000 -1.000000
vn 0.823876 0.132253 -0.551124
vn 0.410281 0.726588 -0.551126
vn -0.312275 0.773786 -0.551125
vn -0.799668 0.238309 -0.551125
vn -0.684907 -0.476622 -0.551120
vn -0.054399 -0.832651 -0.551120
vn 0.617075 -0.561680 -0.551121
vn 1.000000 0.000000 0.000001
vn 0.623493 0.781829 -0.000001
vn -0.222527 0.974926 0.000003
vn -0.900968 0.433885 0.000001
vn -0.900968 -0.433885 -0.000001
vn -0.222527 -0.974926 -0.000003
vn 0.623487 -0.781834 -0.000000
vn 0.823875 -0.132254 0.551125
vn 0.617078 0.561673 0.551124
vn -0.054399 0.832648 0.551124
vn -0.684906 0.476622 0.551122
vn -0.799670 -0.238309 0.551123
vn -0.312276 -0.773789 0.551121
vn 0.410277 -0.726593 0.551122
vn -0.000000 0.000000 1.000000
vn 0.000000 0.000000 -1.000000
vn 0.823875 0.132254 -0.551126
vn 0.410278 0.726594 -0.551120
vn -0.312272 0.773791 -0.551121
vn -0.799670 0.238317 -0.551120
vn -0.684903 -0.476624 -0.551123
vn -0.054396 -0.832648 -0.551125
vn 0.617080 -0.561670 -0.551124
vn 1.000000 0.000000 -0.000001
vn 0.623486 0.781835 -0.000001
vn -0.222525 0.974927 0.000001
vn -0.900969 0.433884 -0.000004
vn -0.900969 -0.433884 0.000004
vn -0.222525 -0.974927 -0.000001
vn 0.623491 -0.781830 0.000002
vn 0.823876 -0.132254 0.551124
vn 0.617077 0.561677 0.551121
vn -0.054396 0.832650 0.551121
vn -0.684904 0.476625 0.551121
vn -0.799668 -0.238317 0.551122
vn -0.312271 -0.773788 0.551125
vn 0.410282 -0.726589 0.551124
vn 0.000000 -0.000000 1.000000
vn 0.000000 -0.000000 -1.000000
vn 0.823874 0.132253 -0.551126
vn 0.410277 0.726595 -0.551119
vn -0.312270 0.773791 -0.551122
vn -0.799670 0.238311 -0.551122
vn -0.684904 -0.476621 -0.551125
vn -0.054395 -0.832650 -0.551122
vn 0.617078 -0.561673 -0.551124
vn 1.000000 0.000000 -0.000001
vn 0.623484 0.781836 -0.000001
vn -0.222519 0.974928 0.000002
vn -0.900970 0.433882 -0.000000
vn -0.900970 -0.433882 0.000000
vn -0.222519 -0.974928 -0.000002
vn 0.623489 -0.781832 0.000002
vn 0.823875 -0.132253 0.551125
vn 0.617075 0.561679 0.551122
vn -0.054395 0.832652 0.551119
vn -0.684905 0.476622 0.551124
vn -0.799669 -0.238310 0.551124
vn -0.312269 -0.773789 0.551125
vn 0.410280 -0.726591 0.551123
vn 0.000000 0.000000 1.000000
vn 0.000000 0.000000 -1.000000
vn 0.823877 0.132254 -0.551122
vn 0.410276 0.726593 -0.551122
vn -0.312264 0.773794 -0.551121
vn -0.799671 0.238309 -0.551121
vn -0.684905 -0.476621 -0.551124
vn -0.054393 -0.832648 -0.551125
vn 0.617080 -0.561672 -0.551124
vn 1.000000 -0.000000 -0.000001
vn 0.623487 0.781834 0.000001
vn -0.222521 0.974928 -0.000001
vn -0.900970 0.433882 0.000001
vn -0.900970 -0.433882 -0.000001
vn -0.222521 -0.974928 0.000001
vn 0.623492 -0.781830 0.000000
vn 0.823878 -0.132253 0.551121
vn 0.617077 0.561677 0.551121
vn -0.054393 0.832650 0.551121
vn -0.684906 0.476621 0.551122
vn -0.799670 -0.238309 0.551123
vn -0.312263 -0.773792 0.551124
vn 0.410279 -0.726589 0.551126
vn 0.000000 0.000000 1.000000
vn 0.000000 0.000000 -1.000000
vn 0.823878 0.132253 -0.551121
vn 0.410280 0.726592 -0.551121
vn -0.312266 0.773792 -0.551123
vn -0.799670 0.238309 -0.551123
vn -0.684906 -0.476622 -0.551122
vn -0.054392 -0.832647 -0.551126
vn 0.617077 -0.561677 -0.551122
vn 1.000000 -0.000000 -0.000000
vn 0.623490 0.781831 0.000002
vn -0.222520 0.974928 0.000000
vn -0.900969 0.433884 0.000001
vn -0.900969 -0.433883 0.000000
vn -0.222524 -0.974927 0.000001
vn 0.623492 -0.781829 -0.000003
vn 0.823879 -0.132253 0.551120
vn 0.617077 0.561679 0.551120
vn -0.054392 0.832649 0.551123
vn -0.684906 0.476621 0.551122
vn -0.799670 -0.238310 0.551123
vn -0.312269 -0.773790 0.551124
vn 0.410278 -0.726589 0.551126
vn 0.000000 0.000000 1.000000
vn 0.000000 0.000000 -1.000000
vn 0.823877 0.132255 -0.551121
vn 0.410279 0.726591 -0.551123
vn -0.312265 0.773795 -0.551119
vn -0.799669 0.238315 -0.551122
vn -0.684906 -0.476625 -0.551118
vn -0.054390 -0.832649 -0.551124
vn 0.617078 -0.561677 -0.551120
vn 1.000000 0.000000 -0.000000
vn 0.623490 0.781831 -0.000001
vn -0.222521 0.974928 0.000001
vn -0.900966 0.433889 -0.000000
vn -0.900968 -0.433886 0.000000
vn -0.222525 -0.974927 0.000005
vn 0.623490 -0.781831 -0.000000
vn 0.823876 -0.132255 0.551123
vn 0.617078 0.561677 0.551120
vn -0.054399 0.832650 0.551121
vn -0.684902 0.476627 0.551123
vn -0.799671 -0.238315 0.551120
vn -0.312263 -0.773797 0.551117
vn 0.410279 -0.726591 0.551123
vn 0.000000 -0.000000 1.000000
vn -0.000000 -0.000000 -1.000000
vn 0.771174 0.123793 -0.624472
vn 0.384035 0.680113 -0.624471
vn -0.292292 0.724294 -0.624471
vn -0.748516 0.223067 -0.624472
vn -0.641092 -0.446134 -0.624472
vn -0.050913 -0.779386 -0.624472
vn 0.577604 -0.525745 -0.624472
vn 1.000000 0.000000 -0.000000
vn 0.623489 0.781832 -0.000000
vn -0.222521 0.974928 -0.000000
vn -0.900969 0.433884 0.000000
vn -0.900969 -0.433884 0.000000
vn -0.222521 -0.974928 0.000000
vn 0.623490 -0.781831 -0.000000
vn 0.771175 -0.123793 0.624472
vn 0.577604 0.525746 0.624472
vn -0.050913 0.779386 0.624472
vn -0.641093 0.446133 0.624471
vn -0.748516 -0.223067 0.624472
vn -0.292291 -0.724293 0.624472
vn 0.384034 -0.680112 0.624473
vn 0.000000 0.000000 1.000000
vn 0.000000 0.000000 -1.000000
vn 0.771174 0.123792 -0.624472
vn 0.384034 0.680112 -0.624473
vn -0.292292 0.724292 -0.624472
vn -0.748516 0.223067 -0.624472
vn -0.641093 -0.446134 -0.624472
vn -0.050914 -0.779387 -0.624471
vn 0.577604 -0.525745 -0.624472
vn 1.000000 -0.000000 0.000000
vn 0.623490 0.781831 0.000000
vn -0.222522 0.974928 -0.000000
vn -0.900969 0.433883 -0.000000
vn -0.900969 -0.433884 -0.000000
vn -0.222520 -0.974928 -0.000000
vn 0.623489 -0.781832 0.000000
vn 0.771174 -0.123792 0.624472
vn 0.577604 0.525744 0.624473
vn -0.050913 0.779385 0.624473
vn -0.641093 0.446133 0.624472
vn -0.748516 -0.223067 0.624472
vn -0.292292 -0.724293 0.624471
vn 0.384034 -0.680113 0.624471
vn 0.000000 0.000000 1.000000
vn 0.000000 0.000000 -1.000000
vn 0.771174 0.123793 -0.624472
vn 0.384034 0.680112 -0.624472
vn -0.292291 0.724293 -0.624472
vn -0.748516 0.223067 -0.624472
vn -0.641093 -0.446133 -0.624472
vn -0.050913 -0.779386 -0.624472
vn 0.577605 -0.525745 -0.624472
vn 1.000000 -0.000000 0.000000
vn 0.623490 0.781832 0.000000
vn -0.222521 0.974928 -0.000000
vn -0.900969 0.433883 -0.000000
vn -0.900969 -0.433883 -0.000000
vn -0.222521 -0.974928 0.000000
vn 0.623490 -0.781831 0.000000
vn 0.771174 -0.123793 0.624472
vn 0.577604 0.525746 0.624472
vn -0.050913 0.779386 0.624472
vn -0.641092 0.446133 0.624472
vn -0.748516 -0.223066 0.624472
vn -0.292291 -0.724293 0.624472
vn 0.384035 -0.680112 0.624472
vn 0.000000 0.000000 1.000000
vn 0.000000 0.000000 -1.000000
vn 0.771174 0.123793 -0.624472
vn 0.384035 0.680111 -0.624472
vn -0.292290 0.724293 -0.624472
vn -0.748516 0.223067 -0.624472
vn -0.641093 -0.446133 -0.624472
vn -0.050914 -0.779387 -0.624471
vn 0.577604 -0.525746 -0.624472
vn 1.000000 0.000000 0.000000
vn 0.623491 0.781831 -0.000000
vn -0.222520 0.974928 -0.000001
vn -0.900969 0.433884 0.000000
vn -0.900969 -0.433883 -0.000000
vn -0.222520 -0.974928 -0.000000
vn 0.623489 -0.781832 0.000000
vn 0.771174 -0.123793 0.624472
vn 0.577605 0.525744 0.624472
vn -0.050912 0.779385 0.624473
vn -0.641093 0.446133 0.624472
vn -0.748516 -0.223067 0.624472
vn -0.292291 -0.724294 0.624471
vn 0.384035 -0.680113 0.624471
vn 0.000000 0.000000 1.000000
vn 0.000000 0.000000 -1.000000
vn 0.771175 0.123793 -0.624472
vn 0.384035 0.680113 -0.624471
vn -0.292291 0.724294 -0.624471
vn -0.748515 0.223067 -0.624473
vn -0.641092 -0.446133 -0.624472
vn -0.050913 -0.779385 -0.624473
vn 0.577606 -0.525744 -0.624472
vn 1.000000 -0.000000 -0.000000
vn 0.623490 0.781832 0.000000
vn -0.222520 0.974928 0.000001
vn -0.900968 0.433885 0.000000
vn -0.900969 -0.433884 -0.000000
vn -0.222522 -0.974928 -0.000000
vn 0.623491 -0.781830 0.000000
vn 0.771174 -0.123793 0.624472
vn 0.577605 0.525746 0.624471
vn -0.050914 0.779387 0.624471
vn -0.641091 0.446135 0.624473
vn -0.748515 -0.223066 0.624473
vn -0.292292 -0.724292 0.624473
vn 0.384035 -0.680111 0.624473
vn 0.000000 0.000000 1.000000
vn 0.000000 0.000000 -1.000000
vn 0.771174 0.123793 -0.624472
vn 0.384034 0.680112 -0.624472
vn -0.292291 0.724293 -0.624472
vn -0.748515 0.223067 -0.624472
vn -0.641093 -0.446133 -0.624472
vn -0.050914 -0.779386 -0.624472
vn 0.577604 -0.525745 -0.624472
vn 1.000000 0.000000 -0.000000
vn 0.623490 0.781831 -0.000000
vn -0.222521 0.974928 0.000000
vn -0.900968 0.433885 0.000000
vn -0.900969 -0.433884 -0.000000
vn -0.222522 -0.974928 0.000000
vn 0.623490 -0.781831 0.000000
vn 0.771174 -0.123793 0.624472
vn 0.577604 0.525745 0.624472
vn -0.050914 0.779386 0.624472
vn -0.641092 0.446134 0.624472
vn -0.748516 -0.223066 0.624472
vn -0.292292 -0.724293 0.624472
vn 0.384035 -0.680112 0.624472
vn 0.000000 0.000000 1.000000
vn 0.000000 0.000000 -1.000000
vn 0.771174 0.123793 -0.624473
vn 0.384035 0.680112 -0.624471
vn -0.292292 0.724293 -0.624472
vn -0.748516 0.223066 -0.624472
vn -0.641092 -0.446133 -0.624472
vn -0.050914 -0.779386 -0.624472
vn 0.577605 -0.525744 -0.624473
vn 1.000000 -0.000000 -0.000000
vn 0.623490 0.781831 -0.000000
vn -0.222520 0.974928 0.000000
vn -0.900969 0.433883 0.000000
vn -0.900969 -0.433884 -0.000000
vn -0.222520 -0.974928 -0.000000
vn 0.623490 -0.781831 0.000000
vn 0.771174 -0.123792 0.624472
vn 0.577604 0.525745 0.624472
vn -0.050912 0.779386 0.624472
vn -0.641094 0.446132 0.624472
vn -0.748516 -0.223066 0.624472
vn -0.292291 -0.724293 0.624472
vn 0.384034 -0.680112 0.624473
vn 0.000000 0.000000 1.000000
vn 0.000000 -0.000000 -1.000000
vn 0.771174 0.123793 -0.624472
vn 0.384034 0.680112 -0.624472
vn -0.292291 0.724294 -0.624471
vn -0.748515 0.223067 -0.624472
vn -0.641093 -0.446133 -0.624472
vn -0.050915 -0.779386 -0.624472
vn 0.577605 -0.525745 -0.624472
vn 1.000000 0.000000 0.000000
vn 0.623490 0.781832 -0.000000
vn -0.222521 0.974928 -0.000000
vn -0.900969 0.433884 0.000000
vn -0.900969 -0.433884 -0.000000
vn -0.222522 -0.974928 -0.000001
vn 0.623490 -0.781832 0.000000
vn 0.771174 -0.123793 0.624472
vn 0.577605 0.525745 0.624472
vn -0.050913 0.779386 0.624472
vn -0.641093 0.446134 0.624471
vn -0.748516 -0.223066 0.624472
vn -0.292292 -0.724293 0.624472
vn 0.384034 -0.680112 0.624472
vn 0.000000 0.000000 1.000000
vn 0.000000 0.000000 -1.000000
vn 0.771175 0.123793 -0.624472
vn 0.384034 0.680113 -0.624471
vn -0.292291 0.724294 -0.624471
vn -0.748516 0.223067 -0.624472
vn -0.641091 -0.446134 -0.624473
vn -0.050914 -0.779386 -0.624472
vn 0.577605 -0.525745 -0.624472
vn 1.000000 0.000000 -0.000000
vn 0.623489 0.781832 0.000000
vn -0.222520 0.974928 0.000000
vn -0.900968 0.433885 0.000000
vn -0.900968 -0.433885 -0.000000
vn -0.222520 -0.974928 -0.000000
vn 0.623490 -0.781831 -0.000000
vn 0.771175 -0.123793 0.624471
vn 0.577604 0.525746 0.624471
vn -0.050914 0.779387 0.624471
vn -0.641092 0.446134 0.624472
vn -0.748515 -0.223067 0.624473
vn -0.292290 -0.724293 0.624472
vn 0.384034 -0.680112 0.624472
vn 0.000000 0.000000 1.000000
vn 0.000000 0.000000 -1.000000
vn 0.771174 0.123793 -0.624472
vn 0.384035 0.680112 -0.624472
vn -0.292291 0.724293 -0.624472
vn -0.748516 0.223066 -0.624472
vn -0.641093 -0.446133 -0.624472
vn -0.050913 -0.779386 -0.624472
vn 0.577604 -0.525745 -0.624472
vn 1.000000 -0.000000 -0.000000
vn 0.623490 0.781831 0.000000
vn -0.222520 0.974928 -0.000000
vn -0.900969 0.433883 0.000000
vn -0.900969 -0.433883 -0.000000
vn -0.222520 -0.974928 -0.000000
vn 0.623489 -0.781832 -0.000000
vn 0.771174 -0.123793 0.624472
vn 0.577604 0.525745 0.624472
vn -0.050912 0.779386 0.624472
vn -0.641093 0.446133 0.624472
vn -0.748516 -0.223066 0.624472
vn -0.292291 -0.724293 0.624472
vn 0.384034 -0.680112 0.624472
vn 0.000000 0.000000 1.000000
vn 0.000000 0.000000 -1.000000
vn 0.771174 0.123793 -0.624472
vn 0.384035 0.680112 -0.624472
vn -0.292293 0.724292 -0.624472
vn -0.748516 0.223067 -0.624471
vn -0.641093 -0.446134 -0.624471
vn -0.050914 -0.779386 -0.624472
vn 0.577604 -0.525745 -0.624472
vn 1.000000 -0.000000 -0.000000
vn 0.623490 0.781831 -0.000000
vn -0.222521 0.974928 0.000001
vn -0.900969 0.433883 -0.000000
vn -0.900969 -0.433884 0.000000
vn -0.222521 -0.974928 0.000000
vn 0.623489 -0.781832 0.000000
vn 0.771174 -0.123793 0.624473
vn 0.577605 0.525745 0.624472
vn -0.050914 0.779386 0.624472
vn -0.641093 0.446133 0.624472
vn -0.748516 -0.223067 0.624471
vn -0.292291 -0.724293 0.624472
vn 0.384034 -0.680112 0.624472
vn 0.000000 0.000000 1.000000
vn 0.000000 -0.000000 -1.000000
vn 0.771174 0.123793 -0.624472
vn 0.384035 0.680112 -0.624472
vn -0.292291 0.724293 -0.624472
vn -0.748516 0.223067 -0.624472
vn -0.641092 -0.446134 -0.624472
vn -0.050914 -0.779386 -0.624472
vn 0.577604 -0.525745 -0.624472
vn 1.000000 -0.000000 -0.000000
vn 0.623490 0.781831 -0.000000
vn -0.222521 0.974928 0.000000
vn -0.900969 0.433884 0.000000
vn -0.900969 -0.433884 -0.000000
vn -0.222521 -0.974928 -0.000000
vn 0.623489 -0.781832 0.000000
vn 0.771174 -0.123793 0.624473
vn 0.577605 0.525745 0.624472
vn -0.050913 0.779386 0.624472
vn -0.641093 0.446133 0.624472
vn -0.748515 -0.223067 0.624472
vn -0.292291 -0.724293 0.624472
vn 0.384034 -0.680112 0.624472
vn 0.000000 0.000000 1.000000
vn 0.000000 0.000000 -1.000000
vn 0.771175 0.123792 -0.624472
vn 0.384034 0.680112 -0.624472
vn -0.292292 0.724292 -0.624473
vn -0.748516 0.223066 -0.624473
vn -0.641092 -0.446134 -0.624472
vn -0.050913 -0.779387 -0.624471
vn 0.577604 -0.525746 -0.624472
vn 1.000000 -0.000000 0.000000
vn 0.623490 0.781831 -0.000000
vn -0.222521 0.974928 0.000001
vn -0.900969 0.433884 0.000000
vn -0.900969 -0.433884 -0.000000
vn -0.222520 -0.974928 -0.000000
vn 0.623488 -0.781833 -0.000000
vn 0.771174 -0.123793 0.624472
vn 0.577604 0.525745 0.624472
vn -0.050915 0.779386 0.624472
vn -0.641092 0.446133 0.624473
vn -0.748516 -0.223066 0.624472
vn -0.292291 -0.724294 0.624471
vn 0.384033 -0.680113 0.624471
vn 0.000000 -0.000000 1.000000
vn 0.000000 -0.000000 -1.000000
vn 0.771174 0.123792 -0.624473
vn 0.384034 0.680112 -0.624472
vn -0.292291 0.724293 -0.624472
vn -0.748516 0.223066 -0.624472
vn -0.641093 -0.446133 -0.624472
vn -0.050914 -0.779386 -0.624472
vn 0.577604 -0.525745 -0.624473
vn 1.000000 0.000000 0.000000
vn 0.623489 0.781832 -0.000000
vn -0.222521 0.974928 -0.000000
vn -0.900969 0.433884 0.000000
vn -0.900969 -0.433883 -0.000000
vn -0.222521 -0.974928 0.000000
vn 0.623489 -0.781832 0.000000
vn 0.771174 -0.123793 0.624473
vn 0.577604 0.525745 0.624473
vn -0.050914 0.779386 0.624472
vn -0.641093 0.446133 0.624472
vn -0.748516 -0.223066 0.624472
vn -0.292291 -0.724293 0.624472
vn 0.384034 -0.680112 0.624472
vn 0.000000 -0.000000 1.000000
vn 0.000000 0.000000 -1.000000
vn 0.771175 0.123793 -0.624472
vn 0.384034 0.680112 -0.624472
vn -0.292292 0.724293 -0.624472
vn -0.748516 0.223067 -0.624472
vn -0.641093 -0.446133 -0.624472
vn -0.050913 -0.779386 -0.624472
vn 0.577605 -0.525745 -0.624472
vn 1.000000 -0.000000 0.000000
vn 0.623489 0.781832 0.000000
vn -0.222522 0.974928 0.000000
vn -0.900969 0.433883 -0.000000
vn -0.900969 -0.433884 0.000000
vn -0.222521 -0.974928 0.000000
vn 0.623490 -0.781831 0.000000
vn 0.771174 -0.123793 0.624472
vn 0.577604 0.525745 0.624472
vn -0.050915 0.779386 0.624472
vn -0.641093 0.446133 0.624472
vn -0.748516 -0.223067 0.624472
vn -0.292291 -0.724293 0.624472
vn 0.384035 -0.680112 0.624472
vn 0.000000 -0.000000 1.000000
vn 0.000000 0.000000 -1.000000
vn 0.771175 0.123792 -0.624472
vn 0.384034 0.680113 -0.624472
vn -0.292292 0.724293 -0.624472
vn -0.748516 0.223067 -0.624472
vn -0.641093 -0.446134 -0.624472
vn -0.050915 -0.779386 -0.624471
vn 0.577604 -0.525745 -0.624472
vn 1.000000 0.000000 0.000000
vn 0.623489 0.781832 -0.000000
vn -0.222522 0.974928 0.000000
vn -0.900969 0.433884 -0.000000
vn -0.900969 -0.433884 0.000000
vn -0.222522 -0.974928 -0.000000
vn 0.623489 -0.781832 0.000000
vn 0.771175 -0.123792 0.624472
vn 0.577604 0.525745 0.624472
vn -0.050915 0.779386 0.624471
vn -0.641093 0.446134 0.624472
vn -0.748516 -0.223067 0.624472
vn -0.292293 -0.724293 0.624472
vn 0.384034 -0.680113 0.624472
vn 0.000000 -0.000000 1.000000
vn 0.000000 0.000000 -1.000000
vn 0.771174 0.123793 -0.624472
vn 0.384034 0.680112 -0.624472
vn -0.292291 0.724293 -0.624472
vn -0.748516 0.223067 -0.624472
vn -0.641092 -0.446133 -0.624472
vn -0.050914 -0.779386 -0.624472
vn 0.577604 -0.525745 -0.624472
vn 1.000000 0.000000 0.000000
vn 0.623490 0.781832 0.000000
vn -0.222521 0.974928 -0.000000
vn -0.900969 0.433884 0.000000
vn -0.900969 -0.433884 -0.000000
vn -0.222521 -0.974928 0.000000
vn 0.623490 -0.781832 -0.000000
vn 0.771174 -0.123793 0.624472
vn 0.577604 0.525745 0.624472
vn -0.050914 0.779386 0.624472
vn -0.641092 0.446133 0.624472
vn -0.748516 -0.223067 0.624472
vn -0.292291 -0.724293 0.624472
vn 0.384034 -0.680112 0.624472
vn 0.000000 0.000000 1.000000
vn 0.000000 -0.000000 -1.000000
vn 0.771175 0.123793 -0.624472
vn 0.384034 0.680112 -0.624472
vn -0.292292 0.724292 -0.624472
vn -0.748516 0.223067 -0.624472
vn -0.641092 -0.446134 -0.624472
vn -0.050913 -0.779386 -0.624472
vn 0.577604 -0.525746 -0.624471
vn 1.000000 -0.000000 0.000000
vn 0.623490 0.781832 0.000000
vn -0.222521 0.974928 0.000001
vn -0.900969 0.433884 -0.000001
vn -0.900969 -0.433884 0.000001
vn -0.222521 -0.974928 -0.000001
vn 0.623490 -0.781832 -0.000000
vn 0.771175 -0.123793 0.624472
vn 0.577604 0.525746 0.624471
vn -0.050913 0.779386 0.624472
vn -0.641092 0.446134 0.624472
vn -0.748516 -0.223067 0.624472
vn -0.292292 -0.724292 0.624472
vn 0.384034 -0.680112 0.624472
vn 0.000000 -0.000000 1.000000
vn 0.000000 0.000000 -1.000000
vn 0.771174 0.123793 -0.624472
vn 0.384035 0.680112 -0.624472
vn -0.292291 0.724293 -0.624472
vn -0.748515 0.223066 -0.624473
vn -0.641093 -0.446132 -0.624472
vn -0.050911 -0.779386 -0.624473
vn 0.577604 -0.525745 -0.624472
vn 1.000000 0.000000 -0.000000
vn 0.623490 0.781831 0.000000
vn -0.222520 0.974928 -0.000001
vn -0.900969 0.433883 0.000000
vn -0.900969 -0.433883 -0.000000
vn -0.222520 -0.974928 0.000001
vn 0.623490 -0.781831 -0.000000
vn 0.771174 -0.123793 0.624472
vn 0.577604 0.525745 0.624472
vn -0.050911 0.779386 0.624473
vn -0.641093 0.446132 0.624472
vn -0.748516 -0.223066 0.624472
vn -0.292291 -0.724293 0.624472
vn 0.384035 -0.680112 0.624472
vn 0.000000 0.000000 1.000000
vn 0.000000 0.000000 -1.000000
vn 0.771174 0.123793 -0.624472
vn 0.384034 0.680112 -0.624472
vn -0.292292 0.724293 -0.624472
vn -0.748516 0.223068 -0.624471
vn -0.641093 -0.446133 -0.624472
vn -0.050914 -0.779386 -0.624472
vn 0.577604 -0.525746 -0.624471
vn 1.000000 0.000000 0.000000
vn 0.623490 0.781831 0.000001
vn -0.222521 0.974928 -0.000000
vn -0.900969 0.433884 -0.000001
vn -0.900969 -0.433884 0.000001
vn -0.222522 -0.974928 -0.000001
vn 0.623490 -0.781831 -0.000001
vn 0.771174 -0.123793 0.624472
vn 0.577604 0.525746 0.624471
vn -0.050912 0.779386 0.624472
vn -0.641093 0.446134 0.624471
vn -0.748516 -0.223067 0.624471
vn -0.292293 -0.724292 0.624472
vn 0.384034 -0.680112 0.624472
vn 0.000000 0.000000 1.000000
vn 0.000000 0.000000 -1.000000
vn 0.771175 0.123793 -0.624471
vn 0.384034 0.680111 -0.624473
vn -0.292292 0.724293 -0.624472
vn -0.748515 0.223067 -0.624472
vn -0.641092 -0.446134 -0.624472
vn -0.050912 -0.779386 -0.624473
vn 0.577605 -0.525746 -0.624471
vn 1.000000 -0.000000 0.000000
vn 0.623491 0.781831 0.000000
vn -0.222522 0.974928 -0.000000
vn -0.900968 0.433885 -0.000000
vn -0.900969 -0.433884 0.000000
vn -0.222520 -0.974928 0.000000
vn 0.623490 -0.781831 -0.000001
vn 0.771175 -0.123793 0.624471
vn 0.577605 0.525745 0.624472
vn -0.050914 0.779386 0.624473
vn -0.641092 0.446134 0.624472
vn -0.748515 -0.223067 0.624472
vn -0.292291 -0.724293 0.624472
vn 0.384035 -0.680112 0.624472
vn 0.000000 0.000000 1.000000
vn 0.000000 -0.000000 -1.000000
vn 0.771174 0.123793 -0.624473
vn 0.384034 0.680112 -0.624473
vn -0.292292 0.724293 -0.624472
vn -0.748516 0.223067 -0.624472
vn -0.641093 -0.446133 -0.624471
vn -0.050913 -0.779386 -0.624472
vn 0.577604 -0.525745 -0.624472
vn 1.000000 0.000000 -0.000000
vn 0.623490 0.781832 0.000000
vn -0.222522 0.974928 -0.000000
vn -0.900969 0.433883 -0.000000
vn -0.900969 -0.433884 0.000000
vn -0.222521 -0.974928 0.000000
vn 0.623490 -0.781832 -0.000000
vn 0.771174 -0.123793 0.624473
vn 0.577604 0.525745 0.624472
vn -0.050913 0.779386 0.624472
vn -0.641093 0.446133 0.624471
vn -0.748516 -0.223067 0.624472
vn -0.292292 -0.724293 0.624472
vn 0.384034 -0.680112 0.624472
vn 0.000000 -0.000000 1.000000
vn 0.000000 0.000000 -1.000000
vn 0.771175 0.123792 -0.624472
vn 0.384034 0.680112 -0.624472
vn -0.292292 0.724293 -0.624472
vn -0.748516 0.223067 -0.624471
vn -0.641093 -0.446134 -0.624472
vn -0.050914 -0.779386 -0.624472
vn 0.577605 -0.525744 -0.624472
vn 1.000000 -0.000000 -0.000000
vn 0.623490 0.781832 0.000000
vn -0.222521 0.974928 0.000000
vn -0.900969 0.433884 -0.000000
vn -0.900969 -0.433884 0.000000
vn -0.222521 -0.974928 -0.000000
vn 0.623491 -0.781831 -0.000000
vn 0.771175 -0.123792 0.624472
vn 0.577604 0.525745 0.624472
vn -0.050914 0.779386 0.624472
vn -0.641093 0.446134 0.624472
vn -0.748516 -0.223067 0.624472
vn -0.292292 -0.724293 0.624473
vn 0.384034 -0.680111 0.624473
vn 0.000000 0.000000 1.000000
vn 0.000000 0.000000 -1.000000
vn 0.771174 0.123793 -0.624472
vn 0.384035 0.680112 -0.624471
vn -0.292291 0.724293 -0.624472
vn -0.748516 0.223067 -0.624472
vn -0.641093 -0.446133 -0.624471
vn -0.050913 -0.779386 -0.624472
vn 0.577605 -0.525744 -0.624472
vn 1.000000 0.000000 -0.000000
vn 0.623490 0.781832 0.000000
vn -0.222520 0.974928 0.000000
vn -0.900969 0.433883 -0.000000
vn -0.900969 -0.433883 -0.000000
vn -0.222521 -0.974928 0.000001
vn 0.623490 -0.781831 0.000001
vn 0.771175 -0.123793 0.624472
vn 0.577604 0.525746 0.624471
vn -0.050912 0.779386 0.624472
vn -0.641093 0.446133 0.624472
vn -0.748516 -0.223067 0.624472
vn -0.292291 -0.724294 0.624472
vn 0.384035 -0.680111 0.624472
vn 0.000000 0.000000 1.000000
vn 0.000000 -0.000000 -1.000000
vn 0.771175 0.123793 -0.624472
vn 0.384035 0.680111 -0.624472
vn -0.292291 0.724292 -0.624473
vn -0.748516 0.223066 -0.624472
vn -0.641092 -0.446133 -0.624472
vn -0.050913 -0.779386 -0.624471
vn 0.577604 -0.525746 -0.624472
vn 1.000000 -0.000000 -0.000000
vn 0.623491 0.781831 0.000001
vn -0.222521 0.974928 0.000000
vn -0.900969 0.433883 0.000001
vn -0.900969 -0.433884 -0.000001
vn -0.222521 -0.974928 -0.000000
vn 0.623489 -0.781832 -0.000001
vn 0.771175 -0.123792 0.624472
vn 0.577605 0.525745 0.624472
vn -0.050913 0.779386 0.624473
vn -0.641093 0.446132 0.624472
vn -0.748516 -0.223066 0.624472
vn -0.292291 -0.724293 0.624472
vn 0.384033 -0.680112 0.624472
vn 0.000000 0.000000 1.000000
vn 0.000000 0.000000 -1.000000
vn 0.758153 0.121702 -0.640619
vn 0.377550 0.668628 -0.640619
vn -0.287356 0.712063 -0.640619
vn -0.735876 0.219300 -0.640620
vn -0.630267 -0.438600 -0.640620
vn -0.050053 -0.766226 -0.640619
vn 0.567851 -0.516868 -0.640619
vn 1.000000 -0.000000 0.000000
vn 0.623490 0.781831 0.000000
vn -0.222521 0.974928 0.000001
vn -0.900968 0.433885 0.000000
vn -0.900968 -0.433885 -0.000000
vn -0.222521 -0.974928 -0.000001
vn 0.623490 -0.781831 -0.000000
vn 0.758152 -0.121702 0.640620
vn 0.567851 0.516868 0.640619
vn -0.050053 0.766226 0.640619
vn -0.630267 0.438600 0.640620
vn -0.735876 -0.219300 0.640620
vn -0.287356 -0.712062 0.640620
vn 0.377550 -0.668627 0.640620
vn 0.000000 0.000000 1.000000
vn 0.000000 0.000000 -1.000000
vn 0.758153 0.121702 -0.640619
vn 0.377550 0.668628 -0.640619
vn -0.287354 0.712064 -0.640619
vn -0.735876 0.219301 -0.640620
vn -0.630269 -0.438597 -0.640620
vn -0.050055 -0.766225 -0.640619
vn 0.567853 -0.516866 -0.640619
vn 1.000000 -0.000000 0.000000
vn 0.623490 0.781831 0.000001
vn -0.222519 0.974928 -0.000002
vn -0.900969 0.433884 -0.000000
vn -0.900969 -0.433883 -0.000001
vn -0.222522 -0.974928 -0.000002
vn 0.623491 -0.781830 0.000001
vn 0.758154 -0.121702 0.640618
vn 0.567851 0.516868 0.640619
vn -0.050049 0.766225 0.640620
vn -0.630267 0.438600 0.640620
vn -0.735876 -0.219299 0.640621
vn -0.287359 -0.712061 0.640620
vn 0.377553 -0.668627 0.640618
vn 0.000000 0.000000 1.000000
vn 0.000000 0.000000 -1.000000
vn 0.758152 0.121703 -0.640620
vn 0.377551 0.668630 -0.640616
vn -0.287354 0.712064 -0.640618
vn -0.735877 0.219299 -0.640619
vn -0.630267 -0.438597 -0.640622
vn -0.050055 -0.766223 -0.640622
vn 0.567852 -0.516864 -0.640621
vn 1.000000 0.000000 -0.000001
vn 0.623488 0.781833 0.000001
vn -0.222516 0.974929 0.000000
vn -0.900969 0.433883 0.000000
vn -0.900970 -0.433882 -0.000000
vn -0.222520 -0.974928 -0.000004
vn 0.623494 -0.781828 0.000001
vn 0.758153 -0.121702 0.640619
vn 0.567850 0.516871 0.640618
vn -0.050050 0.766227 0.640618
vn -0.630267 0.438601 0.640619
vn -0.735876 -0.219297 0.640621
vn -0.287357 -0.712057 0.640625
vn 0.377554 -0.668624 0.640620
vn 0.000000 0.000000 1.000000
vn -0.000000 0.000000 -1.000000
vn 0.758152 0.121703 -0.640619
vn 0.377550 0.668627 -0.640620
vn -0.287356 0.712061 -0.640621
vn -0.735875 0.219300 -0.640621
vn -0.630268 -0.438600 -0.640619
vn -0.050055 -0.766225 -0.640620
vn 0.567851 -0.516868 -0.640620
vn 1.000000 0.000000 -0.000000
vn 0.623491 0.781831 0.000000
vn -0.222521 0.974928 0.000001
vn -0.900968 0.433885 -0.000000
vn -0.900969 -0.433884 -0.000000
vn -0.222523 -0.974927 0.000000
vn 0.623490 -0.781832 0.000000
vn 0.758152 -0.121703 0.640620
vn 0.567851 0.516868 0.640619
vn -0.050053 0.766225 0.640621
vn -0.630266 0.438600 0.640620
vn -0.735876 -0.219300 0.640620
vn -0.287357 -0.712063 0.640619
vn 0.377549 -0.668628 0.640620
vn -0.000000 0.000000 1.000000
vn 0.000000 -0.000000 -1.000000
vn 0.758152 0.121702 -0.640620
vn 0.377550 0.668626 -0.640621
vn -0.287355 0.712062 -0.640620
vn -0.735876 0.219299 -0.640620
vn -0.630268 -0.438598 -0.640620
vn -0.050056 -0.766224 -0.640621
vn 0.567851 -0.516866 -0.640620
vn 1.000000 0.000000 0.000000
vn 0.623491 0.781831 0.000000
vn -0.222521 0.974928 -0.000000
vn -0.900969 0.433883 0.000001
vn -0.900969 -0.433883 -0.000001
vn -0.222522 -0.974928 -0.000001
vn 0.623491 -0.781831 -0.000000
vn 0.758152 -0.121702 0.640620
vn 0.567851 0.516866 0.640620
vn -0.050053 0.766225 0.640620
vn -0.630267 0.438600 0.640620
vn -0.735876 -0.219298 0.640620
vn -0.287358 -0.712061 0.640621
vn 0.377550 -0.668626 0.640621
vn 0.000000 0.000000 1.000000
vn 0.000000 -0.000000 -1.000000
vn 0.758152 0.121702 -0.640620
vn 0.377549 0.668628 -0.640620
vn -0.287354 0.712063 -0.640620
vn -0.735876 0.219301 -0.640619
vn -0.630268 -0.438600 -0.640619
vn -0.050055 -0.766225 -0.640620
vn 0.567850 -0.516868 -0.640620
vn 1.000000 0.000000 0.000000
vn 0.623490 0.781832 0.000000
vn -0.222518 0.974928 -0.000000
vn -0.900968 0.433885 -0.000000
vn -0.900969 -0.433883 0.000000
vn -0.222522 -0.974928 -0.000000
vn 0.623490 -0.781832 -0.000001
vn 0.758152 -0.121702 0.640620
vn 0.567850 0.516868 0.640619
vn -0.050052 0.766226 0.640619
vn -0.630266 0.438601 0.640620
vn -0.735877 -0.219300 0.640619
vn -0.287357 -0.712062 0.640620
vn 0.377549 -0.668628 0.640620
vn 0.000000 0.000000 1.000000
vn 0.000000 -0.000000 -1.000000
vn 0.887804 0.142514 -0.437600
vn 0.442116 0.782968 -0.437602
vn -0.336496 0.833831 -0.437604
vn -0.861718 0.256802 -0.437601
vn -0.738047 -0.513607 -0.437601
vn -0.058613 -0.897258 -0.437599
vn 0.664956 -0.605262 -0.437598
vn 1.000000 0.000000 0.000000
vn 0.623492 0.781830 0.000000
vn -0.222518 0.974929 0.000001
vn -0.900969 0.433883 -0.000001
vn -0.900969 -0.433883 0.000001
vn -0.222518 -0.974929 -0.000001
vn 0.623487 -0.781833 -0.000001
vn 0.887803 -0.142515 0.437601
vn 0.664960 0.605256 0.437600
vn -0.058613 0.897257 0.437602
vn -0.738047 0.513606 0.437602
vn -0.861719 -0.256803 0.437599
vn -0.336497 -0.833832 0.437600
vn 0.442112 -0.782972 0.437598
vn 0.000000 -0.000000 1.000000
vn 0.000000 0.000000 -1.000000
vn 0.887804 0.142515 -0.437600
vn 0.442112 0.782969 -0.437603
vn -0.336492 0.833834 -0.437601
vn -0.861719 0.256801 -0.437600
vn -0.738049 -0.513604 -0.437601
vn -0.058607 -0.897258 -0.437601
vn 0.664958 -0.605258 -0.437599
vn 1.000000 -0.000000 0.000001
vn 0.623490 0.781831 0.000000
vn -0.222521 0.974928 -0.000002
vn -0.900970 0.433882 0.000000
vn -0.900970 -0.433882 -0.000000
vn -0.222515 -0.974929 0.000000
vn 0.623490 -0.781831 -0.000000
vn 0.887804 -0.142516 0.437600
vn 0.664960 0.605255 0.437602
vn -0.058611 0.897256 0.437603
vn -0.738049 0.513604 0.437601
vn -0.861719 -0.256801 0.437600
vn -0.336492 -0.833834 0.437601
vn 0.442117 -0.782969 0.437599
vn 0.000000 0.000000 1.000000
vn 0.000000 -0.000000 -1.000000
vn 0.887804 0.142514 -0.437600
vn 0.442116 0.782968 -0.437602
vn -0.336496 0.833831 -0.437604
vn -0.861718 0.256802 -0.437601
vn -0.738047 -0.513607 -0.437601
vn -0.058613 -0.897258 -0.437599
vn 0.664956 -0.605262 -0.437598
vn 1.000000 0.000000 0.000000
vn 0.623492 0.781830 0.000000
vn -0.222518 0.974929 0.000001
vn -0.900969 0.433883 -0.000001
vn -0.900969 -0.433883 0.000001
vn -0.222518 -0.974929 -0.000001
vn 0.623487 -0.781833 -0.000001
vn 0.887803 -0.142515 0.437601
vn 0.664960 0.605256 0.437600
vn -0.058613 0.897257 0.437602
vn -0.738047 0.513606 0.437602
vn -0.861719 -0.256803 0.437599
vn -0.336497 -0.833832 0.437600
vn 0.442112 -0.782972 0.437598
vn 0.000000 -0.000000 1.000000
vn 0.000000 0.000000 -1.000000
vn 0.887803 0.142514 -0.437601
vn 0.442113 0.782970 -0.437600
vn -0.336497 0.833832 -0.437600
vn -0.861718 0.256802 -0.437600
vn -0.738049 -0.513605 -0.437600
vn -0.058613 -0.897257 -0.437602
vn 0.664960 -0.605256 -0.437601
vn 1.000000 -0.000000 0.000000
vn 0.623489 0.781832 -0.000000
vn -0.222523 0.974927 0.000000
vn -0.900969 0.433884 0.000000
vn -0.900969 -0.433883 0.000001
vn -0.222523 -0.974927 -0.000000
vn 0.623492 -0.781830 -0.000000
vn 0.887804 -0.142514 0.437600
vn 0.664960 0.605256 0.437601
vn -0.058617 0.897257 0.437600
vn -0.738049 0.513604 0.437600
vn -0.861718 -0.256804 0.437600
vn -0.336500 -0.833830 0.437602
vn 0.442116 -0.782968 0.437602
vn 0.000000 0.000000 1.000000
vn 0.000000 -0.000000 -1.000000
vn 0.887803 0.142515 -0.437601
vn 0.442112 0.782972 -0.437598
vn -0.336497 0.833832 -0.437600
vn -0.861719 0.256803 -0.437599
vn -0.738046 -0.513606 -0.437603
vn -0.058613 -0.897256 -0.437602
vn 0.664959 -0.605256 -0.437601
vn 1.000000 0.000000 -0.000000
vn 0.623487 0.781834 0.000001
vn -0.222518 0.974929 0.000001
vn -0.900969 0.433883 -0.000001
vn -0.900969 -0.433883 0.000001
vn -0.222518 -0.974929 -0.000001
vn 0.623492 -0.781829 -0.000000
vn 0.887804 -0.142515 0.437599
vn 0.664956 0.605262 0.437598
vn -0.058613 0.897258 0.437598
vn -0.738047 0.513607 0.437601
vn -0.861718 -0.256802 0.437600
vn -0.336496 -0.833831 0.437603
vn 0.442116 -0.782968 0.437601
vn 0.000000 -0.000000 1.000000
vn 0.000000 0.000000 -1.000000
vn 0.887804 0.142515 -0.437600
vn 0.442111 0.782969 -0.437603
vn -0.336499 0.833831 -0.437600
vn -0.861719 0.256804 -0.437599
vn -0.738051 -0.513601 -0.437602
vn -0.058606 -0.897256 -0.437604
vn 0.664962 -0.605253 -0.437601
vn 1.000000 -0.000000 -0.000000
vn 0.623491 0.781831 0.000003
vn -0.222525 0.974927 -0.000003
vn -0.900970 0.433881 -0.000001
vn -0.900969 -0.433883 -0.000001
vn -0.222515 -0.974929 0.000000
vn 0.623494 -0.781828 0.000001
vn 0.887804 -0.142515 0.437600
vn 0.664957 0.605259 0.437600
vn -0.058606 0.897256 0.437604
vn -0.738051 0.513603 0.437599
vn -0.861718 -0.256800 0.437602
vn -0.336491 -0.833833 0.437604
vn 0.442121 -0.782966 0.437600
vn 0.000000 0.000000 1.000000
vn 0.000000 0.000000 -1.000000
vn 0.887804 0.142515 -0.437599
vn 0.442118 0.782967 -0.437601
vn -0.336496 0.833833 -0.437599
vn -0.861718 0.256802 -0.437600
vn -0.738050 -0.513603 -0.437601
vn -0.058607 -0.897257 -0.437602
vn 0.664957 -0.605260 -0.437598
vn 1.000000 -0.000000 0.000001
vn 0.623492 0.781830 -0.000002
vn -0.222524 0.974927 -0.000001
vn -0.900969 0.433883 0.000001
vn -0.900969 -0.433883 0.000001
vn -0.222516 -0.974929 -0.000000
vn 0.623490 -0.781832 -0.000001
vn 0.887803 -0.142516 0.437601
vn 0.664963 0.605251 0.437602
vn -0.058614 0.897257 0.437601
vn -0.738051 0.513604 0.437598
vn -0.861718 -0.256802 0.437600
vn -0.336496 -0.833832 0.437602
vn 0.442116 -0.782969 0.437598
vn 0.000000 0.000000 1.000000
vn 0.000000 0.000000 -1.000000
vn 0.887804 0.142514 -0.437600
vn 0.442116 0.782969 -0.437598
vn -0.336503 0.833829 -0.437602
vn -0.861718 0.256802 -0.437600
vn -0.738047 -0.513608 -0.437600
vn -0.058614 -0.897257 -0.437601
vn 0.664959 -0.605256 -0.437602
vn 1.000000 -0.000000 -0.000001
vn 0.623490 0.781832 0.000001
vn -0.222520 0.974928 0.000003
vn -0.900969 0.433883 -0.000001
vn -0.900968 -0.433885 0.000000
vn -0.222524 -0.974927 0.000002
vn 0.623490 -0.781832 -0.000001
vn 0.887804 -0.142513 0.437600
vn 0.664957 0.605260 0.437598
vn -0.058617 0.897258 0.437599
vn -0.738050 0.513603 0.437601
vn -0.861718 -0.256805 0.437600
vn -0.336496 -0.833833 0.437599
vn 0.442110 -0.782970 0.437604
vn 0.000000 0.000000 1.000000
vn 0.000000 0.000000 -1.000000
vn 0.887805 0.142514 -0.437599
vn 0.442121 0.782966 -0.437600
vn -0.336501 0.833829 -0.437603
vn -0.861717 0.256804 -0.437601
vn -0.738048 -0.513608 -0.437598
vn -0.058619 -0.897260 -0.437593
vn 0.664955 -0.605265 -0.437596
vn 1.000000 -0.000000 0.000001
vn 0.623494 0.781828 -0.000002
vn -0.222520 0.974928 0.000003
vn -0.900968 0.433885 -0.000000
vn -0.900968 -0.433885 0.000000
vn -0.222520 -0.974928 -0.000003
vn 0.623484 -0.781836 0.000000
vn 0.887803 -0.142515 0.437602
vn 0.664962 0.605253 0.437601
vn -0.058619 0.897257 0.437600
vn -0.738047 0.513607 0.437600
vn -0.861719 -0.256804 0.437599
vn -0.336503 -0.833832 0.437597
vn 0.442114 -0.782974 0.437593
vn 0.000000 0.000000 1.000000
vn 0.000000 0.000000 -1.000000
vn 0.887804 0.142515 -0.437599
vn 0.442118 0.782967 -0.437601
vn -0.336496 0.833833 -0.437599
vn -0.861718 0.256802 -0.437600
vn -0.738048 -0.513606 -0.437600
vn -0.058614 -0.897259 -0.437596
vn 0.664957 -0.605260 -0.437598
vn 1.000000 -0.000000 0.000001
vn 0.623492 0.781830 -0.000002
vn -0.222524 0.974927 -0.000001
vn -0.900969 0.433883 0.000001
vn -0.900968 -0.433886 -0.000001
vn -0.222516 -0.974929 -0.000000
vn 0.623485 -0.781836 0.000001
vn 0.887803 -0.142516 0.437601
vn 0.664963 0.605251 0.437602
vn -0.058614 0.897257 0.437601
vn -0.738051 0.513604 0.437598
vn -0.861718 -0.256802 0.437600
vn -0.336491 -0.833836 0.437597
vn 0.442112 -0.782973 0.437596
vn 0.000000 0.000000 1.000000
vn 0.000000 0.000000 -1.000000
vn 0.887804 0.142513 -0.437600
vn 0.442110 0.782970 -0.437604
vn -0.336503 0.833829 -0.437602
vn -0.861718 0.256802 -0.437600
vn -0.738047 -0.513608 -0.437600
vn -0.058614 -0.897257 -0.437601
vn 0.664959 -0.605256 -0.437602
vn 1.000000 -0.000000 -0.000000
vn 0.623490 0.781832 0.000001
vn -0.222528 0.974926 0.000001
vn -0.900969 0.433883 -0.000001
vn -0.900968 -0.433885 0.000000
vn -0.222524 -0.974927 0.000002
vn 0.623490 -0.781832 -0.000001
vn 0.887804 -0.142513 0.437600
vn 0.664959 0.605256 0.437602
vn -0.058623 0.897256 0.437601
vn -0.738050 0.513603 0.437601
vn -0.861718 -0.256805 0.437600
vn -0.336496 -0.833833 0.437599
vn 0.442110 -0.782970 0.437604
vn 0.000000 0.000000 1.000000
vn 0.000000 0.000000 -1.000000
vn 0.887804 0.142515 -0.437599
vn 0.442118 0.782967 -0.437601
vn -0.336490 0.833834 -0.437602
vn -0.861719 0.256800 -0.437601
vn -0.738048 -0.513606 -0.437600
vn -0.058614 -0.897259 -0.437596
vn 0.664957 -0.605260 -0.437598
vn 1.000000 -0.000000 0.000001
vn 0.623492 0.781830 -0.000002
vn -0.222516 0.974929 0.000000
vn -0.900969 0.433883 0.000001
vn -0.900969 -0.433883 -0.000001
vn -0.222516 -0.974929 -0.000000
vn 0.623485 -0.781836 0.000001
vn 0.887803 -0.142516 0.437601
vn 0.664963 0.605251 0.437602
vn -0.058614 0.897257 0.437601
vn -0.738047 0.513606 0.437602
vn -0.861719 -0.256800 0.437599
vn -0.336491 -0.833836 0.437597
vn 0.442112 -0.782973 0.437596
vn 0.000000 0.000000 1.000000
vn 0.000000 -0.000000 -1.000000
vn 0.887804 0.142515 -0.437600
vn 0.442111 0.782969 -0.437603
vn -0.336491 0.833833 -0.437604
vn -0.861719 0.256801 -0.437600
vn -0.738046 -0.513606 -0.437605
vn -0.058606 -0.897256 -0.437604
vn 0.664957 -0.605259 -0.437601
vn 1.000000 0.000000 -0.000000
vn 0.623491 0.781831 0.000003
vn -0.222515 0.974929 -0.000001
vn -0.900970 0.433881 -0.000001
vn -0.900970 -0.433881 0.000001
vn -0.222515 -0.974929 0.000001
vn 0.623491 -0.781831 -0.000003
vn 0.887804 -0.142515 0.437600
vn 0.664957 0.605259 0.437600
vn -0.058606 0.897256 0.437604
vn -0.738046 0.513606 0.437604
vn -0.861719 -0.256801 0.437600
vn -0.336491 -0.833833 0.437604
vn 0.442111 -0.782969 0.437603
vn 0.000000 -0.000000 1.000000
vn 0.000000 0.000000 -1.000000
vn 0.887805 0.142512 -0.437599
vn 0.442116 0.782965 -0.437606
vn -0.336501 0.833829 -0.437602
vn -0.861717 0.256803 -0.437602
vn -0.738052 -0.513603 -0.437597
vn -0.058618 -0.897259 -0.437597
vn 0.664956 -0.605261 -0.437599
vn 1.000000 -0.000000 0.000001
vn 0.623496 0.781827 -0.000001
vn -0.222529 0.974926 -0.000001
vn -0.900968 0.433884 0.000000
vn -0.900968 -0.433885 -0.000000
vn -0.222529 -0.974926 0.000001
vn 0.623485 -0.781835 -0.000001
vn 0.887803 -0.142514 0.437602
vn 0.664964 0.605249 0.437604
vn -0.058618 0.897255 0.437604
vn -0.738051 0.513602 0.437600
vn -0.861719 -0.256804 0.437599
vn -0.336503 -0.833833 0.437595
vn 0.442108 -0.782974 0.437599
vn 0.000000 0.000000 1.000000
vn 0.000000 0.000000 -1.000000
vn 0.887804 0.142515 -0.437600
vn 0.442121 0.782966 -0.437600
vn -0.336491 0.833833 -0.437604
vn -0.861718 0.256800 -0.437602
vn -0.738051 -0.513603 -0.437599
vn -0.058606 -0.897256 -0.437604
vn 0.664957 -0.605259 -0.437600
vn 1.000000 -0.000000 -0.000000
vn 0.623494 0.781828 -0.000001
vn -0.222515 0.974929 -0.000000
vn -0.900969 0.433883 0.000001
vn -0.900970 -0.433881 0.000001
vn -0.222525 -0.974927 0.000003
vn 0.623491 -0.781831 -0.000003
vn 0.887804 -0.142515 0.437600
vn 0.664962 0.605253 0.437601
vn -0.058606 0.897256 0.437604
vn -0.738051 0.513601 0.437602
vn -0.861719 -0.256804 0.437599
vn -0.336499 -0.833831 0.437600
vn 0.442111 -0.782969 0.437603
vn 0.000000 0.000000 1.000000
vn 0.000000 -0.000000 -1.000000
vn 0.887804 0.142515 -0.437600
vn 0.442111 0.782969 -0.437603
vn -0.336491 0.833833 -0.437604
vn -0.861719 0.256801 -0.437600
vn -0.738046 -0.513606 -0.437605
vn -0.058606 -0.897256 -0.437604
vn 0.664957 -0.605259 -0.437601
vn 1.000000 0.000000 -0.000000
vn 0.623491 0.781831 0.000003
vn -0.222515 0.974929 -0.000001
vn -0.900970 0.433881 -0.000001
vn -0.900970 -0.433881 0.000001
vn -0.222515 -0.974929 0.000001
vn 0.623491 -0.781831 -0.000003
vn 0.887804 -0.142515 0.437600
vn 0.664957 0.605259 0.437600
vn -0.058606 0.897256 0.437604
vn -0.738046 0.513606 0.437604
vn -0.861719 -0.256801 0.437600
vn -0.336491 -0.833833 0.437604
vn 0.442111 -0.782969 0.437603
vn 0.000000 -0.000000 1.000000
vn 0.000000 0.000000 -1.000000
vn 0.887803 0.142513 -0.437602
vn 0.442105 0.782974 -0.437600
vn -0.336493 0.833837 -0.437593
vn -0.861719 0.256804 -0.437599
vn -0.738051 -0.513601 -0.437602
vn -0.058619 -0.897257 -0.437600
vn 0.664962 -0.605253 -0.437601
vn 1.000000 -0.000000 0.000000
vn 0.623484 0.781836 -0.000000
vn -0.222525 0.974927 -0.000003
vn -0.900968 0.433885 0.000001
vn -0.900969 -0.433883 -0.000001
vn -0.222520 -0.974928 -0.000003
vn 0.623494 -0.781828 0.000002
vn 0.887805 -0.142514 0.437599
vn 0.664957 0.605259 0.437600
vn -0.058615 0.897259 0.437596
vn -0.738048 0.513608 0.437598
vn -0.861718 -0.256800 0.437602
vn -0.336501 -0.833829 0.437603
vn 0.442121 -0.782966 0.437600
vn 0.000000 0.000000 1.000000
vn 0.000000 -0.000000 -1.000000
vn 0.887803 0.142515 -0.437602
vn 0.442114 0.782974 -0.437593
vn -0.336502 0.833831 -0.437597
vn -0.861719 0.256804 -0.437599
vn -0.738047 -0.513607 -0.437601
vn -0.058619 -0.897257 -0.437600
vn 0.664962 -0.605253 -0.437601
vn 1.000000 0.000000 -0.000001
vn 0.623484 0.781836 -0.000000
vn -0.222520 0.974928 0.000003
vn -0.900968 0.433885 -0.000000
vn -0.900968 -0.433885 0.000000
vn -0.222520 -0.974928 -0.000003
vn 0.623494 -0.781828 0.000002
vn 0.887805 -0.142514 0.437599
vn 0.664955 0.605265 0.437596
vn -0.058619 0.897260 0.437593
vn -0.738048 0.513608 0.437597
vn -0.861717 -0.256804 0.437601
vn -0.336501 -0.833829 0.437603
vn 0.442121 -0.782966 0.437600
vn 0.000000 -0.000000 1.000000
vn 0.000000 0.000000 -1.000000
vn 0.887804 0.142515 -0.437600
vn 0.442121 0.782966 -0.437600
vn -0.336491 0.833833 -0.437604
vn -0.861718 0.256800 -0.437602
vn -0.738048 -0.513608 -0.437598
vn -0.058615 -0.897259 -0.437596
vn 0.664957 -0.605259 -0.437600
vn 1.000000 -0.000000 -0.000000
vn 0.623494 0.781828 -0.000001
vn -0.222515 0.974929 -0.000000
vn -0.900969 0.433883 0.000001
vn -0.900968 -0.433885 -0.000001
vn -0.222525 -0.974927 0.000003
vn 0.623484 -0.781836 0.000000
vn 0.887804 -0.142515 0.437600
vn 0.664962 0.605253 0.437601
vn -0.058606 0.897256 0.437604
vn -0.738051 0.513601 0.437602
vn -0.861719 -0.256804 0.437599
vn -0.336493 -0.833837 0.437593
vn 0.442105 -0.782974 0.437600
vn 0.000000 0.000000 1.000000
vn 0.000000 0.000000 -1.000000
vn 0.887805 0.142514 -0.437597
vn 0.442114 0.782968 -0.437603
vn -0.336496 0.833831 -0.437602
vn -0.861721 0.256805 -0.437594
vn -0.738049 -0.513608 -0.437597
vn -0.058613 -0.897258 -0.437599
vn 0.664954 -0.605265 -0.437596
vn 1.000000 0.000000 0.000000
vn 0.623493 0.781829 0.000003
vn -0.222519 0.974928 0.000000
vn -0.900970 0.433881 -0.000003
vn -0.900970 -0.433882 0.000003
vn -0.222519 -0.974928 -0.000000
vn 0.623488 -0.781833 -0.000004
vn 0.887805 -0.142514 0.437598
vn 0.664958 0.605259 0.437598
vn -0.058612 0.897257 0.437602
vn -0.738048 0.513608 0.437598
vn -0.861722 -0.256806 0.437592
vn -0.336496 -0.833833 0.437599
vn 0.442111 -0.782972 0.437599
vn 0.000000 0.000000 1.000000
vn 0.000000 -0.000000 -1.000000
vn 0.887802 0.142519 -0.437602
vn 0.442113 0.782968 -0.437604
vn -0.336494 0.833834 -0.437599
vn -0.861716 0.256806 -0.437602
vn -0.738048 -0.513608 -0.437598
vn -0.058613 -0.897257 -0.437601
vn 0.664955 -0.605262 -0.437598
vn 1.000000 0.000000 0.000000
vn 0.623490 0.781831 0.000000
vn -0.222523 0.974927 0.000001
vn -0.900964 0.433893 0.000001
vn -0.900966 -0.433889 -0.000001
vn -0.222523 -0.974927 -0.000001
vn 0.623490 -0.781831 -0.000001
vn 0.887802 -0.142519 0.437603
vn 0.664956 0.605259 0.437601
vn -0.058618 0.897257 0.437600
vn -0.738044 0.513613 0.437600
vn -0.861717 -0.256804 0.437601
vn -0.336498 -0.833832 0.437599
vn 0.442118 -0.782967 0.437600
vn 0.000000 -0.000000 1.000000
vn 0.000000 0.000000 -1.000000
vn 0.887800 0.142521 -0.437606
vn 0.442111 0.782970 -0.437601
vn -0.336496 0.833833 -0.437599
vn -0.861721 0.256805 -0.437594
vn -0.738051 -0.513606 -0.437596
vn -0.058612 -0.897256 -0.437602
vn 0.664953 -0.605263 -0.437600
vn 1.000000 0.000000 0.000000
vn 0.623485 0.781836 -0.000001
vn -0.222524 0.974927 -0.000001
vn -0.900969 0.433883 -0.000002
vn -0.900970 -0.433882 0.000003
vn -0.222524 -0.974927 0.000001
vn 0.623488 -0.781833 -0.000000
vn 0.887800 -0.142521 0.437605
vn 0.664953 0.605263 0.437600
vn -0.058617 0.897257 0.437601
vn -0.738051 0.513605 0.437595
vn -0.861721 -0.256807 0.437593
vn -0.336500 -0.833831 0.437600
vn 0.442114 -0.782968 0.437603
vn 0.000000 0.000000 1.000000
vn 0.000000 -0.000000 -1.000000
vn 0.887803 0.142518 -0.437601
vn 0.442119 0.782965 -0.437602
vn -0.336495 0.833835 -0.437597
vn -0.861721 0.256805 -0.437594
vn -0.738051 -0.513606 -0.437596
vn -0.058607 -0.897257 -0.437602
vn 0.664955 -0.605262 -0.437598
vn 1.000000 -0.000000 0.000001
vn 0.623493 0.781829 -0.000002
vn -0.222525 0.974927 -0.000002
vn -0.900969 0.433884 -0.000000
vn -0.900969 -0.433884 0.000002
vn -0.222517 -0.974929 0.000001
vn 0.623491 -0.781831 -0.000001
vn 0.887802 -0.142519 0.437602
vn 0.664961 0.605253 0.437602
vn -0.058614 0.897257 0.437601
vn -0.738052 0.513607 0.437593
vn -0.861721 -0.256805 0.437594
vn -0.336495 -0.833833 0.437600
vn 0.442118 -0.782968 0.437599
vn 0.000000 -0.000000 1.000000
vn 0.000000 -0.000000 -1.000000
vn 0.887802 0.142520 -0.437602
vn 0.442109 0.782972 -0.437601
vn -0.336491 0.833836 -0.437598
vn -0.861717 0.256803 -0.437602
vn -0.738047 -0.513608 -0.437599
vn -0.058605 -0.897254 -0.437608
vn 0.664961 -0.605253 -0.437603
vn 1.000000 0.000000 -0.000001
vn 0.623485 0.781835 0.000001
vn -0.222518 0.974929 0.000002
vn -0.900965 0.433892 0.000001
vn -0.900967 -0.433887 -0.000001
vn -0.222523 -0.974927 0.000004
vn 0.623496 -0.781827 -0.000001
vn 0.887802 -0.142519 0.437602
vn 0.664952 0.605266 0.437598
vn -0.058618 0.897259 0.437597
vn -0.738043 0.513611 0.437602
vn -0.861717 -0.256803 0.437602
vn -0.336487 -0.833836 0.437601
vn 0.442117 -0.782963 0.437608
vn 0.000000 -0.000000 1.000000
vn 0.000000 0.000000 -1.000000
vn 0.887800 0.142522 -0.437605
vn 0.442109 0.782970 -0.437604
vn -0.336498 0.833832 -0.437599
vn -0.861721 0.256807 -0.437592
vn -0.738052 -0.513602 -0.437598
vn -0.058606 -0.897256 -0.437604
vn 0.664955 -0.605260 -0.437600
vn 1.000000 0.000000 -0.000000
vn 0.623486 0.781834 0.000002
vn -0.222526 0.974927 -0.000004
vn -0.900971 0.433879 -0.000003
vn -0.900970 -0.433882 0.000001
vn -0.222516 -0.974929 0.000001
vn 0.623490 -0.781832 0.000001
vn 0.887800 -0.142522 0.437605
vn 0.664950 0.605266 0.437600
vn -0.058606 0.897256 0.437604
vn -0.738052 0.513604 0.437595
vn -0.861721 -0.256803 0.437595
vn -0.336490 -0.833834 0.437602
vn 0.442119 -0.782966 0.437601
vn 0.000000 0.000000 1.000000
vn 0.000000 -0.000000 -1.000000
vn 0.887802 0.142520 -0.437602
vn 0.442109 0.782972 -0.437601
vn -0.336491 0.833836 -0.437598
vn -0.861717 0.256803 -0.437602
vn -0.738047 -0.513608 -0.437599
vn -0.058596 -0.897256 -0.437604
vn 0.664958 -0.605259 -0.437598
vn 1.000000 0.000000 0.000000
vn 0.623485 0.781835 0.000001
vn -0.222518 0.974929 0.000002
vn -0.900965 0.433892 0.000001
vn -0.900967 -0.433887 -0.000001
vn -0.222512 -0.974930 0.000001
vn 0.623496 -0.781827 -0.000001
vn 0.887802 -0.142520 0.437602
vn 0.664952 0.605266 0.437598
vn -0.058618 0.897259 0.437597
vn -0.738043 0.513611 0.437602
vn -0.861717 -0.256803 0.437602
vn -0.336487 -0.833836 0.437601
vn 0.442126 -0.782963 0.437600
vn 0.000000 -0.000000 1.000000
vn 0.000000 0.000000 -1.000000
vn 0.887800 0.142522 -0.437605
vn 0.442109 0.782970 -0.437604
vn -0.336490 0.833834 -0.437602
vn -0.861721 0.256804 -0.437593
vn -0.738047 -0.513607 -0.437600
vn -0.058606 -0.897256 -0.437604
vn 0.664950 -0.605266 -0.437600
vn 1.000000 0.000000 -0.000000
vn 0.623486 0.781834 0.000002
vn -0.222516 0.974929 -0.000002
vn -0.900971 0.433879 -0.000003
vn -0.900971 -0.433879 0.000003
vn -0.222516 -0.974929 0.000002
vn 0.623486 -0.781834 -0.000002
vn 0.887800 -0.142522 0.437605
vn 0.664950 0.605266 0.437600
vn -0.058606 0.897256 0.437604
vn -0.738047 0.513607 0.437600
vn -0.861721 -0.256804 0.437593
vn -0.336490 -0.833834 0.437602
vn 0.442109 -0.782970 0.437604
vn 0.000000 0.000000 1.000000
vn 0.000000 0.000000 -1.000000
vn 0.887805 0.142515 -0.437598
vn 0.442109 0.782970 -0.437604
vn -0.336498 0.833832 -0.437599
vn -0.861721 0.256807 -0.437592
vn -0.738052 -0.513602 -0.437598
vn -0.058606 -0.897256 -0.437604
vn 0.664961 -0.605256 -0.437598
vn 1.000000 0.000000 0.000000
vn 0.623492 0.781830 0.000005
vn -0.222526 0.974927 -0.000004
vn -0.900971 0.433879 -0.000003
vn -0.900970 -0.433882 0.000001
vn -0.222516 -0.974929 0.000001
vn 0.623495 -0.781827 -0.000002
vn 0.887805 -0.142515 0.437598
vn 0.664955 0.605263 0.437598
vn -0.058606 0.897256 0.437604
vn -0.738052 0.513604 0.437595
vn -0.861721 -0.256803 0.437595
vn -0.336490 -0.833834 0.437602
vn 0.442120 -0.782966 0.437601
vn 0.000000 0.000000 1.000000
vn 0.000000 0.000000 -1.000000
vn 0.887806 0.142513 -0.437597
vn 0.442120 0.782966 -0.437601
vn -0.336501 0.833829 -0.437602
vn -0.861720 0.256807 -0.437595
vn -0.738050 -0.513609 -0.437593
vn -0.058627 -0.897258 -0.437597
vn 0.664955 -0.605263 -0.437598
vn 1.000000 0.000000 -0.000000
vn 0.623495 0.781828 0.000001
vn -0.222521 0.974928 0.000002
vn -0.900969 0.433884 -0.000002
vn -0.900969 -0.433884 0.000002
vn -0.222531 -0.974926 0.000000
vn 0.623485 -0.781835 -0.000002
vn 0.887805 -0.142513 0.437599
vn 0.664961 0.605256 0.437598
vn -0.058619 0.897257 0.437600
vn -0.738049 0.513608 0.437596
vn -0.861721 -0.256807 0.437592
vn -0.336502 -0.833833 0.437595
vn 0.442104 -0.782975 0.437601
vn 0.000000 0.000000 1.000000
vn 0.000000 -0.000000 -1.000000
vn 0.887803 0.142518 -0.437601
vn 0.442119 0.782965 -0.437602
vn -0.336489 0.833836 -0.437599
vn -0.861721 0.256803 -0.437594
vn -0.738049 -0.513609 -0.437595
vn -0.058614 -0.897259 -0.437596
vn 0.664955 -0.605262 -0.437598
vn 1.000000 -0.000000 0.000001
vn 0.623493 0.781829 -0.000002
vn -0.222517 0.974929 -0.000000
vn -0.900969 0.433884 -0.000000
vn -0.900969 -0.433884 0.000000
vn -0.222517 -0.974929 0.000000
vn 0.623486 -0.781835 0.000001
vn 0.887802 -0.142519 0.437602
vn 0.664961 0.605253 0.437602
vn -0.058614 0.897257 0.437601
vn -0.738048 0.513608 0.437597
vn -0.861722 -0.256803 0.437592
vn -0.336490 -0.833838 0.437595
vn 0.442114 -0.782971 0.437597
vn 0.000000 -0.000000 1.000000
vn 0.000000 0.000000 -1.000000
vn 0.887805 0.142515 -0.437598
vn 0.442109 0.782970 -0.437604
vn -0.336490 0.833834 -0.437602
vn -0.861721 0.256804 -0.437593
vn -0.738047 -0.513607 -0.437600
vn -0.058606 -0.897256 -0.437604
vn 0.664955 -0.605263 -0.437598
vn 1.000000 0.000000 0.000000
vn 0.623492 0.781830 0.000005
vn -0.222516 0.974929 -0.000002
vn -0.900971 0.433879 -0.000003
vn -0.900971 -0.433880 0.000003
vn -0.222516 -0.974929 0.000002
vn 0.623492 -0.781830 -0.000005
vn 0.887805 -0.142515 0.437598
vn 0.664955 0.605263 0.437598
vn -0.058606 0.897256 0.437604
vn -0.738047 0.513607 0.437600
vn -0.861722 -0.256804 0.437593
vn -0.336490 -0.833834 0.437602
vn 0.442109 -0.782970 0.437604
vn 0.000000 0.000000 1.000000
vn 0.000000 0.000000 -1.000000
vn 0.887806 0.142513 -0.437597
vn 0.442120 0.782966 -0.437601
vn -0.336501 0.833829 -0.437602
vn -0.861720 0.256807 -0.437595
vn -0.738050 -0.513609 -0.437593
vn -0.058619 -0.897260 -0.437593
vn 0.664953 -0.605268 -0.437593
vn 1.000000 0.000000 0.000001
vn 0.623495 0.781828 0.000001
vn -0.222521 0.974928 0.000002
vn -0.900969 0.433884 -0.000002
vn -0.900969 -0.433884 0.000002
vn -0.222521 -0.974928 -0.000002
vn 0.623485 -0.781835 -0.000002
vn 0.887805 -0.142514 0.437599
vn 0.664961 0.605256 0.437598
vn -0.058619 0.897257 0.437600
vn -0.738049 0.513608 0.437596
vn -0.861721 -0.256807 0.437592
vn -0.336502 -0.833833 0.437595
vn 0.442112 -0.782974 0.437594
vn 0.000000 0.000000 1.000000
vn 0.000000 -0.000000 -1.000000
vn 0.887802 0.142520 -0.437602
vn 0.442109 0.782972 -0.437601
vn -0.336491 0.833836 -0.437598
vn -0.861717 0.256807 -0.437601
vn -0.738047 -0.513608 -0.437599
vn -0.058609 -0.897255 -0.437605
vn 0.664958 -0.605259 -0.437598
vn 1.000000 0.000000 0.000000
vn 0.623485 0.781835 0.000001
vn -0.222518 0.974929 0.000002
vn -0.900964 0.433894 0.000000
vn -0.900967 -0.433887 0.000000
vn -0.222518 -0.974929 -0.000003
vn 0.623496 -0.781827 -0.000001
vn 0.887802 -0.142520 0.437602
vn 0.664952 0.605266 0.437598
vn -0.058618 0.897259 0.437597
vn -0.738040 0.513618 0.437600
vn -0.861717 -0.256803 0.437602
vn -0.336497 -0.833830 0.437605
vn 0.442126 -0.782963 0.437600
vn 0.000000 -0.000000 1.000000
vn 0.000000 -0.000000 -1.000000
vn 0.887803 0.142516 -0.437602
vn 0.442112 0.782968 -0.437605
vn -0.336503 0.833830 -0.437599
vn -0.861721 0.256808 -0.437593
vn -0.738048 -0.513610 -0.437595
vn -0.058623 -0.897256 -0.437602
vn 0.664957 -0.605258 -0.437602
vn 1.000000 -0.000000 -0.000000
vn 0.623491 0.781831 0.000001
vn -0.222529 0.974926 0.000000
vn -0.900968 0.433885 -0.000003
vn -0.900968 -0.433885 0.000003
vn -0.222529 -0.974926 -0.000000
vn 0.623491 -0.781831 -0.000001
vn 0.887803 -0.142516 0.437602
vn 0.664957 0.605258 0.437602
vn -0.058623 0.897256 0.437602
vn -0.738048 0.513610 0.437595
vn -0.861720 -0.256808 0.437593
vn -0.336503 -0.833830 0.437599
vn 0.442112 -0.782968 0.437605
vn 0.000000 -0.000000 1.000000
vn 0.000000 0.000000 -1.000000
vn 0.887800 0.142522 -0.437605
vn 0.442119 0.782966 -0.437601
vn -0.336490 0.833834 -0.437602
vn -0.861721 0.256803 -0.437595
vn -0.738052 -0.513604 -0.437595
vn -0.058606 -0.897256 -0.437604
vn 0.664950 -0.605266 -0.437600
vn 1.000000 0.000000 -0.000000
vn 0.623490 0.781832 -0.000001
vn -0.222516 0.974929 -0.000001
vn -0.900970 0.433882 -0.000001
vn -0.900971 -0.433879 0.000003
vn -0.222526 -0.974927 0.000004
vn 0.623486 -0.781834 -0.000002
vn 0.887800 -0.142522 0.437605
vn 0.664955 0.605260 0.437600
vn -0.058606 0.897256 0.437604
vn -0.738052 0.513602 0.437598
vn -0.861721 -0.256807 0.437592
vn -0.336498 -0.833832 0.437599
vn 0.442109 -0.782970 0.437604
vn 0.000000 0.000000 1.000000
vn 0.000000 0.000000 -1.000000
vn 0.887805 0.142515 -0.437598
vn 0.442109 0.782970 -0.437604
vn -0.336490 0.833834 -0.437602
vn -0.861721 0.256804 -0.437593
vn -0.738047 -0.513607 -0.437600
vn -0.058606 -0.897256 -0.437604
vn 0.664955 -0.605263 -0.437598
vn 1.000000 0.000000 0.000000
vn 0.623492 0.781830 0.000005
vn -0.222516 0.974929 -0.000002
vn -0.900971 0.433879 -0.000003
vn -0.900971 -0.433880 0.000003
vn -0.222516 -0.974929 0.000002
vn 0.623492 -0.781830 -0.000005
vn 0.887805 -0.142515 0.437598
vn 0.664955 0.605263 0.437598
vn -0.058606 0.897256 0.437604
vn -0.738047 0.513607 0.437600
vn -0.861722 -0.256804 0.437593
vn -0.336490 -0.833834 0.437602
vn 0.442109 -0.782970 0.437604
vn 0.000000 0.000000 1.000000
vn 0.000000 0.000000 -1.000000
vn 0.887804 0.142514 -0.437599
vn 0.442112 0.782974 -0.437594
vn -0.336502 0.833832 -0.437595
vn -0.861721 0.256807 -0.437592
vn -0.738049 -0.513608 -0.437596
vn -0.058619 -0.897257 -0.437600
vn 0.664961 -0.605256 -0.437598
vn 1.000000 0.000000 -0.000001
vn 0.623485 0.781835 0.000002
vn -0.222521 0.974928 0.000002
vn -0.900969 0.433884 -0.000002
vn -0.900969 -0.433884 0.000002
vn -0.222521 -0.974928 -0.000002
vn 0.623495 -0.781827 -0.000001
vn 0.887806 -0.142513 0.437597
vn 0.664953 0.605268 0.437593
vn -0.058619 0.897260 0.437593
vn -0.738050 0.513609 0.437593
vn -0.861720 -0.256807 0.437594
vn -0.336501 -0.833830 0.437602
vn 0.442120 -0.782966 0.437601
vn 0.000000 0.000000 1.000000
vn 0.000000 0.000000 -1.000000
vn 0.887800 0.142522 -0.437605
vn 0.442119 0.782966 -0.437601
vn -0.336490 0.833834 -0.437602
vn -0.861721 0.256803 -0.437595
vn -0.738050 -0.513609 -0.437593
vn -0.058615 -0.897259 -0.437596
vn 0.664950 -0.605266 -0.437600
vn 1.000000 0.000000 -0.000000
vn 0.623490 0.781832 -0.000001
vn -0.222516 0.974929 -0.000001
vn -0.900970 0.433882 -0.000001
vn -0.900969 -0.433884 0.000001
vn -0.222526 -0.974927 0.000004
vn 0.623480 -0.781839 0.000000
vn 0.887800 -0.142522 0.437605
vn 0.664955 0.605260 0.437600
vn -0.058606 0.897256 0.437604
vn -0.738052 0.513602 0.437598
vn -0.861721 -0.256807 0.437592
vn -0.336492 -0.833838 0.437592
vn 0.442104 -0.782975 0.437601
vn 0.000000 0.000000 1.000000
vn 0.000000 0.000000 -1.000000
vn 0.862873 0.138512 -0.486071
vn 0.429691 0.760990 -0.486067
vn -0.327035 0.810426 -0.486063
vn -0.837520 0.249589 -0.486071
vn -0.717321 -0.499178 -0.486078
vn -0.056952 -0.872060 -0.486074
vn 0.646282 -0.588266 -0.486068
vn 1.000000 0.000000 0.000000
vn 0.623481 0.781838 -0.000001
vn -0.222510 0.974930 0.000001
vn -0.900968 0.433886 0.000003
vn -0.900972 -0.433878 0.000002
vn -0.222510 -0.974930 -0.000001
vn 0.623493 -0.781829 -0.000004
vn 0.862873 -0.138512 0.486071
vn 0.646282 0.588266 0.486068
vn -0.056967 0.872067 0.486059
vn -0.717317 0.499186 0.486075
vn -0.837520 -0.249589 0.486071
vn -0.327045 -0.810415 0.486076
vn 0.429700 -0.760981 0.486072
vn 0.000000 0.000000 1.000000
vn 0.000000 0.000000 -1.000000
vn 0.862872 0.138515 -0.486072
vn 0.429699 0.760986 -0.486064
vn -0.327047 0.810418 -0.486069
vn -0.837521 0.249591 -0.486068
vn -0.717322 -0.499183 -0.486072
vn -0.056959 -0.872063 -0.486068
vn 0.646289 -0.588255 -0.486072
vn 1.000000 0.000000 -0.000002
vn 0.623486 0.781834 0.000007
vn -0.222512 0.974930 -0.000002
vn -0.900971 0.433880 -0.000001
vn -0.900967 -0.433888 -0.000003
vn -0.222512 -0.974930 0.000002
vn 0.623492 -0.781829 0.000002
vn 0.862875 -0.138513 0.486067
vn 0.646276 0.588277 0.486063
vn -0.056943 0.872062 0.486071
vn -0.717328 0.499176 0.486070
vn -0.837518 -0.249591 0.486074
vn -0.327034 -0.810424 0.486068
vn 0.429702 -0.760980 0.486071
vn 0.000000 0.000000 1.000000
vn 0.000000 0.000000 -1.000000
vn 0.862872 0.138515 -0.486071
vn 0.429688 0.760989 -0.486070
vn -0.327047 0.810417 -0.486071
vn -0.837521 0.249593 -0.486069
vn -0.717317 -0.499186 -0.486076
vn -0.056968 -0.872056 -0.486080
vn 0.646288 -0.588254 -0.486074
vn 1.000000 0.000000 -0.000001
vn 0.623482 0.781837 0.000004
vn -0.222521 0.974928 -0.000000
vn -0.900969 0.433884 -0.000003
vn -0.900969 -0.433884 0.000003
vn -0.222521 -0.974928 0.000000
vn 0.623495 -0.781827 -0.000002
vn 0.862874 -0.138513 0.486068
vn 0.646279 0.588270 0.486068
vn -0.056968 0.872061 0.486071
vn -0.717319 0.499187 0.486072
vn -0.837518 -0.249593 0.486073
vn -0.327045 -0.810412 0.486080
vn 0.429697 -0.760978 0.486079
vn 0.000000 -0.000000 1.000000
vn 0.000000 0.000000 -1.000000
vn 0.862875 0.138512 -0.486067
vn 0.429701 0.760980 -0.486072
vn -0.327043 0.810415 -0.486076
vn -0.837521 0.249589 -0.486070
vn -0.717318 -0.499186 -0.486075
vn -0.056967 -0.872067 -0.486060
vn 0.646282 -0.588267 -0.486067
vn 1.000000 0.000000 0.000000
vn 0.623494 0.781828 0.000005
vn -0.222510 0.974930 0.000000
vn -0.900972 0.433878 -0.000002
vn -0.900968 -0.433886 -0.000003
vn -0.222510 -0.974930 -0.000000
vn 0.623482 -0.781837 0.000000
vn 0.862875 -0.138512 0.486067
vn 0.646282 0.588267 0.486067
vn -0.056952 0.872060 0.486074
vn -0.717321 0.499178 0.486078
vn -0.837521 -0.249589 0.486070
vn -0.327033 -0.810427 0.486063
vn 0.429692 -0.760989 0.486066
vn 0.000000 0.000000 1.000000
vn 0.000000 0.000000 -1.000000
vn 0.862872 0.138512 -0.486072
vn 0.429691 0.760988 -0.486068
vn -0.327066 0.810415 -0.486062
vn -0.837522 0.249594 -0.486065
vn -0.717326 -0.499182 -0.486067
vn -0.056967 -0.872055 -0.486081
vn 0.646294 -0.588245 -0.486078
vn 1.000000 0.000000 -0.000002
vn 0.623482 0.781837 -0.000001
vn -0.222537 0.974924 0.000003
vn -0.900968 0.433886 -0.000000
vn -0.900968 -0.433886 0.000000
vn -0.222528 -0.974926 0.000004
vn 0.623500 -0.781824 0.000002
vn 0.862872 -0.138510 0.486072
vn 0.646281 0.588266 0.486069
vn -0.056988 0.872065 0.486061
vn -0.717328 0.499183 0.486062
vn -0.837520 -0.249593 0.486070
vn -0.327046 -0.810415 0.486074
vn 0.429704 -0.760974 0.486080
vn 0.000000 0.000000 1.000000
vn 0.000000 0.000000 -1.000000
vn 0.862874 0.138507 -0.486070
vn 0.429703 0.760980 -0.486071
vn -0.327052 0.810413 -0.486074
vn -0.837517 0.249593 -0.486075
vn -0.717329 -0.499181 -0.486063
vn -0.056981 -0.872060 -0.486070
vn 0.646292 -0.588252 -0.486072
vn 1.000000 0.000000 0.000000
vn 0.623494 0.781828 -0.000003
vn -0.222522 0.974928 0.000005
vn -0.900965 0.433891 -0.000000
vn -0.900969 -0.433883 0.000000
vn -0.222541 -0.974923 -0.000001
vn 0.623494 -0.781828 0.000003
vn 0.862874 -0.138508 0.486070
vn 0.646292 0.588252 0.486072
vn -0.056981 0.872060 0.486070
vn -0.717319 0.499185 0.486074
vn -0.837520 -0.249594 0.486070
vn -0.327067 -0.810411 0.486067
vn 0.429703 -0.760980 0.486071
vn 0.000000 0.000000 1.000000
vn 0.000000 0.000000 -1.000000
vn 0.862875 0.138513 -0.486067
vn 0.429704 0.760975 -0.486078
vn -0.327045 0.810415 -0.486075
vn -0.837518 0.249593 -0.486073
vn -0.717327 -0.499182 -0.486065
vn -0.056967 -0.872061 -0.486069
vn 0.646282 -0.588267 -0.486067
vn 1.000000 0.000000 0.000002
vn 0.623500 0.781824 -0.000002
vn -0.222528 0.974926 -0.000004
vn -0.900968 0.433886 -0.000000
vn -0.900968 -0.433886 0.000000
vn -0.222528 -0.974926 0.000004
vn 0.623482 -0.781837 -0.000001
vn 0.862872 -0.138515 0.486071
vn 0.646295 0.588246 0.486076
vn -0.056967 0.872055 0.486081
vn -0.717324 0.499181 0.486070
vn -0.837521 -0.249594 0.486068
vn -0.327048 -0.810421 0.486063
vn 0.429692 -0.760990 0.486066
vn 0.000000 0.000000 1.000000
vn 0.000000 0.000000 -1.000000
vn 0.862872 0.138512 -0.486072
vn 0.429717 0.760975 -0.486066
vn -0.327045 0.810414 -0.486077
vn -0.837520 0.249589 -0.486072
vn -0.717317 -0.499186 -0.486076
vn -0.056988 -0.872065 -0.486061
vn 0.646281 -0.588266 -0.486069
vn 1.000000 0.000000 0.000000
vn 0.623497 0.781825 -0.000002
vn -0.222509 0.974931 0.000002
vn -0.900972 0.433878 0.000000
vn -0.900968 -0.433886 -0.000000
vn -0.222518 -0.974928 -0.000008
vn 0.623480 -0.781839 0.000001
vn 0.862872 -0.138512 0.486072
vn 0.646291 0.588256 0.486070
vn -0.056952 0.872060 0.486073
vn -0.717324 0.499180 0.486072
vn -0.837520 -0.249589 0.486072
vn -0.327051 -0.810415 0.486071
vn 0.429690 -0.760990 0.486067
vn 0.000000 0.000000 1.000000
vn 0.000000 0.000000 -1.000000
vn 0.862874 0.138512 -0.486069
vn 0.429701 0.760980 -0.486072
vn -0.327045 0.810415 -0.486075
vn -0.837521 0.249589 -0.486070
vn -0.717318 -0.499186 -0.486075
vn -0.056968 -0.872067 -0.486060
vn 0.646282 -0.588267 -0.486067
vn 1.000000 0.000000 0.000000
vn 0.623494 0.781828 0.000005
vn -0.222511 0.974930 0.000000
vn -0.900972 0.433878 -0.000002
vn -0.900968 -0.433886 -0.000003
vn -0.222510 -0.974930 -0.000000
vn 0.623482 -0.781837 0.000001
vn 0.862874 -0.138512 0.486069
vn 0.646282 0.588267 0.486067
vn -0.056952 0.872060 0.486074
vn -0.717321 0.499178 0.486077
vn -0.837521 -0.249589 0.486070
vn -0.327035 -0.810427 0.486062
vn 0.429692 -0.760990 0.486066
vn 0.000000 0.000000 1.000000
vn 0.000000 0.000000 -1.000000
vn 0.862871 0.138512 -0.486074
vn 0.429687 0.760991 -0.486068
vn -0.327037 0.810425 -0.486063
vn -0.837521 0.249584 -0.486072
vn -0.717332 -0.499167 -0.486073
vn -0.056953 -0.872060 -0.486073
vn 0.646288 -0.588258 -0.486070
vn 1.000000 0.000000 -0.000000
vn 0.623479 0.781840 -0.000001
vn -0.222510 0.974930 0.000001
vn -0.900969 0.433884 0.000005
vn -0.900974 -0.433873 -0.000004
vn -0.222510 -0.974930 -0.000001
vn 0.623496 -0.781826 0.000002
vn 0.862871 -0.138512 0.486074
vn 0.646279 0.588269 0.486070
vn -0.056968 0.872067 0.486059
vn -0.717320 0.499183 0.486075
vn -0.837522 -0.249578 0.486073
vn -0.327047 -0.810414 0.486076
vn 0.429715 -0.760976 0.486067
vn 0.000000 0.000000 1.000000
f 1//1 3//3 2//2
f 1//1 4//4 3//3
f 1//1 5//5 4//4
f 1//1 6//6 5//5
f 1//1 7//7 6//6
f 1//1 8//8 7//7
f 1//1 2//2 8//8
f 2//2 3//3 10//10
f 2//2 10//10 9//9
f 3//3 4//4 11//11
f 3//3 11//11 10//10
f 4//4 5//5 12//12
f 4//4 12//12 11//11
f 5//5 6//6 13//13
f 5//5 13//13 12//12
f 6//6 7//7 14//14
f 6//6 14//14 13//13
f 7//7 8//8 15//15
f 7//7 15//15 14//14
f 8//8 2//2 9//9
f 8//8 9//9 15//15
f 9//9 10//10 17//17
f 9//9 17//17 16//16
f 10//10 11//11 18//18
f 10//10 18//18 17//17
f 11//11 12//12 19//19
f 11//11 19//19 18//18
f 12//12 13//13 20//20
f 12//12 20//20 19//19
f 13//13 14//14 21//21
f 13//13 21//21 20//20
f 14//14 15//15 22//22
f 14//14 22//22 21//21
f 15//15 9//9 16//16
f 15//15 16//16 22//22
f 23//23 16//16 17//17
f 23//23 17//17 18//18
f 23//23 18//18 19//19
f 23//23 19//19 20//20
f 23//23 20//20 21//21
f 23//23 21//21 22//22
f 23//23 22//22 16//16
f 24//24 26//26 25//25
f 24//24 27//27 26//26
f 24//24 28//28 27//27
f 24//24 29//29 28//28
f 24//24 30//30 29//29
f 24//24 31//31 30//30
f 24//24 25//25 31//31
f 25//25 26//26 33//33
f 25//25 33//33 32//32
f 26//26 27//27 34//34
f 26//26 34//34 33//33
f 27//27 28//28 35//35
f 27//27 35//35 34//34
f 28//28 29//29 36//36
f 28//28 36//36 35//35
f 29//29 30//30 37//37
f 29//29 37//37 36//36
f 30//30 31//31 38//38
f 30//30 38//38 37//37
f 31//31 25//25 32//32
f 31//31 32//32 38//38
f 32//32 33//33 40//40
f 32//32 40//40 39//39
f 33//33 34//34 41//41
f 33//33 41//41 40//40
f 34//34 35//35 42//42
f 34//34 42//42 41//41
f 35//35 36//36 43//43
f 35//35 43//43 42//42
f 36//36 37//37 44//44
f 36//36 44//44 43//43
f 37//37 38//38 45//45
f 37//37 45//45 44//44
f 38//38 32//32 39//39
f 38//38 39//39 45//45
f 46//46 39//39 40//40
f 46//46 40//40 41//41
f 46//46 41//41 42//42
f 46//46 42//42 43//43
f 46//46 43//43 44//44
f 46//46 44//44 45//45
f 46//46 45//45 39//39
f 47//47 49//49 48//48
f 47//47 50//50 49//49
f 47//47 51//51 50//50
f 47//47 52//52 51//51
f 47//47 53//53 52//52
f 47//47 54//54 53//53
f 47//47 48//48 54//54
f 48//48 49//49 56//56
f 48//48 56//56 55//55
f 49//49 50//50 57//57
f 49//49 57//57 56//56
f 50//50 51//51 58//58
f 50//50 58//58 57//57
f 51//51 52//52 59//59
f 51//51 59//59 58//58
f 52//52 53//53 60//60
f 52//52 60//60 59//59
f 53//53 54//54 61//61
f 53//53 61//61 60//60
f 54//54 48//48 55//55
f 54//54 55//55 61//61
f 55//55 56//56 63//63
f 55//55 63//63 62//62
f 56//56 57//57 64//64
f 56//56 64//64 63//63
f 57//57 58//58 65//65
f 57//57 65//65 64//64
f 58//58 59//59 66//66
f 58//58 66//66 65//65
f 59//59 60//60 67//67
f 59//59 67//67 66//66
f 60//60 61//61 68//68
f 60//60 68//68 67//67
f 61//61 55//55 62//62
f 61//61 62//62 68//68
f 69//69 62//62 63//63
f 69//69 63//63 64//64
f 69//69 64//64 65//65
f 69//69 65//65 66//66
f 69//69 66//66 67//67
f 69//69 67//67 68//68
f 69//69 68//68 62//62
f 70//70 72//72 71//71
f 70//70 73//73 72//72
f 70//70 74//74 73//73
f 70//70 75//75 74//74
f 70//70 76//76 75//75
f 70//70 77//77 76//76
f 70//70 71//71 77//77
f 71//71 72//72 79//79
f 71//71 79//79 78//78
f 72//72 73//73 80//80
f 72//72 80//80 79//79
f 73//73 74//74 81//81
f 73//73 81//81 80//80
f 74//74 75//75 82//82
f 74//74 82//82 81//81
f 75//75 76//76 83//83
f 75//75 83//83 82//82
f 76//76 77//77 84//84
f 76//76 84//84 83//83
f 77//77 71//71 78//78
f 77//77 78//78 84//84
f 78//78 79//79 86//86
f 78//78 86//86 85//85
f 79//79 80//80 87//87
f 79//79 87//87 86//86
f 80//80 81//81 88//88
f 80//80 88//88 87//87
f 81//81 82//82 89//89
f 81//81 89//89 88//88
f 82//82 83//83 90//90
f 82//82 90//90 89//89
f 83//83 84//84 91//91
f 83//83 91//91 90//90
f 84//84 78//78 85//85
f 84//84 85//85 91//91
f 92//92 85//85 86//86
f 92//92 86//86 87//87
f 92//92 87//87 88//88
f 92//92 88//88 89//89
f 92//92 89//89 90//90
f 92//92 90//90 91//91
f 92//92 91//91 85//85
f 93//93 95//95 94//94
f 93//93 96//96 95//95
f 93//93 97//97 96//96
f 93//93 98//98 97//97
f 93//93 99//99 98//98
f 93//93 100//100 99//99
f 93//93 94//94 100//100
f 94//94 95//95 102//102
f 94//94 102//102 101//101
f 95//95 96//96 103//103
f 95//95 103//103 102//102
f 96//96 97//97 104//104
f 96//96 104//104 103//103
f 97//97 98//98 105//105
f 97//97 105//105 104//104
f 98//98 99//99 106//106
f 98//98 106//106 105//105
f 99//99 100//100 107//107
f 99//99 107//107 106//106
f 100//100 94//94 101//101
f 100//100 101//101 107//107
f 101//101 102//102 109//109
f 101//101 109//109 108//108
f 102//102 103//103 110//110
f 102//102 110//110 109//109
f 103//103 104//104 111//111
f 103//103 111//111 110//110
f 104//104 105//105 112//112
f 104//104 112//112 111//111
f 105//105 106//106 113//113
f 105//105 113//113 112//112
f 106//106 107//107 114//114
f 106//106 114//114 113//113
f 107//107 101//101 108//108
f 107//107 108//108 114//114
f 115//115 108//108 109//109
f 115//115 109//109 110//110
f 115//115 110//110 111//111
f 115//115 111//111 112//112
f 115//115 112//112 113//113
f 115//115 113//113 114//114
f 115//115 114//114 108//108
f 116//116 118//118 117//117
f 116//116 119//119 118//118
f 116//116 120//120 119//119
f 116//116 121//121 120//120
f 116//116 122//122 121//121
f 116//116 123//123 122//122
f 116//116 117//117 123//123
f 117//117 118//118 125//125
f 117//117 125//125 124//124
f 118//118 119//119 126//126
f 118//118 126//126 125//125
f 119//119 120//120 127//127
f 119//119 127//127 126//126
f 120//120 121//121 128//128
f 120//120 128//128 127//127
f 121//121 122//122 129//129
f 121//121 129//129 128//128
f 122//122 123//123 130//130
f 122//122 130//130 129//129
f 123//123 117//117 124//124
f 123//123 124//124 130//130
f 124//124 125//125 132//132
f 124//124 132//132 131//131
f 125//125 126//126 133//133
f 125//125 133//133 132//132
f 126//126 127//127 134//134
f 126//126 134//134 133//133
f 127//127 128//128 135//135
f 127//127 135//135 134//134
f 128//128 129//129 136//136
f 128//128 136//136 135//135
f 129//129 130//130 137//137
f 129//129 137//137 136//136
f 130//130 124//124 131//131
f 130//130 131//131 137//137
f 138//138 131//131 132//132
f 138//138 132//132 133//133
f 138//138 133//133 134//134
f 138//138 134//134 135//135
f 138//138 135//135 136//136
f 138//138 136//136 137//137
f 138//138 137//137 131//131
f 139//139 141//141 140//140
f 139//139 142//142 141//141
f 139//139 143//143 142//142
f 139//139 144//144 143//143
f 139//139 145//145 144//144
f 139//139 146//146 145//145
f 139//139 140//140 146//146
f 140//140 141//141 148//148
f 140//140 148//148 147//147
f 141//141 142//142 149//149
f 141//141 149//149 148//148
f 142//142 143//143 150//150
f 142//142 150//150 149//149
f 143//143 144//144 151//151
f 143//143 151//151 150//150
f 144//144 145//145 152//152
f 144//144 152//152 151//151
f 145//145 146//146 153//153
f 145//145 153//153 152//152
f 146//146 140//140 147//147
f 146//146 147//147 153//153
f 147//147 148//148 155//155
f 147//147 155//155 154//154
f 148//148 149//149 156//156
f 148//148 156//156 155//155
f 149//149 150//150 157//157
f 149//149 157//157 156//156
f 150//150 151//151 158//158
f 150//150 158//158 157//157
f 151//151 152//152 159//159
f 151//151 159//159 158//158
f 152//152 153//153 160//160
f 152//152 160//160 159//159
f 153//153 147//147 154//154
f 153//153 154//154 160//160
f 161//161 154//154 155//155
f 161//161 155//155 156//156
f 161//161 156//156 157//157
f 161//161 157//157 158//158
f 161//161 158//158 159//159
f 161//161 159//159 160//160
f 161//161 160//160 154//154
f 162//162 164//164 163//163
f 162//162 165//165 164//164
f 162//162 166//166 165//165
f 162//162 167//167 166//166
f 162//162 168//168 167//167
f 162//162 169//169 168//168
f 162//162 163//163 169//169
f 163//163 164//164 171//171
f 163//163 171//171 170//170
f 164//164 165//165 172//172
f 164//164 172//172 171//171
f 165//165 166//166 173//173
f 165//165 173//173 172//172
f 166//166 167//167 174//174
f 166//166 174//174 173//173
f 167//167 168//168 175//175
f 167//167 175//175 174//174
f 168//168 169//169 176//176
f 168//168 176//176 175//175
f 169//169 163//163 170//170
f 169//169 170//170 176//176
f 170//170 171//171 178//178
f 170//170 178//178 177//177
f 171//171 172//172 179//179
f 171//171 179//179 178//178
f 172//172 173//173 180//180
f 172//172 180//180 179//179
f 173//173 174//174 181//181
f 173//173 181//181 180//180
f 174//174 175//175 182//182
f 174//174 182//182 181//181
f 175//175 176//176 183//183
f 175//175 183//183 182//182
f 176//176 170//170 177//177
f 176//176 177//177 183//183
f 184//184 177//177 178//178
f 184//184 178//178 179//179
f 184//184 179//179 180//180
f 184//184 180//180 181//181
f 184//184 181//181 182//182
f 184//184 182//182 183//183
f 184//184 183//183 177//177
f 185//185 187//187 186//186
f 185//185 188//188 187//187
f 185//185 189//189 188//188
f 185//185 190//190 189//189
f 185//185 191//191 190//190
f 185//185 192//192 191//191
f 185//185 186//186 192//192
f 186//186 187//187 194//194
f 186//186 194//194 193//193
f 187//187 188//188 195//195
f 187//187 195//195 194//194
f 188//188 189//189 196//196
f 188//188 196//196 195//195
f 189//189 190//190 197//197
f 189//189 197//197 196//196
f 190//190 191//191 198//198
f 190//190 198//198 197//197
f 191//191 192//192 199//199
f 191//191 199//199 198//198
f 192//192 186//186 193//193
f 192//192 193//193 199//199
f 193//193 194//194 201//201
f 193//193 201//201 200//200
f 194//194 195//195 202//202
f 194//194 202//202 201//201
f 195//195 196//196 203//203
f 195//195 203//203 202//202
f 196//196 197//197 204//204
f 196//196 204//204 203//203
f 197//197 198//198 205//205
f 197//197 205//205 204//204
f 198//198 199//199 206//206
f 198//198 206//206 205//205
f 199//199 193//193 200//200
f 199//199 200//200 206//206
f 207//207 200//200 201//201
f 207//207 201//201 202//202
f 207//207 202//202 203//203
f 207//207 203//203 204//204
f 207//207 204//204 205//205
f 207//207 205//205 206//206
f 207//207 206//206 200//200
f 208//208 210//210 209//209
f 208//208 211//211 210//210
f 208//208 212//212 211//211
f 208//208 213//213 212//212
f 208//208 214//214 213//213
f 208//208 215//215 214//214
f 208//208 209//209 215//215
f 209//209 210//210 217//217
f 209//209 217//217 216//216
f 210//210 211//211 218//218
f 210//210 218//218 217//217
f 211//211 212//212 219//219
f 211//211 219//219 218//218
f 212//212 213//213 220//220
f 212//212 220//220 219//219
f 213//213 214//214 221//221
f 213//213 221//221 220//220
f 214//214 215//215 222//222
f 214//214 222//222 221//221
f 215//215 209//209 216//216
f 215//215 216//216 222//222
f 216//216 217//217 224//224
f 216//216 224//224 223//223
f 217//217 218//218 225//225
f 217//217 225//225 224//224
f 218//218 219//219 226//226
f 218//218 226//226 225//225
f 219//219 220//220 227//227
f 219//219 227//227 226//226
f 220//220 221//221 228//228
f 220//220 228//228 227//227
f 221//221 222//222 229//229
f 221//221 229//229 228//228
f 222//222 216//216 223//223
f 222//222 223//223 229//229
f 230//230 223//223 224//224
f 230//230 224//224 225//225
f 230//230 225//225 226//226
f 230//230 226//226 227//227
f 230//230 227//227 228//228
f 230//230 228//228 229//229
f 230//230 229//229 223//223
f 231//231 233//233 232//232
f 231//231 234//234 233//233
f 231//231 235//235 234//234
f 231//231 236//236 235//235
f 231//231 237//237 236//236
f 231//231 238//238 237//237
f 231//231 232//232 238//238
f 232//232 233//233 240//240
f 232//232 240//240 239//239
f 233//233 234//234 241//241
f 233//233 241//241 240//240
f 234//234 235//235 242//242
f 234//234 242//242 241//241
f 235//235 236//236 243//243
f 235//235 243//243 242//242
f 236//236 237//237 244//244
f 236//236 244//244 243//243
f 237//237 238//238 245//245
f 237//237 245//245 244//244
f 238//238 232//232 239//239
f 238//238 239//239 245//245
f 239//239 240//240 247//247
f 239//239 247//247 246//246
f 240//240 241//241 248//248
f 240//240 248//248 247//247
f 241//241 242//242 249//249
f 241//241 249//249 248//248
f 242//242 243//243 250//250
f 242//242 250//250 249//249
f 243//243 244//244 251//251
f 243//243 251//251 250//250
f 244//244 245//245 252//252
f 244//244 252//252 251//251
f 245//245 239//239 246//246
f 245//245 246//246 252//252
f 253//253 246//246 247//247
f 253//253 247//247 248//248
f 253//253 248//248 249//249
f 253//253 249//249 250//250
f 253//253 250//250 251//251
f 253//253 251//251 252//252
f 253//253 252//252 246//246
f 254//254 256//256 255//255
f 254//254 257//257 256//256
f 254//254 258//258 257//257
f 254//254 259//259 258//258
f 254//254 260//260 259//259
f 254//254 261//261 260//260
f 254//254 255//255 261//261
f 255//255 256//256 263//263
f 255//255 263//263 262//262
f 256//256 257//257 264//264
f 256//256 264//264 263//263
f 257//257 258//258 265//265
f 257//257 265//265 264//264
f 258//258 259//259 266//266
f 258//258 266//266 265//265
f 259//259 260//260 267//267
f 259//259 267//267 266//266
f 260//260 261//261 268//268
f 260//260 268//268 267//267
f 261//261 255//255 262//262
f 261//261 262//262 268//268
f 262//262 263//263 270//270
f 262//262 270//270 269//269
f 263//263 264//264 271//271
f 263//263 271//271 270//270
f 264//264 265//265 272//272
f 264//264 272//272 271//271
f 265//265 266//266 273//273
f 265//265 273//273 272//272
f 266//266 267//267 274//274
f 266//266 274//274 273//273
f 267//267 268//268 275//275
f 267//267 275//275 274//274
f 268//268 262//262 269//269
f 268//268 269//269 275//275
f 276//276 269//269 270//270
f 276//276 270//270 271//271
f 276//276 271//271 272//272
f 276//276 272//272 273//273
f 276//276 273//273 274//274
f 276//276 274//274 275//275
f 276//276 275//275 269//269
f 277//277 279//279 278//278
f 277//277 280//280 279//279
f 277//277 281//281 280//280
f 277//277 282//282 281//281
f 277//277 283//283 282//282
f 277//277 284//284 283//283
f 277//277 278//278 284//284
f 278//278 279//279 286//286
f 278//278 286//286 285//285
f 279//279 280//280 287//287
f 279//279 287//287 286//286
f 280//280 281//281 288//288
f 280//280 288//288 287//287
f 281//281 282//282 289//289
f 281//281 289//289 288//288
f 282//282 283//283 290//290
f 282//282 290//290 289//289
f 283//283 284//284 291//291
f 283//283 291//291 290//290
f 284//284 278//278 285//285
f 284//284 285//285 291//291
f 285//285 286//286 293//293
f 285//285 293//293 292//292
f 286//286 287//287 294//294
f 286//286 294//294 293//293
f 287//287 288//288 295//295
f 287//287 295//295 294//294
f 288//288 289//289 296//296
f 288//288 296//296 295//295
f 289//289 290//290 297//297
f 289//289 297//297 296//296
f 290//290 291//291 298//298
f 290//290 298//298 297//297
f 291//291 285//285 292//292
f 291//291 292//292 298//298
f 299//299 292//292 293//293
f 299//299 293//293 294//294
f 299//299 294//294 295//295
f 299//299 295//295 296//296
f 299//299 296//296 297//297
f 299//299 297//297 298//298
f 299//299 298//298 292//292
f 300//300 302//302 301//301
f 300//300 303//303 302//302
f 300//300 304//304 303//303
f 300//300 305//305 304//304
f 300//300 306//306 305//305
f 300//300 307//307 306//306
f 300//300 301//301 307//307
f 301//301 302//302 309//309
f 301//301 309//309 308//308
f 302//302 303//303 310//310
f 302//302 310//310 309//309
f 303//303 304//304 311//311
f 303//303 311//311 310//310
f 304//304 305//305 312//312
f 304//304 312//312 311//311
f 305//305 306//306 313//313
f 305//305 313//313 312//312
f 306//306 307//307 314//314
f 306//306 314//314 313//313
f 307//307 301//301 308//308
f 307//307 308//308 314//314
f 308//308 309//309 316//316
f 308//308 316//316 315//315
f 309//309 310//310 317//317
f 309//309 317//317 316//316
f 310//310 311//311 318//318
f 310//310 318//318 317//317
f 311//311 312//312 319//319
f 311//311 319//319 318//318
f 312//312 313//313 320//320
f 312//312 320//320 319//319
f 313//313 314//314 321//321
f 313//313 321//321 320//320
f 314//314 308//308 315//315
f 314//314 315//315 321//321
f 322//322 315//315 316//316
f 322//322 316//316 317//317
f 322//322 317//317 318//318
f 322//322 318//318 319//319
f 322//322 319//319 320//320
f 322//322 320//320 321//321
f 322//322 321//321 315//315
f 323//323 325//325 324//324
f 323//323 326//326 325//325
f 323//323 327//327 326//326
f 323//323 328//328 327//327
f 323//323 329//329 328//328
f 323//323 330//330 329//329
f 323//323 324//324 330//330
f 324//324 325//325 332//332
f 324//324 332//332 331//331
f 325//325 326//326 333//333
f 325//325 333//333 332//332
f 326//326 327//327 334//334
f 326//326 334//334 333//333
f 327//327 328//328 335//335
f 327//327 335//335 334//334
f 328//328 329//329 336//336
f 328//328 336//336 335//335
f 329//329 330//330 337//337
f 329//329 337//337 336//336
f 330//330 324//324 331//331
f 330//330 331//331 337//337
f 331//331 332//332 339//339
f 331//331 339//339 338//338
f 332//332 333//333 340//340
f 332//332 340//340 339//339
f 333//333 334//334 341//341
f 333//333 341//341 340//340
f 334//334 335//335 342//342
f 334//334 342//342 341//341
f 335//335 336//336 343//343
f 335//335 343//343 342//342
f 336//336 337//337 344//344
f 336//336 344//344 343//343
f 337//337 331//331 338//338
f 337//337 338//338 344//344
f 345//345 338//338 339//339
f 345//345 339//339 340//340
f 345//345 340//340 341//341
f 345//345 341//341 342//342
f 345//345 342//342 343//343
f 345//345 343//343 344//344
f 345//345 344//344 338//338
f 346//346 348//348 347//347
f 346//346 349//349 348//348
f 346//346 350//350 349//349
f 346//346 351//351 350//350
f 346//346 352//352 351//351
f 346//346 353//353 352//352
f 346//346 347//347 353//353
f 347//347 348//348 355//355
f 347//347 355//355 354//354
f 348//348 349//349 356//356
f 348//348 356//356 355//355
f 349//349 350//350 357//357
f 349//349 357//357 356//356
f 350//350 351//351 358//358
f 350//350 358//358 357//357
f 351//351 352//352 359//359
f 351//351 359//359 358//358
f 352//352 353//353 360//360
f 352//352 360//360 359//359
f 353//353 347//347 354//354
f 353//353 354//354 360//360
f 354//354 355//355 362//362
f 354//354 362//362 361//361
f 355//355 356//356 363//363
f 355//355 363//363 362//362
f 356//356 357//357 364//364
f 356//356 364//364 363//363
f 357//357 358//358 365//365
f 357//357 365//365 364//364
f 358//358 359//359 366//366
f 358//358 366//366 365//365
f 359//359 360//360 367//367
f 359//359 367//367 366//366
f 360//360 354//354 361//361
f 360//360 361//361 367//367
f 368//368 361//361 362//362
f 368//368 362//362 363//363
f 368//368 363//363 364//364
f 368//368 364//364 365//365
f 368//368 365//365 366//366
f 368//368 366//366 367//367
f 368//368 367//367 361//361
f 369//369 371//371 370//370
f 369//369 372//372 371//371
f 369//369 373//373 372//372
f 369//369 374//374 373//373
f 369//369 375//375 374//374
f 369//369 376//376 375//375
f 369//369 370//370 376//376
f 370//370 371//371 378//378
f 370//370 378//378 377//377
f 371//371 372//372 379//379
f 371//371 379//379 378//378
f 372//372 373//373 380//380
f 372//372 380//380 379//379
f 373//373 374//374 381//381
f 373//373 381//381 380//380
f 374//374 375//375 382//382
f 374//374 382//382 381//381
f 375//375 376//376 383//383
f 375//375 383//383 382//382
f 376//376 370//370 377//377
f 376//376 377//377 383//383
f 377//377 378//378 385//385
f 377//377 385//385 384//384
f 378//378 379//379 386//386
f 378//378 386//386 385//385
f 379//379 380//380 387//387
f 379//379 387//387 386//386
f 380//380 381//381 388//388
f 380//380 388//388 387//387
f 381//381 382//382 389//389
f 381//381 389//389 388//388
f 382//382 383//383 390//390
f 382//382 390//390 389//389
f 383//383 377//377 384//384
f 383//383 384//384 390//390
f 391//391 384//384 385//385
f 391//391 385//385 386//386
f 391//391 386//386 387//387
f 391//391 387//387 388//388
f 391//391 388//388 389//389
f 391//391 389//389 390//390
f 391//391 390//390 384//384
f 392//392 394//394 393//393
f 392//392 395//395 394//394
f 392//392 396//396 395//395
f 392//392 397//397 396//396
f 392//392 398//398 397//397
f 392//392 399//399 398//398
f 392//392 393//393 399//399
f 393//393 394//394 401//401
f 393//393 401//401 400//400
f 394//394 395//395 402//402
f 394//394 402//402 401//401
f 395//395 396//396 403//403
f 395//395 403//403 402//402
f 396//396 397//397 404//404
f 396//396 404//404 403//403
f 397//397 398//398 405//405
f 397//397 405//405 404//404
f 398//398 399//399 406//406
f 398//398 406//406 405//405
f 399//399 393//393 400//400
f 399//399 400//400 406//406
f 400//400 401//401 408//408
f 400//400 408//408 407//407
f 401//401 402//402 409//409
f 401//401 409//409 408//408
f 402//402 403//403 410//410
f 402//402 410//410 409//409
f 403//403 404//404 411//411
f 403//403 411//411 410//410
f 404//404 405//405 412//412
f 404//404 412//412 411//411
f 405//405 406//406 413//413
f 405//405 413//413 412//412
f 406//406 400//400 407//407
f 406//406 407//407 413//413
f 414//414 407//407 408//408
f 414//414 408//408 409//409
f 414//414 409//409 410//410
f 414//414 410//410 411//411
f 414//414 411//411 412//412
f 414//414 412//412 413//413
f 414//414 413//413 407//407
f 415//415 417//417 416//416
f 415//415 418//418 417//417
f 415//415 419//419 418//418
f 415//415 420//420 419//419
f 415//415 421//421 420//420
f 415//415 422//422 421//421
f 415//415 416//416 422//422
f 416//416 417//417 424//424
f 416//416 424//424 423//423
f 417//417 418//418 425//425
f 417//417 425//425 424//424
f 418//418 419//419 426//426
f 418//418 426//426 425//425
f 419//419 420//420 427//427
f 419//419 427//427 426//426
f 420//420 421//421 428//428
f 420//420 428//428 427//427
f 421//421 422//422 429//429
f 421//421 429//429 428//428
f 422//422 416//416 423//423
f 422//422 423//423 429//429
f 423//423 424//424 431//431
f 423//423 431//431 430//430
f 424//424 425//425 432//432
f 424//424 432//432 431//431
f 425//425 426//426 433//433
f 425//425 433//433 432//432
f 426//426 427//427 434//434
f 426//426 434//434 433//433
f 427//427 428//428 435//435
f 427//427 435//435 434//434
f 428//428 429//429 436//436
f 428//428 436//436 435//435
f 429//429 423//423 430//430
f 429//429 430//430 436//436
f 437//437 430//430 431//431
f 437//437 431//431 432//432
f 437//437 432//432 433//433
f 437//437 433//433 434//434
f 437//437 434//434 435//435
f 437//437 435//435 436//436
f 437//437 436//436 430//430
f 438//438 440//440 439//439
f 438//438 441//441 440//440
f 438//438 442//442 441//441
f 438//438 443//443 442//442
f 438//438 444//444 443//443
f 438//438 445//445 444//444
f 438//438 439//439 445//445
f 439//439 440//440 447//447
f 439//439 447//447 446//446
f 440//440 441//441 448//448
f 440//440 448//448 447//447
f 441//441 442//442 449//449
f 441//441 449//449 448//448
f 442//442 443//443 450//450
f 442//442 450//450 449//449
f 443//443 444//444 451//451
f 443//443 451//451 450//450
f 444//444 445//445 452//452
f 444//444 452//452 451//451
f 445//445 439//439 446//446
f 445//445 446//446 452//452
f 446//446 447//447 454//454
f 446//446 454//454 453//453
f 447//447 448//448 455//455
f 447//447 455//455 454//454
f 448//448 449//449 456//456
f 448//448 456//456 455//455
f 449//449 450//450 457//457
f 449//449 457//457 456//456
f 450//450 451//451 458//458
f 450//450 458//458 457//457
f 451//451 452//452 459//459
f 451//451 459//459 458//458
f 452//452 446//446 453//453
f 452//452 453//453 459//459
f 460//460 453//453 454//454
f 460//460 454//454 455//455
f 460//460 455//455 456//456
f 460//460 456//456 457//457
f 460//460 457//457 458//458
f 460//460 458//458 459//459
f 460//460 459//459 453//453
f 461//461 463//463 462//462
f 461//461 464//464 463//463
f 461//461 465//465 464//464
f 461//461 466//466 465//465
f 461//461 467//467 466//466
f 461//461 468//468 467//467
f 461//461 462//462 468//468
f 462//462 463//463 470//470
f 462//462 470//470 469//469
f 463//463 464//464 471//471
f 463//463 471//471 470//470
f 464//464 465//465 472//472
f 464//464 472//472 471//471
f 465//465 466//466 473//473
f 465//465 473//473 472//472
f 466//466 467//467 474//474
f 466//466 474//474 473//473
f 467//467 468//468 475//475
f 467//467 475//475 474//474
f 468//468 462//462 469//469
f 468//468 469//469 475//475
f 469//469 470//470 477//477
f 469//469 477//477 476//476
f 470//470 471//471 478//478
f 470//470 478//478 477//477
f 471//471 472//472 479//479
f 471//471 479//479 478//478
f 472//472 473//473 480//480
f 472//472 480//480 479//479
f 473//473 474//474 481//481
f 473//473 481//481 480//480
f 474//474 475//475 482//482
f 474//474 482//482 481//481
f 475//475 469//469 476//476
f 475//475 476//476 482//482
f 483//483 476//476 477//477
f 483//483 477//477 478//478
f 483//483 478//478 479//479
f 483//483 479//479 480//480
f 483//483 480//480 481//481
f 483//483 481//481 482//482
f 483//483 482//482 476//476
f 484//484 486//486 485//485
f 484//484 487//487 486//486
f 484//484 488//488 487//487
f 484//484 489//489 488//488
f 484//484 490//490 489//489
f 484//484 491//491 490//490
f 484//484 485//485 491//491
f 485//485 486//486 493//493
f 485//485 493//493 492//492
f 486//486 487//487 494//494
f 486//486 494//494 493//493
f 487//487 488//488 495//495
f 487//487 495//495 494//494
f 488//488 489//489 496//496
f 488//488 496//496 495//495
f 489//489 490//490 497//497
f 489//489 497//497 496//496
f 490//490 491//491 498//498
f 490//490 498//498 497//497
f 491//491 485//485 492//492
f 491//491 492//492 498//498
f 492//492 493//493 500//500
f 492//492 500//500 499//499
f 493//493 494//494 501//501
f 493//493 501//501 500//500
f 494//494 495//495 502//502
f 494//494 502//502 501//501
f 495//495 496//496 503//503
f 495//495 503//503 502//502
f 496//496 497//497 504//504
f 496//496 504//504 503//503
f 497//497 498//498 505//505
f 497//497 505//505 504//504
f 498//498 492//492 499//499
f 498//498 499//499 505//505
f 506//506 499//499 500//500
f 506//506 500//500 501//501
f 506//506 501//501 502//502
f 506//506 502//502 503//503
f 506//506 503//503 504//504
f 506//506 504//504 505//505
f 506//506 505//505 499//499
f 507//507 509//509 508//508
f 507//507 510//510 509//509
f 507//507 511//511 510//510
f 507//507 512//512 511//511
f 507//507 513//513 512//512
f 507//507 514//514 513//513
f 507//507 508//508 514//514
f 508//508 509//509 516//516
f 508//508 516//516 515//515
f 509//509 510//510 517//517
f 509//509 517//517 516//516
f 510//510 511//511 518//518
f 510//510 518//518 517//517
f 511//511 512//512 519//519
f 511//511 519//519 518//518
f 512//512 513//513 520//520
f 512//512 520//520 519//519
f 513//513 514//514 521//521
f 513//513 521//521 520//520
f 514//514 508//508 515//515
f 514//514 515//515 521//521
f 515//515 516//516 523//523
f 515//515 523//523 522//522
f 516//516 517//517 524//524
f 516//516 524//524 523//523
f 517//517 518//518 525//525
f 517//517 525//525 524//524
f 518//518 519//519 526//526
f 518//518 526//526 525//525
f 519//519 520//520 527//527
f 519//519 527//527 526//526
f 520//520 521//521 528//528
f 520//520 528//528 527//527
f 521//521 515//515 522//522
f 521//521 522//522 528//528
f 529//529 522//522 523//523
f 529//529 523//523 524//524
f 529//529 524//524 525//525
f 529//529 525//525 526//526
f 529//529 526//526 527//527
f 529//529 527//527 528//528
f 529//529 528//528 522//522
f 530//530 532//532 531//531
f 530//530 533//533 532//532
f 530//530 534//534 533//533
f 530//530 535//535 534//534
f 530//530 536//536 535//535
f 530//530 537//537 536//536
f 530//530 531//531 537//537
f 531//531 532//532 539//539
f 531//531 539//539 538//538
f 532//532 533//533 540//540
f 532//532 540//540 539//539
f 533//533 534//534 541//541
f 533//533 541//541 540//540
f 534//534 535//535 542//542
f 534//534 542//542 541//541
f 535//535 536//536 543//543
f 535//535 543//543 542//542
f 536//536 537//537 544//544
f 536//536 544//544 543//543
f 537//537 531//531 538//538
f 537//537 538//538 544//544
f 538//538 539//539 546//546
f 538//538 546//546 545//545
f 539//539 540//540 547//547
f 539//539 547//547 546//546
f 540//540 541//541 548//548
f 540//540 548//548 547//547
f 541//541 542//542 549//549
f 541//541 549//549 548//548
f 542//542 543//543 550//550
f 542//542 550//550 549//549
f 543//543 544//544 551//551
f 543//543 551//551 550//550
f 544//544 538//538 545//545
f 544//544 545//545 551//551
f 552//552 545//545 546//546
f 552//552 546//546 547//547
f 552//552 547//547 548//548
f 552//552 548//548 549//549
f 552//552 549//549 550//550
f 552//552 550//550 551//551
f 552//552 551//551 545//545
f 553//553 555//555 554//554
f 553//553 556//556 555//555
f 553//553 557//557 556//556
f 553//553 558//558 557//557
f 553//553 559//559 558//558
f 553//553 560//560 559//559
f 553//553 554//554 560//560
f 554//554 555//555 562//562
f 554//554 562//562 561//561
f 555//555 556//556 563//563
f 555//555 563//563 562//562
f 556//556 557//557 564//564
f 556//556 564//564 563//563
f 557//557 558//558 565//565
f 557//557 565//565 564//564
f 558//558 559//559 566//566
f 558//558 566//566 565//565
f 559//559 560//560 567//567
f 559//559 567//567 566//566
f 560//560 554//554 561//561
f 560//560 561//561 567//567
f 561//561 562//562 569//569
f 561//561 569//569 568//568
f 562//562 563//563 570//570
f 562//562 570//570 569//569
f 563//563 564//564 571//571
f 563//563 571//571 570//570
f 564//564 565//565 572//572
f 564//564 572//572 571//571
f 565//565 566//566 573//573
f 565//565 573//573 572//572
f 566//566 567//567 574//574
f 566//566 574//574 573//573
f 567//567 561//561 568//568
f 567//567 568//568 574//574
f 575//575 568//568 569//569
f 575//575 569//569 570//570
f 575//575 570//570 571//571
f 575//575 571//571 572//572
f 575//575 572//572 573//573
f 575//575 573//573 574//574
f 575//575 574//574 568//568
f 576//576 578//578 577//577
f 576//576 579//579 578//578
f 576//576 580//580 579//579
f 576//576 581//581 580//580
f 576//576 582//582 581//581
f 576//576 583//583 582//582
f 576//576 577//577 583//583
f 577//577 578//578 585//585
f 577//577 585//585 584//584
f 578//578 579//579 586//586
f 578//578 586//586 585//585
f 579//579 580//580 587//587
f 579//579 587//587 586//586
f 580//580 581//581 588//588
f 580//580 588//588 587//587
f 581//581 582//582 589//589
f 581//581 589//589 588//588
f 582//582 583//583 590//590
f 582//582 590//590 589//589
f 583//583 577//577 584//584
f 583//583 584//584 590//590
f 584//584 585//585 592//592
f 584//584 592//592 591//591
f 585//585 586//586 593//593
f 585//585 593//593 592//592
f 586//586 587//587 594//594
f 586//586 594//594 593//593
f 587//587 588//588 595//595
f 587//587 595//595 594//594
f 588//588 589//589 596//596
f 588//588 596//596 595//595
f 589//589 590//590 597//597
f 589//589 597//597 596//596
f 590//590 584//584 591//591
f 590//590 591//591 597//597
f 598//598 591//591 592//592
f 598//598 592//592 593//593
f 598//598 593//593 594//594
f 598//598 594//594 595//595
f 598//598 595//595 596//596
f 598//598 596//596 597//597
f 598//598 597//597 591//591
f 599//599 601//601 600//600
f 599//599 602//602 601//601
f 599//599 603//603 602//602
f 599//599 604//604 603//603
f 599//599 605//605 604//604
f 599//599 606//606 605//605
f 599//599 600//600 606//606
f 600//600 601//601 608//608
f 600//600 608//608 607//607
f 601//601 602//602 609//609
f 601//601 609//609 608//608
f 602//602 603//603 610//610
f 602//602 610//610 609//609
f 603//603 604//604 611//611
f 603//603 611//611 610//610
f 604//604 605//605 612//612
f 604//604 612//612 611//611
f 605//605 606//606 613//613
f 605//605 613//613 612//612
f 606//606 600//600 607//607
f 606//606 607//607 613//613
f 607//607 608//608 615//615
f 607//607 615//615 614//614
f 608//608 609//609 616//616
f 608//608 616//616 615//615
f 609//609 610//610 617//617
f 609//609 617//617 616//616
f 610//610 611//611 618//618
f 610//610 618//618 617//617
f 611//611 612//612 619//619
f 611//611 619//619 618//618
f 612//612 613//613 620//620
f 612//612 620//620 619//619
f 613//613 607//607 614//614
f 613//613 614//614 620//620
f 621//621 614//614 615//615
f 621//621 615//615 616//616
f 621//621 616//616 617//617
f 621//621 617//617 618//618
f 621//621 618//618 619//619
f 621//621 619//619 620//620
f 621//621 620//620 614//614
f 622//622 624//624 623//623
f 622//622 625//625 624//624
f 622//622 626//626 625//625
f 622//622 627//627 626//626
f 622//622 628//628 627//627
f 622//622 629//629 628//628
f 622//622 623//623 629//629
f 623//623 624//624 631//631
f 623//623 631//631 630//630
f 624//624 625//625 632//632
f 624//624 632//632 631//631
f 625//625 626//626 633//633
f 625//625 633//633 632//632
f 626//626 627//627 634//634
f 626//626 634//634 633//633
f 627//627 628//628 635//635
f 627//627 635//635 634//634
f 628//628 629//629 636//636
f 628//628 636//636 635//635
f 629//629 623//623 630//630
f 629//629 630//630 636//636
f 630//630 631//631 638//638
f 630//630 638//638 637//637
f 631//631 632//632 639//639
f 631//631 639//639 638//638
f 632//632 633//633 640//640
f 632//632 640//640 639//639
f 633//633 634//634 641//641
f 633//633 641//641 640//640
f 634//634 635//635 642//642
f 634//634 642//642 641//641
f 635//635 636//636 643//643
f 635//635 643//643 642//642
f 636//636 630//630 637//637
f 636//636 637//637 643//643
f 644//644 637//637 638//638
f 644//644 638//638 639//639
f 644//644 639//639 640//640
f 644//644 640//640 641//641
f 644//644 641//641 642//642
f 644//644 642//642 643//643
f 644//644 643//643 637//637
f 645//645 647//647 646//646
f 645//645 648//648 647//647
f 645//645 649//649 648//648
f 645//645 650//650 649//649
f 645//645 651//651 650//650
f 645//645 652//652 651//651
f 645//645 646//646 652//652
f 646//646 647//647 654//654
f 646//646 654//654 653//653
f 647//647 648//648 655//655
f 647//647 655//655 654//654
f 648//648 649//649 656//656
f 648//648 656//656 655//655
f 649//649 650//650 657//657
f 649//649 657//657 656//656
f 650//650 651//651 658//658
f 650//650 658//658 657//657
f 651//651 652//652 659//659
f 651//651 659//659 658//658
f 652//652 646//646 653//653
f 652//652 653//653 659//659
f 653//653 654//654 661//661
f 653//653 661//661 660//660
f 654//654 655//655 662//662
f 654//654 662//662 661//661
f 655//655 656//656 663//663
f 655//655 663//663 662//662
f 656//656 657//657 664//664
f 656//656 664//664 663//663
f 657//657 658//658 665//665
f 657//657 665//665 664//664
f 658//658 659//659 666//666
f 658//658 666//666 665//665
f 659//659 653//653 660//660
f 659//659 660//660 666//666
f 667//667 660//660 661//661
f 667//667 661//661 662//662
f 667//667 662//662 663//663
f 667//667 663//663 664//664
f 667//667 664//664 665//665
f 667//667 665//665 666//666
f 667//667 666//666 660//660
f 668//668 670//670 669//669
f 668//668 671//671 670//670
f 668//668 672//672 671//671
f 668//668 673//673 672//672
f 668//668 674//674 673//673
f 668//668 675//675 674//674
f 668//668 669//669 675//675
f 669//669 670//670 677//677
f 669//669 677//677 676//676
f 670//670 671//671 678//678
f 670//670 678//678 677//677
f 671//671 672//672 679//679
f 671//671 679//679 678//678
f 672//672 673//673 680//680
f 672//672 680//680 679//679
f 673//673 674//674 681//681
f 673//673 681//681 680//680
f 674//674 675//675 682//682
f 674//674 682//682 681//681
f 675//675 669//669 676//676
f 675//675 676//676 682//682
f 676//676 677//677 684//684
f 676//676 684//684 683//683
f 677//677 678//678 685//685
f 677//677 685//685 684//684
f 678//678 679//679 686//686
f 678//678 686//686 685//685
f 679//679 680//680 687//687
f 679//679 687//687 686//686
f 680//680 681//681 688//688
f 680//680 688//688 687//687
f 681//681 682//682 689//689
f 681//681 689//689 688//688
f 682//682 676//676 683//683
f 682//682 683//683 689//689
f 690//690 683//683 684//684
f 690//690 684//684 685//685
f 690//690 685//685 686//686
f 690//690 686//686 687//687
f 690//690 687//687 688//688
f 690//690 688//688 689//689
f 690//690 689//689 683//683
f 691//691 693//693 692//692
f 691//691 694//694 693//693
f 691//691 695//695 694//694
f 691//691 696//696 695//695
f 691//691 697//697 696//696
f 691//691 698//698 697//697
f 691//691 692//692 698//698
f 692//692 693//693 700//700
f 692//692 700//700 699//699
f 693//693 694//694 701//701
f 693//693 701//701 700//700
f 694//694 695//695 702//702
f 694//694 702//702 701//701
f 695//695 696//696 703//703
f 695//695 703//703 702//702
f 696//696 697//697 704//704
f 696//696 704//704 703//703
f 697//697 698//698 705//705
f 697//697 705//705 704//704
f 698//698 692//692 699//699
f 698//698 699//699 705//705
f 699//699 700//700 707//707
f 699//699 707//707 706//706
f 700//700 701//701 708//708
f 700//700 708//708 707//707
f 701//701 702//702 709//709
f 701//701 709//709 708//708
f 702//702 703//703 710//710
f 702//702 710//710 709//709
f 703//703 704//704 711//711
f 703//703 711//711 710//710
f 704//704 705//705 712//712
f 704//704 712//712 711//711
f 705//705 699//699 706//706
f 705//705 706//706 712//712
f 713//713 706//706 707//707
f 713//713 707//707 708//708
f 713//713 708//708 709//709
f 713//713 709//709 710//710
f 713//713 710//710 711//711
f 713//713 711//711 712//712
f 713//713 712//712 706//706
f 714//714 716//716 715//715
f 714//714 717//717 716//716
f 714//714 718//718 717//717
f 714//714 719//719 718//718
f 714//714 720//720 719//719
f 714//714 721//721 720//720
f 714//714 715//715 721//721
f 715//715 716//716 723//723
f 715//715 723//723 722//722
f 716//716 717//717 724//724
f 716//716 724//724 723//723
f 717//717 718//718 725//725
f 717//717 725//725 724//724
f 718//718 719//719 726//726
f 718//718 726//726 725//725
f 719//719 720//720 727//727
f 719//719 727//727 726//726
f 720//720 721//721 728//728
f 720//720 728//728 727//727
f 721//721 715//715 722//722
f 721//721 722//722 728//728
f 722//722 723//723 730//730
f 722//722 730//730 729//729
f 723//723 724//724 731//731
f 723//723 731//731 730//730
f 724//724 725//725 732//732
f 724//724 732//732 731//731
f 725//725 726//726 733//733
f 725//725 733//733 732//732
f 726//726 727//727 734//734
f 726//726 734//734 733//733
f 727//727 728//728 735//735
f 727//727 735//735 734//734
f 728//728 722//722 729//729
f 728//728 729//729 735//735
f 736//736 729//729 730//730
f 736//736 730//730 731//731
f 736//736 731//731 732//732
f 736//736 732//732 733//733
f 736//736 733//733 734//734
f 736//736 734//734 735//735
f 736//736 735//735 729//729
f 737//737 739//739 738//738
f 737//737 740//740 739//739
f 737//737 741//741 740//740
f 737//737 742//742 741//741
f 737//737 743//743 742//742
f 737//737 744//744 743//743
f 737//737 738//738 744//744
f 738//738 739//739 746//746
f 738//738 746//746 745//745
f 739//739 740//740 747//747
f 739//739 747//747 746//746
f 740//740 741//741 748//748
f 740//740 748//748 747//747
f 741//741 742//742 749//749
f 741//741 749//749 748//748
f 742//742 743//743 750//750
f 742//742 750//750 749//749
f 743//743 744//744 751//751
f 743//743 751//751 750//750
f 744//744 738//738 745//745
f 744//744 745//745 751//751
f 745//745 746//746 753//753
f 745//745 753//753 752//752
f 746//746 747//747 754//754
f 746//746 754//754 753//753
f 747//747 748//748 755//755
f 747//747 755//755 754//754
f 748//748 749//749 756//756
f 748//748 756//756 755//755
f 749//749 750//750 757//757
f 749//749 757//757 756//756
f 750//750 751//751 758//758
f 750//750 758//758 757//757
f 751//751 745//745 752//752
f 751//751 752//752 758//758
f 759//759 752//752 753//753
f 759//759 753//753 754//754
f 759//759 754//754 755//755
f 759//759 755//755 756//756
f 759//759 756//756 757//757
f 759//759 757//757 758//758
f 759//759 758//758 752//752
f 760//760 762//762 761//761
f 760//760 763//763 762//762
f 760//760 764//764 763//763
f 760//760 765//765 764//764
f 760//760 766//766 765//765
f 760//760 767//767 766//766
f 760//760 761//761 767//767
f 761//761 762//762 769//769
f 761//761 769//769 768//768
f 762//762 763//763 770//770
f 762//762 770//770 769//769
f 763//763 764//764 771//771
f 763//763 771//771 770//770
f 764//764 765//765 772//772
f 764//764 772//772 771//771
f 765//765 766//766 773//773
f 765//765 773//773 772//772
f 766//766 767//767 774//774
f 766//766 774//774 773//773
f 767//767 761//761 768//768
f 767//767 768//768 774//774
f 768//768 769//769 776//776
f 768//768 776//776 775//775
f 769//769 770//770 777//777
f 769//769 777//777 776//776
f 770//770 771//771 778//778
f 770//770 778//778 777//777
f 771//771 772//772 779//779
f 771//771 779//779 778//778
f 772//772 773//773 780//780
f 772//772 780//780 779//779
f 773//773 774//774 781//781
f 773//773 781//781 780//780
f 774//774 768//768 775//775
f 774//774 775//775 781//781
f 782//782 775//775 776//776
f 782//782 776//776 777//777
f 782//782 777//777 778//778
f 782//782 778//778 779//779
f 782//782 779//779 780//780
f 782//782 780//780 781//781
f 782//782 781//781 775//775
f 783//783 785//785 784//784
f 783//783 786//786 785//785
f 783//783 787//787 786//786
f 783//783 788//788 787//787
f 783//783 789//789 788//788
f 783//783 790//790 789//789
f 783//783 784//784 790//790
f 784//784 785//785 792//792
f 784//784 792//792 791//791
f 785//785 786//786 793//793
f 785//785 793//793 792//792
f 786//786 787//787 794//794
f 786//786 794//794 793//793
f 787//787 788//788 795//795
f 787//787 795//795 794//794
f 788//788 789//789 796//796
f 788//788 796//796 795//795
f 789//789 790//790 797//797
f 789//789 797//797 796//796
f 790//790 784//784 791//791
f 790//790 791//791 797//797
f 791//791 792//792 799//799
f 791//791 799//799 798//798
f 792//792 793//793 800//800
f 792//792 800//800 799//799
f 793//793 794//794 801//801
f 793//793 801//801 800//800
f 794//794 795//795 802//802
f 794//794 802//802 801//801
f 795//795 796//796 803//803
f 795//795 803//803 802//802
f 796//796 797//797 804//804
f 796//796 804//804 803//803
f 797//797 791//791 798//798
f 797//797 798//798 804//804
f 805//805 798//798 799//799
f 805//805 799//799 800//800
f 805//805 800//800 801//801
f 805//805 801//801 802//802
f 805//805 802//802 803//803
f 805//805 803//803 804//804
f 805//805 804//804 798//798
f 806//806 808//808 807//807
f 806//806 809//809 808//808
f 806//806 810//810 809//809
f 806//806 811//811 810//810
f 806//806 812//812 811//811
f 806//806 813//813 812//812
f 806//806 807//807 813//813
f 807//807 808//808 815//815
f 807//807 815//815 814//814
f 808//808 809//809 816//816
f 808//808 816//816 815//815
f 809//809 810//810 817//817
f 809//809 817//817 816//816
f 810//810 811//811 818//818
f 810//810 818//818 817//817
f 811//811 812//812 819//819
f 811//811 819//819 818//818
f 812//812 813//813 820//820
f 812//812 820//820 819//819
f 813//813 807//807 814//814
f 813//813 814//814 820//820
f 814//814 815//815 822//822
f 814//814 822//822 821//821
f 815//815 816//816 823//823
f 815//815 823//823 822//822
f 816//816 817//817 824//824
f 816//816 824//824 823//823
f 817//817 818//818 825//825
f 817//817 825//825 824//824
f 818//818 819//819 826//826
f 818//818 826//826 825//825
f 819//819 820//820 827//827
f 819//819 827//827 826//826
f 820//820 814//814 821//821
f 820//820 821//821 827//827
f 828//828 821//821 822//822
f 828//828 822//822 823//823
f 828//828 823//823 824//824
f 828//828 824//824 825//825
f 828//828 825//825 826//826
f 828//828 826//826 827//827
f 828//828 827//827 821//821
f 829//829 831//831 830//830
f 829//829 832//832 831//831
f 829//829 833//833 832//832
f 829//829 834//834 833//833
f 829//829 835//835 834//834
f 829//829 836//836 835//835
f 829//829 830//830 836//836
f 830//830 831//831 838//838
f 830//830 838//838 837//837
f 831//831 832//832 839//839
f 831//831 839//839 838//838
f 832//832 833//833 840//840
f 832//832 840//840 839//839
f 833//833 834//834 841//841
f 833//833 841//841 840//840
f 834//834 835//835 842//842
f 834//834 842//842 841//841
f 835//835 836//836 843//843
f 835//835 843//843 842//842
f 836//836 830//830 837//837
f 836//836 837//837 843//843
f 837//837 838//838 845//845
f 837//837 845//845 844//844
f 838//838 839//839 846//846
f 838//838 846//846 845//845
f 839//839 840//840 847//847
f 839//839 847//847 846//846
f 840//840 841//841 848//848
f 840//840 848//848 847//847
f 841//841 842//842 849//849
f 841//841 849//849 848//848
f 842//842 843//843 850//850
f 842//842 850//850 849//849
f 843//843 837//837 844//844
f 843//843 844//844 850//850
f 851//851 844//844 845//845
f 851//851 845//845 846//846
f 851//851 846//846 847//847
f 851//851 847//847 848//848
f 851//851 848//848 849//849
f 851//851 849//849 850//850
f 851//851 850//850 844//844
f 852//852 854//854 853//853
f 852//852 855//855 854//854
f 852//852 856//856 855//855
f 852//852 857//857 856//856
f 852//852 858//858 857//857
f 852//852 859//859 858//858
f 852//852 853//853 859//859
f 853//853 854//854 861//861
f 853//853 861//861 860//860
f 854//854 855//855 862//862
f 854//854 862//862 861//861
f 855//855 856//856 863//863
f 855//855 863//863 862//862
f 856//856 857//857 864//864
f 856//856 864//864 863//863
f 857//857 858//858 865//865
f 857//857 865//865 864//864
f 858//858 859//859 866//866
f 858//858 866//866 865//865
f 859//859 853//853 860//860
f 859//859 860//860 866//866
f 860//860 861//861 868//868
f 860//860 868//868 867//867
f 861//861 862//862 869//869
f 861//861 869//869 868//868
f 862//862 863//863 870//870
f 862//862 870//870 869//869
f 863//863 864//864 871//871
f 863//863 871//871 870//870
f 864//864 865//865 872//872
f 864//864 872//872 871//871
f 865//865 866//866 873//873
f 865//865 873//873 872//872
f 866//866 860//860 867//867
f 866//866 867//867 873//873
f 874//874 867//867 868//868
f 874//874 868//868 869//869
f 874//874 869//869 870//870
f 874//874 870//870 871//871
f 874//874 871//871 872//872
f 874//874 872//872 873//873
f 874//874 873//873 867//867
f 875//875 877//877 876//876
f 875//875 878//878 877//877
f 875//875 879//879 878//878
f 875//875 880//880 879//879
f 875//875 881//881 880//880
f 875//875 882//882 881//881
f 875//875 876//876 882//882
f 876//876 877//877 884//884
f 876//876 884//884 883//883
f 877//877 878//878 885//885
f 877//877 885//885 884//884
f 878//878 879//879 886//886
f 878//878 886//886 885//885
f 879//879 880//880 887//887
f 879//879 887//887 886//886
f 880//880 881//881 888//888
f 880//880 888//888 887//887
f 881//881 882//882 889//889
f 881//881 889//889 888//888
f 882//882 876//876 883//883
f 882//882 883//883 889//889
f 883//883 884//884 891//891
f 883//883 891//891 890//890
f 884//884 885//885 892//892
f 884//884 892//892 891//891
f 885//885 886//886 893//893
f 885//885 893//893 892//892
f 886//886 887//887 894//894
f 886//886 894//894 893//893
f 887//887 888//888 895//895
f 887//887 895//895 894//894
f 888//888 889//889 896//896
f 888//888 896//896 895//895
f 889//889 883//883 890//890
f 889//889 890//890 896//896
f 897//897 890//890 891//891
f 897//897 891//891 892//892
f 897//897 892//892 893//893
f 897//897 893//893 894//894
f 897//897 894//894 895//895
f 897//897 895//895 896//896
f 897//897 896//896 890//890
f 898//898 900//900 899//899
f 898//898 901//901 900//900
f 898//898 902//902 901//901
f 898//898 903//903 902//902
f 898//898 904//904 903//903
f 898//898 905//905 904//904
f 898//898 899//899 905//905
f 899//899 900//900 907//907
f 899//899 907//907 906//906
f 900//900 901//901 908//908
f 900//900 908//908 907//907
f 901//901 902//902 909//909
f 901//901 909//909 908//908
f 902//902 903//903 910//910
f 902//902 910//910 909//909
f 903//903 904//904 911//911
f 903//903 911//911 910//910
f 904//904 905//905 912//912
f 904//904 912//912 911//911
f 905//905 899//899 906//906
f 905//905 906//906 912//912
f 906//906 907//907 914//914
f 906//906 914//914 913//913
f 907//907 908//908 915//915
f 907//907 915//915 914//914
f 908//908 909//909 916//916
f 908//908 916//916 915//915
f 909//909 910//910 917//917
f 909//909 917//917 916//916
f 910//910 911//911 918//918
f 910//910 918//918 917//917
f 911//911 912//912 919//919
f 911//911 919//919 918//918
f 912//912 906//906 913//913
f 912//912 913//913 919//919
f 920//920 913//913 914//914
f 920//920 914//914 915//915
f 920//920 915//915 916//916
f 920//920 916//916 917//917
f 920//920 917//917 918//918
f 920//920 918//918 919//919
f 920//920 919//919 913//913
f 921//921 923//923 922//922
f 921//921 924//924 923//923
f 921//921 925//925 924//924
f 921//921 926//926 925//925
f 921//921 927//927 926//926
f 921//921 928//928 927//927
f 921//921 922//922 928//928
f 922//922 923//923 930//930
f 922//922 930//930 929//929
f 923//923 924//924 931//931
f 923//923 931//931 930//930
f 924//924 925//925 932//932
f 924//924 932//932 931//931
f 925//925 926//926 933//933
f 925//925 933//933 932//932
f 926//926 927//927 934//934
f 926//926 934//934 933//933
f 927//927 928//928 935//935
f 927//927 935//935 934//934
f 928//928 922//922 929//929
f 928//928 929//929 935//935
f 929//929 930//930 937//937
f 929//929 937//937 936//936
f 930//930 931//931 938//938
f 930//930 938//938 937//937
f 931//931 932//932 939//939
f 931//931 939//939 938//938
f 932//932 933//933 940//940
f 932//932 940//940 939//939
f 933//933 934//934 941//941
f 933//933 941//941 940//940
f 934//934 935//935 942//942
f 934//934 942//942 941//941
f 935//935 929//929 936//936
f 935//935 936//936 942//942
f 943//943 936//936 937//937
f 943//943 937//937 938//938
f 943//943 938//938 939//939
f 943//943 939//939 940//940
f 943//943 940//940 941//941
f 943//943 941//941 942//942
f 943//943 942//942 936//936
f 944//944 946//946 945//945
f 944//944 947//947 946//946
f 944//944 948//948 947//947
f 944//944 949//949 948//948
f 944//944 950//950 949//949
f 944//944 951//951 950//950
f 944//944 945//945 951//951
f 945//945 946//946 953//953
f 945//945 953//953 952//952
f 946//946 947//947 954//954
f 946//946 954//954 953//953
f 947//947 948//948 955//955
f 947//947 955//955 954//954
f 948//948 949//949 956//956
f 948//948 956//956 955//955
f 949//949 950//950 957//957
f 949//949 957//957 956//956
f 950//950 951//951 958//958
f 950//950 958//958 957//957
f 951//951 945//945 952//952
f 951//951 952//952 958//958
f 952//952 953//953 960//960
f 952//952 960//960 959//959
f 953//953 954//954 961//961
f 953//953 961//961 960//960
f 954//954 955//955 962//962
f 954//954 962//962 961//961
f 955//955 956//956 963//963
f 955//955 963//963 962//962
f 956//956 957//957 964//964
f 956//956 964//964 963//963
f 957//957 958//958 965//965
f 957//957 965//965 964//964
f 958//958 952//952 959//959
f 958//958 959//959 965//965
f 966//966 959//959 960//960
f 966//966 960//960 961//961
f 966//966 961//961 962//962
f 966//966 962//962 963//963
f 966//966 963//963 964//964
f 966//966 964//964 965//965
f 966//966 965//965 959//959
f 967//967 969//969 968//968
f 967//967 970//970 969//969
f 967//967 971//971 970//970
f 967//967 972//972 971//971
f 967//967 973//973 972//972
f 967//967 974//974 973//973
f 967//967 968//968 974//974
f 968//968 969//969 976//976
f 968//968 976//976 975//975
f 969//969 970//970 977//977
f 969//969 977//977 976//976
f 970//970 971//971 978//978
f 970//970 978//978 977//977
f 971//971 972//972 979//979
f 971//971 979//979 978//978
f 972//972 973//973 980//980
f 972//972 980//980 979//979
f 973//973 974//974 981//981
f 973//973 981//981 980//980
f 974//974 968//968 975//975
f 974//974 975//975 981//981
f 975//975 976//976 983//983
f 975//975 983//983 982//982
f 976//976 977//977 984//984
f 976//976 984//984 983//983
f 977//977 978//978 985//985
f 977//977 985//985 984//984
f 978//978 979//979 986//986
f 978//978 986//986 985//985
f 979//979 980//980 987//987
f 979//979 987//987 986//986
f 980//980 981//981 988//988
f 980//980 988//988 987//987
f 981//981 975//975 982//982
f 981//981 982//982 988//988
f 989//989 982//982 983//983
f 989//989 983//983 984//984
f 989//989 984//984 985//985
f 989//989 985//985 986//986
f 989//989 986//986 987//987
f 989//989 987//987 988//988
f 989//989 988//988 982//982
f 990//990 992//992 991//991
f 990//990 993//993 992//992
f 990//990 994//994 993//993
f 990//990 995//995 994//994
f 990//990 996//996 995//995
f 990//990 997//997 996//996
f 990//990 991//991 997//997
f 991//991 992//992 999//999
f 991//991 999//999 998//998
f 992//992 993//993 1000//1000
f 992//992 1000//1000 999//999
f 993//993 994//994 1001//1001
f 993//993 1001//1001 1000//1000
f 994//994 995//995 1002//1002
f 994//994 1002//1002 1001//1001
f 995//995 996//996 1003//1003
f 995//995 1003//1003 1002//1002
f 996//996 997//997 1004//1004
f 996//996 1004//1004 1003//1003
f 997//997 991//991 998//998
f 997//997 998//998 1004//1004
f 998//998 999//999 1006//1006
f 998//998 1006//1006 1005//1005
f 999//999 1000//1000 1007//1007
f 999//999 1007//1007 1006//1006
f 1000//1000 1001//1001 1008//1008
f 1000//1000 1008//1008 1007//1007
f 1001//1001 1002//1002 1009//1009
f 1001//1001 1009//1009 1008//1008
f 1002//1002 1003//1003 1010//1010
f 1002//1002 1010//1010 1009//1009
f 1003//1003 1004//1004 1011//1011
f 1003//1003 1011//1011 1010//1010
f 1004//1004 998//998 1005//1005
f 1004//1004 1005//1005 1011//1011
f 1012//1012 1005//1005 1006//1006
f 1012//1012 1006//1006 1007//1007
f 1012//1012 1007//1007 1008//1008
f 1012//1012 1008//1008 1009//1009
f 1012//1012 1009//1009 1010//1010
f 1012//1012 1010//1010 1011//1011
f 1012//1012 1011//1011 1005//1005
f 1013//1013 1015//1015 1014//1014
f 1013//1013 1016//1016 1015//1015
f 1013//1013 1017//1017 1016//1016
f 1013//1013 1018//1018 1017//1017
f 1013//1013 1019//1019 1018//1018
f 1013//1013 1020//1020 1019//1019
f 1013//1013 1014//1014 1020//1020
f 1014//1014 1015//1015 1022//1022
f 1014//1014 1022//1022 1021//1021
f 1015//1015 1016//1016 1023//1023
f 1015//1015 1023//1023 1022//1022
f 1016//1016 1017//1017 1024//1024
f 1016//1016 1024//1024 1023//1023
f 1017//1017 1018//1018 1025//1025
f 1017//1017 1025//1025 1024//1024
f 1018//1018 1019//1019 1026//1026
f 1018//1018 1026//1026 1025//1025
f 1019//1019 1020//1020 1027//1027
f 1019//1019 1027//1027 1026//1026
f 1020//1020 1014//1014 1021//1021
f 1020//1020 1021//1021 1027//1027
f 1021//1021 1022//1022 1029//1029
f 1021//1021 1029//1029 1028//1028
f 1022//1022 1023//1023 1030//1030
f 1022//1022 1030//1030 1029//1029
f 1023//1023 1024//1024 1031//1031
f 1023//1023 1031//1031 1030//1030
f 1024//1024 1025//1025 1032//1032
f 1024//1024 1032//1032 1031//1031
f 1025//1025 1026//1026 1033//1033
f 1025//1025 1033//1033 1032//1032
f 1026//1026 1027//1027 1034//1034
f 1026//1026 1034//1034 1033//1033
f 1027//1027 1021//1021 1028//1028
f 1027//1027 1028//1028 1034//1034
f 1035//1035 1028//1028 1029//1029
f 1035//1035 1029//1029 1030//1030
f 1035//1035 1030//1030 1031//1031
f 1035//1035 1031//1031 1032//1032
f 1035//1035 1032//1032 1033//1033
f 1035//1035 1033//1033 1034//1034
f 1035//1035 1034//1034 1028//1028
f 1036//1036 1038//1038 1037//1037
f 1036//1036 1039//1039 1038//1038
f 1036//1036 1040//1040 1039//1039
f 1036//1036 1041//1041 1040//1040
f 1036//1036 1042//1042 1041//1041
f 1036//1036 1043//1043 1042//1042
f 1036//1036 1037//1037 1043//1043
f 1037//1037 1038//1038 1045//1045
f 1037//1037 1045//1045 1044//1044
f 1038//1038 1039//1039 1046//1046
f 1038//1038 1046//1046 1045//1045
f 1039//1039 1040//1040 1047//1047
f 1039//1039 1047//1047 1046//1046
f 1040//1040 1041//1041 1048//1048
f 1040//1040 1048//1048 1047//1047
f 1041//1041 1042//1042 1049//1049
f 1041//1041 1049//1049 1048//1048
f 1042//1042 1043//1043 1050//1050
f 1042//1042 1050//1050 1049//1049
f 1043//1043 1037//1037 1044//1044
f 1043//1043 1044//1044 1050//1050
f 1044//1044 1045//1045 1052//1052
f 1044//1044 1052//1052 1051//1051
f 1045//1045 1046//1046 1053//1053
f 1045//1045 1053//1053 1052//1052
f 1046//1046 1047//1047 1054//1054
f 1046//1046 1054//1054 1053//1053
f 1047//1047 1048//1048 1055//1055
f 1047//1047 1055//1055 1054//1054
f 1048//1048 1049//1049 1056//1056
f 1048//1048 1056//1056 1055//1055
f 1049//1049 1050//1050 1057//1057
f 1049//1049 1057//1057 1056//1056
f 1050//1050 1044//1044 1051//1051
f 1050//1050 1051//1051 1057//1057
f 1058//1058 1051//1051 1052//1052
f 1058//1058 1052//1052 1053//1053
f 1058//1058 1053//1053 1054//1054
f 1058//1058 1054//1054 1055//1055
f 1058//1058 1055//1055 1056//1056
f 1058//1058 1056//1056 1057//1057
f 1058//1058 1057//1057 1051//1051
f 1059//1059 1061//1061 1060//1060
f 1059//1059 1062//1062 1061//1061
f 1059//1059 1063//1063 1062//1062
f 1059//1059 1064//1064 1063//1063
f 1059//1059 1065//1065 1064//1064
f 1059//1059 1066//1066 1065//1065
f 1059//1059 1060//1060 1066//1066
f 1060//1060 1061//1061 1068//1068
f 1060//1060 1068//1068 1067//1067
f 1061//1061 1062//1062 1069//1069
f 1061//1061 1069//1069 1068//1068
f 1062//1062 1063//1063 1070//1070
f 1062//1062 1070//1070 1069//1069
f 1063//1063 1064//1064 1071//1071
f 1063//1063 1071//1071 1070//1070
f 1064//1064 1065//1065 1072//1072
f 1064//1064 1072//1072 1071//1071
f 1065//1065 1066//1066 1073//1073
f 1065//1065 1073//1073 1072//1072
f 1066//1066 1060//1060 1067//1067
f 1066//1066 1067//1067 1073//1073
f 1067//1067 1068//1068 1075//1075
f 1067//1067 1075//1075 1074//1074
f 1068//1068 1069//1069 1076//1076
f 1068//1068 1076//1076 1075//1075
f 1069//1069 1070//1070 1077//1077
f 1069//1069 1077//1077 1076//1076
f 1070//1070 1071//1071 1078//1078
f 1070//1070 1078//1078 1077//1077
f 1071//1071 1072//1072 1079//1079
f 1071//1071 1079//1079 1078//1078
f 1072//1072 1073//1073 1080//1080
f 1072//1072 1080//1080 1079//1079
f 1073//1073 1067//1067 1074//1074
f 1073//1073 1074//1074 1080//1080
f 1081//1081 1074//1074 1075//1075
f 1081//1081 1075//1075 1076//1076
f 1081//1081 1076//1076 1077//1077
f 1081//1081 1077//1077 1078//1078
f 1081//1081 1078//1078 1079//1079
f 1081//1081 1079//1079 1080//1080
f 1081//1081 1080//1080 1074//1074
f 1082//1082 1084//1084 1083//1083
f 1082//1082 1085//1085 1084//1084
f 1082//1082 1086//1086 1085//1085
f 1082//1082 1087//1087 1086//1086
f 1082//1082 1088//1088 1087//1087
f 1082//1082 1089//1089 1088//1088
f 1082//1082 1083//1083 1089//1089
f 1083//1083 1084//1084 1091//1091
f 1083//1083 1091//1091 1090//1090
f 1084//1084 1085//1085 1092//1092
f 1084//1084 1092//1092 1091//1091
f 1085//1085 1086//1086 1093//1093
f 1085//1085 1093//1093 1092//1092
f 1086//1086 1087//1087 1094//1094
f 1086//1086 1094//1094 1093//1093
f 1087//1087 1088//1088 1095//1095
f 1087//1087 1095//1095 1094//1094
f 1088//1088 1089//1089 1096//1096
f 1088//1088 1096//1096 1095//1095
f 1089//1089 1083//1083 1090//1090
f 1089//1089 1090//1090 1096//1096
f 1090//1090 1091//1091 1098//1098
f 1090//1090 1098//1098 1097//1097
f 1091//1091 1092//1092 1099//1099
f 1091//1091 1099//1099 1098//1098
f 1092//1092 1093//1093 1100//1100
f 1092//1092 1100//1100 1099//1099
f 1093//1093 1094//1094 1101//1101
f 1093//1093 1101//1101 1100//1100
f 1094//1094 1095//1095 1102//1102
f 1094//1094 1102//1102 1101//1101
f 1095//1095 1096//1096 1103//1103
f 1095//1095 1103//1103 1102//1102
f 1096//1096 1090//1090 1097//1097
f 1096//1096 1097//1097 1103//1103
f 1104//1104 1097//1097 1098//1098
f 1104//1104 1098//1098 1099//1099
f 1104//1104 1099//1099 1100//1100
f 1104//1104 1100//1100 1101//1101
f 1104//1104 1101//1101 1102//1102
f 1104//1104 1102//1102 1103//1103
f 1104//1104 1103//1103 1097//1097
f 1105//1105 1107//1107 1106//1106
f 1105//1105 1108//1108 1107//1107
f 1105//1105 1109//1109 1108//1108
f 1105//1105 1110//1110 1109//1109
f 1105//1105 1111//1111 1110//1110
f 1105//1105 1112//1112 1111//1111
f 1105//1105 1106//1106 1112//1112
f 1106//1106 1107//1107 1114//1114
f 1106//1106 1114//1114 1113//1113
f 1107//1107 1108//1108 1115//1115
f 1107//1107 1115//1115 1114//1114
f 1108//1108 1109//1109 1116//1116
f 1108//1108 1116//1116 1115//1115
f 1109//1109 1110//1110 1117//1117
f 1109//1109 1117//1117 1116//1116
f 1110//1110 1111//1111 1118//1118
f 1110//1110 1118//1118 1117//1117
f 1111//1111 1112//1112 1119//1119
f 1111//1111 1119//1119 1118//1118
f 1112//1112 1106//1106 1113//1113
f 1112//1112 1113//1113 1119//1119
f 1113//1113 1114//1114 1121//1121
f 1113//1113 1121//1121 1120//1120
f 1114//1114 1115//1115 1122//1122
f 1114//1114 1122//1122 1121//1121
f 1115//1115 1116//1116 1123//1123
f 1115//1115 1123//1123 1122//1122
f 1116//1116 1117//1117 1124//1124
f 1116//1116 1124//1124 1123//1123
f 1117//1117 1118//1118 1125//1125
f 1117//1117 1125//1125 1124//1124
f 1118//1118 1119//1119 1126//1126
f 1118//1118 1126//1126 1125//1125
f 1119//1119 1113//1113 1120//1120
f 1119//1119 1120//1120 1126//1126
f 1127//1127 1120//1120 1121//1121
f 1127//1127 1121//1121 1122//1122
f 1127//1127 1122//1122 1123//1123
f 1127//1127 1123//1123 1124//1124
f 1127//1127 1124//1124 1125//1125
f 1127//1127 1125//1125 1126//1126
f 1127//1127 1126//1126 1120//1120
f 1128//1128 1130//1130 1129//1129
f 1128//1128 1131//1131 1130//1130
f 1128//1128 1132//1132 1131//1131
f 1128//1128 1133//1133 1132//1132
f 1128//1128 1134//1134 1133//1133
f 1128//1128 1135//1135 1134//1134
f 1128//1128 1129//1129 1135//1135
f 1129//1129 1130//1130 1137//1137
f 1129//1129 1137//1137 1136//1136
f 1130//1130 1131//1131 1138//1138
f 1130//1130 1138//1138 1137//1137
f 1131//1131 1132//1132 1139//1139
f 1131//1131 1139//1139 1138//1138
f 1132//1132 1133//1133 1140//1140
f 1132//1132 1140//1140 1139//1139
f 1133//1133 1134//1134 1141//1141
f 1133//1133 1141//1141 1140//1140
f 1134//1134 1135//1135 1142//1142
f 1134//1134 1142//1142 1141//1141
f 1135//1135 1129//1129 1136//1136
f 1135//1135 1136//1136 1142//1142
f 1136//1136 1137//1137 1144//1144
f 1136//1136 1144//1144 1143//1143
f 1137//1137 1138//1138 1145//1145
f 1137//1137 1145//1145 1144//1144
f 1138//1138 1139//1139 1146//1146
f 1138//1138 1146//1146 1145//1145
f 1139//1139 1140//1140 1147//1147
f 1139//1139 1147//1147 1146//1146
f 1140//1140 1141//1141 1148//1148
f 1140//1140 1148//1148 1147//1147
f 1141//1141 1142//1142 1149//1149
f 1141//1141 1149//1149 1148//1148
f 1142//1142 1136//1136 1143//1143
f 1142//1142 1143//1143 1149//1149
f 1150//1150 1143//1143 1144//1144
f 1150//1150 1144//1144 1145//1145
f 1150//1150 1145//1145 1146//1146
f 1150//1150 1146//1146 1147//1147
f 1150//1150 1147//1147 1148//1148
f 1150//1150 1148//1148 1149//1149
f 1150//1150 1149//1149 1143//1143
f 1151//1151 1153//1153 1152//1152
f 1151//1151 1154//1154 1153//1153
f 1151//1151 1155//1155 1154//1154
f 1151//1151 1156//1156 1155//1155
f 1151//1151 1157//1157 1156//1156
f 1151//1151 1158//1158 1157//1157
f 1151//1151 1152//1152 1158//1158
f 1152//1152 1153//1153 1160//1160
f 1152//1152 1160//1160 1159//1159
f 1153//1153 1154//1154 1161//1161
f 1153//1153 1161//1161 1160//1160
f 1154//1154 1155//1155 1162//1162
f 1154//1154 1162//1162 1161//1161
f 1155//1155 1156//1156 1163//1163
f 1155//1155 1163//1163 1162//1162
f 1156//1156 1157//1157 1164//1164
f 1156//1156 1164//1164 1163//1163
f 1157//1157 1158//1158 1165//1165
f 1157//1157 1165//1165 1164//1164
f 1158//1158 1152//1152 1159//1159
f 1158//1158 1159//1159 1165//1165
f 1159//1159 1160//1160 1167//1167
f 1159//1159 1167//1167 1166//1166
f 1160//1160 1161//1161 1168//1168
f 1160//1160 1168//1168 1167//1167
f 1161//1161 1162//1162 1169//1169
f 1161//1161 1169//1169 1168//1168
f 1162//1162 1163//1163 1170//1170
f 1162//1162 1170//1170 1169//1169
f 1163//1163 1164//1164 1171//1171
f 1163//1163 1171//1171 1170//1170
f 1164//1164 1165//1165 1172//1172
f 1164//1164 1172//1172 1171//1171
f 1165//1165 1159//1159 1166//1166
f 1165//1165 1166//1166 1172//1172
f 1173//1173 1166//1166 1167//1167
f 1173//1173 1167//1167 1168//1168
f 1173//1173 1168//1168 1169//1169
f 1173//1173 1169//1169 1170//1170
f 1173//1173 1170//1170 1171//1171
f 1173//1173 1171//1171 1172//1172
f 1173//1173 1172//1172 1166//1166
f 1174//1174 1176//1176 1175//1175
f 1174//1174 1177//1177 1176//1176
f 1174//1174 1178//1178 1177//1177
f 1174//1174 1179//1179 1178//1178
f 1174//1174 1180//1180 1179//1179
f 1174//1174 1181//1181 1180//1180
f 1174//1174 1175//1175 1181//1181
f 1175//1175 1176//1176 1183//1183
f 1175//1175 1183//1183 1182//1182
f 1176//1176 1177//1177 1184//1184
f 1176//1176 1184//1184 1183//1183
f 1177//1177 1178//1178 1185//1185
f 1177//1177 1185//1185 1184//1184
f 1178//1178 1179//1179 1186//1186
f 1178//1178 1186//1186 1185//1185
f 1179//1179 1180//1180 1187//1187
f 1179//1179 1187//1187 1186//1186
f 1180//1180 1181//1181 1188//1188
f 1180//1180 1188//1188 1187//1187
f 1181//1181 1175//1175 1182//1182
f 1181//1181 1182//1182 1188//1188
f 1182//1182 1183//1183 1190//1190
f 1182//1182 1190//1190 1189//1189
f 1183//1183 1184//1184 1191//1191
f 1183//1183 1191//1191 1190//1190
f 1184//1184 1185//1185 1192//1192
f 1184//1184 1192//1192 1191//1191
f 1185//1185 1186//1186 1193//1193
f 1185//1185 1193//1193 1192//1192
f 1186//1186 1187//1187 1194//1194
f 1186//1186 1194//1194 1193//1193
f 1187//1187 1188//1188 1195//1195
f 1187//1187 1195//1195 1194//1194
f 1188//1188 1182//1182 1189//1189
f 1188//1188 1189//1189 1195//1195
f 1196//1196 1189//1189 1190//1190
f 1196//1196 1190//1190 1191//1191
f 1196//1196 1191//1191 1192//1192
f 1196//1196 1192//1192 1193//1193
f 1196//1196 1193//1193 1194//1194
f 1196//1196 1194//1194 1195//1195
f 1196//1196 1195//1195 1189//1189
f 1197//1197 1199//1199 1198//1198
f 1197//1197 1200//1200 1199//1199
f 1197//1197 1201//1201 1200//1200
f 1197//1197 1202//1202 1201//1201
f 1197//1197 1203//1203 1202//1202
f 1197//1197 1204//1204 1203//1203
f 1197//1197 1198//1198 1204//1204
f 1198//1198 1199//1199 1206//1206
f 1198//1198 1206//1206 1205//1205
f 1199//1199 1200//1200 1207//1207
f 1199//1199 1207//1207 1206//1206
f 1200//1200 1201//1201 1208//1208
f 1200//1200 1208//1208 1207//1207
f 1201//1201 1202//1202 1209//1209
f 1201//1201 1209//1209 1208//1208
f 1202//1202 1203//1203 1210//1210
f 1202//1202 1210//1210 1209//1209
f 1203//1203 1204//1204 1211//1211
f 1203//1203 1211//1211 1210//1210
f 1204//1204 1198//1198 1205//1205
f 1204//1204 1205//1205 1211//1211
f 1205//1205 1206//1206 1213//1213
f 1205//1205 1213//1213 1212//1212
f 1206//1206 1207//1207 1214//1214
f 1206//1206 1214//1214 1213//1213
f 1207//1207 1208//1208 1215//1215
f 1207//1207 1215//1215 1214//1214
f 1208//1208 1209//1209 1216//1216
f 1208//1208 1216//1216 1215//1215
f 1209//1209 1210//1210 1217//1217
f 1209//1209 1217//1217 1216//1216
f 1210//1210 1211//1211 1218//1218
f 1210//1210 1218//1218 1217//1217
f 1211//1211 1205//1205 1212//1212
f 1211//1211 1212//1212 1218//1218
f 1219//1219 1212//1212 1213//1213
f 1219//1219 1213//1213 1214//1214
f 1219//1219 1214//1214 1215//1215
f 1219//1219 1215//1215 1216//1216
f 1219//1219 1216//1216 1217//1217
f 1219//1219 1217//1217 1218//1218
f 1219//1219 1218//1218 1212//1212
f 1220//1220 1222//1222 1221//1221
f 1220//1220 1223//1223 1222//1222
f 1220//1220 1224//1224 1223//1223
f 1220//1220 1225//1225 1224//1224
f 1220//1220 1226//1226 1225//1225
f 1220//1220 1227//1227 1226//1226
f 1220//1220 1221//1221 1227//1227
f 1221//1221 1222//1222 1229//1229
f 1221//1221 1229//1229 1228//1228
f 1222//1222 1223//1223 1230//1230
f 1222//1222 1230//1230 1229//1229
f 1223//1223 1224//1224 1231//1231
f 1223//1223 1231//1231 1230//1230
f 1224//1224 1225//1225 1232//1232
f 1224//1224 1232//1232 1231//1231
f 1225//1225 1226//1226 1233//1233
f 1225//1225 1233//1233 1232//1232
f 1226//1226 1227//1227 1234//1234
f 1226//1226 1234//1234 1233//1233
f 1227//1227 1221//1221 1228//1228
f 1227//1227 1228//1228 1234//1234
f 1228//1228 1229//1229 1236//1236
f 1228//1228 1236//1236 1235//1235
f 1229//1229 1230//1230 1237//1237
f 1229//1229 1237//1237 1236//1236
f 1230//1230 1231//1231 1238//1238
f 1230//1230 1238//1238 1237//1237
f 1231//1231 1232//1232 1239//1239
f 1231//1231 1239//1239 1238//1238
f 1232//1232 1233//1233 1240//1240
f 1232//1232 1240//1240 1239//1239
f 1233//1233 1234//1234 1241//1241
f 1233//1233 1241//1241 1240//1240
f 1234//1234 1228//1228 1235//1235
f 1234//1234 1235//1235 1241//1241
f 1242//1242 1235//1235 1236//1236
f 1242//1242 1236//1236 1237//1237
f 1242//1242 1237//1237 1238//1238
f 1242//1242 1238//1238 1239//1239
f 1242//1242 1239//1239 1240//1240
f 1242//1242 1240//1240 1241//1241
f 1242//1242 1241//1241 1235//1235
f 1243//1243 1245//1245 1244//1244
f 1243//1243 1246//1246 1245//1245
f 1243//1243 1247//1247 1246//1246
f 1243//1243 1248//1248 1247//1247
f 1243//1243 1249//1249 1248//1248
f 1243//1243 1250//1250 1249//1249
f 1243//1243 1244//1244 1250//1250
f 1244//1244 1245//1245 1252//1252
f 1244//1244 1252//1252 1251//1251
f 1245//1245 1246//1246 1253//1253
f 1245//1245 1253//1253 1252//1252
f 1246//1246 1247//1247 1254//1254
f 1246//1246 1254//1254 1253//1253
f 1247//1247 1248//1248 1255//1255
f 1247//1247 1255//1255 1254//1254
f 1248//1248 1249//1249 1256//1256
f 1248//1248 1256//1256 1255//1255
f 1249//1249 1250//1250 1257//1257
f 1249//1249 1257//1257 1256//1256
f 1250//1250 1244//1244 1251//1251
f 1250//1250 1251//1251 1257//1257
f 1251//1251 1252//1252 1259//1259
f 1251//1251 1259//1259 1258//1258
f 1252//1252 1253//1253 1260//1260
f 1252//1252 1260//1260 1259//1259
f 1253//1253 1254//1254 1261//1261
f 1253//1253 1261//1261 1260//1260
f 1254//1254 1255//1255 1262//1262
f 1254//1254 1262//1262 1261//1261
f 1255//1255 1256//1256 1263//1263
f 1255//1255 1263//1263 1262//1262
f 1256//1256 1257//1257 1264//1264
f 1256//1256 1264//1264 1263//1263
f 1257//1257 1251//1251 1258//1258
f 1257//1257 1258//1258 1264//1264
f 1265//1265 1258//1258 1259//1259
f 1265//1265 1259//1259 1260//1260
f 1265//1265 1260//1260 1261//1261
f 1265//1265 1261//1261 1262//1262
f 1265//1265 1262//1262 1263//1263
f 1265//1265 1263//1263 1264//1264
f 1265//1265 1264//1264 1258//1258
f 1266//1266 1268//1268 1267//1267
f 1266//1266 1269//1269 1268//1268
f 1266//1266 1270//1270 1269//1269
f 1266//1266 1271//1271 1270//1270
f 1266//1266 1272//1272 1271//1271
f 1266//1266 1273//1273 1272//1272
f 1266//1266 1267//1267 1273//1273
f 1267//1267 1268//1268 1275//1275
f 1267//1267 1275//1275 1274//1274
f 1268//1268 1269//1269 1276//1276
f 1268//1268 1276//1276 1275//1275
f 1269//1269 1270//1270 1277//1277
f 1269//1269 1277//1277 1276//1276
f 1270//1270 1271//1271 1278//1278
f 1270//1270 1278//1278 1277//1277
f 1271//1271 1272//1272 1279//1279
f 1271//1271 1279//1279 1278//1278
f 1272//1272 1273//1273 1280//1280
f 1272//1272 1280//1280 1279//1279
f 1273//1273 1267//1267 1274//1274
f 1273//1273 1274//1274 1280//1280
f 1274//1274 1275//1275 1282//1282
f 1274//1274 1282//1282 1281//1281
f 1275//1275 1276//1276 1283//1283
f 1275//1275 1283//1283 1282//1282
f 1276//1276 1277//1277 1284//1284
f 1276//1276 1284//1284 1283//1283
f 1277//1277 1278//1278 1285//1285
f 1277//1277 1285//1285 1284//1284
f 1278//1278 1279//1279 1286//1286
f 1278//1278 1286//1286 1285//1285
f 1279//1279 1280//1280 1287//1287
f 1279//1279 1287//1287 1286//1286
f 1280//1280 1274//1274 1281//1281
f 1280//1280 1281//1281 1287//1287
f 1288//1288 1281//1281 1282//1282
f 1288//1288 1282//1282 1283//1283
f 1288//1288 1283//1283 1284//1284
f 1288//1288 1284//1284 1285//1285
f 1288//1288 1285//1285 1286//1286
f 1288//1288 1286//1286 1287//1287
f 1288//1288 1287//1287 1281//1281
f 1289//1289 1291//1291 1290//1290
f 1289//1289 1292//1292 1291//1291
f 1289//1289 1293//1293 1292//1292
f 1289//1289 1294//1294 1293//1293
f 1289//1289 1295//1295 1294//1294
f 1289//1289 1296//1296 1295//1295
f 1289//1289 1290//1290 1296//1296
f 1290//1290 1291//1291 1298//1298
f 1290//1290 1298//1298 1297//1297
f 1291//1291 1292//1292 1299//1299
f 1291//1291 1299//1299 1298//1298
f 1292//1292 1293//1293 1300//1300
f 1292//1292 1300//1300 1299//1299
f 1293//1293 1294//1294 1301//1301
f 1293//1293 1301//1301 1300//1300
f 1294//1294 1295//1295 1302//1302
f 1294//1294 1302//1302 1301//1301
f 1295//1295 1296//1296 1303//1303
f 1295//1295 1303//1303 1302//1302
f 1296//1296 1290//1290 1297//1297
f 1296//1296 1297//1297 1303//1303
f 1297//1297 1298//1298 1305//1305
f 1297//1297 1305//1305 1304//1304
f 1298//1298 1299//1299 1306//1306
f 1298//1298 1306//1306 1305//1305
f 1299//1299 1300//1300 1307//1307
f 1299//1299 1307//1307 1306//1306
f 1300//1300 1301//1301 1308//1308
f 1300//1300 1308//1308 1307//1307
f 1301//1301 1302//1302 1309//1309
f 1301//1301 1309//1309 1308//1308
f 1302//1302 1303//1303 1310//1310
f 1302//1302 1310//1310 1309//1309
f 1303//1303 1297//1297 1304//1304
f 1303//1303 1304//1304 1310//1310
f 1311//1311 1304//1304 1305//1305
f 1311//1311 1305//1305 1306//1306
f 1311//1311 1306//1306 1307//1307
f 1311//1311 1307//1307 1308//1308
f 1311//1311 1308//1308 1309//1309
f 1311//1311 1309//1309 1310//1310
f 1311//1311 1310//1310 1304//1304
f 1312//1312 1314//1314 1313//1313
f 1312//1312 1315//1315 1314//1314
f 1312//1312 1316//1316 1315//1315
f 1312//1312 1317//1317 1316//1316
f 1312//1312 1318//1318 1317//1317
f 1312//1312 1319//1319 1318//1318
f 1312//1312 1313//1313 1319//1319
f 1313//1313 1314//1314 1321//1321
f 1313//1313 1321//1321 1320//1320
f 1314//1314 1315//1315 1322//1322
f 1314//1314 1322//1322 1321//1321
f 1315//1315 1316//1316 1323//1323
f 1315//1315 1323//1323 1322//1322
f 1316//1316 1317//1317 1324//1324
f 1316//1316 1324//1324 1323//1323
f 1317//1317 1318//1318 1325//1325
f 1317//1317 1325//1325 1324//1324
f 1318//1318 1319//1319 1326//1326
f 1318//1318 1326//1326 1325//1325
f 1319//1319 1313//1313 1320//1320
f 1319//1319 1320//1320 1326//1326
f 1320//1320 1321//1321 1328//1328
f 1320//1320 1328//1328 1327//1327
f 1321//1321 1322//1322 1329//1329
f 1321//1321 1329//1329 1328//1328
f 1322//1322 1323//1323 1330//1330
f 1322//1322 1330//1330 1329//1329
f 1323//1323 1324//1324 1331//1331
f 1323//1323 1331//1331 1330//1330
f 1324//1324 1325//1325 1332//1332
f 1324//1324 1332//1332 1331//1331
f 1325//1325 1326//1326 1333//1333
f 1325//1325 1333//1333 1332//1332
f 1326//1326 1320//1320 1327//1327
f 1326//1326 1327//1327 1333//1333
f 1334//1334 1327//1327 1328//1328
f 1334//1334 1328//1328 1329//1329
f 1334//1334 1329//1329 1330//1330
f 1334//1334 1330//1330 1331//1331
f 1334//1334 1331//1331 1332//1332
f 1334//1334 1332//1332 1333//1333
f 1334//1334 1333//1333 1327//1327
f 1335//1335 1337//1337 1336//1336
f 1335//1335 1338//1338 1337//1337
f 1335//1335 1339//1339 1338//1338
f 1335//1335 1340//1340 1339//1339
f 1335//1335 1341//1341 1340//1340
f 1335//1335 1342//1342 1341//1341
f 1335//1335 1336//1336 1342//1342
f 1336//1336 1337//1337 1344//1344
f 1336//1336 1344//1344 1343//1343
f 1337//1337 1338//1338 1345//1345
f 1337//1337 1345//1345 1344//1344
f 1338//1338 1339//1339 1346//1346
f 1338//1338 1346//1346 1345//1345
f 1339//1339 1340//1340 1347//1347
f 1339//1339 1347//1347 1346//1346
f 1340//1340 1341//1341 1348//1348
f 1340//1340 1348//1348 1347//1347
f 1341//1341 1342//1342 1349//1349
f 1341//1341 1349//1349 1348//1348
f 1342//1342 1336//1336 1343//1343
f 1342//1342 1343//1343 1349//1349
f 1343//1343 1344//1344 1351//1351
f 1343//1343 1351//1351 1350//1350
f 1344//1344 1345//1345 1352//1352
f 1344//1344 1352//1352 1351//1351
f 1345//1345 1346//1346 1353//1353
f 1345//1345 1353//1353 1352//1352
f 1346//1346 1347//1347 1354//1354
f 1346//1346 1354//1354 1353//1353
f 1347//1347 1348//1348 1355//1355
f 1347//1347 1355//1355 1354//1354
f 1348//1348 1349//1349 1356//1356
f 1348//1348 1356//1356 1355//1355
f 1349//1349 1343//1343 1350//1350
f 1349//1349 1350//1350 1356//1356
f 1357//1357 1350//1350 1351//1351
f 1357//1357 1351//1351 1352//1352
f 1357//1357 1352//1352 1353//1353
f 1357//1357 1353//1353 1354//1354
f 1357//1357 1354//1354 1355//1355
f 1357//1357 1355//1355 1356//1356
f 1357//1357 1356//1356 1350//1350
f 1358//1358 1360//1360 1359//1359
f 1358//1358 1361//1361 1360//1360
f 1358//1358 1362//1362 1361//1361
f 1358//1358 1363//1363 1362//1362
f 1358//1358 1364//1364 1363//1363
f 1358//1358 1365//1365 1364//1364
f 1358//1358 1359//1359 1365//1365
f 1359//1359 1360//1360 1367//1367
f 1359//1359 1367//1367 1366//1366
f 1360//1360 1361//1361 1368//1368
f 1360//1360 1368//1368 1367//1367
f 1361//1361 1362//1362 1369//1369
f 1361//1361 1369//1369 1368//1368
f 1362//1362 1363//1363 1370//1370
f 1362//1362 1370//1370 1369//1369
f 1363//1363 1364//1364 1371//1371
f 1363//1363 1371//1371 1370//1370
f 1364//1364 1365//1365 1372//1372
f 1364//1364 1372//1372 1371//1371
f 1365//1365 1359//1359 1366//1366
f 1365//1365 1366//1366 1372//1372
f 1366//1366 1367//1367 1374//1374
f 1366//1366 1374//1374 1373//1373
f 1367//1367 1368//1368 1375//1375
f 1367//1367 1375//1375 1374//1374
f 1368//1368 1369//1369 1376//1376
f 1368//1368 1376//1376 1375//1375
f 1369//1369 1370//1370 1377//1377
f 1369//1369 1377//1377 1376//1376
f 1370//1370 1371//1371 1378//1378
f 1370//1370 1378//1378 1377//1377
f 1371//1371 1372//1372 1379//1379
f 1371//1371 1379//1379 1378//1378
f 1372//1372 1366//1366 1373//1373
f 1372//1372 1373//1373 1379//1379
f 1380//1380 1373//1373 1374//1374
f 1380//1380 1374//1374 1375//1375
f 1380//1380 1375//1375 1376//1376
f 1380//1380 1376//1376 1377//1377
f 1380//1380 1377//1377 1378//1378
f 1380//1380 1378//1378 1379//1379
f 1380//1380 1379//1379 1373//1373
f 1381//1381 1383//1383 1382//1382
f 1381//1381 1384//1384 1383//1383
f 1381//1381 1385//1385 1384//1384
f 1381//1381 1386//1386 1385//1385
f 1381//1381 1387//1387 1386//1386
f 1381//1381 1388//1388 1387//1387
f 1381//1381 1382//1382 1388//1388
f 1382//1382 1383//1383 1390//1390
f 1382//1382 1390//1390 1389//1389
f 1383//1383 1384//1384 1391//1391
f 1383//1383 1391//1391 1390//1390
f 1384//1384 1385//1385 1392//1392
f 1384//1384 1392//1392 1391//1391
f 1385//1385 1386//1386 1393//1393
f 1385//1385 1393//1393 1392//1392
f 1386//1386 1387//1387 1394//1394
f 1386//1386 1394//1394 1393//1393
f 1387//1387 1388//1388 1395//1395
f 1387//1387 1395//1395 1394//1394
f 1388//1388 1382//1382 1389//1389
f 1388//1388 1389//1389 1395//1395
f 1389//1389 1390//1390 1397//1397
f 1389//1389 1397//1397 1396//1396
f 1390//1390 1391//1391 1398//1398
f 1390//1390 1398//1398 1397//1397
f 1391//1391 1392//1392 1399//1399
f 1391//1391 1399//1399 1398//1398
f 1392//1392 1393//1393 1400//1400
f 1392//1392 1400//1400 1399//1399
f 1393//1393 1394//1394 1401//1401
f 1393//1393 1401//1401 1400//1400
f 1394//1394 1395//1395 1402//1402
f 1394//1394 1402//1402 1401//1401
f 1395//1395 1389//1389 1396//1396
f 1395//1395 1396//1396 1402//1402
f 1403//1403 1396//1396 1397//1397
f 1403//1403 1397//1397 1398//1398
f 1403//1403 1398//1398 1399//1399
f 1403//1403 1399//1399 1400//1400
f 1403//1403 1400//1400 1401//1401
f 1403//1403 1401//1401 1402//1402
f 1403//1403 1402//1402 1396//1396
f 1404//1404 1406//1406 1405//1405
f 1404//1404 1407//1407 1406//1406
f 1404//1404 1408//1408 1407//1407
f 1404//1404 1409//1409 1408//1408
f 1404//1404 1410//1410 1409//1409
f 1404//1404 1411//1411 1410//1410
f 1404//1404 1405//1405 1411//1411
f 1405//1405 1406//1406 1413//1413
f 1405//1405 1413//1413 1412//1412
f 1406//1406 1407//1407 1414//1414
f 1406//1406 1414//1414 1413//1413
f 1407//1407 1408//1408 1415//1415
f 1407//1407 1415//1415 1414//1414
f 1408//1408 1409//1409 1416//1416
f 1408//1408 1416//1416 1415//1415
f 1409//1409 1410//1410 1417//1417
f 1409//1409 1417//1417 1416//1416
f 1410//1410 1411//1411 1418//1418
f 1410//1410 1418//1418 1417//1417
f 1411//1411 1405//1405 1412//1412
f 1411//1411 1412//1412 1418//1418
f 1412//1412 1413//1413 1420//1420
f 1412//1412 1420//1420 1419//1419
f 1413//1413 1414//1414 1421//1421
f 1413//1413 1421//1421 1420//1420
f 1414//1414 1415//1415 1422//1422
f 1414//1414 1422//1422 1421//1421
f 1415//1415 1416//1416 1423//1423
f 1415//1415 1423//1423 1422//1422
f 1416//1416 1417//1417 1424//1424
f 1416//1416 1424//1424 1423//1423
f 1417//1417 1418//1418 1425//1425
f 1417//1417 1425//1425 1424//1424
f 1418//1418 1412//1412 1419//1419
f 1418//1418 1419//1419 1425//1425
f 1426//1426 1419//1419 1420//1420
f 1426//1426 1420//1420 1421//1421
f 1426//1426 1421//1421 1422//1422
f 1426//1426 1422//1422 1423//1423
f 1426//1426 1423//1423 1424//1424
f 1426//1426 1424//1424 1425//1425
f 1426//1426 1425//1425 1419//1419
f 1427//1427 1429//1429 1428//1428
f 1427//1427 1430//1430 1429//1429
f 1427//1427 1431//1431 1430//1430
f 1427//1427 1432//1432 1431//1431
f 1427//1427 1433//1433 1432//1432
f 1427//1427 1434//1434 1433//1433
f 1427//1427 1428//1428 1434//1434
f 1428//1428 1429//1429 1436//1436
f 1428//1428 1436//1436 1435//1435
f 1429//1429 1430//1430 1437//1437
f 1429//1429 1437//1437 1436//1436
f 1430//1430 1431//1431 1438//1438
f 1430//1430 1438//1438 1437//1437
f 1431//1431 1432//1432 1439//1439
f 1431//1431 1439//1439 1438//1438
f 1432//1432 1433//1433 1440//1440
f 1432//1432 1440//1440 1439//1439
f 1433//1433 1434//1434 1441//1441
f 1433//1433 1441//1441 1440//1440
f 1434//1434 1428//1428 1435//1435
f 1434//1434 1435//1435 1441//1441
f 1435//1435 1436//1436 1443//1443
f 1435//1435 1443//1443 1442//1442
f 1436//1436 1437//1437 1444//1444
f 1436//1436 1444//1444 1443//1443
f 1437//1437 1438//1438 1445//1445
f 1437//1437 1445//1445 1444//1444
f 1438//1438 1439//1439 1446//1446
f 1438//1438 1446//1446 1445//1445
f 1439//1439 1440//1440 1447//1447
f 1439//1439 1447//1447 1446//1446
f 1440//1440 1441//1441 1448//1448
f 1440//1440 1448//1448 1447//1447
f 1441//1441 1435//1435 1442//1442
f 1441//1441 1442//1442 1448//1448
f 1449//1449 1442//1442 1443//1443
f 1449//1449 1443//1443 1444//1444
f 1449//1449 1444//1444 1445//1445
f 1449//1449 1445//1445 1446//1446
f 1449//1449 1446//1446 1447//1447
f 1449//1449 1447//1447 1448//1448
f 1449//1449 1448//1448 1442//1442
f 1450//1450 1452//1452 1451//1451
f 1450//1450 1453//1453 1452//1452
f 1450//1450 1454//1454 1453//1453
f 1450//1450 1455//1455 1454//1454
f 1450//1450 1456//1456 1455//1455
f 1450//1450 1457//1457 1456//1456
f 1450//1450 1451//1451 1457//1457
f 1451//1451 1452//1452 1459//1459
f 1451//1451 1459//1459 1458//1458
f 1452//1452 1453//1453 1460//1460
f 1452//1452 1460//1460 1459//1459
f 1453//1453 1454//1454 1461//1461
f 1453//1453 1461//1461 1460//1460
f 1454//1454 1455//1455 1462//1462
f 1454//1454 1462//1462 1461//1461
f 1455//1455 1456//1456 1463//1463
f 1455//1455 1463//1463 1462//1462
f 1456//1456 1457//1457 1464//1464
f 1456//1456 1464//1464 1463//1463
f 1457//1457 1451//1451 1458//1458
f 1457//1457 1458//1458 1464//1464
f 1458//1458 1459//1459 1466//1466
f 1458//1458 1466//1466 1465//1465
f 1459//1459 1460//1460 1467//1467
f 1459//1459 1467//1467 1466//1466
f 1460//1460 1461//1461 1468//1468
f 1460//1460 1468//1468 1467//1467
f 1461//1461 1462//1462 1469//1469
f 1461//1461 1469//1469 1468//1468
f 1462//1462 1463//1463 1470//1470
f 1462//1462 1470//1470 1469//1469
f 1463//1463 1464//1464 1471//1471
f 1463//1463 1471//1471 1470//1470
f 1464//1464 1458//1458 1465//1465
f 1464//1464 1465//1465 1471//1471
f 1472//1472 1465//1465 1466//1466
f 1472//1472 1466//1466 1467//1467
f 1472//1472 1467//1467 1468//1468
f 1472//1472 1468//1468 1469//1469
f 1472//1472 1469//1469 1470//1470
f 1472//1472 1470//1470 1471//1471
f 1472//1472 1471//1471 1465//1465
f 1473//1473 1475//1475 1474//1474
f 1473//1473 1476//1476 1475//1475
f 1473//1473 1477//1477 1476//1476
f 1473//1473 1478//1478 1477//1477
f 1473//1473 1479//1479 1478//1478
f 1473//1473 1480//1480 1479//1479
f 1473//1473 1474//1474 1480//1480
f 1474//1474 1475//1475 1482//1482
f 1474//1474 1482//1482 1481//1481
f 1475//1475 1476//1476 1483//1483
f 1475//1475 1483//1483 1482//1482
f 1476//1476 1477//1477 1484//1484
f 1476//1476 1484//1484 1483//1483
f 1477//1477 1478//1478 1485//1485
f 1477//1477 1485//1485 1484//1484
f 1478//1478 1479//1479 1486//1486
f 1478//1478 1486//1486 1485//1485
f 1479//1479 1480//1480 1487//1487
f 1479//1479 1487//1487 1486//1486
f 1480//1480 1474//1474 1481//1481
f 1480//1480 1481//1481 1487//1487
f 1481//1481 1482//1482 1489//1489
f 1481//1481 1489//1489 1488//1488
f 1482//1482 1483//1483 1490//1490
f 1482//1482 1490//1490 1489//1489
f 1483//1483 1484//1484 1491//1491
f 1483//1483 1491//1491 1490//1490
f 1484//1484 1485//1485 1492//1492
f 1484//1484 1492//1492 1491//1491
f 1485//1485 1486//1486 1493//1493
f 1485//1485 1493//1493 1492//1492
f 1486//1486 1487//1487 1494//1494
f 1486//1486 1494//1494 1493//1493
f 1487//1487 1481//1481 1488//1488
f 1487//1487 1488//1488 1494//1494
f 1495//1495 1488//1488 1489//1489
f 1495//1495 1489//1489 1490//1490
f 1495//1495 1490//1490 1491//1491
f 1495//1495 1491//1491 1492//1492
f 1495//1495 1492//1492 1493//1493
f 1495//1495 1493//1493 1494//1494
f 1495//1495 1494//1494 1488//1488
f 1496//1496 1498//1498 1497//1497
f 1496//1496 1499//1499 1498//1498
f 1496//1496 1500//1500 1499//1499
f 1496//1496 1501//1501 1500//1500
f 1496//1496 1502//1502 1501//1501
f 1496//1496 1503//1503 1502//1502
f 1496//1496 1497//1497 1503//1503
f 1497//1497 1498//1498 1505//1505
f 1497//1497 1505//1505 1504//1504
f 1498//1498 1499//1499 1506//1506
f 1498//1498 1506//1506 1505//1505
f 1499//1499 1500//1500 1507//1507
f 1499//1499 1507//1507 1506//1506
f 1500//1500 1501//1501 1508//1508
f 1500//1500 1508//1508 1507//1507
f 1501//1501 1502//1502 1509//1509
f 1501//1501 1509//1509 1508//1508
f 1502//1502 1503//1503 1510//1510
f 1502//1502 1510//1510 1509//1509
f 1503//1503 1497//1497 1504//1504
f 1503//1503 1504//1504 1510//1510
f 1504//1504 1505//1505 1512//1512
f 1504//1504 1512//1512 1511//1511
f 1505//1505 1506//1506 1513//1513
f 1505//1505 1513//1513 1512//1512
f 1506//1506 1507//1507 1514//1514
f 1506//1506 1514//1514 1513//1513
f 1507//1507 1508//1508 1515//1515
f 1507//1507 1515//1515 1514//1514
f 1508//1508 1509//1509 1516//1516
f 1508//1508 1516//1516 1515//1515
f 1509//1509 1510//1510 1517//1517
f 1509//1509 1517//1517 1516//1516
f 1510//1510 1504//1504 1511//1511
f 1510//1510 1511//1511 1517//1517
f 1518//1518 1511//1511 1512//1512
f 1518//1518 1512//1512 1513//1513
f 1518//1518 1513//1513 1514//1514
f 1518//1518 1514//1514 1515//1515
f 1518//1518 1515//1515 1516//1516
f 1518//1518 1516//1516 1517//1517
f 1518//1518 1517//1517 1511//1511
f 1519//1519 1521//1521 1520//1520
f 1519//1519 1522//1522 1521//1521
f 1519//1519 1523//1523 1522//1522
f 1519//1519 1524//1524 1523//1523
f 1519//1519 1525//1525 1524//1524
f 1519//1519 1526//1526 1525//1525
f 1519//1519 1520//1520 1526//1526
f 1520//1520 1521//1521 1528//1528
f 1520//1520 1528//1528 1527//1527
f 1521//1521 1522//1522 1529//1529
f 1521//1521 1529//1529 1528//1528
f 1522//1522 1523//1523 1530//1530
f 1522//1522 1530//1530 1529//1529
f 1523//1523 1524//1524 1531//1531
f 1523//1523 1531//1531 1530//1530
f 1524//1524 1525//1525 1532//1532
f 1524//1524 1532//1532 1531//1531
f 1525//1525 1526//1526 1533//1533
f 1525//1525 1533//1533 1532//1532
f 1526//1526 1520//1520 1527//1527
f 1526//1526 1527//1527 1533//1533
f 1527//1527 1528//1528 1535//1535
f 1527//1527 1535//1535 1534//1534
f 1528//1528 1529//1529 1536//1536
f 1528//1528 1536//1536 1535//1535
f 1529//1529 1530//1530 1537//1537
f 1529//1529 1537//1537 1536//1536
f 1530//1530 1531//1531 1538//1538
f 1530//1530 1538//1538 1537//1537
f 1531//1531 1532//1532 1539//1539
f 1531//1531 1539//1539 1538//1538
f 1532//1532 1533//1533 1540//1540
f 1532//1532 1540//1540 1539//1539
f 1533//1533 1527//1527 1534//1534
f 1533//1533 1534//1534 1540//1540
f 1541//1541 1534//1534 1535//1535
f 1541//1541 1535//1535 1536//1536
f 1541//1541 1536//1536 1537//1537
f 1541//1541 1537//1537 1538//1538
f 1541//1541 1538//1538 1539//1539
f 1541//1541 1539//1539 1540//1540
f 1541//1541 1540//1540 1534//1534
f 1542//1542 1544//1544 1543//1543
f 1542//1542 1545//1545 1544//1544
f 1542//1542 1546//1546 1545//1545
f 1542//1542 1547//1547 1546//1546
f 1542//1542 1548//1548 1547//1547
f 1542//1542 1549//1549 1548//1548
f 1542//1542 1543//1543 1549//1549
f 1543//1543 1544//1544 1551//1551
f 1543//1543 1551//1551 1550//1550
f 1544//1544 1545//1545 1552//1552
f 1544//1544 1552//1552 1551//1551
f 1545//1545 1546//1546 1553//1553
f 1545//1545 1553//1553 1552//1552
f 1546//1546 1547//1547 1554//1554
f 1546//1546 1554//1554 1553//1553
f 1547//1547 1548//1548 1555//1555
f 1547//1547 1555//1555 1554//1554
f 1548//1548 1549//1549 1556//1556
f 1548//1548 1556//1556 1555//1555
f 1549//1549 1543//1543 1550//1550
f 1549//1549 1550//1550 1556//1556
f 1550//1550 1551//1551 1558//1558
f 1550//1550 1558//1558 1557//1557
f 1551//1551 1552//1552 1559//1559
f 1551//1551 1559//1559 1558//1558
f 1552//1552 1553//1553 1560//1560
f 1552//1552 1560//1560 1559//1559
f 1553//1553 1554//1554 1561//1561
f 1553//1553 1561//1561 1560//1560
f 1554//1554 1555//1555 1562//1562
f 1554//1554 1562//1562 1561//1561
f 1555//1555 1556//1556 1563//1563
f 1555//1555 1563//1563 1562//1562
f 1556//1556 1550//1550 1557//1557
f 1556//1556 1557//1557 1563//1563
f 1564//1564 1557//1557 1558//1558
f 1564//1564 1558//1558 1559//1559
f 1564//1564 1559//1559 1560//1560
f 1564//1564 1560//1560 1561//1561
f 1564//1564 1561//1561 1562//1562
f 1564//1564 1562//1562 1563//1563
f 1564//1564 1563//1563 1557//1557
f 1565//1565 1567//1567 1566//1566
f 1565//1565 1568//1568 1567//1567
f 1565//1565 1569//1569 1568//1568
f 1565//1565 1570//1570 1569//1569
f 1565//1565 1571//1571 1570//1570
f 1565//1565 1572//1572 1571//1571
f 1565//1565 1566//1566 1572//1572
f 1566//1566 1567//1567 1574//1574
f 1566//1566 1574//1574 1573//1573
f 1567//1567 1568//1568 1575//1575
f 1567//1567 1575//1575 1574//1574
f 1568//1568 1569//1569 1576//1576
f 1568//1568 1576//1576 1575//1575
f 1569//1569 1570//1570 1577//1577
f 1569//1569 1577//1577 1576//1576
f 1570//1570 1571//1571 1578//1578
f 1570//1570 1578//1578 1577//1577
f 1571//1571 1572//1572 1579//1579
f 1571//1571 1579//1579 1578//1578
f 1572//1572 1566//1566 1573//1573
f 1572//1572 1573//1573 1579//1579
f 1573//1573 1574//1574 1581//1581
f 1573//1573 1581//1581 1580//1580
f 1574//1574 1575//1575 1582//1582
f 1574//1574 1582//1582 1581//1581
f 1575//1575 1576//1576 1583//1583
f 1575//1575 1583//1583 1582//1582
f 1576//1576 1577//1577 1584//1584
f 1576//1576 1584//1584 1583//1583
f 1577//1577 1578//1578 1585//1585
f 1577//1577 1585//1585 1584//1584
f 1578//1578 1579//1579 1586//1586
f 1578//1578 1586//1586 1585//1585
f 1579//1579 1573//1573 1580//1580
f 1579//1579 1580//1580 1586//1586
f 1587//1587 1580//1580 1581//1581
f 1587//1587 1581//1581 1582//1582
f 1587//1587 1582//1582 1583//1583
f 1587//1587 1583//1583 1584//1584
f 1587//1587 1584//1584 1585//1585
f 1587//1587 1585//1585 1586//1586
f 1587//1587 1586//1586 1580//1580
f 1588//1588 1590//1590 1589//1589
f 1588//1588 1591//1591 1590//1590
f 1588//1588 1592//1592 1591//1591
f 1588//1588 1593//1593 1592//1592
f 1588//1588 1594//1594 1593//1593
f 1588//1588 1595//1595 1594//1594
f 1588//1588 1589//1589 1595//1595
f 1589//1589 1590//1590 1597//1597
f 1589//1589 1597//1597 1596//1596
f 1590//1590 1591//1591 1598//1598
f 1590//1590 1598//1598 1597//1597
f 1591//1591 1592//1592 1599//1599
f 1591//1591 1599//1599 1598//1598
f 1592//1592 1593//1593 1600//1600
f 1592//1592 1600//1600 1599//1599
f 1593//1593 1594//1594 1601//1601
f 1593//1593 1601//1601 1600//1600
f 1594//1594 1595//1595 1602//1602
f 1594//1594 1602//1602 1601//1601
f 1595//1595 1589//1589 1596//1596
f 1595//1595 1596//1596 1602//1602
f 1596//1596 1597//1597 1604//1604
f 1596//1596 1604//1604 1603//1603
f 1597//1597 1598//1598 1605//1605
f 1597//1597 1605//1605 1604//1604
f 1598//1598 1599//1599 1606//1606
f 1598//1598 1606//1606 1605//1605
f 1599//1599 1600//1600 1607//1607
f 1599//1599 1607//1607 1606//1606
f 1600//1600 1601//1601 1608//1608
f 1600//1600 1608//1608 1607//1607
f 1601//1601 1602//1602 1609//1609
f 1601//1601 1609//1609 1608//1608
f 1602//1602 1596//1596 1603//1603
f 1602//1602 1603//1603 1609//1609
f 1610//1610 1603//1603 1604//1604
f 1610//1610 1604//1604 1605//1605
f 1610//1610 1605//1605 1606//1606
f 1610//1610 1606//1606 1607//1607
f 1610//1610 1607//1607 1608//1608
f 1610//1610 1608//1608 1609//1609
f 1610//1610 1609//1609 1603//1603
f 1611//1611 1613//1613 1612//1612
f 1611//1611 1614//1614 1613//1613
f 1611//1611 1615//1615 1614//1614
f 1611//1611 1616//1616 1615//1615
f 1611//1611 1617//1617 1616//1616
f 1611//1611 1618//1618 1617//1617
f 1611//1611 1612//1612 1618//1618
f 1612//1612 1613//1613 1620//1620
f 1612//1612 1620//1620 1619//1619
f 1613//1613 1614//1614 1621//1621
f 1613//1613 1621//1621 1620//1620
f 1614//1614 1615//1615 1622//1622
f 1614//1614 1622//1622 1621//1621
f 1615//1615 1616//1616 1623//1623
f 1615//1615 1623//1623 1622//1622
f 1616//1616 1617//1617 1624//1624
f 1616//1616 1624//1624 1623//1623
f 1617//1617 1618//1618 1625//1625
f 1617//1617 1625//1625 1624//1624
f 1618//1618 1612//1612 1619//1619
f 1618//1618 1619//1619 1625//1625
f 1619//1619 1620//1620 1627//1627
f 1619//1619 1627//1627 1626//1626
f 1620//1620 1621//1621 1628//1628
f 1620//1620 1628//1628 1627//1627
f 1621//1621 1622//1622 1629//1629
f 1621//1621 1629//1629 1628//1628
f 1622//1622 1623//1623 1630//1630
f 1622//1622 1630//1630 1629//1629
f 1623//1623 1624//1624 1631//1631
f 1623//1623 1631//1631 1630//1630
f 1624//1624 1625//1625 1632//1632
f 1624//1624 1632//1632 1631//1631
f 1625//1625 1619//1619 1626//1626
f 1625//1625 1626//1626 1632//1632
f 1633//1633 1626//1626 1627//1627
f 1633//1633 1627//1627 1628//1628
f 1633//1633 1628//1628 1629//1629
f 1633//1633 1629//1629 1630//1630
f 1633//1633 1630//1630 1631//1631
f 1633//1633 1631//1631 1632//1632
f 1633//1633 1632//1632 1626//1626
f 1634//1634 1636//1636 1635//1635
f 1634//1634 1637//1637 1636//1636
f 1634//1634 1638//1638 1637//1637
f 1634//1634 1639//1639 1638//1638
f 1634//1634 1640//1640 1639//1639
f 1634//1634 1641//1641 1640//1640
f 1634//1634 1635//1635 1641//1641
f 1635//1635 1636//1636 1643//1643
f 1635//1635 1643//1643 1642//1642
f 1636//1636 1637//1637 1644//1644
f 1636//1636 1644//1644 1643//1643
f 1637//1637 1638//1638 1645//1645
f 1637//1637 1645//1645 1644//1644
f 1638//1638 1639//1639 1646//1646
f 1638//1638 1646//1646 1645//1645
f 1639//1639 1640//1640 1647//1647
f 1639//1639 1647//1647 1646//1646
f 1640//1640 1641//1641 1648//1648
f 1640//1640 1648//1648 1647//1647
f 1641//1641 1635//1635 1642//1642
f 1641//1641 1642//1642 1648//1648
f 1642//1642 1643//1643 1650//1650
f 1642//1642 1650//1650 1649//1649
f 1643//1643 1644//1644 1651//1651
f 1643//1643 1651//1651 1650//1650
f 1644//1644 1645//1645 1652//1652
f 1644//1644 1652//1652 1651//1651
f 1645//1645 1646//1646 1653//1653
f 1645//1645 1653//1653 1652//1652
f 1646//1646 1647//1647 1654//1654
f 1646//1646 1654//1654 1653//1653
f 1647//1647 1648//1648 1655//1655
f 1647//1647 1655//1655 1654//1654
f 1648//1648 1642//1642 1649//1649
f 1648//1648 1649//1649 1655//1655
f 1656//1656 1649//1649 1650//1650
f 1656//1656 1650//1650 1651//1651
f 1656//1656 1651//1651 1652//1652
f 1656//1656 1652//1652 1653//1653
f 1656//1656 1653//1653 1654//1654
f 1656//1656 1654//1654 1655//1655
f 1656//1656 1655//1655 1649//1649
f 1657//1657 1659//1659 1658//1658
f 1657//1657 1660//1660 1659//1659
f 1657//1657 1661//1661 1660//1660
f 1657//1657 1662//1662 1661//1661
f 1657//1657 1663//1663 1662//1662
f 1657//1657 1664//1664 1663//1663
f 1657//1657 1658//1658 1664//1664
f 1658//1658 1659//1659 1666//1666
f 1658//1658 1666//1666 1665//1665
f 1659//1659 1660//1660 1667//1667
f 1659//1659 1667//1667 1666//1666
f 1660//1660 1661//1661 1668//1668
f 1660//1660 1668//1668 1667//1667
f 1661//1661 1662//1662 1669//1669
f 1661//1661 1669//1669 1668//1668
f 1662//1662 1663//1663 1670//1670
f 1662//1662 1670//1670 1669//1669
f 1663//1663 1664//1664 1671//1671
f 1663//1663 1671//1671 1670//1670
f 1664//1664 1658//1658 1665//1665
f 1664//1664 1665//1665 1671//1671
f 1665//1665 1666//1666 1673//1673
f 1665//1665 1673//1673 1672//1672
f 1666//1666 1667//1667 1674//1674
f 1666//1666 1674//1674 1673//1673
f 1667//1667 1668//1668 1675//1675
f 1667//1667 1675//1675 1674//1674
f 1668//1668 1669//1669 1676//1676
f 1668//1668 1676//1676 1675//1675
f 1669//1669 1670//1670 1677//1677
f 1669//1669 1677//1677 1676//1676
f 1670//1670 1671//1671 1678//1678
f 1670//1670 1678//1678 1677//1677
f 1671//1671 1665//1665 1672//1672
f 1671//1671 1672//1672 1678//1678
f 1679//1679 1672//1672 1673//1673
f 1679//1679 1673//1673 1674//1674
f 1679//1679 1674//1674 1675//1675
f 1679//1679 1675//1675 1676//1676
f 1679//1679 1676//1676 1677//1677
f 1679//1679 1677//1677 1678//1678
f 1679//1679 1678//1678 1672//1672
f 1680//1680 1682//1682 1681//1681
f 1680//1680 1683//1683 1682//1682
f 1680//1680 1684//1684 1683//1683
f 1680//1680 1685//1685 1684//1684
f 1680//1680 1686//1686 1685//1685
f 1680//1680 1687//1687 1686//1686
f 1680//1680 1681//1681 1687//1687
f 1681//1681 1682//1682 1689//1689
f 1681//1681 1689//1689 1688//1688
f 1682//1682 1683//1683 1690//1690
f 1682//1682 1690//1690 1689//1689
f 1683//1683 1684//1684 1691//1691
f 1683//1683 1691//1691 1690//1690
f 1684//1684 1685//1685 1692//1692
f 1684//1684 1692//1692 1691//1691
f 1685//1685 1686//1686 1693//1693
f 1685//1685 1693//1693 1692//1692
f 1686//1686 1687//1687 1694//1694
f 1686//1686 1694//1694 1693//1693
f 1687//1687 1681//1681 1688//1688
f 1687//1687 1688//1688 1694//1694
f 1688//1688 1689//1689 1696//1696
f 1688//1688 1696//1696 1695//1695
f 1689//1689 1690//1690 1697//1697
f 1689//1689 1697//1697 1696//1696
f 1690//1690 1691//1691 1698//1698
f 1690//1690 1698//1698 1697//1697
f 1691//1691 1692//1692 1699//1699
f 1691//1691 1699//1699 1698//1698
f 1692//1692 1693//1693 1700//1700
f 1692//1692 1700//1700 1699//1699
f 1693//1693 1694//1694 1701//1701
f 1693//1693 1701//1701 1700//1700
f 1694//1694 1688//1688 1695//1695
f 1694//1694 1695//1695 1701//1701
f 1702//1702 1695//1695 1696//1696
f 1702//1702 1696//1696 1697//1697
f 1702//1702 1697//1697 1698//1698
f 1702//1702 1698//1698 1699//1699
f 1702//1702 1699//1699 1700//1700
f 1702//1702 1700//1700 1701//1701
f 1702//1702 1701//1701 1695//1695
f 1703//1703 1705//1705 1704//1704
f 1703//1703 1706//1706 1705//1705
f 1703//1703 1707//1707 1706//1706
f 1703//1703 1708//1708 1707//1707
f 1703//1703 1709//1709 1708//1708
f 1703//1703 1710//1710 1709//1709
f 1703//1703 1704//1704 1710//1710
f 1704//1704 1705//1705 1712//1712
f 1704//1704 1712//1712 1711//1711
f 1705//1705 1706//1706 1713//1713
f 1705//1705 1713//1713 1712//1712
f 1706//1706 1707//1707 1714//1714
f 1706//1706 1714//1714 1713//1713
f 1707//1707 1708//1708 1715//1715
f 1707//1707 1715//1715 1714//1714
f 1708//1708 1709//1709 1716//1716
f 1708//1708 1716//1716 1715//1715
f 1709//1709 1710//1710 1717//1717
f 1709//1709 1717//1717 1716//1716
f 1710//1710 1704//1704 1711//1711
f 1710//1710 1711//1711 1717//1717
f 1711//1711 1712//1712 1719//1719
f 1711//1711 1719//1719 1718//1718
f 1712//1712 1713//1713 1720//1720
f 1712//1712 1720//1720 1719//1719
f 1713//1713 1714//1714 1721//1721
f 1713//1713 1721//1721 1720//1720
f 1714//1714 1715//1715 1722//1722
f 1714//1714 1722//1722 1721//1721
f 1715//1715 1716//1716 1723//1723
f 1715//1715 1723//1723 1722//1722
f 1716//1716 1717//1717 1724//1724
f 1716//1716 1724//1724 1723//1723
f 1717//1717 1711//1711 1718//1718
f 1717//1717 1718//1718 1724//1724
f 1725//1725 1718//1718 1719//1719
f 1725//1725 1719//1719 1720//1720
f 1725//1725 1720//1720 1721//1721
f 1725//1725 1721//1721 1722//1722
f 1725//1725 1722//1722 1723//1723
f 1725//1725 1723//1723 1724//1724
f 1725//1725 1724//1724 1718//1718
f 1726//1726 1728//1728 1727//1727
f 1726//1726 1729//1729 1728//1728
f 1726//1726 1730//1730 1729//1729
f 1726//1726 1731//1731 1730//1730
f 1726//1726 1732//1732 1731//1731
f 1726//1726 1733//1733 1732//1732
f 1726//1726 1727//1727 1733//1733
f 1727//1727 1728//1728 1735//1735
f 1727//1727 1735//1735 1734//1734
f 1728//1728 1729//1729 1736//1736
f 1728//1728 1736//1736 1735//1735
f 1729//1729 1730//1730 1737//1737
f 1729//1729 1737//1737 1736//1736
f 1730//1730 1731//1731 1738//1738
f 1730//1730 1738//1738 1737//1737
f 1731//1731 1732//1732 1739//1739
f 1731//1731 1739//1739 1738//1738
f 1732//1732 1733//1733 1740//1740
f 1732//1732 1740//1740 1739//1739
f 1733//1733 1727//1727 1734//1734
f 1733//1733 1734//1734 1740//1740
f 1734//1734 1735//1735 1742//1742
f 1734//1734 1742//1742 1741//1741
f 1735//1735 1736//1736 1743//1743
f 1735//1735 1743//1743 1742//1742
f 1736//1736 1737//1737 1744//1744
f 1736//1736 1744//1744 1743//1743
f 1737//1737 1738//1738 1745//1745
f 1737//1737 1745//1745 1744//1744
f 1738//1738 1739//1739 1746//1746
f 1738//1738 1746//1746 1745//1745
f 1739//1739 1740//1740 1747//1747
f 1739//1739 1747//1747 1746//1746
f 1740//1740 1734//1734 1741//1741
f 1740//1740 1741//1741 1747//1747
f 1748//1748 1741//1741 1742//1742
f 1748//1748 1742//1742 1743//1743
f 1748//1748 1743//1743 1744//1744
f 1748//1748 1744//1744 1745//1745
f 1748//1748 1745//1745 1746//1746
f 1748//1748 1746//1746 1747//1747
f 1748//1748 1747//1747 1741//1741
f 1749//1749 1751//1751 1750//1750
f 1749//1749 1752//1752 1751//1751
f 1749//1749 1753//1753 1752//1752
f 1749//1749 1754//1754 1753//1753
f 1749//1749 1755//1755 1754//1754
f 1749//1749 1756//1756 1755//1755
f 1749//1749 1750//1750 1756//1756
f 1750//1750 1751//1751 1758//1758
f 1750//1750 1758//1758 1757//1757
f 1751//1751 1752//1752 1759//1759
f 1751//1751 1759//1759 1758//1758
f 1752//1752 1753//1753 1760//1760
f 1752//1752 1760//1760 1759//1759
f 1753//1753 1754//1754 1761//1761
f 1753//1753 1761//1761 1760//1760
f 1754//1754 1755//1755 1762//1762
f 1754//1754 1762//1762 1761//1761
f 1755//1755 1756//1756 1763//1763
f 1755//1755 1763//1763 1762//1762
f 1756//1756 1750//1750 1757//1757
f 1756//1756 1757//1757 1763//1763
f 1757//1757 1758//1758 1765//1765
f 1757//1757 1765//1765 1764//1764
f 1758//1758 1759//1759 1766//1766
f 1758//1758 1766//1766 1765//1765
f 1759//1759 1760//1760 1767//1767
f 1759//1759 1767//1767 1766//1766
f 1760//1760 1761//1761 1768//1768
f 1760//1760 1768//1768 1767//1767
f 1761//1761 1762//1762 1769//1769
f 1761//1761 1769//1769 1768//1768
f 1762//1762 1763//1763 1770//1770
f 1762//1762 1770//1770 1769//1769
f 1763//1763 1757//1757 1764//1764
f 1763//1763 1764//1764 1770//1770
f 1771//1771 1764//1764 1765//1765
f 1771//1771 1765//1765 1766//1766
f 1771//1771 1766//1766 1767//1767
f 1771//1771 1767//1767 1768//1768
f 1771//1771 1768//1768 1769//1769
f 1771//1771 1769//1769 1770//1770
f 1771//1771 1770//1770 1764//1764
f 1772//1772 1774//1774 1773//1773
f 1772//1772 1775//1775 1774//1774
f 1772//1772 1776//1776 1775//1775
f 1772//1772 1777//1777 1776//1776
f 1772//1772 1778//1778 1777//1777
f 1772//1772 1779//1779 1778//1778
f 1772//1772 1773//1773 1779//1779
f 1773//1773 1774//1774 1781//1781
f 1773//1773 1781//1781 1780//1780
f 1774//1774 1775//1775 1782//1782
f 1774//1774 1782//1782 1781//1781
f 1775//1775 1776//1776 1783//1783
f 1775//1775 1783//1783 1782//1782
f 1776//1776 1777//1777 1784//1784
f 1776//1776 1784//1784 1783//1783
f 1777//1777 1778//1778 1785//1785
f 1777//1777 1785//1785 1784//1784
f 1778//1778 1779//1779 1786//1786
f 1778//1778 1786//1786 1785//1785
f 1779//1779 1773//1773 1780//1780
f 1779//1779 1780//1780 1786//1786
f 1780//1780 1781//1781 1788//1788
f 1780//1780 1788//1788 1787//1787
f 1781//1781 1782//1782 1789//1789
f 1781//1781 1789//1789 1788//1788
f 1782//1782 1783//1783 1790//1790
f 1782//1782 1790//1790 1789//1789
f 1783//1783 1784//1784 1791//1791
f 1783//1783 1791//1791 1790//1790
f 1784//1784 1785//1785 1792//1792
f 1784//1784 1792//1792 1791//1791
f 1785//1785 1786//1786 1793//1793
f 1785//1785 1793//1793 1792//1792
f 1786//1786 1780//1780 1787//1787
f 1786//1786 1787//1787 1793//1793
f 1794//1794 1787//1787 1788//1788
f 1794//1794 1788//1788 1789//1789
f 1794//1794 1789//1789 1790//1790
f 1794//1794 1790//1790 1791//1791
f 1794//1794 1791//1791 1792//1792
f 1794//1794 1792//1792 1793//1793
f 1794//1794 1793//1793 1787//1787
f 1795//1795 1797//1797 1796//1796
f 1795//1795 1798//1798 1797//1797
f 1795//1795 1799//1799 1798//1798
f 1795//1795 1800//1800 1799//1799
f 1795//1795 1801//1801 1800//1800
f 1795//1795 1802//1802 1801//1801
f 1795//1795 1796//1796 1802//1802
f 1796//1796 1797//1797 1804//1804
f 1796//1796 1804//1804 1803//1803
f 1797//1797 1798//1798 1805//1805
f 1797//1797 1805//1805 1804//1804
f 1798//1798 1799//1799 1806//1806
f 1798//1798 1806//1806 1805//1805
f 1799//1799 1800//1800 1807//1807
f 1799//1799 1807//1807 1806//1806
f 1800//1800 1801//1801 1808//1808
f 1800//1800 1808//1808 1807//1807
f 1801//1801 1802//1802 1809//1809
f 1801//1801 1809//1809 1808//1808
f 1802//1802 1796//1796 1803//1803
f 1802//1802 1803//1803 1809//1809
f 1803//1803 1804//1804 1811//1811
f 1803//1803 1811//1811 1810//1810
f 1804//1804 1805//1805 1812//1812
f 1804//1804 1812//1812 1811//1811
f 1805//1805 1806//1806 1813//1813
f 1805//1805 1813//1813 1812//1812
f 1806//1806 1807//1807 1814//1814
f 1806//1806 1814//1814 1813//1813
f 1807//1807 1808//1808 1815//1815
f 1807//1807 1815//1815 1814//1814
f 1808//1808 1809//1809 1816//1816
f 1808//1808 1816//1816 1815//1815
f 1809//1809 1803//1803 1810//1810
f 1809//1809 1810//1810 1816//1816
f 1817//1817 1810//1810 1811//1811
f 1817//1817 1811//1811 1812//1812
f 1817//1817 1812//1812 1813//1813
f 1817//1817 1813//1813 1814//1814
f 1817//1817 1814//1814 1815//1815
f 1817//1817 1815//1815 1816//1816
f 1817//1817 1816//1816 1810//1810
f 1818//1818 1820//1820 1819//1819
f 1818//1818 1821//1821 1820//1820
f 1818//1818 1822//1822 1821//1821
f 1818//1818 1823//1823 1822//1822
f 1818//1818 1824//1824 1823//1823
f 1818//1818 1825//1825 1824//1824
f 1818//1818 1819//1819 1825//1825
f 1819//1819 1820//1820 1827//1827
f 1819//1819 1827//1827 1826//1826
f 1820//1820 1821//1821 1828//1828
f 1820//1820 1828//1828 1827//1827
f 1821//1821 1822//1822 1829//1829
f 1821//1821 1829//1829 1828//1828
f 1822//1822 1823//1823 1830//1830
f 1822//1822 1830//1830 1829//1829
f 1823//1823 1824//1824 1831//1831
f 1823//1823 1831//1831 1830//1830
f 1824//1824 1825//1825 1832//1832
f 1824//1824 1832//1832 1831//1831
f 1825//1825 1819//1819 1826//1826
f 1825//1825 1826//1826 1832//1832
f 1826//1826 1827//1827 1834//1834
f 1826//1826 1834//1834 1833//1833
f 1827//1827 1828//1828 1835//1835
f 1827//1827 1835//1835 1834//1834
f 1828//1828 1829//1829 1836//1836
f 1828//1828 1836//1836 1835//1835
f 1829//1829 1830//1830 1837//1837
f 1829//1829 1837//1837 1836//1836
f 1830//1830 1831//1831 1838//1838
f 1830//1830 1838//1838 1837//1837
f 1831//1831 1832//1832 1839//1839
f 1831//1831 1839//1839 1838//1838
f 1832//1832 1826//1826 1833//1833
f 1832//1832 1833//1833 1839//1839
f 1840//1840 1833//1833 1834//1834
f 1840//1840 1834//1834 1835//1835
f 1840//1840 1835//1835 1836//1836
f 1840//1840 1836//1836 1837//1837
f 1840//1840 1837//1837 1838//1838
f 1840//1840 1838//1838 1839//1839
f 1840//1840 1839//1839 1833//1833
f 1841//1841 1843//1843 1842//1842
f 1841//1841 1844//1844 1843//1843
f 1841//1841 1845//1845 1844//1844
f 1841//1841 1846//1846 1845//1845
f 1841//1841 1847//1847 1846//1846
f 1841//1841 1848//1848 1847//1847
f 1841//1841 1842//1842 1848//1848
f 1842//1842 1843//1843 1850//1850
f 1842//1842 1850//1850 1849//1849
f 1843//1843 1844//1844 1851//1851
f 1843//1843 1851//1851 1850//1850
f 1844//1844 1845//1845 1852//1852
f 1844//1844 1852//1852 1851//1851
f 1845//1845 1846//1846 1853//1853
f 1845//1845 1853//1853 1852//1852
f 1846//1846 1847//1847 1854//1854
f 1846//1846 1854//1854 1853//1853
f 1847//1847 1848//1848 1855//1855
f 1847//1847 1855//1855 1854//1854
f 1848//1848 1842//1842 1849//1849
f 1848//1848 1849//1849 1855//1855
f 1849//1849 1850//1850 1857//1857
f 1849//1849 1857//1857 1856//1856
f 1850//1850 1851//1851 1858//1858
f 1850//1850 1858//1858 1857//1857
f 1851//1851 1852//1852 1859//1859
f 1851//1851 1859//1859 1858//1858
f 1852//1852 1853//1853 1860//1860
f 1852//1852 1860//1860 1859//1859
f 1853//1853 1854//1854 1861//1861
f 1853//1853 1861//1861 1860//1860
f 1854//1854 1855//1855 1862//1862
f 1854//1854 1862//1862 1861//1861
f 1855//1855 1849//1849 1856//1856
f 1855//1855 1856//1856 1862//1862
f 1863//1863 1856//1856 1857//1857
f 1863//1863 1857//1857 1858//1858
f 1863//1863 1858//1858 1859//1859
f 1863//1863 1859//1859 1860//1860
f 1863//1863 1860//1860 1861//1861
f 1863//1863 1861//1861 1862//1862
f 1863//1863 1862//1862 1856//1856
f 1864//1864 1866//1866 1865//1865
f 1864//1864 1867//1867 1866//1866
f 1864//1864 1868//1868 1867//1867
f 1864//1864 1869//1869 1868//1868
f 1864//1864 1870//1870 1869//1869
f 1864//1864 1871//1871 1870//1870
f 1864//1864 1865//1865 1871//1871
f 1865//1865 1866//1866 1873//1873
f 1865//1865 1873//1873 1872//1872
f 1866//1866 1867//1867 1874//1874
f 1866//1866 1874//1874 1873//1873
f 1867//1867 1868//1868 1875//1875
f 1867//1867 1875//1875 1874//1874
f 1868//1868 1869//1869 1876//1876
f 1868//1868 1876//1876 1875//1875
f 1869//1869 1870//1870 1877//1877
f 1869//1869 1877//1877 1876//1876
f 1870//1870 1871//1871 1878//1878
f 1870//1870 1878//1878 1877//1877
f 1871//1871 1865//1865 1872//1872
f 1871//1871 1872//1872 1878//1878
f 1872//1872 1873//1873 1880//1880
f 1872//1872 1880//1880 1879//1879
f 1873//1873 1874//1874 1881//1881
f 1873//1873 1881//1881 1880//1880
f 1874//1874 1875//1875 1882//1882
f 1874//1874 1882//1882 1881//1881
f 1875//1875 1876//1876 1883//1883
f 1875//1875 1883//1883 1882//1882
f 1876//1876 1877//1877 1884//1884
f 1876//1876 1884//1884 1883//1883
f 1877//1877 1878//1878 1885//1885
f 1877//1877 1885//1885 1884//1884
f 1878//1878 1872//1872 1879//1879
f 1878//1878 1879//1879 1885//1885
f 1886//1886 1879//1879 1880//1880
f 1886//1886 1880//1880 1881//1881
f 1886//1886 1881//1881 1882//1882
f 1886//1886 1882//1882 1883//1883
f 1886//1886 1883//1883 1884//1884
f 1886//1886 1884//1884 1885//1885
f 1886//1886 1885//1885 1879//1879
f 1887//1887 1889//1889 1888//1888
f 1887//1887 1890//1890 1889//1889
f 1887//1887 1891//1891 1890//1890
f 1887//1887 1892//1892 1891//1891
f 1887//1887 1893//1893 1892//1892
f 1887//1887 1894//1894 1893//1893
f 1887//1887 1888//1888 1894//1894
f 1888//1888 1889//1889 1896//1896
f 1888//1888 1896//1896 1895//1895
f 1889//1889 1890//1890 1897//1897
f 1889//1889 1897//1897 1896//1896
f 1890//1890 1891//1891 1898//1898
f 1890//1890 1898//1898 1897//1897
f 1891//1891 1892//1892 1899//1899
f 1891//1891 1899//1899 1898//1898
f 1892//1892 1893//1893 1900//1900
f 1892//1892 1900//1900 1899//1899
f 1893//1893 1894//1894 1901//1901
f 1893//1893 1901//1901 1900//1900
f 1894//1894 1888//1888 1895//1895
f 1894//1894 1895//1895 1901//1901
f 1895//1895 1896//1896 1903//1903
f 1895//1895 1903//1903 1902//1902
f 1896//1896 1897//1897 1904//1904
f 1896//1896 1904//1904 1903//1903
f 1897//1897 1898//1898 1905//1905
f 1897//1897 1905//1905 1904//1904
f 1898//1898 1899//1899 1906//1906
f 1898//1898 1906//1906 1905//1905
f 1899//1899 1900//1900 1907//1907
f 1899//1899 1907//1907 1906//1906
f 1900//1900 1901//1901 1908//1908
f 1900//1900 1908//1908 1907//1907
f 1901//1901 1895//1895 1902//1902
f 1901//1901 1902//1902 1908//1908
f 1909//1909 1902//1902 1903//1903
f 1909//1909 1903//1903 1904//1904
f 1909//1909 1904//1904 1905//1905
f 1909//1909 1905//1905 1906//1906
f 1909//1909 1906//1906 1907//1907
f 1909//1909 1907//1907 1908//1908
f 1909//1909 1908//1908 1902//1902
f 1910//1910 1912//1912 1911//1911
f 1910//1910 1913//1913 1912//1912
f 1910//1910 1914//1914 1913//1913
f 1910//1910 1915//1915 1914//1914
f 1910//1910 1916//1916 1915//1915
f 1910//1910 1917//1917 1916//1916
f 1910//1910 1911//1911 1917//1917
f 1911//1911 1912//1912 1919//1919
f 1911//1911 1919//1919 1918//1918
f 1912//1912 1913//1913 1920//1920
f 1912//1912 1920//1920 1919//1919
f 1913//1913 1914//1914 1921//1921
f 1913//1913 1921//1921 1920//1920
f 1914//1914 1915//1915 1922//1922
f 1914//1914 1922//1922 1921//1921
f 1915//1915 1916//1916 1923//1923
f 1915//1915 1923//1923 1922//1922
f 1916//1916 1917//1917 1924//1924
f 1916//1916 1924//1924 1923//1923
f 1917//1917 1911//1911 1918//1918
f 1917//1917 1918//1918 1924//1924
f 1918//1918 1919//1919 1926//1926
f 1918//1918 1926//1926 1925//1925
f 1919//1919 1920//1920 1927//1927
f 1919//1919 1927//1927 1926//1926
f 1920//1920 1921//1921 1928//1928
f 1920//1920 1928//1928 1927//1927
f 1921//1921 1922//1922 1929//1929
f 1921//1921 1929//1929 1928//1928
f 1922//1922 1923//1923 1930//1930
f 1922//1922 1930//1930 1929//1929
f 1923//1923 1924//1924 1931//1931
f 1923//1923 1931//1931 1930//1930
f 1924//1924 1918//1918 1925//1925
f 1924//1924 1925//1925 1931//1931
f 1932//1932 1925//1925 1926//1926
f 1932//1932 1926//1926 1927//1927
f 1932//1932 1927//1927 1928//1928
f 1932//1932 1928//1928 1929//1929
f 1932//1932 1929//1929 1930//1930
f 1932//1932 1930//1930 1931//1931
f 1932//1932 1931//1931 1925//1925
f 1933//1933 1935//1935 1934//1934
f 1933//1933 1936//1936 1935//1935
f 1933//1933 1937//1937 1936//1936
f 1933//1933 1938//1938 1937//1937
f 1933//1933 1939//1939 1938//1938
f 1933//1933 1940//1940 1939//1939
f 1933//1933 1934//1934 1940//1940
f 1934//1934 1935//1935 1942//1942
f 1934//1934 1942//1942 1941//1941
f 1935//1935 1936//1936 1943//1943
f 1935//1935 1943//1943 1942//1942
f 1936//1936 1937//1937 1944//1944
f 1936//1936 1944//1944 1943//1943
f 1937//1937 1938//1938 1945//1945
f 1937//1937 1945//1945 1944//1944
f 1938//1938 1939//1939 1946//1946
f 1938//1938 1946//1946 1945//1945
f 1939//1939 1940//1940 1947//1947
f 1939//1939 1947//1947 1946//1946
f 1940//1940 1934//1934 1941//1941
f 1940//1940 1941//1941 1947//1947
f 1941//1941 1942//1942 1949//1949
f 1941//1941 1949//1949 1948//1948
f 1942//1942 1943//1943 1950//1950
f 1942//1942 1950//1950 1949//1949
f 1943//1943 1944//1944 1951//1951
f 1943//1943 1951//1951 1950//1950
f 1944//1944 1945//1945 1952//1952
f 1944//1944 1952//1952 1951//1951
f 1945//1945 1946//1946 1953//1953
f 1945//1945 1953//1953 1952//1952
f 1946//1946 1947//1947 1954//1954
f 1946//1946 1954//1954 1953//1953
f 1947//1947 1941//1941 1948//1948
f 1947//1947 1948//1948 1954//1954
f 1955//1955 1948//1948 1949//1949
f 1955//1955 1949//1949 1950//1950
f 1955//1955 1950//1950 1951//1951
f 1955//1955 1951//1951 1952//1952
f 1955//1955 1952//1952 1953//1953
f 1955//1955 1953//1953 1954//1954
f 1955//1955 1954//1954 1948//1948
f 1956//1956 1958//1958 1957//1957
f 1956//1956 1959//1959 1958//1958
f 1956//1956 1960//1960 1959//1959
f 1956//1956 1961//1961 1960//1960
f 1956//1956 1962//1962 1961//1961
f 1956//1956 1963//1963 1962//1962
f 1956//1956 1957//1957 1963//1963
f 1957//1957 1958//1958 1965//1965
f 1957//1957 1965//1965 1964//1964
f 1958//1958 1959//1959 1966//1966
f 1958//1958 1966//1966 1965//1965
f 1959//1959 1960//1960 1967//1967
f 1959//1959 1967//1967 1966//1966
f 1960//1960 1961//1961 1968//1968
f 1960//1960 1968//1968 1967//1967
f 1961//1961 1962//1962 1969//1969
f 1961//1961 1969//1969 1968//1968
f 1962//1962 1963//1963 1970//1970
f 1962//1962 1970//1970 1969//1969
f 1963//1963 1957//1957 1964//1964
f 1963//1963 1964//1964 1970//1970
f 1964//1964 1965//1965 1972//1972
f 1964//1964 1972//1972 1971//1971
f 1965//1965 1966//1966 1973//1973
f 1965//1965 1973//1973 1972//1972
f 1966//1966 1967//1967 1974//1974
f 1966//1966 1974//1974 1973//1973
f 1967//1967 1968//1968 1975//1975
f 1967//1967 1975//1975 1974//1974
f 1968//1968 1969//1969 1976//1976
f 1968//1968 1976//1976 1975//1975
f 1969//1969 1970//1970 1977//1977
f 1969//1969 1977//1977 1976//1976
f 1970//1970 1964//1964 1971//1971
f 1970//1970 1971//1971 1977//1977
f 1978//1978 1971//1971 1972//1972
f 1978//1978 1972//1972 1973//1973
f 1978//1978 1973//1973 1974//1974
f 1978//1978 1974//1974 1975//1975
f 1978//1978 1975//1975 1976//1976
f 1978//1978 1976//1976 1977//1977
f 1978//1978 1977//1977 1971//1971
f 1979//1979 1981//1981 1980//1980
f 1979//1979 1982//1982 1981//1981
f 1979//1979 1983//1983 1982//1982
f 1979//1979 1984//1984 1983//1983
f 1979//1979 1985//1985 1984//1984
f 1979//1979 1986//1986 1985//1985
f 1979//1979 1980//1980 1986//1986
f 1980//1980 1981//1981 1988//1988
f 1980//1980 1988//1988 1987//1987
f 1981//1981 1982//1982 1989//1989
f 1981//1981 1989//1989 1988//1988
f 1982//1982 1983//1983 1990//1990
f 1982//1982 1990//1990 1989//1989
f 1983//1983 1984//1984 1991//1991
f 1983//1983 1991//1991 1990//1990
f 1984//1984 1985//1985 1992//1992
f 1984//1984 1992//1992 1991//1991
f 1985//1985 1986//1986 1993//1993
f 1985//1985 1993//1993 1992//1992
f 1986//1986 1980//1980 1987//1987
f 1986//1986 1987//1987 1993//1993
f 1987//1987 1988//1988 1995//1995
f 1987//1987 1995//1995 1994//1994
f 1988//1988 1989//1989 1996//1996
f 1988//1988 1996//1996 1995//1995
f 1989//1989 1990//1990 1997//1997
f 1989//1989 1997//1997 1996//1996
f 1990//1990 1991//1991 1998//1998
f 1990//1990 1998//1998 1997//1997
f 1991//1991 1992//1992 1999//1999
f 1991//1991 1999//1999 1998//1998
f 1992//1992 1993//1993 2000//2000
f 1992//1992 2000//2000 1999//1999
f 1993//1993 1987//1987 1994//1994
f 1993//1993 1994//1994 2000//2000
f 2001//2001 1994//1994 1995//1995
f 2001//2001 1995//1995 1996//1996
f 2001//2001 1996//1996 1997//1997
f 2001//2001 1997//1997 1998//1998
f 2001//2001 1998//1998 1999//1999
f 2001//2001 1999//1999 2000//2000
f 2001//2001 2000//2000 1994//1994
f 2002//2002 2004//2004 2003//2003
f 2002//2002 2005//2005 2004//2004
f 2002//2002 2006//2006 2005//2005
f 2002//2002 2007//2007 2006//2006
f 2002//2002 2008//2008 2007//2007
f 2002//2002 2009//2009 2008//2008
f 2002//2002 2003//2003 2009//2009
f 2003//2003 2004//2004 2011//2011
f 2003//2003 2011//2011 2010//2010
f 2004//2004 2005//2005 2012//2012
f 2004//2004 2012//2012 2011//2011
f 2005//2005 2006//2006 2013//2013
f 2005//2005 2013//2013 2012//2012
f 2006//2006 2007//2007 2014//2014
f 2006//2006 2014//2014 2013//2013
f 2007//2007 2008//2008 2015//2015
f 2007//2007 2015//2015 2014//2014
f 2008//2008 2009//2009 2016//2016
f 2008//2008 2016//2016 2015//2015
f 2009//2009 2003//2003 2010//2010
f 2009//2009 2010//2010 2016//2016
f 2010//2010 2011//2011 2018//2018
f 2010//2010 2018//2018 2017//2017
f 2011//2011 2012//2012 2019//2019
f 2011//2011 2019//2019 2018//2018
f 2012//2012 2013//2013 2020//2020
f 2012//2012 2020//2020 2019//2019
f 2013//2013 2014//2014 2021//2021
f 2013//2013 2021//2021 2020//2020
f 2014//2014 2015//2015 2022//2022
f 2014//2014 2022//2022 2021//2021
f 2015//2015 2016//2016 2023//2023
f 2015//2015 2023//2023 2022//2022
f 2016//2016 2010//2010 2017//2017
f 2016//2016 2017//2017 2023//2023
f 2024//2024 2017//2017 2018//2018
f 2024//2024 2018//2018 2019//2019
f 2024//2024 2019//2019 2020//2020
f 2024//2024 2020//2020 2021//2021
f 2024//2024 2021//2021 2022//2022
f 2024//2024 2022//2022 2023//2023
f 2024//2024 2023//2023 2017//2017
f 2025//2025 2027//2027 2026//2026
f 2025//2025 2028//2028 2027//2027
f 2025//2025 2029//2029 2028//2028
f 2025//2025 2030//2030 2029//2029
f 2025//2025 2031//2031 2030//2030
f 2025//2025 2032//2032 2031//2031
f 2025//2025 2026//2026 2032//2032
f 2026//2026 2027//2027 2034//2034
f 2026//2026 2034//2034 2033//2033
f 2027//2027 2028//2028 2035//2035
f 2027//2027 2035//2035 2034//2034
f 2028//2028 2029//2029 2036//2036
f 2028//2028 2036//2036 2035//2035
f 2029//2029 2030//2030 2037//2037
f 2029//2029 2037//2037 2036//2036
f 2030//2030 2031//2031 2038//2038
f 2030//2030 2038//2038 2037//2037
f 2031//2031 2032//2032 2039//2039
f 2031//2031 2039//2039 2038//2038
f 2032//2032 2026//2026 2033//2033
f 2032//2032 2033//2033 2039//2039
f 2033//2033 2034//2034 2041//2041
f 2033//2033 2041//2041 2040//2040
f 2034//2034 2035//2035 2042//2042
f 2034//2034 2042//2042 2041//2041
f 2035//2035 2036//2036 2043//2043
f 2035//2035 2043//2043 2042//2042
f 2036//2036 2037//2037 2044//2044
f 2036//2036 2044//2044 2043//2043
f 2037//2037 2038//2038 2045//2045
f 2037//2037 2045//2045 2044//2044
f 2038//2038 2039//2039 2046//2046
f 2038//2038 2046//2046 2045//2045
f 2039//2039 2033//2033 2040//2040
f 2039//2039 2040//2040 2046//2046
f 2047//2047 2040//2040 2041//2041
f 2047//2047 2041//2041 2042//2042
f 2047//2047 2042//2042 2043//2043
f 2047//2047 2043//2043 2044//2044
f 2047//2047 2044//2044 2045//2045
f 2047//2047 2045//2045 2046//2046
f 2047//2047 2046//2046 2040//2040
f 2048//2048 2050//2050 2049//2049
f 2048//2048 2051//2051 2050//2050
f 2048//2048 2052//2052 2051//2051
f 2048//2048 2053//2053 2052//2052
f 2048//2048 2054//2054 2053//2053
f 2048//2048 2055//2055 2054//2054
f 2048//2048 2049//2049 2055//2055
f 2049//2049 2050//2050 2057//2057
f 2049//2049 2057//2057 2056//2056
f 2050//2050 2051//2051 2058//2058
f 2050//2050 2058//2058 2057//2057
f 2051//2051 2052//2052 2059//2059
f 2051//2051 2059//2059 2058//2058
f 2052//2052 2053//2053 2060//2060
f 2052//2052 2060//2060 2059//2059
f 2053//2053 2054//2054 2061//2061
f 2053//2053 2061//2061 2060//2060
f 2054//2054 2055//2055 2062//2062
f 2054//2054 2062//2062 2061//2061
f 2055//2055 2049//2049 2056//2056
f 2055//2055 2056//2056 2062//2062
f 2056//2056 2057//2057 2064//2064
f 2056//2056 2064//2064 2063//2063
f 2057//2057 2058//2058 2065//2065
f 2057//2057 2065//2065 2064//2064
f 2058//2058 2059//2059 2066//2066
f 2058//2058 2066//2066 2065//2065
f 2059//2059 2060//2060 2067//2067
f 2059//2059 2067//2067 2066//2066
f 2060//2060 2061//2061 2068//2068
f 2060//2060 2068//2068 2067//2067
f 2061//2061 2062//2062 2069//2069
f 2061//2061 2069//2069 2068//2068
f 2062//2062 2056//2056 2063//2063
f 2062//2062 2063//2063 2069//2069
f 2070//2070 2063//2063 2064//2064
f 2070//2070 2064//2064 2065//2065
f 2070//2070 2065//2065 2066//2066
f 2070//2070 2066//2066 2067//2067
f 2070//2070 2067//2067 2068//2068
f 2070//2070 2068//2068 2069//2069
f 2070//2070 2069//2069 2063//2063
f 2071//2071 2073//2073 2072//2072
f 2071//2071 2074//2074 2073//2073
f 2071//2071 2075//2075 2074//2074
f 2071//2071 2076//2076 2075//2075
f 2071//2071 2077//2077 2076//2076
f 2071//2071 2078//2078 2077//2077
f 2071//2071 2072//2072 2078//2078
f 2072//2072 2073//2073 2080//2080
f 2072//2072 2080//2080 2079//2079
f 2073//2073 2074//2074 2081//2081
f 2073//2073 2081//2081 2080//2080
f 2074//2074 2075//2075 2082//2082
f 2074//2074 2082//2082 2081//2081
f 2075//2075 2076//2076 2083//2083
f 2075//2075 2083//2083 2082//2082
f 2076//2076 2077//2077 2084//2084
f 2076//2076 2084//2084 2083//2083
f 2077//2077 2078//2078 2085//2085
f 2077//2077 2085//2085 2084//2084
f 2078//2078 2072//2072 2079//2079
f 2078//2078 2079//2079 2085//2085
f 2079//2079 2080//2080 2087//2087
f 2079//2079 2087//2087 2086//2086
f 2080//2080 2081//2081 2088//2088
f 2080//2080 2088//2088 2087//2087
f 2081//2081 2082//2082 2089//2089
f 2081//2081 2089//2089 2088//2088
f 2082//2082 2083//2083 2090//2090
f 2082//2082 2090//2090 2089//2089
f 2083//2083 2084//2084 2091//2091
f 2083//2083 2091//2091 2090//2090
f 2084//2084 2085//2085 2092//2092
f 2084//2084 2092//2092 2091//2091
f 2085//2085 2079//2079 2086//2086
f 2085//2085 2086//2086 2092//2092
f 2093//2093 2086//2086 2087//2087
f 2093//2093 2087//2087 2088//2088
f 2093//2093 2088//2088 2089//2089
f 2093//2093 2089//2089 2090//2090
f 2093//2093 2090//2090 2091//2091
f 2093//2093 2091//2091 2092//2092
f 2093//2093 2092//2092 2086//2086
f 2094//2094 2096//2096 2095//2095
f 2094//2094 2097//2097 2096//2096
f 2094//2094 2098//2098 2097//2097
f 2094//2094 2099//2099 2098//2098
f 2094//2094 2100//2100 2099//2099
f 2094//2094 2101//2101 2100//2100
f 2094//2094 2095//2095 2101//2101
f 2095//2095 2096//2096 2103//2103
f 2095//2095 2103//2103 2102//2102
f 2096//2096 2097//2097 2104//2104
f 2096//2096 2104//2104 2103//2103
f 2097//2097 2098//2098 2105//2105
f 2097//2097 2105//2105 2104//2104
f 2098//2098 2099//2099 2106//2106
f 2098//2098 2106//2106 2105//2105
f 2099//2099 2100//2100 2107//2107
f 2099//2099 2107//2107 2106//2106
f 2100//2100 2101//2101 2108//2108
f 2100//2100 2108//2108 2107//2107
f 2101//2101 2095//2095 2102//2102
f 2101//2101 2102//2102 2108//2108
f 2102//2102 2103//2103 2110//2110
f 2102//2102 2110//2110 2109//2109
f 2103//2103 2104//2104 2111//2111
f 2103//2103 2111//2111 2110//2110
f 2104//2104 2105//2105 2112//2112
f 2104//2104 2112//2112 2111//2111
f 2105//2105 2106//2106 2113//2113
f 2105//2105 2113//2113 2112//2112
f 2106//2106 2107//2107 2114//2114
f 2106//2106 2114//2114 2113//2113
f 2107//2107 2108//2108 2115//2115
f 2107//2107 2115//2115 2114//2114
f 2108//2108 2102//2102 2109//2109
f 2108//2108 2109//2109 2115//2115
f 2116//2116 2109//2109 2110//2110
f 2116//2116 2110//2110 2111//2111
f 2116//2116 2111//2111 2112//2112
f 2116//2116 2112//2112 2113//2113
f 2116//2116 2113//2113 2114//2114
f 2116//2116 2114//2114 2115//2115
f 2116//2116 2115//2115 2109//2109
f 2117//2117 2119//2119 2118//2118
f 2117//2117 2120//2120 2119//2119
f 2117//2117 2121//2121 2120//2120
f 2117//2117 2122//2122 2121//2121
f 2117//2117 2123//2123 2122//2122
f 2117//2117 2124//2124 2123//2123
f 2117//2117 2118//2118 2124//2124
f 2118//2118 2119//2119 2126//2126
f 2118//2118 2126//2126 2125//2125
f 2119//2119 2120//2120 2127//2127
f 2119//2119 2127//2127 2126//2126
f 2120//2120 2121//2121 2128//2128
f 2120//2120 2128//2128 2127//2127
f 2121//2121 2122//2122 2129//2129
f 2121//2121 2129//2129 2128//2128
f 2122//2122 2123//2123 2130//2130
f 2122//2122 2130//2130 2129//2129
f 2123//2123 2124//2124 2131//2131
f 2123//2123 2131//2131 2130//2130
f 2124//2124 2118//2118 2125//2125
f 2124//2124 2125//2125 2131//2131
f 2125//2125 2126//2126 2133//2133
f 2125//2125 2133//2133 2132//2132
f 2126//2126 2127//2127 2134//2134
f 2126//2126 2134//2134 2133//2133
f 2127//2127 2128//2128 2135//2135
f 2127//2127 2135//2135 2134//2134
f 2128//2128 2129//2129 2136//2136
f 2128//2128 2136//2136 2135//2135
f 2129//2129 2130//2130 2137//2137
f 2129//2129 2137//2137 2136//2136
f 2130//2130 2131//2131 2138//2138
f 2130//2130 2138//2138 2137//2137
f 2131//2131 2125//2125 2132//2132
f 2131//2131 2132//2132 2138//2138
f 2139//2139 2132//2132 2133//2133
f 2139//2139 2133//2133 2134//2134
f 2139//2139 2134//2134 2135//2135
f 2139//2139 2135//2135 2136//2136
f 2139//2139 2136//2136 2137//2137
f 2139//2139 2137//2137 2138//2138
f 2139//2139 2138//2138 2132//2132
f 2140//2140 2142//2142 2141//2141
f 2140//2140 2143//2143 2142//2142
f 2140//2140 2144//2144 2143//2143
f 2140//2140 2145//2145 2144//2144
f 2140//2140 2146//2146 2145//2145
f 2140//2140 2147//2147 2146//2146
f 2140//2140 2141//2141 2147//2147
f 2141//2141 2142//2142 2149//2149
f 2141//2141 2149//2149 2148//2148
f 2142//2142 2143//2143 2150//2150
f 2142//2142 2150//2150 2149//2149
f 2143//2143 2144//2144 2151//2151
f 2143//2143 2151//2151 2150//2150
f 2144//2144 2145//2145 2152//2152
f 2144//2144 2152//2152 2151//2151
f 2145//2145 2146//2146 2153//2153
f 2145//2145 2153//2153 2152//2152
f 2146//2146 2147//2147 2154//2154
f 2146//2146 2154//2154 2153//2153
f 2147//2147 2141//2141 2148//2148
f 2147//2147 2148//2148 2154//2154
f 2148//2148 2149//2149 2156//2156
f 2148//2148 2156//2156 2155//2155
f 2149//2149 2150//2150 2157//2157
f 2149//2149 2157//2157 2156//2156
f 2150//2150 2151//2151 2158//2158
f 2150//2150 2158//2158 2157//2157
f 2151//2151 2152//2152 2159//2159
f 2151//2151 2159//2159 2158//2158
f 2152//2152 2153//2153 2160//2160
f 2152//2152 2160//2160 2159//2159
f 2153//2153 2154//2154 2161//2161
f 2153//2153 2161//2161 2160//2160
f 2154//2154 2148//2148 2155//2155
f 2154//2154 2155//2155 2161//2161
f 2162//2162 2155//2155 2156//2156
f 2162//2162 2156//2156 2157//2157
f 2162//2162 2157//2157 2158//2158
f 2162//2162 2158//2158 2159//2159
f 2162//2162 2159//2159 2160//2160
f 2162//2162 2160//2160 2161//2161
f 2162//2162 2161//2161 2155//2155
f 2163//2163 2165//2165 2164//2164
f 2163//2163 2166//2166 2165//2165
f 2163//2163 2167//2167 2166//2166
f 2163//2163 2168//2168 2167//2167
f 2163//2163 2169//2169 2168//2168
f 2163//2163 2170//2170 2169//2169
f 2163//2163 2164//2164 2170//2170
f 2164//2164 2165//2165 2172//2172
f 2164//2164 2172//2172 2171//2171
f 2165//2165 2166//2166 2173//2173
f 2165//2165 2173//2173 2172//2172
f 2166//2166 2167//2167 2174//2174
f 2166//2166 2174//2174 2173//2173
f 2167//2167 2168//2168 2175//2175
f 2167//2167 2175//2175 2174//2174
f 2168//2168 2169//2169 2176//2176
f 2168//2168 2176//2176 2175//2175
f 2169//2169 2170//2170 2177//2177
f 2169//2169 2177//2177 2176//2176
f 2170//2170 2164//2164 2171//2171
f 2170//2170 2171//2171 2177//2177
f 2171//2171 2172//2172 2179//2179
f 2171//2171 2179//2179 2178//2178
f 2172//2172 2173//2173 2180//2180
f 2172//2172 2180//2180 2179//2179
f 2173//2173 2174//2174 2181//2181
f 2173//2173 2181//2181 2180//2180
f 2174//2174 2175//2175 2182//2182
f 2174//2174 2182//2182 2181//2181
f 2175//2175 2176//2176 2183//2183
f 2175//2175 2183//2183 2182//2182
f 2176//2176 2177//2177 2184//2184
f 2176//2176 2184//2184 2183//2183
f 2177//2177 2171//2171 2178//2178
f 2177//2177 2178//2178 2184//2184
f 2185//2185 2178//2178 2179//2179
f 2185//2185 2179//2179 2180//2180
f 2185//2185 2180//2180 2181//2181
f 2185//2185 2181//2181 2182//2182
f 2185//2185 2182//2182 2183//2183
f 2185//2185 2183//2183 2184//2184
f 2185//2185 2184//2184 2178//2178
f 2186//2186 2188//2188 2187//2187
f 2186//2186 2189//2189 2188//2188
f 2186//2186 2190//2190 2189//2189
f 2186//2186 2191//2191 2190//2190
f 2186//2186 2192//2192 2191//2191
f 2186//2186 2193//2193 2192//2192
f 2186//2186 2187//2187 2193//2193
f 2187//2187 2188//2188 2195//2195
f 2187//2187 2195//2195 2194//2194
f 2188//2188 2189//2189 2196//2196
f 2188//2188 2196//2196 2195//2195
f 2189//2189 2190//2190 2197//2197
f 2189//2189 2197//2197 2196//2196
f 2190//2190 2191//2191 2198//2198
f 2190//2190 2198//2198 2197//2197
f 2191//2191 2192//2192 2199//2199
f 2191//2191 2199//2199 2198//2198
f 2192//2192 2193//2193 2200//2200
f 2192//2192 2200//2200 2199//2199
f 2193//2193 2187//2187 2194//2194
f 2193//2193 2194//2194 2200//2200
f 2194//2194 2195//2195 2202//2202
f 2194//2194 2202//2202 2201//2201
f 2195//2195 2196//2196 2203//2203
f 2195//2195 2203//2203 2202//2202
f 2196//2196 2197//2197 2204//2204
f 2196//2196 2204//2204 2203//2203
f 2197//2197 2198//2198 2205//2205
f 2197//2197 2205//2205 2204//2204
f 2198//2198 2199//2199 2206//2206
f 2198//2198 2206//2206 2205//2205
f 2199//2199 2200//2200 2207//2207
f 2199//2199 2207//2207 2206//2206
f 2200//2200 2194//2194 2201//2201
f 2200//2200 2201//2201 2207//2207
f 2208//2208 2201//2201 2202//2202
f 2208//2208 2202//2202 2203//2203
f 2208//2208 2203//2203 2204//2204
f 2208//2208 2204//2204 2205//2205
f 2208//2208 2205//2205 2206//2206
f 2208//2208 2206//2206 2207//2207
f 2208//2208 2207//2207 2201//2201
f 2209//2209 2211//2211 2210//2210
f 2209//2209 2212//2212 2211//2211
f 2209//2209 2213//2213 2212//2212
f 2209//2209 2214//2214 2213//2213
f 2209//2209 2215//2215 2214//2214
f 2209//2209 2216//2216 2215//2215
f 2209//2209 2210//2210 2216//2216
f 2210//2210 2211//2211 2218//2218
f 2210//2210 2218//2218 2217//2217
f 2211//2211 2212//2212 2219//2219
f 2211//2211 2219//2219 2218//2218
f 2212//2212 2213//2213 2220//2220
f 2212//2212 2220//2220 2219//2219
f 2213//2213 2214//2214 2221//2221
f 2213//2213 2221//2221 2220//2220
f 2214//2214 2215//2215 2222//2222
f 2214//2214 2222//2222 2221//2221
f 2215//2215 2216//2216 2223//2223
f 2215//2215 2223//2223 2222//2222
f 2216//2216 2210//2210 2217//2217
f 2216//2216 2217//2217 2223//2223
f 2217//2217 2218//2218 2225//2225
f 2217//2217 2225//2225 2224//2224
f 2218//2218 2219//2219 2226//2226
f 2218//2218 2226//2226 2225//2225
f 2219//2219 2220//2220 2227//2227
f 2219//2219 2227//2227 2226//2226
f 2220//2220 2221//2221 2228//2228
f 2220//2220 2228//2228 2227//2227
f 2221//2221 2222//2222 2229//2229
f 2221//2221 2229//2229 2228//2228
f 2222//2222 2223//2223 2230//2230
f 2222//2222 2230//2230 2229//2229
f 2223//2223 2217//2217 2224//2224
f 2223//2223 2224//2224 2230//2230
f 2231//2231 2224//2224 2225//2225
f 2231//2231 2225//2225 2226//2226
f 2231//2231 2226//2226 2227//2227
f 2231//2231 2227//2227 2228//2228
f 2231//2231 2228//2228 2229//2229
f 2231//2231 2229//2229 2230//2230
f 2231//2231 2230//2230 2224//2224
f 2232//2232 2234//2234 2233//2233
f 2232//2232 2235//2235 2234//2234
f 2232//2232 2236//2236 2235//2235
f 2232//2232 2237//2237 2236//2236
f 2232//2232 2238//2238 2237//2237
f 2232//2232 2239//2239 2238//2238
f 2232//2232 2233//2233 2239//2239
f 2233//2233 2234//2234 2241//2241
f 2233//2233 2241//2241 2240//2240
f 2234//2234 2235//2235 2242//2242
f 2234//2234 2242//2242 2241//2241
f 2235//2235 2236//2236 2243//2243
f 2235//2235 2243//2243 2242//2242
f 2236//2236 2237//2237 2244//2244
f 2236//2236 2244//2244 2243//2243
f 2237//2237 2238//2238 2245//2245
f 2237//2237 2245//2245 2244//2244
f 2238//2238 2239//2239 2246//2246
f 2238//2238 2246//2246 2245//2245
f 2239//2239 2233//2233 2240//2240
f 2239//2239 2240//2240 2246//2246
f 2240//2240 2241//2241 2248//2248
f 2240//2240 2248//2248 2247//2247
f 2241//2241 2242//2242 2249//2249
f 2241//2241 2249//2249 2248//2248
f 2242//2242 2243//2243 2250//2250
f 2242//2242 2250//2250 2249//2249
f 2243//2243 2244//2244 2251//2251
f 2243//2243 2251//2251 2250//2250
f 2244//2244 2245//2245 2252//2252
f 2244//2244 2252//2252 2251//2251
f 2245//2245 2246//2246 2253//2253
f 2245//2245 2253//2253 2252//2252
f 2246//2246 2240//2240 2247//2247
f 2246//2246 2247//2247 2253//2253
f 2254//2254 2247//2247 2248//2248
f 2254//2254 2248//2248 2249//2249
f 2254//2254 2249//2249 2250//2250
f 2254//2254 2250//2250 2251//2251
f 2254//2254 2251//2251 2252//2252
f 2254//2254 2252//2252 2253//2253
f 2254//2254 2253//2253 2247//2247
f 2255//2255 2257//2257 2256//2256
f 2255//2255 2258//2258 2257//2257
f 2255//2255 2259//2259 2258//2258
f 2255//2255 2260//2260 2259//2259
f 2255//2255 2261//2261 2260//2260
f 2255//2255 2262//2262 2261//2261
f 2255//2255 2256//2256 2262//2262
f 2256//2256 2257//2257 2264//2264
f 2256//2256 2264//2264 2263//2263
f 2257//2257 2258//2258 2265//2265
f 2257//2257 2265//2265 2264//2264
f 2258//2258 2259//2259 2266//2266
f 2258//2258 2266//2266 2265//2265
f 2259//2259 2260//2260 2267//2267
f 2259//2259 2267//2267 2266//2266
f 2260//2260 2261//2261 2268//2268
f 2260//2260 2268//2268 2267//2267
f 2261//2261 2262//2262 2269//2269
f 2261//2261 2269//2269 2268//2268
f 2262//2262 2256//2256 2263//2263
f 2262//2262 2263//2263 2269//2269
f 2263//2263 2264//2264 2271//2271
f 2263//2263 2271//2271 2270//2270
f 2264//2264 2265//2265 2272//2272
f 2264//2264 2272//2272 2271//2271
f 2265//2265 2266//2266 2273//2273
f 2265//2265 2273//2273 2272//2272
f 2266//2266 2267//2267 2274//2274
f 2266//2266 2274//2274 2273//2273
f 2267//2267 2268//2268 2275//2275
f 2267//2267 2275//2275 2274//2274
f 2268//2268 2269//2269 2276//2276
f 2268//2268 2276//2276 2275//2275
f 2269//2269 2263//2263 2270//2270
f 2269//2269 2270//2270 2276//2276
f 2277//2277 2270//2270 2271//2271
f 2277//2277 2271//2271 2272//2272
f 2277//2277 2272//2272 2273//2273
f 2277//2277 2273//2273 2274//2274
f 2277//2277 2274//2274 2275//2275
f 2277//2277 2275//2275 2276//2276
f 2277//2277 2276//2276 2270//2270
f 2278//2278 2280//2280 2279//2279
f 2278//2278 2281//2281 2280//2280
f 2278//2278 2282//2282 2281//2281
f 2278//2278 2283//2283 2282//2282
f 2278//2278 2284//2284 2283//2283
f 2278//2278 2285//2285 2284//2284
f 2278//2278 2279//2279 2285//2285
f 2279//2279 2280//2280 2287//2287
f 2279//2279 2287//2287 2286//2286
f 2280//2280 2281//2281 2288//2288
f 2280//2280 2288//2288 2287//2287
f 2281//2281 2282//2282 2289//2289
f 2281//2281 2289//2289 2288//2288
f 2282//2282 2283//2283 2290//2290
f 2282//2282 2290//2290 2289//2289
f 2283//2283 2284//2284 2291//2291
f 2283//2283 2291//2291 2290//2290
f 2284//2284 2285//2285 2292//2292
f 2284//2284 2292//2292 2291//2291
f 2285//2285 2279//2279 2286//2286
f 2285//2285 2286//2286 2292//2292
f 2286//2286 2287//2287 2294//2294
f 2286//2286 2294//2294 2293//2293
f 2287//2287 2288//2288 2295//2295
f 2287//2287 2295//2295 2294//2294
f 2288//2288 2289//2289 2296//2296
f 2288//2288 2296//2296 2295//2295
f 2289//2289 2290//2290 2297//2297
f 2289//2289 2297//2297 2296//2296
f 2290//2290 2291//2291 2298//2298
f 2290//2290 2298//2298 2297//2297
f 2291//2291 2292//2292 2299//2299
f 2291//2291 2299//2299 2298//2298
f 2292//2292 2286//2286 2293//2293
f 2292//2292 2293//2293 2299//2299
f 2300//2300 2293//2293 2294//2294
f 2300//2300 2294//2294 2295//2295
f 2300//2300 2295//2295 2296//2296
f 2300//2300 2296//2296 2297//2297
f 2300//2300 2297//2297 2298//2298
f 2300//2300 2298//2298 2299//2299
f 2300//2300 2299//2299 2293//2293
f 2301//2301 2303//2303 2302//2302
f 2301//2301 2304//2304 2303//2303
f 2301//2301 2305//2305 2304//2304
f 2301//2301 2306//2306 2305//2305
f 2301//2301 2307//2307 2306//2306
f 2301//2301 2308//2308 2307//2307
f 2301//2301 2302//2302 2308//2308
f 2302//2302 2303//2303 2310//2310
f 2302//2302 2310//2310 2309//2309
f 2303//2303 2304//2304 2311//2311
f 2303//2303 2311//2311 2310//2310
f 2304//2304 2305//2305 2312//2312
f 2304//2304 2312//2312 2311//2311
f 2305//2305 2306//2306 2313//2313
f 2305//2305 2313//2313 2312//2312
f 2306//2306 2307//2307 2314//2314
f 2306//2306 2314//2314 2313//2313
f 2307//2307 2308//2308 2315//2315
f 2307//2307 2315//2315 2314//2314
f 2308//2308 2302//2302 2309//2309
f 2308//2308 2309//2309 2315//2315
f 2309//2309 2310//2310 2317//2317
f 2309//2309 2317//2317 2316//2316
f 2310//2310 2311//2311 2318//2318
f 2310//2310 2318//2318 2317//2317
f 2311//2311 2312//2312 2319//2319
f 2311//2311 2319//2319 2318//2318
f 2312//2312 2313//2313 2320//2320
f 2312//2312 2320//2320 2319//2319
f 2313//2313 2314//2314 2321//2321
f 2313//2313 2321//2321 2320//2320
f 2314//2314 2315//2315 2322//2322
f 2314//2314 2322//2322 2321//2321
f 2315//2315 2309//2309 2316//2316
f 2315//2315 2316//2316 2322//2322
f 2323//2323 2316//2316 2317//2317
f 2323//2323 2317//2317 2318//2318
f 2323//2323 2318//2318 2319//2319
f 2323//2323 2319//2319 2320//2320
f 2323//2323 2320//2320 2321//2321
f 2323//2323 2321//2321 2322//2322
f 2323//2323 2322//2322 2316//2316
f 2324//2324 2326//2326 2325//2325
f 2324//2324 2327//2327 2326//2326
f 2324//2324 2328//2328 2327//2327
f 2324//2324 2329//2329 2328//2328
f 2324//2324 2330//2330 2329//2329
f 2324//2324 2331//2331 2330//2330
f 2324//2324 2325//2325 2331//2331
f 2325//2325 2326//2326 2333//2333
f 2325//2325 2333//2333 2332//2332
f 2326//2326 2327//2327 2334//2334
f 2326//2326 2334//2334 2333//2333
f 2327//2327 2328//2328 2335//2335
f 2327//2327 2335//2335 2334//2334
f 2328//2328 2329//2329 2336//2336
f 2328//2328 2336//2336 2335//2335
f 2329//2329 2330//2330 2337//2337
f 2329//2329 2337//2337 2336//2336
f 2330//2330 2331//2331 2338//2338
f 2330//2330 2338//2338 2337//2337
f 2331//2331 2325//2325 2332//2332
f 2331//2331 2332//2332 2338//2338
f 2332//2332 2333//2333 2340//2340
f 2332//2332 2340//2340 2339//2339
f 2333//2333 2334//2334 2341//2341
f 2333//2333 2341//2341 2340//2340
f 2334//2334 2335//2335 2342//2342
f 2334//2334 2342//2342 2341//2341
f 2335//2335 2336//2336 2343//2343
f 2335//2335 2343//2343 2342//2342
f 2336//2336 2337//2337 2344//2344
f 2336//2336 2344//2344 2343//2343
f 2337//2337 2338//2338 2345//2345
f 2337//2337 2345//2345 2344//2344
f 2338//2338 2332//2332 2339//2339
f 2338//2338 2339//2339 2345//2345
f 2346//2346 2339//2339 2340//2340
f 2346//2346 2340//2340 2341//2341
f 2346//2346 2341//2341 2342//2342
f 2346//2346 2342//2342 2343//2343
f 2346//2346 2343//2343 2344//2344
f 2346//2346 2344//2344 2345//2345
f 2346//2346 2345//2345 2339//2339
f 2347//2347 2349//2349 2348//2348
f 2347//2347 2350//2350 2349//2349
f 2347//2347 2351//2351 2350//2350
f 2347//2347 2352//2352 2351//2351
f 2347//2347 2353//2353 2352//2352
f 2347//2347 2354//2354 2353//2353
f 2347//2347 2348//2348 2354//2354
f 2348//2348 2349//2349 2356//2356
f 2348//2348 2356//2356 2355//2355
f 2349//2349 2350//2350 2357//2357
f 2349//2349 2357//2357 2356//2356
f 2350//2350 2351//2351 2358//2358
f 2350//2350 2358//2358 2357//2357
f 2351//2351 2352//2352 2359//2359
f 2351//2351 2359//2359 2358//2358
f 2352//2352 2353//2353 2360//2360
f 2352//2352 2360//2360 2359//2359
f 2353//2353 2354//2354 2361//2361
f 2353//2353 2361//2361 2360//2360
f 2354//2354 2348//2348 2355//2355
f 2354//2354 2355//2355 2361//2361
f 2355//2355 2356//2356 2363//2363
f 2355//2355 2363//2363 2362//2362
f 2356//2356 2357//2357 2364//2364
f 2356//2356 2364//2364 2363//2363
f 2357//2357 2358//2358 2365//2365
f 2357//2357 2365//2365 2364//2364
f 2358//2358 2359//2359 2366//2366
f 2358//2358 2366//2366 2365//2365
f 2359//2359 2360//2360 2367//2367
f 2359//2359 2367//2367 2366//2366
f 2360//2360 2361//2361 2368//2368
f 2360//2360 2368//2368 2367//2367
f 2361//2361 2355//2355 2362//2362
f 2361//2361 2362//2362 2368//2368
f 2369//2369 2362//2362 2363//2363
f 2369//2369 2363//2363 2364//2364
f 2369//2369 2364//2364 2365//2365
f 2369//2369 2365//2365 2366//2366
f 2369//2369 2366//2366 2367//2367
f 2369//2369 2367//2367 2368//2368
f 2369//2369 2368//2368 2362//2362
f 2370//2370 2372//2372 2371//2371
f 2370//2370 2373//2373 2372//2372
f 2370//2370 2374//2374 2373//2373
f 2370//2370 2375//2375 2374//2374
f 2370//2370 2376//2376 2375//2375
f 2370//2370 2377//2377 2376//2376
f 2370//2370 2371//2371 2377//2377
f 2371//2371 2372//2372 2379//2379
f 2371//2371 2379//2379 2378//2378
f 2372//2372 2373//2373 2380//2380
f 2372//2372 2380//2380 2379//2379
f 2373//2373 2374//2374 2381//2381
f 2373//2373 2381//2381 2380//2380
f 2374//2374 2375//2375 2382//2382
f 2374//2374 2382//2382 2381//2381
f 2375//2375 2376//2376 2383//2383
f 2375//2375 2383//2383 2382//2382
f 2376//2376 2377//2377 2384//2384
f 2376//2376 2384//2384 2383//2383
f 2377//2377 2371//2371 2378//2378
f 2377//2377 2378//2378 2384//2384
f 2378//2378 2379//2379 2386//2386
f 2378//2378 2386//2386 2385//2385
f 2379//2379 2380//2380 2387//2387
f 2379//2379 2387//2387 2386//2386
f 2380//2380 2381//2381 2388//2388
f 2380//2380 2388//2388 2387//2387
f 2381//2381 2382//2382 2389//2389
f 2381//2381 2389//2389 2388//2388
f 2382//2382 2383//2383 2390//2390
f 2382//2382 2390//2390 2389//2389
f 2383//2383 2384//2384 2391//2391
f 2383//2383 2391//2391 2390//2390
f 2384//2384 2378//2378 2385//2385
f 2384//2384 2385//2385 2391//2391
f 2392//2392 2385//2385 2386//2386
f 2392//2392 2386//2386 2387//2387
f 2392//2392 2387//2387 2388//2388
f 2392//2392 2388//2388 2389//2389
f 2392//2392 2389//2389 2390//2390
f 2392//2392 2390//2390 2391//2391
f 2392//2392 2391//2391 2385//2385
f 2393//2393 2395//2395 2394//2394
f 2393//2393 2396//2396 2395//2395
f 2393//2393 2397//2397 2396//2396
f 2393//2393 2398//2398 2397//2397
f 2393//2393 2399//2399 2398//2398
f 2393//2393 2400//2400 2399//2399
f 2393//2393 2394//2394 2400//2400
f 2394//2394 2395//2395 2402//2402
f 2394//2394 2402//2402 2401//2401
f 2395//2395 2396//2396 2403//2403
f 2395//2395 2403//2403 2402//2402
f 2396//2396 2397//2397 2404//2404
f 2396//2396 2404//2404 2403//2403
f 2397//2397 2398//2398 2405//2405
f 2397//2397 2405//2405 2404//2404
f 2398//2398 2399//2399 2406//2406
f 2398//2398 2406//2406 2405//2405
f 2399//2399 2400//2400 2407//2407
f 2399//2399 2407//2407 2406//2406
f 2400//2400 2394//2394 2401//2401
f 2400//2400 2401//2401 2407//2407
f 2401//2401 2402//2402 2409//2409
f 2401//2401 2409//2409 2408//2408
f 2402//2402 2403//2403 2410//2410
f 2402//2402 2410//2410 2409//2409
f 2403//2403 2404//2404 2411//2411
f 2403//2403 2411//2411 2410//2410
f 2404//2404 2405//2405 2412//2412
f 2404//2404 2412//2412 2411//2411
f 2405//2405 2406//2406 2413//2413
f 2405//2405 2413//2413 2412//2412
f 2406//2406 2407//2407 2414//2414
f 2406//2406 2414//2414 2413//2413
f 2407//2407 2401//2401 2408//2408
f 2407//2407 2408//2408 2414//2414
f 2415//2415 2408//2408 2409//2409
f 2415//2415 2409//2409 2410//2410
f 2415//2415 2410//2410 2411//2411
f 2415//2415 2411//2411 2412//2412
f 2415//2415 2412//2412 2413//2413
f 2415//2415 2413//2413 2414//2414
f 2415//2415 2414//2414 2408//2408
f 2416//2416 2418//2418 2417//2417
f 2416//2416 2419//2419 2418//2418
f 2416//2416 2420//2420 2419//2419
f 2416//2416 2421//2421 2420//2420
f 2416//2416 2422//2422 2421//2421
f 2416//2416 2423//2423 2422//2422
f 2416//2416 2417//2417 2423//2423
f 2417//2417 2418//2418 2425//2425
f 2417//2417 2425//2425 2424//2424
f 2418//2418 2419//2419 2426//2426
f 2418//2418 2426//2426 2425//2425
f 2419//2419 2420//2420 2427//2427
f 2419//2419 2427//2427 2426//2426
f 2420//2420 2421//2421 2428//2428
f 2420//2420 2428//2428 2427//2427
f 2421//2421 2422//2422 2429//2429
f 2421//2421 2429//2429 2428//2428
f 2422//2422 2423//2423 2430//2430
f 2422//2422 2430//2430 2429//2429
f 2423//2423 2417//2417 2424//2424
f 2423//2423 2424//2424 2430//2430
f 2424//2424 2425//2425 2432//2432
f 2424//2424 2432//2432 2431//2431
f 2425//2425 2426//2426 2433//2433
f 2425//2425 2433//2433 2432//2432
f 2426//2426 2427//2427 2434//2434
f 2426//2426 2434//2434 2433//2433
f 2427//2427 2428//2428 2435//2435
f 2427//2427 2435//2435 2434//2434
f 2428//2428 2429//2429 2436//2436
f 2428//2428 2436//2436 2435//2435
f 2429//2429 2430//2430 2437//2437
f 2429//2429 2437//2437 2436//2436
f 2430//2430 2424//2424 2431//2431
f 2430//2430 2431//2431 2437//2437
f 2438//2438 2431//2431 2432//2432
f 2438//2438 2432//2432 2433//2433
f 2438//2438 2433//2433 2434//2434
f 2438//2438 2434//2434 2435//2435
f 2438//2438 2435//2435 2436//2436
f 2438//2438 2436//2436 2437//2437
f 2438//2438 2437//2437 2431//2431
f 2439//2439 2441//2441 2440//2440
f 2439//2439 2442//2442 2441//2441
f 2439//2439 2443//2443 2442//2442
f 2439//2439 2444//2444 2443//2443
f 2439//2439 2445//2445 2444//2444
f 2439//2439 2446//2446 2445//2445
f 2439//2439 2440//2440 2446//2446
f 2440//2440 2441//2441 2448//2448
f 2440//2440 2448//2448 2447//2447
f 2441//2441 2442//2442 2449//2449
f 2441//2441 2449//2449 2448//2448
f 2442//2442 2443//2443 2450//2450
f 2442//2442 2450//2450 2449//2449
f 2443//2443 2444//2444 2451//2451
f 2443//2443 2451//2451 2450//2450
f 2444//2444 2445//2445 2452//2452
f 2444//2444 2452//2452 2451//2451
f 2445//2445 2446//2446 2453//2453
f 2445//2445 2453//2453 2452//2452
f 2446//2446 2440//2440 2447//2447
f 2446//2446 2447//2447 2453//2453
f 2447//2447 2448//2448 2455//2455
f 2447//2447 2455//2455 2454//2454
f 2448//2448 2449//2449 2456//2456
f 2448//2448 2456//2456 2455//2455
f 2449//2449 2450//2450 2457//2457
f 2449//2449 2457//2457 2456//2456
f 2450//2450 2451//2451 2458//2458
f 2450//2450 2458//2458 2457//2457
f 2451//2451 2452//2452 2459//2459
f 2451//2451 2459//2459 2458//2458
f 2452//2452 2453//2453 2460//2460
f 2452//2452 2460//2460 2459//2459
f 2453//2453 2447//2447 2454//2454
f 2453//2453 2454//2454 2460//2460
f 2461//2461 2454//2454 2455//2455
f 2461//2461 2455//2455 2456//2456
f 2461//2461 2456//2456 2457//2457
f 2461//2461 2457//2457 2458//2458
f 2461//2461 2458//2458 2459//2459
f 2461//2461 2459//2459 2460//2460
f 2461//2461 2460//2460 2454//2454
f 2462//2462 2464//2464 2463//2463
f 2462//2462 2465//2465 2464//2464
f 2462//2462 2466//2466 2465//2465
f 2462//2462 2467//2467 2466//2466
f 2462//2462 2468//2468 2467//2467
f 2462//2462 2469//2469 2468//2468
f 2462//2462 2463//2463 2469//2469
f 2463//2463 2464//2464 2471//2471
f 2463//2463 2471//2471 2470//2470
f 2464//2464 2465//2465 2472//2472
f 2464//2464 2472//2472 2471//2471
f 2465//2465 2466//2466 2473//2473
f 2465//2465 2473//2473 2472//2472
f 2466//2466 2467//2467 2474//2474
f 2466//2466 2474//2474 2473//2473
f 2467//2467 2468//2468 2475//2475
f 2467//2467 2475//2475 2474//2474
f 2468//2468 2469//2469 2476//2476
f 2468//2468 2476//2476 2475//2475
f 2469//2469 2463//2463 2470//2470
f 2469//2469 2470//2470 2476//2476
f 2470//2470 2471//2471 2478//2478
f 2470//2470 2478//2478 2477//2477
f 2471//2471 2472//2472 2479//2479
f 2471//2471 2479//2479 2478//2478
f 2472//2472 2473//2473 2480//2480
f 2472//2472 2480//2480 2479//2479
f 2473//2473 2474//2474 2481//2481
f 2473//2473 2481//2481 2480//2480
f 2474//2474 2475//2475 2482//2482
f 2474//2474 2482//2482 2481//2481
f 2475//2475 2476//2476 2483//2483
f 2475//2475 2483//2483 2482//2482
f 2476//2476 2470//2470 2477//2477
f 2476//2476 2477//2477 2483//2483
f 2484//2484 2477//2477 2478//2478
f 2484//2484 2478//2478 2479//2479
f 2484//2484 2479//2479 2480//2480
f 2484//2484 2480//2480 2481//2481
f 2484//2484 2481//2481 2482//2482
f 2484//2484 2482//2482 2483//2483
f 2484//2484 2483//2483 2477//2477
f 2485//2485 2487//2487 2486//2486
f 2485//2485 2488//2488 2487//2487
f 2485//2485 2489//2489 2488//2488
f 2485//2485 2490//2490 2489//2489
f 2485//2485 2491//2491 2490//2490
f 2485//2485 2492//2492 2491//2491
f 2485//2485 2486//2486 2492//2492
f 2486//2486 2487//2487 2494//2494
f 2486//2486 2494//2494 2493//2493
f 2487//2487 2488//2488 2495//2495
f 2487//2487 2495//2495 2494//2494
f 2488//2488 2489//2489 2496//2496
f 2488//2488 2496//2496 2495//2495
f 2489//2489 2490//2490 2497//2497
f 2489//2489 2497//2497 2496//2496
f 2490//2490 2491//2491 2498//2498
f 2490//2490 2498//2498 2497//2497
f 2491//2491 2492//2492 2499//2499
f 2491//2491 2499//2499 2498//2498
f 2492//2492 2486//2486 2493//2493
f 2492//2492 2493//2493 2499//2499
f 2493//2493 2494//2494 2501//2501
f 2493//2493 2501//2501 2500//2500
f 2494//2494 2495//2495 2502//2502
f 2494//2494 2502//2502 2501//2501
f 2495//2495 2496//2496 2503//2503
f 2495//2495 2503//2503 2502//2502
f 2496//2496 2497//2497 2504//2504
f 2496//2496 2504//2504 2503//2503
f 2497//2497 2498//2498 2505//2505
f 2497//2497 2505//2505 2504//2504
f 2498//2498 2499//2499 2506//2506
f 2498//2498 2506//2506 2505//2505
f 2499//2499 2493//2493 2500//2500
f 2499//2499 2500//2500 2506//2506
f 2507//2507 2500//2500 2501//2501
f 2507//2507 2501//2501 2502//2502
f 2507//2507 2502//2502 2503//2503
f 2507//2507 2503//2503 2504//2504
f 2507//2507 2504//2504 2505//2505
f 2507//2507 2505//2505 2506//2506
f 2507//2507 2506//2506 2500//2500
f 2508//2508 2510//2510 2509//2509
f 2508//2508 2511//2511 2510//2510
f 2508//2508 2512//2512 2511//2511
f 2508//2508 2513//2513 2512//2512
f 2508//2508 2514//2514 2513//2513
f 2508//2508 2515//2515 2514//2514
f 2508//2508 2509//2509 2515//2515
f 2509//2509 2510//2510 2517//2517
f 2509//2509 2517//2517 2516//2516
f 2510//2510 2511//2511 2518//2518
f 2510//2510 2518//2518 2517//2517
f 2511//2511 2512//2512 2519//2519
f 2511//2511 2519//2519 2518//2518
f 2512//2512 2513//2513 2520//2520
f 2512//2512 2520//2520 2519//2519
f 2513//2513 2514//2514 2521//2521
f 2513//2513 2521//2521 2520//2520
f 2514//2514 2515//2515 2522//2522
f 2514//2514 2522//2522 2521//2521
f 2515//2515 2509//2509 2516//2516
f 2515//2515 2516//2516 2522//2522
f 2516//2516 2517//2517 2524//2524
f 2516//2516 2524//2524 2523//2523
f 2517//2517 2518//2518 2525//2525
f 2517//2517 2525//2525 2524//2524
f 2518//2518 2519//2519 2526//2526
f 2518//2518 2526//2526 2525//2525
f 2519//2519 2520//2520 2527//2527
f 2519//2519 2527//2527 2526//2526
f 2520//2520 2521//2521 2528//2528
f 2520//2520 2528//2528 2527//2527
f 2521//2521 2522//2522 2529//2529
f 2521//2521 2529//2529 2528//2528
f 2522//2522 2516//2516 2523//2523
f 2522//2522 2523//2523 2529//2529
f 2530//2530 2523//2523 2524//2524
f 2530//2530 2524//2524 2525//2525
f 2530//2530 2525//2525 2526//2526
f 2530//2530 2526//2526 2527//2527
f 2530//2530 2527//2527 2528//2528
f 2530//2530 2528//2528 2529//2529
f 2530//2530 2529//2529 2523//2523
f 2531//2531 2533//2533 2532//2532
f 2531//2531 2534//2534 2533//2533
f 2531//2531 2535//2535 2534//2534
f 2531//2531 2536//2536 2535//2535
f 2531//2531 2537//2537 2536//2536
f 2531//2531 2538//2538 2537//2537
f 2531//2531 2532//2532 2538//2538
f 2532//2532 2533//2533 2540//2540
f 2532//2532 2540//2540 2539//2539
f 2533//2533 2534//2534 2541//2541
f 2533//2533 2541//2541 2540//2540
f 2534//2534 2535//2535 2542//2542
f 2534//2534 2542//2542 2541//2541
f 2535//2535 2536//2536 2543//2543
f 2535//2535 2543//2543 2542//2542
f 2536//2536 2537//2537 2544//2544
f 2536//2536 2544//2544 2543//2543
f 2537//2537 2538//2538 2545//2545
f 2537//2537 2545//2545 2544//2544
f 2538//2538 2532//2532 2539//2539
f 2538//2538 2539//2539 2545//2545
f 2539//2539 2540//2540 2547//2547
f 2539//2539 2547//2547 2546//2546
f 2540//2540 2541//2541 2548//2548
f 2540//2540 2548//2548 2547//2547
f 2541//2541 2542//2542 2549//2549
f 2541//2541 2549//2549 2548//2548
f 2542//2542 2543//2543 2550//2550
f 2542//2542 2550//2550 2549//2549
f 2543//2543 2544//2544 2551//2551
f 2543//2543 2551//2551 2550//2550
f 2544//2544 2545//2545 2552//2552
f 2544//2544 2552//2552 2551//2551
f 2545//2545 2539//2539 2546//2546
f 2545//2545 2546//2546 2552//2552
f 2553//2553 2546//2546 2547//2547
f 2553//2553 2547//2547 2548//2548
f 2553//2553 2548//2548 2549//2549
f 2553//2553 2549//2549 2550//2550
f 2553//2553 2550//2550 2551//2551
f 2553//2553 2551//2551 2552//2552
f 2553//2553 2552//2552 2546//2546
f 2554//2554 2556//2556 2555//2555
f 2554//2554 2557//2557 2556//2556
f 2554//2554 2558//2558 2557//2557
f 2554//2554 2559//2559 2558//2558
f 2554//2554 2560//2560 2559//2559
f 2554//2554 2561//2561 2560//2560
f 2554//2554 2555//2555 2561//2561
f 2555//2555 2556//2556 2563//2563
f 2555//2555 2563//2563 2562//2562
f 2556//2556 2557//2557 2564//2564
f 2556//2556 2564//2564 2563//2563
f 2557//2557 2558//2558 2565//2565
f 2557//2557 2565//2565 2564//2564
f 2558//2558 2559//2559 2566//2566
f 2558//2558 2566//2566 2565//2565
f 2559//2559 2560//2560 2567//2567
f 2559//2559 2567//2567 2566//2566
f 2560//2560 2561//2561 2568//2568
f 2560//2560 2568//2568 2567//2567
f 2561//2561 2555//2555 2562//2562
f 2561//2561 2562//2562 2568//2568
f 2562//2562 2563//2563 2570//2570
f 2562//2562 2570//2570 2569//2569
f 2563//2563 2564//2564 2571//2571
f 2563//2563 2571//2571 2570//2570
f 2564//2564 2565//2565 2572//2572
f 2564//2564 2572//2572 2571//2571
f 2565//2565 2566//2566 2573//2573
f 2565//2565 2573//2573 2572//2572
f 2566//2566 2567//2567 2574//2574
f 2566//2566 2574//2574 2573//2573
f 2567//2567 2568//2568 2575//2575
f 2567//2567 2575//2575 2574//2574
f 2568//2568 2562//2562 2569//2569
f 2568//2568 2569//2569 2575//2575
f 2576//2576 2569//2569 2570//2570
f 2576//2576 2570//2570 2571//2571
f 2576//2576 2571//2571 2572//2572
f 2576//2576 2572//2572 2573//2573
f 2576//2576 2573//2573 2574//2574
f 2576//2576 2574//2574 2575//2575
f 2576//2576 2575//2575 2569//2569
f 2577//2577 2579//2579 2578//2578
f 2577//2577 2580//2580 2579//2579
f 2577//2577 2581//2581 2580//2580
f 2577//2577 2582//2582 2581//2581
f 2577//2577 2583//2583 2582//2582
f 2577//2577 2584//2584 2583//2583
f 2577//2577 2578//2578 2584//2584
f 2578//2578 2579//2579 2586//2586
f 2578//2578 2586//2586 2585//2585
f 2579//2579 2580//2580 2587//2587
f 2579//2579 2587//2587 2586//2586
f 2580//2580 2581//2581 2588//2588
f 2580//2580 2588//2588 2587//2587
f 2581//2581 2582//2582 2589//2589
f 2581//2581 2589//2589 2588//2588
f 2582//2582 2583//2583 2590//2590
f 2582//2582 2590//2590 2589//2589
f 2583//2583 2584//2584 2591//2591
f 2583//2583 2591//2591 2590//2590
f 2584//2584 2578//2578 2585//2585
f 2584//2584 2585//2585 2591//2591
f 2585//2585 2586//2586 2593//2593
f 2585//2585 2593//2593 2592//2592
f 2586//2586 2587//2587 2594//2594
f 2586//2586 2594//2594 2593//2593
f 2587//2587 2588//2588 2595//2595
f 2587//2587 2595//2595 2594//2594
f 2588//2588 2589//2589 2596//2596
f 2588//2588 2596//2596 2595//2595
f 2589//2589 2590//2590 2597//2597
f 2589//2589 2597//2597 2596//2596
f 2590//2590 2591//2591 2598//2598
f 2590//2590 2598//2598 2597//2597
f 2591//2591 2585//2585 2592//2592
f 2591//2591 2592//2592 2598//2598
f 2599//2599 2592//2592 2593//2593
f 2599//2599 2593//2593 2594//2594
f 2599//2599 2594//2594 2595//2595
f 2599//2599 2595//2595 2596//2596
f 2599//2599 2596//2596 2597//2597
f 2599//2599 2597//2597 2598//2598
f 2599//2599 2598//2598 2592//2592
f 2600//2600 2602//2602 2601//2601
f 2600//2600 2603//2603 2602//2602
f 2600//2600 2604//2604 2603//2603
f 2600//2600 2605//2605 2604//2604
f 2600//2600 2606//2606 2605//2605
f 2600//2600 2607//2607 2606//2606
f 2600//2600 2601//2601 2607//2607
f 2601//2601 2602//2602 2609//2609
f 2601//2601 2609//2609 2608//2608
f 2602//2602 2603//2603 2610//2610
f 2602//2602 2610//2610 2609//2609
f 2603//2603 2604//2604 2611//2611
f 2603//2603 2611//2611 2610//2610
f 2604//2604 2605//2605 2612//2612
f 2604//2604 2612//2612 2611//2611
f 2605//2605 2606//2606 2613//2613
f 2605//2605 2613//2613 2612//2612
f 2606//2606 2607//2607 2614//2614
f 2606//2606 2614//2614 2613//2613
f 2607//2607 2601//2601 2608//2608
f 2607//2607 2608//2608 2614//2614
f 2608//2608 2609//2609 2616//2616
f 2608//2608 2616//2616 2615//2615
f 2609//2609 2610//2610 2617//2617
f 2609//2609 2617//2617 2616//2616
f 2610//2610 2611//2611 2618//2618
f 2610//2610 2618//2618 2617//2617
f 2611//2611 2612//2612 2619//2619
f 2611//2611 2619//2619 2618//2618
f 2612//2612 2613//2613 2620//2620
f 2612//2612 2620//2620 2619//2619
f 2613//2613 2614//2614 2621//2621
f 2613//2613 2621//2621 2620//2620
f 2614//2614 2608//2608 2615//2615
f 2614//2614 2615//2615 2621//2621
f 2622//2622 2615//2615 2616//2616
f 2622//2622 2616//2616 2617//2617
f 2622//2622 2617//2617 2618//2618
f 2622//2622 2618//2618 2619//2619
f 2622//2622 2619//2619 2620//2620
f 2622//2622 2620//2620 2621//2621
f 2622//2622 2621//2621 2615//2615
f 2623//2623 2625//2625 2624//2624
f 2623//2623 2626//2626 2625//2625
f 2623//2623 2627//2627 2626//2626
f 2623//2623 2628//2628 2627//2627
f 2623//2623 2629//2629 2628//2628
f 2623//2623 2630//2630 2629//2629
f 2623//2623 2624//2624 2630//2630
f 2624//2624 2625//2625 2632//2632
f 2624//2624 2632//2632 2631//2631
f 2625//2625 2626//2626 2633//2633
f 2625//2625 2633//2633 2632//2632
f 2626//2626 2627//2627 2634//2634
f 2626//2626 2634//2634 2633//2633
f 2627//2627 2628//2628 2635//2635
f 2627//2627 2635//2635 2634//2634
f 2628//2628 2629//2629 2636//2636
f 2628//2628 2636//2636 2635//2635
f 2629//2629 2630//2630 2637//2637
f 2629//2629 2637//2637 2636//2636
f 2630//2630 2624//2624 2631//2631
f 2630//2630 2631//2631 2637//2637
f 2631//2631 2632//2632 2639//2639
f 2631//2631 2639//2639 2638//2638
f 2632//2632 2633//2633 2640//2640
f 2632//2632 2640//2640 2639//2639
f 2633//2633 2634//2634 2641//2641
f 2633//2633 2641//2641 2640//2640
f 2634//2634 2635//2635 2642//2642
f 2634//2634 2642//2642 2641//2641
f 2635//2635 2636//2636 2643//2643
f 2635//2635 2643//2643 2642//2642
f 2636//2636 2637//2637 2644//2644
f 2636//2636 2644//2644 2643//2643
f 2637//2637 2631//2631 2638//2638
f 2637//2637 2638//2638 2644//2644
f 2645//2645 2638//2638 2639//2639
f 2645//2645 2639//2639 2640//2640
f 2645//2645 2640//2640 2641//2641
f 2645//2645 2641//2641 2642//2642
f 2645//2645 2642//2642 2643//2643
f 2645//2645 2643//2643 2644//2644
f 2645//2645 2644//2644 2638//2638
f 2646//2646 2648//2648 2647//2647
f 2646//2646 2649//2649 2648//2648
f 2646//2646 2650//2650 2649//2649
f 2646//2646 2651//2651 2650//2650
f 2646//2646 2652//2652 2651//2651
f 2646//2646 2653//2653 2652//2652
f 2646//2646 2647//2647 2653//2653
f 2647//2647 2648//2648 2655//2655
f 2647//2647 2655//2655 2654//2654
f 2648//2648 2649//2649 2656//2656
f 2648//2648 2656//2656 2655//2655
f 2649//2649 2650//2650 2657//2657
f 2649//2649 2657//2657 2656//2656
f 2650//2650 2651//2651 2658//2658
f 2650//2650 2658//2658 2657//2657
f 2651//2651 2652//2652 2659//2659
f 2651//2651 2659//2659 2658//2658
f 2652//2652 2653//2653 2660//2660
f 2652//2652 2660//2660 2659//2659
f 2653//2653 2647//2647 2654//2654
f 2653//2653 2654//2654 2660//2660
f 2654//2654 2655//2655 2662//2662
f 2654//2654 2662//2662 2661//2661
f 2655//2655 2656//2656 2663//2663
f 2655//2655 2663//2663 2662//2662
f 2656//2656 2657//2657 2664//2664
f 2656//2656 2664//2664 2663//2663
f 2657//2657 2658//2658 2665//2665
f 2657//2657 2665//2665 2664//2664
f 2658//2658 2659//2659 2666//2666
f 2658//2658 2666//2666 2665//2665
f 2659//2659 2660//2660 2667//2667
f 2659//2659 2667//2667 2666//2666
f 2660//2660 2654//2654 2661//2661
f 2660//2660 2661//2661 2667//2667
f 2668//2668 2661//2661 2662//2662
f 2668//2668 2662//2662 2663//2663
f 2668//2668 2663//2663 2664//2664
f 2668//2668 2664//2664 2665//2665
f 2668//2668 2665//2665 2666//2666
f 2668//2668 2666//2666 2667//2667
f 2668//2668 2667//2667 2661//2661
f 2669//2669 2671//2671 2670//2670
f 2669//2669 2672//2672 2671//2671
f 2669//2669 2673//2673 2672//2672
f 2669//2669 2674//2674 2673//2673
f 2669//2669 2675//2675 2674//2674
f 2669//2669 2676//2676 2675//2675
f 2669//2669 2670//2670 2676//2676
f 2670//2670 2671//2671 2678//2678
f 2670//2670 2678//2678 2677//2677
f 2671//2671 2672//2672 2679//2679
f 2671//2671 2679//2679 2678//2678
f 2672//2672 2673//2673 2680//2680
f 2672//2672 2680//2680 2679//2679
f 2673//2673 2674//2674 2681//2681
f 2673//2673 2681//2681 2680//2680
f 2674//2674 2675//2675 2682//2682
f 2674//2674 2682//2682 2681//2681
f 2675//2675 2676//2676 2683//2683
f 2675//2675 2683//2683 2682//2682
f 2676//2676 2670//2670 2677//2677
f 2676//2676 2677//2677 2683//2683
f 2677//2677 2678//2678 2685//2685
f 2677//2677 2685//2685 2684//2684
f 2678//2678 2679//2679 2686//2686
f 2678//2678 2686//2686 2685//2685
f 2679//2679 2680//2680 2687//2687
f 2679//2679 2687//2687 2686//2686
f 2680//2680 2681//2681 2688//2688
f 2680//2680 2688//2688 2687//2687
f 2681//2681 2682//2682 2689//2689
f 2681//2681 2689//2689 2688//2688
f 2682//2682 2683//2683 2690//2690
f 2682//2682 2690//2690 2689//2689
f 2683//2683 2677//2677 2684//2684
f 2683//2683 2684//2684 2690//2690
f 2691//2691 2684//2684 2685//2685
f 2691//2691 2685//2685 2686//2686
f 2691//2691 2686//2686 2687//2687
f 2691//2691 2687//2687 2688//2688
f 2691//2691 2688//2688 2689//2689
f 2691//2691 2689//2689 2690//2690
f 2691//2691 2690//2690 2684//2684
f 2692//2692 2694//2694 2693//2693
f 2692//2692 2695//2695 2694//2694
f 2692//2692 2696//2696 2695//2695
f 2692//2692 2697//2697 2696//2696
f 2692//2692 2698//2698 2697//2697
f 2692//2692 2699//2699 2698//2698
f 2692//2692 2693//2693 2699//2699
f 2693//2693 2694//2694 2701//2701
f 2693//2693 2701//2701 2700//2700
f 2694//2694 2695//2695 2702//2702
f 2694//2694 2702//2702 2701//2701
f 2695//2695 2696//2696 2703//2703
f 2695//2695 2703//2703 2702//2702
f 2696//2696 2697//2697 2704//2704
f 2696//2696 2704//2704 2703//2703
f 2697//2697 2698//2698 2705//2705
f 2697//2697 2705//2705 2704//2704
f 2698//2698 2699//2699 2706//2706
f 2698//2698 2706//2706 2705//2705
f 2699//2699 2693//2693 2700//2700
f 2699//2699 2700//2700 2706//2706
f 2700//2700 2701//2701 2708//2708
f 2700//2700 2708//2708 2707//2707
f 2701//2701 2702//2702 2709//2709
f 2701//2701 2709//2709 2708//2708
f 2702//2702 2703//2703 2710//2710
f 2702//2702 2710//2710 2709//2709
f 2703//2703 2704//2704 2711//2711
f 2703//2703 2711//2711 2710//2710
f 2704//2704 2705//2705 2712//2712
f 2704//2704 2712//2712 2711//2711
f 2705//2705 2706//2706 2713//2713
f 2705//2705 2713//2713 2712//2712
f 2706//2706 2700//2700 2707//2707
f 2706//2706 2707//2707 2713//2713
f 2714//2714 2707//2707 2708//2708
f 2714//2714 2708//2708 2709//2709
f 2714//2714 2709//2709 2710//2710
f 2714//2714 2710//2710 2711//2711
f 2714//2714 2711//2711 2712//2712
f 2714//2714 2712//2712 2713//2713
f 2714//2714 2713//2713 2707//2707
f 2715//2715 2717//2717 2716//2716
f 2715//2715 2718//2718 2717//2717
f 2715//2715 2719//2719 2718//2718
f 2715//2715 2720//2720 2719//2719
f 2715//2715 2721//2721 2720//2720
f 2715//2715 2722//2722 2721//2721
f 2715//2715 2716//2716 2722//2722
f 2716//2716 2717//2717 2724//2724
f 2716//2716 2724//2724 2723//2723
f 2717//2717 2718//2718 2725//2725
f 2717//2717 2725//2725 2724//2724
f 2718//2718 2719//2719 2726//2726
f 2718//2718 2726//2726 2725//2725
f 2719//2719 2720//2720 2727//2727
f 2719//2719 2727//2727 2726//2726
f 2720//2720 2721//2721 2728//2728
f 2720//2720 2728//2728 2727//2727
f 2721//2721 2722//2722 2729//2729
f 2721//2721 2729//2729 2728//2728
f 2722//2722 2716//2716 2723//2723
f 2722//2722 2723//2723 2729//2729
f 2723//2723 2724//2724 2731//2731
f 2723//2723 2731//2731 2730//2730
f 2724//2724 2725//2725 2732//2732
f 2724//2724 2732//2732 2731//2731
f 2725//2725 2726//2726 2733//2733
f 2725//2725 2733//2733 2732//2732
f 2726//2726 2727//2727 2734//2734
f 2726//2726 2734//2734 2733//2733
f 2727//2727 2728//2728 2735//2735
f 2727//2727 2735//2735 2734//2734
f 2728//2728 2729//2729 2736//2736
f 2728//2728 2736//2736 2735//2735
f 2729//2729 2723//2723 2730//2730
f 2729//2729 2730//2730 2736//2736
f 2737//2737 2730//2730 2731//2731
f 2737//2737 2731//2731 2732//2732
f 2737//2737 2732//2732 2733//2733
f 2737//2737 2733//2733 2734//2734
f 2737//2737 2734//2734 2735//2735
f 2737//2737 2735//2735 2736//2736
f 2737//2737 2736//2736 2730//2730
f 2738//2738 2740//2740 2739//2739
f 2738//2738 2741//2741 2740//2740
f 2738//2738 2742//2742 2741//2741
f 2738//2738 2743//2743 2742//2742
f 2738//2738 2744//2744 2743//2743
f 2738//2738 2745//2745 2744//2744
f 2738//2738 2739//2739 2745//2745
f 2739//2739 2740//2740 2747//2747
f 2739//2739 2747//2747 2746//2746
f 2740//2740 2741//2741 2748//2748
f 2740//2740 2748//2748 2747//2747
f 2741//2741 2742//2742 2749//2749
f 2741//2741 2749//2749 2748//2748
f 2742//2742 2743//2743 2750//2750
f 2742//2742 2750//2750 2749//2749
f 2743//2743 2744//2744 2751//2751
f 2743//2743 2751//2751 2750//2750
f 2744//2744 2745//2745 2752//2752
f 2744//2744 2752//2752 2751//2751
f 2745//2745 2739//2739 2746//2746
f 2745//2745 2746//2746 2752//2752
f 2746//2746 2747//2747 2754//2754
f 2746//2746 2754//2754 2753//2753
f 2747//2747 2748//2748 2755//2755
f 2747//2747 2755//2755 2754//2754
f 2748//2748 2749//2749 2756//2756
f 2748//2748 2756//2756 2755//2755
f 2749//2749 2750//2750 2757//2757
f 2749//2749 2757//2757 2756//2756
f 2750//2750 2751//2751 2758//2758
f 2750//2750 2758//2758 2757//2757
f 2751//2751 2752//2752 2759//2759
f 2751//2751 2759//2759 2758//2758
f 2752//2752 2746//2746 2753//2753
f 2752//2752 2753//2753 2759//2759
f 2760//2760 2753//2753 2754//2754
f 2760//2760 2754//2754 2755//2755
f 2760//2760 2755//2755 2756//2756
f 2760//2760 2756//2756 2757//2757
f 2760//2760 2757//2757 2758//2758
f 2760//2760 2758//2758 2759//2759
f 2760//2760 2759//2759 2753//2753
f 2761//2761 2763//2763 2762//2762
f 2761//2761 2764//2764 2763//2763
f 2761//2761 2765//2765 2764//2764
f 2761//2761 2766//2766 2765//2765
f 2761//2761 2767//2767 2766//2766
f 2761//2761 2768//2768 2767//2767
f 2761//2761 2762//2762 2768//2768
f 2762//2762 2763//2763 2770//2770
f 2762//2762 2770//2770 2769//2769
f 2763//2763 2764//2764 2771//2771
f 2763//2763 2771//2771 2770//2770
f 2764//2764 2765//2765 2772//2772
f 2764//2764 2772//2772 2771//2771
f 2765//2765 2766//2766 2773//2773
f 2765//2765 2773//2773 2772//2772
f 2766//2766 2767//2767 2774//2774
f 2766//2766 2774//2774 2773//2773
f 2767//2767 2768//2768 2775//2775
f 2767//2767 2775//2775 2774//2774
f 2768//2768 2762//2762 2769//2769
f 2768//2768 2769//2769 2775//2775
f 2769//2769 2770//2770 2777//2777
f 2769//2769 2777//2777 2776//2776
f 2770//2770 2771//2771 2778//2778
f 2770//2770 2778//2778 2777//2777
f 2771//2771 2772//2772 2779//2779
f 2771//2771 2779//2779 2778//2778
f 2772//2772 2773//2773 2780//2780
f 2772//2772 2780//2780 2779//2779
f 2773//2773 2774//2774 2781//2781
f 2773//2773 2781//2781 2780//2780
f 2774//2774 2775//2775 2782//2782
f 2774//2774 2782//2782 2781//2781
f 2775//2775 2769//2769 2776//2776
f 2775//2775 2776//2776 2782//2782
f 2783//2783 2776//2776 2777//2777
f 2783//2783 2777//2777 2778//2778
f 2783//2783 2778//2778 2779//2779
f 2783//2783 2779//2779 2780//2780
f 2783//2783 2780//2780 2781//2781
f 2783//2783 2781//2781 2782//2782
f 2783//2783 2782//2782 2776//2776
f 2784//2784 2786//2786 2785//2785
f 2784//2784 2787//2787 2786//2786
f 2784//2784 2788//2788 2787//2787
f 2784//2784 2789//2789 2788//2788
f 2784//2784 2790//2790 2789//2789
f 2784//2784 2791//2791 2790//2790
f 2784//2784 2785//2785 2791//2791
f 2785//2785 2786//2786 2793//2793
f 2785//2785 2793//2793 2792//2792
f 2786//2786 2787//2787 2794//2794
f 2786//2786 2794//2794 2793//2793
f 2787//2787 2788//2788 2795//2795
f 2787//2787 2795//2795 2794//2794
f 2788//2788 2789//2789 2796//2796
f 2788//2788 2796//2796 2795//2795
f 2789//2789 2790//2790 2797//2797
f 2789//2789 2797//2797 2796//2796
f 2790//2790 2791//2791 2798//2798
f 2790//2790 2798//2798 2797//2797
f 2791//2791 2785//2785 2792//2792
f 2791//2791 2792//2792 2798//2798
f 2792//2792 2793//2793 2800//2800
f 2792//2792 2800//2800 2799//2799
f 2793//2793 2794//2794 2801//2801
f 2793//2793 2801//2801 2800//2800
f 2794//2794 2795//2795 2802//2802
f 2794//2794 2802//2802 2801//2801
f 2795//2795 2796//2796 2803//2803
f 2795//2795 2803//2803 2802//2802
f 2796//2796 2797//2797 2804//2804
f 2796//2796 2804//2804 2803//2803
f 2797//2797 2798//2798 2805//2805
f 2797//2797 2805//2805 2804//2804
f 2798//2798 2792//2792 2799//2799
f 2798//2798 2799//2799 2805//2805
f 2806//2806 2799//2799 2800//2800
f 2806//2806 2800//2800 2801//2801
f 2806//2806 2801//2801 2802//2802
f 2806//2806 2802//2802 2803//2803
f 2806//2806 2803//2803 2804//2804
f 2806//2806 2804//2804 2805//2805
f 2806//2806 2805//2805 2799//2799
f 2807//2807 2809//2809 2808//2808
f 2807//2807 2810//2810 2809//2809
f 2807//2807 2811//2811 2810//2810
f 2807//2807 2812//2812 2811//2811
f 2807//2807 2813//2813 2812//2812
f 2807//2807 2814//2814 2813//2813
f 2807//2807 2808//2808 2814//2814
f 2808//2808 2809//2809 2816//2816
f 2808//2808 2816//2816 2815//2815
f 2809//2809 2810//2810 2817//2817
f 2809//2809 2817//2817 2816//2816
f 2810//2810 2811//2811 2818//2818
f 2810//2810 2818//2818 2817//2817
f 2811//2811 2812//2812 2819//2819
f 2811//2811 2819//2819 2818//2818
f 2812//2812 2813//2813 2820//2820
f 2812//2812 2820//2820 2819//2819
f 2813//2813 2814//2814 2821//2821
f 2813//2813 2821//2821 2820//2820
f 2814//2814 2808//2808 2815//2815
f 2814//2814 2815//2815 2821//2821
f 2815//2815 2816//2816 2823//2823
f 2815//2815 2823//2823 2822//2822
f 2816//2816 2817//2817 2824//2824
f 2816//2816 2824//2824 2823//2823
f 2817//2817 2818//2818 2825//2825
f 2817//2817 2825//2825 2824//2824
f 2818//2818 2819//2819 2826//2826
f 2818//2818 2826//2826 2825//2825
f 2819//2819 2820//2820 2827//2827
f 2819//2819 2827//2827 2826//2826
f 2820//2820 2821//2821 2828//2828
f 2820//2820 2828//2828 2827//2827
f 2821//2821 2815//2815 2822//2822
f 2821//2821 2822//2822 2828//2828
f 2829//2829 2822//2822 2823//2823
f 2829//2829 2823//2823 2824//2824
f 2829//2829 2824//2824 2825//2825
f 2829//2829 2825//2825 2826//2826
f 2829//2829 2826//2826 2827//2827
f 2829//2829 2827//2827 2828//2828
f 2829//2829 2828//2828 2822//2822
f 2830//2830 2832//2832 2831//2831
f 2830//2830 2833//2833 2832//2832
f 2830//2830 2834//2834 2833//2833
f 2830//2830 2835//2835 2834//2834
f 2830//2830 2836//2836 2835//2835
f 2830//2830 2837//2837 2836//2836
f 2830//2830 2831//2831 2837//2837
f 2831//2831 2832//2832 2839//2839
f 2831//2831 2839//2839 2838//2838
f 2832//2832 2833//2833 2840//2840
f 2832//2832 2840//2840 2839//2839
f 2833//2833 2834//2834 2841//2841
f 2833//2833 2841//2841 2840//2840
f 2834//2834 2835//2835 2842//2842
f 2834//2834 2842//2842 2841//2841
f 2835//2835 2836//2836 2843//2843
f 2835//2835 2843//2843 2842//2842
f 2836//2836 2837//2837 2844//2844
f 2836//2836 2844//2844 2843//2843
f 2837//2837 2831//2831 2838//2838
f 2837//2837 2838//2838 2844//2844
f 2838//2838 2839//2839 2846//2846
f 2838//2838 2846//2846 2845//2845
f 2839//2839 2840//2840 2847//2847
f 2839//2839 2847//2847 2846//2846
f 2840//2840 2841//2841 2848//2848
f 2840//2840 2848//2848 2847//2847
f 2841//2841 2842//2842 2849//2849
f 2841//2841 2849//2849 2848//2848
f 2842//2842 2843//2843 2850//2850
f 2842//2842 2850//2850 2849//2849
f 2843//2843 2844//2844 2851//2851
f 2843//2843 2851//2851 2850//2850
f 2844//2844 2838//2838 2845//2845
f 2844//2844 2845//2845 2851//2851
f 2852//2852 2845//2845 2846//2846
f 2852//2852 2846//2846 2847//2847
f 2852//2852 2847//2847 2848//2848
f 2852//2852 2848//2848 2849//2849
f 2852//2852 2849//2849 2850//2850
f 2852//2852 2850//2850 2851//2851
f 2852//2852 2851//2851 2845//2845
f 2853//2853 2855//2855 2854//2854
f 2853//2853 2856//2856 2855//2855
f 2853//2853 2857//2857 2856//2856
f 2853//2853 2858//2858 2857//2857
f 2853//2853 2859//2859 2858//2858
f 2853//2853 2860//2860 2859//2859
f 2853//2853 2854//2854 2860//2860
f 2854//2854 2855//2855 2862//2862
f 2854//2854 2862//2862 2861//2861
f 2855//2855 2856//2856 2863//2863
f 2855//2855 2863//2863 2862//2862
f 2856//2856 2857//2857 2864//2864
f 2856//2856 2864//2864 2863//2863
f 2857//2857 2858//2858 2865//2865
f 2857//2857 2865//2865 2864//2864
f 2858//2858 2859//2859 2866//2866
f 2858//2858 2866//2866 2865//2865
f 2859//2859 2860//2860 2867//2867
f 2859//2859 2867//2867 2866//2866
f 2860//2860 2854//2854 2861//2861
f 2860//2860 2861//2861 2867//2867
f 2861//2861 2862//2862 2869//2869
f 2861//2861 2869//2869 2868//2868
f 2862//2862 2863//2863 2870//2870
f 2862//2862 2870//2870 2869//2869
f 2863//2863 2864//2864 2871//2871
f 2863//2863 2871//2871 2870//2870
f 2864//2864 2865//2865 2872//2872
f 2864//2864 2872//2872 2871//2871
f 2865//2865 2866//2866 2873//2873
f 2865//2865 2873//2873 2872//2872
f 2866//2866 2867//2867 2874//2874
f 2866//2866 2874//2874 2873//2873
f 2867//2867 2861//2861 2868//2868
f 2867//2867 2868//2868 2874//2874
f 2875//2875 2868//2868 2869//2869
f 2875//2875 2869//2869 2870//2870
f 2875//2875 2870//2870 2871//2871
f 2875//2875 2871//2871 2872//2872
f 2875//2875 2872//2872 2873//2873
f 2875//2875 2873//2873 2874//2874
f 2875//2875 2874//2874 2868//2868
f 2876//2876 2878//2878 2877//2877
f 2876//2876 2879//2879 2878//2878
f 2876//2876 2880//2880 2879//2879
f 2876//2876 2881//2881 2880//2880
f 2876//2876 2882//2882 2881//2881
f 2876//2876 2883//2883 2882//2882
f 2876//2876 2877//2877 2883//2883
f 2877//2877 2878//2878 2885//2885
f 2877//2877 2885//2885 2884//2884
f 2878//2878 2879//2879 2886//2886
f 2878//2878 2886//2886 2885//2885
f 2879//2879 2880//2880 2887//2887
f 2879//2879 2887//2887 2886//2886
f 2880//2880 2881//2881 2888//2888
f 2880//2880 2888//2888 2887//2887
f 2881//2881 2882//2882 2889//2889
f 2881//2881 2889//2889 2888//2888
f 2882//2882 2883//2883 2890//2890
f 2882//2882 2890//2890 2889//2889
f 2883//2883 2877//2877 2884//2884
f 2883//2883 2884//2884 2890//2890
f 2884//2884 2885//2885 2892//2892
f 2884//2884 2892//2892 2891//2891
f 2885//2885 2886//2886 2893//2893
f 2885//2885 2893//2893 2892//2892
f 2886//2886 2887//2887 2894//2894
f 2886//2886 2894//2894 2893//2893
f 2887//2887 2888//2888 2895//2895
f 2887//2887 2895//2895 2894//2894
f 2888//2888 2889//2889 2896//2896
f 2888//2888 2896//2896 2895//2895
f 2889//2889 2890//2890 2897//2897
f 2889//2889 2897//2897 2896//2896
f 2890//2890 2884//2884 2891//2891
f 2890//2890 2891//2891 2897//2897
f 2898//2898 2891//2891 2892//2892
f 2898//2898 2892//2892 2893//2893
f 2898//2898 2893//2893 2894//2894
f 2898//2898 2894//2894 2895//2895
f 2898//2898 2895//2895 2896//2896
f 2898//2898 2896//2896 2897//2897
f 2898//2898 2897//2897 2891//2891
f 2899//2899 2901//2901 2900//2900
f 2899//2899 2902//2902 2901//2901
f 2899//2899 2903//2903 2902//2902
f 2899//2899 2904//2904 2903//2903
f 2899//2899 2905//2905 2904//2904
f 2899//2899 2906//2906 2905//2905
f 2899//2899 2900//2900 2906//2906
f 2900//2900 2901//2901 2908//2908
f 2900//2900 2908//2908 2907//2907
f 2901//2901 2902//2902 2909//2909
f 2901//2901 2909//2909 2908//2908
f 2902//2902 2903//2903 2910//2910
f 2902//2902 2910//2910 2909//2909
f 2903//2903 2904//2904 2911//2911
f 2903//2903 2911//2911 2910//2910
f 2904//2904 2905//2905 2912//2912
f 2904//2904 2912//2912 2911//2911
f 2905//2905 2906//2906 2913//2913
f 2905//2905 2913//2913 2912//2912
f 2906//2906 2900//2900 2907//2907
f 2906//2906 2907//2907 2913//2913
f 2907//2907 2908//2908 2915//2915
f 2907//2907 2915//2915 2914//2914
f 2908//2908 2909//2909 2916//2916
f 2908//2908 2916//2916 2915//2915
f 2909//2909 2910//2910 2917//2917
f 2909//2909 2917//2917 2916//2916
f 2910//2910 2911//2911 2918//2918
f 2910//2910 2918//2918 2917//2917
f 2911//2911 2912//2912 2919//2919
f 2911//2911 2919//2919 2918//2918
f 2912//2912 2913//2913 2920//2920
f 2912//2912 2920//2920 2919//2919
f 2913//2913 2907//2907 2914//2914
f 2913//2913 2914//2914 2920//2920
f 2921//2921 2914//2914 2915//2915
f 2921//2921 2915//2915 2916//2916
f 2921//2921 2916//2916 2917//2917
f 2921//2921 2917//2917 2918//2918
f 2921//2921 2918//2918 2919//2919
f 2921//2921 2919//2919 2920//2920
f 2921//2921 2920//2920 2914//2914
f 2922//2922 2924//2924 2923//2923
f 2922//2922 2925//2925 2924//2924
f 2922//2922 2926//2926 2925//2925
f 2922//2922 2927//2927 2926//2926
f 2922//2922 2928//2928 2927//2927
f 2922//2922 2929//2929 2928//2928
f 2922//2922 2923//2923 2929//2929
f 2923//2923 2924//2924 2931//2931
f 2923//2923 2931//2931 2930//2930
f 2924//2924 2925//2925 2932//2932
f 2924//2924 2932//2932 2931//2931
f 2925//2925 2926//2926 2933//2933
f 2925//2925 2933//2933 2932//2932
f 2926//2926 2927//2927 2934//2934
f 2926//2926 2934//2934 2933//2933
f 2927//2927 2928//2928 2935//2935
f 2927//2927 2935//2935 2934//2934
f 2928//2928 2929//2929 2936//2936
f 2928//2928 2936//2936 2935//2935
f 2929//2929 2923//2923 2930//2930
f 2929//2929 2930//2930 2936//2936
f 2930//2930 2931//2931 2938//2938
f 2930//2930 2938//2938 2937//2937
f 2931//2931 2932//2932 2939//2939
f 2931//2931 2939//2939 2938//2938
f 2932//2932 2933//2933 2940//2940
f 2932//2932 2940//2940 2939//2939
f 2933//2933 2934//2934 2941//2941
f 2933//2933 2941//2941 2940//2940
f 2934//2934 2935//2935 2942//2942
f 2934//2934 2942//2942 2941//2941
f 2935//2935 2936//2936 2943//2943
f 2935//2935 2943//2943 2942//2942
f 2936//2936 2930//2930 2937//2937
f 2936//2936 2937//2937 2943//2943
f 2944//2944 2937//2937 2938//2938
f 2944//2944 2938//2938 2939//2939
f 2944//2944 2939//2939 2940//2940
f 2944//2944 2940//2940 2941//2941
f 2944//2944 2941//2941 2942//2942
f 2944//2944 2942//2942 2943//2943
f 2944//2944 2943//2943 2937//2937
f 2945//2945 2947//2947 2946//2946
f 2945//2945 2948//2948 2947//2947
f 2945//2945 2949//2949 2948//2948
f 2945//2945 2950//2950 2949//2949
f 2945//2945 2951//2951 2950//2950
f 2945//2945 2952//2952 2951//2951
f 2945//2945 2946//2946 2952//2952
f 2946//2946 2947//2947 2954//2954
f 2946//2946 2954//2954 2953//2953
f 2947//2947 2948//2948 2955//2955
f 2947//2947 2955//2955 2954//2954
f 2948//2948 2949//2949 2956//2956
f 2948//2948 2956//2956 2955//2955
f 2949//2949 2950//2950 2957//2957
f 2949//2949 2957//2957 2956//2956
f 2950//2950 2951//2951 2958//2958
f 2950//2950 2958//2958 2957//2957
f 2951//2951 2952//2952 2959//2959
f 2951//2951 2959//2959 2958//2958
f 2952//2952 2946//2946 2953//2953
f 2952//2952 2953//2953 2959//2959
f 2953//2953 2954//2954 2961//2961
f 2953//2953 2961//2961 2960//2960
f 2954//2954 2955//2955 2962//2962
f 2954//2954 2962//2962 2961//2961
f 2955//2955 2956//2956 2963//2963
f 2955//2955 2963//2963 2962//2962
f 2956//2956 2957//2957 2964//2964
f 2956//2956 2964//2964 2963//2963
f 2957//2957 2958//2958 2965//2965
f 2957//2957 2965//2965 2964//2964
f 2958//2958 2959//2959 2966//2966
f 2958//2958 2966//2966 2965//2965
f 2959//2959 2953//2953 2960//2960
f 2959//2959 2960//2960 2966//2966
f 2967//2967 2960//2960 2961//2961
f 2967//2967 2961//2961 2962//2962
f 2967//2967 2962//2962 2963//2963
f 2967//2967 2963//2963 2964//2964
f 2967//2967 2964//2964 2965//2965
f 2967//2967 2965//2965 2966//2966
f 2967//2967 2966//2966 2960//2960
f 2968//2968 2970//2970 2969//2969
f 2968//2968 2971//2971 2970//2970
f 2968//2968 2972//2972 2971//2971
f 2968//2968 2973//2973 2972//2972
f 2968//2968 2974//2974 2973//2973
f 2968//2968 2975//2975 2974//2974
f 2968//2968 2969//2969 2975//2975
f 2969//2969 2970//2970 2977//2977
f 2969//2969 2977//2977 2976//2976
f 2970//2970 2971//2971 2978//2978
f 2970//2970 2978//2978 2977//2977
f 2971//2971 2972//2972 2979//2979
f 2971//2971 2979//2979 2978//2978
f 2972//2972 2973//2973 2980//2980
f 2972//2972 2980//2980 2979//2979
f 2973//2973 2974//2974 2981//2981
f 2973//2973 2981//2981 2980//2980
f 2974//2974 2975//2975 2982//2982
f 2974//2974 2982//2982 2981//2981
f 2975//2975 2969//2969 2976//2976
f 2975//2975 2976//2976 2982//2982
f 2976//2976 2977//2977 2984//2984
f 2976//2976 2984//2984 2983//2983
f 2977//2977 2978//2978 2985//2985
f 2977//2977 2985//2985 2984//2984
f 2978//2978 2979//2979 2986//2986
f 2978//2978 2986//2986 2985//2985
f 2979//2979 2980//2980 2987//2987
f 2979//2979 2987//2987 2986//2986
f 2980//2980 2981//2981 2988//2988
f 2980//2980 2988//2988 2987//2987
f 2981//2981 2982//2982 2989//2989
f 2981//2981 2989//2989 2988//2988
f 2982//2982 2976//2976 2983//2983
f 2982//2982 2983//2983 2989//2989
f 2990//2990 2983//2983 2984//2984
f 2990//2990 2984//2984 2985//2985
f 2990//2990 2985//2985 2986//2986
f 2990//2990 2986//2986 2987//2987
f 2990//2990 2987//2987 2988//2988
f 2990//2990 2988//2988 2989//2989
f 2990//2990 2989//2989 2983//2983
f 2991//2991 2993//2993 2992//2992
f 2991//2991 2994//2994 2993//2993
f 2991//2991 2995//2995 2994//2994
f 2991//2991 2996//2996 2995//2995
f 2991//2991 2997//2997 2996//2996
f 2991//2991 2998//2998 2997//2997
f 2991//2991 2992//2992 2998//2998
f 2992//2992 2993//2993 3000//3000
f 2992//2992 3000//3000 2999//2999
f 2993//2993 2994//2994 3001//3001
f 2993//2993 3001//3001 3000//3000
f 2994//2994 2995//2995 3002//3002
f 2994//2994 3002//3002 3001//3001
f 2995//2995 2996//2996 3003//3003
f 2995//2995 3003//3003 3002//3002
f 2996//2996 2997//2997 3004//3004
f 2996//2996 3004//3004 3003//3003
f 2997//2997 2998//2998 3005//3005
f 2997//2997 3005//3005 3004//3004
f 2998//2998 2992//2992 2999//2999
f 2998//2998 2999//2999 3005//3005
f 2999//2999 3000//3000 3007//3007
f 2999//2999 3007//3007 3006//3006
f 3000//3000 3001//3001 3008//3008
f 3000//3000 3008//3008 3007//3007
f 3001//3001 3002//3002 3009//3009
f 3001//3001 3009//3009 3008//3008
f 3002//3002 3003//3003 3010//3010
f 3002//3002 3010//3010 3009//3009
f 3003//3003 3004//3004 3011//3011
f 3003//3003 3011//3011 3010//3010
f 3004//3004 3005//3005 3012//3012
f 3004//3004 3012//3012 3011//3011
f 3005//3005 2999//2999 3006//3006
f 3005//3005 3006//3006 3012//3012
f 3013//3013 3006//3006 3007//3007
f 3013//3013 3007//3007 3008//3008
f 3013//3013 3008//3008 3009//3009
f 3013//3013 3009//3009 3010//3010
f 3013//3013 3010//3010 3011//3011
f 3013//3013 3011//3011 3012//3012
f 3013//3013 3012//3012 3006//3006
f 3014//3014 3016//3016 3015//3015
f 3014//3014 3017//3017 3016//3016
f 3014//3014 3018//3018 3017//3017
f 3014//3014 3019//3019 3018//3018
f 3014//3014 3020//3020 3019//3019
f 3014//3014 3021//3021 3020//3020
f 3014//3014 3015//3015 3021//3021
f 3015//3015 3016//3016 3023//3023
f 3015//3015 3023//3023 3022//3022
f 3016//3016 3017//3017 3024//3024
f 3016//3016 3024//3024 3023//3023
f 3017//3017 3018//3018 3025//3025
f 3017//3017 3025//3025 3024//3024
f 3018//3018 3019//3019 3026//3026
f 3018//3018 3026//3026 3025//3025
f 3019//3019 3020//3020 3027//3027
f 3019//3019 3027//3027 3026//3026
f 3020//3020 3021//3021 3028//3028
f 3020//3020 3028//3028 3027//3027
f 3021//3021 3015//3015 3022//3022
f 3021//3021 3022//3022 3028//3028
f 3022//3022 3023//3023 3030//3030
f 3022//3022 3030//3030 3029//3029
f 3023//3023 3024//3024 3031//3031
f 3023//3023 3031//3031 3030//3030
f 3024//3024 3025//3025 3032//3032
f 3024//3024 3032//3032 3031//3031
f 3025//3025 3026//3026 3033//3033
f 3025//3025 3033//3033 3032//3032
f 3026//3026 3027//3027 3034//3034
f 3026//3026 3034//3034 3033//3033
f 3027//3027 3028//3028 3035//3035
f 3027//3027 3035//3035 3034//3034
f 3028//3028 3022//3022 3029//3029
f 3028//3028 3029//3029 3035//3035
f 3036//3036 3029//3029 3030//3030
f 3036//3036 3030//3030 3031//3031
f 3036//3036 3031//3031 3032//3032
f 3036//3036 3032//3032 3033//3033
f 3036//3036 3033//3033 3034//3034
f 3036//3036 3034//3034 3035//3035
f 3036//3036 3035//3035 3029//3029
f 3037//3037 3039//3039 3038//3038
f 3037//3037 3040//3040 3039//3039
f 3037//3037 3041//3041 3040//3040
f 3037//3037 3042//3042 3041//3041
f 3037//3037 3043//3043 3042//3042
f 3037//3037 3044//3044 3043//3043
f 3037//3037 3038//3038 3044//3044
f 3038//3038 3039//3039 3046//3046
f 3038//3038 3046//3046 3045//3045
f 3039//3039 3040//3040 3047//3047
f 3039//3039 3047//3047 3046//3046
f 3040//3040 3041//3041 3048//3048
f 3040//3040 3048//3048 3047//3047
f 3041//3041 3042//3042 3049//3049
f 3041//3041 3049//3049 3048//3048
f 3042//3042 3043//3043 3050//3050
f 3042//3042 3050//3050 3049//3049
f 3043//3043 3044//3044 3051//3051
f 3043//3043 3051//3051 3050//3050
f 3044//3044 3038//3038 3045//3045
f 3044//3044 3045//3045 3051//3051
f 3045//3045 3046//3046 3053//3053
f 3045//3045 3053//3053 3052//3052
f 3046//3046 3047//3047 3054//3054
f 3046//3046 3054//3054 3053//3053
f 3047//3047 3048//3048 3055//3055
f 3047//3047 3055//3055 3054//3054
f 3048//3048 3049//3049 3056//3056
f 3048//3048 3056//3056 3055//3055
f 3049//3049 3050//3050 3057//3057
f 3049//3049 3057//3057 3056//3056
f 3050//3050 3051//3051 3058//3058
f 3050//3050 3058//3058 3057//3057
f 3051//3051 3045//3045 3052//3052
f 3051//3051 3052//3052 3058//3058
f 3059//3059 3052//3052 3053//3053
f 3059//3059 3053//3053 3054//3054
f 3059//3059 3054//3054 3055//3055
f 3059//3059 3055//3055 3056//3056
f 3059//3059 3056//3056 3057//3057
f 3059//3059 3057//3057 3058//3058
f 3059//3059 3058//3058 3052//3052
f 3060//3060 3062//3062 3061//3061
f 3060//3060 3063//3063 3062//3062
f 3060//3060 3064//3064 3063//3063
f 3060//3060 3065//3065 3064//3064
f 3060//3060 3066//3066 3065//3065
f 3060//3060 3067//3067 3066//3066
f 3060//3060 3061//3061 3067//3067
f 3061//3061 3062//3062 3069//3069
f 3061//3061 3069//3069 3068//3068
f 3062//3062 3063//3063 3070//3070
f 3062//3062 3070//3070 3069//3069
f 3063//3063 3064//3064 3071//3071
f 3063//3063 3071//3071 3070//3070
f 3064//3064 3065//3065 3072//3072
f 3064//3064 3072//3072 3071//3071
f 3065//3065 3066//3066 3073//3073
f 3065//3065 3073//3073 3072//3072
f 3066//3066 3067//3067 3074//3074
f 3066//3066 3074//3074 3073//3073
f 3067//3067 3061//3061 3068//3068
f 3067//3067 3068//3068 3074//3074
f 3068//3068 3069//3069 3076//3076
f 3068//3068 3076//3076 3075//3075
f 3069//3069 3070//3070 3077//3077
f 3069//3069 3077//3077 3076//3076
f 3070//3070 3071//3071 3078//3078
f 3070//3070 3078//3078 3077//3077
f 3071//3071 3072//3072 3079//3079
f 3071//3071 3079//3079 3078//3078
f 3072//3072 3073//3073 3080//3080
f 3072//3072 3080//3080 3079//3079
f 3073//3073 3074//3074 3081//3081
f 3073//3073 3081//3081 3080//3080
f 3074//3074 3068//3068 3075//3075
f 3074//3074 3075//3075 3081//3081
f 3082//3082 3075//3075 3076//3076
f 3082//3082 3076//3076 3077//3077
f 3082//3082 3077//3077 3078//3078
f 3082//3082 3078//3078 3079//3079
f 3082//3082 3079//3079 3080//3080
f 3082//3082 3080//3080 3081//3081
f 3082//3082 3081//3081 3075//3075
f 3083//3083 3085//3085 3084//3084
f 3083//3083 3086//3086 3085//3085
f 3083//3083 3087//3087 3086//3086
f 3083//3083 3088//3088 3087//3087
f 3083//3083 3089//3089 3088//3088
f 3083//3083 3090//3090 3089//3089
f 3083//3083 3084//3084 3090//3090
f 3084//3084 3085//3085 3092//3092
f 3084//3084 3092//3092 3091//3091
f 3085//3085 3086//3086 3093//3093
f 3085//3085 3093//3093 3092//3092
f 3086//3086 3087//3087 3094//3094
f 3086//3086 3094//3094 3093//3093
f 3087//3087 3088//3088 3095//3095
f 3087//3087 3095//3095 3094//3094
f 3088//3088 3089//3089 3096//3096
f 3088//3088 3096//3096 3095//3095
f 3089//3089 3090//3090 3097//3097
f 3089//3089 3097//3097 3096//3096
f 3090//3090 3084//3084 3091//3091
f 3090//3090 3091//3091 3097//3097
f 3091//3091 3092//3092 3099//3099
f 3091//3091 3099//3099 3098//3098
f 3092//3092 3093//3093 3100//3100
f 3092//3092 3100//3100 3099//3099
f 3093//3093 3094//3094 3101//3101
f 3093//3093 3101//3101 3100//3100
f 3094//3094 3095//3095 3102//3102
f 3094//3094 3102//3102 3101//3101
f 3095//3095 3096//3096 3103//3103
f 3095//3095 3103//3103 3102//3102
f 3096//3096 3097//3097 3104//3104
f 3096//3096 3104//3104 3103//3103
f 3097//3097 3091//3091 3098//3098
f 3097//3097 3098//3098 3104//3104
f 3105//3105 3098//3098 3099//3099
f 3105//3105 3099//3099 3100//3100
f 3105//3105 3100//3100 3101//3101
f 3105//3105 3101//3101 3102//3102
f 3105//3105 3102//3102 3103//3103
f 3105//3105 3103//3103 3104//3104
f 3105//3105 3104//3104 3098//3098
f 3106//3106 3108//3108 3107//3107
f 3106//3106 3109//3109 3108//3108
f 3106//3106 3110//3110 3109//3109
f 3106//3106 3111//3111 3110//3110
f 3106//3106 3112//3112 3111//3111
f 3106//3106 3113//3113 3112//3112
f 3106//3106 3107//3107 3113//3113
f 3107//3107 3108//3108 3115//3115
f 3107//3107 3115//3115 3114//3114
f 3108//3108 3109//3109 3116//3116
f 3108//3108 3116//3116 3115//3115
f 3109//3109 3110//3110 3117//3117
f 3109//3109 3117//3117 3116//3116
f 3110//3110 3111//3111 3118//3118
f 3110//3110 3118//3118 3117//3117
f 3111//3111 3112//3112 3119//3119
f 3111//3111 3119//3119 3118//3118
f 3112//3112 3113//3113 3120//3120
f 3112//3112 3120//3120 3119//3119
f 3113//3113 3107//3107 3114//3114
f 3113//3113 3114//3114 3120//3120
f 3114//3114 3115//3115 3122//3122
f 3114//3114 3122//3122 3121//3121
f 3115//3115 3116//3116 3123//3123
f 3115//3115 3123//3123 3122//3122
f 3116//3116 3117//3117 3124//3124
f 3116//3116 3124//3124 3123//3123
f 3117//3117 3118//3118 3125//3125
f 3117//3117 3125//3125 3124//3124
f 3118//3118 3119//3119 3126//3126
f 3118//3118 3126//3126 3125//3125
f 3119//3119 3120//3120 3127//3127
f 3119//3119 3127//3127 3126//3126
f 3120//3120 3114//3114 3121//3121
f 3120//3120 3121//3121 3127//3127
f 3128//3128 3121//3121 3122//3122
f 3128//3128 3122//3122 3123//3123
f 3128//3128 3123//3123 3124//3124
f 3128//3128 3124//3124 3125//3125
f 3128//3128 3125//3125 3126//3126
f 3128//3128 3126//3126 3127//3127
f 3128//3128 3127//3127 3121//3121
f 3129//3129 3131//3131 3130//3130
f 3129//3129 3132//3132 3131//3131
f 3129//3129 3133//3133 3132//3132
f 3129//3129 3134//3134 3133//3133
f 3129//3129 3135//3135 3134//3134
f 3129//3129 3136//3136 3135//3135
f 3129//3129 3130//3130 3136//3136
f 3130//3130 3131//3131 3138//3138
f 3130//3130 3138//3138 3137//3137
f 3131//3131 3132//3132 3139//3139
f 3131//3131 3139//3139 3138//3138
f 3132//3132 3133//3133 3140//3140
f 3132//3132 3140//3140 3139//3139
f 3133//3133 3134//3134 3141//3141
f 3133//3133 3141//3141 3140//3140
f 3134//3134 3135//3135 3142//3142
f 3134//3134 3142//3142 3141//3141
f 3135//3135 3136//3136 3143//3143
f 3135//3135 3143//3143 3142//3142
f 3136//3136 3130//3130 3137//3137
f 3136//3136 3137//3137 3143//3143
f 3137//3137 3138//3138 3145//3145
f 3137//3137 3145//3145 3144//3144
f 3138//3138 3139//3139 3146//3146
f 3138//3138 3146//3146 3145//3145
f 3139//3139 3140//3140 3147//3147
f 3139//3139 3147//3147 3146//3146
f 3140//3140 3141//3141 3148//3148
f 3140//3140 3148//3148 3147//3147
f 3141//3141 3142//3142 3149//3149
f 3141//3141 3149//3149 3148//3148
f 3142//3142 3143//3143 3150//3150
f 3142//3142 3150//3150 3149//3149
f 3143//3143 3137//3137 3144//3144
f 3143//3143 3144//3144 3150//3150
f 3151//3151 3144//3144 3145//3145
f 3151//3151 3145//3145 3146//3146
f 3151//3151 3146//3146 3147//3147
f 3151//3151 3147//3147 3148//3148
f 3151//3151 3148//3148 3149//3149
f 3151//3151 3149//3149 3150//3150
f 3151//3151 3150//3150 3144//3144
f 3152//3152 3154//3154 3153//3153
f 3152//3152 3155//3155 3154//3154
f 3152//3152 3156//3156 3155//3155
f 3152//3152 3157//3157 3156//3156
f 3152//3152 3158//3158 3157//3157
f 3152//3152 3159//3159 3158//3158
f 3152//3152 3153//3153 3159//3159
f 3153//3153 3154//3154 3161//3161
f 3153//3153 3161//3161 3160//3160
f 3154//3154 3155//3155 3162//3162
f 3154//3154 3162//3162 3161//3161
f 3155//3155 3156//3156 3163//3163
f 3155//3155 3163//3163 3162//3162
f 3156//3156 3157//3157 3164//3164
f 3156//3156 3164//3164 3163//3163
f 3157//3157 3158//3158 3165//3165
f 3157//3157 3165//3165 3164//3164
f 3158//3158 3159//3159 3166//3166
f 3158//3158 3166//3166 3165//3165
f 3159//3159 3153//3153 3160//3160
f 3159//3159 3160//3160 3166//3166
f 3160//3160 3161//3161 3168//3168
f 3160//3160 3168//3168 3167//3167
f 3161//3161 3162//3162 3169//3169
f 3161//3161 3169//3169 3168//3168
f 3162//3162 3163//3163 3170//3170
f 3162//3162 3170//3170 3169//3169
f 3163//3163 3164//3164 3171//3171
f 3163//3163 3171//3171 3170//3170
f 3164//3164 3165//3165 3172//3172
f 3164//3164 3172//3172 3171//3171
f 3165//3165 3166//3166 3173//3173
f 3165//3165 3173//3173 3172//3172
f 3166//3166 3160//3160 3167//3167
f 3166//3166 3167//3167 3173//3173
f 3174//3174 3167//3167 3168//3168
f 3174//3174 3168//3168 3169//3169
f 3174//3174 3169//3169 3170//3170
f 3174//3174 3170//3170 3171//3171
f 3174//3174 3171//3171 3172//3172
f 3174//3174 3172//3172 3173//3173
f 3174//3174 3173//3173 3167//3167
f 3175//3175 3177//3177 3176//3176
f 3175//3175 3178//3178 3177//3177
f 3175//3175 3179//3179 3178//3178
f 3175//3175 3180//3180 3179//3179
f 3175//3175 3181//3181 3180//3180
f 3175//3175 3182//3182 3181//3181
f 3175//3175 3176//3176 3182//3182
f 3176//3176 3177//3177 3184//3184
f 3176//3176 3184//3184 3183//3183
f 3177//3177 3178//3178 3185//3185
f 3177//3177 3185//3185 3184//3184
f 3178//3178 3179//3179 3186//3186
f 3178//3178 3186//3186 3185//3185
f 3179//3179 3180//3180 3187//3187
f 3179//3179 3187//3187 3186//3186
f 3180//3180 3181//3181 3188//3188
f 3180//3180 3188//3188 3187//3187
f 3181//3181 3182//3182 3189//3189
f 3181//3181 3189//3189 3188//3188
f 3182//3182 3176//3176 3183//3183
f 3182//3182 3183//3183 3189//3189
f 3183//3183 3184//3184 3191//3191
f 3183//3183 3191//3191 3190//3190
f 3184//3184 3185//3185 3192//3192
f 3184//3184 3192//3192 3191//3191
f 3185//3185 3186//3186 3193//3193
f 3185//3185 3193//3193 3192//3192
f 3186//3186 3187//3187 3194//3194
f 3186//3186 3194//3194 3193//3193
f 3187//3187 3188//3188 3195//3195
f 3187//3187 3195//3195 3194//3194
f 3188//3188 3189//3189 3196//3196
f 3188//3188 3196//3196 3195//3195
f 3189//3189 3183//3183 3190//3190
f 3189//3189 3190//3190 3196//3196
f 3197//3197 3190//3190 3191//3191
f 3197//3197 3191//3191 3192//3192
f 3197//3197 3192//3192 3193//3193
f 3197//3197 3193//3193 3194//3194
f 3197//3197 3194//3194 3195//3195
f 3197//3197 3195//3195 3196//3196
f 3197//3197 3196//3196 3190//3190
f 3198//3198 3200//3200 3199//3199
f 3198//3198 3201//3201 3200//3200
f 3198//3198 3202//3202 3201//3201
f 3198//3198 3203//3203 3202//3202
f 3198//3198 3204//3204 3203//3203
f 3198//3198 3205//3205 3204//3204
f 3198//3198 3199//3199 3205//3205
f 3199//3199 3200//3200 3207//3207
f 3199//3199 3207//3207 3206//3206
f 3200//3200 3201//3201 3208//3208
f 3200//3200 3208//3208 3207//3207
f 3201//3201 3202//3202 3209//3209
f 3201//3201 3209//3209 3208//3208
f 3202//3202 3203//3203 3210//3210
f 3202//3202 3210//3210 3209//3209
f 3203//3203 3204//3204 3211//3211
f 3203//3203 3211//3211 3210//3210
f 3204//3204 3205//3205 3212//3212
f 3204//3204 3212//3212 3211//3211
f 3205//3205 3199//3199 3206//3206
f 3205//3205 3206//3206 3212//3212
f 3206//3206 3207//3207 3214//3214
f 3206//3206 3214//3214 3213//3213
f 3207//3207 3208//3208 3215//3215
f 3207//3207 3215//3215 3214//3214
f 3208//3208 3209//3209 3216//3216
f 3208//3208 3216//3216 3215//3215
f 3209//3209 3210//3210 3217//3217
f 3209//3209 3217//3217 3216//3216
f 3210//3210 3211//3211 3218//3218
f 3210//3210 3218//3218 3217//3217
f 3211//3211 3212//3212 3219//3219
f 3211//3211 3219//3219 3218//3218
f 3212//3212 3206//3206 3213//3213
f 3212//3212 3213//3213 3219//3219
f 3220//3220 3213//3213 3214//3214
f 3220//3220 3214//3214 3215//3215
f 3220//3220 3215//3215 3216//3216
f 3220//3220 3216//3216 3217//3217
f 3220//3220 3217//3217 3218//3218
f 3220//3220 3218//3218 3219//3219
f 3220//3220 3219//3219 3213//3213
f 3221//3221 3223//3223 3222//3222
f 3221//3221 3224//3224 3223//3223
f 3221//3221 3225//3225 3224//3224
f 3221//3221 3226//3226 3225//3225
f 3221//3221 3227//3227 3226//3226
f 3221//3221 3228//3228 3227//3227
f 3221//3221 3222//3222 3228//3228
f 3222//3222 3223//3223 3230//3230
f 3222//3222 3230//3230 3229//3229
f 3223//3223 3224//3224 3231//3231
f 3223//3223 3231//3231 3230//3230
f 3224//3224 3225//3225 3232//3232
f 3224//3224 3232//3232 3231//3231
f 3225//3225 3226//3226 3233//3233
f 3225//3225 3233//3233 3232//3232
f 3226//3226 3227//3227 3234//3234
f 3226//3226 3234//3234 3233//3233
f 3227//3227 3228//3228 3235//3235
f 3227//3227 3235//3235 3234//3234
f 3228//3228 3222//3222 3229//3229
f 3228//3228 3229//3229 3235//3235
f 3229//3229 3230//3230 3237//3237
f 3229//3229 3237//3237 3236//3236
f 3230//3230 3231//3231 3238//3238
f 3230//3230 3238//3238 3237//3237
f 3231//3231 3232//3232 3239//3239
f 3231//3231 3239//3239 3238//3238
f 3232//3232 3233//3233 3240//3240
f 3232//3232 3240//3240 3239//3239
f 3233//3233 3234//3234 3241//3241
f 3233//3233 3241//3241 3240//3240
f 3234//3234 3235//3235 3242//3242
f 3234//3234 3242//3242 3241//3241
f 3235//3235 3229//3229 3236//3236
f 3235//3235 3236//3236 3242//3242
f 3243//3243 3236//3236 3237//3237
f 3243//3243 3237//3237 3238//3238
f 3243//3243 3238//3238 3239//3239
f 3243//3243 3239//3239 3240//3240
f 3243//3243 3240//3240 3241//3241
f 3243//3243 3241//3241 3242//3242
f 3243//3243 3242//3242 3236//3236
f 3244//3244 3246//3246 3245//3245
f 3244//3244 3247//3247 3246//3246
f 3244//3244 3248//3248 3247//3247
f 3244//3244 3249//3249 3248//3248
f 3244//3244 3250//3250 3249//3249
f 3244//3244 3251//3251 3250//3250
f 3244//3244 3245//3245 3251//3251
f 3245//3245 3246//3246 3253//3253
f 3245//3245 3253//3253 3252//3252
f 3246//3246 3247//3247 3254//3254
f 3246//3246 3254//3254 3253//3253
f 3247//3247 3248//3248 3255//3255
f 3247//3247 3255//3255 3254//3254
f 3248//3248 3249//3249 3256//3256
f 3248//3248 3256//3256 3255//3255
f 3249//3249 3250//3250 3257//3257
f 3249//3249 3257//3257 3256//3256
f 3250//3250 3251//3251 3258//3258
f 3250//3250 3258//3258 3257//3257
f 3251//3251 3245//3245 3252//3252
f 3251//3251 3252//3252 3258//3258
f 3252//3252 3253//3253 3260//3260
f 3252//3252 3260//3260 3259//3259
f 3253//3253 3254//3254 3261//3261
f 3253//3253 3261//3261 3260//3260
f 3254//3254 3255//3255 3262//3262
f 3254//3254 3262//3262 3261//3261
f 3255//3255 3256//3256 3263//3263
f 3255//3255 3263//3263 3262//3262
f 3256//3256 3257//3257 3264//3264
f 3256//3256 3264//3264 3263//3263
f 3257//3257 3258//3258 3265//3265
f 3257//3257 3265//3265 3264//3264
f 3258//3258 3252//3252 3259//3259
f 3258//3258 3259//3259 3265//3265
f 3266//3266 3259//3259 3260//3260
f 3266//3266 3260//3260 3261//3261
f 3266//3266 3261//3261 3262//3262
f 3266//3266 3262//3262 3263//3263
f 3266//3266 3263//3263 3264//3264
f 3266//3266 3264//3264 3265//3265
f 3266//3266 3265//3265 3259//3259
f 3267//3267 3269//3269 3268//3268
f 3267//3267 3270//3270 3269//3269
f 3267//3267 3271//3271 3270//3270
f 3267//3267 3272//3272 3271//3271
f 3267//3267 3273//3273 3272//3272
f 3267//3267 3274//3274 3273//3273
f 3267//3267 3268//3268 3274//3274
f 3268//3268 3269//3269 3276//3276
f 3268//3268 3276//3276 3275//3275
f 3269//3269 3270//3270 3277//3277
f 3269//3269 3277//3277 3276//3276
f 3270//3270 3271//3271 3278//3278
f 3270//3270 3278//3278 3277//3277
f 3271//3271 3272//3272 3279//3279
f 3271//3271 3279//3279 3278//3278
f 3272//3272 3273//3273 3280//3280
f 3272//3272 3280//3280 3279//3279
f 3273//3273 3274//3274 3281//3281
f 3273//3273 3281//3281 3280//3280
f 3274//3274 3268//3268 3275//3275
f 3274//3274 3275//3275 3281//3281
f 3275//3275 3276//3276 3283//3283
f 3275//3275 3283//3283 3282//3282
f 3276//3276 3277//3277 3284//3284
f 3276//3276 3284//3284 3283//3283
f 3277//3277 3278//3278 3285//3285
f 3277//3277 3285//3285 3284//3284
f 3278//3278 3279//3279 3286//3286
f 3278//3278 3286//3286 3285//3285
f 3279//3279 3280//3280 3287//3287
f 3279//3279 3287//3287 3286//3286
f 3280//3280 3281//3281 3288//3288
f 3280//3280 3288//3288 3287//3287
f 3281//3281 3275//3275 3282//3282
f 3281//3281 3282//3282 3288//3288
f 3289//3289 3282//3282 3283//3283
f 3289//3289 3283//3283 3284//3284
f 3289//3289 3284//3284 3285//3285
f 3289//3289 3285//3285 3286//3286
f 3289//3289 3286//3286 3287//3287
f 3289//3289 3287//3287 3288//3288
f 3289//3289 3288//3288 3282//3282
f 3290//3290 3292//3292 3291//3291
f 3290//3290 3293//3293 3292//3292
f 3290//3290 3294//3294 3293//3293
f 3290//3290 3295//3295 3294//3294
f 3290//3290 3296//3296 3295//3295
f 3290//3290 3297//3297 3296//3296
f 3290//3290 3291//3291 3297//3297
f 3291//3291 3292//3292 3299//3299
f 3291//3291 3299//3299 3298//3298
f 3292//3292 3293//3293 3300//3300
f 3292//3292 3300//3300 3299//3299
f 3293//3293 3294//3294 3301//3301
f 3293//3293 3301//3301 3300//3300
f 3294//3294 3295//3295 3302//3302
f 3294//3294 3302//3302 3301//3301
f 3295//3295 3296//3296 3303//3303
f 3295//3295 3303//3303 3302//3302
f 3296//3296 3297//3297 3304//3304
f 3296//3296 3304//3304 3303//3303
f 3297//3297 3291//3291 3298//3298
f 3297//3297 3298//3298 3304//3304
f 3298//3298 3299//3299 3306//3306
f 3298//3298 3306//3306 3305//3305
f 3299//3299 3300//3300 3307//3307
f 3299//3299 3307//3307 3306//3306
f 3300//3300 3301//3301 3308//3308
f 3300//3300 3308//3308 3307//3307
f 3301//3301 3302//3302 3309//3309
f 3301//3301 3309//3309 3308//3308
f 3302//3302 3303//3303 3310//3310
f 3302//3302 3310//3310 3309//3309
f 3303//3303 3304//3304 3311//3311
f 3303//3303 3311//3311 3310//3310
f 3304//3304 3298//3298 3305//3305
f 3304//3304 3305//3305 3311//3311
f 3312//3312 3305//3305 3306//3306
f 3312//3312 3306//3306 3307//3307
f 3312//3312 3307//3307 3308//3308
f 3312//3312 3308//3308 3309//3309
f 3312//3312 3309//3309 3310//3310
f 3312//3312 3310//3310 3311//3311
f 3312//3312 3311//3311 3305//3305
f 3313//3313 3315//3315 3314//3314
f 3313//3313 3316//3316 3315//3315
f 3313//3313 3317//3317 3316//3316
f 3313//3313 3318//3318 3317//3317
f 3313//3313 3319//3319 3318//3318
f 3313//3313 3320//3320 3319//3319
f 3313//3313 3314//3314 3320//3320
f 3314//3314 3315//3315 3322//3322
f 3314//3314 3322//3322 3321//3321
f 3315//3315 3316//3316 3323//3323
f 3315//3315 3323//3323 3322//3322
f 3316//3316 3317//3317 3324//3324
f 3316//3316 3324//3324 3323//3323
f 3317//3317 3318//3318 3325//3325
f 3317//3317 3325//3325 3324//3324
f 3318//3318 3319//3319 3326//3326
f 3318//3318 3326//3326 3325//3325
f 3319//3319 3320//3320 3327//3327
f 3319//3319 3327//3327 3326//3326
f 3320//3320 3314//3314 3321//3321
f 3320//3320 3321//3321 3327//3327
f 3321//3321 3322//3322 3329//3329
f 3321//3321 3329//3329 3328//3328
f 3322//3322 3323//3323 3330//3330
f 3322//3322 3330//3330 3329//3329
f 3323//3323 3324//3324 3331//3331
f 3323//3323 3331//3331 3330//3330
f 3324//3324 3325//3325 3332//3332
f 3324//3324 3332//3332 3331//3331
f 3325//3325 3326//3326 3333//3333
f 3325//3325 3333//3333 3332//3332
f 3326//3326 3327//3327 3334//3334
f 3326//3326 3334//3334 3333//3333
f 3327//3327 3321//3321 3328//3328
f 3327//3327 3328//3328 3334//3334
f 3335//3335 3328//3328 3329//3329
f 3335//3335 3329//3329 3330//3330
f 3335//3335 3330//3330 3331//3331
f 3335//3335 3331//3331 3332//3332
f 3335//3335 3332//3332 3333//3333
f 3335//3335 3333//3333 3334//3334
f 3335//3335 3334//3334 3328//3328
f 3336//3336 3338//3338 3337//3337
f 3336//3336 3339//3339 3338//3338
f 3336//3336 3340//3340 3339//3339
f 3336//3336 3341//3341 3340//3340
f 3336//3336 3342//3342 3341//3341
f 3336//3336 3343//3343 3342//3342
f 3336//3336 3337//3337 3343//3343
f 3337//3337 3338//3338 3345//3345
f 3337//3337 3345//3345 3344//3344
f 3338//3338 3339//3339 3346//3346
f 3338//3338 3346//3346 3345//3345
f 3339//3339 3340//3340 3347//3347
f 3339//3339 3347//3347 3346//3346
f 3340//3340 3341//3341 3348//3348
f 3340//3340 3348//3348 3347//3347
f 3341//3341 3342//3342 3349//3349
f 3341//3341 3349//3349 3348//3348
f 3342//3342 3343//3343 3350//3350
f 3342//3342 3350//3350 3349//3349
f 3343//3343 3337//3337 3344//3344
f 3343//3343 3344//3344 3350//3350
f 3344//3344 3345//3345 3352//3352
f 3344//3344 3352//3352 3351//3351
f 3345//3345 3346//3346 3353//3353
f 3345//3345 3353//3353 3352//3352
f 3346//3346 3347//3347 3354//3354
f 3346//3346 3354//3354 3353//3353
f 3347//3347 3348//3348 3355//3355
f 3347//3347 3355//3355 3354//3354
f 3348//3348 3349//3349 3356//3356
f 3348//3348 3356//3356 3355//3355
f 3349//3349 3350//3350 3357//3357
f 3349//3349 3357//3357 3356//3356
f 3350//3350 3344//3344 3351//3351
f 3350//3350 3351//3351 3357//3357
f 3358//3358 3351//3351 3352//3352
f 3358//3358 3352//3352 3353//3353
f 3358//3358 3353//3353 3354//3354
f 3358//3358 3354//3354 3355//3355
f 3358//3358 3355//3355 3356//3356
f 3358//3358 3356//3356 3357//3357
f 3358//3358 3357//3357 3351//3351
f 3359//3359 3361//3361 3360//3360
f 3359//3359 3362//3362 3361//3361
f 3359//3359 3363//3363 3362//3362
f 3359//3359 3364//3364 3363//3363
f 3359//3359 3365//3365 3364//3364
f 3359//3359 3366//3366 3365//3365
f 3359//3359 3360//3360 3366//3366
f 3360//3360 3361//3361 3368//3368
f 3360//3360 3368//3368 3367//3367
f 3361//3361 3362//3362 3369//3369
f 3361//3361 3369//3369 3368//3368
f 3362//3362 3363//3363 3370//3370
f 3362//3362 3370//3370 3369//3369
f 3363//3363 3364//3364 3371//3371
f 3363//3363 3371//3371 3370//3370
f 3364//3364 3365//3365 3372//3372
f 3364//3364 3372//3372 3371//3371
f 3365//3365 3366//3366 3373//3373
f 3365//3365 3373//3373 3372//3372
f 3366//3366 3360//3360 3367//3367
f 3366//3366 3367//3367 3373//3373
f 3367//3367 3368//3368 3375//3375
f 3367//3367 3375//3375 3374//3374
f 3368//3368 3369//3369 3376//3376
f 3368//3368 3376//3376 3375//3375
f 3369//3369 3370//3370 3377//3377
f 3369//3369 3377//3377 3376//3376
f 3370//3370 3371//3371 3378//3378
f 3370//3370 3378//3378 3377//3377
f 3371//3371 3372//3372 3379//3379
f 3371//3371 3379//3379 3378//3378
f 3372//3372 3373//3373 3380//3380
f 3372//3372 3380//3380 3379//3379
f 3373//3373 3367//3367 3374//3374
f 3373//3373 3374//3374 3380//3380
f 3381//3381 3374//3374 3375//3375
f 3381//3381 3375//3375 3376//3376
f 3381//3381 3376//3376 3377//3377
f 3381//3381 3377//3377 3378//3378
f 3381//3381 3378//3378 3379//3379
f 3381//3381 3379//3379 3380//3380
f 3381//3381 3380//3380 3374//3374
f 3382//3382 3384//3384 3383//3383
f 3382//3382 3385//3385 3384//3384
f 3382//3382 3386//3386 3385//3385
f 3382//3382 3387//3387 3386//3386
f 3382//3382 3388//3388 3387//3387
f 3382//3382 3389//3389 3388//3388
f 3382//3382 3383//3383 3389//3389
f 3383//3383 3384//3384 3391//3391
f 3383//3383 3391//3391 3390//3390
f 3384//3384 3385//3385 3392//3392
f 3384//3384 3392//3392 3391//3391
f 3385//3385 3386//3386 3393//3393
f 3385//3385 3393//3393 3392//3392
f 3386//3386 3387//3387 3394//3394
f 3386//3386 3394//3394 3393//3393
f 3387//3387 3388//3388 3395//3395
f 3387//3387 3395//3395 3394//3394
f 3388//3388 3389//3389 3396//3396
f 3388//3388 3396//3396 3395//3395
f 3389//3389 3383//3383 3390//3390
f 3389//3389 3390//3390 3396//3396
f 3390//3390 3391//3391 3398//3398
f 3390//3390 3398//3398 3397//3397
f 3391//3391 3392//3392 3399//3399
f 3391//3391 3399//3399 3398//3398
f 3392//3392 3393//3393 3400//3400
f 3392//3392 3400//3400 3399//3399
f 3393//3393 3394//3394 3401//3401
f 3393//3393 3401//3401 3400//3400
f 3394//3394 3395//3395 3402//3402
f 3394//3394 3402//3402 3401//3401
f 3395//3395 3396//3396 3403//3403
f 3395//3395 3403//3403 3402//3402
f 3396//3396 3390//3390 3397//3397
f 3396//3396 3397//3397 3403//3403
f 3404//3404 3397//3397 3398//3398
f 3404//3404 3398//3398 3399//3399
f 3404//3404 3399//3399 3400//3400
f 3404//3404 3400//3400 3401//3401
f 3404//3404 3401//3401 3402//3402
f 3404//3404 3402//3402 3403//3403
f 3404//3404 3403//3403 3397//3397
f 3405//3405 3407//3407 3406//3406
f 3405//3405 3408//3408 3407//3407
f 3405//3405 3409//3409 3408//3408
f 3405//3405 3410//3410 3409//3409
f 3405//3405 3411//3411 3410//3410
f 3405//3405 3412//3412 3411//3411
f 3405//3405 3406//3406 3412//3412
f 3406//3406 3407//3407 3414//3414
f 3406//3406 3414//3414 3413//3413
f 3407//3407 3408//3408 3415//3415
f 3407//3407 3415//3415 3414//3414
f 3408//3408 3409//3409 3416//3416
f 3408//3408 3416//3416 3415//3415
f 3409//3409 3410//3410 3417//3417
f 3409//3409 3417//3417 3416//3416
f 3410//3410 3411//3411 3418//3418
f 3410//3410 3418//3418 3417//3417
f 3411//3411 3412//3412 3419//3419
f 3411//3411 3419//3419 3418//3418
f 3412//3412 3406//3406 3413//3413
f 3412//3412 3413//3413 3419//3419
f 3413//3413 3414//3414 3421//3421
f 3413//3413 3421//3421 3420//3420
f 3414//3414 3415//3415 3422//3422
f 3414//3414 3422//3422 3421//3421
f 3415//3415 3416//3416 3423//3423
f 3415//3415 3423//3423 3422//3422
f 3416//3416 3417//3417 3424//3424
f 3416//3416 3424//3424 3423//3423
f 3417//3417 3418//3418 3425//3425
f 3417//3417 3425//3425 3424//3424
f 3418//3418 3419//3419 3426//3426
f 3418//3418 3426//3426 3425//3425
f 3419//3419 3413//3413 3420//3420
f 3419//3419 3420//3420 3426//3426
f 3427//3427 3420//3420 3421//3421
f 3427//3427 3421//3421 3422//3422
f 3427//3427 3422//3422 3423//3423
f 3427//3427 3423//3423 3424//3424
f 3427//3427 3424//3424 3425//3425
f 3427//3427 3425//3425 3426//3426
f 3427//3427 3426//3426 3420//3420
f 3428//3428 3430//3430 3429//3429
f 3428//3428 3431//3431 3430//3430
f 3428//3428 3432//3432 3431//3431
f 3428//3428 3433//3433 3432//3432
f 3428//3428 3434//3434 3433//3433
f 3428//3428 3435//3435 3434//3434
f 3428//3428 3429//3429 3435//3435
f 3429//3429 3430//3430 3437//3437
f 3429//3429 3437//3437 3436//3436
f 3430//3430 3431//3431 3438//3438
f 3430//3430 3438//3438 3437//3437
f 3431//3431 3432//3432 3439//3439
f 3431//3431 3439//3439 3438//3438
f 3432//3432 3433//3433 3440//3440
f 3432//3432 3440//3440 3439//3439
f 3433//3433 3434//3434 3441//3441
f 3433//3433 3441//3441 3440//3440
f 3434//3434 3435//3435 3442//3442
f 3434//3434 3442//3442 3441//3441
f 3435//3435 3429//3429 3436//3436
f 3435//3435 3436//3436 3442//3442
f 3436//3436 3437//3437 3444//3444
f 3436//3436 3444//3444 3443//3443
f 3437//3437 3438//3438 3445//3445
f 3437//3437 3445//3445 3444//3444
f 3438//3438 3439//3439 3446//3446
f 3438//3438 3446//3446 3445//3445
f 3439//3439 3440//3440 3447//3447
f 3439//3439 3447//3447 3446//3446
f 3440//3440 3441//3441 3448//3448
f 3440//3440 3448//3448 3447//3447
f 3441//3441 3442//3442 3449//3449
f 3441//3441 3449//3449 3448//3448
f 3442//3442 3436//3436 3443//3443
f 3442//3442 3443//3443 3449//3449
f 3450//3450 3443//3443 3444//3444
f 3450//3450 3444//3444 3445//3445
f 3450//3450 3445//3445 3446//3446
f 3450//3450 3446//3446 3447//3447
f 3450//3450 3447//3447 3448//3448
f 3450//3450 3448//3448 3449//3449
f 3450//3450 3449//3449 3443//3443
f 3451//3451 3453//3453 3452//3452
f 3451//3451 3454//3454 3453//3453
f 3451//3451 3455//3455 3454//3454
f 3451//3451 3456//3456 3455//3455
f 3451//3451 3457//3457 3456//3456
f 3451//3451 3458//3458 3457//3457
f 3451//3451 3452//3452 3458//3458
f 3452//3452 3453//3453 3460//3460
f 3452//3452 3460//3460 3459//3459
f 3453//3453 3454//3454 3461//3461
f 3453//3453 3461//3461 3460//3460
f 3454//3454 3455//3455 3462//3462
f 3454//3454 3462//3462 3461//3461
f 3455//3455 3456//3456 3463//3463
f 3455//3455 3463//3463 3462//3462
f 3456//3456 3457//3457 3464//3464
f 3456//3456 3464//3464 3463//3463
f 3457//3457 3458//3458 3465//3465
f 3457//3457 3465//3465 3464//3464
f 3458//3458 3452//3452 3459//3459
f 3458//3458 3459//3459 3465//3465
f 3459//3459 3460//3460 3467//3467
f 3459//3459 3467//3467 3466//3466
f 3460//3460 3461//3461 3468//3468
f 3460//3460 3468//3468 3467//3467
f 3461//3461 3462//3462 3469//3469
f 3461//3461 3469//3469 3468//3468
f 3462//3462 3463//3463 3470//3470
f 3462//3462 3470//3470 3469//3469
f 3463//3463 3464//3464 3471//3471
f 3463//3463 3471//3471 3470//3470
f 3464//3464 3465//3465 3472//3472
f 3464//3464 3472//3472 3471//3471
f 3465//3465 3459//3459 3466//3466
f 3465//3465 3466//3466 3472//3472
f 3473//3473 3466//3466 3467//3467
f 3473//3473 3467//3467 3468//3468
f 3473//3473 3468//3468 3469//3469
f 3473//3473 3469//3469 3470//3470
f 3473//3473 3470//3470 3471//3471
f 3473//3473 3471//3471 3472//3472
f 3473//3473 3472//3472 3466//3466
f 3474//3474 3476//3476 3475//3475
f 3474//3474 3477//3477 3476//3476
f 3474//3474 3478//3478 3477//3477
f 3474//3474 3479//3479 3478//3478
f 3474//3474 3480//3480 3479//3479
f 3474//3474 3481//3481 3480//3480
f 3474//3474 3475//3475 3481//3481
f 3475//3475 3476//3476 3483//3483
f 3475//3475 3483//3483 3482//3482
f 3476//3476 3477//3477 3484//3484
f 3476//3476 3484//3484 3483//3483
f 3477//3477 3478//3478 3485//3485
f 3477//3477 3485//3485 3484//3484
f 3478//3478 3479//3479 3486//3486
f 3478//3478 3486//3486 3485//3485
f 3479//3479 3480//3480 3487//3487
f 3479//3479 3487//3487 3486//3486
f 3480//3480 3481//3481 3488//3488
f 3480//3480 3488//3488 3487//3487
f 3481//3481 3475//3475 3482//3482
f 3481//3481 3482//3482 3488//3488
f 3482//3482 3483//3483 3490//3490
f 3482//3482 3490//3490 3489//3489
f 3483//3483 3484//3484 3491//3491
f 3483//3483 3491//3491 3490//3490
f 3484//3484 3485//3485 3492//3492
f 3484//3484 3492//3492 3491//3491
f 3485//3485 3486//3486 3493//3493
f 3485//3485 3493//3493 3492//3492
f 3486//3486 3487//3487 3494//3494
f 3486//3486 3494//3494 3493//3493
f 3487//3487 3488//3488 3495//3495
f 3487//3487 3495//3495 3494//3494
f 3488//3488 3482//3482 3489//3489
f 3488//3488 3489//3489 3495//3495
f 3496//3496 3489//3489 3490//3490
f 3496//3496 3490//3490 3491//3491
f 3496//3496 3491//3491 3492//3492
f 3496//3496 3492//3492 3493//3493
f 3496//3496 3493//3493 3494//3494
f 3496//3496 3494//3494 3495//3495
f 3496//3496 3495//3495 3489//3489
f 3497//3497 3499//3499 3498//3498
f 3497//3497 3500//3500 3499//3499
f 3497//3497 3501//3501 3500//3500
f 3497//3497 3502//3502 3501//3501
f 3497//3497 3503//3503 3502//3502
f 3497//3497 3504//3504 3503//3503
f 3497//3497 3498//3498 3504//3504
f 3498//3498 3499//3499 3506//3506
f 3498//3498 3506//3506 3505//3505
f 3499//3499 3500//3500 3507//3507
f 3499//3499 3507//3507 3506//3506
f 3500//3500 3501//3501 3508//3508
f 3500//3500 3508//3508 3507//3507
f 3501//3501 3502//3502 3509//3509
f 3501//3501 3509//3509 3508//3508
f 3502//3502 3503//3503 3510//3510
f 3502//3502 3510//3510 3509//3509
f 3503//3503 3504//3504 3511//3511
f 3503//3503 3511//3511 3510//3510
f 3504//3504 3498//3498 3505//3505
f 3504//3504 3505//3505 3511//3511
f 3505//3505 3506//3506 3513//3513
f 3505//3505 3513//3513 3512//3512
f 3506//3506 3507//3507 3514//3514
f 3506//3506 3514//3514 3513//3513
f 3507//3507 3508//3508 3515//3515
f 3507//3507 3515//3515 3514//3514
f 3508//3508 3509//3509 3516//3516
f 3508//3508 3516//3516 3515//3515
f 3509//3509 3510//3510 3517//3517
f 3509//3509 3517//3517 3516//3516
f 3510//3510 3511//3511 3518//3518
f 3510//3510 3518//3518 3517//3517
f 3511//3511 3505//3505 3512//3512
f 3511//3511 3512//3512 3518//3518
f 3519//3519 3512//3512 3513//3513
f 3519//3519 3513//3513 3514//3514
f 3519//3519 3514//3514 3515//3515
f 3519//3519 3515//3515 3516//3516
f 3519//3519 3516//3516 3517//3517
f 3519//3519 3517//3517 3518//3518
f 3519//3519 3518//3518 3512//3512
f 3520//3520 3522//3522 3521//3521
f 3520//3520 3523//3523 3522//3522
f 3520//3520 3524//3524 3523//3523
f 3520//3520 3525//3525 3524//3524
f 3520//3520 3526//3526 3525//3525
f 3520//3520 3527//3527 3526//3526
f 3520//3520 3521//3521 3527//3527
f 3521//3521 3522//3522 3529//3529
f 3521//3521 3529//3529 3528//3528
f 3522//3522 3523//3523 3530//3530
f 3522//3522 3530//3530 3529//3529
f 3523//3523 3524//3524 3531//3531
f 3523//3523 3531//3531 3530//3530
f 3524//3524 3525//3525 3532//3532
f 3524//3524 3532//3532 3531//3531
f 3525//3525 3526//3526 3533//3533
f 3525//3525 3533//3533 3532//3532
f 3526//3526 3527//3527 3534//3534
f 3526//3526 3534//3534 3533//3533
f 3527//3527 3521//3521 3528//3528
f 3527//3527 3528//3528 3534//3534
f 3528//3528 3529//3529 3536//3536
f 3528//3528 3536//3536 3535//3535
f 3529//3529 3530//3530 3537//3537
f 3529//3529 3537//3537 3536//3536
f 3530//3530 3531//3531 3538//3538
f 3530//3530 3538//3538 3537//3537
f 3531//3531 3532//3532 3539//3539
f 3531//3531 3539//3539 3538//3538
f 3532//3532 3533//3533 3540//3540
f 3532//3532 3540//3540 3539//3539
f 3533//3533 3534//3534 3541//3541
f 3533//3533 3541//3541 3540//3540
f 3534//3534 3528//3528 3535//3535
f 3534//3534 3535//3535 3541//3541
f 3542//3542 3535//3535 3536//3536
f 3542//3542 3536//3536 3537//3537
f 3542//3542 3537//3537 3538//3538
f 3542//3542 3538//3538 3539//3539
f 3542//3542 3539//3539 3540//3540
f 3542//3542 3540//3540 3541//3541
f 3542//3542 3541//3541 3535//3535
f 3543//3543 3545//3545 3544//3544
f 3543//3543 3546//3546 3545//3545
f 3543//3543 3547//3547 3546//3546
f 3543//3543 3548//3548 3547//3547
f 3543//3543 3549//3549 3548//3548
f 3543//3543 3550//3550 3549//3549
f 3543//3543 3544//3544 3550//3550
f 3544//3544 3545//3545 3552//3552
f 3544//3544 3552//3552 3551//3551
f 3545//3545 3546//3546 3553//3553
f 3545//3545 3553//3553 3552//3552
f 3546//3546 3547//3547 3554//3554
f 3546//3546 3554//3554 3553//3553
f 3547//3547 3548//3548 3555//3555
f 3547//3547 3555//3555 3554//3554
f 3548//3548 3549//3549 3556//3556
f 3548//3548 3556//3556 3555//3555
f 3549//3549 3550//3550 3557//3557
f 3549//3549 3557//3557 3556//3556
f 3550//3550 3544//3544 3551//3551
f 3550//3550 3551//3551 3557//3557
f 3551//3551 3552//3552 3559//3559
f 3551//3551 3559//3559 3558//3558
f 3552//3552 3553//3553 3560//3560
f 3552//3552 3560//3560 3559//3559
f 3553//3553 3554//3554 3561//3561
f 3553//3553 3561//3561 3560//3560
f 3554//3554 3555//3555 3562//3562
f 3554//3554 3562//3562 3561//3561
f 3555//3555 3556//3556 3563//3563
f 3555//3555 3563//3563 3562//3562
f 3556//3556 3557//3557 3564//3564
f 3556//3556 3564//3564 3563//3563
f 3557//3557 3551//3551 3558//3558
f 3557//3557 3558//3558 3564//3564
f 3565//3565 3558//3558 3559//3559
f 3565//3565 3559//3559 3560//3560
f 3565//3565 3560//3560 3561//3561
f 3565//3565 3561//3561 3562//3562
f 3565//3565 3562//3562 3563//3563
f 3565//3565 3563//3563 3564//3564
f 3565//3565 3564//3564 3558//3558
f 3566//3566 3568//3568 3567//3567
f 3566//3566 3569//3569 3568//3568
f 3566//3566 3570//3570 3569//3569
f 3566//3566 3571//3571 3570//3570
f 3566//3566 3572//3572 3571//3571
f 3566//3566 3573//3573 3572//3572
f 3566//3566 3567//3567 3573//3573
f 3567//3567 3568//3568 3575//3575
f 3567//3567 3575//3575 3574//3574
f 3568//3568 3569//3569 3576//3576
f 3568//3568 3576//3576 3575//3575
f 3569//3569 3570//3570 3577//3577
f 3569//3569 3577//3577 3576//3576
f 3570//3570 3571//3571 3578//3578
f 3570//3570 3578//3578 3577//3577
f 3571//3571 3572//3572 3579//3579
f 3571//3571 3579//3579 3578//3578
f 3572//3572 3573//3573 3580//3580
f 3572//3572 3580//3580 3579//3579
f 3573//3573 3567//3567 3574//3574
f 3573//3573 3574//3574 3580//3580
f 3574//3574 3575//3575 3582//3582
f 3574//3574 3582//3582 3581//3581
f 3575//3575 3576//3576 3583//3583
f 3575//3575 3583//3583 3582//3582
f 3576//3576 3577//3577 3584//3584
f 3576//3576 3584//3584 3583//3583
f 3577//3577 3578//3578 3585//3585
f 3577//3577 3585//3585 3584//3584
f 3578//3578 3579//3579 3586//3586
f 3578//3578 3586//3586 3585//3585
f 3579//3579 3580//3580 3587//3587
f 3579//3579 3587//3587 3586//3586
f 3580//3580 3574//3574 3581//3581
f 3580//3580 3581//3581 3587//3587
f 3588//3588 3581//3581 3582//3582
f 3588//3588 3582//3582 3583//3583
f 3588//3588 3583//3583 3584//3584
f 3588//3588 3584//3584 3585//3585
f 3588//3588 3585//3585 3586//3586
f 3588//3588 3586//3586 3587//3587
f 3588//3588 3587//3587 3581//3581
f 3589//3589 3591//3591 3590//3590
f 3589//3589 3592//3592 3591//3591
f 3589//3589 3593//3593 3592//3592
f 3589//3589 3594//3594 3593//3593
f 3589//3589 3595//3595 3594//3594
f 3589//3589 3596//3596 3595//3595
f 3589//3589 3590//3590 3596//3596
f 3590//3590 3591//3591 3598//3598
f 3590//3590 3598//3598 3597//3597
f 3591//3591 3592//3592 3599//3599
f 3591//3591 3599//3599 3598//3598
f 3592//3592 3593//3593 3600//3600
f 3592//3592 3600//3600 3599//3599
f 3593//3593 3594//3594 3601//3601
f 3593//3593 3601//3601 3600//3600
f 3594//3594 3595//3595 3602//3602
f 3594//3594 3602//3602 3601//3601
f 3595//3595 3596//3596 3603//3603
f 3595//3595 3603//3603 3602//3602
f 3596//3596 3590//3590 3597//3597
f 3596//3596 3597//3597 3603//3603
f 3597//3597 3598//3598 3605//3605
f 3597//3597 3605//3605 3604//3604
f 3598//3598 3599//3599 3606//3606
f 3598//3598 3606//3606 3605//3605
f 3599//3599 3600//3600 3607//3607
f 3599//3599 3607//3607 3606//3606
f 3600//3600 3601//3601 3608//3608
f 3600//3600 3608//3608 3607//3607
f 3601//3601 3602//3602 3609//3609
f 3601//3601 3609//3609 3608//3608
f 3602//3602 3603//3603 3610//3610
f 3602//3602 3610//3610 3609//3609
f 3603//3603 3597//3597 3604//3604
f 3603//3603 3604//3604 3610//3610
f 3611//3611 3604//3604 3605//3605
f 3611//3611 3605//3605 3606//3606
f 3611//3611 3606//3606 3607//3607
f 3611//3611 3607//3607 3608//3608
f 3611//3611 3608//3608 3609//3609
f 3611//3611 3609//3609 3610//3610
f 3611//3611 3610//3610 3604//3604
f 3612//3612 3614//3614 3613//3613
f 3612//3612 3615//3615 3614//3614
f 3612//3612 3616//3616 3615//3615
f 3612//3612 3617//3617 3616//3616
f 3612//3612 3618//3618 3617//3617
f 3612//3612 3619//3619 3618//3618
f 3612//3612 3613//3613 3619//3619
f 3613//3613 3614//3614 3621//3621
f 3613//3613 3621//3621 3620//3620
f 3614//3614 3615//3615 3622//3622
f 3614//3614 3622//3622 3621//3621
f 3615//3615 3616//3616 3623//3623
f 3615//3615 3623//3623 3622//3622
f 3616//3616 3617//3617 3624//3624
f 3616//3616 3624//3624 3623//3623
f 3617//3617 3618//3618 3625//3625
f 3617//3617 3625//3625 3624//3624
f 3618//3618 3619//3619 3626//3626
f 3618//3618 3626//3626 3625//3625
f 3619//3619 3613//3613 3620//3620
f 3619//3619 3620//3620 3626//3626
f 3620//3620 3621//3621 3628//3628
f 3620//3620 3628//3628 3627//3627
f 3621//3621 3622//3622 3629//3629
f 3621//3621 3629//3629 3628//3628
f 3622//3622 3623//3623 3630//3630
f 3622//3622 3630//3630 3629//3629
f 3623//3623 3624//3624 3631//3631
f 3623//3623 3631//3631 3630//3630
f 3624//3624 3625//3625 3632//3632
f 3624//3624 3632//3632 3631//3631
f 3625//3625 3626//3626 3633//3633
f 3625//3625 3633//3633 3632//3632
f 3626//3626 3620//3620 3627//3627
f 3626//3626 3627//3627 3633//3633
f 3634//3634 3627//3627 3628//3628
f 3634//3634 3628//3628 3629//3629
f 3634//3634 3629//3629 3630//3630
f 3634//3634 3630//3630 3631//3631
f 3634//3634 3631//3631 3632//3632
f 3634//3634 3632//3632 3633//3633
f 3634//3634 3633//3633 3627//3627
f 3635//3635 3637//3637 3636//3636
f 3635//3635 3638//3638 3637//3637
f 3635//3635 3639//3639 3638//3638
f 3635//3635 3640//3640 3639//3639
f 3635//3635 3641//3641 3640//3640
f 3635//3635 3642//3642 3641//3641
f 3635//3635 3636//3636 3642//3642
f 3636//3636 3637//3637 3644//3644
f 3636//3636 3644//3644 3643//3643
f 3637//3637 3638//3638 3645//3645
f 3637//3637 3645//3645 3644//3644
f 3638//3638 3639//3639 3646//3646
f 3638//3638 3646//3646 3645//3645
f 3639//3639 3640//3640 3647//3647
f 3639//3639 3647//3647 3646//3646
f 3640//3640 3641//3641 3648//3648
f 3640//3640 3648//3648 3647//3647
f 3641//3641 3642//3642 3649//3649
f 3641//3641 3649//3649 3648//3648
f 3642//3642 3636//3636 3643//3643
f 3642//3642 3643//3643 3649//3649
f 3643//3643 3644//3644 3651//3651
f 3643//3643 3651//3651 3650//3650
f 3644//3644 3645//3645 3652//3652
f 3644//3644 3652//3652 3651//3651
f 3645//3645 3646//3646 3653//3653
f 3645//3645 3653//3653 3652//3652
f 3646//3646 3647//3647 3654//3654
f 3646//3646 3654//3654 3653//3653
f 3647//3647 3648//3648 3655//3655
f 3647//3647 3655//3655 3654//3654
f 3648//3648 3649//3649 3656//3656
f 3648//3648 3656//3656 3655//3655
f 3649//3649 3643//3643 3650//3650
f 3649//3649 3650//3650 3656//3656
f 3657//3657 3650//3650 3651//3651
f 3657//3657 3651//3651 3652//3652
f 3657//3657 3652//3652 3653//3653
f 3657//3657 3653//3653 3654//3654
f 3657//3657 3654//3654 3655//3655
f 3657//3657 3655//3655 3656//3656
f 3657//3657 3656//3656 3650//3650
f 3658//3658 3660//3660 3659//3659
f 3658//3658 3661//3661 3660//3660
f 3658//3658 3662//3662 3661//3661
f 3658//3658 3663//3663 3662//3662
f 3658//3658 3664//3664 3663//3663
f 3658//3658 3665//3665 3664//3664
f 3658//3658 3659//3659 3665//3665
f 3659//3659 3660//3660 3667//3667
f 3659//3659 3667//3667 3666//3666
f 3660//3660 3661//3661 3668//3668
f 3660//3660 3668//3668 3667//3667
f 3661//3661 3662//3662 3669//3669
f 3661//3661 3669//3669 3668//3668
f 3662//3662 3663//3663 3670//3670
f 3662//3662 3670//3670 3669//3669
f 3663//3663 3664//3664 3671//3671
f 3663//3663 3671//3671 3670//3670
f 3664//3664 3665//3665 3672//3672
f 3664//3664 3672//3672 3671//3671
f 3665//3665 3659//3659 3666//3666
f 3665//3665 3666//3666 3672//3672
f 3666//3666 3667//3667 3674//3674
f 3666//3666 3674//3674 3673//3673
f 3667//3667 3668//3668 3675//3675
f 3667//3667 3675//3675 3674//3674
f 3668//3668 3669//3669 3676//3676
f 3668//3668 3676//3676 3675//3675
f 3669//3669 3670//3670 3677//3677
f 3669//3669 3677//3677 3676//3676
f 3670//3670 3671//3671 3678//3678
f 3670//3670 3678//3678 3677//3677
f 3671//3671 3672//3672 3679//3679
f 3671//3671 3679//3679 3678//3678
f 3672//3672 3666//3666 3673//3673
f 3672//3672 3673//3673 3679//3679
f 3680//3680 3673//3673 3674//3674
f 3680//3680 3674//3674 3675//3675
f 3680//3680 3675//3675 3676//3676
f 3680//3680 3676//3676 3677//3677
f 3680//3680 3677//3677 3678//3678
f 3680//3680 3678//3678 3679//3679
f 3680//3680 3679//3679 3673//3673
f 3681//3681 3683//3683 3682//3682
f 3681//3681 3684//3684 3683//3683
f 3681//3681 3685//3685 3684//3684
f 3681//3681 3686//3686 3685//3685
f 3681//3681 3687//3687 3686//3686
f 3681//3681 3688//3688 3687//3687
f 3681//3681 3682//3682 3688//3688
f 3682//3682 3683//3683 3690//3690
f 3682//3682 3690//3690 3689//3689
f 3683//3683 3684//3684 3691//3691
f 3683//3683 3691//3691 3690//3690
f 3684//3684 3685//3685 3692//3692
f 3684//3684 3692//3692 3691//3691
f 3685//3685 3686//3686 3693//3693
f 3685//3685 3693//3693 3692//3692
f 3686//3686 3687//3687 3694//3694
f 3686//3686 3694//3694 3693//3693
f 3687//3687 3688//3688 3695//3695
f 3687//3687 3695//3695 3694//3694
f 3688//3688 3682//3682 3689//3689
f 3688//3688 3689//3689 3695//3695
f 3689//3689 3690//3690 3697//3697
f 3689//3689 3697//3697 3696//3696
f 3690//3690 3691//3691 3698//3698
f 3690//3690 3698//3698 3697//3697
f 3691//3691 3692//3692 3699//3699
f 3691//3691 3699//3699 3698//3698
f 3692//3692 3693//3693 3700//3700
f 3692//3692 3700//3700 3699//3699
f 3693//3693 3694//3694 3701//3701
f 3693//3693 3701//3701 3700//3700
f 3694//3694 3695//3695 3702//3702
f 3694//3694 3702//3702 3701//3701
f 3695//3695 3689//3689 3696//3696
f 3695//3695 3696//3696 3702//3702
f 3703//3703 3696//3696 3697//3697
f 3703//3703 3697//3697 3698//3698
f 3703//3703 3698//3698 3699//3699
f 3703//3703 3699//3699 3700//3700
f 3703//3703 3700//3700 3701//3701
f 3703//3703 3701//3701 3702//3702
f 3703//3703 3702//3702 3696//3696
f 3704//3704 3706//3706 3705//3705
f 3704//3704 3707//3707 3706//3706
f 3704//3704 3708//3708 3707//3707
f 3704//3704 3709//3709 3708//3708
f 3704//3704 3710//3710 3709//3709
f 3704//3704 3711//3711 3710//3710
f 3704//3704 3705//3705 3711//3711
f 3705//3705 3706//3706 3713//3713
f 3705//3705 3713//3713 3712//3712
f 3706//3706 3707//3707 3714//3714
f 3706//3706 3714//3714 3713//3713
f 3707//3707 3708//3708 3715//3715
f 3707//3707 3715//3715 3714//3714
f 3708//3708 3709//3709 3716//3716
f 3708//3708 3716//3716 3715//3715
f 3709//3709 3710//3710 3717//3717
f 3709//3709 3717//3717 3716//3716
f 3710//3710 3711//3711 3718//3718
f 3710//3710 3718//3718 3717//3717
f 3711//3711 3705//3705 3712//3712
f 3711//3711 3712//3712 3718//3718
f 3712//3712 3713//3713 3720//3720
f 3712//3712 3720//3720 3719//3719
f 3713//3713 3714//3714 3721//3721
f 3713//3713 3721//3721 3720//3720
f 3714//3714 3715//3715 3722//3722
f 3714//3714 3722//3722 3721//3721
f 3715//3715 3716//3716 3723//3723
f 3715//3715 3723//3723 3722//3722
f 3716//3716 3717//3717 3724//3724
f 3716//3716 3724//3724 3723//3723
f 3717//3717 3718//3718 3725//3725
f 3717//3717 3725//3725 3724//3724
f 3718//3718 3712//3712 3719//3719
f 3718//3718 3719//3719 3725//3725
f 3726//3726 3719//3719 3720//3720
f 3726//3726 3720//3720 3721//3721
f 3726//3726 3721//3721 3722//3722
f 3726//3726 3722//3722 3723//3723
f 3726//3726 3723//3723 3724//3724
f 3726//3726 3724//3724 3725//3725
f 3726//3726 3725//3725 3719//3719
f 3727//3727 3729//3729 3728//3728
f 3727//3727 3730//3730 3729//3729
f 3727//3727 3731//3731 3730//3730
f 3727//3727 3732//3732 3731//3731
f 3727//3727 3733//3733 3732//3732
f 3727//3727 3734//3734 3733//3733
f 3727//3727 3728//3728 3734//3734
f 3728//3728 3729//3729 3736//3736
f 3728//3728 3736//3736 3735//3735
f 3729//3729 3730//3730 3737//3737
f 3729//3729 3737//3737 3736//3736
f 3730//3730 3731//3731 3738//3738
f 3730//3730 3738//3738 3737//3737
f 3731//3731 3732//3732 3739//3739
f 3731//3731 3739//3739 3738//3738
f 3732//3732 3733//3733 3740//3740
f 3732//3732 3740//3740 3739//3739
f 3733//3733 3734//3734 3741//3741
f 3733//3733 3741//3741 3740//3740
f 3734//3734 3728//3728 3735//3735
f 3734//3734 3735//3735 3741//3741
f 3735//3735 3736//3736 3743//3743
f 3735//3735 3743//3743 3742//3742
f 3736//3736 3737//3737 3744//3744
f 3736//3736 3744//3744 3743//3743
f 3737//3737 3738//3738 3745//3745
f 3737//3737 3745//3745 3744//3744
f 3738//3738 3739//3739 3746//3746
f 3738//3738 3746//3746 3745//3745
f 3739//3739 3740//3740 3747//3747
f 3739//3739 3747//3747 3746//3746
f 3740//3740 3741//3741 3748//3748
f 3740//3740 3748//3748 3747//3747
f 3741//3741 3735//3735 3742//3742
f 3741//3741 3742//3742 3748//3748
f 3749//3749 3742//3742 3743//3743
f 3749//3749 3743//3743 3744//3744
f 3749//3749 3744//3744 3745//3745
f 3749//3749 3745//3745 3746//3746
f 3749//3749 3746//3746 3747//3747
f 3749//3749 3747//3747 3748//3748
f 3749//3749 3748//3748 3742//3742
f 3750//3750 3752//3752 3751//3751
f 3750//3750 3753//3753 3752//3752
f 3750//3750 3754//3754 3753//3753
f 3750//3750 3755//3755 3754//3754
f 3750//3750 3756//3756 3755//3755
f 3750//3750 3757//3757 3756//3756
f 3750//3750 3751//3751 3757//3757
f 3751//3751 3752//3752 3759//3759
f 3751//3751 3759//3759 3758//3758
f 3752//3752 3753//3753 3760//3760
f 3752//3752 3760//3760 3759//3759
f 3753//3753 3754//3754 3761//3761
f 3753//3753 3761//3761 3760//3760
f 3754//3754 3755//3755 3762//3762
f 3754//3754 3762//3762 3761//3761
f 3755//3755 3756//3756 3763//3763
f 3755//3755 3763//3763 3762//3762
f 3756//3756 3757//3757 3764//3764
f 3756//3756 3764//3764 3763//3763
f 3757//3757 3751//3751 3758//3758
f 3757//3757 3758//3758 3764//3764
f 3758//3758 3759//3759 3766//3766
f 3758//3758 3766//3766 3765//3765
f 3759//3759 3760//3760 3767//3767
f 3759//3759 3767//3767 3766//3766
f 3760//3760 3761//3761 3768//3768
f 3760//3760 3768//3768 3767//3767
f 3761//3761 3762//3762 3769//3769
f 3761//3761 3769//3769 3768//3768
f 3762//3762 3763//3763 3770//3770
f 3762//3762 3770//3770 3769//3769
f 3763//3763 3764//3764 3771//3771
f 3763//3763 3771//3771 3770//3770
f 3764//3764 3758//3758 3765//3765
f 3764//3764 3765//3765 3771//3771
f 3772//3772 3765//3765 3766//3766
f 3772//3772 3766//3766 3767//3767
f 3772//3772 3767//3767 3768//3768
f 3772//3772 3768//3768 3769//3769
f 3772//3772 3769//3769 3770//3770
f 3772//3772 3770//3770 3771//3771
f 3772//3772 3771//3771 3765//3765
f 3773//3773 3775//3775 3774//3774
f 3773//3773 3776//3776 3775//3775
f 3773//3773 3777//3777 3776//3776
f 3773//3773 3778//3778 3777//3777
f 3773//3773 3779//3779 3778//3778
f 3773//3773 3780//3780 3779//3779
f 3773//3773 3774//3774 3780//3780
f 3774//3774 3775//3775 3782//3782
f 3774//3774 3782//3782 3781//3781
f 3775//3775 3776//3776 3783//3783
f 3775//3775 3783//3783 3782//3782
f 3776//3776 3777//3777 3784//3784
f 3776//3776 3784//3784 3783//3783
f 3777//3777 3778//3778 3785//3785
f 3777//3777 3785//3785 3784//3784
f 3778//3778 3779//3779 3786//3786
f 3778//3778 3786//3786 3785//3785
f 3779//3779 3780//3780 3787//3787
f 3779//3779 3787//3787 3786//3786
f 3780//3780 3774//3774 3781//3781
f 3780//3780 3781//3781 3787//3787
f 3781//3781 3782//3782 3789//3789
f 3781//3781 3789//3789 3788//3788
f 3782//3782 3783//3783 3790//3790
f 3782//3782 3790//3790 3789//3789
f 3783//3783 3784//3784 3791//3791
f 3783//3783 3791//3791 3790//3790
f 3784//3784 3785//3785 3792//3792
f 3784//3784 3792//3792 3791//3791
f 3785//3785 3786//3786 3793//3793
f 3785//3785 3793//3793 3792//3792
f 3786//3786 3787//3787 3794//3794
f 3786//3786 3794//3794 3793//3793
f 3787//3787 3781//3781 3788//3788
f 3787//3787 3788//3788 3794//3794
f 3795//3795 3788//3788 3789//3789
f 3795//3795 3789//3789 3790//3790
f 3795//3795 3790//3790 3791//3791
f 3795//3795 3791//3791 3792//3792
f 3795//3795 3792//3792 3793//3793
f 3795//3795 3793//3793 3794//3794
f 3795//3795 3794//3794 3788//3788
f 3796//3796 3798//3798 3797//3797
f 3796//3796 3799//3799 3798//3798
f 3796//3796 3800//3800 3799//3799
f 3796//3796 3801//3801 3800//3800
f 3796//3796 3802//3802 3801//3801
f 3796//3796 3803//3803 3802//3802
f 3796//3796 3797//3797 3803//3803
f 3797//3797 3798//3798 3805//3805
f 3797//3797 3805//3805 3804//3804
f 3798//3798 3799//3799 3806//3806
f 3798//3798 3806//3806 3805//3805
f 3799//3799 3800//3800 3807//3807
f 3799//3799 3807//3807 3806//3806
f 3800//3800 3801//3801 3808//3808
f 3800//3800 3808//3808 3807//3807
f 3801//3801 3802//3802 3809//3809
f 3801//3801 3809//3809 3808//3808
f 3802//3802 3803//3803 3810//3810
f 3802//3802 3810//3810 3809//3809
f 3803//3803 3797//3797 3804//3804
f 3803//3803 3804//3804 3810//3810
f 3804//3804 3805//3805 3812//3812
f 3804//3804 3812//3812 3811//3811
f 3805//3805 3806//3806 3813//3813
f 3805//3805 3813//3813 3812//3812
f 3806//3806 3807//3807 3814//3814
f 3806//3806 3814//3814 3813//3813
f 3807//3807 3808//3808 3815//3815
f 3807//3807 3815//3815 3814//3814
f 3808//3808 3809//3809 3816//3816
f 3808//3808 3816//3816 3815//3815
f 3809//3809 3810//3810 3817//3817
f 3809//3809 3817//3817 3816//3816
f 3810//3810 3804//3804 3811//3811
f 3810//3810 3811//3811 3817//3817
f 3818//3818 3811//3811 3812//3812
f 3818//3818 3812//3812 3813//3813
f 3818//3818 3813//3813 3814//3814
f 3818//3818 3814//3814 3815//3815
f 3818//3818 3815//3815 3816//3816
f 3818//3818 3816//3816 3817//3817
f 3818//3818 3817//3817 3811//3811
f 3819//3819 3821//3821 3820//3820
f 3819//3819 3822//3822 3821//3821
f 3819//3819 3823//3823 3822//3822
f 3819//3819 3824//3824 3823//3823
f 3819//3819 3825//3825 3824//3824
f 3819//3819 3826//3826 3825//3825
f 3819//3819 3820//3820 3826//3826
f 3820//3820 3821//3821 3828//3828
f 3820//3820 3828//3828 3827//3827
f 3821//3821 3822//3822 3829//3829
f 3821//3821 3829//3829 3828//3828
f 3822//3822 3823//3823 3830//3830
f 3822//3822 3830//3830 3829//3829
f 3823//3823 3824//3824 3831//3831
f 3823//3823 3831//3831 3830//3830
f 3824//3824 3825//3825 3832//3832
f 3824//3824 3832//3832 3831//3831
f 3825//3825 3826//3826 3833//3833
f 3825//3825 3833//3833 3832//3832
f 3826//3826 3820//3820 3827//3827
f 3826//3826 3827//3827 3833//3833
f 3827//3827 3828//3828 3835//3835
f 3827//3827 3835//3835 3834//3834
f 3828//3828 3829//3829 3836//3836
f 3828//3828 3836//3836 3835//3835
f 3829//3829 3830//3830 3837//3837
f 3829//3829 3837//3837 3836//3836
f 3830//3830 3831//3831 3838//3838
f 3830//3830 3838//3838 3837//3837
f 3831//3831 3832//3832 3839//3839
f 3831//3831 3839//3839 3838//3838
f 3832//3832 3833//3833 3840//3840
f 3832//3832 3840//3840 3839//3839
f 3833//3833 3827//3827 3834//3834
f 3833//3833 3834//3834 3840//3840
f 3841//3841 3834//3834 3835//3835
f 3841//3841 3835//3835 3836//3836
f 3841//3841 3836//3836 3837//3837
f 3841//3841 3837//3837 3838//3838
f 3841//3841 3838//3838 3839//3839
f 3841//3841 3839//3839 3840//3840
f 3841//3841 3840//3840 3834//3834
f 3842//3842 3844//3844 3843//3843
f 3842//3842 3845//3845 3844//3844
f 3842//3842 3846//3846 3845//3845
f 3842//3842 3847//3847 3846//3846
f 3842//3842 3848//3848 3847//3847
f 3842//3842 3849//3849 3848//3848
f 3842//3842 3843//3843 3849//3849
f 3843//3843 3844//3844 3851//3851
f 3843//3843 3851//3851 3850//3850
f 3844//3844 3845//3845 3852//3852
f 3844//3844 3852//3852 3851//3851
f 3845//3845 3846//3846 3853//3853
f 3845//3845 3853//3853 3852//3852
f 3846//3846 3847//3847 3854//3854
f 3846//3846 3854//3854 3853//3853
f 3847//3847 3848//3848 3855//3855
f 3847//3847 3855//3855 3854//3854
f 3848//3848 3849//3849 3856//3856
f 3848//3848 3856//3856 3855//3855
f 3849//3849 3843//3843 3850//3850
f 3849//3849 3850//3850 3856//3856
f 3850//3850 3851//3851 3858//3858
f 3850//3850 3858//3858 3857//3857
f 3851//3851 3852//3852 3859//3859
f 3851//3851 3859//3859 3858//3858
f 3852//3852 3853//3853 3860//3860
f 3852//3852 3860//3860 3859//3859
f 3853//3853 3854//3854 3861//3861
f 3853//3853 3861//3861 3860//3860
f 3854//3854 3855//3855 3862//3862
f 3854//3854 3862//3862 3861//3861
f 3855//3855 3856//3856 3863//3863
f 3855//3855 3863//3863 3862//3862
f 3856//3856 3850//3850 3857//3857
f 3856//3856 3857//3857 3863//3863
f 3864//3864 3857//3857 3858//3858
f 3864//3864 3858//3858 3859//3859
f 3864//3864 3859//3859 3860//3860
f 3864//3864 3860//3860 3861//3861
f 3864//3864 3861//3861 3862//3862
f 3864//3864 3862//3862 3863//3863
f 3864//3864 3863//3863 3857//3857
f 3865//3865 3867//3867 3866//3866
f 3865//3865 3868//3868 3867//3867
f 3865//3865 3869//3869 3868//3868
f 3865//3865 3870//3870 3869//3869
f 3865//3865 3871//3871 3870//3870
f 3865//3865 3872//3872 3871//3871
f 3865//3865 3866//3866 3872//3872
f 3866//3866 3867//3867 3874//3874
f 3866//3866 3874//3874 3873//3873
f 3867//3867 3868//3868 3875//3875
f 3867//3867 3875//3875 3874//3874
f 3868//3868 3869//3869 3876//3876
f 3868//3868 3876//3876 3875//3875
f 3869//3869 3870//3870 3877//3877
f 3869//3869 3877//3877 3876//3876
f 3870//3870 3871//3871 3878//3878
f 3870//3870 3878//3878 3877//3877
f 3871//3871 3872//3872 3879//3879
f 3871//3871 3879//3879 3878//3878
f 3872//3872 3866//3866 3873//3873
f 3872//3872 3873//3873 3879//3879
f 3873//3873 3874//3874 3881//3881
f 3873//3873 3881//3881 3880//3880
f 3874//3874 3875//3875 3882//3882
f 3874//3874 3882//3882 3881//3881
f 3875//3875 3876//3876 3883//3883
f 3875//3875 3883//3883 3882//3882
f 3876//3876 3877//3877 3884//3884
f 3876//3876 3884//3884 3883//3883
f 3877//3877 3878//3878 3885//3885
f 3877//3877 3885//3885 3884//3884
f 3878//3878 3879//3879 3886//3886
f 3878//3878 3886//3886 3885//3885
f 3879//3879 3873//3873 3880//3880
f 3879//3879 3880//3880 3886//3886
f 3887//3887 3880//3880 3881//3881
f 3887//3887 3881//3881 3882//3882
f 3887//3887 3882//3882 3883//3883
f 3887//3887 3883//3883 3884//3884
f 3887//3887 3884//3884 3885//3885
f 3887//3887 3885//3885 3886//3886
f 3887//3887 3886//3886 3880//3880
f 3888//3888 3890//3890 3889//3889
f 3888//3888 3891//3891 3890//3890
f 3888//3888 3892//3892 3891//3891
f 3888//3888 3893//3893 3892//3892
f 3888//3888 3894//3894 3893//3893
f 3888//3888 3895//3895 3894//3894
f 3888//3888 3889//3889 3895//3895
f 3889//3889 3890//3890 3897//3897
f 3889//3889 3897//3897 3896//3896
f 3890//3890 3891//3891 3898//3898
f 3890//3890 3898//3898 3897//3897
f 3891//3891 3892//3892 3899//3899
f 3891//3891 3899//3899 3898//3898
f 3892//3892 3893//3893 3900//3900
f 3892//3892 3900//3900 3899//3899
f 3893//3893 3894//3894 3901//3901
f 3893//3893 3901//3901 3900//3900
f 3894//3894 3895//3895 3902//3902
f 3894//3894 3902//3902 3901//3901
f 3895//3895 3889//3889 3896//3896
f 3895//3895 3896//3896 3902//3902
f 3896//3896 3897//3897 3904//3904
f 3896//3896 3904//3904 3903//3903
f 3897//3897 3898//3898 3905//3905
f 3897//3897 3905//3905 3904//3904
f 3898//3898 3899//3899 3906//3906
f 3898//3898 3906//3906 3905//3905
f 3899//3899 3900//3900 3907//3907
f 3899//3899 3907//3907 3906//3906
f 3900//3900 3901//3901 3908//3908
f 3900//3900 3908//3908 3907//3907
f 3901//3901 3902//3902 3909//3909
f 3901//3901 3909//3909 3908//3908
f 3902//3902 3896//3896 3903//3903
f 3902//3902 3903//3903 3909//3909
f 3910//3910 3903//3903 3904//3904
f 3910//3910 3904//3904 3905//3905
f 3910//3910 3905//3905 3906//3906
f 3910//3910 3906//3906 3907//3907
f 3910//3910 3907//3907 3908//3908
f 3910//3910 3908//3908 3909//3909
f 3910//3910 3909//3909 3903//3903
f 3911//3911 3913//3913 3912//3912
f 3911//3911 3914//3914 3913//3913
f 3911//3911 3915//3915 3914//3914
f 3911//3911 3916//3916 3915//3915
f 3911//3911 3917//3917 3916//3916
f 3911//3911 3918//3918 3917//3917
f 3911//3911 3912//3912 3918//3918
f 3912//3912 3913//3913 3920//3920
f 3912//3912 3920//3920 3919//3919
f 3913//3913 3914//3914 3921//3921
f 3913//3913 3921//3921 3920//3920
f 3914//3914 3915//3915 3922//3922
f 3914//3914 3922//3922 3921//3921
f 3915//3915 3916//3916 3923//3923
f 3915//3915 3923//3923 3922//3922
f 3916//3916 3917//3917 3924//3924
f 3916//3916 3924//3924 3923//3923
f 3917//3917 3918//3918 3925//3925
f 3917//3917 3925//3925 3924//3924
f 3918//3918 3912//3912 3919//3919
f 3918//3918 3919//3919 3925//3925
f 3919//3919 3920//3920 3927//3927
f 3919//3919 3927//3927 3926//3926
f 3920//3920 3921//3921 3928//3928
f 3920//3920 3928//3928 3927//3927
f 3921//3921 3922//3922 3929//3929
f 3921//3921 3929//3929 3928//3928
f 3922//3922 3923//3923 3930//3930
f 3922//3922 3930//3930 3929//3929
f 3923//3923 3924//3924 3931//3931
f 3923//3923 3931//3931 3930//3930
f 3924//3924 3925//3925 3932//3932
f 3924//3924 3932//3932 3931//3931
f 3925//3925 3919//3919 3926//3926
f 3925//3925 3926//3926 3932//3932
f 3933//3933 3926//3926 3927//3927
f 3933//3933 3927//3927 3928//3928
f 3933//3933 3928//3928 3929//3929
f 3933//3933 3929//3929 3930//3930
f 3933//3933 3930//3930 3931//3931
f 3933//3933 3931//3931 3932//3932
f 3933//3933 3932//3932 3926//3926
f 3934//3934 3936//3936 3935//3935
f 3934//3934 3937//3937 3936//3936
f 3934//3934 3938//3938 3937//3937
f 3934//3934 3939//3939 3938//3938
f 3934//3934 3940//3940 3939//3939
f 3934//3934 3941//3941 3940//3940
f 3934//3934 3935//3935 3941//3941
f 3935//3935 3936//3936 3943//3943
f 3935//3935 3943//3943 3942//3942
f 3936//3936 3937//3937 3944//3944
f 3936//3936 3944//3944 3943//3943
f 3937//3937 3938//3938 3945//3945
f 3937//3937 3945//3945 3944//3944
f 3938//3938 3939//3939 3946//3946
f 3938//3938 3946//3946 3945//3945
f 3939//3939 3940//3940 3947//3947
f 3939//3939 3947//3947 3946//3946
f 3940//3940 3941//3941 3948//3948
f 3940//3940 3948//3948 3947//3947
f 3941//3941 3935//3935 3942//3942
f 3941//3941 3942//3942 3948//3948
f 3942//3942 3943//3943 3950//3950
f 3942//3942 3950//3950 3949//3949
f 3943//3943 3944//3944 3951//3951
f 3943//3943 3951//3951 3950//3950
f 3944//3944 3945//3945 3952//3952
f 3944//3944 3952//3952 3951//3951
f 3945//3945 3946//3946 3953//3953
f 3945//3945 3953//3953 3952//3952
f 3946//3946 3947//3947 3954//3954
f 3946//3946 3954//3954 3953//3953
f 3947//3947 3948//3948 3955//3955
f 3947//3947 3955//3955 3954//3954
f 3948//3948 3942//3942 3949//3949
f 3948//3948 3949//3949 3955//3955
f 3956//3956 3949//3949 3950//3950
f 3956//3956 3950//3950 3951//3951
f 3956//3956 3951//3951 3952//3952
f 3956//3956 3952//3952 3953//3953
f 3956//3956 3953//3953 3954//3954
f 3956//3956 3954//3954 3955//3955
f 3956//3956 3955//3955 3949//3949
f 3957//3957 3959//3959 3958//3958
f 3957//3957 3960//3960 3959//3959
f 3957//3957 3961//3961 3960//3960
f 3957//3957 3962//3962 3961//3961
f 3957//3957 3963//3963 3962//3962
f 3957//3957 3964//3964 3963//3963
f 3957//3957 3958//3958 3964//3964
f 3958//3958 3959//3959 3966//3966
f 3958//3958 3966//3966 3965//3965
f 3959//3959 3960//3960 3967//3967
f 3959//3959 3967//3967 3966//3966
f 3960//3960 3961//3961 3968//3968
f 3960//3960 3968//3968 3967//3967
f 3961//3961 3962//3962 3969//3969
f 3961//3961 3969//3969 3968//3968
f 3962//3962 3963//3963 3970//3970
f 3962//3962 3970//3970 3969//3969
f 3963//3963 3964//3964 3971//3971
f 3963//3963 3971//3971 3970//3970
f 3964//3964 3958//3958 3965//3965
f 3964//3964 3965//3965 3971//3971
f 3965//3965 3966//3966 3973//3973
f 3965//3965 3973//3973 3972//3972
f 3966//3966 3967//3967 3974//3974
f 3966//3966 3974//3974 3973//3973
f 3967//3967 3968//3968 3975//3975
f 3967//3967 3975//3975 3974//3974
f 3968//3968 3969//3969 3976//3976
f 3968//3968 3976//3976 3975//3975
f 3969//3969 3970//3970 3977//3977
f 3969//3969 3977//3977 3976//3976
f 3970//3970 3971//3971 3978//3978
f 3970//3970 3978//3978 3977//3977
f 3971//3971 3965//3965 3972//3972
f 3971//3971 3972//3972 3978//3978
f 3979//3979 3972//3972 3973//3973
f 3979//3979 3973//3973 3974//3974
f 3979//3979 3974//3974 3975//3975
f 3979//3979 3975//3975 3976//3976
f 3979//3979 3976//3976 3977//3977
f 3979//3979 3977//3977 3978//3978
f 3979//3979 3978//3978 3972//3972
f 3980//3980 3982//3982 3981//3981
f 3980//3980 3983//3983 3982//3982
f 3980//3980 3984//3984 3983//3983
f 3980//3980 3985//3985 3984//3984
f 3980//3980 3986//3986 3985//3985
f 3980//3980 3987//3987 3986//3986
f 3980//3980 3981//3981 3987//3987
f 3981//3981 3982//3982 3989//3989
f 3981//3981 3989//3989 3988//3988
f 3982//3982 3983//3983 3990//3990
f 3982//3982 3990//3990 3989//3989
f 3983//3983 3984//3984 3991//3991
f 3983//3983 3991//3991 3990//3990
f 3984//3984 3985//3985 3992//3992
f 3984//3984 3992//3992 3991//3991
f 3985//3985 3986//3986 3993//3993
f 3985//3985 3993//3993 3992//3992
f 3986//3986 3987//3987 3994//3994
f 3986//3986 3994//3994 3993//3993
f 3987//3987 3981//3981 3988//3988
f 3987//3987 3988//3988 3994//3994
f 3988//3988 3989//3989 3996//3996
f 3988//3988 3996//3996 3995//3995
f 3989//3989 3990//3990 3997//3997
f 3989//3989 3997//3997 3996//3996
f 3990//3990 3991//3991 3998//3998
f 3990//3990 3998//3998 3997//3997
f 3991//3991 3992//3992 3999//3999
f 3991//3991 3999//3999 3998//3998
f 3992//3992 3993//3993 4000//4000
f 3992//3992 4000//4000 3999//3999
f 3993//3993 3994//3994 4001//4001
f 3993//3993 4001//4001 4000//4000
f 3994//3994 3988//3988 3995//3995
f 3994//3994 3995//3995 4001//4001
f 4002//4002 3995//3995 3996//3996
f 4002//4002 3996//3996 3997//3997
f 4002//4002 3997//3997 3998//3998
f 4002//4002 3998//3998 3999//3999
f 4002//4002 3999//3999 4000//4000
f 4002//4002 4000//4000 4001//4001
f 4002//4002 4001//4001 3995//3995
f 4003//4003 4005//4005 4004//4004
f 4003//4003 4006//4006 4005//4005
f 4003//4003 4007//4007 4006//4006
f 4003//4003 4008//4008 4007//4007
f 4003//4003 4009//4009 4008//4008
f 4003//4003 4010//4010 4009//4009
f 4003//4003 4004//4004 4010//4010
f 4004//4004 4005//4005 4012//4012
f 4004//4004 4012//4012 4011//4011
f 4005//4005 4006//4006 4013//4013
f 4005//4005 4013//4013 4012//4012
f 4006//4006 4007//4007 4014//4014
f 4006//4006 4014//4014 4013//4013
f 4007//4007 4008//4008 4015//4015
f 4007//4007 4015//4015 4014//4014
f 4008//4008 4009//4009 4016//4016
f 4008//4008 4016//4016 4015//4015
f 4009//4009 4010//4010 4017//4017
f 4009//4009 4017//4017 4016//4016
f 4010//4010 4004//4004 4011//4011
f 4010//4010 4011//4011 4017//4017
f 4011//4011 4012//4012 4019//4019
f 4011//4011 4019//4019 4018//4018
f 4012//4012 4013//4013 4020//4020
f 4012//4012 4020//4020 4019//4019
f 4013//4013 4014//4014 4021//4021
f 4013//4013 4021//4021 4020//4020
f 4014//4014 4015//4015 4022//4022
f 4014//4014 4022//4022 4021//4021
f 4015//4015 4016//4016 4023//4023
f 4015//4015 4023//4023 4022//4022
f 4016//4016 4017//4017 4024//4024
f 4016//4016 4024//4024 4023//4023
f 4017//4017 4011//4011 4018//4018
f 4017//4017 4018//4018 4024//4024
f 4025//4025 4018//4018 4019//4019
f 4025//4025 4019//4019 4020//4020
f 4025//4025 4020//4020 4021//4021
f 4025//4025 4021//4021 4022//4022
f 4025//4025 4022//4022 4023//4023
f 4025//4025 4023//4023 4024//4024
f 4025//4025 4024//4024 4018//4018
f 4026//4026 4028//4028 4027//4027
f 4026//4026 4029//4029 4028//4028
f 4026//4026 4030//4030 4029//4029
f 4026//4026 4031//4031 4030//4030
f 4026//4026 4032//4032 4031//4031
f 4026//4026 4033//4033 4032//4032
f 4026//4026 4027//4027 4033//4033
f 4027//4027 4028//4028 4035//4035
f 4027//4027 4035//4035 4034//4034
f 4028//4028 4029//4029 4036//4036
f 4028//4028 4036//4036 4035//4035
f 4029//4029 4030//4030 4037//4037
f 4029//4029 4037//4037 4036//4036
f 4030//4030 4031//4031 4038//4038
f 4030//4030 4038//4038 4037//4037
f 4031//4031 4032//4032 4039//4039
f 4031//4031 4039//4039 4038//4038
f 4032//4032 4033//4033 4040//4040
f 4032//4032 4040//4040 4039//4039
f 4033//4033 4027//4027 4034//4034
f 4033//4033 4034//4034 4040//4040
f 4034//4034 4035//4035 4042//4042
f 4034//4034 4042//4042 4041//4041
f 4035//4035 4036//4036 4043//4043
f 4035//4035 4043//4043 4042//4042
f 4036//4036 4037//4037 4044//4044
f 4036//4036 4044//4044 4043//4043
f 4037//4037 4038//4038 4045//4045
f 4037//4037 4045//4045 4044//4044
f 4038//4038 4039//4039 4046//4046
f 4038//4038 4046//4046 4045//4045
f 4039//4039 4040//4040 4047//4047
f 4039//4039 4047//4047 4046//4046
f 4040//4040 4034//4034 4041//4041
f 4040//4040 4041//4041 4047//4047
f 4048//4048 4041//4041 4042//4042
f 4048//4048 4042//4042 4043//4043
f 4048//4048 4043//4043 4044//4044
f 4048//4048 4044//4044 4045//4045
f 4048//4048 4045//4045 4046//4046
f 4048//4048 4046//4046 4047//4047
f 4048//4048 4047//4047 4041//4041
f 4049//4049 4051//4051 4050//4050
f 4049//4049 4052//4052 4051//4051
f 4049//4049 4053//4053 4052//4052
f 4049//4049 4054//4054 4053//4053
f 4049//4049 4055//4055 4054//4054
f 4049//4049 4056//4056 4055//4055
f 4049//4049 4050//4050 4056//4056
f 4050//4050 4051//4051 4058//4058
f 4050//4050 4058//4058 4057//4057
f 4051//4051 4052//4052 4059//4059
f 4051//4051 4059//4059 4058//4058
f 4052//4052 4053//4053 4060//4060
f 4052//4052 4060//4060 4059//4059
f 4053//4053 4054//4054 4061//4061
f 4053//4053 4061//4061 4060//4060
f 4054//4054 4055//4055 4062//4062
f 4054//4054 4062//4062 4061//4061
f 4055//4055 4056//4056 4063//4063
f 4055//4055 4063//4063 4062//4062
f 4056//4056 4050//4050 4057//4057
f 4056//4056 4057//4057 4063//4063
f 4057//4057 4058//4058 4065//4065
f 4057//4057 4065//4065 4064//4064
f 4058//4058 4059//4059 4066//4066
f 4058//4058 4066//4066 4065//4065
f 4059//4059 4060//4060 4067//4067
f 4059//4059 4067//4067 4066//4066
f 4060//4060 4061//4061 4068//4068
f 4060//4060 4068//4068 4067//4067
f 4061//4061 4062//4062 4069//4069
f 4061//4061 4069//4069 4068//4068
f 4062//4062 4063//4063 4070//4070
f 4062//4062 4070//4070 4069//4069
f 4063//4063 4057//4057 4064//4064
f 4063//4063 4064//4064 4070//4070
f 4071//4071 4064//4064 4065//4065
f 4071//4071 4065//4065 4066//4066
f 4071//4071 4066//4066 4067//4067
f 4071//4071 4067//4067 4068//4068
f 4071//4071 4068//4068 4069//4069
f 4071//4071 4069//4069 4070//4070
f 4071//4071 4070//4070 4064//4064
f 4072//4072 4074//4074 4073//4073
f 4072//4072 4075//4075 4074//4074
f 4072//4072 4076//4076 4075//4075
f 4072//4072 4077//4077 4076//4076
f 4072//4072 4078//4078 4077//4077
f 4072//4072 4079//4079 4078//4078
f 4072//4072 4073//4073 4079//4079
f 4073//4073 4074//4074 4081//4081
f 4073//4073 4081//4081 4080//4080
f 4074//4074 4075//4075 4082//4082
f 4074//4074 4082//4082 4081//4081
f 4075//4075 4076//4076 4083//4083
f 4075//4075 4083//4083 4082//4082
f 4076//4076 4077//4077 4084//4084
f 4076//4076 4084//4084 4083//4083
f 4077//4077 4078//4078 4085//4085
f 4077//4077 4085//4085 4084//4084
f 4078//4078 4079//4079 4086//4086
f 4078//4078 4086//4086 4085//4085
f 4079//4079 4073//4073 4080//4080
f 4079//4079 4080//4080 4086//4086
f 4080//4080 4081//4081 4088//4088
f 4080//4080 4088//4088 4087//4087
f 4081//4081 4082//4082 4089//4089
f 4081//4081 4089//4089 4088//4088
f 4082//4082 4083//4083 4090//4090
f 4082//4082 4090//4090 4089//4089
f 4083//4083 4084//4084 4091//4091
f 4083//4083 4091//4091 4090//4090
f 4084//4084 4085//4085 4092//4092
f 4084//4084 4092//4092 4091//4091
f 4085//4085 4086//4086 4093//4093
f 4085//4085 4093//4093 4092//4092
f 4086//4086 4080//4080 4087//4087
f 4086//4086 4087//4087 4093//4093
f 4094//4094 4087//4087 4088//4088
f 4094//4094 4088//4088 4089//4089
f 4094//4094 4089//4089 4090//4090
f 4094//4094 4090//4090 4091//4091
f 4094//4094 4091//4091 4092//4092
f 4094//4094 4092//4092 4093//4093
f 4094//4094 4093//4093 4087//4087
f 4095//4095 4097//4097 4096//4096
f 4095//4095 4098//4098 4097//4097
f 4095//4095 4099//4099 4098//4098
f 4095//4095 4100//4100 4099//4099
f 4095//4095 4101//4101 4100//4100
f 4095//4095 4102//4102 4101//4101
f 4095//4095 4096//4096 4102//4102
f 4096//4096 4097//4097 4104//4104
f 4096//4096 4104//4104 4103//4103
f 4097//4097 4098//4098 4105//4105
f 4097//4097 4105//4105 4104//4104
f 4098//4098 4099//4099 4106//4106
f 4098//4098 4106//4106 4105//4105
f 4099//4099 4100//4100 4107//4107
f 4099//4099 4107//4107 4106//4106
f 4100//4100 4101//4101 4108//4108
f 4100//4100 4108//4108 4107//4107
f 4101//4101 4102//4102 4109//4109
f 4101//4101 4109//4109 4108//4108
f 4102//4102 4096//4096 4103//4103
f 4102//4102 4103//4103 4109//4109
f 4103//4103 4104//4104 4111//4111
f 4103//4103 4111//4111 4110//4110
f 4104//4104 4105//4105 4112//4112
f 4104//4104 4112//4112 4111//4111
f 4105//4105 4106//4106 4113//4113
f 4105//4105 4113//4113 4112//4112
f 4106//4106 4107//4107 4114//4114
f 4106//4106 4114//4114 4113//4113
f 4107//4107 4108//4108 4115//4115
f 4107//4107 4115//4115 4114//4114
f 4108//4108 4109//4109 4116//4116
f 4108//4108 4116//4116 4115//4115
f 4109//4109 4103//4103 4110//4110
f 4109//4109 4110//4110 4116//4116
f 4117//4117 4110//4110 4111//4111
f 4117//4117 4111//4111 4112//4112
f 4117//4117 4112//4112 4113//4113
f 4117//4117 4113//4113 4114//4114
f 4117//4117 4114//4114 4115//4115
f 4117//4117 4115//4115 4116//4116
f 4117//4117 4116//4116 4110//4110
f 4118//4118 4120//4120 4119//4119
f 4118//4118 4121//4121 4120//4120
f 4118//4118 4122//4122 4121//4121
f 4118//4118 4123//4123 4122//4122
f 4118//4118 4124//4124 4123//4123
f 4118//4118 4125//4125 4124//4124
f 4118//4118 4119//4119 4125//4125
f 4119//4119 4120//4120 4127//4127
f 4119//4119 4127//4127 4126//4126
f 4120//4120 4121//4121 4128//4128
f 4120//4120 4128//4128 4127//4127
f 4121//4121 4122//4122 4129//4129
f 4121//4121 4129//4129 4128//4128
f 4122//4122 4123//4123 4130//4130
f 4122//4122 4130//4130 4129//4129
f 4123//4123 4124//4124 4131//4131
f 4123//4123 4131//4131 4130//4130
f 4124//4124 4125//4125 4132//4132
f 4124//4124 4132//4132 4131//4131
f 4125//4125 4119//4119 4126//4126
f 4125//4125 4126//4126 4132//4132
f 4126//4126 4127//4127 4134//4134
f 4126//4126 4134//4134 4133//4133
f 4127//4127 4128//4128 4135//4135
f 4127//4127 4135//4135 4134//4134
f 4128//4128 4129//4129 4136//4136
f 4128//4128 4136//4136 4135//4135
f 4129//4129 4130//4130 4137//4137
f 4129//4129 4137//4137 4136//4136
f 4130//4130 4131//4131 4138//4138
f 4130//4130 4138//4138 4137//4137
f 4131//4131 4132//4132 4139//4139
f 4131//4131 4139//4139 4138//4138
f 4132//4132 4126//4126 4133//4133
f 4132//4132 4133//4133 4139//4139
f 4140//4140 4133//4133 4134//4134
f 4140//4140 4134//4134 4135//4135
f 4140//4140 4135//4135 4136//4136
f 4140//4140 4136//4136 4137//4137
f 4140//4140 4137//4137 4138//4138
f 4140//4140 4138//4138 4139//4139
f 4140//4140 4139//4139 4133//4133
f 4141//4141 4143//4143 4142//4142
f 4141//4141 4144//4144 4143//4143
f 4141//4141 4145//4145 4144//4144
f 4141//4141 4146//4146 4145//4145
f 4141//4141 4147//4147 4146//4146
f 4141//4141 4148//4148 4147//4147
f 4141//4141 4142//4142 4148//4148
f 4142//4142 4143//4143 4150//4150
f 4142//4142 4150//4150 4149//4149
f 4143//4143 4144//4144 4151//4151
f 4143//4143 4151//4151 4150//4150
f 4144//4144 4145//4145 4152//4152
f 4144//4144 4152//4152 4151//4151
f 4145//4145 4146//4146 4153//4153
f 4145//4145 4153//4153 4152//4152
f 4146//4146 4147//4147 4154//4154
f 4146//4146 4154//4154 4153//4153
f 4147//4147 4148//4148 4155//4155
f 4147//4147 4155//4155 4154//4154
f 4148//4148 4142//4142 4149//4149
f 4148//4148 4149//4149 4155//4155
f 4149//4149 4150//4150 4157//4157
f 4149//4149 4157//4157 4156//4156
f 4150//4150 4151//4151 4158//4158
f 4150//4150 4158//4158 4157//4157
f 4151//4151 4152//4152 4159//4159
f 4151//4151 4159//4159 4158//4158
f 4152//4152 4153//4153 4160//4160
f 4152//4152 4160//4160 4159//4159
f 4153//4153 4154//4154 4161//4161
f 4153//4153 4161//4161 4160//4160
f 4154//4154 4155//4155 4162//4162
f 4154//4154 4162//4162 4161//4161
f 4155//4155 4149//4149 4156//4156
f 4155//4155 4156//4156 4162//4162
f 4163//4163 4156//4156 4157//4157
f 4163//4163 4157//4157 4158//4158
f 4163//4163 4158//4158 4159//4159
f 4163//4163 4159//4159 4160//4160
f 4163//4163 4160//4160 4161//4161
f 4163//4163 4161//4161 4162//4162
f 4163//4163 4162//4162 4156//4156
f 4164//4164 4166//4166 4165//4165
f 4164//4164 4167//4167 4166//4166
f 4164//4164 4168//4168 4167//4167
f 4164//4164 4169//4169 4168//4168
f 4164//4164 4170//4170 4169//4169
f 4164//4164 4171//4171 4170//4170
f 4164//4164 4165//4165 4171//4171
f 4165//4165 4166//4166 4173//4173
f 4165//4165 4173//4173 4172//4172
f 4166//4166 4167//4167 4174//4174
f 4166//4166 4174//4174 4173//4173
f 4167//4167 4168//4168 4175//4175
f 4167//4167 4175//4175 4174//4174
f 4168//4168 4169//4169 4176//4176
f 4168//4168 4176//4176 4175//4175
f 4169//4169 4170//4170 4177//4177
f 4169//4169 4177//4177 4176//4176
f 4170//4170 4171//4171 4178//4178
f 4170//4170 4178//4178 4177//4177
f 4171//4171 4165//4165 4172//4172
f 4171//4171 4172//4172 4178//4178
f 4172//4172 4173//4173 4180//4180
f 4172//4172 4180//4180 4179//4179
f 4173//4173 4174//4174 4181//4181
f 4173//4173 4181//4181 4180//4180
f 4174//4174 4175//4175 4182//4182
f 4174//4174 4182//4182 4181//4181
f 4175//4175 4176//4176 4183//4183
f 4175//4175 4183//4183 4182//4182
f 4176//4176 4177//4177 4184//4184
f 4176//4176 4184//4184 4183//4183
f 4177//4177 4178//4178 4185//4185
f 4177//4177 4185//4185 4184//4184
f 4178//4178 4172//4172 4179//4179
f 4178//4178 4179//4179 4185//4185
f 4186//4186 4179//4179 4180//4180
f 4186//4186 4180//4180 4181//4181
f 4186//4186 4181//4181 4182//4182
f 4186//4186 4182//4182 4183//4183
f 4186//4186 4183//4183 4184//4184
f 4186//4186 4184//4184 4185//4185
f 4186//4186 4185//4185 4179//4179
f 4187//4187 4189//4189 4188//4188
f 4187//4187 4190//4190 4189//4189
f 4187//4187 4191//4191 4190//4190
f 4187//4187 4192//4192 4191//4191
f 4187//4187 4193//4193 4192//4192
f 4187//4187 4194//4194 4193//4193
f 4187//4187 4188//4188 4194//4194
f 4188//4188 4189//4189 4196//4196
f 4188//4188 4196//4196 4195//4195
f 4189//4189 4190//4190 4197//4197
f 4189//4189 4197//4197 4196//4196
f 4190//4190 4191//4191 4198//4198
f 4190//4190 4198//4198 4197//4197
f 4191//4191 4192//4192 4199//4199
f 4191//4191 4199//4199 4198//4198
f 4192//4192 4193//4193 4200//4200
f 4192//4192 4200//4200 4199//4199
f 4193//4193 4194//4194 4201//4201
f 4193//4193 4201//4201 4200//4200
f 4194//4194 4188//4188 4195//4195
f 4194//4194 4195//4195 4201//4201
f 4195//4195 4196//4196 4203//4203
f 4195//4195 4203//4203 4202//4202
f 4196//4196 4197//4197 4204//4204
f 4196//4196 4204//4204 4203//4203
f 4197//4197 4198//4198 4205//4205
f 4197//4197 4205//4205 4204//4204
f 4198//4198 4199//4199 4206//4206
f 4198//4198 4206//4206 4205//4205
f 4199//4199 4200//4200 4207//4207
f 4199//4199 4207//4207 4206//4206
f 4200//4200 4201//4201 4208//4208
f 4200//4200 4208//4208 4207//4207
f 4201//4201 4195//4195 4202//4202
f 4201//4201 4202//4202 4208//4208
f 4209//4209 4202//4202 4203//4203
f 4209//4209 4203//4203 4204//4204
f 4209//4209 4204//4204 4205//4205
f 4209//4209 4205//4205 4206//4206
f 4209//4209 4206//4206 4207//4207
f 4209//4209 4207//4207 4208//4208
f 4209//4209 4208//4208 4202//4202
f 4210//4210 4212//4212 4211//4211
f 4210//4210 4213//4213 4212//4212
f 4210//4210 4214//4214 4213//4213
f 4210//4210 4215//4215 4214//4214
f 4210//4210 4216//4216 4215//4215
f 4210//4210 4217//4217 4216//4216
f 4210//4210 4211//4211 4217//4217
f 4211//4211 4212//4212 4219//4219
f 4211//4211 4219//4219 4218//4218
f 4212//4212 4213//4213 4220//4220
f 4212//4212 4220//4220 4219//4219
f 4213//4213 4214//4214 4221//4221
f 4213//4213 4221//4221 4220//4220
f 4214//4214 4215//4215 4222//4222
f 4214//4214 4222//4222 4221//4221
f 4215//4215 4216//4216 4223//4223
f 4215//4215 4223//4223 4222//4222
f 4216//4216 4217//4217 4224//4224
f 4216//4216 4224//4224 4223//4223
f 4217//4217 4211//4211 4218//4218
f 4217//4217 4218//4218 4224//4224
f 4218//4218 4219//4219 4226//4226
f 4218//4218 4226//4226 4225//4225
f 4219//4219 4220//4220 4227//4227
f 4219//4219 4227//4227 4226//4226
f 4220//4220 4221//4221 4228//4228
f 4220//4220 4228//4228 4227//4227
f 4221//4221 4222//4222 4229//4229
f 4221//4221 4229//4229 4228//4228
f 4222//4222 4223//4223 4230//4230
f 4222//4222 4230//4230 4229//4229
f 4223//4223 4224//4224 4231//4231
f 4223//4223 4231//4231 4230//4230
f 4224//4224 4218//4218 4225//4225
f 4224//4224 4225//4225 4231//4231
f 4232//4232 4225//4225 4226//4226
f 4232//4232 4226//4226 4227//4227
f 4232//4232 4227//4227 4228//4228
f 4232//4232 4228//4228 4229//4229
f 4232//4232 4229//4229 4230//4230
f 4232//4232 4230//4230 4231//4231
f 4232//4232 4231//4231 4225//4225
f 4233//4233 4235//4235 4234//4234
f 4233//4233 4236//4236 4235//4235
f 4233//4233 4237//4237 4236//4236
f 4233//4233 4238//4238 4237//4237
f 4233//4233 4239//4239 4238//4238
f 4233//4233 4240//4240 4239//4239
f 4233//4233 4234//4234 4240//4240
f 4234//4234 4235//4235 4242//4242
f 4234//4234 4242//4242 4241//4241
f 4235//4235 4236//4236 4243//4243
f 4235//4235 4243//4243 4242//4242
f 4236//4236 4237//4237 4244//4244
f 4236//4236 4244//4244 4243//4243
f 4237//4237 4238//4238 4245//4245
f 4237//4237 4245//4245 4244//4244
f 4238//4238 4239//4239 4246//4246
f 4238//4238 4246//4246 4245//4245
f 4239//4239 4240//4240 4247//4247
f 4239//4239 4247//4247 4246//4246
f 4240//4240 4234//4234 4241//4241
f 4240//4240 4241//4241 4247//4247
f 4241//4241 4242//4242 4249//4249
f 4241//4241 4249//4249 4248//4248
f 4242//4242 4243//4243 4250//4250
f 4242//4242 4250//4250 4249//4249
f 4243//4243 4244//4244 4251//4251
f 4243//4243 4251//4251 4250//4250
f 4244//4244 4245//4245 4252//4252
f 4244//4244 4252//4252 4251//4251
f 4245//4245 4246//4246 4253//4253
f 4245//4245 4253//4253 4252//4252
f 4246//4246 4247//4247 4254//4254
f 4246//4246 4254//4254 4253//4253
f 4247//4247 4241//4241 4248//4248
f 4247//4247 4248//4248 4254//4254
f 4255//4255 4248//4248 4249//4249
f 4255//4255 4249//4249 4250//4250
f 4255//4255 4250//4250 4251//4251
f 4255//4255 4251//4251 4252//4252
f 4255//4255 4252//4252 4253//4253
f 4255//4255 4253//4253 4254//4254
f 4255//4255 4254//4254 4248//4248
f 4256//4256 4258//4258 4257//4257
f 4256//4256 4259//4259 4258//4258
f 4256//4256 4260//4260 4259//4259
f 4256//4256 4261//4261 4260//4260
f 4256//4256 4262//4262 4261//4261
f 4256//4256 4263//4263 4262//4262
f 4256//4256 4257//4257 4263//4263
f 4257//4257 4258//4258 4265//4265
f 4257//4257 4265//4265 4264//4264
f 4258//4258 4259//4259 4266//4266
f 4258//4258 4266//4266 4265//4265
f 4259//4259 4260//4260 4267//4267
f 4259//4259 4267//4267 4266//4266
f 4260//4260 4261//4261 4268//4268
f 4260//4260 4268//4268 4267//4267
f 4261//4261 4262//4262 4269//4269
f 4261//4261 4269//4269 4268//4268
f 4262//4262 4263//4263 4270//4270
f 4262//4262 4270//4270 4269//4269
f 4263//4263 4257//4257 4264//4264
f 4263//4263 4264//4264 4270//4270
f 4264//4264 4265//4265 4272//4272
f 4264//4264 4272//4272 4271//4271
f 4265//4265 4266//4266 4273//4273
f 4265//4265 4273//4273 4272//4272
f 4266//4266 4267//4267 4274//4274
f 4266//4266 4274//4274 4273//4273
f 4267//4267 4268//4268 4275//4275
f 4267//4267 4275//4275 4274//4274
f 4268//4268 4269//4269 4276//4276
f 4268//4268 4276//4276 4275//4275
f 4269//4269 4270//4270 4277//4277
f 4269//4269 4277//4277 4276//4276
f 4270//4270 4264//4264 4271//4271
f 4270//4270 4271//4271 4277//4277
f 4278//4278 4271//4271 4272//4272
f 4278//4278 4272//4272 4273//4273
f 4278//4278 4273//4273 4274//4274
f 4278//4278 4274//4274 4275//4275
f 4278//4278 4275//4275 4276//4276
f 4278//4278 4276//4276 4277//4277
f 4278//4278 4277//4277 4271//4271
f 4279//4279 4281//4281 4280//4280
f 4279//4279 4282//4282 4281//4281
f 4279//4279 4283//4283 4282//4282
f 4279//4279 4284//4284 4283//4283
f 4279//4279 4285//4285 4284//4284
f 4279//4279 4286//4286 4285//4285
f 4279//4279 4280//4280 4286//4286
f 4280//4280 4281//4281 4288//4288
f 4280//4280 4288//4288 4287//4287
f 4281//4281 4282//4282 4289//4289
f 4281//4281 4289//4289 4288//4288
f 4282//4282 4283//4283 4290//4290
f 4282//4282 4290//4290 4289//4289
f 4283//4283 4284//4284 4291//4291
f 4283//4283 4291//4291 4290//4290
f 4284//4284 4285//4285 4292//4292
f 4284//4284 4292//4292 4291//4291
f 4285//4285 4286//4286 4293//4293
f 4285//4285 4293//4293 4292//4292
f 4286//4286 4280//4280 4287//4287
f 4286//4286 4287//4287 4293//4293
f 4287//4287 4288//4288 4295//4295
f 4287//4287 4295//4295 4294//4294
f 4288//4288 4289//4289 4296//4296
f 4288//4288 4296//4296 4295//4295
f 4289//4289 4290//4290 4297//4297
f 4289//4289 4297//4297 4296//4296
f 4290//4290 4291//4291 4298//4298
f 4290//4290 4298//4298 4297//4297
f 4291//4291 4292//4292 4299//4299
f 4291//4291 4299//4299 4298//4298
f 4292//4292 4293//4293 4300//4300
f 4292//4292 4300//4300 4299//4299
f 4293//4293 4287//4287 4294//4294
f 4293//4293 4294//4294 4300//4300
f 4301//4301 4294//4294 4295//4295
f 4301//4301 4295//4295 4296//4296
f 4301//4301 4296//4296 4297//4297
f 4301//4301 4297//4297 4298//4298
f 4301//4301 4298//4298 4299//4299
f 4301//4301 4299//4299 4300//4300
f 4301//4301 4300//4300 4294//4294
f 4302//4302 4304//4304 4303//4303
f 4302//4302 4305//4305 4304//4304
f 4302//4302 4306//4306 4305//4305
f 4302//4302 4307//4307 4306//4306
f 4302//4302 4308//4308 4307//4307
f 4302//4302 4309//4309 4308//4308
f 4302//4302 4303//4303 4309//4309
f 4303//4303 4304//4304 4311//4311
f 4303//4303 4311//4311 4310//4310
f 4304//4304 4305//4305 4312//4312
f 4304//4304 4312//4312 4311//4311
f 4305//4305 4306//4306 4313//4313
f 4305//4305 4313//4313 4312//4312
f 4306//4306 4307//4307 4314//4314
f 4306//4306 4314//4314 4313//4313
f 4307//4307 4308//4308 4315//4315
f 4307//4307 4315//4315 4314//4314
f 4308//4308 4309//4309 4316//4316
f 4308//4308 4316//4316 4315//4315
f 4309//4309 4303//4303 4310//4310
f 4309//4309 4310//4310 4316//4316
f 4310//4310 4311//4311 4318//4318
f 4310//4310 4318//4318 4317//4317
f 4311//4311 4312//4312 4319//4319
f 4311//4311 4319//4319 4318//4318
f 4312//4312 4313//4313 4320//4320
f 4312//4312 4320//4320 4319//4319
f 4313//4313 4314//4314 4321//4321
f 4313//4313 4321//4321 4320//4320
f 4314//4314 4315//4315 4322//4322
f 4314//4314 4322//4322 4321//4321
f 4315//4315 4316//4316 4323//4323
f 4315//4315 4323//4323 4322//4322
f 4316//4316 4310//4310 4317//4317
f 4316//4316 4317//4317 4323//4323
f 4324//4324 4317//4317 4318//4318
f 4324//4324 4318//4318 4319//4319
f 4324//4324 4319//4319 4320//4320
f 4324//4324 4320//4320 4321//4321
f 4324//4324 4321//4321 4322//4322
f 4324//4324 4322//4322 4323//4323
f 4324//4324 4323//4323 4317//4317
f 4325//4325 4327//4327 4326//4326
f 4325//4325 4328//4328 4327//4327
f 4325//4325 4329//4329 4328//4328
f 4325//4325 4330//4330 4329//4329
f 4325//4325 4331//4331 4330//4330
f 4325//4325 4332//4332 4331//4331
f 4325//4325 4326//4326 4332//4332
f 4326//4326 4327//4327 4334//4334
f 4326//4326 4334//4334 4333//4333
f 4327//4327 4328//4328 4335//4335
f 4327//4327 4335//4335 4334//4334
f 4328//4328 4329//4329 4336//4336
f 4328//4328 4336//4336 4335//4335
f 4329//4329 4330//4330 4337//4337
f 4329//4329 4337//4337 4336//4336
f 4330//4330 4331//4331 4338//4338
f 4330//4330 4338//4338 4337//4337
f 4331//4331 4332//4332 4339//4339
f 4331//4331 4339//4339 4338//4338
f 4332//4332 4326//4326 4333//4333
f 4332//4332 4333//4333 4339//4339
f 4333//4333 4334//4334 4341//4341
f 4333//4333 4341//4341 4340//4340
f 4334//4334 4335//4335 4342//4342
f 4334//4334 4342//4342 4341//4341
f 4335//4335 4336//4336 4343//4343
f 4335//4335 4343//4343 4342//4342
f 4336//4336 4337//4337 4344//4344
f 4336//4336 4344//4344 4343//4343
f 4337//4337 4338//4338 4345//4345
f 4337//4337 4345//4345 4344//4344
f 4338//4338 4339//4339 4346//4346
f 4338//4338 4346//4346 4345//4345
f 4339//4339 4333//4333 4340//4340
f 4339//4339 4340//4340 4346//4346
f 4347//4347 4340//4340 4341//4341
f 4347//4347 4341//4341 4342//4342
f 4347//4347 4342//4342 4343//4343
f 4347//4347 4343//4343 4344//4344
f 4347//4347 4344//4344 4345//4345
f 4347//4347 4345//4345 4346//4346
f 4347//4347 4346//4346 4340//4340
f 4348//4348 4350//4350 4349//4349
f 4348//4348 4351//4351 4350//4350
f 4348//4348 4352//4352 4351//4351
f 4348//4348 4353//4353 4352//4352
f 4348//4348 4354//4354 4353//4353
f 4348//4348 4355//4355 4354//4354
f 4348//4348 4349//4349 4355//4355
f 4349//4349 4350//4350 4357//4357
f 4349//4349 4357//4357 4356//4356
f 4350//4350 4351//4351 4358//4358
f 4350//4350 4358//4358 4357//4357
f 4351//4351 4352//4352 4359//4359
f 4351//4351 4359//4359 4358//4358
f 4352//4352 4353//4353 4360//4360
f 4352//4352 4360//4360 4359//4359
f 4353//4353 4354//4354 4361//4361
f 4353//4353 4361//4361 4360//4360
f 4354//4354 4355//4355 4362//4362
f 4354//4354 4362//4362 4361//4361
f 4355//4355 4349//4349 4356//4356
f 4355//4355 4356//4356 4362//4362
f 4356//4356 4357//4357 4364//4364
f 4356//4356 4364//4364 4363//4363
f 4357//4357 4358//4358 4365//4365
f 4357//4357 4365//4365 4364//4364
f 4358//4358 4359//4359 4366//4366
f 4358//4358 4366//4366 4365//4365
f 4359//4359 4360//4360 4367//4367
f 4359//4359 4367//4367 4366//4366
f 4360//4360 4361//4361 4368//4368
f 4360//4360 4368//4368 4367//4367
f 4361//4361 4362//4362 4369//4369
f 4361//4361 4369//4369 4368//4368
f 4362//4362 4356//4356 4363//4363
f 4362//4362 4363//4363 4369//4369
f 4370//4370 4363//4363 4364//4364
f 4370//4370 4364//4364 4365//4365
f 4370//4370 4365//4365 4366//4366
f 4370//4370 4366//4366 4367//4367
f 4370//4370 4367//4367 4368//4368
f 4370//4370 4368//4368 4369//4369
f 4370//4370 4369//4369 4363//4363
f 4371//4371 4373//4373 4372//4372
f 4371//4371 4374//4374 4373//4373
f 4371//4371 4375//4375 4374//4374
f 4371//4371 4376//4376 4375//4375
f 4371//4371 4377//4377 4376//4376
f 4371//4371 4378//4378 4377//4377
f 4371//4371 4372//4372 4378//4378
f 4372//4372 4373//4373 4380//4380
f 4372//4372 4380//4380 4379//4379
f 4373//4373 4374//4374 4381//4381
f 4373//4373 4381//4381 4380//4380
f 4374//4374 4375//4375 4382//4382
f 4374//4374 4382//4382 4381//4381
f 4375//4375 4376//4376 4383//4383
f 4375//4375 4383//4383 4382//4382
f 4376//4376 4377//4377 4384//4384
f 4376//4376 4384//4384 4383//4383
f 4377//4377 4378//4378 4385//4385
f 4377//4377 4385//4385 4384//4384
f 4378//4378 4372//4372 4379//4379
f 4378//4378 4379//4379 4385//4385
f 4379//4379 4380//4380 4387//4387
f 4379//4379 4387//4387 4386//4386
f 4380//4380 4381//4381 4388//4388
f 4380//4380 4388//4388 4387//4387
f 4381//4381 4382//4382 4389//4389
f 4381//4381 4389//4389 4388//4388
f 4382//4382 4383//4383 4390//4390
f 4382//4382 4390//4390 4389//4389
f 4383//4383 4384//4384 4391//4391
f 4383//4383 4391//4391 4390//4390
f 4384//4384 4385//4385 4392//4392
f 4384//4384 4392//4392 4391//4391
f 4385//4385 4379//4379 4386//4386
f 4385//4385 4386//4386 4392//4392
f 4393//4393 4386//4386 4387//4387
f 4393//4393 4387//4387 4388//4388
f 4393//4393 4388//4388 4389//4389
f 4393//4393 4389//4389 4390//4390
f 4393//4393 4390//4390 4391//4391
f 4393//4393 4391//4391 4392//4392
f 4393//4393 4392//4392 4386//4386
f 4394//4394 4396//4396 4395//4395
f 4394//4394 4397//4397 4396//4396
f 4394//4394 4398//4398 4397//4397
f 4394//4394 4399//4399 4398//4398
f 4394//4394 4400//4400 4399//4399
f 4394//4394 4401//4401 4400//4400
f 4394//4394 4395//4395 4401//4401
f 4395//4395 4396//4396 4403//4403
f 4395//4395 4403//4403 4402//4402
f 4396//4396 4397//4397 4404//4404
f 4396//4396 4404//4404 4403//4403
f 4397//4397 4398//4398 4405//4405
f 4397//4397 4405//4405 4404//4404
f 4398//4398 4399//4399 4406//4406
f 4398//4398 4406//4406 4405//4405
f 4399//4399 4400//4400 4407//4407
f 4399//4399 4407//4407 4406//4406
f 4400//4400 4401//4401 4408//4408
f 4400//4400 4408//4408 4407//4407
f 4401//4401 4395//4395 4402//4402
f 4401//4401 4402//4402 4408//4408
f 4402//4402 4403//4403 4410//4410
f 4402//4402 4410//4410 4409//4409
f 4403//4403 4404//4404 4411//4411
f 4403//4403 4411//4411 4410//4410
f 4404//4404 4405//4405 4412//4412
f 4404//4404 4412//4412 4411//4411
f 4405//4405 4406//4406 4413//4413
f 4405//4405 4413//4413 4412//4412
f 4406//4406 4407//4407 4414//4414
f 4406//4406 4414//4414 4413//4413
f 4407//4407 4408//4408 4415//4415
f 4407//4407 4415//4415 4414//4414
f 4408//4408 4402//4402 4409//4409
f 4408//4408 4409//4409 4415//4415
f 4416//4416 4409//4409 4410//4410
f 4416//4416 4410//4410 4411//4411
f 4416//4416 4411//4411 4412//4412
f 4416//4416 4412//4412 4413//4413
f 4416//4416 4413//4413 4414//4414
f 4416//4416 4414//4414 4415//4415
f 4416//4416 4415//4415 4409//4409
f 4417//4417 4419//4419 4418//4418
f 4417//4417 4420//4420 4419//4419
f 4417//4417 4421//4421 4420//4420
f 4417//4417 4422//4422 4421//4421
f 4417//4417 4423//4423 4422//4422
f 4417//4417 4424//4424 4423//4423
f 4417//4417 4418//4418 4424//4424
f 4418//4418 4419//4419 4426//4426
f 4418//4418 4426//4426 4425//4425
f 4419//4419 4420//4420 4427//4427
f 4419//4419 4427//4427 4426//4426
f 4420//4420 4421//4421 4428//4428
f 4420//4420 4428//4428 4427//4427
f 4421//4421 4422//4422 4429//4429
f 4421//4421 4429//4429 4428//4428
f 4422//4422 4423//4423 4430//4430
f 4422//4422 4430//4430 4429//4429
f 4423//4423 4424//4424 4431//4431
f 4423//4423 4431//4431 4430//4430
f 4424//4424 4418//4418 4425//4425
f 4424//4424 4425//4425 4431//4431
f 4425//4425 4426//4426 4433//4433
f 4425//4425 4433//4433 4432//4432
f 4426//4426 4427//4427 4434//4434
f 4426//4426 4434//4434 4433//4433
f 4427//4427 4428//4428 4435//4435
f 4427//4427 4435//4435 4434//4434
f 4428//4428 4429//4429 4436//4436
f 4428//4428 4436//4436 4435//4435
f 4429//4429 4430//4430 4437//4437
f 4429//4429 4437//4437 4436//4436
f 4430//4430 4431//4431 4438//4438
f 4430//4430 4438//4438 4437//4437
f 4431//4431 4425//4425 4432//4432
f 4431//4431 4432//4432 4438//4438
f 4439//4439 4432//4432 4433//4433
f 4439//4439 4433//4433 4434//4434
f 4439//4439 4434//4434 4435//4435
f 4439//4439 4435//4435 4436//4436
f 4439//4439 4436//4436 4437//4437
f 4439//4439 4437//4437 4438//4438
f 4439//4439 4438//4438 4432//4432
f 4440//4440 4442//4442 4441//4441
f 4440//4440 4443//4443 4442//4442
f 4440//4440 4444//4444 4443//4443
f 4440//4440 4445//4445 4444//4444
f 4440//4440 4446//4446 4445//4445
f 4440//4440 4447//4447 4446//4446
f 4440//4440 4441//4441 4447//4447
f 4441//4441 4442//4442 4449//4449
f 4441//4441 4449//4449 4448//4448
f 4442//4442 4443//4443 4450//4450
f 4442//4442 4450//4450 4449//4449
f 4443//4443 4444//4444 4451//4451
f 4443//4443 4451//4451 4450//4450
f 4444//4444 4445//4445 4452//4452
f 4444//4444 4452//4452 4451//4451
f 4445//4445 4446//4446 4453//4453
f 4445//4445 4453//4453 4452//4452
f 4446//4446 4447//4447 4454//4454
f 4446//4446 4454//4454 4453//4453
f 4447//4447 4441//4441 4448//4448
f 4447//4447 4448//4448 4454//4454
f 4448//4448 4449//4449 4456//4456
f 4448//4448 4456//4456 4455//4455
f 4449//4449 4450//4450 4457//4457
f 4449//4449 4457//4457 4456//4456
f 4450//4450 4451//4451 4458//4458
f 4450//4450 4458//4458 4457//4457
f 4451//4451 4452//4452 4459//4459
f 4451//4451 4459//4459 4458//4458
f 4452//4452 4453//4453 4460//4460
f 4452//4452 4460//4460 4459//4459
f 4453//4453 4454//4454 4461//4461
f 4453//4453 4461//4461 4460//4460
f 4454//4454 4448//4448 4455//4455
f 4454//4454 4455//4455 4461//4461
f 4462//4462 4455//4455 4456//4456
f 4462//4462 4456//4456 4457//4457
f 4462//4462 4457//4457 4458//4458
f 4462//4462 4458//4458 4459//4459
f 4462//4462 4459//4459 4460//4460
f 4462//4462 4460//4460 4461//4461
f 4462//4462 4461//4461 4455//4455
f 4463//4463 4465//4465 4464//4464
f 4463//4463 4466//4466 4465//4465
f 4463//4463 4467//4467 4466//4466
f 4463//4463 4468//4468 4467//4467
f 4463//4463 4469//4469 4468//4468
f 4463//4463 4470//4470 4469//4469
f 4463//4463 4464//4464 4470//4470
f 4464//4464 4465//4465 4472//4472
f 4464//4464 4472//4472 4471//4471
f 4465//4465 4466//4466 4473//4473
f 4465//4465 4473//4473 4472//4472
f 4466//4466 4467//4467 4474//4474
f 4466//4466 4474//4474 4473//4473
f 4467//4467 4468//4468 4475//4475
f 4467//4467 4475//4475 4474//4474
f 4468//4468 4469//4469 4476//4476
f 4468//4468 4476//4476 4475//4475
f 4469//4469 4470//4470 4477//4477
f 4469//4469 4477//4477 4476//4476
f 4470//4470 4464//4464 4471//4471
f 4470//4470 4471//4471 4477//4477
f 4471//4471 4472//4472 4479//4479
f 4471//4471 4479//4479 4478//4478
f 4472//4472 4473//4473 4480//4480
f 4472//4472 4480//4480 4479//4479
f 4473//4473 4474//4474 4481//4481
f 4473//4473 4481//4481 4480//4480
f 4474//4474 4475//4475 4482//4482
f 4474//4474 4482//4482 4481//4481
f 4475//4475 4476//4476 4483//4483
f 4475//4475 4483//4483 4482//4482
f 4476//4476 4477//4477 4484//4484
f 4476//4476 4484//4484 4483//4483
f 4477//4477 4471//4471 4478//4478
f 4477//4477 4478//4478 4484//4484
f 4485//4485 4478//4478 4479//4479
f 4485//4485 4479//4479 4480//4480
f 4485//4485 4480//4480 4481//4481
f 4485//4485 4481//4481 4482//4482
f 4485//4485 4482//4482 4483//4483
f 4485//4485 4483//4483 4484//4484
f 4485//4485 4484//4484 4478//4478
f 4486//4486 4488//4488 4487//4487
f 4486//4486 4489//4489 4488//4488
f 4486//4486 4490//4490 4489//4489
f 4486//4486 4491//4491 4490//4490
f 4486//4486 4492//4492 4491//4491
f 4486//4486 4493//4493 4492//4492
f 4486//4486 4487//4487 4493//4493
f 4487//4487 4488//4488 4495//4495
f 4487//4487 4495//4495 4494//4494
f 4488//4488 4489//4489 4496//4496
f 4488//4488 4496//4496 4495//4495
f 4489//4489 4490//4490 4497//4497
f 4489//4489 4497//4497 4496//4496
f 4490//4490 4491//4491 4498//4498
f 4490//4490 4498//4498 4497//4497
f 4491//4491 4492//4492 4499//4499
f 4491//4491 4499//4499 4498//4498
f 4492//4492 4493//4493 4500//4500
f 4492//4492 4500//4500 4499//4499
f 4493//4493 4487//4487 4494//4494
f 4493//4493 4494//4494 4500//4500
f 4494//4494 4495//4495 4502//4502
f 4494//4494 4502//4502 4501//4501
f 4495//4495 4496//4496 4503//4503
f 4495//4495 4503//4503 4502//4502
f 4496//4496 4497//4497 4504//4504
f 4496//4496 4504//4504 4503//4503
f 4497//4497 4498//4498 4505//4505
f 4497//4497 4505//4505 4504//4504
f 4498//4498 4499//4499 4506//4506
f 4498//4498 4506//4506 4505//4505
f 4499//4499 4500//4500 4507//4507
f 4499//4499 4507//4507 4506//4506
f 4500//4500 4494//4494 4501//4501
f 4500//4500 4501//4501 4507//4507
f 4508//4508 4501//4501 4502//4502
f 4508//4508 4502//4502 4503//4503
f 4508//4508 4503//4503 4504//4504
f 4508//4508 4504//4504 4505//4505
f 4508//4508 4505//4505 4506//4506
f 4508//4508 4506//4506 4507//4507
f 4508//4508 4507//4507 4501//4501
f 4509//4509 4511//4511 4510//4510
f 4509//4509 4512//4512 4511//4511
f 4509//4509 4513//4513 4512//4512
f 4509//4509 4514//4514 4513//4513
f 4509//4509 4515//4515 4514//4514
f 4509//4509 4516//4516 4515//4515
f 4509//4509 4510//4510 4516//4516
f 4510//4510 4511//4511 4518//4518
f 4510//4510 4518//4518 4517//4517
f 4511//4511 4512//4512 4519//4519
f 4511//4511 4519//4519 4518//4518
f 4512//4512 4513//4513 4520//4520
f 4512//4512 4520//4520 4519//4519
f 4513//4513 4514//4514 4521//4521
f 4513//4513 4521//4521 4520//4520
f 4514//4514 4515//4515 4522//4522
f 4514//4514 4522//4522 4521//4521
f 4515//4515 4516//4516 4523//4523
f 4515//4515 4523//4523 4522//4522
f 4516//4516 4510//4510 4517//4517
f 4516//4516 4517//4517 4523//4523
f 4517//4517 4518//4518 4525//4525
f 4517//4517 4525//4525 4524//4524
f 4518//4518 4519//4519 4526//4526
f 4518//4518 4526//4526 4525//4525
f 4519//4519 4520//4520 4527//4527
f 4519//4519 4527//4527 4526//4526
f 4520//4520 4521//4521 4528//4528
f 4520//4520 4528//4528 4527//4527
f 4521//4521 4522//4522 4529//4529
f 4521//4521 4529//4529 4528//4528
f 4522//4522 4523//4523 4530//4530
f 4522//4522 4530//4530 4529//4529
f 4523//4523 4517//4517 4524//4524
f 4523//4523 4524//4524 4530//4530
f 4531//4531 4524//4524 4525//4525
f 4531//4531 4525//4525 4526//4526
f 4531//4531 4526//4526 4527//4527
f 4531//4531 4527//4527 4528//4528
f 4531//4531 4528//4528 4529//4529
f 4531//4531 4529//4529 4530//4530
f 4531//4531 4530//4530 4524//4524
f 4532//4532 4534//4534 4533//4533
f 4532//4532 4535//4535 4534//4534
f 4532//4532 4536//4536 4535//4535
f 4532//4532 4537//4537 4536//4536
f 4532//4532 4538//4538 4537//4537
f 4532//4532 4539//4539 4538//4538
f 4532//4532 4533//4533 4539//4539
f 4533//4533 4534//4534 4541//4541
f 4533//4533 4541//4541 4540//4540
f 4534//4534 4535//4535 4542//4542
f 4534//4534 4542//4542 4541//4541
f 4535//4535 4536//4536 4543//4543
f 4535//4535 4543//4543 4542//4542
f 4536//4536 4537//4537 4544//4544
f 4536//4536 4544//4544 4543//4543
f 4537//4537 4538//4538 4545//4545
f 4537//4537 4545//4545 4544//4544
f 4538//4538 4539//4539 4546//4546
f 4538//4538 4546//4546 4545//4545
f 4539//4539 4533//4533 4540//4540
f 4539//4539 4540//4540 4546//4546
f 4540//4540 4541//4541 4548//4548
f 4540//4540 4548//4548 4547//4547
f 4541//4541 4542//4542 4549//4549
f 4541//4541 4549//4549 4548//4548
f 4542//4542 4543//4543 4550//4550
f 4542//4542 4550//4550 4549//4549
f 4543//4543 4544//4544 4551//4551
f 4543//4543 4551//4551 4550//4550
f 4544//4544 4545//4545 4552//4552
f 4544//4544 4552//4552 4551//4551
f 4545//4545 4546//4546 4553//4553
f 4545//4545 4553//4553 4552//4552
f 4546//4546 4540//4540 4547//4547
f 4546//4546 4547//4547 4553//4553
f 4554//4554 4547//4547 4548//4548
f 4554//4554 4548//4548 4549//4549
f 4554//4554 4549//4549 4550//4550
f 4554//4554 4550//4550 4551//4551
f 4554//4554 4551//4551 4552//4552
f 4554//4554 4552//4552 4553//4553
f 4554//4554 4553//4553 4547//4547
f 4555//4555 4557//4557 4556//4556
f 4555//4555 4558//4558 4557//4557
f 4555//4555 4559//4559 4558//4558
f 4555//4555 4560//4560 4559//4559
f 4555//4555 4561//4561 4560//4560
f 4555//4555 4562//4562 4561//4561
f 4555//4555 4556//4556 4562//4562
f 4556//4556 4557//4557 4564//4564
f 4556//4556 4564//4564 4563//4563
f 4557//4557 4558//4558 4565//4565
f 4557//4557 4565//4565 4564//4564
f 4558//4558 4559//4559 4566//4566
f 4558//4558 4566//4566 4565//4565
f 4559//4559 4560//4560 4567//4567
f 4559//4559 4567//4567 4566//4566
f 4560//4560 4561//4561 4568//4568
f 4560//4560 4568//4568 4567//4567
f 4561//4561 4562//4562 4569//4569
f 4561//4561 4569//4569 4568//4568
f 4562//4562 4556//4556 4563//4563
f 4562//4562 4563//4563 4569//4569
f 4563//4563 4564//4564 4571//4571
f 4563//4563 4571//4571 4570//4570
f 4564//4564 4565//4565 4572//4572
f 4564//4564 4572//4572 4571//4571
f 4565//4565 4566//4566 4573//4573
f 4565//4565 4573//4573 4572//4572
f 4566//4566 4567//4567 4574//4574
f 4566//4566 4574//4574 4573//4573
f 4567//4567 4568//4568 4575//4575
f 4567//4567 4575//4575 4574//4574
f 4568//4568 4569//4569 4576//4576
f 4568//4568 4576//4576 4575//4575
f 4569//4569 4563//4563 4570//4570
f 4569//4569 4570//4570 4576//4576
f 4577//4577 4570//4570 4571//4571
f 4577//4577 4571//4571 4572//4572
f 4577//4577 4572//4572 4573//4573
f 4577//4577 4573//4573 4574//4574
f 4577//4577 4574//4574 4575//4575
f 4577//4577 4575//4575 4576//4576
f 4577//4577 4576//4576 4570//4570
f 4578//4578 4580//4580 4579//4579
f 4578//4578 4581//4581 4580//4580
f 4578//4578 4582//4582 4581//4581
f 4578//4578 4583//4583 4582//4582
f 4578//4578 4584//4584 4583//4583
f 4578//4578 4585//4585 4584//4584
f 4578//4578 4579//4579 4585//4585
f 4579//4579 4580//4580 4587//4587
f 4579//4579 4587//4587 4586//4586
f 4580//4580 4581//4581 4588//4588
f 4580//4580 4588//4588 4587//4587
f 4581//4581 4582//4582 4589//4589
f 4581//4581 4589//4589 4588//4588
f 4582//4582 4583//4583 4590//4590
f 4582//4582 4590//4590 4589//4589
f 4583//4583 4584//4584 4591//4591
f 4583//4583 4591//4591 4590//4590
f 4584//4584 4585//4585 4592//4592
f 4584//4584 4592//4592 4591//4591
f 4585//4585 4579//4579 4586//4586
f 4585//4585 4586//4586 4592//4592
f 4586//4586 4587//4587 4594//4594
f 4586//4586 4594//4594 4593//4593
f 4587//4587 4588//4588 4595//4595
f 4587//4587 4595//4595 4594//4594
f 4588//4588 4589//4589 4596//4596
f 4588//4588 4596//4596 4595//4595
f 4589//4589 4590//4590 4597//4597
f 4589//4589 4597//4597 4596//4596
f 4590//4590 4591//4591 4598//4598
f 4590//4590 4598//4598 4597//4597
f 4591//4591 4592//4592 4599//4599
f 4591//4591 4599//4599 4598//4598
f 4592//4592 4586//4586 4593//4593
f 4592//4592 4593//4593 4599//4599
f 4600//4600 4593//4593 4594//4594
f 4600//4600 4594//4594 4595//4595
f 4600//4600 4595//4595 4596//4596
f 4600//4600 4596//4596 4597//4597
f 4600//4600 4597//4597 4598//4598
f 4600//4600 4598//4598 4599//4599
f 4600//4600 4599//4599 4593//4593
f 4601//4601 4603//4603 4602//4602
f 4601//4601 4604//4604 4603//4603
f 4601//4601 4605//4605 4604//4604
f 4601//4601 4606//4606 4605//4605
f 4601//4601 4607//4607 4606//4606
f 4601//4601 4608//4608 4607//4607
f 4601//4601 4602//4602 4608//4608
f 4602//4602 4603//4603 4610//4610
f 4602//4602 4610//4610 4609//4609
f 4603//4603 4604//4604 4611//4611
f 4603//4603 4611//4611 4610//4610
f 4604//4604 4605//4605 4612//4612
f 4604//4604 4612//4612 4611//4611
f 4605//4605 4606//4606 4613//4613
f 4605//4605 4613//4613 4612//4612
f 4606//4606 4607//4607 4614//4614
f 4606//4606 4614//4614 4613//4613
f 4607//4607 4608//4608 4615//4615
f 4607//4607 4615//4615 4614//4614
f 4608//4608 4602//4602 4609//4609
f 4608//4608 4609//4609 4615//4615
f 4609//4609 4610//4610 4617//4617
f 4609//4609 4617//4617 4616//4616
f 4610//4610 4611//4611 4618//4618
f 4610//4610 4618//4618 4617//4617
f 4611//4611 4612//4612 4619//4619
f 4611//4611 4619//4619 4618//4618
f 4612//4612 4613//4613 4620//4620
f 4612//4612 4620//4620 4619//4619
f 4613//4613 4614//4614 4621//4621
f 4613//4613 4621//4621 4620//4620
f 4614//4614 4615//4615 4622//4622
f 4614//4614 4622//4622 4621//4621
f 4615//4615 4609//4609 4616//4616
f 4615//4615 4616//4616 4622//4622
f 4623//4623 4616//4616 4617//4617
f 4623//4623 4617//4617 4618//4618
f 4623//4623 4618//4618 4619//4619
f 4623//4623 4619//4619 4620//4620
f 4623//4623 4620//4620 4621//4621
f 4623//4623 4621//4621 4622//4622
f 4623//4623 4622//4622 4616//4616
f 4624//4624 4626//4626 4625//4625
f 4624//4624 4627//4627 4626//4626
f 4624//4624 4628//4628 4627//4627
f 4624//4624 4629//4629 4628//4628
f 4624//4624 4630//4630 4629//4629
f 4624//4624 4631//4631 4630//4630
f 4624//4624 4625//4625 4631//4631
f 4625//4625 4626//4626 4633//4633
f 4625//4625 4633//4633 4632//4632
f 4626//4626 4627//4627 4634//4634
f 4626//4626 4634//4634 4633//4633
f 4627//4627 4628//4628 4635//4635
f 4627//4627 4635//4635 4634//4634
f 4628//4628 4629//4629 4636//4636
f 4628//4628 4636//4636 4635//4635
f 4629//4629 4630//4630 4637//4637
f 4629//4629 4637//4637 4636//4636
f 4630//4630 4631//4631 4638//4638
f 4630//4630 4638//4638 4637//4637
f 4631//4631 4625//4625 4632//4632
f 4631//4631 4632//4632 4638//4638
f 4632//4632 4633//4633 4640//4640
f 4632//4632 4640//4640 4639//4639
f 4633//4633 4634//4634 4641//4641
f 4633//4633 4641//4641 4640//4640
f 4634//4634 4635//4635 4642//4642
f 4634//4634 4642//4642 4641//4641
f 4635//4635 4636//4636 4643//4643
f 4635//4635 4643//4643 4642//4642
f 4636//4636 4637//4637 4644//4644
f 4636//4636 4644//4644 4643//4643
f 4637//4637 4638//4638 4645//4645
f 4637//4637 4645//4645 4644//4644
f 4638//4638 4632//4632 4639//4639
f 4638//4638 4639//4639 4645//4645
f 4646//4646 4639//4639 4640//4640
f 4646//4646 4640//4640 4641//4641
f 4646//4646 4641//4641 4642//4642
f 4646//4646 4642//4642 4643//4643
f 4646//4646 4643//4643 4644//4644
f 4646//4646 4644//4644 4645//4645
f 4646//4646 4645//4645 4639//4639
f 4647//4647 4649//4649 4648//4648
f 4647//4647 4650//4650 4649//4649
f 4647//4647 4651//4651 4650//4650
f 4647//4647 4652//4652 4651//4651
f 4647//4647 4653//4653 4652//4652
f 4647//4647 4654//4654 4653//4653
f 4647//4647 4648//4648 4654//4654
f 4648//4648 4649//4649 4656//4656
f 4648//4648 4656//4656 4655//4655
f 4649//4649 4650//4650 4657//4657
f 4649//4649 4657//4657 4656//4656
f 4650//4650 4651//4651 4658//4658
f 4650//4650 4658//4658 4657//4657
f 4651//4651 4652//4652 4659//4659
f 4651//4651 4659//4659 4658//4658
f 4652//4652 4653//4653 4660//4660
f 4652//4652 4660//4660 4659//4659
f 4653//4653 4654//4654 4661//4661
f 4653//4653 4661//4661 4660//4660
f 4654//4654 4648//4648 4655//4655
f 4654//4654 4655//4655 4661//4661
f 4655//4655 4656//4656 4663//4663
f 4655//4655 4663//4663 4662//4662
f 4656//4656 4657//4657 4664//4664
f 4656//4656 4664//4664 4663//4663
f 4657//4657 4658//4658 4665//4665
f 4657//4657 4665//4665 4664//4664
f 4658//4658 4659//4659 4666//4666
f 4658//4658 4666//4666 4665//4665
f 4659//4659 4660//4660 4667//4667
f 4659//4659 4667//4667 4666//4666
f 4660//4660 4661//4661 4668//4668
f 4660//4660 4668//4668 4667//4667
f 4661//4661 4655//4655 4662//4662
f 4661//4661 4662//4662 4668//4668
f 4669//4669 4662//4662 4663//4663
f 4669//4669 4663//4663 4664//4664
f 4669//4669 4664//4664 4665//4665
f 4669//4669 4665//4665 4666//4666
f 4669//4669 4666//4666 4667//4667
f 4669//4669 4667//4667 4668//4668
f 4669//4669 4668//4668 4662//4662
f 4670//4670 4672//4672 4671//4671
f 4670//4670 4673//4673 4672//4672
f 4670//4670 4674//4674 4673//4673
f 4670//4670 4675//4675 4674//4674
f 4670//4670 4676//4676 4675//4675
f 4670//4670 4677//4677 4676//4676
f 4670//4670 4671//4671 4677//4677
f 4671//4671 4672//4672 4679//4679
f 4671//4671 4679//4679 4678//4678
f 4672//4672 4673//4673 4680//4680
f 4672//4672 4680//4680 4679//4679
f 4673//4673 4674//4674 4681//4681
f 4673//4673 4681//4681 4680//4680
f 4674//4674 4675//4675 4682//4682
f 4674//4674 4682//4682 4681//4681
f 4675//4675 4676//4676 4683//4683
f 4675//4675 4683//4683 4682//4682
f 4676//4676 4677//4677 4684//4684
f 4676//4676 4684//4684 4683//4683
f 4677//4677 4671//4671 4678//4678
f 4677//4677 4678//4678 4684//4684
f 4678//4678 4679//4679 4686//4686
f 4678//4678 4686//4686 4685//4685
f 4679//4679 4680//4680 4687//4687
f 4679//4679 4687//4687 4686//4686
f 4680//4680 4681//4681 4688//4688
f 4680//4680 4688//4688 4687//4687
f 4681//4681 4682//4682 4689//4689
f 4681//4681 4689//4689 4688//4688
f 4682//4682 4683//4683 4690//4690
f 4682//4682 4690//4690 4689//4689
f 4683//4683 4684//4684 4691//4691
f 4683//4683 4691//4691 4690//4690
f 4684//4684 4678//4678 4685//4685
f 4684//4684 4685//4685 4691//4691
f 4692//4692 4685//4685 4686//4686
f 4692//4692 4686//4686 4687//4687
f 4692//4692 4687//4687 4688//4688
f 4692//4692 4688//4688 4689//4689
f 4692//4692 4689//4689 4690//4690
f 4692//4692 4690//4690 4691//4691
f 4692//4692 4691//4691 4685//4685
f 4693//4693 4695//4695 4694//4694
f 4693//4693 4696//4696 4695//4695
f 4693//4693 4697//4697 4696//4696
f 4693//4693 4698//4698 4697//4697
f 4693//4693 4699//4699 4698//4698
f 4693//4693 4700//4700 4699//4699
f 4693//4693 4694//4694 4700//4700
f 4694//4694 4695//4695 4702//4702
f 4694//4694 4702//4702 4701//4701
f 4695//4695 4696//4696 4703//4703
f 4695//4695 4703//4703 4702//4702
f 4696//4696 4697//4697 4704//4704
f 4696//4696 4704//4704 4703//4703
f 4697//4697 4698//4698 4705//4705
f 4697//4697 4705//4705 4704//4704
f 4698//4698 4699//4699 4706//4706
f 4698//4698 4706//4706 4705//4705
f 4699//4699 4700//4700 4707//4707
f 4699//4699 4707//4707 4706//4706
f 4700//4700 4694//4694 4701//4701
f 4700//4700 4701//4701 4707//4707
f 4701//4701 4702//4702 4709//4709
f 4701//4701 4709//4709 4708//4708
f 4702//4702 4703//4703 4710//4710
f 4702//4702 4710//4710 4709//4709
f 4703//4703 4704//4704 4711//4711
f 4703//4703 4711//4711 4710//4710
f 4704//4704 4705//4705 4712//4712
f 4704//4704 4712//4712 4711//4711
f 4705//4705 4706//4706 4713//4713
f 4705//4705 4713//4713 4712//4712
f 4706//4706 4707//4707 4714//4714
f 4706//4706 4714//4714 4713//4713
f 4707//4707 4701//4701 4708//4708
f 4707//4707 4708//4708 4714//4714
f 4715//4715 4708//4708 4709//4709
f 4715//4715 4709//4709 4710//4710
f 4715//4715 4710//4710 4711//4711
f 4715//4715 4711//4711 4712//4712
f 4715//4715 4712//4712 4713//4713
f 4715//4715 4713//4713 4714//4714
f 4715//4715 4714//4714 4708//4708
f 4716//4716 4718//4718 4717//4717
f 4716//4716 4719//4719 4718//4718
f 4716//4716 4720//4720 4719//4719
f 4716//4716 4721//4721 4720//4720
f 4716//4716 4722//4722 4721//4721
f 4716//4716 4723//4723 4722//4722
f 4716//4716 4717//4717 4723//4723
f 4717//4717 4718//4718 4725//4725
f 4717//4717 4725//4725 4724//4724
f 4718//4718 4719//4719 4726//4726
f 4718//4718 4726//4726 4725//4725
f 4719//4719 4720//4720 4727//4727
f 4719//4719 4727//4727 4726//4726
f 4720//4720 4721//4721 4728//4728
f 4720//4720 4728//4728 4727//4727
f 4721//4721 4722//4722 4729//4729
f 4721//4721 4729//4729 4728//4728
f 4722//4722 4723//4723 4730//4730
f 4722//4722 4730//4730 4729//4729
f 4723//4723 4717//4717 4724//4724
f 4723//4723 4724//4724 4730//4730
f 4724//4724 4725//4725 4732//4732
f 4724//4724 4732//4732 4731//4731
f 4725//4725 4726//4726 4733//4733
f 4725//4725 4733//4733 4732//4732
f 4726//4726 4727//4727 4734//4734
f 4726//4726 4734//4734 4733//4733
f 4727//4727 4728//4728 4735//4735
f 4727//4727 4735//4735 4734//4734
f 4728//4728 4729//4729 4736//4736
f 4728//4728 4736//4736 4735//4735
f 4729//4729 4730//4730 4737//4737
f 4729//4729 4737//4737 4736//4736
f 4730//4730 4724//4724 4731//4731
f 4730//4730 4731//4731 4737//4737
f 4738//4738 4731//4731 4732//4732
f 4738//4738 4732//4732 4733//4733
f 4738//4738 4733//4733 4734//4734
f 4738//4738 4734//4734 4735//4735
f 4738//4738 4735//4735 4736//4736
f 4738//4738 4736//4736 4737//4737
f 4738//4738 4737//4737 4731//4731
f 4739//4739 4741//4741 4740//4740
f 4739//4739 4742//4742 4741//4741
f 4739//4739 4743//4743 4742//4742
f 4739//4739 4744//4744 4743//4743
f 4739//4739 4745//4745 4744//4744
f 4739//4739 4746//4746 4745//4745
f 4739//4739 4740//4740 4746//4746
f 4740//4740 4741//4741 4748//4748
f 4740//4740 4748//4748 4747//4747
f 4741//4741 4742//4742 4749//4749
f 4741//4741 4749//4749 4748//4748
f 4742//4742 4743//4743 4750//4750
f 4742//4742 4750//4750 4749//4749
f 4743//4743 4744//4744 4751//4751
f 4743//4743 4751//4751 4750//4750
f 4744//4744 4745//4745 4752//4752
f 4744//4744 4752//4752 4751//4751
f 4745//4745 4746//4746 4753//4753
f 4745//4745 4753//4753 4752//4752
f 4746//4746 4740//4740 4747//4747
f 4746//4746 4747//4747 4753//4753
f 4747//4747 4748//4748 4755//4755
f 4747//4747 4755//4755 4754//4754
f 4748//4748 4749//4749 4756//4756
f 4748//4748 4756//4756 4755//4755
f 4749//4749 4750//4750 4757//4757
f 4749//4749 4757//4757 4756//4756
f 4750//4750 4751//4751 4758//4758
f 4750//4750 4758//4758 4757//4757
f 4751//4751 4752//4752 4759//4759
f 4751//4751 4759//4759 4758//4758
f 4752//4752 4753//4753 4760//4760
f 4752//4752 4760//4760 4759//4759
f 4753//4753 4747//4747 4754//4754
f 4753//4753 4754//4754 4760//4760
f 4761//4761 4754//4754 4755//4755
f 4761//4761 4755//4755 4756//4756
f 4761//4761 4756//4756 4757//4757
f 4761//4761 4757//4757 4758//4758
f 4761//4761 4758//4758 4759//4759
f 4761//4761 4759//4759 4760//4760
f 4761//4761 4760//4760 4754//4754
f 4762//4762 4764//4764 4763//4763
f 4762//4762 4765//4765 4764//4764
f 4762//4762 4766//4766 4765//4765
f 4762//4762 4767//4767 4766//4766
f 4762//4762 4768//4768 4767//4767
f 4762//4762 4769//4769 4768//4768
f 4762//4762 4763//4763 4769//4769
f 4763//4763 4764//4764 4771//4771
f 4763//4763 4771//4771 4770//4770
f 4764//4764 4765//4765 4772//4772
f 4764//4764 4772//4772 4771//4771
f 4765//4765 4766//4766 4773//4773
f 4765//4765 4773//4773 4772//4772
f 4766//4766 4767//4767 4774//4774
f 4766//4766 4774//4774 4773//4773
f 4767//4767 4768//4768 4775//4775
f 4767//4767 4775//4775 4774//4774
f 4768//4768 4769//4769 4776//4776
f 4768//4768 4776//4776 4775//4775
f 4769//4769 4763//4763 4770//4770
f 4769//4769 4770//4770 4776//4776
f 4770//4770 4771//4771 4778//4778
f 4770//4770 4778//4778 4777//4777
f 4771//4771 4772//4772 4779//4779
f 4771//4771 4779//4779 4778//4778
f 4772//4772 4773//4773 4780//4780
f 4772//4772 4780//4780 4779//4779
f 4773//4773 4774//4774 4781//4781
f 4773//4773 4781//4781 4780//4780
f 4774//4774 4775//4775 4782//4782
f 4774//4774 4782//4782 4781//4781
f 4775//4775 4776//4776 4783//4783
f 4775//4775 4783//4783 4782//4782
f 4776//4776 4770//4770 4777//4777
f 4776//4776 4777//4777 4783//4783
f 4784//4784 4777//4777 4778//4778
f 4784//4784 4778//4778 4779//4779
f 4784//4784 4779//4779 4780//4780
f 4784//4784 4780//4780 4781//4781
f 4784//4784 4781//4781 4782//4782
f 4784//4784 4782//4782 4783//4783
f 4784//4784 4783//4783 4777//4777
f 4785//4785 4787//4787 4786//4786
f 4785//4785 4788//4788 4787//4787
f 4785//4785 4789//4789 4788//4788
f 4785//4785 4790//4790 4789//4789
f 4785//4785 4791//4791 4790//4790
f 4785//4785 4792//4792 4791//4791
f 4785//4785 4786//4786 4792//4792
f 4786//4786 4787//4787 4794//4794
f 4786//4786 4794//4794 4793//4793
f 4787//4787 4788//4788 4795//4795
f 4787//4787 4795//4795 4794//4794
f 4788//4788 4789//4789 4796//4796
f 4788//4788 4796//4796 4795//4795
f 4789//4789 4790//4790 4797//4797
f 4789//4789 4797//4797 4796//4796
f 4790//4790 4791//4791 4798//4798
f 4790//4790 4798//4798 4797//4797
f 4791//4791 4792//4792 4799//4799
f 4791//4791 4799//4799 4798//4798
f 4792//4792 4786//4786 4793//4793
f 4792//4792 4793//4793 4799//4799
f 4793//4793 4794//4794 4801//4801
f 4793//4793 4801//4801 4800//4800
f 4794//4794 4795//4795 4802//4802
f 4794//4794 4802//4802 4801//4801
f 4795//4795 4796//4796 4803//4803
f 4795//4795 4803//4803 4802//4802
f 4796//4796 4797//4797 4804//4804
f 4796//4796 4804//4804 4803//4803
f 4797//4797 4798//4798 4805//4805
f 4797//4797 4805//4805 4804//4804
f 4798//4798 4799//4799 4806//4806
f 4798//4798 4806//4806 4805//4805
f 4799//4799 4793//4793 4800//4800
f 4799//4799 4800//4800 4806//4806
f 4807//4807 4800//4800 4801//4801
f 4807//4807 4801//4801 4802//4802
f 4807//4807 4802//4802 4803//4803
f 4807//4807 4803//4803 4804//4804
f 4807//4807 4804//4804 4805//4805
f 4807//4807 4805//4805 4806//4806
f 4807//4807 4806//4806 4800//4800
f 4808//4808 4810//4810 4809//4809
f 4808//4808 4811//4811 4810//4810
f 4808//4808 4812//4812 4811//4811
f 4808//4808 4813//4813 4812//4812
f 4808//4808 4814//4814 4813//4813
f 4808//4808 4815//4815 4814//4814
f 4808//4808 4809//4809 4815//4815
f 4809//4809 4810//4810 4817//4817
f 4809//4809 4817//4817 4816//4816
f 4810//4810 4811//4811 4818//4818
f 4810//4810 4818//4818 4817//4817
f 4811//4811 4812//4812 4819//4819
f 4811//4811 4819//4819 4818//4818
f 4812//4812 4813//4813 4820//4820
f 4812//4812 4820//4820 4819//4819
f 4813//4813 4814//4814 4821//4821
f 4813//4813 4821//4821 4820//4820
f 4814//4814 4815//4815 4822//4822
f 4814//4814 4822//4822 4821//4821
f 4815//4815 4809//4809 4816//4816
f 4815//4815 4816//4816 4822//4822
f 4816//4816 4817//4817 4824//4824
f 4816//4816 4824//4824 4823//4823
f 4817//4817 4818//4818 4825//4825
f 4817//4817 4825//4825 4824//4824
f 4818//4818 4819//4819 4826//4826
f 4818//4818 4826//4826 4825//4825
f 4819//4819 4820//4820 4827//4827
f 4819//4819 4827//4827 4826//4826
f 4820//4820 4821//4821 4828//4828
f 4820//4820 4828//4828 4827//4827
f 4821//4821 4822//4822 4829//4829
f 4821//4821 4829//4829 4828//4828
f 4822//4822 4816//4816 4823//4823
f 4822//4822 4823//4823 4829//4829
f 4830//4830 4823//4823 4824//4824
f 4830//4830 4824//4824 4825//4825
f 4830//4830 4825//4825 4826//4826
f 4830//4830 4826//4826 4827//4827
f 4830//4830 4827//4827 4828//4828
f 4830//4830 4828//4828 4829//4829
f 4830//4830 4829//4829 4823//4823
f 4831//4831 4833//4833 4832//4832
f 4831//4831 4834//4834 4833//4833
f 4831//4831 4835//4835 4834//4834
f 4831//4831 4836//4836 4835//4835
f 4831//4831 4837//4837 4836//4836
f 4831//4831 4838//4838 4837//4837
f 4831//4831 4832//4832 4838//4838
f 4832//4832 4833//4833 4840//4840
f 4832//4832 4840//4840 4839//4839
f 4833//4833 4834//4834 4841//4841
f 4833//4833 4841//4841 4840//4840
f 4834//4834 4835//4835 4842//4842
f 4834//4834 4842//4842 4841//4841
f 4835//4835 4836//4836 4843//4843
f 4835//4835 4843//4843 4842//4842
f 4836//4836 4837//4837 4844//4844
f 4836//4836 4844//4844 4843//4843
f 4837//4837 4838//4838 4845//4845
f 4837//4837 4845//4845 4844//4844
f 4838//4838 4832//4832 4839//4839
f 4838//4838 4839//4839 4845//4845
f 4839//4839 4840//4840 4847//4847
f 4839//4839 4847//4847 4846//4846
f 4840//4840 4841//4841 4848//4848
f 4840//4840 4848//4848 4847//4847
f 4841//4841 4842//4842 4849//4849
f 4841//4841 4849//4849 4848//4848
f 4842//4842 4843//4843 4850//4850
f 4842//4842 4850//4850 4849//4849
f 4843//4843 4844//4844 4851//4851
f 4843//4843 4851//4851 4850//4850
f 4844//4844 4845//4845 4852//4852
f 4844//4844 4852//4852 4851//4851
f 4845//4845 4839//4839 4846//4846
f 4845//4845 4846//4846 4852//4852
f 4853//4853 4846//4846 4847//4847
f 4853//4853 4847//4847 4848//4848
f 4853//4853 4848//4848 4849//4849
f 4853//4853 4849//4849 4850//4850
f 4853//4853 4850//4850 4851//4851
f 4853//4853 4851//4851 4852//4852
f 4853//4853 4852//4852 4846//4846
f 4854//4854 4856//4856 4855//4855
f 4854//4854 4857//4857 4856//4856
f 4854//4854 4858//4858 4857//4857
f 4854//4854 4859//4859 4858//4858
f 4854//4854 4860//4860 4859//4859
f 4854//4854 4861//4861 4860//4860
f 4854//4854 4855//4855 4861//4861
f 4855//4855 4856//4856 4863//4863
f 4855//4855 4863//4863 4862//4862
f 4856//4856 4857//4857 4864//4864
f 4856//4856 4864//4864 4863//4863
f 4857//4857 4858//4858 4865//4865
f 4857//4857 4865//4865 4864//4864
f 4858//4858 4859//4859 4866//4866
f 4858//4858 4866//4866 4865//4865
f 4859//4859 4860//4860 4867//4867
f 4859//4859 4867//4867 4866//4866
f 4860//4860 4861//4861 4868//4868
f 4860//4860 4868//4868 4867//4867
f 4861//4861 4855//4855 4862//4862
f 4861//4861 4862//4862 4868//4868
f 4862//4862 4863//4863 4870//4870
f 4862//4862 4870//4870 4869//4869
f 4863//4863 4864//4864 4871//4871
f 4863//4863 4871//4871 4870//4870
f 4864//4864 4865//4865 4872//4872
f 4864//4864 4872//4872 4871//4871
f 4865//4865 4866//4866 4873//4873
f 4865//4865 4873//4873 4872//4872
f 4866//4866 4867//4867 4874//4874
f 4866//4866 4874//4874 4873//4873
f 4867//4867 4868//4868 4875//4875
f 4867//4867 4875//4875 4874//4874
f 4868//4868 4862//4862 4869//4869
f 4868//4868 4869//4869 4875//4875
f 4876//4876 4869//4869 4870//4870
f 4876//4876 4870//4870 4871//4871
f 4876//4876 4871//4871 4872//4872
f 4876//4876 4872//4872 4873//4873
f 4876//4876 4873//4873 4874//4874
f 4876//4876 4874//4874 4875//4875
f 4876//4876 4875//4875 4869//4869
f 4877//4877 4879//4879 4878//4878
f 4877//4877 4880//4880 4879//4879
f 4877//4877 4881//4881 4880//4880
f 4877//4877 4882//4882 4881//4881
f 4877//4877 4883//4883 4882//4882
f 4877//4877 4884//4884 4883//4883
f 4877//4877 4878//4878 4884//4884
f 4878//4878 4879//4879 4886//4886
f 4878//4878 4886//4886 4885//4885
f 4879//4879 4880//4880 4887//4887
f 4879//4879 4887//4887 4886//4886
f 4880//4880 4881//4881 4888//4888
f 4880//4880 4888//4888 4887//4887
f 4881//4881 4882//4882 4889//4889
f 4881//4881 4889//4889 4888//4888
f 4882//4882 4883//4883 4890//4890
f 4882//4882 4890//4890 4889//4889
f 4883//4883 4884//4884 4891//4891
f 4883//4883 4891//4891 4890//4890
f 4884//4884 4878//4878 4885//4885
f 4884//4884 4885//4885 4891//4891
f 4885//4885 4886//4886 4893//4893
f 4885//4885 4893//4893 4892//4892
f 4886//4886 4887//4887 4894//4894
f 4886//4886 4894//4894 4893//4893
f 4887//4887 4888//4888 4895//4895
f 4887//4887 4895//4895 4894//4894
f 4888//4888 4889//4889 4896//4896
f 4888//4888 4896//4896 4895//4895
f 4889//4889 4890//4890 4897//4897
f 4889//4889 4897//4897 4896//4896
f 4890//4890 4891//4891 4898//4898
f 4890//4890 4898//4898 4897//4897
f 4891//4891 4885//4885 4892//4892
f 4891//4891 4892//4892 4898//4898
f 4899//4899 4892//4892 4893//4893
f 4899//4899 4893//4893 4894//4894
f 4899//4899 4894//4894 4895//4895
f 4899//4899 4895//4895 4896//4896
f 4899//4899 4896//4896 4897//4897
f 4899//4899 4897//4897 4898//4898
f 4899//4899 4898//4898 4892//4892
f 4900//4900 4902//4902 4901//4901
f 4900//4900 4903//4903 4902//4902
f 4900//4900 4904//4904 4903//4903
f 4900//4900 4905//4905 4904//4904
f 4900//4900 4906//4906 4905//4905
f 4900//4900 4907//4907 4906//4906
f 4900//4900 4901//4901 4907//4907
f 4901//4901 4902//4902 4909//4909
f 4901//4901 4909//4909 4908//4908
f 4902//4902 4903//4903 4910//4910
f 4902//4902 4910//4910 4909//4909
f 4903//4903 4904//4904 4911//4911
f 4903//4903 4911//4911 4910//4910
f 4904//4904 4905//4905 4912//4912
f 4904//4904 4912//4912 4911//4911
f 4905//4905 4906//4906 4913//4913
f 4905//4905 4913//4913 4912//4912
f 4906//4906 4907//4907 4914//4914
f 4906//4906 4914//4914 4913//4913
f 4907//4907 4901//4901 4908//4908
f 4907//4907 4908//4908 4914//4914
f 4908//4908 4909//4909 4916//4916
f 4908//4908 4916//4916 4915//4915
f 4909//4909 4910//4910 4917//4917
f 4909//4909 4917//4917 4916//4916
f 4910//4910 4911//4911 4918//4918
f 4910//4910 4918//4918 4917//4917
f 4911//4911 4912//4912 4919//4919
f 4911//4911 4919//4919 4918//4918
f 4912//4912 4913//4913 4920//4920
f 4912//4912 4920//4920 4919//4919
f 4913//4913 4914//4914 4921//4921
f 4913//4913 4921//4921 4920//4920
f 4914//4914 4908//4908 4915//4915
f 4914//4914 4915//4915 4921//4921
f 4922//4922 4915//4915 4916//4916
f 4922//4922 4916//4916 4917//4917
f 4922//4922 4917//4917 4918//4918
f 4922//4922 4918//4918 4919//4919
f 4922//4922 4919//4919 4920//4920
f 4922//4922 4920//4920 4921//4921
f 4922//4922 4921//4921 4915//4915
f 4923//4923 4925//4925 4924//4924
f 4923//4923 4926//4926 4925//4925
f 4923//4923 4927//4927 4926//4926
f 4923//4923 4928//4928 4927//4927
f 4923//4923 4929//4929 4928//4928
f 4923//4923 4930//4930 4929//4929
f 4923//4923 4924//4924 4930//4930
f 4924//4924 4925//4925 4932//4932
f 4924//4924 4932//4932 4931//4931
f 4925//4925 4926//4926 4933//4933
f 4925//4925 4933//4933 4932//4932
f 4926//4926 4927//4927 4934//4934
f 4926//4926 4934//4934 4933//4933
f 4927//4927 4928//4928 4935//4935
f 4927//4927 4935//4935 4934//4934
f 4928//4928 4929//4929 4936//4936
f 4928//4928 4936//4936 4935//4935
f 4929//4929 4930//4930 4937//4937
f 4929//4929 4937//4937 4936//4936
f 4930//4930 4924//4924 4931//4931
f 4930//4930 4931//4931 4937//4937
f 4931//4931 4932//4932 4939//4939
f 4931//4931 4939//4939 4938//4938
f 4932//4932 4933//4933 4940//4940
f 4932//4932 4940//4940 4939//4939
f 4933//4933 4934//4934 4941//4941
f 4933//4933 4941//4941 4940//4940
f 4934//4934 4935//4935 4942//4942
f 4934//4934 4942//4942 4941//4941
f 4935//4935 4936//4936 4943//4943
f 4935//4935 4943//4943 4942//4942
f 4936//4936 4937//4937 4944//4944
f 4936//4936 4944//4944 4943//4943
f 4937//4937 4931//4931 4938//4938
f 4937//4937 4938//4938 4944//4944
f 4945//4945 4938//4938 4939//4939
f 4945//4945 4939//4939 4940//4940
f 4945//4945 4940//4940 4941//4941
f 4945//4945 4941//4941 4942//4942
f 4945//4945 4942//4942 4943//4943
f 4945//4945 4943//4943 4944//4944
f 4945//4945 4944//4944 4938//4938
f 4946//4946 4948//4948 4947//4947
f 4946//4946 4949//4949 4948//4948
f 4946//4946 4950//4950 4949//4949
f 4946//4946 4951//4951 4950//4950
f 4946//4946 4952//4952 4951//4951
f 4946//4946 4953//4953 4952//4952
f 4946//4946 4947//4947 4953//4953
f 4947//4947 4948//4948 4955//4955
f 4947//4947 4955//4955 4954//4954
f 4948//4948 4949//4949 4956//4956
f 4948//4948 4956//4956 4955//4955
f 4949//4949 4950//4950 4957//4957
f 4949//4949 4957//4957 4956//4956
f 4950//4950 4951//4951 4958//4958
f 4950//4950 4958//4958 4957//4957
f 4951//4951 4952//4952 4959//4959
f 4951//4951 4959//4959 4958//4958
f 4952//4952 4953//4953 4960//4960
f 4952//4952 4960//4960 4959//4959
f 4953//4953 4947//4947 4954//4954
f 4953//4953 4954//4954 4960//4960
f 4954//4954 4955//4955 4962//4962
f 4954//4954 4962//4962 4961//4961
f 4955//4955 4956//4956 4963//4963
f 4955//4955 4963//4963 4962//4962
f 4956//4956 4957//4957 4964//4964
f 4956//4956 4964//4964 4963//4963
f 4957//4957 4958//4958 4965//4965
f 4957//4957 4965//4965 4964//4964
f 4958//4958 4959//4959 4966//4966
f 4958//4958 4966//4966 4965//4965
f 4959//4959 4960//4960 4967//4967
f 4959//4959 4967//4967 4966//4966
f 4960//4960 4954//4954 4961//4961
f 4960//4960 4961//4961 4967//4967
f 4968//4968 4961//4961 4962//4962
f 4968//4968 4962//4962 4963//4963
f 4968//4968 4963//4963 4964//4964
f 4968//4968 4964//4964 4965//4965
f 4968//4968 4965//4965 4966//4966
f 4968//4968 4966//4966 4967//4967
f 4968//4968 4967//4967 4961//4961
f 4969//4969 4971//4971 4970//4970
f 4969//4969 4972//4972 4971//4971
f 4969//4969 4973//4973 4972//4972
f 4969//4969 4974//4974 4973//4973
f 4969//4969 4975//4975 4974//4974
f 4969//4969 4976//4976 4975//4975
f 4969//4969 4970//4970 4976//4976
f 4970//4970 4971//4971 4978//4978
f 4970//4970 4978//4978 4977//4977
f 4971//4971 4972//4972 4979//4979
f 4971//4971 4979//4979 4978//4978
f 4972//4972 4973//4973 4980//4980
f 4972//4972 4980//4980 4979//4979
f 4973//4973 4974//4974 4981//4981
f 4973//4973 4981//4981 4980//4980
f 4974//4974 4975//4975 4982//4982
f 4974//4974 4982//4982 4981//4981
f 4975//4975 4976//4976 4983//4983
f 4975//4975 4983//4983 4982//4982
f 4976//4976 4970//4970 4977//4977
f 4976//4976 4977//4977 4983//4983
f 4977//4977 4978//4978 4985//4985
f 4977//4977 4985//4985 4984//4984
f 4978//4978 4979//4979 4986//4986
f 4978//4978 4986//4986 4985//4985
f 4979//4979 4980//4980 4987//4987
f 4979//4979 4987//4987 4986//4986
f 4980//4980 4981//4981 4988//4988
f 4980//4980 4988//4988 4987//4987
f 4981//4981 4982//4982 4989//4989
f 4981//4981 4989//4989 4988//4988
f 4982//4982 4983//4983 4990//4990
f 4982//4982 4990//4990 4989//4989
f 4983//4983 4977//4977 4984//4984
f 4983//4983 4984//4984 4990//4990
f 4991//4991 4984//4984 4985//4985
f 4991//4991 4985//4985 4986//4986
f 4991//4991 4986//4986 4987//4987
f 4991//4991 4987//4987 4988//4988
f 4991//4991 4988//4988 4989//4989
f 4991//4991 4989//4989 4990//4990
f 4991//4991 4990//4990 4984//4984
f 4992//4992 4994//4994 4993//4993
f 4992//4992 4995//4995 4994//4994
f 4992//4992 4996//4996 4995//4995
f 4992//4992 4997//4997 4996//4996
f 4992//4992 4998//4998 4997//4997
f 4992//4992 4999//4999 4998//4998
f 4992//4992 4993//4993 4999//4999
f 4993//4993 4994//4994 5001//5001
f 4993//4993 5001//5001 5000//5000
f 4994//4994 4995//4995 5002//5002
f 4994//4994 5002//5002 5001//5001
f 4995//4995 4996//4996 5003//5003
f 4995//4995 5003//5003 5002//5002
f 4996//4996 4997//4997 5004//5004
f 4996//4996 5004//5004 5003//5003
f 4997//4997 4998//4998 5005//5005
f 4997//4997 5005//5005 5004//5004
f 4998//4998 4999//4999 5006//5006
f 4998//4998 5006//5006 5005//5005
f 4999//4999 4993//4993 5000//5000
f 4999//4999 5000//5000 5006//5006
f 5000//5000 5001//5001 5008//5008
f 5000//5000 5008//5008 5007//5007
f 5001//5001 5002//5002 5009//5009
f 5001//5001 5009//5009 5008//5008
f 5002//5002 5003//5003 5010//5010
f 5002//5002 5010//5010 5009//5009
f 5003//5003 5004//5004 5011//5011
f 5003//5003 5011//5011 5010//5010
f 5004//5004 5005//5005 5012//5012
f 5004//5004 5012//5012 5011//5011
f 5005//5005 5006//5006 5013//5013
f 5005//5005 5013//5013 5012//5012
f 5006//5006 5000//5000 5007//5007
f 5006//5006 5007//5007 5013//5013
f 5014//5014 5007//5007 5008//5008
f 5014//5014 5008//5008 5009//5009
f 5014//5014 5009//5009 5010//5010
f 5014//5014 5010//5010 5011//5011
f 5014//5014 5011//5011 5012//5012
f 5014//5014 5012//5012 5013//5013
f 5014//5014 5013//5013 5007//5007
f 5015//5015 5017//5017 5016//5016
f 5015//5015 5018//5018 5017//5017
f 5015//5015 5019//5019 5018//5018
f 5015//5015 5020//5020 5019//5019
f 5015//5015 5021//5021 5020//5020
f 5015//5015 5022//5022 5021//5021
f 5015//5015 5016//5016 5022//5022
f 5016//5016 5017//5017 5024//5024
f 5016//5016 5024//5024 5023//5023
f 5017//5017 5018//5018 5025//5025
f 5017//5017 5025//5025 5024//5024
f 5018//5018 5019//5019 5026//5026
f 5018//5018 5026//5026 5025//5025
f 5019//5019 5020//5020 5027//5027
f 5019//5019 5027//5027 5026//5026
f 5020//5020 5021//5021 5028//5028
f 5020//5020 5028//5028 5027//5027
f 5021//5021 5022//5022 5029//5029
f 5021//5021 5029//5029 5028//5028
f 5022//5022 5016//5016 5023//5023
f 5022//5022 5023//5023 5029//5029
f 5023//5023 5024//5024 5031//5031
f 5023//5023 5031//5031 5030//5030
f 5024//5024 5025//5025 5032//5032
f 5024//5024 5032//5032 5031//5031
f 5025//5025 5026//5026 5033//5033
f 5025//5025 5033//5033 5032//5032
f 5026//5026 5027//5027 5034//5034
f 5026//5026 5034//5034 5033//5033
f 5027//5027 5028//5028 5035//5035
f 5027//5027 5035//5035 5034//5034
f 5028//5028 5029//5029 5036//5036
f 5028//5028 5036//5036 5035//5035
f 5029//5029 5023//5023 5030//5030
f 5029//5029 5030//5030 5036//5036
f 5037//5037 5030//5030 5031//5031
f 5037//5037 5031//5031 5032//5032
f 5037//5037 5032//5032 5033//5033
f 5037//5037 5033//5033 5034//5034
f 5037//5037 5034//5034 5035//5035
f 5037//5037 5035//5035 5036//5036
f 5037//5037 5036//5036 5030//5030
f 5038//5038 5040//5040 5039//5039
f 5038//5038 5041//5041 5040//5040
f 5038//5038 5042//5042 5041//5041
f 5038//5038 5043//5043 5042//5042
f 5038//5038 5044//5044 5043//5043
f 5038//5038 5045//5045 5044//5044
f 5038//5038 5039//5039 5045//5045
f 5039//5039 5040//5040 5047//5047
f 5039//5039 5047//5047 5046//5046
f 5040//5040 5041//5041 5048//5048
f 5040//5040 5048//5048 5047//5047
f 5041//5041 5042//5042 5049//5049
f 5041//5041 5049//5049 5048//5048
f 5042//5042 5043//5043 5050//5050
f 5042//5042 5050//5050 5049//5049
f 5043//5043 5044//5044 5051//5051
f 5043//5043 5051//5051 5050//5050
f 5044//5044 5045//5045 5052//5052
f 5044//5044 5052//5052 5051//5051
f 5045//5045 5039//5039 5046//5046
f 5045//5045 5046//5046 5052//5052
f 5046//5046 5047//5047 5054//5054
f 5046//5046 5054//5054 5053//5053
f 5047//5047 5048//5048 5055//5055
f 5047//5047 5055//5055 5054//5054
f 5048//5048 5049//5049 5056//5056
f 5048//5048 5056//5056 5055//5055
f 5049//5049 5050//5050 5057//5057
f 5049//5049 5057//5057 5056//5056
f 5050//5050 5051//5051 5058//5058
f 5050//5050 5058//5058 5057//5057
f 5051//5051 5052//5052 5059//5059
f 5051//5051 5059//5059 5058//5058
f 5052//5052 5046//5046 5053//5053
f 5052//5052 5053//5053 5059//5059
f 5060//5060 5053//5053 5054//5054
f 5060//5060 5054//5054 5055//5055
f 5060//5060 5055//5055 5056//5056
f 5060//5060 5056//5056 5057//5057
f 5060//5060 5057//5057 5058//5058
f 5060//5060 5058//5058 5059//5059
f 5060//5060 5059//5059 5053//5053
f 5061//5061 5063//5063 5062//5062
f 5061//5061 5064//5064 5063//5063
f 5061//5061 5065//5065 5064//5064
f 5061//5061 5066//5066 5065//5065
f 5061//5061 5067//5067 5066//5066
f 5061//5061 5068//5068 5067//5067
f 5061//5061 5062//5062 5068//5068
f 5062//5062 5063//5063 5070//5070
f 5062//5062 5070//5070 5069//5069
f 5063//5063 5064//5064 5071//5071
f 5063//5063 5071//5071 5070//5070
f 5064//5064 5065//5065 5072//5072
f 5064//5064 5072//5072 5071//5071
f 5065//5065 5066//5066 5073//5073
f 5065//5065 5073//5073 5072//5072
f 5066//5066 5067//5067 5074//5074
f 5066//5066 5074//5074 5073//5073
f 5067//5067 5068//5068 5075//5075
f 5067//5067 5075//5075 5074//5074
f 5068//5068 5062//5062 5069//5069
f 5068//5068 5069//5069 5075//5075
f 5069//5069 5070//5070 5077//5077
f 5069//5069 5077//5077 5076//5076
f 5070//5070 5071//5071 5078//5078
f 5070//5070 5078//5078 5077//5077
f 5071//5071 5072//5072 5079//5079
f 5071//5071 5079//5079 5078//5078
f 5072//5072 5073//5073 5080//5080
f 5072//5072 5080//5080 5079//5079
f 5073//5073 5074//5074 5081//5081
f 5073//5073 5081//5081 5080//5080
f 5074//5074 5075//5075 5082//5082
f 5074//5074 5082//5082 5081//5081
f 5075//5075 5069//5069 5076//5076
f 5075//5075 5076//5076 5082//5082
f 5083//5083 5076//5076 5077//5077
f 5083//5083 5077//5077 5078//5078
f 5083//5083 5078//5078 5079//5079
f 5083//5083 5079//5079 5080//5080
f 5083//5083 5080//5080 5081//5081
f 5083//5083 5081//5081 5082//5082
f 5083//5083 5082//5082 5076//5076
f 5084//5084 5086//5086 5085//5085
f 5084//5084 5087//5087 5086//5086
f 5084//5084 5088//5088 5087//5087
f 5084//5084 5089//5089 5088//5088
f 5084//5084 5090//5090 5089//5089
f 5084//5084 5091//5091 5090//5090
f 5084//5084 5085//5085 5091//5091
f 5085//5085 5086//5086 5093//5093
f 5085//5085 5093//5093 5092//5092
f 5086//5086 5087//5087 5094//5094
f 5086//5086 5094//5094 5093//5093
f 5087//5087 5088//5088 5095//5095
f 5087//5087 5095//5095 5094//5094
f 5088//5088 5089//5089 5096//5096
f 5088//5088 5096//5096 5095//5095
f 5089//5089 5090//5090 5097//5097
f 5089//5089 5097//5097 5096//5096
f 5090//5090 5091//5091 5098//5098
f 5090//5090 5098//5098 5097//5097
f 5091//5091 5085//5085 5092//5092
f 5091//5091 5092//5092 5098//5098
f 5092//5092 5093//5093 5100//5100
f 5092//5092 5100//5100 5099//5099
f 5093//5093 5094//5094 5101//5101
f 5093//5093 5101//5101 5100//5100
f 5094//5094 5095//5095 5102//5102
f 5094//5094 5102//5102 5101//5101
f 5095//5095 5096//5096 5103//5103
f 5095//5095 5103//5103 5102//5102
f 5096//5096 5097//5097 5104//5104
f 5096//5096 5104//5104 5103//5103
f 5097//5097 5098//5098 5105//5105
f 5097//5097 5105//5105 5104//5104
f 5098//5098 5092//5092 5099//5099
f 5098//5098 5099//5099 5105//5105
f 5106//5106 5099//5099 5100//5100
f 5106//5106 5100//5100 5101//5101
f 5106//5106 5101//5101 5102//5102
f 5106//5106 5102//5102 5103//5103
f 5106//5106 5103//5103 5104//5104
f 5106//5106 5104//5104 5105//5105
f 5106//5106 5105//5105 5099//5099
