mtllib vehicle.mtl
o base_edge
usemtl edge
v 0.08000063 -0.07060000 0.03450000
v 0.08000019 -0.07018541 0.03392937
v 0.07999949 -0.06951459 0.03414733
v 0.07999949 -0.06951459 0.03485267
v 0.08000019 -0.07018541 0.03507064
v 0.08268884 -0.07042377 0.03450000
v 0.08263472 -0.07001272 0.03392937
v 0.08254717 -0.06934764 0.03414733
v 0.08254717 -0.06934764 0.03485267
v 0.08263472 -0.07001272 0.03507064
v 0.08533167 -0.06989807 0.03450000
v 0.08522437 -0.06949761 0.03392937
v 0.08505075 -0.06884965 0.03414733
v 0.08505075 -0.06884965 0.03485267
v 0.08522437 -0.06949761 0.03507064
v 0.08788328 -0.06903192 0.03450000
v 0.08772462 -0.06864889 0.03392937
v 0.08746791 -0.06802913 0.03414733
v 0.08746791 -0.06802913 0.03485267
v 0.08772462 -0.06864889 0.03507064
v 0.09030000 -0.06784012 0.03450000
v 0.09009270 -0.06748108 0.03392937
v 0.08975729 -0.06690013 0.03414733
v 0.08975729 -0.06690013 0.03485267
v 0.09009270 -0.06748108 0.03507064
v 0.09254049 -0.06634308 0.03450000
v 0.09228810 -0.06601416 0.03392937
v 0.09187973 -0.06548197 0.03414733
v 0.09187973 -0.06548197 0.03485267
v 0.09228810 -0.06601416 0.03507064
v 0.09456640 -0.06456640 0.03450000
v 0.09427324 -0.06427324 0.03392937
v 0.09379890 -0.06379890 0.03414733
v 0.09379890 -0.06379890 0.03485267
v 0.09427324 -0.06427324 0.03507064
v 0.09634308 -0.06254049 0.03450000
v 0.09601416 -0.06228810 0.03392937
v 0.09548196 -0.06187973 0.03414733
v 0.09548196 -0.06187973 0.03485267
v 0.09601416 -0.06228810 0.03507064
v 0.09784012 -0.06030000 0.03450000
v 0.09748108 -0.06009271 0.03392937
v 0.09690013 -0.05975730 0.03414733
v 0.09690013 -0.05975730 0.03485267
v 0.09748108 -0.06009271 0.03507064
v 0.09903192 -0.05788328 0.03450000
v 0.09864889 -0.05772462 0.03392937
v 0.09802913 -0.05746791 0.03414733
v 0.09802913 -0.05746791 0.03485267
v 0.09864889 -0.05772462 0.03507064
v 0.09989807 -0.05533167 0.03450000
v 0.09949761 -0.05522437 0.03392937
v 0.09884965 -0.05505075 0.03414733
v 0.09884965 -0.05505075 0.03485267
v 0.09949761 -0.05522437 0.03507064
v 0.10042376 -0.05268884 0.03450000
v 0.10001272 -0.05263472 0.03392937
v 0.09934764 -0.05254716 0.03414733
v 0.09934764 -0.05254716 0.03485267
v 0.10001272 -0.05263472 0.03507064
v 0.10060000 -0.05000100 0.03450000
v 0.10018541 -0.05000031 0.03392937
v 0.09951459 -0.04999919 0.03414733
v 0.09951459 -0.04999919 0.03485267
v 0.10018541 -0.05000031 0.03507064
v 0.10060000 0.05000100 0.03450000
v 0.10018541 0.05000031 0.03392937
v 0.09951459 0.04999919 0.03414733
v 0.09951459 0.04999919 0.03485267
v 0.10018541 0.05000031 0.03507064
v 0.10042376 0.05268884 0.03450000
v 0.10001272 0.05263472 0.03392937
v 0.09934764 0.05254716 0.03414733
v 0.09934764 0.05254716 0.03485267
v 0.10001272 0.05263472 0.03507064
v 0.09989807 0.05533167 0.03450000
v 0.09949761 0.05522437 0.03392937
v 0.09884965 0.05505075 0.03414733
v 0.09884965 0.05505075 0.03485267
v 0.09949761 0.05522437 0.03507064
v 0.09903192 0.05788328 0.03450000
v 0.09864889 0.05772462 0.03392937
v 0.09802913 0.05746791 0.03414733
v 0.09802913 0.05746791 0.03485267
v 0.09864889 0.05772462 0.03507064
v 0.09784012 0.06030000 0.03450000
v 0.09748108 0.06009271 0.03392937
v 0.09690013 0.05975730 0.03414733
v 0.09690013 0.05975730 0.03485267
v 0.09748108 0.06009271 0.03507064
v 0.09634308 0.06254049 0.03450000
v 0.09601416 0.06228810 0.03392937
v 0.09548196 0.06187973 0.03414733
v 0.09548196 0.06187973 0.03485267
v 0.09601416 0.06228810 0.03507064
v 0.09456640 0.06456640 0.03450000
v 0.09427324 0.06427324 0.03392937
v 0.09379890 0.06379890 0.03414733
v 0.09379890 0.06379890 0.03485267
v 0.09427324 0.06427324 0.03507064
v 0.09254049 0.06634308 0.03450000
v 0.09228810 0.06601416 0.03392937
v 0.09187973 0.06548197 0.03414733
v 0.09187973 0.06548197 0.03485267
v 0.09228810 0.06601416 0.03507064
v 0.09030000 0.06784012 0.03450000
v 0.09009270 0.06748108 0.03392937
v 0.08975729 0.06690013 0.03414733
v 0.08975729 0.06690013 0.03485267
v 0.09009270 0.06748108 0.03507064
v 0.08788328 0.06903192 0.03450000
v 0.08772462 0.06864889 0.03392937
v 0.08746791 0.06802913 0.03414733
v 0.08746791 0.06802913 0.03485267
v 0.08772462 0.06864889 0.03507064
v 0.08533167 0.06989807 0.03450000
v 0.08522437 0.06949761 0.03392937
v 0.08505075 0.06884965 0.03414733
v 0.08505075 0.06884965 0.03485267
v 0.08522437 0.06949761 0.03507064
v 0.08268884 0.07042377 0.03450000
v 0.08263472 0.07001272 0.03392937
v 0.08254717 0.06934764 0.03414733
v 0.08254717 0.06934764 0.03485267
v 0.08263472 0.07001272 0.03507064
v 0.08000063 0.07060000 0.03450000
v 0.08000019 0.07018541 0.03392937
v 0.07999949 0.06951459 0.03414733
v 0.07999949 0.06951459 0.03485267
v 0.08000019 0.07018541 0.03507064
v -0.08000063 0.07060000 0.03450000
v -0.08000019 0.07018541 0.03392937
v -0.07999949 0.06951459 0.03414733
v -0.07999949 0.06951459 0.03485267
v -0.08000019 0.07018541 0.03507064
v -0.08268884 0.07042377 0.03450000
v -0.08263472 0.07001272 0.03392937
v -0.08254717 0.06934764 0.03414733
v -0.08254717 0.06934764 0.03485267
v -0.08263472 0.07001272 0.03507064
v -0.08533167 0.06989807 0.03450000
v -0.08522437 0.06949761 0.03392937
v -0.08505075 0.06884965 0.03414733
v -0.08505075 0.06884965 0.03485267
v -0.08522437 0.06949761 0.03507064
v -0.08788328 0.06903192 0.03450000
v -0.08772462 0.06864889 0.03392937
v -0.08746791 0.06802913 0.03414733
v -0.08746791 0.06802913 0.03485267
v -0.08772462 0.06864889 0.03507064
v -0.09030000 0.06784012 0.03450000
v -0.09009270 0.06748108 0.03392937
v -0.08975729 0.06690013 0.03414733
v -0.08975729 0.06690013 0.03485267
v -0.09009270 0.06748108 0.03507064
v -0.09254049 0.06634308 0.03450000
v -0.09228810 0.06601416 0.03392937
v -0.09187973 0.06548197 0.03414733
v -0.09187973 0.06548197 0.03485267
v -0.09228810 0.06601416 0.03507064
v -0.09456640 0.06456640 0.03450000
v -0.09427324 0.06427324 0.03392937
v -0.09379890 0.06379890 0.03414733
v -0.09379890 0.06379890 0.03485267
v -0.09427324 0.06427324 0.03507064
v -0.09634308 0.06254049 0.03450000
v -0.09601416 0.06228810 0.03392937
v -0.09548196 0.06187973 0.03414733
v -0.09548196 0.06187973 0.03485267
v -0.09601416 0.06228810 0.03507064
v -0.09784012 0.06030000 0.03450000
v -0.09748108 0.06009271 0.03392937
v -0.09690013 0.05975730 0.03414733
v -0.09690013 0.05975730 0.03485267
v -0.09748108 0.06009271 0.03507064
v -0.09903192 0.05788328 0.03450000
v -0.09864889 0.05772462 0.03392937
v -0.09802913 0.05746791 0.03414733
v -0.09802913 0.05746791 0.03485267
v -0.09864889 0.05772462 0.03507064
v -0.09989807 0.05533167 0.03450000
v -0.09949761 0.05522437 0.03392937
v -0.09884965 0.05505075 0.03414733
v -0.09884965 0.05505075 0.03485267
v -0.09949761 0.05522437 0.03507064
v -0.10042376 0.05268884 0.03450000
v -0.10001272 0.05263472 0.03392937
v -0.09934764 0.05254716 0.03414733
v -0.09934764 0.05254716 0.03485267
v -0.10001272 0.05263472 0.03507064
v -0.10060000 0.05000100 0.03450000
v -0.10018541 0.05000031 0.03392937
v -0.09951459 0.04999919 0.03414733
v -0.09951459 0.04999919 0.03485267
v -0.10018541 0.05000031 0.03507064
v -0.10060000 -0.05000100 0.03450000
v -0.10018541 -0.05000031 0.03392937
v -0.09951459 -0.04999919 0.03414733
v -0.09951459 -0.04999919 0.03485267
v -0.10018541 -0.05000031 0.03507064
v -0.10042376 -0.05268884 0.03450000
v -0.10001272 -0.05263472 0.03392937
v -0.09934764 -0.05254716 0.03414733
v -0.09934764 -0.05254716 0.03485267
v -0.10001272 -0.05263472 0.03507064
v -0.09989807 -0.05533167 0.03450000
v -0.09949761 -0.05522437 0.03392937
v -0.09884965 -0.05505075 0.03414733
v -0.09884965 -0.05505075 0.03485267
v -0.09949761 -0.05522437 0.03507064
v -0.09903192 -0.05788328 0.03450000
v -0.09864889 -0.05772462 0.03392937
v -0.09802913 -0.05746791 0.03414733
v -0.09802913 -0.05746791 0.03485267
v -0.09864889 -0.05772462 0.03507064
v -0.09784012 -0.06030000 0.03450000
v -0.09748108 -0.06009271 0.03392937
v -0.09690013 -0.05975730 0.03414733
v -0.09690013 -0.05975730 0.03485267
v -0.09748108 -0.06009271 0.03507064
v -0.09634308 -0.06254049 0.03450000
v -0.09601416 -0.06228810 0.03392937
v -0.09548196 -0.06187973 0.03414733
v -0.09548196 -0.06187973 0.03485267
v -0.09601416 -0.06228810 0.03507064
v -0.09456640 -0.06456640 0.03450000
v -0.09427324 -0.06427324 0.03392937
v -0.09379890 -0.06379890 0.03414733
v -0.09379890 -0.06379890 0.03485267
v -0.09427324 -0.06427324 0.03507064
v -0.09254049 -0.06634308 0.03450000
v -0.09228810 -0.06601416 0.03392937
v -0.09187973 -0.06548197 0.03414733
v -0.09187973 -0.06548197 0.03485267
v -0.09228810 -0.06601416 0.03507064
v -0.09030000 -0.06784012 0.03450000
v -0.09009270 -0.06748108 0.03392937
v -0.08975729 -0.06690013 0.03414733
v -0.08975729 -0.06690013 0.03485267
v -0.09009270 -0.06748108 0.03507064
v -0.08788328 -0.06903192 0.03450000
v -0.08772462 -0.06864889 0.03392937
v -0.08746791 -0.06802913 0.03414733
v -0.08746791 -0.06802913 0.03485267
v -0.08772462 -0.06864889 0.03507064
v -0.08533167 -0.06989807 0.03450000
v -0.08522437 -0.06949761 0.03392937
v -0.08505075 -0.06884965 0.03414733
v -0.08505075 -0.06884965 0.03485267
v -0.08522437 -0.06949761 0.03507064
v -0.08268884 -0.07042377 0.03450000
v -0.08263472 -0.07001272 0.03392937
v -0.08254717 -0.06934764 0.03414733
v -0.08254717 -0.06934764 0.03485267
v -0.08263472 -0.07001272 0.03507064
v -0.08000063 -0.07060000 0.03450000
v -0.08000019 -0.07018541 0.03392937
v -0.07999949 -0.06951459 0.03414733
v -0.07999949 -0.06951459 0.03485267
v -0.08000019 -0.07018541 0.03507064
v 0.08000063 -0.07060000 0.03450000
v 0.08000019 -0.07018541 0.03392937
v 0.07999949 -0.06951459 0.03414733
v 0.07999949 -0.06951459 0.03485267
v 0.08000019 -0.07018541 0.03507064
v -0.02700254 -0.07099999 0.00500000
v -0.02671964 -0.07058660 0.00450343
v -0.02682419 -0.06991533 0.00469310
v -0.02717170 -0.06991386 0.00530690
v -0.02728193 -0.07058422 0.00549657
v -0.02196415 -0.07102130 0.00785260
v -0.02170713 -0.07060779 0.00734225
v -0.02180200 -0.06993657 0.00753708
v -0.02211767 -0.06993522 0.00816785
v -0.02221788 -0.07060563 0.00836285
v -0.01701569 -0.07103905 0.00999793
v -0.01681456 -0.07062533 0.00946325
v -0.01688857 -0.06995418 0.00966719
v -0.01713544 -0.06995311 0.01032792
v -0.01721401 -0.07062360 0.01053233
v -0.01217643 -0.07105325 0.01150964
v -0.01203276 -0.07063933 0.01095688
v -0.01208537 -0.06996826 0.01116759
v -0.01226155 -0.06996743 0.01185057
v -0.01231782 -0.07063799 0.01206197
v -0.00746548 -0.07106391 0.01246146
v -0.00737843 -0.07064984 0.01189712
v -0.00741001 -0.06997882 0.01211216
v -0.00751658 -0.06997817 0.01280940
v -0.00755086 -0.07064879 0.01302528
v -0.00290197 -0.07107101 0.01292712
v -0.00286846 -0.07065684 0.01235716
v -0.00288024 -0.06998586 0.01257431
v -0.00292102 -0.06998534 0.01327847
v -0.00293445 -0.07065599 0.01349652
v 0.00149498 -0.07107455 0.01298036
v 0.00147976 -0.07066033 0.01240967
v 0.00148590 -0.06998937 0.01262712
v 0.00150492 -0.06998892 0.01333220
v 0.00151053 -0.07065960 0.01355052
v 0.00570626 -0.07107455 0.01269492
v 0.00564831 -0.07066031 0.01212698
v 0.00567004 -0.06998936 0.01234345
v 0.00574141 -0.06998894 0.01304517
v 0.00576379 -0.07065962 0.01326239
v 0.00971274 -0.07107101 0.01214453
v 0.00961877 -0.07065678 0.01158142
v 0.00965348 -0.06998582 0.01179618
v 0.00976889 -0.06998537 0.01249201
v 0.00980552 -0.07065605 0.01270730
v 0.01349533 -0.07106391 0.01140293
v 0.01337245 -0.07064971 0.01084539
v 0.01341734 -0.06997874 0.01105820
v 0.01356797 -0.06997825 0.01174727
v 0.01361618 -0.07064892 0.01196032
v 0.01703494 -0.07105325 0.01054385
v 0.01689066 -0.07063911 0.00999142
v 0.01694277 -0.06996813 0.01020253
v 0.01711926 -0.06996757 0.01088543
v 0.01717623 -0.07063822 0.01109638
v 0.02031248 -0.07103904 0.00964103
v 0.02015504 -0.07062495 0.00909217
v 0.02021107 -0.06995396 0.00930223
v 0.02040315 -0.06995334 0.00998091
v 0.02046582 -0.07062396 0.01019030
v 0.02330891 -0.07102129 0.00876819
v 0.02314804 -0.07060722 0.00822031
v 0.02320403 -0.06993622 0.00843039
v 0.02339950 -0.06993559 0.00910810
v 0.02346432 -0.07060620 0.00931688
v 0.02600453 -0.07099998 0.00799925
v 0.02584487 -0.07058590 0.00745102
v 0.02589960 -0.06991491 0.00766146
v 0.02609308 -0.06991430 0.00833975
v 0.02615793 -0.07058491 0.00854851
v -0.02700254 -0.07099999 0.00500000
v -0.02671964 -0.07058660 0.00450343
v -0.02682419 -0.06991533 0.00469310
v -0.02717170 -0.06991386 0.00530690
v -0.02728193 -0.07058422 0.00549657
v 0.02600453 -0.07099998 0.00799925
v 0.02584487 -0.07058590 0.00745102
v 0.02589960 -0.06991491 0.00766146
v 0.02609308 -0.06991430 0.00833975
v 0.02615793 -0.07058491 0.00854851
v -0.02700254 -0.07099999 0.00100000
v -0.02673469 -0.07058653 0.00049521
v -0.02683349 -0.06991529 0.00068802
v -0.02716240 -0.06991390 0.00131198
v -0.02726688 -0.07058428 0.00150479
v -0.02196415 -0.07102130 0.00365597
v -0.02172090 -0.07060773 0.00313896
v -0.02181052 -0.06993653 0.00333634
v -0.02210916 -0.06993526 0.00397533
v -0.02220411 -0.07060569 0.00417288
v -0.01701568 -0.07103905 0.00566747
v -0.01682488 -0.07062528 0.00512905
v -0.01689496 -0.06995415 0.00533444
v -0.01712907 -0.06995314 0.00599979
v -0.01720369 -0.07062364 0.00620562
v -0.01217642 -0.07105325 0.00709998
v -0.01203886 -0.07063930 0.00654569
v -0.01208914 -0.06996825 0.00675700
v -0.01225778 -0.06996745 0.00744189
v -0.01231172 -0.07063802 0.00765386
v -0.00746547 -0.07106391 0.00801902
v -0.00738005 -0.07064983 0.00745444
v -0.00741102 -0.06997881 0.00766960
v -0.00751558 -0.06997818 0.00836715
v -0.00754923 -0.07064881 0.00858310
v -0.00290197 -0.07107101 0.00849015
v -0.00286587 -0.07065683 0.00792036
v -0.00287864 -0.06998585 0.00813746
v -0.00292263 -0.06998535 0.00884143
v -0.00293704 -0.07065600 0.00905940
v 0.00149498 -0.07107455 0.00857890
v 0.00148591 -0.07066032 0.00800807
v 0.00148971 -0.06998937 0.00822558
v 0.00150112 -0.06998893 0.00893083
v 0.00150438 -0.07065961 0.00914919
v 0.00570625 -0.07107455 0.00835081
v 0.00565711 -0.07066031 0.00778205
v 0.00567548 -0.06998935 0.00799884
v 0.00573598 -0.06998894 0.00870158
v 0.00575499 -0.07065962 0.00891911
v 0.00971274 -0.07107101 0.00787144
v 0.00962919 -0.07065677 0.00730669
v 0.00965992 -0.06998581 0.00752206
v 0.00976245 -0.06998537 0.00821991
v 0.00979510 -0.07065606 0.00843584
v 0.01349534 -0.07106391 0.00720632
v 0.01338343 -0.07064971 0.00664647
v 0.01342413 -0.06997874 0.00686014
v 0.01356118 -0.06997825 0.00755204
v 0.01360519 -0.07064892 0.00776599
v 0.01703495 -0.07105325 0.00642099
v 0.01690111 -0.07063911 0.00586594
v 0.01694922 -0.06996812 0.00607800
v 0.01711280 -0.06996758 0.00676412
v 0.01716578 -0.07063822 0.00697609
v 0.02031250 -0.07103904 0.00558099
v 0.02016373 -0.07062495 0.00502972
v 0.02021643 -0.06995396 0.00524064
v 0.02039776 -0.06995334 0.00592227
v 0.02045714 -0.07062396 0.00613262
v 0.02330893 -0.07102129 0.00475186
v 0.02315341 -0.07060724 0.00420242
v 0.02320733 -0.06993623 0.00441302
v 0.02339617 -0.06993558 0.00509261
v 0.02345896 -0.07060618 0.00530203
v 0.02600455 -0.07099998 0.00399931
v 0.02584797 -0.07058594 0.00345017
v 0.02590149 -0.06991493 0.00366087
v 0.02609115 -0.06991427 0.00434024
v 0.02615484 -0.07058487 0.00454941
v -0.02700254 -0.07099999 0.00100000
v -0.02673469 -0.07058653 0.00049521
v -0.02683349 -0.06991529 0.00068802
v -0.02716240 -0.06991390 0.00131198
v -0.02726688 -0.07058428 0.00150479
v 0.02600455 -0.07099998 0.00399931
v 0.02584797 -0.07058594 0.00345017
v 0.02590149 -0.06991493 0.00366087
v 0.02609115 -0.06991427 0.00434024
v 0.02615484 -0.07058487 0.00454941
v -0.02700254 -0.07099999 -0.00300000
v -0.02675048 -0.07058647 -0.00351280
v -0.02684325 -0.06991525 -0.00331693
v -0.02715264 -0.06991394 -0.00268307
v -0.02725109 -0.07058435 -0.00248719
v -0.02196414 -0.07102130 -0.00054067
v -0.02173520 -0.07060767 -0.00106412
v -0.02181936 -0.06993649 -0.00086428
v -0.02210032 -0.06993530 -0.00021731
v -0.02218980 -0.07060575 -0.00001731
v -0.01701568 -0.07103905 0.00133701
v -0.01683540 -0.07062523 0.00079501
v -0.01690147 -0.06995412 0.00100178
v -0.01712257 -0.06995317 0.00167157
v -0.01719315 -0.07062369 0.00187875
v -0.01217641 -0.07105325 0.00269031
v -0.01204500 -0.07063928 0.00213456
v -0.01209295 -0.06996822 0.00234645
v -0.01225399 -0.06996747 0.00303316
v -0.01230557 -0.07063805 0.00324568
v -0.00746547 -0.07106391 0.00357658
v -0.00738168 -0.07064980 0.00301178
v -0.00741203 -0.06997880 0.00322704
v -0.00751457 -0.06997819 0.00392489
v -0.00754760 -0.07064883 0.00414092
v -0.00290197 -0.07107101 0.00405317
v -0.00286328 -0.07065681 0.00348356
v -0.00287703 -0.06998584 0.00370062
v -0.00292423 -0.06998535 0.00440438
v -0.00293964 -0.07065602 0.00462227
v 0.00149498 -0.07107455 0.00417743
v 0.00149207 -0.07066032 0.00360655
v 0.00149352 -0.06998936 0.00382409
v 0.00149732 -0.06998893 0.00452943
v 0.00149822 -0.07065962 0.00474780
v 0.00570625 -0.07107455 0.00400671
v 0.00566594 -0.07066030 0.00343725
v 0.00568095 -0.06998935 0.00365430
v 0.00573052 -0.06998894 0.00435790
v 0.00574616 -0.07065963 0.00457570
v 0.00971273 -0.07107101 0.00359835
v 0.00963970 -0.07065676 0.00303215
v 0.00966641 -0.06998581 0.00324806
v 0.00975596 -0.06998538 0.00394770
v 0.00978459 -0.07065607 0.00416418
v 0.01349534 -0.07106391 0.00300971
v 0.01339455 -0.07064970 0.00244776
v 0.01343100 -0.06997874 0.00266220
v 0.01355432 -0.06997826 0.00335668
v 0.01359408 -0.07064893 0.00357145
v 0.01703496 -0.07105325 0.00229813
v 0.01691170 -0.07063910 0.00174064
v 0.01695576 -0.06996812 0.00195359
v 0.01710624 -0.06996758 0.00264269
v 0.01715519 -0.07063822 0.00285563
v 0.02031252 -0.07103904 0.00152096
v 0.02017254 -0.07062496 0.00096738
v 0.02022185 -0.06995396 0.00117912
v 0.02039231 -0.06995334 0.00186355
v 0.02044835 -0.07062396 0.00207482
v 0.02330895 -0.07102129 0.00073553
v 0.02315883 -0.07060725 0.00018458
v 0.02321066 -0.06993624 0.00039568
v 0.02339281 -0.06993557 0.00107709
v 0.02345356 -0.07060616 0.00128714
v 0.02600457 -0.07099998 -0.00000063
v 0.02585108 -0.07058597 -0.00055067
v 0.02590339 -0.06991495 -0.00033970
v 0.02608921 -0.06991425 0.00034072
v 0.02615174 -0.07058484 0.00055028
v -0.02700254 -0.07099999 -0.00300000
v -0.02675048 -0.07058647 -0.00351280
v -0.02684325 -0.06991525 -0.00331693
v -0.02715264 -0.06991394 -0.00268307
v -0.02725109 -0.07058435 -0.00248719
v 0.02600457 -0.07099998 -0.00000063
v 0.02585108 -0.07058597 -0.00055067
v 0.02590339 -0.06991495 -0.00033970
v 0.02608921 -0.06991425 0.00034072
v 0.02615174 -0.07058484 0.00055028
v -0.02700254 -0.07099999 -0.00700000
v -0.02676701 -0.07058640 -0.00752055
v -0.02685347 -0.06991521 -0.00732172
v -0.02714243 -0.06991398 -0.00667828
v -0.02723455 -0.07058442 -0.00647945
v -0.02196414 -0.07102130 -0.00473730
v -0.02175003 -0.07060761 -0.00526695
v -0.02182854 -0.06993645 -0.00506474
v -0.02209116 -0.06993534 -0.00441011
v -0.02217497 -0.07060581 -0.00420774
v -0.01701567 -0.07103905 -0.00299345
v -0.01684614 -0.07062519 -0.00353887
v -0.01690811 -0.06995410 -0.00333078
v -0.01711594 -0.06995320 -0.00265676
v -0.01718242 -0.07062374 -0.00244827
v -0.01217640 -0.07105325 -0.00171935
v -0.01205120 -0.07063925 -0.00227652
v -0.01209679 -0.06996820 -0.00206406
v -0.01225016 -0.06996749 -0.00137560
v -0.01229937 -0.07063808 -0.00116256
v -0.00746546 -0.07106391 -0.00086586
v -0.00738330 -0.07064978 -0.00143089
v -0.00741303 -0.06997879 -0.00121551
v -0.00751357 -0.06997821 -0.00051737
v -0.00754597 -0.07064885 -0.00030127
v -0.00290197 -0.07107101 -0.00038380
v -0.00286069 -0.07065681 -0.00095323
v -0.00287543 -0.06998584 -0.00073622
v -0.00292583 -0.06998535 -0.00003268
v -0.00294223 -0.07065602 0.00018513
v 0.00149497 -0.07107455 -0.00022404
v 0.00149822 -0.07066031 -0.00079491
v 0.00149732 -0.06998936 -0.00057735
v 0.00149352 -0.06998894 0.00012798
v 0.00149207 -0.07065962 0.00034634
v 0.00570624 -0.07107455 -0.00033740
v 0.00567480 -0.07066029 -0.00090741
v 0.00568643 -0.06998935 -0.00069014
v 0.00572505 -0.06998894 0.00001414
v 0.00573730 -0.07065964 0.00023215
v 0.00971273 -0.07107101 -0.00067474
v 0.00965028 -0.07065676 -0.00124220
v 0.00967296 -0.06998581 -0.00102582
v 0.00974943 -0.06998538 -0.00032464
v 0.00977401 -0.07065608 -0.00010766
v 0.01349534 -0.07106391 -0.00118690
v 0.01340578 -0.07064969 -0.00175074
v 0.01343794 -0.06997873 -0.00153561
v 0.01354737 -0.06997826 -0.00083881
v 0.01358285 -0.07064894 -0.00062330
v 0.01703496 -0.07105325 -0.00182473
v 0.01692243 -0.07063910 -0.00238448
v 0.01696238 -0.06996811 -0.00217072
v 0.01709961 -0.06996758 -0.00147885
v 0.01714447 -0.07063823 -0.00126502
v 0.02031253 -0.07103904 -0.00253908
v 0.02018145 -0.07062496 -0.00309483
v 0.02022734 -0.06995396 -0.00288233
v 0.02038680 -0.06995334 -0.00219524
v 0.02043945 -0.07062396 -0.00198311
v 0.02330897 -0.07102129 -0.00328080
v 0.02316429 -0.07060727 -0.00383322
v 0.02321401 -0.06993625 -0.00362164
v 0.02338942 -0.06993555 -0.00293845
v 0.02344811 -0.07060614 -0.00272780
v 0.02600459 -0.07099998 -0.00400057
v 0.02585421 -0.07058600 -0.00455150
v 0.02590531 -0.06991497 -0.00434027
v 0.02608727 -0.06991424 -0.00365880
v 0.02614862 -0.07058480 -0.00344886
v -0.02700254 -0.07099999 -0.00700000
v -0.02676701 -0.07058640 -0.00752055
v -0.02685347 -0.06991521 -0.00732172
v -0.02714243 -0.06991398 -0.00667828
v -0.02723455 -0.07058442 -0.00647945
v 0.02600459 -0.07099998 -0.00400057
v 0.02585421 -0.07058600 -0.00455150
v 0.02590531 -0.06991497 -0.00434027
v 0.02608727 -0.06991424 -0.00365880
v 0.02614862 -0.07058480 -0.00344886
v -0.02699746 0.06980000 0.00500000
v -0.02671807 0.07021578 0.00450343
v -0.02682830 0.07088614 0.00469310
v -0.02717581 0.07088467 0.00530690
v -0.02728036 0.07021340 0.00549657
v -0.02195938 0.06982131 0.00785245
v -0.02170565 0.07023697 0.00734220
v -0.02180586 0.07090738 0.00753721
v -0.02212153 0.07090604 0.00816797
v -0.02221641 0.07023481 0.00836280
v -0.01701162 0.06983906 0.00999752
v -0.01681330 0.07025450 0.00946312
v -0.01689187 0.07092499 0.00966753
v -0.01713874 0.07092392 0.01032826
v -0.01721275 0.07025278 0.01053220
v -0.01217314 0.06985325 0.01150902
v -0.01203174 0.07026852 0.01095669
v -0.01208802 0.07093908 0.01116809
v -0.01226420 0.07093824 0.01185107
v -0.01231681 0.07026717 0.01206178
v -0.00746306 0.06986391 0.01246071
v -0.00737768 0.07027902 0.01189688
v -0.00741196 0.07094964 0.01211276
v -0.00751853 0.07094899 0.01281001
v -0.00755011 0.07027797 0.01302505
v -0.00290049 0.06987101 0.01292632
v -0.00286801 0.07028602 0.01235691
v -0.00288143 0.07095668 0.01257496
v -0.00292222 0.07095616 0.01327912
v -0.00293399 0.07028517 0.01349627
v 0.00149546 0.06987455 0.01297958
v 0.00147991 0.07028951 0.01240943
v 0.00148552 0.07096019 0.01262774
v 0.00150454 0.07095974 0.01333283
v 0.00151068 0.07028878 0.01355028
v 0.00570567 0.06987455 0.01269425
v 0.00564813 0.07028949 0.01212677
v 0.00567052 0.07096018 0.01234399
v 0.00574188 0.07095975 0.01304572
v 0.00576361 0.07028880 0.01326219
v 0.00971102 0.06987101 0.01214405
v 0.00961824 0.07028595 0.01158127
v 0.00965487 0.07095664 0.01179656
v 0.00977028 0.07095619 0.01249240
v 0.00980499 0.07028524 0.01270716
v 0.01349238 0.06986391 0.01140272
v 0.01337154 0.07027889 0.01084532
v 0.01341974 0.07094956 0.01105837
v 0.01357037 0.07094907 0.01174744
v 0.01361526 0.07027810 0.01196026
v 0.01703060 0.06985326 0.01054400
v 0.01688932 0.07026830 0.00999147
v 0.01694628 0.07093894 0.01020241
v 0.01712277 0.07093839 0.01088532
v 0.01717489 0.07026739 0.01109643
v 0.02030654 0.06983906 0.00964163
v 0.02015320 0.07025414 0.00909235
v 0.02021588 0.07092477 0.00930174
v 0.02040796 0.07092415 0.00998043
v 0.02046399 0.07025315 0.01019049
v 0.02330101 0.06982131 0.00876936
v 0.02314560 0.07023641 0.00822067
v 0.02321042 0.07090702 0.00842945
v 0.02340589 0.07090639 0.00910716
v 0.02346188 0.07023539 0.00931724
v 0.02599547 0.06980002 0.00800075
v 0.02584207 0.07021509 0.00745149
v 0.02590692 0.07088570 0.00766025
v 0.02610040 0.07088509 0.00833854
v 0.02615513 0.07021410 0.00854898
v -0.02699746 0.06980000 0.00500000
v -0.02671807 0.07021578 0.00450343
v -0.02682830 0.07088614 0.00469310
v -0.02717581 0.07088467 0.00530690
v -0.02728036 0.07021340 0.00549657
v 0.02599547 0.06980002 0.00800075
v 0.02584207 0.07021509 0.00745149
v 0.02590692 0.07088570 0.00766025
v 0.02610040 0.07088509 0.00833854
v 0.02615513 0.07021410 0.00854898
v -0.02699746 0.06980000 0.00100000
v -0.02673312 0.07021572 0.00049521
v -0.02683760 0.07088610 0.00068802
v -0.02716651 0.07088471 0.00131198
v -0.02726531 0.07021347 0.00150479
v -0.02195938 0.06982131 0.00365582
v -0.02171942 0.07023691 0.00313891
v -0.02181437 0.07090734 0.00333645
v -0.02211301 0.07090608 0.00397545
v -0.02220264 0.07023487 0.00417283
v -0.01701163 0.06983906 0.00566708
v -0.01682362 0.07025446 0.00512893
v -0.01689824 0.07092497 0.00533476
v -0.01713235 0.07092395 0.00600011
v -0.01720243 0.07025283 0.00620550
v -0.01217315 0.06985325 0.00709939
v -0.01203785 0.07026849 0.00654551
v -0.01209179 0.07093906 0.00675748
v -0.01226043 0.07093827 0.00744236
v -0.01231071 0.07026720 0.00765367
v -0.00746307 0.06986391 0.00801830
v -0.00737931 0.07027900 0.00745422
v -0.00741296 0.07094963 0.00767018
v -0.00751752 0.07094900 0.00836773
v -0.00754849 0.07027799 0.00858288
v -0.00290049 0.06987101 0.00848937
v -0.00286541 0.07028601 0.00792012
v -0.00287983 0.07095667 0.00813809
v -0.00292382 0.07095616 0.00884206
v -0.00293659 0.07028519 0.00905916
v 0.00149546 0.06987455 0.00857814
v 0.00148606 0.07028950 0.00800784
v 0.00148932 0.07096019 0.00822620
v 0.00150073 0.07095975 0.00893145
v 0.00150453 0.07028879 0.00914896
v 0.00570567 0.06987455 0.00835014
v 0.00565693 0.07028949 0.00778184
v 0.00567595 0.07096018 0.00799938
v 0.00573644 0.07095975 0.00870212
v 0.00575482 0.07028881 0.00891891
v 0.00971102 0.06987101 0.00787094
v 0.00962866 0.07028595 0.00730654
v 0.00966131 0.07095663 0.00752247
v 0.00976384 0.07095619 0.00822032
v 0.00979457 0.07028524 0.00843568
v 0.01349238 0.06986391 0.00720606
v 0.01338252 0.07027889 0.00664639
v 0.01342653 0.07094955 0.00686034
v 0.01356358 0.07094907 0.00755224
v 0.01360428 0.07027810 0.00776591
v 0.01703059 0.06985326 0.00642107
v 0.01689976 0.07026829 0.00586596
v 0.01695275 0.07093894 0.00607794
v 0.01711632 0.07093839 0.00676405
v 0.01716444 0.07026740 0.00697612
v 0.02030652 0.06983906 0.00558150
v 0.02016188 0.07025414 0.00502987
v 0.02022126 0.07092477 0.00524022
v 0.02040260 0.07092415 0.00592186
v 0.02045529 0.07025315 0.00613278
v 0.02330099 0.06982131 0.00475292
v 0.02315096 0.07023642 0.00420275
v 0.02321376 0.07090703 0.00441217
v 0.02340259 0.07090638 0.00509176
v 0.02345651 0.07023537 0.00530236
v 0.02599545 0.06980002 0.00400069
v 0.02584516 0.07021513 0.00345059
v 0.02590885 0.07088573 0.00365976
v 0.02609851 0.07088507 0.00433913
v 0.02615203 0.07021406 0.00454983
v -0.02699746 0.06980000 0.00100000
v -0.02673312 0.07021572 0.00049521
v -0.02683760 0.07088610 0.00068802
v -0.02716651 0.07088471 0.00131198
v -0.02726531 0.07021347 0.00150479
v 0.02599545 0.06980002 0.00400069
v 0.02584516 0.07021513 0.00345059
v 0.02590885 0.07088573 0.00365976
v 0.02609851 0.07088507 0.00433913
v 0.02615203 0.07021406 0.00454983
v -0.02699746 0.06980000 -0.00300000
v -0.02674891 0.07021565 -0.00351280
v -0.02684736 0.07088606 -0.00331693
v -0.02715675 0.07088475 -0.00268307
v -0.02724952 0.07021353 -0.00248719
v -0.02195939 0.06982131 -0.00054081
v -0.02173373 0.07023685 -0.00106417
v -0.02182321 0.07090730 -0.00086417
v -0.02210417 0.07090612 -0.00021720
v -0.02218833 0.07023493 -0.00001735
v -0.01701164 0.06983906 0.00133664
v -0.01683416 0.07025442 0.00079489
v -0.01690474 0.07092494 0.00100208
v -0.01712584 0.07092398 0.00167187
v -0.01719191 0.07025287 0.00187864
v -0.01217316 0.06985325 0.00268975
v -0.01204400 0.07026846 0.00213438
v -0.01209558 0.07093904 0.00234690
v -0.01225662 0.07093828 0.00303361
v -0.01230456 0.07026723 0.00324551
v -0.00746307 0.06986391 0.00357590
v -0.00738094 0.07027898 0.00301156
v -0.00741396 0.07094961 0.00322759
v -0.00751651 0.07094901 0.00392544
v -0.00754686 0.07027801 0.00414070
v -0.00290049 0.06987101 0.00405243
v -0.00286282 0.07028600 0.00348333
v -0.00287823 0.07095666 0.00370122
v -0.00292542 0.07095617 0.00440498
v -0.00293918 0.07028519 0.00462204
v 0.00149547 0.06987455 0.00417669
v 0.00149222 0.07028950 0.00360632
v 0.00149312 0.07096019 0.00382469
v 0.00149692 0.07095975 0.00453003
v 0.00149837 0.07028879 0.00474757
v 0.00570568 0.06987455 0.00400604
v 0.00566577 0.07028948 0.00343705
v 0.00568140 0.07096017 0.00365484
v 0.00573098 0.07095976 0.00435844
v 0.00574598 0.07028881 0.00457549
v 0.00971103 0.06987101 0.00359783
v 0.00963917 0.07028595 0.00303199
v 0.00966780 0.07095663 0.00324848
v 0.00975735 0.07095620 0.00394812
v 0.00978406 0.07028525 0.00416402
v 0.01349237 0.06986391 0.00300941
v 0.01339363 0.07027888 0.00244767
v 0.01343340 0.07094955 0.00266244
v 0.01355671 0.07094908 0.00335692
v 0.01359316 0.07027811 0.00357136
v 0.01703059 0.06985326 0.00229814
v 0.01691035 0.07026828 0.00174064
v 0.01695930 0.07093893 0.00195358
v 0.01710978 0.07093839 0.00264268
v 0.01715384 0.07026741 0.00285563
v 0.02030651 0.06983906 0.00152137
v 0.02017068 0.07025414 0.00096751
v 0.02022671 0.07092477 0.00117878
v 0.02039717 0.07092415 0.00186321
v 0.02044649 0.07025315 0.00207495
v 0.02330097 0.06982131 0.00073648
v 0.02315637 0.07023644 0.00018487
v 0.02321712 0.07090704 0.00039491
v 0.02339927 0.07090636 0.00107633
v 0.02345109 0.07023535 0.00128743
v 0.02599543 0.06980002 0.00000063
v 0.02584826 0.07021516 -0.00055028
v 0.02591079 0.07088575 -0.00034072
v 0.02609660 0.07088505 0.00033970
v 0.02614892 0.07021403 0.00055067
v -0.02699746 0.06980000 -0.00300000
v -0.02674891 0.07021565 -0.00351280
v -0.02684736 0.07088606 -0.00331693
v -0.02715675 0.07088475 -0.00268307
v -0.02724952 0.07021353 -0.00248719
v 0.02599543 0.06980002 0.00000063
v 0.02584826 0.07021516 -0.00055028
v 0.02591079 0.07088575 -0.00034072
v 0.02609660 0.07088505 0.00033970
v 0.02614892 0.07021403 0.00055067
v -0.02699746 0.06980000 -0.00700000
v -0.02676545 0.07021558 -0.00752055
v -0.02685757 0.07088602 -0.00732172
v -0.02714653 0.07088479 -0.00667828
v -0.02723299 0.07021360 -0.00647945
v -0.02195939 0.06982131 -0.00473743
v -0.02174857 0.07023679 -0.00526699
v -0.02183237 0.07090726 -0.00506463
v -0.02209500 0.07090615 -0.00441000
v -0.02217350 0.07023499 -0.00420779
v -0.01701164 0.06983906 -0.00299380
v -0.01684489 0.07025437 -0.00353898
v -0.01691137 0.07092491 -0.00333050
v -0.01711920 0.07092401 -0.00265647
v -0.01718117 0.07025292 -0.00244838
v -0.01217316 0.06985325 -0.00171988
v -0.01205020 0.07026842 -0.00227668
v -0.01209941 0.07093902 -0.00206364
v -0.01225278 0.07093830 -0.00137517
v -0.01229837 0.07026727 -0.00116272
v -0.00746307 0.06986391 -0.00086651
v -0.00738256 0.07027896 -0.00143109
v -0.00741497 0.07094961 -0.00121499
v -0.00751550 0.07094903 -0.00051685
v -0.00754524 0.07027803 -0.00030147
v -0.00290049 0.06987101 -0.00038452
v -0.00286023 0.07028598 -0.00095345
v -0.00287663 0.07095665 -0.00073564
v -0.00292702 0.07095618 -0.00003210
v -0.00294177 0.07028521 0.00018490
v 0.00149547 0.06987455 -0.00022476
v 0.00149838 0.07028949 -0.00079513
v 0.00149692 0.07096018 -0.00057677
v 0.00149312 0.07095975 0.00012856
v 0.00149222 0.07028880 0.00034612
v 0.00570569 0.06987455 -0.00033807
v 0.00567463 0.07028948 -0.00090761
v 0.00568688 0.07096017 -0.00068961
v 0.00572550 0.07095976 0.00001468
v 0.00573712 0.07028881 0.00023194
v 0.00971103 0.06987101 -0.00067528
v 0.00964975 0.07028594 -0.00124236
v 0.00967433 0.07095663 -0.00102539
v 0.00975080 0.07095620 -0.00032420
v 0.00977348 0.07028525 -0.00010782
v 0.01349237 0.06986391 -0.00118724
v 0.01340486 0.07027888 -0.00175085
v 0.01344034 0.07094955 -0.00153534
v 0.01354977 0.07094908 -0.00083853
v 0.01358193 0.07027812 -0.00062340
v 0.01703058 0.06985326 -0.00182479
v 0.01692108 0.07026828 -0.00238450
v 0.01696593 0.07093893 -0.00217067
v 0.01710316 0.07093839 -0.00147881
v 0.01714311 0.07026741 -0.00126504
v 0.02030649 0.06983906 -0.00253875
v 0.02017958 0.07025415 -0.00309473
v 0.02023223 0.07092477 -0.00288259
v 0.02039168 0.07092415 -0.00219551
v 0.02043758 0.07025315 -0.00198301
v 0.02330095 0.06982131 -0.00327997
v 0.02316181 0.07023646 -0.00383296
v 0.02322050 0.07090705 -0.00362231
v 0.02339591 0.07090636 -0.00293913
v 0.02344563 0.07023533 -0.00272755
v 0.02599541 0.06980002 -0.00399943
v 0.02585138 0.07021520 -0.00455114
v 0.02591273 0.07088577 -0.00434120
v 0.02609469 0.07088502 -0.00365973
v 0.02614579 0.07021400 -0.00344850
v -0.02699746 0.06980000 -0.00700000
v -0.02676545 0.07021558 -0.00752055
v -0.02685757 0.07088602 -0.00732172
v -0.02714653 0.07088479 -0.00667828
v -0.02723299 0.07021360 -0.00647945
v 0.02599541 0.06980002 -0.00399943
v 0.02585138 0.07021520 -0.00455114
v 0.02591273 0.07088577 -0.00434120
v 0.02609469 0.07088502 -0.00365973
v 0.02614579 0.07021400 -0.00344850
v -0.08700000 -0.04800000 0.03400000
v -0.08817557 -0.04838197 0.03400000
v -0.08890212 -0.04938197 0.03400000
v -0.08890212 -0.05061803 0.03400000
v -0.08817557 -0.05161803 0.03400000
v -0.08700000 -0.05200000 0.03400000
v -0.08582443 -0.05161803 0.03400000
v -0.08509789 -0.05061803 0.03400000
v -0.08509789 -0.04938197 0.03400000
v -0.08582443 -0.04838197 0.03400000
v -0.08700000 -0.04800000 0.03500000
v -0.08817557 -0.04838197 0.03500000
v -0.08890212 -0.04938197 0.03500000
v -0.08890212 -0.05061803 0.03500000
v -0.08817557 -0.05161803 0.03500000
v -0.08700000 -0.05200000 0.03500000
v -0.08582443 -0.05161803 0.03500000
v -0.08509789 -0.05061803 0.03500000
v -0.08509789 -0.04938197 0.03500000
v -0.08582443 -0.04838197 0.03500000
v -0.08700000 0.05200000 0.03400000
v -0.08817557 0.05161803 0.03400000
v -0.08890212 0.05061803 0.03400000
v -0.08890212 0.04938197 0.03400000
v -0.08817557 0.04838197 0.03400000
v -0.08700000 0.04800000 0.03400000
v -0.08582443 0.04838197 0.03400000
v -0.08509789 0.04938197 0.03400000
v -0.08509789 0.05061803 0.03400000
v -0.08582443 0.05161803 0.03400000
v -0.08700000 0.05200000 0.03500000
v -0.08817557 0.05161803 0.03500000
v -0.08890212 0.05061803 0.03500000
v -0.08890212 0.04938197 0.03500000
v -0.08817557 0.04838197 0.03500000
v -0.08700000 0.04800000 0.03500000
v -0.08582443 0.04838197 0.03500000
v -0.08509789 0.04938197 0.03500000
v -0.08509789 0.05061803 0.03500000
v -0.08582443 0.05161803 0.03500000
v 0.09100000 -0.04800000 0.03400000
v 0.08982443 -0.04838197 0.03400000
v 0.08909789 -0.04938197 0.03400000
v 0.08909789 -0.05061803 0.03400000
v 0.08982443 -0.05161803 0.03400000
v 0.09100000 -0.05200000 0.03400000
v 0.09217557 -0.05161803 0.03400000
v 0.09290212 -0.05061803 0.03400000
v 0.09290212 -0.04938197 0.03400000
v 0.09217557 -0.04838197 0.03400000
v 0.09100000 -0.04800000 0.03500000
v 0.08982443 -0.04838197 0.03500000
v 0.08909789 -0.04938197 0.03500000
v 0.08909789 -0.05061803 0.03500000
v 0.08982443 -0.05161803 0.03500000
v 0.09100000 -0.05200000 0.03500000
v 0.09217557 -0.05161803 0.03500000
v 0.09290212 -0.05061803 0.03500000
v 0.09290212 -0.04938197 0.03500000
v 0.09217557 -0.04838197 0.03500000
v 0.09100000 0.05200000 0.03400000
v 0.08982443 0.05161803 0.03400000
v 0.08909789 0.05061803 0.03400000
v 0.08909789 0.04938197 0.03400000
v 0.08982443 0.04838197 0.03400000
v 0.09100000 0.04800000 0.03400000
v 0.09217557 0.04838197 0.03400000
v 0.09290212 0.04938197 0.03400000
v 0.09290212 0.05061803 0.03400000
v 0.09217557 0.05161803 0.03400000
v 0.09100000 0.05200000 0.03500000
v 0.08982443 0.05161803 0.03500000
v 0.08909789 0.05061803 0.03500000
v 0.08909789 0.04938197 0.03500000
v 0.08982443 0.04838197 0.03500000
v 0.09100000 0.04800000 0.03500000
v 0.09217557 0.04838197 0.03500000
v 0.09290212 0.04938197 0.03500000
v 0.09290212 0.05061803 0.03500000
v 0.09217557 0.05161803 0.03500000
v -0.08400000 0.05850000 0.07400000
v -0.08546946 0.05802254 0.07400000
v -0.08637764 0.05677254 0.07400000
v -0.08637764 0.05522746 0.07400000
v -0.08546946 0.05397746 0.07400000
v -0.08400000 0.05350000 0.07400000
v -0.08253054 0.05397746 0.07400000
v -0.08162236 0.05522746 0.07400000
v -0.08162236 0.05677254 0.07400000
v -0.08253054 0.05802254 0.07400000
v -0.08400000 0.05850000 0.07700000
v -0.08546946 0.05802254 0.07700000
v -0.08637764 0.05677254 0.07700000
v -0.08637764 0.05522746 0.07700000
v -0.08546946 0.05397746 0.07700000
v -0.08400000 0.05350000 0.07700000
v -0.08253054 0.05397746 0.07700000
v -0.08162236 0.05522746 0.07700000
v -0.08162236 0.05677254 0.07700000
v -0.08253054 0.05802254 0.07700000
v -0.06900000 -0.05650000 0.07400000
v -0.07046946 -0.05697746 0.07400000
v -0.07137764 -0.05822746 0.07400000
v -0.07137764 -0.05977254 0.07400000
v -0.07046946 -0.06102254 0.07400000
v -0.06900000 -0.06150000 0.07400000
v -0.06753054 -0.06102254 0.07400000
v -0.06662236 -0.05977254 0.07400000
v -0.06662236 -0.05822746 0.07400000
v -0.06753054 -0.05697746 0.07400000
v -0.06900000 -0.05650000 0.07700000
v -0.07046946 -0.05697746 0.07700000
v -0.07137764 -0.05822746 0.07700000
v -0.07137764 -0.05977254 0.07700000
v -0.07046946 -0.06102254 0.07700000
v -0.06900000 -0.06150000 0.07700000
v -0.06753054 -0.06102254 0.07700000
v -0.06662236 -0.05977254 0.07700000
v -0.06662236 -0.05822746 0.07700000
v -0.06753054 -0.05697746 0.07700000
v 0.01100000 0.05750000 0.07400000
v 0.00953054 0.05702254 0.07400000
v 0.00862236 0.05577254 0.07400000
v 0.00862236 0.05422746 0.07400000
v 0.00953054 0.05297746 0.07400000
v 0.01100000 0.05250000 0.07400000
v 0.01246946 0.05297746 0.07400000
v 0.01337764 0.05422746 0.07400000
v 0.01337764 0.05577254 0.07400000
v 0.01246946 0.05702254 0.07400000
v 0.01100000 0.05750000 0.07700000
v 0.00953054 0.05702254 0.07700000
v 0.00862236 0.05577254 0.07700000
v 0.00862236 0.05422746 0.07700000
v 0.00953054 0.05297746 0.07700000
v 0.01100000 0.05250000 0.07700000
v 0.01246946 0.05297746 0.07700000
v 0.01337764 0.05422746 0.07700000
v 0.01337764 0.05577254 0.07700000
v 0.01246946 0.05702254 0.07700000
v 0.01400000 -0.05350000 0.07400000
v 0.01253054 -0.05397746 0.07400000
v 0.01162236 -0.05522746 0.07400000
v 0.01162236 -0.05677254 0.07400000
v 0.01253054 -0.05802254 0.07400000
v 0.01400000 -0.05850000 0.07400000
v 0.01546946 -0.05802254 0.07400000
v 0.01637764 -0.05677254 0.07400000
v 0.01637764 -0.05522746 0.07400000
v 0.01546946 -0.05397746 0.07400000
v 0.01400000 -0.05350000 0.07700000
v 0.01253054 -0.05397746 0.07700000
v 0.01162236 -0.05522746 0.07700000
v 0.01162236 -0.05677254 0.07700000
v 0.01253054 -0.05802254 0.07700000
v 0.01400000 -0.05850000 0.07700000
v 0.01546946 -0.05802254 0.07700000
v 0.01637764 -0.05677254 0.07700000
v 0.01637764 -0.05522746 0.07700000
v 0.01546946 -0.05397746 0.07700000
v 0.01600000 0.00750000 0.07400000
v 0.01453054 0.00702254 0.07400000
v 0.01362236 0.00577254 0.07400000
v 0.01362236 0.00422746 0.07400000
v 0.01453054 0.00297746 0.07400000
v 0.01600000 0.00250000 0.07400000
v 0.01746946 0.00297746 0.07400000
v 0.01837764 0.00422746 0.07400000
v 0.01837764 0.00577254 0.07400000
v 0.01746946 0.00702254 0.07400000
v 0.01600000 0.00750000 0.07700000
v 0.01453054 0.00702254 0.07700000
v 0.01362236 0.00577254 0.07700000
v 0.01362236 0.00422746 0.07700000
v 0.01453054 0.00297746 0.07700000
v 0.01600000 0.00250000 0.07700000
v 0.01746946 0.00297746 0.07700000
v 0.01837764 0.00422746 0.07700000
v 0.01837764 0.00577254 0.07700000
v 0.01746946 0.00702254 0.07700000
v -0.02350000 -0.00250000 0.04600000
v -0.02250000 -0.00250000 0.04600000
v -0.02250000 0.02250000 0.04600000
v -0.02350000 0.02250000 0.04600000
v -0.02350000 -0.00250000 0.05000000
v -0.02250000 -0.00250000 0.05000000
v -0.02250000 0.02250000 0.05000000
v -0.02350000 0.02250000 0.05000000
v -0.01750000 -0.00250000 0.04600000
v -0.01650000 -0.00250000 0.04600000
v -0.01650000 0.02250000 0.04600000
v -0.01750000 0.02250000 0.04600000
v -0.01750000 -0.00250000 0.05000000
v -0.01650000 -0.00250000 0.05000000
v -0.01650000 0.02250000 0.05000000
v -0.01750000 0.02250000 0.05000000
v -0.01150000 -0.00250000 0.04600000
v -0.01050000 -0.00250000 0.04600000
v -0.01050000 0.02250000 0.04600000
v -0.01150000 0.02250000 0.04600000
v -0.01150000 -0.00250000 0.05000000
v -0.01050000 -0.00250000 0.05000000
v -0.01050000 0.02250000 0.05000000
v -0.01150000 0.02250000 0.05000000
v -0.00550000 -0.00250000 0.04600000
v -0.00450000 -0.00250000 0.04600000
v -0.00450000 0.02250000 0.04600000
v -0.00550000 0.02250000 0.04600000
v -0.00550000 -0.00250000 0.05000000
v -0.00450000 -0.00250000 0.05000000
v -0.00450000 0.02250000 0.05000000
v -0.00550000 0.02250000 0.05000000
vn 0.06363145 -0.97064990 -0.23192611
vn 0.00534771 -0.08154713 -0.99665517
vn -0.06047860 0.92293632 -0.38017222
vn -0.04216569 0.64343286 0.76434040
vn 0.03451347 -0.52648115 0.84948599
vn 0.13053861 -0.99144328 0.00000164
vn 0.02605823 -0.31443712 -0.94892061
vn -0.11432421 0.79845297 -0.59110314
vn -0.09620949 0.80085331 0.59108180
vn 0.05622092 -0.31047308 0.94891810
vn 0.25881925 -0.96592581 0.00000242
vn 0.06688032 -0.30837569 -0.94891071
vn -0.21757245 0.77669835 -0.59110230
vn -0.19992687 0.78142518 0.59110385
vn 0.09626891 -0.30050564 0.94890922
vn 0.38268301 -0.92387974 -0.00000068
vn 0.10655929 -0.29700860 -0.94891042
vn -0.31708854 0.74165368 -0.59110463
vn -0.30021191 0.74864435 0.59110433
vn 0.13466887 -0.28536803 0.94890964
vn 0.49999991 -0.86602545 -0.00000021
vn 0.14441535 -0.28055936 -0.94891024
vn -0.41118163 0.69392139 -0.59110308
vn -0.39536142 0.70305616 0.59110188
vn 0.17076525 -0.26534918 0.94890940
vn 0.60876185 -0.79335308 0.00000045
vn 0.17980012 -0.25930920 -0.94891024
vn -0.49824086 0.63431460 -0.59110159
vn -0.48374736 0.64543551 0.59110183
vn 0.20393981 -0.24078986 0.94890922
vn 0.70710671 -0.70710677 -0.00000002
vn 0.21210819 -0.23362130 -0.94891053
vn -0.57677257 0.56385374 -0.59110266
vn -0.56385463 0.57677013 0.59110409
vn 0.23362373 -0.21211080 0.94890928
vn 0.79335290 -0.60876209 0.00000026
vn 0.24078627 -0.20393687 -0.94891077
vn -0.64543360 0.48374587 -0.59110516
vn -0.63431281 0.49823818 0.59110588
vn 0.25931045 -0.17980146 0.94890964
vn 0.86602545 -0.50000006 0.00000053
vn 0.26534590 -0.17076313 -0.94891065
vn -0.70305294 0.39536148 -0.59110570
vn -0.69391900 0.41118181 0.59110570
vn 0.28056097 -0.14441627 0.94890964
vn 0.92387956 -0.38268334 0.00000015
vn 0.28536564 -0.13466786 -0.94891042
vn -0.74864322 0.30021223 -0.59110570
vn -0.74165320 0.31708971 0.59110451
vn 0.29701084 -0.10656010 0.94890964
vn 0.96592593 -0.25881851 -0.00000108
vn 0.30050203 -0.09626808 -0.94891047
vn -0.78142577 0.19992544 -0.59110379
vn -0.77669752 0.21757132 0.59110385
vn 0.30837920 -0.06688065 0.94890946
vn 0.99144244 -0.13054465 0.00000132
vn 0.31045476 -0.05621916 -0.94892424
vn -0.80086029 0.09620423 -0.59107322
vn -0.79845119 0.11431920 0.59110653
vn 0.31442329 -0.02605965 0.94892514
vn 0.97462505 -0.00166173 -0.22383760
vn 0.08837427 -0.00089554 -0.99608696
vn -0.92013586 0.00106443 -0.39159775
vn -0.65657288 0.00150942 0.75426102
vn 0.51434892 -0.00013601 0.85758102
vn 0.97462511 0.00166172 0.22383718
vn 0.51434588 0.00013600 -0.85758281
vn -0.65657288 -0.00150942 -0.75426108
vn -0.92013586 -0.00106443 0.39159769
vn 0.08837646 0.00089555 0.99608678
vn 0.99144250 0.13054453 -0.00000133
vn 0.31442031 0.02605932 -0.94892609
vn -0.79845113 -0.11431920 -0.59110653
vn -0.80086029 -0.09620423 0.59107322
vn 0.31045771 0.05621960 0.94892329
vn 0.96592599 0.25881848 0.00000107
vn 0.30837631 0.06687994 -0.94891053
vn -0.77669752 -0.21757129 -0.59110385
vn -0.78142565 -0.19992542 0.59110379
vn 0.30050486 0.09626890 0.94890940
vn 0.92387968 0.38268322 -0.00000014
vn 0.29700807 0.10655900 -0.94891059
vn -0.74165320 -0.31708971 -0.59110451
vn -0.74864322 -0.30021223 0.59110570
vn 0.28536835 0.13466904 0.94890946
vn 0.86602545 0.50000000 -0.00000055
vn 0.28055838 0.14441484 -0.94891059
vn -0.69391900 -0.41118184 -0.59110576
vn -0.70305288 -0.39536148 0.59110570
vn 0.26534843 0.17076467 0.94890970
vn 0.79335296 0.60876191 -0.00000032
vn 0.25930804 0.17979971 -0.94891071
vn -0.63431275 -0.49823818 -0.59110588
vn -0.64543360 -0.48374587 0.59110516
vn 0.24078859 0.20393871 0.94890982
vn 0.70710677 0.70710671 -0.00000002
vn 0.23362161 0.21210875 -0.94891036
vn -0.56385463 -0.57677013 -0.59110415
vn -0.57677257 -0.56385380 0.59110272
vn 0.21211028 0.23362343 0.94890958
vn 0.60876197 0.79335296 -0.00000046
vn 0.20393799 0.24078758 -0.94891030
vn -0.48374736 -0.64543551 -0.59110183
vn -0.49824086 -0.63431460 0.59110159
vn 0.17980188 0.25931159 0.94890928
vn 0.49999994 0.86602545 0.00000022
vn 0.17076372 0.26534671 -0.94891042
vn -0.39536139 -0.70305616 -0.59110188
vn -0.41118157 -0.69392133 0.59110302
vn 0.14441676 0.28056186 0.94890928
vn 0.38268313 0.92387962 0.00000068
vn 0.13466769 0.28536531 -0.94891059
vn -0.30021191 -0.74864435 -0.59110433
vn -0.31708854 -0.74165368 0.59110469
vn 0.10656039 0.29701141 0.94890946
vn 0.25881937 0.96592575 -0.00000245
vn 0.09626810 0.30050281 -0.94891018
vn -0.19992690 -0.78142530 -0.59110385
vn -0.21757248 -0.77669835 0.59110224
vn 0.06688103 0.30837858 0.94890964
vn 0.13053873 0.99144316 -0.00000168
vn 0.05622048 0.31047019 -0.94891918
vn -0.09620950 -0.80085331 -0.59108186
vn -0.11432421 -0.79845291 0.59110314
vn 0.02605856 0.31444004 0.94891965
vn 0.00104775 0.97363520 -0.22810841
vn 0.00056461 0.08397903 -0.99646735
vn -0.00067090 -0.92181528 -0.38762909
vn -0.00095128 -0.65338969 0.75702113
vn 0.00008574 0.51799244 0.85538524
vn -0.00104775 0.97363526 0.22810788
vn -0.00008574 0.51798940 -0.85538697
vn 0.00095128 -0.65338975 -0.75702119
vn 0.00067090 -0.92181528 0.38762909
vn -0.00056461 0.08398116 0.99646723
vn -0.13053861 0.99144328 0.00000164
vn -0.02605823 0.31443712 -0.94892061
vn 0.11432421 -0.79845297 -0.59110314
vn 0.09620949 -0.80085331 0.59108180
vn -0.05622092 0.31047308 0.94891810
vn -0.25881925 0.96592581 0.00000242
vn -0.06688032 0.30837569 -0.94891071
vn 0.21757245 -0.77669835 -0.59110230
vn 0.19992687 -0.78142518 0.59110385
vn -0.09626891 0.30050564 0.94890922
vn -0.38268301 0.92387974 -0.00000068
vn -0.10655929 0.29700860 -0.94891042
vn 0.31708854 -0.74165368 -0.59110463
vn 0.30021191 -0.74864435 0.59110433
vn -0.13466887 0.28536803 0.94890964
vn -0.49999991 0.86602545 -0.00000021
vn -0.14441535 0.28055936 -0.94891024
vn 0.41118163 -0.69392139 -0.59110308
vn 0.39536142 -0.70305616 0.59110188
vn -0.17076525 0.26534918 0.94890940
vn -0.60876185 0.79335308 0.00000045
vn -0.17980012 0.25930920 -0.94891024
vn 0.49824086 -0.63431460 -0.59110159
vn 0.48374736 -0.64543551 0.59110183
vn -0.20393981 0.24078986 0.94890922
vn -0.70710671 0.70710677 -0.00000002
vn -0.21210819 0.23362130 -0.94891053
vn 0.57677257 -0.56385374 -0.59110266
vn 0.56385463 -0.57677013 0.59110409
vn -0.23362373 0.21211080 0.94890928
vn -0.79335290 0.60876209 0.00000026
vn -0.24078627 0.20393687 -0.94891077
vn 0.64543360 -0.48374587 -0.59110516
vn 0.63431281 -0.49823818 0.59110588
vn -0.25931045 0.17980146 0.94890964
vn -0.86602545 0.50000006 0.00000053
vn -0.26534590 0.17076313 -0.94891065
vn 0.70305294 -0.39536148 -0.59110570
vn 0.69391900 -0.41118181 0.59110570
vn -0.28056097 0.14441627 0.94890964
vn -0.92387956 0.38268334 0.00000015
vn -0.28536564 0.13466786 -0.94891042
vn 0.74864322 -0.30021223 -0.59110570
vn 0.74165320 -0.31708971 0.59110451
vn -0.29701084 0.10656010 0.94890964
vn -0.96592593 0.25881851 -0.00000108
vn -0.30050203 0.09626808 -0.94891047
vn 0.78142577 -0.19992544 -0.59110379
vn 0.77669752 -0.21757132 0.59110385
vn -0.30837920 0.06688065 0.94890946
vn -0.99144244 0.13054465 0.00000132
vn -0.31045476 0.05621916 -0.94892424
vn 0.80086029 -0.09620423 -0.59107322
vn 0.79845119 -0.11431920 0.59110653
vn -0.31442329 0.02605965 0.94892514
vn -0.97462505 0.00166173 -0.22383760
vn -0.08837427 0.00089554 -0.99608696
vn 0.92013586 -0.00106443 -0.39159775
vn 0.65657288 -0.00150942 0.75426102
vn -0.51434892 0.00013601 0.85758102
vn -0.97462511 -0.00166172 0.22383718
vn -0.51434588 -0.00013600 -0.85758281
vn 0.65657288 0.00150942 -0.75426108
vn 0.92013586 0.00106443 0.39159769
vn -0.08837646 -0.00089555 0.99608678
vn -0.99144250 -0.13054453 -0.00000133
vn -0.31442031 -0.02605932 -0.94892609
vn 0.79845113 0.11431920 -0.59110653
vn 0.80086029 0.09620423 0.59107322
vn -0.31045771 -0.05621960 0.94892329
vn -0.96592599 -0.25881848 0.00000107
vn -0.30837631 -0.06687994 -0.94891053
vn 0.77669752 0.21757129 -0.59110385
vn 0.78142565 0.19992542 0.59110379
vn -0.30050486 -0.09626890 0.94890940
vn -0.92387968 -0.38268322 -0.00000014
vn -0.29700807 -0.10655900 -0.94891059
vn 0.74165320 0.31708971 -0.59110451
vn 0.74864322 0.30021223 0.59110570
vn -0.28536835 -0.13466904 0.94890946
vn -0.86602545 -0.50000000 -0.00000055
vn -0.28055838 -0.14441484 -0.94891059
vn 0.69391900 0.41118184 -0.59110576
vn 0.70305288 0.39536148 0.59110570
vn -0.26534843 -0.17076467 0.94890970
vn -0.79335296 -0.60876191 -0.00000032
vn -0.25930804 -0.17979971 -0.94891071
vn 0.63431275 0.49823818 -0.59110588
vn 0.64543360 0.48374587 0.59110516
vn -0.24078859 -0.20393871 0.94890982
vn -0.70710677 -0.70710671 -0.00000002
vn -0.23362161 -0.21210875 -0.94891036
vn 0.56385463 0.57677013 -0.59110415
vn 0.57677257 0.56385380 0.59110272
vn -0.21211028 -0.23362343 0.94890958
vn -0.60876197 -0.79335296 -0.00000046
vn -0.20393799 -0.24078758 -0.94891030
vn 0.48374736 0.64543551 -0.59110183
vn 0.49824086 0.63431460 0.59110159
vn -0.17980188 -0.25931159 0.94890928
vn -0.49999994 -0.86602545 0.00000022
vn -0.17076372 -0.26534671 -0.94891042
vn 0.39536139 0.70305616 -0.59110188
vn 0.41118157 0.69392133 0.59110302
vn -0.14441676 -0.28056186 0.94890928
vn -0.38268313 -0.92387962 0.00000068
vn -0.13466769 -0.28536531 -0.94891059
vn 0.30021191 0.74864435 -0.59110433
vn 0.31708854 0.74165368 0.59110469
vn -0.10656039 -0.29701141 0.94890946
vn -0.25881937 -0.96592575 -0.00000245
vn -0.09626810 -0.30050281 -0.94891018
vn 0.19992690 0.78142530 -0.59110385
vn 0.21757248 0.77669835 0.59110224
vn -0.06688103 -0.30837858 0.94890964
vn -0.13053873 -0.99144316 -0.00000168
vn -0.05622048 -0.31047019 -0.94891918
vn 0.09620950 0.80085331 -0.59108186
vn 0.11432421 0.79845291 0.59110314
vn -0.02605856 -0.31444004 0.94891965
vn -0.00104775 -0.97363520 -0.22810841
vn -0.00056461 -0.08397903 -0.99646735
vn 0.00067090 0.92181528 -0.38762909
vn 0.00095128 0.65338969 0.75702113
vn -0.00008574 -0.51799244 0.85538524
vn 0.00000000 -0.97190392 0.23537815
vn 0.00000000 -0.52418816 -0.85160244
vn 0.00000000 0.64793539 -0.76169527
vn 0.00000000 0.92463809 0.38084713
vn 0.00000000 -0.07648062 0.99707109
vn 0.11156050 -0.97254264 -0.20424260
vn 0.49101692 -0.07842300 -0.86761290
vn 0.19123404 0.92412144 -0.33080077
vn -0.37260154 0.64919418 0.66311008
vn -0.42199981 -0.52145606 0.74161965
vn -0.02014306 -0.99978971 0.00384374
vn 0.41955748 -0.32000330 -0.84945250
vn 0.27811608 0.80360109 -0.52619088
vn -0.24782006 0.81414700 0.52511883
vn -0.43140259 -0.29862875 0.85130066
vn -0.01905797 -0.99980325 0.00549269
vn 0.32710603 -0.31842712 -0.88972235
vn 0.21958657 0.80493587 -0.55123496
vn -0.19162928 0.81286478 0.55002636
vn -0.33846679 -0.29971063 0.89197183
vn -0.01720616 -0.99983120 0.00644754
vn 0.23230487 -0.31714311 -0.91948605
vn 0.15954532 0.80579948 -0.57029164
vn -0.13384758 0.81204575 0.56803751
vn -0.24265712 -0.30097213 0.92224360
vn -0.01499885 -0.99986118 0.00725497
vn 0.13905457 -0.31608623 -0.93848455
vn 0.10016228 0.80645359 -0.58275217
vn -0.07721115 0.81143892 0.57931465
vn -0.14818870 -0.30200258 0.94171894
vn -0.01252500 -0.99989027 0.00790516
vn 0.05104811 -0.31536612 -0.94759607
vn 0.04374029 0.80683744 -0.58915210
vn -0.02400117 0.81109804 0.58441764
vn -0.05878714 -0.30270267 0.95127028
vn -0.00986235 -0.99991596 0.00842258
vn -0.02881393 -0.31504813 -0.94863826
vn -0.00790393 0.80691868 -0.59060961
vn 0.02399964 0.81104928 0.58448529
vn 0.02261483 -0.30300680 0.95272005
vn -0.00705955 -0.99993598 0.00884518
vn -0.09857970 -0.31515703 -0.94390577
vn -0.05355062 0.80669504 -0.58853680
vn 0.06559118 0.81129730 0.58094281
vn 0.09404297 -0.30288860 0.94837463
vn -0.00411622 -0.99994892 0.00923471
vn -0.15708600 -0.31569120 -0.93576866
vn -0.09248979 0.80616921 -0.58441144
vn 0.10004769 0.81183708 0.57524872
vn 0.15433235 -0.30234361 0.94062209
vn -0.00099374 -0.99995315 0.00962418
vn -0.20361061 -0.31664467 -0.92643344
vn -0.12431886 0.80534071 -0.57963020
vn 0.12689710 0.81266391 0.56874818
vn 0.20278522 -0.30137610 0.93169236
vn 0.00239984 -0.99994665 0.01004410
vn -0.23742285 -0.31801167 -0.91787750
vn -0.14868000 0.80418873 -0.57547784
vn 0.14562532 0.81380004 0.56260353
vn 0.23872831 -0.29997656 0.92359233
vn 0.00622261 -0.99992537 0.01051113
vn -0.25722235 -0.31979573 -0.91190314
vn -0.16494554 0.80265832 -0.57317770
vn 0.15531771 0.81529754 0.55782282
vn 0.26096895 -0.29812348 0.91815990
vn 0.01083690 -0.99987680 0.01135542
vn -0.26032722 -0.32218364 -0.91017985
vn -0.17171034 0.80078757 -0.57380736
vn 0.15421148 0.81704396 0.55556995
vn 0.26701805 -0.29578269 0.91717720
vn 0.07187109 -0.97169852 0.22502571
vn -0.22965382 -0.52486032 -0.81962228
vn -0.21384075 0.64719945 -0.73171371
vn 0.09746116 0.92498505 0.36729282
vn 0.27408051 -0.07560873 0.95872992
vn -0.87019908 0.00367931 -0.49268654
vn -0.87019849 0.00367940 -0.49268746
vn -0.87019867 0.00367952 -0.49268717
vn -0.87019926 0.00367928 -0.49268615
vn -0.87020004 0.00367878 -0.49268484
vn 0.96161240 0.00759946 -0.27430606
vn 0.96161222 0.00759922 -0.27430660
vn 0.96161240 0.00759940 -0.27430609
vn 0.96161240 0.00759955 -0.27430585
vn 0.96161240 0.00759961 -0.27430600
vn 0.10538063 -0.97251064 -0.20764880
vn 0.46471903 -0.07830607 -0.88198882
vn 0.18121506 0.92415792 -0.33629349
vn -0.35250950 0.64913046 0.67406732
vn -0.39951763 -0.52162111 0.75385481
vn -0.01886855 -0.99981481 0.00378289
vn 0.39697734 -0.31904727 -0.86059153
vn 0.26302764 0.80410922 -0.53312743
vn -0.23455419 0.81366217 0.53191930
vn -0.40809944 -0.29953390 0.86240029
vn -0.01776027 -0.99982798 0.00533397
vn 0.31028628 -0.31770071 -0.89598477
vn 0.20808358 0.80527020 -0.55519468
vn -0.18189590 0.81255901 0.55377048
vn -0.32089847 -0.30041724 0.89820582
vn -0.01600615 -0.99985254 0.00622854
vn 0.22249016 -0.31665462 -0.92207813
vn 0.15242568 0.80596650 -0.57200027
vn -0.12842129 0.81190079 0.56949556
vn -0.23213480 -0.30144894 0.92479295
vn -0.01396820 -0.99987787 0.00700790
vn 0.13665758 -0.31582743 -0.93892360
vn 0.09773070 0.80647433 -0.58313620
vn -0.07631665 0.81143308 0.57944131
vn -0.14516403 -0.30225846 0.94210792
vn -0.01171011 -0.99990201 0.00767182
vn 0.05562771 -0.31529742 -0.94736111
vn 0.04576979 0.80674976 -0.58911800
vn -0.02733465 0.81119257 0.58413988
vn -0.06284979 -0.30277631 0.95098710
vn -0.00928556 -0.99992293 0.00823588
vn -0.01837221 -0.31511089 -0.94887710
vn -0.00206718 0.80677330 -0.59085763
vn 0.01715220 0.81119704 0.58452129
vn 0.01255835 -0.30295464 0.95292228
vn -0.00672161 -0.99993926 0.00873565
vn -0.08379821 -0.31528908 -0.94528860
vn -0.04482095 0.80653465 -0.58948523
vn 0.05619120 0.81145173 0.58171189
vn 0.07950461 -0.30276939 0.94974196
vn -0.00401524 -0.99994951 0.00920843
vn -0.13967176 -0.31583792 -0.93847656
vn -0.08190086 0.80603701 -0.58617109
vn 0.08916856 0.81195813 0.57686472
vn 0.13701369 -0.30221385 0.94334197
vn -0.00112486 -0.99995232 0.00969741
vn -0.18533295 -0.31675899 -0.93022335
vn -0.11294220 0.80527365 -0.58204675
vn 0.11564757 0.81272238 0.57105869
vn 0.18444993 -0.30128139 0.93552536
vn 0.00203074 -0.99994552 0.01023218
vn -0.22011767 -0.31806514 -0.92216200
vn -0.13762179 0.80421603 -0.57818407
vn 0.13516329 0.81376392 0.56526017
vn 0.22120063 -0.29995567 0.92795300
vn 0.00558345 -0.99992579 0.01082526
vn -0.24294730 -0.31977475 -0.91581696
vn -0.15542483 0.80281109 -0.57561928
vn 0.14695024 0.81513309 0.56032467
vn 0.24627863 -0.29819834 0.92218471
vn 0.00982812 -0.99988306 0.01171384
vn -0.25171435 -0.32202306 -0.91265601
vn -0.16527982 0.80104947 -0.57532811
vn 0.14959334 0.81680262 0.55718505
vn 0.25774682 -0.29593745 0.91977578
vn 0.07066450 -0.97165227 0.22560675
vn -0.22499985 -0.52502149 -0.82080907
vn -0.20972815 0.64718974 -0.73291171
vn 0.09540364 0.92494881 0.36792377
vn 0.26867843 -0.07559767 0.96025878
vn -0.88460898 0.00374116 -0.46631870
vn -0.88460875 0.00374125 -0.46631894
vn -0.88460875 0.00374125 -0.46631894
vn -0.88460892 0.00374112 -0.46631858
vn -0.88460928 0.00374091 -0.46631801
vn 0.96314186 0.00761230 -0.26888615
vn 0.96314180 0.00761164 -0.26888639
vn 0.96314210 0.00761196 -0.26888546
vn 0.96314186 0.00761256 -0.26888606
vn 0.96314138 0.00761321 -0.26888803
vn 0.09889541 -0.97247601 -0.21097414
vn 0.43711975 -0.07818642 -0.89599842
vn 0.17070518 0.92419070 -0.34165958
vn -0.33142352 0.64906675 0.68474138
vn -0.37592641 -0.52179450 0.76577413
vn -0.01755112 -0.99983907 0.00370526
vn 0.37351769 -0.31811118 -0.87137234
vn 0.24735624 0.80459541 -0.53985280
vn -0.22076726 0.81320018 0.53848606
vn -0.38389295 -0.30041727 0.87314123
vn -0.01644308 -0.99985147 0.00515695
vn 0.29311797 -0.31699997 -0.90199387
vn 0.19634320 0.80558139 -0.55900633
vn -0.17196010 0.81227559 0.55734926
vn -0.30296719 -0.30109999 0.90418452
vn -0.01480159 -0.99987239 0.00600070
vn 0.21259475 -0.31618243 -0.92457134
vn 0.14524515 0.80611980 -0.57365036
vn -0.12295094 0.81176841 0.57088977
vn -0.22152634 -0.30190977 0.92724133
vn -0.01293742 -0.99989349 0.00675734
vn 0.13425773 -0.31557190 -0.93935579
vn 0.09529522 0.80648905 -0.58351880
vn -0.07542145 0.81142730 0.57956654
vn -0.14213648 -0.30251062 0.94248843
vn -0.01089399 -0.99991304 0.00743180
vn 0.06020316 -0.31521967 -0.94710726
vn 0.04779715 0.80666649 -0.58907080
vn -0.03066434 0.81127912 0.58385438
vn -0.06690984 -0.30285591 0.95068467
vn -0.00870315 -0.99992979 0.00804271
vn -0.00792454 -0.31515869 -0.94900590
vn 0.00377406 0.80663383 -0.59103942
vn 0.01030277 0.81133431 0.58449161
vn 0.00249601 -0.30291441 0.95301449
vn -0.00637885 -0.99994254 0.00861275
vn -0.06895732 -0.31540805 -0.94644737
vn -0.03605361 0.80638266 -0.59029406
vn 0.04675603 0.81159973 0.58233994
vn 0.06490790 -0.30266461 0.95088434
vn -0.00391015 -0.99995029 0.00917384
vn -0.12211484 -0.31597564 -0.94087589
vn -0.07122353 0.80591273 -0.58773440
vn 0.07820027 0.81207919 0.57828379
vn 0.11955334 -0.30209550 0.94575113
vn -0.00125736 -0.99995160 0.00976400
vn -0.16683914 -0.31687465 -0.93367833
vn -0.10143229 0.80520701 -0.58425438
vn 0.10426375 0.81278127 0.57316285
vn 0.16589817 -0.30119145 0.93902165
vn 0.00165129 -0.99994433 0.01041344
vn -0.20257623 -0.31812763 -0.92615211
vn -0.12641443 0.80423892 -0.58070570
vn 0.12455573 0.81373221 0.56773746
vn 0.20343395 -0.29992667 0.93201858
vn 0.00493231 -0.99992573 0.01114375
vn -0.22848915 -0.31976998 -0.91953242
vn -0.14578588 0.80295742 -0.57793242
vn 0.13847306 0.81497788 0.56270432
vn 0.23140243 -0.29825622 0.92601085
vn 0.00880432 -0.99988842 0.01206938
vn -0.24303170 -0.32187951 -0.91505688
vn -0.15879948 0.80130655 -0.57679337
vn 0.14493446 0.81656528 0.55876213
vn 0.24839729 -0.29607853 0.92229944
vn 0.06944724 -0.97160739 0.22617747
vn -0.22032820 -0.52518022 -0.82197398
vn -0.20559493 0.64717919 -0.73409116
vn 0.09333868 0.92490792 0.36855567
vn 0.26324776 -0.07558877 0.96176237
vn -0.89865083 0.00380055 -0.43864822
vn -0.89865071 0.00380078 -0.43864837
vn -0.89865071 0.00380071 -0.43864861
vn -0.89865088 0.00380047 -0.43864813
vn -0.89865130 0.00380014 -0.43864724
vn 0.96464545 0.00762493 -0.26344073
vn 0.96464562 0.00762477 -0.26343986
vn 0.96464568 0.00762472 -0.26344004
vn 0.96464533 0.00762499 -0.26344109
vn 0.96464491 0.00762550 -0.26344261
vn 0.09210411 -0.97243869 -0.21419570
vn 0.40821725 -0.07806288 -0.90954101
vn 0.15969813 0.92422384 -0.34685266
vn -0.30934569 0.64899611 0.69506061
vn -0.35122329 -0.52198082 0.77728903
vn -0.01619333 -0.99986237 0.00360979
vn 0.34918880 -0.31719863 -0.88173252
vn 0.23111041 0.80505461 -0.54632872
vn -0.20647012 0.81275725 0.54478943
vn -0.35879335 -0.30127493 0.88345957
vn -0.01510853 -0.99987358 0.00496348
vn 0.27561119 -0.31632826 -0.90773058
vn 0.18437277 0.80586505 -0.56266183
vn -0.16182907 0.81201386 0.56075382
vn -0.28468388 -0.30175897 0.90988827
vn -0.01359296 -0.99989098 0.00576403
vn 0.20262115 -0.31572971 -0.92696244
vn 0.13800766 0.80625552 -0.57524419
vn -0.11743804 0.81164968 0.57221770
vn -0.21083544 -0.30235365 0.92958623
vn -0.01190717 -0.99990791 0.00650307
vn 0.13185425 -0.31532088 -0.93978047
vn 0.09285466 0.80650282 -0.58389306
vn -0.07452351 0.81142730 0.57968271
vn -0.13910559 -0.30276012 0.94286048
vn -0.01007577 -0.99992335 0.00719817
vn 0.06477451 -0.31513280 -0.94683456
vn 0.04982229 0.80658901 -0.58900928
vn -0.03399011 0.81136358 0.58355272
vn -0.07096680 -0.30294672 0.95036155
vn -0.00811612 -0.99993628 0.00784989
vn 0.00252492 -0.31519160 -0.94902474
vn 0.00961712 0.80650485 -0.59114921
vn 0.00345370 0.81146508 0.58439082
vn -0.00756854 -0.30289254 0.95299470
vn -0.00602995 -0.99994576 0.00848744
vn -0.05406809 -0.31550884 -0.94738108
vn -0.02725782 0.80624175 -0.59095800
vn 0.03728982 0.81173879 0.58282894
vn 0.05026307 -0.30257735 0.95179862
vn -0.00380013 -0.99995106 0.00913758
vn -0.10443199 -0.31610072 -0.94296038
vn -0.06046987 0.80578870 -0.58910769
vn 0.06715302 0.81219184 0.57951260
vn 0.10196771 -0.30198637 0.94784325
vn -0.00139081 -0.99995083 0.00982574
vn -0.14814824 -0.31698737 -0.93678761
vn -0.08979964 0.80513740 -0.58625060
vn 0.09275924 0.81283927 0.57505476
vn 0.14714915 -0.30110121 0.94217050
vn 0.00126424 -0.99994314 0.01059163
vn -0.18481302 -0.31819770 -0.92983568
vn -0.11506715 0.80425751 -0.58303457
vn 0.11381350 0.81370294 0.57002980
vn 0.18544389 -0.29989049 0.93577576
vn 0.00426696 -0.99992520 0.01146416
vn -0.21385573 -0.31978291 -0.92304093
vn -0.13603429 0.80309397 -0.58011615
vn 0.12989059 0.81482834 0.56496304
vn 0.21634896 -0.29829687 0.92963004
vn 0.00777161 -0.99989247 0.01243591
vn -0.23428151 -0.32175472 -0.91737998
vn -0.15227097 0.80155391 -0.57820845
vn 0.14023307 0.81634301 0.56028450
vn 0.23897178 -0.29620156 0.92474705
vn 0.06822247 -0.97156078 0.22674964
vn -0.21563771 -0.52533787 -0.82311630
vn -0.20144553 0.64717197 -0.73524702
vn 0.09126242 0.92486984 0.36917076
vn 0.25778931 -0.07558307 0.96324033
vn -0.91222495 0.00385712 -0.40967163
vn -0.91222429 0.00385680 -0.40967304
vn -0.91222471 0.00385716 -0.40967208
vn -0.91222519 0.00385724 -0.40967107
vn -0.91222548 0.00385702 -0.40967038
vn 0.96612263 0.00763609 -0.25797033
vn 0.96612197 0.00763508 -0.25797302
vn 0.96612257 0.00763590 -0.25797060
vn 0.96612298 0.00763647 -0.25796932
vn 0.96612287 0.00763658 -0.25796965
vn 0.11978260 -0.97156340 -0.20424646
vn 0.49166232 -0.07426821 -0.86761302
vn 0.18341167 0.92570591 -0.33080006
vn -0.37807226 0.64603186 0.66310197
vn -0.41757974 -0.52499521 0.74162465
vn -0.01220053 -0.99991906 0.00360206
vn 0.42221001 -0.31642783 -0.84947753
vn 0.27178919 0.80592394 -0.52594411
vn -0.25435156 0.81202787 0.52527714
vn -0.42914048 -0.30223954 0.85116959
vn -0.01226945 -0.99991316 0.00480499
vn 0.32940063 -0.31555718 -0.88989818
vn 0.21419685 0.80680001 -0.55062997
vn -0.19722150 0.81117940 0.55053759
vn -0.33656758 -0.30258438 0.89172029
vn -0.01173422 -0.99991649 0.00542383
vn 0.23419315 -0.31488705 -0.91978246
vn 0.15522493 0.80726057 -0.56941688
vn -0.13837922 0.81073171 0.56882793
vn -0.24116589 -0.30320814 0.92190230
vn -0.01097663 -0.99992174 0.00600629
vn 0.14049523 -0.31431210 -0.93886578
vn 0.09702053 0.80759412 -0.58170325
vn -0.08057524 0.81041193 0.58029306
vn -0.14714704 -0.30373499 0.94132501
vn -0.01006719 -0.99992782 0.00656159
vn 0.05200580 -0.31392342 -0.94802296
vn 0.04187112 0.80774939 -0.58803725
vn -0.02610582 0.81026864 0.58547693
vn -0.05822994 -0.30407614 0.95086646
vn -0.00906999 -0.99993348 0.00712588
vn -0.02837007 -0.31378880 -0.94906884
vn -0.00841891 0.80769545 -0.58953977
vn 0.02323618 0.81032735 0.58551657
vn 0.02265638 -0.30417255 0.95234752
vn -0.00803334 -0.99993783 0.00773311
vn -0.09867989 -0.31394801 -0.94429809
vn -0.05262811 0.80742377 -0.58761990
vn 0.06625078 0.81060314 0.58183616
vn 0.09353641 -0.30398199 0.94807482
vn -0.00698060 -0.99994004 0.00843703
vn -0.15776695 -0.31442270 -0.93608117
vn -0.09002995 0.80692387 -0.58375376
vn 0.10222991 0.81110644 0.57589519
vn 0.15323855 -0.30347583 0.94043624
vn -0.00591627 -0.99993944 0.00927715
vn -0.20492347 -0.31523603 -0.92662430
vn -0.12018495 0.80617434 -0.57934308
vn 0.13073689 0.81185400 0.56903511
vn 0.20105119 -0.30262420 0.93166357
vn -0.00482789 -0.99993533 0.01028984
vn -0.23944062 -0.31641901 -0.91790366
vn -0.14267221 0.80514044 -0.57566786
vn 0.15131992 0.81289393 0.56241059
vn 0.23627612 -0.30137804 0.92376667
vn -0.00368106 -0.99992692 0.01151319
vn -0.26005620 -0.31802469 -0.91171873
vn -0.15676048 0.80372941 -0.57397318
vn 0.16316606 0.81431347 0.55701923
vn 0.25768211 -0.29965487 0.91858959
vn -0.00232814 -0.99990898 0.01329078
vn -0.26414770 -0.32038176 -0.90971506
vn -0.16088375 0.80190223 -0.57538605
vn 0.16468474 0.81606448 0.55400157
vn 0.26270333 -0.29737422 0.91790825
vn 0.05721264 -0.97209615 0.22749902
vn -0.23757306 -0.52333426 -0.81833988
vn -0.20404746 0.64858097 -0.73328537
vn 0.11141986 0.92432165 0.36498654
vn 0.27292743 -0.07727599 0.95892596
vn -0.87019938 -0.00367919 -0.49268597
vn -0.87019789 -0.00368015 -0.49268854
vn -0.87019920 -0.00367934 -0.49268636
vn -0.87019998 -0.00367882 -0.49268502
vn -0.87019986 -0.00367881 -0.49268505
vn 0.96161270 -0.00760095 -0.27430481
vn 0.96161312 -0.00760044 -0.27430356
vn 0.96161276 -0.00760084 -0.27430478
vn 0.96161264 -0.00760115 -0.27430534
vn 0.96161270 -0.00760126 -0.27430502
vn 0.11360197 -0.97158384 -0.20765209
vn 0.46536398 -0.07437374 -0.88198918
vn 0.17339356 0.92565644 -0.33629587
vn -0.35797927 0.64614159 0.67405635
vn -0.39509699 -0.52496940 0.75386035
vn -0.01093980 -0.99993384 0.00355412
vn 0.39962137 -0.31566340 -0.86061567
vn 0.25670895 0.80630547 -0.53289026
vn -0.24107140 0.81165892 0.53206611
vn -0.40583763 -0.30294666 0.86227554
vn -0.01099807 -0.99992853 0.00467784
vn 0.31256914 -0.31497699 -0.89615291
vn 0.20271480 0.80703408 -0.55461943
vn -0.18746671 0.81095827 0.55425888
vn -0.31900367 -0.30313849 0.89796644
vn -0.01055776 -0.99993044 0.00525003
vn 0.22436765 -0.31449774 -0.92236131
vn 0.14812413 0.80735815 -0.57116735
vn -0.13293289 0.81064469 0.57024920
vn -0.23064752 -0.30357903 0.92446822
vn -0.00995829 -0.99993348 0.00581682
vn 0.13809231 -0.31411281 -0.93928885
vn 0.09459841 0.80757087 -0.58213443
vn -0.07967013 0.81044179 0.58037633
vn -0.14412344 -0.30392480 0.94173139
vn -0.00925012 -0.99993682 0.00638070
vn 0.05658466 -0.31388998 -0.94777173
vn 0.04389773 0.80763566 -0.58804554
vn -0.02944051 0.81038320 0.58516014
vn -0.06229001 -0.30411348 0.95059717
vn -0.00847872 -0.99993980 0.00697228
vn -0.01792430 -0.31387386 -0.94929546
vn -0.00259409 0.80753535 -0.58981353
vn 0.01637829 0.81048924 0.58552450
vn 0.01260500 -0.30409852 0.95255721
vn -0.00767853 -0.99994147 0.00762325
vn -0.08389211 -0.31409878 -0.94567651
vn -0.04391247 0.80725574 -0.58856601
vn 0.05683801 0.81076944 0.58259958
vn 0.07900322 -0.30384740 0.94943941
vn -0.00687024 -0.99994135 0.00837232
vn -0.14034803 -0.31459001 -0.93879473
vn -0.07944862 0.80678475 -0.58547956
vn 0.09134267 0.81124055 0.57753384
vn 0.13592157 -0.30333048 0.94314152
vn -0.00605608 -0.99993867 0.00927191
vn -0.18664575 -0.31537208 -0.93043208
vn -0.10880210 0.80609983 -0.58169162
vn 0.11949177 0.81192607 0.57139975
vn 0.18271120 -0.30251092 0.93546975
vn -0.00522928 -0.99993259 0.01036312
vn -0.22214258 -0.31648663 -0.92221957
vn -0.13158756 0.80515748 -0.57827854
vn 0.14088099 0.81286687 0.56515491
vn 0.21873549 -0.30133972 0.92808896
vn -0.00437584 -0.99992228 0.01167986
vn -0.24579619 -0.31799597 -0.91567606
vn -0.14719233 0.80387944 -0.57629180
vn 0.15484194 0.81414390 0.55963707
vn 0.24297017 -0.29973191 0.92256498
vn -0.00340778 -0.99990350 0.01346615
vn -0.25555411 -0.32015428 -0.91224629
vn -0.15439194 0.80219215 -0.57675892
vn 0.16012177 0.81577474 0.55576313
vn 0.25340751 -0.29758888 0.92044848
vn 0.05593635 -0.97208053 0.22788262
vn -0.23295680 -0.52339405 -0.81962782
vn -0.19988757 0.64866549 -0.73435551
vn 0.10942736 0.92423832 0.36579955
vn 0.26751959 -0.07738371 0.96044004
vn -0.88460845 -0.00373977 -0.46631965
vn -0.88460815 -0.00374020 -0.46632007
vn -0.88460851 -0.00373994 -0.46631938
vn -0.88460851 -0.00373960 -0.46631947
vn -0.88460809 -0.00373931 -0.46632028
vn 0.96314198 -0.00761290 -0.26888573
vn 0.96314245 -0.00761187 -0.26888406
vn 0.96314186 -0.00761256 -0.26888606
vn 0.96314180 -0.00761329 -0.26888639
vn 0.96314222 -0.00761381 -0.26888487
vn 0.10711693 -0.97160393 -0.21097796
vn 0.43776500 -0.07448583 -0.89599878
vn 0.16288230 0.92560190 -0.34165844
vn -0.33689559 0.64625329 0.68473214
vn -0.37150428 -0.52494574 0.76577836
vn -0.00963482 -0.99994749 0.00348718
vn 0.37615362 -0.31492412 -0.87139612
vn 0.24104758 0.80665958 -0.53962618
vn -0.22727454 0.81131095 0.53862870
vn -0.38163128 -0.30362651 0.87302256
vn -0.00970618 -0.99994260 0.00453432
vn 0.29538924 -0.31442556 -0.90215403
vn 0.19099368 0.80724543 -0.55845875
vn -0.17750920 0.81076258 0.55781221
vn -0.30107650 -0.30366689 0.90395761
vn -0.00937622 -0.99994326 0.00506916
vn 0.21446186 -0.31412759 -0.92484051
vn 0.14096153 0.80744362 -0.57285661
vn -0.12744316 0.81057137 0.57160491
vn -0.22004299 -0.30393425 0.92693317
vn -0.00893947 -0.99994421 0.00562384
vn 0.13568631 -0.31392097 -0.93970358
vn 0.09217156 0.80754435 -0.58256030
vn -0.07876379 0.81047416 0.58045489
vn -0.14109671 -0.30411327 0.94212884
vn -0.00843140 -0.99994534 0.00618881
vn 0.06115956 -0.31384841 -0.94750124
vn 0.04592176 0.80753106 -0.58803463
vn -0.03277159 0.81049079 0.58483392
vn -0.06634767 -0.30415931 0.95030791
vn -0.00788339 -0.99994576 0.00680582
vn -0.00747308 -0.31394178 -0.94941282
vn 0.00323471 0.80738592 -0.59001482
vn 0.00951775 0.81063747 0.58547109
vn 0.00254790 -0.30403900 0.95265621
vn -0.00731748 -0.99994504 0.00750866
vn -0.06904597 -0.31423298 -0.94683170
vn -0.03516093 0.80709279 -0.58937681
vn 0.04738822 0.81092840 0.58322340
vn 0.06441178 -0.30372581 0.95057970
vn -0.00675277 -0.99994260 0.00831192
vn -0.12278633 -0.31474522 -0.94120079
vn -0.06878243 0.80664605 -0.58701885
vn 0.08036460 0.81137317 0.57897770
vn 0.11846360 -0.30319074 0.94553781
vn -0.00619195 -0.99993783 0.00927123
vn -0.16815102 -0.31550792 -0.93390578
vn -0.09728893 0.80601579 -0.58384371
vn 0.10811147 0.81199777 0.57356042
vn 0.16415620 -0.30239567 0.93894064
vn -0.00563452 -0.99992967 0.01043549
vn -0.20460665 -0.31656691 -0.92624050
vn -0.12035760 0.80516493 -0.58070952
vn 0.13029496 0.81284636 0.56771809
vn 0.20095740 -0.30129001 0.93211609
vn -0.00507957 -0.99991691 0.01184585
vn -0.23135141 -0.31798676 -0.91943514
vn -0.13750950 0.80402392 -0.57847780
vn 0.14640474 0.81398368 0.56213534
vn 0.22807384 -0.29979002 0.92634124
vn -0.00449897 -0.99989682 0.01363835
vn -0.24689031 -0.31994215 -0.91470331
vn -0.14785250 0.80247885 -0.57807213
vn 0.15551454 0.81548965 0.55748707
vn 0.24403442 -0.29778904 0.92291325
vn 0.05465435 -0.97206438 0.22826236
vn -0.22832268 -0.52344882 -0.82089591
vn -0.19570982 0.64874750 -0.73540759
vn 0.10742444 0.92415023 0.36661467
vn 0.26208341 -0.07749499 0.96192873
vn -0.89865035 -0.00379912 -0.43864918
vn -0.89865017 -0.00379943 -0.43864962
vn -0.89865041 -0.00379924 -0.43864906
vn -0.89865047 -0.00379901 -0.43864906
vn -0.89865023 -0.00379882 -0.43864956
vn 0.96464574 -0.00762456 -0.26343966
vn 0.96464598 -0.00762416 -0.26343861
vn 0.96464574 -0.00762448 -0.26343957
vn 0.96464568 -0.00762472 -0.26344004
vn 0.96464562 -0.00762477 -0.26343986
vn 0.10032784 -0.97162265 -0.21420485
vn 0.40886259 -0.07460706 -0.90954125
vn 0.15187567 0.92554224 -0.34685060
vn -0.31481686 0.64637172 0.69504958
vn -0.34680051 -0.52492219 0.77729416
vn -0.00828785 -0.99995989 0.00340041
vn 0.35181677 -0.31421700 -0.88175541
vn 0.22480801 0.80698639 -0.54610831
vn -0.21296467 0.81099176 0.54492062
vn -0.35653180 -0.30427215 0.88334793
vn -0.00839654 -0.99995518 0.00437657
vn 0.27787158 -0.31390491 -0.90788281
vn 0.17904176 0.80742842 -0.56214184
vn -0.16735797 0.81059104 0.56118935
vn -0.28279713 -0.30416748 0.90967470
vn -0.00819099 -0.99995452 0.00488789
vn 0.20447817 -0.31377852 -0.92721725
vn 0.13374107 0.80750942 -0.57449275
vn -0.12191080 0.81051403 0.57289147
vn -0.20935594 -0.30427149 0.92929488
vn -0.00792115 -0.99995387 0.00542488
vn 0.13327721 -0.31373304 -0.94011104
vn 0.08973965 0.80751389 -0.58298212
vn -0.07785698 0.81050867 0.58052921
vn -0.13806710 -0.30429634 0.94251853
vn -0.00761133 -0.99995303 0.00600543
vn 0.06572995 -0.31379870 -0.94721174
vn 0.04794493 0.80742675 -0.58801645
vn -0.03609787 0.81059581 0.58449250
vn -0.07040223 -0.30421129 0.94999951
vn -0.00728325 -0.99995136 0.00664644
vn 0.00297977 -0.31399718 -0.94941926
vn 0.00906616 0.80724156 -0.59015161
vn 0.00265893 0.81078166 0.58534271
vn -0.00751203 -0.30399358 0.95264447
vn -0.00695174 -0.99994862 0.00738342
vn -0.05415056 -0.31435299 -0.94776046
vn -0.02637916 0.80694145 -0.59004211
vn 0.03790898 0.81107885 0.58370715
vn 0.04977243 -0.30361909 0.95149261
vn -0.00663007 -0.99994403 0.00824312
vn -0.10509837 -0.31489295 -0.94329035
vn -0.05803835 0.80651331 -0.58836031
vn 0.06930784 0.81150258 0.58022410
vn 0.10088108 -0.30306154 0.94761634
vn -0.00632631 -0.99993706 0.00926248
vn -0.14945856 -0.31564546 -0.93703258
vn -0.08565559 0.80593580 -0.58577353
vn 0.09660672 0.81207228 0.57550478
vn 0.14540452 -0.30228361 0.94206268
vn -0.00604589 -0.99992669 0.01049373
vn -0.18684770 -0.31665701 -0.92995501
vn -0.10899125 0.80517173 -0.58294040
vn 0.11956946 0.81282705 0.57010114
vn 0.18295717 -0.30123293 0.93583405
vn -0.00579315 -0.99991107 0.01200844
vn -0.21673010 -0.31799582 -0.92298788
vn -0.12771726 0.80415922 -0.58053112
vn 0.13785848 0.81382948 0.56451434
vn 0.21300195 -0.29982936 0.92991000
vn -0.00559571 -0.99988884 0.01381929
vn -0.23815785 -0.31974936 -0.91708297
vn -0.14126836 0.80275458 -0.57933438
vn 0.15086174 0.81521863 0.55915946
vn 0.23458652 -0.29797044 0.92530149
vn 0.05336696 -0.97204667 0.22864234
vn -0.22366858 -0.52350265 -0.82214195
vn -0.19151779 0.64883071 -0.73643708
vn 0.10540690 0.92406487 0.36741465
vn 0.25661927 -0.07760881 0.96339166
vn -0.91222417 -0.00385643 -0.40967318
vn -0.91222435 -0.00385616 -0.40967289
vn -0.91222417 -0.00385632 -0.40967333
vn -0.91222423 -0.00385653 -0.40967330
vn -0.91222435 -0.00385671 -0.40967280
vn 0.96612281 -0.00763542 -0.25796998
vn 0.96612322 -0.00763440 -0.25796837
vn 0.96612263 -0.00763506 -0.25797036
vn 0.96612269 -0.00763581 -0.25797054
vn 0.96612304 -0.00763637 -0.25796887
vn -0.01606410 0.14832124 -0.98880875
vn -0.65094352 0.71835947 -0.24542271
vn -0.72178161 0.15103263 -0.67544103
vn -0.45550200 -0.20453370 -0.86642015
vn -0.19138770 -0.33393082 -0.92296314
vn 0.03800171 -0.35086891 -0.93565321
vn 0.25844520 -0.28521115 -0.92296302
vn 0.48873147 -0.10226706 -0.86641961
vn 0.67271006 0.30206576 -0.67543864
vn 0.48204830 0.84106940 -0.24542147
vn 0.01606410 0.14832091 0.98880875
vn -0.48204643 0.84107018 0.24542256
vn -0.67270851 0.30206507 0.67544055
vn -0.48873049 -0.10226686 0.86642021
vn -0.25844419 -0.28521079 0.92296344
vn -0.03800170 -0.35086957 0.93565297
vn 0.19138852 -0.33393064 0.92296302
vn 0.45550293 -0.20453411 0.86641961
vn 0.72178322 0.15103297 0.67543912
vn 0.65094477 0.71835887 0.24542113
vn -0.01606426 0.14832124 -0.98880875
vn -0.65094316 0.71836025 -0.24542104
vn -0.72178185 0.15103287 -0.67544055
vn -0.45550245 -0.20453343 -0.86642003
vn -0.19138718 -0.33393058 -0.92296332
vn 0.03800134 -0.35086891 -0.93565321
vn 0.25844538 -0.28521088 -0.92296302
vn 0.48873147 -0.10226695 -0.86641967
vn 0.67270988 0.30206639 -0.67543858
vn 0.48204932 0.84106940 -0.24541953
vn 0.01606426 0.14832094 0.98880881
vn -0.48204741 0.84107018 0.24542062
vn -0.67270833 0.30206570 0.67544049
vn -0.48873046 -0.10226674 0.86642027
vn -0.25844437 -0.28521055 0.92296338
vn -0.03800133 -0.35086957 0.93565297
vn 0.19138801 -0.33393043 0.92296326
vn 0.45550337 -0.20453383 0.86641937
vn 0.72178358 0.15103322 0.67543870
vn 0.65094447 0.71835965 0.24541946
vn -0.01606411 0.14832094 -0.98880881
vn -0.65094477 0.71835887 -0.24542113
vn -0.72178322 0.15103297 -0.67543912
vn -0.45550293 -0.20453411 -0.86641961
vn -0.19138852 -0.33393064 -0.92296302
vn 0.03800170 -0.35086957 -0.93565297
vn 0.25844419 -0.28521079 -0.92296344
vn 0.48873049 -0.10226686 -0.86642021
vn 0.67270851 0.30206507 -0.67544055
vn 0.48204643 0.84107018 -0.24542256
vn 0.01606410 0.14832124 0.98880875
vn -0.48204830 0.84106940 0.24542147
vn -0.67271006 0.30206576 0.67543864
vn -0.48873147 -0.10226706 0.86641961
vn -0.25844520 -0.28521115 0.92296302
vn -0.03800171 -0.35086891 0.93565321
vn 0.19138770 -0.33393082 0.92296314
vn 0.45550200 -0.20453370 0.86642015
vn 0.72178161 0.15103263 0.67544103
vn 0.65094352 0.71835947 0.24542271
vn -0.01606426 0.14832094 -0.98880881
vn -0.65094447 0.71835965 -0.24541946
vn -0.72178358 0.15103322 -0.67543870
vn -0.45550337 -0.20453383 -0.86641937
vn -0.19138801 -0.33393043 -0.92296326
vn 0.03800133 -0.35086957 -0.93565297
vn 0.25844437 -0.28521055 -0.92296338
vn 0.48873046 -0.10226674 -0.86642027
vn 0.67270833 0.30206570 -0.67544049
vn 0.48204741 0.84107018 -0.24542062
vn 0.01606426 0.14832124 0.98880875
vn -0.48204932 0.84106940 0.24541953
vn -0.67270988 0.30206639 0.67543858
vn -0.48873147 -0.10226695 0.86641967
vn -0.25844538 -0.28521088 0.92296302
vn -0.03800134 -0.35086891 0.93565321
vn 0.19138718 -0.33393058 0.92296332
vn 0.45550245 -0.20453343 0.86642003
vn 0.72178185 0.15103287 0.67544055
vn 0.65094316 0.71836025 0.24542104
vn -0.03666072 0.33849168 -0.94025493
vn -0.66777503 0.73693401 -0.10490296
vn -0.91446555 0.19135211 -0.35656288
vn -0.73926979 -0.33195364 -0.58590698
vn -0.35175869 -0.61374444 -0.70681220
vn 0.07226355 -0.66721565 -0.74135089
vn 0.47500718 -0.52419955 -0.70681190
vn 0.79320002 -0.16597590 -0.58590579
vn 0.85229284 0.38270116 -0.35656238
vn 0.49451199 0.86281699 -0.10490350
vn 0.03666072 0.33849168 0.94025493
vn -0.49451128 0.86281747 0.10490307
vn -0.85229164 0.38270375 0.35656247
vn -0.79319859 -0.16597697 0.58590752
vn -0.47500598 -0.52420062 0.70681185
vn -0.07226355 -0.66721565 0.74135089
vn 0.35175940 -0.61374450 0.70681190
vn 0.73927164 -0.33195177 0.58590573
vn 0.91446602 0.19135064 0.35656250
vn 0.66777670 0.73693252 0.10490350
vn -0.03666100 0.33849165 -0.94025493
vn -0.66777462 0.73693448 -0.10490236
vn -0.91446573 0.19135197 -0.35656255
vn -0.73926938 -0.33195376 -0.58590740
vn -0.35175923 -0.61374432 -0.70681208
vn 0.07226408 -0.66721541 -0.74135119
vn 0.47500673 -0.52419972 -0.70681208
vn 0.79320025 -0.16597581 -0.58590567
vn 0.85229266 0.38270140 -0.35656258
vn 0.49451265 0.86281669 -0.10490280
vn 0.03666100 0.33849165 0.94025493
vn -0.49451196 0.86281717 0.10490238
vn -0.85229146 0.38270399 0.35656261
vn -0.79319876 -0.16597685 0.58590734
vn -0.47500554 -0.52420074 0.70681208
vn -0.07226408 -0.66721541 0.74135119
vn 0.35175994 -0.61374438 0.70681179
vn 0.73927122 -0.33195189 0.58590609
vn 0.91446614 0.19135049 0.35656220
vn 0.66777623 0.73693293 0.10490289
vn -0.03666100 0.33849156 -0.94025499
vn -0.66777527 0.73693395 -0.10490257
vn -0.91446590 0.19135141 -0.35656244
vn -0.73927003 -0.33195302 -0.58590692
vn -0.35175949 -0.61374432 -0.70681202
vn 0.07226408 -0.66721541 -0.74135119
vn 0.47500595 -0.52420032 -0.70681208
vn 0.79319930 -0.16597645 -0.58590674
vn 0.85229188 0.38270301 -0.35656261
vn 0.49451223 0.86281699 -0.10490254
vn 0.03666100 0.33849156 0.94025499
vn -0.49451223 0.86281699 0.10490254
vn -0.85229188 0.38270301 0.35656261
vn -0.79319930 -0.16597645 0.58590674
vn -0.47500595 -0.52420032 0.70681208
vn -0.07226408 -0.66721541 0.74135119
vn 0.35175949 -0.61374432 0.70681202
vn 0.73927003 -0.33195302 0.58590692
vn 0.91446590 0.19135141 0.35656244
vn 0.66777527 0.73693395 0.10490257
vn -0.03666072 0.33849162 -0.94025493
vn -0.66777563 0.73693347 -0.10490316
vn -0.91446573 0.19135156 -0.35656270
vn -0.73927051 -0.33195296 -0.58590657
vn -0.35175896 -0.61374444 -0.70681220
vn 0.07226355 -0.66721565 -0.74135089
vn 0.47500658 -0.52420008 -0.70681190
vn 0.79319930 -0.16597643 -0.58590668
vn 0.85229224 0.38270247 -0.35656241
vn 0.49451163 0.86281723 -0.10490329
vn 0.03666072 0.33849162 0.94025493
vn -0.49451154 0.86281729 0.10490324
vn -0.85229212 0.38270277 0.35656238
vn -0.79319912 -0.16597657 0.58590686
vn -0.47500640 -0.52420020 0.70681190
vn -0.07226355 -0.66721565 0.74135089
vn 0.35175908 -0.61374444 0.70681208
vn 0.73927069 -0.33195269 0.58590639
vn 0.91446579 0.19135137 0.35656267
vn 0.66777587 0.73693335 0.10490324
vn -0.03666086 0.33849174 -0.94025493
vn -0.66777515 0.73693401 -0.10490286
vn -0.91446579 0.19135147 -0.35656267
vn -0.73927009 -0.33195299 -0.58590686
vn -0.35175911 -0.61374450 -0.70681202
vn 0.07226383 -0.66721553 -0.74135101
vn 0.47500628 -0.52420026 -0.70681196
vn 0.79319948 -0.16597638 -0.58590657
vn 0.85229206 0.38270268 -0.35656261
vn 0.49451181 0.86281717 -0.10490285
vn 0.03666086 0.33849168 0.94025493
vn -0.49451154 0.86281729 0.10490284
vn -0.85229188 0.38270298 0.35656273
vn -0.79319918 -0.16597649 0.58590686
vn -0.47500601 -0.52420032 0.70681214
vn -0.07226382 -0.66721559 0.74135095
vn 0.35175934 -0.61374444 0.70681196
vn 0.73927045 -0.33195281 0.58590662
vn 0.91446590 0.19135131 0.35656253
vn 0.66777545 0.73693377 0.10490286
vn -0.96723396 -0.07737859 -0.24180803
vn 0.96996003 -0.01939917 -0.24248955
vn 0.96723396 0.07737859 -0.24180803
vn -0.96996003 0.01939917 -0.24248955
vn -0.99208254 -0.01984162 0.12401009
vn 0.89214659 -0.07137161 0.44607243
vn 0.99208254 0.01984162 0.12401009
vn -0.89214659 0.07137161 0.44607243
vn -0.96723378 -0.07737871 -0.24180844
vn 0.96995997 -0.01939920 -0.24248999
vn 0.96723378 0.07737871 -0.24180844
vn -0.96995997 0.01939920 -0.24248999
vn -0.99208254 -0.01984165 0.12401032
vn 0.89214623 -0.07137171 0.44607311
vn 0.99208254 0.01984165 0.12401032
vn -0.89214623 0.07137171 0.44607311
vn -0.96723378 -0.07737871 -0.24180844
vn 0.96995997 -0.01939920 -0.24248999
vn 0.96723378 0.07737871 -0.24180844
vn -0.96995997 0.01939920 -0.24248999
vn -0.99208254 -0.01984165 0.12401032
vn 0.89214623 -0.07137171 0.44607311
vn 0.99208254 0.01984165 0.12401032
vn -0.89214623 0.07137171 0.44607311
vn -0.96723378 -0.07737871 -0.24180844
vn 0.96995997 -0.01939920 -0.24248999
vn 0.96723378 0.07737871 -0.24180844
vn -0.96995997 0.01939920 -0.24248999
vn -0.99208254 -0.01984165 0.12401032
vn 0.89214623 -0.07137171 0.44607311
vn 0.99208254 0.01984165 0.12401032
vn -0.89214623 0.07137171 0.44607311
f 1//1 2//2 7//7
f 1//1 7//7 6//6
f 2//2 3//3 8//8
f 2//2 8//8 7//7
f 3//3 4//4 9//9
f 3//3 9//9 8//8
f 4//4 5//5 10//10
f 4//4 10//10 9//9
f 5//5 1//1 6//6
f 5//5 6//6 10//10
f 6//6 7//7 12//12
f 6//6 12//12 11//11
f 7//7 8//8 13//13
f 7//7 13//13 12//12
f 8//8 9//9 14//14
f 8//8 14//14 13//13
f 9//9 10//10 15//15
f 9//9 15//15 14//14
f 10//10 6//6 11//11
f 10//10 11//11 15//15
f 11//11 12//12 17//17
f 11//11 17//17 16//16
f 12//12 13//13 18//18
f 12//12 18//18 17//17
f 13//13 14//14 19//19
f 13//13 19//19 18//18
f 14//14 15//15 20//20
f 14//14 20//20 19//19
f 15//15 11//11 16//16
f 15//15 16//16 20//20
f 16//16 17//17 22//22
f 16//16 22//22 21//21
f 17//17 18//18 23//23
f 17//17 23//23 22//22
f 18//18 19//19 24//24
f 18//18 24//24 23//23
f 19//19 20//20 25//25
f 19//19 25//25 24//24
f 20//20 16//16 21//21
f 20//20 21//21 25//25
f 21//21 22//22 27//27
f 21//21 27//27 26//26
f 22//22 23//23 28//28
f 22//22 28//28 27//27
f 23//23 24//24 29//29
f 23//23 29//29 28//28
f 24//24 25//25 30//30
f 24//24 30//30 29//29
f 25//25 21//21 26//26
f 25//25 26//26 30//30
f 26//26 27//27 32//32
f 26//26 32//32 31//31
f 27//27 28//28 33//33
f 27//27 33//33 32//32
f 28//28 29//29 34//34
f 28//28 34//34 33//33
f 29//29 30//30 35//35
f 29//29 35//35 34//34
f 30//30 26//26 31//31
f 30//30 31//31 35//35
f 31//31 32//32 37//37
f 31//31 37//37 36//36
f 32//32 33//33 38//38
f 32//32 38//38 37//37
f 33//33 34//34 39//39
f 33//33 39//39 38//38
f 34//34 35//35 40//40
f 34//34 40//40 39//39
f 35//35 31//31 36//36
f 35//35 36//36 40//40
f 36//36 37//37 42//42
f 36//36 42//42 41//41
f 37//37 38//38 43//43
f 37//37 43//43 42//42
f 38//38 39//39 44//44
f 38//38 44//44 43//43
f 39//39 40//40 45//45
f 39//39 45//45 44//44
f 40//40 36//36 41//41
f 40//40 41//41 45//45
f 41//41 42//42 47//47
f 41//41 47//47 46//46
f 42//42 43//43 48//48
f 42//42 48//48 47//47
f 43//43 44//44 49//49
f 43//43 49//49 48//48
f 44//44 45//45 50//50
f 44//44 50//50 49//49
f 45//45 41//41 46//46
f 45//45 46//46 50//50
f 46//46 47//47 52//52
f 46//46 52//52 51//51
f 47//47 48//48 53//53
f 47//47 53//53 52//52
f 48//48 49//49 54//54
f 48//48 54//54 53//53
f 49//49 50//50 55//55
f 49//49 55//55 54//54
f 50//50 46//46 51//51
f 50//50 51//51 55//55
f 51//51 52//52 57//57
f 51//51 57//57 56//56
f 52//52 53//53 58//58
f 52//52 58//58 57//57
f 53//53 54//54 59//59
f 53//53 59//59 58//58
f 54//54 55//55 60//60
f 54//54 60//60 59//59
f 55//55 51//51 56//56
f 55//55 56//56 60//60
f 56//56 57//57 62//62
f 56//56 62//62 61//61
f 57//57 58//58 63//63
f 57//57 63//63 62//62
f 58//58 59//59 64//64
f 58//58 64//64 63//63
f 59//59 60//60 65//65
f 59//59 65//65 64//64
f 60//60 56//56 61//61
f 60//60 61//61 65//65
f 61//61 62//62 67//67
f 61//61 67//67 66//66
f 62//62 63//63 68//68
f 62//62 68//68 67//67
f 63//63 64//64 69//69
f 63//63 69//69 68//68
f 64//64 65//65 70//70
f 64//64 70//70 69//69
f 65//65 61//61 66//66
f 65//65 66//66 70//70
f 66//66 67//67 72//72
f 66//66 72//72 71//71
f 67//67 68//68 73//73
f 67//67 73//73 72//72
f 68//68 69//69 74//74
f 68//68 74//74 73//73
f 69//69 70//70 75//75
f 69//69 75//75 74//74
f 70//70 66//66 71//71
f 70//70 71//71 75//75
f 71//71 72//72 77//77
f 71//71 77//77 76//76
f 72//72 73//73 78//78
f 72//72 78//78 77//77
f 73//73 74//74 79//79
f 73//73 79//79 78//78
f 74//74 75//75 80//80
f 74//74 80//80 79//79
f 75//75 71//71 76//76
f 75//75 76//76 80//80
f 76//76 77//77 82//82
f 76//76 82//82 81//81
f 77//77 78//78 83//83
f 77//77 83//83 82//82
f 78//78 79//79 84//84
f 78//78 84//84 83//83
f 79//79 80//80 85//85
f 79//79 85//85 84//84
f 80//80 76//76 81//81
f 80//80 81//81 85//85
f 81//81 82//82 87//87
f 81//81 87//87 86//86
f 82//82 83//83 88//88
f 82//82 88//88 87//87
f 83//83 84//84 89//89
f 83//83 89//89 88//88
f 84//84 85//85 90//90
f 84//84 90//90 89//89
f 85//85 81//81 86//86
f 85//85 86//86 90//90
f 86//86 87//87 92//92
f 86//86 92//92 91//91
f 87//87 88//88 93//93
f 87//87 93//93 92//92
f 88//88 89//89 94//94
f 88//88 94//94 93//93
f 89//89 90//90 95//95
f 89//89 95//95 94//94
f 90//90 86//86 91//91
f 90//90 91//91 95//95
f 91//91 92//92 97//97
f 91//91 97//97 96//96
f 92//92 93//93 98//98
f 92//92 98//98 97//97
f 93//93 94//94 99//99
f 93//93 99//99 98//98
f 94//94 95//95 100//100
f 94//94 100//100 99//99
f 95//95 91//91 96//96
f 95//95 96//96 100//100
f 96//96 97//97 102//102
f 96//96 102//102 101//101
f 97//97 98//98 103//103
f 97//97 103//103 102//102
f 98//98 99//99 104//104
f 98//98 104//104 103//103
f 99//99 100//100 105//105
f 99//99 105//105 104//104
f 100//100 96//96 101//101
f 100//100 101//101 105//105
f 101//101 102//102 107//107
f 101//101 107//107 106//106
f 102//102 103//103 108//108
f 102//102 108//108 107//107
f 103//103 104//104 109//109
f 103//103 109//109 108//108
f 104//104 105//105 110//110
f 104//104 110//110 109//109
f 105//105 101//101 106//106
f 105//105 106//106 110//110
f 106//106 107//107 112//112
f 106//106 112//112 111//111
f 107//107 108//108 113//113
f 107//107 113//113 112//112
f 108//108 109//109 114//114
f 108//108 114//114 113//113
f 109//109 110//110 115//115
f 109//109 115//115 114//114
f 110//110 106//106 111//111
f 110//110 111//111 115//115
f 111//111 112//112 117//117
f 111//111 117//117 116//116
f 112//112 113//113 118//118
f 112//112 118//118 117//117
f 113//113 114//114 119//119
f 113//113 119//119 118//118
f 114//114 115//115 120//120
f 114//114 120//120 119//119
f 115//115 111//111 116//116
f 115//115 116//116 120//120
f 116//116 117//117 122//122
f 116//116 122//122 121//121
f 117//117 118//118 123//123
f 117//117 123//123 122//122
f 118//118 119//119 124//124
f 118//118 124//124 123//123
f 119//119 120//120 125//125
f 119//119 125//125 124//124
f 120//120 116//116 121//121
f 120//120 121//121 125//125
f 121//121 122//122 127//127
f 121//121 127//127 126//126
f 122//122 123//123 128//128
f 122//122 128//128 127//127
f 123//123 124//124 129//129
f 123//123 129//129 128//128
f 124//124 125//125 130//130
f 124//124 130//130 129//129
f 125//125 121//121 126//126
f 125//125 126//126 130//130
f 126//126 127//127 132//132
f 126//126 132//132 131//131
f 127//127 128//128 133//133
f 127//127 133//133 132//132
f 128//128 129//129 134//134
f 128//128 134//134 133//133
f 129//129 130//130 135//135
f 129//129 135//135 134//134
f 130//130 126//126 131//131
f 130//130 131//131 135//135
f 131//131 132//132 137//137
f 131//131 137//137 136//136
f 132//132 133//133 138//138
f 132//132 138//138 137//137
f 133//133 134//134 139//139
f 133//133 139//139 138//138
f 134//134 135//135 140//140
f 134//134 140//140 139//139
f 135//135 131//131 136//136
f 135//135 136//136 140//140
f 136//136 137//137 142//142
f 136//136 142//142 141//141
f 137//137 138//138 143//143
f 137//137 143//143 142//142
f 138//138 139//139 144//144
f 138//138 144//144 143//143
f 139//139 140//140 145//145
f 139//139 145//145 144//144
f 140//140 136//136 141//141
f 140//140 141//141 145//145
f 141//141 142//142 147//147
f 141//141 147//147 146//146
f 142//142 143//143 148//148
f 142//142 148//148 147//147
f 143//143 144//144 149//149
f 143//143 149//149 148//148
f 144//144 145//145 150//150
f 144//144 150//150 149//149
f 145//145 141//141 146//146
f 145//145 146//146 150//150
f 146//146 147//147 152//152
f 146//146 152//152 151//151
f 147//147 148//148 153//153
f 147//147 153//153 152//152
f 148//148 149//149 154//154
f 148//148 154//154 153//153
f 149//149 150//150 155//155
f 149//149 155//155 154//154
f 150//150 146//146 151//151
f 150//150 151//151 155//155
f 151//151 152//152 157//157
f 151//151 157//157 156//156
f 152//152 153//153 158//158
f 152//152 158//158 157//157
f 153//153 154//154 159//159
f 153//153 159//159 158//158
f 154//154 155//155 160//160
f 154//154 160//160 159//159
f 155//155 151//151 156//156
f 155//155 156//156 160//160
f 156//156 157//157 162//162
f 156//156 162//162 161//161
f 157//157 158//158 163//163
f 157//157 163//163 162//162
f 158//158 159//159 164//164
f 158//158 164//164 163//163
f 159//159 160//160 165//165
f 159//159 165//165 164//164
f 160//160 156//156 161//161
f 160//160 161//161 165//165
f 161//161 162//162 167//167
f 161//161 167//167 166//166
f 162//162 163//163 168//168
f 162//162 168//168 167//167
f 163//163 164//164 169//169
f 163//163 169//169 168//168
f 164//164 165//165 170//170
f 164//164 170//170 169//169
f 165//165 161//161 166//166
f 165//165 166//166 170//170
f 166//166 167//167 172//172
f 166//166 172//172 171//171
f 167//167 168//168 173//173
f 167//167 173//173 172//172
f 168//168 169//169 174//174
f 168//168 174//174 173//173
f 169//169 170//170 175//175
f 169//169 175//175 174//174
f 170//170 166//166 171//171
f 170//170 171//171 175//175
f 171//171 172//172 177//177
f 171//171 177//177 176//176
f 172//172 173//173 178//178
f 172//172 178//178 177//177
f 173//173 174//174 179//179
f 173//173 179//179 178//178
f 174//174 175//175 180//180
f 174//174 180//180 179//179
f 175//175 171//171 176//176
f 175//175 176//176 180//180
f 176//176 177//177 182//182
f 176//176 182//182 181//181
f 177//177 178//178 183//183
f 177//177 183//183 182//182
f 178//178 179//179 184//184
f 178//178 184//184 183//183
f 179//179 180//180 185//185
f 179//179 185//185 184//184
f 180//180 176//176 181//181
f 180//180 181//181 185//185
f 181//181 182//182 187//187
f 181//181 187//187 186//186
f 182//182 183//183 188//188
f 182//182 188//188 187//187
f 183//183 184//184 189//189
f 183//183 189//189 188//188
f 184//184 185//185 190//190
f 184//184 190//190 189//189
f 185//185 181//181 186//186
f 185//185 186//186 190//190
f 186//186 187//187 192//192
f 186//186 192//192 191//191
f 187//187 188//188 193//193
f 187//187 193//193 192//192
f 188//188 189//189 194//194
f 188//188 194//194 193//193
f 189//189 190//190 195//195
f 189//189 195//195 194//194
f 190//190 186//186 191//191
f 190//190 191//191 195//195
f 191//191 192//192 197//197
f 191//191 197//197 196//196
f 192//192 193//193 198//198
f 192//192 198//198 197//197
f 193//193 194//194 199//199
f 193//193 199//199 198//198
f 194//194 195//195 200//200
f 194//194 200//200 199//199
f 195//195 191//191 196//196
f 195//195 196//196 200//200
f 196//196 197//197 202//202
f 196//196 202//202 201//201
f 197//197 198//198 203//203
f 197//197 203//203 202//202
f 198//198 199//199 204//204
f 198//198 204//204 203//203
f 199//199 200//200 205//205
f 199//199 205//205 204//204
f 200//200 196//196 201//201
f 200//200 201//201 205//205
f 201//201 202//202 207//207
f 201//201 207//207 206//206
f 202//202 203//203 208//208
f 202//202 208//208 207//207
f 203//203 204//204 209//209
f 203//203 209//209 208//208
f 204//204 205//205 210//210
f 204//204 210//210 209//209
f 205//205 201//201 206//206
f 205//205 206//206 210//210
f 206//206 207//207 212//212
f 206//206 212//212 211//211
f 207//207 208//208 213//213
f 207//207 213//213 212//212
f 208//208 209//209 214//214
f 208//208 214//214 213//213
f 209//209 210//210 215//215
f 209//209 215//215 214//214
f 210//210 206//206 211//211
f 210//210 211//211 215//215
f 211//211 212//212 217//217
f 211//211 217//217 216//216
f 212//212 213//213 218//218
f 212//212 218//218 217//217
f 213//213 214//214 219//219
f 213//213 219//219 218//218
f 214//214 215//215 220//220
f 214//214 220//220 219//219
f 215//215 211//211 216//216
f 215//215 216//216 220//220
f 216//216 217//217 222//222
f 216//216 222//222 221//221
f 217//217 218//218 223//223
f 217//217 223//223 222//222
f 218//218 219//219 224//224
f 218//218 224//224 223//223
f 219//219 220//220 225//225
f 219//219 225//225 224//224
f 220//220 216//216 221//221
f 220//220 221//221 225//225
f 221//221 222//222 227//227
f 221//221 227//227 226//226
f 222//222 223//223 228//228
f 222//222 228//228 227//227
f 223//223 224//224 229//229
f 223//223 229//229 228//228
f 224//224 225//225 230//230
f 224//224 230//230 229//229
f 225//225 221//221 226//226
f 225//225 226//226 230//230
f 226//226 227//227 232//232
f 226//226 232//232 231//231
f 227//227 228//228 233//233
f 227//227 233//233 232//232
f 228//228 229//229 234//234
f 228//228 234//234 233//233
f 229//229 230//230 235//235
f 229//229 235//235 234//234
f 230//230 226//226 231//231
f 230//230 231//231 235//235
f 231//231 232//232 237//237
f 231//231 237//237 236//236
f 232//232 233//233 238//238
f 232//232 238//238 237//237
f 233//233 234//234 239//239
f 233//233 239//239 238//238
f 234//234 235//235 240//240
f 234//234 240//240 239//239
f 235//235 231//231 236//236
f 235//235 236//236 240//240
f 236//236 237//237 242//242
f 236//236 242//242 241//241
f 237//237 238//238 243//243
f 237//237 243//243 242//242
f 238//238 239//239 244//244
f 238//238 244//244 243//243
f 239//239 240//240 245//245
f 239//239 245//245 244//244
f 240//240 236//236 241//241
f 240//240 241//241 245//245
f 241//241 242//242 247//247
f 241//241 247//247 246//246
f 242//242 243//243 248//248
f 242//242 248//248 247//247
f 243//243 244//244 249//249
f 243//243 249//249 248//248
f 244//244 245//245 250//250
f 244//244 250//250 249//249
f 245//245 241//241 246//246
f 245//245 246//246 250//250
f 246//246 247//247 252//252
f 246//246 252//252 251//251
f 247//247 248//248 253//253
f 247//247 253//253 252//252
f 248//248 249//249 254//254
f 248//248 254//254 253//253
f 249//249 250//250 255//255
f 249//249 255//255 254//254
f 250//250 246//246 251//251
f 250//250 251//251 255//255
f 251//251 252//252 257//257
f 251//251 257//257 256//256
f 252//252 253//253 258//258
f 252//252 258//258 257//257
f 253//253 254//254 259//259
f 253//253 259//259 258//258
f 254//254 255//255 260//260
f 254//254 260//260 259//259
f 255//255 251//251 256//256
f 255//255 256//256 260//260
f 256//256 257//257 262//262
f 256//256 262//262 261//261
f 257//257 258//258 263//263
f 257//257 263//263 262//262
f 258//258 259//259 264//264
f 258//258 264//264 263//263
f 259//259 260//260 265//265
f 259//259 265//265 264//264
f 260//260 256//256 261//261
f 260//260 261//261 265//265
f 266//266 267//267 272//272
f 266//266 272//272 271//271
f 267//267 268//268 273//273
f 267//267 273//273 272//272
f 268//268 269//269 274//274
f 268//268 274//274 273//273
f 269//269 270//270 275//275
f 269//269 275//275 274//274
f 270//270 266//266 271//271
f 270//270 271//271 275//275
f 271//271 272//272 277//277
f 271//271 277//277 276//276
f 272//272 273//273 278//278
f 272//272 278//278 277//277
f 273//273 274//274 279//279
f 273//273 279//279 278//278
f 274//274 275//275 280//280
f 274//274 280//280 279//279
f 275//275 271//271 276//276
f 275//275 276//276 280//280
f 276//276 277//277 282//282
f 276//276 282//282 281//281
f 277//277 278//278 283//283
f 277//277 283//283 282//282
f 278//278 279//279 284//284
f 278//278 284//284 283//283
f 279//279 280//280 285//285
f 279//279 285//285 284//284
f 280//280 276//276 281//281
f 280//280 281//281 285//285
f 281//281 282//282 287//287
f 281//281 287//287 286//286
f 282//282 283//283 288//288
f 282//282 288//288 287//287
f 283//283 284//284 289//289
f 283//283 289//289 288//288
f 284//284 285//285 290//290
f 284//284 290//290 289//289
f 285//285 281//281 286//286
f 285//285 286//286 290//290
f 286//286 287//287 292//292
f 286//286 292//292 291//291
f 287//287 288//288 293//293
f 287//287 293//293 292//292
f 288//288 289//289 294//294
f 288//288 294//294 293//293
f 289//289 290//290 295//295
f 289//289 295//295 294//294
f 290//290 286//286 291//291
f 290//290 291//291 295//295
f 291//291 292//292 297//297
f 291//291 297//297 296//296
f 292//292 293//293 298//298
f 292//292 298//298 297//297
f 293//293 294//294 299//299
f 293//293 299//299 298//298
f 294//294 295//295 300//300
f 294//294 300//300 299//299
f 295//295 291//291 296//296
f 295//295 296//296 300//300
f 296//296 297//297 302//302
f 296//296 302//302 301//301
f 297//297 298//298 303//303
f 297//297 303//303 302//302
f 298//298 299//299 304//304
f 298//298 304//304 303//303
f 299//299 300//300 305//305
f 299//299 305//305 304//304
f 300//300 296//296 301//301
f 300//300 301//301 305//305
f 301//301 302//302 307//307
f 301//301 307//307 306//306
f 302//302 303//303 308//308
f 302//302 308//308 307//307
f 303//303 304//304 309//309
f 303//303 309//309 308//308
f 304//304 305//305 310//310
f 304//304 310//310 309//309
f 305//305 301//301 306//306
f 305//305 306//306 310//310
f 306//306 307//307 312//312
f 306//306 312//312 311//311
f 307//307 308//308 313//313
f 307//307 313//313 312//312
f 308//308 309//309 314//314
f 308//308 314//314 313//313
f 309//309 310//310 315//315
f 309//309 315//315 314//314
f 310//310 306//306 311//311
f 310//310 311//311 315//315
f 311//311 312//312 317//317
f 311//311 317//317 316//316
f 312//312 313//313 318//318
f 312//312 318//318 317//317
f 313//313 314//314 319//319
f 313//313 319//319 318//318
f 314//314 315//315 320//320
f 314//314 320//320 319//319
f 315//315 311//311 316//316
f 315//315 316//316 320//320
f 316//316 317//317 322//322
f 316//316 322//322 321//321
f 317//317 318//318 323//323
f 317//317 323//323 322//322
f 318//318 319//319 324//324
f 318//318 324//324 323//323
f 319//319 320//320 325//325
f 319//319 325//325 324//324
f 320//320 316//316 321//321
f 320//320 321//321 325//325
f 321//321 322//322 327//327
f 321//321 327//327 326//326
f 322//322 323//323 328//328
f 322//322 328//328 327//327
f 323//323 324//324 329//329
f 323//323 329//329 328//328
f 324//324 325//325 330//330
f 324//324 330//330 329//329
f 325//325 321//321 326//326
f 325//325 326//326 330//330
f 326//326 327//327 332//332
f 326//326 332//332 331//331
f 327//327 328//328 333//333
f 327//327 333//333 332//332
f 328//328 329//329 334//334
f 328//328 334//334 333//333
f 329//329 330//330 335//335
f 329//329 335//335 334//334
f 330//330 326//326 331//331
f 330//330 331//331 335//335
f 338//338 337//337 336//336
f 339//339 338//338 336//336
f 340//340 339//339 336//336
f 341//341 342//342 343//343
f 341//341 343//343 344//344
f 341//341 344//344 345//345
f 346//346 347//347 352//352
f 346//346 352//352 351//351
f 347//347 348//348 353//353
f 347//347 353//353 352//352
f 348//348 349//349 354//354
f 348//348 354//354 353//353
f 349//349 350//350 355//355
f 349//349 355//355 354//354
f 350//350 346//346 351//351
f 350//350 351//351 355//355
f 351//351 352//352 357//357
f 351//351 357//357 356//356
f 352//352 353//353 358//358
f 352//352 358//358 357//357
f 353//353 354//354 359//359
f 353//353 359//359 358//358
f 354//354 355//355 360//360
f 354//354 360//360 359//359
f 355//355 351//351 356//356
f 355//355 356//356 360//360
f 356//356 357//357 362//362
f 356//356 362//362 361//361
f 357//357 358//358 363//363
f 357//357 363//363 362//362
f 358//358 359//359 364//364
f 358//358 364//364 363//363
f 359//359 360//360 365//365
f 359//359 365//365 364//364
f 360//360 356//356 361//361
f 360//360 361//361 365//365
f 361//361 362//362 367//367
f 361//361 367//367 366//366
f 362//362 363//363 368//368
f 362//362 368//368 367//367
f 363//363 364//364 369//369
f 363//363 369//369 368//368
f 364//364 365//365 370//370
f 364//364 370//370 369//369
f 365//365 361//361 366//366
f 365//365 366//366 370//370
f 366//366 367//367 372//372
f 366//366 372//372 371//371
f 367//367 368//368 373//373
f 367//367 373//373 372//372
f 368//368 369//369 374//374
f 368//368 374//374 373//373
f 369//369 370//370 375//375
f 369//369 375//375 374//374
f 370//370 366//366 371//371
f 370//370 371//371 375//375
f 371//371 372//372 377//377
f 371//371 377//377 376//376
f 372//372 373//373 378//378
f 372//372 378//378 377//377
f 373//373 374//374 379//379
f 373//373 379//379 378//378
f 374//374 375//375 380//380
f 374//374 380//380 379//379
f 375//375 371//371 376//376
f 375//375 376//376 380//380
f 376//376 377//377 382//382
f 376//376 382//382 381//381
f 377//377 378//378 383//383
f 377//377 383//383 382//382
f 378//378 379//379 384//384
f 378//378 384//384 383//383
f 379//379 380//380 385//385
f 379//379 385//385 384//384
f 380//380 376//376 381//381
f 380//380 381//381 385//385
f 381//381 382//382 387//387
f 381//381 387//387 386//386
f 382//382 383//383 388//388
f 382//382 388//388 387//387
f 383//383 384//384 389//389
f 383//383 389//389 388//388
f 384//384 385//385 390//390
f 384//384 390//390 389//389
f 385//385 381//381 386//386
f 385//385 386//386 390//390
f 386//386 387//387 392//392
f 386//386 392//392 391//391
f 387//387 388//388 393//393
f 387//387 393//393 392//392
f 388//388 389//389 394//394
f 388//388 394//394 393//393
f 389//389 390//390 395//395
f 389//389 395//395 394//394
f 390//390 386//386 391//391
f 390//390 391//391 395//395
f 391//391 392//392 397//397
f 391//391 397//397 396//396
f 392//392 393//393 398//398
f 392//392 398//398 397//397
f 393//393 394//394 399//399
f 393//393 399//399 398//398
f 394//394 395//395 400//400
f 394//394 400//400 399//399
f 395//395 391//391 396//396
f 395//395 396//396 400//400
f 396//396 397//397 402//402
f 396//396 402//402 401//401
f 397//397 398//398 403//403
f 397//397 403//403 402//402
f 398//398 399//399 404//404
f 398//398 404//404 403//403
f 399//399 400//400 405//405
f 399//399 405//405 404//404
f 400//400 396//396 401//401
f 400//400 401//401 405//405
f 401//401 402//402 407//407
f 401//401 407//407 406//406
f 402//402 403//403 408//408
f 402//402 408//408 407//407
f 403//403 404//404 409//409
f 403//403 409//409 408//408
f 404//404 405//405 410//410
f 404//404 410//410 409//409
f 405//405 401//401 406//406
f 405//405 406//406 410//410
f 406//406 407//407 412//412
f 406//406 412//412 411//411
f 407//407 408//408 413//413
f 407//407 413//413 412//412
f 408//408 409//409 414//414
f 408//408 414//414 413//413
f 409//409 410//410 415//415
f 409//409 415//415 414//414
f 410//410 406//406 411//411
f 410//410 411//411 415//415
f 418//418 417//417 416//416
f 419//419 418//418 416//416
f 420//420 419//419 416//416
f 421//421 422//422 423//423
f 421//421 423//423 424//424
f 421//421 424//424 425//425
f 426//426 427//427 432//432
f 426//426 432//432 431//431
f 427//427 428//428 433//433
f 427//427 433//433 432//432
f 428//428 429//429 434//434
f 428//428 434//434 433//433
f 429//429 430//430 435//435
f 429//429 435//435 434//434
f 430//430 426//426 431//431
f 430//430 431//431 435//435
f 431//431 432//432 437//437
f 431//431 437//437 436//436
f 432//432 433//433 438//438
f 432//432 438//438 437//437
f 433//433 434//434 439//439
f 433//433 439//439 438//438
f 434//434 435//435 440//440
f 434//434 440//440 439//439
f 435//435 431//431 436//436
f 435//435 436//436 440//440
f 436//436 437//437 442//442
f 436//436 442//442 441//441
f 437//437 438//438 443//443
f 437//437 443//443 442//442
f 438//438 439//439 444//444
f 438//438 444//444 443//443
f 439//439 440//440 445//445
f 439//439 445//445 444//444
f 440//440 436//436 441//441
f 440//440 441//441 445//445
f 441//441 442//442 447//447
f 441//441 447//447 446//446
f 442//442 443//443 448//448
f 442//442 448//448 447//447
f 443//443 444//444 449//449
f 443//443 449//449 448//448
f 444//444 445//445 450//450
f 444//444 450//450 449//449
f 445//445 441//441 446//446
f 445//445 446//446 450//450
f 446//446 447//447 452//452
f 446//446 452//452 451//451
f 447//447 448//448 453//453
f 447//447 453//453 452//452
f 448//448 449//449 454//454
f 448//448 454//454 453//453
f 449//449 450//450 455//455
f 449//449 455//455 454//454
f 450//450 446//446 451//451
f 450//450 451//451 455//455
f 451//451 452//452 457//457
f 451//451 457//457 456//456
f 452//452 453//453 458//458
f 452//452 458//458 457//457
f 453//453 454//454 459//459
f 453//453 459//459 458//458
f 454//454 455//455 460//460
f 454//454 460//460 459//459
f 455//455 451//451 456//456
f 455//455 456//456 460//460
f 456//456 457//457 462//462
f 456//456 462//462 461//461
f 457//457 458//458 463//463
f 457//457 463//463 462//462
f 458//458 459//459 464//464
f 458//458 464//464 463//463
f 459//459 460//460 465//465
f 459//459 465//465 464//464
f 460//460 456//456 461//461
f 460//460 461//461 465//465
f 461//461 462//462 467//467
f 461//461 467//467 466//466
f 462//462 463//463 468//468
f 462//462 468//468 467//467
f 463//463 464//464 469//469
f 463//463 469//469 468//468
f 464//464 465//465 470//470
f 464//464 470//470 469//469
f 465//465 461//461 466//466
f 465//465 466//466 470//470
f 466//466 467//467 472//472
f 466//466 472//472 471//471
f 467//467 468//468 473//473
f 467//467 473//473 472//472
f 468//468 469//469 474//474
f 468//468 474//474 473//473
f 469//469 470//470 475//475
f 469//469 475//475 474//474
f 470//470 466//466 471//471
f 470//470 471//471 475//475
f 471//471 472//472 477//477
f 471//471 477//477 476//476
f 472//472 473//473 478//478
f 472//472 478//478 477//477
f 473//473 474//474 479//479
f 473//473 479//479 478//478
f 474//474 475//475 480//480
f 474//474 480//480 479//479
f 475//475 471//471 476//476
f 475//475 476//476 480//480
f 476//476 477//477 482//482
f 476//476 482//482 481//481
f 477//477 478//478 483//483
f 477//477 483//483 482//482
f 478//478 479//479 484//484
f 478//478 484//484 483//483
f 479//479 480//480 485//485
f 479//479 485//485 484//484
f 480//480 476//476 481//481
f 480//480 481//481 485//485
f 481//481 482//482 487//487
f 481//481 487//487 486//486
f 482//482 483//483 488//488
f 482//482 488//488 487//487
f 483//483 484//484 489//489
f 483//483 489//489 488//488
f 484//484 485//485 490//490
f 484//484 490//490 489//489
f 485//485 481//481 486//486
f 485//485 486//486 490//490
f 486//486 487//487 492//492
f 486//486 492//492 491//491
f 487//487 488//488 493//493
f 487//487 493//493 492//492
f 488//488 489//489 494//494
f 488//488 494//494 493//493
f 489//489 490//490 495//495
f 489//489 495//495 494//494
f 490//490 486//486 491//491
f 490//490 491//491 495//495
f 498//498 497//497 496//496
f 499//499 498//498 496//496
f 500//500 499//499 496//496
f 501//501 502//502 503//503
f 501//501 503//503 504//504
f 501//501 504//504 505//505
f 506//506 507//507 512//512
f 506//506 512//512 511//511
f 507//507 508//508 513//513
f 507//507 513//513 512//512
f 508//508 509//509 514//514
f 508//508 514//514 513//513
f 509//509 510//510 515//515
f 509//509 515//515 514//514
f 510//510 506//506 511//511
f 510//510 511//511 515//515
f 511//511 512//512 517//517
f 511//511 517//517 516//516
f 512//512 513//513 518//518
f 512//512 518//518 517//517
f 513//513 514//514 519//519
f 513//513 519//519 518//518
f 514//514 515//515 520//520
f 514//514 520//520 519//519
f 515//515 511//511 516//516
f 515//515 516//516 520//520
f 516//516 517//517 522//522
f 516//516 522//522 521//521
f 517//517 518//518 523//523
f 517//517 523//523 522//522
f 518//518 519//519 524//524
f 518//518 524//524 523//523
f 519//519 520//520 525//525
f 519//519 525//525 524//524
f 520//520 516//516 521//521
f 520//520 521//521 525//525
f 521//521 522//522 527//527
f 521//521 527//527 526//526
f 522//522 523//523 528//528
f 522//522 528//528 527//527
f 523//523 524//524 529//529
f 523//523 529//529 528//528
f 524//524 525//525 530//530
f 524//524 530//530 529//529
f 525//525 521//521 526//526
f 525//525 526//526 530//530
f 526//526 527//527 532//532
f 526//526 532//532 531//531
f 527//527 528//528 533//533
f 527//527 533//533 532//532
f 528//528 529//529 534//534
f 528//528 534//534 533//533
f 529//529 530//530 535//535
f 529//529 535//535 534//534
f 530//530 526//526 531//531
f 530//530 531//531 535//535
f 531//531 532//532 537//537
f 531//531 537//537 536//536
f 532//532 533//533 538//538
f 532//532 538//538 537//537
f 533//533 534//534 539//539
f 533//533 539//539 538//538
f 534//534 535//535 540//540
f 534//534 540//540 539//539
f 535//535 531//531 536//536
f 535//535 536//536 540//540
f 536//536 537//537 542//542
f 536//536 542//542 541//541
f 537//537 538//538 543//543
f 537//537 543//543 542//542
f 538//538 539//539 544//544
f 538//538 544//544 543//543
f 539//539 540//540 545//545
f 539//539 545//545 544//544
f 540//540 536//536 541//541
f 540//540 541//541 545//545
f 541//541 542//542 547//547
f 541//541 547//547 546//546
f 542//542 543//543 548//548
f 542//542 548//548 547//547
f 543//543 544//544 549//549
f 543//543 549//549 548//548
f 544//544 545//545 550//550
f 544//544 550//550 549//549
f 545//545 541//541 546//546
f 545//545 546//546 550//550
f 546//546 547//547 552//552
f 546//546 552//552 551//551
f 547//547 548//548 553//553
f 547//547 553//553 552//552
f 548//548 549//549 554//554
f 548//548 554//554 553//553
f 549//549 550//550 555//555
f 549//549 555//555 554//554
f 550//550 546//546 551//551
f 550//550 551//551 555//555
f 551//551 552//552 557//557
f 551//551 557//557 556//556
f 552//552 553//553 558//558
f 552//552 558//558 557//557
f 553//553 554//554 559//559
f 553//553 559//559 558//558
f 554//554 555//555 560//560
f 554//554 560//560 559//559
f 555//555 551//551 556//556
f 555//555 556//556 560//560
f 556//556 557//557 562//562
f 556//556 562//562 561//561
f 557//557 558//558 563//563
f 557//557 563//563 562//562
f 558//558 559//559 564//564
f 558//558 564//564 563//563
f 559//559 560//560 565//565
f 559//559 565//565 564//564
f 560//560 556//556 561//561
f 560//560 561//561 565//565
f 561//561 562//562 567//567
f 561//561 567//567 566//566
f 562//562 563//563 568//568
f 562//562 568//568 567//567
f 563//563 564//564 569//569
f 563//563 569//569 568//568
f 564//564 565//565 570//570
f 564//564 570//570 569//569
f 565//565 561//561 566//566
f 565//565 566//566 570//570
f 566//566 567//567 572//572
f 566//566 572//572 571//571
f 567//567 568//568 573//573
f 567//567 573//573 572//572
f 568//568 569//569 574//574
f 568//568 574//574 573//573
f 569//569 570//570 575//575
f 569//569 575//575 574//574
f 570//570 566//566 571//571
f 570//570 571//571 575//575
f 578//578 577//577 576//576
f 579//579 578//578 576//576
f 580//580 579//579 576//576
f 581//581 582//582 583//583
f 581//581 583//583 584//584
f 581//581 584//584 585//585
f 586//586 587//587 592//592
f 586//586 592//592 591//591
f 587//587 588//588 593//593
f 587//587 593//593 592//592
f 588//588 589//589 594//594
f 588//588 594//594 593//593
f 589//589 590//590 595//595
f 589//589 595//595 594//594
f 590//590 586//586 591//591
f 590//590 591//591 595//595
f 591//591 592//592 597//597
f 591//591 597//597 596//596
f 592//592 593//593 598//598
f 592//592 598//598 597//597
f 593//593 594//594 599//599
f 593//593 599//599 598//598
f 594//594 595//595 600//600
f 594//594 600//600 599//599
f 595//595 591//591 596//596
f 595//595 596//596 600//600
f 596//596 597//597 602//602
f 596//596 602//602 601//601
f 597//597 598//598 603//603
f 597//597 603//603 602//602
f 598//598 599//599 604//604
f 598//598 604//604 603//603
f 599//599 600//600 605//605
f 599//599 605//605 604//604
f 600//600 596//596 601//601
f 600//600 601//601 605//605
f 601//601 602//602 607//607
f 601//601 607//607 606//606
f 602//602 603//603 608//608
f 602//602 608//608 607//607
f 603//603 604//604 609//609
f 603//603 609//609 608//608
f 604//604 605//605 610//610
f 604//604 610//610 609//609
f 605//605 601//601 606//606
f 605//605 606//606 610//610
f 606//606 607//607 612//612
f 606//606 612//612 611//611
f 607//607 608//608 613//613
f 607//607 613//613 612//612
f 608//608 609//609 614//614
f 608//608 614//614 613//613
f 609//609 610//610 615//615
f 609//609 615//615 614//614
f 610//610 606//606 611//611
f 610//610 611//611 615//615
f 611//611 612//612 617//617
f 611//611 617//617 616//616
f 612//612 613//613 618//618
f 612//612 618//618 617//617
f 613//613 614//614 619//619
f 613//613 619//619 618//618
f 614//614 615//615 620//620
f 614//614 620//620 619//619
f 615//615 611//611 616//616
f 615//615 616//616 620//620
f 616//616 617//617 622//622
f 616//616 622//622 621//621
f 617//617 618//618 623//623
f 617//617 623//623 622//622
f 618//618 619//619 624//624
f 618//618 624//624 623//623
f 619//619 620//620 625//625
f 619//619 625//625 624//624
f 620//620 616//616 621//621
f 620//620 621//621 625//625
f 621//621 622//622 627//627
f 621//621 627//627 626//626
f 622//622 623//623 628//628
f 622//622 628//628 627//627
f 623//623 624//624 629//629
f 623//623 629//629 628//628
f 624//624 625//625 630//630
f 624//624 630//630 629//629
f 625//625 621//621 626//626
f 625//625 626//626 630//630
f 626//626 627//627 632//632
f 626//626 632//632 631//631
f 627//627 628//628 633//633
f 627//627 633//633 632//632
f 628//628 629//629 634//634
f 628//628 634//634 633//633
f 629//629 630//630 635//635
f 629//629 635//635 634//634
f 630//630 626//626 631//631
f 630//630 631//631 635//635
f 631//631 632//632 637//637
f 631//631 637//637 636//636
f 632//632 633//633 638//638
f 632//632 638//638 637//637
f 633//633 634//634 639//639
f 633//633 639//639 638//638
f 634//634 635//635 640//640
f 634//634 640//640 639//639
f 635//635 631//631 636//636
f 635//635 636//636 640//640
f 636//636 637//637 642//642
f 636//636 642//642 641//641
f 637//637 638//638 643//643
f 637//637 643//643 642//642
f 638//638 639//639 644//644
f 638//638 644//644 643//643
f 639//639 640//640 645//645
f 639//639 645//645 644//644
f 640//640 636//636 641//641
f 640//640 641//641 645//645
f 641//641 642//642 647//647
f 641//641 647//647 646//646
f 642//642 643//643 648//648
f 642//642 648//648 647//647
f 643//643 644//644 649//649
f 643//643 649//649 648//648
f 644//644 645//645 650//650
f 644//644 650//650 649//649
f 645//645 641//641 646//646
f 645//645 646//646 650//650
f 646//646 647//647 652//652
f 646//646 652//652 651//651
f 647//647 648//648 653//653
f 647//647 653//653 652//652
f 648//648 649//649 654//654
f 648//648 654//654 653//653
f 649//649 650//650 655//655
f 649//649 655//655 654//654
f 650//650 646//646 651//651
f 650//650 651//651 655//655
f 658//658 657//657 656//656
f 659//659 658//658 656//656
f 660//660 659//659 656//656
f 661//661 662//662 663//663
f 661//661 663//663 664//664
f 661//661 664//664 665//665
f 666//666 667//667 672//672
f 666//666 672//672 671//671
f 667//667 668//668 673//673
f 667//667 673//673 672//672
f 668//668 669//669 674//674
f 668//668 674//674 673//673
f 669//669 670//670 675//675
f 669//669 675//675 674//674
f 670//670 666//666 671//671
f 670//670 671//671 675//675
f 671//671 672//672 677//677
f 671//671 677//677 676//676
f 672//672 673//673 678//678
f 672//672 678//678 677//677
f 673//673 674//674 679//679
f 673//673 679//679 678//678
f 674//674 675//675 680//680
f 674//674 680//680 679//679
f 675//675 671//671 676//676
f 675//675 676//676 680//680
f 676//676 677//677 682//682
f 676//676 682//682 681//681
f 677//677 678//678 683//683
f 677//677 683//683 682//682
f 678//678 679//679 684//684
f 678//678 684//684 683//683
f 679//679 680//680 685//685
f 679//679 685//685 684//684
f 680//680 676//676 681//681
f 680//680 681//681 685//685
f 681//681 682//682 687//687
f 681//681 687//687 686//686
f 682//682 683//683 688//688
f 682//682 688//688 687//687
f 683//683 684//684 689//689
f 683//683 689//689 688//688
f 684//684 685//685 690//690
f 684//684 690//690 689//689
f 685//685 681//681 686//686
f 685//685 686//686 690//690
f 686//686 687//687 692//692
f 686//686 692//692 691//691
f 687//687 688//688 693//693
f 687//687 693//693 692//692
f 688//688 689//689 694//694
f 688//688 694//694 693//693
f 689//689 690//690 695//695
f 689//689 695//695 694//694
f 690//690 686//686 691//691
f 690//690 691//691 695//695
f 691//691 692//692 697//697
f 691//691 697//697 696//696
f 692//692 693//693 698//698
f 692//692 698//698 697//697
f 693//693 694//694 699//699
f 693//693 699//699 698//698
f 694//694 695//695 700//700
f 694//694 700//700 699//699
f 695//695 691//691 696//696
f 695//695 696//696 700//700
f 696//696 697//697 702//702
f 696//696 702//702 701//701
f 697//697 698//698 703//703
f 697//697 703//703 702//702
f 698//698 699//699 704//704
f 698//698 704//704 703//703
f 699//699 700//700 705//705
f 699//699 705//705 704//704
f 700//700 696//696 701//701
f 700//700 701//701 705//705
f 701//701 702//702 707//707
f 701//701 707//707 706//706
f 702//702 703//703 708//708
f 702//702 708//708 707//707
f 703//703 704//704 709//709
f 703//703 709//709 708//708
f 704//704 705//705 710//710
f 704//704 710//710 709//709
f 705//705 701//701 706//706
f 705//705 706//706 710//710
f 706//706 707//707 712//712
f 706//706 712//712 711//711
f 707//707 708//708 713//713
f 707//707 713//713 712//712
f 708//708 709//709 714//714
f 708//708 714//714 713//713
f 709//709 710//710 715//715
f 709//709 715//715 714//714
f 710//710 706//706 711//711
f 710//710 711//711 715//715
f 711//711 712//712 717//717
f 711//711 717//717 716//716
f 712//712 713//713 718//718
f 712//712 718//718 717//717
f 713//713 714//714 719//719
f 713//713 719//719 718//718
f 714//714 715//715 720//720
f 714//714 720//720 719//719
f 715//715 711//711 716//716
f 715//715 716//716 720//720
f 716//716 717//717 722//722
f 716//716 722//722 721//721
f 717//717 718//718 723//723
f 717//717 723//723 722//722
f 718//718 719//719 724//724
f 718//718 724//724 723//723
f 719//719 720//720 725//725
f 719//719 725//725 724//724
f 720//720 716//716 721//721
f 720//720 721//721 725//725
f 721//721 722//722 727//727
f 721//721 727//727 726//726
f 722//722 723//723 728//728
f 722//722 728//728 727//727
f 723//723 724//724 729//729
f 723//723 729//729 728//728
f 724//724 725//725 730//730
f 724//724 730//730 729//729
f 725//725 721//721 726//726
f 725//725 726//726 730//730
f 726//726 727//727 732//732
f 726//726 732//732 731//731
f 727//727 728//728 733//733
f 727//727 733//733 732//732
f 728//728 729//729 734//734
f 728//728 734//734 733//733
f 729//729 730//730 735//735
f 729//729 735//735 734//734
f 730//730 726//726 731//731
f 730//730 731//731 735//735
f 738//738 737//737 736//736
f 739//739 738//738 736//736
f 740//740 739//739 736//736
f 741//741 742//742 743//743
f 741//741 743//743 744//744
f 741//741 744//744 745//745
f 746//746 747//747 752//752
f 746//746 752//752 751//751
f 747//747 748//748 753//753
f 747//747 753//753 752//752
f 748//748 749//749 754//754
f 748//748 754//754 753//753
f 749//749 750//750 755//755
f 749//749 755//755 754//754
f 750//750 746//746 751//751
f 750//750 751//751 755//755
f 751//751 752//752 757//757
f 751//751 757//757 756//756
f 752//752 753//753 758//758
f 752//752 758//758 757//757
f 753//753 754//754 759//759
f 753//753 759//759 758//758
f 754//754 755//755 760//760
f 754//754 760//760 759//759
f 755//755 751//751 756//756
f 755//755 756//756 760//760
f 756//756 757//757 762//762
f 756//756 762//762 761//761
f 757//757 758//758 763//763
f 757//757 763//763 762//762
f 758//758 759//759 764//764
f 758//758 764//764 763//763
f 759//759 760//760 765//765
f 759//759 765//765 764//764
f 760//760 756//756 761//761
f 760//760 761//761 765//765
f 761//761 762//762 767//767
f 761//761 767//767 766//766
f 762//762 763//763 768//768
f 762//762 768//768 767//767
f 763//763 764//764 769//769
f 763//763 769//769 768//768
f 764//764 765//765 770//770
f 764//764 770//770 769//769
f 765//765 761//761 766//766
f 765//765 766//766 770//770
f 766//766 767//767 772//772
f 766//766 772//772 771//771
f 767//767 768//768 773//773
f 767//767 773//773 772//772
f 768//768 769//769 774//774
f 768//768 774//774 773//773
f 769//769 770//770 775//775
f 769//769 775//775 774//774
f 770//770 766//766 771//771
f 770//770 771//771 775//775
f 771//771 772//772 777//777
f 771//771 777//777 776//776
f 772//772 773//773 778//778
f 772//772 778//778 777//777
f 773//773 774//774 779//779
f 773//773 779//779 778//778
f 774//774 775//775 780//780
f 774//774 780//780 779//779
f 775//775 771//771 776//776
f 775//775 776//776 780//780
f 776//776 777//777 782//782
f 776//776 782//782 781//781
f 777//777 778//778 783//783
f 777//777 783//783 782//782
f 778//778 779//779 784//784
f 778//778 784//784 783//783
f 779//779 780//780 785//785
f 779//779 785//785 784//784
f 780//780 776//776 781//781
f 780//780 781//781 785//785
f 781//781 782//782 787//787
f 781//781 787//787 786//786
f 782//782 783//783 788//788
f 782//782 788//788 787//787
f 783//783 784//784 789//789
f 783//783 789//789 788//788
f 784//784 785//785 790//790
f 784//784 790//790 789//789
f 785//785 781//781 786//786
f 785//785 786//786 790//790
f 786//786 787//787 792//792
f 786//786 792//792 791//791
f 787//787 788//788 793//793
f 787//787 793//793 792//792
f 788//788 789//789 794//794
f 788//788 794//794 793//793
f 789//789 790//790 795//795
f 789//789 795//795 794//794
f 790//790 786//786 791//791
f 790//790 791//791 795//795
f 791//791 792//792 797//797
f 791//791 797//797 796//796
f 792//792 793//793 798//798
f 792//792 798//798 797//797
f 793//793 794//794 799//799
f 793//793 799//799 798//798
f 794//794 795//795 800//800
f 794//794 800//800 799//799
f 795//795 791//791 796//796
f 795//795 796//796 800//800
f 796//796 797//797 802//802
f 796//796 802//802 801//801
f 797//797 798//798 803//803
f 797//797 803//803 802//802
f 798//798 799//799 804//804
f 798//798 804//804 803//803
f 799//799 800//800 805//805
f 799//799 805//805 804//804
f 800//800 796//796 801//801
f 800//800 801//801 805//805
f 801//801 802//802 807//807
f 801//801 807//807 806//806
f 802//802 803//803 808//808
f 802//802 808//808 807//807
f 803//803 804//804 809//809
f 803//803 809//809 808//808
f 804//804 805//805 810//810
f 804//804 810//810 809//809
f 805//805 801//801 806//806
f 805//805 806//806 810//810
f 806//806 807//807 812//812
f 806//806 812//812 811//811
f 807//807 808//808 813//813
f 807//807 813//813 812//812
f 808//808 809//809 814//814
f 808//808 814//814 813//813
f 809//809 810//810 815//815
f 809//809 815//815 814//814
f 810//810 806//806 811//811
f 810//810 811//811 815//815
f 818//818 817//817 816//816
f 819//819 818//818 816//816
f 820//820 819//819 816//816
f 821//821 822//822 823//823
f 821//821 823//823 824//824
f 821//821 824//824 825//825
f 826//826 827//827 832//832
f 826//826 832//832 831//831
f 827//827 828//828 833//833
f 827//827 833//833 832//832
f 828//828 829//829 834//834
f 828//828 834//834 833//833
f 829//829 830//830 835//835
f 829//829 835//835 834//834
f 830//830 826//826 831//831
f 830//830 831//831 835//835
f 831//831 832//832 837//837
f 831//831 837//837 836//836
f 832//832 833//833 838//838
f 832//832 838//838 837//837
f 833//833 834//834 839//839
f 833//833 839//839 838//838
f 834//834 835//835 840//840
f 834//834 840//840 839//839
f 835//835 831//831 836//836
f 835//835 836//836 840//840
f 836//836 837//837 842//842
f 836//836 842//842 841//841
f 837//837 838//838 843//843
f 837//837 843//843 842//842
f 838//838 839//839 844//844
f 838//838 844//844 843//843
f 839//839 840//840 845//845
f 839//839 845//845 844//844
f 840//840 836//836 841//841
f 840//840 841//841 845//845
f 841//841 842//842 847//847
f 841//841 847//847 846//846
f 842//842 843//843 848//848
f 842//842 848//848 847//847
f 843//843 844//844 849//849
f 843//843 849//849 848//848
f 844//844 845//845 850//850
f 844//844 850//850 849//849
f 845//845 841//841 846//846
f 845//845 846//846 850//850
f 846//846 847//847 852//852
f 846//846 852//852 851//851
f 847//847 848//848 853//853
f 847//847 853//853 852//852
f 848//848 849//849 854//854
f 848//848 854//854 853//853
f 849//849 850//850 855//855
f 849//849 855//855 854//854
f 850//850 846//846 851//851
f 850//850 851//851 855//855
f 851//851 852//852 857//857
f 851//851 857//857 856//856
f 852//852 853//853 858//858
f 852//852 858//858 857//857
f 853//853 854//854 859//859
f 853//853 859//859 858//858
f 854//854 855//855 860//860
f 854//854 860//860 859//859
f 855//855 851//851 856//856
f 855//855 856//856 860//860
f 856//856 857//857 862//862
f 856//856 862//862 861//861
f 857//857 858//858 863//863
f 857//857 863//863 862//862
f 858//858 859//859 864//864
f 858//858 864//864 863//863
f 859//859 860//860 865//865
f 859//859 865//865 864//864
f 860//860 856//856 861//861
f 860//860 861//861 865//865
f 861//861 862//862 867//867
f 861//861 867//867 866//866
f 862//862 863//863 868//868
f 862//862 868//868 867//867
f 863//863 864//864 869//869
f 863//863 869//869 868//868
f 864//864 865//865 870//870
f 864//864 870//870 869//869
f 865//865 861//861 866//866
f 865//865 866//866 870//870
f 866//866 867//867 872//872
f 866//866 872//872 871//871
f 867//867 868//868 873//873
f 867//867 873//873 872//872
f 868//868 869//869 874//874
f 868//868 874//874 873//873
f 869//869 870//870 875//875
f 869//869 875//875 874//874
f 870//870 866//866 871//871
f 870//870 871//871 875//875
f 871//871 872//872 877//877
f 871//871 877//877 876//876
f 872//872 873//873 878//878
f 872//872 878//878 877//877
f 873//873 874//874 879//879
f 873//873 879//879 878//878
f 874//874 875//875 880//880
f 874//874 880//880 879//879
f 875//875 871//871 876//876
f 875//875 876//876 880//880
f 876//876 877//877 882//882
f 876//876 882//882 881//881
f 877//877 878//878 883//883
f 877//877 883//883 882//882
f 878//878 879//879 884//884
f 878//878 884//884 883//883
f 879//879 880//880 885//885
f 879//879 885//885 884//884
f 880//880 876//876 881//881
f 880//880 881//881 885//885
f 881//881 882//882 887//887
f 881//881 887//887 886//886
f 882//882 883//883 888//888
f 882//882 888//888 887//887
f 883//883 884//884 889//889
f 883//883 889//889 888//888
f 884//884 885//885 890//890
f 884//884 890//890 889//889
f 885//885 881//881 886//886
f 885//885 886//886 890//890
f 886//886 887//887 892//892
f 886//886 892//892 891//891
f 887//887 888//888 893//893
f 887//887 893//893 892//892
f 888//888 889//889 894//894
f 888//888 894//894 893//893
f 889//889 890//890 895//895
f 889//889 895//895 894//894
f 890//890 886//886 891//891
f 890//890 891//891 895//895
f 898//898 897//897 896//896
f 899//899 898//898 896//896
f 900//900 899//899 896//896
f 901//901 902//902 903//903
f 901//901 903//903 904//904
f 901//901 904//904 905//905
f 906//906 907//907 917//917
f 906//906 917//917 916//916
f 907//907 908//908 918//918
f 907//907 918//918 917//917
f 908//908 909//909 919//919
f 908//908 919//919 918//918
f 909//909 910//910 920//920
f 909//909 920//920 919//919
f 910//910 911//911 921//921
f 910//910 921//921 920//920
f 911//911 912//912 922//922
f 911//911 922//922 921//921
f 912//912 913//913 923//923
f 912//912 923//923 922//922
f 913//913 914//914 924//924
f 913//913 924//924 923//923
f 914//914 915//915 925//925
f 914//914 925//925 924//924
f 915//915 906//906 916//916
f 915//915 916//916 925//925
f 906//906 908//908 907//907
f 906//906 909//909 908//908
f 906//906 910//910 909//909
f 906//906 911//911 910//910
f 906//906 912//912 911//911
f 906//906 913//913 912//912
f 906//906 914//914 913//913
f 906//906 915//915 914//914
f 916//916 917//917 918//918
f 916//916 918//918 919//919
f 916//916 919//919 920//920
f 916//916 920//920 921//921
f 916//916 921//921 922//922
f 916//916 922//922 923//923
f 916//916 923//923 924//924
f 916//916 924//924 925//925
f 926//926 927//927 937//937
f 926//926 937//937 936//936
f 927//927 928//928 938//938
f 927//927 938//938 937//937
f 928//928 929//929 939//939
f 928//928 939//939 938//938
f 929//929 930//930 940//940
f 929//929 940//940 939//939
f 930//930 931//931 941//941
f 930//930 941//941 940//940
f 931//931 932//932 942//942
f 931//931 942//942 941//941
f 932//932 933//933 943//943
f 932//932 943//943 942//942
f 933//933 934//934 944//944
f 933//933 944//944 943//943
f 934//934 935//935 945//945
f 934//934 945//945 944//944
f 935//935 926//926 936//936
f 935//935 936//936 945//945
f 926//926 928//928 927//927
f 926//926 929//929 928//928
f 926//926 930//930 929//929
f 926//926 931//931 930//930
f 926//926 932//932 931//931
f 926//926 933//933 932//932
f 926//926 934//934 933//933
f 926//926 935//935 934//934
f 936//936 937//937 938//938
f 936//936 938//938 939//939
f 936//936 939//939 940//940
f 936//936 940//940 941//941
f 936//936 941//941 942//942
f 936//936 942//942 943//943
f 936//936 943//943 944//944
f 936//936 944//944 945//945
f 946//946 947//947 957//957
f 946//946 957//957 956//956
f 947//947 948//948 958//958
f 947//947 958//958 957//957
f 948//948 949//949 959//959
f 948//948 959//959 958//958
f 949//949 950//950 960//960
f 949//949 960//960 959//959
f 950//950 951//951 961//961
f 950//950 961//961 960//960
f 951//951 952//952 962//962
f 951//951 962//962 961//961
f 952//952 953//953 963//963
f 952//952 963//963 962//962
f 953//953 954//954 964//964
f 953//953 964//964 963//963
f 954//954 955//955 965//965
f 954//954 965//965 964//964
f 955//955 946//946 956//956
f 955//955 956//956 965//965
f 946//946 948//948 947//947
f 946//946 949//949 948//948
f 946//946 950//950 949//949
f 946//946 951//951 950//950
f 946//946 952//952 951//951
f 946//946 953//953 952//952
f 946//946 954//954 953//953
f 946//946 955//955 954//954
f 956//956 957//957 958//958
f 956//956 958//958 959//959
f 956//956 959//959 960//960
f 956//956 960//960 961//961
f 956//956 961//961 962//962
f 956//956 962//962 963//963
f 956//956 963//963 964//964
f 956//956 964//964 965//965
f 966//966 967//967 977//977
f 966//966 977//977 976//976
f 967//967 968//968 978//978
f 967//967 978//978 977//977
f 968//968 969//969 979//979
f 968//968 979//979 978//978
f 969//969 970//970 980//980
f 969//969 980//980 979//979
f 970//970 971//971 981//981
f 970//970 981//981 980//980
f 971//971 972//972 982//982
f 971//971 982//982 981//981
f 972//972 973//973 983//983
f 972//972 983//983 982//982
f 973//973 974//974 984//984
f 973//973 984//984 983//983
f 974//974 975//975 985//985
f 974//974 985//985 984//984
f 975//975 966//966 976//976
f 975//975 976//976 985//985
f 966//966 968//968 967//967
f 966//966 969//969 968//968
f 966//966 970//970 969//969
f 966//966 971//971 970//970
f 966//966 972//972 971//971
f 966//966 973//973 972//972
f 966//966 974//974 973//973
f 966//966 975//975 974//974
f 976//976 977//977 978//978
f 976//976 978//978 979//979
f 976//976 979//979 980//980
f 976//976 980//980 981//981
f 976//976 981//981 982//982
f 976//976 982//982 983//983
f 976//976 983//983 984//984
f 976//976 984//984 985//985
f 986//986 987//987 997//997
f 986//986 997//997 996//996
f 987//987 988//988 998//998
f 987//987 998//998 997//997
f 988//988 989//989 999//999
f 988//988 999//999 998//998
f 989//989 990//990 1000//1000
f 989//989 1000//1000 999//999
f 990//990 991//991 1001//1001
f 990//990 1001//1001 1000//1000
f 991//991 992//992 1002//1002
f 991//991 1002//1002 1001//1001
f 992//992 993//993 1003//1003
f 992//992 1003//1003 1002//1002
f 993//993 994//994 1004//1004
f 993//993 1004//1004 1003//1003
f 994//994 995//995 1005//1005
f 994//994 1005//1005 1004//1004
f 995//995 986//986 996//996
f 995//995 996//996 1005//1005
f 986//986 988//988 987//987
f 986//986 989//989 988//988
f 986//986 990//990 989//989
f 986//986 991//991 990//990
f 986//986 992//992 991//991
f 986//986 993//993 992//992
f 986//986 994//994 993//993
f 986//986 995//995 994//994
f 996//996 997//997 998//998
f 996//996 998//998 999//999
f 996//996 999//999 1000//1000
f 996//996 1000//1000 1001//1001
f 996//996 1001//1001 1002//1002
f 996//996 1002//1002 1003//1003
f 996//996 1003//1003 1004//1004
f 996//996 1004//1004 1005//1005
f 1006//1006 1007//1007 1017//1017
f 1006//1006 1017//1017 1016//1016
f 1007//1007 1008//1008 1018//1018
f 1007//1007 1018//1018 1017//1017
f 1008//1008 1009//1009 1019//1019
f 1008//1008 1019//1019 1018//1018
f 1009//1009 1010//1010 1020//1020
f 1009//1009 1020//1020 1019//1019
f 1010//1010 1011//1011 1021//1021
f 1010//1010 1021//1021 1020//1020
f 1011//1011 1012//1012 1022//1022
f 1011//1011 1022//1022 1021//1021
f 1012//1012 1013//1013 1023//1023
f 1012//1012 1023//1023 1022//1022
f 1013//1013 1014//1014 1024//1024
f 1013//1013 1024//1024 1023//1023
f 1014//1014 1015//1015 1025//1025
f 1014//1014 1025//1025 1024//1024
f 1015//1015 1006//1006 1016//1016
f 1015//1015 1016//1016 1025//1025
f 1006//1006 1008//1008 1007//1007
f 1006//1006 1009//1009 1008//1008
f 1006//1006 1010//1010 1009//1009
f 1006//1006 1011//1011 1010//1010
f 1006//1006 1012//1012 1011//1011
f 1006//1006 1013//1013 1012//1012
f 1006//1006 1014//1014 1013//1013
f 1006//1006 1015//1015 1014//1014
f 1016//1016 1017//1017 1018//1018
f 1016//1016 1018//1018 1019//1019
f 1016//1016 1019//1019 1020//1020
f 1016//1016 1020//1020 1021//1021
f 1016//1016 1021//1021 1022//1022
f 1016//1016 1022//1022 1023//1023
f 1016//1016 1023//1023 1024//1024
f 1016//1016 1024//1024 1025//1025
f 1026//1026 1027//1027 1037//1037
f 1026//1026 1037//1037 1036//1036
f 1027//1027 1028//1028 1038//1038
f 1027//1027 1038//1038 1037//1037
f 1028//1028 1029//1029 1039//1039
f 1028//1028 1039//1039 1038//1038
f 1029//1029 1030//1030 1040//1040
f 1029//1029 1040//1040 1039//1039
f 1030//1030 1031//1031 1041//1041
f 1030//1030 1041//1041 1040//1040
f 1031//1031 1032//1032 1042//1042
f 1031//1031 1042//1042 1041//1041
f 1032//1032 1033//1033 1043//1043
f 1032//1032 1043//1043 1042//1042
f 1033//1033 1034//1034 1044//1044
f 1033//1033 1044//1044 1043//1043
f 1034//1034 1035//1035 1045//1045
f 1034//1034 1045//1045 1044//1044
f 1035//1035 1026//1026 1036//1036
f 1035//1035 1036//1036 1045//1045
f 1026//1026 1028//1028 1027//1027
f 1026//1026 1029//1029 1028//1028
f 1026//1026 1030//1030 1029//1029
f 1026//1026 1031//1031 1030//1030
f 1026//1026 1032//1032 1031//1031
f 1026//1026 1033//1033 1032//1032
f 1026//1026 1034//1034 1033//1033
f 1026//1026 1035//1035 1034//1034
f 1036//1036 1037//1037 1038//1038
f 1036//1036 1038//1038 1039//1039
f 1036//1036 1039//1039 1040//1040
f 1036//1036 1040//1040 1041//1041
f 1036//1036 1041//1041 1042//1042
f 1036//1036 1042//1042 1043//1043
f 1036//1036 1043//1043 1044//1044
f 1036//1036 1044//1044 1045//1045
f 1046//1046 1047//1047 1057//1057
f 1046//1046 1057//1057 1056//1056
f 1047//1047 1048//1048 1058//1058
f 1047//1047 1058//1058 1057//1057
f 1048//1048 1049//1049 1059//1059
f 1048//1048 1059//1059 1058//1058
f 1049//1049 1050//1050 1060//1060
f 1049//1049 1060//1060 1059//1059
f 1050//1050 1051//1051 1061//1061
f 1050//1050 1061//1061 1060//1060
f 1051//1051 1052//1052 1062//1062
f 1051//1051 1062//1062 1061//1061
f 1052//1052 1053//1053 1063//1063
f 1052//1052 1063//1063 1062//1062
f 1053//1053 1054//1054 1064//1064
f 1053//1053 1064//1064 1063//1063
f 1054//1054 1055//1055 1065//1065
f 1054//1054 1065//1065 1064//1064
f 1055//1055 1046//1046 1056//1056
f 1055//1055 1056//1056 1065//1065
f 1046//1046 1048//1048 1047//1047
f 1046//1046 1049//1049 1048//1048
f 1046//1046 1050//1050 1049//1049
f 1046//1046 1051//1051 1050//1050
f 1046//1046 1052//1052 1051//1051
f 1046//1046 1053//1053 1052//1052
f 1046//1046 1054//1054 1053//1053
f 1046//1046 1055//1055 1054//1054
f 1056//1056 1057//1057 1058//1058
f 1056//1056 1058//1058 1059//1059
f 1056//1056 1059//1059 1060//1060
f 1056//1056 1060//1060 1061//1061
f 1056//1056 1061//1061 1062//1062
f 1056//1056 1062//1062 1063//1063
f 1056//1056 1063//1063 1064//1064
f 1056//1056 1064//1064 1065//1065
f 1066//1066 1067//1067 1077//1077
f 1066//1066 1077//1077 1076//1076
f 1067//1067 1068//1068 1078//1078
f 1067//1067 1078//1078 1077//1077
f 1068//1068 1069//1069 1079//1079
f 1068//1068 1079//1079 1078//1078
f 1069//1069 1070//1070 1080//1080
f 1069//1069 1080//1080 1079//1079
f 1070//1070 1071//1071 1081//1081
f 1070//1070 1081//1081 1080//1080
f 1071//1071 1072//1072 1082//1082
f 1071//1071 1082//1082 1081//1081
f 1072//1072 1073//1073 1083//1083
f 1072//1072 1083//1083 1082//1082
f 1073//1073 1074//1074 1084//1084
f 1073//1073 1084//1084 1083//1083
f 1074//1074 1075//1075 1085//1085
f 1074//1074 1085//1085 1084//1084
f 1075//1075 1066//1066 1076//1076
f 1075//1075 1076//1076 1085//1085
f 1066//1066 1068//1068 1067//1067
f 1066//1066 1069//1069 1068//1068
f 1066//1066 1070//1070 1069//1069
f 1066//1066 1071//1071 1070//1070
f 1066//1066 1072//1072 1071//1071
f 1066//1066 1073//1073 1072//1072
f 1066//1066 1074//1074 1073//1073
f 1066//1066 1075//1075 1074//1074
f 1076//1076 1077//1077 1078//1078
f 1076//1076 1078//1078 1079//1079
f 1076//1076 1079//1079 1080//1080
f 1076//1076 1080//1080 1081//1081
f 1076//1076 1081//1081 1082//1082
f 1076//1076 1082//1082 1083//1083
f 1076//1076 1083//1083 1084//1084
f 1076//1076 1084//1084 1085//1085
f 1087//1087 1086//1086 1089//1089
f 1089//1089 1088//1088 1087//1087
f 1093//1093 1090//1090 1091//1091
f 1091//1091 1092//1092 1093//1093
f 1086//1086 1087//1087 1091//1091
f 1086//1086 1091//1091 1090//1090
f 1087//1087 1088//1088 1092//1092
f 1087//1087 1092//1092 1091//1091
f 1088//1088 1089//1089 1093//1093
f 1088//1088 1093//1093 1092//1092
f 1089//1089 1086//1086 1090//1090
f 1089//1089 1090//1090 1093//1093
f 1095//1095 1094//1094 1097//1097
f 1097//1097 1096//1096 1095//1095
f 1101//1101 1098//1098 1099//1099
f 1099//1099 1100//1100 1101//1101
f 1094//1094 1095//1095 1099//1099
f 1094//1094 1099//1099 1098//1098
f 1095//1095 1096//1096 1100//1100
f 1095//1095 1100//1100 1099//1099
f 1096//1096 1097//1097 1101//1101
f 1096//1096 1101//1101 1100//1100
f 1097//1097 1094//1094 1098//1098
f 1097//1097 1098//1098 1101//1101
f 1103//1103 1102//1102 1105//1105
f 1105//1105 1104//1104 1103//1103
f 1109//1109 1106//1106 1107//1107
f 1107//1107 1108//1108 1109//1109
f 1102//1102 1103//1103 1107//1107
f 1102//1102 1107//1107 1106//1106
f 1103//1103 1104//1104 1108//1108
f 1103//1103 1108//1108 1107//1107
f 1104//1104 1105//1105 1109//1109
f 1104//1104 1109//1109 1108//1108
f 1105//1105 1102//1102 1106//1106
f 1105//1105 1106//1106 1109//1109
f 1111//1111 1110//1110 1113//1113
f 1113//1113 1112//1112 1111//1111
f 1117//1117 1114//1114 1115//1115
f 1115//1115 1116//1116 1117//1117
f 1110//1110 1111//1111 1115//1115
f 1110//1110 1115//1115 1114//1114
f 1111//1111 1112//1112 1116//1116
f 1111//1111 1116//1116 1115//1115
f 1112//1112 1113//1113 1117//1117
f 1112//1112 1117//1117 1116//1116
f 1113//1113 1110//1110 1114//1114
f 1113//1113 1114//1114 1117//1117
